[2026-08-17T09:16:11.259968+00:00] depth collector up — 13 symbols, limit=100, cadence=300s
[2026-08-17T09:16:13.762036+00:00] cycle day=2026-08-17 ok=13/13 free=116.7GiB
[2026-08-17T09:20:05.465434+00:00] cycle day=2026-08-17 ok=13/13 free=115.5GiB
[2026-08-17T09:25:03.964579+00:00] cycle day=2026-08-17 ok=13/13 free=112.7GiB
[2026-08-17T09:30:06.394589+00:00] cycle day=2026-08-17 ok=13/13 free=113.9GiB
[2026-08-17T09:35:06.439646+00:00] cycle day=2026-08-17 ok=13/13 free=113.7GiB
[2026-08-17T09:40:03.600602+00:00] cycle day=2026-08-17 ok=13/13 free=114.0GiB
[2026-08-17T09:45:05.526263+00:00] cycle day=2026-08-17 ok=13/13 free=113.9GiB
[2026-08-17T09:50:05.416218+00:00] cycle day=2026-08-17 ok=13/13 free=113.5GiB
[2026-08-17T09:55:02.964166+00:00] cycle day=2026-08-17 ok=13/13 free=113.5GiB
[2026-08-17T10:00:07.978862+00:00] cycle day=2026-08-17 ok=13/13 free=112.6GiB
[2026-08-17T10:05:04.739787+00:00] cycle day=2026-08-17 ok=13/13 free=112.7GiB
[2026-08-17T10:10:05.268041+00:00] cycle day=2026-08-17 ok=13/13 free=111.1GiB
[2026-08-17T10:15:13.197124+00:00] cycle day=2026-08-17 ok=13/13 free=111.5GiB
[2026-08-17T10:20:07.324022+00:00] cycle day=2026-08-17 ok=13/13 free=109.1GiB
[2026-08-17T10:25:06.645598+00:00] cycle day=2026-08-17 ok=13/13 free=109.0GiB
[2026-08-17T10:30:05.156990+00:00] cycle day=2026-08-17 ok=13/13 free=108.5GiB
[2026-08-17T10:35:05.887369+00:00] cycle day=2026-08-17 ok=13/13 free=108.2GiB
[2026-08-17T10:40:05.638860+00:00] cycle day=2026-08-17 ok=13/13 free=108.2GiB
[2026-08-17T10:45:06.290192+00:00] cycle day=2026-08-17 ok=13/13 free=108.4GiB
[2026-08-17T10:50:05.668712+00:00] cycle day=2026-08-17 ok=13/13 free=108.7GiB
[2026-08-17T10:55:04.588366+00:00] cycle day=2026-08-17 ok=13/13 free=108.8GiB
[2026-08-17T11:00:15.687749+00:00] cycle day=2026-08-17 ok=13/13 free=108.5GiB
[2026-08-17T11:05:06.065857+00:00] cycle day=2026-08-17 ok=13/13 free=108.6GiB
[2026-08-17T11:10:12.676484+00:00] cycle day=2026-08-17 ok=13/13 free=108.7GiB
[2026-08-17T11:15:07.565022+00:00] cycle day=2026-08-17 ok=13/13 free=108.7GiB
[2026-08-17T11:20:02.713665+00:00] cycle day=2026-08-17 ok=13/13 free=108.6GiB
[2026-08-17T11:25:04.940502+00:00] cycle day=2026-08-17 ok=13/13 free=107.8GiB
[2026-08-17T11:30:06.484590+00:00] cycle day=2026-08-17 ok=13/13 free=108.3GiB
[2026-08-17T11:35:05.519225+00:00] cycle day=2026-08-17 ok=13/13 free=108.1GiB
[2026-08-17T11:40:03.919572+00:00] cycle day=2026-08-17 ok=13/13 free=108.3GiB
[2026-08-17T11:45:07.010720+00:00] cycle day=2026-08-17 ok=13/13 free=108.1GiB
[2026-08-17T11:50:03.077105+00:00] cycle day=2026-08-17 ok=13/13 free=108.3GiB
[2026-08-17T11:55:03.811198+00:00] cycle day=2026-08-17 ok=13/13 free=108.2GiB
[2026-08-17T12:00:10.745257+00:00] cycle day=2026-08-17 ok=13/13 free=108.2GiB
[2026-08-17T12:05:04.500014+00:00] cycle day=2026-08-17 ok=13/13 free=108.2GiB
[2026-08-17T12:10:02.925385+00:00] cycle day=2026-08-17 ok=13/13 free=108.2GiB
[2026-08-17T12:15:03.073278+00:00] cycle day=2026-08-17 ok=13/13 free=108.2GiB
[2026-08-17T12:20:05.862389+00:00] cycle day=2026-08-17 ok=13/13 free=108.2GiB
[2026-08-17T12:25:02.791241+00:00] cycle day=2026-08-17 ok=13/13 free=108.1GiB
[2026-08-17T12:30:03.712429+00:00] cycle day=2026-08-17 ok=13/13 free=108.2GiB
[2026-08-17T12:35:08.677292+00:00] cycle day=2026-08-17 ok=13/13 free=108.2GiB
[2026-08-17T12:40:07.764163+00:00] cycle day=2026-08-17 ok=13/13 free=108.2GiB
[2026-08-17T12:45:03.217328+00:00] cycle day=2026-08-17 ok=13/13 free=108.2GiB
[2026-08-17T12:50:02.685852+00:00] cycle day=2026-08-17 ok=13/13 free=108.2GiB
[2026-08-17T12:55:03.049557+00:00] cycle day=2026-08-17 ok=13/13 free=109.0GiB
[2026-08-17T13:00:03.203476+00:00] cycle day=2026-08-17 ok=13/13 free=109.0GiB
[2026-08-17T13:05:04.186970+00:00] cycle day=2026-08-17 ok=13/13 free=109.0GiB
[2026-08-17T13:10:02.982452+00:00] cycle day=2026-08-17 ok=13/13 free=109.0GiB
[2026-08-17T13:15:03.760111+00:00] cycle day=2026-08-17 ok=13/13 free=109.0GiB
[2026-08-17T13:20:07.600817+00:00] cycle day=2026-08-17 ok=13/13 free=108.9GiB
[2026-08-17T13:25:03.650191+00:00] cycle day=2026-08-17 ok=13/13 free=107.6GiB
[2026-08-17T13:30:02.951029+00:00] cycle day=2026-08-17 ok=13/13 free=108.4GiB
[2026-08-17T13:35:02.957969+00:00] cycle day=2026-08-17 ok=13/13 free=108.4GiB
[2026-08-17T13:40:04.372015+00:00] cycle day=2026-08-17 ok=13/13 free=109.4GiB
[2026-08-17T13:45:02.935594+00:00] cycle day=2026-08-17 ok=13/13 free=109.4GiB
[2026-08-17T13:50:02.826696+00:00] cycle day=2026-08-17 ok=13/13 free=109.4GiB
[2026-08-17T13:55:02.662395+00:00] cycle day=2026-08-17 ok=13/13 free=109.4GiB
[2026-08-17T14:00:03.748211+00:00] cycle day=2026-08-17 ok=13/13 free=109.4GiB
[2026-08-17T14:05:02.805527+00:00] cycle day=2026-08-17 ok=13/13 free=109.4GiB
[2026-08-17T14:10:03.616878+00:00] cycle day=2026-08-17 ok=13/13 free=109.4GiB
[2026-08-17T14:15:04.061733+00:00] cycle day=2026-08-17 ok=13/13 free=109.4GiB
[2026-08-17T14:20:03.097914+00:00] cycle day=2026-08-17 ok=13/13 free=108.7GiB
[2026-08-17T14:25:07.014750+00:00] cycle day=2026-08-17 ok=13/13 free=108.7GiB
[2026-08-17T14:30:06.970204+00:00] cycle day=2026-08-17 ok=13/13 free=108.7GiB
[2026-08-17T14:35:04.409304+00:00] cycle day=2026-08-17 ok=13/13 free=108.7GiB
[2026-08-17T14:40:02.835205+00:00] cycle day=2026-08-17 ok=13/13 free=108.7GiB
[2026-08-17T14:45:03.102589+00:00] cycle day=2026-08-17 ok=13/13 free=108.7GiB
[2026-08-17T14:50:02.978705+00:00] cycle day=2026-08-17 ok=13/13 free=108.7GiB
[2026-08-17T14:55:02.941071+00:00] cycle day=2026-08-17 ok=13/13 free=108.7GiB
[2026-08-17T15:00:03.400753+00:00] cycle day=2026-08-17 ok=13/13 free=108.7GiB
[2026-08-17T15:05:02.954206+00:00] cycle day=2026-08-17 ok=13/13 free=108.7GiB
[2026-08-17T15:10:03.048321+00:00] cycle day=2026-08-17 ok=13/13 free=108.7GiB
[2026-08-17T15:15:03.124811+00:00] cycle day=2026-08-17 ok=13/13 free=108.7GiB
[2026-08-17T15:20:03.552640+00:00] cycle day=2026-08-17 ok=13/13 free=108.7GiB
[2026-08-17T15:25:03.004355+00:00] cycle day=2026-08-17 ok=13/13 free=108.7GiB
[2026-08-17T15:30:03.683209+00:00] cycle day=2026-08-17 ok=13/13 free=108.7GiB
[2026-08-17T15:35:02.826642+00:00] cycle day=2026-08-17 ok=13/13 free=108.7GiB
[2026-08-17T15:40:03.167436+00:00] cycle day=2026-08-17 ok=13/13 free=108.7GiB
[2026-08-17T15:45:03.009821+00:00] cycle day=2026-08-17 ok=13/13 free=108.7GiB
[2026-08-17T15:50:03.021678+00:00] cycle day=2026-08-17 ok=13/13 free=108.7GiB
[2026-08-17T15:55:02.849504+00:00] cycle day=2026-08-17 ok=13/13 free=108.7GiB
[2026-08-17T16:00:04.245776+00:00] cycle day=2026-08-17 ok=13/13 free=108.7GiB
[2026-08-17T16:05:02.829758+00:00] cycle day=2026-08-17 ok=13/13 free=108.7GiB
[2026-08-17T16:10:02.991574+00:00] cycle day=2026-08-17 ok=13/13 free=108.7GiB
[2026-08-17T16:15:03.306313+00:00] cycle day=2026-08-17 ok=13/13 free=108.7GiB
[2026-08-17T16:20:03.056991+00:00] cycle day=2026-08-17 ok=13/13 free=108.7GiB
[2026-08-17T16:25:03.040186+00:00] cycle day=2026-08-17 ok=13/13 free=108.7GiB
[2026-08-17T16:30:03.164684+00:00] cycle day=2026-08-17 ok=13/13 free=108.7GiB
[2026-08-17T16:35:03.781728+00:00] cycle day=2026-08-17 ok=13/13 free=108.8GiB
[2026-08-17T16:40:02.866988+00:00] cycle day=2026-08-17 ok=13/13 free=108.7GiB
[2026-08-17T16:45:02.888231+00:00] cycle day=2026-08-17 ok=13/13 free=108.6GiB
[2026-08-17T16:50:02.973163+00:00] cycle day=2026-08-17 ok=13/13 free=107.8GiB
[2026-08-17T16:55:02.781633+00:00] cycle day=2026-08-17 ok=13/13 free=108.2GiB
[2026-08-17T17:00:03.259842+00:00] cycle day=2026-08-17 ok=13/13 free=108.7GiB
[2026-08-17T17:05:03.142785+00:00] cycle day=2026-08-17 ok=13/13 free=108.7GiB
[2026-08-17T17:10:03.052018+00:00] cycle day=2026-08-17 ok=13/13 free=108.7GiB
[2026-08-17T17:15:02.833542+00:00] cycle day=2026-08-17 ok=13/13 free=108.7GiB
[2026-08-17T17:20:03.129139+00:00] cycle day=2026-08-17 ok=13/13 free=108.7GiB
[2026-08-17T17:25:02.996110+00:00] cycle day=2026-08-17 ok=13/13 free=108.7GiB
[2026-08-17T17:30:02.934439+00:00] cycle day=2026-08-17 ok=13/13 free=108.7GiB
[2026-08-17T17:35:02.937673+00:00] cycle day=2026-08-17 ok=13/13 free=108.7GiB
[2026-08-17T17:40:03.055830+00:00] cycle day=2026-08-17 ok=13/13 free=108.7GiB
[2026-08-17T17:45:03.175137+00:00] cycle day=2026-08-17 ok=13/13 free=108.7GiB
[2026-08-17T17:50:03.129882+00:00] cycle day=2026-08-17 ok=13/13 free=108.6GiB
[2026-08-17T17:55:02.857261+00:00] cycle day=2026-08-17 ok=13/13 free=108.6GiB
[2026-08-17T18:00:04.860752+00:00] cycle day=2026-08-17 ok=13/13 free=108.6GiB
[2026-08-17T18:05:03.632085+00:00] cycle day=2026-08-17 ok=13/13 free=108.6GiB
[2026-08-17T18:10:02.791027+00:00] cycle day=2026-08-17 ok=13/13 free=108.6GiB
[2026-08-17T18:15:03.471150+00:00] cycle day=2026-08-17 ok=13/13 free=108.6GiB
[2026-08-17T18:20:03.225040+00:00] cycle day=2026-08-17 ok=13/13 free=108.6GiB
[2026-08-17T18:25:02.704762+00:00] cycle day=2026-08-17 ok=13/13 free=108.6GiB
[2026-08-17T18:30:09.819092+00:00] cycle day=2026-08-17 ok=13/13 free=108.6GiB
[2026-08-17T18:35:02.819743+00:00] cycle day=2026-08-17 ok=13/13 free=108.6GiB
[2026-08-17T18:40:03.314179+00:00] cycle day=2026-08-17 ok=13/13 free=108.6GiB
[2026-08-17T18:45:02.897350+00:00] cycle day=2026-08-17 ok=13/13 free=108.6GiB
[2026-08-17T18:50:03.269576+00:00] cycle day=2026-08-17 ok=13/13 free=108.6GiB
[2026-08-17T18:55:03.101986+00:00] cycle day=2026-08-17 ok=13/13 free=108.6GiB
[2026-08-17T19:00:03.160675+00:00] cycle day=2026-08-17 ok=13/13 free=108.6GiB
[2026-08-17T19:05:03.228513+00:00] cycle day=2026-08-17 ok=13/13 free=108.6GiB
[2026-08-17T19:10:03.704930+00:00] cycle day=2026-08-17 ok=13/13 free=108.6GiB
[2026-08-17T19:15:03.731063+00:00] cycle day=2026-08-17 ok=13/13 free=108.6GiB
[2026-08-17T19:20:03.034637+00:00] cycle day=2026-08-17 ok=13/13 free=108.6GiB
[2026-08-17T19:25:02.896399+00:00] cycle day=2026-08-17 ok=13/13 free=108.6GiB
[2026-08-17T19:30:02.940088+00:00] cycle day=2026-08-17 ok=13/13 free=108.6GiB
[2026-08-17T19:35:02.922704+00:00] cycle day=2026-08-17 ok=13/13 free=108.6GiB
[2026-08-17T19:40:02.655679+00:00] cycle day=2026-08-17 ok=13/13 free=108.8GiB
[2026-08-17T19:45:02.716941+00:00] cycle day=2026-08-17 ok=13/13 free=108.7GiB
[2026-08-17T19:50:03.022323+00:00] cycle day=2026-08-17 ok=13/13 free=108.7GiB
[2026-08-17T19:55:02.826340+00:00] cycle day=2026-08-17 ok=13/13 free=108.8GiB
[2026-08-17T20:00:03.854676+00:00] cycle day=2026-08-17 ok=13/13 free=108.8GiB
[2026-08-17T20:05:03.088989+00:00] cycle day=2026-08-17 ok=13/13 free=108.8GiB
[2026-08-17T20:10:02.795081+00:00] cycle day=2026-08-17 ok=13/13 free=108.7GiB
[2026-08-17T20:15:03.345402+00:00] cycle day=2026-08-17 ok=13/13 free=108.8GiB
[2026-08-17T20:20:02.862634+00:00] cycle day=2026-08-17 ok=13/13 free=108.7GiB
[2026-08-17T20:25:02.711092+00:00] cycle day=2026-08-17 ok=13/13 free=108.5GiB
[2026-08-17T20:30:03.974191+00:00] cycle day=2026-08-17 ok=13/13 free=108.5GiB
[2026-08-17T20:35:03.014284+00:00] cycle day=2026-08-17 ok=13/13 free=108.5GiB
[2026-08-17T20:40:03.219992+00:00] cycle day=2026-08-17 ok=13/13 free=108.5GiB
[2026-08-17T20:45:02.771425+00:00] cycle day=2026-08-17 ok=13/13 free=108.5GiB
[2026-08-17T20:50:03.511103+00:00] cycle day=2026-08-17 ok=13/13 free=108.4GiB
[2026-08-17T20:55:02.965835+00:00] cycle day=2026-08-17 ok=13/13 free=108.4GiB
[2026-08-17T21:00:04.202291+00:00] cycle day=2026-08-17 ok=13/13 free=108.4GiB
[2026-08-17T21:05:03.541232+00:00] cycle day=2026-08-17 ok=13/13 free=108.4GiB
[2026-08-17T21:10:02.971353+00:00] cycle day=2026-08-17 ok=13/13 free=108.4GiB
[2026-08-17T21:15:03.420221+00:00] cycle day=2026-08-17 ok=13/13 free=108.4GiB
[2026-08-17T21:20:03.152600+00:00] cycle day=2026-08-17 ok=13/13 free=108.4GiB
[2026-08-17T21:25:02.968005+00:00] cycle day=2026-08-17 ok=13/13 free=108.4GiB
[2026-08-17T21:30:03.162801+00:00] cycle day=2026-08-17 ok=13/13 free=108.4GiB
[2026-08-17T21:35:03.013025+00:00] cycle day=2026-08-17 ok=13/13 free=108.4GiB
[2026-08-17T21:40:03.102836+00:00] cycle day=2026-08-17 ok=13/13 free=108.4GiB
[2026-08-17T21:45:03.599961+00:00] cycle day=2026-08-17 ok=13/13 free=108.4GiB
[2026-08-17T21:50:03.169798+00:00] cycle day=2026-08-17 ok=13/13 free=108.4GiB
[2026-08-17T21:55:02.909537+00:00] cycle day=2026-08-17 ok=13/13 free=108.4GiB
[2026-08-17T22:00:03.962681+00:00] cycle day=2026-08-17 ok=13/13 free=108.4GiB
[2026-08-17T22:05:03.434379+00:00] cycle day=2026-08-17 ok=13/13 free=108.4GiB
[2026-08-17T22:10:03.522608+00:00] cycle day=2026-08-17 ok=13/13 free=108.4GiB
[2026-08-17T22:15:03.215640+00:00] cycle day=2026-08-17 ok=13/13 free=108.4GiB
[2026-08-17T22:20:02.998742+00:00] cycle day=2026-08-17 ok=13/13 free=108.4GiB
[2026-08-17T22:25:02.827638+00:00] cycle day=2026-08-17 ok=13/13 free=108.4GiB
[2026-08-17T22:30:02.955981+00:00] cycle day=2026-08-17 ok=13/13 free=108.4GiB
[2026-08-17T22:35:03.527008+00:00] cycle day=2026-08-17 ok=13/13 free=108.4GiB
[2026-08-17T22:40:03.159619+00:00] cycle day=2026-08-17 ok=13/13 free=108.4GiB
[2026-08-17T22:45:02.778660+00:00] cycle day=2026-08-17 ok=13/13 free=108.4GiB
[2026-08-17T22:50:02.981670+00:00] cycle day=2026-08-17 ok=13/13 free=108.4GiB
[2026-08-17T22:55:03.027706+00:00] cycle day=2026-08-17 ok=13/13 free=108.4GiB
[2026-08-17T23:00:04.664709+00:00] cycle day=2026-08-17 ok=13/13 free=108.4GiB
[2026-08-17T23:05:02.844870+00:00] cycle day=2026-08-17 ok=13/13 free=108.4GiB
[2026-08-17T23:10:02.912555+00:00] cycle day=2026-08-17 ok=13/13 free=108.4GiB
[2026-08-17T23:15:03.481304+00:00] cycle day=2026-08-17 ok=13/13 free=108.5GiB
[2026-08-17T23:20:03.104652+00:00] cycle day=2026-08-17 ok=13/13 free=108.4GiB
[2026-08-17T23:25:02.910959+00:00] cycle day=2026-08-17 ok=13/13 free=108.4GiB
[2026-08-17T23:30:03.662863+00:00] cycle day=2026-08-17 ok=13/13 free=108.4GiB
[2026-08-17T23:35:04.310156+00:00] cycle day=2026-08-17 ok=13/13 free=107.8GiB
[2026-08-17T23:40:02.949433+00:00] cycle day=2026-08-17 ok=13/13 free=105.9GiB
[2026-08-17T23:45:03.904864+00:00] cycle day=2026-08-17 ok=13/13 free=107.7GiB
[2026-08-17T23:50:03.130898+00:00] cycle day=2026-08-17 ok=13/13 free=107.7GiB
[2026-08-17T23:55:02.948159+00:00] cycle day=2026-08-17 ok=13/13 free=107.6GiB
[2026-08-18T00:00:00.097197+00:00] UTC rollover 2026-08-17 -> 2026-08-18
  finalized /Users/benebsworth/projects/omega/data/frozen_series/binance_depth_forward/ADAUSDT/2026-08-17.json.gz (177 snapshots, 159008 B)
  finalized /Users/benebsworth/projects/omega/data/frozen_series/binance_depth_forward/ARBUSDT/2026-08-17.json.gz (177 snapshots, 177663 B)
  finalized /Users/benebsworth/projects/omega/data/frozen_series/binance_depth_forward/AVAXUSDT/2026-08-17.json.gz (177 snapshots, 135645 B)
  finalized /Users/benebsworth/projects/omega/data/frozen_series/binance_depth_forward/BNBUSDT/2026-08-17.json.gz (177 snapshots, 151650 B)
  finalized /Users/benebsworth/projects/omega/data/frozen_series/binance_depth_forward/BTCUSDT/2026-08-17.json.gz (177 snapshots, 145046 B)
  finalized /Users/benebsworth/projects/omega/data/frozen_series/binance_depth_forward/DOTUSDT/2026-08-17.json.gz (177 snapshots, 174425 B)
  finalized /Users/benebsworth/projects/omega/data/frozen_series/binance_depth_forward/ETHUSDT/2026-08-17.json.gz (177 snapshots, 189733 B)
  finalized /Users/benebsworth/projects/omega/data/frozen_series/binance_depth_forward/LINKUSDT/2026-08-17.json.gz (177 snapshots, 189566 B)
  finalized /Users/benebsworth/projects/omega/data/frozen_series/binance_depth_forward/NEARUSDT/2026-08-17.json.gz (177 snapshots, 154636 B)
  finalized /Users/benebsworth/projects/omega/data/frozen_series/binance_depth_forward/POLUSDT/2026-08-17.json.gz (177 snapshots, 169006 B)
  finalized /Users/benebsworth/projects/omega/data/frozen_series/binance_depth_forward/SOLUSDT/2026-08-17.json.gz (177 snapshots, 198871 B)
  finalized /Users/benebsworth/projects/omega/data/frozen_series/binance_depth_forward/SUIUSDT/2026-08-17.json.gz (177 snapshots, 182179 B)
  finalized /Users/benebsworth/projects/omega/data/frozen_series/binance_depth_forward/XRPUSDT/2026-08-17.json.gz (177 snapshots, 198934 B)
[2026-08-18T00:00:07.264259+00:00] cycle day=2026-08-18 ok=13/13 free=107.7GiB
[2026-08-18T00:05:03.022700+00:00] cycle day=2026-08-18 ok=13/13 free=107.3GiB
[2026-08-18T00:10:02.806748+00:00] cycle day=2026-08-18 ok=13/13 free=107.3GiB
[2026-08-18T00:15:03.206416+00:00] cycle day=2026-08-18 ok=13/13 free=107.3GiB
[2026-08-18T00:20:03.117801+00:00] cycle day=2026-08-18 ok=13/13 free=107.3GiB
[2026-08-18T00:25:02.892415+00:00] cycle day=2026-08-18 ok=13/13 free=107.3GiB
[2026-08-18T00:30:02.852477+00:00] cycle day=2026-08-18 ok=13/13 free=107.4GiB
[2026-08-18T00:35:03.221315+00:00] cycle day=2026-08-18 ok=13/13 free=107.0GiB
[2026-08-18T00:40:03.013506+00:00] cycle day=2026-08-18 ok=13/13 free=107.0GiB
[2026-08-18T00:45:02.994219+00:00] cycle day=2026-08-18 ok=13/13 free=105.9GiB
[2026-08-18T00:50:02.856309+00:00] cycle day=2026-08-18 ok=13/13 free=105.5GiB
[2026-08-18T00:55:02.918039+00:00] cycle day=2026-08-18 ok=13/13 free=102.7GiB
[2026-08-18T01:00:03.761427+00:00] cycle day=2026-08-18 ok=13/13 free=102.5GiB
[2026-08-18T01:05:03.864335+00:00] cycle day=2026-08-18 ok=13/13 free=102.5GiB
[2026-08-18T01:10:03.122860+00:00] cycle day=2026-08-18 ok=13/13 free=102.5GiB
[2026-08-18T01:15:03.264947+00:00] cycle day=2026-08-18 ok=13/13 free=102.3GiB
[2026-08-18T01:20:02.725694+00:00] cycle day=2026-08-18 ok=13/13 free=102.2GiB
[2026-08-18T01:25:02.914320+00:00] cycle day=2026-08-18 ok=13/13 free=102.4GiB
[2026-08-18T01:30:03.011933+00:00] cycle day=2026-08-18 ok=13/13 free=102.0GiB
[2026-08-18T01:35:03.031763+00:00] cycle day=2026-08-18 ok=13/13 free=101.7GiB
[2026-08-18T01:40:02.844687+00:00] cycle day=2026-08-18 ok=13/13 free=101.4GiB
[2026-08-18T01:45:03.227507+00:00] cycle day=2026-08-18 ok=13/13 free=101.2GiB
[2026-08-18T01:50:02.931937+00:00] cycle day=2026-08-18 ok=13/13 free=101.1GiB
[2026-08-18T01:55:03.082468+00:00] cycle day=2026-08-18 ok=13/13 free=100.9GiB
[2026-08-18T02:00:03.973341+00:00] cycle day=2026-08-18 ok=13/13 free=100.9GiB
[2026-08-18T02:05:02.862656+00:00] cycle day=2026-08-18 ok=13/13 free=100.9GiB
[2026-08-18T02:10:03.321086+00:00] cycle day=2026-08-18 ok=13/13 free=100.9GiB
[2026-08-18T02:15:03.616566+00:00] cycle day=2026-08-18 ok=13/13 free=100.8GiB
[2026-08-18T02:20:03.099547+00:00] cycle day=2026-08-18 ok=13/13 free=100.8GiB
[2026-08-18T02:25:02.977658+00:00] cycle day=2026-08-18 ok=13/13 free=100.9GiB
[2026-08-18T02:30:03.247493+00:00] cycle day=2026-08-18 ok=13/13 free=100.8GiB
[2026-08-18T02:35:02.923069+00:00] cycle day=2026-08-18 ok=13/13 free=100.9GiB
[2026-08-18T02:40:02.836851+00:00] cycle day=2026-08-18 ok=13/13 free=100.0GiB
[2026-08-18T02:45:03.020777+00:00] cycle day=2026-08-18 ok=13/13 free=99.7GiB
[2026-08-18T02:50:03.090384+00:00] cycle day=2026-08-18 ok=13/13 free=100.0GiB
[2026-08-18T02:55:02.914880+00:00] cycle day=2026-08-18 ok=13/13 free=99.9GiB
[2026-08-18T03:00:03.990722+00:00] cycle day=2026-08-18 ok=13/13 free=99.9GiB
[2026-08-18T03:05:02.723984+00:00] cycle day=2026-08-18 ok=13/13 free=99.9GiB
[2026-08-18T03:10:03.128747+00:00] cycle day=2026-08-18 ok=13/13 free=99.2GiB
[2026-08-18T03:15:02.998358+00:00] cycle day=2026-08-18 ok=13/13 free=98.9GiB
[2026-08-18T03:20:02.894777+00:00] cycle day=2026-08-18 ok=13/13 free=98.9GiB
[2026-08-18T03:25:03.009261+00:00] cycle day=2026-08-18 ok=13/13 free=98.9GiB
[2026-08-18T03:30:02.823318+00:00] cycle day=2026-08-18 ok=13/13 free=98.9GiB
[2026-08-18T03:35:03.661919+00:00] cycle day=2026-08-18 ok=13/13 free=98.9GiB
[2026-08-18T03:40:03.114202+00:00] cycle day=2026-08-18 ok=13/13 free=98.9GiB
[2026-08-18T03:45:03.020363+00:00] cycle day=2026-08-18 ok=13/13 free=98.9GiB
[2026-08-18T03:50:02.957545+00:00] cycle day=2026-08-18 ok=13/13 free=98.9GiB
[2026-08-18T03:55:02.936771+00:00] cycle day=2026-08-18 ok=13/13 free=98.9GiB
[2026-08-18T04:00:04.922183+00:00] cycle day=2026-08-18 ok=13/13 free=98.9GiB
[2026-08-18T04:05:03.649550+00:00] cycle day=2026-08-18 ok=13/13 free=98.9GiB
[2026-08-18T04:10:03.148461+00:00] cycle day=2026-08-18 ok=13/13 free=98.9GiB
[2026-08-18T04:15:03.425227+00:00] cycle day=2026-08-18 ok=13/13 free=98.9GiB
[2026-08-18T04:20:03.166541+00:00] cycle day=2026-08-18 ok=13/13 free=98.9GiB
[2026-08-18T04:25:03.150920+00:00] cycle day=2026-08-18 ok=13/13 free=98.9GiB
[2026-08-18T04:30:05.567305+00:00] cycle day=2026-08-18 ok=13/13 free=98.3GiB
[2026-08-18T04:35:02.828156+00:00] cycle day=2026-08-18 ok=13/13 free=98.9GiB
[2026-08-18T04:40:03.058513+00:00] cycle day=2026-08-18 ok=13/13 free=98.9GiB
[2026-08-18T04:45:03.291515+00:00] cycle day=2026-08-18 ok=13/13 free=98.9GiB
[2026-08-18T04:50:03.129172+00:00] cycle day=2026-08-18 ok=13/13 free=98.6GiB
[2026-08-18T04:55:02.736228+00:00] cycle day=2026-08-18 ok=13/13 free=99.3GiB
[2026-08-18T05:00:03.740133+00:00] cycle day=2026-08-18 ok=13/13 free=99.4GiB
[2026-08-18T05:05:02.935193+00:00] cycle day=2026-08-18 ok=13/13 free=97.8GiB
[2026-08-18T05:10:02.912862+00:00] cycle day=2026-08-18 ok=13/13 free=93.3GiB
[2026-08-18T05:15:03.917041+00:00] cycle day=2026-08-18 ok=13/13 free=91.7GiB
[2026-08-18T05:20:03.273053+00:00] cycle day=2026-08-18 ok=13/13 free=91.6GiB
[2026-08-18T05:25:03.376605+00:00] cycle day=2026-08-18 ok=13/13 free=91.1GiB
[2026-08-18T05:30:03.077587+00:00] cycle day=2026-08-18 ok=13/13 free=91.0GiB
[2026-08-18T05:35:06.657238+00:00] cycle day=2026-08-18 ok=13/13 free=89.8GiB
[2026-08-18T05:40:03.550153+00:00] cycle day=2026-08-18 ok=13/13 free=89.2GiB
[2026-08-18T05:45:02.892413+00:00] cycle day=2026-08-18 ok=13/13 free=88.0GiB
[2026-08-18T05:50:04.423003+00:00] cycle day=2026-08-18 ok=13/13 free=86.2GiB
[2026-08-18T05:55:03.421038+00:00] cycle day=2026-08-18 ok=13/13 free=84.5GiB
[2026-08-18T06:00:04.586081+00:00] cycle day=2026-08-18 ok=13/13 free=84.4GiB
[2026-08-18T06:05:12.759459+00:00] cycle day=2026-08-18 ok=13/13 free=83.3GiB
[2026-08-18T06:10:04.182357+00:00] cycle day=2026-08-18 ok=13/13 free=80.0GiB
[2026-08-18T06:15:03.691421+00:00] cycle day=2026-08-18 ok=13/13 free=79.7GiB
[2026-08-18T06:20:05.415990+00:00] cycle day=2026-08-18 ok=13/13 free=81.0GiB
[2026-08-18T06:25:02.641615+00:00] cycle day=2026-08-18 ok=13/13 free=80.8GiB
[2026-08-18T06:30:03.148321+00:00] cycle day=2026-08-18 ok=13/13 free=80.5GiB
[2026-08-18T06:35:02.984757+00:00] cycle day=2026-08-18 ok=13/13 free=82.8GiB
[2026-08-18T06:40:02.727069+00:00] cycle day=2026-08-18 ok=13/13 free=82.8GiB
[2026-08-18T06:45:03.029373+00:00] cycle day=2026-08-18 ok=13/13 free=82.8GiB
[2026-08-18T06:50:02.988645+00:00] cycle day=2026-08-18 ok=13/13 free=82.2GiB
[2026-08-18T06:55:08.579913+00:00] cycle day=2026-08-18 ok=13/13 free=82.2GiB
[2026-08-18T07:00:03.828269+00:00] cycle day=2026-08-18 ok=13/13 free=82.2GiB
[2026-08-18T07:05:03.322971+00:00] cycle day=2026-08-18 ok=13/13 free=82.2GiB
[2026-08-18T07:10:02.977271+00:00] cycle day=2026-08-18 ok=13/13 free=82.2GiB
[2026-08-18T07:15:03.609285+00:00] cycle day=2026-08-18 ok=13/13 free=82.3GiB
[2026-08-18T07:20:03.100706+00:00] cycle day=2026-08-18 ok=13/13 free=82.2GiB
[2026-08-18T07:25:03.361728+00:00] cycle day=2026-08-18 ok=13/13 free=82.2GiB
[2026-08-18T07:30:06.060816+00:00] cycle day=2026-08-18 ok=13/13 free=79.4GiB
[2026-08-18T07:35:03.996817+00:00] cycle day=2026-08-18 ok=13/13 free=70.5GiB
[2026-08-18T07:40:02.783619+00:00] cycle day=2026-08-18 ok=13/13 free=70.5GiB
[2026-08-18T07:45:04.839565+00:00] cycle day=2026-08-18 ok=13/13 free=70.4GiB
[2026-08-18T07:50:02.797236+00:00] cycle day=2026-08-18 ok=13/13 free=71.2GiB
[2026-08-18T07:55:02.635585+00:00] cycle day=2026-08-18 ok=13/13 free=71.2GiB
[2026-08-18T08:00:03.939318+00:00] cycle day=2026-08-18 ok=13/13 free=71.1GiB
[2026-08-18T08:05:02.795714+00:00] cycle day=2026-08-18 ok=13/13 free=71.1GiB
[2026-08-18T08:10:03.003607+00:00] cycle day=2026-08-18 ok=13/13 free=71.0GiB
[2026-08-18T08:15:03.395569+00:00] cycle day=2026-08-18 ok=13/13 free=70.6GiB
[2026-08-18T08:20:02.812937+00:00] cycle day=2026-08-18 ok=13/13 free=70.6GiB
[2026-08-18T08:25:02.768885+00:00] cycle day=2026-08-18 ok=13/13 free=70.6GiB
[2026-08-18T08:30:03.186240+00:00] cycle day=2026-08-18 ok=13/13 free=69.4GiB
[2026-08-18T08:35:02.821968+00:00] cycle day=2026-08-18 ok=13/13 free=69.4GiB
[2026-08-18T08:40:02.911025+00:00] cycle day=2026-08-18 ok=13/13 free=69.4GiB
[2026-08-18T08:45:03.177140+00:00] cycle day=2026-08-18 ok=13/13 free=69.4GiB
[2026-08-18T08:50:02.878377+00:00] cycle day=2026-08-18 ok=13/13 free=69.3GiB
[2026-08-18T08:55:02.867526+00:00] cycle day=2026-08-18 ok=13/13 free=69.3GiB
[2026-08-18T09:00:04.716311+00:00] cycle day=2026-08-18 ok=13/13 free=69.3GiB
[2026-08-18T09:05:02.883613+00:00] cycle day=2026-08-18 ok=13/13 free=69.3GiB
[2026-08-18T09:10:03.266057+00:00] cycle day=2026-08-18 ok=13/13 free=69.3GiB
[2026-08-18T09:15:03.311492+00:00] cycle day=2026-08-18 ok=13/13 free=69.2GiB
[2026-08-18T09:20:03.335102+00:00] cycle day=2026-08-18 ok=13/13 free=69.3GiB
[2026-08-18T09:25:02.878169+00:00] cycle day=2026-08-18 ok=13/13 free=69.3GiB
[2026-08-18T09:30:02.885070+00:00] cycle day=2026-08-18 ok=13/13 free=69.2GiB
[2026-08-18T09:35:02.644052+00:00] cycle day=2026-08-18 ok=13/13 free=69.2GiB
[2026-08-18T09:40:02.946414+00:00] cycle day=2026-08-18 ok=13/13 free=69.2GiB
[2026-08-18T09:45:03.031622+00:00] cycle day=2026-08-18 ok=13/13 free=69.2GiB
[2026-08-18T09:50:03.041280+00:00] cycle day=2026-08-18 ok=13/13 free=69.2GiB
[2026-08-18T09:55:02.960043+00:00] cycle day=2026-08-18 ok=13/13 free=69.2GiB
[2026-08-18T10:00:03.773410+00:00] cycle day=2026-08-18 ok=13/13 free=69.2GiB
[2026-08-18T10:05:03.068364+00:00] cycle day=2026-08-18 ok=13/13 free=69.2GiB
[2026-08-18T10:10:03.020252+00:00] cycle day=2026-08-18 ok=13/13 free=69.2GiB
[2026-08-18T10:15:04.161306+00:00] cycle day=2026-08-18 ok=13/13 free=69.2GiB
[2026-08-18T10:20:03.128775+00:00] cycle day=2026-08-18 ok=13/13 free=69.2GiB
[2026-08-18T10:25:02.998585+00:00] cycle day=2026-08-18 ok=13/13 free=69.2GiB
[2026-08-18T10:30:02.974760+00:00] cycle day=2026-08-18 ok=13/13 free=69.2GiB
[2026-08-18T10:35:03.045569+00:00] cycle day=2026-08-18 ok=13/13 free=69.2GiB
[2026-08-18T10:40:03.189902+00:00] cycle day=2026-08-18 ok=13/13 free=69.2GiB
[2026-08-18T10:45:03.085862+00:00] cycle day=2026-08-18 ok=13/13 free=69.2GiB
[2026-08-18T10:50:03.008112+00:00] cycle day=2026-08-18 ok=13/13 free=69.2GiB
[2026-08-18T10:55:02.850455+00:00] cycle day=2026-08-18 ok=13/13 free=69.2GiB
[2026-08-18T11:00:06.396930+00:00] cycle day=2026-08-18 ok=13/13 free=69.1GiB
[2026-08-18T11:05:05.812640+00:00] cycle day=2026-08-18 ok=13/13 free=69.1GiB
[2026-08-18T11:10:03.401754+00:00] cycle day=2026-08-18 ok=13/13 free=68.9GiB
[2026-08-18T11:15:03.245457+00:00] cycle day=2026-08-18 ok=13/13 free=68.6GiB
[2026-08-18T11:20:03.449207+00:00] cycle day=2026-08-18 ok=13/13 free=68.3GiB
[2026-08-18T11:25:02.791653+00:00] cycle day=2026-08-18 ok=13/13 free=68.2GiB
[2026-08-18T11:30:03.091952+00:00] cycle day=2026-08-18 ok=13/13 free=68.0GiB
[2026-08-18T11:35:03.095346+00:00] cycle day=2026-08-18 ok=13/13 free=67.9GiB
[2026-08-18T11:40:02.902793+00:00] cycle day=2026-08-18 ok=13/13 free=67.9GiB
[2026-08-18T11:45:02.929501+00:00] cycle day=2026-08-18 ok=13/13 free=66.9GiB
[2026-08-18T11:50:02.857882+00:00] cycle day=2026-08-18 ok=13/13 free=67.9GiB
[2026-08-18T11:55:02.785995+00:00] cycle day=2026-08-18 ok=13/13 free=67.4GiB
[2026-08-18T12:00:03.351223+00:00] cycle day=2026-08-18 ok=13/13 free=66.2GiB
[2026-08-18T12:05:03.205417+00:00] cycle day=2026-08-18 ok=13/13 free=67.4GiB
[2026-08-18T12:10:06.070618+00:00] cycle day=2026-08-18 ok=13/13 free=67.1GiB
[2026-08-18T12:15:02.836828+00:00] cycle day=2026-08-18 ok=13/13 free=67.3GiB
[2026-08-18T12:20:03.682108+00:00] cycle day=2026-08-18 ok=13/13 free=67.3GiB
[2026-08-18T12:25:02.801471+00:00] cycle day=2026-08-18 ok=13/13 free=67.0GiB
[2026-08-18T12:30:10.845893+00:00] cycle day=2026-08-18 ok=13/13 free=67.2GiB
[2026-08-18T12:35:19.444113+00:00] cycle day=2026-08-18 ok=13/13 free=61.4GiB
[2026-08-18T12:40:02.720871+00:00] cycle day=2026-08-18 ok=13/13 free=51.8GiB
[2026-08-18T12:45:02.899256+00:00] cycle day=2026-08-18 ok=13/13 free=51.9GiB
[2026-08-18T12:50:02.654427+00:00] cycle day=2026-08-18 ok=13/13 free=50.8GiB
[2026-08-18T12:55:03.156199+00:00] cycle day=2026-08-18 ok=13/13 free=51.8GiB
[2026-08-18T13:00:04.443715+00:00] cycle day=2026-08-18 ok=13/13 free=51.8GiB
[2026-08-18T13:05:03.190453+00:00] cycle day=2026-08-18 ok=13/13 free=51.9GiB
[2026-08-18T13:10:04.239961+00:00] cycle day=2026-08-18 ok=13/13 free=51.9GiB
[2026-08-18T13:15:02.808708+00:00] cycle day=2026-08-18 ok=13/13 free=51.0GiB
[2026-08-18T13:20:04.311989+00:00] cycle day=2026-08-18 ok=13/13 free=51.7GiB
[2026-08-18T13:25:08.833648+00:00] cycle day=2026-08-18 ok=13/13 free=51.9GiB
[2026-08-18T13:30:03.675790+00:00] cycle day=2026-08-18 ok=13/13 free=51.9GiB
[2026-08-18T13:35:05.097828+00:00] cycle day=2026-08-18 ok=13/13 free=51.8GiB
[2026-08-18T13:40:06.599549+00:00] cycle day=2026-08-18 ok=13/13 free=51.8GiB
[2026-08-18T13:45:05.978176+00:00] cycle day=2026-08-18 ok=13/13 free=51.8GiB
[2026-08-18T13:50:03.879061+00:00] cycle day=2026-08-18 ok=13/13 free=51.8GiB
[2026-08-18T13:55:03.900068+00:00] cycle day=2026-08-18 ok=13/13 free=51.7GiB
[2026-08-18T14:00:07.124672+00:00] cycle day=2026-08-18 ok=13/13 free=51.7GiB
[2026-08-18T14:05:05.032536+00:00] cycle day=2026-08-18 ok=13/13 free=51.7GiB
[2026-08-18T14:10:06.336328+00:00] cycle day=2026-08-18 ok=13/13 free=51.7GiB
[2026-08-18T14:15:04.101338+00:00] cycle day=2026-08-18 ok=13/13 free=51.6GiB
[2026-08-18T14:20:11.621278+00:00] cycle day=2026-08-18 ok=13/13 free=51.6GiB
[2026-08-18T14:25:05.184987+00:00] cycle day=2026-08-18 ok=13/13 free=51.5GiB
[2026-08-18T14:30:05.770405+00:00] cycle day=2026-08-18 ok=13/13 free=51.5GiB
[2026-08-18T14:35:11.812206+00:00] cycle day=2026-08-18 ok=13/13 free=51.5GiB
[2026-08-18T14:40:02.914773+00:00] cycle day=2026-08-18 ok=13/13 free=51.5GiB
[2026-08-18T14:45:03.223525+00:00] cycle day=2026-08-18 ok=13/13 free=51.5GiB
[2026-08-18T14:50:03.206781+00:00] cycle day=2026-08-18 ok=13/13 free=51.5GiB
[2026-08-18T14:55:02.842577+00:00] cycle day=2026-08-18 ok=13/13 free=51.5GiB
[2026-08-18T15:00:04.048011+00:00] cycle day=2026-08-18 ok=13/13 free=51.5GiB
[2026-08-18T15:05:03.102236+00:00] cycle day=2026-08-18 ok=13/13 free=51.5GiB
[2026-08-18T15:10:02.950082+00:00] cycle day=2026-08-18 ok=13/13 free=51.5GiB
[2026-08-18T15:15:03.166682+00:00] cycle day=2026-08-18 ok=13/13 free=51.5GiB
[2026-08-18T15:20:03.314019+00:00] cycle day=2026-08-18 ok=13/13 free=51.5GiB
[2026-08-18T15:25:02.843505+00:00] cycle day=2026-08-18 ok=13/13 free=51.5GiB
[2026-08-18T15:30:03.078772+00:00] cycle day=2026-08-18 ok=13/13 free=51.5GiB
[2026-08-18T15:35:03.406927+00:00] cycle day=2026-08-18 ok=13/13 free=51.5GiB
[2026-08-18T15:40:02.943077+00:00] cycle day=2026-08-18 ok=13/13 free=51.5GiB
[2026-08-18T15:45:03.564605+00:00] cycle day=2026-08-18 ok=13/13 free=51.5GiB
[2026-08-18T15:50:02.940370+00:00] cycle day=2026-08-18 ok=13/13 free=51.5GiB
[2026-08-18T15:55:03.219224+00:00] cycle day=2026-08-18 ok=13/13 free=51.5GiB
[2026-08-18T16:00:04.557770+00:00] cycle day=2026-08-18 ok=13/13 free=51.5GiB
[2026-08-18T16:05:03.189917+00:00] cycle day=2026-08-18 ok=13/13 free=51.5GiB
[2026-08-18T16:10:03.081178+00:00] cycle day=2026-08-18 ok=13/13 free=51.5GiB
[2026-08-18T16:15:02.979393+00:00] cycle day=2026-08-18 ok=13/13 free=51.5GiB
[2026-08-18T16:20:03.140923+00:00] cycle day=2026-08-18 ok=13/13 free=51.5GiB
[2026-08-18T16:25:02.900604+00:00] cycle day=2026-08-18 ok=13/13 free=51.5GiB
[2026-08-18T16:30:03.282646+00:00] cycle day=2026-08-18 ok=13/13 free=51.5GiB
[2026-08-18T16:35:03.084220+00:00] cycle day=2026-08-18 ok=13/13 free=51.5GiB
[2026-08-18T16:40:02.854410+00:00] cycle day=2026-08-18 ok=13/13 free=51.5GiB
[2026-08-18T16:45:03.059059+00:00] cycle day=2026-08-18 ok=13/13 free=50.5GiB
[2026-08-18T16:50:02.975609+00:00] cycle day=2026-08-18 ok=13/13 free=51.4GiB
[2026-08-18T16:55:02.802423+00:00] cycle day=2026-08-18 ok=13/13 free=51.5GiB
[2026-08-18T17:00:04.845256+00:00] cycle day=2026-08-18 ok=13/13 free=51.4GiB
[2026-08-18T17:05:02.869838+00:00] cycle day=2026-08-18 ok=13/13 free=51.7GiB
[2026-08-18T17:10:02.984883+00:00] cycle day=2026-08-18 ok=13/13 free=51.4GiB
[2026-08-18T17:15:03.271968+00:00] cycle day=2026-08-18 ok=13/13 free=51.4GiB
[2026-08-18T17:20:02.895527+00:00] cycle day=2026-08-18 ok=13/13 free=51.4GiB
[2026-08-18T17:25:03.244920+00:00] cycle day=2026-08-18 ok=13/13 free=51.4GiB
[2026-08-18T17:30:02.940375+00:00] cycle day=2026-08-18 ok=13/13 free=51.4GiB
[2026-08-18T17:35:03.298958+00:00] cycle day=2026-08-18 ok=13/13 free=51.4GiB
[2026-08-18T17:40:03.030174+00:00] cycle day=2026-08-18 ok=13/13 free=53.2GiB
[2026-08-18T17:45:03.448945+00:00] cycle day=2026-08-18 ok=13/13 free=53.2GiB
[2026-08-18T17:50:02.856956+00:00] cycle day=2026-08-18 ok=13/13 free=53.2GiB
[2026-08-18T17:55:02.612968+00:00] cycle day=2026-08-18 ok=13/13 free=53.2GiB
[2026-08-18T18:00:03.786344+00:00] cycle day=2026-08-18 ok=13/13 free=52.4GiB
[2026-08-18T18:05:03.117077+00:00] cycle day=2026-08-18 ok=13/13 free=52.4GiB
[2026-08-18T18:10:03.608648+00:00] cycle day=2026-08-18 ok=13/13 free=52.4GiB
[2026-08-18T18:15:02.976360+00:00] cycle day=2026-08-18 ok=13/13 free=52.4GiB
[2026-08-18T18:20:03.269149+00:00] cycle day=2026-08-18 ok=13/13 free=52.4GiB
[2026-08-18T18:25:02.745183+00:00] cycle day=2026-08-18 ok=13/13 free=52.4GiB
[2026-08-18T18:30:02.998584+00:00] cycle day=2026-08-18 ok=13/13 free=52.4GiB
[2026-08-18T18:35:02.677445+00:00] cycle day=2026-08-18 ok=13/13 free=52.4GiB
[2026-08-18T18:40:02.853167+00:00] cycle day=2026-08-18 ok=13/13 free=52.4GiB
[2026-08-18T18:45:03.304742+00:00] cycle day=2026-08-18 ok=13/13 free=52.4GiB
[2026-08-18T18:50:02.894104+00:00] cycle day=2026-08-18 ok=13/13 free=52.4GiB
[2026-08-18T18:55:03.058707+00:00] cycle day=2026-08-18 ok=13/13 free=52.4GiB
[2026-08-18T19:00:04.001556+00:00] cycle day=2026-08-18 ok=13/13 free=52.4GiB
[2026-08-18T19:05:02.773274+00:00] cycle day=2026-08-18 ok=13/13 free=52.4GiB
[2026-08-18T19:10:02.784321+00:00] cycle day=2026-08-18 ok=13/13 free=52.4GiB
[2026-08-18T19:15:02.860394+00:00] cycle day=2026-08-18 ok=13/13 free=52.4GiB
[2026-08-18T19:20:03.048601+00:00] cycle day=2026-08-18 ok=13/13 free=52.4GiB
[2026-08-18T19:25:02.884158+00:00] cycle day=2026-08-18 ok=13/13 free=52.4GiB
[2026-08-18T19:30:02.838696+00:00] cycle day=2026-08-18 ok=13/13 free=52.4GiB
[2026-08-18T19:35:04.067030+00:00] cycle day=2026-08-18 ok=13/13 free=52.4GiB
[2026-08-18T19:40:03.334139+00:00] cycle day=2026-08-18 ok=13/13 free=52.5GiB
[2026-08-18T19:45:03.213778+00:00] cycle day=2026-08-18 ok=13/13 free=52.5GiB
[2026-08-18T19:50:02.850192+00:00] cycle day=2026-08-18 ok=13/13 free=52.5GiB
[2026-08-18T19:55:03.034990+00:00] cycle day=2026-08-18 ok=13/13 free=52.5GiB
[2026-08-18T20:00:04.017270+00:00] cycle day=2026-08-18 ok=13/13 free=52.5GiB
[2026-08-18T20:05:03.181510+00:00] cycle day=2026-08-18 ok=13/13 free=52.5GiB
[2026-08-18T20:10:03.415975+00:00] cycle day=2026-08-18 ok=13/13 free=52.5GiB
[2026-08-18T20:15:03.077091+00:00] cycle day=2026-08-18 ok=13/13 free=52.5GiB
[2026-08-18T20:20:03.830171+00:00] cycle day=2026-08-18 ok=13/13 free=52.5GiB
[2026-08-18T20:25:02.884693+00:00] cycle day=2026-08-18 ok=13/13 free=52.5GiB
[2026-08-18T20:30:02.982172+00:00] cycle day=2026-08-18 ok=13/13 free=52.5GiB
[2026-08-18T20:35:03.267423+00:00] cycle day=2026-08-18 ok=13/13 free=52.5GiB
[2026-08-18T20:40:03.125280+00:00] cycle day=2026-08-18 ok=13/13 free=52.5GiB
[2026-08-18T20:45:03.166803+00:00] cycle day=2026-08-18 ok=13/13 free=52.5GiB
[2026-08-18T20:50:02.915014+00:00] cycle day=2026-08-18 ok=13/13 free=52.5GiB
[2026-08-18T20:55:02.826424+00:00] cycle day=2026-08-18 ok=13/13 free=52.5GiB
[2026-08-18T21:00:04.925990+00:00] cycle day=2026-08-18 ok=13/13 free=52.5GiB
[2026-08-18T21:05:02.841287+00:00] cycle day=2026-08-18 ok=13/13 free=52.5GiB
[2026-08-18T21:10:02.951908+00:00] cycle day=2026-08-18 ok=13/13 free=52.5GiB
[2026-08-18T21:15:04.317805+00:00] cycle day=2026-08-18 ok=13/13 free=52.5GiB
[2026-08-18T21:20:03.079083+00:00] cycle day=2026-08-18 ok=13/13 free=52.5GiB
[2026-08-18T21:25:03.191664+00:00] cycle day=2026-08-18 ok=13/13 free=52.4GiB
[2026-08-18T21:30:03.032422+00:00] cycle day=2026-08-18 ok=13/13 free=52.4GiB
[2026-08-18T21:35:02.936702+00:00] cycle day=2026-08-18 ok=13/13 free=52.4GiB
[2026-08-18T21:40:03.606674+00:00] cycle day=2026-08-18 ok=13/13 free=52.4GiB
[2026-08-18T21:45:03.075503+00:00] cycle day=2026-08-18 ok=13/13 free=52.4GiB
[2026-08-18T21:50:02.909906+00:00] cycle day=2026-08-18 ok=13/13 free=52.4GiB
[2026-08-18T21:55:02.843305+00:00] cycle day=2026-08-18 ok=13/13 free=52.4GiB
[2026-08-18T22:00:04.749598+00:00] cycle day=2026-08-18 ok=13/13 free=52.4GiB
[2026-08-18T22:05:02.860122+00:00] cycle day=2026-08-18 ok=13/13 free=52.4GiB
[2026-08-18T22:10:02.876133+00:00] cycle day=2026-08-18 ok=13/13 free=52.4GiB
[2026-08-18T22:15:03.031466+00:00] cycle day=2026-08-18 ok=13/13 free=52.4GiB
[2026-08-18T22:20:03.286141+00:00] cycle day=2026-08-18 ok=13/13 free=52.4GiB
[2026-08-18T22:25:03.019948+00:00] cycle day=2026-08-18 ok=13/13 free=52.4GiB
[2026-08-18T22:30:02.706175+00:00] cycle day=2026-08-18 ok=13/13 free=52.4GiB
[2026-08-18T22:35:02.867893+00:00] cycle day=2026-08-18 ok=13/13 free=52.4GiB
[2026-08-18T22:40:02.845629+00:00] cycle day=2026-08-18 ok=13/13 free=52.4GiB
[2026-08-18T22:45:02.886768+00:00] cycle day=2026-08-18 ok=13/13 free=52.4GiB
[2026-08-18T22:50:02.730819+00:00] cycle day=2026-08-18 ok=13/13 free=52.4GiB
[2026-08-18T22:55:02.713314+00:00] cycle day=2026-08-18 ok=13/13 free=52.4GiB
[2026-08-18T23:00:03.316899+00:00] cycle day=2026-08-18 ok=13/13 free=52.4GiB
[2026-08-18T23:05:02.997517+00:00] cycle day=2026-08-18 ok=13/13 free=52.4GiB
[2026-08-18T23:10:03.198019+00:00] cycle day=2026-08-18 ok=13/13 free=52.4GiB
[2026-08-18T23:15:03.459269+00:00] cycle day=2026-08-18 ok=13/13 free=52.4GiB
[2026-08-18T23:20:03.490371+00:00] cycle day=2026-08-18 ok=13/13 free=52.4GiB
[2026-08-18T23:25:02.984433+00:00] cycle day=2026-08-18 ok=13/13 free=52.4GiB
[2026-08-18T23:30:02.914070+00:00] cycle day=2026-08-18 ok=13/13 free=52.4GiB
[2026-08-18T23:35:03.129056+00:00] cycle day=2026-08-18 ok=13/13 free=52.4GiB
[2026-08-18T23:40:02.928349+00:00] cycle day=2026-08-18 ok=13/13 free=52.4GiB
[2026-08-18T23:45:02.826966+00:00] cycle day=2026-08-18 ok=13/13 free=52.4GiB
[2026-08-18T23:50:02.869994+00:00] cycle day=2026-08-18 ok=13/13 free=52.3GiB
[2026-08-18T23:55:02.989827+00:00] cycle day=2026-08-18 ok=13/13 free=52.2GiB
[2026-08-19T00:00:00.193599+00:00] UTC rollover 2026-08-18 -> 2026-08-19
  finalized /Users/benebsworth/projects/omega/data/frozen_series/binance_depth_forward/ADAUSDT/2026-08-18.json.gz (288 snapshots, 245321 B)
  finalized /Users/benebsworth/projects/omega/data/frozen_series/binance_depth_forward/ARBUSDT/2026-08-18.json.gz (288 snapshots, 293620 B)
  finalized /Users/benebsworth/projects/omega/data/frozen_series/binance_depth_forward/AVAXUSDT/2026-08-18.json.gz (288 snapshots, 220765 B)
  finalized /Users/benebsworth/projects/omega/data/frozen_series/binance_depth_forward/BNBUSDT/2026-08-18.json.gz (288 snapshots, 246306 B)
  finalized /Users/benebsworth/projects/omega/data/frozen_series/binance_depth_forward/BTCUSDT/2026-08-18.json.gz (288 snapshots, 233815 B)
  finalized /Users/benebsworth/projects/omega/data/frozen_series/binance_depth_forward/DOTUSDT/2026-08-18.json.gz (288 snapshots, 295539 B)
  finalized /Users/benebsworth/projects/omega/data/frozen_series/binance_depth_forward/ETHUSDT/2026-08-18.json.gz (288 snapshots, 307236 B)
  finalized /Users/benebsworth/projects/omega/data/frozen_series/binance_depth_forward/LINKUSDT/2026-08-18.json.gz (288 snapshots, 309418 B)
  finalized /Users/benebsworth/projects/omega/data/frozen_series/binance_depth_forward/NEARUSDT/2026-08-18.json.gz (288 snapshots, 249794 B)
  finalized /Users/benebsworth/projects/omega/data/frozen_series/binance_depth_forward/POLUSDT/2026-08-18.json.gz (288 snapshots, 263707 B)
  finalized /Users/benebsworth/projects/omega/data/frozen_series/binance_depth_forward/SOLUSDT/2026-08-18.json.gz (288 snapshots, 321894 B)
  finalized /Users/benebsworth/projects/omega/data/frozen_series/binance_depth_forward/SUIUSDT/2026-08-18.json.gz (288 snapshots, 315394 B)
  finalized /Users/benebsworth/projects/omega/data/frozen_series/binance_depth_forward/XRPUSDT/2026-08-18.json.gz (288 snapshots, 323203 B)
[2026-08-19T00:00:09.810481+00:00] cycle day=2026-08-19 ok=13/13 free=52.3GiB
[2026-08-19T00:05:03.222724+00:00] cycle day=2026-08-19 ok=13/13 free=51.7GiB
[2026-08-19T00:10:58.527372+00:00] cycle day=2026-08-19 ok=13/13 free=51.7GiB
[2026-08-19T00:15:23.393891+00:00] cycle day=2026-08-19 ok=13/13 free=50.2GiB
[2026-08-19T00:20:07.436399+00:00] cycle day=2026-08-19 ok=13/13 free=50.6GiB
[2026-08-19T00:25:07.832813+00:00] cycle day=2026-08-19 ok=13/13 free=50.1GiB
[2026-08-19T00:30:03.551065+00:00] cycle day=2026-08-19 ok=13/13 free=51.7GiB
[2026-08-19T00:35:13.827464+00:00] cycle day=2026-08-19 ok=13/13 free=51.7GiB
[2026-08-19T00:40:03.128606+00:00] cycle day=2026-08-19 ok=13/13 free=50.7GiB
[2026-08-19T00:45:02.903713+00:00] cycle day=2026-08-19 ok=13/13 free=51.6GiB
[2026-08-19T00:50:03.188332+00:00] cycle day=2026-08-19 ok=13/13 free=51.3GiB
[2026-08-19T00:55:09.056095+00:00] cycle day=2026-08-19 ok=13/13 free=51.4GiB
[2026-08-19T01:00:04.751782+00:00] cycle day=2026-08-19 ok=13/13 free=50.0GiB
[2026-08-19T01:05:04.233207+00:00] cycle day=2026-08-19 ok=13/13 free=49.1GiB
[2026-08-19T01:10:03.693248+00:00] cycle day=2026-08-19 ok=13/13 free=48.9GiB
[2026-08-19T01:15:03.995171+00:00] cycle day=2026-08-19 ok=13/13 free=47.7GiB
[2026-08-19T01:20:02.812753+00:00] cycle day=2026-08-19 ok=13/13 free=48.1GiB
[2026-08-19T01:25:03.130808+00:00] cycle day=2026-08-19 ok=13/13 free=47.7GiB
[2026-08-19T01:30:03.753277+00:00] cycle day=2026-08-19 ok=13/13 free=46.1GiB
[2026-08-19T01:35:32.157553+00:00] cycle day=2026-08-19 ok=13/13 free=45.6GiB
[2026-08-19T01:40:03.217095+00:00] cycle day=2026-08-19 ok=13/13 free=45.5GiB
[2026-08-19T01:45:03.418849+00:00] cycle day=2026-08-19 ok=13/13 free=43.0GiB
[2026-08-19T01:50:03.883447+00:00] cycle day=2026-08-19 ok=13/13 free=42.6GiB
[2026-08-19T01:55:03.046863+00:00] cycle day=2026-08-19 ok=13/13 free=41.3GiB
[2026-08-19T02:00:03.647411+00:00] cycle day=2026-08-19 ok=13/13 free=40.1GiB
[2026-08-19T02:05:03.896629+00:00] cycle day=2026-08-19 ok=13/13 free=40.1GiB
[2026-08-19T02:10:03.420104+00:00] cycle day=2026-08-19 ok=13/13 free=39.9GiB
[2026-08-19T02:15:03.708659+00:00] cycle day=2026-08-19 ok=13/13 free=39.9GiB
[2026-08-19T02:20:03.373135+00:00] cycle day=2026-08-19 ok=13/13 free=39.8GiB
[2026-08-19T02:25:02.848087+00:00] cycle day=2026-08-19 ok=13/13 free=39.8GiB
[2026-08-19T02:30:04.659008+00:00] cycle day=2026-08-19 ok=13/13 free=39.8GiB
[2026-08-19T02:35:02.993253+00:00] cycle day=2026-08-19 ok=13/13 free=39.8GiB
[2026-08-19T02:40:03.291607+00:00] cycle day=2026-08-19 ok=13/13 free=36.7GiB
[2026-08-19T02:45:03.111408+00:00] cycle day=2026-08-19 ok=13/13 free=36.2GiB
[2026-08-19T02:50:03.295577+00:00] cycle day=2026-08-19 ok=13/13 free=35.5GiB
[2026-08-19T02:55:03.012747+00:00] cycle day=2026-08-19 ok=13/13 free=34.5GiB
[2026-08-19T03:00:04.919827+00:00] cycle day=2026-08-19 ok=13/13 free=33.8GiB
[2026-08-19T03:05:03.021566+00:00] cycle day=2026-08-19 ok=13/13 free=32.9GiB
[2026-08-19T03:10:03.456547+00:00] cycle day=2026-08-19 ok=13/13 free=32.8GiB
[2026-08-19T03:15:02.959862+00:00] cycle day=2026-08-19 ok=13/13 free=31.8GiB
[2026-08-19T03:20:02.887967+00:00] cycle day=2026-08-19 ok=13/13 free=31.4GiB
[2026-08-19T03:25:02.848746+00:00] cycle day=2026-08-19 ok=13/13 free=29.6GiB
[2026-08-19T03:30:04.606371+00:00] cycle day=2026-08-19 ok=13/13 free=28.6GiB
[2026-08-19T03:35:05.619744+00:00] cycle day=2026-08-19 ok=13/13 free=28.0GiB
[2026-08-19T03:40:04.427974+00:00] cycle day=2026-08-19 ok=13/13 free=27.1GiB
[2026-08-19T03:45:03.093332+00:00] cycle day=2026-08-19 ok=13/13 free=24.6GiB
[2026-08-19T03:50:02.837459+00:00] cycle day=2026-08-19 ok=13/13 free=24.6GiB
[2026-08-19T03:55:02.777350+00:00] cycle day=2026-08-19 ok=13/13 free=24.5GiB
[2026-08-19T04:00:04.470594+00:00] cycle day=2026-08-19 ok=13/13 free=24.5GiB
[2026-08-19T04:05:02.673230+00:00] cycle day=2026-08-19 ok=13/13 free=24.4GiB
[2026-08-19T04:10:02.781210+00:00] cycle day=2026-08-19 ok=13/13 free=24.6GiB
[2026-08-19T04:15:02.907386+00:00] cycle day=2026-08-19 ok=13/13 free=24.5GiB
[2026-08-19T04:20:03.216758+00:00] cycle day=2026-08-19 ok=13/13 free=24.0GiB
[2026-08-19T04:25:04.609607+00:00] cycle day=2026-08-19 ok=13/13 free=25.4GiB
[2026-08-19T04:30:03.053624+00:00] cycle day=2026-08-19 ok=13/13 free=24.3GiB
[2026-08-19T04:35:03.134429+00:00] cycle day=2026-08-19 ok=13/13 free=34.7GiB
[2026-08-19T04:40:02.935055+00:00] cycle day=2026-08-19 ok=13/13 free=34.7GiB
[2026-08-19T04:45:02.943636+00:00] cycle day=2026-08-19 ok=13/13 free=34.4GiB
[2026-08-19T04:50:02.995264+00:00] cycle day=2026-08-19 ok=13/13 free=34.2GiB
[2026-08-19T04:55:02.726503+00:00] cycle day=2026-08-19 ok=13/13 free=34.2GiB
[2026-08-19T05:00:03.867228+00:00] cycle day=2026-08-19 ok=13/13 free=32.7GiB
[2026-08-19T05:05:07.289501+00:00] cycle day=2026-08-19 ok=13/13 free=33.3GiB
[2026-08-19T05:10:03.819824+00:00] cycle day=2026-08-19 ok=13/13 free=44.7GiB
[2026-08-19T05:15:02.911241+00:00] cycle day=2026-08-19 ok=13/13 free=45.9GiB
[2026-08-19T05:20:02.995816+00:00] cycle day=2026-08-19 ok=13/13 free=44.8GiB
[2026-08-19T05:25:02.728075+00:00] cycle day=2026-08-19 ok=13/13 free=45.5GiB
[2026-08-19T05:30:02.925212+00:00] cycle day=2026-08-19 ok=13/13 free=42.7GiB
[2026-08-19T05:35:02.857561+00:00] cycle day=2026-08-19 ok=13/13 free=43.4GiB
[2026-08-19T05:40:03.998216+00:00] cycle day=2026-08-19 ok=13/13 free=41.8GiB
[2026-08-19T05:45:02.933777+00:00] cycle day=2026-08-19 ok=13/13 free=42.0GiB
[2026-08-19T05:50:03.110713+00:00] cycle day=2026-08-19 ok=13/13 free=43.4GiB
[2026-08-19T05:55:02.934761+00:00] cycle day=2026-08-19 ok=13/13 free=43.4GiB
[2026-08-19T06:00:03.289954+00:00] cycle day=2026-08-19 ok=13/13 free=43.4GiB
[2026-08-19T06:05:02.811798+00:00] cycle day=2026-08-19 ok=13/13 free=43.4GiB
[2026-08-19T06:10:03.484570+00:00] cycle day=2026-08-19 ok=13/13 free=43.4GiB
[2026-08-19T06:15:03.139312+00:00] cycle day=2026-08-19 ok=13/13 free=43.4GiB
[2026-08-19T06:20:02.836055+00:00] cycle day=2026-08-19 ok=13/13 free=43.4GiB
[2026-08-19T06:25:02.990380+00:00] cycle day=2026-08-19 ok=13/13 free=43.3GiB
[2026-08-19T06:30:02.743058+00:00] cycle day=2026-08-19 ok=13/13 free=43.3GiB
[2026-08-19T06:35:02.835052+00:00] cycle day=2026-08-19 ok=13/13 free=43.3GiB
[2026-08-19T06:40:03.625276+00:00] cycle day=2026-08-19 ok=13/13 free=43.3GiB
[2026-08-19T06:45:03.022569+00:00] cycle day=2026-08-19 ok=13/13 free=43.3GiB
[2026-08-19T06:50:02.850719+00:00] cycle day=2026-08-19 ok=13/13 free=43.3GiB
[2026-08-19T06:55:02.754915+00:00] cycle day=2026-08-19 ok=13/13 free=43.3GiB
[2026-08-19T07:00:03.353773+00:00] cycle day=2026-08-19 ok=13/13 free=43.1GiB
[2026-08-19T07:05:03.364109+00:00] cycle day=2026-08-19 ok=13/13 free=42.6GiB
[2026-08-19T07:10:03.081105+00:00] cycle day=2026-08-19 ok=13/13 free=43.1GiB
[2026-08-19T07:15:03.082197+00:00] cycle day=2026-08-19 ok=13/13 free=42.9GiB
[2026-08-19T07:20:02.756302+00:00] cycle day=2026-08-19 ok=13/13 free=43.0GiB
[2026-08-19T07:25:03.068698+00:00] cycle day=2026-08-19 ok=13/13 free=42.9GiB
[2026-08-19T07:30:03.470863+00:00] cycle day=2026-08-19 ok=13/13 free=42.9GiB
[2026-08-19T07:35:03.827617+00:00] cycle day=2026-08-19 ok=13/13 free=42.8GiB
[2026-08-19T07:40:03.923893+00:00] cycle day=2026-08-19 ok=13/13 free=42.9GiB
[2026-08-19T07:45:03.339478+00:00] cycle day=2026-08-19 ok=13/13 free=42.9GiB
[2026-08-19T07:50:03.341052+00:00] cycle day=2026-08-19 ok=13/13 free=43.2GiB
[2026-08-19T07:55:03.063793+00:00] cycle day=2026-08-19 ok=13/13 free=43.2GiB
[2026-08-19T08:00:04.501196+00:00] cycle day=2026-08-19 ok=13/13 free=42.3GiB
[2026-08-19T08:05:02.967739+00:00] cycle day=2026-08-19 ok=13/13 free=42.3GiB
[2026-08-19T08:10:03.094087+00:00] cycle day=2026-08-19 ok=13/13 free=42.3GiB
[2026-08-19T08:15:03.063426+00:00] cycle day=2026-08-19 ok=13/13 free=42.3GiB
[2026-08-19T08:20:03.031131+00:00] cycle day=2026-08-19 ok=13/13 free=42.3GiB
[2026-08-19T09:07:35.692892+00:00] depth collector up — 13 symbols, limit=100, cadence=300s
[2026-08-19T09:07:47.198626+00:00] cycle day=2026-08-19 ok=13/13 free=86.6GiB
[2026-08-19T09:10:04.791966+00:00] cycle day=2026-08-19 ok=13/13 free=122.8GiB
[2026-08-19T09:15:03.216432+00:00] cycle day=2026-08-19 ok=13/13 free=122.1GiB
[2026-08-19T09:20:02.926221+00:00] cycle day=2026-08-19 ok=13/13 free=120.5GiB
[2026-08-19T09:25:05.015399+00:00] cycle day=2026-08-19 ok=13/13 free=121.0GiB
[2026-08-19T09:30:03.216546+00:00] cycle day=2026-08-19 ok=13/13 free=119.5GiB
[2026-08-19T09:35:03.256710+00:00] cycle day=2026-08-19 ok=13/13 free=120.2GiB
[2026-08-19T09:40:08.229137+00:00] cycle day=2026-08-19 ok=13/13 free=120.1GiB
[2026-08-19T09:45:05.015948+00:00] cycle day=2026-08-19 ok=13/13 free=118.9GiB
[2026-08-19T09:50:03.762578+00:00] cycle day=2026-08-19 ok=13/13 free=118.8GiB
[2026-08-19T09:55:02.903193+00:00] cycle day=2026-08-19 ok=13/13 free=118.8GiB
[2026-08-19T10:00:03.616546+00:00] cycle day=2026-08-19 ok=13/13 free=118.6GiB
[2026-08-19T10:05:15.666871+00:00] cycle day=2026-08-19 ok=13/13 free=118.3GiB
[2026-08-19T10:10:02.890510+00:00] cycle day=2026-08-19 ok=13/13 free=118.5GiB
[2026-08-19T10:15:04.692057+00:00] cycle day=2026-08-19 ok=13/13 free=118.5GiB
[2026-08-19T10:20:09.071455+00:00] cycle day=2026-08-19 ok=13/13 free=118.4GiB
[2026-08-19T10:25:03.389799+00:00] cycle day=2026-08-19 ok=13/13 free=117.9GiB
[2026-08-19T10:30:03.409052+00:00] cycle day=2026-08-19 ok=13/13 free=117.8GiB
[2026-08-19T10:35:05.087520+00:00] cycle day=2026-08-19 ok=13/13 free=117.8GiB
[2026-08-19T10:40:03.306041+00:00] cycle day=2026-08-19 ok=13/13 free=116.5GiB
[2026-08-19T10:45:04.404829+00:00] cycle day=2026-08-19 ok=13/13 free=115.8GiB
[2026-08-19T10:50:03.050711+00:00] cycle day=2026-08-19 ok=13/13 free=115.7GiB
[2026-08-19T10:55:03.286596+00:00] cycle day=2026-08-19 ok=13/13 free=115.7GiB
[2026-08-19T11:00:05.232328+00:00] cycle day=2026-08-19 ok=13/13 free=116.1GiB
[2026-08-19T11:05:02.892164+00:00] cycle day=2026-08-19 ok=13/13 free=115.7GiB
[2026-08-19T11:10:03.262921+00:00] cycle day=2026-08-19 ok=13/13 free=115.7GiB
[2026-08-19T11:15:03.133952+00:00] cycle day=2026-08-19 ok=13/13 free=115.7GiB
[2026-08-19T11:20:18.210887+00:00] cycle day=2026-08-19 ok=13/13 free=115.3GiB
[2026-08-19T11:25:03.100508+00:00] cycle day=2026-08-19 ok=13/13 free=111.9GiB
[2026-08-19T11:30:03.249583+00:00] cycle day=2026-08-19 ok=13/13 free=111.5GiB
[2026-08-19T11:35:02.844747+00:00] cycle day=2026-08-19 ok=13/13 free=111.5GiB
[2026-08-19T11:40:03.622274+00:00] cycle day=2026-08-19 ok=13/13 free=111.8GiB
[2026-08-19T11:45:02.910913+00:00] cycle day=2026-08-19 ok=13/13 free=111.8GiB
[2026-08-19T11:50:02.976579+00:00] cycle day=2026-08-19 ok=13/13 free=111.8GiB
[2026-08-19T11:55:02.923701+00:00] cycle day=2026-08-19 ok=13/13 free=111.8GiB
[2026-08-19T12:00:04.878736+00:00] cycle day=2026-08-19 ok=13/13 free=111.8GiB
[2026-08-19T12:05:02.829173+00:00] cycle day=2026-08-19 ok=13/13 free=111.8GiB
[2026-08-19T12:10:03.788899+00:00] cycle day=2026-08-19 ok=13/13 free=111.8GiB
[2026-08-19T12:15:03.031705+00:00] cycle day=2026-08-19 ok=13/13 free=111.8GiB
[2026-08-19T12:20:03.372271+00:00] cycle day=2026-08-19 ok=13/13 free=111.8GiB
[2026-08-19T12:25:03.288241+00:00] cycle day=2026-08-19 ok=13/13 free=111.8GiB
[2026-08-19T12:30:03.719666+00:00] cycle day=2026-08-19 ok=13/13 free=111.8GiB
[2026-08-19T12:35:03.016507+00:00] cycle day=2026-08-19 ok=13/13 free=112.1GiB
[2026-08-19T12:40:04.942350+00:00] cycle day=2026-08-19 ok=13/13 free=108.5GiB
[2026-08-19T12:45:03.184423+00:00] cycle day=2026-08-19 ok=13/13 free=108.6GiB
[2026-08-19T12:50:02.967421+00:00] cycle day=2026-08-19 ok=13/13 free=108.6GiB
[2026-08-19T12:55:02.912270+00:00] cycle day=2026-08-19 ok=13/13 free=108.6GiB
[2026-08-19T13:00:03.382373+00:00] cycle day=2026-08-19 ok=13/13 free=108.0GiB
[2026-08-19T13:05:02.916732+00:00] cycle day=2026-08-19 ok=13/13 free=107.9GiB
[2026-08-19T13:10:03.273315+00:00] cycle day=2026-08-19 ok=13/13 free=107.9GiB
[2026-08-19T13:15:03.929263+00:00] cycle day=2026-08-19 ok=13/13 free=108.0GiB
[2026-08-19T13:20:03.065910+00:00] cycle day=2026-08-19 ok=13/13 free=108.0GiB
[2026-08-19T13:25:02.849062+00:00] cycle day=2026-08-19 ok=13/13 free=108.0GiB
[2026-08-19T13:30:03.695218+00:00] cycle day=2026-08-19 ok=13/13 free=108.0GiB
[2026-08-19T13:35:02.818036+00:00] cycle day=2026-08-19 ok=13/13 free=108.0GiB
[2026-08-19T13:40:03.123979+00:00] cycle day=2026-08-19 ok=13/13 free=107.9GiB
[2026-08-19T13:45:03.436828+00:00] cycle day=2026-08-19 ok=13/13 free=107.9GiB
[2026-08-19T13:50:03.116408+00:00] cycle day=2026-08-19 ok=13/13 free=107.9GiB
[2026-08-19T13:55:02.833521+00:00] cycle day=2026-08-19 ok=13/13 free=107.9GiB
[2026-08-19T14:00:02.966398+00:00] cycle day=2026-08-19 ok=13/13 free=108.0GiB
[2026-08-19T14:05:02.837246+00:00] cycle day=2026-08-19 ok=13/13 free=107.9GiB
[2026-08-19T14:10:04.832763+00:00] cycle day=2026-08-19 ok=13/13 free=106.8GiB
[2026-08-19T14:15:03.595494+00:00] cycle day=2026-08-19 ok=13/13 free=105.7GiB
[2026-08-19T14:20:02.955487+00:00] cycle day=2026-08-19 ok=13/13 free=106.1GiB
[2026-08-19T14:25:03.511430+00:00] cycle day=2026-08-19 ok=13/13 free=106.0GiB
[2026-08-19T14:30:11.605647+00:00] cycle day=2026-08-19 ok=13/13 free=103.7GiB
[2026-08-19T14:35:06.059523+00:00] cycle day=2026-08-19 ok=13/13 free=100.8GiB
[2026-08-19T14:40:02.897059+00:00] cycle day=2026-08-19 ok=13/13 free=100.4GiB
[2026-08-19T14:45:03.106492+00:00] cycle day=2026-08-19 ok=13/13 free=95.2GiB
[2026-08-19T14:50:02.840914+00:00] cycle day=2026-08-19 ok=13/13 free=95.4GiB
[2026-08-19T14:55:05.813902+00:00] cycle day=2026-08-19 ok=13/13 free=94.4GiB
[2026-08-19T15:00:04.834879+00:00] cycle day=2026-08-19 ok=13/13 free=95.3GiB
[2026-08-19T15:05:02.830774+00:00] cycle day=2026-08-19 ok=13/13 free=95.3GiB
[2026-08-19T15:10:04.015320+00:00] cycle day=2026-08-19 ok=13/13 free=93.9GiB
[2026-08-19T15:15:03.980489+00:00] cycle day=2026-08-19 ok=13/13 free=94.8GiB
[2026-08-19T15:20:13.940864+00:00] cycle day=2026-08-19 ok=13/13 free=94.5GiB
[2026-08-19T15:25:02.861916+00:00] cycle day=2026-08-19 ok=13/13 free=94.8GiB
[2026-08-19T15:30:03.888848+00:00] cycle day=2026-08-19 ok=13/13 free=94.7GiB
[2026-08-19T15:35:02.944818+00:00] cycle day=2026-08-19 ok=13/13 free=94.7GiB
[2026-08-19T15:40:02.986215+00:00] cycle day=2026-08-19 ok=13/13 free=93.6GiB
[2026-08-19T15:45:03.518919+00:00] cycle day=2026-08-19 ok=13/13 free=93.6GiB
[2026-08-19T15:50:02.744826+00:00] cycle day=2026-08-19 ok=13/13 free=94.3GiB
[2026-08-19T15:55:02.790783+00:00] cycle day=2026-08-19 ok=13/13 free=93.3GiB
[2026-08-19T16:00:06.007697+00:00] cycle day=2026-08-19 ok=13/13 free=94.5GiB
[2026-08-19T16:05:07.298529+00:00] cycle day=2026-08-19 ok=13/13 free=94.4GiB
[2026-08-19T16:10:06.822468+00:00] cycle day=2026-08-19 ok=13/13 free=94.5GiB
[2026-08-19T16:15:06.889443+00:00] cycle day=2026-08-19 ok=13/13 free=92.0GiB
[2026-08-19T16:20:09.330304+00:00] cycle day=2026-08-19 ok=13/13 free=93.1GiB
[2026-08-19T16:25:04.273430+00:00] cycle day=2026-08-19 ok=13/13 free=94.7GiB
[2026-08-19T16:30:08.426502+00:00] cycle day=2026-08-19 ok=13/13 free=92.6GiB
[2026-08-19T16:35:03.175627+00:00] cycle day=2026-08-19 ok=13/13 free=94.0GiB
[2026-08-19T16:40:02.997183+00:00] cycle day=2026-08-19 ok=13/13 free=93.8GiB
[2026-08-19T16:45:02.969463+00:00] cycle day=2026-08-19 ok=13/13 free=94.0GiB
[2026-08-19T16:50:02.916618+00:00] cycle day=2026-08-19 ok=13/13 free=94.2GiB
[2026-08-19T16:55:02.899650+00:00] cycle day=2026-08-19 ok=13/13 free=94.3GiB
[2026-08-19T17:00:03.554784+00:00] cycle day=2026-08-19 ok=13/13 free=94.3GiB
[2026-08-19T17:05:02.897252+00:00] cycle day=2026-08-19 ok=13/13 free=94.3GiB
[2026-08-19T17:10:10.837305+00:00] cycle day=2026-08-19 ok=13/13 free=92.0GiB
[2026-08-19T17:15:03.401165+00:00] cycle day=2026-08-19 ok=13/13 free=94.2GiB
[2026-08-19T17:20:03.014655+00:00] cycle day=2026-08-19 ok=13/13 free=94.1GiB
[2026-08-19T17:25:02.821691+00:00] cycle day=2026-08-19 ok=13/13 free=94.3GiB
[2026-08-19T17:30:03.263619+00:00] cycle day=2026-08-19 ok=13/13 free=94.2GiB
[2026-08-19T17:35:03.352941+00:00] cycle day=2026-08-19 ok=13/13 free=93.3GiB
[2026-08-19T17:40:02.846304+00:00] cycle day=2026-08-19 ok=13/13 free=93.4GiB
[2026-08-19T17:45:02.971987+00:00] cycle day=2026-08-19 ok=13/13 free=93.2GiB
[2026-08-19T17:50:03.579630+00:00] cycle day=2026-08-19 ok=13/13 free=94.1GiB
[2026-08-19T17:55:02.625672+00:00] cycle day=2026-08-19 ok=13/13 free=94.2GiB
[2026-08-19T18:00:02.911300+00:00] cycle day=2026-08-19 ok=13/13 free=92.7GiB
[2026-08-19T18:05:03.371587+00:00] cycle day=2026-08-19 ok=13/13 free=92.4GiB
[2026-08-19T18:10:03.384440+00:00] cycle day=2026-08-19 ok=13/13 free=94.2GiB
[2026-08-19T18:15:08.716009+00:00] cycle day=2026-08-19 ok=13/13 free=93.8GiB
[2026-08-19T18:20:02.900972+00:00] cycle day=2026-08-19 ok=13/13 free=94.1GiB
[2026-08-19T18:25:02.981358+00:00] cycle day=2026-08-19 ok=13/13 free=93.2GiB
[2026-08-19T18:30:03.898969+00:00] cycle day=2026-08-19 ok=13/13 free=94.1GiB
[2026-08-19T18:35:02.939490+00:00] cycle day=2026-08-19 ok=13/13 free=93.5GiB
[2026-08-19T18:40:03.054352+00:00] cycle day=2026-08-19 ok=13/13 free=93.2GiB
[2026-08-19T18:45:03.920894+00:00] cycle day=2026-08-19 ok=13/13 free=93.0GiB
[2026-08-19T18:50:03.439222+00:00] cycle day=2026-08-19 ok=13/13 free=94.0GiB
[2026-08-19T18:55:02.568431+00:00] cycle day=2026-08-19 ok=13/13 free=94.0GiB
[2026-08-19T19:00:03.909160+00:00] cycle day=2026-08-19 ok=13/13 free=93.9GiB
[2026-08-19T19:05:03.502765+00:00] cycle day=2026-08-19 ok=13/13 free=93.9GiB
[2026-08-19T19:10:03.548613+00:00] cycle day=2026-08-19 ok=13/13 free=94.1GiB
[2026-08-19T19:15:08.159335+00:00] cycle day=2026-08-19 ok=13/13 free=93.1GiB
[2026-08-19T19:20:03.031357+00:00] cycle day=2026-08-19 ok=13/13 free=93.9GiB
[2026-08-19T19:25:03.125881+00:00] cycle day=2026-08-19 ok=13/13 free=93.2GiB
[2026-08-19T19:30:03.793256+00:00] cycle day=2026-08-19 ok=13/13 free=92.9GiB
[2026-08-19T19:35:04.322092+00:00] cycle day=2026-08-19 ok=13/13 free=93.6GiB
[2026-08-19T19:40:03.045975+00:00] cycle day=2026-08-19 ok=13/13 free=93.7GiB
[2026-08-19T19:45:03.816396+00:00] cycle day=2026-08-19 ok=13/13 free=93.6GiB
[2026-08-19T19:50:02.895028+00:00] cycle day=2026-08-19 ok=13/13 free=93.0GiB
[2026-08-19T19:55:02.825804+00:00] cycle day=2026-08-19 ok=13/13 free=93.7GiB
[2026-08-19T20:00:03.139847+00:00] cycle day=2026-08-19 ok=13/13 free=93.6GiB
[2026-08-19T20:05:05.093498+00:00] cycle day=2026-08-19 ok=13/13 free=93.6GiB
[2026-08-19T20:10:03.222349+00:00] cycle day=2026-08-19 ok=13/13 free=93.6GiB
[2026-08-19T20:15:03.719150+00:00] cycle day=2026-08-19 ok=13/13 free=92.1GiB
[2026-08-19T20:20:04.394584+00:00] cycle day=2026-08-19 ok=13/13 free=93.1GiB
[2026-08-19T20:25:02.911753+00:00] cycle day=2026-08-19 ok=13/13 free=93.3GiB
[2026-08-19T20:30:02.904953+00:00] cycle day=2026-08-19 ok=13/13 free=93.3GiB
[2026-08-19T20:35:04.314133+00:00] cycle day=2026-08-19 ok=13/13 free=93.0GiB
[2026-08-19T20:40:07.650405+00:00] cycle day=2026-08-19 ok=13/13 free=90.6GiB
[2026-08-19T20:45:07.318737+00:00] cycle day=2026-08-19 ok=13/13 free=91.5GiB
[2026-08-19T20:50:02.971115+00:00] cycle day=2026-08-19 ok=13/13 free=91.6GiB
[2026-08-19T20:55:02.612986+00:00] cycle day=2026-08-19 ok=13/13 free=91.5GiB
[2026-08-19T21:00:04.750196+00:00] cycle day=2026-08-19 ok=13/13 free=92.3GiB
[2026-08-19T21:05:03.483826+00:00] cycle day=2026-08-19 ok=13/13 free=89.4GiB
[2026-08-19T21:10:04.866503+00:00] cycle day=2026-08-19 ok=13/13 free=89.1GiB
[2026-08-19T21:15:04.753004+00:00] cycle day=2026-08-19 ok=13/13 free=89.4GiB
[2026-08-19T21:20:02.990421+00:00] cycle day=2026-08-19 ok=13/13 free=92.6GiB
[2026-08-19T21:25:04.560495+00:00] cycle day=2026-08-19 ok=13/13 free=92.5GiB
[2026-08-19T21:30:03.751714+00:00] cycle day=2026-08-19 ok=13/13 free=91.5GiB
[2026-08-19T21:35:02.807101+00:00] cycle day=2026-08-19 ok=13/13 free=92.5GiB
[2026-08-19T21:40:02.964004+00:00] cycle day=2026-08-19 ok=13/13 free=92.5GiB
[2026-08-19T21:45:03.147229+00:00] cycle day=2026-08-19 ok=13/13 free=92.5GiB
[2026-08-19T21:50:02.959234+00:00] cycle day=2026-08-19 ok=13/13 free=92.5GiB
[2026-08-19T21:55:02.862800+00:00] cycle day=2026-08-19 ok=13/13 free=92.5GiB
[2026-08-19T22:00:04.130555+00:00] cycle day=2026-08-19 ok=13/13 free=92.5GiB
[2026-08-19T22:05:03.307545+00:00] cycle day=2026-08-19 ok=13/13 free=92.5GiB
[2026-08-19T22:10:03.778912+00:00] cycle day=2026-08-19 ok=13/13 free=92.3GiB
[2026-08-19T22:15:03.460063+00:00] cycle day=2026-08-19 ok=13/13 free=92.4GiB
[2026-08-19T22:20:03.014127+00:00] cycle day=2026-08-19 ok=13/13 free=92.4GiB
[2026-08-19T22:25:03.088086+00:00] cycle day=2026-08-19 ok=13/13 free=92.4GiB
[2026-08-19T22:30:03.494129+00:00] cycle day=2026-08-19 ok=13/13 free=92.4GiB
[2026-08-19T22:35:02.946476+00:00] cycle day=2026-08-19 ok=13/13 free=92.4GiB
[2026-08-19T22:40:03.311786+00:00] cycle day=2026-08-19 ok=13/13 free=92.4GiB
[2026-08-19T22:45:02.867076+00:00] cycle day=2026-08-19 ok=13/13 free=92.4GiB
[2026-08-19T22:50:02.950952+00:00] cycle day=2026-08-19 ok=13/13 free=92.4GiB
[2026-08-19T22:55:02.966917+00:00] cycle day=2026-08-19 ok=13/13 free=92.4GiB
[2026-08-19T23:00:03.862595+00:00] cycle day=2026-08-19 ok=13/13 free=92.4GiB
[2026-08-19T23:05:02.818269+00:00] cycle day=2026-08-19 ok=13/13 free=92.4GiB
[2026-08-19T23:10:03.142605+00:00] cycle day=2026-08-19 ok=13/13 free=92.4GiB
[2026-08-19T23:15:03.215032+00:00] cycle day=2026-08-19 ok=13/13 free=92.4GiB
[2026-08-19T23:20:03.046274+00:00] cycle day=2026-08-19 ok=13/13 free=92.4GiB
[2026-08-19T23:25:02.919273+00:00] cycle day=2026-08-19 ok=13/13 free=92.4GiB
[2026-08-19T23:30:03.023727+00:00] cycle day=2026-08-19 ok=13/13 free=92.4GiB
[2026-08-19T23:35:04.554454+00:00] cycle day=2026-08-19 ok=13/13 free=92.4GiB
[2026-08-19T23:40:03.070803+00:00] cycle day=2026-08-19 ok=13/13 free=92.4GiB
[2026-08-19T23:45:03.043866+00:00] cycle day=2026-08-19 ok=13/13 free=92.4GiB
[2026-08-19T23:50:02.841198+00:00] cycle day=2026-08-19 ok=13/13 free=92.4GiB
[2026-08-19T23:55:02.801993+00:00] cycle day=2026-08-19 ok=13/13 free=92.4GiB
[2026-08-20T00:00:00.066564+00:00] UTC rollover 2026-08-19 -> 2026-08-20
  finalized /Users/benebsworth/projects/omega/data/frozen_series/binance_depth_forward/ADAUSDT/2026-08-19.json.gz (282 snapshots, 257403 B)
  finalized /Users/benebsworth/projects/omega/data/frozen_series/binance_depth_forward/ARBUSDT/2026-08-19.json.gz (282 snapshots, 306568 B)
  finalized /Users/benebsworth/projects/omega/data/frozen_series/binance_depth_forward/AVAXUSDT/2026-08-19.json.gz (282 snapshots, 219457 B)
  finalized /Users/benebsworth/projects/omega/data/frozen_series/binance_depth_forward/BNBUSDT/2026-08-19.json.gz (282 snapshots, 248901 B)
  finalized /Users/benebsworth/projects/omega/data/frozen_series/binance_depth_forward/BTCUSDT/2026-08-19.json.gz (282 snapshots, 224416 B)
  finalized /Users/benebsworth/projects/omega/data/frozen_series/binance_depth_forward/DOTUSDT/2026-08-19.json.gz (282 snapshots, 297140 B)
  finalized /Users/benebsworth/projects/omega/data/frozen_series/binance_depth_forward/ETHUSDT/2026-08-19.json.gz (282 snapshots, 297216 B)
  finalized /Users/benebsworth/projects/omega/data/frozen_series/binance_depth_forward/LINKUSDT/2026-08-19.json.gz (282 snapshots, 314596 B)
  finalized /Users/benebsworth/projects/omega/data/frozen_series/binance_depth_forward/NEARUSDT/2026-08-19.json.gz (282 snapshots, 253581 B)
  finalized /Users/benebsworth/projects/omega/data/frozen_series/binance_depth_forward/POLUSDT/2026-08-19.json.gz (282 snapshots, 253358 B)
  finalized /Users/benebsworth/projects/omega/data/frozen_series/binance_depth_forward/SOLUSDT/2026-08-19.json.gz (282 snapshots, 318792 B)
  finalized /Users/benebsworth/projects/omega/data/frozen_series/binance_depth_forward/SUIUSDT/2026-08-19.json.gz (282 snapshots, 307732 B)
  finalized /Users/benebsworth/projects/omega/data/frozen_series/binance_depth_forward/XRPUSDT/2026-08-19.json.gz (282 snapshots, 324705 B)
[2026-08-20T00:00:13.104866+00:00] cycle day=2026-08-20 ok=13/13 free=92.4GiB
[2026-08-20T00:05:03.008374+00:00] cycle day=2026-08-20 ok=13/13 free=93.0GiB
[2026-08-20T00:10:04.281507+00:00] cycle day=2026-08-20 ok=13/13 free=93.0GiB
[2026-08-20T00:15:03.412641+00:00] cycle day=2026-08-20 ok=13/13 free=93.0GiB
[2026-08-20T00:20:03.295320+00:00] cycle day=2026-08-20 ok=13/13 free=93.0GiB
[2026-08-20T00:25:02.927923+00:00] cycle day=2026-08-20 ok=13/13 free=93.0GiB
[2026-08-20T00:30:03.018150+00:00] cycle day=2026-08-20 ok=13/13 free=93.0GiB
[2026-08-20T00:35:03.016428+00:00] cycle day=2026-08-20 ok=13/13 free=93.0GiB
[2026-08-20T00:40:03.069292+00:00] cycle day=2026-08-20 ok=13/13 free=93.0GiB
[2026-08-20T00:45:04.975809+00:00] cycle day=2026-08-20 ok=13/13 free=93.0GiB
[2026-08-20T00:50:02.901425+00:00] cycle day=2026-08-20 ok=13/13 free=93.0GiB
[2026-08-20T00:55:02.897960+00:00] cycle day=2026-08-20 ok=13/13 free=93.0GiB
[2026-08-20T01:00:03.651110+00:00] cycle day=2026-08-20 ok=13/13 free=93.0GiB
[2026-08-20T01:05:02.861696+00:00] cycle day=2026-08-20 ok=13/13 free=93.0GiB
[2026-08-20T01:10:03.604692+00:00] cycle day=2026-08-20 ok=13/13 free=93.0GiB
[2026-08-20T01:15:03.242226+00:00] cycle day=2026-08-20 ok=13/13 free=93.0GiB
[2026-08-20T01:20:03.173960+00:00] cycle day=2026-08-20 ok=13/13 free=93.0GiB
[2026-08-20T01:25:02.856217+00:00] cycle day=2026-08-20 ok=13/13 free=93.0GiB
[2026-08-20T01:30:03.469907+00:00] cycle day=2026-08-20 ok=13/13 free=93.0GiB
[2026-08-20T01:35:02.845239+00:00] cycle day=2026-08-20 ok=13/13 free=93.0GiB
[2026-08-20T01:40:02.869067+00:00] cycle day=2026-08-20 ok=13/13 free=93.0GiB
[2026-08-20T01:45:03.223878+00:00] cycle day=2026-08-20 ok=13/13 free=93.0GiB
[2026-08-20T01:50:03.867253+00:00] cycle day=2026-08-20 ok=13/13 free=93.0GiB
[2026-08-20T01:55:02.718261+00:00] cycle day=2026-08-20 ok=13/13 free=93.0GiB
[2026-08-20T02:00:03.768138+00:00] cycle day=2026-08-20 ok=13/13 free=93.0GiB
[2026-08-20T02:05:02.992055+00:00] cycle day=2026-08-20 ok=13/13 free=93.0GiB
[2026-08-20T02:10:03.525941+00:00] cycle day=2026-08-20 ok=13/13 free=93.0GiB
[2026-08-20T02:15:03.990206+00:00] cycle day=2026-08-20 ok=13/13 free=93.0GiB
[2026-08-20T02:20:03.357124+00:00] cycle day=2026-08-20 ok=13/13 free=93.0GiB
[2026-08-20T02:25:02.988832+00:00] cycle day=2026-08-20 ok=13/13 free=93.0GiB
[2026-08-20T02:30:04.517890+00:00] cycle day=2026-08-20 ok=13/13 free=93.0GiB
[2026-08-20T02:35:02.818210+00:00] cycle day=2026-08-20 ok=13/13 free=93.0GiB
[2026-08-20T02:40:03.068824+00:00] cycle day=2026-08-20 ok=13/13 free=93.0GiB
[2026-08-20T02:45:02.953725+00:00] cycle day=2026-08-20 ok=13/13 free=93.0GiB
[2026-08-20T02:50:03.798303+00:00] cycle day=2026-08-20 ok=13/13 free=93.0GiB
[2026-08-20T02:55:03.451952+00:00] cycle day=2026-08-20 ok=13/13 free=93.0GiB
[2026-08-20T03:00:04.658166+00:00] cycle day=2026-08-20 ok=13/13 free=92.8GiB
[2026-08-20T03:05:02.826674+00:00] cycle day=2026-08-20 ok=13/13 free=92.8GiB
[2026-08-20T03:10:03.194624+00:00] cycle day=2026-08-20 ok=13/13 free=91.3GiB
[2026-08-20T03:15:03.205829+00:00] cycle day=2026-08-20 ok=13/13 free=91.7GiB
[2026-08-20T03:20:03.071418+00:00] cycle day=2026-08-20 ok=13/13 free=91.8GiB
[2026-08-20T03:25:05.429454+00:00] cycle day=2026-08-20 ok=13/13 free=91.7GiB
[2026-08-20T03:30:06.653025+00:00] cycle day=2026-08-20 ok=13/13 free=90.9GiB
[2026-08-20T03:35:05.790922+00:00] cycle day=2026-08-20 ok=13/13 free=89.7GiB
[2026-08-20T03:40:06.393469+00:00] cycle day=2026-08-20 ok=13/13 free=89.8GiB
[2026-08-20T03:45:06.105305+00:00] cycle day=2026-08-20 ok=13/13 free=89.7GiB
[2026-08-20T03:50:06.635629+00:00] cycle day=2026-08-20 ok=13/13 free=89.8GiB
[2026-08-20T03:55:07.633641+00:00] cycle day=2026-08-20 ok=13/13 free=89.8GiB
[2026-08-20T04:00:04.148053+00:00] cycle day=2026-08-20 ok=13/13 free=89.8GiB
[2026-08-20T04:05:05.408580+00:00] cycle day=2026-08-20 ok=13/13 free=89.8GiB
[2026-08-20T04:10:02.905324+00:00] cycle day=2026-08-20 ok=13/13 free=89.8GiB
[2026-08-20T04:15:02.961133+00:00] cycle day=2026-08-20 ok=13/13 free=89.8GiB
[2026-08-20T04:20:03.256360+00:00] cycle day=2026-08-20 ok=13/13 free=89.8GiB
[2026-08-20T04:25:03.043701+00:00] cycle day=2026-08-20 ok=13/13 free=89.8GiB
[2026-08-20T04:30:02.971787+00:00] cycle day=2026-08-20 ok=13/13 free=89.7GiB
[2026-08-20T04:35:02.593734+00:00] cycle day=2026-08-20 ok=13/13 free=89.0GiB
[2026-08-20T04:40:03.090424+00:00] cycle day=2026-08-20 ok=13/13 free=89.6GiB
[2026-08-20T04:45:02.983220+00:00] cycle day=2026-08-20 ok=13/13 free=89.6GiB
[2026-08-20T04:50:07.579868+00:00] cycle day=2026-08-20 ok=13/13 free=60.2GiB
[2026-08-20T04:55:05.248764+00:00] cycle day=2026-08-20 ok=13/13 free=56.9GiB
[2026-08-20T05:00:09.802058+00:00] cycle day=2026-08-20 ok=13/13 free=48.8GiB
[2026-08-20T05:05:23.007334+00:00] cycle day=2026-08-20 ok=13/13 free=58.4GiB
[2026-08-20T05:10:26.868161+00:00] cycle day=2026-08-20 ok=13/13 free=55.8GiB
[2026-08-20T05:15:24.369583+00:00] cycle day=2026-08-20 ok=13/13 free=58.9GiB
[2026-08-20T05:20:21.254491+00:00] cycle day=2026-08-20 ok=13/13 free=54.8GiB
[2026-08-20T05:25:18.246073+00:00] cycle day=2026-08-20 ok=13/13 free=55.1GiB
[2026-08-20T05:30:15.233455+00:00] cycle day=2026-08-20 ok=13/13 free=53.3GiB
[2026-08-20T05:35:06.122619+00:00] cycle day=2026-08-20 ok=13/13 free=53.9GiB
[2026-08-20T05:41:11.095986+00:00] cycle day=2026-08-20 ok=13/13 free=54.4GiB
[2026-08-20T05:45:13.601821+00:00] cycle day=2026-08-20 ok=13/13 free=53.3GiB
[2026-08-20T05:50:17.278206+00:00] cycle day=2026-08-20 ok=13/13 free=51.0GiB
[2026-08-20T05:55:19.645147+00:00] cycle day=2026-08-20 ok=13/13 free=52.2GiB
[2026-08-20T06:00:08.783100+00:00] cycle day=2026-08-20 ok=13/13 free=53.0GiB
[2026-08-20T06:05:24.043291+00:00] cycle day=2026-08-20 ok=13/13 free=50.0GiB
[2026-08-20T06:10:23.826422+00:00] cycle day=2026-08-20 ok=13/13 free=48.3GiB
[2026-08-20T06:15:31.717999+00:00] cycle day=2026-08-20 ok=13/13 free=46.5GiB
[2026-08-20T06:20:31.557200+00:00] cycle day=2026-08-20 ok=13/13 free=47.8GiB
[2026-08-20T06:25:27.359678+00:00] cycle day=2026-08-20 ok=13/13 free=42.3GiB
[2026-08-20T06:30:14.749334+00:00] cycle day=2026-08-20 ok=13/13 free=56.1GiB
[2026-08-20T06:35:23.892400+00:00] cycle day=2026-08-20 ok=13/13 free=53.9GiB
[2026-08-20T06:40:12.947007+00:00] cycle day=2026-08-20 ok=13/13 free=53.6GiB
[2026-08-20T06:45:19.904087+00:00] cycle day=2026-08-20 ok=13/13 free=52.8GiB
[2026-08-20T06:50:16.481521+00:00] cycle day=2026-08-20 ok=13/13 free=52.9GiB
[2026-08-20T06:55:19.162588+00:00] cycle day=2026-08-20 ok=13/13 free=54.5GiB
[2026-08-20T07:00:28.631941+00:00] cycle day=2026-08-20 ok=13/13 free=53.0GiB
[2026-08-20T07:05:16.035449+00:00] cycle day=2026-08-20 ok=13/13 free=54.2GiB
[2026-08-20T07:10:04.882875+00:00] cycle day=2026-08-20 ok=13/13 free=54.6GiB
[2026-08-20T07:15:03.120577+00:00] cycle day=2026-08-20 ok=13/13 free=55.6GiB
[2026-08-20T07:20:05.155769+00:00] cycle day=2026-08-20 ok=13/13 free=53.3GiB
[2026-08-20T07:25:03.603088+00:00] cycle day=2026-08-20 ok=13/13 free=56.5GiB
[2026-08-20T07:30:03.891731+00:00] cycle day=2026-08-20 ok=13/13 free=54.3GiB
[2026-08-20T07:35:03.587944+00:00] cycle day=2026-08-20 ok=13/13 free=56.7GiB
[2026-08-20T07:40:03.998697+00:00] cycle day=2026-08-20 ok=13/13 free=55.7GiB
[2026-08-20T07:45:03.082823+00:00] cycle day=2026-08-20 ok=13/13 free=63.6GiB
[2026-08-20T07:50:07.020102+00:00] cycle day=2026-08-20 ok=13/13 free=65.5GiB
[2026-08-20T07:55:02.946355+00:00] cycle day=2026-08-20 ok=13/13 free=66.1GiB
[2026-08-20T08:00:03.478679+00:00] cycle day=2026-08-20 ok=13/13 free=68.4GiB
[2026-08-20T08:05:06.596573+00:00] cycle day=2026-08-20 ok=13/13 free=68.4GiB
[2026-08-20T08:10:03.404767+00:00] cycle day=2026-08-20 ok=13/13 free=65.9GiB
[2026-08-20T08:15:05.173697+00:00] cycle day=2026-08-20 ok=13/13 free=63.5GiB
[2026-08-20T08:20:06.969801+00:00] cycle day=2026-08-20 ok=13/13 free=68.1GiB
[2026-08-20T08:25:04.693306+00:00] cycle day=2026-08-20 ok=13/13 free=69.2GiB
[2026-08-20T08:30:04.776209+00:00] cycle day=2026-08-20 ok=13/13 free=67.7GiB
[2026-08-20T08:35:02.862167+00:00] cycle day=2026-08-20 ok=13/13 free=66.1GiB
[2026-08-20T08:40:07.251024+00:00] cycle day=2026-08-20 ok=13/13 free=67.3GiB
[2026-08-20T08:45:04.131087+00:00] cycle day=2026-08-20 ok=13/13 free=65.9GiB
[2026-08-20T08:50:03.114323+00:00] cycle day=2026-08-20 ok=13/13 free=66.0GiB
[2026-08-20T08:55:02.941413+00:00] cycle day=2026-08-20 ok=13/13 free=67.8GiB
[2026-08-20T09:00:06.461114+00:00] cycle day=2026-08-20 ok=13/13 free=63.5GiB
[2026-08-20T09:05:07.045070+00:00] cycle day=2026-08-20 ok=13/13 free=63.7GiB
[2026-08-20T09:10:05.404366+00:00] cycle day=2026-08-20 ok=13/13 free=66.4GiB
[2026-08-21T04:16:45.333874+00:00] depth collector up — 13 symbols, limit=100, cadence=300s
[2026-08-21T04:16:59.586616+00:00] cycle day=2026-08-21 ok=13/13 free=75.5GiB
[2026-08-21T04:20:10.139826+00:00] cycle day=2026-08-21 ok=13/13 free=90.6GiB
[2026-08-21T04:25:04.833489+00:00] cycle day=2026-08-21 ok=13/13 free=93.5GiB
[2026-08-21T04:30:10.816182+00:00] cycle day=2026-08-21 ok=13/13 free=82.3GiB
[2026-08-21T04:35:04.740075+00:00] cycle day=2026-08-21 ok=13/13 free=79.2GiB
[2026-08-21T04:40:02.951626+00:00] cycle day=2026-08-21 ok=13/13 free=75.2GiB
[2026-08-21T04:45:17.328466+00:00] cycle day=2026-08-21 ok=13/13 free=75.2GiB
[2026-08-21T04:50:10.339813+00:00] cycle day=2026-08-21 ok=13/13 free=75.1GiB
[2026-08-21T04:55:17.411427+00:00] cycle day=2026-08-21 ok=13/13 free=75.0GiB
[2026-08-21T05:00:20.034137+00:00] cycle day=2026-08-21 ok=13/13 free=74.9GiB
[2026-08-21T05:05:18.120078+00:00] cycle day=2026-08-21 ok=13/13 free=74.6GiB
[2026-08-21T05:10:27.201743+00:00] cycle day=2026-08-21 ok=13/13 free=74.7GiB
[2026-08-21T05:15:14.142715+00:00] cycle day=2026-08-21 ok=13/13 free=74.7GiB
[2026-08-21T05:20:22.403265+00:00] cycle day=2026-08-21 ok=13/13 free=74.2GiB
[2026-08-21T05:25:15.094881+00:00] cycle day=2026-08-21 ok=13/13 free=74.5GiB
[2026-08-21T05:30:22.816336+00:00] cycle day=2026-08-21 ok=13/13 free=88.0GiB
[2026-08-21T05:35:29.302848+00:00] cycle day=2026-08-21 ok=13/13 free=88.0GiB
[2026-08-21T05:40:15.238060+00:00] cycle day=2026-08-21 ok=13/13 free=87.9GiB
[2026-08-21T05:45:03.129141+00:00] cycle day=2026-08-21 ok=13/13 free=88.8GiB
[2026-08-21T05:50:08.046613+00:00] cycle day=2026-08-21 ok=13/13 free=83.3GiB
[2026-08-21T05:55:10.741528+00:00] cycle day=2026-08-21 ok=13/13 free=79.2GiB
[2026-08-21T06:00:04.545209+00:00] cycle day=2026-08-21 ok=13/13 free=78.1GiB
[2026-08-21T06:05:03.614724+00:00] cycle day=2026-08-21 ok=13/13 free=77.1GiB
[2026-08-21T06:10:06.337995+00:00] cycle day=2026-08-21 ok=13/13 free=74.8GiB
[2026-08-21T06:15:03.801276+00:00] cycle day=2026-08-21 ok=13/13 free=79.8GiB
[2026-08-21T06:20:04.755633+00:00] cycle day=2026-08-21 ok=13/13 free=72.5GiB
[2026-08-21T06:25:05.897090+00:00] cycle day=2026-08-21 ok=13/13 free=68.7GiB
[2026-08-21T06:30:03.014118+00:00] cycle day=2026-08-21 ok=13/13 free=66.4GiB
[2026-08-21T06:35:03.485043+00:00] cycle day=2026-08-21 ok=13/13 free=66.3GiB
[2026-08-21T06:40:03.737738+00:00] cycle day=2026-08-21 ok=13/13 free=66.2GiB
[2026-08-21T06:45:10.907038+00:00] cycle day=2026-08-21 ok=13/13 free=64.9GiB
[2026-08-21T06:50:11.866827+00:00] cycle day=2026-08-21 ok=13/13 free=65.2GiB
[2026-08-21T06:55:09.819590+00:00] cycle day=2026-08-21 ok=13/13 free=55.4GiB
[2026-08-21T07:00:25.174977+00:00] cycle day=2026-08-21 ok=13/13 free=55.4GiB
[2026-08-21T07:05:13.083459+00:00] cycle day=2026-08-21 ok=13/13 free=57.3GiB
[2026-08-21T07:10:26.986815+00:00] cycle day=2026-08-21 ok=13/13 free=48.1GiB
[2026-08-21T07:15:27.333956+00:00] cycle day=2026-08-21 ok=13/13 free=51.1GiB
[2026-08-21T07:20:25.599615+00:00] cycle day=2026-08-21 ok=13/13 free=44.4GiB
[2026-08-21T07:25:32.402480+00:00] cycle day=2026-08-21 ok=13/13 free=41.3GiB
[2026-08-21T07:30:06.944693+00:00] cycle day=2026-08-21 ok=13/13 free=42.3GiB
[2026-08-21T07:35:04.708700+00:00] cycle day=2026-08-21 ok=13/13 free=80.2GiB
[2026-08-21T07:40:03.811211+00:00] cycle day=2026-08-21 ok=13/13 free=77.2GiB
[2026-08-21T07:45:03.790878+00:00] cycle day=2026-08-21 ok=13/13 free=77.2GiB
[2026-08-21T07:50:04.372631+00:00] cycle day=2026-08-21 ok=13/13 free=76.8GiB
[2026-08-21T07:55:03.530449+00:00] cycle day=2026-08-21 ok=13/13 free=74.6GiB
[2026-08-21T08:00:05.700643+00:00] cycle day=2026-08-21 ok=13/13 free=74.5GiB
[2026-08-21T08:05:05.826477+00:00] cycle day=2026-08-21 ok=13/13 free=75.8GiB
[2026-08-21T08:10:05.265024+00:00] cycle day=2026-08-21 ok=13/13 free=70.9GiB
[2026-08-21T08:15:05.093613+00:00] cycle day=2026-08-21 ok=13/13 free=72.4GiB
[2026-08-21T08:20:04.240182+00:00] cycle day=2026-08-21 ok=13/13 free=73.4GiB
[2026-08-21T08:25:03.444542+00:00] cycle day=2026-08-21 ok=13/13 free=73.4GiB
[2026-08-21T08:30:03.271132+00:00] cycle day=2026-08-21 ok=13/13 free=73.4GiB
[2026-08-21T08:35:03.144129+00:00] cycle day=2026-08-21 ok=13/13 free=73.4GiB
[2026-08-21T08:40:03.113242+00:00] cycle day=2026-08-21 ok=13/13 free=73.4GiB
[2026-08-21T08:45:04.846613+00:00] cycle day=2026-08-21 ok=13/13 free=74.4GiB
[2026-08-21T08:50:07.201951+00:00] cycle day=2026-08-21 ok=13/13 free=74.8GiB
[2026-08-21T08:55:03.014487+00:00] cycle day=2026-08-21 ok=13/13 free=74.8GiB
[2026-08-21T09:00:03.592771+00:00] cycle day=2026-08-21 ok=13/13 free=75.7GiB
[2026-08-21T09:05:03.922133+00:00] cycle day=2026-08-21 ok=13/13 free=75.7GiB
[2026-08-21T09:10:03.552453+00:00] cycle day=2026-08-21 ok=13/13 free=74.7GiB
[2026-08-21T09:15:03.775611+00:00] cycle day=2026-08-21 ok=13/13 free=73.6GiB
[2026-08-21T09:20:04.497552+00:00] cycle day=2026-08-21 ok=13/13 free=72.7GiB
[2026-08-21T09:25:03.343644+00:00] cycle day=2026-08-21 ok=13/13 free=72.6GiB
[2026-08-21T09:30:06.312225+00:00] cycle day=2026-08-21 ok=13/13 free=72.6GiB
[2026-08-21T09:35:03.791198+00:00] cycle day=2026-08-21 ok=13/13 free=71.6GiB
[2026-08-21T09:40:04.264809+00:00] cycle day=2026-08-21 ok=13/13 free=71.7GiB
[2026-08-21T09:45:04.454070+00:00] cycle day=2026-08-21 ok=13/13 free=75.7GiB
[2026-08-21T09:50:03.037556+00:00] cycle day=2026-08-21 ok=13/13 free=75.7GiB
[2026-08-21T09:55:04.106984+00:00] cycle day=2026-08-21 ok=13/13 free=75.7GiB
[2026-08-21T10:00:03.703634+00:00] cycle day=2026-08-21 ok=13/13 free=75.7GiB
[2026-08-21T10:05:06.193982+00:00] cycle day=2026-08-21 ok=13/13 free=76.6GiB
[2026-08-21T10:10:04.327621+00:00] cycle day=2026-08-21 ok=13/13 free=76.6GiB
[2026-08-21T10:15:09.371409+00:00] cycle day=2026-08-21 ok=13/13 free=76.4GiB
[2026-08-21T10:20:09.541432+00:00] cycle day=2026-08-21 ok=13/13 free=72.4GiB
[2026-08-21T10:25:05.750487+00:00] cycle day=2026-08-21 ok=13/13 free=72.6GiB
[2026-08-21T10:30:06.780748+00:00] cycle day=2026-08-21 ok=13/13 free=72.4GiB
[2026-08-21T10:35:06.790009+00:00] cycle day=2026-08-21 ok=13/13 free=72.4GiB
[2026-08-21T10:40:05.113722+00:00] cycle day=2026-08-21 ok=13/13 free=72.8GiB
[2026-08-21T10:45:16.269209+00:00] cycle day=2026-08-21 ok=13/13 free=70.9GiB
[2026-08-21T10:50:04.201197+00:00] cycle day=2026-08-21 ok=13/13 free=70.9GiB
[2026-08-21T10:55:04.117812+00:00] cycle day=2026-08-21 ok=13/13 free=70.9GiB
[2026-08-21T11:00:05.066480+00:00] cycle day=2026-08-21 ok=13/13 free=71.8GiB
[2026-08-21T11:05:04.648682+00:00] cycle day=2026-08-21 ok=13/13 free=74.3GiB
[2026-08-21T11:10:05.159086+00:00] cycle day=2026-08-21 ok=13/13 free=70.7GiB
[2026-08-21T11:15:03.442527+00:00] cycle day=2026-08-21 ok=13/13 free=70.8GiB
[2026-08-21T11:20:04.551980+00:00] cycle day=2026-08-21 ok=13/13 free=68.8GiB
[2026-08-21T11:25:03.600180+00:00] cycle day=2026-08-21 ok=13/13 free=67.8GiB
[2026-08-21T11:30:03.436939+00:00] cycle day=2026-08-21 ok=13/13 free=71.9GiB
[2026-08-21T11:35:03.520360+00:00] cycle day=2026-08-21 ok=13/13 free=72.1GiB
[2026-08-21T11:40:14.679143+00:00] cycle day=2026-08-21 ok=13/13 free=71.5GiB
[2026-08-21T11:45:03.494514+00:00] cycle day=2026-08-21 ok=13/13 free=71.5GiB
[2026-08-21T11:50:05.445159+00:00] cycle day=2026-08-21 ok=13/13 free=72.4GiB
[2026-08-21T11:55:03.973964+00:00] cycle day=2026-08-21 ok=13/13 free=72.4GiB
[2026-08-21T12:00:04.177023+00:00] cycle day=2026-08-21 ok=13/13 free=72.4GiB
[2026-08-21T12:05:03.363470+00:00] cycle day=2026-08-21 ok=13/13 free=72.4GiB
[2026-08-21T12:10:03.320827+00:00] cycle day=2026-08-21 ok=13/13 free=72.4GiB
[2026-08-21T12:15:03.768229+00:00] cycle day=2026-08-21 ok=13/13 free=72.4GiB
[2026-08-21T12:20:03.842669+00:00] cycle day=2026-08-21 ok=13/13 free=72.4GiB
[2026-08-21T12:25:03.262100+00:00] cycle day=2026-08-21 ok=13/13 free=72.4GiB
[2026-08-21T12:30:10.879445+00:00] cycle day=2026-08-21 ok=13/13 free=72.4GiB
[2026-08-21T12:35:03.524172+00:00] cycle day=2026-08-21 ok=13/13 free=72.4GiB
[2026-08-21T12:40:03.187667+00:00] cycle day=2026-08-21 ok=13/13 free=72.4GiB
[2026-08-21T12:45:06.044270+00:00] cycle day=2026-08-21 ok=13/13 free=73.4GiB
[2026-08-21T12:50:03.181028+00:00] cycle day=2026-08-21 ok=13/13 free=73.4GiB
[2026-08-21T12:55:04.621745+00:00] cycle day=2026-08-21 ok=13/13 free=73.4GiB
[2026-08-21T13:00:03.440642+00:00] cycle day=2026-08-21 ok=13/13 free=73.4GiB
[2026-08-21T13:05:03.706033+00:00] cycle day=2026-08-21 ok=13/13 free=73.4GiB
[2026-08-21T13:10:03.203758+00:00] cycle day=2026-08-21 ok=13/13 free=73.4GiB
[2026-08-21T13:15:04.505140+00:00] cycle day=2026-08-21 ok=13/13 free=73.4GiB
[2026-08-21T13:20:03.209313+00:00] cycle day=2026-08-21 ok=13/13 free=73.4GiB
[2026-08-21T13:25:03.125949+00:00] cycle day=2026-08-21 ok=13/13 free=73.4GiB
[2026-08-21T13:30:04.269835+00:00] cycle day=2026-08-21 ok=13/13 free=73.4GiB
[2026-08-21T13:35:03.659207+00:00] cycle day=2026-08-21 ok=13/13 free=73.3GiB
[2026-08-21T13:40:03.456382+00:00] cycle day=2026-08-21 ok=13/13 free=72.3GiB
[2026-08-21T13:45:02.988132+00:00] cycle day=2026-08-21 ok=13/13 free=72.3GiB
[2026-08-21T13:50:02.999667+00:00] cycle day=2026-08-21 ok=13/13 free=72.3GiB
[2026-08-21T13:55:04.350562+00:00] cycle day=2026-08-21 ok=13/13 free=72.3GiB
[2026-08-21T14:00:05.882739+00:00] cycle day=2026-08-21 ok=13/13 free=72.3GiB
[2026-08-21T14:05:03.283255+00:00] cycle day=2026-08-21 ok=13/13 free=72.4GiB
[2026-08-21T14:10:03.310085+00:00] cycle day=2026-08-21 ok=13/13 free=72.4GiB
[2026-08-21T14:15:04.757443+00:00] cycle day=2026-08-21 ok=13/13 free=72.4GiB
[2026-08-21T14:20:03.420746+00:00] cycle day=2026-08-21 ok=13/13 free=72.3GiB
[2026-08-21T14:25:03.541592+00:00] cycle day=2026-08-21 ok=13/13 free=72.3GiB
[2026-08-21T14:30:03.624323+00:00] cycle day=2026-08-21 ok=13/13 free=72.4GiB
[2026-08-21T14:35:06.746062+00:00] cycle day=2026-08-21 ok=13/13 free=72.4GiB
[2026-08-21T14:40:04.518343+00:00] cycle day=2026-08-21 ok=13/13 free=72.4GiB
[2026-08-21T14:45:03.981293+00:00] cycle day=2026-08-21 ok=13/13 free=72.4GiB
[2026-08-21T14:50:04.175643+00:00] cycle day=2026-08-21 ok=13/13 free=72.3GiB
[2026-08-21T14:55:03.454636+00:00] cycle day=2026-08-21 ok=13/13 free=72.3GiB
[2026-08-21T15:00:03.626141+00:00] cycle day=2026-08-21 ok=13/13 free=72.3GiB
[2026-08-21T15:05:03.250155+00:00] cycle day=2026-08-21 ok=13/13 free=72.3GiB
[2026-08-21T15:10:06.863928+00:00] cycle day=2026-08-21 ok=13/13 free=71.3GiB
[2026-08-21T15:15:03.266347+00:00] cycle day=2026-08-21 ok=13/13 free=71.3GiB
[2026-08-21T15:20:04.580414+00:00] cycle day=2026-08-21 ok=13/13 free=71.3GiB
[2026-08-21T15:25:03.392530+00:00] cycle day=2026-08-21 ok=13/13 free=71.3GiB
[2026-08-21T15:30:03.718640+00:00] cycle day=2026-08-21 ok=13/13 free=71.3GiB
[2026-08-21T15:35:02.913429+00:00] cycle day=2026-08-21 ok=13/13 free=71.3GiB
[2026-08-21T15:40:03.648818+00:00] cycle day=2026-08-21 ok=13/13 free=71.3GiB
[2026-08-21T15:45:03.482475+00:00] cycle day=2026-08-21 ok=13/13 free=71.3GiB
[2026-08-21T15:50:04.486838+00:00] cycle day=2026-08-21 ok=13/13 free=71.3GiB
[2026-08-21T15:55:03.173392+00:00] cycle day=2026-08-21 ok=13/13 free=71.3GiB
[2026-08-21T16:00:03.563094+00:00] cycle day=2026-08-21 ok=13/13 free=71.3GiB
[2026-08-21T16:05:03.406864+00:00] cycle day=2026-08-21 ok=13/13 free=71.3GiB
[2026-08-21T16:10:03.490942+00:00] cycle day=2026-08-21 ok=13/13 free=71.3GiB
[2026-08-21T16:15:04.523848+00:00] cycle day=2026-08-21 ok=13/13 free=71.3GiB
[2026-08-21T16:20:03.438784+00:00] cycle day=2026-08-21 ok=13/13 free=71.3GiB
[2026-08-21T16:25:03.127612+00:00] cycle day=2026-08-21 ok=13/13 free=71.3GiB
[2026-08-21T16:30:03.026141+00:00] cycle day=2026-08-21 ok=13/13 free=71.3GiB
[2026-08-21T16:35:03.010220+00:00] cycle day=2026-08-21 ok=13/13 free=71.3GiB
[2026-08-21T16:40:03.176265+00:00] cycle day=2026-08-21 ok=13/13 free=71.3GiB
[2026-08-21T16:45:28.036221+00:00] cycle day=2026-08-21 ok=13/13 free=75.3GiB
[2026-08-21T16:50:03.264543+00:00] cycle day=2026-08-21 ok=13/13 free=74.6GiB
[2026-08-21T16:55:03.229506+00:00] cycle day=2026-08-21 ok=13/13 free=75.5GiB
[2026-08-21T17:00:08.948865+00:00] cycle day=2026-08-21 ok=13/13 free=76.5GiB
[2026-08-21T17:05:02.978658+00:00] cycle day=2026-08-21 ok=13/13 free=76.6GiB
[2026-08-21T17:10:05.325456+00:00] cycle day=2026-08-21 ok=13/13 free=76.6GiB
[2026-08-21T17:15:03.199391+00:00] cycle day=2026-08-21 ok=13/13 free=76.6GiB
[2026-08-21T17:20:02.972318+00:00] cycle day=2026-08-21 ok=13/13 free=76.6GiB
[2026-08-21T17:25:03.297985+00:00] cycle day=2026-08-21 ok=13/13 free=76.6GiB
[2026-08-21T17:30:03.460275+00:00] cycle day=2026-08-21 ok=13/13 free=76.6GiB
[2026-08-21T17:35:05.400333+00:00] cycle day=2026-08-21 ok=13/13 free=76.6GiB
[2026-08-21T17:40:03.266657+00:00] cycle day=2026-08-21 ok=13/13 free=76.8GiB
[2026-08-21T17:45:05.439531+00:00] cycle day=2026-08-21 ok=13/13 free=76.8GiB
[2026-08-21T17:50:04.048924+00:00] cycle day=2026-08-21 ok=13/13 free=76.8GiB
[2026-08-21T17:55:03.283697+00:00] cycle day=2026-08-21 ok=13/13 free=76.8GiB
[2026-08-21T18:00:03.107331+00:00] cycle day=2026-08-21 ok=13/13 free=76.8GiB
[2026-08-21T18:05:03.107298+00:00] cycle day=2026-08-21 ok=13/13 free=76.8GiB
[2026-08-21T18:10:03.180325+00:00] cycle day=2026-08-21 ok=13/13 free=76.8GiB
[2026-08-21T18:15:04.421962+00:00] cycle day=2026-08-21 ok=13/13 free=76.8GiB
[2026-08-21T18:20:03.103037+00:00] cycle day=2026-08-21 ok=13/13 free=76.8GiB
[2026-08-21T18:25:02.836712+00:00] cycle day=2026-08-21 ok=13/13 free=76.8GiB
[2026-08-21T18:30:03.267111+00:00] cycle day=2026-08-21 ok=13/13 free=76.8GiB
[2026-08-21T18:35:04.966734+00:00] cycle day=2026-08-21 ok=13/13 free=76.8GiB
[2026-08-21T18:40:03.152728+00:00] cycle day=2026-08-21 ok=13/13 free=76.8GiB
[2026-08-21T18:45:02.916425+00:00] cycle day=2026-08-21 ok=13/13 free=76.8GiB
[2026-08-21T18:50:03.071138+00:00] cycle day=2026-08-21 ok=13/13 free=76.8GiB
[2026-08-21T18:55:02.974411+00:00] cycle day=2026-08-21 ok=13/13 free=76.8GiB
[2026-08-21T19:00:03.298478+00:00] cycle day=2026-08-21 ok=13/13 free=76.8GiB
[2026-08-21T19:05:03.977478+00:00] cycle day=2026-08-21 ok=13/13 free=76.8GiB
[2026-08-21T19:10:03.014529+00:00] cycle day=2026-08-21 ok=13/13 free=76.8GiB
[2026-08-21T19:15:02.816037+00:00] cycle day=2026-08-21 ok=13/13 free=76.8GiB
[2026-08-21T19:20:02.993552+00:00] cycle day=2026-08-21 ok=13/13 free=76.8GiB
[2026-08-21T19:25:03.139896+00:00] cycle day=2026-08-21 ok=13/13 free=76.8GiB
[2026-08-21T19:30:02.973875+00:00] cycle day=2026-08-21 ok=13/13 free=76.8GiB
[2026-08-21T19:35:02.877915+00:00] cycle day=2026-08-21 ok=13/13 free=76.8GiB
[2026-08-21T19:40:03.164483+00:00] cycle day=2026-08-21 ok=13/13 free=76.8GiB
[2026-08-21T19:45:02.795189+00:00] cycle day=2026-08-21 ok=13/13 free=76.8GiB
[2026-08-21T19:50:05.395744+00:00] cycle day=2026-08-21 ok=13/13 free=76.8GiB
[2026-08-21T19:55:02.788330+00:00] cycle day=2026-08-21 ok=13/13 free=76.8GiB
[2026-08-21T20:00:03.607824+00:00] cycle day=2026-08-21 ok=13/13 free=76.8GiB
[2026-08-21T20:05:03.289316+00:00] cycle day=2026-08-21 ok=13/13 free=76.8GiB
[2026-08-21T20:10:03.998017+00:00] cycle day=2026-08-21 ok=13/13 free=76.8GiB
[2026-08-21T20:15:03.072245+00:00] cycle day=2026-08-21 ok=13/13 free=76.8GiB
[2026-08-21T20:20:03.278666+00:00] cycle day=2026-08-21 ok=13/13 free=76.8GiB
[2026-08-21T20:25:03.075101+00:00] cycle day=2026-08-21 ok=13/13 free=76.8GiB
[2026-08-21T20:30:03.215831+00:00] cycle day=2026-08-21 ok=13/13 free=76.8GiB
[2026-08-21T20:35:03.029891+00:00] cycle day=2026-08-21 ok=13/13 free=76.8GiB
[2026-08-21T20:40:03.289744+00:00] cycle day=2026-08-21 ok=13/13 free=76.8GiB
[2026-08-21T20:45:03.063752+00:00] cycle day=2026-08-21 ok=13/13 free=76.8GiB
[2026-08-21T20:50:03.019871+00:00] cycle day=2026-08-21 ok=13/13 free=77.8GiB
[2026-08-21T20:55:03.066499+00:00] cycle day=2026-08-21 ok=13/13 free=77.8GiB
[2026-08-21T21:00:03.581860+00:00] cycle day=2026-08-21 ok=13/13 free=77.8GiB
[2026-08-21T21:05:02.811018+00:00] cycle day=2026-08-21 ok=13/13 free=77.8GiB
[2026-08-21T21:10:03.001032+00:00] cycle day=2026-08-21 ok=13/13 free=77.8GiB
[2026-08-21T21:15:03.003964+00:00] cycle day=2026-08-21 ok=13/13 free=77.8GiB
[2026-08-21T21:20:03.071570+00:00] cycle day=2026-08-21 ok=13/13 free=77.8GiB
[2026-08-21T21:25:03.269541+00:00] cycle day=2026-08-21 ok=13/13 free=77.8GiB
[2026-08-21T21:30:03.269647+00:00] cycle day=2026-08-21 ok=13/13 free=77.8GiB
[2026-08-21T21:35:03.060558+00:00] cycle day=2026-08-21 ok=13/13 free=77.8GiB
[2026-08-21T21:40:03.255983+00:00] cycle day=2026-08-21 ok=13/13 free=77.8GiB
[2026-08-21T21:45:02.767716+00:00] cycle day=2026-08-21 ok=13/13 free=77.8GiB
[2026-08-21T21:50:02.858647+00:00] cycle day=2026-08-21 ok=13/13 free=77.7GiB
[2026-08-21T21:55:02.775264+00:00] cycle day=2026-08-21 ok=13/13 free=77.8GiB
[2026-08-21T22:00:05.626756+00:00] cycle day=2026-08-21 ok=13/13 free=77.8GiB
[2026-08-21T22:05:05.789964+00:00] cycle day=2026-08-21 ok=13/13 free=77.8GiB
[2026-08-21T22:10:03.256543+00:00] cycle day=2026-08-21 ok=13/13 free=77.8GiB
[2026-08-21T22:15:03.279656+00:00] cycle day=2026-08-21 ok=13/13 free=77.7GiB
[2026-08-21T22:20:03.070544+00:00] cycle day=2026-08-21 ok=13/13 free=77.8GiB
[2026-08-21T22:25:02.788012+00:00] cycle day=2026-08-21 ok=13/13 free=77.7GiB
[2026-08-21T22:30:06.274942+00:00] cycle day=2026-08-21 ok=13/13 free=77.7GiB
[2026-08-21T22:35:03.005202+00:00] cycle day=2026-08-21 ok=13/13 free=77.7GiB
[2026-08-21T22:40:02.764776+00:00] cycle day=2026-08-21 ok=13/13 free=77.7GiB
[2026-08-21T22:45:03.003347+00:00] cycle day=2026-08-21 ok=13/13 free=77.7GiB
[2026-08-21T22:50:02.866501+00:00] cycle day=2026-08-21 ok=13/13 free=77.6GiB
[2026-08-21T22:55:02.816220+00:00] cycle day=2026-08-21 ok=13/13 free=77.7GiB
[2026-08-21T23:00:03.241652+00:00] cycle day=2026-08-21 ok=13/13 free=77.6GiB
[2026-08-21T23:05:02.831561+00:00] cycle day=2026-08-21 ok=13/13 free=77.6GiB
[2026-08-21T23:10:03.490620+00:00] cycle day=2026-08-21 ok=13/13 free=77.6GiB
[2026-08-21T23:15:02.992430+00:00] cycle day=2026-08-21 ok=13/13 free=77.6GiB
[2026-08-21T23:20:03.233180+00:00] cycle day=2026-08-21 ok=13/13 free=77.6GiB
[2026-08-21T23:25:02.811448+00:00] cycle day=2026-08-21 ok=13/13 free=77.6GiB
[2026-08-21T23:30:02.966218+00:00] cycle day=2026-08-21 ok=13/13 free=77.6GiB
[2026-08-21T23:35:02.958562+00:00] cycle day=2026-08-21 ok=13/13 free=77.6GiB
[2026-08-21T23:40:02.971034+00:00] cycle day=2026-08-21 ok=13/13 free=77.6GiB
[2026-08-21T23:45:03.080431+00:00] cycle day=2026-08-21 ok=13/13 free=77.6GiB
[2026-08-21T23:50:03.104677+00:00] cycle day=2026-08-21 ok=13/13 free=77.6GiB
[2026-08-21T23:55:03.037432+00:00] cycle day=2026-08-21 ok=13/13 free=77.5GiB
[2026-08-22T00:00:00.226426+00:00] UTC rollover 2026-08-21 -> 2026-08-22
  finalized /Users/benebsworth/projects/omega/data/frozen_series/binance_depth_forward/ADAUSDT/2026-08-21.json.gz (277 snapshots, 297092 B)
  finalized /Users/benebsworth/projects/omega/data/frozen_series/binance_depth_forward/ARBUSDT/2026-08-21.json.gz (277 snapshots, 313778 B)
  finalized /Users/benebsworth/projects/omega/data/frozen_series/binance_depth_forward/AVAXUSDT/2026-08-21.json.gz (277 snapshots, 225386 B)
  finalized /Users/benebsworth/projects/omega/data/frozen_series/binance_depth_forward/BNBUSDT/2026-08-21.json.gz (277 snapshots, 252780 B)
  finalized /Users/benebsworth/projects/omega/data/frozen_series/binance_depth_forward/BTCUSDT/2026-08-21.json.gz (277 snapshots, 211255 B)
  finalized /Users/benebsworth/projects/omega/data/frozen_series/binance_depth_forward/DOTUSDT/2026-08-21.json.gz (277 snapshots, 300752 B)
  finalized /Users/benebsworth/projects/omega/data/frozen_series/binance_depth_forward/ETHUSDT/2026-08-21.json.gz (277 snapshots, 283744 B)
  finalized /Users/benebsworth/projects/omega/data/frozen_series/binance_depth_forward/LINKUSDT/2026-08-21.json.gz (277 snapshots, 311745 B)
  finalized /Users/benebsworth/projects/omega/data/frozen_series/binance_depth_forward/NEARUSDT/2026-08-21.json.gz (277 snapshots, 268297 B)
  finalized /Users/benebsworth/projects/omega/data/frozen_series/binance_depth_forward/POLUSDT/2026-08-21.json.gz (277 snapshots, 265097 B)
  finalized /Users/benebsworth/projects/omega/data/frozen_series/binance_depth_forward/SOLUSDT/2026-08-21.json.gz (277 snapshots, 318547 B)
  finalized /Users/benebsworth/projects/omega/data/frozen_series/binance_depth_forward/SUIUSDT/2026-08-21.json.gz (277 snapshots, 318729 B)
  finalized /Users/benebsworth/projects/omega/data/frozen_series/binance_depth_forward/XRPUSDT/2026-08-21.json.gz (277 snapshots, 332942 B)
[2026-08-22T00:00:25.600703+00:00] cycle day=2026-08-22 ok=13/13 free=77.6GiB
[2026-08-22T00:05:03.197845+00:00] cycle day=2026-08-22 ok=13/13 free=77.6GiB
[2026-08-22T00:10:03.268296+00:00] cycle day=2026-08-22 ok=13/13 free=77.5GiB
[2026-08-22T00:15:03.051831+00:00] cycle day=2026-08-22 ok=13/13 free=77.5GiB
[2026-08-22T00:20:03.178132+00:00] cycle day=2026-08-22 ok=13/13 free=77.5GiB
[2026-08-22T00:25:03.269847+00:00] cycle day=2026-08-22 ok=13/13 free=77.5GiB
[2026-08-22T00:30:04.039353+00:00] cycle day=2026-08-22 ok=13/13 free=77.5GiB
[2026-08-22T00:35:04.352275+00:00] cycle day=2026-08-22 ok=13/13 free=77.5GiB
[2026-08-22T00:40:03.909596+00:00] cycle day=2026-08-22 ok=13/13 free=77.5GiB
[2026-08-22T00:45:04.044062+00:00] cycle day=2026-08-22 ok=13/13 free=77.5GiB
[2026-08-22T00:50:02.977643+00:00] cycle day=2026-08-22 ok=13/13 free=77.5GiB
[2026-08-22T00:55:03.739545+00:00] cycle day=2026-08-22 ok=13/13 free=77.5GiB
[2026-08-22T01:00:03.490656+00:00] cycle day=2026-08-22 ok=13/13 free=77.5GiB
[2026-08-22T01:05:03.261019+00:00] cycle day=2026-08-22 ok=13/13 free=77.5GiB
[2026-08-22T01:10:03.122074+00:00] cycle day=2026-08-22 ok=13/13 free=77.5GiB
[2026-08-22T01:15:03.731983+00:00] cycle day=2026-08-22 ok=13/13 free=77.5GiB
[2026-08-22T01:20:03.736223+00:00] cycle day=2026-08-22 ok=13/13 free=77.5GiB
[2026-08-22T01:25:03.651616+00:00] cycle day=2026-08-22 ok=13/13 free=77.5GiB
[2026-08-22T01:30:02.843629+00:00] cycle day=2026-08-22 ok=13/13 free=77.5GiB
[2026-08-22T01:35:03.149600+00:00] cycle day=2026-08-22 ok=13/13 free=77.5GiB
[2026-08-22T01:40:03.031120+00:00] cycle day=2026-08-22 ok=13/13 free=77.5GiB
[2026-08-22T01:45:03.365264+00:00] cycle day=2026-08-22 ok=13/13 free=77.5GiB
[2026-08-22T01:50:03.868136+00:00] cycle day=2026-08-22 ok=13/13 free=77.5GiB
[2026-08-22T01:55:04.591207+00:00] cycle day=2026-08-22 ok=13/13 free=77.5GiB
[2026-08-22T02:00:03.496165+00:00] cycle day=2026-08-22 ok=13/13 free=77.5GiB
[2026-08-22T02:05:03.885551+00:00] cycle day=2026-08-22 ok=13/13 free=77.5GiB
[2026-08-22T02:10:03.108927+00:00] cycle day=2026-08-22 ok=13/13 free=77.5GiB
[2026-08-22T02:15:03.259816+00:00] cycle day=2026-08-22 ok=13/13 free=77.5GiB
[2026-08-22T02:20:03.855775+00:00] cycle day=2026-08-22 ok=13/13 free=77.5GiB
[2026-08-22T02:25:03.126116+00:00] cycle day=2026-08-22 ok=13/13 free=77.5GiB
[2026-08-22T02:30:03.538417+00:00] cycle day=2026-08-22 ok=13/13 free=78.5GiB
[2026-08-22T02:35:04.037899+00:00] cycle day=2026-08-22 ok=13/13 free=78.5GiB
[2026-08-22T02:40:03.211672+00:00] cycle day=2026-08-22 ok=13/13 free=78.5GiB
[2026-08-22T02:45:03.127615+00:00] cycle day=2026-08-22 ok=13/13 free=78.5GiB
[2026-08-22T02:50:04.583556+00:00] cycle day=2026-08-22 ok=13/13 free=80.4GiB
[2026-08-22T02:55:05.050190+00:00] cycle day=2026-08-22 ok=13/13 free=79.4GiB
[2026-08-22T03:00:07.639888+00:00] cycle day=2026-08-22 ok=13/13 free=79.2GiB
[2026-08-22T03:05:09.646497+00:00] cycle day=2026-08-22 ok=13/13 free=80.3GiB
[2026-08-22T03:10:15.741067+00:00] cycle day=2026-08-22 ok=13/13 free=79.2GiB
[2026-08-22T03:15:07.292396+00:00] cycle day=2026-08-22 ok=13/13 free=79.1GiB
[2026-08-22T03:20:09.342866+00:00] cycle day=2026-08-22 ok=13/13 free=80.9GiB
[2026-08-22T03:25:03.301010+00:00] cycle day=2026-08-22 ok=13/13 free=79.4GiB
[2026-08-22T03:30:10.810878+00:00] cycle day=2026-08-22 ok=13/13 free=79.7GiB
[2026-08-22T03:35:06.373315+00:00] cycle day=2026-08-22 ok=13/13 free=79.7GiB
[2026-08-22T03:40:04.508511+00:00] cycle day=2026-08-22 ok=13/13 free=79.6GiB
[2026-08-22T03:45:12.321857+00:00] cycle day=2026-08-22 ok=13/13 free=80.2GiB
[2026-08-22T03:50:05.151984+00:00] cycle day=2026-08-22 ok=13/13 free=78.2GiB
[2026-08-22T03:55:03.785828+00:00] cycle day=2026-08-22 ok=13/13 free=77.3GiB
[2026-08-22T04:00:09.836517+00:00] cycle day=2026-08-22 ok=13/13 free=77.3GiB
[2026-08-22T04:05:05.783234+00:00] cycle day=2026-08-22 ok=13/13 free=77.4GiB
[2026-08-22T04:10:07.670395+00:00] cycle day=2026-08-22 ok=13/13 free=77.3GiB
[2026-08-22T04:15:05.117946+00:00] cycle day=2026-08-22 ok=13/13 free=77.3GiB
[2026-08-22T04:20:04.735209+00:00] cycle day=2026-08-22 ok=13/13 free=77.3GiB
[2026-08-22T04:25:04.866776+00:00] cycle day=2026-08-22 ok=13/13 free=77.4GiB
[2026-08-22T04:30:03.775785+00:00] cycle day=2026-08-22 ok=13/13 free=77.3GiB
[2026-08-22T04:35:03.078818+00:00] cycle day=2026-08-22 ok=13/13 free=77.2GiB
[2026-08-22T04:40:03.438439+00:00] cycle day=2026-08-22 ok=13/13 free=77.2GiB
[2026-08-22T04:45:03.735747+00:00] cycle day=2026-08-22 ok=13/13 free=77.5GiB
[2026-08-22T04:50:05.050980+00:00] cycle day=2026-08-22 ok=13/13 free=77.5GiB
[2026-08-22T04:55:03.264603+00:00] cycle day=2026-08-22 ok=13/13 free=77.5GiB
[2026-08-22T05:00:03.498808+00:00] cycle day=2026-08-22 ok=13/13 free=77.5GiB
[2026-08-22T05:05:03.318216+00:00] cycle day=2026-08-22 ok=13/13 free=77.5GiB
[2026-08-22T05:10:03.398729+00:00] cycle day=2026-08-22 ok=13/13 free=77.5GiB
[2026-08-22T05:15:02.944065+00:00] cycle day=2026-08-22 ok=13/13 free=77.5GiB
[2026-08-22T05:20:03.238667+00:00] cycle day=2026-08-22 ok=13/13 free=77.5GiB
[2026-08-22T05:25:03.134464+00:00] cycle day=2026-08-22 ok=13/13 free=77.5GiB
[2026-08-22T05:30:03.110098+00:00] cycle day=2026-08-22 ok=13/13 free=77.5GiB
[2026-08-22T05:35:03.873780+00:00] cycle day=2026-08-22 ok=13/13 free=77.5GiB
[2026-08-22T05:40:03.143665+00:00] cycle day=2026-08-22 ok=13/13 free=77.4GiB
[2026-08-22T05:45:03.528352+00:00] cycle day=2026-08-22 ok=13/13 free=77.4GiB
[2026-08-22T05:50:03.381195+00:00] cycle day=2026-08-22 ok=13/13 free=78.5GiB
[2026-08-22T05:55:03.425928+00:00] cycle day=2026-08-22 ok=13/13 free=78.5GiB
[2026-08-22T06:00:03.973312+00:00] cycle day=2026-08-22 ok=13/13 free=78.5GiB
[2026-08-22T06:05:03.071889+00:00] cycle day=2026-08-22 ok=13/13 free=78.4GiB
[2026-08-22T06:10:10.374206+00:00] cycle day=2026-08-22 ok=13/13 free=78.4GiB
[2026-08-22T06:15:04.807261+00:00] cycle day=2026-08-22 ok=13/13 free=78.5GiB
[2026-08-22T06:20:04.171308+00:00] cycle day=2026-08-22 ok=13/13 free=66.5GiB
[2026-08-22T06:25:04.971168+00:00] cycle day=2026-08-22 ok=13/13 free=67.5GiB
[2026-08-22T06:30:04.804968+00:00] cycle day=2026-08-22 ok=13/13 free=64.8GiB
[2026-08-22T06:35:06.278432+00:00] cycle day=2026-08-22 ok=13/13 free=64.5GiB
[2026-08-22T06:40:08.377469+00:00] cycle day=2026-08-22 ok=13/13 free=63.0GiB
[2026-08-22T06:45:06.111090+00:00] cycle day=2026-08-22 ok=13/13 free=67.9GiB
[2026-08-22T06:50:19.976616+00:00] cycle day=2026-08-22 ok=13/13 free=64.2GiB
[2026-08-22T06:55:07.423355+00:00] cycle day=2026-08-22 ok=13/13 free=57.8GiB
[2026-08-22T07:00:15.372146+00:00] cycle day=2026-08-22 ok=13/13 free=57.3GiB
[2026-08-22T07:05:07.428793+00:00] cycle day=2026-08-22 ok=13/13 free=55.2GiB
[2026-08-22T07:10:11.037529+00:00] cycle day=2026-08-22 ok=13/13 free=56.2GiB
[2026-08-22T07:15:09.215318+00:00] cycle day=2026-08-22 ok=13/13 free=50.2GiB
[2026-08-22T07:20:03.970526+00:00] cycle day=2026-08-22 ok=13/13 free=49.1GiB
[2026-08-22T07:25:15.070208+00:00] cycle day=2026-08-22 ok=13/13 free=46.8GiB
[2026-08-22T07:30:17.445065+00:00] cycle day=2026-08-22 ok=13/13 free=46.1GiB
[2026-08-22T07:35:04.003107+00:00] cycle day=2026-08-22 ok=13/13 free=46.3GiB
[2026-08-22T07:40:09.542585+00:00] cycle day=2026-08-22 ok=13/13 free=41.5GiB
[2026-08-22T07:45:09.383554+00:00] cycle day=2026-08-22 ok=13/13 free=40.8GiB
[2026-08-22T07:50:08.467644+00:00] cycle day=2026-08-22 ok=13/13 free=39.9GiB
[2026-08-22T07:55:07.149959+00:00] cycle day=2026-08-22 ok=13/13 free=39.7GiB
[2026-08-22T08:00:07.666549+00:00] cycle day=2026-08-22 ok=13/13 free=39.8GiB
[2026-08-22T08:05:16.407401+00:00] cycle day=2026-08-22 ok=13/13 free=39.0GiB
[2026-08-22T08:10:07.144180+00:00] cycle day=2026-08-22 ok=13/13 free=36.5GiB
[2026-08-22T08:15:20.459248+00:00] cycle day=2026-08-22 ok=13/13 free=38.1GiB
[2026-08-22T08:20:08.018132+00:00] cycle day=2026-08-22 ok=13/13 free=38.8GiB
[2026-08-22T08:25:17.972768+00:00] cycle day=2026-08-22 ok=13/13 free=37.8GiB
[2026-08-22T08:30:13.269548+00:00] cycle day=2026-08-22 ok=13/13 free=38.4GiB
[2026-08-22T08:35:12.114098+00:00] cycle day=2026-08-22 ok=13/13 free=38.0GiB
[2026-08-22T08:40:10.269290+00:00] cycle day=2026-08-22 ok=13/13 free=38.6GiB
[2026-08-22T08:45:18.667866+00:00] cycle day=2026-08-22 ok=13/13 free=36.5GiB
[2026-08-22T08:50:13.263201+00:00] cycle day=2026-08-22 ok=13/13 free=38.8GiB
[2026-08-22T08:55:36.083943+00:00] cycle day=2026-08-22 ok=13/13 free=40.2GiB
[2026-08-22T09:00:17.314860+00:00] cycle day=2026-08-22 ok=13/13 free=37.7GiB
[2026-08-22T09:05:08.003657+00:00] cycle day=2026-08-22 ok=13/13 free=37.7GiB
[2026-08-22T09:10:07.852711+00:00] cycle day=2026-08-22 ok=13/13 free=35.8GiB
[2026-08-22T09:15:15.859488+00:00] cycle day=2026-08-22 ok=13/13 free=34.7GiB
[2026-08-22T09:20:07.681590+00:00] cycle day=2026-08-22 ok=13/13 free=34.4GiB
[2026-08-22T09:25:09.892047+00:00] cycle day=2026-08-22 ok=13/13 free=34.3GiB
[2026-08-22T09:30:06.963306+00:00] cycle day=2026-08-22 ok=13/13 free=34.1GiB
[2026-08-22T09:35:09.566395+00:00] cycle day=2026-08-22 ok=13/13 free=34.9GiB
[2026-08-22T09:40:05.686922+00:00] cycle day=2026-08-22 ok=13/13 free=34.6GiB
[2026-08-22T09:45:13.660326+00:00] cycle day=2026-08-22 ok=13/13 free=33.1GiB
[2026-08-22T09:50:03.094465+00:00] cycle day=2026-08-22 ok=13/13 free=34.2GiB
[2026-08-22T09:55:04.122782+00:00] cycle day=2026-08-22 ok=13/13 free=34.0GiB
[2026-08-22T10:00:03.364106+00:00] cycle day=2026-08-22 ok=13/13 free=34.0GiB
[2026-08-22T10:05:03.102444+00:00] cycle day=2026-08-22 ok=13/13 free=34.3GiB
[2026-08-22T10:10:32.545215+00:00] cycle day=2026-08-22 ok=13/13 free=33.8GiB
[2026-08-22T10:15:07.001300+00:00] cycle day=2026-08-22 ok=13/13 free=32.4GiB
[2026-08-22T10:20:06.913626+00:00] cycle day=2026-08-22 ok=13/13 free=30.9GiB
[2026-08-22T10:25:10.150330+00:00] cycle day=2026-08-22 ok=13/13 free=29.5GiB
[2026-08-22T10:30:13.678885+00:00] cycle day=2026-08-22 ok=13/13 free=29.3GiB
[2026-08-22T10:35:07.670748+00:00] cycle day=2026-08-22 ok=13/13 free=29.3GiB
[2026-08-22T10:40:15.116315+00:00] cycle day=2026-08-22 ok=13/13 free=29.2GiB
[2026-08-22T10:45:09.182985+00:00] cycle day=2026-08-22 ok=13/13 free=29.1GiB
[2026-08-22T10:50:15.484004+00:00] cycle day=2026-08-22 ok=13/13 free=26.3GiB
[2026-08-22T10:55:14.388265+00:00] cycle day=2026-08-22 ok=13/13 free=27.0GiB
[2026-08-22T11:00:06.755837+00:00] cycle day=2026-08-22 ok=13/13 free=25.9GiB
[2026-08-22T11:05:07.307657+00:00] cycle day=2026-08-22 ok=13/13 free=21.2GiB
[2026-08-22T11:10:06.360643+00:00] cycle day=2026-08-22 ok=13/13 free=22.3GiB
[2026-08-22T11:15:03.581967+00:00] cycle day=2026-08-22 ok=13/13 free=22.1GiB
[2026-08-22T11:20:04.709410+00:00] cycle day=2026-08-22 ok=13/13 free=21.3GiB
[2026-08-22T11:25:08.629980+00:00] cycle day=2026-08-22 ok=13/13 free=21.4GiB
[2026-08-22T11:30:03.488872+00:00] cycle day=2026-08-22 ok=13/13 free=21.5GiB
[2026-08-22T11:35:04.315277+00:00] cycle day=2026-08-22 ok=13/13 free=21.5GiB
[2026-08-22T11:40:02.990487+00:00] cycle day=2026-08-22 ok=13/13 free=21.5GiB
[2026-08-22T11:45:04.792509+00:00] cycle day=2026-08-22 ok=13/13 free=21.5GiB
[2026-08-22T11:50:03.153055+00:00] cycle day=2026-08-22 ok=13/13 free=19.8GiB
[2026-08-22T11:55:06.681094+00:00] cycle day=2026-08-22 ok=13/13 free=19.8GiB
[2026-08-22T12:00:04.015113+00:00] cycle day=2026-08-22 ok=13/13 free=21.3GiB
[2026-08-22T12:05:06.697167+00:00] cycle day=2026-08-22 ok=13/13 free=19.6GiB
[2026-08-22T12:10:06.568316+00:00] cycle day=2026-08-22 ok=13/13 free=17.2GiB
[2026-08-22T12:15:03.872217+00:00] cycle day=2026-08-22 ok=13/13 free=17.3GiB
[2026-08-22T12:20:09.482266+00:00] cycle day=2026-08-22 ok=13/13 free=15.3GiB
[2026-08-22T12:25:06.482610+00:00] cycle day=2026-08-22 ok=13/13 free=14.7GiB
[2026-08-22T12:30:02.720468+00:00] cycle day=2026-08-22 ok=13/13 free=14.6GiB
[2026-08-22T12:35:02.833801+00:00] cycle day=2026-08-22 ok=13/13 free=14.3GiB
[2026-08-22T12:40:03.328739+00:00] cycle day=2026-08-22 ok=13/13 free=12.6GiB
[2026-08-22T12:45:04.117919+00:00] cycle day=2026-08-22 ok=13/13 free=11.5GiB
[2026-08-22T12:50:03.245664+00:00] cycle day=2026-08-22 ok=13/13 free=11.5GiB
[2026-08-22T12:55:02.656375+00:00] cycle day=2026-08-22 ok=13/13 free=12.4GiB
[2026-08-22T13:00:02.821355+00:00] cycle day=2026-08-22 ok=13/13 free=11.8GiB
[2026-08-22T13:05:02.800916+00:00] cycle day=2026-08-22 ok=13/13 free=11.8GiB
[2026-08-22T13:10:03.112566+00:00] cycle day=2026-08-22 ok=13/13 free=10.4GiB
[2026-08-22T13:15:03.792033+00:00] cycle day=2026-08-22 ok=13/13 free=10.5GiB
[2026-08-22T13:20:03.008273+00:00] cycle day=2026-08-22 ok=13/13 free=10.1GiB
[2026-08-22T13:25:03.101358+00:00] cycle day=2026-08-22 ok=13/13 free=10.1GiB
[2026-08-22T13:30:02.663434+00:00] cycle day=2026-08-22 ok=13/13 free=10.1GiB
[2026-08-22T13:35:02.821021+00:00] cycle day=2026-08-22 ok=13/13 free=10.3GiB
[2026-08-22T13:40:02.755747+00:00] cycle day=2026-08-22 ok=13/13 free=9.4GiB
[2026-08-22T13:45:02.818601+00:00] cycle day=2026-08-22 ok=13/13 free=9.3GiB
[2026-08-22T13:50:02.755915+00:00] cycle day=2026-08-22 ok=13/13 free=9.3GiB
[2026-08-22T13:55:03.107952+00:00] cycle day=2026-08-22 ok=13/13 free=10.2GiB
[2026-08-22T14:00:03.310841+00:00] cycle day=2026-08-22 ok=13/13 free=10.1GiB
[2026-08-22T14:05:02.709888+00:00] cycle day=2026-08-22 ok=13/13 free=10.1GiB
[2026-08-22T14:10:02.701263+00:00] cycle day=2026-08-22 ok=13/13 free=10.1GiB
[2026-08-22T14:15:02.958990+00:00] cycle day=2026-08-22 ok=13/13 free=10.1GiB
[2026-08-22T14:20:04.783001+00:00] cycle day=2026-08-22 ok=13/13 free=10.1GiB
[2026-08-22T14:25:02.685232+00:00] cycle day=2026-08-22 ok=13/13 free=10.1GiB
[2026-08-22T14:30:02.666301+00:00] cycle day=2026-08-22 ok=13/13 free=10.1GiB
[2026-08-22T14:35:02.655725+00:00] cycle day=2026-08-22 ok=13/13 free=10.0GiB
[2026-08-22T14:40:02.825645+00:00] cycle day=2026-08-22 ok=13/13 free=10.0GiB
[2026-08-22T14:45:02.965765+00:00] cycle day=2026-08-22 ok=13/13 free=9.9GiB
[2026-08-22T14:50:02.968764+00:00] cycle day=2026-08-22 ok=13/13 free=9.9GiB
[2026-08-22T14:55:03.404489+00:00] cycle day=2026-08-22 ok=13/13 free=9.9GiB
[2026-08-22T15:00:02.924963+00:00] cycle day=2026-08-22 ok=13/13 free=9.9GiB
[2026-08-22T15:05:02.836327+00:00] cycle day=2026-08-22 ok=13/13 free=9.9GiB
[2026-08-22T15:10:02.613575+00:00] cycle day=2026-08-22 ok=13/13 free=9.9GiB
[2026-08-22T15:15:02.592179+00:00] cycle day=2026-08-22 ok=13/13 free=9.8GiB
[2026-08-22T15:20:02.630173+00:00] cycle day=2026-08-22 ok=13/13 free=9.8GiB
[2026-08-22T15:25:03.390330+00:00] cycle day=2026-08-22 ok=13/13 free=9.8GiB
[2026-08-22T15:30:02.632795+00:00] cycle day=2026-08-22 ok=13/13 free=9.8GiB
[2026-08-22T15:35:03.777499+00:00] cycle day=2026-08-22 ok=13/13 free=9.8GiB
[2026-08-22T15:40:02.590548+00:00] cycle day=2026-08-22 ok=13/13 free=9.8GiB
[2026-08-22T15:45:02.682436+00:00] cycle day=2026-08-22 ok=13/13 free=9.7GiB
[2026-08-22T15:50:04.144081+00:00] cycle day=2026-08-22 ok=13/13 free=8.7GiB
[2026-08-22T15:55:02.655196+00:00] cycle day=2026-08-22 ok=13/13 free=8.7GiB
[2026-08-22T16:00:03.114037+00:00] cycle day=2026-08-22 ok=13/13 free=8.6GiB
[2026-08-22T16:05:02.832827+00:00] cycle day=2026-08-22 ok=13/13 free=8.1GiB
[2026-08-22T16:10:02.656697+00:00] cycle day=2026-08-22 ok=13/13 free=8.1GiB
[2026-08-22T16:15:04.088489+00:00] cycle day=2026-08-22 ok=13/13 free=8.0GiB
[2026-08-22T16:20:03.015195+00:00] cycle day=2026-08-22 ok=13/13 free=8.0GiB
[2026-08-22T16:25:02.695938+00:00] cycle day=2026-08-22 ok=13/13 free=8.0GiB
[2026-08-22T16:30:02.695395+00:00] cycle day=2026-08-22 ok=13/13 free=8.0GiB
[2026-08-22T16:35:06.496794+00:00] cycle day=2026-08-22 ok=13/13 free=7.0GiB
[2026-08-22T16:40:03.914797+00:00] cycle day=2026-08-22 ok=13/13 free=7.2GiB
[2026-08-22T16:45:02.895192+00:00] cycle day=2026-08-22 ok=13/13 free=6.4GiB
[2026-08-22T16:50:02.537616+00:00] cycle day=2026-08-22 ok=13/13 free=6.3GiB
[2026-08-22T16:55:03.597414+00:00] cycle day=2026-08-22 ok=13/13 free=5.7GiB
[2026-08-22T17:00:03.309031+00:00] cycle day=2026-08-22 ok=13/13 free=6.7GiB
[2026-08-22T17:05:03.110393+00:00] cycle day=2026-08-22 ok=13/13 free=6.7GiB
[2026-08-22T17:10:03.119373+00:00] cycle day=2026-08-22 ok=13/13 free=6.9GiB
[2026-08-22T17:15:02.608184+00:00] cycle day=2026-08-22 ok=13/13 free=6.8GiB
[2026-08-22T17:20:03.168214+00:00] cycle day=2026-08-22 ok=13/13 free=6.8GiB
[2026-08-22T17:25:02.708772+00:00] cycle day=2026-08-22 ok=13/13 free=4.5GiB
[2026-08-22T17:30:02.720533+00:00] cycle day=2026-08-22 ok=13/13 free=4.5GiB
[2026-08-22T17:35:03.784630+00:00] cycle day=2026-08-22 ok=13/13 free=3.6GiB
[2026-08-22T17:40:04.109717+00:00] cycle day=2026-08-22 ok=13/13 free=3.6GiB
[2026-08-22T17:45:05.147701+00:00] cycle day=2026-08-22 ok=13/13 free=3.3GiB
[2026-08-22T17:50:02.746801+00:00] cycle day=2026-08-22 ok=13/13 free=3.4GiB
[2026-08-22T17:55:02.619280+00:00] cycle day=2026-08-22 ok=13/13 free=3.4GiB
[2026-08-22T18:00:03.025544+00:00] cycle day=2026-08-22 ok=13/13 free=2.5GiB
[2026-08-22T18:05:03.993512+00:00] cycle day=2026-08-22 ok=13/13 free=1.1GiB
[2026-08-22T18:10:02.640346+00:00] cycle day=2026-08-22 ok=13/13 free=0.9GiB
[2026-08-22T18:15:02.963453+00:00] cycle day=2026-08-22 ok=13/13 free=0.9GiB
[2026-08-22T18:20:02.729075+00:00] cycle day=2026-08-22 ok=13/13 free=0.9GiB
[2026-08-22T18:25:02.883003+00:00] cycle day=2026-08-22 ok=13/13 free=1.0GiB
[2026-08-22T18:30:02.692796+00:00] cycle day=2026-08-22 ok=13/13 free=0.8GiB
[2026-08-22T18:35:04.582244+00:00] cycle day=2026-08-22 ok=13/13 free=0.8GiB
[2026-08-22T18:40:02.639581+00:00] cycle day=2026-08-22 ok=13/13 free=0.8GiB
[2026-08-22T18:45:04.608024+00:00] cycle day=2026-08-22 ok=13/13 free=0.7GiB
[2026-08-22T18:50:03.221854+00:00] cycle day=2026-08-22 ok=13/13 free=1.2GiB
[2026-08-22T18:55:03.062634+00:00] cycle day=2026-08-22 ok=13/13 free=1.2GiB
[2026-08-22T19:00:04.135368+00:00] cycle day=2026-08-22 ok=13/13 free=1.2GiB
[2026-08-22T19:05:02.647171+00:00] cycle day=2026-08-22 ok=13/13 free=1.2GiB
[2026-08-22T19:10:02.800106+00:00] cycle day=2026-08-22 ok=13/13 free=1.1GiB
[2026-08-22T19:15:02.985743+00:00] cycle day=2026-08-22 ok=13/13 free=1.5GiB
[2026-08-22T19:20:03.985511+00:00] cycle day=2026-08-22 ok=13/13 free=0.7GiB
[2026-08-22T19:25:02.904273+00:00] cycle day=2026-08-22 ok=13/13 free=0.7GiB
[2026-08-22T19:30:03.769133+00:00] cycle day=2026-08-22 ok=13/13 free=0.7GiB
[2026-08-22T19:35:03.125275+00:00] cycle day=2026-08-22 ok=13/13 free=0.7GiB
[2026-08-22T19:40:02.825213+00:00] cycle day=2026-08-22 ok=13/13 free=0.7GiB
[2026-08-22T19:45:02.673118+00:00] cycle day=2026-08-22 ok=13/13 free=0.6GiB
[2026-08-22T19:50:03.139698+00:00] cycle day=2026-08-22 ok=13/13 free=0.9GiB
[2026-08-22T19:55:02.771456+00:00] cycle day=2026-08-22 ok=13/13 free=0.9GiB
[2026-08-22T20:00:03.230487+00:00] cycle day=2026-08-22 ok=13/13 free=0.9GiB
[2026-08-22T20:05:02.668458+00:00] cycle day=2026-08-22 ok=13/13 free=0.9GiB
[2026-08-22T20:10:02.703099+00:00] cycle day=2026-08-22 ok=13/13 free=0.9GiB
[2026-08-22T20:15:02.729579+00:00] cycle day=2026-08-22 ok=13/13 free=0.7GiB
[2026-08-22T20:20:02.841660+00:00] cycle day=2026-08-22 ok=13/13 free=0.7GiB
[2026-08-22T20:25:03.008626+00:00] cycle day=2026-08-22 ok=13/13 free=0.7GiB
[2026-08-22T20:30:02.724695+00:00] cycle day=2026-08-22 ok=13/13 free=0.7GiB
[2026-08-22T20:35:02.697440+00:00] cycle day=2026-08-22 ok=13/13 free=0.9GiB
[2026-08-22T20:40:02.783384+00:00] cycle day=2026-08-22 ok=13/13 free=0.9GiB
[2026-08-22T20:45:02.714476+00:00] cycle day=2026-08-22 ok=13/13 free=0.9GiB
[2026-08-22T20:50:02.659818+00:00] cycle day=2026-08-22 ok=13/13 free=0.9GiB
[2026-08-22T20:55:02.954794+00:00] cycle day=2026-08-22 ok=13/13 free=0.9GiB
[2026-08-22T21:00:03.108522+00:00] cycle day=2026-08-22 ok=13/13 free=0.9GiB
[2026-08-22T21:05:03.024524+00:00] cycle day=2026-08-22 ok=13/13 free=0.9GiB
[2026-08-22T21:10:02.816548+00:00] cycle day=2026-08-22 ok=13/13 free=0.9GiB
[2026-08-22T21:15:02.636572+00:00] cycle day=2026-08-22 ok=13/13 free=0.8GiB
[2026-08-22T21:20:02.766002+00:00] cycle day=2026-08-22 ok=13/13 free=0.8GiB
[2026-08-22T21:25:02.548907+00:00] cycle day=2026-08-22 ok=13/13 free=0.8GiB
[2026-08-22T21:30:02.778993+00:00] cycle day=2026-08-22 ok=13/13 free=0.8GiB
[2026-08-22T21:35:02.788489+00:00] cycle day=2026-08-22 ok=13/13 free=0.8GiB
[2026-08-22T21:40:03.109029+00:00] cycle day=2026-08-22 ok=13/13 free=0.4GiB
[2026-08-22T21:45:02.774593+00:00] cycle day=2026-08-22 ok=13/13 free=0.4GiB
[2026-08-22T21:50:02.983522+00:00] cycle day=2026-08-22 ok=13/13 free=0.4GiB
[2026-08-22T21:55:02.851629+00:00] cycle day=2026-08-22 ok=13/13 free=0.4GiB
[2026-08-22T22:00:03.396957+00:00] cycle day=2026-08-22 ok=13/13 free=0.3GiB
[2026-08-22T22:05:02.658990+00:00] cycle day=2026-08-22 ok=13/13 free=0.3GiB
[2026-08-22T22:10:02.835692+00:00] cycle day=2026-08-22 ok=13/13 free=0.3GiB
[2026-08-22T22:15:02.883033+00:00] cycle day=2026-08-22 ok=13/13 free=0.3GiB
[2026-08-22T22:20:02.895409+00:00] cycle day=2026-08-22 ok=13/13 free=0.3GiB
[2026-08-22T22:25:02.810084+00:00] cycle day=2026-08-22 ok=13/13 free=0.3GiB
[2026-08-22T22:30:04.699228+00:00] cycle day=2026-08-22 ok=13/13 free=0.3GiB
[2026-08-22T22:35:02.738243+00:00] cycle day=2026-08-22 ok=13/13 free=0.1GiB
[2026-08-22T22:40:02.676209+00:00] cycle day=2026-08-22 ok=13/13 free=0.4GiB
[2026-08-22T22:45:02.568839+00:00] cycle day=2026-08-22 ok=13/13 free=0.1GiB
[2026-08-22T22:50:02.605333+00:00] cycle day=2026-08-22 ok=13/13 free=0.3GiB
[2026-08-22T22:55:02.667801+00:00] cycle day=2026-08-22 ok=13/13 free=0.3GiB
[2026-08-22T23:00:02.783685+00:00] cycle day=2026-08-22 ok=13/13 free=0.3GiB
[2026-08-22T23:05:02.780260+00:00] cycle day=2026-08-22 ok=13/13 free=0.3GiB
[2026-08-22T23:10:02.601778+00:00] cycle day=2026-08-22 ok=13/13 free=0.3GiB
[2026-08-22T23:15:02.813924+00:00] cycle day=2026-08-22 ok=13/13 free=0.3GiB
[2026-08-22T23:20:02.796191+00:00] cycle day=2026-08-22 ok=13/13 free=0.3GiB
[2026-08-22T23:25:02.530937+00:00] cycle day=2026-08-22 ok=13/13 free=0.3GiB
[2026-08-22T23:30:02.574887+00:00] cycle day=2026-08-22 ok=13/13 free=0.3GiB
[2026-08-22T23:35:02.585338+00:00] cycle day=2026-08-22 ok=13/13 free=0.3GiB
[2026-08-22T23:40:02.891207+00:00] cycle day=2026-08-22 ok=13/13 free=0.3GiB
[2026-08-22T23:45:02.766601+00:00] cycle day=2026-08-22 ok=13/13 free=0.3GiB
[2026-08-22T23:50:02.833888+00:00] cycle day=2026-08-22 ok=13/13 free=0.3GiB
[2026-08-22T23:55:02.846394+00:00] cycle day=2026-08-22 ok=13/13 free=0.3GiB
[2026-08-23T00:00:00.196543+00:00] UTC rollover 2026-08-22 -> 2026-08-23
  G-S: refusing to finalize ADAUSDT 2026-08-22 — low disk
  G-S: refusing to finalize ARBUSDT 2026-08-22 — low disk
  G-S: refusing to finalize AVAXUSDT 2026-08-22 — low disk
  G-S: refusing to finalize BNBUSDT 2026-08-22 — low disk
  G-S: refusing to finalize BTCUSDT 2026-08-22 — low disk
  G-S: refusing to finalize DOTUSDT 2026-08-22 — low disk
  G-S: refusing to finalize ETHUSDT 2026-08-22 — low disk
  G-S: refusing to finalize LINKUSDT 2026-08-22 — low disk
  G-S: refusing to finalize NEARUSDT 2026-08-22 — low disk
  G-S: refusing to finalize POLUSDT 2026-08-22 — low disk
  G-S: refusing to finalize SOLUSDT 2026-08-22 — low disk
  G-S: refusing to finalize SUIUSDT 2026-08-22 — low disk
  G-S: refusing to finalize XRPUSDT 2026-08-22 — low disk
[2026-08-23T00:00:03.726815+00:00] cycle day=2026-08-23 ok=13/13 free=0.3GiB
[2026-08-23T00:05:02.681011+00:00] cycle day=2026-08-23 ok=13/13 free=5.6GiB
[2026-08-23T00:10:02.710140+00:00] cycle day=2026-08-23 ok=13/13 free=5.8GiB
[2026-08-23T00:15:02.695580+00:00] cycle day=2026-08-23 ok=13/13 free=5.8GiB
[2026-08-23T00:20:02.627938+00:00] cycle day=2026-08-23 ok=13/13 free=5.8GiB
[2026-08-23T00:25:02.698933+00:00] cycle day=2026-08-23 ok=13/13 free=4.8GiB
[2026-08-23T00:30:02.756937+00:00] cycle day=2026-08-23 ok=13/13 free=4.8GiB
[2026-08-23T00:35:02.667228+00:00] cycle day=2026-08-23 ok=13/13 free=4.8GiB
[2026-08-23T00:40:02.707746+00:00] cycle day=2026-08-23 ok=13/13 free=4.8GiB
[2026-08-23T00:45:02.574073+00:00] cycle day=2026-08-23 ok=13/13 free=4.8GiB
[2026-08-23T00:50:02.673929+00:00] cycle day=2026-08-23 ok=13/13 free=4.8GiB
[2026-08-23T00:55:03.104695+00:00] cycle day=2026-08-23 ok=13/13 free=4.8GiB
[2026-08-23T01:00:02.868538+00:00] cycle day=2026-08-23 ok=13/13 free=4.8GiB
[2026-08-23T01:05:02.610685+00:00] cycle day=2026-08-23 ok=13/13 free=4.8GiB
[2026-08-23T01:10:02.900311+00:00] cycle day=2026-08-23 ok=13/13 free=4.8GiB
[2026-08-23T01:15:03.076576+00:00] cycle day=2026-08-23 ok=13/13 free=4.8GiB
[2026-08-23T01:20:03.036987+00:00] cycle day=2026-08-23 ok=13/13 free=4.8GiB
[2026-08-23T01:25:02.601436+00:00] cycle day=2026-08-23 ok=13/13 free=4.8GiB
[2026-08-23T01:30:02.603413+00:00] cycle day=2026-08-23 ok=13/13 free=4.8GiB
[2026-08-23T01:35:02.733271+00:00] cycle day=2026-08-23 ok=13/13 free=5.8GiB
[2026-08-23T01:40:02.802485+00:00] cycle day=2026-08-23 ok=13/13 free=5.8GiB
[2026-08-23T01:45:02.571518+00:00] cycle day=2026-08-23 ok=13/13 free=5.8GiB
[2026-08-23T01:50:02.605571+00:00] cycle day=2026-08-23 ok=13/13 free=5.8GiB
[2026-08-23T01:55:02.624996+00:00] cycle day=2026-08-23 ok=13/13 free=5.8GiB
[2026-08-23T02:00:03.173215+00:00] cycle day=2026-08-23 ok=13/13 free=5.8GiB
[2026-08-23T02:05:02.806910+00:00] cycle day=2026-08-23 ok=13/13 free=5.8GiB
[2026-08-23T02:10:02.840493+00:00] cycle day=2026-08-23 ok=13/13 free=5.8GiB
[2026-08-23T02:15:05.967390+00:00] cycle day=2026-08-23 ok=13/13 free=4.7GiB
[2026-08-23T02:20:03.989407+00:00] cycle day=2026-08-23 ok=13/13 free=36.5GiB
  finalized /Users/benebsworth/projects/omega/data/frozen_series/binance_depth_forward/ADAUSDT/2026-08-22.json.gz (288 snapshots, 308372 B)
  finalized /Users/benebsworth/projects/omega/data/frozen_series/binance_depth_forward/ARBUSDT/2026-08-22.json.gz (288 snapshots, 320183 B)
  finalized /Users/benebsworth/projects/omega/data/frozen_series/binance_depth_forward/AVAXUSDT/2026-08-22.json.gz (288 snapshots, 227037 B)
  finalized /Users/benebsworth/projects/omega/data/frozen_series/binance_depth_forward/BNBUSDT/2026-08-22.json.gz (288 snapshots, 255803 B)
  finalized /Users/benebsworth/projects/omega/data/frozen_series/binance_depth_forward/BTCUSDT/2026-08-22.json.gz (288 snapshots, 220162 B)
  finalized /Users/benebsworth/projects/omega/data/frozen_series/binance_depth_forward/DOTUSDT/2026-08-22.json.gz (288 snapshots, 304849 B)
  finalized /Users/benebsworth/projects/omega/data/frozen_series/binance_depth_forward/ETHUSDT/2026-08-22.json.gz (288 snapshots, 289234 B)
  finalized /Users/benebsworth/projects/omega/data/frozen_series/binance_depth_forward/LINKUSDT/2026-08-22.json.gz (288 snapshots, 314410 B)
  finalized /Users/benebsworth/projects/omega/data/frozen_series/binance_depth_forward/NEARUSDT/2026-08-22.json.gz (288 snapshots, 280234 B)
  finalized /Users/benebsworth/projects/omega/data/frozen_series/binance_depth_forward/POLUSDT/2026-08-22.json.gz (288 snapshots, 289931 B)
  finalized /Users/benebsworth/projects/omega/data/frozen_series/binance_depth_forward/SOLUSDT/2026-08-22.json.gz (288 snapshots, 321454 B)
  finalized /Users/benebsworth/projects/omega/data/frozen_series/binance_depth_forward/SUIUSDT/2026-08-22.json.gz (288 snapshots, 325899 B)
  finalized /Users/benebsworth/projects/omega/data/frozen_series/binance_depth_forward/XRPUSDT/2026-08-22.json.gz (288 snapshots, 343819 B)
[2026-08-23T02:36:05.095474+00:00] depth collector up — 13 symbols, limit=100, cadence=300s
[2026-08-23T02:36:08.106239+00:00] cycle day=2026-08-23 ok=13/13 free=53.9GiB
[2026-08-23T02:40:03.512836+00:00] cycle day=2026-08-23 ok=13/13 free=74.6GiB
[2026-08-23T02:45:10.208437+00:00] cycle day=2026-08-23 ok=13/13 free=70.7GiB
[2026-08-23T02:50:20.583157+00:00] cycle day=2026-08-23 ok=13/13 free=61.1GiB
[2026-08-23T02:55:04.042683+00:00] cycle day=2026-08-23 ok=13/13 free=64.1GiB
[2026-08-23T03:00:19.579499+00:00] cycle day=2026-08-23 ok=13/13 free=63.5GiB
[2026-08-23T03:05:03.252894+00:00] cycle day=2026-08-23 ok=13/13 free=61.5GiB
[2026-08-23T03:10:05.013634+00:00] cycle day=2026-08-23 ok=13/13 free=58.3GiB
[2026-08-23T03:15:04.096356+00:00] cycle day=2026-08-23 ok=13/13 free=54.4GiB
[2026-08-23T03:20:03.868611+00:00] cycle day=2026-08-23 ok=13/13 free=51.8GiB
[2026-08-23T03:25:03.397929+00:00] cycle day=2026-08-23 ok=13/13 free=50.8GiB
[2026-08-23T03:30:05.375013+00:00] cycle day=2026-08-23 ok=13/13 free=51.9GiB
[2026-08-23T03:35:02.990754+00:00] cycle day=2026-08-23 ok=13/13 free=45.5GiB
[2026-08-23T03:40:03.091880+00:00] cycle day=2026-08-23 ok=13/13 free=46.2GiB
[2026-08-23T03:45:04.094215+00:00] cycle day=2026-08-23 ok=13/13 free=46.0GiB
[2026-08-23T03:50:04.753961+00:00] cycle day=2026-08-23 ok=13/13 free=45.7GiB
[2026-08-23T03:55:06.216016+00:00] cycle day=2026-08-23 ok=13/13 free=44.5GiB
[2026-08-23T04:00:06.491471+00:00] cycle day=2026-08-23 ok=13/13 free=50.2GiB
[2026-08-23T04:05:10.240670+00:00] cycle day=2026-08-23 ok=13/13 free=49.1GiB
[2026-08-23T04:10:04.277296+00:00] cycle day=2026-08-23 ok=13/13 free=48.1GiB
[2026-08-23T04:15:04.571189+00:00] cycle day=2026-08-23 ok=13/13 free=50.9GiB
[2026-08-23T04:20:20.577479+00:00] cycle day=2026-08-23 ok=13/13 free=50.1GiB
[2026-08-23T04:25:02.993344+00:00] cycle day=2026-08-23 ok=13/13 free=47.3GiB
[2026-08-23T04:30:03.600177+00:00] cycle day=2026-08-23 ok=13/13 free=45.3GiB
[2026-08-23T04:35:05.146721+00:00] cycle day=2026-08-23 ok=13/13 free=43.8GiB
[2026-08-23T04:40:02.897957+00:00] cycle day=2026-08-23 ok=13/13 free=43.2GiB
[2026-08-23T04:45:03.352468+00:00] cycle day=2026-08-23 ok=13/13 free=44.1GiB
[2026-08-23T04:50:02.944160+00:00] cycle day=2026-08-23 ok=13/13 free=44.0GiB
[2026-08-23T04:55:02.632397+00:00] cycle day=2026-08-23 ok=13/13 free=44.0GiB
[2026-08-23T05:00:03.646713+00:00] cycle day=2026-08-23 ok=13/13 free=52.4GiB
[2026-08-23T05:05:02.721021+00:00] cycle day=2026-08-23 ok=13/13 free=52.4GiB
[2026-08-23T05:10:02.812094+00:00] cycle day=2026-08-23 ok=13/13 free=51.2GiB
[2026-08-23T05:15:02.649603+00:00] cycle day=2026-08-23 ok=13/13 free=51.2GiB
[2026-08-23T05:20:02.690169+00:00] cycle day=2026-08-23 ok=13/13 free=51.2GiB
[2026-08-23T05:25:02.994551+00:00] cycle day=2026-08-23 ok=13/13 free=51.1GiB
[2026-08-23T05:30:02.900124+00:00] cycle day=2026-08-23 ok=13/13 free=50.5GiB
[2026-08-23T05:35:02.612187+00:00] cycle day=2026-08-23 ok=13/13 free=50.5GiB
[2026-08-23T05:40:02.551991+00:00] cycle day=2026-08-23 ok=13/13 free=49.9GiB
[2026-08-23T05:45:02.509710+00:00] cycle day=2026-08-23 ok=13/13 free=49.2GiB
[2026-08-23T05:50:03.158621+00:00] cycle day=2026-08-23 ok=13/13 free=48.2GiB
[2026-08-23T05:55:02.578280+00:00] cycle day=2026-08-23 ok=13/13 free=48.2GiB
[2026-08-23T06:00:02.738409+00:00] cycle day=2026-08-23 ok=13/13 free=49.1GiB
[2026-08-23T06:05:05.456133+00:00] cycle day=2026-08-23 ok=13/13 free=48.7GiB
[2026-08-23T06:10:04.215021+00:00] cycle day=2026-08-23 ok=13/13 free=40.0GiB
[2026-08-23T06:15:04.550112+00:00] cycle day=2026-08-23 ok=13/13 free=32.9GiB
[2026-08-23T06:20:08.171842+00:00] cycle day=2026-08-23 ok=13/13 free=28.7GiB
[2026-08-23T06:25:04.661811+00:00] cycle day=2026-08-23 ok=13/13 free=27.7GiB
[2026-08-23T06:30:04.628286+00:00] cycle day=2026-08-23 ok=13/13 free=28.4GiB
[2026-08-23T06:35:11.120822+00:00] cycle day=2026-08-23 ok=13/13 free=31.1GiB
[2026-08-23T06:40:06.774415+00:00] cycle day=2026-08-23 ok=13/13 free=32.3GiB
[2026-08-23T06:47:05.290658+00:00] cycle day=2026-08-23 ok=13/13 free=28.3GiB
[2026-08-23T06:51:02.153667+00:00] cycle day=2026-08-23 ok=13/13 free=35.3GiB
[2026-08-23T06:58:44.127423+00:00] cycle day=2026-08-23 ok=13/13 free=34.3GiB
[2026-08-23T07:00:14.409768+00:00] cycle day=2026-08-23 ok=13/13 free=35.3GiB
[2026-08-23T07:05:03.448735+00:00] cycle day=2026-08-23 ok=13/13 free=34.3GiB
[2026-08-23T07:10:08.926680+00:00] cycle day=2026-08-23 ok=13/13 free=33.2GiB
[2026-08-23T07:15:03.112216+00:00] cycle day=2026-08-23 ok=13/13 free=34.3GiB
[2026-08-23T07:20:03.823178+00:00] cycle day=2026-08-23 ok=13/13 free=34.4GiB
[2026-08-23T07:25:06.288641+00:00] cycle day=2026-08-23 ok=13/13 free=34.4GiB
[2026-08-23T07:30:03.304823+00:00] cycle day=2026-08-23 ok=13/13 free=43.1GiB
[2026-08-23T07:35:03.311265+00:00] cycle day=2026-08-23 ok=13/13 free=44.6GiB
[2026-08-23T07:40:08.063984+00:00] cycle day=2026-08-23 ok=13/13 free=44.5GiB
[2026-08-23T07:45:03.577318+00:00] cycle day=2026-08-23 ok=13/13 free=44.5GiB
[2026-08-23T07:50:02.669133+00:00] cycle day=2026-08-23 ok=13/13 free=44.5GiB
[2026-08-23T07:55:05.040318+00:00] cycle day=2026-08-23 ok=13/13 free=44.5GiB
[2026-08-23T08:00:03.326007+00:00] cycle day=2026-08-23 ok=13/13 free=45.4GiB
[2026-08-23T08:05:06.266625+00:00] cycle day=2026-08-23 ok=13/13 free=45.4GiB
[2026-08-23T08:10:32.684658+00:00] cycle day=2026-08-23 ok=13/13 free=44.8GiB
[2026-08-23T08:15:02.955739+00:00] cycle day=2026-08-23 ok=13/13 free=45.7GiB
[2026-08-23T08:20:07.285886+00:00] cycle day=2026-08-23 ok=13/13 free=43.7GiB
[2026-08-23T08:25:07.889214+00:00] cycle day=2026-08-23 ok=13/13 free=45.4GiB
[2026-08-23T08:30:05.392401+00:00] cycle day=2026-08-23 ok=13/13 free=46.8GiB
[2026-08-23T08:35:04.918556+00:00] cycle day=2026-08-23 ok=13/13 free=28.6GiB
[2026-08-23T08:40:04.851428+00:00] cycle day=2026-08-23 ok=13/13 free=30.4GiB
[2026-08-23T08:45:03.508925+00:00] cycle day=2026-08-23 ok=13/13 free=30.3GiB
[2026-08-23T08:50:07.491055+00:00] cycle day=2026-08-23 ok=13/13 free=31.4GiB
[2026-08-23T08:55:13.795812+00:00] cycle day=2026-08-23 ok=13/13 free=30.6GiB
[2026-08-23T09:00:03.603692+00:00] cycle day=2026-08-23 ok=13/13 free=31.9GiB
[2026-08-23T09:05:03.226586+00:00] cycle day=2026-08-23 ok=13/13 free=30.8GiB
[2026-08-23T09:10:15.469984+00:00] cycle day=2026-08-23 ok=13/13 free=32.8GiB
[2026-08-23T09:15:03.103539+00:00] cycle day=2026-08-23 ok=13/13 free=33.1GiB
[2026-08-23T09:20:03.298610+00:00] cycle day=2026-08-23 ok=13/13 free=31.2GiB
[2026-08-23T09:25:10.773219+00:00] cycle day=2026-08-23 ok=13/13 free=27.1GiB
[2026-08-23T09:30:17.486610+00:00] cycle day=2026-08-23 ok=13/13 free=26.6GiB
[2026-08-23T09:35:07.314175+00:00] cycle day=2026-08-23 ok=13/13 free=27.2GiB
[2026-08-23T09:40:03.171039+00:00] cycle day=2026-08-23 ok=13/13 free=28.9GiB
[2026-08-23T09:45:05.237933+00:00] cycle day=2026-08-23 ok=13/13 free=29.5GiB
[2026-08-23T09:50:03.769693+00:00] cycle day=2026-08-23 ok=13/13 free=29.2GiB
[2026-08-23T09:55:02.899694+00:00] cycle day=2026-08-23 ok=13/13 free=28.5GiB
[2026-08-23T10:00:04.454539+00:00] cycle day=2026-08-23 ok=13/13 free=28.4GiB
[2026-08-23T10:05:06.836596+00:00] cycle day=2026-08-23 ok=13/13 free=29.0GiB
[2026-08-23T10:10:08.109869+00:00] cycle day=2026-08-23 ok=13/13 free=21.2GiB
[2026-08-23T10:15:10.659921+00:00] cycle day=2026-08-23 ok=13/13 free=25.0GiB
[2026-08-23T10:20:06.350825+00:00] cycle day=2026-08-23 ok=13/13 free=23.1GiB
[2026-08-23T10:25:06.816261+00:00] cycle day=2026-08-23 ok=13/13 free=19.8GiB
[2026-08-23T10:30:04.364002+00:00] cycle day=2026-08-23 ok=13/13 free=13.7GiB
[2026-08-23T10:35:07.634415+00:00] cycle day=2026-08-23 ok=13/13 free=13.7GiB
[2026-08-23T10:40:05.143001+00:00] cycle day=2026-08-23 ok=13/13 free=12.8GiB
[2026-08-23T10:45:05.318523+00:00] cycle day=2026-08-23 ok=13/13 free=27.3GiB
[2026-08-23T10:50:03.748846+00:00] cycle day=2026-08-23 ok=13/13 free=27.0GiB
[2026-08-23T10:55:04.444959+00:00] cycle day=2026-08-23 ok=13/13 free=26.7GiB
[2026-08-23T11:00:09.104229+00:00] cycle day=2026-08-23 ok=13/13 free=26.3GiB
[2026-08-23T11:05:17.226799+00:00] cycle day=2026-08-23 ok=13/13 free=25.7GiB
[2026-08-23T11:10:11.264369+00:00] cycle day=2026-08-23 ok=13/13 free=26.2GiB
[2026-08-23T11:15:06.255949+00:00] cycle day=2026-08-23 ok=13/13 free=25.8GiB
[2026-08-23T11:20:06.097361+00:00] cycle day=2026-08-23 ok=13/13 free=25.4GiB
[2026-08-23T11:25:05.485291+00:00] cycle day=2026-08-23 ok=13/13 free=25.2GiB
[2026-08-23T11:30:04.663979+00:00] cycle day=2026-08-23 ok=13/13 free=24.1GiB
[2026-08-23T11:35:05.917930+00:00] cycle day=2026-08-23 ok=13/13 free=23.9GiB
[2026-08-23T11:40:06.844183+00:00] cycle day=2026-08-23 ok=13/13 free=24.7GiB
[2026-08-23T11:45:06.617218+00:00] cycle day=2026-08-23 ok=13/13 free=22.6GiB
[2026-08-23T11:50:03.852272+00:00] cycle day=2026-08-23 ok=13/13 free=22.1GiB
[2026-08-23T11:55:04.991832+00:00] cycle day=2026-08-23 ok=13/13 free=22.2GiB
[2026-08-23T12:00:07.360888+00:00] cycle day=2026-08-23 ok=13/13 free=23.1GiB
[2026-08-23T12:05:10.929628+00:00] cycle day=2026-08-23 ok=13/13 free=23.7GiB
[2026-08-23T12:10:12.621621+00:00] cycle day=2026-08-23 ok=13/13 free=22.5GiB
[2026-08-23T12:15:03.480319+00:00] cycle day=2026-08-23 ok=13/13 free=23.7GiB
[2026-08-23T12:20:10.322723+00:00] cycle day=2026-08-23 ok=13/13 free=23.5GiB
[2026-08-23T12:25:04.634078+00:00] cycle day=2026-08-23 ok=13/13 free=23.4GiB
[2026-08-23T12:30:15.227304+00:00] cycle day=2026-08-23 ok=13/13 free=22.3GiB
[2026-08-23T12:35:02.751635+00:00] cycle day=2026-08-23 ok=13/13 free=22.2GiB
[2026-08-23T12:40:06.097760+00:00] cycle day=2026-08-23 ok=13/13 free=20.9GiB
[2026-08-23T12:45:05.907874+00:00] cycle day=2026-08-23 ok=13/13 free=17.4GiB
[2026-08-23T12:50:03.264384+00:00] cycle day=2026-08-23 ok=13/13 free=14.3GiB
[2026-08-23T12:55:03.551581+00:00] cycle day=2026-08-23 ok=13/13 free=14.0GiB
[2026-08-23T13:00:04.260373+00:00] cycle day=2026-08-23 ok=13/13 free=13.6GiB
[2026-08-23T13:05:04.633608+00:00] cycle day=2026-08-23 ok=13/13 free=13.0GiB
[2026-08-23T13:10:05.079295+00:00] cycle day=2026-08-23 ok=13/13 free=12.8GiB
[2026-08-23T13:15:07.007847+00:00] cycle day=2026-08-23 ok=13/13 free=12.7GiB
[2026-08-23T13:20:47.264234+00:00] cycle day=2026-08-23 ok=13/13 free=12.0GiB
[2026-08-23T13:25:06.007025+00:00] cycle day=2026-08-23 ok=13/13 free=11.9GiB
[2026-08-23T13:30:03.740176+00:00] cycle day=2026-08-23 ok=13/13 free=11.9GiB
[2026-08-23T13:35:02.881774+00:00] cycle day=2026-08-23 ok=13/13 free=11.8GiB
[2026-08-23T13:40:02.789321+00:00] cycle day=2026-08-23 ok=13/13 free=11.8GiB
[2026-08-23T13:45:02.934231+00:00] cycle day=2026-08-23 ok=13/13 free=11.8GiB
[2026-08-23T13:50:03.029036+00:00] cycle day=2026-08-23 ok=13/13 free=11.8GiB
[2026-08-23T13:55:02.938634+00:00] cycle day=2026-08-23 ok=13/13 free=11.8GiB
[2026-08-23T14:00:03.038520+00:00] cycle day=2026-08-23 ok=13/13 free=11.7GiB
[2026-08-23T14:05:02.701517+00:00] cycle day=2026-08-23 ok=13/13 free=11.7GiB
[2026-08-23T14:10:03.507827+00:00] cycle day=2026-08-23 ok=13/13 free=11.6GiB
[2026-08-23T14:15:02.917031+00:00] cycle day=2026-08-23 ok=13/13 free=11.6GiB
[2026-08-23T14:20:02.779381+00:00] cycle day=2026-08-23 ok=13/13 free=11.6GiB
[2026-08-23T14:25:02.657528+00:00] cycle day=2026-08-23 ok=13/13 free=11.5GiB
[2026-08-23T14:30:02.831485+00:00] cycle day=2026-08-23 ok=13/13 free=11.4GiB
[2026-08-23T14:35:02.638942+00:00] cycle day=2026-08-23 ok=13/13 free=11.3GiB
[2026-08-23T14:40:03.978086+00:00] cycle day=2026-08-23 ok=13/13 free=11.2GiB
[2026-08-23T14:45:03.192604+00:00] cycle day=2026-08-23 ok=13/13 free=11.1GiB
[2026-08-23T14:50:02.771670+00:00] cycle day=2026-08-23 ok=13/13 free=11.0GiB
[2026-08-23T14:55:02.764031+00:00] cycle day=2026-08-23 ok=13/13 free=11.8GiB
[2026-08-23T15:00:02.884337+00:00] cycle day=2026-08-23 ok=13/13 free=11.3GiB
[2026-08-23T15:05:02.670584+00:00] cycle day=2026-08-23 ok=13/13 free=11.1GiB
[2026-08-23T15:10:02.791412+00:00] cycle day=2026-08-23 ok=13/13 free=11.3GiB
[2026-08-23T15:15:03.336329+00:00] cycle day=2026-08-23 ok=13/13 free=11.3GiB
[2026-08-23T15:20:02.748831+00:00] cycle day=2026-08-23 ok=13/13 free=11.3GiB
[2026-08-23T15:25:02.606509+00:00] cycle day=2026-08-23 ok=13/13 free=10.9GiB
[2026-08-23T15:30:02.832713+00:00] cycle day=2026-08-23 ok=13/13 free=10.8GiB
[2026-08-23T15:35:03.002992+00:00] cycle day=2026-08-23 ok=13/13 free=10.8GiB
[2026-08-23T15:40:02.812808+00:00] cycle day=2026-08-23 ok=13/13 free=10.6GiB
[2026-08-23T15:45:02.901480+00:00] cycle day=2026-08-23 ok=13/13 free=10.3GiB
[2026-08-23T15:50:02.768881+00:00] cycle day=2026-08-23 ok=13/13 free=8.7GiB
[2026-08-23T15:55:02.608342+00:00] cycle day=2026-08-23 ok=13/13 free=8.6GiB
[2026-08-23T16:00:02.903206+00:00] cycle day=2026-08-23 ok=13/13 free=8.6GiB
[2026-08-23T16:05:02.890616+00:00] cycle day=2026-08-23 ok=13/13 free=8.0GiB
[2026-08-23T16:10:02.702798+00:00] cycle day=2026-08-23 ok=13/13 free=8.0GiB
[2026-08-23T16:15:03.123693+00:00] cycle day=2026-08-23 ok=13/13 free=7.9GiB
[2026-08-23T16:20:02.740670+00:00] cycle day=2026-08-23 ok=13/13 free=7.1GiB
[2026-08-23T16:25:03.025083+00:00] cycle day=2026-08-23 ok=13/13 free=7.0GiB
[2026-08-23T16:30:02.728691+00:00] cycle day=2026-08-23 ok=13/13 free=6.8GiB
[2026-08-23T16:35:04.647918+00:00] cycle day=2026-08-23 ok=13/13 free=3.6GiB
[2026-08-23T16:40:02.723341+00:00] cycle day=2026-08-23 ok=13/13 free=4.0GiB
[2026-08-23T16:45:05.419230+00:00] cycle day=2026-08-23 ok=13/13 free=3.8GiB
[2026-08-23T16:50:03.786819+00:00] cycle day=2026-08-23 ok=13/13 free=3.8GiB
[2026-08-23T16:55:02.656816+00:00] cycle day=2026-08-23 ok=13/13 free=3.9GiB
[2026-08-23T17:00:04.045090+00:00] cycle day=2026-08-23 ok=13/13 free=2.4GiB
[2026-08-23T17:05:03.074815+00:00] cycle day=2026-08-23 ok=13/13 free=3.1GiB
[2026-08-23T17:10:02.703546+00:00] cycle day=2026-08-23 ok=13/13 free=3.1GiB
[2026-08-23T17:15:02.797349+00:00] cycle day=2026-08-23 ok=13/13 free=3.1GiB
[2026-08-23T17:20:02.818945+00:00] cycle day=2026-08-23 ok=13/13 free=3.0GiB
[2026-08-23T17:25:02.702251+00:00] cycle day=2026-08-23 ok=13/13 free=1.6GiB
[2026-08-23T17:30:02.823472+00:00] cycle day=2026-08-23 ok=13/13 free=1.6GiB
[2026-08-23T17:35:02.671364+00:00] cycle day=2026-08-23 ok=13/13 free=1.6GiB
[2026-08-23T17:40:03.023203+00:00] cycle day=2026-08-23 ok=13/13 free=1.6GiB
[2026-08-23T17:45:04.673813+00:00] cycle day=2026-08-23 ok=13/13 free=1.6GiB
[2026-08-23T17:50:02.610629+00:00] cycle day=2026-08-23 ok=13/13 free=1.6GiB
[2026-08-23T17:55:02.916334+00:00] cycle day=2026-08-23 ok=13/13 free=1.3GiB
[2026-08-23T18:00:03.150503+00:00] cycle day=2026-08-23 ok=13/13 free=2.6GiB
[2026-08-23T18:05:02.582080+00:00] cycle day=2026-08-23 ok=13/13 free=2.6GiB
[2026-08-23T18:10:10.830559+00:00] cycle day=2026-08-23 ok=13/13 free=2.6GiB
[2026-08-23T18:15:02.752977+00:00] cycle day=2026-08-23 ok=13/13 free=2.6GiB
[2026-08-23T18:20:02.634262+00:00] cycle day=2026-08-23 ok=13/13 free=2.6GiB
[2026-08-23T18:25:02.672227+00:00] cycle day=2026-08-23 ok=13/13 free=2.6GiB
[2026-08-23T18:30:02.835071+00:00] cycle day=2026-08-23 ok=13/13 free=2.6GiB
[2026-08-23T18:35:03.245993+00:00] cycle day=2026-08-23 ok=13/13 free=2.4GiB
[2026-08-23T18:40:02.889246+00:00] cycle day=2026-08-23 ok=13/13 free=2.4GiB
[2026-08-23T18:45:02.710116+00:00] cycle day=2026-08-23 ok=13/13 free=2.4GiB
[2026-08-23T18:50:02.688103+00:00] cycle day=2026-08-23 ok=13/13 free=2.4GiB
[2026-08-23T18:55:02.790049+00:00] cycle day=2026-08-23 ok=13/13 free=2.4GiB
[2026-08-23T19:00:02.891224+00:00] cycle day=2026-08-23 ok=13/13 free=2.4GiB
[2026-08-23T19:05:02.741075+00:00] cycle day=2026-08-23 ok=13/13 free=2.3GiB
[2026-08-23T19:10:02.658972+00:00] cycle day=2026-08-23 ok=13/13 free=2.4GiB
[2026-08-23T19:15:03.013846+00:00] cycle day=2026-08-23 ok=13/13 free=2.4GiB
[2026-08-23T19:20:02.817300+00:00] cycle day=2026-08-23 ok=13/13 free=2.4GiB
[2026-08-23T19:25:02.708917+00:00] cycle day=2026-08-23 ok=13/13 free=2.3GiB
[2026-08-23T19:30:02.895004+00:00] cycle day=2026-08-23 ok=13/13 free=2.3GiB
[2026-08-23T19:35:02.637789+00:00] cycle day=2026-08-23 ok=13/13 free=2.3GiB
[2026-08-23T19:40:02.637471+00:00] cycle day=2026-08-23 ok=13/13 free=2.3GiB
[2026-08-23T19:45:02.782457+00:00] cycle day=2026-08-23 ok=13/13 free=2.1GiB
[2026-08-23T19:50:02.703149+00:00] cycle day=2026-08-23 ok=13/13 free=2.1GiB
[2026-08-23T19:55:02.605852+00:00] cycle day=2026-08-23 ok=13/13 free=2.1GiB
[2026-08-23T20:00:02.896922+00:00] cycle day=2026-08-23 ok=13/13 free=2.1GiB
[2026-08-23T20:05:02.707603+00:00] cycle day=2026-08-23 ok=13/13 free=1.7GiB
[2026-08-23T20:10:02.829558+00:00] cycle day=2026-08-23 ok=13/13 free=1.7GiB
[2026-08-23T20:15:02.962764+00:00] cycle day=2026-08-23 ok=13/13 free=1.7GiB
[2026-08-23T20:20:02.736126+00:00] cycle day=2026-08-23 ok=13/13 free=1.6GiB
[2026-08-23T20:25:04.785208+00:00] cycle day=2026-08-23 ok=13/13 free=1.4GiB
[2026-08-23T20:30:03.125930+00:00] cycle day=2026-08-23 ok=13/13 free=1.3GiB
[2026-08-23T20:35:02.819538+00:00] cycle day=2026-08-23 ok=13/13 free=1.5GiB
[2026-08-23T20:40:03.330496+00:00] cycle day=2026-08-23 ok=13/13 free=0.6GiB
[2026-08-23T20:45:02.686118+00:00] cycle day=2026-08-23 ok=13/13 free=0.2GiB
[2026-08-23T20:50:02.997235+00:00] cycle day=2026-08-23 ok=13/13 free=1.8GiB
[2026-08-23T20:55:03.528160+00:00] cycle day=2026-08-23 ok=13/13 free=2.1GiB
[2026-08-23T21:00:03.529781+00:00] cycle day=2026-08-23 ok=13/13 free=2.1GiB
[2026-08-23T21:05:02.751924+00:00] cycle day=2026-08-23 ok=13/13 free=2.0GiB
[2026-08-23T21:10:02.681263+00:00] cycle day=2026-08-23 ok=13/13 free=2.1GiB
[2026-08-23T21:15:02.728856+00:00] cycle day=2026-08-23 ok=13/13 free=2.1GiB
[2026-08-23T21:20:02.983851+00:00] cycle day=2026-08-23 ok=13/13 free=2.1GiB
[2026-08-23T21:25:03.497731+00:00] cycle day=2026-08-23 ok=13/13 free=1.8GiB
[2026-08-23T21:30:02.778976+00:00] cycle day=2026-08-23 ok=13/13 free=1.8GiB
[2026-08-23T21:35:02.763284+00:00] cycle day=2026-08-23 ok=13/13 free=1.5GiB
[2026-08-23T21:40:03.112621+00:00] cycle day=2026-08-23 ok=13/13 free=1.5GiB
[2026-08-23T21:45:03.000343+00:00] cycle day=2026-08-23 ok=13/13 free=3.2GiB
[2026-08-23T21:50:02.647812+00:00] cycle day=2026-08-23 ok=13/13 free=3.3GiB
[2026-08-23T21:55:02.781363+00:00] cycle day=2026-08-23 ok=13/13 free=2.9GiB
[2026-08-23T22:00:03.791444+00:00] cycle day=2026-08-23 ok=13/13 free=2.8GiB
[2026-08-23T22:05:02.678254+00:00] cycle day=2026-08-23 ok=13/13 free=2.7GiB
[2026-08-23T22:10:02.613093+00:00] cycle day=2026-08-23 ok=13/13 free=2.7GiB
[2026-08-23T22:15:02.613219+00:00] cycle day=2026-08-23 ok=13/13 free=2.3GiB
[2026-08-23T22:20:03.123898+00:00] cycle day=2026-08-23 ok=13/13 free=2.3GiB
[2026-08-23T22:25:02.777904+00:00] cycle day=2026-08-23 ok=13/13 free=2.3GiB
[2026-08-23T22:30:02.639524+00:00] cycle day=2026-08-23 ok=13/13 free=2.3GiB
[2026-08-23T22:35:02.712814+00:00] cycle day=2026-08-23 ok=13/13 free=2.3GiB
[2026-08-23T22:40:02.839322+00:00] cycle day=2026-08-23 ok=13/13 free=2.1GiB
[2026-08-23T22:45:02.814612+00:00] cycle day=2026-08-23 ok=13/13 free=2.0GiB
[2026-08-23T22:50:02.899295+00:00] cycle day=2026-08-23 ok=13/13 free=2.0GiB
[2026-08-23T22:55:02.615135+00:00] cycle day=2026-08-23 ok=13/13 free=2.0GiB
[2026-08-23T23:00:03.713265+00:00] cycle day=2026-08-23 ok=13/13 free=2.1GiB
[2026-08-23T23:05:02.624125+00:00] cycle day=2026-08-23 ok=13/13 free=2.0GiB
[2026-08-23T23:10:02.610162+00:00] cycle day=2026-08-23 ok=13/13 free=2.1GiB
[2026-08-23T23:15:03.316798+00:00] cycle day=2026-08-23 ok=13/13 free=1.7GiB
[2026-08-23T23:20:03.892992+00:00] cycle day=2026-08-23 ok=13/13 free=1.7GiB
[2026-08-23T23:25:02.706456+00:00] cycle day=2026-08-23 ok=13/13 free=1.7GiB
[2026-08-23T23:30:03.204991+00:00] cycle day=2026-08-23 ok=13/13 free=1.6GiB
[2026-08-23T23:35:02.883066+00:00] cycle day=2026-08-23 ok=13/13 free=1.5GiB
[2026-08-23T23:40:02.696462+00:00] cycle day=2026-08-23 ok=13/13 free=0.2GiB
[2026-08-23T23:45:03.231867+00:00] cycle day=2026-08-23 ok=13/13 free=3.1GiB
[2026-08-23T23:50:02.592044+00:00] cycle day=2026-08-23 ok=13/13 free=2.0GiB
[2026-08-23T23:55:02.770537+00:00] cycle day=2026-08-23 ok=13/13 free=2.1GiB
[2026-08-24T00:00:00.188459+00:00] UTC rollover 2026-08-23 -> 2026-08-24
  G-S: refusing to finalize ADAUSDT 2026-08-23 — low disk
  G-S: refusing to finalize ARBUSDT 2026-08-23 — low disk
  G-S: refusing to finalize AVAXUSDT 2026-08-23 — low disk
  G-S: refusing to finalize BNBUSDT 2026-08-23 — low disk
  G-S: refusing to finalize BTCUSDT 2026-08-23 — low disk
  G-S: refusing to finalize DOTUSDT 2026-08-23 — low disk
  G-S: refusing to finalize ETHUSDT 2026-08-23 — low disk
  G-S: refusing to finalize LINKUSDT 2026-08-23 — low disk
  G-S: refusing to finalize NEARUSDT 2026-08-23 — low disk
  G-S: refusing to finalize POLUSDT 2026-08-23 — low disk
  G-S: refusing to finalize SOLUSDT 2026-08-23 — low disk
  G-S: refusing to finalize SUIUSDT 2026-08-23 — low disk
  G-S: refusing to finalize XRPUSDT 2026-08-23 — low disk
[2026-08-24T00:00:04.270432+00:00] cycle day=2026-08-24 ok=13/13 free=2.0GiB
[2026-08-24T00:05:02.857928+00:00] cycle day=2026-08-24 ok=13/13 free=2.3GiB
[2026-08-24T00:10:02.775945+00:00] cycle day=2026-08-24 ok=13/13 free=2.2GiB
[2026-08-24T00:15:02.749439+00:00] cycle day=2026-08-24 ok=13/13 free=1.8GiB
[2026-08-24T00:20:02.711871+00:00] cycle day=2026-08-24 ok=13/13 free=1.8GiB
[2026-08-24T00:25:03.015894+00:00] cycle day=2026-08-24 ok=13/13 free=1.8GiB
[2026-08-24T00:30:02.684491+00:00] cycle day=2026-08-24 ok=13/13 free=1.8GiB
[2026-08-24T00:35:02.956359+00:00] cycle day=2026-08-24 ok=13/13 free=2.1GiB
[2026-08-24T00:40:02.669029+00:00] cycle day=2026-08-24 ok=13/13 free=1.8GiB
[2026-08-24T00:45:02.629927+00:00] cycle day=2026-08-24 ok=13/13 free=1.7GiB
[2026-08-24T00:50:02.791588+00:00] cycle day=2026-08-24 ok=13/13 free=2.0GiB
[2026-08-24T00:55:05.531497+00:00] cycle day=2026-08-24 ok=13/13 free=2.0GiB
[2026-08-24T01:00:03.322266+00:00] cycle day=2026-08-24 ok=13/13 free=1.7GiB
[2026-08-24T01:05:03.317944+00:00] cycle day=2026-08-24 ok=13/13 free=1.7GiB
[2026-08-24T01:10:02.653511+00:00] cycle day=2026-08-24 ok=13/13 free=1.6GiB
[2026-08-24T01:15:02.798599+00:00] cycle day=2026-08-24 ok=13/13 free=1.7GiB
[2026-08-24T01:20:02.918564+00:00] cycle day=2026-08-24 ok=13/13 free=1.6GiB
[2026-08-24T01:25:02.944575+00:00] cycle day=2026-08-24 ok=13/13 free=1.6GiB
[2026-08-24T01:30:02.849359+00:00] cycle day=2026-08-24 ok=13/13 free=1.9GiB
[2026-08-24T01:35:02.586509+00:00] cycle day=2026-08-24 ok=13/13 free=1.6GiB
[2026-08-24T01:40:02.661763+00:00] cycle day=2026-08-24 ok=13/13 free=1.5GiB
[2026-08-24T01:45:02.978060+00:00] cycle day=2026-08-24 ok=13/13 free=1.5GiB
[2026-08-24T01:50:02.803373+00:00] cycle day=2026-08-24 ok=13/13 free=1.5GiB
[2026-08-24T01:55:02.968637+00:00] cycle day=2026-08-24 ok=13/13 free=1.5GiB
[2026-08-24T02:00:03.349428+00:00] cycle day=2026-08-24 ok=13/13 free=1.5GiB
[2026-08-24T02:05:02.968923+00:00] cycle day=2026-08-24 ok=13/13 free=1.1GiB
[2026-08-24T02:10:02.668625+00:00] cycle day=2026-08-24 ok=13/13 free=1.3GiB
[2026-08-24T02:15:02.818895+00:00] cycle day=2026-08-24 ok=13/13 free=2.1GiB
[2026-08-24T02:20:02.754485+00:00] cycle day=2026-08-24 ok=13/13 free=2.1GiB
[2026-08-24T02:25:02.879672+00:00] cycle day=2026-08-24 ok=13/13 free=2.1GiB
[2026-08-24T02:30:02.954902+00:00] cycle day=2026-08-24 ok=13/13 free=2.1GiB
[2026-08-24T02:35:02.663099+00:00] cycle day=2026-08-24 ok=13/13 free=2.2GiB
[2026-08-24T02:40:02.651716+00:00] cycle day=2026-08-24 ok=13/13 free=2.2GiB
[2026-08-24T02:45:12.663010+00:00] cycle day=2026-08-24 ok=13/13 free=2.6GiB
[2026-08-24T02:50:15.673134+00:00] cycle day=2026-08-24 ok=13/13 free=1.6GiB
[2026-08-24T02:55:08.687501+00:00] cycle day=2026-08-24 ok=13/13 free=0.9GiB
[2026-08-24T03:00:06.357631+00:00] cycle day=2026-08-24 ok=13/13 free=0.4GiB
[2026-08-24T03:05:03.045748+00:00] cycle day=2026-08-24 ok=13/13 free=0.2GiB
[2026-08-24T03:10:03.631080+00:00] cycle day=2026-08-24 ok=13/13 free=0.1GiB
[2026-08-24T03:15:05.352782+00:00] cycle day=2026-08-24 ok=13/13 free=57.8GiB
[2026-08-24T03:20:06.937137+00:00] cycle day=2026-08-24 ok=13/13 free=57.8GiB
[2026-08-24T03:25:04.930386+00:00] cycle day=2026-08-24 ok=13/13 free=57.8GiB
[2026-08-24T03:30:06.440657+00:00] cycle day=2026-08-24 ok=13/13 free=57.8GiB
[2026-08-24T03:35:03.957119+00:00] cycle day=2026-08-24 ok=13/13 free=58.1GiB
[2026-08-24T03:40:03.384939+00:00] cycle day=2026-08-24 ok=13/13 free=67.2GiB
[2026-08-24T03:45:03.385547+00:00] cycle day=2026-08-24 ok=13/13 free=66.9GiB
[2026-08-24T03:50:02.699981+00:00] cycle day=2026-08-24 ok=13/13 free=67.1GiB
[2026-08-24T03:55:02.767131+00:00] cycle day=2026-08-24 ok=13/13 free=66.9GiB
[2026-08-24T04:00:03.727542+00:00] cycle day=2026-08-24 ok=13/13 free=66.9GiB
[2026-08-24T04:05:02.895583+00:00] cycle day=2026-08-24 ok=13/13 free=66.8GiB
[2026-08-24T04:10:02.650351+00:00] cycle day=2026-08-24 ok=13/13 free=66.2GiB
[2026-08-24T04:15:02.713472+00:00] cycle day=2026-08-24 ok=13/13 free=66.1GiB
[2026-08-24T04:20:02.864110+00:00] cycle day=2026-08-24 ok=13/13 free=66.1GiB
[2026-08-24T04:25:07.655728+00:00] cycle day=2026-08-24 ok=13/13 free=49.0GiB
[2026-08-24T04:30:12.160279+00:00] cycle day=2026-08-24 ok=13/13 free=38.5GiB
[2026-08-24T04:35:03.681717+00:00] cycle day=2026-08-24 ok=13/13 free=63.4GiB
[2026-08-24T04:40:03.590607+00:00] cycle day=2026-08-24 ok=13/13 free=61.9GiB
[2026-08-24T04:45:03.195952+00:00] cycle day=2026-08-24 ok=13/13 free=61.9GiB
[2026-08-24T04:50:03.951088+00:00] cycle day=2026-08-24 ok=13/13 free=61.7GiB
[2026-08-24T04:55:04.581036+00:00] cycle day=2026-08-24 ok=13/13 free=61.5GiB
[2026-08-24T05:00:04.147242+00:00] cycle day=2026-08-24 ok=13/13 free=61.5GiB
[2026-08-24T05:05:04.134912+00:00] cycle day=2026-08-24 ok=13/13 free=61.4GiB
[2026-08-24T05:10:04.498235+00:00] cycle day=2026-08-24 ok=13/13 free=61.4GiB
[2026-08-24T05:15:03.522694+00:00] cycle day=2026-08-24 ok=13/13 free=60.9GiB
[2026-08-24T05:20:03.322311+00:00] cycle day=2026-08-24 ok=13/13 free=60.7GiB
[2026-08-24T05:25:04.793500+00:00] cycle day=2026-08-24 ok=13/13 free=60.6GiB
[2026-08-24T05:30:20.744360+00:00] cycle day=2026-08-24 ok=13/13 free=60.1GiB
[2026-08-24T05:35:03.767030+00:00] cycle day=2026-08-24 ok=13/13 free=60.3GiB
[2026-08-24T05:40:05.322442+00:00] cycle day=2026-08-24 ok=13/13 free=59.5GiB
[2026-08-24T05:45:23.674224+00:00] cycle day=2026-08-24 ok=13/13 free=59.5GiB
[2026-08-24T05:50:06.831229+00:00] cycle day=2026-08-24 ok=13/13 free=58.0GiB
[2026-08-24T05:55:15.974306+00:00] cycle day=2026-08-24 ok=13/13 free=58.7GiB
[2026-08-24T06:00:06.235244+00:00] cycle day=2026-08-24 ok=13/13 free=56.6GiB
[2026-08-24T06:06:52.754882+00:00] cycle day=2026-08-24 ok=13/13 free=53.2GiB
[2026-08-24T06:10:38.930721+00:00] cycle day=2026-08-24 ok=13/13 free=53.5GiB
[2026-08-24T06:15:03.936385+00:00] cycle day=2026-08-24 ok=13/13 free=52.4GiB
[2026-08-24T06:20:07.347664+00:00] cycle day=2026-08-24 ok=13/13 free=52.3GiB
[2026-08-24T06:25:03.436485+00:00] cycle day=2026-08-24 ok=13/13 free=53.3GiB
[2026-08-24T06:30:05.509749+00:00] cycle day=2026-08-24 ok=13/13 free=52.2GiB
[2026-08-24T06:35:10.398837+00:00] cycle day=2026-08-24 ok=13/13 free=52.6GiB
[2026-08-24T06:40:02.766391+00:00] cycle day=2026-08-24 ok=13/13 free=52.2GiB
[2026-08-24T06:45:06.001894+00:00] cycle day=2026-08-24 ok=13/13 free=52.2GiB
[2026-08-24T06:50:08.459000+00:00] cycle day=2026-08-24 ok=13/13 free=51.1GiB
[2026-08-24T06:55:09.522509+00:00] cycle day=2026-08-24 ok=13/13 free=48.9GiB
[2026-08-24T07:00:09.520473+00:00] cycle day=2026-08-24 ok=13/13 free=49.0GiB
[2026-08-24T07:05:07.346012+00:00] cycle day=2026-08-24 ok=13/13 free=49.0GiB
[2026-08-24T07:10:03.303265+00:00] cycle day=2026-08-24 ok=13/13 free=49.1GiB
[2026-08-24T07:15:06.822651+00:00] cycle day=2026-08-24 ok=13/13 free=49.1GiB
[2026-08-24T07:20:04.243775+00:00] cycle day=2026-08-24 ok=13/13 free=49.1GiB
[2026-08-24T07:25:06.212439+00:00] cycle day=2026-08-24 ok=13/13 free=49.0GiB
[2026-08-24T07:30:03.501933+00:00] cycle day=2026-08-24 ok=13/13 free=49.0GiB
[2026-08-24T07:35:02.863555+00:00] cycle day=2026-08-24 ok=13/13 free=49.0GiB
[2026-08-24T07:40:06.196356+00:00] cycle day=2026-08-24 ok=13/13 free=48.6GiB
[2026-08-24T07:45:35.954766+00:00] cycle day=2026-08-24 ok=13/13 free=46.7GiB
[2026-08-24T07:50:06.475607+00:00] cycle day=2026-08-24 ok=13/13 free=46.6GiB
[2026-08-24T07:55:05.346871+00:00] cycle day=2026-08-24 ok=13/13 free=46.8GiB
[2026-08-24T08:00:12.018492+00:00] cycle day=2026-08-24 ok=13/13 free=46.5GiB
[2026-08-24T08:05:04.776038+00:00] cycle day=2026-08-24 ok=13/13 free=46.4GiB
[2026-08-24T08:10:20.018538+00:00] cycle day=2026-08-24 ok=13/13 free=45.6GiB
[2026-08-24T08:15:02.985758+00:00] cycle day=2026-08-24 ok=13/13 free=45.2GiB
[2026-08-24T08:20:03.179982+00:00] cycle day=2026-08-24 ok=13/13 free=45.1GiB
[2026-08-24T08:25:07.072222+00:00] cycle day=2026-08-24 ok=13/13 free=45.1GiB
[2026-08-24T08:30:03.341123+00:00] cycle day=2026-08-24 ok=13/13 free=45.5GiB
[2026-08-24T08:35:02.826163+00:00] cycle day=2026-08-24 ok=13/13 free=45.2GiB
[2026-08-24T08:40:02.894480+00:00] cycle day=2026-08-24 ok=13/13 free=45.0GiB
[2026-08-24T08:45:03.186148+00:00] cycle day=2026-08-24 ok=13/13 free=45.0GiB
[2026-08-24T08:50:03.136766+00:00] cycle day=2026-08-24 ok=13/13 free=44.6GiB
[2026-08-24T08:55:02.640324+00:00] cycle day=2026-08-24 ok=13/13 free=42.8GiB
[2026-08-24T09:00:04.438301+00:00] cycle day=2026-08-24 ok=13/13 free=42.8GiB
[2026-08-24T09:05:07.125276+00:00] cycle day=2026-08-24 ok=13/13 free=42.8GiB
[2026-08-24T09:10:03.192222+00:00] cycle day=2026-08-24 ok=13/13 free=42.6GiB
[2026-08-24T09:15:02.853123+00:00] cycle day=2026-08-24 ok=13/13 free=42.7GiB
[2026-08-24T09:20:02.907206+00:00] cycle day=2026-08-24 ok=13/13 free=44.4GiB
[2026-08-24T09:25:02.844311+00:00] cycle day=2026-08-24 ok=13/13 free=40.3GiB
[2026-08-24T09:30:05.480224+00:00] cycle day=2026-08-24 ok=13/13 free=33.8GiB
[2026-08-24T09:35:03.081752+00:00] cycle day=2026-08-24 ok=13/13 free=34.1GiB
[2026-08-24T09:40:03.919320+00:00] cycle day=2026-08-24 ok=13/13 free=34.1GiB
[2026-08-24T09:45:03.110383+00:00] cycle day=2026-08-24 ok=13/13 free=35.1GiB
[2026-08-24T09:50:02.963861+00:00] cycle day=2026-08-24 ok=13/13 free=35.1GiB
[2026-08-24T09:55:02.855218+00:00] cycle day=2026-08-24 ok=13/13 free=35.0GiB
[2026-08-24T10:00:03.155966+00:00] cycle day=2026-08-24 ok=13/13 free=35.0GiB
[2026-08-24T10:05:16.807405+00:00] cycle day=2026-08-24 ok=13/13 free=36.9GiB
[2026-08-24T10:10:03.059065+00:00] cycle day=2026-08-24 ok=13/13 free=35.9GiB
[2026-08-24T10:15:03.391314+00:00] cycle day=2026-08-24 ok=13/13 free=35.5GiB
[2026-08-24T10:20:07.708309+00:00] cycle day=2026-08-24 ok=13/13 free=35.4GiB
[2026-08-24T10:25:04.071210+00:00] cycle day=2026-08-24 ok=13/13 free=34.9GiB
[2026-08-24T10:30:03.542357+00:00] cycle day=2026-08-24 ok=13/13 free=34.9GiB
[2026-08-24T10:35:05.174996+00:00] cycle day=2026-08-24 ok=13/13 free=34.5GiB
[2026-08-24T10:40:11.155897+00:00] cycle day=2026-08-24 ok=13/13 free=35.4GiB
[2026-08-24T10:45:06.805249+00:00] cycle day=2026-08-24 ok=13/13 free=35.3GiB
[2026-08-24T10:50:07.706040+00:00] cycle day=2026-08-24 ok=13/13 free=33.9GiB
[2026-08-24T10:55:07.759853+00:00] cycle day=2026-08-24 ok=13/13 free=31.1GiB
[2026-08-24T11:00:15.612931+00:00] cycle day=2026-08-24 ok=13/13 free=21.2GiB
[2026-08-24T11:05:29.590935+00:00] cycle day=2026-08-24 ok=13/13 free=24.3GiB
[2026-08-24T11:10:09.816749+00:00] cycle day=2026-08-24 ok=13/13 free=31.0GiB
[2026-08-24T11:15:09.177821+00:00] cycle day=2026-08-24 ok=13/13 free=30.8GiB
[2026-08-24T11:20:21.435352+00:00] cycle day=2026-08-24 ok=13/13 free=30.9GiB
[2026-08-24T11:25:08.645568+00:00] cycle day=2026-08-24 ok=13/13 free=28.5GiB
[2026-08-24T11:30:09.911036+00:00] cycle day=2026-08-24 ok=13/13 free=28.9GiB
[2026-08-24T11:35:24.085706+00:00] cycle day=2026-08-24 ok=13/13 free=29.4GiB
[2026-08-24T11:40:07.154080+00:00] cycle day=2026-08-24 ok=13/13 free=28.7GiB
[2026-08-24T11:45:17.319215+00:00] cycle day=2026-08-24 ok=13/13 free=28.8GiB
[2026-08-24T11:50:03.408537+00:00] cycle day=2026-08-24 ok=13/13 free=30.4GiB
[2026-08-24T11:55:06.843130+00:00] cycle day=2026-08-24 ok=13/13 free=30.4GiB
[2026-08-24T12:00:26.097755+00:00] cycle day=2026-08-24 ok=13/13 free=30.4GiB
[2026-08-24T12:05:06.017574+00:00] cycle day=2026-08-24 ok=13/13 free=30.4GiB
[2026-08-24T12:10:02.764140+00:00] cycle day=2026-08-24 ok=13/13 free=29.8GiB
[2026-08-24T12:15:02.850816+00:00] cycle day=2026-08-24 ok=13/13 free=29.3GiB
[2026-08-24T12:20:03.166713+00:00] cycle day=2026-08-24 ok=13/13 free=29.3GiB
[2026-08-24T12:25:02.779073+00:00] cycle day=2026-08-24 ok=13/13 free=29.1GiB
[2026-08-24T12:30:06.464510+00:00] cycle day=2026-08-24 ok=13/13 free=29.3GiB
[2026-08-24T12:35:02.654727+00:00] cycle day=2026-08-24 ok=13/13 free=29.3GiB
[2026-08-24T12:40:06.192702+00:00] cycle day=2026-08-24 ok=13/13 free=27.8GiB
[2026-08-24T12:45:07.492907+00:00] cycle day=2026-08-24 ok=13/13 free=27.3GiB
[2026-08-24T12:50:08.316872+00:00] cycle day=2026-08-24 ok=13/13 free=26.5GiB
[2026-08-24T12:55:06.422416+00:00] cycle day=2026-08-24 ok=13/13 free=25.1GiB
[2026-08-24T13:01:12.680525+00:00] cycle day=2026-08-24 ok=13/13 free=25.4GiB
[2026-08-24T13:05:35.920928+00:00] cycle day=2026-08-24 ok=13/13 free=25.4GiB
[2026-08-24T13:10:31.184050+00:00] cycle day=2026-08-24 ok=13/13 free=25.5GiB
[2026-08-24T13:15:51.489861+00:00] cycle day=2026-08-24 ok=13/13 free=25.1GiB
[2026-08-24T13:20:17.168581+00:00] cycle day=2026-08-24 ok=13/13 free=25.0GiB
[2026-08-24T13:25:19.052941+00:00] cycle day=2026-08-24 ok=13/13 free=25.0GiB
[2026-08-24T13:30:34.082784+00:00] cycle day=2026-08-24 ok=13/13 free=25.0GiB
[2026-08-24T13:35:44.226250+00:00] cycle day=2026-08-24 ok=13/13 free=25.0GiB
[2026-08-24T13:40:47.991908+00:00] cycle day=2026-08-24 ok=13/13 free=25.0GiB
[2026-08-24T13:45:20.843765+00:00] cycle day=2026-08-24 ok=13/13 free=25.0GiB
[2026-08-24T13:50:12.295670+00:00] cycle day=2026-08-24 ok=13/13 free=24.8GiB
[2026-08-24T13:55:10.500554+00:00] cycle day=2026-08-24 ok=13/13 free=24.7GiB
[2026-08-24T14:00:27.330043+00:00] cycle day=2026-08-24 ok=13/13 free=25.7GiB
[2026-08-24T14:05:19.931460+00:00] cycle day=2026-08-24 ok=13/13 free=25.6GiB
[2026-08-24T14:10:20.858468+00:00] cycle day=2026-08-24 ok=13/13 free=25.7GiB
[2026-08-24T14:15:26.693161+00:00] cycle day=2026-08-24 ok=13/13 free=25.6GiB
[2026-08-24T14:20:17.046748+00:00] cycle day=2026-08-24 ok=13/13 free=25.5GiB
[2026-08-24T14:25:20.402924+00:00] cycle day=2026-08-24 ok=13/13 free=25.5GiB
[2026-08-24T14:30:11.189593+00:00] cycle day=2026-08-24 ok=13/13 free=25.5GiB
[2026-08-24T14:35:56.516936+00:00] cycle day=2026-08-24 ok=13/13 free=25.5GiB
[2026-08-24T14:40:16.824725+00:00] cycle day=2026-08-24 ok=13/13 free=25.5GiB
[2026-08-24T14:45:19.702418+00:00] cycle day=2026-08-24 ok=13/13 free=25.5GiB
[2026-08-24T14:50:18.648138+00:00] cycle day=2026-08-24 ok=13/13 free=25.5GiB
[2026-08-24T14:55:11.774758+00:00] cycle day=2026-08-24 ok=13/13 free=25.5GiB
[2026-08-24T15:00:23.868572+00:00] cycle day=2026-08-24 ok=13/13 free=25.4GiB
[2026-08-24T15:05:23.022766+00:00] cycle day=2026-08-24 ok=13/13 free=51.6GiB
[2026-08-24T15:10:30.941186+00:00] cycle day=2026-08-24 ok=13/13 free=63.2GiB
[2026-08-24T15:15:21.438095+00:00] cycle day=2026-08-24 ok=13/13 free=63.2GiB
[2026-08-24T15:20:28.702535+00:00] cycle day=2026-08-24 ok=13/13 free=63.2GiB
[2026-08-24T15:25:31.805056+00:00] cycle day=2026-08-24 ok=13/13 free=63.3GiB
[2026-08-24T15:30:15.232263+00:00] cycle day=2026-08-24 ok=13/13 free=63.3GiB
[2026-08-24T15:35:23.206073+00:00] cycle day=2026-08-24 ok=13/13 free=63.3GiB
[2026-08-24T15:40:16.187701+00:00] cycle day=2026-08-24 ok=13/13 free=63.3GiB
[2026-08-24T15:45:28.331073+00:00] cycle day=2026-08-24 ok=13/13 free=63.3GiB
[2026-08-24T15:50:09.913298+00:00] cycle day=2026-08-24 ok=13/13 free=63.3GiB
[2026-08-24T15:55:10.875773+00:00] cycle day=2026-08-24 ok=13/13 free=63.3GiB
[2026-08-24T16:00:12.581930+00:00] cycle day=2026-08-24 ok=13/13 free=63.3GiB
[2026-08-24T16:05:13.651188+00:00] cycle day=2026-08-24 ok=13/13 free=63.3GiB
[2026-08-24T16:10:21.704209+00:00] cycle day=2026-08-24 ok=13/13 free=63.1GiB
[2026-08-24T16:15:07.058082+00:00] cycle day=2026-08-24 ok=13/13 free=63.0GiB
[2026-08-24T16:20:08.173128+00:00] cycle day=2026-08-24 ok=13/13 free=63.2GiB
[2026-08-24T16:25:24.994626+00:00] cycle day=2026-08-24 ok=13/13 free=63.2GiB
[2026-08-24T16:30:28.104366+00:00] cycle day=2026-08-24 ok=13/13 free=63.2GiB
[2026-08-24T16:35:37.139827+00:00] cycle day=2026-08-24 ok=13/13 free=63.2GiB
[2026-08-24T16:40:26.832313+00:00] cycle day=2026-08-24 ok=13/13 free=63.2GiB
[2026-08-24T16:45:36.692717+00:00] cycle day=2026-08-24 ok=13/13 free=63.1GiB
[2026-08-24T16:50:49.231483+00:00] cycle day=2026-08-24 ok=13/13 free=64.5GiB
[2026-08-24T16:55:45.386766+00:00] cycle day=2026-08-24 ok=13/13 free=63.6GiB
[2026-08-24T17:00:33.183692+00:00] cycle day=2026-08-24 ok=13/13 free=63.6GiB
[2026-08-24T17:05:34.696291+00:00] cycle day=2026-08-24 ok=13/13 free=62.7GiB
[2026-08-24T17:10:21.220172+00:00] cycle day=2026-08-24 ok=13/13 free=64.1GiB
[2026-08-24T17:15:43.897047+00:00] cycle day=2026-08-24 ok=13/13 free=65.1GiB
[2026-08-24T17:20:34.493387+00:00] cycle day=2026-08-24 ok=13/13 free=64.0GiB
[2026-08-24T17:25:19.264088+00:00] cycle day=2026-08-24 ok=13/13 free=63.9GiB
[2026-08-24T17:30:33.840334+00:00] cycle day=2026-08-24 ok=13/13 free=63.9GiB
[2026-08-24T17:35:38.900714+00:00] cycle day=2026-08-24 ok=13/13 free=64.1GiB
[2026-08-24T17:40:19.580978+00:00] cycle day=2026-08-24 ok=13/13 free=64.0GiB
[2026-08-24T17:45:19.232244+00:00] cycle day=2026-08-24 ok=13/13 free=64.0GiB
[2026-08-24T17:50:08.324700+00:00] cycle day=2026-08-24 ok=13/13 free=64.0GiB
[2026-08-24T17:55:05.109030+00:00] cycle day=2026-08-24 ok=13/13 free=64.0GiB
[2026-08-24T18:00:04.659492+00:00] cycle day=2026-08-24 ok=13/13 free=64.1GiB
[2026-08-24T18:05:04.684192+00:00] cycle day=2026-08-24 ok=13/13 free=64.1GiB
[2026-08-24T18:10:12.763518+00:00] cycle day=2026-08-24 ok=13/13 free=64.0GiB
[2026-08-24T18:15:08.295154+00:00] cycle day=2026-08-24 ok=13/13 free=64.0GiB
[2026-08-24T18:20:04.230615+00:00] cycle day=2026-08-24 ok=13/13 free=64.1GiB
[2026-08-24T18:25:18.055080+00:00] cycle day=2026-08-24 ok=13/13 free=64.0GiB
[2026-08-24T18:30:16.543098+00:00] cycle day=2026-08-24 ok=13/13 free=64.0GiB
[2026-08-24T18:35:13.345528+00:00] cycle day=2026-08-24 ok=13/13 free=64.0GiB
[2026-08-24T18:40:29.450662+00:00] cycle day=2026-08-24 ok=13/13 free=65.6GiB
[2026-08-24T18:45:11.167408+00:00] cycle day=2026-08-24 ok=13/13 free=65.4GiB
[2026-08-24T18:50:13.035292+00:00] cycle day=2026-08-24 ok=13/13 free=65.6GiB
[2026-08-24T18:55:05.336074+00:00] cycle day=2026-08-24 ok=13/13 free=65.7GiB
[2026-08-24T19:00:04.676172+00:00] cycle day=2026-08-24 ok=13/13 free=65.6GiB
[2026-08-24T19:05:04.208708+00:00] cycle day=2026-08-24 ok=13/13 free=65.7GiB
[2026-08-24T19:10:04.386830+00:00] cycle day=2026-08-24 ok=13/13 free=65.6GiB
[2026-08-24T19:15:07.881869+00:00] cycle day=2026-08-24 ok=13/13 free=65.6GiB
[2026-08-24T19:20:07.206858+00:00] cycle day=2026-08-24 ok=13/13 free=65.6GiB
[2026-08-24T19:25:04.495584+00:00] cycle day=2026-08-24 ok=13/13 free=65.7GiB
[2026-08-24T19:30:05.640361+00:00] cycle day=2026-08-24 ok=13/13 free=65.6GiB
[2026-08-24T19:35:04.533134+00:00] cycle day=2026-08-24 ok=13/13 free=66.7GiB
[2026-08-24T19:40:04.120995+00:00] cycle day=2026-08-24 ok=13/13 free=66.7GiB
[2026-08-24T19:45:12.411852+00:00] cycle day=2026-08-24 ok=13/13 free=66.6GiB
[2026-08-24T19:50:12.689445+00:00] cycle day=2026-08-24 ok=13/13 free=66.6GiB
[2026-08-24T19:55:06.470769+00:00] cycle day=2026-08-24 ok=13/13 free=65.2GiB
[2026-08-24T20:00:09.723385+00:00] cycle day=2026-08-24 ok=13/13 free=65.2GiB
[2026-08-24T20:05:05.332760+00:00] cycle day=2026-08-24 ok=13/13 free=65.2GiB
[2026-08-24T20:10:04.243122+00:00] cycle day=2026-08-24 ok=13/13 free=65.2GiB
[2026-08-24T20:15:08.333033+00:00] cycle day=2026-08-24 ok=13/13 free=65.2GiB
[2026-08-24T20:20:06.978634+00:00] cycle day=2026-08-24 ok=13/13 free=65.1GiB
[2026-08-24T20:25:06.060395+00:00] cycle day=2026-08-24 ok=13/13 free=65.1GiB
[2026-08-24T20:30:08.373720+00:00] cycle day=2026-08-24 ok=13/13 free=65.2GiB
[2026-08-24T20:35:04.245511+00:00] cycle day=2026-08-24 ok=13/13 free=65.1GiB
[2026-08-24T20:40:06.134330+00:00] cycle day=2026-08-24 ok=13/13 free=65.1GiB
[2026-08-24T20:45:04.629537+00:00] cycle day=2026-08-24 ok=13/13 free=65.1GiB
[2026-08-24T20:50:04.392804+00:00] cycle day=2026-08-24 ok=13/13 free=65.1GiB
[2026-08-24T20:58:07.841335+00:00] cycle day=2026-08-24 ok=13/13 free=65.8GiB
[2026-08-24T21:00:05.556236+00:00] cycle day=2026-08-24 ok=13/13 free=65.8GiB
[2026-08-24T21:05:05.964070+00:00] cycle day=2026-08-24 ok=13/13 free=65.8GiB
[2026-08-24T21:10:04.996252+00:00] cycle day=2026-08-24 ok=13/13 free=65.9GiB
[2026-08-24T21:15:05.570832+00:00] cycle day=2026-08-24 ok=13/13 free=65.8GiB
[2026-08-24T21:20:04.330911+00:00] cycle day=2026-08-24 ok=13/13 free=65.8GiB
[2026-08-24T21:25:04.587177+00:00] cycle day=2026-08-24 ok=13/13 free=65.8GiB
[2026-08-24T21:30:19.291114+00:00] cycle day=2026-08-24 ok=13/13 free=65.8GiB
[2026-08-24T21:35:09.649284+00:00] cycle day=2026-08-24 ok=13/13 free=65.8GiB
[2026-08-24T21:40:04.630039+00:00] cycle day=2026-08-24 ok=13/13 free=65.8GiB
[2026-08-24T21:45:06.773649+00:00] cycle day=2026-08-24 ok=13/13 free=65.8GiB
[2026-08-24T21:50:06.398269+00:00] cycle day=2026-08-24 ok=13/13 free=65.8GiB
[2026-08-24T21:55:05.308640+00:00] cycle day=2026-08-24 ok=13/13 free=65.8GiB
[2026-08-24T22:00:05.437115+00:00] cycle day=2026-08-24 ok=13/13 free=65.8GiB
[2026-08-24T22:05:08.964450+00:00] cycle day=2026-08-24 ok=13/13 free=65.8GiB
[2026-08-24T22:10:09.578781+00:00] cycle day=2026-08-24 ok=13/13 free=65.8GiB
[2026-08-24T22:15:10.437770+00:00] cycle day=2026-08-24 ok=13/13 free=65.8GiB
[2026-08-24T22:20:06.945517+00:00] cycle day=2026-08-24 ok=13/13 free=65.8GiB
[2026-08-24T22:25:04.780835+00:00] cycle day=2026-08-24 ok=13/13 free=65.8GiB
[2026-08-24T22:30:04.612870+00:00] cycle day=2026-08-24 ok=13/13 free=65.8GiB
[2026-08-24T22:35:04.672027+00:00] cycle day=2026-08-24 ok=13/13 free=65.8GiB
[2026-08-24T22:40:04.950172+00:00] cycle day=2026-08-24 ok=13/13 free=65.8GiB
[2026-08-24T22:45:04.562289+00:00] cycle day=2026-08-24 ok=13/13 free=65.8GiB
[2026-08-24T22:50:04.927800+00:00] cycle day=2026-08-24 ok=13/13 free=65.8GiB
[2026-08-24T22:56:39.029681+00:00] cycle day=2026-08-24 ok=13/13 free=65.8GiB
[2026-08-24T23:00:07.168477+00:00] cycle day=2026-08-24 ok=13/13 free=64.4GiB
[2026-08-24T23:05:10.497383+00:00] cycle day=2026-08-24 ok=13/13 free=62.9GiB
[2026-08-24T23:10:30.354064+00:00] cycle day=2026-08-24 ok=13/13 free=62.2GiB
[2026-08-24T23:15:07.710912+00:00] cycle day=2026-08-24 ok=13/13 free=62.3GiB
[2026-08-24T23:20:14.692328+00:00] cycle day=2026-08-24 ok=13/13 free=63.2GiB
[2026-08-24T23:25:03.913747+00:00] cycle day=2026-08-24 ok=13/13 free=63.0GiB
[2026-08-24T23:30:02.753510+00:00] cycle day=2026-08-24 ok=13/13 free=64.2GiB
[2026-08-24T23:35:15.548985+00:00] cycle day=2026-08-24 ok=13/13 free=64.1GiB
[2026-08-24T23:40:07.499743+00:00] cycle day=2026-08-24 ok=13/13 free=63.8GiB
[2026-08-24T23:45:07.580256+00:00] cycle day=2026-08-24 ok=13/13 free=64.0GiB
[2026-08-24T23:50:16.309268+00:00] cycle day=2026-08-24 ok=13/13 free=63.5GiB
[2026-08-24T23:55:09.324665+00:00] cycle day=2026-08-24 ok=13/13 free=62.8GiB
[2026-08-25T00:00:00.207855+00:00] UTC rollover 2026-08-24 -> 2026-08-25
  finalized /Users/benebsworth/projects/omega/data/frozen_series/binance_depth_forward/ADAUSDT/2026-08-23.json.gz (286 snapshots, 296719 B)
  finalized /Users/benebsworth/projects/omega/data/frozen_series/binance_depth_forward/ADAUSDT/2026-08-24.json.gz (288 snapshots, 303239 B)
  finalized /Users/benebsworth/projects/omega/data/frozen_series/binance_depth_forward/ARBUSDT/2026-08-23.json.gz (286 snapshots, 319273 B)
  finalized /Users/benebsworth/projects/omega/data/frozen_series/binance_depth_forward/ARBUSDT/2026-08-24.json.gz (288 snapshots, 321362 B)
  finalized /Users/benebsworth/projects/omega/data/frozen_series/binance_depth_forward/AVAXUSDT/2026-08-23.json.gz (286 snapshots, 219753 B)
  finalized /Users/benebsworth/projects/omega/data/frozen_series/binance_depth_forward/AVAXUSDT/2026-08-24.json.gz (288 snapshots, 222612 B)
  finalized /Users/benebsworth/projects/omega/data/frozen_series/binance_depth_forward/BNBUSDT/2026-08-23.json.gz (286 snapshots, 249991 B)
  finalized /Users/benebsworth/projects/omega/data/frozen_series/binance_depth_forward/BNBUSDT/2026-08-24.json.gz (288 snapshots, 255634 B)
  finalized /Users/benebsworth/projects/omega/data/frozen_series/binance_depth_forward/BTCUSDT/2026-08-23.json.gz (286 snapshots, 217208 B)
  finalized /Users/benebsworth/projects/omega/data/frozen_series/binance_depth_forward/BTCUSDT/2026-08-24.json.gz (288 snapshots, 221047 B)
  finalized /Users/benebsworth/projects/omega/data/frozen_series/binance_depth_forward/DOTUSDT/2026-08-23.json.gz (286 snapshots, 298905 B)
  finalized /Users/benebsworth/projects/omega/data/frozen_series/binance_depth_forward/DOTUSDT/2026-08-24.json.gz (288 snapshots, 303808 B)
  finalized /Users/benebsworth/projects/omega/data/frozen_series/binance_depth_forward/ETHUSDT/2026-08-23.json.gz (286 snapshots, 287065 B)
  finalized /Users/benebsworth/projects/omega/data/frozen_series/binance_depth_forward/ETHUSDT/2026-08-24.json.gz (288 snapshots, 290588 B)
  finalized /Users/benebsworth/projects/omega/data/frozen_series/binance_depth_forward/LINKUSDT/2026-08-23.json.gz (286 snapshots, 311253 B)
  finalized /Users/benebsworth/projects/omega/data/frozen_series/binance_depth_forward/LINKUSDT/2026-08-24.json.gz (288 snapshots, 316490 B)
  finalized /Users/benebsworth/projects/omega/data/frozen_series/binance_depth_forward/NEARUSDT/2026-08-23.json.gz (286 snapshots, 276983 B)
  finalized /Users/benebsworth/projects/omega/data/frozen_series/binance_depth_forward/NEARUSDT/2026-08-24.json.gz (288 snapshots, 281236 B)
  finalized /Users/benebsworth/projects/omega/data/frozen_series/binance_depth_forward/POLUSDT/2026-08-23.json.gz (286 snapshots, 280548 B)
  finalized /Users/benebsworth/projects/omega/data/frozen_series/binance_depth_forward/POLUSDT/2026-08-24.json.gz (288 snapshots, 285395 B)
  finalized /Users/benebsworth/projects/omega/data/frozen_series/binance_depth_forward/SOLUSDT/2026-08-23.json.gz (286 snapshots, 314893 B)
  finalized /Users/benebsworth/projects/omega/data/frozen_series/binance_depth_forward/SOLUSDT/2026-08-24.json.gz (288 snapshots, 319240 B)
  finalized /Users/benebsworth/projects/omega/data/frozen_series/binance_depth_forward/SUIUSDT/2026-08-23.json.gz (286 snapshots, 322742 B)
  finalized /Users/benebsworth/projects/omega/data/frozen_series/binance_depth_forward/SUIUSDT/2026-08-24.json.gz (288 snapshots, 326654 B)
  finalized /Users/benebsworth/projects/omega/data/frozen_series/binance_depth_forward/XRPUSDT/2026-08-23.json.gz (286 snapshots, 340124 B)
  finalized /Users/benebsworth/projects/omega/data/frozen_series/binance_depth_forward/XRPUSDT/2026-08-24.json.gz (288 snapshots, 343615 B)
[2026-08-25T00:03:10.634856+00:00] cycle day=2026-08-25 ok=13/13 free=60.5GiB
[2026-08-25T00:05:07.998847+00:00] cycle day=2026-08-25 ok=13/13 free=60.5GiB
[2026-08-25T00:10:04.654301+00:00] cycle day=2026-08-25 ok=13/13 free=60.5GiB
[2026-08-25T00:15:11.052383+00:00] cycle day=2026-08-25 ok=13/13 free=57.2GiB
[2026-08-25T00:20:07.512458+00:00] cycle day=2026-08-25 ok=13/13 free=56.1GiB
[2026-08-25T00:25:08.683137+00:00] cycle day=2026-08-25 ok=13/13 free=57.4GiB
[2026-08-25T00:30:04.899320+00:00] cycle day=2026-08-25 ok=13/13 free=55.3GiB
[2026-08-25T00:35:08.520352+00:00] cycle day=2026-08-25 ok=13/13 free=57.5GiB
[2026-08-25T00:40:05.839725+00:00] cycle day=2026-08-25 ok=13/13 free=56.3GiB
[2026-08-25T00:45:08.645112+00:00] cycle day=2026-08-25 ok=13/13 free=57.9GiB
[2026-08-25T00:50:07.130612+00:00] cycle day=2026-08-25 ok=13/13 free=54.5GiB
[2026-08-25T00:55:17.907746+00:00] cycle day=2026-08-25 ok=13/13 free=55.5GiB
[2026-08-25T01:00:10.813697+00:00] cycle day=2026-08-25 ok=13/13 free=55.3GiB
[2026-08-25T01:05:03.125613+00:00] cycle day=2026-08-25 ok=13/13 free=55.3GiB
[2026-08-25T01:10:03.947898+00:00] cycle day=2026-08-25 ok=13/13 free=56.1GiB
[2026-08-25T01:15:51.746733+00:00] cycle day=2026-08-25 ok=13/13 free=55.3GiB
[2026-08-25T01:20:05.015431+00:00] cycle day=2026-08-25 ok=13/13 free=54.8GiB
[2026-08-25T01:25:23.282308+00:00] cycle day=2026-08-25 ok=13/13 free=48.8GiB
[2026-08-25T01:30:04.011791+00:00] cycle day=2026-08-25 ok=13/13 free=48.1GiB
[2026-08-25T01:35:03.996919+00:00] cycle day=2026-08-25 ok=13/13 free=47.7GiB
[2026-08-25T01:40:05.634028+00:00] cycle day=2026-08-25 ok=13/13 free=47.4GiB
[2026-08-25T01:45:46.976452+00:00] cycle day=2026-08-25 ok=13/13 free=47.7GiB
[2026-08-25T01:50:55.785053+00:00] cycle day=2026-08-25 ok=13/13 free=43.6GiB
[2026-08-25T01:55:10.157061+00:00] cycle day=2026-08-25 ok=13/13 free=44.6GiB
[2026-08-25T02:00:20.280209+00:00] cycle day=2026-08-25 ok=13/13 free=43.7GiB
[2026-08-25T02:05:05.633978+00:00] cycle day=2026-08-25 ok=13/13 free=42.6GiB
[2026-08-25T02:10:05.356330+00:00] cycle day=2026-08-25 ok=13/13 free=42.1GiB
[2026-08-25T02:15:08.568223+00:00] cycle day=2026-08-25 ok=13/13 free=39.4GiB
[2026-08-25T02:20:07.062533+00:00] cycle day=2026-08-25 ok=13/13 free=38.7GiB
[2026-08-25T02:25:05.105801+00:00] cycle day=2026-08-25 ok=13/13 free=36.5GiB
[2026-08-25T02:30:05.779303+00:00] cycle day=2026-08-25 ok=13/13 free=36.5GiB
[2026-08-25T02:35:02.685862+00:00] cycle day=2026-08-25 ok=13/13 free=36.5GiB
[2026-08-25T02:40:03.268835+00:00] cycle day=2026-08-25 ok=13/13 free=36.9GiB
[2026-08-25T02:45:02.777077+00:00] cycle day=2026-08-25 ok=13/13 free=36.8GiB
[2026-08-25T02:50:03.070712+00:00] cycle day=2026-08-25 ok=13/13 free=36.8GiB
[2026-08-25T02:55:06.152620+00:00] cycle day=2026-08-25 ok=13/13 free=36.8GiB
[2026-08-25T03:00:18.484775+00:00] cycle day=2026-08-25 ok=13/13 free=33.6GiB
[2026-08-25T03:05:04.971008+00:00] cycle day=2026-08-25 ok=13/13 free=35.1GiB
[2026-08-25T03:10:04.920629+00:00] cycle day=2026-08-25 ok=13/13 free=35.0GiB
[2026-08-25T03:15:05.009858+00:00] cycle day=2026-08-25 ok=13/13 free=34.2GiB
[2026-08-25T03:20:03.407912+00:00] cycle day=2026-08-25 ok=13/13 free=32.9GiB
[2026-08-25T03:25:04.371220+00:00] cycle day=2026-08-25 ok=13/13 free=31.2GiB
[2026-08-25T03:30:19.886837+00:00] cycle day=2026-08-25 ok=13/13 free=27.6GiB
[2026-08-25T03:35:08.953337+00:00] cycle day=2026-08-25 ok=13/13 free=27.3GiB
[2026-08-25T03:40:15.769489+00:00] cycle day=2026-08-25 ok=13/13 free=22.9GiB
[2026-08-25T03:45:06.387064+00:00] cycle day=2026-08-25 ok=13/13 free=12.2GiB
[2026-08-25T03:50:14.136560+00:00] cycle day=2026-08-25 ok=13/13 free=12.0GiB
[2026-08-25T03:55:43.629235+00:00] cycle day=2026-08-25 ok=13/13 free=18.5GiB
[2026-08-25T04:00:14.389045+00:00] cycle day=2026-08-25 ok=13/13 free=13.8GiB
[2026-08-25T04:05:11.568053+00:00] cycle day=2026-08-25 ok=13/13 free=13.8GiB
[2026-08-25T04:10:26.495052+00:00] cycle day=2026-08-25 ok=13/13 free=16.1GiB
[2026-08-25T04:15:10.011205+00:00] cycle day=2026-08-25 ok=13/13 free=15.8GiB
[2026-08-25T04:21:12.094984+00:00] cycle day=2026-08-25 ok=13/13 free=15.6GiB
[2026-08-25T04:26:54.494566+00:00] cycle day=2026-08-25 ok=13/13 free=13.8GiB
[2026-08-25T04:32:15.654948+00:00] cycle day=2026-08-25 ok=13/13 free=13.9GiB
[2026-08-25T04:35:16.311394+00:00] cycle day=2026-08-25 ok=13/13 free=13.8GiB
[2026-08-25T04:40:53.038974+00:00] cycle day=2026-08-25 ok=13/13 free=14.8GiB
[2026-08-25T04:47:26.220877+00:00] cycle day=2026-08-25 ok=13/13 free=14.9GiB
[2026-08-25T04:50:37.870810+00:00] cycle day=2026-08-25 ok=13/13 free=14.7GiB
[2026-08-25T04:55:20.824603+00:00] cycle day=2026-08-25 ok=13/13 free=13.9GiB
[2026-08-25T05:00:29.893019+00:00] cycle day=2026-08-25 ok=13/13 free=13.8GiB
[2026-08-25T05:05:20.531303+00:00] cycle day=2026-08-25 ok=13/13 free=13.8GiB
[2026-08-25T05:12:17.860657+00:00] cycle day=2026-08-25 ok=13/13 free=14.7GiB
[2026-08-25T05:15:22.819960+00:00] cycle day=2026-08-25 ok=13/13 free=14.7GiB
[2026-08-25T05:20:36.507831+00:00] cycle day=2026-08-25 ok=13/13 free=14.7GiB
[2026-08-25T05:25:58.926732+00:00] cycle day=2026-08-25 ok=13/13 free=14.6GiB
[2026-08-25T05:30:09.857988+00:00] cycle day=2026-08-25 ok=13/13 free=14.0GiB
[2026-08-25T05:35:12.011801+00:00] cycle day=2026-08-25 ok=13/13 free=14.0GiB
[2026-08-25T05:40:16.074526+00:00] cycle day=2026-08-25 ok=13/13 free=14.0GiB
[2026-08-25T05:45:09.179405+00:00] cycle day=2026-08-25 ok=13/13 free=12.1GiB
[2026-08-25T05:50:11.186274+00:00] cycle day=2026-08-25 ok=13/13 free=9.6GiB
[2026-08-25T05:55:11.495411+00:00] cycle day=2026-08-25 ok=13/13 free=9.7GiB
[2026-08-25T06:00:07.665875+00:00] cycle day=2026-08-25 ok=13/13 free=9.6GiB
[2026-08-25T06:05:07.757292+00:00] cycle day=2026-08-25 ok=13/13 free=10.6GiB
[2026-08-25T06:10:08.542362+00:00] cycle day=2026-08-25 ok=13/13 free=10.5GiB
[2026-08-25T06:15:10.388781+00:00] cycle day=2026-08-25 ok=13/13 free=10.2GiB
[2026-08-25T06:20:06.933719+00:00] cycle day=2026-08-25 ok=13/13 free=10.2GiB
[2026-08-25T06:25:14.468991+00:00] cycle day=2026-08-25 ok=13/13 free=8.4GiB
[2026-08-25T06:30:23.863022+00:00] cycle day=2026-08-25 ok=13/13 free=8.4GiB
[2026-08-25T06:35:19.826252+00:00] cycle day=2026-08-25 ok=13/13 free=7.6GiB
[2026-08-25T06:40:35.101420+00:00] cycle day=2026-08-25 ok=13/13 free=8.1GiB
[2026-08-25T06:45:10.453721+00:00] cycle day=2026-08-25 ok=13/13 free=7.4GiB
[2026-08-25T06:50:17.296004+00:00] cycle day=2026-08-25 ok=13/13 free=5.2GiB
[2026-08-25T06:55:17.850745+00:00] cycle day=2026-08-25 ok=13/13 free=6.3GiB
[2026-08-25T07:00:07.472001+00:00] cycle day=2026-08-25 ok=13/13 free=6.0GiB
[2026-08-25T07:05:10.341859+00:00] cycle day=2026-08-25 ok=13/13 free=5.1GiB
[2026-08-25T07:10:21.069969+00:00] cycle day=2026-08-25 ok=13/13 free=2.2GiB
[2026-08-25T07:15:26.567688+00:00] cycle day=2026-08-25 ok=13/13 free=12.0GiB
[2026-08-25T07:20:08.120574+00:00] cycle day=2026-08-25 ok=13/13 free=7.3GiB
[2026-08-25T07:25:26.997460+00:00] cycle day=2026-08-25 ok=13/13 free=5.7GiB
[2026-08-25T07:30:17.972877+00:00] cycle day=2026-08-25 ok=13/13 free=2.0GiB
[2026-08-25T07:35:07.689752+00:00] cycle day=2026-08-25 ok=13/13 free=9.2GiB
[2026-08-25T07:40:05.128281+00:00] cycle day=2026-08-25 ok=13/13 free=7.5GiB
[2026-08-25T07:45:08.653230+00:00] cycle day=2026-08-25 ok=13/13 free=5.2GiB
[2026-08-25T07:50:07.817872+00:00] cycle day=2026-08-25 ok=13/13 free=5.9GiB
[2026-08-25T07:55:04.028537+00:00] cycle day=2026-08-25 ok=13/13 free=5.8GiB
[2026-08-25T08:00:07.154000+00:00] cycle day=2026-08-25 ok=13/13 free=7.1GiB
[2026-08-25T08:05:07.037359+00:00] cycle day=2026-08-25 ok=13/13 free=7.3GiB
[2026-08-25T08:10:04.614299+00:00] cycle day=2026-08-25 ok=13/13 free=5.8GiB
[2026-08-25T08:15:04.828653+00:00] cycle day=2026-08-25 ok=13/13 free=6.8GiB
[2026-08-25T08:20:06.052364+00:00] cycle day=2026-08-25 ok=13/13 free=5.6GiB
[2026-08-25T08:25:10.166147+00:00] cycle day=2026-08-25 ok=13/13 free=5.9GiB
[2026-08-25T08:30:06.587407+00:00] cycle day=2026-08-25 ok=13/13 free=5.8GiB
[2026-08-25T08:35:03.944607+00:00] cycle day=2026-08-25 ok=13/13 free=4.6GiB
[2026-08-25T08:40:10.045952+00:00] cycle day=2026-08-25 ok=13/13 free=4.6GiB
[2026-08-25T08:45:21.824682+00:00] cycle day=2026-08-25 ok=13/13 free=4.7GiB
[2026-08-25T08:50:10.705593+00:00] cycle day=2026-08-25 ok=13/13 free=4.7GiB
[2026-08-25T08:55:24.868387+00:00] cycle day=2026-08-25 ok=13/13 free=4.6GiB
[2026-08-25T09:00:11.638564+00:00] cycle day=2026-08-25 ok=13/13 free=4.6GiB
[2026-08-25T09:05:36.468124+00:00] cycle day=2026-08-25 ok=13/13 free=4.6GiB
[2026-08-25T09:10:04.947259+00:00] cycle day=2026-08-25 ok=13/13 free=3.4GiB
[2026-08-25T09:15:11.865823+00:00] cycle day=2026-08-25 ok=13/13 free=3.8GiB
[2026-08-25T09:20:07.239306+00:00] cycle day=2026-08-25 ok=13/13 free=1.7GiB
[2026-08-25T09:26:23.576555+00:00] cycle day=2026-08-25 ok=13/13 free=2.8GiB
[2026-08-25T09:30:11.645715+00:00] cycle day=2026-08-25 ok=13/13 free=3.3GiB
[2026-08-25T09:35:10.507376+00:00] cycle day=2026-08-25 ok=13/13 free=1.5GiB
[2026-08-25T09:40:06.429699+00:00] cycle day=2026-08-25 ok=13/13 free=3.7GiB
[2026-08-25T09:45:12.679599+00:00] cycle day=2026-08-25 ok=13/13 free=6.2GiB
[2026-08-25T09:50:05.251088+00:00] cycle day=2026-08-25 ok=13/13 free=6.6GiB
[2026-08-25T09:55:16.781782+00:00] cycle day=2026-08-25 ok=13/13 free=7.0GiB
[2026-08-25T10:01:21.022284+00:00] cycle day=2026-08-25 ok=13/13 free=6.5GiB
[2026-08-25T10:05:18.011751+00:00] cycle day=2026-08-25 ok=13/13 free=0.2GiB
[2026-08-25T10:10:06.373718+00:00] cycle day=2026-08-25 ok=13/13 free=1.4GiB
[2026-08-25T10:15:04.281130+00:00] cycle day=2026-08-25 ok=13/13 free=1.1GiB
[2026-08-25T10:20:30.551881+00:00] depth collector up — 13 symbols, limit=100, cadence=300s
[2026-08-25T10:20:36.391085+00:00] cycle day=2026-08-25 ok=13/13 free=0.1GiB
[2026-08-25T10:25:06.088136+00:00] cycle day=2026-08-25 ok=13/13 free=6.4GiB
[2026-08-25T10:30:22.839209+00:00] cycle day=2026-08-25 ok=13/13 free=6.4GiB
[2026-08-25T10:35:17.350722+00:00] cycle day=2026-08-25 ok=13/13 free=4.1GiB
[2026-08-25T10:40:07.828412+00:00] cycle day=2026-08-25 ok=13/13 free=6.0GiB
[2026-08-25T10:45:04.317095+00:00] cycle day=2026-08-25 ok=13/13 free=5.8GiB
[2026-08-25T10:50:02.758636+00:00] cycle day=2026-08-25 ok=13/13 free=9.8GiB
[2026-08-25T11:00:26.270096+00:00] depth collector up — 13 symbols, limit=100, cadence=300s
[2026-08-25T11:00:31.269516+00:00] cycle day=2026-08-25 ok=13/13 free=34.8GiB
[2026-08-25T11:05:04.922898+00:00] cycle day=2026-08-25 ok=13/13 free=67.2GiB
[2026-08-25T11:10:34.695993+00:00] cycle day=2026-08-25 ok=13/13 free=76.6GiB
[2026-08-25T11:15:03.184476+00:00] cycle day=2026-08-25 ok=13/13 free=95.7GiB
[2026-08-25T11:20:02.638926+00:00] cycle day=2026-08-25 ok=13/13 free=110.5GiB
[2026-08-25T11:25:03.530970+00:00] cycle day=2026-08-25 ok=13/13 free=103.5GiB
[2026-08-25T11:30:02.804626+00:00] cycle day=2026-08-25 ok=13/13 free=100.7GiB
[2026-08-25T11:35:02.453922+00:00] cycle day=2026-08-25 ok=13/13 free=99.8GiB
[2026-08-25T11:40:03.269822+00:00] cycle day=2026-08-25 ok=13/13 free=101.8GiB
[2026-08-25T11:45:04.003726+00:00] cycle day=2026-08-25 ok=13/13 free=101.8GiB
[2026-08-25T11:50:05.230797+00:00] cycle day=2026-08-25 ok=13/13 free=101.8GiB
[2026-08-25T11:55:03.387542+00:00] cycle day=2026-08-25 ok=13/13 free=101.8GiB
[2026-08-25T12:00:38.031302+00:00] cycle day=2026-08-25 ok=13/13 free=94.7GiB
[2026-08-25T12:05:02.802581+00:00] cycle day=2026-08-25 ok=13/13 free=97.6GiB
[2026-08-25T12:11:53.961093+00:00] cycle day=2026-08-25 ok=13/13 free=96.7GiB
[2026-08-25T12:16:05.083747+00:00] cycle day=2026-08-25 ok=13/13 free=95.2GiB
[2026-08-25T12:20:23.573090+00:00] cycle day=2026-08-25 ok=13/13 free=94.6GiB
[2026-08-25T12:25:30.023414+00:00] cycle day=2026-08-25 ok=13/13 free=89.5GiB
[2026-08-25T12:30:14.894170+00:00] cycle day=2026-08-25 ok=13/13 free=90.5GiB
[2026-08-25T12:35:20.260099+00:00] cycle day=2026-08-25 ok=13/13 free=91.5GiB
[2026-08-25T12:40:13.186557+00:00] cycle day=2026-08-25 ok=13/13 free=87.0GiB
[2026-08-25T12:45:27.751933+00:00] cycle day=2026-08-25 ok=13/13 free=86.2GiB
[2026-08-25T12:50:13.635264+00:00] cycle day=2026-08-25 ok=13/13 free=85.8GiB
[2026-08-25T12:55:16.587251+00:00] cycle day=2026-08-25 ok=13/13 free=81.8GiB
[2026-08-25T13:00:15.507524+00:00] cycle day=2026-08-25 ok=13/13 free=83.5GiB
[2026-08-25T13:05:10.760432+00:00] cycle day=2026-08-25 ok=13/13 free=77.1GiB
[2026-08-25T13:10:15.577862+00:00] cycle day=2026-08-25 ok=13/13 free=77.2GiB
[2026-08-25T13:15:11.682468+00:00] cycle day=2026-08-25 ok=13/13 free=79.0GiB
[2026-08-25T13:20:07.516575+00:00] cycle day=2026-08-25 ok=13/13 free=74.9GiB
[2026-08-25T13:25:11.891000+00:00] cycle day=2026-08-25 ok=13/13 free=78.7GiB
[2026-08-25T13:30:10.770671+00:00] cycle day=2026-08-25 ok=13/13 free=76.7GiB
[2026-08-25T13:35:06.802931+00:00] cycle day=2026-08-25 ok=13/13 free=76.6GiB
[2026-08-25T13:40:11.064860+00:00] cycle day=2026-08-25 ok=13/13 free=76.5GiB
[2026-08-25T13:45:11.060793+00:00] cycle day=2026-08-25 ok=13/13 free=86.0GiB
[2026-08-25T13:50:07.001483+00:00] cycle day=2026-08-25 ok=13/13 free=86.7GiB
[2026-08-25T13:55:07.270362+00:00] cycle day=2026-08-25 ok=13/13 free=86.8GiB
[2026-08-25T14:00:07.461754+00:00] cycle day=2026-08-25 ok=13/13 free=87.5GiB
[2026-08-25T14:05:07.678415+00:00] cycle day=2026-08-25 ok=13/13 free=88.9GiB
[2026-08-25T14:10:06.626928+00:00] cycle day=2026-08-25 ok=13/13 free=89.0GiB
[2026-08-25T14:15:07.061904+00:00] cycle day=2026-08-25 ok=13/13 free=87.2GiB
[2026-08-25T14:20:07.200255+00:00] cycle day=2026-08-25 ok=13/13 free=87.6GiB
[2026-08-25T14:25:07.155136+00:00] cycle day=2026-08-25 ok=13/13 free=83.9GiB
[2026-08-25T14:30:06.803546+00:00] cycle day=2026-08-25 ok=13/13 free=85.6GiB
[2026-08-25T14:35:06.675111+00:00] cycle day=2026-08-25 ok=13/13 free=86.3GiB
[2026-08-25T14:40:08.531169+00:00] cycle day=2026-08-25 ok=13/13 free=86.3GiB
[2026-08-25T14:45:06.718900+00:00] cycle day=2026-08-25 ok=13/13 free=86.0GiB
[2026-08-25T14:50:16.303836+00:00] cycle day=2026-08-25 ok=13/13 free=87.2GiB
[2026-08-25T14:55:07.252365+00:00] cycle day=2026-08-25 ok=13/13 free=87.1GiB
[2026-08-25T15:00:07.942200+00:00] cycle day=2026-08-25 ok=13/13 free=86.5GiB
[2026-08-25T15:05:13.425857+00:00] cycle day=2026-08-25 ok=13/13 free=88.3GiB
[2026-08-25T15:10:06.470782+00:00] cycle day=2026-08-25 ok=13/13 free=88.3GiB
[2026-08-25T15:15:06.589451+00:00] cycle day=2026-08-25 ok=13/13 free=88.8GiB
[2026-08-25T15:20:06.225442+00:00] cycle day=2026-08-25 ok=13/13 free=88.9GiB
[2026-08-25T15:25:06.153887+00:00] cycle day=2026-08-25 ok=13/13 free=88.9GiB
[2026-08-25T15:30:06.253057+00:00] cycle day=2026-08-25 ok=13/13 free=88.7GiB
[2026-08-25T15:35:05.560099+00:00] cycle day=2026-08-25 ok=13/13 free=88.6GiB
[2026-08-25T15:40:06.090089+00:00] cycle day=2026-08-25 ok=13/13 free=88.3GiB
[2026-08-25T15:45:06.080683+00:00] cycle day=2026-08-25 ok=13/13 free=87.9GiB
[2026-08-25T15:50:05.968763+00:00] cycle day=2026-08-25 ok=13/13 free=87.9GiB
[2026-08-25T15:55:06.002685+00:00] cycle day=2026-08-25 ok=13/13 free=87.9GiB
[2026-08-25T16:00:06.803181+00:00] cycle day=2026-08-25 ok=13/13 free=87.8GiB
[2026-08-25T16:05:02.342772+00:00] cycle day=2026-08-25 ok=13/13 free=87.8GiB
[2026-08-25T16:10:03.538319+00:00] cycle day=2026-08-25 ok=13/13 free=87.1GiB
[2026-08-25T16:15:02.475010+00:00] cycle day=2026-08-25 ok=13/13 free=85.1GiB
[2026-08-25T16:20:02.813372+00:00] cycle day=2026-08-25 ok=13/13 free=84.1GiB
[2026-08-25T16:25:02.680301+00:00] cycle day=2026-08-25 ok=13/13 free=84.0GiB
[2026-08-25T16:30:02.799414+00:00] cycle day=2026-08-25 ok=13/13 free=84.0GiB
[2026-08-25T16:35:02.627731+00:00] cycle day=2026-08-25 ok=13/13 free=83.8GiB
[2026-08-25T16:40:02.763860+00:00] cycle day=2026-08-25 ok=13/13 free=83.3GiB
[2026-08-25T16:45:03.155859+00:00] cycle day=2026-08-25 ok=13/13 free=82.5GiB
[2026-08-25T16:50:02.733653+00:00] cycle day=2026-08-25 ok=13/13 free=81.8GiB
[2026-08-25T16:55:02.888290+00:00] cycle day=2026-08-25 ok=13/13 free=81.1GiB
[2026-08-25T17:00:03.022684+00:00] cycle day=2026-08-25 ok=13/13 free=80.9GiB
[2026-08-25T17:05:02.590469+00:00] cycle day=2026-08-25 ok=13/13 free=82.7GiB
[2026-08-25T17:10:02.521633+00:00] cycle day=2026-08-25 ok=13/13 free=83.2GiB
[2026-08-25T17:15:03.556429+00:00] cycle day=2026-08-25 ok=13/13 free=83.0GiB
[2026-08-25T17:20:02.744378+00:00] cycle day=2026-08-25 ok=13/13 free=83.1GiB
[2026-08-25T17:25:02.793773+00:00] cycle day=2026-08-25 ok=13/13 free=82.0GiB
[2026-08-25T17:30:03.061241+00:00] cycle day=2026-08-25 ok=13/13 free=81.8GiB
[2026-08-25T17:35:02.563576+00:00] cycle day=2026-08-25 ok=13/13 free=82.1GiB
[2026-08-25T17:40:02.774883+00:00] cycle day=2026-08-25 ok=13/13 free=82.0GiB
[2026-08-25T17:45:02.935410+00:00] cycle day=2026-08-25 ok=13/13 free=82.1GiB
[2026-08-25T17:50:03.748204+00:00] cycle day=2026-08-25 ok=13/13 free=84.3GiB
[2026-08-25T17:55:02.492016+00:00] cycle day=2026-08-25 ok=13/13 free=85.9GiB
[2026-08-25T18:00:03.841535+00:00] cycle day=2026-08-25 ok=13/13 free=86.0GiB
[2026-08-25T18:05:02.697734+00:00] cycle day=2026-08-25 ok=13/13 free=82.5GiB
[2026-08-25T18:10:05.669757+00:00] cycle day=2026-08-25 ok=13/13 free=82.5GiB
[2026-08-25T18:15:05.456831+00:00] cycle day=2026-08-25 ok=13/13 free=80.7GiB
[2026-08-25T18:20:47.829820+00:00] cycle day=2026-08-25 ok=13/13 free=80.2GiB
[2026-08-25T18:25:05.380668+00:00] cycle day=2026-08-25 ok=13/13 free=81.3GiB
[2026-08-25T18:30:02.709989+00:00] cycle day=2026-08-25 ok=13/13 free=81.3GiB
[2026-08-25T18:35:02.927299+00:00] cycle day=2026-08-25 ok=13/13 free=80.4GiB
[2026-08-25T18:40:02.792113+00:00] cycle day=2026-08-25 ok=13/13 free=80.5GiB
[2026-08-25T18:45:02.678422+00:00] cycle day=2026-08-25 ok=13/13 free=80.5GiB
[2026-08-25T18:50:02.639776+00:00] cycle day=2026-08-25 ok=13/13 free=80.1GiB
[2026-08-25T18:55:02.485082+00:00] cycle day=2026-08-25 ok=13/13 free=79.4GiB
[2026-08-25T19:00:06.211189+00:00] cycle day=2026-08-25 ok=13/13 free=78.6GiB
[2026-08-25T19:05:05.658359+00:00] cycle day=2026-08-25 ok=13/13 free=78.6GiB
[2026-08-25T19:10:05.750740+00:00] cycle day=2026-08-25 ok=13/13 free=79.0GiB
[2026-08-25T19:15:02.670395+00:00] cycle day=2026-08-25 ok=13/13 free=79.3GiB
[2026-08-25T19:20:06.043816+00:00] cycle day=2026-08-25 ok=13/13 free=79.3GiB
[2026-08-25T19:25:03.065220+00:00] cycle day=2026-08-25 ok=13/13 free=79.3GiB
[2026-08-25T19:30:03.859043+00:00] cycle day=2026-08-25 ok=13/13 free=79.3GiB
[2026-08-25T19:35:02.610133+00:00] cycle day=2026-08-25 ok=13/13 free=79.3GiB
[2026-08-25T19:40:02.500520+00:00] cycle day=2026-08-25 ok=13/13 free=79.4GiB
[2026-08-25T19:45:02.622206+00:00] cycle day=2026-08-25 ok=13/13 free=79.3GiB
[2026-08-25T19:50:02.541335+00:00] cycle day=2026-08-25 ok=13/13 free=79.3GiB
[2026-08-25T19:55:02.643302+00:00] cycle day=2026-08-25 ok=13/13 free=79.4GiB
[2026-08-25T20:00:03.175089+00:00] cycle day=2026-08-25 ok=13/13 free=79.3GiB
[2026-08-25T20:05:02.716934+00:00] cycle day=2026-08-25 ok=13/13 free=79.3GiB
[2026-08-25T20:10:02.394097+00:00] cycle day=2026-08-25 ok=13/13 free=79.4GiB
[2026-08-25T20:15:02.803020+00:00] cycle day=2026-08-25 ok=13/13 free=79.3GiB
[2026-08-25T20:20:02.662839+00:00] cycle day=2026-08-25 ok=13/13 free=79.3GiB
[2026-08-25T20:25:02.506939+00:00] cycle day=2026-08-25 ok=13/13 free=79.4GiB
[2026-08-25T20:30:02.673988+00:00] cycle day=2026-08-25 ok=13/13 free=79.3GiB
[2026-08-25T20:35:02.490161+00:00] cycle day=2026-08-25 ok=13/13 free=79.3GiB
[2026-08-25T20:40:02.818060+00:00] cycle day=2026-08-25 ok=13/13 free=79.3GiB
[2026-08-25T20:45:02.531513+00:00] cycle day=2026-08-25 ok=13/13 free=79.3GiB
[2026-08-25T20:50:02.588247+00:00] cycle day=2026-08-25 ok=13/13 free=79.3GiB
[2026-08-25T20:55:02.699873+00:00] cycle day=2026-08-25 ok=13/13 free=79.0GiB
[2026-08-25T21:00:07.881293+00:00] cycle day=2026-08-25 ok=13/13 free=78.9GiB
[2026-08-25T21:05:02.519636+00:00] cycle day=2026-08-25 ok=13/13 free=78.9GiB
[2026-08-25T21:10:03.352887+00:00] cycle day=2026-08-25 ok=13/13 free=78.9GiB
[2026-08-25T21:15:02.519035+00:00] cycle day=2026-08-25 ok=13/13 free=78.9GiB
[2026-08-25T21:20:02.859871+00:00] cycle day=2026-08-25 ok=13/13 free=78.9GiB
[2026-08-25T21:25:02.603848+00:00] cycle day=2026-08-25 ok=13/13 free=78.9GiB
[2026-08-25T21:30:02.610553+00:00] cycle day=2026-08-25 ok=13/13 free=78.9GiB
[2026-08-25T21:35:02.587424+00:00] cycle day=2026-08-25 ok=13/13 free=78.9GiB
[2026-08-25T21:40:02.872394+00:00] cycle day=2026-08-25 ok=13/13 free=78.9GiB
[2026-08-25T21:45:02.930027+00:00] cycle day=2026-08-25 ok=13/13 free=78.9GiB
[2026-08-25T21:50:02.612992+00:00] cycle day=2026-08-25 ok=13/13 free=78.9GiB
[2026-08-25T21:55:02.588518+00:00] cycle day=2026-08-25 ok=13/13 free=78.9GiB
[2026-08-25T22:00:03.195257+00:00] cycle day=2026-08-25 ok=13/13 free=78.9GiB
[2026-08-25T22:05:02.675354+00:00] cycle day=2026-08-25 ok=13/13 free=78.9GiB
[2026-08-25T22:10:02.568152+00:00] cycle day=2026-08-25 ok=13/13 free=79.0GiB
[2026-08-25T22:15:02.522511+00:00] cycle day=2026-08-25 ok=13/13 free=79.0GiB
[2026-08-25T22:20:02.779559+00:00] cycle day=2026-08-25 ok=13/13 free=78.9GiB
[2026-08-25T22:25:02.569494+00:00] cycle day=2026-08-25 ok=13/13 free=78.9GiB
[2026-08-25T22:30:03.141226+00:00] cycle day=2026-08-25 ok=13/13 free=78.9GiB
[2026-08-25T22:35:02.516424+00:00] cycle day=2026-08-25 ok=13/13 free=78.9GiB
[2026-08-25T22:40:02.625616+00:00] cycle day=2026-08-25 ok=13/13 free=78.9GiB
[2026-08-25T22:45:02.742913+00:00] cycle day=2026-08-25 ok=13/13 free=78.9GiB
[2026-08-25T22:50:02.860878+00:00] cycle day=2026-08-25 ok=13/13 free=80.8GiB
[2026-08-25T22:55:02.851191+00:00] cycle day=2026-08-25 ok=13/13 free=79.6GiB
[2026-08-25T23:00:03.569629+00:00] cycle day=2026-08-25 ok=13/13 free=78.2GiB
[2026-08-25T23:05:03.042296+00:00] cycle day=2026-08-25 ok=13/13 free=81.0GiB
[2026-08-25T23:10:03.043609+00:00] cycle day=2026-08-25 ok=13/13 free=79.2GiB
[2026-08-25T23:15:02.929286+00:00] cycle day=2026-08-25 ok=13/13 free=79.2GiB
[2026-08-25T23:20:02.799320+00:00] cycle day=2026-08-25 ok=13/13 free=79.2GiB
[2026-08-25T23:25:02.571453+00:00] cycle day=2026-08-25 ok=13/13 free=80.5GiB
[2026-08-25T23:30:03.065617+00:00] cycle day=2026-08-25 ok=13/13 free=80.5GiB
[2026-08-25T23:35:02.551235+00:00] cycle day=2026-08-25 ok=13/13 free=80.5GiB
[2026-08-25T23:40:02.495607+00:00] cycle day=2026-08-25 ok=13/13 free=80.5GiB
[2026-08-25T23:45:02.485936+00:00] cycle day=2026-08-25 ok=13/13 free=80.5GiB
[2026-08-25T23:50:02.614484+00:00] cycle day=2026-08-25 ok=13/13 free=80.5GiB
[2026-08-25T23:55:02.732814+00:00] cycle day=2026-08-25 ok=13/13 free=80.5GiB
[2026-08-26T00:00:00.199879+00:00] UTC rollover 2026-08-25 -> 2026-08-26
  finalized /Users/benebsworth/projects/omega/data/frozen_series/binance_depth_forward/ADAUSDT/2026-08-25.json.gz (288 snapshots, 298203 B)
  finalized /Users/benebsworth/projects/omega/data/frozen_series/binance_depth_forward/ARBUSDT/2026-08-25.json.gz (288 snapshots, 319202 B)
  finalized /Users/benebsworth/projects/omega/data/frozen_series/binance_depth_forward/AVAXUSDT/2026-08-25.json.gz (288 snapshots, 219375 B)
  finalized /Users/benebsworth/projects/omega/data/frozen_series/binance_depth_forward/BNBUSDT/2026-08-25.json.gz (288 snapshots, 254625 B)
  finalized /Users/benebsworth/projects/omega/data/frozen_series/binance_depth_forward/BTCUSDT/2026-08-25.json.gz (288 snapshots, 220580 B)
  finalized /Users/benebsworth/projects/omega/data/frozen_series/binance_depth_forward/DOTUSDT/2026-08-25.json.gz (288 snapshots, 302307 B)
  finalized /Users/benebsworth/projects/omega/data/frozen_series/binance_depth_forward/ETHUSDT/2026-08-25.json.gz (288 snapshots, 290655 B)
  finalized /Users/benebsworth/projects/omega/data/frozen_series/binance_depth_forward/LINKUSDT/2026-08-25.json.gz (288 snapshots, 316986 B)
  finalized /Users/benebsworth/projects/omega/data/frozen_series/binance_depth_forward/NEARUSDT/2026-08-25.json.gz (288 snapshots, 276723 B)
  finalized /Users/benebsworth/projects/omega/data/frozen_series/binance_depth_forward/POLUSDT/2026-08-25.json.gz (288 snapshots, 285369 B)
  finalized /Users/benebsworth/projects/omega/data/frozen_series/binance_depth_forward/SOLUSDT/2026-08-25.json.gz (288 snapshots, 325638 B)
  finalized /Users/benebsworth/projects/omega/data/frozen_series/binance_depth_forward/SUIUSDT/2026-08-25.json.gz (288 snapshots, 325900 B)
  finalized /Users/benebsworth/projects/omega/data/frozen_series/binance_depth_forward/XRPUSDT/2026-08-25.json.gz (288 snapshots, 343191 B)
[2026-08-26T00:00:10.130813+00:00] cycle day=2026-08-26 ok=13/13 free=80.5GiB
[2026-08-26T00:05:02.497702+00:00] cycle day=2026-08-26 ok=13/13 free=80.2GiB
[2026-08-26T00:10:02.626564+00:00] cycle day=2026-08-26 ok=13/13 free=80.2GiB
[2026-08-26T00:15:02.583600+00:00] cycle day=2026-08-26 ok=13/13 free=80.2GiB
[2026-08-26T00:20:02.631646+00:00] cycle day=2026-08-26 ok=13/13 free=80.2GiB
[2026-08-26T00:25:02.801310+00:00] cycle day=2026-08-26 ok=13/13 free=80.1GiB
[2026-08-26T00:30:02.731276+00:00] cycle day=2026-08-26 ok=13/13 free=80.2GiB
[2026-08-26T00:35:02.679577+00:00] cycle day=2026-08-26 ok=13/13 free=80.2GiB
[2026-08-26T00:40:02.467065+00:00] cycle day=2026-08-26 ok=13/13 free=80.1GiB
[2026-08-26T00:45:02.699873+00:00] cycle day=2026-08-26 ok=13/13 free=80.1GiB
[2026-08-26T00:50:02.599201+00:00] cycle day=2026-08-26 ok=13/13 free=80.2GiB
[2026-08-26T00:55:02.384305+00:00] cycle day=2026-08-26 ok=13/13 free=80.2GiB
[2026-08-26T01:00:02.916507+00:00] cycle day=2026-08-26 ok=13/13 free=80.2GiB
[2026-08-26T01:05:02.581816+00:00] cycle day=2026-08-26 ok=13/13 free=80.2GiB
[2026-08-26T01:10:02.682284+00:00] cycle day=2026-08-26 ok=13/13 free=80.2GiB
[2026-08-26T01:15:02.559458+00:00] cycle day=2026-08-26 ok=13/13 free=80.2GiB
[2026-08-26T01:20:02.707663+00:00] cycle day=2026-08-26 ok=13/13 free=80.2GiB
[2026-08-26T01:25:02.477635+00:00] cycle day=2026-08-26 ok=13/13 free=80.2GiB
[2026-08-26T01:30:02.787130+00:00] cycle day=2026-08-26 ok=13/13 free=80.2GiB
[2026-08-26T01:35:02.554524+00:00] cycle day=2026-08-26 ok=13/13 free=80.2GiB
[2026-08-26T01:40:02.539027+00:00] cycle day=2026-08-26 ok=13/13 free=80.1GiB
[2026-08-26T01:45:02.556327+00:00] cycle day=2026-08-26 ok=13/13 free=80.1GiB
[2026-08-26T01:50:02.539708+00:00] cycle day=2026-08-26 ok=13/13 free=80.1GiB
[2026-08-26T01:55:02.553779+00:00] cycle day=2026-08-26 ok=13/13 free=80.1GiB
[2026-08-26T02:00:03.504717+00:00] cycle day=2026-08-26 ok=13/13 free=80.1GiB
[2026-08-26T02:05:02.658294+00:00] cycle day=2026-08-26 ok=13/13 free=80.1GiB
[2026-08-26T02:10:02.531196+00:00] cycle day=2026-08-26 ok=13/13 free=80.1GiB
[2026-08-26T02:15:02.624862+00:00] cycle day=2026-08-26 ok=13/13 free=80.1GiB
[2026-08-26T02:20:02.879194+00:00] cycle day=2026-08-26 ok=13/13 free=80.1GiB
[2026-08-26T02:25:02.639477+00:00] cycle day=2026-08-26 ok=13/13 free=80.1GiB
[2026-08-26T02:30:02.719492+00:00] cycle day=2026-08-26 ok=13/13 free=80.1GiB
[2026-08-26T02:35:03.813035+00:00] cycle day=2026-08-26 ok=13/13 free=79.9GiB
[2026-08-26T02:40:03.175252+00:00] cycle day=2026-08-26 ok=13/13 free=79.8GiB
[2026-08-26T02:45:02.830433+00:00] cycle day=2026-08-26 ok=13/13 free=79.3GiB
[2026-08-26T02:50:04.712496+00:00] cycle day=2026-08-26 ok=13/13 free=77.4GiB
[2026-08-26T02:55:04.999466+00:00] cycle day=2026-08-26 ok=13/13 free=76.0GiB
