symbol,entry_ms,exit_ms,direction,entry_z,entry_price,exit_price,gross_ret,gross_pnl_usd,fee_usd,pnl_usd
SOLUSDT,1641675600000,1641693600000,1,1.14596511,144.44000000,143.88000000,-0.0038770424,-38.7704,24.0000,-62.7704
SOLUSDT,1644192000000,1644210000000,-1,-1.03363183,113.73000000,118.17000000,-0.0390398312,-390.3983,24.0000,-414.3983
SOLUSDT,1644307200000,1644325200000,-1,-1.04008733,114.22000000,112.59000000,0.0142707057,142.7071,24.0000,118.7071
SOLUSDT,1646193600000,1646211600000,-1,-1.07595928,104.07000000,103.82000000,0.0024022293,24.0223,24.0000,0.0223
SOLUSDT,1646222400000,1646240400000,-1,-1.10936149,104.08000000,101.76000000,0.0222905457,222.9055,24.0000,198.9055
SOLUSDT,1646265600000,1646283600000,-1,-1.11308756,100.15000000,99.04000000,0.0110833749,110.8337,24.0000,86.8337
SOLUSDT,1646319600000,1646337600000,-1,-1.29235637,95.95000000,94.63000000,0.0137571652,137.5717,24.0000,113.5717
SOLUSDT,1646352000000,1646370000000,-1,-1.15832912,92.52000000,91.66000000,0.0092952875,92.9529,24.0000,68.9529
SOLUSDT,1646420400000,1646438400000,-1,-1.08274129,88.70000000,86.15000000,0.0287485908,287.4859,24.0000,263.4859
SOLUSDT,1646438400000,1646456400000,-1,-1.05129092,86.15000000,88.15000000,-0.0232153221,-232.1532,24.0000,-256.1532
SOLUSDT,1646679600000,1646697600000,-1,-1.02462023,80.34000000,82.40000000,-0.0256410256,-256.4103,24.0000,-280.4103
SOLUSDT,1646802000000,1646820000000,-1,-1.02875881,87.31000000,88.68000000,-0.0156912152,-156.9122,24.0000,-180.9122
SOLUSDT,1646830800000,1646848800000,-1,-1.00661423,86.86000000,87.03000000,-0.0019571725,-19.5717,24.0000,-43.5717
SOLUSDT,1646848800000,1646866800000,-1,-1.03302044,87.03000000,88.06000000,-0.0118349994,-118.3500,24.0000,-142.3500
SOLUSDT,1649854800000,1649872800000,1,1.15744098,103.98000000,105.72000000,0.0167339873,167.3399,24.0000,143.3399
SOLUSDT,1652338800000,1652356800000,1,1.04834672,44.70000000,44.94000000,0.0053691275,53.6913,24.0000,29.6913
SOLUSDT,1657206000000,1657224000000,-1,-1.06363882,38.29000000,38.51000000,-0.0057456255,-57.4563,24.0000,-81.4563
SOLUSDT,1657224000000,1657242000000,-1,-1.21751482,38.51000000,39.03000000,-0.0135029862,-135.0299,24.0000,-159.0299
SOLUSDT,1657245600000,1657263600000,-1,-1.05089569,38.44000000,37.51000000,0.0241935484,241.9355,24.0000,217.9355
SOLUSDT,1657267200000,1657285200000,-1,-1.02222159,36.92000000,36.60000000,0.0086673889,86.6739,24.0000,62.6739
SOLUSDT,1657490400000,1657508400000,-1,-1.05292161,36.78000000,35.81000000,0.0263730288,263.7303,24.0000,239.7303
SOLUSDT,1657544400000,1657562400000,-1,-1.00607594,34.79000000,35.44000000,-0.0186835297,-186.8353,24.0000,-210.8353
SOLUSDT,1657576800000,1657594800000,-1,-1.04499843,33.53000000,33.63000000,-0.0029824038,-29.8240,24.0000,-53.8240
SOLUSDT,1657713600000,1657731600000,-1,-1.00907121,32.40000000,33.92000000,-0.0469135802,-469.1358,24.0000,-493.1358
SOLUSDT,1657850400000,1657868400000,-1,-1.04811043,37.08000000,37.46000000,-0.0102481122,-102.4811,24.0000,-126.4811
SOLUSDT,1657900800000,1657918800000,-1,-1.01093140,37.30000000,37.97000000,-0.0179624665,-179.6247,24.0000,-203.6247
SOLUSDT,1658300400000,1658318400000,-1,-1.08265607,44.41000000,45.16000000,-0.0168880883,-168.8809,24.0000,-192.8809
SOLUSDT,1658332800000,1658350800000,-1,-1.06533630,43.88000000,43.41000000,0.0107110301,107.1103,24.0000,83.1103
SOLUSDT,1658502000000,1658520000000,-1,-1.01356687,41.69000000,40.52000000,0.0280642840,280.6428,24.0000,256.6428
SOLUSDT,1664053200000,1664071200000,-1,-1.01344720,33.47000000,33.56000000,-0.0026889752,-26.8898,24.0000,-50.8898
SOLUSDT,1664096400000,1664114400000,-1,-1.15233652,33.65000000,33.06000000,0.0175334324,175.3343,24.0000,151.3343
SOLUSDT,1664114400000,1664132400000,-1,-1.16609417,33.06000000,32.73000000,0.0099818512,99.8185,24.0000,75.8185
SOLUSDT,1664182800000,1664200800000,-1,-1.06232424,32.78000000,33.13000000,-0.0106772422,-106.7724,24.0000,-130.7724
SOLUSDT,1664222400000,1664240400000,-1,-1.00188782,33.38000000,34.70000000,-0.0395446375,-395.4464,24.0000,-419.4464
SOLUSDT,1664290800000,1664308800000,-1,-1.13541631,34.37000000,32.65000000,0.0500436427,500.4364,24.0000,476.4364
SOLUSDT,1668405600000,1668423600000,1,1.27494312,14.57000000,14.22000000,-0.0240219629,-240.2196,24.0000,-264.2196
SOLUSDT,1676966400000,1676984400000,-1,-1.20992211,25.27000000,24.94000000,0.0130589632,130.5896,24.0000,106.5896
SOLUSDT,1677013200000,1677031200000,-1,-1.03765984,24.78000000,24.40000000,0.0153349475,153.3495,24.0000,129.3495
SOLUSDT,1677045600000,1677063600000,-1,-1.04275644,23.54000000,23.56000000,-0.0008496177,-8.4962,24.0000,-32.4962
SOLUSDT,1677150000000,1677168000000,-1,-1.07800823,23.76000000,23.76000000,-0.0000000000,-0.0000,24.0000,-24.0000
SOLUSDT,1681264800000,1681282800000,-1,-1.04290025,22.45000000,23.69000000,-0.0552338530,-552.3385,24.0000,-576.3385
SOLUSDT,1683691200000,1683709200000,1,1.02794277,20.77000000,20.61000000,-0.0077034184,-77.0342,24.0000,-101.0342
SOLUSDT,1683720000000,1683738000000,1,1.30178424,21.14000000,20.74000000,-0.0189214759,-189.2148,24.0000,-213.2148
SOLUSDT,1683745200000,1683763200000,1,1.12868803,20.96000000,20.67000000,-0.0138358779,-138.3588,24.0000,-162.3588
SOLUSDT,1683828000000,1683846000000,1,1.06324977,20.13000000,20.17000000,0.0019870840,19.8708,24.0000,-4.1292
SOLUSDT,1684897200000,1684915200000,-1,-1.16151900,19.56000000,19.50000000,0.0030674847,30.6748,24.0000,6.6748
SOLUSDT,1684933200000,1684951200000,-1,-1.19204798,19.11000000,19.15000000,-0.0020931450,-20.9314,24.0000,-44.9314
SOLUSDT,1685239200000,1685257200000,-1,-1.00043977,20.40000000,20.49000000,-0.0044117647,-44.1176,24.0000,-68.1176
SOLUSDT,1685372400000,1685390400000,-1,-1.09144924,20.48000000,20.58000000,-0.0048828125,-48.8281,24.0000,-72.8281
SOLUSDT,1685505600000,1685523600000,-1,-1.16391724,20.75000000,20.71000000,0.0019277108,19.2771,24.0000,-4.7229
SOLUSDT,1685584800000,1685602800000,-1,-1.07041304,20.49000000,20.61000000,-0.0058565154,-58.5652,24.0000,-82.5652
SOLUSDT,1685977200000,1685995200000,-1,-1.06330268,19.93000000,20.03000000,-0.0050175615,-50.1756,24.0000,-74.1756
SOLUSDT,1686499200000,1686517200000,1,1.11475462,15.41000000,15.76000000,0.0227125243,227.1252,24.0000,203.1252
SOLUSDT,1686560400000,1686578400000,1,1.03039772,15.49000000,15.28000000,-0.0135571336,-135.5713,24.0000,-159.5713
SOLUSDT,1686924000000,1686942000000,1,1.03853007,14.70000000,15.28000000,0.0394557823,394.5578,24.0000,370.5578
SOLUSDT,1686978000000,1686996000000,1,1.03672018,16.06000000,15.85000000,-0.0130759651,-130.7597,24.0000,-154.7597
SOLUSDT,1692424800000,1692442800000,1,1.27811224,21.62000000,21.65000000,0.0013876041,13.8760,24.0000,-10.1240
SOLUSDT,1692457200000,1692475200000,1,1.38608739,21.97000000,21.76000000,-0.0095584888,-95.5849,24.0000,-119.5849
SOLUSDT,1692622800000,1692640800000,1,1.03648977,21.37000000,21.03000000,-0.0159101544,-159.1015,24.0000,-183.1015
SOLUSDT,1697958000000,1697976000000,-1,-1.44477570,28.80000000,28.59000000,0.0072916667,72.9167,24.0000,48.9167
SOLUSDT,1698012000000,1698030000000,-1,-1.04956500,29.26000000,30.66000000,-0.0478468900,-478.4689,24.0000,-502.4689
SOLUSDT,1698051600000,1698069600000,-1,-1.02217497,29.57000000,29.24000000,0.0111599594,111.5996,24.0000,87.5996
SOLUSDT,1698238800000,1698256800000,-1,-1.13408863,32.74000000,33.02000000,-0.0085522297,-85.5223,24.0000,-109.5223
SOLUSDT,1698303600000,1698321600000,-1,-1.03441004,32.82000000,32.25000000,0.0173674589,173.6746,24.0000,149.6746
SOLUSDT,1698328800000,1698346800000,-1,-1.13272640,31.71000000,31.55000000,0.0050457269,50.4573,24.0000,26.4573
SOLUSDT,1698361200000,1698379200000,-1,-1.07145220,32.77000000,32.41000000,0.0109856576,109.8566,24.0000,85.8566
SOLUSDT,1698411600000,1698429600000,-1,-1.07367743,32.58000000,31.65000000,0.0285451197,285.4512,24.0000,261.4512
SOLUSDT,1698429600000,1698447600000,-1,-1.01735321,31.65000000,31.73000000,-0.0025276461,-25.2765,24.0000,-49.2765
SOLUSDT,1698494400000,1698512400000,-1,-1.14877223,31.76000000,31.84000000,-0.0025188917,-25.1889,24.0000,-49.1889
SOLUSDT,1705248000000,1705266000000,1,1.00237814,101.56000000,97.26000000,-0.0423395037,-423.3950,24.0000,-447.3950
SOLUSDT,1705388400000,1705406400000,1,1.14158524,97.73000000,97.11000000,-0.0063440090,-63.4401,24.0000,-87.4401
SOLUSDT,1705417200000,1705435200000,1,1.01304488,97.25000000,97.15000000,-0.0010282776,-10.2828,24.0000,-34.2828
SOLUSDT,1705438800000,1705456800000,1,1.01607568,98.36000000,100.65000000,0.0232818219,232.8182,24.0000,208.8182
SOLUSDT,1707703200000,1707721200000,-1,-1.02366044,105.86000000,105.93000000,-0.0006612507,-6.6125,24.0000,-30.6125
SOLUSDT,1707832800000,1707850800000,-1,-1.04740015,109.90000000,111.51000000,-0.0146496815,-146.4968,24.0000,-170.4968
SOLUSDT,1707897600000,1707915600000,-1,-1.27415802,114.74000000,117.99000000,-0.0283249085,-283.2491,24.0000,-307.2491
SOLUSDT,1707915600000,1707933600000,-1,-1.21365684,117.99000000,115.64000000,0.0199169421,199.1694,24.0000,175.1694
SOLUSDT,1707955200000,1707973200000,-1,-1.28568170,117.97000000,115.38000000,0.0219547343,219.5473,24.0000,195.5473
SOLUSDT,1707998400000,1708016400000,-1,-1.42535479,116.01000000,113.34000000,0.0230152573,230.1526,24.0000,206.1526
SOLUSDT,1708030800000,1708048800000,-1,-1.55738254,111.99000000,114.03000000,-0.0182159121,-182.1591,24.0000,-206.1591
SOLUSDT,1708066800000,1708084800000,-1,-1.11588106,111.48000000,113.04000000,-0.0139935414,-139.9354,24.0000,-163.9354
SOLUSDT,1708092000000,1708110000000,-1,-1.29424946,109.77000000,108.65000000,0.0102031520,102.0315,24.0000,78.0315
SOLUSDT,1708156800000,1708174800000,-1,-1.42906792,109.31000000,106.89000000,0.0221388711,221.3887,24.0000,197.3887
SOLUSDT,1708174800000,1708192800000,-1,-1.58344988,106.89000000,107.49000000,-0.0056132473,-56.1325,24.0000,-80.1325
SOLUSDT,1708203600000,1708221600000,-1,-1.09365141,109.27000000,107.70000000,0.0143680791,143.6808,24.0000,119.6808
SOLUSDT,1708239600000,1708257600000,-1,-1.09979169,109.23000000,110.82000000,-0.0145564405,-145.5644,24.0000,-169.5644
SOLUSDT,1708257600000,1708275600000,-1,-1.39376390,110.82000000,113.23000000,-0.0217469771,-217.4698,24.0000,-241.4698
SOLUSDT,1708275600000,1708293600000,-1,-1.14685976,113.23000000,112.80000000,0.0037975801,37.9758,24.0000,13.9758
SOLUSDT,1708293600000,1708311600000,-1,-1.31732649,112.80000000,111.68000000,0.0099290780,99.2908,24.0000,75.2908
SOLUSDT,1708344000000,1708362000000,-1,-1.10661538,111.89000000,112.60000000,-0.0063455179,-63.4552,24.0000,-87.4552
SOLUSDT,1708365600000,1708383600000,-1,-1.07248871,111.96000000,111.53000000,0.0038406574,38.4066,24.0000,14.4066
SOLUSDT,1708390800000,1708408800000,-1,-1.36797551,109.77000000,110.80000000,-0.0093832559,-93.8326,24.0000,-117.8326
SOLUSDT,1708412400000,1708430400000,-1,-1.42655733,109.42000000,109.08000000,0.0031072930,31.0729,24.0000,7.0729
SOLUSDT,1708430400000,1708448400000,-1,-1.39940028,109.08000000,105.43000000,0.0334616795,334.6168,24.0000,310.6168
SOLUSDT,1708448400000,1708466400000,-1,-1.23719182,105.43000000,108.85000000,-0.0324385848,-324.3858,24.0000,-348.3858
SOLUSDT,1708498800000,1708516800000,-1,-1.20743274,104.85000000,103.72000000,0.0107773009,107.7730,24.0000,83.7730
SOLUSDT,1708524000000,1708542000000,-1,-1.25614453,101.83000000,102.04000000,-0.0020622606,-20.6226,24.0000,-44.6226
SOLUSDT,1708552800000,1708570800000,-1,-1.09962827,104.62000000,103.58000000,0.0099407379,99.4074,24.0000,75.4074
SOLUSDT,1708873200000,1708891200000,-1,-1.00595244,102.78000000,103.64000000,-0.0083673867,-83.6739,24.0000,-107.6739
SOLUSDT,1708909200000,1708927200000,-1,-1.04115755,103.42000000,104.15000000,-0.0070585960,-70.5860,24.0000,-94.5860
SOLUSDT,1708938000000,1708956000000,-1,-1.28607532,101.48000000,103.51000000,-0.0200039417,-200.0394,24.0000,-224.0394
SOLUSDT,1709002800000,1709020800000,-1,-1.06552699,110.17000000,111.04000000,-0.0078968866,-78.9689,24.0000,-102.9689
SOLUSDT,1709035200000,1709053200000,-1,-1.11026667,110.01000000,107.19000000,0.0256340333,256.3403,24.0000,232.3403
SOLUSDT,1709118000000,1709136000000,-1,-1.14438856,111.39000000,116.08000000,-0.0421043182,-421.0432,24.0000,-445.0432
SOLUSDT,1709168400000,1709186400000,-1,-1.00388055,123.62000000,123.45000000,0.0013751820,13.7518,24.0000,-10.2482
SOLUSDT,1709197200000,1709215200000,-1,-1.20410359,129.00000000,131.55000000,-0.0197674419,-197.6744,24.0000,-221.6744
SOLUSDT,1709215200000,1709233200000,-1,-1.11920844,131.55000000,130.19000000,0.0103382744,103.3827,24.0000,79.3827
SOLUSDT,1709254800000,1709272800000,-1,-1.19421108,135.71000000,133.47000000,0.0165057844,165.0578,24.0000,141.0578
SOLUSDT,1709305200000,1709323200000,-1,-1.37413966,131.18000000,131.60000000,-0.0032017076,-32.0171,24.0000,-56.0171
SOLUSDT,1709449200000,1709467200000,-1,-1.07773392,126.76000000,128.27000000,-0.0119122752,-119.1228,24.0000,-143.1228
SOLUSDT,1709546400000,1709564400000,-1,-1.01153156,131.58000000,131.77000000,-0.0014439884,-14.4399,24.0000,-38.4399
SOLUSDT,1709604000000,1709622000000,-1,-1.00459877,129.93000000,129.48000000,0.0034634034,34.6340,24.0000,10.6340
SOLUSDT,1709654400000,1709672400000,-1,-1.18062144,133.10000000,121.10000000,0.0901577761,901.5778,24.0000,877.5778
SOLUSDT,1709730000000,1709748000000,-1,-1.00272125,127.95000000,130.19000000,-0.0175068386,-175.0684,24.0000,-199.0684
SOLUSDT,1714737600000,1714755600000,1,1.10939739,141.96000000,142.19000000,0.0016201747,16.2017,24.0000,-7.7983
SOLUSDT,1714816800000,1714834800000,1,1.00121871,148.86000000,146.18000000,-0.0180034932,-180.0349,24.0000,-204.0349
SOLUSDT,1717603200000,1717621200000,-1,-1.00910172,174.07000000,173.14000000,0.0053426782,53.4268,24.0000,29.4268
SOLUSDT,1717689600000,1717707600000,-1,-1.16015808,171.60000000,170.22000000,0.0080419580,80.4196,24.0000,56.4196
SOLUSDT,1717779600000,1717797600000,-1,-1.15461045,165.36000000,163.09000000,0.0137276246,137.2762,24.0000,113.2762
SOLUSDT,1720256400000,1720274400000,1,1.07151894,139.91000000,139.82000000,-0.0006432707,-6.4327,24.0000,-30.4327
SOLUSDT,1720278000000,1720296000000,1,1.05639725,141.88000000,142.53000000,0.0045813363,45.8134,24.0000,21.8134
SOLUSDT,1720368000000,1720386000000,1,1.01790568,138.36000000,134.27000000,-0.0295605666,-295.6057,24.0000,-319.6057
SOLUSDT,1720411200000,1720429200000,1,1.02354510,133.11000000,139.68000000,0.0493576741,493.5767,24.0000,469.5767
SOLUSDT,1720908000000,1720926000000,1,1.08108393,142.20000000,143.96000000,0.0123769339,123.7693,24.0000,99.7693
SOLUSDT,1720990800000,1721008800000,1,1.04705840,148.10000000,151.90000000,0.0256583390,256.5834,24.0000,232.5834
SOLUSDT,1721581200000,1721599200000,-1,-1.04355040,173.53000000,183.95000000,-0.0600472541,-600.4725,24.0000,-624.4725
SOLUSDT,1721624400000,1721642400000,-1,-1.10425803,179.30000000,179.55000000,-0.0013943112,-13.9431,24.0000,-37.9431
SOLUSDT,1721653200000,1721671200000,-1,-1.08568354,178.73000000,181.00000000,-0.0127007218,-127.0072,24.0000,-151.0072
SOLUSDT,1723078800000,1723096800000,1,1.01168415,152.77000000,154.17000000,0.0091641029,91.6410,24.0000,67.6410
SOLUSDT,1723726800000,1723744800000,1,1.05832223,144.98000000,138.65000000,-0.0436611946,-436.6119,24.0000,-460.6119
SOLUSDT,1723946400000,1723964400000,1,1.00937955,142.88000000,141.55000000,-0.0093085106,-93.0851,24.0000,-117.0851
SOLUSDT,1724076000000,1724094000000,1,1.02477133,144.26000000,142.95000000,-0.0090808263,-90.8083,24.0000,-114.8083
SOLUSDT,1724997600000,1725015600000,1,1.04562262,139.62000000,138.66000000,-0.0068758058,-68.7581,24.0000,-92.7581
SOLUSDT,1725019200000,1725037200000,1,1.01053034,139.92000000,134.47000000,-0.0389508290,-389.5083,24.0000,-413.5083
SOLUSDT,1725040800000,1725058800000,1,1.09544612,137.06000000,137.99000000,0.0067853495,67.8535,24.0000,43.8535
SOLUSDT,1725202800000,1725220800000,1,1.02130440,134.29000000,134.97000000,0.0050636682,50.6367,24.0000,26.6367
SOLUSDT,1725264000000,1725282000000,1,1.00036062,129.88000000,130.77000000,0.0068524792,68.5248,24.0000,44.5248
SOLUSDT,1729828800000,1729846800000,-1,-1.04641132,173.25000000,173.23000000,0.0001154401,1.1544,24.0000,-22.8456
SOLUSDT,1729868400000,1729886400000,-1,-1.21556480,172.45000000,167.15000000,0.0307335460,307.3355,24.0000,283.3355
SOLUSDT,1729893600000,1729911600000,-1,-1.19371335,163.79000000,165.64000000,-0.0112949509,-112.9495,24.0000,-136.9495
SOLUSDT,1730422800000,1730440800000,-1,-1.00641013,167.13000000,165.46000000,0.0099922216,99.9222,24.0000,75.9222
SOLUSDT,1730473200000,1730491200000,-1,-1.29253453,164.09000000,165.68000000,-0.0096898044,-96.8980,24.0000,-120.8980
SOLUSDT,1731301200000,1731319200000,-1,-1.08779798,206.14000000,215.70000000,-0.0463762492,-463.7625,24.0000,-487.7625
SOLUSDT,1731326400000,1731344400000,-1,-1.08021850,216.03000000,219.09000000,-0.0141646993,-141.6470,24.0000,-165.6470
SOLUSDT,1731351600000,1731369600000,-1,-1.07480444,217.82000000,220.46000000,-0.0121200992,-121.2010,24.0000,-145.2010
SOLUSDT,1731402000000,1731420000000,-1,-1.31776103,215.70000000,213.30000000,0.0111265647,111.2656,24.0000,87.2656
SOLUSDT,1731524400000,1731542400000,-1,-1.36521022,210.87000000,213.23000000,-0.0111917295,-111.9173,24.0000,-135.9173
SOLUSDT,1731902400000,1731920400000,-1,-1.00816902,242.50000000,244.70000000,-0.0090721649,-90.7216,24.0000,-114.7216
SOLUSDT,1731927600000,1731945600000,-1,-1.16758289,242.50000000,240.04000000,0.0101443299,101.4433,24.0000,77.4433
SOLUSDT,1731945600000,1731963600000,-1,-1.07109226,240.04000000,238.31000000,0.0072071321,72.0713,24.0000,48.0713
SOLUSDT,1732374000000,1732392000000,-1,-1.22471877,259.71000000,255.46000000,0.0163644065,163.6441,24.0000,139.6441
SOLUSDT,1732442400000,1732460400000,-1,-1.05666183,251.95000000,244.17000000,0.0308791427,308.7914,24.0000,284.7914
SOLUSDT,1732460400000,1732478400000,-1,-1.06857030,244.17000000,250.75000000,-0.0269484376,-269.4844,24.0000,-293.4844
SOLUSDT,1734922800000,1734940800000,1,1.00031631,186.24000000,184.32000000,-0.0103092784,-103.0928,24.0000,-127.0928
SOLUSDT,1737216000000,1737234000000,-1,-1.11626736,242.65000000,252.59000000,-0.0409643519,-409.6435,24.0000,-433.6435
SOLUSDT,1737295200000,1737313200000,-1,-1.02982675,270.62000000,269.50000000,0.0041386446,41.3864,24.0000,17.3864
SOLUSDT,1737320400000,1737338400000,-1,-1.16004695,255.20000000,232.04000000,0.0907523511,907.5235,24.0000,883.5235
SOLUSDT,1743382800000,1743400800000,1,1.12337542,126.22000000,126.25000000,0.0002376802,2.3768,24.0000,-21.6232
SOLUSDT,1743422400000,1743440400000,1,1.00390670,125.91000000,124.09000000,-0.0144547693,-144.5477,24.0000,-168.5477
SOLUSDT,1749276000000,1749294000000,1,1.13651187,152.09000000,151.45000000,-0.0042080347,-42.0803,24.0000,-66.0803
SOLUSDT,1749297600000,1749315600000,1,1.05587958,152.13000000,150.33000000,-0.0118319858,-118.3199,24.0000,-142.3199
SOLUSDT,1751130000000,1751148000000,1,1.08196430,152.17000000,150.82000000,-0.0088716567,-88.7166,24.0000,-112.7166
SOLUSDT,1760108400000,1760126400000,-1,-1.05067525,210.70000000,196.84000000,0.0657807309,657.8073,24.0000,633.8073
SOLUSDT,1765119600000,1765137600000,1,1.05813634,132.03000000,136.18000000,0.0314322502,314.3225,24.0000,290.3225
SOLUSDT,1765292400000,1765310400000,1,1.05066333,138.45000000,140.15000000,0.0122788010,122.7880,24.0000,98.7880
SOLUSDT,1765515600000,1765533600000,1,1.21008997,138.90000000,138.35000000,-0.0039596832,-39.5968,24.0000,-63.5968
SOLUSDT,1765558800000,1765576800000,1,1.00409209,132.14000000,132.74000000,0.0045406387,45.4064,24.0000,21.4064
SOLUSDT,1765670400000,1765688400000,1,1.07048304,133.26000000,132.66000000,-0.0045024764,-45.0248,24.0000,-69.0248
SOLUSDT,1765688400000,1765706400000,1,1.09599221,132.66000000,131.80000000,-0.0064827378,-64.8274,24.0000,-88.8274
SOLUSDT,1765713600000,1765731600000,1,1.03267661,131.38000000,130.04000000,-0.0101994215,-101.9942,24.0000,-125.9942
SOLUSDT,1765756800000,1765774800000,1,1.43148419,130.14000000,131.98000000,0.0141386199,141.3862,24.0000,117.3862
SOLUSDT,1765778400000,1765796400000,1,1.31234146,132.41000000,132.26000000,-0.0011328450,-11.3284,24.0000,-35.3284
SOLUSDT,1765800000000,1765818000000,1,1.32545174,132.77000000,124.94000000,-0.0589741659,-589.7417,24.0000,-613.7417
SOLUSDT,1765818000000,1765836000000,1,1.01273587,124.94000000,126.37000000,0.0114454938,114.4549,24.0000,90.4549
SOLUSDT,1765879200000,1765897200000,1,1.19477315,128.46000000,129.75000000,0.0100420364,100.4204,24.0000,76.4204
SOLUSDT,1765897200000,1765915200000,1,1.06577735,129.75000000,128.42000000,-0.0102504817,-102.5048,24.0000,-126.5048
SOLUSDT,1765969200000,1765987200000,1,1.26045140,127.62000000,124.90000000,-0.0213132738,-213.1327,24.0000,-237.1327
SOLUSDT,1765994400000,1766012400000,1,1.06623157,122.10000000,123.27000000,0.0095823096,95.8231,24.0000,71.8231
SOLUSDT,1766113200000,1766131200000,1,1.04188415,121.59000000,124.97000000,0.0277983387,277.9834,24.0000,253.9834
SOLUSDT,1768485600000,1768503600000,-1,-1.16261600,143.94000000,141.53000000,0.0167430874,167.4309,24.0000,143.4309
SOLUSDT,1768575600000,1768593600000,-1,-1.23441778,140.78000000,144.95000000,-0.0296206848,-296.2068,24.0000,-320.2068
SOLUSDT,1768777200000,1768795200000,-1,-1.07457397,137.87000000,133.69000000,0.0303184159,303.1842,24.0000,279.1842
SOLUSDT,1769522400000,1769540400000,1,1.04965507,123.64000000,125.85000000,0.0178744743,178.7447,24.0000,154.7447
SOLUSDT,1769544000000,1769562000000,1,1.15445252,127.36000000,127.09000000,-0.0021199749,-21.1997,24.0000,-45.1997
SOLUSDT,1769990400000,1770008400000,1,1.46562773,102.28000000,98.30000000,-0.0389127884,-389.1279,24.0000,-413.1279
SOLUSDT,1770008400000,1770026400000,1,1.01812788,98.30000000,102.88000000,0.0465920651,465.9207,24.0000,441.9207
SOLUSDT,1770040800000,1770058800000,1,1.34321718,103.97000000,103.89000000,-0.0007694527,-7.6945,24.0000,-31.6945
SOLUSDT,1770145200000,1770163200000,1,1.01353371,99.02000000,97.99000000,-0.0104019390,-104.0194,24.0000,-128.0194
SOLUSDT,1770537600000,1770555600000,1,1.03024665,88.65000000,88.58000000,-0.0007896221,-7.8962,24.0000,-31.8962
SOLUSDT,1770645600000,1770663600000,1,1.01707561,84.96000000,87.97000000,0.0354284369,354.2844,24.0000,330.2844
SOLUSDT,1772593200000,1772611200000,-1,-1.18049226,85.77000000,89.71000000,-0.0459368077,-459.3681,24.0000,-483.3681
SOLUSDT,1772618400000,1772636400000,-1,-1.03131093,90.15000000,92.94000000,-0.0309484193,-309.4842,24.0000,-333.4842
SOLUSDT,1772640000000,1772658000000,-1,-1.16241050,91.55000000,92.34000000,-0.0086291644,-86.2916,24.0000,-110.2916
SOLUSDT,1772715600000,1772733600000,-1,-1.20627484,90.84000000,88.80000000,0.0224570674,224.5707,24.0000,200.5707
SOLUSDT,1772762400000,1772780400000,-1,-1.30422079,88.38000000,88.70000000,-0.0036207287,-36.2073,24.0000,-60.2073
SOLUSDT,1772787600000,1772805600000,-1,-1.34009644,87.50000000,84.34000000,0.0361142857,361.1429,24.0000,337.1429
SOLUSDT,1772805600000,1772823600000,-1,-1.39555744,84.34000000,85.21000000,-0.0103153901,-103.1539,24.0000,-127.1539
SOLUSDT,1772910000000,1772928000000,-1,-1.28068029,82.53000000,83.06000000,-0.0064219072,-64.2191,24.0000,-88.2191
SOLUSDT,1772935200000,1772953200000,-1,-1.01143572,82.39000000,82.95000000,-0.0067969414,-67.9694,24.0000,-91.9694
SOLUSDT,1772967600000,1772985600000,-1,-1.06389120,82.81000000,81.52000000,0.0155778288,155.7783,24.0000,131.7783
SOLUSDT,1773367200000,1773385200000,-1,-1.28619819,89.09000000,88.68000000,0.0046020878,46.0209,24.0000,22.0209
SOLUSDT,1773385200000,1773403200000,-1,-1.03689843,88.68000000,91.00000000,-0.0261614795,-261.6148,24.0000,-285.6148
SOLUSDT,1773410400000,1773428400000,-1,-1.26205457,90.69000000,88.92000000,0.0195170361,195.1704,24.0000,171.1704
SOLUSDT,1773579600000,1773597600000,-1,-1.13685701,87.85000000,87.92000000,-0.0007968127,-7.9681,24.0000,-31.9681
SOLUSDT,1773597600000,1773615600000,-1,-1.15064323,87.92000000,92.30000000,-0.0498180164,-498.1802,24.0000,-522.1802
SOLUSDT,1773615600000,1773633600000,-1,-1.05505085,92.30000000,93.62000000,-0.0143011918,-143.0119,24.0000,-167.0119
SOLUSDT,1773640800000,1773658800000,-1,-1.16984124,93.40000000,93.75000000,-0.0037473233,-37.4732,24.0000,-61.4732
SOLUSDT,1773662400000,1773680400000,-1,-1.05453352,93.77000000,94.08000000,-0.0033059614,-33.0596,24.0000,-57.0596
SOLUSDT,1773684000000,1773702000000,-1,-1.01122103,94.38000000,96.20000000,-0.0192837466,-192.8375,24.0000,-216.8375
SOLUSDT,1773705600000,1773723600000,-1,-1.61492686,95.49000000,93.80000000,0.0176981883,176.9819,24.0000,152.9819
SOLUSDT,1773806400000,1773824400000,-1,-1.35324391,94.13000000,94.28000000,-0.0015935408,-15.9354,24.0000,-39.9354
SOLUSDT,1773831600000,1773849600000,-1,-1.55037331,92.00000000,88.97000000,0.0329347826,329.3478,24.0000,305.3478
SOLUSDT,1773849600000,1773867600000,-1,-1.18798546,88.97000000,90.47000000,-0.0168596156,-168.5962,24.0000,-192.5962
SOLUSDT,1773921600000,1773939600000,-1,-1.04804101,88.11000000,88.14000000,-0.0003404835,-3.4048,24.0000,-27.4048
SOLUSDT,1782136800000,1782154800000,-1,-1.09518472,73.44000000,72.71000000,0.0099400871,99.4009,24.0000,75.4009
SOLUSDT,1782313200000,1782331200000,-1,-1.16392650,67.33000000,67.68000000,-0.0051982771,-51.9828,24.0000,-75.9828
SOLUSDT,1782392400000,1782410400000,-1,-1.12432136,64.23000000,66.18000000,-0.0303596450,-303.5965,24.0000,-327.5965
BNBUSDT,1641675600000,1641693600000,1,1.08917816,429.50000000,435.20000000,0.0132712456,132.7125,24.0000,108.7125
BNBUSDT,1641747600000,1641765600000,1,1.01995788,439.60000000,440.30000000,0.0015923567,15.9236,24.0000,-8.0764
BNBUSDT,1641787200000,1641805200000,1,1.04842339,444.70000000,439.60000000,-0.0114684057,-114.6841,24.0000,-138.6841
BNBUSDT,1641830400000,1641848400000,1,1.20874140,427.20000000,423.20000000,-0.0093632959,-93.6330,24.0000,-117.6330
BNBUSDT,1641916800000,1641934800000,1,1.03243570,462.90000000,461.10000000,-0.0038885288,-38.8853,24.0000,-62.8853
BNBUSDT,1642075200000,1642093200000,1,1.28920207,482.40000000,471.90000000,-0.0217661692,-217.6617,24.0000,-241.6617
BNBUSDT,1642093200000,1642111200000,1,1.01197570,471.90000000,476.90000000,0.0105954651,105.9547,24.0000,81.9547
BNBUSDT,1642118400000,1642136400000,1,1.07478487,481.60000000,487.60000000,0.0124584718,124.5847,24.0000,100.5847
BNBUSDT,1642168800000,1642186800000,1,1.05995828,479.40000000,485.70000000,0.0131414268,131.4143,24.0000,107.4143
BNBUSDT,1643464800000,1643482800000,-1,-1.12197895,384.40000000,386.10000000,-0.0044224766,-44.2248,24.0000,-68.2248
BNBUSDT,1643587200000,1643605200000,-1,-1.13161890,368.80000000,369.60000000,-0.0021691974,-21.6920,24.0000,-45.6920
BNBUSDT,1644307200000,1644325200000,-1,-1.06468248,427.00000000,420.10000000,0.0161592506,161.5925,24.0000,137.5925
BNBUSDT,1646179200000,1646197200000,-1,-1.05106938,409.40000000,413.10000000,-0.0090376160,-90.3762,24.0000,-114.3762
BNBUSDT,1646226000000,1646244000000,-1,-1.27813128,405.00000000,406.50000000,-0.0037037037,-37.0370,24.0000,-61.0370
BNBUSDT,1646316000000,1646334000000,-1,-1.04416320,409.20000000,401.10000000,0.0197947214,197.9472,24.0000,173.9472
BNBUSDT,1646352000000,1646370000000,-1,-1.12730943,393.80000000,393.80000000,-0.0000000000,-0.0000,24.0000,-24.0000
BNBUSDT,1647208800000,1647226800000,-1,-1.02491019,362.20000000,365.10000000,-0.0080066262,-80.0663,24.0000,-104.0663
BNBUSDT,1652274000000,1652292000000,1,1.13312234,298.30000000,276.40000000,-0.0734160241,-734.1602,24.0000,-758.1602
BNBUSDT,1652338800000,1652356800000,1,1.09892128,247.40000000,275.40000000,0.1131770412,1131.7704,24.0000,1107.7704
BNBUSDT,1652407200000,1652425200000,1,1.00086861,300.00000000,296.10000000,-0.0130000000,-130.0000,24.0000,-154.0000
BNBUSDT,1657206000000,1657224000000,-1,-1.10582744,240.50000000,242.00000000,-0.0062370062,-62.3701,24.0000,-86.3701
BNBUSDT,1657256400000,1657274400000,-1,-1.00221777,241.60000000,238.80000000,0.0115894040,115.8940,24.0000,91.8940
BNBUSDT,1657296000000,1657314000000,-1,-1.04219214,240.10000000,241.50000000,-0.0058309038,-58.3090,24.0000,-82.3090
BNBUSDT,1657411200000,1657429200000,-1,-1.11970681,241.10000000,237.00000000,0.0170053920,170.0539,24.0000,146.0539
BNBUSDT,1657461600000,1657479600000,-1,-1.07761184,232.20000000,234.40000000,-0.0094745909,-94.7459,24.0000,-118.7459
BNBUSDT,1657843200000,1657861200000,-1,-1.00102340,236.00000000,238.20000000,-0.0093220339,-93.2203,24.0000,-117.2203
BNBUSDT,1657915200000,1657933200000,-1,-1.00745942,238.80000000,237.70000000,0.0046063652,46.0637,24.0000,22.0637
BNBUSDT,1658062800000,1658080800000,-1,-1.03477957,250.00000000,249.00000000,0.0040000000,40.0000,24.0000,16.0000
BNBUSDT,1658332800000,1658350800000,-1,-1.03838569,266.00000000,262.50000000,0.0131578947,131.5789,24.0000,107.5789
BNBUSDT,1658502000000,1658520000000,-1,-1.01171962,265.90000000,262.70000000,0.0120345995,120.3460,24.0000,96.3460
BNBUSDT,1658574000000,1658592000000,-1,-1.13554635,255.60000000,256.20000000,-0.0023474178,-23.4742,24.0000,-47.4742
BNBUSDT,1664096400000,1664114400000,-1,-1.03198468,277.10000000,274.80000000,0.0083002526,83.0025,24.0000,59.0025
BNBUSDT,1664139600000,1664157600000,-1,-1.13476600,272.40000000,272.80000000,-0.0014684288,-14.6843,24.0000,-38.6843
BNBUSDT,1664294400000,1664312400000,-1,-1.15089651,274.60000000,272.30000000,0.0083758194,83.7582,24.0000,59.7582
BNBUSDT,1664535600000,1664553600000,-1,-1.06022211,283.30000000,287.20000000,-0.0137663255,-137.6633,24.0000,-161.6633
BNBUSDT,1664568000000,1664586000000,-1,-1.02700595,281.90000000,283.70000000,-0.0063852430,-63.8524,24.0000,-87.8524
BNBUSDT,1665086400000,1665104400000,-1,-1.02937482,288.40000000,284.20000000,0.0145631068,145.6311,24.0000,121.6311
BNBUSDT,1665388800000,1665406800000,-1,-1.03624147,273.50000000,274.60000000,-0.0040219378,-40.2194,24.0000,-64.2194
BNBUSDT,1666544400000,1666562400000,1,1.31329447,272.90000000,276.00000000,0.0113594723,113.5947,24.0000,89.5947
BNBUSDT,1668085200000,1668103200000,1,1.03418656,301.60000000,300.50000000,-0.0036472149,-36.4721,24.0000,-60.4721
BNBUSDT,1668175200000,1668193200000,1,1.12692030,287.10000000,288.10000000,0.0034831069,34.8311,24.0000,10.8311
BNBUSDT,1668200400000,1668218400000,1,1.31927179,286.70000000,286.50000000,-0.0006975933,-6.9759,24.0000,-30.9759
BNBUSDT,1668232800000,1668250800000,1,1.14561330,288.30000000,282.50000000,-0.0201179327,-201.1793,24.0000,-225.1793
BNBUSDT,1668405600000,1668423600000,1,1.34710904,279.60000000,284.50000000,0.0175250358,175.2504,24.0000,151.2504
BNBUSDT,1671228000000,1671246000000,-1,-1.01656873,230.20000000,229.20000000,0.0043440487,43.4405,24.0000,19.4405
BNBUSDT,1673186400000,1673204400000,1,1.12743552,263.60000000,267.40000000,0.0144157815,144.1578,24.0000,120.1578
BNBUSDT,1673478000000,1673496000000,1,1.12308028,284.80000000,286.90000000,0.0073735955,73.7360,24.0000,49.7360
BNBUSDT,1677150000000,1677168000000,-1,-1.00122310,307.00000000,307.90000000,-0.0029315961,-29.3160,24.0000,-53.3160
BNBUSDT,1682060400000,1682078400000,1,1.14767573,329.70000000,327.60000000,-0.0063694268,-63.6943,24.0000,-87.6943
BNBUSDT,1683720000000,1683738000000,1,1.01509601,315.70000000,312.10000000,-0.0114032309,-114.0323,24.0000,-138.0323
BNBUSDT,1685505600000,1685523600000,-1,-1.11315238,306.60000000,307.20000000,-0.0019569472,-19.5695,24.0000,-43.5695
BNBUSDT,1685977200000,1685995200000,-1,-1.12486186,276.80000000,275.50000000,0.0046965318,46.9653,24.0000,22.9653
BNBUSDT,1687618800000,1687636800000,-1,-1.01816870,232.90000000,235.30000000,-0.0103048519,-103.0485,24.0000,-127.0485
BNBUSDT,1692457200000,1692475200000,1,1.08500120,217.30000000,216.30000000,-0.0046019328,-46.0193,24.0000,-70.0193
BNBUSDT,1695823200000,1695841200000,-1,-1.13135050,212.00000000,211.60000000,0.0018867925,18.8679,24.0000,-5.1321
BNBUSDT,1697958000000,1697976000000,-1,-1.15962241,214.30000000,214.40000000,-0.0004666356,-4.6664,24.0000,-28.6664
BNBUSDT,1698040800000,1698058800000,-1,-1.08961188,220.20000000,220.10000000,0.0004541326,4.5413,24.0000,-19.4587
BNBUSDT,1698066000000,1698084000000,-1,-1.01747934,218.80000000,221.20000000,-0.0109689214,-109.6892,24.0000,-133.6892
BNBUSDT,1698102000000,1698120000000,-1,-1.00249649,228.50000000,231.00000000,-0.0109409190,-109.4092,24.0000,-133.4092
BNBUSDT,1698159600000,1698177600000,-1,-1.15667733,223.90000000,224.70000000,-0.0035730237,-35.7302,24.0000,-59.7302
BNBUSDT,1698390000000,1698408000000,-1,-1.02227924,223.20000000,228.10000000,-0.0219534050,-219.5341,24.0000,-243.5341
BNBUSDT,1698415200000,1698433200000,-1,-1.19871068,224.90000000,224.30000000,0.0026678524,26.6785,24.0000,2.6785
BNBUSDT,1700499600000,1700517600000,1,1.22347978,260.90000000,254.30000000,-0.0252970487,-252.9705,24.0000,-276.9705
BNBUSDT,1702108800000,1702126800000,-1,-1.00076268,240.90000000,241.90000000,-0.0041511000,-41.5110,24.0000,-65.5110
BNBUSDT,1704067200000,1704085200000,1,1.09369542,314.40000000,308.70000000,-0.0181297710,-181.2977,24.0000,-205.2977
BNBUSDT,1704121200000,1704139200000,1,1.08536054,312.50000000,312.40000000,-0.0003200000,-3.2000,24.0000,-27.2000
BNBUSDT,1704153600000,1704171600000,1,1.06729322,317.80000000,317.60000000,-0.0006293266,-6.2933,24.0000,-30.2933
BNBUSDT,1705276800000,1705294800000,1,1.13751119,303.80000000,317.20000000,0.0441079658,441.0797,24.0000,417.0797
BNBUSDT,1707919200000,1707937200000,-1,-1.08867310,332.50000000,332.60000000,-0.0003007519,-3.0075,24.0000,-27.0075
BNBUSDT,1708092000000,1708110000000,-1,-1.04674006,358.40000000,354.50000000,0.0108816964,108.8170,24.0000,84.8170
BNBUSDT,1708174800000,1708192800000,-1,-1.24499555,354.10000000,353.20000000,0.0025416549,25.4165,24.0000,1.4165
BNBUSDT,1708272000000,1708290000000,-1,-1.02715429,350.90000000,350.90000000,-0.0000000000,-0.0000,24.0000,-24.0000
BNBUSDT,1708297200000,1708315200000,-1,-1.21646980,349.80000000,352.10000000,-0.0065751858,-65.7519,24.0000,-89.7519
BNBUSDT,1708329600000,1708347600000,-1,-1.00875083,351.00000000,352.30000000,-0.0037037037,-37.0370,24.0000,-61.0370
BNBUSDT,1708416000000,1708434000000,-1,-1.03099874,356.60000000,359.80000000,-0.0089736399,-89.7364,24.0000,-113.7364
BNBUSDT,1708437600000,1708455600000,-1,-1.28254078,354.80000000,354.00000000,0.0022547914,22.5479,24.0000,-1.4521
BNBUSDT,1708563600000,1708581600000,-1,-1.31672546,376.40000000,381.70000000,-0.0140807651,-140.8077,24.0000,-164.8077
BNBUSDT,1708588800000,1708606800000,-1,-1.02329386,381.10000000,377.50000000,0.0094463395,94.4634,24.0000,70.4634
BNBUSDT,1708606800000,1708624800000,-1,-1.16066924,377.50000000,382.20000000,-0.0124503311,-124.5033,24.0000,-148.5033
BNBUSDT,1709665200000,1709683200000,-1,-1.03255200,376.80000000,392.20000000,-0.0408704883,-408.7049,24.0000,-432.7049
BNBUSDT,1710489600000,1710507600000,-1,-1.01521431,561.30000000,587.40000000,-0.0464991983,-464.9920,24.0000,-488.9920
BNBUSDT,1712970000000,1712988000000,-1,-1.22696687,567.00000000,589.80000000,-0.0402116402,-402.1164,24.0000,-426.1164
BNBUSDT,1713034800000,1713052800000,-1,-1.26068224,551.90000000,545.60000000,0.0114151114,114.1511,24.0000,90.1511
BNBUSDT,1714737600000,1714755600000,1,1.02201517,571.50000000,581.00000000,0.0166229221,166.2292,24.0000,142.2292
BNBUSDT,1717552800000,1717570800000,-1,-1.30928706,697.90000000,705.60000000,-0.0110330993,-110.3310,24.0000,-134.3310
BNBUSDT,1717574400000,1717592400000,-1,-1.26665442,699.70000000,697.60000000,0.0030012863,30.0129,24.0000,6.0129
BNBUSDT,1717610400000,1717628400000,-1,-1.36985294,689.90000000,698.80000000,-0.0129004204,-129.0042,24.0000,-153.0042
BNBUSDT,1717682400000,1717700400000,-1,-1.06570421,714.20000000,706.00000000,0.0114813778,114.8138,24.0000,90.8138
BNBUSDT,1717743600000,1717761600000,-1,-1.03381516,697.80000000,707.60000000,-0.0140441387,-140.4414,24.0000,-164.4414
BNBUSDT,1717779600000,1717797600000,-1,-1.11850586,685.80000000,685.00000000,0.0011665209,11.6652,24.0000,-12.3348
BNBUSDT,1717999200000,1718017200000,-1,-1.04081664,650.80000000,640.10000000,0.0164413030,164.4130,24.0000,140.4130
BNBUSDT,1718049600000,1718067600000,-1,-1.11289361,620.30000000,620.30000000,-0.0000000000,-0.0000,24.0000,-24.0000
BNBUSDT,1719784800000,1719802800000,1,1.07898983,584.70000000,585.40000000,0.0011971951,11.9720,24.0000,-12.0280
BNBUSDT,1720411200000,1720429200000,1,1.20868141,504.30000000,513.40000000,0.0180448146,180.4481,24.0000,156.4481
BNBUSDT,1720584000000,1720602000000,1,1.10548596,524.30000000,522.70000000,-0.0030516880,-30.5169,24.0000,-54.5169
BNBUSDT,1720908000000,1720926000000,1,1.08080489,533.60000000,533.60000000,0.0000000000,0.0000,24.0000,-24.0000
BNBUSDT,1720929600000,1720947600000,1,1.03898220,537.30000000,538.70000000,0.0026056207,26.0562,24.0000,2.0562
BNBUSDT,1720990800000,1721008800000,1,1.18751524,544.50000000,552.70000000,0.0150596878,150.5969,24.0000,126.5969
BNBUSDT,1721008800000,1721026800000,1,1.12476588,552.70000000,559.10000000,0.0115795187,115.7952,24.0000,91.7952
BNBUSDT,1721044800000,1721062800000,1,1.18370744,570.80000000,575.90000000,0.0089348283,89.3483,24.0000,65.3483
BNBUSDT,1721080800000,1721098800000,1,1.01649449,582.00000000,579.70000000,-0.0039518900,-39.5189,24.0000,-63.5189
BNBUSDT,1723042800000,1723060800000,1,1.10212456,480.70000000,475.10000000,-0.0116496776,-116.4968,24.0000,-140.4968
BNBUSDT,1723060800000,1723078800000,1,1.10113180,475.10000000,487.30000000,0.0256788045,256.7880,24.0000,232.7880
BNBUSDT,1723921200000,1723939200000,1,1.09912599,544.50000000,538.70000000,-0.0106519743,-106.5197,24.0000,-130.5197
BNBUSDT,1724475600000,1724493600000,1,1.12399662,579.30000000,581.40000000,0.0036250647,36.2506,24.0000,12.2506
BNBUSDT,1724515200000,1724533200000,1,1.18274663,583.70000000,578.50000000,-0.0089086860,-89.0869,24.0000,-113.0869
BNBUSDT,1731214800000,1731232800000,-1,-1.08499300,631.60000000,634.81000000,-0.0050823306,-50.8233,24.0000,-74.8233
BNBUSDT,1731232800000,1731250800000,-1,-1.01427889,634.81000000,639.91000000,-0.0080338999,-80.3390,24.0000,-104.3390
BNBUSDT,1731254400000,1731272400000,-1,-1.05910504,639.01000000,625.01000000,0.0219088903,219.0889,24.0000,195.0889
BNBUSDT,1731286800000,1731304800000,-1,-1.06479884,639.85000000,617.32000000,0.0352113777,352.1138,24.0000,328.1138
BNBUSDT,1731304800000,1731322800000,-1,-1.14093365,617.32000000,626.10000000,-0.0142227694,-142.2277,24.0000,-166.2277
BNBUSDT,1731326400000,1731344400000,-1,-1.22300606,620.58000000,635.48000000,-0.0240097973,-240.0980,24.0000,-264.0980
BNBUSDT,1731344400000,1731362400000,-1,-1.05813992,635.48000000,639.39000000,-0.0061528294,-61.5283,24.0000,-85.5283
BNBUSDT,1731369600000,1731387600000,-1,-1.11468081,652.17000000,650.18000000,0.0030513516,30.5135,24.0000,6.5135
BNBUSDT,1731402000000,1731420000000,-1,-1.29492860,635.97000000,629.88000000,0.0095759234,95.7592,24.0000,71.7592
BNBUSDT,1731459600000,1731477600000,-1,-1.01155603,619.53000000,602.59000000,0.0273433086,273.4331,24.0000,249.4331
BNBUSDT,1731510000000,1731528000000,-1,-1.08321888,628.82000000,614.34000000,0.0230272574,230.2726,24.0000,206.2726
BNBUSDT,1732320000000,1732338000000,-1,-1.07892432,633.97000000,648.50000000,-0.0229190656,-229.1907,24.0000,-253.1907
BNBUSDT,1732352400000,1732370400000,-1,-1.27624606,664.29000000,675.00000000,-0.0161224766,-161.2248,24.0000,-185.2248
BNBUSDT,1732374000000,1732392000000,-1,-1.26810582,669.54000000,650.23000000,0.0288406966,288.4070,24.0000,264.4070
BNBUSDT,1732424400000,1732442400000,-1,-1.08776957,664.40000000,666.36000000,-0.0029500301,-29.5003,24.0000,-53.5003
BNBUSDT,1732442400000,1732460400000,-1,-1.38869742,666.36000000,642.42000000,0.0359265262,359.2653,24.0000,335.2653
BNBUSDT,1732539600000,1732557600000,-1,-1.08575400,654.01000000,642.40000000,0.0177520221,177.5202,24.0000,153.5202
BNBUSDT,1732568400000,1732586400000,-1,-1.01405435,638.08000000,644.01000000,-0.0092935055,-92.9351,24.0000,-116.9351
BNBUSDT,1733230800000,1733248800000,-1,-1.00690468,632.76000000,677.78000000,-0.0711486187,-711.4862,24.0000,-735.4862
BNBUSDT,1749304800000,1749322800000,1,1.43171218,650.53000000,652.04000000,0.0023211843,23.2118,24.0000,-0.7882
BNBUSDT,1749337200000,1749355200000,1,1.29114506,650.82000000,650.26000000,-0.0008604530,-8.6045,24.0000,-32.6045
BNBUSDT,1749553200000,1749571200000,1,1.01892936,665.19000000,664.06000000,-0.0016987628,-16.9876,24.0000,-40.9876
BNBUSDT,1750820400000,1750838400000,1,1.12459904,648.20000000,644.50000000,-0.0057081148,-57.0811,24.0000,-81.0811
BNBUSDT,1750849200000,1750867200000,1,1.05584935,647.41000000,642.55000000,-0.0075068349,-75.0683,24.0000,-99.0683
BNBUSDT,1751234400000,1751252400000,1,1.19091958,654.24000000,655.41000000,0.0017883346,17.8833,24.0000,-6.1167
BNBUSDT,1759888800000,1759906800000,-1,-1.02384577,1289.72000000,1312.47000000,-0.0176394876,-176.3949,24.0000,-200.3949
BNBUSDT,1760130000000,1760148000000,-1,-1.16360197,1107.30000000,1139.70000000,-0.0292603630,-292.6036,24.0000,-316.6036
BNBUSDT,1765119600000,1765137600000,1,1.05121584,890.30000000,903.75000000,0.0151072672,151.0727,24.0000,127.0727
BNBUSDT,1765292400000,1765310400000,1,1.00058396,907.67000000,908.50000000,0.0009144293,9.1443,24.0000,-14.8557
BNBUSDT,1765756800000,1765774800000,1,1.37938231,882.70000000,888.09000000,0.0061062649,61.0626,24.0000,37.0626
BNBUSDT,1765778400000,1765796400000,1,1.16991119,890.34000000,887.76000000,-0.0028977694,-28.9777,24.0000,-52.9777
BNBUSDT,1765821600000,1765839600000,1,1.26238872,851.19000000,858.60000000,0.0087054594,87.0546,24.0000,63.0546
BNBUSDT,1765839600000,1765857600000,1,1.18090467,858.60000000,854.60000000,-0.0046587468,-46.5875,24.0000,-70.5875
BNBUSDT,1765861200000,1765879200000,1,1.03222139,856.46000000,862.10000000,0.0065852462,65.8525,24.0000,41.8525
BNBUSDT,1765886400000,1765904400000,1,1.04107786,868.16000000,867.20000000,-0.0011057870,-11.0579,24.0000,-35.0579
BNBUSDT,1765908000000,1765926000000,1,1.06897273,871.49000000,875.63000000,0.0047504848,47.5048,24.0000,23.5048
BNBUSDT,1765947600000,1765965600000,1,1.00484381,858.86000000,856.55000000,-0.0026896118,-26.8961,24.0000,-50.8961
BNBUSDT,1765969200000,1765987200000,1,1.09916411,859.82000000,847.39000000,-0.0144565142,-144.5651,24.0000,-168.5651
BNBUSDT,1766113200000,1766131200000,1,1.17132125,837.66000000,844.88000000,0.0086192489,86.1925,24.0000,62.1925
BNBUSDT,1766390400000,1766408400000,1,1.04613210,863.88000000,864.41000000,0.0006135111,6.1351,24.0000,-17.8649
BNBUSDT,1766674800000,1766692800000,1,1.10383648,842.53000000,840.74000000,-0.0021245534,-21.2455,24.0000,-45.2455
BNBUSDT,1766710800000,1766728800000,1,1.00719239,832.52000000,843.89000000,0.0136573296,136.5733,24.0000,112.5733
BNBUSDT,1766829600000,1766847600000,1,1.02018293,841.65000000,840.90000000,-0.0008911068,-8.9111,24.0000,-32.9111
BNBUSDT,1766919600000,1766937600000,1,1.06503254,854.60000000,864.00000000,0.0109992979,109.9930,24.0000,85.9930
BNBUSDT,1768438800000,1768456800000,-1,-1.32383548,936.87000000,933.70000000,0.0033836071,33.8361,24.0000,9.8361
BNBUSDT,1768485600000,1768503600000,-1,-1.35137475,938.58000000,928.07000000,0.0111977668,111.9777,24.0000,87.9777
BNBUSDT,1768503600000,1768521600000,-1,-1.31643407,928.07000000,933.18000000,-0.0055060502,-55.0605,24.0000,-79.0605
BNBUSDT,1768572000000,1768590000000,-1,-1.15833101,930.79000000,931.36000000,-0.0006123830,-6.1238,24.0000,-30.1238
BNBUSDT,1768777200000,1768795200000,-1,-1.02382260,932.51000000,926.38000000,0.0065736560,65.7366,24.0000,41.7366
BNBUSDT,1769529600000,1769547600000,1,1.12463984,894.95000000,895.73000000,0.0008715571,8.7156,24.0000,-15.2844
BNBUSDT,1770012000000,1770030000000,1,1.08114280,747.95000000,762.36000000,0.0192659937,192.6599,24.0000,168.6599
BNBUSDT,1770145200000,1770163200000,1,1.06819936,757.88000000,753.92000000,-0.0052251016,-52.2510,24.0000,-76.2510
BNBUSDT,1772593200000,1772611200000,-1,-1.14521190,629.30000000,651.25000000,-0.0348800254,-348.8003,24.0000,-372.8003
BNBUSDT,1772622000000,1772640000000,-1,-1.00984126,650.51000000,659.52000000,-0.0138506710,-138.5067,24.0000,-162.5067
BNBUSDT,1772640000000,1772658000000,-1,-1.06113976,659.52000000,660.12000000,-0.0009097525,-9.0975,24.0000,-33.0975
BNBUSDT,1772715600000,1772733600000,-1,-1.02198345,657.29000000,650.12000000,0.0109084270,109.0843,24.0000,85.0843
BNBUSDT,1772769600000,1772787600000,-1,-1.44083000,644.15000000,640.88000000,0.0050764573,50.7646,24.0000,26.7646
BNBUSDT,1772787600000,1772805600000,-1,-1.36035294,640.88000000,626.54000000,0.0223754837,223.7548,24.0000,199.7548
BNBUSDT,1772805600000,1772823600000,-1,-1.47995587,626.54000000,630.71000000,-0.0066556006,-66.5560,24.0000,-90.5560
BNBUSDT,1772892000000,1772910000000,-1,-1.10095852,627.50000000,619.84000000,0.0122071713,122.0717,24.0000,98.0717
BNBUSDT,1772910000000,1772928000000,-1,-1.34117321,619.84000000,619.21000000,0.0010163913,10.1639,24.0000,-13.8361
BNBUSDT,1772935200000,1772953200000,-1,-1.24293089,616.12000000,619.94000000,-0.0062000909,-62.0009,24.0000,-86.0009
BNBUSDT,1772974800000,1772992800000,-1,-1.12924283,616.49000000,613.56000000,0.0047527129,47.5271,24.0000,23.5271
BNBUSDT,1773007200000,1773025200000,-1,-1.09732306,614.57000000,623.51000000,-0.0145467563,-145.4676,24.0000,-169.4676
BNBUSDT,1773036000000,1773054000000,-1,-1.11920642,623.78000000,627.53000000,-0.0060117349,-60.1173,24.0000,-84.1173
BNBUSDT,1773093600000,1773111600000,-1,-1.03712244,636.88000000,639.77000000,-0.0045377465,-45.3775,24.0000,-69.3775
BNBUSDT,1773277200000,1773295200000,-1,-1.18391196,646.75000000,644.64000000,0.0032624662,32.6247,24.0000,8.6247
BNBUSDT,1773320400000,1773338400000,-1,-1.12009823,652.68000000,647.95000000,0.0072470430,72.4704,24.0000,48.4704
BNBUSDT,1773363600000,1773381600000,-1,-1.16115410,661.90000000,660.84000000,0.0016014504,16.0145,24.0000,-7.9855
BNBUSDT,1773381600000,1773399600000,-1,-1.30055260,660.84000000,666.64000000,-0.0087767084,-87.7671,24.0000,-111.7671
BNBUSDT,1773403200000,1773421200000,-1,-1.12090314,671.21000000,655.86000000,0.0228691468,228.6915,24.0000,204.6915
BNBUSDT,1773421200000,1773439200000,-1,-1.52195372,655.86000000,655.53000000,0.0005031562,5.0316,24.0000,-18.9684
BNBUSDT,1773550800000,1773568800000,-1,-1.14310010,659.53000000,662.86000000,-0.0050490501,-50.4905,24.0000,-74.4905
BNBUSDT,1773572400000,1773590400000,-1,-1.26174808,661.64000000,658.96000000,0.0040505411,40.5054,24.0000,16.5054
BNBUSDT,1773615600000,1773633600000,-1,-1.31722120,673.77000000,683.44000000,-0.0143520786,-143.5208,24.0000,-167.5208
BNBUSDT,1773640800000,1773658800000,-1,-1.26148731,679.41000000,677.20000000,0.0032528223,32.5282,24.0000,8.5282
BNBUSDT,1773658800000,1773676800000,-1,-1.09287228,677.20000000,675.31000000,0.0027909037,27.9090,24.0000,3.9090
BNBUSDT,1773684000000,1773702000000,-1,-1.06084636,677.11000000,679.71000000,-0.0038398488,-38.3985,24.0000,-62.3985
BNBUSDT,1773720000000,1773738000000,-1,-1.04294665,674.89000000,672.77000000,0.0031412526,31.4125,24.0000,7.4125
BNBUSDT,1773741600000,1773759600000,-1,-1.13124653,669.36000000,668.49000000,0.0012997490,12.9975,24.0000,-11.0025
BNBUSDT,1773831600000,1773849600000,-1,-1.25279031,662.89000000,648.50000000,0.0217079757,217.0798,24.0000,193.0798
BNBUSDT,1778072400000,1778090400000,-1,-1.16087493,647.41000000,649.77000000,-0.0036452943,-36.4529,24.0000,-60.4529
BNBUSDT,1778191200000,1778209200000,-1,-1.11322963,635.57000000,639.44000000,-0.0060890225,-60.8902,24.0000,-84.8902
BNBUSDT,1778644800000,1778662800000,-1,-1.02787854,679.81000000,685.18000000,-0.0078992660,-78.9927,24.0000,-102.9927
BNBUSDT,1778673600000,1778691600000,-1,-1.18304802,672.76000000,670.76000000,0.0029728283,29.7283,24.0000,5.7283
AVAXUSDT,1641672000000,1641690000000,1,1.00153846,81.23000000,83.71000000,0.0305305921,305.3059,24.0000,281.3059
AVAXUSDT,1641693600000,1641711600000,1,1.02207080,85.78000000,84.91000000,-0.0101422243,-101.4222,24.0000,-125.4222
AVAXUSDT,1641740400000,1641758400000,1,1.02807562,86.69000000,90.90000000,0.0485638482,485.6385,24.0000,461.6385
AVAXUSDT,1641916800000,1641934800000,1,1.31108579,89.39000000,88.91000000,-0.0053697282,-53.6973,24.0000,-77.6973
AVAXUSDT,1641978000000,1641996000000,1,1.22996699,94.30000000,96.01000000,0.0181336161,181.3362,24.0000,157.3362
AVAXUSDT,1642082400000,1642100400000,1,1.22656745,96.46000000,91.14000000,-0.0551523948,-551.5239,24.0000,-575.5239
AVAXUSDT,1642104000000,1642122000000,1,1.15364589,91.46000000,90.02000000,-0.0157445878,-157.4459,24.0000,-181.4459
AVAXUSDT,1644498000000,1644516000000,-1,-1.14129738,85.90000000,91.84000000,-0.0691501746,-691.5017,24.0000,-715.5017
AVAXUSDT,1644998400000,1645016400000,-1,-1.05889409,95.14000000,92.70000000,0.0256464158,256.4642,24.0000,232.4642
AVAXUSDT,1645066800000,1645084800000,-1,-1.07403868,94.79000000,93.22000000,0.0165629286,165.6293,24.0000,141.6293
AVAXUSDT,1646226000000,1646244000000,-1,-1.24961053,83.22000000,82.80000000,0.0050468637,50.4686,24.0000,26.4686
AVAXUSDT,1646276400000,1646294400000,-1,-1.17427077,81.59000000,82.76000000,-0.0143399926,-143.3999,24.0000,-167.3999
AVAXUSDT,1646312400000,1646330400000,-1,-1.25408803,81.17000000,78.12000000,0.0375754589,375.7546,24.0000,351.7546
AVAXUSDT,1646352000000,1646370000000,-1,-1.25557724,76.06000000,77.20000000,-0.0149881672,-149.8817,24.0000,-173.8817
AVAXUSDT,1646402400000,1646420400000,-1,-1.00299211,80.14000000,78.60000000,0.0192163714,192.1637,24.0000,168.1637
AVAXUSDT,1646424000000,1646442000000,-1,-1.05516700,77.39000000,73.99000000,0.0439333247,439.3332,24.0000,415.3332
AVAXUSDT,1646679600000,1646697600000,-1,-1.03180009,70.97000000,72.75000000,-0.0250810201,-250.8102,24.0000,-274.8102
AVAXUSDT,1646798400000,1646816400000,-1,-1.08605617,78.73000000,78.19000000,0.0068588848,68.5888,24.0000,44.5888
AVAXUSDT,1646827200000,1646845200000,-1,-1.04252795,77.98000000,78.90000000,-0.0117978969,-117.9790,24.0000,-141.9790
AVAXUSDT,1646848800000,1646866800000,-1,-1.12718655,77.23000000,77.63000000,-0.0051793345,-51.7933,24.0000,-75.7933
AVAXUSDT,1649854800000,1649872800000,1,1.09607971,78.43000000,80.13000000,0.0216753793,216.7538,24.0000,192.7538
AVAXUSDT,1652274000000,1652292000000,1,1.11502333,34.89000000,31.47000000,-0.0980223560,-980.2236,24.0000,-1004.2236
AVAXUSDT,1652338800000,1652356800000,1,1.00323986,28.28000000,29.82000000,0.0544554455,544.5545,24.0000,520.5545
AVAXUSDT,1657206000000,1657224000000,-1,-1.06292580,19.85000000,20.28000000,-0.0216624685,-216.6247,24.0000,-240.6247
AVAXUSDT,1657267200000,1657285200000,-1,-1.10604103,19.67000000,19.61000000,0.0030503305,30.5033,24.0000,6.5033
AVAXUSDT,1657915200000,1657933200000,-1,-1.00536506,19.55000000,19.29000000,0.0132992327,132.9923,24.0000,108.9923
AVAXUSDT,1658041200000,1658059200000,-1,-1.05764164,21.64000000,21.35000000,0.0134011091,134.0111,24.0000,110.0111
AVAXUSDT,1664110800000,1664128800000,-1,-1.00917571,17.60000000,17.55000000,0.0028409091,28.4091,24.0000,4.4091
AVAXUSDT,1664139600000,1664157600000,-1,-1.11936928,17.23000000,17.27000000,-0.0023215322,-23.2153,24.0000,-47.2153
AVAXUSDT,1664294400000,1664312400000,-1,-1.13944066,17.21000000,17.15000000,0.0034863451,34.8635,24.0000,10.8635
AVAXUSDT,1668038400000,1668056400000,1,1.10505523,13.34000000,14.12000000,0.0584707646,584.7076,24.0000,560.7076
AVAXUSDT,1668056400000,1668074400000,1,1.08032669,14.12000000,13.98000000,-0.0099150142,-99.1501,24.0000,-123.1501
AVAXUSDT,1668085200000,1668103200000,1,1.20501706,15.39000000,15.37000000,-0.0012995452,-12.9955,24.0000,-36.9955
AVAXUSDT,1668175200000,1668193200000,1,1.13131863,14.22000000,13.92000000,-0.0210970464,-210.9705,24.0000,-234.9705
AVAXUSDT,1668193200000,1668211200000,1,1.50214990,13.92000000,13.73000000,-0.0136494253,-136.4943,24.0000,-160.4943
AVAXUSDT,1668344400000,1668362400000,1,1.05786551,13.17000000,13.02000000,-0.0113895216,-113.8952,24.0000,-137.8952
AVAXUSDT,1668394800000,1668412800000,1,1.05983700,12.34000000,13.36000000,0.0826580227,826.5802,24.0000,802.5802
AVAXUSDT,1668412800000,1668430800000,1,1.14178556,13.36000000,13.23000000,-0.0097305389,-97.3054,24.0000,-121.3054
AVAXUSDT,1668528000000,1668546000000,1,1.03339495,13.85000000,13.50000000,-0.0252707581,-252.7076,24.0000,-276.7076
AVAXUSDT,1668729600000,1668747600000,1,1.09256736,13.17000000,13.19000000,0.0015186029,15.1860,24.0000,-8.8140
AVAXUSDT,1676966400000,1676984400000,-1,-1.04859777,20.21000000,20.05000000,0.0079168728,79.1687,24.0000,55.1687
AVAXUSDT,1677027600000,1677045600000,-1,-1.18826703,20.94000000,20.64000000,0.0143266476,143.2665,24.0000,119.2665
AVAXUSDT,1677052800000,1677070800000,-1,-1.23406784,20.39000000,20.36000000,0.0014713095,14.7131,24.0000,-9.2869
AVAXUSDT,1677078000000,1677096000000,-1,-1.18187032,19.69000000,19.91000000,-0.0111731844,-111.7318,24.0000,-135.7318
AVAXUSDT,1677150000000,1677168000000,-1,-1.18389763,19.92000000,19.73000000,0.0095381526,95.3815,24.0000,71.3815
AVAXUSDT,1681804800000,1681822800000,-1,-1.07205623,21.31000000,21.39000000,-0.0037541061,-37.5411,24.0000,-61.5411
AVAXUSDT,1681837200000,1681855200000,-1,-1.07815332,20.92000000,21.17000000,-0.0119502868,-119.5029,24.0000,-143.5029
AVAXUSDT,1683720000000,1683738000000,1,1.35546885,15.60000000,15.31000000,-0.0185897436,-185.8974,24.0000,-209.8974
AVAXUSDT,1683748800000,1683766800000,1,1.01524427,15.62000000,15.45000000,-0.0108834827,-108.8348,24.0000,-132.8348
AVAXUSDT,1684897200000,1684915200000,-1,-1.04898868,14.40000000,14.39000000,0.0006944444,6.9444,24.0000,-17.0556
AVAXUSDT,1685116800000,1685134800000,-1,-1.02652751,14.21000000,14.35000000,-0.0098522167,-98.5222,24.0000,-122.5222
AVAXUSDT,1685178000000,1685196000000,-1,-1.04961088,14.33000000,14.37000000,-0.0027913468,-27.9135,24.0000,-51.9135
AVAXUSDT,1685260800000,1685278800000,-1,-1.21905952,14.55000000,14.48000000,0.0048109966,48.1100,24.0000,24.1100
AVAXUSDT,1685372400000,1685390400000,-1,-1.00785655,14.48000000,14.46000000,0.0013812155,13.8122,24.0000,-10.1878
AVAXUSDT,1685455200000,1685473200000,-1,-1.06001731,14.46000000,14.53000000,-0.0048409405,-48.4094,24.0000,-72.4094
AVAXUSDT,1685498400000,1685516400000,-1,-1.12264350,14.24000000,14.13000000,0.0077247191,77.2472,24.0000,53.2472
AVAXUSDT,1685584800000,1685602800000,-1,-1.15920941,13.90000000,14.00000000,-0.0071942446,-71.9424,24.0000,-95.9424
AVAXUSDT,1685646000000,1685664000000,-1,-1.02023883,14.17000000,14.18000000,-0.0007057163,-7.0572,24.0000,-31.0572
AVAXUSDT,1686520800000,1686538800000,1,1.02904220,11.56000000,11.38000000,-0.0155709343,-155.7093,24.0000,-179.7093
AVAXUSDT,1686549600000,1686567600000,1,1.15233883,11.44000000,11.51000000,0.0061188811,61.1888,24.0000,37.1888
AVAXUSDT,1686585600000,1686603600000,1,1.07210545,11.45000000,11.56000000,0.0096069869,96.0699,24.0000,72.0699
AVAXUSDT,1686618000000,1686636000000,1,1.08191894,11.61000000,11.68000000,0.0060292851,60.2929,24.0000,36.2929
AVAXUSDT,1686643200000,1686661200000,1,1.10690528,11.87000000,11.84000000,-0.0025273799,-25.2738,24.0000,-49.2738
AVAXUSDT,1686927600000,1686945600000,1,1.00889910,11.45000000,11.62000000,0.0148471616,148.4716,24.0000,124.4716
AVAXUSDT,1686978000000,1686996000000,1,1.01474961,11.80000000,11.77000000,-0.0025423729,-25.4237,24.0000,-49.4237
AVAXUSDT,1692421200000,1692439200000,1,1.01886532,10.66000000,10.72000000,0.0056285178,56.2852,24.0000,32.2852
AVAXUSDT,1692460800000,1692478800000,1,1.28563378,10.83000000,10.80000000,-0.0027700831,-27.7008,24.0000,-51.7008
AVAXUSDT,1695290400000,1695308400000,-1,-1.09402288,8.79000000,8.88000000,-0.0102389078,-102.3891,24.0000,-126.3891
AVAXUSDT,1695578400000,1695596400000,-1,-1.00678662,8.95000000,8.78000000,0.0189944134,189.9441,24.0000,165.9441
AVAXUSDT,1695596400000,1695614400000,-1,-1.09462776,8.78000000,8.81000000,-0.0034168565,-34.1686,24.0000,-58.1686
AVAXUSDT,1696377600000,1696395600000,-1,-1.09154288,9.21000000,9.54000000,-0.0358306189,-358.3062,24.0000,-382.3062
AVAXUSDT,1696507200000,1696525200000,-1,-1.22561239,9.93000000,9.97000000,-0.0040281974,-40.2820,24.0000,-64.2820
AVAXUSDT,1696658400000,1696676400000,-1,-1.05686476,10.79000000,10.57000000,0.0203892493,203.8925,24.0000,179.8925
AVAXUSDT,1697958000000,1697976000000,-1,-1.02239603,9.87000000,9.80000000,0.0070921986,70.9220,24.0000,46.9220
AVAXUSDT,1698217200000,1698235200000,-1,-1.00023180,10.25000000,10.43000000,-0.0175609756,-175.6098,24.0000,-199.6098
AVAXUSDT,1698318000000,1698336000000,-1,-1.04217223,10.98000000,10.46000000,0.0473588342,473.5883,24.0000,449.5883
AVAXUSDT,1705212000000,1705230000000,1,1.06902666,36.86000000,36.41000000,-0.0122083559,-122.0836,24.0000,-146.0836
AVAXUSDT,1705240800000,1705258800000,1,1.03091237,36.79000000,36.12000000,-0.0182114705,-182.1147,24.0000,-206.1147
AVAXUSDT,1705266000000,1705284000000,1,1.11880228,36.47000000,36.34000000,-0.0035645736,-35.6457,24.0000,-59.6457
AVAXUSDT,1705341600000,1705359600000,1,1.04084287,36.31000000,35.61000000,-0.0192784357,-192.7844,24.0000,-216.7844
AVAXUSDT,1705392000000,1705410000000,1,1.10141952,36.15000000,35.37000000,-0.0215767635,-215.7676,24.0000,-239.7676
AVAXUSDT,1705417200000,1705435200000,1,1.06643470,35.68000000,35.75000000,0.0019618834,19.6188,24.0000,-4.3812
AVAXUSDT,1705438800000,1705456800000,1,1.07494679,36.10000000,36.26000000,0.0044321330,44.3213,24.0000,20.3213
AVAXUSDT,1707656400000,1707674400000,-1,-1.06635467,39.88000000,39.97000000,-0.0022567703,-22.5677,24.0000,-46.5677
AVAXUSDT,1707829200000,1707847200000,-1,-1.06842742,40.12000000,39.68000000,0.0109670987,109.6710,24.0000,85.6710
AVAXUSDT,1707897600000,1707915600000,-1,-1.35886648,40.57000000,41.60000000,-0.0253882179,-253.8822,24.0000,-277.8822
AVAXUSDT,1707915600000,1707933600000,-1,-1.54282563,41.60000000,41.51000000,0.0021634615,21.6346,24.0000,-2.3654
AVAXUSDT,1707948000000,1707966000000,-1,-1.59306556,42.23000000,42.38000000,-0.0035519773,-35.5198,24.0000,-59.5198
AVAXUSDT,1707984000000,1708002000000,-1,-1.59831392,42.56000000,42.57000000,-0.0002349624,-2.3496,24.0000,-26.3496
AVAXUSDT,1708009200000,1708027200000,-1,-1.80626940,41.88000000,41.50000000,0.0090735435,90.7354,24.0000,66.7354
AVAXUSDT,1708066800000,1708084800000,-1,-1.56583561,40.76000000,41.31000000,-0.0134936212,-134.9362,24.0000,-158.9362
AVAXUSDT,1708092000000,1708110000000,-1,-1.70040927,40.13000000,39.82000000,0.0077248941,77.2489,24.0000,53.2489
AVAXUSDT,1708160400000,1708178400000,-1,-1.13930668,39.51000000,38.74000000,0.0194887370,194.8874,24.0000,170.8874
AVAXUSDT,1708178400000,1708196400000,-1,-1.09479028,38.74000000,39.61000000,-0.0224574084,-224.5741,24.0000,-248.5741
AVAXUSDT,1708218000000,1708236000000,-1,-1.04842918,39.24000000,39.74000000,-0.0127420999,-127.4210,24.0000,-151.4210
AVAXUSDT,1708297200000,1708315200000,-1,-1.03179997,40.29000000,40.00000000,0.0071978158,71.9782,24.0000,47.9782
AVAXUSDT,1708329600000,1708347600000,-1,-1.11405858,39.84000000,39.82000000,0.0005020080,5.0201,24.0000,-18.9799
AVAXUSDT,1708387200000,1708405200000,-1,-1.09171700,39.08000000,39.46000000,-0.0097236438,-97.2364,24.0000,-121.2364
AVAXUSDT,1708419600000,1708437600000,-1,-1.13572548,38.49000000,38.33000000,0.0041569239,41.5692,24.0000,17.5692
AVAXUSDT,1708437600000,1708455600000,-1,-1.32679358,38.33000000,38.33000000,-0.0000000000,-0.0000,24.0000,-24.0000
AVAXUSDT,1708506000000,1708524000000,-1,-1.26664424,36.62000000,36.54000000,0.0021845986,21.8460,24.0000,-2.1540
AVAXUSDT,1708524000000,1708542000000,-1,-1.15102722,36.54000000,36.79000000,-0.0068418172,-68.4182,24.0000,-92.4182
AVAXUSDT,1708873200000,1708891200000,-1,-1.14012246,36.84000000,37.08000000,-0.0065146580,-65.1466,24.0000,-89.1466
AVAXUSDT,1708930800000,1708948800000,-1,-1.03933039,36.83000000,36.79000000,0.0010860711,10.8607,24.0000,-13.1393
AVAXUSDT,1709046000000,1709064000000,-1,-1.15213588,38.64000000,39.21000000,-0.0147515528,-147.5155,24.0000,-171.5155
AVAXUSDT,1709118000000,1709136000000,-1,-1.18232930,39.57000000,40.84000000,-0.0320950215,-320.9502,24.0000,-344.9502
AVAXUSDT,1709139600000,1709157600000,-1,-1.15952736,39.34000000,39.88000000,-0.0137264870,-137.2649,24.0000,-161.2649
AVAXUSDT,1709301600000,1709319600000,-1,-1.07288221,41.95000000,42.01000000,-0.0014302741,-14.3027,24.0000,-38.3027
AVAXUSDT,1709449200000,1709467200000,-1,-1.22540993,41.85000000,42.61000000,-0.0181600956,-181.6010,24.0000,-205.6010
AVAXUSDT,1709665200000,1709683200000,-1,-1.13818997,37.58000000,38.92000000,-0.0356572645,-356.5726,24.0000,-380.5726
AVAXUSDT,1710212400000,1710230400000,-1,-1.15169742,47.99000000,47.09000000,0.0187539071,187.5391,24.0000,163.5391
AVAXUSDT,1714737600000,1714755600000,1,1.04641526,34.65000000,35.33000000,0.0196248196,196.2482,24.0000,172.2482
AVAXUSDT,1716469200000,1716487200000,-1,-1.06028804,38.23000000,37.73000000,0.0130787340,130.7873,24.0000,106.7873
AVAXUSDT,1717689600000,1717707600000,-1,-1.10026367,36.61000000,36.07000000,0.0147500683,147.5007,24.0000,123.5007
AVAXUSDT,1717779600000,1717797600000,-1,-1.12777793,35.09000000,33.64000000,0.0413223140,413.2231,24.0000,389.2231
AVAXUSDT,1718856000000,1718874000000,1,1.07016233,27.30000000,28.04000000,0.0271062271,271.0623,24.0000,247.0623
AVAXUSDT,1718877600000,1718895600000,1,1.04135728,28.56000000,27.31000000,-0.0437675070,-437.6751,24.0000,-461.6751
AVAXUSDT,1720281600000,1720299600000,1,1.17026999,26.53000000,27.24000000,0.0267621560,267.6216,24.0000,243.6216
AVAXUSDT,1720425600000,1720443600000,1,1.13663954,26.96000000,26.81000000,-0.0055637982,-55.6380,24.0000,-79.6380
AVAXUSDT,1720990800000,1721008800000,1,1.16885979,26.35000000,27.01000000,0.0250474383,250.4744,24.0000,226.4744
AVAXUSDT,1721541600000,1721559600000,-1,-1.02991584,28.70000000,29.30000000,-0.0209059233,-209.0592,24.0000,-233.0592
AVAXUSDT,1721581200000,1721599200000,-1,-1.08532060,30.69000000,32.70000000,-0.0654936461,-654.9365,24.0000,-678.9365
AVAXUSDT,1721624400000,1721642400000,-1,-1.21177103,32.19000000,32.37000000,-0.0055917987,-55.9180,24.0000,-79.9180
AVAXUSDT,1721642400000,1721660400000,-1,-1.02406114,32.37000000,31.93000000,0.0135928329,135.9283,24.0000,111.9283
AVAXUSDT,1723446000000,1723464000000,1,1.01478832,21.05000000,21.51000000,0.0218527316,218.5273,24.0000,194.5273
AVAXUSDT,1723471200000,1723489200000,1,1.08170876,21.60000000,21.04000000,-0.0259259259,-259.2593,24.0000,-283.2593
AVAXUSDT,1731402000000,1731420000000,-1,-1.15232337,35.50000000,34.53000000,0.0273239437,273.2394,24.0000,249.2394
AVAXUSDT,1731513600000,1731531600000,-1,-1.07293562,34.20000000,32.37000000,0.0535087719,535.0877,24.0000,511.0877
AVAXUSDT,1731805200000,1731823200000,-1,-1.04074170,34.30000000,36.48000000,-0.0635568513,-635.5685,24.0000,-659.5685
AVAXUSDT,1731927600000,1731945600000,-1,-1.00227848,34.76000000,35.44000000,-0.0195627158,-195.6272,24.0000,-219.6272
AVAXUSDT,1732320000000,1732338000000,-1,-1.32022973,43.27000000,43.78000000,-0.0117864571,-117.8646,24.0000,-141.8646
AVAXUSDT,1732377600000,1732395600000,-1,-1.49266786,42.15000000,42.18000000,-0.0007117438,-7.1174,24.0000,-31.1174
AVAXUSDT,1732446000000,1732464000000,-1,-1.46719162,40.06000000,39.55000000,0.0127309036,127.3090,24.0000,103.3090
AVAXUSDT,1732485600000,1732503600000,-1,-1.00751923,41.88000000,41.31000000,0.0136103152,136.1032,24.0000,112.1032
AVAXUSDT,1732554000000,1732572000000,-1,-1.02278918,41.92000000,42.10000000,-0.0042938931,-42.9389,24.0000,-66.9389
AVAXUSDT,1738551600000,1738569600000,1,1.10471262,23.91000000,24.88000000,0.0405687997,405.6880,24.0000,381.6880
AVAXUSDT,1738591200000,1738609200000,1,1.03925137,25.93000000,28.19000000,0.0871577324,871.5773,24.0000,847.5773
AVAXUSDT,1749279600000,1749297600000,1,1.15038266,20.65000000,21.00000000,0.0169491525,169.4915,24.0000,145.4915
AVAXUSDT,1751234400000,1751252400000,1,1.16872026,18.79000000,18.30000000,-0.0260777009,-260.7770,24.0000,-284.7770
AVAXUSDT,1755442800000,1755460800000,1,1.04483229,25.42000000,25.09000000,-0.0129819040,-129.8190,24.0000,-153.8190
AVAXUSDT,1760108400000,1760126400000,-1,-1.03601582,26.99000000,25.03000000,0.0726194887,726.1949,24.0000,702.1949
AVAXUSDT,1760126400000,1760144400000,-1,-1.09645966,25.03000000,20.99000000,0.1614063124,1614.0631,24.0000,1590.0631
AVAXUSDT,1765119600000,1765137600000,1,1.11841161,13.43000000,13.81000000,0.0282948622,282.9486,24.0000,258.9486
AVAXUSDT,1765735200000,1765753200000,1,1.10243690,13.04000000,12.88000000,-0.0122699387,-122.6994,24.0000,-146.6994
AVAXUSDT,1765756800000,1765774800000,1,1.29883518,12.96000000,13.21000000,0.0192901235,192.9012,24.0000,168.9012
AVAXUSDT,1765778400000,1765796400000,1,1.16039758,13.26000000,13.22000000,-0.0030165913,-30.1659,24.0000,-54.1659
AVAXUSDT,1765814400000,1765832400000,1,1.00408749,12.44000000,12.36000000,-0.0064308682,-64.3087,24.0000,-88.3087
AVAXUSDT,1765879200000,1765897200000,1,1.17987521,12.33000000,12.35000000,0.0016220600,16.2206,24.0000,-7.7794
AVAXUSDT,1765897200000,1765915200000,1,1.16572555,12.35000000,12.31000000,-0.0032388664,-32.3887,24.0000,-56.3887
AVAXUSDT,1765980000000,1765998000000,1,1.23614865,12.46000000,11.89000000,-0.0457463884,-457.4639,24.0000,-481.4639
AVAXUSDT,1765998000000,1766016000000,1,1.14365136,11.89000000,11.82000000,-0.0058873003,-58.8730,24.0000,-82.8730
AVAXUSDT,1766113200000,1766131200000,1,1.13880388,11.73000000,11.96000000,0.0196078431,196.0784,24.0000,172.0784
AVAXUSDT,1766437200000,1766455200000,1,1.10965613,12.34000000,12.39000000,0.0040518639,40.5186,24.0000,16.5186
AVAXUSDT,1766588400000,1766606400000,1,1.00666490,12.00000000,12.05000000,0.0041666667,41.6667,24.0000,17.6667
AVAXUSDT,1767290400000,1767308400000,1,1.03543088,12.94000000,13.59000000,0.0502318393,502.3184,24.0000,478.3184
AVAXUSDT,1768446000000,1768464000000,-1,-1.18822529,14.15000000,14.43000000,-0.0197879859,-197.8799,24.0000,-221.8799
AVAXUSDT,1768485600000,1768503600000,-1,-1.16166517,14.19000000,13.75000000,0.0310077519,310.0775,24.0000,286.0775
AVAXUSDT,1768575600000,1768593600000,-1,-1.30453964,13.41000000,13.58000000,-0.0126771066,-126.7711,24.0000,-150.7711
AVAXUSDT,1769529600000,1769547600000,1,1.05404039,11.89000000,12.03000000,0.0117746005,117.7460,24.0000,93.7460
AVAXUSDT,1770012000000,1770030000000,1,1.02497011,9.82000000,9.99000000,0.0173116090,173.1161,24.0000,149.1161
AVAXUSDT,1770130800000,1770148800000,1,1.05560320,10.15000000,10.21000000,0.0059113300,59.1133,24.0000,35.1133
AVAXUSDT,1772524800000,1772542800000,-1,-1.05589723,9.00000000,8.97000000,0.0033333333,33.3333,24.0000,9.3333
AVAXUSDT,1772596800000,1772614800000,-1,-1.14038244,9.11000000,9.39000000,-0.0307354555,-307.3546,24.0000,-331.3546
AVAXUSDT,1772618400000,1772636400000,-1,-1.10308906,9.34000000,9.72000000,-0.0406852248,-406.8522,24.0000,-430.8522
AVAXUSDT,1772640000000,1772658000000,-1,-1.22137453,9.57000000,9.55000000,0.0020898642,20.8986,24.0000,-3.1014
AVAXUSDT,1772658000000,1772676000000,-1,-1.06272995,9.55000000,9.48000000,0.0073298429,73.2984,24.0000,49.2984
AVAXUSDT,1772722800000,1772740800000,-1,-1.39828258,9.41000000,9.47000000,-0.0063761955,-63.7620,24.0000,-87.7620
AVAXUSDT,1772787600000,1772805600000,-1,-1.62471021,9.32000000,8.96000000,0.0386266094,386.2661,24.0000,362.2661
AVAXUSDT,1772805600000,1772823600000,-1,-1.69415209,8.96000000,8.96000000,-0.0000000000,-0.0000,24.0000,-24.0000
AVAXUSDT,1772830800000,1772848800000,-1,-1.25153405,9.04000000,9.05000000,-0.0011061947,-11.0619,24.0000,-35.0619
AVAXUSDT,1772910000000,1772928000000,-1,-1.21957667,8.89000000,8.89000000,-0.0000000000,-0.0000,24.0000,-24.0000
AVAXUSDT,1772935200000,1772953200000,-1,-1.07520679,8.83000000,8.89000000,-0.0067950170,-67.9502,24.0000,-91.9502
AVAXUSDT,1773165600000,1773183600000,-1,-1.13266880,9.63000000,9.53000000,0.0103842160,103.8422,24.0000,79.8422
AVAXUSDT,1773230400000,1773248400000,-1,-1.00903912,9.60000000,9.68000000,-0.0083333333,-83.3333,24.0000,-107.3333
AVAXUSDT,1773280800000,1773298800000,-1,-1.07765580,9.45000000,9.59000000,-0.0148148148,-148.1481,24.0000,-172.1481
AVAXUSDT,1773320400000,1773338400000,-1,-1.09320152,9.57000000,9.54000000,0.0031347962,31.3480,24.0000,7.3480
AVAXUSDT,1773367200000,1773385200000,-1,-1.36880905,9.89000000,9.85000000,0.0040444894,40.4449,24.0000,16.4449
AVAXUSDT,1773388800000,1773406800000,-1,-1.24951557,9.85000000,10.22000000,-0.0375634518,-375.6345,24.0000,-399.6345
AVAXUSDT,1773406800000,1773424800000,-1,-1.00392240,10.22000000,9.79000000,0.0420743640,420.7436,24.0000,396.7436
AVAXUSDT,1773482400000,1773500400000,-1,-1.12030435,9.55000000,9.56000000,-0.0010471204,-10.4712,24.0000,-34.4712
AVAXUSDT,1773532800000,1773550800000,-1,-1.10244398,9.69000000,9.71000000,-0.0020639835,-20.6398,24.0000,-44.6398
AVAXUSDT,1773579600000,1773597600000,-1,-1.24831854,9.76000000,9.69000000,0.0071721311,71.7213,24.0000,47.7213
AVAXUSDT,1773615600000,1773633600000,-1,-1.05021630,9.95000000,10.43000000,-0.0482412060,-482.4121,24.0000,-506.4121
AVAXUSDT,1773640800000,1773658800000,-1,-1.05329218,10.41000000,10.22000000,0.0182516811,182.5168,24.0000,158.5168
AVAXUSDT,1773705600000,1773723600000,-1,-1.17945997,10.50000000,10.28000000,0.0209523810,209.5238,24.0000,185.5238
AVAXUSDT,1773741600000,1773759600000,-1,-1.16323498,10.26000000,10.27000000,-0.0009746589,-9.7466,24.0000,-33.7466
AVAXUSDT,1773759600000,1773777600000,-1,-1.17748708,10.27000000,10.28000000,-0.0009737098,-9.7371,24.0000,-33.7371
AVAXUSDT,1773831600000,1773849600000,-1,-1.37681114,9.98000000,9.54000000,0.0440881764,440.8818,24.0000,416.8818
AVAXUSDT,1774134000000,1774152000000,-1,-1.08181288,9.21000000,9.30000000,-0.0097719870,-97.7199,24.0000,-121.7199
AVAXUSDT,1780066800000,1780084800000,1,1.02498775,8.92500000,8.81500000,-0.0123249300,-123.2493,24.0000,-147.2493
AVAXUSDT,1782306000000,1782324000000,-1,-1.14562819,6.30800000,6.09800000,0.0332910590,332.9106,24.0000,308.9106
AVAXUSDT,1782392400000,1782410400000,-1,-1.11948376,5.97900000,6.14000000,-0.0269275799,-269.2758,24.0000,-293.2758
XRPUSDT,1641675600000,1641693600000,1,1.12411999,0.75320000,0.75560000,0.0031864047,31.8640,24.0000,7.8640
XRPUSDT,1641830400000,1641848400000,1,1.00593614,0.74060000,0.73480000,-0.0078314880,-78.3149,24.0000,-102.3149
XRPUSDT,1643587200000,1643605200000,-1,-1.16015661,0.58680000,0.58550000,0.0022154056,22.1541,24.0000,-1.8459
XRPUSDT,1644278400000,1644296400000,-1,-1.12990736,0.82540000,0.89810000,-0.0880785074,-880.7851,24.0000,-904.7851
XRPUSDT,1644300000000,1644318000000,-1,-1.13145661,0.88990000,0.85920000,0.0344982582,344.9826,24.0000,320.9826
XRPUSDT,1644318000000,1644336000000,-1,-1.01917956,0.85920000,0.81100000,0.0560986965,560.9870,24.0000,536.9870
XRPUSDT,1644372000000,1644390000000,-1,-1.19830084,0.85380000,0.86090000,-0.0083157648,-83.1576,24.0000,-107.1576
XRPUSDT,1644433200000,1644451200000,-1,-1.04885766,0.89150000,0.87430000,0.0192933259,192.9333,24.0000,168.9333
XRPUSDT,1644498000000,1644516000000,-1,-1.11188737,0.85250000,0.86260000,-0.0118475073,-118.4751,24.0000,-142.4751
XRPUSDT,1644699600000,1644717600000,-1,-1.07282309,0.81210000,0.82420000,-0.0148996429,-148.9964,24.0000,-172.9964
XRPUSDT,1646179200000,1646197200000,-1,-1.06982325,0.77510000,0.77430000,0.0010321249,10.3212,24.0000,-13.6788
XRPUSDT,1646222400000,1646240400000,-1,-1.00626597,0.77140000,0.76220000,0.0119263676,119.2637,24.0000,95.2637
XRPUSDT,1646319600000,1646337600000,-1,-1.19056210,0.74940000,0.74490000,0.0060048038,60.0480,24.0000,36.0480
XRPUSDT,1646352000000,1646370000000,-1,-1.05675260,0.73180000,0.73590000,-0.0056026237,-56.0262,24.0000,-80.0262
XRPUSDT,1647208800000,1647226800000,-1,-1.11340320,0.75980000,0.76140000,-0.0021058173,-21.0582,24.0000,-45.0582
XRPUSDT,1649854800000,1649872800000,1,1.10329483,0.71690000,0.72170000,0.0066954945,66.9549,24.0000,42.9549
XRPUSDT,1652274000000,1652292000000,1,1.21610796,0.47340000,0.42250000,-0.1075200676,-1075.2007,24.0000,-1099.2007
XRPUSDT,1652302800000,1652320800000,1,1.09803437,0.40820000,0.39350000,-0.0360117589,-360.1176,24.0000,-384.1176
XRPUSDT,1652410800000,1652428800000,1,1.08844393,0.44530000,0.44340000,-0.0042667864,-42.6679,24.0000,-66.6679
XRPUSDT,1657206000000,1657224000000,-1,-1.01958416,0.33410000,0.34050000,-0.0191559413,-191.5594,24.0000,-215.5594
XRPUSDT,1657224000000,1657242000000,-1,-1.07054047,0.34050000,0.35420000,-0.0402349486,-402.3495,24.0000,-426.3495
XRPUSDT,1657256400000,1657274400000,-1,-1.02359896,0.35210000,0.34200000,0.0286850327,286.8503,24.0000,262.8503
XRPUSDT,1657274400000,1657292400000,-1,-1.07278704,0.34200000,0.34230000,-0.0008771930,-8.7719,24.0000,-32.7719
XRPUSDT,1657411200000,1657429200000,-1,-1.15995959,0.34170000,0.33940000,0.0067310506,67.3105,24.0000,43.3105
XRPUSDT,1657458000000,1657476000000,-1,-1.15333128,0.33560000,0.32720000,0.0250297974,250.2980,24.0000,226.2980
XRPUSDT,1657483200000,1657501200000,-1,-1.00295789,0.32670000,0.32610000,0.0018365473,18.3655,24.0000,-5.6345
XRPUSDT,1658300400000,1658318400000,-1,-1.08992699,0.37330000,0.37440000,-0.0029466917,-29.4669,24.0000,-53.4669
XRPUSDT,1658332800000,1658350800000,-1,-1.06792755,0.36870000,0.36600000,0.0073230269,73.2303,24.0000,49.2303
XRPUSDT,1663462800000,1663480800000,-1,-1.13729601,0.36690000,0.37170000,-0.0130825838,-130.8258,24.0000,-154.8258
XRPUSDT,1663491600000,1663509600000,-1,-1.15086807,0.38020000,0.37850000,0.0044713309,44.7133,24.0000,20.7133
XRPUSDT,1663534800000,1663552800000,-1,-1.33883997,0.37730000,0.34180000,0.0940895839,940.8958,24.0000,916.8958
XRPUSDT,1663552800000,1663570800000,-1,-1.19477863,0.34180000,0.34980000,-0.0234055003,-234.0550,24.0000,-258.0550
XRPUSDT,1663740000000,1663758000000,-1,-1.09345693,0.39410000,0.40550000,-0.0289266684,-289.2667,24.0000,-313.2667
XRPUSDT,1663772400000,1663790400000,-1,-1.03118171,0.39410000,0.40730000,-0.0334940370,-334.9404,24.0000,-358.9404
XRPUSDT,1663794000000,1663812000000,-1,-1.14430498,0.39040000,0.40150000,-0.0284323770,-284.3238,24.0000,-308.3238
XRPUSDT,1663916400000,1663934400000,-1,-1.03628067,0.51760000,0.48860000,0.0560278207,560.2782,24.0000,536.2782
XRPUSDT,1664028000000,1664046000000,-1,-1.10877701,0.47450000,0.49800000,-0.0495258166,-495.2582,24.0000,-519.2582
XRPUSDT,1664053200000,1664071200000,-1,-1.01993756,0.49460000,0.48010000,0.0293166195,293.1662,24.0000,269.1662
XRPUSDT,1664110800000,1664128800000,-1,-1.30693122,0.49300000,0.50170000,-0.0176470588,-176.4706,24.0000,-200.4706
XRPUSDT,1664143200000,1664161200000,-1,-1.02626174,0.49140000,0.48230000,0.0185185185,185.1852,24.0000,161.1852
XRPUSDT,1664168400000,1664186400000,-1,-1.21697055,0.46750000,0.46820000,-0.0014973262,-14.9733,24.0000,-38.9733
XRPUSDT,1664190000000,1664208000000,-1,-1.04974685,0.46350000,0.46940000,-0.0127292341,-127.2923,24.0000,-151.2923
XRPUSDT,1664276400000,1664294400000,-1,-1.01142623,0.46930000,0.44520000,0.0513530791,513.5308,24.0000,489.5308
XRPUSDT,1664294400000,1664312400000,-1,-1.33810347,0.44520000,0.44690000,-0.0038185085,-38.1851,24.0000,-62.1851
XRPUSDT,1664704800000,1664722800000,-1,-1.10970614,0.45740000,0.45860000,-0.0026235243,-26.2352,24.0000,-50.2352
XRPUSDT,1665273600000,1665291600000,-1,-1.13720242,0.50820000,0.51320000,-0.0098386462,-98.3865,24.0000,-122.3865
XRPUSDT,1665388800000,1665406800000,-1,-1.05733352,0.51440000,0.51800000,-0.0069984448,-69.9844,24.0000,-93.9844
XRPUSDT,1665439200000,1665457200000,-1,-1.18849100,0.49890000,0.49310000,0.0116255763,116.2558,24.0000,92.2558
XRPUSDT,1666544400000,1666562400000,1,1.01618962,0.46400000,0.46880000,0.0103448276,103.4483,24.0000,79.4483
XRPUSDT,1668038400000,1668056400000,1,1.36363611,0.34800000,0.37080000,0.0655172414,655.1724,24.0000,631.1724
XRPUSDT,1668056400000,1668074400000,1,1.26376570,0.37080000,0.35700000,-0.0372168285,-372.1683,24.0000,-396.1683
XRPUSDT,1668081600000,1668099600000,1,1.17352067,0.36620000,0.37720000,0.0300382305,300.3823,24.0000,276.3823
XRPUSDT,1668175200000,1668193200000,1,1.15263567,0.37700000,0.37490000,-0.0055702918,-55.7029,24.0000,-79.7029
XRPUSDT,1668384000000,1668402000000,1,1.12554961,0.34530000,0.32480000,-0.0593686649,-593.6866,24.0000,-617.6866
XRPUSDT,1668405600000,1668423600000,1,1.37513443,0.34260000,0.35000000,0.0215995330,215.9953,24.0000,191.9953
XRPUSDT,1668427200000,1668445200000,1,1.00410138,0.35480000,0.34300000,-0.0332581736,-332.5817,24.0000,-356.5817
XRPUSDT,1668452400000,1668470400000,1,1.04071131,0.35210000,0.37530000,0.0658903721,658.9037,24.0000,634.9037
XRPUSDT,1678251600000,1678269600000,-1,-1.25679534,0.37270000,0.38460000,-0.0319291655,-319.2917,24.0000,-343.2917
XRPUSDT,1678284000000,1678302000000,-1,-1.05662304,0.39090000,0.39580000,-0.0125351752,-125.3518,24.0000,-149.3518
XRPUSDT,1678312800000,1678330800000,-1,-1.05405816,0.38710000,0.38870000,-0.0041332989,-41.3330,24.0000,-65.3330
XRPUSDT,1678377600000,1678395600000,-1,-1.19156838,0.38780000,0.36770000,0.0518308406,518.3084,24.0000,494.3084
XRPUSDT,1679511600000,1679529600000,-1,-1.04974371,0.41160000,0.41990000,-0.0201652089,-201.6521,24.0000,-225.6521
XRPUSDT,1681430400000,1681448400000,1,1.01853669,0.51810000,0.53250000,0.0277938622,277.9386,24.0000,253.9386
XRPUSDT,1681448400000,1681466400000,1,1.12253111,0.53250000,0.53400000,0.0028169014,28.1690,24.0000,4.1690
XRPUSDT,1682172000000,1682190000000,1,1.25434422,0.47270000,0.46930000,-0.0071927227,-71.9272,24.0000,-95.9272
XRPUSDT,1682276400000,1682294400000,1,1.03997579,0.46050000,0.48170000,0.0460369164,460.3692,24.0000,436.3692
XRPUSDT,1682294400000,1682312400000,1,1.12483951,0.48170000,0.47160000,-0.0209674071,-209.6741,24.0000,-233.6741
XRPUSDT,1682510400000,1682528400000,1,1.11440567,0.48220000,0.47640000,-0.0120282041,-120.2820,24.0000,-144.2820
XRPUSDT,1683720000000,1683738000000,1,1.15929024,0.43140000,0.42230000,-0.0210941122,-210.9411,24.0000,-234.9411
XRPUSDT,1683745200000,1683763200000,1,1.12864547,0.42980000,0.42680000,-0.0069799907,-69.7999,24.0000,-93.7999
XRPUSDT,1683864000000,1683882000000,1,1.14016709,0.43810000,0.42790000,-0.0232823556,-232.8236,24.0000,-256.8236
XRPUSDT,1684897200000,1684915200000,-1,-1.00314105,0.45790000,0.45480000,0.0067700371,67.7004,24.0000,43.7004
XRPUSDT,1685192400000,1685210400000,-1,-1.04465816,0.46930000,0.47000000,-0.0014915832,-14.9158,24.0000,-38.9158
XRPUSDT,1685329200000,1685347200000,-1,-1.04625276,0.48100000,0.47980000,0.0024948025,24.9480,24.0000,0.9480
XRPUSDT,1685372400000,1685390400000,-1,-1.00486362,0.47900000,0.48870000,-0.0202505219,-202.5052,24.0000,-226.5052
XRPUSDT,1685408400000,1685426400000,-1,-1.04975355,0.49090000,0.50010000,-0.0187410878,-187.4109,24.0000,-211.4109
XRPUSDT,1685448000000,1685466000000,-1,-1.01434642,0.49980000,0.52410000,-0.0486194478,-486.1945,24.0000,-510.1945
XRPUSDT,1685505600000,1685523600000,-1,-1.23649359,0.51820000,0.50680000,0.0219992281,219.9923,24.0000,195.9923
XRPUSDT,1685574000000,1685592000000,-1,-1.01801072,0.51660000,0.50690000,0.0187766163,187.7662,24.0000,163.7662
XRPUSDT,1685599200000,1685617200000,-1,-1.11392734,0.50340000,0.50530000,-0.0037743345,-37.7433,24.0000,-61.7433
XRPUSDT,1685977200000,1685995200000,-1,-1.03811162,0.50430000,0.50650000,-0.0043624826,-43.6248,24.0000,-67.6248
XRPUSDT,1686916800000,1686934800000,1,1.01054897,0.46570000,0.47040000,0.0100923341,100.9233,24.0000,76.9233
XRPUSDT,1686934800000,1686952800000,1,1.11666828,0.47040000,0.47340000,0.0063775510,63.7755,24.0000,39.7755
XRPUSDT,1687078800000,1687096800000,1,1.12599675,0.48840000,0.49170000,0.0067567568,67.5676,24.0000,43.5676
XRPUSDT,1687096800000,1687114800000,1,1.01282189,0.49170000,0.49520000,0.0071181615,71.1816,24.0000,47.1816
XRPUSDT,1689260400000,1689278400000,1,1.03365164,0.59050000,0.81150000,0.3742591025,3742.5910,24.0000,3718.5910
XRPUSDT,1692457200000,1692475200000,1,1.67783859,0.52180000,0.51640000,-0.0103487926,-103.4879,24.0000,-127.4879
XRPUSDT,1692475200000,1692493200000,1,1.05320759,0.51640000,0.52000000,0.0069713400,69.7134,24.0000,45.7134
XRPUSDT,1692514800000,1692532800000,1,1.21529139,0.52830000,0.54610000,0.0336929775,336.9298,24.0000,312.9298
XRPUSDT,1693756800000,1693774800000,1,1.13349143,0.50760000,0.50430000,-0.0065011820,-65.0118,24.0000,-89.0118
XRPUSDT,1695596400000,1695614400000,-1,-1.02142314,0.50210000,0.50270000,-0.0011949811,-11.9498,24.0000,-35.9498
XRPUSDT,1696269600000,1696287600000,-1,-1.09355395,0.51180000,0.51230000,-0.0009769441,-9.7694,24.0000,-33.7694
XRPUSDT,1696377600000,1696395600000,-1,-1.24336325,0.52670000,0.52970000,-0.0056958420,-56.9584,24.0000,-80.9584
XRPUSDT,1696446000000,1696464000000,-1,-1.07380531,0.52990000,0.53030000,-0.0007548594,-7.5486,24.0000,-31.5486
XRPUSDT,1697940000000,1697958000000,-1,-1.07817338,0.51790000,0.51640000,0.0028963120,28.9631,24.0000,4.9631
XRPUSDT,1697958000000,1697976000000,-1,-1.19997182,0.51640000,0.51650000,-0.0001936483,-1.9365,24.0000,-25.9365
XRPUSDT,1698116400000,1698134400000,-1,-1.08122840,0.54490000,0.54590000,-0.0018351991,-18.3520,24.0000,-42.3520
XRPUSDT,1698159600000,1698177600000,-1,-1.13252642,0.55390000,0.55760000,-0.0066799061,-66.7991,24.0000,-90.7991
XRPUSDT,1698249600000,1698267600000,-1,-1.02147779,0.55080000,0.55390000,-0.0056281772,-56.2818,24.0000,-80.2818
XRPUSDT,1698296400000,1698314400000,-1,-1.04371786,0.55080000,0.55950000,-0.0157952070,-157.9521,24.0000,-181.9521
XRPUSDT,1698318000000,1698336000000,-1,-1.04920122,0.55610000,0.54810000,0.0143859018,143.8590,24.0000,119.8590
XRPUSDT,1698368400000,1698386400000,-1,-1.08343304,0.54960000,0.55070000,-0.0020014556,-20.0146,24.0000,-44.0146
XRPUSDT,1698390000000,1698408000000,-1,-1.11076726,0.54530000,0.55300000,-0.0141206675,-141.2067,24.0000,-165.2067
XRPUSDT,1698415200000,1698433200000,-1,-1.03613054,0.54940000,0.54520000,0.0076447033,76.4470,24.0000,52.4470
XRPUSDT,1702108800000,1702126800000,-1,-1.06820181,0.67950000,0.68780000,-0.0122148639,-122.1486,24.0000,-146.1486
XRPUSDT,1704672000000,1704690000000,1,1.00843265,0.57770000,0.55850000,-0.0332352432,-332.3524,24.0000,-356.3524
XRPUSDT,1705219200000,1705237200000,1,1.03877720,0.57790000,0.57680000,-0.0019034435,-19.0344,24.0000,-43.0344
XRPUSDT,1705251600000,1705269600000,1,1.17741411,0.58250000,0.58540000,0.0049785408,49.7854,24.0000,25.7854
XRPUSDT,1705276800000,1705294800000,1,1.19981026,0.58470000,0.58290000,-0.0030785018,-30.7850,24.0000,-54.7850
XRPUSDT,1705338000000,1705356000000,1,1.11386364,0.57840000,0.57830000,-0.0001728907,-1.7289,24.0000,-25.7289
XRPUSDT,1705388400000,1705406400000,1,1.01063057,0.57660000,0.57690000,0.0005202914,5.2029,24.0000,-18.7971
XRPUSDT,1705417200000,1705435200000,1,1.07657107,0.57570000,0.57800000,0.0039951364,39.9514,24.0000,15.9514
XRPUSDT,1707901200000,1707919200000,-1,-1.21040198,0.53170000,0.53410000,-0.0045138236,-45.1382,24.0000,-69.1382
XRPUSDT,1707919200000,1707937200000,-1,-1.45346686,0.53410000,0.53850000,-0.0082381576,-82.3816,24.0000,-106.3816
XRPUSDT,1707948000000,1707966000000,-1,-1.39883308,0.53920000,0.55270000,-0.0250370920,-250.3709,24.0000,-274.3709
XRPUSDT,1707973200000,1707991200000,-1,-1.18059743,0.54480000,0.55300000,-0.0150513950,-150.5140,24.0000,-174.5140
XRPUSDT,1708009200000,1708027200000,-1,-1.06777025,0.54660000,0.56000000,-0.0245151848,-245.1518,24.0000,-269.1518
XRPUSDT,1708048800000,1708066800000,-1,-1.21305554,0.57370000,0.56590000,0.0135959561,135.9596,24.0000,111.9596
XRPUSDT,1708066800000,1708084800000,-1,-1.48348103,0.56590000,0.57310000,-0.0127230960,-127.2310,24.0000,-151.2310
XRPUSDT,1708092000000,1708110000000,-1,-1.72987633,0.55880000,0.56110000,-0.0041159628,-41.1596,24.0000,-65.1596
XRPUSDT,1708164000000,1708182000000,-1,-1.25549556,0.55340000,0.54630000,0.0128297795,128.2978,24.0000,104.2978
XRPUSDT,1708214400000,1708232400000,-1,-1.00348538,0.55120000,0.55650000,-0.0096153846,-96.1538,24.0000,-120.1538
XRPUSDT,1708239600000,1708257600000,-1,-1.05296586,0.55500000,0.55420000,0.0014414414,14.4144,24.0000,-9.5856
XRPUSDT,1708293600000,1708311600000,-1,-1.02049556,0.56010000,0.55950000,0.0010712373,10.7124,24.0000,-13.2876
XRPUSDT,1708311600000,1708329600000,-1,-1.00856564,0.55950000,0.55810000,0.0025022341,25.0223,24.0000,1.0223
XRPUSDT,1708329600000,1708347600000,-1,-1.16343346,0.55810000,0.55870000,-0.0010750762,-10.7508,24.0000,-34.7508
XRPUSDT,1708383600000,1708401600000,-1,-1.04163854,0.56260000,0.56930000,-0.0119089940,-119.0899,24.0000,-143.0899
XRPUSDT,1708401600000,1708419600000,-1,-1.21621593,0.56930000,0.56150000,0.0137010364,137.0104,24.0000,113.0104
XRPUSDT,1708419600000,1708437600000,-1,-1.45332835,0.56150000,0.56460000,-0.0055209261,-55.2093,24.0000,-79.2093
XRPUSDT,1708437600000,1708455600000,-1,-1.64540652,0.56460000,0.56060000,0.0070846617,70.8466,24.0000,46.8466
XRPUSDT,1708495200000,1708513200000,-1,-1.30197588,0.54970000,0.53890000,0.0196470802,196.4708,24.0000,172.4708
XRPUSDT,1708516800000,1708534800000,-1,-1.08859137,0.54250000,0.53970000,0.0051612903,51.6129,24.0000,27.6129
XRPUSDT,1708675200000,1708693200000,-1,-1.03028044,0.53220000,0.53590000,-0.0069522736,-69.5227,24.0000,-93.5227
XRPUSDT,1708700400000,1708718400000,-1,-1.03158169,0.53180000,0.54070000,-0.0167356149,-167.3561,24.0000,-191.3561
XRPUSDT,1708912800000,1708930800000,-1,-1.00342625,0.53900000,0.53710000,0.0035250464,35.2505,24.0000,11.2505
XRPUSDT,1708930800000,1708948800000,-1,-1.01306143,0.53710000,0.53230000,0.0089368833,89.3688,24.0000,65.3688
XRPUSDT,1709002800000,1709020800000,-1,-1.10994407,0.55280000,0.55400000,-0.0021707670,-21.7077,24.0000,-45.7077
XRPUSDT,1709028000000,1709046000000,-1,-1.03321401,0.55960000,0.56110000,-0.0026804861,-26.8049,24.0000,-50.8049
XRPUSDT,1709064000000,1709082000000,-1,-1.25645802,0.58090000,0.58180000,-0.0015493200,-15.4932,24.0000,-39.4932
XRPUSDT,1709107200000,1709125200000,-1,-1.03564453,0.58840000,0.58730000,0.0018694765,18.6948,24.0000,-5.3052
XRPUSDT,1709125200000,1709143200000,-1,-1.08603662,0.58730000,0.56700000,0.0345649583,345.6496,24.0000,321.6496
XRPUSDT,1709143200000,1709161200000,-1,-1.22822931,0.56700000,0.57500000,-0.0141093474,-141.0935,24.0000,-165.0935
XRPUSDT,1709190000000,1709208000000,-1,-1.09936879,0.59370000,0.59530000,-0.0026949638,-26.9496,24.0000,-50.9496
XRPUSDT,1709215200000,1709233200000,-1,-1.00835450,0.60200000,0.60960000,-0.0126245847,-126.2458,24.0000,-150.2458
XRPUSDT,1709240400000,1709258400000,-1,-1.15374324,0.59450000,0.59140000,0.0052144659,52.1447,24.0000,28.1447
XRPUSDT,1709301600000,1709319600000,-1,-1.08658908,0.59310000,0.59560000,-0.0042151408,-42.1514,24.0000,-66.1514
XRPUSDT,1709355600000,1709373600000,-1,-1.00551056,0.62460000,0.63200000,-0.0118475825,-118.4758,24.0000,-142.4758
XRPUSDT,1709424000000,1709442000000,-1,-1.29959300,0.63300000,0.63310000,-0.0001579779,-1.5798,24.0000,-25.5798
XRPUSDT,1709449200000,1709467200000,-1,-1.38243017,0.61050000,0.62500000,-0.0237510238,-237.5102,24.0000,-261.5102
XRPUSDT,1709467200000,1709485200000,-1,-1.00017744,0.62500000,0.62230000,0.0043200000,43.2000,24.0000,19.2000
XRPUSDT,1709568000000,1709586000000,-1,-1.02476475,0.64890000,0.65050000,-0.0024657112,-24.6571,24.0000,-48.6571
XRPUSDT,1709665200000,1709683200000,-1,-1.28361160,0.56740000,0.58990000,-0.0396545647,-396.5456,24.0000,-420.5456
XRPUSDT,1712235600000,1712253600000,1,1.02431795,0.59610000,0.59790000,0.0030196276,30.1963,24.0000,6.1963
XRPUSDT,1717700400000,1717718400000,-1,-1.03826983,0.52000000,0.52130000,-0.0025000000,-25.0000,24.0000,-49.0000
XRPUSDT,1717761600000,1717779600000,-1,-1.01131263,0.52550000,0.51320000,0.0234062797,234.0628,24.0000,210.0628
XRPUSDT,1717779600000,1717797600000,-1,-1.26233000,0.51320000,0.50080000,0.0241621200,241.6212,24.0000,217.6212
XRPUSDT,1720281600000,1720299600000,1,1.47318891,0.44550000,0.44780000,0.0051627385,51.6274,24.0000,27.6274
XRPUSDT,1720364400000,1720382400000,1,1.03268047,0.42720000,0.42940000,0.0051498127,51.4981,24.0000,27.4981
XRPUSDT,1720404000000,1720422000000,1,1.17571355,0.41490000,0.42270000,0.0187997108,187.9971,24.0000,163.9971
XRPUSDT,1720422000000,1720440000000,1,1.04716872,0.42270000,0.44150000,0.0444759877,444.7599,24.0000,420.7599
XRPUSDT,1720584000000,1720602000000,1,1.10060503,0.44050000,0.43990000,-0.0013620885,-13.6209,24.0000,-37.6209
XRPUSDT,1721278800000,1721296800000,-1,-1.02533491,0.58450000,0.57590000,0.0147134303,147.1343,24.0000,123.1343
XRPUSDT,1721347200000,1721365200000,-1,-1.02852927,0.55180000,0.55520000,-0.0061616528,-61.6165,24.0000,-85.6165
XRPUSDT,1723057200000,1723075200000,1,1.06089329,0.53350000,0.58440000,0.0954076851,954.0769,24.0000,930.0769
XRPUSDT,1724504400000,1724522400000,1,1.03213170,0.62630000,0.61970000,-0.0105380808,-105.3808,24.0000,-129.3808
XRPUSDT,1725778800000,1725796800000,1,1.01678337,0.52940000,0.52550000,-0.0073668304,-73.6683,24.0000,-97.6683
XRPUSDT,1725800400000,1725818400000,1,1.05639231,0.52730000,0.52640000,-0.0017068083,-17.0681,24.0000,-41.0681
XRPUSDT,1725829200000,1725847200000,1,1.00531047,0.52630000,0.53020000,0.0074102223,74.1022,24.0000,50.1022
XRPUSDT,1729162800000,1729180800000,-1,-1.03018622,0.55250000,0.55080000,0.0030769231,30.7692,24.0000,6.7692
XRPUSDT,1729188000000,1729206000000,-1,-1.03983882,0.54300000,0.54410000,-0.0020257827,-20.2578,24.0000,-44.2578
XRPUSDT,1731301200000,1731319200000,-1,-1.55047564,0.57440000,0.58670000,-0.0214136490,-214.1365,24.0000,-238.1365
XRPUSDT,1731337200000,1731355200000,-1,-1.13235569,0.59040000,0.61880000,-0.0481029810,-481.0298,24.0000,-505.0298
XRPUSDT,1731358800000,1731376800000,-1,-1.35512203,0.61430000,0.60410000,0.0166042650,166.0427,24.0000,142.0427
XRPUSDT,1731402000000,1731420000000,-1,-1.21436041,0.64700000,0.66670000,-0.0304482226,-304.4822,24.0000,-328.4822
XRPUSDT,1731456000000,1731474000000,-1,-1.45426035,0.70580000,0.64680000,0.0835930859,835.9309,24.0000,811.9309
XRPUSDT,1731502800000,1731520800000,-1,-1.28952250,0.69980000,0.70610000,-0.0090025722,-90.0257,24.0000,-114.0257
XRPUSDT,1731643200000,1731661200000,-1,-1.11371559,0.80390000,0.81210000,-0.0102002737,-102.0027,24.0000,-126.0027
XRPUSDT,1731682800000,1731700800000,-1,-1.24186320,0.86590000,0.87220000,-0.0072756669,-72.7567,24.0000,-96.7567
XRPUSDT,1731769200000,1731787200000,-1,-1.00996483,1.10960000,1.16580000,-0.0506488825,-506.4888,24.0000,-530.4888
XRPUSDT,1732323600000,1732341600000,-1,-1.11360202,1.59030000,1.55050000,0.0250267245,250.2672,24.0000,226.2672
XRPUSDT,1732374000000,1732392000000,-1,-1.15079011,1.55570000,1.46360000,0.0592016456,592.0165,24.0000,568.0165
XRPUSDT,1732446000000,1732464000000,-1,-1.20840801,1.38330000,1.35200000,0.0226270513,226.2705,24.0000,202.2705
XRPUSDT,1733230800000,1733248800000,-1,-1.12362641,2.43520000,2.54590000,-0.0454582786,-454.5828,24.0000,-478.5828
XRPUSDT,1738454400000,1738472400000,1,1.02399524,2.92900000,2.89920000,-0.0101741209,-101.7412,24.0000,-125.7412
XRPUSDT,1738501200000,1738519200000,1,1.01633180,2.82040000,2.53840000,-0.0999858176,-999.8582,24.0000,-1023.8582
XRPUSDT,1738522800000,1738540800000,1,1.02969956,2.66870000,2.39370000,-0.1030464271,-1030.4643,24.0000,-1054.4643
XRPUSDT,1741222800000,1741240800000,1,1.02393096,2.51490000,2.50210000,-0.0050896656,-50.8967,24.0000,-74.8967
XRPUSDT,1741248000000,1741266000000,1,1.10400355,2.56540000,2.59120000,0.0100569112,100.5691,24.0000,76.5691
XRPUSDT,1741273200000,1741291200000,1,1.02705825,2.62220000,2.59760000,-0.0093814354,-93.8144,24.0000,-117.8144
XRPUSDT,1743969600000,1743987600000,-1,-1.01198778,1.94920000,1.93370000,0.0079519803,79.5198,24.0000,55.5198
XRPUSDT,1744462800000,1744480800000,1,1.28090812,2.15200000,2.14990000,-0.0009758364,-9.7584,24.0000,-33.7584
XRPUSDT,1749290400000,1749308400000,1,1.10926470,2.18760000,2.18290000,-0.0021484732,-21.4847,24.0000,-45.4847
XRPUSDT,1750856400000,1750874400000,1,1.07148642,2.22370000,2.18870000,-0.0157395332,-157.3953,24.0000,-181.3953
XRPUSDT,1751072400000,1751090400000,1,1.01052497,2.17570000,2.19250000,0.0077216528,77.2165,24.0000,53.2165
XRPUSDT,1754600400000,1754618400000,1,1.07586218,3.25000000,3.34130000,0.0280923077,280.9231,24.0000,256.9231
XRPUSDT,1755633600000,1755651600000,1,1.04693681,2.90330000,2.88520000,-0.0062342851,-62.3429,24.0000,-86.3429
XRPUSDT,1756598400000,1756616400000,1,1.04919979,2.84490000,2.83670000,-0.0028823509,-28.8235,24.0000,-52.8235
XRPUSDT,1756627200000,1756645200000,1,1.00367906,2.84430000,2.81110000,-0.0116724677,-116.7247,24.0000,-140.7247
XRPUSDT,1757253600000,1757271600000,1,1.12812910,2.88520000,2.86270000,-0.0077984195,-77.9842,24.0000,-101.9842
XRPUSDT,1760126400000,1760144400000,-1,-1.01703443,2.49400000,2.33360000,0.0643143545,643.1435,24.0000,619.1435
XRPUSDT,1765076400000,1765094400000,1,1.05170783,2.06850000,2.03050000,-0.0183708001,-183.7080,24.0000,-207.7080
XRPUSDT,1765119600000,1765137600000,1,1.17722806,2.05270000,2.08470000,0.0155892239,155.8922,24.0000,131.8922
XRPUSDT,1765555200000,1765573200000,1,1.02213923,1.98810000,2.00480000,0.0083999799,83.9998,24.0000,59.9998
XRPUSDT,1765756800000,1765774800000,1,1.08846263,1.98410000,2.00080000,0.0084169145,84.1691,24.0000,60.1691
XRPUSDT,1765789200000,1765807200000,1,1.03063508,1.99820000,1.94110000,-0.0285757181,-285.7572,24.0000,-309.7572
XRPUSDT,1765825200000,1765843200000,1,1.02469262,1.89610000,1.87910000,-0.0089657718,-89.6577,24.0000,-113.6577
XRPUSDT,1765882800000,1765900800000,1,1.11431322,1.92080000,1.92820000,0.0038525614,38.5256,24.0000,14.5256
XRPUSDT,1765976400000,1765994400000,1,1.23306620,1.92090000,1.85860000,-0.0324327138,-324.3271,24.0000,-348.3271
XRPUSDT,1765994400000,1766012400000,1,1.04826376,1.85860000,1.86270000,0.0022059615,22.0596,24.0000,-1.9404
XRPUSDT,1766109600000,1766127600000,1,1.04942630,1.79410000,1.86760000,0.0409676161,409.6762,24.0000,385.6762
XRPUSDT,1766127600000,1766145600000,1,1.03988450,1.86760000,1.88010000,0.0066930820,66.9308,24.0000,42.9308
XRPUSDT,1766160000000,1766178000000,1,1.01840030,1.88840000,1.90270000,0.0075725482,75.7255,24.0000,51.7255
XRPUSDT,1766674800000,1766692800000,1,1.00813729,1.88290000,1.86880000,-0.0074884487,-74.8845,24.0000,-98.8845
XRPUSDT,1766714400000,1766732400000,1,1.13450297,1.86950000,1.86430000,-0.0027814924,-27.8149,24.0000,-51.8149
XRPUSDT,1766876400000,1766894400000,1,1.13584276,1.87350000,1.87470000,0.0006405124,6.4051,24.0000,-17.5949
XRPUSDT,1767322800000,1767340800000,1,1.01067019,1.88860000,1.88060000,-0.0042359420,-42.3594,24.0000,-66.3594
XRPUSDT,1767344400000,1767362400000,1,1.05148282,1.89710000,1.91690000,0.0104369828,104.3698,24.0000,80.3698
XRPUSDT,1767362400000,1767380400000,1,1.09125870,1.91690000,1.99160000,0.0389691690,389.6917,24.0000,365.6917
XRPUSDT,1767387600000,1767405600000,1,1.04868108,2.01710000,2.02510000,0.0039660899,39.6609,24.0000,15.6609
XRPUSDT,1768485600000,1768503600000,-1,-1.09598388,2.09670000,2.06580000,0.0147374446,147.3744,24.0000,123.3744
XRPUSDT,1768575600000,1768593600000,-1,-1.10149385,2.03250000,2.07910000,-0.0229274293,-229.2743,24.0000,-253.2743
XRPUSDT,1768777200000,1768795200000,-1,-1.07508536,1.99140000,1.96370000,0.0139098122,139.0981,24.0000,115.0981
XRPUSDT,1769529600000,1769547600000,1,1.04301751,1.91410000,1.91220000,-0.0009926336,-9.9263,24.0000,-33.9263
XRPUSDT,1769882400000,1769900400000,1,1.00666725,1.58500000,1.64720000,0.0392429022,392.4290,24.0000,368.4290
XRPUSDT,1769904000000,1769922000000,1,1.04156445,1.66420000,1.65880000,-0.0032448023,-32.4480,24.0000,-56.4480
XRPUSDT,1770012000000,1770030000000,1,1.09834816,1.58060000,1.62160000,0.0259395166,259.3952,24.0000,235.3952
XRPUSDT,1770645600000,1770663600000,1,1.00105747,1.43090000,1.45280000,0.0153050528,153.0505,24.0000,129.0505
XRPUSDT,1772719200000,1772737200000,-1,-1.11730096,1.43740000,1.41120000,0.0182273549,182.2735,24.0000,158.2735
XRPUSDT,1772784000000,1772802000000,-1,-1.40483721,1.40500000,1.37210000,0.0234163701,234.1637,24.0000,210.1637
XRPUSDT,1772802000000,1772820000000,-1,-1.60075711,1.37210000,1.35860000,0.0098389330,98.3893,24.0000,74.3893
XRPUSDT,1772910000000,1772928000000,-1,-1.21124142,1.35040000,1.35520000,-0.0035545024,-35.5450,24.0000,-59.5450
XRPUSDT,1773324000000,1773342000000,-1,-1.03427692,1.36930000,1.37860000,-0.0067917914,-67.9179,24.0000,-91.9179
XRPUSDT,1773363600000,1773381600000,-1,-1.11213723,1.41370000,1.41330000,0.0002829455,2.8295,24.0000,-21.1705
XRPUSDT,1773381600000,1773399600000,-1,-1.40967495,1.41330000,1.42020000,-0.0048821906,-48.8219,24.0000,-72.8219
XRPUSDT,1773399600000,1773417600000,-1,-1.46656094,1.42020000,1.40980000,0.0073229123,73.2291,24.0000,49.2291
XRPUSDT,1773417600000,1773435600000,-1,-1.23219120,1.40980000,1.40090000,0.0063129522,63.1295,24.0000,39.1295
XRPUSDT,1773532800000,1773550800000,-1,-1.15882371,1.40530000,1.41410000,-0.0062620081,-62.6201,24.0000,-86.6201
XRPUSDT,1773554400000,1773572400000,-1,-1.25580081,1.41030000,1.41950000,-0.0065234347,-65.2343,24.0000,-89.2343
XRPUSDT,1773576000000,1773594000000,-1,-1.00661201,1.42370000,1.41920000,0.0031607783,31.6078,24.0000,7.6078
XRPUSDT,1773615600000,1773633600000,-1,-1.26488972,1.44870000,1.48010000,-0.0216746048,-216.7460,24.0000,-240.7460
XRPUSDT,1773633600000,1773651600000,-1,-1.00309213,1.48010000,1.47410000,0.0040537801,40.5378,24.0000,16.5378
XRPUSDT,1773662400000,1773680400000,-1,-1.08909921,1.47620000,1.51850000,-0.0286546538,-286.5465,24.0000,-310.5465
XRPUSDT,1773684000000,1773702000000,-1,-1.00229352,1.53560000,1.54300000,-0.0048189633,-48.1896,24.0000,-72.1896
XRPUSDT,1773705600000,1773723600000,-1,-1.38874021,1.54540000,1.51530000,0.0194771580,194.7716,24.0000,170.7716
XRPUSDT,1773752400000,1773770400000,-1,-1.37867445,1.50390000,1.53650000,-0.0216769732,-216.7697,24.0000,-240.7697
XRPUSDT,1773831600000,1773849600000,-1,-1.35146060,1.48950000,1.44240000,0.0316213494,316.2135,24.0000,292.2135
XRPUSDT,1773856800000,1773874800000,-1,-1.05522446,1.45240000,1.46470000,-0.0084687414,-84.6874,24.0000,-108.6874
XRPUSDT,1773921600000,1773939600000,-1,-1.07093706,1.43700000,1.43880000,-0.0012526096,-12.5261,24.0000,-36.5261
XRPUSDT,1778590800000,1778608800000,-1,-1.01160580,1.43450000,1.43620000,-0.0011850819,-11.8508,24.0000,-35.8508
XRPUSDT,1782313200000,1782331200000,-1,-1.01925679,1.05850000,1.07480000,-0.0153991497,-153.9915,24.0000,-177.9915
XRPUSDT,1782392400000,1782410400000,-1,-1.30420620,1.01560000,1.03460000,-0.0187081528,-187.0815,24.0000,-211.0815
SUIUSDT,1685977200000,1685995200000,-1,-1.03438567,0.78100000,0.81600000,-0.0448143406,-448.1434,24.0000,-472.1434
SUIUSDT,1686538800000,1686556800000,1,1.00566924,0.59500000,0.63080000,0.0601680672,601.6807,24.0000,577.6807
SUIUSDT,1686556800000,1686574800000,1,1.17359431,0.63080000,0.65890000,0.0445466075,445.4661,24.0000,421.4661
SUIUSDT,1686938400000,1686956400000,1,1.07987739,0.68040000,0.70720000,0.0393885949,393.8859,24.0000,369.8859
SUIUSDT,1689292800000,1689310800000,1,1.03862286,0.73270000,0.71620000,-0.0225194486,-225.1945,24.0000,-249.1945
SUIUSDT,1692403200000,1692421200000,1,1.19413454,0.49450000,0.49610000,0.0032355915,32.3559,24.0000,8.3559
SUIUSDT,1692424800000,1692442800000,1,1.28981516,0.50380000,0.50110000,-0.0053592696,-53.5927,24.0000,-77.5927
SUIUSDT,1692460800000,1692478800000,1,1.58988110,0.53880000,0.54240000,0.0066815145,66.8151,24.0000,42.8151
SUIUSDT,1692482400000,1692500400000,1,1.03468747,0.54420000,0.55150000,0.0134141860,134.1419,24.0000,110.1419
SUIUSDT,1697961600000,1697979600000,-1,-1.03560222,0.39630000,0.39950000,-0.0080746909,-80.7469,24.0000,-104.7469
SUIUSDT,1698217200000,1698235200000,-1,-1.10122184,0.42450000,0.43760000,-0.0308598351,-308.5984,24.0000,-332.5984
SUIUSDT,1698249600000,1698267600000,-1,-1.28212317,0.42450000,0.43370000,-0.0216725559,-216.7256,24.0000,-240.7256
SUIUSDT,1698368400000,1698386400000,-1,-1.23554141,0.43160000,0.44250000,-0.0252548656,-252.5487,24.0000,-276.5487
SUIUSDT,1698411600000,1698429600000,-1,-1.02002409,0.44470000,0.42910000,0.0350798291,350.7983,24.0000,326.7983
SUIUSDT,1698508800000,1698526800000,-1,-1.08594511,0.46500000,0.46780000,-0.0060215054,-60.2151,24.0000,-84.2151
SUIUSDT,1698537600000,1698555600000,-1,-1.05220355,0.45720000,0.45520000,0.0043744532,43.7445,24.0000,19.7445
SUIUSDT,1698620400000,1698638400000,-1,-1.03906610,0.45270000,0.45350000,-0.0017671747,-17.6717,24.0000,-41.6717
SUIUSDT,1707868800000,1707886800000,-1,-1.42960324,1.83100000,1.82840000,0.0014199891,14.1999,24.0000,-9.8001
SUIUSDT,1707894000000,1707912000000,-1,-1.08831298,1.87780000,1.92750000,-0.0264671424,-264.6714,24.0000,-288.6714
SUIUSDT,1707912000000,1707930000000,-1,-1.33689320,1.92750000,1.90150000,0.0134889754,134.8898,24.0000,110.8898
SUIUSDT,1707958800000,1707976800000,-1,-1.02012603,1.90850000,1.86980000,0.0202777050,202.7771,24.0000,178.7771
SUIUSDT,1708009200000,1708027200000,-1,-1.11392108,1.85030000,1.85290000,-0.0014051775,-14.0518,24.0000,-38.0518
SUIUSDT,1708074000000,1708092000000,-1,-1.00090356,1.80320000,1.76890000,0.0190217391,190.2174,24.0000,166.2174
SUIUSDT,1708092000000,1708110000000,-1,-1.15356235,1.76890000,1.78440000,-0.0087625078,-87.6251,24.0000,-111.6251
SUIUSDT,1708174800000,1708192800000,-1,-1.09044366,1.73240000,1.74670000,-0.0082544447,-82.5444,24.0000,-106.5444
SUIUSDT,1708218000000,1708236000000,-1,-1.01754963,1.77700000,1.74350000,0.0188519977,188.5200,24.0000,164.5200
SUIUSDT,1708236000000,1708254000000,-1,-1.20377981,1.74350000,1.78500000,-0.0238026957,-238.0270,24.0000,-262.0270
SUIUSDT,1708257600000,1708275600000,-1,-1.07924597,1.77040000,1.80510000,-0.0196000904,-196.0009,24.0000,-220.0009
SUIUSDT,1708329600000,1708347600000,-1,-1.13153139,1.79390000,1.77150000,0.0124867607,124.8676,24.0000,100.8676
SUIUSDT,1708358400000,1708376400000,-1,-1.03779311,1.74730000,1.78210000,-0.0199164425,-199.1644,24.0000,-223.1644
SUIUSDT,1708387200000,1708405200000,-1,-1.29829221,1.74400000,1.74470000,-0.0004013761,-4.0138,24.0000,-28.0138
SUIUSDT,1708416000000,1708434000000,-1,-1.17370778,1.72760000,1.74620000,-0.0107663811,-107.6638,24.0000,-131.6638
SUIUSDT,1708437600000,1708455600000,-1,-1.38247022,1.70040000,1.67890000,0.0126440837,126.4408,24.0000,102.4408
SUIUSDT,1708506000000,1708524000000,-1,-1.19632223,1.63330000,1.67270000,-0.0241229413,-241.2294,24.0000,-265.2294
SUIUSDT,1708531200000,1708549200000,-1,-1.02471960,1.69180000,1.67690000,0.0088071876,88.0719,24.0000,64.0719
SUIUSDT,1709118000000,1709136000000,-1,-1.10042020,1.64570000,1.68890000,-0.0262502279,-262.5023,24.0000,-286.5023
SUIUSDT,1709139600000,1709157600000,-1,-1.21312261,1.58740000,1.58110000,0.0039687539,39.6875,24.0000,15.6875
SUIUSDT,1709449200000,1709467200000,-1,-1.19825918,1.54160000,1.56750000,-0.0168007265,-168.0073,24.0000,-192.0073
SUIUSDT,1709568000000,1709586000000,-1,-1.00596616,1.48070000,1.49360000,-0.0087120956,-87.1210,24.0000,-111.1210
SUIUSDT,1709665200000,1709683200000,-1,-1.32000524,1.31910000,1.39180000,-0.0551133348,-551.1333,24.0000,-575.1333
SUIUSDT,1714737600000,1714755600000,1,1.10771360,1.10660000,1.11250000,0.0053316465,53.3165,24.0000,29.3165
SUIUSDT,1717642800000,1717660800000,-1,-1.03980033,1.11010000,1.10190000,0.0073867219,73.8672,24.0000,49.8672
SUIUSDT,1717783200000,1717801200000,-1,-1.11583909,1.05180000,1.08100000,-0.0277619319,-277.6193,24.0000,-301.6193
SUIUSDT,1718902800000,1718920800000,1,1.05618370,0.90180000,0.89600000,-0.0064315813,-64.3158,24.0000,-88.3158
SUIUSDT,1719730800000,1719748800000,1,1.08264703,0.79750000,0.79450000,-0.0037617555,-37.6176,24.0000,-61.6176
SUIUSDT,1720281600000,1720299600000,1,1.20205556,0.68270000,0.69350000,0.0158195401,158.1954,24.0000,134.1954
SUIUSDT,1720314000000,1720332000000,1,1.00032321,0.67790000,0.68820000,0.0151939814,151.9398,24.0000,127.9398
SUIUSDT,1720364400000,1720382400000,1,1.07622687,0.66110000,0.66250000,0.0021176827,21.1768,24.0000,-2.8232
SUIUSDT,1720425600000,1720443600000,1,1.18730918,0.68380000,0.68770000,0.0057034221,57.0342,24.0000,33.0342
SUIUSDT,1720915200000,1720933200000,1,1.02423416,0.76580000,0.80250000,0.0479237399,479.2374,24.0000,455.2374
SUIUSDT,1720933200000,1720951200000,1,1.21284044,0.80250000,0.81300000,0.0130841121,130.8411,24.0000,106.8411
SUIUSDT,1720990800000,1721008800000,1,1.04299793,0.81030000,0.81360000,0.0040725657,40.7257,24.0000,16.7257
SUIUSDT,1721080800000,1721098800000,1,1.05545211,0.84030000,0.86060000,0.0241580388,241.5804,24.0000,217.5804
SUIUSDT,1729159200000,1729177200000,-1,-1.00365679,2.05150000,2.06820000,-0.0081403851,-81.4039,24.0000,-105.4039
SUIUSDT,1731337200000,1731355200000,-1,-1.03345029,3.23400000,3.22500000,0.0027829314,27.8293,24.0000,3.8293
SUIUSDT,1731402000000,1731420000000,-1,-1.03414280,2.97630000,3.04860000,-0.0242919061,-242.9191,24.0000,-266.9191
SUIUSDT,1731513600000,1731531600000,-1,-1.13129606,3.31260000,3.23970000,0.0220068828,220.0688,24.0000,196.0688
SUIUSDT,1732100400000,1732118400000,-1,-1.02628598,3.66360000,3.65380000,0.0026749645,26.7496,24.0000,2.7496
SUIUSDT,1732320000000,1732338000000,-1,-1.08817783,3.52670000,3.57200000,-0.0128448691,-128.4487,24.0000,-152.4487
SUIUSDT,1732348800000,1732366800000,-1,-1.11754784,3.57920000,3.58660000,-0.0020675011,-20.6750,24.0000,-44.6750
SUIUSDT,1732374000000,1732392000000,-1,-1.17853398,3.57530000,3.41960000,0.0435487931,435.4879,24.0000,411.4879
SUIUSDT,1732392000000,1732410000000,-1,-1.02394140,3.41960000,3.55660000,-0.0400631653,-400.6317,24.0000,-424.6317
SUIUSDT,1732446000000,1732464000000,-1,-1.29514108,3.31910000,3.30790000,0.0033744087,33.7441,24.0000,9.7441
SUIUSDT,1732489200000,1732507200000,-1,-1.00581875,3.39580000,3.41540000,-0.0057718358,-57.7184,24.0000,-81.7184
SUIUSDT,1738558800000,1738576800000,1,1.03696676,3.06340000,3.19640000,0.0434158125,434.1581,24.0000,410.1581
SUIUSDT,1741269600000,1741287600000,1,1.12013846,2.82910000,2.79480000,-0.0121239970,-121.2400,24.0000,-145.2400
SUIUSDT,1749088800000,1749106800000,1,1.02212208,3.19200000,3.15740000,-0.0108395990,-108.3960,24.0000,-132.3960
SUIUSDT,1749124800000,1749142800000,1,1.03951946,3.20530000,3.08030000,-0.0389979097,-389.9791,24.0000,-413.9791
SUIUSDT,1749157200000,1749175200000,1,1.03487458,2.96530000,2.97430000,0.0030351061,30.3511,24.0000,6.3511
SUIUSDT,1749265200000,1749283200000,1,1.04783262,3.28870000,3.26300000,-0.0078146380,-78.1464,24.0000,-102.1464
SUIUSDT,1750856400000,1750874400000,1,1.03101368,2.83120000,2.74380000,-0.0308703023,-308.7030,24.0000,-332.7030
SUIUSDT,1751036400000,1751054400000,1,1.04800726,2.74130000,2.71390000,-0.0099952577,-99.9526,24.0000,-123.9526
SUIUSDT,1751234400000,1751252400000,1,1.28202976,2.90960000,2.83870000,-0.0243676107,-243.6761,24.0000,-267.6761
SUIUSDT,1755396000000,1755414000000,1,1.04501842,3.79000000,3.80500000,0.0039577836,39.5778,24.0000,15.5778
SUIUSDT,1755417600000,1755435600000,1,1.00464221,3.82950000,3.85590000,0.0068938504,68.9385,24.0000,44.9385
SUIUSDT,1755435600000,1755453600000,1,1.10819720,3.85590000,3.80930000,-0.0120853757,-120.8538,24.0000,-144.8538
SUIUSDT,1755601200000,1755619200000,1,1.09632264,3.64830000,3.47030000,-0.0487898473,-487.8985,24.0000,-511.8985
SUIUSDT,1756267200000,1756285200000,1,1.00218257,3.49760000,3.43010000,-0.0192989478,-192.9895,24.0000,-216.9895
SUIUSDT,1756303200000,1756321200000,1,1.02831303,3.48470000,3.46710000,-0.0050506500,-50.5065,24.0000,-74.5065
SUIUSDT,1756324800000,1756342800000,1,1.07053774,3.49880000,3.47170000,-0.0077455127,-77.4551,24.0000,-101.4551
SUIUSDT,1760130000000,1760148000000,-1,-1.09481922,2.52140000,2.76050000,-0.0948282700,-948.2827,24.0000,-972.2827
SUIUSDT,1764684000000,1764702000000,1,1.08319940,1.47640000,1.60430000,0.0866296397,866.2964,24.0000,842.2964
SUIUSDT,1765292400000,1765310400000,1,1.16218081,1.65800000,1.66580000,0.0047044632,47.0446,24.0000,23.0446
SUIUSDT,1765879200000,1765897200000,1,1.29840375,1.49320000,1.52600000,0.0219662470,219.6625,24.0000,195.6625
SUIUSDT,1765897200000,1765915200000,1,1.13360143,1.52600000,1.51230000,-0.0089777195,-89.7772,24.0000,-113.7772
SUIUSDT,1765980000000,1765998000000,1,1.19779866,1.52750000,1.42480000,-0.0672340426,-672.3404,24.0000,-696.3404
SUIUSDT,1766113200000,1766131200000,1,1.01436646,1.37860000,1.43030000,0.0375018134,375.0181,24.0000,351.0181
SUIUSDT,1769526000000,1769544000000,1,1.00665724,1.44540000,1.45500000,0.0066417601,66.4176,24.0000,42.4176
SUIUSDT,1770645600000,1770663600000,1,1.09765500,0.94800000,0.96890000,0.0220464135,220.4641,24.0000,196.4641
SUIUSDT,1772780400000,1772798400000,-1,-1.04868495,0.97440000,0.93670000,0.0386904762,386.9048,24.0000,362.9048
SUIUSDT,1772798400000,1772816400000,-1,-1.33529068,0.93670000,0.89370000,0.0459058396,459.0584,24.0000,435.0584
SUIUSDT,1772816400000,1772834400000,-1,-1.35769729,0.89370000,0.90400000,-0.0115251203,-115.2512,24.0000,-139.2512
SUIUSDT,1772910000000,1772928000000,-1,-1.08509265,0.89110000,0.88930000,0.0020199753,20.1998,24.0000,-3.8002
SUIUSDT,1773162000000,1773180000000,-1,-1.02195889,0.98020000,0.95250000,0.0282595389,282.5954,24.0000,258.5954
SUIUSDT,1773280800000,1773298800000,-1,-1.00471302,0.96490000,0.97990000,-0.0155456524,-155.4565,24.0000,-179.4565
SUIUSDT,1773320400000,1773338400000,-1,-1.09010367,0.97900000,0.97190000,0.0072522983,72.5230,24.0000,48.5230
SUIUSDT,1773360000000,1773378000000,-1,-1.08608320,1.00620000,1.03640000,-0.0300139137,-300.1391,24.0000,-324.1391
SUIUSDT,1773378000000,1773396000000,-1,-1.32957565,1.03640000,1.04640000,-0.0096487843,-96.4878,24.0000,-120.4878
SUIUSDT,1773396000000,1773414000000,-1,-1.41047270,1.04640000,1.01410000,0.0308677370,308.6774,24.0000,284.6774
SUIUSDT,1773414000000,1773432000000,-1,-1.53265589,1.01410000,1.00450000,0.0094665220,94.6652,24.0000,70.6652
SUIUSDT,1773496800000,1773514800000,-1,-1.29635752,0.98420000,0.98710000,-0.0029465556,-29.4656,24.0000,-53.4656
SUIUSDT,1773597600000,1773615600000,-1,-1.08546680,1.00140000,1.02400000,-0.0225684042,-225.6840,24.0000,-249.6840
SUIUSDT,1773615600000,1773633600000,-1,-1.01918872,1.02400000,1.05260000,-0.0279296875,-279.2969,24.0000,-303.2969
SUIUSDT,1773648000000,1773666000000,-1,-1.19641431,1.04970000,1.05200000,-0.0021911022,-21.9110,24.0000,-45.9110
SUIUSDT,1773705600000,1773723600000,-1,-1.34934739,1.06010000,1.02830000,0.0299971701,299.9717,24.0000,275.9717
SUIUSDT,1773748800000,1773766800000,-1,-1.31379956,1.01300000,1.03070000,-0.0174728529,-174.7285,24.0000,-198.7285
SUIUSDT,1773831600000,1773849600000,-1,-1.23333209,1.00290000,0.97530000,0.0275201914,275.2019,24.0000,251.2019
SUIUSDT,1778583600000,1778601600000,-1,-1.01148620,1.23550000,1.23630000,-0.0006475111,-6.4751,24.0000,-30.4751
SUIUSDT,1781794800000,1781812800000,-1,-1.11931346,0.70940000,0.72490000,-0.0218494502,-218.4945,24.0000,-242.4945
SUIUSDT,1782392400000,1782410400000,-1,-1.07482859,0.65470000,0.67360000,-0.0288681839,-288.6818,24.0000,-312.6818
ADAUSDT,1641675600000,1641693600000,1,1.10935300,1.18700000,1.19300000,0.0050547599,50.5476,24.0000,26.5476
ADAUSDT,1642032000000,1642050000000,1,1.14587898,1.33300000,1.28300000,-0.0375093773,-375.0938,24.0000,-399.0938
ADAUSDT,1642082400000,1642100400000,1,1.06119927,1.30600000,1.24400000,-0.0474732006,-474.7320,24.0000,-498.7320
ADAUSDT,1644307200000,1644325200000,-1,-1.05427997,1.18900000,1.18300000,0.0050462574,50.4626,24.0000,26.4626
ADAUSDT,1646179200000,1646197200000,-1,-1.11030277,0.95700000,0.96400000,-0.0073145246,-73.1452,24.0000,-97.1452
ADAUSDT,1646226000000,1646244000000,-1,-1.35215682,0.93900000,0.93200000,0.0074547391,74.5474,24.0000,50.5474
ADAUSDT,1646276400000,1646294400000,-1,-1.11117112,0.92000000,0.91900000,0.0010869565,10.8696,24.0000,-13.1304
ADAUSDT,1646316000000,1646334000000,-1,-1.11680808,0.91800000,0.90100000,0.0185185185,185.1852,24.0000,161.1852
ADAUSDT,1649854800000,1649872800000,1,1.15988334,0.96400000,0.96900000,0.0051867220,51.8672,24.0000,27.8672
ADAUSDT,1650031200000,1650049200000,1,1.01837195,0.95200000,0.94900000,-0.0031512605,-31.5126,24.0000,-55.5126
ADAUSDT,1652274000000,1652292000000,1,1.06291692,0.61700000,0.54270000,-0.1204213938,-1204.2139,24.0000,-1228.2139
ADAUSDT,1652418000000,1652436000000,1,1.00172489,0.58210000,0.57950000,-0.0044665865,-44.6659,24.0000,-68.6659
ADAUSDT,1657224000000,1657242000000,-1,-1.02236653,0.47700000,0.48740000,-0.0218029350,-218.0294,24.0000,-242.0294
ADAUSDT,1657267200000,1657285200000,-1,-1.09841929,0.46780000,0.46170000,0.0130397606,130.3976,24.0000,106.3976
ADAUSDT,1657461600000,1657479600000,-1,-1.11774962,0.45710000,0.46350000,-0.0140013126,-140.0131,24.0000,-164.0131
ADAUSDT,1657713600000,1657731600000,-1,-1.01548458,0.40950000,0.42590000,-0.0400488400,-400.4884,24.0000,-424.4884
ADAUSDT,1658300400000,1658318400000,-1,-1.11458532,0.53010000,0.52520000,0.0092435390,92.4354,24.0000,68.4354
ADAUSDT,1658332800000,1658350800000,-1,-1.19672098,0.51190000,0.50120000,0.0209025200,209.0252,24.0000,185.0252
ADAUSDT,1658516400000,1658534400000,-1,-1.01395391,0.47990000,0.48850000,-0.0179204001,-179.2040,24.0000,-203.2040
ADAUSDT,1658707200000,1658725200000,-1,-1.03038830,0.49940000,0.49590000,0.0070084101,70.0841,24.0000,46.0841
ADAUSDT,1658790000000,1658808000000,-1,-1.06434038,0.47520000,0.47170000,0.0073653199,73.6532,24.0000,49.6532
ADAUSDT,1661029200000,1661047200000,1,1.09706692,0.45090000,0.45380000,0.0064315813,64.3158,24.0000,40.3158
ADAUSDT,1664110800000,1664128800000,-1,-1.16264787,0.45400000,0.45070000,0.0072687225,72.6872,24.0000,48.6872
ADAUSDT,1664136000000,1664154000000,-1,-1.09792327,0.44570000,0.44740000,-0.0038142248,-38.1422,24.0000,-62.1422
ADAUSDT,1664157600000,1664175600000,-1,-1.03547521,0.44190000,0.44200000,-0.0002262955,-2.2630,24.0000,-26.2630
ADAUSDT,1664182800000,1664200800000,-1,-1.02528543,0.44410000,0.44560000,-0.0033776177,-33.7762,24.0000,-57.7762
ADAUSDT,1664294400000,1664312400000,-1,-1.06382645,0.44170000,0.44120000,0.0011319900,11.3199,24.0000,-12.6801
ADAUSDT,1664704800000,1664722800000,-1,-1.09147673,0.42320000,0.42350000,-0.0007088847,-7.0888,24.0000,-31.0888
ADAUSDT,1665388800000,1665406800000,-1,-1.12803537,0.41520000,0.41630000,-0.0026493256,-26.4933,24.0000,-50.4933
ADAUSDT,1668405600000,1668423600000,1,1.16049558,0.32910000,0.33330000,0.0127620784,127.6208,24.0000,103.6208
ADAUSDT,1671177600000,1671195600000,-1,-1.11701364,0.29230000,0.28420000,0.0277112556,277.1126,24.0000,253.1126
ADAUSDT,1671228000000,1671246000000,-1,-1.11157328,0.26520000,0.26030000,0.0184766214,184.7662,24.0000,160.7662
ADAUSDT,1671724800000,1671742800000,1,1.13443426,0.25130000,0.25600000,0.0187027457,187.0275,24.0000,163.0275
ADAUSDT,1672642800000,1672660800000,1,1.00443376,0.25410000,0.25400000,-0.0003935458,-3.9355,24.0000,-27.9355
ADAUSDT,1676826000000,1676844000000,-1,-1.01549703,0.40070000,0.40270000,-0.0049912653,-49.9127,24.0000,-73.9127
ADAUSDT,1676966400000,1676984400000,-1,-1.12475395,0.39480000,0.39370000,0.0027862209,27.8622,24.0000,3.8622
ADAUSDT,1683716400000,1683734400000,1,1.01496282,0.35830000,0.37190000,0.0379570193,379.5702,24.0000,355.5702
ADAUSDT,1683745200000,1683763200000,1,1.07234228,0.36930000,0.36620000,-0.0083942594,-83.9426,24.0000,-107.9426
ADAUSDT,1683806400000,1683824400000,1,1.08019228,0.35740000,0.35270000,-0.0131505316,-131.5053,24.0000,-155.5053
ADAUSDT,1683824400000,1683842400000,1,1.07499232,0.35270000,0.35850000,0.0164445705,164.4457,24.0000,140.4457
ADAUSDT,1685376000000,1685394000000,-1,-1.04023801,0.37620000,0.37900000,-0.0074428495,-74.4285,24.0000,-98.4285
ADAUSDT,1685448000000,1685466000000,-1,-1.08584175,0.38040000,0.37750000,0.0076235542,76.2355,24.0000,52.2355
ADAUSDT,1685505600000,1685523600000,-1,-1.24841336,0.37490000,0.37470000,0.0005334756,5.3348,24.0000,-18.6652
ADAUSDT,1685577600000,1685595600000,-1,-1.14801092,0.37180000,0.36520000,0.0177514793,177.5148,24.0000,153.5148
ADAUSDT,1685977200000,1685995200000,-1,-1.04864070,0.35710000,0.35070000,0.0179221507,179.2215,24.0000,155.2215
ADAUSDT,1686369600000,1686387600000,-1,-1.00422235,0.24330000,0.24010000,0.0131524866,131.5249,24.0000,107.5249
ADAUSDT,1686477600000,1686495600000,1,1.11487027,0.26880000,0.26420000,-0.0171130952,-171.1310,24.0000,-195.1310
ADAUSDT,1686538800000,1686556800000,1,1.08016004,0.26810000,0.28330000,0.0566952630,566.9526,24.0000,542.9526
ADAUSDT,1686556800000,1686574800000,1,1.24318781,0.28330000,0.27960000,-0.0130603600,-130.6036,24.0000,-154.6036
ADAUSDT,1686589200000,1686607200000,1,1.06083879,0.27590000,0.27540000,-0.0018122508,-18.1225,24.0000,-42.1225
ADAUSDT,1686776400000,1686794400000,1,1.01128486,0.26230000,0.26070000,-0.0060998856,-60.9989,24.0000,-84.9989
ADAUSDT,1686934800000,1686952800000,1,1.10792227,0.26450000,0.26370000,-0.0030245747,-30.2457,24.0000,-54.2457
ADAUSDT,1686978000000,1686996000000,1,1.10824458,0.27220000,0.26950000,-0.0099191771,-99.1918,24.0000,-123.1918
ADAUSDT,1692446400000,1692464400000,1,1.32049635,0.26490000,0.26770000,0.0105700264,105.7003,24.0000,81.7003
ADAUSDT,1692475200000,1692493200000,1,1.14099802,0.26800000,0.26800000,0.0000000000,0.0000,24.0000,-24.0000
ADAUSDT,1692543600000,1692561600000,1,1.04584270,0.26890000,0.27140000,0.0092971365,92.9714,24.0000,68.9714
ADAUSDT,1696377600000,1696395600000,-1,-1.22215751,0.25520000,0.25660000,-0.0054858934,-54.8589,24.0000,-78.8589
ADAUSDT,1696842000000,1696860000000,-1,-1.03037529,0.25080000,0.25100000,-0.0007974482,-7.9745,24.0000,-31.9745
ADAUSDT,1697954400000,1697972400000,-1,-1.15498759,0.26120000,0.25690000,0.0164624809,164.6248,24.0000,140.6248
ADAUSDT,1697997600000,1698015600000,-1,-1.14672973,0.25910000,0.26390000,-0.0185256658,-185.2567,24.0000,-209.2567
ADAUSDT,1698159600000,1698177600000,-1,-1.02420183,0.27780000,0.27620000,0.0057595392,57.5954,24.0000,33.5954
ADAUSDT,1698249600000,1698267600000,-1,-1.05296612,0.28220000,0.27990000,0.0081502481,81.5025,24.0000,57.5025
ADAUSDT,1698296400000,1698314400000,-1,-1.05085771,0.28810000,0.29180000,-0.0128427629,-128.4276,24.0000,-152.4276
ADAUSDT,1698318000000,1698336000000,-1,-1.04002159,0.28920000,0.28220000,0.0242047026,242.0470,24.0000,218.0470
ADAUSDT,1698415200000,1698433200000,-1,-1.04008417,0.28810000,0.28960000,-0.0052065255,-52.0653,24.0000,-76.0653
ADAUSDT,1698469200000,1698487200000,-1,-1.09869244,0.29480000,0.29400000,0.0027137042,27.1370,24.0000,3.1370
ADAUSDT,1698490800000,1698508800000,-1,-1.08067028,0.29240000,0.29220000,0.0006839945,6.8399,24.0000,-17.1601
ADAUSDT,1698667200000,1698685200000,-1,-1.03903619,0.29850000,0.29770000,0.0026800670,26.8007,24.0000,2.8007
ADAUSDT,1698685200000,1698703200000,-1,-1.10704854,0.29770000,0.30200000,-0.0144440712,-144.4407,24.0000,-168.4407
ADAUSDT,1702141200000,1702159200000,-1,-1.01470396,0.56920000,0.58320000,-0.0245959241,-245.9592,24.0000,-269.9592
ADAUSDT,1702260000000,1702278000000,-1,-1.08653880,0.55180000,0.55510000,-0.0059804277,-59.8043,24.0000,-83.8043
ADAUSDT,1704153600000,1704171600000,1,1.07815566,0.63360000,0.62610000,-0.0118371212,-118.3712,24.0000,-142.3712
ADAUSDT,1705266000000,1705284000000,1,1.03725162,0.53930000,0.53670000,-0.0048210643,-48.2106,24.0000,-72.2106
ADAUSDT,1705341600000,1705359600000,1,1.10956075,0.53210000,0.52760000,-0.0084570569,-84.5706,24.0000,-108.5706
ADAUSDT,1705392000000,1705410000000,1,1.10209511,0.53610000,0.53740000,0.0024249207,24.2492,24.0000,0.2492
ADAUSDT,1705417200000,1705435200000,1,1.25190776,0.54220000,0.54080000,-0.0025820730,-25.8207,24.0000,-49.8207
ADAUSDT,1707897600000,1707915600000,-1,-1.71400833,0.55840000,0.57800000,-0.0351002865,-351.0029,24.0000,-375.0029
ADAUSDT,1707915600000,1707933600000,-1,-1.80558702,0.57800000,0.57280000,0.0089965398,89.9654,24.0000,65.9654
ADAUSDT,1707955200000,1707973200000,-1,-1.37066297,0.58190000,0.57310000,0.0151228733,151.2287,24.0000,127.2287
ADAUSDT,1707991200000,1708009200000,-1,-1.35032764,0.58830000,0.59970000,-0.0193778684,-193.7787,24.0000,-217.7787
ADAUSDT,1708009200000,1708027200000,-1,-1.71478445,0.59970000,0.59860000,0.0018342505,18.3425,24.0000,-5.6575
ADAUSDT,1708030800000,1708048800000,-1,-1.72162162,0.59130000,0.60460000,-0.0224928124,-224.9281,24.0000,-248.9281
ADAUSDT,1708088400000,1708106400000,-1,-1.51384724,0.60570000,0.59190000,0.0227835562,227.8356,24.0000,203.8356
ADAUSDT,1708164000000,1708182000000,-1,-1.28139292,0.58450000,0.57860000,0.0100940975,100.9410,24.0000,76.9410
ADAUSDT,1708203600000,1708221600000,-1,-1.37981851,0.59760000,0.61790000,-0.0339692102,-339.6921,24.0000,-363.6921
ADAUSDT,1708221600000,1708239600000,-1,-1.05974038,0.61790000,0.62430000,-0.0103576631,-103.5766,24.0000,-127.5766
ADAUSDT,1708239600000,1708257600000,-1,-1.12011468,0.62430000,0.62850000,-0.0067275348,-67.2753,24.0000,-91.2753
ADAUSDT,1708257600000,1708275600000,-1,-1.33241329,0.62850000,0.61770000,0.0171837709,171.8377,24.0000,147.8377
ADAUSDT,1708329600000,1708347600000,-1,-1.23267629,0.62930000,0.62190000,0.0117590974,117.5910,24.0000,93.5910
ADAUSDT,1708347600000,1708365600000,-1,-1.31480823,0.62190000,0.62280000,-0.0014471780,-14.4718,24.0000,-38.4718
ADAUSDT,1708380000000,1708398000000,-1,-1.26997197,0.63190000,0.62550000,0.0101281848,101.2818,24.0000,77.2818
ADAUSDT,1708398000000,1708416000000,-1,-1.08474751,0.62550000,0.62510000,0.0006394884,6.3949,24.0000,-17.6051
ADAUSDT,1708437600000,1708455600000,-1,-1.19319832,0.62260000,0.61790000,0.0075489881,75.4899,24.0000,51.4899
ADAUSDT,1708498800000,1708516800000,-1,-1.09917613,0.59460000,0.59150000,0.0052135890,52.1359,24.0000,28.1359
ADAUSDT,1708930800000,1708948800000,-1,-1.04483835,0.58390000,0.58370000,0.0003425244,3.4252,24.0000,-20.5748
ADAUSDT,1709042400000,1709060400000,-1,-1.00306304,0.62290000,0.62650000,-0.0057794188,-57.7942,24.0000,-81.7942
ADAUSDT,1709118000000,1709136000000,-1,-1.25248421,0.62470000,0.65230000,-0.0441812070,-441.8121,24.0000,-465.8121
ADAUSDT,1709139600000,1709157600000,-1,-1.32980473,0.62700000,0.62860000,-0.0025518341,-25.5183,24.0000,-49.5183
ADAUSDT,1709204400000,1709222400000,-1,-1.05344735,0.69040000,0.68190000,0.0123117034,123.1170,24.0000,99.1170
ADAUSDT,1709222400000,1709240400000,-1,-1.03546135,0.68190000,0.66250000,0.0284499193,284.4992,24.0000,260.4992
ADAUSDT,1709301600000,1709319600000,-1,-1.08801338,0.68780000,0.69100000,-0.0046525153,-46.5252,24.0000,-70.5252
ADAUSDT,1709370000000,1709388000000,-1,-1.02013596,0.72500000,0.73150000,-0.0089655172,-89.6552,24.0000,-113.6552
ADAUSDT,1709442000000,1709460000000,-1,-1.05181325,0.72690000,0.72020000,0.0092172238,92.1722,24.0000,68.1722
ADAUSDT,1709650800000,1709668800000,-1,-1.04987674,0.75400000,0.65580000,0.1302387268,1302.3873,24.0000,1278.3873
ADAUSDT,1714737600000,1714755600000,1,1.10205845,0.45770000,0.46610000,0.0183526327,183.5263,24.0000,159.5263
ADAUSDT,1717783200000,1717801200000,-1,-1.05801463,0.44660000,0.44920000,-0.0058217644,-58.2176,24.0000,-82.2176
ADAUSDT,1719784800000,1719802800000,1,1.00037617,0.39280000,0.39950000,0.0170570265,170.5703,24.0000,146.5703
ADAUSDT,1720263600000,1720281600000,1,1.14845948,0.35780000,0.36770000,0.0276690889,276.6909,24.0000,252.6909
ADAUSDT,1720281600000,1720299600000,1,1.36979143,0.36770000,0.36990000,0.0059831384,59.8314,24.0000,35.8314
ADAUSDT,1720314000000,1720332000000,1,1.07615003,0.36760000,0.36780000,0.0005440696,5.4407,24.0000,-18.5593
ADAUSDT,1720360800000,1720378800000,1,1.01130156,0.35500000,0.35600000,0.0028169014,28.1690,24.0000,4.1690
ADAUSDT,1720393200000,1720411200000,1,1.00660018,0.34660000,0.35030000,0.0106751298,106.7513,24.0000,82.7513
ADAUSDT,1720411200000,1720429200000,1,1.04420519,0.35030000,0.37500000,0.0705109906,705.1099,24.0000,681.1099
ADAUSDT,1720584000000,1720602000000,1,1.13394062,0.38550000,0.38490000,-0.0015564202,-15.5642,24.0000,-39.5642
ADAUSDT,1721023200000,1721041200000,1,1.28886630,0.44120000,0.43160000,-0.0217588395,-217.5884,24.0000,-241.5884
ADAUSDT,1721044800000,1721062800000,1,1.42135207,0.43870000,0.43440000,-0.0098016868,-98.0169,24.0000,-122.0169
ADAUSDT,1721070000000,1721088000000,1,1.01480415,0.43520000,0.44300000,0.0179227941,179.2279,24.0000,155.2279
ADAUSDT,1723471200000,1723489200000,1,1.00269453,0.34300000,0.33580000,-0.0209912536,-209.9125,24.0000,-233.9125
ADAUSDT,1723791600000,1723809600000,1,1.02972125,0.33490000,0.32840000,-0.0194087787,-194.0878,24.0000,-218.0878
ADAUSDT,1729083600000,1729101600000,-1,-1.01972605,0.35610000,0.35360000,0.0070204999,70.2050,24.0000,46.2050
ADAUSDT,1729159200000,1729177200000,-1,-1.00992334,0.34500000,0.34900000,-0.0115942029,-115.9420,24.0000,-139.9420
ADAUSDT,1729897200000,1729915200000,-1,-1.10595223,0.32610000,0.33210000,-0.0183992640,-183.9926,24.0000,-207.9926
ADAUSDT,1731268800000,1731286800000,-1,-1.02231606,0.57160000,0.60220000,-0.0535339398,-535.3394,24.0000,-559.3394
ADAUSDT,1731326400000,1731344400000,-1,-1.05776635,0.61690000,0.59880000,0.0293402496,293.4025,24.0000,269.4025
ADAUSDT,1731355200000,1731373200000,-1,-1.11672977,0.60620000,0.58760000,0.0306829429,306.8294,24.0000,282.8294
ADAUSDT,1731402000000,1731420000000,-1,-1.13279795,0.60390000,0.58110000,0.0377545951,377.5460,24.0000,353.5460
ADAUSDT,1731459600000,1731477600000,-1,-1.11291336,0.55810000,0.52530000,0.0587708296,587.7083,24.0000,563.7083
ADAUSDT,1731510000000,1731528000000,-1,-1.18704423,0.59520000,0.57320000,0.0369623656,369.6237,24.0000,345.6237
ADAUSDT,1732323600000,1732341600000,-1,-1.31493853,1.11340000,1.08920000,0.0217352254,217.3523,24.0000,193.3523
ADAUSDT,1732374000000,1732392000000,-1,-1.33443495,1.10320000,1.05080000,0.0474981871,474.9819,24.0000,450.9819
ADAUSDT,1732446000000,1732464000000,-1,-1.26893312,1.00380000,0.97380000,0.0298864316,298.8643,24.0000,274.8643
ADAUSDT,1733230800000,1733248800000,-1,-1.12430741,1.18970000,1.19930000,-0.0080692612,-80.6926,24.0000,-104.6926
ADAUSDT,1738548000000,1738566000000,1,1.19304378,0.62350000,0.71860000,0.1525260626,1525.2606,24.0000,1501.2606
ADAUSDT,1738566000000,1738584000000,1,1.30634939,0.71860000,0.70740000,-0.0155858614,-155.8586,24.0000,-179.8586
ADAUSDT,1738591200000,1738609200000,1,1.27787164,0.72300000,0.80100000,0.1078838174,1078.8382,24.0000,1054.8382
ADAUSDT,1740960000000,1740978000000,-1,-1.02029806,1.08630000,1.06070000,0.0235662340,235.6623,24.0000,211.6623
ADAUSDT,1740981600000,1740999600000,-1,-1.02640108,1.00710000,0.96440000,0.0423989673,423.9897,24.0000,399.9897
ADAUSDT,1741010400000,1741028400000,-1,-1.04932626,0.93650000,0.83670000,0.1065670048,1065.6700,24.0000,1041.6700
ADAUSDT,1741028400000,1741046400000,-1,-1.04185331,0.83670000,0.82530000,0.0136249552,136.2496,24.0000,112.2496
ADAUSDT,1744462800000,1744480800000,1,1.06307355,0.65390000,0.65610000,0.0033644288,33.6443,24.0000,9.6443
ADAUSDT,1750856400000,1750874400000,1,1.04260752,0.58290000,0.56740000,-0.0265911820,-265.9118,24.0000,-289.9118
ADAUSDT,1750903200000,1750921200000,1,1.00528881,0.57750000,0.57230000,-0.0090043290,-90.0433,24.0000,-114.0433
ADAUSDT,1751090400000,1751108400000,1,1.08738453,0.56230000,0.55910000,-0.0056909123,-56.9091,24.0000,-80.9091
ADAUSDT,1751130000000,1751148000000,1,1.15004366,0.56810000,0.56640000,-0.0029924309,-29.9243,24.0000,-53.9243
ADAUSDT,1751234400000,1751252400000,1,1.29015191,0.57960000,0.56840000,-0.0193236715,-193.2367,24.0000,-217.2367
ADAUSDT,1756267200000,1756285200000,1,1.01186730,0.87330000,0.86030000,-0.0148860644,-148.8606,24.0000,-172.8606
ADAUSDT,1756303200000,1756321200000,1,1.09003776,0.86910000,0.86290000,-0.0071338166,-71.3382,24.0000,-95.3382
ADAUSDT,1756324800000,1756342800000,1,1.04224409,0.86700000,0.85810000,-0.0102652826,-102.6528,24.0000,-126.6528
ADAUSDT,1756710000000,1756728000000,1,1.01728759,0.83820000,0.81880000,-0.0231448342,-231.4483,24.0000,-255.4483
ADAUSDT,1764687600000,1764705600000,1,1.12739315,0.42830000,0.43620000,0.0184450152,184.4502,24.0000,160.4502
ADAUSDT,1765119600000,1765137600000,1,1.19388819,0.41990000,0.43130000,0.0271493213,271.4932,24.0000,247.4932
ADAUSDT,1765735200000,1765753200000,1,1.20440187,0.40000000,0.39630000,-0.0092500000,-92.5000,24.0000,-116.5000
ADAUSDT,1765756800000,1765774800000,1,1.22160961,0.39790000,0.40430000,0.0160844433,160.8444,24.0000,136.8444
ADAUSDT,1765818000000,1765836000000,1,1.01371829,0.38110000,0.38500000,0.0102335345,102.3353,24.0000,78.3353
ADAUSDT,1765879200000,1765897200000,1,1.22676100,0.38780000,0.39010000,0.0059308922,59.3089,24.0000,35.3089
ADAUSDT,1765897200000,1765915200000,1,1.06985244,0.39010000,0.38650000,-0.0092284030,-92.2840,24.0000,-116.2840
ADAUSDT,1765947600000,1765965600000,1,1.08861105,0.38030000,0.37770000,-0.0068367079,-68.3671,24.0000,-92.3671
ADAUSDT,1765976400000,1765994400000,1,1.24550999,0.38450000,0.36710000,-0.0452535761,-452.5358,24.0000,-476.5358
ADAUSDT,1765994400000,1766012400000,1,1.00739323,0.36710000,0.36730000,0.0005448107,5.4481,24.0000,-18.5519
ADAUSDT,1766113200000,1766131200000,1,1.02826297,0.35970000,0.36710000,0.0205726995,205.7270,24.0000,181.7270
ADAUSDT,1766674800000,1766692800000,1,1.12748404,0.35720000,0.35740000,0.0005599104,5.5991,24.0000,-18.4009
ADAUSDT,1766714400000,1766732400000,1,1.13061872,0.35500000,0.35210000,-0.0081690141,-81.6901,24.0000,-105.6901
ADAUSDT,1767344400000,1767362400000,1,1.11783283,0.36510000,0.36830000,0.0087647220,87.6472,24.0000,63.6472
ADAUSDT,1767369600000,1767387600000,1,1.27272850,0.38890000,0.39050000,0.0041141682,41.1417,24.0000,17.1417
ADAUSDT,1768442400000,1768460400000,-1,-1.05206172,0.40550000,0.40450000,0.0024660912,24.6609,24.0000,0.6609
ADAUSDT,1768485600000,1768503600000,-1,-1.16873452,0.40300000,0.39250000,0.0260545906,260.5459,24.0000,236.5459
ADAUSDT,1768575600000,1768593600000,-1,-1.10007527,0.38160000,0.39480000,-0.0345911950,-345.9119,24.0000,-369.9119
ADAUSDT,1768777200000,1768795200000,-1,-1.07826814,0.37580000,0.36290000,0.0343267696,343.2677,24.0000,319.2677
ADAUSDT,1769529600000,1769547600000,1,1.17889285,0.35750000,0.35990000,0.0067132867,67.1329,24.0000,43.1329
ADAUSDT,1769835600000,1769853600000,1,1.09713471,0.31590000,0.31120000,-0.0148781260,-148.7813,24.0000,-172.7813
ADAUSDT,1769882400000,1769900400000,1,1.11008220,0.28410000,0.29360000,0.0334389300,334.3893,24.0000,310.3893
ADAUSDT,1769990400000,1770008400000,1,1.18931187,0.28920000,0.27960000,-0.0331950207,-331.9502,24.0000,-355.9502
ADAUSDT,1770012000000,1770030000000,1,1.28541409,0.28430000,0.29240000,0.0284910306,284.9103,24.0000,260.9103
ADAUSDT,1770040800000,1770058800000,1,1.10671628,0.29860000,0.30020000,0.0053583389,53.5834,24.0000,29.5834
ADAUSDT,1770130800000,1770148800000,1,1.20953691,0.30390000,0.30130000,-0.0085554459,-85.5545,24.0000,-109.5545
ADAUSDT,1770465600000,1770483600000,1,1.08610242,0.27200000,0.27390000,0.0069852941,69.8529,24.0000,45.8529
ADAUSDT,1772524800000,1772542800000,-1,-1.02269505,0.26590000,0.26370000,0.0082737871,82.7379,24.0000,58.7379
ADAUSDT,1772722800000,1772740800000,-1,-1.02471178,0.27120000,0.27110000,0.0003687316,3.6873,24.0000,-20.3127
ADAUSDT,1772787600000,1772805600000,-1,-1.40229173,0.26710000,0.25850000,0.0321976788,321.9768,24.0000,297.9768
ADAUSDT,1772805600000,1772823600000,-1,-1.58958868,0.25850000,0.25860000,-0.0003868472,-3.8685,24.0000,-27.8685
ADAUSDT,1772892000000,1772910000000,-1,-1.27472727,0.25570000,0.25430000,0.0054751662,54.7517,24.0000,30.7517
ADAUSDT,1773367200000,1773385200000,-1,-1.31108502,0.27000000,0.27160000,-0.0059259259,-59.2593,24.0000,-83.2593
ADAUSDT,1773388800000,1773406800000,-1,-1.13081209,0.27230000,0.27900000,-0.0246052148,-246.0521,24.0000,-270.0521
ADAUSDT,1773406800000,1773424800000,-1,-1.15802140,0.27900000,0.26650000,0.0448028674,448.0287,24.0000,424.0287
ADAUSDT,1773475200000,1773493200000,-1,-1.18726168,0.26120000,0.26120000,-0.0000000000,-0.0000,24.0000,-24.0000
ADAUSDT,1773648000000,1773666000000,-1,-1.13065405,0.28460000,0.28530000,-0.0024595924,-24.5959,24.0000,-48.5959
ADAUSDT,1773720000000,1773738000000,-1,-1.39009696,0.28440000,0.28650000,-0.0073839662,-73.8397,24.0000,-97.8397
ADAUSDT,1773810000000,1773828000000,-1,-1.12314312,0.28990000,0.28870000,0.0041393584,41.3936,24.0000,17.3936
ADAUSDT,1773831600000,1773849600000,-1,-1.56362316,0.27960000,0.27090000,0.0311158798,311.1588,24.0000,287.1588
ADAUSDT,1773849600000,1773867600000,-1,-1.06238391,0.27090000,0.27420000,-0.0121816168,-121.8162,24.0000,-145.8162
ADAUSDT,1773903600000,1773921600000,-1,-1.00905479,0.26850000,0.26500000,0.0130353818,130.3538,24.0000,106.3538
ADAUSDT,1773921600000,1773939600000,-1,-1.04518538,0.26500000,0.26560000,-0.0022641509,-22.6415,24.0000,-46.6415
ADAUSDT,1774134000000,1774152000000,-1,-1.12166496,0.25740000,0.25870000,-0.0050505051,-50.5051,24.0000,-74.5051
ADAUSDT,1778072400000,1778090400000,-1,-1.06422396,0.26520000,0.26590000,-0.0026395173,-26.3952,24.0000,-50.3952
NEARUSDT,1641754800000,1641772800000,1,1.00701707,14.11800000,13.36300000,-0.0534778297,-534.7783,24.0000,-558.7783
NEARUSDT,1643587200000,1643605200000,-1,-1.02838359,10.12000000,10.18700000,-0.0066205534,-66.2055,24.0000,-90.2055
NEARUSDT,1646179200000,1646197200000,-1,-1.34974853,11.49800000,11.38200000,0.0100887111,100.8871,24.0000,76.8871
NEARUSDT,1646226000000,1646244000000,-1,-1.36333606,10.95000000,11.08600000,-0.0124200913,-124.2009,24.0000,-148.2009
NEARUSDT,1646294400000,1646312400000,-1,-1.01906238,11.40300000,11.41900000,-0.0014031395,-14.0314,24.0000,-38.0314
NEARUSDT,1646316000000,1646334000000,-1,-1.23657322,11.16400000,11.11100000,0.0047474024,47.4740,24.0000,23.4740
NEARUSDT,1646352000000,1646370000000,-1,-1.07480595,10.65900000,11.04800000,-0.0364949808,-364.9498,24.0000,-388.9498
NEARUSDT,1646438400000,1646456400000,-1,-1.10070023,10.08300000,10.55200000,-0.0465139343,-465.1393,24.0000,-489.1393
NEARUSDT,1652313600000,1652331600000,1,1.00176725,6.90000000,5.47200000,-0.2069565217,-2069.5652,24.0000,-2093.5652
NEARUSDT,1652338800000,1652356800000,1,1.06699749,6.14700000,6.16700000,0.0032536197,32.5362,24.0000,8.5362
NEARUSDT,1657411200000,1657429200000,-1,-1.01676633,3.74400000,3.69300000,0.0136217949,136.2179,24.0000,112.2179
NEARUSDT,1657461600000,1657479600000,-1,-1.14039147,3.53100000,3.58000000,-0.0138770886,-138.7709,24.0000,-162.7709
NEARUSDT,1658275200000,1658293200000,-1,-1.02563831,4.49400000,4.58200000,-0.0195816644,-195.8166,24.0000,-219.8166
NEARUSDT,1658304000000,1658322000000,-1,-1.09677375,4.38100000,4.49900000,-0.0269344898,-269.3449,24.0000,-293.3449
NEARUSDT,1658332800000,1658350800000,-1,-1.15391185,4.41100000,4.28300000,0.0290183632,290.1836,24.0000,266.1836
NEARUSDT,1667952000000,1667970000000,1,1.01018312,2.61000000,2.51200000,-0.0375478927,-375.4789,24.0000,-399.4789
NEARUSDT,1667988000000,1668006000000,1,1.00855352,2.20700000,2.19200000,-0.0067965564,-67.9656,24.0000,-91.9656
NEARUSDT,1668013200000,1668031200000,1,1.00856502,2.15800000,2.03500000,-0.0569972196,-569.9722,24.0000,-593.9722
NEARUSDT,1668085200000,1668103200000,1,1.57565553,2.31600000,2.28300000,-0.0142487047,-142.4870,24.0000,-166.4870
NEARUSDT,1668103200000,1668121200000,1,1.28808966,2.28300000,2.31500000,0.0140166448,140.1664,24.0000,116.1664
NEARUSDT,1668175200000,1668193200000,1,1.06988637,2.11900000,2.07800000,-0.0193487494,-193.4875,24.0000,-217.4875
NEARUSDT,1668204000000,1668222000000,1,1.44847276,2.10600000,2.05100000,-0.0261158594,-261.1586,24.0000,-285.1586
NEARUSDT,1668254400000,1668272400000,1,1.07815139,2.03100000,2.04800000,0.0083702610,83.7026,24.0000,59.7026
NEARUSDT,1668297600000,1668315600000,1,1.00464938,2.03800000,2.04900000,0.0053974485,53.9745,24.0000,29.9745
NEARUSDT,1668344400000,1668362400000,1,1.02448497,1.97500000,1.97100000,-0.0020253165,-20.2532,24.0000,-44.2532
NEARUSDT,1668405600000,1668423600000,1,1.24599422,1.90600000,1.98500000,0.0414480588,414.4806,24.0000,390.4806
NEARUSDT,1671739200000,1671757200000,1,1.09089628,1.30500000,1.34100000,0.0275862069,275.8621,24.0000,251.8621
NEARUSDT,1672642800000,1672660800000,1,1.19247445,1.30300000,1.31600000,0.0099769762,99.7698,24.0000,75.7698
NEARUSDT,1673463600000,1673481600000,1,1.04213485,1.68500000,1.83400000,0.0884272997,884.2730,24.0000,860.2730
NEARUSDT,1676966400000,1676984400000,-1,-1.04800710,2.58600000,2.54800000,0.0146945089,146.9451,24.0000,122.9451
NEARUSDT,1683720000000,1683738000000,1,1.21617096,1.65800000,1.61900000,-0.0235223160,-235.2232,24.0000,-259.2232
NEARUSDT,1683745200000,1683763200000,1,1.05105347,1.66700000,1.62000000,-0.0281943611,-281.9436,24.0000,-305.9436
NEARUSDT,1683806400000,1683824400000,1,1.00380614,1.60400000,1.57300000,-0.0193266833,-193.2668,24.0000,-217.2668
NEARUSDT,1683828000000,1683846000000,1,1.09143759,1.57700000,1.59500000,0.0114140774,114.1408,24.0000,90.1408
NEARUSDT,1684112400000,1684130400000,1,1.27511538,1.68100000,1.68900000,0.0047590720,47.5907,24.0000,23.5907
NEARUSDT,1685235600000,1685253600000,-1,-1.02655951,1.63700000,1.63800000,-0.0006108735,-6.1087,24.0000,-30.1087
NEARUSDT,1685300400000,1685318400000,-1,-1.13661219,1.64200000,1.66600000,-0.0146163216,-146.1632,24.0000,-170.1632
NEARUSDT,1685329200000,1685347200000,-1,-1.13621447,1.64400000,1.64200000,0.0012165450,12.1655,24.0000,-11.8345
NEARUSDT,1685354400000,1685372400000,-1,-1.14199146,1.63200000,1.62800000,0.0024509804,24.5098,24.0000,0.5098
NEARUSDT,1685372400000,1685390400000,-1,-1.08002645,1.62800000,1.63900000,-0.0067567568,-67.5676,24.0000,-91.5676
NEARUSDT,1685498400000,1685516400000,-1,-1.14070067,1.58200000,1.56900000,0.0082174463,82.1745,24.0000,58.1745
NEARUSDT,1686762000000,1686780000000,1,1.04470081,1.22800000,1.16600000,-0.0504885993,-504.8860,24.0000,-528.8860
NEARUSDT,1686924000000,1686942000000,1,1.15967043,1.19600000,1.22300000,0.0225752508,225.7525,24.0000,201.7525
NEARUSDT,1686978000000,1686996000000,1,1.01680789,1.24300000,1.26600000,0.0185036203,185.0362,24.0000,161.0362
NEARUSDT,1692450000000,1692468000000,1,1.56833641,1.16700000,1.16600000,-0.0008568980,-8.5690,24.0000,-32.5690
NEARUSDT,1696377600000,1696395600000,-1,-1.03172717,1.07300000,1.08700000,-0.0130475303,-130.4753,24.0000,-154.4753
NEARUSDT,1697940000000,1697958000000,-1,-1.06319477,1.03800000,1.03000000,0.0077071291,77.0713,24.0000,53.0713
NEARUSDT,1697958000000,1697976000000,-1,-1.30334180,1.03000000,1.02700000,0.0029126214,29.1262,24.0000,5.1262
NEARUSDT,1698159600000,1698177600000,-1,-1.03228774,1.11200000,1.11900000,-0.0062949640,-62.9496,24.0000,-86.9496
NEARUSDT,1698368400000,1698386400000,-1,-1.22081911,1.16100000,1.19100000,-0.0258397933,-258.3979,24.0000,-282.3979
NEARUSDT,1698415200000,1698433200000,-1,-1.03998734,1.23000000,1.23500000,-0.0040650407,-40.6504,24.0000,-64.6504
NEARUSDT,1698483600000,1698501600000,-1,-1.08778676,1.24600000,1.21400000,0.0256821830,256.8218,24.0000,232.8218
NEARUSDT,1698685200000,1698703200000,-1,-1.01034642,1.26600000,1.32100000,-0.0434439179,-434.4392,24.0000,-458.4392
NEARUSDT,1705208400000,1705226400000,1,1.15078000,3.41200000,3.42600000,0.0041031653,41.0317,24.0000,17.0317
NEARUSDT,1705309200000,1705327200000,1,1.00343400,3.39600000,3.27500000,-0.0356301531,-356.3015,24.0000,-380.3015
NEARUSDT,1705341600000,1705359600000,1,1.14911866,3.35600000,3.30600000,-0.0148986889,-148.9869,24.0000,-172.9869
NEARUSDT,1705392000000,1705410000000,1,1.08157538,3.31000000,3.25300000,-0.0172205438,-172.2054,24.0000,-196.2054
NEARUSDT,1707879600000,1707897600000,-1,-1.00489903,3.26400000,3.39500000,-0.0401348039,-401.3480,24.0000,-425.3480
NEARUSDT,1707901200000,1707919200000,-1,-1.10418149,3.41600000,3.34500000,0.0207845433,207.8454,24.0000,183.8454
NEARUSDT,1707919200000,1707937200000,-1,-1.28614428,3.34500000,3.31100000,0.0101644245,101.6442,24.0000,77.6442
NEARUSDT,1707955200000,1707973200000,-1,-1.20707698,3.36900000,3.28200000,0.0258236866,258.2369,24.0000,234.2369
NEARUSDT,1707987600000,1708005600000,-1,-1.32515840,3.34700000,3.38800000,-0.0122497759,-122.4978,24.0000,-146.4978
NEARUSDT,1708005600000,1708023600000,-1,-1.07224873,3.38800000,3.37300000,0.0044273908,44.2739,24.0000,20.2739
NEARUSDT,1708038000000,1708056000000,-1,-1.06196215,3.39900000,3.42100000,-0.0064724919,-64.7249,24.0000,-88.7249
NEARUSDT,1708056000000,1708074000000,-1,-1.33725971,3.42100000,3.31500000,0.0309850921,309.8509,24.0000,285.8509
NEARUSDT,1708074000000,1708092000000,-1,-1.37896019,3.31500000,3.23100000,0.0253393665,253.3937,24.0000,229.3937
NEARUSDT,1708092000000,1708110000000,-1,-1.63234398,3.23100000,3.21900000,0.0037140204,37.1402,24.0000,13.1402
NEARUSDT,1708156800000,1708174800000,-1,-1.46391454,3.26300000,3.20600000,0.0174685872,174.6859,24.0000,150.6859
NEARUSDT,1708174800000,1708192800000,-1,-1.56985090,3.20600000,3.23400000,-0.0087336245,-87.3362,24.0000,-111.3362
NEARUSDT,1708210800000,1708228800000,-1,-1.34391411,3.33100000,3.39500000,-0.0192134494,-192.1345,24.0000,-216.1345
NEARUSDT,1708236000000,1708254000000,-1,-1.30184847,3.36700000,3.41700000,-0.0148500149,-148.5001,24.0000,-172.5001
NEARUSDT,1708254000000,1708272000000,-1,-1.10797354,3.41700000,3.53600000,-0.0348258706,-348.2587,24.0000,-372.2587
NEARUSDT,1708272000000,1708290000000,-1,-1.06590386,3.53600000,3.53100000,0.0014140271,14.1403,24.0000,-9.8597
NEARUSDT,1708304400000,1708322400000,-1,-1.31093232,3.61000000,3.59200000,0.0049861496,49.8615,24.0000,25.8615
NEARUSDT,1708322400000,1708340400000,-1,-1.37124937,3.59200000,3.54300000,0.0136414254,136.4143,24.0000,112.4143
NEARUSDT,1708347600000,1708365600000,-1,-1.46241316,3.50000000,3.52000000,-0.0057142857,-57.1429,24.0000,-81.1429
NEARUSDT,1708380000000,1708398000000,-1,-1.27037501,3.57900000,3.40600000,0.0483375244,483.3752,24.0000,459.3752
NEARUSDT,1708419600000,1708437600000,-1,-1.39047423,3.41600000,3.37800000,0.0111241218,111.2412,24.0000,87.2412
NEARUSDT,1708437600000,1708455600000,-1,-1.66101402,3.37800000,3.35800000,0.0059206631,59.2066,24.0000,35.2066
NEARUSDT,1708498800000,1708516800000,-1,-1.11499512,3.22500000,3.20400000,0.0065116279,65.1163,24.0000,41.1163
NEARUSDT,1708520400000,1708538400000,-1,-1.14301462,3.17700000,3.12000000,0.0179414542,179.4145,24.0000,155.4145
NEARUSDT,1708538400000,1708556400000,-1,-1.10506972,3.12000000,3.24100000,-0.0387820513,-387.8205,24.0000,-411.8205
NEARUSDT,1708560000000,1708578000000,-1,-1.06823593,3.18900000,3.17500000,0.0043900909,43.9009,24.0000,19.9009
NEARUSDT,1708596000000,1708614000000,-1,-1.05923823,3.26800000,3.24800000,0.0061199510,61.1995,24.0000,37.1995
NEARUSDT,1708736400000,1708754400000,-1,-1.20444023,3.30900000,3.51200000,-0.0613478392,-613.4784,24.0000,-637.4784
NEARUSDT,1708761600000,1708779600000,-1,-1.04059859,3.52000000,3.55800000,-0.0107954545,-107.9545,24.0000,-131.9545
NEARUSDT,1708804800000,1708822800000,-1,-1.00711850,3.79900000,3.79100000,0.0021058173,21.0582,24.0000,-2.9418
NEARUSDT,1708830000000,1708848000000,-1,-1.05429961,3.72000000,3.74100000,-0.0056451613,-56.4516,24.0000,-80.4516
NEARUSDT,1708938000000,1708956000000,-1,-1.49424908,3.71000000,4.06600000,-0.0959568733,-959.5687,24.0000,-983.5687
NEARUSDT,1708970400000,1708988400000,-1,-1.21324648,4.09100000,4.09700000,-0.0014666341,-14.6663,24.0000,-38.6663
NEARUSDT,1709035200000,1709053200000,-1,-1.02480251,3.97200000,3.96800000,0.0010070493,10.0705,24.0000,-13.9295
NEARUSDT,1709100000000,1709118000000,-1,-1.09592632,3.85800000,3.88400000,-0.0067392431,-67.3924,24.0000,-91.3924
NEARUSDT,1709118000000,1709136000000,-1,-1.31230670,3.88400000,4.05800000,-0.0447991761,-447.9918,24.0000,-471.9918
NEARUSDT,1709139600000,1709157600000,-1,-1.31508105,3.85600000,3.87600000,-0.0051867220,-51.8672,24.0000,-75.8672
NEARUSDT,1709424000000,1709442000000,-1,-1.29976564,4.34100000,4.26700000,0.0170467634,170.4676,24.0000,146.4676
NEARUSDT,1709445600000,1709463600000,-1,-1.09695391,4.20700000,4.21800000,-0.0026146898,-26.1469,24.0000,-50.1469
NEARUSDT,1709665200000,1709683200000,-1,-1.27695085,3.85100000,4.10300000,-0.0654375487,-654.3755,24.0000,-678.3755
NEARUSDT,1709715600000,1709733600000,-1,-1.08464781,4.42300000,4.47300000,-0.0113045444,-113.0454,24.0000,-137.0454
NEARUSDT,1709733600000,1709751600000,-1,-1.00257653,4.47300000,5.37900000,-0.2025486251,-2025.4863,24.0000,-2049.4863
NEARUSDT,1709755200000,1709773200000,-1,-1.11999172,5.34500000,5.79800000,-0.0847521048,-847.5210,24.0000,-871.5210
NEARUSDT,1710468000000,1710486000000,-1,-1.04600161,8.44800000,7.97300000,0.0562263258,562.2633,24.0000,538.2633
NEARUSDT,1710489600000,1710507600000,-1,-1.01222618,7.40500000,7.71400000,-0.0417285618,-417.2856,24.0000,-441.2856
NEARUSDT,1717783200000,1717801200000,-1,-1.20259194,6.67600000,6.87500000,-0.0298082684,-298.0827,24.0000,-322.0827
NEARUSDT,1718866800000,1718884800000,1,1.02559730,5.42500000,5.39500000,-0.0055299539,-55.2995,24.0000,-79.2995
NEARUSDT,1718902800000,1718920800000,1,1.06289836,5.29300000,5.21000000,-0.0156810882,-156.8109,24.0000,-180.8109
NEARUSDT,1719730800000,1719748800000,1,1.03037494,5.03500000,4.99900000,-0.0071499503,-71.4995,24.0000,-95.4995
NEARUSDT,1720314000000,1720332000000,1,1.19532087,4.77400000,4.74700000,-0.0056556347,-56.5563,24.0000,-80.5563
NEARUSDT,1720335600000,1720353600000,1,1.00091294,4.71200000,4.75700000,0.0095500849,95.5008,24.0000,71.5008
NEARUSDT,1720360800000,1720378800000,1,1.09206477,4.58800000,4.57900000,-0.0019616391,-19.6164,24.0000,-43.6164
NEARUSDT,1720382400000,1720400400000,1,1.03343248,4.53800000,4.27700000,-0.0575143235,-575.1432,24.0000,-599.1432
NEARUSDT,1720425600000,1720443600000,1,1.21328050,4.64200000,4.69100000,0.0105557949,105.5579,24.0000,81.5579
NEARUSDT,1720584000000,1720602000000,1,1.08160368,4.70500000,4.60600000,-0.0210414453,-210.4145,24.0000,-234.4145
NEARUSDT,1723078800000,1723096800000,1,1.00270339,3.66700000,3.72700000,0.0163621489,163.6215,24.0000,139.6215
NEARUSDT,1723410000000,1723428000000,1,1.02121220,3.95300000,3.93600000,-0.0043005312,-43.0053,24.0000,-67.0053
NEARUSDT,1723471200000,1723489200000,1,1.01146079,4.08600000,4.03300000,-0.0129711209,-129.7112,24.0000,-153.7112
NEARUSDT,1729083600000,1729101600000,-1,-1.04547141,4.90700000,4.90700000,-0.0000000000,-0.0000,24.0000,-24.0000
NEARUSDT,1729162800000,1729180800000,-1,-1.02019736,4.71500000,4.74300000,-0.0059384942,-59.3849,24.0000,-83.3849
NEARUSDT,1729180800000,1729198800000,-1,-1.01874212,4.74300000,4.73400000,0.0018975332,18.9753,24.0000,-5.0247
NEARUSDT,1731524400000,1731542400000,-1,-1.26979058,5.10100000,5.08300000,0.0035287199,35.2872,24.0000,11.2872
NEARUSDT,1731643200000,1731661200000,-1,-1.06109737,5.23100000,5.56500000,-0.0638501243,-638.5012,24.0000,-662.5012
NEARUSDT,1732327200000,1732345200000,-1,-1.19486189,6.10400000,6.38100000,-0.0453800786,-453.8008,24.0000,-477.8008
NEARUSDT,1732348800000,1732366800000,-1,-1.09326781,6.27900000,6.36200000,-0.0132186654,-132.1867,24.0000,-156.1867
NEARUSDT,1732377600000,1732395600000,-1,-1.23170224,6.24100000,6.23900000,0.0003204615,3.2046,24.0000,-20.7954
NEARUSDT,1732420800000,1732438800000,-1,-1.13631953,6.45300000,6.52700000,-0.0114675345,-114.6753,24.0000,-138.6753
NEARUSDT,1732446000000,1732464000000,-1,-1.30210643,6.26400000,6.39000000,-0.0201149425,-201.1494,24.0000,-225.1494
NEARUSDT,1738551600000,1738569600000,1,1.02606985,3.13500000,3.36100000,0.0720893142,720.8931,24.0000,696.8931
NEARUSDT,1741248000000,1741266000000,1,1.09444826,3.07600000,3.10900000,0.0107282185,107.2822,24.0000,83.2822
NEARUSDT,1741273200000,1741291200000,1,1.13256888,3.22500000,3.11800000,-0.0331782946,-331.7829,24.0000,-355.7829
NEARUSDT,1744218000000,1744236000000,1,1.19914813,2.13200000,2.11500000,-0.0079737336,-79.7373,24.0000,-103.7373
NEARUSDT,1744430400000,1744448400000,1,1.03882721,2.10900000,2.11600000,0.0033191086,33.1911,24.0000,9.1911
NEARUSDT,1744891200000,1744909200000,1,1.05280883,2.04700000,2.07200000,0.0122129946,122.1299,24.0000,98.1299
NEARUSDT,1751234400000,1751252400000,1,1.13012772,2.27700000,2.20500000,-0.0316205534,-316.2055,24.0000,-340.2055
NEARUSDT,1751428800000,1751446800000,1,1.04486213,2.11400000,2.12900000,0.0070955535,70.9555,24.0000,46.9555
NEARUSDT,1755442800000,1755460800000,1,1.05321365,2.82700000,2.72100000,-0.0374955784,-374.9558,24.0000,-398.9558
NEARUSDT,1756267200000,1756285200000,1,1.09217980,2.56500000,2.50700000,-0.0226120858,-226.1209,24.0000,-250.1209
NEARUSDT,1756303200000,1756321200000,1,1.12258838,2.53800000,2.53700000,-0.0003940110,-3.9401,24.0000,-27.9401
NEARUSDT,1756324800000,1756342800000,1,1.21118367,2.57600000,2.52300000,-0.0205745342,-205.7453,24.0000,-229.7453
NEARUSDT,1756710000000,1756728000000,1,1.00125816,2.41200000,2.38300000,-0.0120232172,-120.2322,24.0000,-144.2322
NEARUSDT,1756818000000,1756836000000,1,1.06413448,2.40100000,2.38200000,-0.0079133694,-79.1337,24.0000,-103.1337
NEARUSDT,1765119600000,1765137600000,1,1.04936880,1.69900000,1.76800000,0.0406121248,406.1212,24.0000,382.1212
NEARUSDT,1765515600000,1765533600000,1,1.01120587,1.70400000,1.70200000,-0.0011737089,-11.7371,24.0000,-35.7371
NEARUSDT,1765756800000,1765774800000,1,1.12785136,1.60300000,1.63300000,0.0187149095,187.1491,24.0000,163.1491
NEARUSDT,1765821600000,1765839600000,1,1.02401411,1.51700000,1.54500000,0.0184574819,184.5748,24.0000,160.5748
NEARUSDT,1765879200000,1765897200000,1,1.02214427,1.54600000,1.55800000,0.0077619664,77.6197,24.0000,53.6197
NEARUSDT,1765897200000,1765915200000,1,1.00935938,1.55800000,1.61000000,0.0333761232,333.7612,24.0000,309.7612
NEARUSDT,1765980000000,1765998000000,1,1.28482218,1.58600000,1.48600000,-0.0630517024,-630.5170,24.0000,-654.5170
NEARUSDT,1765998000000,1766016000000,1,1.11142939,1.48600000,1.48400000,-0.0013458950,-13.4590,24.0000,-37.4590
NEARUSDT,1766628000000,1766646000000,1,1.02156989,1.50000000,1.50100000,0.0006666667,6.6667,24.0000,-17.3333
NEARUSDT,1769526000000,1769544000000,1,1.04579908,1.47000000,1.50000000,0.0204081633,204.0816,24.0000,180.0816
NEARUSDT,1769990400000,1770008400000,1,1.21115538,1.19400000,1.15500000,-0.0326633166,-326.6332,24.0000,-350.6332
NEARUSDT,1770012000000,1770030000000,1,1.19144892,1.17100000,1.18100000,0.0085397096,85.3971,24.0000,61.3971
NEARUSDT,1770040800000,1770058800000,1,1.08266747,1.21300000,1.21200000,-0.0008244023,-8.2440,24.0000,-32.2440
NEARUSDT,1770130800000,1770148800000,1,1.04429891,1.20600000,1.21600000,0.0082918740,82.9187,24.0000,58.9187
NEARUSDT,1772503200000,1772521200000,-1,-1.03783895,1.38000000,1.34300000,0.0268115942,268.1159,24.0000,244.1159
NEARUSDT,1772593200000,1772611200000,-1,-1.26732191,1.39500000,1.39900000,-0.0028673835,-28.6738,24.0000,-52.6738
NEARUSDT,1772611200000,1772629200000,-1,-1.04667239,1.39900000,1.34000000,0.0421729807,421.7298,24.0000,397.7298
NEARUSDT,1772632800000,1772650800000,-1,-1.23069706,1.33900000,1.32500000,0.0104555639,104.5556,24.0000,80.5556
NEARUSDT,1772672400000,1772690400000,-1,-1.07406304,1.24600000,1.29000000,-0.0353130016,-353.1300,24.0000,-377.1300
NEARUSDT,1772722800000,1772740800000,-1,-1.04988631,1.27000000,1.27500000,-0.0039370079,-39.3701,24.0000,-63.3701
NEARUSDT,1772758800000,1772776800000,-1,-1.14422824,1.29100000,1.26500000,0.0201394268,201.3943,24.0000,177.3943
NEARUSDT,1772802000000,1772820000000,-1,-1.43849349,1.24100000,1.23600000,0.0040290089,40.2901,24.0000,16.2901
NEARUSDT,1772820000000,1772838000000,-1,-1.09032671,1.23600000,1.22700000,0.0072815534,72.8155,24.0000,48.8155
NEARUSDT,1772910000000,1772928000000,-1,-1.43976020,1.21000000,1.21300000,-0.0024793388,-24.7934,24.0000,-48.7934
NEARUSDT,1772935200000,1772953200000,-1,-1.14799424,1.20100000,1.20200000,-0.0008326395,-8.3264,24.0000,-32.3264
NEARUSDT,1772967600000,1772985600000,-1,-1.06447643,1.24500000,1.21300000,0.0257028112,257.0281,24.0000,233.0281
NEARUSDT,1773007200000,1773025200000,-1,-1.01394404,1.21800000,1.24100000,-0.0188834154,-188.8342,24.0000,-212.8342
NEARUSDT,1773302400000,1773320400000,-1,-1.05249658,1.31700000,1.32200000,-0.0037965072,-37.9651,24.0000,-61.9651
NEARUSDT,1773324000000,1773342000000,-1,-1.00137106,1.31800000,1.34000000,-0.0166919575,-166.9196,24.0000,-190.9196
NEARUSDT,1773367200000,1773385200000,-1,-1.43332393,1.38800000,1.34500000,0.0309798271,309.7983,24.0000,285.7983
NEARUSDT,1773388800000,1773406800000,-1,-1.29791247,1.33000000,1.35600000,-0.0195488722,-195.4887,24.0000,-219.4887
NEARUSDT,1773406800000,1773424800000,-1,-1.10624343,1.35600000,1.34600000,0.0073746313,73.7463,24.0000,49.7463
NEARUSDT,1773543600000,1773561600000,-1,-1.27175660,1.35600000,1.34800000,0.0058997050,58.9971,24.0000,34.9971
NEARUSDT,1773565200000,1773583200000,-1,-1.18394090,1.34900000,1.33600000,0.0096367680,96.3677,24.0000,72.3677
NEARUSDT,1773583200000,1773601200000,-1,-1.38120565,1.33600000,1.34100000,-0.0037425150,-37.4251,24.0000,-61.4251
NEARUSDT,1773608400000,1773626400000,-1,-1.03458485,1.35600000,1.37100000,-0.0110619469,-110.6195,24.0000,-134.6195
NEARUSDT,1773640800000,1773658800000,-1,-1.12680088,1.40100000,1.39200000,0.0064239829,64.2398,24.0000,40.2398
NEARUSDT,1773669600000,1773687600000,-1,-1.13178228,1.41600000,1.44600000,-0.0211864407,-211.8644,24.0000,-235.8644
NEARUSDT,1773702000000,1773720000000,-1,-1.12439518,1.49000000,1.44100000,0.0328859060,328.8591,24.0000,304.8591
NEARUSDT,1773745200000,1773763200000,-1,-1.19665984,1.44400000,1.46300000,-0.0131578947,-131.5789,24.0000,-155.5789
NEARUSDT,1773831600000,1773849600000,-1,-1.43733064,1.43400000,1.37900000,0.0383542538,383.5425,24.0000,359.5425
NEARUSDT,1773849600000,1773867600000,-1,-1.16770326,1.37900000,1.39300000,-0.0101522843,-101.5228,24.0000,-125.5228
NEARUSDT,1773921600000,1773939600000,-1,-1.11330206,1.33600000,1.33500000,0.0007485030,7.4850,24.0000,-16.5150
NEARUSDT,1773993600000,1774011600000,-1,-1.01770916,1.34700000,1.33300000,0.0103934670,103.9347,24.0000,79.9347
NEARUSDT,1774015200000,1774033200000,-1,-1.07688490,1.32500000,1.32200000,0.0022641509,22.6415,24.0000,-1.3585
NEARUSDT,1774134000000,1774152000000,-1,-1.10757466,1.28100000,1.30200000,-0.0163934426,-163.9344,24.0000,-187.9344
NEARUSDT,1779519600000,1779537600000,-1,-1.11327639,2.02700000,2.10200000,-0.0370004933,-370.0049,24.0000,-394.0049
NEARUSDT,1779555600000,1779573600000,-1,-1.13285448,2.35100000,2.42000000,-0.0293492131,-293.4921,24.0000,-317.4921
NEARUSDT,1782316800000,1782334800000,-1,-1.00159645,1.88700000,1.96800000,-0.0429252782,-429.2528,24.0000,-453.2528
NEARUSDT,1782392400000,1782410400000,-1,-1.10692271,1.81200000,1.85400000,-0.0231788079,-231.7881,24.0000,-255.7881
ARBUSDT,1683680400000,1683698400000,1,1.11927824,1.12700000,1.13510000,0.0071872227,71.8722,24.0000,47.8722
ARBUSDT,1683698400000,1683716400000,1,1.11748393,1.13510000,1.12060000,-0.0127742049,-127.7420,24.0000,-151.7420
ARBUSDT,1683720000000,1683738000000,1,1.48840719,1.19350000,1.15250000,-0.0343527440,-343.5274,24.0000,-367.5274
ARBUSDT,1683745200000,1683763200000,1,1.00566681,1.15850000,1.14040000,-0.0156236513,-156.2365,24.0000,-180.2365
ARBUSDT,1686499200000,1686517200000,1,1.08321157,0.99840000,1.00400000,0.0056089744,56.0897,24.0000,32.0897
ARBUSDT,1686538800000,1686556800000,1,1.14310531,0.96730000,0.97640000,0.0094076295,94.0763,24.0000,70.0763
ARBUSDT,1686556800000,1686574800000,1,1.31692196,0.97640000,0.98130000,0.0050184351,50.1844,24.0000,26.1844
ARBUSDT,1686585600000,1686603600000,1,1.02928218,0.97420000,0.98070000,0.0066721412,66.7214,24.0000,42.7214
ARBUSDT,1686927600000,1686945600000,1,1.05129142,0.94870000,0.98170000,0.0347844419,347.8444,24.0000,323.8444
ARBUSDT,1692457200000,1692475200000,1,1.38678086,1.02280000,1.01800000,-0.0046929996,-46.9300,24.0000,-70.9300
ARBUSDT,1692475200000,1692493200000,1,1.01624607,1.01800000,1.02470000,0.0065815324,65.8153,24.0000,41.8153
ARBUSDT,1696377600000,1696395600000,-1,-1.40441264,0.87100000,0.88240000,-0.0130884041,-130.8840,24.0000,-154.8840
ARBUSDT,1696424400000,1696442400000,-1,-1.03315854,0.87680000,0.87750000,-0.0007983577,-7.9836,24.0000,-31.9836
ARBUSDT,1697958000000,1697976000000,-1,-1.30958381,0.82760000,0.82770000,-0.0001208313,-1.2083,24.0000,-25.2083
ARBUSDT,1698292800000,1698310800000,-1,-1.08969707,0.96120000,0.97430000,-0.0136287973,-136.2880,24.0000,-160.2880
ARBUSDT,1698310800000,1698328800000,-1,-1.02304880,0.97430000,0.93990000,0.0353074002,353.0740,24.0000,329.0740
ARBUSDT,1698328800000,1698346800000,-1,-1.08162396,0.93990000,0.94610000,-0.0065964464,-65.9645,24.0000,-89.9645
ARBUSDT,1698368400000,1698386400000,-1,-1.16918603,0.91170000,0.92230000,-0.0116266316,-116.2663,24.0000,-140.2663
ARBUSDT,1698415200000,1698433200000,-1,-1.10238455,0.90740000,0.90540000,0.0022040996,22.0410,24.0000,-1.9590
ARBUSDT,1698494400000,1698512400000,-1,-1.00828553,0.91350000,0.92190000,-0.0091954023,-91.9540,24.0000,-115.9540
ARBUSDT,1705309200000,1705327200000,1,1.00372509,2.13370000,2.10830000,-0.0119042040,-119.0420,24.0000,-143.0420
ARBUSDT,1707904800000,1707922800000,-1,-1.02807401,2.11680000,2.08950000,0.0128968254,128.9683,24.0000,104.9683
ARBUSDT,1707922800000,1707940800000,-1,-1.16049312,2.08950000,2.08550000,0.0019143336,19.1433,24.0000,-4.8567
ARBUSDT,1707958800000,1707976800000,-1,-1.48573057,2.13010000,2.09590000,0.0160555842,160.5558,24.0000,136.5558
ARBUSDT,1707991200000,1708009200000,-1,-1.17709808,2.12660000,2.09860000,0.0131665569,131.6656,24.0000,107.6656
ARBUSDT,1708009200000,1708027200000,-1,-1.47357207,2.09860000,2.07430000,0.0115791480,115.7915,24.0000,91.7915
ARBUSDT,1708030800000,1708048800000,-1,-1.43373371,2.04190000,2.08490000,-0.0210588178,-210.5882,24.0000,-234.5882
ARBUSDT,1708066800000,1708084800000,-1,-1.33109332,2.02770000,2.06160000,-0.0167184495,-167.1845,24.0000,-191.1845
ARBUSDT,1708088400000,1708106400000,-1,-1.28746690,2.04230000,1.99260000,0.0243353082,243.3531,24.0000,219.3531
ARBUSDT,1708156800000,1708174800000,-1,-1.24646835,1.95880000,1.93040000,0.0144986727,144.9867,24.0000,120.9867
ARBUSDT,1708174800000,1708192800000,-1,-1.35768430,1.93040000,1.95600000,-0.0132615002,-132.6150,24.0000,-156.6150
ARBUSDT,1708221600000,1708239600000,-1,-1.11537403,1.94880000,2.00620000,-0.0294540230,-294.5402,24.0000,-318.5402
ARBUSDT,1708243200000,1708261200000,-1,-1.07666559,2.00320000,1.99670000,0.0032448083,32.4481,24.0000,8.4481
ARBUSDT,1708272000000,1708290000000,-1,-1.08705884,2.01200000,2.01970000,-0.0038270378,-38.2704,24.0000,-62.2704
ARBUSDT,1708297200000,1708315200000,-1,-1.09249847,2.03960000,2.05040000,-0.0052951559,-52.9516,24.0000,-76.9516
ARBUSDT,1708318800000,1708336800000,-1,-1.09907025,2.05320000,2.06590000,-0.0061854666,-61.8547,24.0000,-85.8547
ARBUSDT,1708336800000,1708354800000,-1,-1.11669432,2.06590000,2.04270000,0.0112299724,112.2997,24.0000,88.2997
ARBUSDT,1708358400000,1708376400000,-1,-1.23166216,2.02930000,2.06410000,-0.0171487705,-171.4877,24.0000,-195.4877
ARBUSDT,1708387200000,1708405200000,-1,-1.30778116,2.02580000,2.01380000,0.0059235857,59.2359,24.0000,35.2359
ARBUSDT,1708419600000,1708437600000,-1,-1.20840745,1.97650000,2.00420000,-0.0140146724,-140.1467,24.0000,-164.1467
ARBUSDT,1708437600000,1708455600000,-1,-1.38175461,2.00420000,1.96660000,0.0187606027,187.6060,24.0000,163.6060
ARBUSDT,1708498800000,1708516800000,-1,-1.13002559,1.89330000,1.87060000,0.0119896477,119.8965,24.0000,95.8965
ARBUSDT,1708524000000,1708542000000,-1,-1.11666636,1.83880000,1.83600000,0.0015227322,15.2273,24.0000,-8.7727
ARBUSDT,1708563600000,1708581600000,-1,-1.00442198,1.79100000,1.85100000,-0.0335008375,-335.0084,24.0000,-359.0084
ARBUSDT,1708736400000,1708754400000,-1,-1.06363416,1.75580000,1.80830000,-0.0299008999,-299.0090,24.0000,-323.0090
ARBUSDT,1708930800000,1708948800000,-1,-1.00028943,1.85030000,1.83110000,0.0103766957,103.7670,24.0000,79.7670
ARBUSDT,1709002800000,1709020800000,-1,-1.04564463,1.91100000,1.91670000,-0.0029827316,-29.8273,24.0000,-53.8273
ARBUSDT,1709046000000,1709064000000,-1,-1.07662938,1.88710000,1.89180000,-0.0024905940,-24.9059,24.0000,-48.9059
ARBUSDT,1709118000000,1709136000000,-1,-1.17297301,1.89050000,1.96130000,-0.0374504099,-374.5041,24.0000,-398.5041
ARBUSDT,1709139600000,1709157600000,-1,-1.21137673,1.88640000,1.89530000,-0.0047179813,-47.1798,24.0000,-71.1798
ARBUSDT,1709168400000,1709186400000,-1,-1.00440208,1.98360000,2.01070000,-0.0136620286,-136.6203,24.0000,-160.6203
ARBUSDT,1709186400000,1709204400000,-1,-1.08377101,2.01070000,2.00470000,0.0029840354,29.8404,24.0000,5.8404
ARBUSDT,1709222400000,1709240400000,-1,-1.10321655,1.97410000,1.96870000,0.0027354237,27.3542,24.0000,3.3542
ARBUSDT,1709240400000,1709258400000,-1,-1.20221160,1.96870000,1.98570000,-0.0086351399,-86.3514,24.0000,-110.3514
ARBUSDT,1709301600000,1709319600000,-1,-1.16774365,1.97380000,1.97620000,-0.0012159287,-12.1593,24.0000,-36.1593
ARBUSDT,1709427600000,1709445600000,-1,-1.03295652,2.09860000,2.11230000,-0.0065281616,-65.2816,24.0000,-89.2816
ARBUSDT,1709445600000,1709463600000,-1,-1.20748414,2.11230000,2.08350000,0.0136344269,136.3443,24.0000,112.3443
ARBUSDT,1709467200000,1709485200000,-1,-1.14619797,2.06250000,2.07190000,-0.0045575758,-45.5758,24.0000,-69.5758
ARBUSDT,1709557200000,1709575200000,-1,-1.07073414,1.97960000,1.98600000,-0.0032329764,-32.3298,24.0000,-56.3298
ARBUSDT,1709665200000,1709683200000,-1,-1.16520252,1.87770000,1.98390000,-0.0565585557,-565.5856,24.0000,-589.5856
ARBUSDT,1709715600000,1709733600000,-1,-1.05530469,2.05310000,2.01750000,0.0173396328,173.3963,24.0000,149.3963
ARBUSDT,1710489600000,1710507600000,-1,-1.00416834,1.84920000,1.90190000,-0.0284988103,-284.9881,24.0000,-308.9881
ARBUSDT,1714737600000,1714755600000,1,1.12694216,1.04300000,1.07410000,0.0298178332,298.1783,24.0000,274.1783
ARBUSDT,1717160400000,1717178400000,-1,-1.01628826,1.13910000,1.12490000,0.0124659819,124.6598,24.0000,100.6598
ARBUSDT,1717650000000,1717668000000,-1,-1.08861127,1.11030000,1.10620000,0.0036926957,36.9270,24.0000,12.9270
ARBUSDT,1717689600000,1717707600000,-1,-1.08628178,1.09920000,1.08940000,0.0089155750,89.1557,24.0000,65.1557
ARBUSDT,1717761600000,1717779600000,-1,-1.06757322,1.08700000,1.05850000,0.0262189512,262.1895,24.0000,238.1895
ARBUSDT,1717779600000,1717797600000,-1,-1.18518459,1.05850000,0.99740000,0.0577231932,577.2319,24.0000,553.2319
ARBUSDT,1720274400000,1720292400000,1,1.27670202,0.64840000,0.69060000,0.0650832819,650.8328,24.0000,626.8328
ARBUSDT,1720425600000,1720443600000,1,1.11716454,0.67980000,0.67420000,-0.0082377170,-82.3772,24.0000,-106.3772
ARBUSDT,1720537200000,1720555200000,1,1.07176759,0.67780000,0.70340000,0.0377692535,377.6925,24.0000,353.6925
ARBUSDT,1720584000000,1720602000000,1,1.04182657,0.72030000,0.70460000,-0.0217964737,-217.9647,24.0000,-241.9647
ARBUSDT,1720623600000,1720641600000,1,1.12837711,0.71710000,0.71330000,-0.0052991215,-52.9912,24.0000,-76.9912
ARBUSDT,1720908000000,1720926000000,1,1.01142117,0.70320000,0.69660000,-0.0093856655,-93.8567,24.0000,-117.8567
ARBUSDT,1720933200000,1720951200000,1,1.02535657,0.70550000,0.70790000,0.0034018427,34.0184,24.0000,10.0184
ARBUSDT,1720969200000,1720987200000,1,1.11382275,0.71200000,0.71130000,-0.0009831461,-9.8315,24.0000,-33.8315
ARBUSDT,1720990800000,1721008800000,1,1.30000519,0.72360000,0.72960000,0.0082918740,82.9187,24.0000,58.9187
ARBUSDT,1721073600000,1721091600000,1,1.08735132,0.75510000,0.77340000,0.0242352006,242.3520,24.0000,218.3520
ARBUSDT,1723471200000,1723489200000,1,1.06121192,0.58810000,0.57990000,-0.0139432069,-139.4321,24.0000,-163.4321
ARBUSDT,1729058400000,1729076400000,-1,-1.10479451,0.57410000,0.57700000,-0.0050513848,-50.5138,24.0000,-74.5138
ARBUSDT,1729080000000,1729098000000,-1,-1.11497766,0.57060000,0.56330000,0.0127935506,127.9355,24.0000,103.9355
ARBUSDT,1729184400000,1729202400000,-1,-1.01750048,0.54870000,0.55060000,-0.0034627301,-34.6273,24.0000,-58.6273
ARBUSDT,1729875600000,1729893600000,-1,-1.04124471,0.53530000,0.53220000,0.0057911452,57.9115,24.0000,33.9115
ARBUSDT,1729897200000,1729915200000,-1,-1.15754465,0.50690000,0.51340000,-0.0128230420,-128.2304,24.0000,-152.2304
ARBUSDT,1730473200000,1730491200000,-1,-1.07692022,0.52350000,0.52270000,0.0015281757,15.2818,24.0000,-8.7182
ARBUSDT,1731301200000,1731319200000,-1,-1.18444353,0.61700000,0.62980000,-0.0207455429,-207.4554,24.0000,-231.4554
ARBUSDT,1731402000000,1731420000000,-1,-1.24861167,0.65330000,0.62740000,0.0396448798,396.4488,24.0000,372.4488
ARBUSDT,1731470400000,1731488400000,-1,-1.07062448,0.58990000,0.58070000,0.0155958637,155.9586,24.0000,131.9586
ARBUSDT,1731510000000,1731528000000,-1,-1.02837284,0.63430000,0.60760000,0.0420936465,420.9365,24.0000,396.9365
ARBUSDT,1731531600000,1731549600000,-1,-1.03919615,0.60230000,0.61560000,-0.0220820189,-220.8202,24.0000,-244.8202
ARBUSDT,1731805200000,1731823200000,-1,-1.15349874,0.69090000,0.70510000,-0.0205529020,-205.5290,24.0000,-229.5290
ARBUSDT,1731927600000,1731945600000,-1,-1.00794400,0.67790000,0.72080000,-0.0632836702,-632.8367,24.0000,-656.8367
ARBUSDT,1732320000000,1732338000000,-1,-1.01880325,0.82250000,0.81530000,0.0087537994,87.5380,24.0000,63.5380
ARBUSDT,1732348800000,1732366800000,-1,-1.02187195,0.84240000,0.85980000,-0.0206552707,-206.5527,24.0000,-230.5527
ARBUSDT,1732366800000,1732384800000,-1,-1.08278895,0.85980000,0.86620000,-0.0074435915,-74.4359,24.0000,-98.4359
ARBUSDT,1732384800000,1732402800000,-1,-1.16762336,0.86620000,0.85540000,0.0124682521,124.6825,24.0000,100.6825
ARBUSDT,1732420800000,1732438800000,-1,-1.24530008,0.88390000,0.87140000,0.0141418713,141.4187,24.0000,117.4187
ARBUSDT,1732446000000,1732464000000,-1,-1.24874722,0.83910000,0.81760000,0.0256226910,256.2269,24.0000,232.2269
ARBUSDT,1733011200000,1733029200000,-1,-1.14326827,0.95370000,0.94630000,0.0077592534,77.5925,24.0000,53.5925
ARBUSDT,1733029200000,1733047200000,-1,-1.07463027,0.94630000,0.95170000,-0.0057064356,-57.0644,24.0000,-81.0644
ARBUSDT,1733068800000,1733086800000,-1,-1.02960113,0.97490000,0.96190000,0.0133347010,133.3470,24.0000,109.3470
ARBUSDT,1733486400000,1733504400000,-1,-1.00615820,1.11430000,1.22240000,-0.0970115768,-970.1158,24.0000,-994.1158
ARBUSDT,1738540800000,1738558800000,1,1.05395114,0.47020000,0.41780000,-0.1114419396,-1114.4194,24.0000,-1138.4194
ARBUSDT,1738558800000,1738576800000,1,1.57612976,0.41780000,0.44100000,0.0555289612,555.2896,24.0000,531.2896
ARBUSDT,1738591200000,1738609200000,1,1.43525464,0.44650000,0.49830000,0.1160134378,1160.1344,24.0000,1136.1344
ARBUSDT,1738890000000,1738908000000,1,1.04646203,0.45180000,0.43970000,-0.0267817618,-267.8176,24.0000,-291.8176
ARBUSDT,1738933200000,1738951200000,1,1.04377878,0.46240000,0.44320000,-0.0415224913,-415.2249,24.0000,-439.2249
ARBUSDT,1749297600000,1749315600000,1,1.01408937,0.34460000,0.34310000,-0.0043528729,-43.5287,24.0000,-67.5287
ARBUSDT,1751036400000,1751054400000,1,1.08596577,0.31200000,0.30740000,-0.0147435897,-147.4359,24.0000,-171.4359
ARBUSDT,1751209200000,1751227200000,1,1.01605020,0.31460000,0.34860000,0.1080737444,1080.7374,24.0000,1056.7374
ARBUSDT,1751230800000,1751248800000,1,1.02359518,0.37070000,0.35660000,-0.0380361478,-380.3615,24.0000,-404.3615
ARBUSDT,1755090000000,1755108000000,1,1.02875487,0.52470000,0.54400000,0.0367829236,367.8292,24.0000,343.8292
ARBUSDT,1755403200000,1755421200000,1,1.06804926,0.51450000,0.52790000,0.0260447036,260.4470,24.0000,236.4470
ARBUSDT,1755439200000,1755457200000,1,1.04535190,0.54710000,0.53340000,-0.0250411259,-250.4113,24.0000,-274.4113
ARBUSDT,1758596400000,1758614400000,1,1.05382065,0.43170000,0.43550000,0.0088024091,88.0241,24.0000,64.0241
ARBUSDT,1760126400000,1760144400000,-1,-1.05354718,0.36420000,0.29150000,0.1996155958,1996.1560,24.0000,1972.1560
ARBUSDT,1764684000000,1764702000000,1,1.07475965,0.20180000,0.21320000,0.0564915758,564.9158,24.0000,540.9158
ARBUSDT,1765980000000,1765998000000,1,1.08712319,0.20160000,0.18660000,-0.0744047619,-744.0476,24.0000,-768.0476
ARBUSDT,1766113200000,1766131200000,1,1.02145468,0.18070000,0.18500000,0.0237963475,237.9635,24.0000,213.9635
ARBUSDT,1768485600000,1768503600000,-1,-1.14278962,0.21480000,0.20750000,0.0339851024,339.8510,24.0000,315.8510
ARBUSDT,1768575600000,1768593600000,-1,-1.01479063,0.20470000,0.20960000,-0.0239374695,-239.3747,24.0000,-263.3747
ARBUSDT,1768777200000,1768795200000,-1,-1.24003890,0.20610000,0.19100000,0.0732654051,732.6541,24.0000,708.6541
ARBUSDT,1769529600000,1769547600000,1,1.06173864,0.17100000,0.17070000,-0.0017543860,-17.5439,24.0000,-41.5439
ARBUSDT,1769626800000,1769644800000,1,1.01218492,0.16990000,0.17130000,0.0082401413,82.4014,24.0000,58.4014
ARBUSDT,1769796000000,1769814000000,1,1.03673870,0.15700000,0.15530000,-0.0108280255,-108.2803,24.0000,-132.2803
ARBUSDT,1770012000000,1770030000000,1,1.03598234,0.13320000,0.13570000,0.0187687688,187.6877,24.0000,163.6877
ARBUSDT,1770735600000,1770753600000,1,1.05563424,0.11140000,0.10950000,-0.0170556553,-170.5566,24.0000,-194.5566
ARBUSDT,1772640000000,1772658000000,-1,-1.03760612,0.10420000,0.10600000,-0.0172744722,-172.7447,24.0000,-196.7447
ARBUSDT,1772784000000,1772802000000,-1,-1.00932167,0.10470000,0.10110000,0.0343839542,343.8395,24.0000,319.8395
ARBUSDT,1772802000000,1772820000000,-1,-1.16504440,0.10110000,0.10010000,0.0098911968,98.9120,24.0000,74.9120
ARBUSDT,1772906400000,1772924400000,-1,-1.12688773,0.09720000,0.09680000,0.0041152263,41.1523,24.0000,17.1523
ARBUSDT,1773410400000,1773428400000,-1,-1.07762257,0.10560000,0.10340000,0.0208333333,208.3333,24.0000,184.3333
ARBUSDT,1773468000000,1773486000000,-1,-1.12344412,0.10110000,0.10030000,0.0079129575,79.1296,24.0000,55.1296
ARBUSDT,1773579600000,1773597600000,-1,-1.01793447,0.10190000,0.10170000,0.0019627085,19.6271,24.0000,-4.3729
ARBUSDT,1773709200000,1773727200000,-1,-1.15132035,0.11030000,0.10790000,0.0217588395,217.5884,24.0000,193.5884
ARBUSDT,1773831600000,1773849600000,-1,-1.39954414,0.10520000,0.10110000,0.0389733840,389.7338,24.0000,365.7338
ARBUSDT,1774134000000,1774152000000,-1,-1.07380439,0.09630000,0.09650000,-0.0020768432,-20.7684,24.0000,-44.7684
MATICUSDT,1641528000000,1641546000000,1,1.03673919,2.12900000,2.16700000,0.0178487553,178.4876,24.0000,154.4876
MATICUSDT,1641571200000,1641589200000,1,1.13445919,2.13600000,2.08700000,-0.0229400749,-229.4007,24.0000,-253.4007
MATICUSDT,1641654000000,1641672000000,1,1.00981148,2.06100000,1.93400000,-0.0616205725,-616.2057,24.0000,-640.2057
MATICUSDT,1641675600000,1641693600000,1,1.32460977,1.99300000,2.02500000,0.0160561967,160.5620,24.0000,136.5620
MATICUSDT,1641747600000,1641765600000,1,1.05881231,2.09500000,2.11600000,0.0100238663,100.2387,24.0000,76.2387
MATICUSDT,1641830400000,1641848400000,1,1.29112464,2.05700000,2.05700000,0.0000000000,0.0000,24.0000,-24.0000
MATICUSDT,1641866400000,1641884400000,1,1.14815558,2.13600000,2.15900000,0.0107677903,107.6779,24.0000,83.6779
MATICUSDT,1641898800000,1641916800000,1,1.24120682,2.19600000,2.30800000,0.0510018215,510.0182,24.0000,486.0182
MATICUSDT,1641916800000,1641934800000,1,1.18386309,2.30800000,2.31600000,0.0034662045,34.6620,24.0000,10.6620
MATICUSDT,1646200800000,1646218800000,-1,-1.10304688,1.61600000,1.67100000,-0.0340346535,-340.3465,24.0000,-364.3465
MATICUSDT,1646226000000,1646244000000,-1,-1.13383370,1.62200000,1.62300000,-0.0006165228,-6.1652,24.0000,-30.1652
MATICUSDT,1646316000000,1646334000000,-1,-1.05087929,1.61200000,1.56100000,0.0316377171,316.3772,24.0000,292.3772
MATICUSDT,1646352000000,1646370000000,-1,-1.01374420,1.53100000,1.53500000,-0.0026126715,-26.1267,24.0000,-50.1267
MATICUSDT,1646848800000,1646866800000,-1,-1.07437907,1.49300000,1.50500000,-0.0080375084,-80.3751,24.0000,-104.3751
MATICUSDT,1649854800000,1649872800000,1,1.12207128,1.41400000,1.42600000,0.0084865629,84.8656,24.0000,60.8656
MATICUSDT,1652274000000,1652292000000,1,1.00404462,0.78700000,0.68900000,-0.1245235070,-1245.2351,24.0000,-1269.2351
MATICUSDT,1654495200000,1654513200000,1,1.05805674,0.64900000,0.64400000,-0.0077041602,-77.0416,24.0000,-101.0416
MATICUSDT,1656853200000,1656871200000,-1,-1.14854078,0.45210000,0.46140000,-0.0205706702,-205.7067,24.0000,-229.7067
MATICUSDT,1657065600000,1657083600000,-1,-1.08219433,0.50840000,0.50820000,0.0003933910,3.9339,24.0000,-20.0661
MATICUSDT,1657195200000,1657213200000,-1,-1.00037526,0.52890000,0.56150000,-0.0616373606,-616.3736,24.0000,-640.3736
MATICUSDT,1657213200000,1657231200000,-1,-1.22448476,0.56150000,0.55780000,0.0065894924,65.8949,24.0000,41.8949
MATICUSDT,1657245600000,1657263600000,-1,-1.10512440,0.58370000,0.57290000,0.0185026555,185.0266,24.0000,161.0266
MATICUSDT,1657263600000,1657281600000,-1,-1.14930664,0.57290000,0.55960000,0.0232152208,232.1522,24.0000,208.1522
MATICUSDT,1657281600000,1657299600000,-1,-1.09514826,0.55960000,0.58910000,-0.0527162259,-527.1623,24.0000,-551.1623
MATICUSDT,1657314000000,1657332000000,-1,-1.06486238,0.60290000,0.59480000,0.0134350639,134.3506,24.0000,110.3506
MATICUSDT,1657411200000,1657429200000,-1,-1.05383513,0.57850000,0.57510000,0.0058772688,58.7727,24.0000,34.7727
MATICUSDT,1657461600000,1657479600000,-1,-1.04907279,0.55400000,0.57820000,-0.0436823105,-436.8231,24.0000,-460.8231
MATICUSDT,1657501200000,1657519200000,-1,-1.00532293,0.55040000,0.53980000,0.0192587209,192.5872,24.0000,168.5872
MATICUSDT,1657609200000,1657627200000,-1,-1.00442519,0.57220000,0.57020000,0.0034952814,34.9528,24.0000,10.9528
MATICUSDT,1657652400000,1657670400000,-1,-1.07734884,0.54900000,0.54100000,0.0145719490,145.7195,24.0000,121.7195
MATICUSDT,1657713600000,1657731600000,-1,-1.13659087,0.53520000,0.57680000,-0.0777279522,-777.2795,24.0000,-801.2795
MATICUSDT,1657843200000,1657861200000,-1,-1.15786794,0.70150000,0.69790000,0.0051318603,51.3186,24.0000,27.3186
MATICUSDT,1657890000000,1657908000000,-1,-1.18273082,0.68720000,0.70330000,-0.0234284051,-234.2841,24.0000,-258.2841
MATICUSDT,1657915200000,1657933200000,-1,-1.13837052,0.71170000,0.69560000,0.0226218912,226.2189,24.0000,202.2189
MATICUSDT,1658332800000,1658350800000,-1,-1.08295006,0.86360000,0.85230000,0.0130847615,130.8476,24.0000,106.8476
MATICUSDT,1664110800000,1664128800000,-1,-1.07904207,0.75150000,0.75050000,0.0013306720,13.3067,24.0000,-10.6933
MATICUSDT,1664139600000,1664157600000,-1,-1.02401486,0.73630000,0.73850000,-0.0029879125,-29.8791,24.0000,-53.8791
MATICUSDT,1665144000000,1665162000000,-1,-1.08845670,0.83460000,0.82910000,0.0065899832,65.8998,24.0000,41.8998
MATICUSDT,1666562400000,1666580400000,1,1.07178729,0.89060000,0.88950000,-0.0012351224,-12.3512,24.0000,-36.3512
MATICUSDT,1668038400000,1668056400000,1,1.17714828,0.85910000,0.95030000,0.1061576068,1061.5761,24.0000,1037.5761
MATICUSDT,1668056400000,1668074400000,1,1.16270364,0.95030000,0.90510000,-0.0475639272,-475.6393,24.0000,-499.6393
MATICUSDT,1668081600000,1668099600000,1,1.02708088,0.93820000,1.07890000,0.1499680239,1499.6802,24.0000,1475.6802
MATICUSDT,1668405600000,1668423600000,1,1.25280630,0.94440000,0.92790000,-0.0174714104,-174.7141,24.0000,-198.7141
MATICUSDT,1671739200000,1671757200000,1,1.04279536,0.79340000,0.79670000,0.0041593143,41.5931,24.0000,17.5931
MATICUSDT,1676966400000,1676984400000,-1,-1.01508753,1.43410000,1.40030000,0.0235687888,235.6879,24.0000,211.6879
MATICUSDT,1683720000000,1683738000000,1,1.03757469,0.89830000,0.86430000,-0.0378492708,-378.4927,24.0000,-402.4927
MATICUSDT,1684897200000,1684915200000,-1,-1.23344541,0.87470000,0.87190000,0.0032010975,32.0110,24.0000,8.0110
MATICUSDT,1684933200000,1684951200000,-1,-1.01190433,0.86250000,0.86810000,-0.0064927536,-64.9275,24.0000,-88.9275
MATICUSDT,1685102400000,1685120400000,-1,-1.15048743,0.92250000,0.90300000,0.0211382114,211.3821,24.0000,187.3821
MATICUSDT,1685314800000,1685332800000,-1,-1.07347697,0.94060000,0.92920000,0.0121199235,121.1992,24.0000,97.1992
MATICUSDT,1685332800000,1685350800000,-1,-1.00370459,0.92920000,0.93040000,-0.0012914335,-12.9143,24.0000,-36.9143
MATICUSDT,1685372400000,1685390400000,-1,-1.13923573,0.92010000,0.91200000,0.0088033909,88.0339,24.0000,64.0339
MATICUSDT,1685451600000,1685469600000,-1,-1.04340890,0.90060000,0.90560000,-0.0055518543,-55.5185,24.0000,-79.5185
MATICUSDT,1685505600000,1685523600000,-1,-1.00296427,0.88580000,0.88930000,-0.0039512305,-39.5123,24.0000,-63.5123
MATICUSDT,1686369600000,1686387600000,-1,-1.04810897,0.60200000,0.57620000,0.0428571429,428.5714,24.0000,404.5714
MATICUSDT,1686560400000,1686578400000,1,1.19789200,0.64330000,0.64580000,0.0038862117,38.8621,24.0000,14.8621
MATICUSDT,1686578400000,1686596400000,1,1.18751091,0.64580000,0.63550000,-0.0159492103,-159.4921,24.0000,-183.4921
MATICUSDT,1686654000000,1686672000000,1,1.08673885,0.66390000,0.63600000,-0.0420244013,-420.2440,24.0000,-444.2440
MATICUSDT,1686978000000,1686996000000,1,1.12918280,0.63070000,0.62350000,-0.0114158871,-114.1589,24.0000,-138.1589
MATICUSDT,1690930800000,1690948800000,1,1.10938548,0.70210000,0.69310000,-0.0128186868,-128.1869,24.0000,-152.1869
MATICUSDT,1692432000000,1692450000000,1,1.28272490,0.58060000,0.57650000,-0.0070616604,-70.6166,24.0000,-94.6166
MATICUSDT,1692457200000,1692475200000,1,1.52103903,0.58420000,0.57360000,-0.0181444711,-181.4447,24.0000,-205.4447
MATICUSDT,1692475200000,1692493200000,1,1.06019859,0.57360000,0.57610000,0.0043584379,43.5844,24.0000,19.5844
MATICUSDT,1692550800000,1692568800000,1,1.07034844,0.57740000,0.58050000,0.0053688950,53.6890,24.0000,29.6890
MATICUSDT,1692594000000,1692612000000,1,1.07479559,0.57530000,0.56250000,-0.0222492613,-222.4926,24.0000,-246.4926
MATICUSDT,1692615600000,1692633600000,1,1.08498537,0.56650000,0.55380000,-0.0224183583,-224.1836,24.0000,-248.1836
MATICUSDT,1692637200000,1692655200000,1,1.02127864,0.55700000,0.55760000,0.0010771993,10.7720,24.0000,-13.2280
MATICUSDT,1696204800000,1696222800000,-1,-1.09709089,0.56390000,0.55930000,0.0081574747,81.5747,24.0000,57.5747
MATICUSDT,1696258800000,1696276800000,-1,-1.11439840,0.55490000,0.55010000,0.0086502072,86.5021,24.0000,62.5021
MATICUSDT,1696377600000,1696395600000,-1,-1.47394445,0.55320000,0.55950000,-0.0113882863,-113.8829,24.0000,-137.8829
MATICUSDT,1696402800000,1696420800000,-1,-1.17017881,0.57330000,0.58740000,-0.0245944532,-245.9445,24.0000,-269.9445
MATICUSDT,1696431600000,1696449600000,-1,-1.38712964,0.56350000,0.55960000,0.0069210293,69.2103,24.0000,45.2103
MATICUSDT,1697932800000,1697950800000,-1,-1.00989520,0.57430000,0.57960000,-0.0092286262,-92.2863,24.0000,-116.2863
MATICUSDT,1697958000000,1697976000000,-1,-1.34660989,0.56520000,0.56130000,0.0069002123,69.0021,24.0000,45.0021
MATICUSDT,1697997600000,1698015600000,-1,-1.12698803,0.58590000,0.60930000,-0.0399385561,-399.3856,24.0000,-423.3856
MATICUSDT,1698051600000,1698069600000,-1,-1.08413417,0.61060000,0.60700000,0.0058958402,58.9584,24.0000,34.9584
MATICUSDT,1698102000000,1698120000000,-1,-1.02009746,0.63690000,0.64540000,-0.0133458942,-133.4589,24.0000,-157.4589
MATICUSDT,1698159600000,1698177600000,-1,-1.06191445,0.62460000,0.62070000,0.0062439962,62.4400,24.0000,38.4400
MATICUSDT,1698217200000,1698235200000,-1,-1.17920587,0.61890000,0.63280000,-0.0224592018,-224.5920,24.0000,-248.5920
MATICUSDT,1698249600000,1698267600000,-1,-1.19440182,0.62930000,0.62820000,0.0017479739,17.4797,24.0000,-6.5203
MATICUSDT,1698292800000,1698310800000,-1,-1.11790348,0.64510000,0.65010000,-0.0077507363,-77.5074,24.0000,-101.5074
MATICUSDT,1698310800000,1698328800000,-1,-1.10890111,0.65010000,0.62760000,0.0346100600,346.1006,24.0000,322.1006
MATICUSDT,1698328800000,1698346800000,-1,-1.19828760,0.62760000,0.63010000,-0.0039834289,-39.8343,24.0000,-63.8343
MATICUSDT,1698390000000,1698408000000,-1,-1.15424262,0.61840000,0.62530000,-0.0111578266,-111.5783,24.0000,-135.5783
MATICUSDT,1698415200000,1698433200000,-1,-1.13373269,0.61870000,0.60890000,0.0158396638,158.3966,24.0000,134.3966
MATICUSDT,1698494400000,1698512400000,-1,-1.07437488,0.61550000,0.62350000,-0.0129975630,-129.9756,24.0000,-153.9756
MATICUSDT,1705240800000,1705258800000,1,1.01386108,0.87150000,0.85100000,-0.0235226621,-235.2266,24.0000,-259.2266
MATICUSDT,1705266000000,1705284000000,1,1.04158237,0.85980000,0.85580000,-0.0046522447,-46.5224,24.0000,-70.5224
MATICUSDT,1705334400000,1705352400000,1,1.10889035,0.84480000,0.84710000,0.0027225379,27.2254,24.0000,3.2254
MATICUSDT,1705417200000,1705435200000,1,1.13272080,0.85090000,0.84570000,-0.0061111764,-61.1118,24.0000,-85.1118
MATICUSDT,1707872400000,1707890400000,-1,-1.83501454,0.84930000,0.85860000,-0.0109501943,-109.5019,24.0000,-133.5019
MATICUSDT,1707897600000,1707915600000,-1,-1.65624387,0.87510000,0.88970000,-0.0166838076,-166.8381,24.0000,-190.8381
MATICUSDT,1707915600000,1707933600000,-1,-1.81042983,0.88970000,0.88090000,0.0098909745,98.9097,24.0000,74.9097
MATICUSDT,1707937200000,1707955200000,-1,-1.83805186,0.88580000,0.89510000,-0.0104989840,-104.9898,24.0000,-128.9898
MATICUSDT,1707958800000,1707976800000,-1,-1.14197468,0.88600000,0.87560000,0.0117381490,117.3815,24.0000,93.3815
MATICUSDT,1707994800000,1708012800000,-1,-1.00156497,0.89050000,0.89270000,-0.0024705222,-24.7052,24.0000,-48.7052
MATICUSDT,1708027200000,1708045200000,-1,-1.06303164,0.89270000,0.90240000,-0.0108659124,-108.6591,24.0000,-132.6591
MATICUSDT,1708048800000,1708066800000,-1,-1.19891645,0.91110000,0.91550000,-0.0048293272,-48.2933,24.0000,-72.2933
MATICUSDT,1708066800000,1708084800000,-1,-1.53401043,0.91550000,0.93470000,-0.0209721464,-209.7215,24.0000,-233.7215
MATICUSDT,1708084800000,1708102800000,-1,-1.26606563,0.93470000,0.92900000,0.0060982133,60.9821,24.0000,36.9821
MATICUSDT,1708102800000,1708120800000,-1,-1.35764819,0.92900000,0.94720000,-0.0195909580,-195.9096,24.0000,-219.9096
MATICUSDT,1708120800000,1708138800000,-1,-1.32332090,0.94720000,0.93900000,0.0086570946,86.5709,24.0000,62.5709
MATICUSDT,1708174800000,1708192800000,-1,-1.54579676,0.91630000,0.92240000,-0.0066572083,-66.5721,24.0000,-90.5721
MATICUSDT,1708246800000,1708264800000,-1,-1.05659049,0.94610000,0.94780000,-0.0017968502,-17.9685,24.0000,-41.9685
MATICUSDT,1708275600000,1708293600000,-1,-1.10540867,0.97120000,0.99790000,-0.0274917628,-274.9176,24.0000,-298.9176
MATICUSDT,1708297200000,1708315200000,-1,-1.13764920,0.99920000,0.99990000,-0.0007005604,-7.0056,24.0000,-31.0056
MATICUSDT,1708318800000,1708336800000,-1,-1.22688681,1.00200000,1.00690000,-0.0048902196,-48.9022,24.0000,-72.9022
MATICUSDT,1708336800000,1708354800000,-1,-1.31958656,1.00690000,0.98720000,0.0195650015,195.6500,24.0000,171.6500
MATICUSDT,1708358400000,1708376400000,-1,-1.39607281,0.97790000,0.99010000,-0.0124757133,-124.7571,24.0000,-148.7571
MATICUSDT,1708387200000,1708405200000,-1,-1.55885324,0.98540000,0.98850000,-0.0031459306,-31.4593,24.0000,-55.4593
MATICUSDT,1708419600000,1708437600000,-1,-1.48092987,0.97220000,0.97610000,-0.0040115203,-40.1152,24.0000,-64.1152
MATICUSDT,1708437600000,1708455600000,-1,-1.69193092,0.97610000,1.00470000,-0.0293002766,-293.0028,24.0000,-317.0028
MATICUSDT,1708459200000,1708477200000,-1,-1.39414434,1.00170000,1.01740000,-0.0156733553,-156.7336,24.0000,-180.7336
MATICUSDT,1708477200000,1708495200000,-1,-1.29304048,1.01740000,0.98080000,0.0359740515,359.7405,24.0000,335.7405
MATICUSDT,1708506000000,1708524000000,-1,-1.42681159,0.95150000,0.92650000,0.0262743037,262.7430,24.0000,238.7430
MATICUSDT,1708524000000,1708542000000,-1,-1.34693566,0.92650000,0.92210000,0.0047490556,47.4906,24.0000,23.4906
MATICUSDT,1708549200000,1708567200000,-1,-1.05542320,0.93600000,0.92450000,0.0122863248,122.8632,24.0000,98.8632
MATICUSDT,1708606800000,1708624800000,-1,-1.01181366,0.95400000,0.98340000,-0.0308176101,-308.1761,24.0000,-332.1761
MATICUSDT,1708635600000,1708653600000,-1,-1.02220283,1.00240000,0.98210000,0.0202513966,202.5140,24.0000,178.5140
MATICUSDT,1708761600000,1708779600000,-1,-1.00279125,1.00770000,1.00070000,0.0069465119,69.4651,24.0000,45.4651
MATICUSDT,1708873200000,1708891200000,-1,-1.10386810,0.97250000,0.98210000,-0.0098714653,-98.7147,24.0000,-122.7147
MATICUSDT,1708995600000,1709013600000,-1,-1.04450406,1.06830000,1.05590000,0.0116072264,116.0723,24.0000,92.0723
MATICUSDT,1709035200000,1709053200000,-1,-1.25202247,1.04150000,1.02760000,0.0133461354,133.4614,24.0000,109.4614
MATICUSDT,1709110800000,1709128800000,-1,-1.07055746,1.04460000,1.04720000,-0.0024889910,-24.8899,24.0000,-48.8899
MATICUSDT,1709128800000,1709146800000,-1,-1.09604725,1.04720000,0.98220000,0.0620702827,620.7028,24.0000,596.7028
MATICUSDT,1709146800000,1709164800000,-1,-1.08489595,0.98220000,1.02620000,-0.0447973936,-447.9739,24.0000,-471.9739
MATICUSDT,1709226000000,1709244000000,-1,-1.03568212,1.01360000,0.99200000,0.0213101815,213.1018,24.0000,189.1018
MATICUSDT,1709449200000,1709467200000,-1,-1.18893513,1.05710000,1.06980000,-0.0120140006,-120.1400,24.0000,-144.1400
MATICUSDT,1709665200000,1709683200000,-1,-1.15730454,0.98730000,1.02520000,-0.0383875215,-383.8752,24.0000,-407.8752
MATICUSDT,1709715600000,1709733600000,-1,-1.00838977,1.05410000,1.06420000,-0.0095816336,-95.8163,24.0000,-119.8163
MATICUSDT,1717700400000,1717718400000,-1,-1.12637823,0.72280000,0.72720000,-0.0060874377,-60.8744,24.0000,-84.8744
MATICUSDT,1717743600000,1717761600000,-1,-1.01399912,0.71760000,0.71370000,0.0054347826,54.3478,24.0000,30.3478
MATICUSDT,1717761600000,1717779600000,-1,-1.02934611,0.71370000,0.69600000,0.0248003363,248.0034,24.0000,224.0034
MATICUSDT,1717779600000,1717797600000,-1,-1.17444214,0.69600000,0.66800000,0.0402298851,402.2989,24.0000,378.2989
MATICUSDT,1720173600000,1720191600000,1,1.00114537,0.45050000,0.46360000,0.0290788013,290.7880,24.0000,266.7880
MATICUSDT,1720281600000,1720299600000,1,1.33460665,0.49830000,0.50270000,0.0088300221,88.3002,24.0000,64.3002
MATICUSDT,1720314000000,1720332000000,1,1.02275603,0.50130000,0.50050000,-0.0015958508,-15.9585,24.0000,-39.9585
MATICUSDT,1720364400000,1720382400000,1,1.13514012,0.48500000,0.49140000,0.0131958763,131.9588,24.0000,107.9588
MATICUSDT,1720393200000,1720411200000,1,1.00002546,0.47780000,0.48280000,0.0104646296,104.6463,24.0000,80.6463
MATICUSDT,1720411200000,1720429200000,1,1.00209015,0.48280000,0.50480000,0.0455675228,455.6752,24.0000,431.6752
MATICUSDT,1720584000000,1720602000000,1,1.04874371,0.51210000,0.50500000,-0.0138644796,-138.6448,24.0000,-162.6448
MATICUSDT,1720846800000,1720864800000,1,1.02767594,0.51250000,0.51540000,0.0056585366,56.5854,24.0000,32.5854
MATICUSDT,1720890000000,1720908000000,1,1.01078442,0.52720000,0.53330000,0.0115705615,115.7056,24.0000,91.7056
MATICUSDT,1720990800000,1721008800000,1,1.03723295,0.53240000,0.53740000,0.0093914350,93.9144,24.0000,69.9144
MATICUSDT,1721008800000,1721026800000,1,1.02638511,0.53740000,0.54110000,0.0068850019,68.8500,24.0000,44.8500
MATICUSDT,1721080800000,1721098800000,1,1.05935332,0.54620000,0.55040000,0.0076894910,76.8949,24.0000,52.8949
MATICUSDT,1725814800000,1725832800000,1,1.17254006,0.37460000,0.37530000,0.0018686599,18.6866,24.0000,-5.3134
