Date,close
2005-04-28,6.033964157104492
2005-04-29,6.033964157104492
2005-05-02,6.033964157104492
2005-05-03,6.033964157104492
2005-05-04,6.033964157104492
2005-05-05,6.033964157104492
2005-05-06,6.033964157104492
2005-05-09,6.033964157104492
2005-05-10,6.033964157104492
2005-05-11,6.033964157104492
2005-05-12,6.033964157104492
2005-05-13,6.033964157104492
2005-05-16,6.033964157104492
2005-05-17,6.033964157104492
2005-05-18,6.033964157104492
2005-05-19,6.033964157104492
2005-05-20,6.033964157104492
2005-05-23,6.033964157104492
2005-05-24,6.033964157104492
2005-05-25,6.033964157104492
2005-05-26,6.033964157104492
2005-05-27,6.033964157104492
2005-05-30,6.033964157104492
2005-05-31,6.033964157104492
2005-06-01,6.033964157104492
2005-06-02,6.033964157104492
2005-06-03,6.033964157104492
2005-06-06,6.033964157104492
2005-06-07,6.033964157104492
2005-06-08,6.033964157104492
2005-06-09,6.033964157104492
2005-06-10,6.033964157104492
2005-06-14,6.033964157104492
2005-06-15,6.033964157104492
2005-06-16,6.033964157104492
2005-06-17,6.033964157104492
2005-06-20,6.033964157104492
2005-06-21,6.033964157104492
2005-06-22,6.033964157104492
2005-06-23,6.033964157104492
2005-06-24,6.033964157104492
2005-06-27,6.033964157104492
2005-06-28,6.033964157104492
2005-06-29,6.033964157104492
2005-06-30,3.016982078552246
2005-07-01,3.016982078552246
2005-07-04,3.016982078552246
2005-07-05,3.016982078552246
2005-07-06,2.4135849475860596
2005-07-07,2.313019037246704
2005-07-08,2.111886978149414
2005-07-11,2.111886978149414
2005-07-12,2.4135849475860596
2005-07-13,2.4135849475860596
2005-07-14,2.4135849475860596
2005-07-15,2.4135849475860596
2005-07-18,2.614717960357666
2005-07-19,2.614717960357666
2005-07-20,2.514151096343994
2005-07-21,2.514151096343994
2005-07-22,2.4135849475860596
2005-07-25,2.4135849475860596
2005-07-26,2.514151096343994
2005-07-27,2.4135849475860596
2005-07-28,2.4135849475860596
2005-07-29,2.4135849475860596
2005-08-01,2.4135849475860596
2005-08-02,2.4135849475860596
2005-08-03,2.4135849475860596
2005-08-04,2.4135849475860596
2005-08-05,2.514151096343994
2005-08-08,2.7152841091156006
2005-08-09,2.7152841091156006
2005-08-10,2.4135849475860596
2005-08-11,2.514151096343994
2005-08-12,2.514151096343994
2005-08-15,2.514151096343994
2005-08-16,2.514151096343994
2005-08-17,2.4135849475860596
2005-08-18,2.4135849475860596
2005-08-19,2.4135849475860596
2005-08-22,2.4135849475860596
2005-08-23,2.313019037246704
2005-08-24,2.313019037246704
2005-08-25,2.313019037246704
2005-08-26,3.016982078552246
2005-08-29,3.1175479888916016
2005-08-30,2.7152841091156006
2005-08-31,2.9164159297943115
2005-09-01,2.614717960357666
2005-09-02,2.614717960357666
2005-09-05,2.614717960357666
2005-09-06,2.614717960357666
2005-09-07,2.7152841091156006
2005-09-08,2.7152841091156006
2005-09-09,2.7152841091156006
2005-09-12,2.7152841091156006
2005-09-13,2.7152841091156006
2005-09-14,2.7152841091156006
2005-09-15,2.7152841091156006
2005-09-16,2.7152841091156006
2005-09-19,2.815850019454956
2005-09-20,2.815850019454956
2005-09-21,2.815850019454956
2005-09-22,2.815850019454956
2005-09-23,2.514151096343994
2005-09-26,2.514151096343994
2005-09-27,2.614717960357666
2005-09-28,2.614717960357666
2005-09-29,2.614717960357666
2005-09-30,3.218113899230957
2005-10-03,3.5198121070861816
2005-10-04,3.5198121070861816
2005-10-05,3.5198121070861816
2005-10-06,3.620378017425537
2005-10-07,4.022643089294434
2005-10-10,4.022643089294434
2005-10-11,4.022643089294434
2005-10-12,3.922076940536499
2005-10-13,3.8215110301971436
2005-10-14,3.8215110301971436
2005-10-17,3.419245958328247
2005-10-18,3.419245958328247
2005-10-19,3.419245958328247
2005-10-20,3.419245958328247
2005-10-21,3.419245958328247
2005-10-24,3.5198121070861816
2005-10-25,3.5198121070861816
2005-10-26,3.5198121070861816
2005-10-27,4.2237749099731445
2005-10-28,4.2237749099731445
2005-10-31,4.022643089294434
2005-11-01,4.022643089294434
2005-11-02,4.123208999633789
2005-11-03,4.3243408203125
2005-11-04,4.3243408203125
2005-11-07,4.525473117828369
2005-11-08,4.626039028167725
2005-11-09,4.123208999633789
2005-11-10,4.525473117828369
2005-11-11,4.626039028167725
2005-11-14,4.626039028167725
2005-11-15,4.3243408203125
2005-11-16,4.626039028167725
2005-11-17,5.128870010375977
2005-11-18,5.732265949249268
2005-11-21,6.033964157104492
2005-11-22,6.033964157104492
2005-11-23,7.03962516784668
2005-11-24,5.9333977699279785
2005-11-25,6.939058780670166
2005-11-28,7.240756988525391
2005-11-29,6.939058780670166
2005-11-30,6.134530067443848
2005-12-01,6.536795139312744
2005-12-02,7.240756988525391
2005-12-05,8.246417999267578
2005-12-06,8.346983909606934
2005-12-07,8.346983909606934
2005-12-08,8.045286178588867
2005-12-09,7.9447197914123535
2005-12-12,8.749247550964355
2005-12-13,8.145852088928223
2005-12-14,7.844153881072998
2005-12-15,7.542455196380615
2005-12-16,7.341322898864746
2005-12-19,7.341322898864746
2005-12-20,7.341322898864746
2005-12-21,7.441888809204102
2005-12-22,7.441888809204102
2005-12-23,7.03962516784668
2005-12-28,6.939058780670166
2005-12-29,6.436229228973389
2005-12-30,6.939058780670166
2006-01-03,7.03962516784668
2006-01-04,7.03962516784668
2006-01-05,7.341322898864746
2006-01-06,7.03962516784668
2006-01-09,6.6373610496521
2006-01-10,6.436229228973389
2006-01-11,6.436229228973389
2006-01-12,6.335662841796875
2006-01-13,6.335662841796875
2006-01-16,6.8384928703308105
2006-01-17,7.643022060394287
2006-01-18,7.643022060394287
2006-01-19,7.240756988525391
2006-01-20,7.542455196380615
2006-01-23,7.441888809204102
2006-01-24,8.548115730285645
2006-01-25,8.045286178588867
2006-01-27,8.246417999267578
2006-01-30,8.246417999267578
2006-01-31,8.045286178588867
2006-02-01,8.145852088928223
2006-02-02,8.045286178588867
2006-02-03,7.844153881072998
2006-02-06,7.743587970733643
2006-02-07,7.844153881072998
2006-02-08,7.441888809204102
2006-02-09,6.6373610496521
2006-02-10,6.536795139312744
2006-02-13,6.6373610496521
2006-02-14,6.6373610496521
2006-02-15,4.022643089294434
2006-02-16,4.525473117828369
2006-02-17,4.2237749099731445
2006-02-20,4.022643089294434
2006-02-21,4.3243408203125
2006-02-22,4.2237749099731445
2006-02-23,3.7209439277648926
2006-02-24,3.620378017425537
2006-02-27,3.7209439277648926
2006-02-28,4.022643089294434
2006-03-01,4.022643089294434
2006-03-02,3.7209439277648926
2006-03-03,3.922076940536499
2006-03-06,3.8215110301971436
2006-03-07,4.022643089294434
2006-03-08,3.7209439277648926
2006-03-09,4.525473117828369
2006-03-10,4.927737236022949
2006-03-13,4.927737236022949
2006-03-14,5.229435920715332
2006-03-15,5.9333977699279785
2006-03-16,5.9333977699279785
2006-03-17,6.235095977783203
2006-03-20,6.335662841796875
2006-03-21,6.536795139312744
2006-03-22,6.033964157104492
2006-03-23,6.033964157104492
2006-03-24,6.134530067443848
2006-03-27,6.134530067443848
2006-03-28,5.732265949249268
2006-03-29,6.536795139312744
2006-03-30,6.737926959991455
2006-03-31,7.542455196380615
2006-04-03,7.140191078186035
2006-04-04,7.341322898864746
2006-04-05,7.9447197914123535
2006-04-06,7.743587970733643
2006-04-07,8.145852088928223
2006-04-10,8.749247550964355
2006-04-11,8.045286178588867
2006-04-12,7.643022060394287
2006-04-13,7.743587970733643
2006-04-18,7.542455196380615
2006-04-19,7.542455196380615
2006-04-20,7.240756988525391
2006-04-21,6.939058780670166
2006-04-24,7.341322898864746
2006-04-26,7.240756988525391
2006-04-27,7.03962516784668
2006-04-28,6.8384928703308105
2006-05-01,6.8384928703308105
2006-05-02,7.140191078186035
2006-05-03,6.939058780670166
2006-05-04,7.03962516784668
2006-05-05,7.03962516784668
2006-05-08,7.03962516784668
2006-05-09,7.03962516784668
2006-05-10,7.341322898864746
2006-05-11,7.03962516784668
2006-05-12,7.03962516784668
2006-05-15,6.737926959991455
2006-05-16,6.536795139312744
2006-05-17,5.732265949249268
2006-05-18,5.128870010375977
2006-05-19,5.128870010375977
2006-05-22,5.430568218231201
2006-05-23,5.229435920715332
2006-05-24,5.430568218231201
2006-05-25,5.732265949249268
2006-05-26,7.03962516784668
2006-05-29,7.03962516784668
2006-05-30,6.536795139312744
2006-05-31,6.033964157104492
2006-06-01,5.631700038909912
2006-06-02,6.235095977783203
2006-06-05,6.033964157104492
2006-06-06,5.430568218231201
2006-06-07,4.72660493850708
2006-06-08,4.525473117828369
2006-06-09,4.3243408203125
2006-06-13,4.123208999633789
2006-06-14,4.2237749099731445
2006-06-15,4.022643089294434
2006-06-16,4.022643089294434
2006-06-19,4.123208999633789
2006-06-20,4.424907207489014
2006-06-21,4.3243408203125
2006-06-22,4.2237749099731445
2006-06-23,4.123208999633789
2006-06-26,4.123208999633789
2006-06-27,4.123208999633789
2006-06-28,4.424907207489014
2006-06-29,4.2237749099731445
2006-06-30,4.123208999633789
2006-07-03,4.8271708488464355
2006-07-04,4.72660493850708
2006-07-05,4.626039028167725
2006-07-06,4.72660493850708
2006-07-07,4.72660493850708
2006-07-10,4.72660493850708
2006-07-11,5.028303146362305
2006-07-12,5.028303146362305
2006-07-13,4.8271708488464355
2006-07-14,4.927737236022949
2006-07-17,4.8271708488464355
2006-07-18,4.8271708488464355
2006-07-19,4.8271708488464355
2006-07-20,4.525473117828369
2006-07-21,4.525473117828369
2006-07-24,4.525473117828369
2006-07-25,4.525473117828369
2006-07-26,4.525473117828369
2006-07-27,4.525473117828369
2006-07-28,4.525473117828369
2006-07-31,4.525473117828369
2006-08-01,4.2237749099731445
2006-08-02,4.022643089294434
2006-08-03,4.022643089294434
2006-08-04,4.022643089294434
2006-08-07,4.022643089294434
2006-08-08,4.022643089294434
2006-08-09,4.2237749099731445
2006-08-10,4.2237749099731445
2006-08-11,4.2237749099731445
2006-08-14,4.2237749099731445
2006-08-15,4.2237749099731445
2006-08-16,4.525473117828369
2006-08-17,4.022643089294434
2006-08-18,4.022643089294434
2006-08-21,3.8215110301971436
2006-08-22,4.123208999633789
2006-08-23,4.123208999633789
2006-08-24,4.123208999633789
2006-08-25,4.2237749099731445
2006-08-28,3.8215110301971436
2006-08-29,3.7209439277648926
2006-08-30,4.525473117828369
2006-08-31,4.3243408203125
2006-09-01,4.525473117828369
2006-09-04,4.2237749099731445
2006-09-05,4.525473117828369
2006-09-06,4.525473117828369
2006-09-07,4.525473117828369
2006-09-08,5.028303146362305
2006-09-11,5.128870010375977
2006-09-12,5.028303146362305
2006-09-13,5.028303146362305
2006-09-14,5.028303146362305
2006-09-15,5.028303146362305
2006-09-18,5.229435920715332
2006-09-19,5.631700038909912
2006-09-20,5.229435920715332
2006-09-21,5.430568218231201
2006-09-22,6.335662841796875
2006-09-25,6.536795139312744
2006-09-26,6.8384928703308105
2006-09-27,6.536795139312744
2006-09-28,6.536795139312744
2006-09-29,6.134530067443848
2006-10-02,6.436229228973389
2006-10-03,6.436229228973389
2006-10-04,6.536795139312744
2006-10-05,6.6373610496521
2006-10-06,6.6373610496521
2006-10-09,6.8384928703308105
2006-10-10,6.335662841796875
2006-10-11,6.033964157104492
2006-10-12,6.536795139312744
2006-10-13,7.240756988525391
2006-10-16,7.9447197914123535
2006-10-17,8.246417999267578
2006-10-18,9.050947189331055
2006-10-19,8.045286178588867
2006-10-20,8.346983909606934
2006-10-23,7.9447197914123535
2006-10-24,7.743587970733643
2006-10-25,8.548115730285645
2006-10-26,8.346983909606934
2006-10-27,8.548115730285645
2006-10-30,8.749247550964355
2006-10-31,9.855475425720215
2006-11-01,10.55943775177002
2006-11-02,9.352644920349121
2006-11-03,9.855475425720215
2006-11-06,9.855475425720215
2006-11-07,9.855475425720215
2006-11-08,10.056607246398926
2006-11-09,12.0679292678833
2006-11-10,11.062268257141113
2006-11-13,11.062268257141113
2006-11-14,10.056607246398926
2006-11-15,10.55943775177002
2006-11-16,9.754908561706543
2006-11-17,9.754908561706543
2006-11-20,9.553776741027832
2006-11-21,9.654342651367188
2006-11-22,9.754908561706543
2006-11-23,10.55943775177002
2006-11-24,11.565098762512207
2006-11-27,11.062268257141113
2006-11-28,11.062268257141113
2006-11-29,11.062268257141113
2006-11-30,11.062268257141113
2006-12-01,9.754908561706543
2006-12-04,9.553776741027832
2006-12-05,9.754908561706543
2006-12-06,8.9503812789917
2006-12-07,9.252079010009766
2006-12-08,9.050947189331055
2006-12-11,9.252079010009766
2006-12-12,9.352644920349121
2006-12-13,8.648681640625
2006-12-14,9.654342651367188
2006-12-15,9.453210830688477
2006-12-18,9.352644920349121
2006-12-19,9.252079010009766
2006-12-20,8.849814414978027
2006-12-21,9.252079010009766
2006-12-22,9.553776741027832
2006-12-27,9.553776741027832
2006-12-28,9.855475425720215
2006-12-29,9.654342651367188
2007-01-02,9.453210830688477
2007-01-03,9.553776741027832
2007-01-04,9.050947189331055
2007-01-05,9.453210830688477
2007-01-08,8.849814414978027
2007-01-09,8.346983909606934
2007-01-10,8.045286178588867
2007-01-11,8.346983909606934
2007-01-12,9.050947189331055
2007-01-15,8.045286178588867
2007-01-16,8.145852088928223
2007-01-17,8.9503812789917
2007-01-18,9.050947189331055
2007-01-19,8.749247550964355
2007-01-22,8.648681640625
2007-01-23,8.447549819946289
2007-01-24,8.648681640625
2007-01-25,9.553776741027832
2007-01-29,9.453210830688477
2007-01-30,9.050947189331055
2007-01-31,9.050947189331055
2007-02-01,9.252079010009766
2007-02-02,9.050947189331055
2007-02-05,9.050947189331055
2007-02-06,9.252079010009766
2007-02-07,8.9503812789917
2007-02-08,8.9503812789917
2007-02-09,8.648681640625
2007-02-12,8.648681640625
2007-02-13,9.050947189331055
2007-02-14,9.050947189331055
2007-02-15,8.346983909606934
2007-02-16,9.050947189331055
2007-02-19,8.9503812789917
2007-02-20,8.548115730285645
2007-02-21,8.548115730285645
2007-02-22,8.849814414978027
2007-02-23,9.252079010009766
2007-02-26,9.453210830688477
2007-02-27,8.849814414978027
2007-02-28,8.145852088928223
2007-03-01,8.548115730285645
2007-03-02,8.346983909606934
2007-03-05,9.352644920349121
2007-03-06,9.453210830688477
2007-03-07,9.050947189331055
2007-03-08,8.9503812789917
2007-03-09,9.050947189331055
2007-03-12,8.749247550964355
2007-03-13,9.050947189331055
2007-03-14,8.548115730285645
2007-03-15,8.849814414978027
2007-03-16,9.050947189331055
2007-03-19,8.849814414978027
2007-03-20,9.553776741027832
2007-03-21,10.056607246398926
2007-03-22,11.062268257141113
2007-03-23,11.062268257141113
2007-03-26,10.55943775177002
2007-03-27,10.056607246398926
2007-03-28,9.754908561706543
2007-03-29,10.056607246398926
2007-03-30,9.553776741027832
2007-04-02,9.352644920349121
2007-04-03,9.553776741027832
2007-04-04,9.855475425720215
2007-04-05,9.855475425720215
2007-04-10,9.553776741027832
2007-04-11,9.553776741027832
2007-04-12,9.754908561706543
2007-04-13,9.754908561706543
2007-04-16,10.056607246398926
2007-04-17,9.352644920349121
2007-04-18,9.252079010009766
2007-04-19,8.9503812789917
2007-04-20,9.050947189331055
2007-04-23,8.9503812789917
2007-04-24,9.252079010009766
2007-04-26,8.548115730285645
2007-04-27,8.648681640625
2007-04-30,8.548115730285645
2007-05-01,8.849814414978027
2007-05-02,8.045286178588867
2007-05-03,8.145852088928223
2007-05-04,8.849814414978027
2007-05-07,8.849814414978027
2007-05-08,8.045286178588867
2007-05-09,7.844153881072998
2007-05-10,7.844153881072998
2007-05-11,7.844153881072998
2007-05-14,7.844153881072998
2007-05-15,7.844153881072998
2007-05-16,7.743587970733643
2007-05-17,7.743587970733643
2007-05-18,7.9447197914123535
2007-05-21,8.346983909606934
2007-05-22,8.045286178588867
2007-05-23,7.643022060394287
2007-05-24,7.542455196380615
2007-05-25,7.643022060394287
2007-05-28,8.548115730285645
2007-05-29,8.045286178588867
2007-05-30,7.743587970733643
2007-05-31,7.140191078186035
2007-06-01,7.643022060394287
2007-06-04,6.6373610496521
2007-06-05,7.03962516784668
2007-06-06,6.8384928703308105
2007-06-07,6.536795139312744
2007-06-08,6.536795139312744
2007-06-12,7.240756988525391
2007-06-13,6.737926959991455
2007-06-14,7.643022060394287
2007-06-15,7.743587970733643
2007-06-18,7.441888809204102
2007-06-19,7.240756988525391
2007-06-20,7.03962516784668
2007-06-21,7.240756988525391
2007-06-22,6.737926959991455
2007-06-25,4.72660493850708
2007-06-26,4.2237749099731445
2007-06-27,4.927737236022949
2007-06-28,4.8271708488464355
2007-06-29,4.123208999633789
2007-07-02,5.028303146362305
2007-07-03,5.028303146362305
2007-07-04,5.028303146362305
2007-07-05,5.028303146362305
2007-07-06,5.028303146362305
2007-07-09,5.028303146362305
2007-07-10,6.235095977783203
2007-07-11,5.531134128570557
2007-07-12,5.028303146362305
2007-07-13,5.430568218231201
2007-07-16,5.531134128570557
2007-07-17,5.531134128570557
2007-07-18,5.531134128570557
2007-07-19,5.3300018310546875
2007-07-20,5.028303146362305
2007-07-23,5.028303146362305
2007-07-24,5.028303146362305
2007-07-25,4.525473117828369
2007-07-26,5.028303146362305
2007-07-27,5.028303146362305
2007-07-30,5.028303146362305
2007-07-31,4.525473117828369
2007-08-01,4.525473117828369
2007-08-02,4.525473117828369
2007-08-03,4.022643089294434
2007-08-06,4.123208999633789
2007-08-07,4.123208999633789
2007-08-08,4.525473117828369
2007-08-09,4.022643089294434
2007-08-10,4.3243408203125
2007-08-13,4.022643089294434
2007-08-14,4.022643089294434
2007-08-15,4.2237749099731445
2007-08-16,4.72660493850708
2007-08-17,4.72660493850708
2007-08-20,4.72660493850708
2007-08-21,3.922076940536499
2007-08-22,3.7209439277648926
2007-08-23,3.620378017425537
2007-08-24,3.620378017425537
2007-08-27,4.022643089294434
2007-08-28,4.022643089294434
2007-08-29,4.022643089294434
2007-08-30,4.022643089294434
2007-08-31,4.022643089294434
2007-09-03,4.022643089294434
2007-09-04,4.022643089294434
2007-09-05,4.022643089294434
2007-09-06,3.5198121070861816
2007-09-07,4.022643089294434
2007-09-10,4.022643089294434
2007-09-11,4.022643089294434
2007-09-12,4.022643089294434
2007-09-13,4.123208999633789
2007-09-14,4.123208999633789
2007-09-17,4.2237749099731445
2007-09-18,3.7209439277648926
2007-09-19,3.419245958328247
2007-09-20,3.8215110301971436
2007-09-21,4.123208999633789
2007-09-24,4.022643089294434
2007-09-25,4.3243408203125
2007-09-26,3.620378017425537
2007-09-27,4.022643089294434
2007-09-28,4.022643089294434
2007-10-01,3.8215110301971436
2007-10-02,3.7209439277648926
2007-10-03,3.7209439277648926
2007-10-04,3.7209439277648926
2007-10-05,3.7209439277648926
2007-10-08,3.7209439277648926
2007-10-09,3.7209439277648926
2007-10-10,3.5198121070861816
2007-10-11,3.922076940536499
2007-10-12,4.2237749099731445
2007-10-15,4.2237749099731445
2007-10-16,4.022643089294434
2007-10-17,4.3243408203125
2007-10-18,4.424907207489014
2007-10-19,4.626039028167725
2007-10-22,5.531134128570557
2007-10-23,5.531134128570557
2007-10-24,5.631700038909912
2007-10-25,5.430568218231201
2007-10-26,5.430568218231201
2007-10-29,5.3300018310546875
2007-10-30,4.927737236022949
2007-10-31,4.927737236022949
2007-11-01,4.72660493850708
2007-11-02,4.72660493850708
2007-11-05,4.8271708488464355
2007-11-06,4.927737236022949
2007-11-07,5.028303146362305
2007-11-08,4.525473117828369
2007-11-09,4.626039028167725
2007-11-12,4.022643089294434
2007-11-13,4.2237749099731445
2007-11-14,4.2237749099731445
2007-11-15,4.2237749099731445
2007-11-16,4.2237749099731445
2007-11-19,4.626039028167725
2007-11-20,4.2237749099731445
2007-11-21,4.2237749099731445
2007-11-22,4.2237749099731445
2007-11-23,4.2237749099731445
2007-11-26,4.2237749099731445
2007-11-27,4.2237749099731445
2007-11-28,4.2237749099731445
2007-11-29,4.2237749099731445
2007-11-30,4.2237749099731445
2007-12-03,3.8215110301971436
2007-12-04,4.022643089294434
2007-12-05,4.2237749099731445
2007-12-06,4.123208999633789
2007-12-07,4.022643089294434
2007-12-10,4.022643089294434
2007-12-11,4.2237749099731445
2007-12-12,4.927737236022949
2007-12-13,4.927737236022949
2007-12-14,4.8271708488464355
2007-12-17,4.424907207489014
2007-12-18,4.424907207489014
2007-12-19,4.424907207489014
2007-12-20,4.424907207489014
2007-12-21,4.424907207489014
2007-12-24,4.424907207489014
2007-12-27,5.229435920715332
2007-12-28,5.430568218231201
2007-12-31,5.430568218231201
2008-01-02,5.028303146362305
2008-01-03,5.028303146362305
2008-01-04,5.028303146362305
2008-01-07,5.028303146362305
2008-01-08,4.72660493850708
2008-01-09,4.022643089294434
2008-01-10,4.3243408203125
2008-01-11,4.424907207489014
2008-01-14,4.2237749099731445
2008-01-15,5.028303146362305
2008-01-16,5.028303146362305
2008-01-17,5.028303146362305
2008-01-18,4.2237749099731445
2008-01-21,4.2237749099731445
2008-01-22,4.2237749099731445
2008-01-23,4.022643089294434
2008-01-24,4.022643089294434
2008-01-25,4.525473117828369
2008-01-29,4.525473117828369
2008-01-30,4.525473117828369
2008-01-31,4.525473117828369
2008-02-01,4.424907207489014
2008-02-04,4.424907207489014
2008-02-05,4.424907207489014
2008-02-06,4.424907207489014
2008-02-07,4.424907207489014
2008-02-08,4.424907207489014
2008-02-11,4.424907207489014
2008-02-12,4.2237749099731445
2008-02-13,4.2237749099731445
2008-02-14,4.022643089294434
2008-02-15,4.022643089294434
2008-02-18,4.022643089294434
2008-02-19,4.525473117828369
2008-02-20,4.525473117828369
2008-02-21,4.525473117828369
2008-02-22,4.2237749099731445
2008-02-25,4.2237749099731445
2008-02-26,3.7209439277648926
2008-02-27,3.5198121070861816
2008-02-28,3.7209439277648926
2008-02-29,3.5198121070861816
2008-03-03,3.5198121070861816
2008-03-04,3.7209439277648926
2008-03-05,3.5198121070861816
2008-03-06,3.7209439277648926
2008-03-07,3.8215110301971436
2008-03-10,3.8215110301971436
2008-03-11,3.922076940536499
2008-03-12,3.922076940536499
2008-03-13,3.218113899230957
2008-03-14,3.218113899230957
2008-03-17,3.218113899230957
2008-03-18,3.218113899230957
2008-03-19,3.419245958328247
2008-03-20,3.3186800479888916
2008-03-25,3.419245958328247
2008-03-26,3.5198121070861816
2008-03-27,3.5198121070861816
2008-03-28,3.5198121070861816
2008-03-31,3.5198121070861816
2008-04-01,3.3186800479888916
2008-04-02,3.016982078552246
2008-04-03,2.815850019454956
2008-04-04,3.016982078552246
2008-04-07,3.0169789791107178
2008-04-08,3.0169789791107178
2008-04-09,3.0169789791107178
2008-04-10,3.0169789791107178
2008-04-11,3.0169789791107178
2008-04-14,3.0169789791107178
2008-04-15,3.0169789791107178
2008-04-16,3.0169789791107178
2008-04-17,3.0169789791107178
2008-04-18,3.0169789791107178
2008-04-21,3.0169789791107178
2008-04-22,3.0169789791107178
2008-04-23,3.0169789791107178
2008-04-24,3.0169789791107178
2008-04-28,3.0169789791107178
2008-04-29,3.0169789791107178
2008-04-30,3.0169789791107178
2008-05-01,3.0169789791107178
2008-05-02,3.0169789791107178
2008-05-05,3.0169789791107178
2008-05-06,3.0169789791107178
2008-05-07,3.0169789791107178
2008-05-08,3.0169789791107178
2008-05-09,3.0169789791107178
2008-05-12,3.0169789791107178
2008-05-13,3.0169789791107178
2008-05-14,3.0169789791107178
2008-05-15,3.0169789791107178
2008-05-16,3.0169789791107178
2008-05-19,3.0169789791107178
2008-05-20,3.0169789791107178
2008-05-21,3.0169789791107178
2008-05-22,3.0169789791107178
2008-05-23,3.0169789791107178
2008-05-26,3.0169789791107178
2008-05-27,3.0169789791107178
2008-05-28,3.0169789791107178
2008-05-29,3.0169789791107178
2008-05-30,3.0169789791107178
2008-06-02,3.0169789791107178
2008-06-03,3.0169789791107178
2008-06-04,3.0169789791107178
2008-06-05,3.0169789791107178
2008-06-06,3.0169789791107178
2008-06-10,3.0169789791107178
2008-06-11,3.0169789791107178
2008-06-12,3.0169789791107178
2008-06-13,3.0169789791107178
2008-06-16,3.0169789791107178
2008-06-17,3.0169789791107178
2008-06-18,3.0169789791107178
2008-06-19,3.0169789791107178
2008-06-20,3.0169789791107178
2008-06-23,3.0169789791107178
2008-06-24,3.0169789791107178
2008-06-25,3.0169789791107178
2008-06-26,3.0169789791107178
2008-06-27,3.0169789791107178
2008-06-30,3.0169789791107178
2008-07-01,3.0169789791107178
2008-07-02,3.0169789791107178
2008-07-03,3.0169789791107178
2008-07-04,3.0169789791107178
2008-07-07,3.0169789791107178
2008-07-08,3.0169789791107178
2008-07-09,3.0169789791107178
2008-07-10,3.0169789791107178
2008-07-11,3.0169789791107178
2008-07-14,3.0169789791107178
2008-07-15,3.0169789791107178
2008-07-16,3.0169789791107178
2008-07-17,3.0169789791107178
2008-07-18,3.0169789791107178
2008-07-21,3.0169789791107178
2008-07-22,3.0169789791107178
2008-07-23,3.0169789791107178
2008-07-24,2.6937310695648193
2008-07-25,2.6937310695648193
2008-07-28,2.5141489505767822
2008-07-29,2.5141489505767822
2008-07-30,2.6937310695648193
2008-07-31,2.6937310695648193
2008-08-01,2.6937310695648193
2008-08-04,2.6937310695648193
2008-08-05,2.6937310695648193
2008-08-06,2.6937310695648193
2008-08-07,2.6937310695648193
2008-08-08,2.6937310695648193
2008-08-11,2.6937310695648193
2008-08-12,2.6937310695648193
2008-08-13,2.6937310695648193
2008-08-14,2.6937310695648193
2008-08-15,2.6937310695648193
2008-08-18,2.6937310695648193
2008-08-19,2.6937310695648193
2008-08-20,2.6937310695648193
2008-08-21,2.334567070007324
2008-08-22,2.334567070007324
2008-08-25,2.334567070007324
2008-08-26,2.334567070007324
2008-08-27,2.334567070007324
2008-08-28,2.334567070007324
2008-08-29,2.334567070007324
2008-09-01,2.334567070007324
2008-09-02,2.6937310695648193
2008-09-03,2.696424961090088
2008-09-04,2.696424961090088
2008-09-05,2.696424961090088
2008-09-08,2.696424961090088
2008-09-09,2.696424961090088
2008-09-10,2.696424961090088
2008-09-11,1.9754029512405396
2008-09-12,1.9754029512405396
2008-09-15,1.9754029512405396
2008-09-16,1.9754029512405396
2008-09-17,1.9754029512405396
2008-09-18,1.9754029512405396
2008-09-19,1.795820951461792
2008-09-22,1.795820951461792
2008-09-23,1.795820951461792
2008-09-24,1.795820951461792
2008-09-25,1.9754029512405396
2008-09-26,1.9754029512405396
2008-09-29,1.9754029512405396
2008-09-30,1.9754029512405396
2008-10-01,0.9338260293006897
2008-10-02,0.9338260293006897
2008-10-03,0.9338260293006897
2008-10-06,0.9338260293006897
2008-10-07,0.9338260293006897
2008-10-08,1.2750320434570312
2008-10-09,1.2750320434570312
2008-10-10,0.8979099988937378
2008-10-13,0.8979099988937378
2008-10-14,1.4366559982299805
2008-10-15,1.4366559982299805
2008-10-16,1.4366559982299805
2008-10-17,1.4366559982299805
2008-10-20,1.4366559982299805
2008-10-21,1.4366559982299805
2008-10-22,1.4366559982299805
2008-10-23,1.4366559982299805
2008-10-24,1.4366559982299805
2008-10-27,1.4366559982299805
2008-10-28,1.4366559982299805
2008-10-29,1.4366559982299805
2008-10-30,1.4366559982299805
2008-10-31,1.4366559982299805
2008-11-03,1.4366559982299805
2008-11-04,1.4366559982299805
2008-11-05,1.4366559982299805
2008-11-06,1.4366559982299805
2008-11-07,1.4366559982299805
2008-11-10,1.4366559982299805
2008-11-11,1.4366559982299805
2008-11-12,1.167283058166504
2008-11-13,0.8979099988937378
2008-11-14,0.8979099988937378
2008-11-17,0.8979099988937378
2008-11-18,0.8979099988937378
2008-11-19,0.8979099988937378
2008-11-20,0.8979099988937378
2008-11-21,0.8979099988937378
2008-11-24,0.8979099988937378
2008-11-25,0.8979099988937378
2008-11-26,0.8979099988937378
2008-11-27,0.8979099988937378
2008-11-28,0.8979099988937378
2008-12-01,0.8979099988937378
2008-12-02,0.8979099988937378
2008-12-03,0.8979099988937378
2008-12-04,0.8979099988937378
2008-12-05,0.8979099988937378
2008-12-08,0.8979099988937378
2008-12-09,0.8979099988937378
2008-12-10,0.8979099988937378
2008-12-11,0.8979099988937378
2008-12-12,0.7003700137138367
2008-12-15,0.7003700137138367
2008-12-16,0.7183279991149902
2008-12-17,0.7183279991149902
2008-12-18,0.7183279991149902
2008-12-19,0.7183279991149902
2008-12-22,0.7183279991149902
2008-12-23,0.7183279991149902
2008-12-24,0.7183279991149902
2008-12-29,0.7183279991149902
2008-12-30,0.4489549994468689
2008-12-31,0.46691301465034485
2009-01-02,0.46691301465034485
2009-01-05,0.46691301465034485
2009-01-06,0.46691301465034485
2009-01-07,0.46691301465034485
2009-01-08,0.46691301465034485
2009-01-09,0.46691301465034485
2009-01-12,0.46691301465034485
2009-01-13,0.46691301465034485
2009-01-14,0.46691301465034485
2009-01-15,0.46691301465034485
2009-01-16,0.46691301465034485
2009-01-19,0.46691301465034485
2009-01-20,0.46691301465034485
2009-01-21,0.46691301465034485
2009-01-22,0.5746620297431946
2009-01-23,0.5746620297431946
2009-01-27,0.5207880139350891
2009-01-28,0.5207880139350891
2009-01-29,0.5207880139350891
2009-01-30,0.5207880139350891
2009-02-02,0.5207880139350891
2009-02-03,0.5207880139350891
2009-02-04,0.5207880139350891
2009-02-05,0.5207880139350891
2009-02-06,0.5207880139350891
2009-02-09,0.5207880139350891
2009-02-10,0.5207880139350891
2009-02-11,0.4489549994468689
2009-02-12,0.4489549994468689
2009-02-13,0.4489549994468689
2009-02-16,0.4489549994468689
2009-02-17,0.4489549994468689
2009-02-18,0.4489549994468689
2009-02-19,0.4489549994468689
2009-02-20,0.4489549994468689
2009-02-23,0.4489549994468689
2009-02-24,0.4489549994468689
2009-02-25,0.4489549994468689
2009-02-26,0.4489549994468689
2009-02-27,0.6285369992256165
2009-03-02,0.6129130125045776
2009-03-03,0.6129130125045776
2009-03-04,0.6129130125045776
2009-03-05,0.6129130125045776
2009-03-06,0.6129130125045776
2009-03-09,0.5387459993362427
2009-03-10,0.5387459993362427
2009-03-11,0.5387459993362427
2009-03-12,0.5387459993362427
2009-03-13,0.5387459993362427
2009-03-16,0.5387459993362427
2009-03-17,0.5387459993362427
2009-03-18,0.5387459993362427
2009-03-19,0.5387459993362427
2009-03-20,0.5387459993362427
2009-03-23,0.5387459993362427
2009-03-24,0.5387459993362427
2009-03-25,0.5387459993362427
2009-03-26,0.5387459993362427
2009-03-27,0.5387459993362427
2009-03-30,0.5387459993362427
2009-03-31,0.4130379855632782
2009-04-01,0.4130379855632782
2009-04-02,0.4130379855632782
2009-04-03,0.3591639995574951
2009-04-06,0.3591639995574951
2009-04-07,0.6285369992256165
2009-04-08,0.6129130125045776
2009-04-09,0.6129130125045776
2009-04-14,0.6129130125045776
2009-04-15,0.6129130125045776
2009-04-16,0.6129130125045776
2009-04-17,0.6129130125045776
2009-04-20,0.6129130125045776
2009-04-21,0.6129130125045776
2009-04-22,0.6129130125045776
2009-04-23,0.6129130125045776
2009-04-24,0.6129130125045776
2009-04-27,0.4489549994468689
2009-04-28,0.4489549994468689
2009-04-29,0.4489549994468689
2009-04-30,0.4489549994468689
2009-05-01,0.4489549994468689
2009-05-04,0.4489549994468689
2009-05-05,0.4489549994468689
2009-05-06,0.4489549994468689
2009-05-07,0.4489549994468689
2009-05-08,0.4489549994468689
2009-05-11,0.7183279991149902
2009-05-12,0.7183279991149902
2009-05-13,0.7183279991149902
2009-05-14,0.8979099988937378
2009-05-15,0.8979099988937378
2009-05-18,0.8979099988937378
2009-05-19,0.8979099988937378
2009-05-20,1.257073998451233
2009-05-21,1.257073998451233
2009-05-22,1.257073998451233
2009-05-25,1.257073998451233
2009-05-26,1.257073998451233
2009-05-27,1.257073998451233
2009-05-28,1.257073998451233
2009-05-29,1.257073998451233
2009-06-01,1.257073998451233
2009-06-02,1.257073998451233
2009-06-03,1.257073998451233
2009-06-04,1.257073998451233
2009-06-05,1.257073998451233
2009-06-09,1.257073998451233
2009-06-10,1.257073998451233
2009-06-11,1.257073998451233
2009-06-12,1.257073998451233
2009-06-15,1.257073998451233
2009-06-16,1.257073998451233
2009-06-17,1.257073998451233
2009-06-18,1.257073998451233
2009-06-19,0.808118999004364
2009-06-22,0.808118999004364
2009-06-23,0.808118999004364
2009-06-24,0.808118999004364
2009-06-25,0.808118999004364
2009-06-26,0.808118999004364
2009-06-29,0.7362859845161438
2009-06-30,0.7542440295219421
2009-07-01,0.7542440295219421
2009-07-02,0.7542440295219421
2009-07-03,0.7542440295219421
2009-07-06,0.7542440295219421
2009-07-07,0.7542440295219421
2009-07-08,0.7542440295219421
2009-07-09,0.7542440295219421
2009-07-10,0.7542440295219421
2009-07-13,0.7542440295219421
2009-07-14,0.7722030282020569
2009-07-15,0.7722030282020569
2009-07-16,0.7722030282020569
2009-07-17,0.7901610136032104
2009-07-20,0.7901610136032104
2009-07-21,0.7901610136032104
2009-07-22,0.7901610136032104
2009-07-23,0.7901610136032104
2009-07-24,0.7901610136032104
2009-07-27,0.7901610136032104
2009-07-28,0.7901610136032104
2009-07-29,0.7901610136032104
2009-07-30,0.7901610136032104
2009-07-31,0.7901610136032104
2009-08-03,0.8979099988937378
2009-08-04,1.167283058166504
2009-08-05,0.9877009987831116
2009-08-06,0.9877009987831116
2009-08-07,0.9877009987831116
2009-08-10,0.9877009987831116
2009-08-11,0.8979099988937378
2009-08-12,0.8979099988937378
2009-08-13,0.8979099988937378
2009-08-14,0.808118999004364
2009-08-17,0.808118999004364
2009-08-18,0.7362859845161438
2009-08-19,0.8979099988937378
2009-08-20,0.8979099988937378
2009-08-21,0.8979099988937378
2009-08-24,0.8979099988937378
2009-08-25,0.8979099988937378
2009-08-26,0.8979099988937378
2009-08-27,0.8979099988937378
2009-08-28,0.8979099988937378
2009-08-31,0.808118999004364
2009-09-01,0.7542440295219421
2009-09-02,0.7542440295219421
2009-09-03,0.808118999004364
2009-09-04,0.808118999004364
2009-09-07,0.808118999004364
2009-09-08,0.808118999004364
2009-09-09,0.808118999004364
2009-09-10,0.808118999004364
2009-09-11,0.7901610136032104
2009-09-14,0.7901610136032104
2009-09-15,0.7901610136032104
2009-09-16,0.7901610136032104
2009-09-17,0.7901610136032104
2009-09-18,0.7901610136032104
2009-09-21,0.7901610136032104
2009-09-22,0.7901610136032104
2009-09-23,0.7901610136032104
2009-09-24,0.7901610136032104
2009-09-25,0.7901610136032104
2009-09-28,0.7901610136032104
2009-09-29,0.7901610136032104
2009-09-30,0.7901610136032104
2009-10-01,0.7901610136032104
2009-10-02,0.7901610136032104
2009-10-05,0.7901610136032104
2009-10-06,0.7901610136032104
2009-10-07,0.7901610136032104
2009-10-08,0.7901610136032104
2009-10-09,0.7901610136032104
2009-10-12,0.7901610136032104
2009-10-13,0.8979099988937378
2009-10-14,0.9158679842948914
2009-10-15,0.9158679842948914
2009-10-16,0.9158679842948914
2009-10-19,0.9158679842948914
2009-10-20,0.9158679842948914
2009-10-21,0.9158679842948914
2009-10-22,0.9338260293006897
2009-10-23,0.9338260293006897
2009-10-26,0.9338260293006897
2009-10-27,0.9338260293006897
2009-10-28,0.9338260293006897
2009-10-29,0.9338260293006897
2009-10-30,0.9338260293006897
2009-11-02,0.9338260293006897
2009-11-03,0.9338260293006897
2009-11-04,0.9517850279808044
2009-11-05,0.9517850279808044
2009-11-06,0.9517850279808044
2009-11-09,0.9517850279808044
2009-11-10,0.9338260293006897
2009-11-11,0.9517850279808044
2009-11-12,0.9517850279808044
2009-11-13,0.9517850279808044
2009-11-16,0.9517850279808044
2009-11-17,0.9517850279808044
2009-11-18,0.9517850279808044
2009-11-19,0.9517850279808044
2009-11-20,0.9517850279808044
2009-11-23,0.9517850279808044
2009-11-24,0.9517850279808044
2009-11-25,0.9517850279808044
2009-11-26,0.9517850279808044
2009-11-27,0.9517850279808044
2009-11-30,0.9517850279808044
2009-12-01,1.0774919986724854
2009-12-02,1.0774919986724854
2009-12-03,1.0774919986724854
2009-12-04,1.2391159534454346
2009-12-07,1.0774919986724854
2009-12-08,1.0774919986724854
2009-12-09,1.0774919986724854
2009-12-10,1.1134090423583984
2009-12-11,1.1134090423583984
2009-12-14,1.1134090423583984
2009-12-15,1.1134090423583984
2009-12-16,1.1134090423583984
2009-12-17,1.1134090423583984
2009-12-18,1.1134090423583984
2009-12-21,1.1134090423583984
2009-12-22,1.1134090423583984
2009-12-23,1.1134090423583984
2009-12-24,1.1134090423583984
2009-12-29,1.0774919986724854
2009-12-30,1.0774919986724854
2009-12-31,1.0774919986724854
2010-01-04,1.0774919986724854
2010-01-05,1.0774919986724854
2010-01-06,1.0774919986724854
2010-01-07,1.0774919986724854
2010-01-08,1.0774919986724854
2010-01-11,1.0774919986724854
2010-01-12,1.0774919986724854
2010-01-13,1.0774919986724854
2010-01-14,1.0774919986724854
2010-01-15,1.0774919986724854
2010-01-18,1.0774919986724854
2010-01-19,1.0774919986724854
2010-01-20,1.0774919986724854
2010-01-21,1.257073998451233
2010-01-22,1.257073998451233
2010-01-25,1.257073998451233
2010-01-27,1.257073998451233
2010-01-28,1.795820951461792
2010-01-29,1.795820951461792
2010-02-01,1.795820951461792
2010-02-02,1.795820951461792
2010-02-03,1.795820951461792
2010-02-04,1.795820951461792
2010-02-05,1.795820951461792
2010-02-08,1.795820951461792
2010-02-09,1.4366559982299805
2010-02-10,1.4366559982299805
2010-02-11,1.4366559982299805
2010-02-12,1.7060290575027466
2010-02-15,1.7060290575027466
2010-02-16,1.795820951461792
2010-02-17,1.7060290575027466
2010-02-18,1.5444060564041138
2010-02-19,1.54441499710083
2010-02-22,1.54441499710083
2010-02-23,1.54441499710083
2010-02-24,1.54441499710083
2010-02-25,2.1081149578094482
2010-02-26,2.1081149578094482
2010-03-01,2.1081149578094482
2010-03-02,2.1081149578094482
2010-03-03,2.1081149578094482
2010-03-04,2.083601951599121
2010-03-05,2.083601951599121
2010-03-08,2.083601951599121
2010-03-09,2.083601951599121
2010-03-10,2.083601951599121
2010-03-11,2.083601951599121
2010-03-12,2.083601951599121
2010-03-15,2.083601951599121
2010-03-16,2.083601951599121
2010-03-17,2.083601951599121
2010-03-18,2.083601951599121
2010-03-19,1.8384729623794556
2010-03-22,1.8874989748001099
2010-03-23,1.470777988433838
2010-03-24,1.470777988433838
2010-03-25,1.7159080505371094
2010-03-26,1.470777988433838
2010-03-29,1.7159080505371094
2010-03-30,1.470777988433838
2010-03-31,1.9610379934310913
2010-04-01,2.083601951599121
2010-04-06,2.083601951599121
2010-04-07,1.9610379934310913
2010-04-08,1.9610379934310913
2010-04-09,2.083601951599121
2010-04-12,2.206166982650757
2010-04-13,2.206166982650757
2010-04-14,1.9610379934310913
2010-04-15,2.083601951599121
2010-04-16,2.377758026123047
2010-04-19,2.206166982650757
2010-04-20,1.9610379934310913
2010-04-21,2.206166982650757
2010-04-22,2.206166982650757
2010-04-23,2.206166982650757
2010-04-27,2.083601951599121
2010-04-28,1.9610379934310913
2010-04-29,1.9610379934310913
2010-04-30,2.4512970447540283
2010-05-03,2.6964271068573
2010-05-04,2.426784038543701
2010-05-05,1.9610379934310913
2010-05-06,2.083601951599121
2010-05-07,1.9610379934310913
2010-05-10,2.206166982650757
2010-05-11,2.4512970447540283
2010-05-12,2.083601951599121
2010-05-13,2.083601951599121
2010-05-14,2.4512970447540283
2010-05-17,2.4512970447540283
2010-05-18,2.6964271068573
2010-05-19,2.8189918994903564
2010-05-20,2.8189918994903564
2010-05-21,2.230679988861084
2010-05-24,2.1326279640197754
2010-05-25,2.083601951599121
2010-05-26,2.083601951599121
2010-05-27,1.985550045967102
2010-05-28,1.985550045967102
2010-05-31,1.985550045967102
2010-06-01,2.0100629329681396
2010-06-02,2.0100629329681396
2010-06-03,2.0100629329681396
2010-06-04,2.034575939178467
2010-06-07,2.034575939178467
2010-06-08,2.034575939178467
2010-06-09,2.0100629329681396
2010-06-10,2.0100629329681396
2010-06-11,1.985550045967102
2010-06-15,2.0100629329681396
2010-06-16,2.034575939178467
2010-06-17,2.034575939178467
2010-06-18,2.083601951599121
2010-06-21,2.4512970447540283
2010-06-22,2.4512970447540283
2010-06-23,2.4512970447540283
2010-06-24,2.4512970447540283
2010-06-25,2.941556930541992
2010-06-28,2.4512970447540283
2010-06-29,2.230679988861084
2010-06-30,2.0100629329681396
2010-07-01,2.0100629329681396
2010-07-02,2.0100629329681396
2010-07-05,2.0100629329681396
2010-07-06,2.083601951599121
2010-07-07,2.1326279640197754
2010-07-08,2.1326279640197754
2010-07-09,2.1326279640197754
2010-07-12,2.1326279640197754
2010-07-13,2.1326279640197754
2010-07-14,2.1326279640197754
2010-07-15,2.6964271068573
2010-07-16,2.6964271068573
2010-07-19,2.6964271068573
2010-07-20,2.1326279640197754
2010-07-21,2.1326279640197754
2010-07-22,2.1326279640197754
2010-07-23,2.1326279640197754
2010-07-26,2.1326279640197754
2010-07-27,2.1326279640197754
2010-07-28,2.1326279640197754
2010-07-29,2.1326279640197754
2010-07-30,2.8189918994903564
2010-08-02,2.8189918994903564
2010-08-03,2.6964271068573
2010-08-04,2.6964271068573
2010-08-05,2.1571409702301025
2010-08-06,2.1571409702301025
2010-08-09,2.206166982650757
2010-08-10,2.206166982650757
2010-08-11,2.206166982650757
2010-08-12,2.1326279640197754
2010-08-13,2.034575939178467
2010-08-16,2.034575939178467
2010-08-17,2.0100629329681396
2010-08-18,1.9610379934310913
2010-08-19,1.985550045967102
2010-08-20,1.9610379934310913
2010-08-23,2.1081149578094482
2010-08-24,2.1081149578094482
2010-08-25,2.1081149578094482
2010-08-26,2.059088945388794
2010-08-27,2.1081149578094482
2010-08-30,2.1081149578094482
2010-08-31,2.1081149578094482
2010-09-01,2.1081149578094482
2010-09-02,1.985550045967102
2010-09-03,1.985550045967102
2010-09-06,1.985550045967102
2010-09-07,1.985550045967102
2010-09-08,1.985550045967102
2010-09-09,1.985550045967102
2010-09-10,1.912011981010437
2010-09-13,1.912011981010437
2010-09-14,1.9610379934310913
2010-09-15,1.9610379934310913
2010-09-16,1.9610379934310913
2010-09-17,1.9610379934310913
2010-09-20,2.083601951599121
2010-09-21,2.083601951599121
2010-09-22,2.083601951599121
2010-09-23,2.083601951599121
2010-09-24,2.083601951599121
2010-09-27,2.083601951599121
2010-09-28,2.083601951599121
2010-09-29,2.083601951599121
2010-09-30,2.083601951599121
2010-10-01,2.083601951599121
2010-10-04,2.083601951599121
2010-10-05,2.206166982650757
2010-10-06,2.941556930541992
2010-10-07,2.8189918994903564
2010-10-08,3.4318161010742188
2010-10-11,3.5543808937072754
2010-10-12,3.676945924758911
2010-10-13,3.9220759868621826
2010-10-14,4.657464981079102
2010-10-15,4.41233491897583
2010-10-18,3.799510955810547
2010-10-19,3.9220759868621826
2010-10-20,3.9220759868621826
2010-10-21,3.9220759868621826
2010-10-22,3.799510955810547
2010-10-25,3.799510955810547
2010-10-26,3.799510955810547
2010-10-27,3.9220759868621826
2010-10-28,3.9220759868621826
2010-10-29,4.167204856872559
2010-11-01,4.167204856872559
2010-11-02,4.902595043182373
2010-11-03,4.41233491897583
2010-11-04,4.167204856872559
2010-11-05,4.167204856872559
2010-11-08,3.799510955810547
2010-11-09,3.799510955810547
2010-11-10,3.799510955810547
2010-11-11,3.799510955810547
2010-11-12,4.41233491897583
2010-11-15,4.167204856872559
2010-11-16,4.167204856872559
2010-11-17,4.167204856872559
2010-11-18,4.167204856872559
2010-11-19,4.289770126342773
2010-11-22,3.9220759868621826
2010-11-23,4.657464981079102
2010-11-24,5.025158882141113
2010-11-25,4.902595043182373
2010-11-26,5.147724151611328
2010-11-29,6.373373031616211
2010-11-30,6.373373031616211
2010-12-01,6.1282429695129395
2010-12-02,6.1282429695129395
2010-12-03,5.760549068450928
2010-12-06,5.883113861083984
2010-12-07,6.1282429695129395
2010-12-08,5.760549068450928
2010-12-09,5.883113861083984
2010-12-10,5.883113861083984
2010-12-13,5.3928542137146
2010-12-14,5.270288944244385
2010-12-15,5.3928542137146
2010-12-16,5.3928542137146
2010-12-17,5.147724151611328
2010-12-20,5.147724151611328
2010-12-21,5.3928542137146
2010-12-22,5.883113861083984
2010-12-23,6.863633155822754
2010-12-24,6.863633155822754
2010-12-29,6.741067886352539
2010-12-30,6.1282429695129395
2010-12-31,6.1282429695129395
2011-01-04,6.250807762145996
2011-01-05,5.147724151611328
2011-01-06,4.902595043182373
2011-01-07,5.147724151611328
2011-01-10,5.147724151611328
2011-01-11,5.025158882141113
2011-01-12,5.025158882141113
2011-01-13,4.902595043182373
2011-01-14,4.902595043182373
2011-01-17,6.250807762145996
2011-01-18,6.1282429695129395
2011-01-19,5.760549068450928
2011-01-20,6.373373031616211
2011-01-21,6.005678176879883
2011-01-24,5.760549068450928
2011-01-25,6.1282429695129395
2011-01-27,5.515419006347656
2011-01-28,5.515419006347656
2011-01-31,6.005678176879883
2011-02-01,6.005678176879883
2011-02-02,6.005678176879883
2011-02-03,6.1282429695129395
2011-02-04,6.495937824249268
2011-02-07,6.863633155822754
2011-02-08,6.1282429695129395
2011-02-09,6.1282429695129395
2011-02-10,6.618503093719482
2011-02-11,6.618503093719482
2011-02-14,7.353891849517822
2011-02-15,8.824670791625977
2011-02-16,8.824670791625977
2011-02-17,8.08928108215332
2011-02-18,7.844151973724365
2011-02-21,8.702106475830078
2011-02-22,8.08928108215332
2011-02-23,7.844151973724365
2011-02-24,7.599021911621094
2011-02-25,7.599021911621094
2011-02-28,7.599021911621094
2011-03-01,7.108761787414551
2011-03-02,7.353891849517822
2011-03-03,7.353891849517822
2011-03-04,6.986196994781494
2011-03-07,6.986196994781494
2011-03-08,6.986196994781494
2011-03-09,7.353891849517822
2011-03-10,6.986196994781494
2011-03-11,6.986196994781494
2011-03-15,6.863633155822754
2011-03-16,7.353891849517822
2011-03-17,7.353891849517822
2011-03-18,6.986196994781494
2011-03-21,6.986196994781494
2011-03-22,7.108761787414551
2011-03-23,6.863633155822754
2011-03-24,6.863633155822754
2011-03-25,6.863633155822754
2011-03-28,6.618503093719482
2011-03-29,6.618503093719482
2011-03-30,6.1282429695129395
2011-03-31,6.373373031616211
2011-04-01,6.373373031616211
2011-04-04,6.373373031616211
2011-04-05,6.373373031616211
2011-04-06,6.250807762145996
2011-04-07,6.495937824249268
2011-04-08,7.353891849517822
2011-04-11,6.1282429695129395
2011-04-12,6.618503093719482
2011-04-13,6.618503093719482
2011-04-14,5.760549068450928
2011-04-15,5.760549068450928
2011-04-18,5.760549068450928
2011-04-19,5.760549068450928
2011-04-20,6.250807762145996
2011-04-21,6.250807762145996
2011-04-27,6.250807762145996
2011-04-28,6.1282429695129395
2011-04-29,6.1282429695129395
2011-05-02,5.883113861083984
2011-05-03,5.883113861083984
2011-05-04,5.883113861083984
2011-05-05,5.760549068450928
2011-05-06,5.760549068450928
2011-05-09,6.373373031616211
2011-05-10,6.373373031616211
2011-05-11,6.373373031616211
2011-05-12,6.373373031616211
2011-05-13,6.373373031616211
2011-05-16,6.373373031616211
2011-05-17,6.373373031616211
2011-05-18,6.373373031616211
2011-05-19,5.760549068450928
2011-05-20,5.760549068450928
2011-05-23,4.657464981079102
2011-05-24,4.41233491897583
2011-05-25,4.41233491897583
2011-05-26,5.147724151611328
2011-05-27,5.883113861083984
2011-05-30,6.1282429695129395
2011-05-31,5.147724151611328
2011-06-01,5.147724151611328
2011-06-02,5.147724151611328
2011-06-03,5.147724151611328
2011-06-06,5.147724151611328
2011-06-07,3.799510955810547
2011-06-08,4.167204856872559
2011-06-09,4.167204856872559
2011-06-10,4.534900188446045
2011-06-14,4.534900188446045
2011-06-15,4.534900188446045
2011-06-16,4.289770126342773
2011-06-17,5.147724151611328
2011-06-20,5.147724151611328
2011-06-21,4.902595043182373
2011-06-22,4.902595043182373
2011-06-23,4.534900188446045
2011-06-24,4.534900188446045
2011-06-27,4.534900188446045
2011-06-28,4.167204856872559
2011-06-29,4.41233491897583
2011-06-30,4.41233491897583
2011-07-01,4.657464981079102
2011-07-04,4.657464981079102
2011-07-05,4.657464981079102
2011-07-06,4.657464981079102
2011-07-07,4.902595043182373
2011-07-08,5.147724151611328
2011-07-11,4.657464981079102
2011-07-12,4.657464981079102
2011-07-13,4.657464981079102
2011-07-14,4.657464981079102
2011-07-15,4.657464981079102
2011-07-18,4.657464981079102
2011-07-19,4.657464981079102
2011-07-20,4.780029773712158
2011-07-21,4.534900188446045
2011-07-22,4.41233491897583
2011-07-25,4.657464981079102
2011-07-26,4.902595043182373
2011-07-27,5.637983798980713
2011-07-28,5.637983798980713
2011-07-29,5.637983798980713
2011-08-02,6.005678176879883
2011-08-03,6.005678176879883
2011-08-04,6.1282429695129395
2011-08-05,5.025158882141113
2011-08-08,5.025158882141113
2011-08-09,5.025158882141113
2011-08-10,6.1282429695129395
2011-08-11,6.1282429695129395
2011-08-12,5.883113861083984
2011-08-15,6.1282429695129395
2011-08-16,6.1282429695129395
2011-08-17,6.863633155822754
2011-08-18,8.08928108215332
2011-08-19,7.844151973724365
2011-08-22,7.9667158126831055
2011-08-23,10.050318717956543
2011-08-24,9.805190086364746
2011-08-25,9.927754402160645
2011-08-26,9.805190086364746
2011-08-29,12.256486892700195
2011-08-30,11.521098136901855
2011-08-31,11.521098136901855
2011-09-01,11.521098136901855
2011-09-02,11.766227722167969
2011-09-05,12.011357307434082
2011-09-06,12.256486892700195
2011-09-07,13.604701042175293
2011-09-08,15.810869216918945
2011-09-09,18.01703643798828
2011-09-12,15.933432579040527
2011-09-13,16.42369270324707
2011-09-14,14.952914237976074
2011-09-15,16.6688232421875
2011-09-16,16.913951873779297
2011-09-19,16.7913875579834
2011-09-20,16.7913875579834
2011-09-21,17.89447021484375
2011-09-22,15.443174362182617
2011-09-23,14.707784652709961
2011-09-26,13.727266311645508
2011-09-27,14.585220336914062
2011-09-28,13.237006187438965
2011-09-29,13.849830627441406
2011-09-30,13.972394943237305
2011-10-04,13.482135772705078
2011-10-05,13.237006187438965
2011-10-06,13.972394943237305
2011-10-07,14.707784652709961
2011-10-10,16.17856216430664
2011-10-11,15.933432579040527
2011-10-12,14.707784652709961
2011-10-13,13.727266311645508
2011-10-14,14.217524528503418
2011-10-17,13.482135772705078
2011-10-18,11.64366340637207
2011-10-19,12.256486892700195
2011-10-20,11.64366340637207
2011-10-21,12.011357307434082
2011-10-24,12.256486892700195
2011-10-25,12.501617431640625
2011-10-26,12.991875648498535
2011-10-27,12.501617431640625
2011-10-28,12.746747016906738
2011-10-31,12.501617431640625
2011-11-02,12.746747016906738
2011-11-03,12.746747016906738
2011-11-04,13.11444091796875
2011-11-07,13.482135772705078
2011-11-08,16.6688232421875
2011-11-09,17.159082412719727
2011-11-10,18.38473129272461
2011-11-11,19.120119094848633
2011-11-14,18.997554779052734
2011-11-15,17.649341583251953
2011-11-16,17.159082412719727
2011-11-17,16.6688232421875
2011-11-18,17.159082412719727
2011-11-21,17.159082412719727
2011-11-22,16.913951873779297
2011-11-23,15.320609092712402
2011-11-24,15.565738677978516
2011-11-25,15.320609092712402
2011-11-28,14.462655067443848
2011-11-29,14.217524528503418
2011-11-30,14.462655067443848
2011-12-01,15.68830394744873
2011-12-02,17.159082412719727
2011-12-05,16.055997848510742
2011-12-06,15.68830394744873
2011-12-07,16.17856216430664
2011-12-08,16.055997848510742
2011-12-09,15.810869216918945
2011-12-12,14.340089797973633
2011-12-13,14.217524528503418
2011-12-14,13.482135772705078
2011-12-15,13.482135772705078
2011-12-16,13.482135772705078
2011-12-19,13.972394943237305
2011-12-20,13.972394943237305
2011-12-21,12.746747016906738
2011-12-22,13.972394943237305
2011-12-23,13.972394943237305
2011-12-28,14.217524528503418
2011-12-29,14.707784652709961
2011-12-30,14.707784652709961
2012-01-03,16.913951873779297
2012-01-04,16.913951873779297
2012-01-05,16.913951873779297
2012-01-06,17.159082412719727
2012-01-09,16.913951873779297
2012-01-10,16.42369270324707
2012-01-11,15.933432579040527
2012-01-12,15.68830394744873
2012-01-13,15.443174362182617
2012-01-16,14.707784652709961
2012-01-17,15.198043823242188
2012-01-18,15.198043823242188
2012-01-19,15.443174362182617
2012-01-20,15.68830394744873
2012-01-23,15.68830394744873
2012-01-24,15.68830394744873
2012-01-25,15.68830394744873
2012-01-27,15.68830394744873
2012-01-30,15.68830394744873
2012-01-31,14.707784652709961
2012-02-01,16.6688232421875
2012-02-02,16.6688232421875
2012-02-03,14.462655067443848
2012-02-06,13.972394943237305
2012-02-07,13.237006187438965
2012-02-08,13.972394943237305
2012-02-09,13.482135772705078
2012-02-10,13.11444091796875
2012-02-13,12.991875648498535
2012-02-14,12.256486892700195
2012-02-15,11.888792037963867
2012-02-16,11.766227722167969
2012-02-17,11.521098136901855
2012-02-20,11.275967597961426
2012-02-21,12.37905216217041
2012-02-22,12.869311332702637
2012-02-23,13.482135772705078
2012-02-24,12.991875648498535
2012-02-27,13.482135772705078
2012-02-28,13.237006187438965
2012-02-29,12.746747016906738
2012-03-01,12.256486892700195
2012-03-02,13.237006187438965
2012-03-05,12.011357307434082
2012-03-06,12.501617431640625
2012-03-07,12.011357307434082
2012-03-08,12.011357307434082
2012-03-09,12.256486892700195
2012-03-12,12.501617431640625
2012-03-13,12.501617431640625
2012-03-14,12.256486892700195
2012-03-15,12.501617431640625
2012-03-16,12.256486892700195
2012-03-19,12.256486892700195
2012-03-20,12.256486892700195
2012-03-21,12.256486892700195
2012-03-22,12.501617431640625
2012-03-23,12.501617431640625
2012-03-26,12.624181747436523
2012-03-27,12.256486892700195
2012-03-28,12.13392162322998
2012-03-29,12.011357307434082
2012-03-30,12.011357307434082
2012-04-02,12.011357307434082
2012-04-03,13.972394943237305
2012-04-04,13.482135772705078
2012-04-05,12.746747016906738
2012-04-10,12.256486892700195
2012-04-11,12.256486892700195
2012-04-12,12.256486892700195
2012-04-13,12.501617431640625
2012-04-16,12.256486892700195
2012-04-17,11.766227722167969
2012-04-18,11.275967597961426
2012-04-19,12.13392162322998
2012-04-20,12.011357307434082
2012-04-23,12.256486892700195
2012-04-24,11.766227722167969
2012-04-26,11.766227722167969
2012-04-27,11.766227722167969
2012-04-30,11.521098136901855
2012-05-01,11.521098136901855
2012-05-02,11.766227722167969
2012-05-03,11.766227722167969
2012-05-04,11.521098136901855
2012-05-07,11.275967597961426
2012-05-08,11.030838012695312
2012-05-09,11.030838012695312
2012-05-10,11.030838012695312
2012-05-11,11.030838012695312
2012-05-14,10.785709381103516
2012-05-15,10.295449256896973
2012-05-16,9.805190086364746
2012-05-17,9.560059547424316
2012-05-18,9.805190086364746
2012-05-21,9.805190086364746
2012-05-22,9.560059547424316
2012-05-23,10.050318717956543
2012-05-24,10.295449256896973
2012-05-25,11.766227722167969
2012-05-28,11.275967597961426
2012-05-29,11.275967597961426
2012-05-30,11.030838012695312
2012-05-31,11.275967597961426
2012-06-01,11.275967597961426
2012-06-04,10.908272743225098
2012-06-05,10.908272743225098
2012-06-06,10.908272743225098
2012-06-07,10.785709381103516
2012-06-08,10.295449256896973
2012-06-12,10.295449256896973
2012-06-13,9.805190086364746
2012-06-14,9.805190086364746
2012-06-15,9.560059547424316
2012-06-18,10.050318717956543
2012-06-19,10.050318717956543
2012-06-20,10.540578842163086
2012-06-21,10.540578842163086
2012-06-22,10.540578842163086
2012-06-25,10.6631441116333
2012-06-26,9.805190086364746
2012-06-27,9.805190086364746
2012-06-28,9.927754402160645
2012-06-29,10.540578842163086
2012-07-02,10.295449256896973
2012-07-03,10.295449256896973
2012-07-04,10.295449256896973
2012-07-05,10.540578842163086
2012-07-06,9.805190086364746
2012-07-09,11.030838012695312
2012-07-10,10.785709381103516
2012-07-11,10.295449256896973
2012-07-12,9.805190086364746
2012-07-13,9.805190086364746
2012-07-16,9.805190086364746
2012-07-17,9.805190086364746
2012-07-18,9.560059547424316
2012-07-19,9.560059547424316
2012-07-20,9.805190086364746
2012-07-23,9.805190086364746
2012-07-24,9.805190086364746
2012-07-25,9.805190086364746
2012-07-26,9.560059547424316
2012-07-27,9.805190086364746
2012-07-30,9.805190086364746
2012-07-31,9.560059547424316
2012-08-01,9.560059547424316
2012-08-02,9.560059547424316
2012-08-03,9.560059547424316
2012-08-06,9.560059547424316
2012-08-07,9.560059547424316
2012-08-08,9.805190086364746
2012-08-09,10.050318717956543
2012-08-10,10.295449256896973
2012-08-13,10.172883987426758
2012-08-14,9.682624816894531
2012-08-15,9.805190086364746
2012-08-16,9.560059547424316
2012-08-17,9.560059547424316
2012-08-20,8.824670791625977
2012-08-21,8.08928108215332
2012-08-22,8.08928108215332
2012-08-23,8.08928108215332
2012-08-24,9.560059547424316
2012-08-27,8.456975936889648
2012-08-28,8.456975936889648
2012-08-29,8.579541206359863
2012-08-30,7.476457118988037
2012-08-31,6.618503093719482
2012-09-03,7.599021911621094
2012-09-04,7.9667158126831055
2012-09-05,7.353891849517822
2012-09-06,7.353891849517822
2012-09-07,7.599021911621094
2012-09-10,7.721587181091309
2012-09-11,7.476457118988037
2012-09-12,7.599021911621094
2012-09-13,7.721587181091309
2012-09-14,7.721587181091309
2012-09-17,7.353891849517822
2012-09-18,8.08928108215332
2012-09-19,7.599021911621094
2012-09-20,7.599021911621094
2012-09-21,7.599021911621094
2012-09-24,7.844151973724365
2012-09-25,7.721587181091309
2012-09-26,9.06980037689209
2012-09-27,8.456975936889648
2012-09-28,9.06980037689209
2012-10-01,8.579541206359863
2012-10-02,8.456975936889648
2012-10-03,7.9667158126831055
2012-10-04,8.211846351623535
2012-10-05,9.06980037689209
2012-10-08,8.702106475830078
2012-10-09,9.06980037689209
2012-10-10,9.06980037689209
2012-10-11,9.06980037689209
2012-10-12,9.560059547424316
2012-10-15,9.682624816894531
2012-10-16,9.437495231628418
2012-10-17,9.437495231628418
2012-10-18,9.06980037689209
2012-10-19,9.06980037689209
2012-10-22,9.192364692687988
2012-10-23,8.579541206359863
2012-10-24,8.579541206359863
2012-10-25,8.947235107421875
2012-10-26,8.824670791625977
2012-10-29,9.06980037689209
2012-10-30,9.06980037689209
2012-10-31,9.06980037689209
2012-11-01,9.06980037689209
2012-11-02,9.06980037689209
2012-11-05,8.824670791625977
2012-11-06,8.456975936889648
2012-11-07,9.06980037689209
2012-11-08,9.805190086364746
2012-11-09,10.908272743225098
2012-11-12,10.418013572692871
2012-11-13,9.682624816894531
2012-11-14,9.560059547424316
2012-11-15,9.06980037689209
2012-11-16,9.06980037689209
2012-11-19,9.314929962158203
2012-11-20,9.192364692687988
2012-11-21,9.06980037689209
2012-11-22,9.314929962158203
2012-11-23,10.418013572692871
2012-11-26,10.785709381103516
2012-11-27,11.030838012695312
2012-11-28,10.418013572692871
2012-11-29,10.540578842163086
2012-11-30,10.295449256896973
2012-12-03,9.314929962158203
2012-12-04,8.824670791625977
2012-12-05,8.08928108215332
2012-12-06,7.721587181091309
2012-12-07,8.334410667419434
2012-12-10,8.211846351623535
2012-12-11,8.334410667419434
2012-12-12,8.579541206359863
2012-12-13,8.211846351623535
2012-12-14,8.08928108215332
2012-12-17,7.721587181091309
2012-12-18,7.721587181091309
2012-12-19,7.231327056884766
2012-12-20,7.353891849517822
2012-12-21,7.353891849517822
2012-12-24,7.353891849517822
2012-12-27,7.353891849517822
2012-12-28,7.231327056884766
2012-12-31,7.231327056884766
2013-01-02,7.108761787414551
2013-01-03,7.108761787414551
2013-01-04,7.108761787414551
2013-01-07,7.599021911621094
2013-01-08,8.211846351623535
2013-01-09,8.702106475830078
2013-01-10,8.579541206359863
2013-01-11,8.579541206359863
2013-01-14,8.334410667419434
2013-01-15,8.456975936889648
2013-01-16,7.844151973724365
2013-01-17,8.334410667419434
2013-01-18,8.211846351623535
2013-01-21,8.334410667419434
2013-01-22,8.334410667419434
2013-01-23,8.334410667419434
2013-01-24,8.824670791625977
2013-01-25,9.192364692687988
2013-01-29,9.192364692687988
2013-01-30,8.579541206359863
2013-01-31,9.314929962158203
2013-02-01,8.702106475830078
2013-02-04,8.334410667419434
2013-02-05,7.9667158126831055
2013-02-06,7.353891849517822
2013-02-07,7.476457118988037
2013-02-08,7.353891849517822
2013-02-11,7.353891849517822
2013-02-12,7.721587181091309
2013-02-13,7.353891849517822
2013-02-14,7.721587181091309
2013-02-15,7.353891849517822
2013-02-18,7.353891849517822
2013-02-19,7.108761787414551
2013-02-20,7.353891849517822
2013-02-21,7.108761787414551
2013-02-22,7.353891849517822
2013-02-25,7.353891849517822
2013-02-26,6.986196994781494
2013-02-27,7.231327056884766
2013-02-28,7.108761787414551
2013-03-01,7.108761787414551
2013-03-04,6.863633155822754
2013-03-05,6.986196994781494
2013-03-06,7.108761787414551
2013-03-07,7.108761787414551
2013-03-08,6.863633155822754
2013-03-11,6.741067886352539
2013-03-12,6.495937824249268
2013-03-13,6.373373031616211
2013-03-14,6.618503093719482
2013-03-15,6.1282429695129395
2013-03-18,6.373373031616211
2013-03-19,6.1282429695129395
2013-03-20,6.373373031616211
2013-03-21,6.250807762145996
2013-03-22,6.1282429695129395
2013-03-25,6.495937824249268
2013-03-26,6.373373031616211
2013-03-27,6.1282429695129395
2013-03-28,6.1282429695129395
2013-04-02,6.1282429695129395
2013-04-03,6.005678176879883
2013-04-04,6.1282429695129395
2013-04-05,6.1282429695129395
2013-04-08,7.231327056884766
2013-04-09,6.618503093719482
2013-04-10,6.373373031616211
2013-04-11,6.1282429695129395
2013-04-12,6.1282429695129395
2013-04-15,6.1282429695129395
2013-04-16,5.883113861083984
2013-04-17,5.883113861083984
2013-04-18,6.1282429695129395
2013-04-19,6.1282429695129395
2013-04-22,5.760549068450928
2013-04-23,5.3928542137146
2013-04-24,5.760549068450928
2013-04-26,5.883113861083984
2013-04-29,5.883113861083984
2013-04-30,5.883113861083984
2013-05-01,5.883113861083984
2013-05-02,5.515419006347656
2013-05-03,5.637983798980713
2013-05-06,5.883113861083984
2013-05-07,5.3928542137146
2013-05-08,5.270288944244385
2013-05-09,5.637983798980713
2013-05-10,5.883113861083984
2013-05-13,5.883113861083984
2013-05-14,6.1282429695129395
2013-05-15,6.618503093719482
2013-05-16,6.1282429695129395
2013-05-17,6.373373031616211
2013-05-20,6.1282429695129395
2013-05-21,6.1282429695129395
2013-05-22,6.1282429695129395
2013-05-23,6.1282429695129395
2013-05-24,6.1282429695129395
2013-05-27,5.883113861083984
2013-05-28,5.883113861083984
2013-05-29,5.760549068450928
2013-05-30,5.760549068450928
2013-05-31,5.270288944244385
2013-06-03,5.3928542137146
2013-06-04,5.147724151611328
2013-06-05,5.147724151611328
2013-06-06,5.147724151611328
2013-06-07,4.902595043182373
2013-06-11,5.025158882141113
2013-06-12,5.025158882141113
2013-06-13,5.025158882141113
2013-06-14,5.025158882141113
2013-06-17,5.025158882141113
2013-06-18,4.902595043182373
2013-06-19,4.902595043182373
2013-06-20,4.902595043182373
2013-06-21,4.41233491897583
2013-06-24,4.41233491897583
2013-06-25,4.41233491897583
2013-06-26,4.289770126342773
2013-06-27,4.167204856872559
2013-06-28,4.534900188446045
2013-07-01,4.41233491897583
2013-07-02,4.657464981079102
2013-07-03,4.657464981079102
2013-07-04,4.41233491897583
2013-07-05,5.3928542137146
2013-07-08,4.780029773712158
2013-07-09,4.902595043182373
2013-07-10,5.147724151611328
2013-07-11,5.883113861083984
2013-07-12,5.760549068450928
2013-07-15,5.760549068450928
2013-07-16,5.760549068450928
2013-07-17,6.373373031616211
2013-07-18,6.495937824249268
2013-07-19,6.1282429695129395
2013-07-22,6.1282429695129395
2013-07-23,6.005678176879883
2013-07-24,5.270288944244385
2013-07-25,5.147724151611328
2013-07-26,5.147724151611328
2013-07-29,5.147724151611328
2013-07-30,5.270288944244385
2013-07-31,4.902595043182373
2013-08-01,5.147724151611328
2013-08-02,4.902595043182373
2013-08-05,5.025158882141113
2013-08-06,5.3928542137146
2013-08-07,5.883113861083984
2013-08-08,6.495937824249268
2013-08-09,6.1282429695129395
2013-08-12,6.005678176879883
2013-08-13,6.1282429695129395
2013-08-14,6.618503093719482
2013-08-15,6.250807762145996
2013-08-16,6.250807762145996
2013-08-19,6.005678176879883
2013-08-20,6.1282429695129395
2013-08-21,6.1282429695129395
2013-08-22,5.883113861083984
2013-08-23,6.005678176879883
2013-08-26,5.3928542137146
2013-08-27,5.883113861083984
2013-08-28,6.1282429695129395
2013-08-29,6.005678176879883
2013-08-30,5.515419006347656
2013-09-02,5.883113861083984
2013-09-03,5.3928542137146
2013-09-04,5.637983798980713
2013-09-05,5.3928542137146
2013-09-06,5.637983798980713
2013-09-09,5.637983798980713
2013-09-10,5.637983798980713
2013-09-11,5.3928542137146
2013-09-12,5.3928542137146
2013-09-13,5.3928542137146
2013-09-16,5.025158882141113
2013-09-17,5.3928542137146
2013-09-18,5.515419006347656
2013-09-19,5.515419006347656
2013-09-20,5.270288944244385
2013-09-23,5.3928542137146
2013-09-24,5.515419006347656
2013-09-25,5.147724151611328
2013-09-26,5.515419006347656
2013-09-27,4.902595043182373
2013-09-30,5.147724151611328
2013-10-01,4.902595043182373
2013-10-02,4.657464981079102
2013-10-03,5.3928542137146
2013-10-04,4.902595043182373
2013-10-07,4.902595043182373
2013-10-08,4.902595043182373
2013-10-09,4.657464981079102
2013-10-10,4.534900188446045
2013-10-11,4.534900188446045
2013-10-14,4.780029773712158
2013-10-15,4.902595043182373
2013-10-16,5.025158882141113
2013-10-17,4.780029773712158
2013-10-18,5.147724151611328
2013-10-21,5.3928542137146
2013-10-22,5.3928542137146
2013-10-23,5.760549068450928
2013-10-24,5.637983798980713
2013-10-25,6.863633155822754
2013-10-28,6.741067886352539
2013-10-29,6.986196994781494
2013-10-30,6.863633155822754
2013-10-31,6.618503093719482
2013-11-01,6.373373031616211
2013-11-04,5.883113861083984
2013-11-05,5.760549068450928
2013-11-06,6.1282429695129395
2013-11-07,6.373373031616211
2013-11-08,6.618503093719482
2013-11-11,6.495937824249268
2013-11-12,6.1282429695129395
2013-11-13,6.005678176879883
2013-11-14,5.760549068450928
2013-11-15,5.760549068450928
2013-11-18,5.637983798980713
2013-11-19,5.3928542137146
2013-11-20,5.637983798980713
2013-11-21,5.760549068450928
2013-11-22,5.515419006347656
2013-11-25,5.515419006347656
2013-11-26,5.760549068450928
2013-11-27,5.515419006347656
2013-11-28,5.270288944244385
2013-11-29,5.883113861083984
2013-12-02,5.883113861083984
2013-12-03,5.883113861083984
2013-12-04,5.883113861083984
2013-12-05,5.025158882141113
2013-12-06,5.270288944244385
2013-12-09,5.515419006347656
2013-12-10,5.3928542137146
2013-12-11,5.025158882141113
2013-12-12,5.147724151611328
2013-12-13,5.270288944244385
2013-12-16,5.270288944244385
2013-12-17,5.147724151611328
2013-12-18,5.147724151611328
2013-12-19,5.270288944244385
2013-12-20,5.270288944244385
2013-12-23,5.270288944244385
2013-12-24,5.147724151611328
2013-12-27,5.147724151611328
2013-12-30,5.270288944244385
2013-12-31,5.760549068450928
2014-01-02,5.883113861083984
2014-01-03,5.883113861083984
2014-01-06,6.005678176879883
2014-01-07,5.637983798980713
2014-01-08,5.637983798980713
2014-01-09,5.515419006347656
2014-01-10,5.515419006347656
2014-01-13,5.637983798980713
2014-01-14,5.637983798980713
2014-01-15,5.515419006347656
2014-01-16,5.147724151611328
2014-01-17,5.3928542137146
2014-01-20,5.3928542137146
2014-01-21,5.515419006347656
2014-01-22,5.3928542137146
2014-01-23,5.515419006347656
2014-01-24,5.760549068450928
2014-01-28,5.270288944244385
2014-01-29,5.270288944244385
2014-01-30,5.3928542137146
2014-01-31,5.637983798980713
2014-02-03,5.637983798980713
2014-02-04,5.637983798980713
2014-02-05,5.637983798980713
2014-02-06,5.637983798980713
2014-02-07,5.637983798980713
2014-02-10,5.637983798980713
2014-02-11,5.637983798980713
2014-02-12,5.637983798980713
2014-02-13,5.637983798980713
2014-02-14,5.637983798980713
2014-02-17,5.637983798980713
2014-02-18,5.637983798980713
2014-02-19,5.637983798980713
2014-02-20,5.637983798980713
2014-02-21,5.637983798980713
2014-02-24,5.637983798980713
2014-02-25,5.637983798980713
2014-02-26,5.637983798980713
2014-02-27,5.637983798980713
2014-02-28,5.637983798980713
2014-03-03,5.637983798980713
2014-03-04,5.637983798980713
2014-03-05,5.637983798980713
2014-03-06,5.637983798980713
2014-03-07,5.637983798980713
2014-03-10,5.637983798980713
2014-03-11,5.637983798980713
2014-03-12,5.637983798980713
2014-03-13,5.637983798980713
2014-03-14,5.637983798980713
2014-03-17,5.637983798980713
2014-03-18,5.637983798980713
2014-03-19,5.637983798980713
2014-03-20,5.637983798980713
2014-03-21,5.637983798980713
2014-03-24,5.637983798980713
2014-03-25,5.637983798980713
2014-03-26,5.637983798980713
2014-03-27,5.637983798980713
2014-03-28,5.637983798980713
2014-03-31,5.637983798980713
2014-04-01,5.637983798980713
2014-04-02,5.637983798980713
2014-04-03,5.637983798980713
2014-04-04,5.637983798980713
2014-04-07,5.637983798980713
2014-04-08,5.637983798980713
2014-04-09,5.637983798980713
2014-04-10,5.3928542137146
2014-04-11,5.147724151611328
2014-04-14,5.025158882141113
2014-04-15,5.637983798980713
2014-04-16,5.760549068450928
2014-04-17,5.3928542137146
2014-04-22,5.760549068450928
2014-04-23,5.3928542137146
2014-04-24,5.147724151611328
2014-04-28,5.147724151611328
2014-04-29,5.147724151611328
2014-04-30,5.147724151611328
2014-05-01,5.147724151611328
2014-05-02,5.147724151611328
2014-05-05,5.147724151611328
2014-05-06,5.147724151611328
2014-05-07,5.147724151611328
2014-05-08,5.147724151611328
2014-05-09,5.147724151611328
2014-05-12,5.147724151611328
2014-05-13,4.41233491897583
2014-05-14,4.41233491897583
2014-05-15,4.534900188446045
2014-05-16,4.41233491897583
2014-05-19,4.289770126342773
2014-05-20,4.289770126342773
2014-05-21,4.657464981079102
2014-05-22,5.270288944244385
2014-05-23,5.147724151611328
2014-05-26,5.147724151611328
2014-05-27,5.025158882141113
2014-05-28,4.902595043182373
2014-05-29,5.637983798980713
2014-05-30,5.637983798980713
2014-06-02,6.863633155822754
2014-06-03,7.599021911621094
2014-06-04,7.353891849517822
2014-06-05,6.863633155822754
2014-06-06,6.741067886352539
2014-06-10,7.353891849517822
2014-06-11,7.108761787414551
2014-06-12,6.495937824249268
2014-06-13,6.1282429695129395
2014-06-16,6.1282429695129395
2014-06-17,6.373373031616211
2014-06-18,6.250807762145996
2014-06-19,6.373373031616211
2014-06-20,6.495937824249268
2014-06-23,6.618503093719482
2014-06-24,6.005678176879883
2014-06-25,5.883113861083984
2014-06-26,6.741067886352539
2014-06-27,6.1282429695129395
2014-06-30,5.883113861083984
2014-07-01,5.883113861083984
2014-07-02,6.1282429695129395
2014-07-03,5.883113861083984
2014-07-04,6.005678176879883
2014-07-07,6.250807762145996
2014-07-08,5.760549068450928
2014-07-09,5.883113861083984
2014-07-10,5.760549068450928
2014-07-11,5.760549068450928
2014-07-14,5.147724151611328
2014-07-15,5.025158882141113
2014-07-16,5.147724151611328
2014-07-17,5.3928542137146
2014-07-18,5.3928542137146
2014-07-21,5.270288944244385
2014-07-22,5.270288944244385
2014-07-23,5.147724151611328
2014-07-24,5.147724151611328
2014-07-25,4.902595043182373
2014-07-28,3.4318161010742188
2014-07-29,3.309251070022583
2014-07-30,3.1866860389709473
2014-07-31,3.1866860389709473
2014-08-01,3.1866860389709473
2014-08-04,3.1866860389709473
2014-08-05,0.9314929842948914
2014-08-06,0.9314929842948914
2014-08-07,0.9314929842948914
2014-08-08,0.9314929842948914
2014-08-11,0.9314929842948914
2014-08-12,0.9314929842948914
2014-08-13,0.9314929842948914
2014-08-14,0.9314929842948914
2014-08-15,0.9314929842948914
2014-08-18,0.9314929842948914
2014-08-19,0.9314929842948914
2014-08-20,0.9314929842948914
2014-08-21,0.9314929842948914
2014-08-22,0.9314929842948914
2014-08-25,0.9314929842948914
2014-08-26,0.9314929842948914
2014-08-27,0.9314929842948914
2014-08-28,0.9314929842948914
2014-08-29,0.9314929842948914
2014-09-01,0.9314929842948914
2014-09-02,0.9314929842948914
2014-09-03,0.9314929842948914
2014-09-04,0.9314929842948914
2014-09-05,0.9314929842948914
2014-09-08,0.9314929842948914
2014-09-09,0.9314929842948914
2014-09-10,0.9314929842948914
2014-09-11,0.9314929842948914
2014-09-12,0.9314929842948914
2014-09-15,0.9314929842948914
2014-09-16,0.9314929842948914
2014-09-17,0.9314929842948914
2014-09-18,0.9314929842948914
2014-09-19,0.9314929842948914
2014-09-22,0.9314929842948914
2014-09-23,0.9314929842948914
2014-09-24,0.9314929842948914
2014-09-25,0.2696419954299927
2014-09-26,0.2696419954299927
2014-09-29,0.24512900412082672
2014-09-30,0.24512900412082672
2014-10-01,0.22061599791049957
2014-10-02,0.22061599791049957
2014-10-03,0.24512900412082672
2014-10-06,0.24512900412082672
2014-10-07,0.24512900412082672
2014-10-08,0.22061599791049957
2014-10-09,0.22061599791049957
2014-10-10,0.22061599791049957
2014-10-13,0.22061599791049957
2014-10-14,0.22061599791049957
2014-10-15,0.22061599791049957
2014-10-16,0.22061599791049957
2014-10-17,0.22061599791049957
2014-10-20,0.22061599791049957
2014-10-21,0.19610300660133362
2014-10-22,0.19610300660133362
2014-10-23,0.17159000039100647
2014-10-24,0.19610300660133362
2014-10-27,0.22061599791049957
2014-10-28,0.19610300660133362
2014-10-29,0.22061599791049957
2014-10-30,0.2696419954299927
2014-10-31,0.24512900412082672
2014-11-03,0.22061599791049957
2014-11-04,0.22061599791049957
2014-11-05,0.22061599791049957
2014-11-06,0.22061599791049957
2014-11-07,0.22061599791049957
2014-11-10,0.19610300660133362
2014-11-11,0.19610300660133362
2014-11-12,0.19610300660133362
2014-11-13,0.22061599791049957
2014-11-14,0.22061599791049957
2014-11-17,0.19610300660133362
2014-11-18,0.19610300660133362
2014-11-19,0.19610300660133362
2014-11-20,0.22061599791049957
2014-11-21,0.24512900412082672
2014-11-24,0.22061599791049957
2014-11-25,0.22061599791049957
2014-11-26,0.24512900412082672
2014-11-27,0.22061599791049957
2014-11-28,0.22061599791049957
2014-12-01,0.22061599791049957
2014-12-02,0.22061599791049957
2014-12-03,0.22061599791049957
2014-12-04,0.19610300660133362
2014-12-05,0.19610300660133362
2014-12-08,0.19610300660133362
2014-12-09,0.19610300660133362
2014-12-10,0.19610300660133362
2014-12-11,0.19610300660133362
2014-12-12,0.19610300660133362
2014-12-15,0.19610300660133362
2014-12-16,0.17159000039100647
2014-12-17,0.17159000039100647
2014-12-18,0.17159000039100647
2014-12-19,0.17159000039100647
2014-12-22,0.17159000039100647
2014-12-23,0.19610300660133362
2014-12-24,0.19610300660133362
2014-12-29,0.22061599791049957
2014-12-30,0.22061599791049957
2014-12-31,0.24512900412082672
2015-01-02,0.24512900412082672
2015-01-05,0.2941550016403198
2015-01-06,0.2941550016403198
2015-01-07,0.2941550016403198
2015-01-08,0.318668007850647
2015-01-09,0.2941550016403198
2015-01-12,0.2696419954299927
2015-01-13,0.2696419954299927
2015-01-14,0.2696419954299927
2015-01-15,0.2696419954299927
2015-01-16,0.24512900412082672
2015-01-19,0.318668007850647
2015-01-20,0.2941550016403198
2015-01-21,0.2696419954299927
2015-01-22,0.2696419954299927
2015-01-23,0.318668007850647
2015-01-27,0.318668007850647
2015-01-28,0.318668007850647
2015-01-29,0.318668007850647
2015-01-30,0.318668007850647
2015-02-02,0.318668007850647
2015-02-03,0.318668007850647
2015-02-04,0.318668007850647
2015-02-05,0.2941550016403198
2015-02-06,0.2941550016403198
2015-02-09,0.2941550016403198
2015-02-10,0.2696419954299927
2015-02-11,0.2941550016403198
2015-02-12,0.2941550016403198
2015-02-13,0.2941550016403198
2015-02-16,0.2941550016403198
2015-02-17,0.2941550016403198
2015-02-18,0.24512900412082672
2015-02-19,0.2941550016403198
2015-02-20,0.2941550016403198
2015-02-23,0.2941550016403198
2015-02-24,0.2941550016403198
2015-02-25,0.2941550016403198
2015-02-26,0.2696419954299927
2015-02-27,0.24512900412082672
2015-03-02,0.22061599791049957
2015-03-03,0.22061599791049957
2015-03-04,0.22061599791049957
2015-03-05,0.24512900412082672
2015-03-06,0.24512900412082672
2015-03-09,0.24512900412082672
2015-03-10,0.24512900412082672
2015-03-11,0.24512900412082672
2015-03-12,0.22061599791049957
2015-03-13,0.22061599791049957
2015-03-16,0.22061599791049957
2015-03-17,0.22061599791049957
2015-03-18,0.22061599791049957
2015-03-19,0.22061599791049957
2015-03-20,0.24512900412082672
2015-03-23,0.22061599791049957
2015-03-24,0.24512900412082672
2015-03-25,0.2696419954299927
2015-03-26,0.2696419954299927
2015-03-27,0.24512900412082672
2015-03-30,0.2696419954299927
2015-03-31,0.2696419954299927
2015-04-01,0.2696419954299927
2015-04-02,0.2696419954299927
2015-04-07,0.2696419954299927
2015-04-08,0.2696419954299927
2015-04-09,0.2696419954299927
2015-04-10,0.2696419954299927
2015-04-13,0.2696419954299927
2015-04-14,0.2696419954299927
2015-04-15,0.2696419954299927
2015-04-16,0.24512900412082672
2015-04-17,0.24512900412082672
2015-04-20,0.2696419954299927
2015-04-21,0.24512900412082672
2015-04-22,0.24512900412082672
2015-04-23,0.24512900412082672
2015-04-24,0.24512900412082672
2015-04-27,0.22061599791049957
2015-04-28,0.22061599791049957
2015-04-29,0.24512900412082672
2015-04-30,0.24512900412082672
2015-05-01,0.24512900412082672
2015-05-04,0.22061599791049957
2015-05-05,0.23287299275398254
2015-05-06,0.24512900412082672
2015-05-07,0.23287299275398254
2015-05-08,0.22061599791049957
2015-05-11,0.22061599791049957
2015-05-12,0.22061599791049957
2015-05-13,0.24512900412082672
2015-05-14,0.24512900412082672
2015-05-15,0.24512900412082672
2015-05-18,0.24512900412082672
2015-05-19,0.24512900412082672
2015-05-20,0.2696419954299927
2015-05-21,0.2941550016403198
2015-05-22,0.318668007850647
2015-05-25,0.2941550016403198
2015-05-26,0.2941550016403198
2015-05-27,0.318668007850647
2015-05-28,0.3676939904689789
2015-05-29,0.3676939904689789
2015-06-01,0.39220699667930603
2015-06-02,0.3676939904689789
2015-06-03,0.39220699667930603
2015-06-04,0.3676939904689789
2015-06-05,0.4412330090999603
2015-06-09,0.3676939904689789
2015-06-10,0.39220699667930603
2015-06-11,0.4412330090999603
2015-06-12,0.39220699667930603
2015-06-15,0.4412330090999603
2015-06-16,0.4167200028896332
2015-06-17,0.39220699667930603
2015-06-18,0.4167200028896332
2015-06-19,0.3676939904689789
2015-06-22,0.3676939904689789
2015-06-23,0.3431810140609741
2015-06-24,0.3676939904689789
2015-06-25,0.3676939904689789
2015-06-26,0.3431810140609741
2015-06-29,0.3431810140609741
2015-06-30,0.3431810140609741
2015-07-01,0.3431810140609741
2015-07-02,0.3431810140609741
2015-07-03,0.3431810140609741
2015-07-06,0.3431810140609741
2015-07-07,0.3431810140609741
2015-07-08,0.3431810140609741
2015-07-09,0.318668007850647
2015-07-10,0.318668007850647
2015-07-13,0.318668007850647
2015-07-14,0.318668007850647
2015-07-15,0.2941550016403198
2015-07-16,0.318668007850647
2015-07-17,0.3431810140609741
2015-07-20,0.3431810140609741
2015-07-21,0.3431810140609741
2015-07-22,0.2941550016403198
2015-07-23,0.318668007850647
2015-07-24,0.318668007850647
2015-07-27,0.2941550016403198
2015-07-28,0.2941550016403198
2015-07-29,0.2941550016403198
2015-07-30,0.2696419954299927
2015-07-31,0.2696419954299927
2015-08-03,0.2696419954299927
2015-08-04,0.2696419954299927
2015-08-05,0.2696419954299927
2015-08-06,0.2696419954299927
2015-08-07,0.2696419954299927
2015-08-10,0.2696419954299927
2015-08-11,0.2696419954299927
2015-08-12,0.2696419954299927
2015-08-13,0.2696419954299927
2015-08-14,0.2696419954299927
2015-08-17,0.2696419954299927
2015-08-18,0.2696419954299927
2015-08-19,0.24512900412082672
2015-08-20,0.24512900412082672
2015-08-21,0.24512900412082672
2015-08-24,0.24512900412082672
2015-08-25,0.24512900412082672
2015-08-26,0.2941550016403198
2015-08-27,0.2696419954299927
2015-08-28,0.2696419954299927
2015-08-31,0.24512900412082672
2015-09-01,0.24512900412082672
2015-09-02,0.24512900412082672
2015-09-03,0.2696419954299927
2015-09-04,0.2941550016403198
2015-09-07,0.2941550016403198
2015-09-08,0.2941550016403198
2015-09-09,0.2941550016403198
2015-09-10,0.2941550016403198
2015-09-11,0.318668007850647
2015-09-14,0.318668007850647
2015-09-15,0.3431810140609741
2015-09-16,0.3431810140609741
2015-09-17,0.3431810140609741
2015-09-18,0.3431810140609741
2015-09-21,0.3431810140609741
2015-09-22,0.3676939904689789
2015-09-23,0.3431810140609741
2015-09-24,0.3431810140609741
2015-09-25,0.3431810140609741
2015-09-28,0.3431810140609741
2015-09-29,0.3431810140609741
2015-09-30,0.318668007850647
2015-10-01,0.318668007850647
2015-10-02,0.318668007850647
2015-10-05,0.318668007850647
2015-10-06,0.2941550016403198
2015-10-07,0.318668007850647
2015-10-08,0.2941550016403198
2015-10-09,0.2941550016403198
2015-10-12,0.2941550016403198
2015-10-13,0.2941550016403198
2015-10-14,0.2941550016403198
2015-10-15,0.3431810140609741
2015-10-16,0.318668007850647
2015-10-19,0.318668007850647
2015-10-20,0.3431810140609741
2015-10-21,0.39220699667930603
2015-10-22,0.4167200028896332
2015-10-23,0.39220699667930603
2015-10-26,0.3431810140609741
2015-10-27,0.3431810140609741
2015-10-28,0.3431810140609741
2015-10-29,0.3431810140609741
2015-10-30,0.318668007850647
2015-11-02,0.318668007850647
2015-11-03,0.2941550016403198
2015-11-04,0.2941550016403198
2015-11-05,0.3431810140609741
2015-11-06,0.318668007850647
2015-11-09,0.318668007850647
2015-11-10,0.318668007850647
2015-11-11,0.318668007850647
2015-11-12,0.2941550016403198
2015-11-13,0.3431810140609741
2015-11-16,0.318668007850647
2015-11-17,0.318668007850647
2015-11-18,0.2941550016403198
2015-11-19,0.2941550016403198
2015-11-20,0.2941550016403198
2015-11-23,0.2941550016403198
2015-11-24,0.2696419954299927
2015-11-25,0.2696419954299927
2015-11-26,0.2696419954299927
2015-11-27,0.2941550016403198
2015-11-30,0.2696419954299927
2015-12-01,0.2696419954299927
2015-12-02,0.24512900412082672
2015-12-03,0.2941550016403198
2015-12-04,0.318668007850647
2015-12-07,0.2941550016403198
2015-12-08,0.2696419954299927
2015-12-09,0.24512900412082672
2015-12-10,0.2696419954299927
2015-12-11,0.2696419954299927
2015-12-14,0.2696419954299927
2015-12-15,0.2941550016403198
2015-12-16,0.2696419954299927
2015-12-17,0.2696419954299927
2015-12-18,0.24512900412082672
2015-12-21,0.19610300660133362
2015-12-22,0.19610300660133362
2015-12-23,0.22061599791049957
2015-12-24,0.22061599791049957
2015-12-28,0.22061599791049957
2015-12-29,0.22061599791049957
2015-12-30,0.22061599791049957
2015-12-31,0.19610300660133362
2016-01-04,0.19610300660133362
2016-01-05,0.19610300660133362
2016-01-06,0.19610300660133362
2016-01-07,0.17159000039100647
2016-01-08,0.17159000039100647
2016-01-11,0.17159000039100647
2016-01-12,0.17159000039100647
2016-01-13,0.17159000039100647
2016-01-14,0.14707699418067932
2016-01-15,0.17159000039100647
2016-01-18,0.14707699418067932
2016-01-19,0.14707699418067932
2016-01-20,0.17159000039100647
2016-01-21,0.17159000039100647
2016-01-22,0.14707699418067932
2016-01-25,0.14707699418067932
2016-01-27,0.14707699418067932
2016-01-28,0.17159000039100647
2016-01-29,0.14707699418067932
2016-02-01,0.17159000039100647
2016-02-02,0.19610300660133362
2016-02-03,0.17159000039100647
2016-02-04,0.17159000039100647
2016-02-05,0.14707699418067932
2016-02-08,0.19610300660133362
2016-02-09,0.17159000039100647
2016-02-10,0.24512900412082672
2016-02-11,0.3676939904689789
2016-02-12,0.39220699667930603
2016-02-15,1.0295439958572388
2016-02-16,0.7844150066375732
2016-02-17,0.5392850041389465
2016-02-18,0.5637980103492737
2016-02-19,0.6373370289802551
2016-02-22,0.7108759880065918
2016-02-23,0.7844150066375732
2016-02-24,0.7599020004272461
2016-02-25,0.8579540252685547
2016-02-26,0.9314929842948914
2016-02-29,0.9805189967155457
2016-03-01,1.1030830144882202
2016-03-02,1.0295439958572388
2016-03-03,1.078570008277893
2016-03-04,1.2991869449615479
2016-03-07,1.2991869449615479
2016-03-08,1.250161051750183
2016-03-09,1.495290994644165
2016-03-10,1.642369031906128
2016-03-11,1.8139599561691284
2016-03-14,1.8384729623794556
2016-03-15,1.642369031906128
2016-03-16,1.470777988433838
2016-03-17,1.8629859685897827
2016-03-18,1.642369031906128
2016-03-21,1.7649339437484741
2016-03-22,1.8139599561691284
2016-03-23,1.7894469499588013
2016-03-24,1.7649339437484741
2016-03-29,1.666882038116455
2016-03-30,1.6913950443267822
2016-03-31,1.5688300132751465
2016-04-01,1.5933430194854736
2016-04-04,1.642369031906128
2016-04-05,1.6913950443267822
2016-04-06,1.642369031906128
2016-04-07,1.1521090269088745
2016-04-08,1.1030830144882202
2016-04-11,1.2011350393295288
2016-04-12,1.1030830144882202
2016-04-13,1.078570008277893
2016-04-14,1.1766220331192017
2016-04-15,1.1030830144882202
2016-04-18,1.0050309896469116
2016-04-19,0.9560059905052185
2016-04-20,0.9560059905052185
2016-04-21,0.9560059905052185
2016-04-22,1.1030830144882202
2016-04-26,1.0050309896469116
2016-04-27,0.9560059905052185
2016-04-28,1.0050309896469116
2016-04-29,1.0050309896469116
2016-05-02,0.9805189967155457
2016-05-03,0.9560059905052185
2016-05-04,0.9069799780845642
2016-05-05,0.8579540252685547
2016-05-06,0.8579540252685547
2016-05-09,0.8579540252685547
2016-05-10,0.9314929842948914
2016-05-11,0.9560059905052185
2016-05-12,0.9805189967155457
2016-05-13,0.9560059905052185
2016-05-16,0.9069799780845642
2016-05-17,0.9805189967155457
2016-05-18,0.9314929842948914
2016-05-19,0.9069799780845642
2016-05-20,0.9314929842948914
2016-05-23,0.9314929842948914
2016-05-24,0.9805189967155457
2016-05-25,0.9069799780845642
2016-05-26,0.9314929842948914
2016-05-27,0.9069799780845642
2016-05-30,0.9314929842948914
2016-05-31,0.9069799780845642
2016-06-01,0.8824669718742371
2016-06-02,0.8579540252685547
2016-06-03,0.8579540252685547
2016-06-06,0.8579540252685547
2016-06-07,0.8579540252685547
2016-06-08,0.8824669718742371
2016-06-09,0.8579540252685547
2016-06-10,0.8334410190582275
2016-06-14,0.8334410190582275
2016-06-15,0.8579540252685547
2016-06-16,0.9314929842948914
2016-06-17,0.9560059905052185
2016-06-20,0.9069799780845642
2016-06-21,0.8579540252685547
2016-06-22,0.8089280128479004
2016-06-23,0.8089280128479004
2016-06-24,0.735388994216919
2016-06-27,0.7844150066375732
2016-06-28,0.7599020004272461
2016-06-29,0.7599020004272461
2016-06-30,0.735388994216919
2016-07-01,0.7599020004272461
2016-07-04,0.7844150066375732
2016-07-05,0.7599020004272461
2016-07-06,0.735388994216919
2016-07-07,0.735388994216919
2016-07-08,0.735388994216919
2016-07-11,0.735388994216919
2016-07-12,0.7599020004272461
2016-07-13,0.8089280128479004
2016-07-14,0.8824669718742371
2016-07-15,0.8579540252685547
2016-07-18,0.8579540252685547
2016-07-19,0.8334410190582275
2016-07-20,0.8334410190582275
2016-07-21,0.8334410190582275
2016-07-22,0.8579540252685547
2016-07-25,0.8334410190582275
2016-07-26,0.8089280128479004
2016-07-27,0.7844150066375732
2016-07-28,0.8579540252685547
2016-07-29,0.8334410190582275
2016-08-01,0.8089280128479004
2016-08-02,0.7844150066375732
2016-08-03,0.8089280128479004
2016-08-04,0.7844150066375732
2016-08-05,0.8334410190582275
2016-08-08,0.8579540252685547
2016-08-09,0.8579540252685547
2016-08-10,0.8334410190582275
2016-08-11,0.8824669718742371
2016-08-12,0.9560059905052185
2016-08-15,1.0295439958572388
2016-08-16,0.9805189967155457
2016-08-17,0.9805189967155457
2016-08-18,0.9805189967155457
2016-08-19,0.9560059905052185
2016-08-22,1.0050309896469116
2016-08-23,1.054057002067566
2016-08-24,1.1521090269088745
2016-08-25,1.2011350393295288
2016-08-26,1.470777988433838
2016-08-29,1.3482129573822021
2016-08-30,1.3727259635925293
2016-08-31,1.3727259635925293
2016-09-01,1.3482129573822021
2016-09-02,1.470777988433838
2016-09-05,1.1275960206985474
2016-09-06,1.1766220331192017
2016-09-07,1.1275960206985474
2016-09-08,1.1275960206985474
2016-09-09,1.1275960206985474
2016-09-12,1.0050309896469116
2016-09-13,0.9560059905052185
2016-09-14,0.9314929842948914
2016-09-15,0.9805189967155457
2016-09-16,0.9805189967155457
2016-09-19,1.0295439958572388
2016-09-20,0.9560059905052185
2016-09-21,0.9560059905052185
2016-09-22,0.9805189967155457
2016-09-23,0.9560059905052185
2016-09-26,0.9314929842948914
2016-09-27,0.9560059905052185
2016-09-28,0.9314929842948914
2016-09-29,0.9805189967155457
2016-09-30,1.0050309896469116
2016-10-03,1.054057002067566
2016-10-04,1.1766220331192017
2016-10-05,1.1030830144882202
2016-10-06,1.2011350393295288
2016-10-07,1.1521090269088745
2016-10-10,1.1275960206985474
2016-10-11,1.1275960206985474
2016-10-12,1.1030830144882202
2016-10-13,1.1030830144882202
2016-10-14,1.1030830144882202
2016-10-17,1.1030830144882202
2016-10-18,1.1275960206985474
2016-10-19,1.078570008277893
2016-10-20,1.0050309896469116
2016-10-21,1.0295439958572388
2016-10-24,1.0050309896469116
2016-10-25,1.0050309896469116
2016-10-26,1.0295439958572388
2016-10-27,0.9805189967155457
2016-10-28,0.9560059905052185
2016-10-31,0.9069799780845642
2016-11-01,0.9069799780845642
2016-11-02,0.9069799780845642
2016-11-03,0.8579540252685547
2016-11-04,0.8824669718742371
2016-11-07,0.8824669718742371
2016-11-08,0.8579540252685547
2016-11-09,0.8089280128479004
2016-11-10,0.8824669718742371
2016-11-11,0.8579540252685547
2016-11-14,0.8334410190582275
2016-11-15,0.8579540252685547
2016-11-16,0.8824669718742371
2016-11-17,0.9069799780845642
2016-11-18,0.9069799780845642
2016-11-21,0.8824669718742371
2016-11-22,0.9069799780845642
2016-11-23,0.9069799780845642
2016-11-24,0.9069799780845642
2016-11-25,0.9069799780845642
2016-11-28,0.8824669718742371
2016-11-29,0.8824669718742371
2016-11-30,0.8824669718742371
2016-12-01,0.9560059905052185
2016-12-02,0.8824669718742371
2016-12-05,0.8579540252685547
2016-12-06,0.8824669718742371
2016-12-07,0.8824669718742371
2016-12-08,0.8579540252685547
2016-12-09,0.9069799780845642
2016-12-12,0.9069799780845642
2016-12-13,0.8824669718742371
2016-12-14,0.9560059905052185
2016-12-15,0.9560059905052185
2016-12-16,0.9069799780845642
2016-12-19,0.9560059905052185
2016-12-20,1.1030830144882202
2016-12-21,1.054057002067566
2016-12-22,1.0050309896469116
2016-12-23,1.0295439958572388
2016-12-28,1.0295439958572388
2016-12-29,1.054057002067566
2016-12-30,1.1030830144882202
2017-01-03,1.078570008277893
2017-01-04,1.078570008277893
2017-01-05,1.054057002067566
2017-01-06,1.078570008277893
2017-01-09,1.078570008277893
2017-01-10,1.054057002067566
2017-01-11,1.0050309896469116
2017-01-12,1.078570008277893
2017-01-13,1.054057002067566
2017-01-16,1.0295439958572388
2017-01-17,1.0050309896469116
2017-01-18,1.0295439958572388
2017-01-19,1.0050309896469116
2017-01-20,1.0050309896469116
2017-01-23,1.0295439958572388
2017-01-24,1.054057002067566
2017-01-25,1.054057002067566
2017-01-27,1.054057002067566
2017-01-30,1.0050309896469116
2017-01-31,0.9805189967155457
2017-02-01,0.9805189967155457
2017-02-02,1.0050309896469116
2017-02-03,0.9805189967155457
2017-02-06,0.9805189967155457
2017-02-07,0.9805189967155457
2017-02-08,0.9560059905052185
2017-02-09,0.9560059905052185
2017-02-10,0.9560059905052185
2017-02-13,0.9805189967155457
2017-02-14,1.0050309896469116
2017-02-15,0.9805189967155457
2017-02-16,0.9805189967155457
2017-02-17,0.9805189967155457
2017-02-20,0.9805189967155457
2017-02-21,0.9560059905052185
2017-02-22,1.0050309896469116
2017-02-23,0.9805189967155457
2017-02-24,1.0295439958572388
2017-02-27,1.0295439958572388
2017-02-28,1.078570008277893
2017-03-01,1.0295439958572388
2017-03-02,1.0295439958572388
2017-03-03,1.0295439958572388
2017-03-06,0.9805189967155457
2017-03-07,0.9805189967155457
2017-03-08,0.9560059905052185
2017-03-09,0.9805189967155457
2017-03-10,0.9314929842948914
2017-03-13,0.9560059905052185
2017-03-14,0.9560059905052185
2017-03-15,0.9560059905052185
2017-03-16,0.9560059905052185
2017-03-17,0.9805189967155457
2017-03-20,0.9560059905052185
2017-03-21,0.9805189967155457
2017-03-22,0.9805189967155457
2017-03-23,1.0050309896469116
2017-03-24,1.0050309896469116
2017-03-27,1.0050309896469116
2017-03-28,0.9805189967155457
2017-03-29,0.9805189967155457
2017-03-30,0.9805189967155457
2017-03-31,1.0050309896469116
2017-04-03,1.0050309896469116
2017-04-04,1.1275960206985474
2017-04-05,1.078570008277893
2017-04-06,1.0295439958572388
2017-04-07,1.078570008277893
2017-04-10,1.1521090269088745
2017-04-11,1.1030830144882202
2017-04-12,1.1521090269088745
2017-04-13,1.1521090269088745
2017-04-18,1.1275960206985474
2017-04-19,1.1521090269088745
2017-04-20,1.1521090269088745
2017-04-21,1.1275960206985474
2017-04-24,1.1275960206985474
2017-04-26,1.1275960206985474
2017-04-27,1.1030830144882202
2017-04-28,1.1275960206985474
2017-05-01,1.1030830144882202
2017-05-02,1.078570008277893
2017-05-03,1.1030830144882202
2017-05-04,1.2011350393295288
2017-05-05,1.2011350393295288
2017-05-08,1.1766220331192017
2017-05-09,1.1521090269088745
2017-05-10,1.1521090269088745
2017-05-11,1.1521090269088745
2017-05-12,1.1521090269088745
2017-05-15,1.1521090269088745
2017-05-16,1.1275960206985474
2017-05-17,1.1521090269088745
2017-05-18,1.1030830144882202
2017-05-19,1.1521090269088745
2017-05-22,1.250161051750183
2017-05-23,1.2011350393295288
2017-05-24,1.1766220331192017
2017-05-25,1.2011350393295288
2017-05-26,1.1766220331192017
2017-05-29,1.2011350393295288
2017-05-30,1.2011350393295288
2017-05-31,1.1766220331192017
2017-06-01,1.225648045539856
2017-06-02,1.225648045539856
2017-06-05,1.2991869449615479
2017-06-06,1.470777988433838
2017-06-07,1.4462649822235107
2017-06-08,1.495290994644165
2017-06-09,1.4217519760131836
2017-06-13,1.666882038116455
2017-06-14,1.5443170070648193
2017-06-15,1.6178560256958008
2017-06-16,1.5933430194854736
2017-06-19,1.6178560256958008
2017-06-20,1.6178560256958008
2017-06-21,1.5933430194854736
2017-06-22,1.4462649822235107
2017-06-23,1.3482129573822021
2017-06-26,1.1275960206985474
2017-06-27,1.2991869449615479
2017-06-28,1.3482129573822021
2017-06-29,1.3727259635925293
2017-06-30,1.3972389698028564
2017-07-03,1.2746740579605103
2017-07-04,1.1766220331192017
2017-07-05,1.225648045539856
2017-07-06,1.1766220331192017
2017-07-07,1.1521090269088745
2017-07-10,0.8334410190582275
2017-07-11,0.735388994216919
2017-07-12,0.7844150066375732
2017-07-13,0.8089280128479004
2017-07-14,0.8089280128479004
2017-07-17,0.7599020004272461
2017-07-18,0.7108759880065918
2017-07-19,0.6618499755859375
2017-07-20,0.7108759880065918
2017-07-21,0.7599020004272461
2017-07-24,0.735388994216919
2017-07-25,0.735388994216919
2017-07-26,0.7108759880065918
2017-07-27,0.7108759880065918
2017-07-28,0.735388994216919
2017-07-31,0.735388994216919
2017-08-01,0.7108759880065918
2017-08-02,0.7108759880065918
2017-08-03,0.7108759880065918
2017-08-04,0.735388994216919
2017-08-07,0.7108759880065918
2017-08-08,0.7108759880065918
2017-08-09,0.735388994216919
2017-08-10,0.735388994216919
2017-08-11,0.735388994216919
2017-08-14,0.735388994216919
2017-08-15,0.7108759880065918
2017-08-16,0.7108759880065918
2017-08-17,0.8089280128479004
2017-08-18,0.8089280128479004
2017-08-21,0.8089280128479004
2017-08-22,0.8579540252685547
2017-08-23,0.7844150066375732
2017-08-24,0.735388994216919
2017-08-25,0.7844150066375732
2017-08-28,0.8334410190582275
2017-08-29,0.8334410190582275
2017-08-30,0.8334410190582275
2017-08-31,0.9560059905052185
2017-09-01,1.054057002067566
2017-09-04,0.8579540252685547
2017-09-05,0.8334410190582275
2017-09-06,0.8824669718742371
2017-09-07,0.8824669718742371
2017-09-08,0.8334410190582275
2017-09-11,0.8334410190582275
2017-09-12,0.7844150066375732
2017-09-13,0.7844150066375732
2017-09-14,0.7844150066375732
2017-09-15,0.7844150066375732
2017-09-18,0.7844150066375732
2017-09-19,0.7844150066375732
2017-09-20,0.8089280128479004
2017-09-21,0.5883110165596008
2017-09-22,0.49025899171829224
2017-09-25,0.4412330090999603
2017-09-26,0.4412330090999603
2017-09-27,0.49025899171829224
2017-09-28,0.5147719979286194
2017-09-29,0.49025899171829224
2017-10-02,0.4657459855079651
2017-10-03,0.39220699667930603
2017-10-04,0.4167200028896332
2017-10-05,0.4167200028896332
2017-10-06,0.4167200028896332
2017-10-09,0.4167200028896332
2017-10-10,0.4167200028896332
2017-10-11,0.39220699667930603
2017-10-12,0.39220699667930603
2017-10-13,0.39220699667930603
2017-10-16,0.4167200028896332
2017-10-17,0.4412330090999603
2017-10-18,0.4412330090999603
2017-10-19,0.4167200028896332
2017-10-20,0.39220699667930603
2017-10-23,0.4167200028896332
2017-10-24,0.4167200028896332
2017-10-25,0.4167200028896332
2017-10-26,0.4167200028896332
2017-10-27,0.4167200028896332
2017-10-30,0.4167200028896332
2017-10-31,0.4167200028896332
2017-11-01,0.4167200028896332
2017-11-02,0.4167200028896332
2017-11-03,0.4167200028896332
2017-11-06,0.4657459855079651
2017-11-07,0.4657459855079651
2017-11-08,0.49025899171829224
2017-11-09,0.5392850041389465
2017-11-10,0.612824022769928
2017-11-13,0.612824022769928
2017-11-14,0.5392850041389465
2017-11-15,0.5147719979286194
2017-11-16,0.5392850041389465
2017-11-17,0.5147719979286194
2017-11-20,0.5147719979286194
2017-11-21,0.5392850041389465
2017-11-22,0.5392850041389465
2017-11-23,0.5147719979286194
2017-11-24,0.5147719979286194
2017-11-27,0.5392850041389465
2017-11-28,0.5147719979286194
2017-11-29,0.5147719979286194
2017-11-30,0.5147719979286194
2017-12-01,0.5147719979286194
2017-12-04,0.49025899171829224
2017-12-05,0.49025899171829224
2017-12-06,0.4657459855079651
2017-12-07,0.49025899171829224
2017-12-08,0.49025899171829224
2017-12-11,0.49025899171829224
2017-12-12,0.5147719979286194
2017-12-13,0.5147719979286194
2017-12-14,0.49025899171829224
2017-12-15,0.5147719979286194
2017-12-18,0.5147719979286194
2017-12-19,0.5392850041389465
2017-12-20,0.5637980103492737
2017-12-21,0.5637980103492737
2017-12-22,0.5392850041389465
2017-12-27,0.5637980103492737
2017-12-28,0.5883110165596008
2017-12-29,0.6373370289802551
2018-01-02,0.612824022769928
2018-01-03,0.5883110165596008
2018-01-04,0.6373370289802551
2018-01-05,0.7108759880065918
2018-01-08,0.6863629817962646
2018-01-09,0.6863629817962646
2018-01-10,0.7108759880065918
2018-01-11,0.7844150066375732
2018-01-12,0.735388994216919
2018-01-15,0.7844150066375732
2018-01-16,0.7844150066375732
2018-01-17,0.735388994216919
2018-01-18,0.7108759880065918
2018-01-19,0.735388994216919
2018-01-22,0.735388994216919
2018-01-23,0.7108759880065918
2018-01-24,0.735388994216919
2018-01-25,0.735388994216919
2018-01-29,0.7108759880065918
2018-01-30,0.7108759880065918
2018-01-31,0.7108759880065918
2018-02-01,0.735388994216919
2018-02-02,0.7108759880065918
2018-02-05,0.7108759880065918
2018-02-06,0.6863629817962646
2018-02-07,0.6863629817962646
2018-02-08,0.6863629817962646
2018-02-09,0.6863629817962646
2018-02-12,0.7108759880065918
2018-02-13,0.6863629817962646
2018-02-14,0.735388994216919
2018-02-15,0.7599020004272461
2018-02-16,0.735388994216919
2018-02-19,0.7108759880065918
2018-02-20,0.735388994216919
2018-02-21,0.735388994216919
2018-02-22,0.735388994216919
2018-02-23,0.6863629817962646
2018-02-26,0.7108759880065918
2018-02-27,0.7108759880065918
2018-02-28,0.7108759880065918
2018-03-01,0.735388994216919
2018-03-02,0.7108759880065918
2018-03-05,0.7108759880065918
2018-03-06,0.735388994216919
2018-03-07,0.735388994216919
2018-03-08,0.7108759880065918
2018-03-09,0.735388994216919
2018-03-12,0.735388994216919
2018-03-13,0.8579540252685547
2018-03-14,0.8824669718742371
2018-03-15,0.8334410190582275
2018-03-16,0.8579540252685547
2018-03-19,0.8334410190582275
2018-03-20,0.8334410190582275
2018-03-21,0.8579540252685547
2018-03-22,0.8579540252685547
2018-03-23,0.8334410190582275
2018-03-26,0.8579540252685547
2018-03-27,0.8334410190582275
2018-03-28,0.8334410190582275
2018-03-29,0.8579540252685547
2018-04-03,0.8824669718742371
2018-04-04,0.8334410190582275
2018-04-05,0.8089280128479004
2018-04-06,0.8579540252685547
2018-04-09,0.8824669718742371
2018-04-10,0.8579540252685547
2018-04-11,0.9314929842948914
2018-04-12,0.9314929842948914
2018-04-13,1.0295439958572388
2018-04-16,1.1030830144882202
2018-04-17,1.1275960206985474
2018-04-18,1.078570008277893
2018-04-19,1.078570008277893
2018-04-20,1.078570008277893
2018-04-23,1.078570008277893
2018-04-24,1.1521090269088745
2018-04-26,1.225648045539856
2018-04-27,1.2011350393295288
2018-04-30,1.2011350393295288
2018-05-01,1.2011350393295288
2018-05-02,1.0050309896469116
2018-05-03,1.0050309896469116
2018-05-04,1.0050309896469116
2018-05-07,0.9560059905052185
2018-05-08,0.9805189967155457
2018-05-09,0.9805189967155457
2018-05-10,0.9560059905052185
2018-05-11,0.9805189967155457
2018-05-14,0.9560059905052185
2018-05-15,0.9314929842948914
2018-05-16,0.9314929842948914
2018-05-17,0.9560059905052185
2018-05-18,1.0050309896469116
2018-05-21,1.0050309896469116
2018-05-22,1.0295439958572388
2018-05-23,1.0050309896469116
2018-05-24,1.0295439958572388
2018-05-25,0.9805189967155457
2018-05-28,0.9805189967155457
2018-05-29,0.9805189967155457
2018-05-30,1.0295439958572388
2018-05-31,1.0295439958572388
2018-06-01,1.054057002067566
2018-06-04,1.1275960206985474
2018-06-05,1.2011350393295288
2018-06-06,1.1766220331192017
2018-06-07,1.1030830144882202
2018-06-08,1.1030830144882202
2018-06-12,1.054057002067566
2018-06-13,0.8334410190582275
2018-06-14,0.8579540252685547
2018-06-15,0.8334410190582275
2018-06-18,0.6863629817962646
2018-06-19,0.8089280128479004
2018-06-20,0.7599020004272461
2018-06-21,0.7108759880065918
2018-06-22,0.735388994216919
2018-06-25,0.7108759880065918
2018-06-26,0.7844150066375732
2018-06-27,0.612824022769928
2018-06-28,0.5637980103492737
2018-06-29,0.5637980103492737
2018-07-02,0.5147719979286194
2018-07-03,0.5147719979286194
2018-07-04,0.5637980103492737
2018-07-05,0.5637980103492737
2018-07-06,0.5883110165596008
2018-07-09,0.5637980103492737
2018-07-10,0.5147719979286194
2018-07-11,0.5637980103492737
2018-07-12,0.5392850041389465
2018-07-13,0.5637980103492737
2018-07-16,0.5392850041389465
2018-07-17,0.5147719979286194
2018-07-18,0.49025899171829224
2018-07-19,0.5147719979286194
2018-07-20,0.5147719979286194
2018-07-23,0.49025899171829224
2018-07-24,0.49025899171829224
2018-07-25,0.49025899171829224
2018-07-26,0.49025899171829224
2018-07-27,0.4657459855079651
2018-07-30,0.49025899171829224
2018-07-31,0.5147719979286194
2018-08-01,0.5147719979286194
2018-08-02,0.49025899171829224
2018-08-03,0.49025899171829224
2018-08-06,0.49025899171829224
2018-08-07,0.5637980103492737
2018-08-08,0.5392850041389465
2018-08-09,0.5637980103492737
2018-08-10,0.5637980103492737
2018-08-13,0.5637980103492737
2018-08-14,0.5392850041389465
2018-08-15,0.5392850041389465
2018-08-16,0.5392850041389465
2018-08-17,0.5147719979286194
2018-08-20,0.5147719979286194
2018-08-21,0.5147719979286194
2018-08-22,0.5147719979286194
2018-08-23,0.5147719979286194
2018-08-24,0.5147719979286194
2018-08-27,0.5147719979286194
2018-08-28,0.5147719979286194
2018-08-29,0.5392850041389465
2018-08-30,0.5147719979286194
2018-08-31,0.5392850041389465
2018-09-03,0.5147719979286194
2018-09-04,0.5147719979286194
2018-09-05,0.5392850041389465
2018-09-06,0.5147719979286194
2018-09-07,0.5392850041389465
2018-09-10,0.5147719979286194
2018-09-11,0.5392850041389465
2018-09-12,0.5147719979286194
2018-09-13,0.5147719979286194
2018-09-14,0.5147719979286194
2018-09-17,0.5147719979286194
2018-09-18,0.49025899171829224
2018-09-19,0.5392850041389465
2018-09-20,0.5025150179862976
2018-09-21,0.5147719979286194
2018-09-24,0.5147719979286194
2018-09-25,0.49025899171829224
2018-09-26,0.49025899171829224
2018-09-27,0.49025899171829224
2018-09-28,0.5147719979286194
2018-10-01,0.49025899171829224
2018-10-02,0.49025899171829224
2018-10-03,0.4657459855079651
2018-10-04,0.4657459855079651
2018-10-05,0.4657459855079651
2018-10-08,0.4657459855079651
2018-10-09,0.46883100271224976
2018-10-10,0.4441550076007843
2018-10-11,0.4441550076007843
2018-10-12,0.46883100271224976
2018-10-15,0.46883100271224976
2018-10-16,0.4441550076007843
2018-10-17,0.4441550076007843
2018-10-18,0.4441550076007843
2018-10-19,0.4441550076007843
2018-10-22,0.4441550076007843
2018-10-23,0.4441550076007843
2018-10-24,0.4441550076007843
2018-10-25,0.4441550076007843
2018-10-26,0.4441550076007843
2018-10-29,0.4441550076007843
2018-10-30,0.4441550076007843
2018-10-31,0.4441550076007843
2018-11-01,0.4935060143470764
2018-11-02,0.46883100271224976
2018-11-05,0.4935060143470764
2018-11-06,0.46883100271224976
2018-11-07,0.5922070145606995
2018-11-08,0.5922070145606995
2018-11-09,0.5922070145606995
2018-11-12,0.4935060143470764
2018-11-13,0.46883100271224976
2018-11-14,0.46883100271224976
2018-11-15,0.46883100271224976
2018-11-16,0.4935060143470764
2018-11-19,0.46883100271224976
2018-11-20,0.4441550076007843
2018-11-21,0.41947999596595764
2018-11-22,0.41947999596595764
2018-11-23,0.41947999596595764
2018-11-26,0.39480501413345337
2018-11-27,0.41947999596595764
2018-11-28,0.41947999596595764
2018-11-29,0.41947999596595764
2018-11-30,0.41947999596595764
2018-12-03,0.39480501413345337
2018-12-04,0.41947999596595764
2018-12-05,0.39480501413345337
2018-12-06,0.39480501413345337
2018-12-07,0.3701289892196655
2018-12-10,0.3701289892196655
2018-12-11,0.3701289892196655
2018-12-12,0.3701289892196655
2018-12-13,0.39480501413345337
2018-12-14,0.39480501413345337
2018-12-17,0.39480501413345337
2018-12-18,0.39480501413345337
2018-12-19,0.3701289892196655
2018-12-20,0.3701289892196655
2018-12-21,0.39480501413345337
2018-12-24,0.39480501413345337
2018-12-27,0.39480501413345337
2018-12-28,0.41947999596595764
2018-12-31,0.41947999596595764
2019-01-02,0.4441550076007843
2019-01-03,0.4441550076007843
2019-01-04,0.4441550076007843
2019-01-07,0.46883100271224976
2019-01-08,0.4935060143470764
2019-01-09,0.46883100271224976
2019-01-10,0.46883100271224976
2019-01-11,0.46883100271224976
2019-01-14,0.46883100271224976
2019-01-15,0.46883100271224976
2019-01-16,0.4935060143470764
2019-01-17,0.46883100271224976
2019-01-18,0.4935060143470764
2019-01-21,0.4935060143470764
2019-01-22,0.4935060143470764
2019-01-23,0.46883100271224976
2019-01-24,0.4935060143470764
2019-01-25,0.46883100271224976
2019-01-29,0.46883100271224976
2019-01-30,0.46883100271224976
2019-01-31,0.46883100271224976
2019-02-01,0.4935060143470764
2019-02-04,0.4935060143470764
2019-02-05,0.4935060143470764
2019-02-06,0.46883100271224976
2019-02-07,0.4935060143470764
2019-02-08,0.46883100271224976
2019-02-11,0.46883100271224976
2019-02-12,0.46883100271224976
2019-02-13,0.46883100271224976
2019-02-14,0.46883100271224976
2019-02-15,0.46883100271224976
2019-02-18,0.46883100271224976
2019-02-19,0.4441550076007843
2019-02-20,0.4441550076007843
2019-02-21,0.4441550076007843
2019-02-22,0.4441550076007843
2019-02-25,0.46883100271224976
2019-02-26,0.4441550076007843
2019-02-27,0.4441550076007843
2019-02-28,0.4441550076007843
2019-03-01,0.4441550076007843
2019-03-04,0.39480501413345337
2019-03-05,0.39480501413345337
2019-03-06,0.39480501413345337
2019-03-07,0.5675320029258728
2019-03-08,0.5181810259819031
2019-03-11,0.5675320029258728
2019-03-12,0.6168829798698425
2019-03-13,0.39480501413345337
2019-03-14,0.3701289892196655
2019-03-15,0.3701289892196655
2019-03-18,0.3577919900417328
2019-03-19,0.34545400738716125
2019-03-20,0.34545400738716125
2019-03-21,0.3701289892196655
2019-03-22,0.3701289892196655
2019-03-25,0.3701289892196655
2019-03-26,0.3577919900417328
2019-03-27,0.34545400738716125
2019-03-28,0.34545400738716125
2019-03-29,0.3701289892196655
2019-04-01,0.34545400738716125
2019-04-02,0.34545400738716125
2019-04-03,0.34545400738716125
2019-04-04,0.34545400738716125
2019-04-05,0.34545400738716125
2019-04-08,0.34545400738716125
2019-04-09,0.3701289892196655
2019-04-10,0.34545400738716125
2019-04-11,0.34545400738716125
2019-04-12,0.34545400738716125
2019-04-15,0.34545400738716125
2019-04-16,0.34545400738716125
2019-04-17,0.34545400738716125
2019-04-18,0.34545400738716125
2019-04-23,0.34545400738716125
2019-04-24,0.34545400738716125
2019-04-26,0.34545400738716125
2019-04-29,0.34545400738716125
2019-04-30,0.34545400738716125
2019-05-01,0.33311599493026733
2019-05-02,0.3207789957523346
2019-05-03,0.34545400738716125
2019-05-06,0.3207789957523346
2019-05-07,0.34545400738716125
2019-05-08,0.3207789957523346
2019-05-09,0.3207789957523346
2019-05-10,0.3207789957523346
2019-05-13,0.33311599493026733
2019-05-14,0.3207789957523346
2019-05-15,0.3207789957523346
2019-05-16,0.33311599493026733
2019-05-17,0.34545400738716125
2019-05-20,0.3207789957523346
2019-05-21,0.3207789957523346
2019-05-22,0.34545400738716125
2019-05-23,0.34545400738716125
2019-05-24,0.3701289892196655
2019-05-27,0.3701289892196655
2019-05-28,0.34545400738716125
2019-05-29,0.34545400738716125
2019-05-30,0.34545400738716125
2019-05-31,0.34545400738716125
2019-06-03,0.34545400738716125
2019-06-04,0.3701289892196655
2019-06-05,0.41947999596595764
2019-06-06,0.41947999596595764
2019-06-07,0.39480501413345337
2019-06-11,0.4441550076007843
2019-06-12,0.41947999596595764
2019-06-13,0.4441550076007843
2019-06-14,0.41947999596595764
2019-06-17,0.41947999596595764
2019-06-18,0.39480501413345337
2019-06-19,0.39480501413345337
2019-06-20,0.39480501413345337
2019-06-21,0.39480501413345337
2019-06-24,0.39480501413345337
2019-06-25,0.3701289892196655
2019-06-26,0.39480501413345337
2019-06-27,0.41947999596595764
2019-06-28,0.41947999596595764
2019-07-01,0.45649299025535583
2019-07-02,0.41947999596595764
2019-07-03,0.41947999596595764
2019-07-04,0.41947999596595764
2019-07-05,0.4441550076007843
2019-07-08,0.4441550076007843
2019-07-09,0.4441550076007843
2019-07-10,0.4441550076007843
2019-07-11,0.4441550076007843
2019-07-12,0.4441550076007843
2019-07-15,0.4441550076007843
2019-07-16,0.4441550076007843
2019-07-17,0.41947999596595764
2019-07-18,0.41947999596595764
2019-07-19,0.41947999596595764
2019-07-22,0.41947999596595764
2019-07-23,0.4441550076007843
2019-07-24,0.4441550076007843
2019-07-25,0.41947999596595764
2019-07-26,0.4441550076007843
2019-07-29,0.41947999596595764
2019-07-30,0.41947999596595764
2019-07-31,0.39480501413345337
2019-08-01,0.4441550076007843
2019-08-02,0.4441550076007843
2019-08-05,0.4441550076007843
2019-08-06,0.41947999596595764
2019-08-07,0.4441550076007843
2019-08-08,0.39480501413345337
2019-08-09,0.4441550076007843
2019-08-12,0.41947999596595764
2019-08-13,0.41947999596595764
2019-08-14,0.39480501413345337
2019-08-15,0.39480501413345337
2019-08-16,0.39480501413345337
2019-08-19,0.39480501413345337
2019-08-20,0.39480501413345337
2019-08-21,0.39480501413345337
2019-08-22,0.39480501413345337
2019-08-23,0.41947999596595764
2019-08-26,0.3701289892196655
2019-08-27,0.41947999596595764
2019-08-28,0.39480501413345337
2019-08-29,0.3701289892196655
2019-08-30,0.3701289892196655
2019-09-02,0.3701289892196655
2019-09-03,0.3207789957523346
2019-09-04,0.34545400738716125
2019-09-05,0.33311599493026733
2019-09-06,0.34545400738716125
2019-09-09,0.34545400738716125
2019-09-10,0.34545400738716125
2019-09-11,0.34545400738716125
2019-09-12,0.34545400738716125
2019-09-13,0.3207789957523346
2019-09-16,0.3207789957523346
2019-09-17,0.34545400738716125
2019-09-18,0.34545400738716125
2019-09-19,0.3207789957523346
2019-09-20,0.29610300064086914
2019-09-23,0.3207789957523346
2019-09-24,0.29610300064086914
2019-09-25,0.29610300064086914
2019-09-26,0.29610300064086914
2019-09-27,0.29610300064086914
2019-09-30,0.29610300064086914
2019-10-01,0.29610300064086914
2019-10-02,0.29610300064086914
2019-10-03,0.29610300064086914
2019-10-04,0.29610300064086914
2019-10-07,0.29610300064086914
2019-10-08,0.29610300064086914
2019-10-09,0.29610300064086914
2019-10-10,0.29610300064086914
2019-10-11,0.29610300064086914
2019-10-14,0.30844101309776306
2019-10-15,0.3207789957523346
2019-10-16,0.34545400738716125
2019-10-17,0.34545400738716125
2019-10-18,0.34545400738716125
2019-10-21,0.33311599493026733
2019-10-22,0.34545400738716125
2019-10-23,0.34545400738716125
2019-10-24,0.34545400738716125
2019-10-25,0.34545400738716125
2019-10-28,0.34545400738716125
2019-10-29,0.34545400738716125
2019-10-30,0.34545400738716125
2019-10-31,0.3207789957523346
2019-11-01,0.3207789957523346
2019-11-04,0.3207789957523346
2019-11-05,0.3207789957523346
2019-11-06,0.34545400738716125
2019-11-07,0.34545400738716125
2019-11-08,0.39480501413345337
2019-11-11,0.39480501413345337
2019-11-12,0.34545400738716125
2019-11-13,0.3701289892196655
2019-11-14,0.39480501413345337
2019-11-15,0.39480501413345337
2019-11-18,0.3701289892196655
2019-11-19,0.39480501413345337
2019-11-20,0.41947999596595764
2019-11-21,0.4441550076007843
2019-11-22,0.4441550076007843
2019-11-25,0.4935060143470764
2019-11-26,0.4811680018901825
2019-11-27,0.4811680018901825
2019-11-28,0.46883100271224976
2019-11-29,0.46883100271224976
2019-12-02,0.46883100271224976
2019-12-03,0.4441550076007843
2019-12-04,0.41947999596595764
2019-12-05,0.41947999596595764
2019-12-06,0.4441550076007843
2019-12-09,0.4441550076007843
2019-12-10,0.41947999596595764
2019-12-11,0.41947999596595764
2019-12-12,0.41947999596595764
2019-12-13,0.41947999596595764
2019-12-16,0.46883100271224976
2019-12-17,0.4935060143470764
2019-12-18,0.4935060143470764
2019-12-19,0.4935060143470764
2019-12-20,0.4935060143470764
2019-12-23,0.46883100271224976
2019-12-24,0.4935060143470764
2019-12-27,0.5181810259819031
2019-12-30,0.5181810259819031
2019-12-31,0.5428569912910461
2020-01-02,0.6168829798698425
2020-01-03,0.6168829798698425
2020-01-06,0.6168829798698425
2020-01-07,0.6168829798698425
2020-01-08,0.5922070145606995
2020-01-09,0.5922070145606995
2020-01-10,0.6415579915046692
2020-01-13,0.6168829798698425
2020-01-14,0.6292200088500977
2020-01-15,0.5922070145606995
2020-01-16,0.5675320029258728
2020-01-17,0.6168829798698425
2020-01-20,0.6415579915046692
2020-01-21,0.6415579915046692
2020-01-22,0.6415579915046692
2020-01-23,0.6415579915046692
2020-01-24,0.5922070145606995
2020-01-28,0.5922070145606995
2020-01-29,0.5922070145606995
2020-01-30,0.5428569912910461
2020-01-31,0.5428569912910461
2020-02-03,0.5428569912910461
2020-02-04,0.5428569912910461
2020-02-05,0.5428569912910461
2020-02-06,0.5428569912910461
2020-02-07,0.5428569912910461
2020-02-10,0.5428569912910461
2020-02-11,0.5181810259819031
2020-02-12,0.5428569912910461
2020-02-13,0.5675320029258728
2020-02-14,0.5675320029258728
2020-02-17,0.5675320029258728
2020-02-18,0.5922070145606995
2020-02-19,0.6168829798698425
2020-02-20,0.5922070145606995
2020-02-21,0.5922070145606995
2020-02-24,0.5922070145606995
2020-02-25,0.5428569912910461
2020-02-26,0.5181810259819031
2020-02-27,0.5181810259819031
2020-02-28,0.4935060143470764
2020-03-02,0.4441550076007843
2020-03-03,0.4935060143470764
2020-03-04,0.5181810259819031
2020-03-05,0.5428569912910461
2020-03-06,0.5181810259819031
2020-03-09,0.4441550076007843
2020-03-10,0.39480501413345337
2020-03-11,0.4441550076007843
2020-03-12,0.46883100271224976
2020-03-13,0.41947999596595764
2020-03-16,0.39480501413345337
2020-03-17,0.39480501413345337
2020-03-18,0.34545400738716125
2020-03-19,0.3207789957523346
2020-03-20,0.34545400738716125
2020-03-23,0.3207789957523346
2020-03-24,0.3207789957523346
2020-03-25,0.3701289892196655
2020-03-26,0.39480501413345337
2020-03-27,0.39480501413345337
2020-03-30,0.4441550076007843
2020-03-31,0.5181810259819031
2020-04-01,0.46883100271224976
2020-04-02,0.4441550076007843
2020-04-03,0.5181810259819031
2020-04-06,0.4935060143470764
2020-04-07,0.22207699716091156
2020-04-08,0.1974020004272461
2020-04-09,0.17272700369358063
2020-04-14,0.14805099368095398
2020-04-15,0.14805099368095398
2020-04-16,0.14805099368095398
2020-04-17,0.14805099368095398
2020-04-20,0.1603890061378479
2020-04-21,0.14805099368095398
2020-04-22,0.12337599694728851
2020-04-23,0.12337599694728851
2020-04-24,0.12337599694728851
2020-04-27,0.14805099368095398
2020-04-28,0.14805099368095398
2020-04-29,0.12337599694728851
2020-04-30,0.14805099368095398
2020-05-01,0.14805099368095398
2020-05-04,0.14805099368095398
2020-05-05,0.12337599694728851
2020-05-06,0.12337599694728851
2020-05-07,0.14805099368095398
2020-05-08,0.12337599694728851
2020-05-11,0.14805099368095398
2020-05-12,0.14805099368095398
2020-05-13,0.13571399450302124
2020-05-14,0.12337599694728851
2020-05-15,0.14805099368095398
2020-05-18,0.14805099368095398
2020-05-19,0.14805099368095398
2020-05-20,0.1603890061378479
2020-05-21,0.14805099368095398
2020-05-22,0.14805099368095398
2020-05-25,0.14805099368095398
2020-05-26,0.13571399450302124
2020-05-27,0.13571399450302124
2020-05-28,0.14805099368095398
2020-05-29,0.14805099368095398
2020-06-01,0.14805099368095398
2020-06-02,0.14805099368095398
2020-06-03,0.14805099368095398
2020-06-04,0.12337599694728851
2020-06-05,0.12337599694728851
2020-06-09,0.12337599694728851
2020-06-10,0.13571399450302124
2020-06-11,0.13571399450302124
2020-06-12,0.12337599694728851
2020-06-15,0.13571399450302124
2020-06-16,0.12337599694728851
2020-06-17,0.12337599694728851
2020-06-18,0.12337599694728851
2020-06-19,0.14805099368095398
2020-06-22,0.12337599694728851
2020-06-23,0.12337599694728851
2020-06-24,0.12337599694728851
2020-06-25,0.12337599694728851
2020-06-26,0.12337599694728851
2020-06-29,0.12337599694728851
2020-06-30,0.12337599694728851
2020-07-01,0.12337599694728851
2020-07-02,0.12337599694728851
2020-07-03,0.12337599694728851
2020-07-06,0.12337599694728851
2020-07-07,0.14805099368095398
2020-07-08,0.12337599694728851
2020-07-09,0.14805099368095398
2020-07-10,0.12337599694728851
2020-07-13,0.12337599694728851
2020-07-14,0.12337599694728851
2020-07-15,0.12337599694728851
2020-07-16,0.11103799939155579
2020-07-17,0.12337599694728851
2020-07-20,0.12337599694728851
2020-07-21,0.12337599694728851
2020-07-22,0.12337599694728851
2020-07-23,0.13571399450302124
2020-07-24,0.14805099368095398
2020-07-27,0.14805099368095398
2020-07-28,0.12337599694728851
2020-07-29,0.13571399450302124
2020-07-30,0.12337599694728851
2020-07-31,0.12337599694728851
2020-08-03,0.12337599694728851
2020-08-04,0.12337599694728851
2020-08-05,0.12337599694728851
2020-08-06,0.12337599694728851
2020-08-07,0.12337599694728851
2020-08-10,0.12337599694728851
2020-08-11,0.12337599694728851
2020-08-12,0.12337599694728851
2020-08-13,0.12337599694728851
2020-08-14,0.12337599694728851
2020-08-17,0.12337599694728851
2020-08-18,0.12337599694728851
2020-08-19,0.12337599694728851
2020-08-20,0.12337599694728851
2020-08-21,0.12337599694728851
2020-08-24,0.12337599694728851
2020-08-25,0.12337599694728851
2020-08-26,0.13571399450302124
2020-08-27,0.14805099368095398
2020-08-28,0.13571399450302124
2020-08-31,0.13571399450302124
2020-09-01,0.12337599694728851
2020-09-02,0.13571399450302124
2020-09-03,0.14805099368095398
2020-09-04,0.13571399450302124
2020-09-07,0.13571399450302124
2020-09-08,0.14805099368095398
2020-09-09,0.13571399450302124
2020-09-10,0.14805099368095398
2020-09-11,0.17272700369358063
2020-09-14,0.14805099368095398
2020-09-15,0.1974020004272461
2020-09-16,0.1974020004272461
2020-09-17,0.17272700369358063
2020-09-18,0.17272700369358063
2020-09-21,0.1974020004272461
2020-09-22,0.17272700369358063
2020-09-23,0.17272700369358063
2020-09-24,0.17272700369358063
2020-09-25,0.17272700369358063
2020-09-28,0.17272700369358063
2020-09-29,0.17272700369358063
2020-09-30,0.17272700369358063
2020-10-01,0.17272700369358063
2020-10-02,0.17272700369358063
2020-10-05,0.17272700369358063
2020-10-06,0.14805099368095398
2020-10-07,0.1603890061378479
2020-10-08,0.1603890061378479
2020-10-09,0.14805099368095398
2020-10-12,0.14805099368095398
2020-10-13,0.14805099368095398
2020-10-14,0.14805099368095398
2020-10-15,0.14805099368095398
2020-10-16,0.14805099368095398
2020-10-19,0.14805099368095398
2020-10-20,0.1603890061378479
2020-10-21,0.1603890061378479
2020-10-22,0.14805099368095398
2020-10-23,0.14805099368095398
2020-10-26,0.17272700369358063
2020-10-27,0.14805099368095398
2020-10-28,0.14805099368095398
2020-10-29,0.14805099368095398
2020-10-30,0.14805099368095398
2020-11-02,0.17272700369358063
2020-11-03,0.1603890061378479
2020-11-04,0.14805099368095398
2020-11-05,0.14805099368095398
2020-11-06,0.14805099368095398
2020-11-09,0.14805099368095398
2020-11-10,0.1974020004272461
2020-11-11,0.14805099368095398
2020-11-12,0.17272700369358063
2020-11-13,0.1974020004272461
2020-11-16,0.1974020004272461
2020-11-17,0.1974020004272461
2020-11-18,0.17272700369358063
2020-11-19,0.1974020004272461
2020-11-20,0.1974020004272461
2020-11-23,0.1974020004272461
2020-11-24,0.1974020004272461
2020-11-25,0.17272700369358063
2020-11-26,0.17272700369358063
2020-11-27,0.17272700369358063
2020-11-30,0.17272700369358063
2020-12-01,0.17272700369358063
2020-12-02,0.17272700369358063
2020-12-03,0.17272700369358063
2020-12-04,0.1974020004272461
2020-12-07,0.1974020004272461
2020-12-08,0.1974020004272461
2020-12-09,0.1974020004272461
2020-12-10,0.22207699716091156
2020-12-11,0.1974020004272461
2020-12-14,0.1974020004272461
2020-12-15,0.1974020004272461
2020-12-16,0.1974020004272461
2020-12-17,0.17272700369358063
2020-12-18,0.17272700369358063
2020-12-21,0.1974020004272461
2020-12-22,0.17272700369358063
2020-12-23,0.17272700369358063
2020-12-24,0.17272700369358063
2020-12-29,0.1974020004272461
2020-12-30,0.18506400287151337
2020-12-31,0.1974020004272461
2021-01-04,0.1974020004272461
2021-01-05,0.20973999798297882
2021-01-06,0.1974020004272461
2021-01-07,0.2467530071735382
2021-01-08,0.22207699716091156
2021-01-11,0.2714279890060425
2021-01-12,0.2467530071735382
2021-01-13,0.2467530071735382
2021-01-14,0.2467530071735382
2021-01-15,0.2467530071735382
2021-01-18,0.2467530071735382
2021-01-19,0.2714279890060425
2021-01-20,0.2714279890060425
2021-01-21,0.2467530071735382
2021-01-22,0.2467530071735382
2021-01-25,0.2467530071735382
2021-01-27,0.2467530071735382
2021-01-28,0.2467530071735382
2021-01-29,0.22207699716091156
2021-02-01,0.2467530071735382
2021-02-02,0.2714279890060425
2021-02-03,0.2714279890060425
2021-02-04,0.2467530071735382
2021-02-05,0.2467530071735382
2021-02-08,0.2467530071735382
2021-02-09,0.2714279890060425
2021-02-10,0.2714279890060425
2021-02-11,0.2714279890060425
2021-02-12,0.22207699716091156
2021-02-15,0.22207699716091156
2021-02-16,0.2467530071735382
2021-02-17,0.22207699716091156
2021-02-18,0.22207699716091156
2021-02-19,0.22207699716091156
2021-02-22,0.22207699716091156
2021-02-23,0.1974020004272461
2021-02-24,0.22207699716091156
2021-02-25,0.22207699716091156
2021-02-26,0.22207699716091156
2021-03-01,0.1974020004272461
2021-03-02,0.22207699716091156
2021-03-03,0.22207699716091156
2021-03-04,0.2467530071735382
2021-03-05,0.2467530071735382
2021-03-08,0.2467530071735382
2021-03-09,0.22207699716091156
2021-03-10,0.1974020004272461
2021-03-11,0.1974020004272461
2021-03-12,0.2714279890060425
2021-03-15,0.4441550076007843
2021-03-16,0.5428569912910461
2021-03-17,0.4935060143470764
2021-03-18,0.46883100271224976
2021-03-19,0.41947999596595764
2021-03-22,0.5675320029258728
2021-03-23,0.6909090280532837
2021-03-24,0.6909090280532837
2021-03-25,0.8142849802970886
2021-03-26,0.7649350166320801
2021-03-29,0.8636360168457031
2021-03-30,1.0610380172729492
2021-03-31,1.7025970220565796
2021-04-01,1.8012980222702026
2021-04-06,0.5922070145606995
2021-04-07,0.5428569912910461
2021-04-08,0.7402589917182922
2021-04-09,0.6662330031394958
2021-04-12,0.6168829798698425
2021-04-13,0.6415579915046692
2021-04-14,0.6168829798698425
2021-04-15,0.5675320029258728
2021-04-16,0.5428569912910461
2021-04-19,0.5675320029258728
2021-04-20,0.5428569912910461
2021-04-21,0.4935060143470764
2021-04-22,0.4935060143470764
2021-04-23,0.4441550076007843
2021-04-26,0.5181810259819031
2021-04-27,0.4935060143470764
2021-04-28,0.6662330031394958
2021-04-29,0.6168829798698425
2021-04-30,0.6168829798698425
2021-05-03,0.6909090280532837
2021-05-04,0.6909090280532837
2021-05-05,0.6168829798698425
2021-05-06,0.6415579915046692
2021-05-07,0.6168829798698425
2021-05-10,0.6415579915046692
2021-05-11,0.5922070145606995
2021-05-12,0.5675320029258728
2021-05-13,0.5675320029258728
2021-05-14,0.5428569912910461
2021-05-17,0.5428569912910461
2021-05-18,0.5675320029258728
2021-05-19,0.6168829798698425
2021-05-20,0.5922070145606995
2021-05-21,0.6168829798698425
2021-05-24,0.5922070145606995
2021-05-25,0.5675320029258728
2021-05-26,0.5428569912910461
2021-05-27,0.5428569912910461
2021-05-28,0.5428569912910461
2021-05-31,0.5428569912910461
2021-06-01,0.5181810259819031
2021-06-02,0.5181810259819031
2021-06-03,0.5181810259819031
2021-06-04,0.5428569912910461
2021-06-07,0.4935060143470764
2021-06-08,0.5428569912910461
2021-06-09,0.5428569912910461
2021-06-10,0.5428569912910461
2021-06-11,0.5181810259819031
2021-06-15,0.5428569912910461
2021-06-16,0.5428569912910461
2021-06-17,0.5181810259819031
2021-06-18,0.4935060143470764
2021-06-21,0.4935060143470764
2021-06-22,0.5675320029258728
2021-06-23,0.6168829798698425
2021-06-24,0.5675320029258728
2021-06-25,0.5675320029258728
2021-06-28,0.6909090280532837
2021-06-29,0.6415579915046692
2021-06-30,0.6415579915046692
2021-07-01,0.7649350166320801
2021-07-02,1.0610380172729492
2021-07-05,0.8636360168457031
2021-07-06,0.9623370170593262
2021-07-07,0.9870120286941528
2021-07-08,0.9129869937896729
2021-07-09,0.7896100282669067
2021-07-12,0.8636360168457031
2021-07-13,0.8389610052108765
2021-07-14,0.8389610052108765
2021-07-15,0.9129869937896729
2021-07-16,0.8636360168457031
2021-07-19,0.8636360168457031
2021-07-20,0.8389610052108765
2021-07-21,0.8142849802970886
2021-07-22,0.8142849802970886
2021-07-23,0.8389610052108765
2021-07-26,0.8389610052108765
2021-07-27,0.9623370170593262
2021-07-28,0.9623370170593262
2021-07-29,0.9129869937896729
2021-07-30,0.9129869937896729
2021-08-02,1.011687994003296
2021-08-03,1.0857139825820923
2021-08-04,1.2584409713745117
2021-08-05,1.209089994430542
2021-08-06,1.1597399711608887
2021-08-09,1.209089994430542
2021-08-10,1.1844149827957153
2021-08-11,1.0363630056381226
2021-08-12,1.0363630056381226
2021-08-13,1.0857139825820923
2021-08-16,1.2584409713745117
2021-08-17,1.011687994003296
2021-08-18,0.9129869937896729
2021-08-19,0.9376620054244995
2021-08-20,0.8389610052108765
2021-08-23,0.8389610052108765
2021-08-24,0.8142849802970886
2021-08-25,0.8142849802970886
2021-08-26,0.8142849802970886
2021-08-27,0.8142849802970886
2021-08-30,0.7896100282669067
2021-08-31,0.7896100282669067
2021-09-01,0.7896100282669067
2021-09-02,0.8636360168457031
2021-09-03,0.8142849802970886
2021-09-06,0.8142849802970886
2021-09-07,0.8142849802970886
2021-09-08,0.7896100282669067
2021-09-09,0.7402589917182922
2021-09-10,0.7402589917182922
2021-09-13,0.7155839800834656
2021-09-14,0.7155839800834656
2021-09-15,0.7155839800834656
2021-09-16,0.7155839800834656
2021-09-17,0.7155839800834656
2021-09-20,0.6662330031394958
2021-09-21,0.6662330031394958
2021-09-22,0.6662330031394958
2021-09-23,0.7402589917182922
2021-09-24,0.7402589917182922
2021-09-27,0.7649350166320801
2021-09-28,0.7402589917182922
2021-09-29,0.7402589917182922
2021-09-30,0.7155839800834656
2021-10-01,0.7155839800834656
2021-10-04,0.7155839800834656
2021-10-05,0.7155839800834656
2021-10-06,0.7155839800834656
2021-10-07,0.7402589917182922
2021-10-08,0.7155839800834656
2021-10-11,0.7402589917182922
2021-10-12,0.7155839800834656
2021-10-13,0.7402589917182922
2021-10-14,0.7649350166320801
2021-10-15,0.7649350166320801
2021-10-18,0.7649350166320801
2021-10-19,0.7402589917182922
2021-10-20,0.7402589917182922
2021-10-21,0.7155839800834656
2021-10-22,0.7402589917182922
2021-10-25,0.7402589917182922
2021-10-26,0.7402589917182922
2021-10-27,0.7402589917182922
2021-10-28,0.7155839800834656
2021-10-29,0.6909090280532837
2021-11-01,0.6909090280532837
2021-11-02,0.6662330031394958
2021-11-03,0.6662330031394958
2021-11-04,0.7155839800834656
2021-11-05,0.6909090280532837
2021-11-08,0.6909090280532837
2021-11-09,0.6909090280532837
2021-11-10,0.6909090280532837
2021-11-11,0.6909090280532837
2021-11-12,0.6909090280532837
2021-11-15,0.6662330031394958
2021-11-16,0.6909090280532837
2021-11-17,0.6909090280532837
2021-11-18,0.6662330031394958
2021-11-19,0.6909090280532837
2021-11-22,0.6909090280532837
2021-11-23,0.6662330031394958
2021-11-24,0.6662330031394958
2021-11-25,0.6415579915046692
2021-11-26,0.6415579915046692
2021-11-29,0.6168829798698425
2021-11-30,0.6415579915046692
2021-12-01,0.6415579915046692
2021-12-02,0.6909090280532837
2021-12-03,0.6415579915046692
2021-12-06,0.6415579915046692
2021-12-07,0.6415579915046692
2021-12-08,0.6168829798698425
2021-12-09,0.6415579915046692
2021-12-10,0.6168829798698425
2021-12-13,0.6415579915046692
2021-12-14,0.6415579915046692
2021-12-15,0.6415579915046692
2021-12-16,0.6415579915046692
2021-12-17,0.6168829798698425
2021-12-20,0.6415579915046692
2021-12-21,0.6168829798698425
2021-12-22,0.6168829798698425
2021-12-23,0.6415579915046692
2021-12-24,0.6662330031394958
2021-12-29,0.6168829798698425
2021-12-30,0.6415579915046692
2021-12-31,0.6168829798698425
2022-01-04,0.6662330031394958
2022-01-05,0.7649350166320801
2022-01-06,0.7896100282669067
2022-01-07,0.7649350166320801
2022-01-10,0.7402589917182922
2022-01-11,0.7155839800834656
2022-01-12,0.7402589917182922
2022-01-13,0.7402589917182922
2022-01-14,0.7155839800834656
2022-01-17,0.7402589917182922
2022-01-18,0.7649350166320801
2022-01-19,0.8636360168457031
2022-01-20,0.9870120286941528
2022-01-21,1.0363630056381226
2022-01-24,1.011687994003296
2022-01-25,0.8883110284805298
2022-01-27,0.9623370170593262
2022-01-28,0.9870120286941528
2022-01-31,1.0363630056381226
2022-02-01,1.2584409713745117
2022-02-02,1.1844149827957153
2022-02-03,1.209089994430542
2022-02-04,1.1844149827957153
2022-02-07,1.209089994430542
2022-02-08,1.2831159830093384
2022-02-09,1.233765959739685
2022-02-10,1.233765959739685
2022-02-11,1.233765959739685
2022-02-14,1.110388994216919
2022-02-15,0.9623370170593262
2022-02-16,0.9623370170593262
2022-02-17,1.011687994003296
2022-02-18,0.9623370170593262
2022-02-21,0.9376620054244995
2022-02-22,0.8389610052108765
2022-02-23,0.9129869937896729
2022-02-24,0.9129869937896729
2022-02-25,0.9376620054244995
2022-02-28,1.0363630056381226
2022-03-01,1.1350640058517456
2022-03-02,1.2831159830093384
2022-03-03,1.1844149827957153
2022-03-04,1.1350640058517456
2022-03-07,1.1350640058517456
2022-03-08,1.110388994216919
2022-03-09,1.0610380172729492
2022-03-10,1.011687994003296
2022-03-11,1.0857139825820923
2022-03-14,1.0363630056381226
2022-03-15,1.011687994003296
2022-03-16,0.9870120286941528
2022-03-17,1.0363630056381226
2022-03-18,1.011687994003296
2022-03-21,0.9870120286941528
2022-03-22,1.0363630056381226
2022-03-23,0.9129869937896729
2022-03-24,0.8389610052108765
2022-03-25,0.8142849802970886
2022-03-28,0.8389610052108765
2022-03-29,0.8142849802970886
2022-03-30,0.41947999596595764
2022-03-31,0.41947999596595764
2022-04-01,0.39480501413345337
2022-04-04,0.3701289892196655
2022-04-05,0.3701289892196655
2022-04-06,0.3701289892196655
2022-04-07,0.34545400738716125
2022-04-08,0.39480501413345337
2022-04-11,0.3701289892196655
2022-04-12,0.39480501413345337
2022-04-13,0.3701289892196655
2022-04-14,0.3701289892196655
2022-04-19,0.3701289892196655
2022-04-20,0.39480501413345337
2022-04-21,0.3701289892196655
2022-04-22,0.3701289892196655
2022-04-26,0.3701289892196655
2022-04-27,0.34545400738716125
2022-04-28,0.3701289892196655
2022-04-29,0.34545400738716125
2022-05-02,0.34545400738716125
2022-05-03,0.34545400738716125
2022-05-04,0.3207789957523346
2022-05-05,0.3207789957523346
2022-05-06,0.34545400738716125
2022-05-09,0.3207789957523346
2022-05-10,0.29610300064086914
2022-05-11,0.29610300064086914
2022-05-12,0.2714279890060425
2022-05-13,0.2714279890060425
2022-05-16,0.29610300064086914
2022-05-17,0.29610300064086914
2022-05-18,0.29610300064086914
2022-05-19,0.29610300064086914
2022-05-20,0.29610300064086914
2022-05-23,0.29610300064086914
2022-05-24,0.29610300064086914
2022-05-25,0.29610300064086914
2022-05-26,0.2714279890060425
2022-05-27,0.2714279890060425
2022-05-30,0.29610300064086914
2022-05-31,0.29610300064086914
2022-06-01,0.29610300064086914
2022-06-02,0.2714279890060425
2022-06-03,0.2714279890060425
2022-06-06,0.2714279890060425
2022-06-07,0.2467530071735382
2022-06-08,0.2467530071735382
2022-06-09,0.2467530071735382
2022-06-10,0.2467530071735382
2022-06-14,0.22207699716091156
2022-06-15,0.22207699716091156
2022-06-16,0.22207699716091156
2022-06-17,0.22207699716091156
2022-06-20,0.22207699716091156
2022-06-21,0.1974020004272461
2022-06-22,0.1974020004272461
2022-06-23,0.1974020004272461
2022-06-24,0.1974020004272461
2022-06-27,0.17272700369358063
2022-06-28,0.17272700369358063
2022-06-29,0.1974020004272461
2022-06-30,0.1974020004272461
2022-07-01,0.1974020004272461
2022-07-04,0.22207699716091156
2022-07-05,0.2467530071735382
2022-07-06,0.2467530071735382
2022-07-07,0.2467530071735382
2022-07-08,0.2467530071735382
2022-07-11,0.2467530071735382
2022-07-12,0.2714279890060425
2022-07-13,0.34545400738716125
2022-07-14,0.3701289892196655
2022-07-15,0.3207789957523346
2022-07-18,0.29610300064086914
2022-07-19,0.3207789957523346
2022-07-20,0.3207789957523346
2022-07-21,0.29610300064086914
2022-07-22,0.3207789957523346
2022-07-25,0.29610300064086914
2022-07-26,0.2714279890060425
2022-07-27,0.2714279890060425
2022-07-28,0.2714279890060425
2022-07-29,0.2714279890060425
2022-08-01,0.2714279890060425
2022-08-02,0.2467530071735382
2022-08-03,0.2714279890060425
2022-08-04,0.29610300064086914
2022-08-05,0.2714279890060425
2022-08-08,0.2714279890060425
2022-08-09,0.2714279890060425
2022-08-10,0.2714279890060425
2022-08-11,0.2714279890060425
2022-08-12,0.2467530071735382
2022-08-15,0.2467530071735382
2022-08-16,0.2467530071735382
2022-08-17,0.2714279890060425
2022-08-18,0.22207699716091156
2022-08-19,0.22207699716091156
2022-08-22,0.22207699716091156
2022-08-23,0.22207699716091156
2022-08-24,0.22207699716091156
2022-08-25,0.22207699716091156
2022-08-26,0.22207699716091156
2022-08-29,0.22207699716091156
2022-08-30,0.22207699716091156
2022-08-31,0.22207699716091156
2022-09-01,0.22207699716091156
2022-09-02,0.1974020004272461
2022-09-05,0.22207699716091156
2022-09-06,0.22207699716091156
2022-09-07,0.22207699716091156
2022-09-08,0.22207699716091156
2022-09-09,0.1974020004272461
2022-09-12,0.1974020004272461
2022-09-13,0.22207699716091156
2022-09-14,0.22207699716091156
2022-09-15,0.1974020004272461
2022-09-16,0.22207699716091156
2022-09-19,0.22207699716091156
2022-09-20,0.1974020004272461
2022-09-21,0.22207699716091156
2022-09-23,0.22207699716091156
2022-09-26,0.1974020004272461
2022-09-27,0.1974020004272461
2022-09-28,0.20973999798297882
2022-09-29,0.1974020004272461
2022-09-30,0.1974020004272461
2022-10-03,0.1974020004272461
2022-10-04,0.1974020004272461
2022-10-05,0.1974020004272461
2022-10-06,0.1974020004272461
2022-10-07,0.22207699716091156
2022-10-10,0.1974020004272461
2022-10-11,0.1974020004272461
2022-10-12,0.22207699716091156
2022-10-13,0.1974020004272461
2022-10-14,0.1974020004272461
2022-10-17,0.22207699716091156
2022-10-18,0.1974020004272461
2022-10-19,0.1974020004272461
2022-10-20,0.1974020004272461
2022-10-21,0.1974020004272461
2022-10-24,0.1974020004272461
2022-10-25,0.22207699716091156
2022-10-26,0.1974020004272461
2022-10-27,0.22207699716091156
2022-10-28,0.22207699716091156
2022-10-31,0.1974020004272461
2022-11-01,0.1974020004272461
2022-11-02,0.1974020004272461
2022-11-03,0.22207699716091156
2022-11-04,0.22207699716091156
2022-11-07,0.22207699716091156
2022-11-08,0.22207699716091156
2022-11-09,0.2467530071735382
2022-11-10,0.2467530071735382
2022-11-11,0.22207699716091156
2022-11-14,0.2467530071735382
2022-11-15,0.2467530071735382
2022-11-16,0.2467530071735382
2022-11-17,0.22207699716091156
2022-11-18,0.22207699716091156
2022-11-21,0.22207699716091156
2022-11-22,0.22207699716091156
2022-11-23,0.22207699716091156
2022-11-24,0.2467530071735382
2022-11-25,0.2467530071735382
2022-11-28,0.2467530071735382
2022-11-29,0.2467530071735382
2022-11-30,0.2467530071735382
2022-12-01,0.2467530071735382
2022-12-02,0.2467530071735382
2022-12-05,0.2467530071735382
2022-12-06,0.2467530071735382
2022-12-07,0.2467530071735382
2022-12-08,0.2714279890060425
2022-12-09,0.2467530071735382
2022-12-12,0.2467530071735382
2022-12-13,0.2467530071735382
2022-12-14,0.2467530071735382
2022-12-15,0.25909000635147095
2022-12-16,0.2467530071735382
2022-12-19,0.22207699716091156
2022-12-20,0.22207699716091156
2022-12-21,0.22207699716091156
2022-12-22,0.2467530071735382
2022-12-23,0.2467530071735382
2022-12-28,0.2467530071735382
2022-12-29,0.2467530071735382
2022-12-30,0.2714279890060425
2023-01-03,0.2714279890060425
2023-01-04,0.2467530071735382
2023-01-05,0.2714279890060425
2023-01-06,0.2714279890060425
2023-01-09,0.2714279890060425
2023-01-10,0.2714279890060425
2023-01-11,0.2714279890060425
2023-01-12,0.2714279890060425
2023-01-13,0.29610300064086914
2023-01-16,0.2714279890060425
2023-01-17,0.2714279890060425
2023-01-18,0.29610300064086914
2023-01-19,0.2714279890060425
2023-01-20,0.2714279890060425
2023-01-23,0.2714279890060425
2023-01-24,0.29610300064086914
2023-01-25,0.2714279890060425
2023-01-27,0.3207789957523346
2023-01-30,0.29610300064086914
2023-01-31,0.29610300064086914
2023-02-01,0.29610300064086914
2023-02-02,0.29610300064086914
2023-02-03,0.29610300064086914
2023-02-06,0.29610300064086914
2023-02-07,0.34545400738716125
2023-02-08,0.3207789957523346
2023-02-09,0.29610300064086914
2023-02-10,0.29610300064086914
2023-02-13,0.29610300064086914
2023-02-14,0.2714279890060425
2023-02-15,0.29610300064086914
2023-02-16,0.29610300064086914
2023-02-17,0.3207789957523346
2023-02-20,0.29610300064086914
2023-02-21,0.29610300064086914
2023-02-22,0.3207789957523346
2023-02-23,0.29610300064086914
2023-02-24,0.3207789957523346
2023-02-27,0.29610300064086914
2023-02-28,0.2714279890060425
2023-03-01,0.29610300064086914
2023-03-02,0.29610300064086914
2023-03-03,0.29610300064086914
2023-03-06,0.29610300064086914
2023-03-07,0.29610300064086914
2023-03-08,0.3207789957523346
2023-03-09,0.29610300064086914
2023-03-10,0.3207789957523346
2023-03-13,0.29610300064086914
2023-03-14,0.3207789957523346
2023-03-15,0.3207789957523346
2023-03-16,0.29610300064086914
2023-03-17,0.29610300064086914
2023-03-20,0.3207789957523346
2023-03-21,0.2714279890060425
2023-03-22,0.2714279890060425
2023-03-23,0.29610300064086914
2023-03-24,0.2467530071735382
2023-03-27,0.2467530071735382
2023-03-28,0.2467530071735382
2023-03-29,0.2467530071735382
2023-03-30,0.22207699716091156
2023-03-31,0.22207699716091156
2023-04-03,0.29610300064086914
2023-04-04,0.2714279890060425
2023-04-05,0.2467530071735382
2023-04-06,0.2467530071735382
2023-04-11,0.2467530071735382
2023-04-12,0.22207699716091156
2023-04-13,0.22207699716091156
2023-04-14,0.22207699716091156
2023-04-17,0.22207699716091156
2023-04-18,0.22207699716091156
2023-04-19,0.22207699716091156
2023-04-20,0.22207699716091156
2023-04-21,0.1974020004272461
2023-04-24,0.1974020004272461
2023-04-26,0.22207699716091156
2023-04-27,0.22207699716091156
2023-04-28,0.22207699716091156
2023-05-01,0.22207699716091156
2023-05-02,0.1974020004272461
2023-05-03,0.1974020004272461
2023-05-04,0.1974020004272461
2023-05-05,0.1974020004272461
2023-05-08,0.1974020004272461
2023-05-09,0.1974020004272461
2023-05-10,0.1974020004272461
2023-05-11,0.22207699716091156
2023-05-12,0.1974020004272461
2023-05-15,0.1974020004272461
2023-05-16,0.1974020004272461
2023-05-17,0.1974020004272461
2023-05-18,0.1974020004272461
2023-05-19,0.1974020004272461
2023-05-22,0.1974020004272461
2023-05-23,0.1974020004272461
2023-05-24,0.17272700369358063
2023-05-25,0.1974020004272461
2023-05-26,0.1974020004272461
2023-05-29,0.1974020004272461
2023-05-30,0.1974020004272461
2023-05-31,0.18506400287151337
2023-06-01,0.17272700369358063
2023-06-02,0.17272700369358063
2023-06-05,0.17272700369358063
2023-06-06,0.1974020004272461
2023-06-07,0.17272700369358063
2023-06-08,0.17272700369358063
2023-06-09,0.17272700369358063
2023-06-13,0.17272700369358063
2023-06-14,0.17272700369358063
2023-06-15,0.17272700369358063
2023-06-16,0.17272700369358063
2023-06-19,0.17272700369358063
2023-06-20,0.17272700369358063
2023-06-21,0.1974020004272461
2023-06-22,0.17272700369358063
2023-06-23,0.1974020004272461
2023-06-26,0.17272700369358063
2023-06-27,0.17272700369358063
2023-06-28,0.17272700369358063
2023-06-29,0.17272700369358063
2023-06-30,0.17272700369358063
2023-07-03,0.17272700369358063
2023-07-04,0.17272700369358063
2023-07-05,0.17272700369358063
2023-07-06,0.17272700369358063
2023-07-07,0.17272700369358063
2023-07-10,0.17272700369358063
2023-07-11,0.17272700369358063
2023-07-12,0.17272700369358063
2023-07-13,0.17272700369358063
2023-07-14,0.17272700369358063
2023-07-17,0.17272700369358063
2023-07-18,0.17272700369358063
2023-07-19,0.17272700369358063
2023-07-20,0.18506400287151337
2023-07-21,0.17272700369358063
2023-07-24,0.17272700369358063
2023-07-25,0.17272700369358063
2023-07-26,0.17272700369358063
2023-07-27,0.17272700369358063
2023-07-28,0.17272700369358063
2023-07-31,0.17272700369358063
2023-08-01,0.17272700369358063
2023-08-02,0.17272700369358063
2023-08-03,0.17499999701976776
2023-08-04,0.20000000298023224
2023-08-07,0.1875
2023-08-08,0.20000000298023224
2023-08-09,0.17499999701976776
2023-08-10,0.17499999701976776
2023-08-11,0.17499999701976776
2023-08-14,0.17499999701976776
2023-08-15,0.15000000596046448
2023-08-16,0.15000000596046448
2023-08-17,0.16249999403953552
2023-08-18,0.17499999701976776
2023-08-21,0.16249999403953552
2023-08-22,0.17499999701976776
2023-08-23,0.15000000596046448
2023-08-24,0.15000000596046448
2023-08-25,0.15000000596046448
2023-08-28,0.16249999403953552
2023-08-29,0.16249999403953552
2023-08-30,0.16249999403953552
2023-08-31,0.15000000596046448
2023-09-01,0.16249999403953552
2023-09-04,0.15000000596046448
2023-09-05,0.17499999701976776
2023-09-06,0.20000000298023224
2023-09-07,0.20000000298023224
2023-09-08,0.17499999701976776
2023-09-11,0.15000000596046448
2023-09-12,0.17499999701976776
2023-09-13,0.16249999403953552
2023-09-14,0.16249999403953552
2023-09-15,0.15000000596046448
2023-09-18,0.15000000596046448
2023-09-19,0.15000000596046448
2023-09-20,0.15000000596046448
2023-09-21,0.17499999701976776
2023-09-22,0.17499999701976776
2023-09-25,0.15000000596046448
2023-09-26,0.17499999701976776
2023-09-27,0.15000000596046448
2023-09-28,0.15000000596046448
2023-09-29,0.15000000596046448
2023-10-02,0.15000000596046448
2023-10-03,0.17499999701976776
2023-10-04,0.15000000596046448
2023-10-05,0.15000000596046448
2023-10-06,0.15000000596046448
2023-10-09,0.15000000596046448
2023-10-10,0.15000000596046448
2023-10-11,0.15000000596046448
2023-10-12,0.17499999701976776
2023-10-13,0.15000000596046448
2023-10-16,0.15000000596046448
2023-10-17,0.15000000596046448
2023-10-18,0.15000000596046448
2023-10-19,0.17499999701976776
2023-10-20,0.15000000596046448
2023-10-23,0.17499999701976776
2023-10-24,0.15000000596046448
2023-10-25,0.16249999403953552
2023-10-26,0.15000000596046448
2023-10-27,0.15000000596046448
2023-10-30,0.15000000596046448
2023-10-31,0.17499999701976776
2023-11-01,0.15000000596046448
2023-11-02,0.16249999403953552
2023-11-03,0.15000000596046448
2023-11-06,0.15000000596046448
2023-11-07,0.15000000596046448
2023-11-08,0.15000000596046448
2023-11-09,0.16249999403953552
2023-11-10,0.15000000596046448
2023-11-13,0.15000000596046448
2023-11-14,0.15000000596046448
2023-11-15,0.15000000596046448
2023-11-16,0.125
2023-11-17,0.15000000596046448
2023-11-20,0.15000000596046448
2023-11-21,0.15000000596046448
2023-11-22,0.15000000596046448
2023-11-23,0.13750000298023224
2023-11-24,0.15000000596046448
2023-11-27,0.13750000298023224
2023-11-28,0.13750000298023224
2023-11-29,0.125
2023-11-30,0.125
2023-12-01,0.125
2023-12-04,0.125
2023-12-05,0.10000000149011612
2023-12-06,0.10000000149011612
2023-12-07,0.10000000149011612
2023-12-08,0.10000000149011612
2023-12-11,0.10000000149011612
2023-12-12,0.10000000149011612
2023-12-13,0.10000000149011612
2023-12-14,0.125
2023-12-15,0.125
2023-12-18,0.125
2023-12-19,0.10000000149011612
2023-12-20,0.10000000149011612
2023-12-21,0.10000000149011612
2023-12-22,0.125
2023-12-27,0.10000000149011612
2023-12-28,0.10000000149011612
2023-12-29,0.125
2024-01-02,0.125
2024-01-03,0.125
2024-01-04,0.10000000149011612
2024-01-05,0.125
2024-01-08,0.10000000149011612
2024-01-09,0.10000000149011612
2024-01-10,0.10000000149011612
2024-01-11,0.10000000149011612
2024-01-12,0.11249999701976776
2024-01-15,0.10000000149011612
2024-01-16,0.10000000149011612
2024-01-17,0.125
2024-01-18,0.10000000149011612
2024-01-19,0.10000000149011612
2024-01-22,0.10000000149011612
2024-01-23,0.125
2024-01-24,0.10000000149011612
2024-01-25,0.10000000149011612
2024-01-29,0.10000000149011612
2024-01-30,0.10000000149011612
2024-01-31,0.10000000149011612
2024-02-01,0.10000000149011612
2024-02-02,0.10000000149011612
2024-02-05,0.125
2024-02-06,0.125
2024-02-07,0.125
2024-02-08,0.125
2024-02-09,0.125
2024-02-12,0.125
2024-02-13,0.10000000149011612
2024-02-14,0.125
2024-02-15,0.125
2024-02-16,0.125
2024-02-19,0.125
2024-02-20,0.125
2024-02-21,0.125
2024-02-22,0.15000000596046448
2024-02-23,0.15000000596046448
2024-02-26,0.15000000596046448
2024-02-27,0.15000000596046448
2024-02-28,0.15000000596046448
2024-02-29,0.15000000596046448
2024-03-01,0.15000000596046448
2024-03-04,0.125
2024-03-05,0.125
2024-03-06,0.15000000596046448
2024-03-07,0.125
2024-03-08,0.15000000596046448
2024-03-11,0.15000000596046448
2024-03-12,0.125
2024-03-13,0.125
2024-03-14,0.15000000596046448
2024-03-15,0.15000000596046448
2024-03-18,0.15000000596046448
2024-03-19,0.125
2024-03-20,0.125
2024-03-21,0.15000000596046448
2024-03-22,0.15000000596046448
2024-03-25,0.125
2024-03-26,0.15000000596046448
2024-03-27,0.15000000596046448
2024-03-28,0.125
2024-04-02,0.15000000596046448
2024-04-03,0.17499999701976776
2024-04-04,0.15000000596046448
2024-04-05,0.17499999701976776
2024-04-08,0.17499999701976776
2024-04-09,0.15000000596046448
2024-04-10,0.15000000596046448
2024-04-11,0.125
2024-04-12,0.15000000596046448
2024-04-15,0.15000000596046448
2024-04-16,0.125
2024-04-17,0.10000000149011612
2024-04-18,0.10000000149011612
2024-04-19,0.125
2024-04-22,0.125
2024-04-23,0.125
2024-04-24,0.10000000149011612
2024-04-26,0.07500000298023224
2024-04-29,0.07500000298023224
2024-04-30,0.10000000149011612
2024-05-01,0.07500000298023224
2024-05-02,0.07500000298023224
2024-05-03,0.10000000149011612
2024-05-06,0.07500000298023224
2024-05-07,0.10000000149011612
2024-05-08,0.07500000298023224
2024-05-09,0.10000000149011612
2024-05-10,0.07500000298023224
2024-05-13,0.07500000298023224
2024-05-14,0.10000000149011612
2024-05-15,0.07500000298023224
2024-05-16,0.07500000298023224
2024-05-17,0.07500000298023224
2024-05-20,0.07500000298023224
2024-05-21,0.10000000149011612
2024-05-22,0.07500000298023224
2024-05-23,0.07500000298023224
2024-05-24,0.07500000298023224
2024-05-27,0.05000000074505806
2024-05-28,0.07500000298023224
2024-05-29,0.05000000074505806
2024-05-30,0.07500000298023224
2024-05-31,0.07500000298023224
2024-06-03,0.07500000298023224
2024-06-04,0.0625
2024-06-05,0.0625
2024-06-06,0.0625
2024-06-07,0.05000000074505806
2024-06-11,0.05000000074505806
2024-06-12,0.05000000074505806
2024-06-13,0.05000000074505806
2024-06-14,0.05000000074505806
2024-06-17,0.05000000074505806
2024-06-18,0.05000000074505806
2024-06-19,0.07500000298023224
2024-06-20,0.07500000298023224
2024-06-21,0.05000000074505806
2024-06-24,0.07500000298023224
2024-06-25,0.07500000298023224
2024-06-26,0.05000000074505806
2024-06-27,0.05000000074505806
2024-06-28,0.05000000074505806
2024-07-01,0.05000000074505806
2024-07-02,0.05000000074505806
2024-07-03,0.05000000074505806
2024-07-04,0.05000000074505806
2024-07-05,0.05000000074505806
2024-07-08,0.05000000074505806
2024-07-09,0.05000000074505806
2024-07-10,0.07500000298023224
2024-07-11,0.05000000074505806
2024-07-12,0.07500000298023224
2024-07-15,0.05000000074505806
2024-07-16,0.05000000074505806
2024-07-17,0.05000000074505806
2024-07-18,0.07500000298023224
2024-07-19,0.05000000074505806
2024-07-22,0.05000000074505806
2024-07-23,0.05000000074505806
2024-07-24,0.07500000298023224
2024-07-25,0.07500000298023224
2024-07-26,0.05000000074505806
2024-07-29,0.07500000298023224
2024-07-30,0.07500000298023224
2024-07-31,0.05000000074505806
2024-08-01,0.07500000298023224
2024-08-02,0.05000000074505806
2024-08-05,0.05000000074505806
2024-08-06,0.05000000074505806
2024-08-07,0.05000000074505806
2024-08-08,0.05000000074505806
2024-08-09,0.05000000074505806
2024-08-12,0.07500000298023224
2024-08-13,0.05000000074505806
2024-08-14,0.05000000074505806
2024-08-15,0.05000000074505806
2024-08-16,0.05000000074505806
2024-08-19,0.05000000074505806
2024-08-20,0.05000000074505806
2024-08-21,0.05000000074505806
2024-08-22,0.05000000074505806
2024-08-23,0.0625
2024-08-26,0.05000000074505806
2024-08-27,0.05000000074505806
2024-08-28,0.05000000074505806
2024-08-29,0.05000000074505806
2024-08-30,0.05000000074505806
2024-09-02,0.07500000298023224
2024-09-03,0.05000000074505806
2024-09-04,0.05000000074505806
2024-09-05,0.05000000074505806
2024-09-06,0.02500000037252903
2024-09-09,0.05000000074505806
2024-09-10,0.05000000074505806
2024-09-11,0.05000000074505806
2024-09-12,0.05000000074505806
2024-09-13,0.05000000074505806
2024-09-16,0.05000000074505806
2024-09-17,0.03750000149011612
2024-09-18,0.05000000074505806
2024-09-19,0.05000000074505806
2024-09-20,0.05000000074505806
2024-09-23,0.05000000074505806
2024-09-24,0.07500000298023224
2024-09-25,0.05000000074505806
2024-09-26,0.05000000074505806
2024-09-27,0.05000000074505806
2024-09-30,0.0625
2024-10-01,0.0625
2024-10-02,0.0625
2024-10-03,0.0625
2024-10-04,0.05000000074505806
2024-10-07,0.05000000074505806
2024-10-08,0.07500000298023224
2024-10-09,0.05000000074505806
2024-10-10,0.05000000074505806
2024-10-11,0.0625
2024-10-14,0.05000000074505806
2024-10-15,0.05000000074505806
2024-10-16,0.0625
2024-10-17,0.0625
2024-10-18,0.05000000074505806
2024-10-21,0.05000000074505806
2024-10-22,0.05000000074505806
2024-10-23,0.05000000074505806
2024-10-24,0.05000000074505806
2024-10-25,0.0625
2024-10-28,0.05000000074505806
2024-10-29,0.05000000074505806
2024-10-30,0.05000000074505806
2024-10-31,0.05000000074505806
2024-11-01,0.05000000074505806
2024-11-04,0.05000000074505806
2024-11-05,0.05000000074505806
2024-11-06,0.05000000074505806
2024-11-07,0.05000000074505806
2024-11-08,0.05000000074505806
2024-11-11,0.05000000074505806
2024-11-12,0.05000000074505806
2024-11-13,0.05000000074505806
2024-11-14,0.05000000074505806
2024-11-15,0.05000000074505806
2024-11-18,0.05000000074505806
2024-11-19,0.05000000074505806
2024-11-20,0.05000000074505806
2024-11-21,0.05000000074505806
2024-11-22,0.03750000149011612
2024-11-25,0.05000000074505806
2024-11-26,0.02500000037252903
2024-11-27,0.03750000149011612
2024-11-28,0.05000000074505806
2024-11-29,0.02500000037252903
2024-12-02,0.03750000149011612
2024-12-03,0.05000000074505806
2024-12-04,0.03750000149011612
2024-12-05,0.05000000074505806
2024-12-06,0.05000000074505806
2024-12-09,0.02500000037252903
2024-12-10,0.03750000149011612
2024-12-11,0.05000000074505806
2024-12-12,0.05000000074505806
2024-12-13,0.02500000037252903
2024-12-16,0.03750000149011612
2024-12-17,0.05000000074505806
2024-12-18,0.02500000037252903
2024-12-19,0.03750000149011612
2024-12-20,0.05000000074505806
2024-12-23,0.05000000074505806
2024-12-24,0.05000000074505806
2024-12-27,0.05000000074505806
2024-12-30,0.05000000074505806
2024-12-31,0.05000000074505806
2025-01-02,0.02500000037252903
2025-01-03,0.05000000074505806
2025-01-06,0.02500000037252903
2025-01-07,0.05000000074505806
2025-01-08,0.05000000074505806
2025-01-09,0.05000000074505806
2025-01-10,0.05000000074505806
2025-01-13,0.05000000074505806
2025-01-14,0.05000000074505806
2025-01-15,0.05000000074505806
2025-01-16,0.05000000074505806
2025-01-17,0.05000000074505806
2025-01-20,0.02500000037252903
2025-01-21,0.05000000074505806
2025-01-22,0.05000000074505806
2025-01-23,0.05000000074505806
2025-01-24,0.05000000074505806
2025-01-28,0.05000000074505806
2025-01-29,0.05000000074505806
2025-01-30,0.05000000074505806
2025-01-31,0.05000000074505806
2025-02-03,0.05000000074505806
2025-02-04,0.05000000074505806
2025-02-05,0.02500000037252903
2025-02-06,0.05000000074505806
2025-02-07,0.05000000074505806
2025-02-10,0.05000000074505806
2025-02-11,0.05000000074505806
2025-02-12,0.02500000037252903
2025-02-13,0.03750000149011612
2025-02-14,0.05000000074505806
2025-02-17,0.05000000074505806
2025-02-18,0.05000000074505806
2025-02-19,0.05000000074505806
2025-02-20,0.05000000074505806
2025-02-21,0.05000000074505806
2025-02-24,0.02500000037252903
2025-02-25,0.05000000074505806
2025-02-26,0.02500000037252903
2025-02-27,0.03750000149011612
2025-02-28,0.05000000074505806
2025-03-03,0.02500000037252903
2025-03-04,0.05000000074505806
2025-03-05,0.03750000149011612
2025-03-06,0.03750000149011612
2025-03-07,0.03750000149011612
2025-03-10,0.05000000074505806
2025-03-11,0.02500000037252903
2025-03-12,0.03750000149011612
2025-03-13,0.05000000074505806
2025-03-14,0.02500000037252903
2025-03-17,0.05000000074505806
2025-03-18,0.05000000074505806
2025-03-19,0.05000000074505806
2025-03-20,0.05000000074505806
2025-03-21,0.05000000074505806
2025-03-24,0.05000000074505806
2025-03-25,0.03750000149011612
2025-03-26,0.03750000149011612
2025-03-27,0.03750000149011612
2025-03-28,0.03750000149011612
2025-03-31,0.03750000149011612
2025-04-01,0.03750000149011612
2025-04-02,0.03750000149011612
2025-04-03,0.05000000074505806
2025-04-04,0.02500000037252903
2025-04-07,0.03750000149011612
2025-04-08,0.02500000037252903
2025-04-09,0.02500000037252903
2025-04-10,0.02500000037252903
2025-04-11,0.02500000037252903
2025-04-14,0.03750000149011612
2025-04-15,0.02500000037252903
2025-04-16,0.02500000037252903
2025-04-17,0.02500000037252903
2025-04-22,0.03750000149011612
2025-04-23,0.02500000037252903
2025-04-24,0.02500000037252903
2025-04-28,0.02500000037252903
2025-04-29,0.05000000074505806
2025-04-30,0.03750000149011612
2025-05-01,0.02500000037252903
2025-05-02,0.03750000149011612
2025-05-05,0.02500000037252903
2025-05-06,0.05000000074505806
2025-05-07,0.02500000037252903
2025-05-08,0.02500000037252903
2025-05-09,0.02500000037252903
2025-05-12,0.02500000037252903
2025-05-13,0.02500000037252903
2025-05-14,0.02500000037252903
2025-05-15,0.02500000037252903
2025-05-16,0.02500000037252903
2025-05-19,0.02199999988079071
2025-05-20,0.023000000044703484
2025-05-21,0.026000000536441803
2025-05-22,0.026000000536441803
2025-05-23,0.024000000208616257
2025-05-26,0.023000000044703484
2025-05-27,0.024000000208616257
2025-05-28,0.023000000044703484
2025-05-29,0.024000000208616257
2025-05-30,0.026000000536441803
2025-06-02,0.024000000208616257
2025-06-03,0.02500000037252903
2025-06-04,0.02500000037252903
2025-06-05,0.02500000037252903
2025-06-06,0.024000000208616257
2025-06-10,0.02500000037252903
2025-06-11,0.023000000044703484
2025-06-12,0.023000000044703484
2025-06-13,0.023000000044703484
2025-06-16,0.024000000208616257
2025-06-17,0.024000000208616257
2025-06-18,0.023000000044703484
2025-06-19,0.023499999195337296
2025-06-20,0.023000000044703484
2025-06-23,0.023000000044703484
2025-06-24,0.023000000044703484
2025-06-25,0.02199999988079071
2025-06-26,0.020999999716877937
2025-06-27,0.02199999988079071
2025-06-30,0.02199999988079071
2025-07-01,0.023000000044703484
2025-07-02,0.02199999988079071
2025-07-03,0.02199999988079071
2025-07-04,0.023000000044703484
2025-07-07,0.02250000089406967
2025-07-08,0.023000000044703484
2025-07-09,0.023000000044703484
2025-07-10,0.023000000044703484
2025-07-11,0.023000000044703484
2025-07-14,0.02199999988079071
2025-07-15,0.02199999988079071
2025-07-16,0.024000000208616257
2025-07-17,0.02199999988079071
2025-07-18,0.023000000044703484
2025-07-21,0.02199999988079071
2025-07-22,0.023000000044703484
2025-07-23,0.023000000044703484
2025-07-24,0.023000000044703484
2025-07-25,0.023000000044703484
2025-07-28,0.02199999988079071
2025-07-29,0.02199999988079071
2025-07-30,0.024000000208616257
2025-07-31,0.02199999988079071
2025-08-01,0.024000000208616257
2025-08-04,0.024000000208616257
2025-08-05,0.023000000044703484
2025-08-06,0.023499999195337296
2025-08-07,0.023000000044703484
2025-08-08,0.024000000208616257
2025-08-11,0.023000000044703484
2025-08-12,0.024000000208616257
2025-08-13,0.023000000044703484
2025-08-14,0.024000000208616257
2025-08-15,0.02199999988079071
2025-08-18,0.023499999195337296
2025-08-19,0.023000000044703484
2025-08-20,0.023000000044703484
2025-08-21,0.023499999195337296
2025-08-22,0.023499999195337296
2025-08-25,0.023000000044703484
2025-08-26,0.023000000044703484
2025-08-27,0.023000000044703484
2025-08-28,0.023000000044703484
2025-08-29,0.023499999195337296
2025-09-01,0.02199999988079071
2025-09-02,0.02199999988079071
2025-09-03,0.023000000044703484
2025-09-04,0.02199999988079071
2025-09-05,0.02199999988079071
2025-09-08,0.02199999988079071
2025-09-09,0.023000000044703484
2025-09-10,0.02199999988079071
2025-09-11,0.02250000089406967
2025-09-12,0.02199999988079071
2025-09-15,0.02199999988079071
2025-09-16,0.02199999988079071
2025-09-17,0.02199999988079071
2025-09-18,0.02199999988079071
2025-09-19,0.02199999988079071
2025-09-22,0.02250000089406967
2025-09-23,0.02199999988079071
2025-09-24,0.020999999716877937
2025-09-25,0.020999999716877937
2025-09-26,0.02199999988079071
2025-09-29,0.02199999988079071
2025-09-30,0.0215000007301569
2025-10-01,0.020999999716877937
2025-10-02,0.019999999552965164
2025-10-03,0.019999999552965164
2025-10-06,0.019999999552965164
2025-10-07,0.019999999552965164
2025-10-08,0.019999999552965164
2025-10-09,0.020500000566244125
2025-10-10,0.019999999552965164
2025-10-13,0.020999999716877937
2025-10-14,0.020500000566244125
2025-10-15,0.020500000566244125
2025-10-16,0.020500000566244125
2025-10-17,0.019999999552965164
2025-10-20,0.019999999552965164
2025-10-21,0.020999999716877937
2025-10-22,0.019999999552965164
2025-10-23,0.020999999716877937
2025-10-24,0.020999999716877937
2025-10-27,0.020999999716877937
2025-10-28,0.019999999552965164
2025-10-29,0.019999999552965164
2025-10-30,0.020999999716877937
2025-10-31,0.020500000566244125
2025-11-03,0.020500000566244125
2025-11-04,0.019999999552965164
2025-11-05,0.019999999552965164
2025-11-06,0.020999999716877937
2025-11-07,0.020999999716877937
2025-11-10,0.020999999716877937
2025-11-11,0.019999999552965164
2025-11-12,0.020999999716877937
2025-11-13,0.020999999716877937
2025-11-14,0.020999999716877937
2025-11-17,0.020999999716877937
2025-11-18,0.020999999716877937
2025-11-19,0.019999999552965164
2025-11-20,0.020500000566244125
2025-11-21,0.020999999716877937
2025-11-24,0.020999999716877937
2025-11-25,0.019999999552965164
2025-11-26,0.020999999716877937
2025-11-27,0.020999999716877937
2025-11-28,0.020500000566244125
2025-12-01,0.019999999552965164
2025-12-02,0.019999999552965164
2025-12-03,0.019999999552965164
2025-12-04,0.020999999716877937
2025-12-05,0.02199999988079071
2025-12-08,0.02250000089406967
2025-12-09,0.024000000208616257
2025-12-10,0.023000000044703484
2025-12-11,0.023000000044703484
2025-12-12,0.024000000208616257
2025-12-15,0.02199999988079071
2025-12-16,0.02199999988079071
2025-12-17,0.02199999988079071
2025-12-18,0.0215000007301569
2025-12-19,0.023000000044703484
2025-12-22,0.023000000044703484
2025-12-23,0.02199999988079071
2025-12-24,0.023000000044703484
2025-12-29,0.023000000044703484
2025-12-30,0.023000000044703484
2025-12-31,0.02199999988079071
2026-01-02,0.020999999716877937
2026-01-05,0.020999999716877937
2026-01-06,0.020500000566244125
2026-01-07,0.020999999716877937
2026-01-08,0.02199999988079071
2026-01-09,0.0215000007301569
2026-01-12,0.020999999716877937
2026-01-13,0.020999999716877937
2026-01-14,0.019999999552965164
2026-01-15,0.019999999552965164
2026-01-16,0.020999999716877937
2026-01-19,0.02199999988079071
2026-01-20,0.020999999716877937
2026-01-21,0.019999999552965164
2026-01-22,0.02199999988079071
2026-01-23,0.020999999716877937
2026-01-27,0.020999999716877937
2026-01-28,0.02199999988079071
2026-01-29,0.020500000566244125
2026-01-30,0.020500000566244125
2026-02-02,0.020999999716877937
2026-02-03,0.020999999716877937
2026-02-04,0.020999999716877937
2026-02-05,0.020999999716877937
2026-02-06,0.020999999716877937
2026-02-09,0.020999999716877937
2026-02-10,0.02199999988079071
2026-02-11,0.02199999988079071
2026-02-12,0.0215000007301569
2026-02-13,0.020999999716877937
2026-02-16,0.0215000007301569
2026-02-17,0.020999999716877937
2026-02-18,0.020999999716877937
2026-02-19,0.020999999716877937
2026-02-20,0.020999999716877937
2026-02-23,0.0215000007301569
2026-02-24,0.020999999716877937
2026-02-25,0.0215000007301569
2026-02-26,0.019999999552965164
2026-02-27,0.019999999552965164
2026-03-02,0.020999999716877937
2026-03-03,0.0215000007301569
2026-03-04,0.019999999552965164
2026-03-05,0.020999999716877937
2026-03-06,0.02199999988079071
2026-03-09,0.04100000113248825
2026-03-10,0.028999999165534973
2026-03-11,0.029999999329447746
2026-03-12,0.03799999877810478
2026-03-13,0.03400000184774399
2026-03-16,0.03500000014901161
2026-03-17,0.032999999821186066
2026-03-18,0.032999999821186066
2026-03-19,0.035999998450279236
2026-03-20,0.032999999821186066
2026-03-23,0.03700000047683716
2026-03-24,0.035999998450279236
2026-03-25,0.035999998450279236
2026-03-26,0.035999998450279236
2026-03-27,0.032999999821186066
2026-03-30,0.035999998450279236
2026-03-31,0.035999998450279236
2026-04-01,0.03099999949336052
2026-04-02,0.026000000536441803
2026-04-07,0.02500000037252903
2026-04-08,0.024000000208616257
2026-04-09,0.02500000037252903
2026-04-10,0.024000000208616257
2026-04-13,0.026000000536441803
2026-04-14,0.024000000208616257
2026-04-15,0.023000000044703484
2026-04-16,0.024000000208616257
2026-04-17,0.023000000044703484
2026-04-20,0.023000000044703484
2026-04-21,0.023000000044703484
2026-04-22,0.023000000044703484
2026-04-23,0.023000000044703484
2026-04-24,0.023000000044703484
2026-04-27,0.023000000044703484
2026-04-28,0.024000000208616257
2026-04-29,0.024000000208616257
2026-04-30,0.024000000208616257
2026-05-01,0.024000000208616257
2026-05-04,0.023000000044703484
2026-05-05,0.023000000044703484
2026-05-06,0.024000000208616257
2026-05-07,0.023000000044703484
2026-05-08,0.024000000208616257
2026-05-11,0.023000000044703484
2026-05-12,0.024000000208616257
2026-05-13,0.024000000208616257
2026-05-14,0.024000000208616257
2026-05-15,0.023000000044703484
2026-05-18,0.023000000044703484
2026-05-19,0.023000000044703484
2026-05-20,0.024000000208616257
2026-05-21,0.024000000208616257
2026-05-22,0.024000000208616257
2026-05-25,0.023000000044703484
2026-05-26,0.02199999988079071
2026-05-27,0.024000000208616257
2026-05-28,0.024000000208616257
2026-05-29,0.023000000044703484
2026-06-01,0.023000000044703484
2026-06-02,0.02500000037252903
2026-06-03,0.024000000208616257
2026-06-04,0.024000000208616257
2026-06-05,0.023000000044703484
2026-06-09,0.024000000208616257
2026-06-10,0.023000000044703484
2026-06-11,0.024000000208616257
2026-06-12,0.023000000044703484
2026-06-15,0.02199999988079071
2026-06-16,0.020999999716877937
2026-06-17,0.019999999552965164
2026-06-18,0.019999999552965164
2026-06-19,0.019999999552965164
2026-06-22,0.019999999552965164
2026-06-23,0.01899999938905239
2026-06-24,0.01899999938905239
2026-06-25,0.019999999552965164
2026-06-26,0.017999999225139618
2026-06-29,0.01899999938905239
2026-06-30,0.017999999225139618
2026-07-01,0.01899999938905239
2026-07-02,0.01899999938905239
2026-07-03,0.020999999716877937
2026-07-06,0.01899999938905239
2026-07-07,0.019999999552965164
2026-07-08,0.019999999552965164
2026-07-09,0.020999999716877937
2026-07-10,0.019999999552965164
2026-07-13,0.017999999225139618
2026-07-14,0.01899999938905239
2026-07-15,0.019999999552965164
2026-07-16,0.017999999225139618
2026-07-17,0.019999999552965164
2026-07-20,0.019999999552965164
2026-07-21,0.020999999716877937
2026-07-22,0.01899999938905239
2026-07-23,0.01899999938905239
2026-07-24,0.019999999552965164
2026-07-27,0.019500000402331352
2026-07-28,0.019500000402331352
2026-07-29,0.019999999552965164
2026-07-30,0.019999999552965164
2026-07-31,0.019999999552965164
2026-08-03,0.01899999938905239
2026-08-04,0.019500000402331352
2026-08-05,0.019500000402331352
2026-08-06,0.01899999938905239
2026-08-07,0.01899999938905239
2026-08-10,0.019500000402331352
2026-08-11,0.01899999938905239
2026-08-12,0.019500000402331352
2026-08-13,0.01899999938905239
2026-08-14,0.01899999938905239
2026-08-17,0.01899999938905239
2026-08-18,0.01899999938905239
2026-08-19,0.019999999552965164
2026-08-20,0.019999999552965164
2026-08-21,0.019999999552965164
2026-08-24,0.01899999938905239
2026-08-25,0.01899999938905239
2026-08-26,0.019500000402331352
2026-08-27,0.01899999938905239
2026-08-28,0.01899999938905239
