Date,close
1996-09-30,1.929640293121338
1996-10-01,1.929640293121338
1996-10-02,1.929640293121338
1996-10-03,1.929640293121338
1996-10-04,1.929640293121338
1996-10-07,1.929640293121338
1996-10-08,1.929640293121338
1996-10-09,1.929640293121338
1996-10-10,1.929640293121338
1996-10-11,1.929640293121338
1996-10-14,1.929640293121338
1996-10-15,1.929640293121338
1996-10-16,1.929640293121338
1996-10-17,1.929640293121338
1996-10-18,1.929640293121338
1996-10-21,1.929640293121338
1996-10-22,1.929640293121338
1996-10-23,1.929640293121338
1996-10-24,1.929640293121338
1996-10-25,1.929640293121338
1996-10-28,1.929640293121338
1996-10-29,1.929640293121338
1996-10-30,1.929640293121338
1996-10-31,1.84192955493927
1996-11-01,1.84192955493927
1996-11-04,1.84192955493927
1996-11-05,1.84192955493927
1996-11-06,1.84192955493927
1996-11-07,1.84192955493927
1996-11-08,1.84192955493927
1996-11-11,1.84192955493927
1996-11-12,1.84192955493927
1996-11-13,1.84192955493927
1996-11-14,1.84192955493927
1996-11-15,1.84192955493927
1996-11-18,1.84192955493927
1996-11-19,1.84192955493927
1996-11-20,1.84192955493927
1996-11-21,1.84192955493927
1996-11-22,1.84192955493927
1996-11-25,1.84192955493927
1996-11-26,1.84192955493927
1996-11-27,1.84192955493927
1996-11-28,1.84192955493927
1996-11-29,3.0698821544647217
1996-12-02,3.0698821544647217
1996-12-03,3.0698821544647217
1996-12-04,3.0698821544647217
1996-12-05,3.0698821544647217
1996-12-06,3.0698821544647217
1996-12-09,3.0698821544647217
1996-12-10,3.0698821544647217
1996-12-11,3.0698821544647217
1996-12-12,3.0698821544647217
1996-12-13,3.0698821544647217
1996-12-16,3.0698821544647217
1996-12-17,3.0698821544647217
1996-12-18,3.0698821544647217
1996-12-19,3.0698821544647217
1996-12-20,3.0698821544647217
1996-12-23,3.0698821544647217
1996-12-24,3.0698821544647217
1996-12-25,3.0698821544647217
1996-12-26,3.0698821544647217
1996-12-27,3.0698821544647217
1996-12-30,3.0698821544647217
1996-12-31,4.166268348693848
1997-01-01,4.166268348693848
1997-01-02,4.166268348693848
1997-01-03,4.166268348693848
1997-01-06,4.166268348693848
1997-01-07,4.166268348693848
1997-01-08,4.166268348693848
1997-01-09,4.166268348693848
1997-01-10,4.166268348693848
1997-01-13,4.166268348693848
1997-01-14,4.166268348693848
1997-01-15,4.166268348693848
1997-01-16,4.166268348693848
1997-01-17,4.166268348693848
1997-01-20,4.166268348693848
1997-01-21,4.166268348693848
1997-01-22,4.166268348693848
1997-01-23,4.166268348693848
1997-01-24,4.166268348693848
1997-01-27,4.166268348693848
1997-01-28,4.166268348693848
1997-01-29,4.166268348693848
1997-01-30,4.166268348693848
1997-01-31,3.7277143001556396
1997-02-03,3.7277143001556396
1997-02-04,3.7277143001556396
1997-02-05,3.7277143001556396
1997-02-06,3.7277143001556396
1997-02-07,3.7277143001556396
1997-02-10,3.7277143001556396
1997-02-11,3.7277143001556396
1997-02-12,3.7277143001556396
1997-02-13,3.7277143001556396
1997-02-14,3.7277143001556396
1997-02-17,3.7277143001556396
1997-02-18,3.7277143001556396
1997-02-19,3.7277143001556396
1997-02-20,3.7277143001556396
1997-02-21,3.7277143001556396
1997-02-24,3.7277143001556396
1997-02-25,3.7277143001556396
1997-02-26,3.7277143001556396
1997-02-27,3.7277143001556396
1997-02-28,3.508436679840088
1997-03-03,3.508436679840088
1997-03-04,3.508436679840088
1997-03-05,3.508436679840088
1997-03-06,3.508436679840088
1997-03-07,3.508436679840088
1997-03-10,3.508436679840088
1997-03-11,3.508436679840088
1997-03-12,3.508436679840088
1997-03-13,3.508436679840088
1997-03-14,3.508436679840088
1997-03-17,3.508436679840088
1997-03-18,3.508436679840088
1997-03-19,3.508436679840088
1997-03-20,3.508436679840088
1997-03-21,3.508436679840088
1997-03-24,3.508436679840088
1997-03-25,3.508436679840088
1997-03-26,3.508436679840088
1997-03-27,2.8067498207092285
1997-03-28,2.8067498207092285
1997-03-31,2.8067498207092285
1997-04-01,2.8067498207092285
1997-04-02,2.8067498207092285
1997-04-03,2.8067498207092285
1997-04-04,2.8067498207092285
1997-04-07,2.8067498207092285
1997-04-08,2.8067498207092285
1997-04-09,2.8067498207092285
1997-04-10,2.8067498207092285
1997-04-11,2.8067498207092285
1997-04-14,2.8067498207092285
1997-04-15,2.8067498207092285
1997-04-16,2.8067498207092285
1997-04-17,2.8067498207092285
1997-04-18,2.8067498207092285
1997-04-21,2.8067498207092285
1997-04-22,2.8067498207092285
1997-04-23,2.8067498207092285
1997-04-24,2.8067498207092285
1997-04-25,2.8067498207092285
1997-04-28,2.8067498207092285
1997-04-29,2.8067498207092285
1997-04-30,2.368194580078125
1997-05-01,2.368194580078125
1997-05-02,2.368194580078125
1997-05-05,2.368194580078125
1997-05-06,2.368194580078125
1997-05-07,2.368194580078125
1997-05-08,2.368194580078125
1997-05-09,2.368194580078125
1997-05-12,2.368194580078125
1997-05-13,2.368194580078125
1997-05-14,2.368194580078125
1997-05-15,2.368194580078125
1997-05-16,2.368194580078125
1997-05-19,2.368194580078125
1997-05-20,2.368194580078125
1997-05-21,2.368194580078125
1997-05-22,2.368194580078125
1997-05-23,2.368194580078125
1997-05-26,2.368194580078125
1997-05-27,2.368194580078125
1997-05-28,2.368194580078125
1997-05-29,2.368194580078125
1997-05-30,2.7190380096435547
1997-06-02,2.7190380096435547
1997-06-03,2.7190380096435547
1997-06-04,2.7190380096435547
1997-06-05,2.7190380096435547
1997-06-06,2.7190380096435547
1997-06-09,2.7190380096435547
1997-06-10,2.7190380096435547
1997-06-11,2.7190380096435547
1997-06-12,2.7190380096435547
1997-06-13,2.7190380096435547
1997-06-16,2.7190380096435547
1997-06-17,2.7190380096435547
1997-06-18,2.7190380096435547
1997-06-19,2.7190380096435547
1997-06-20,2.7190380096435547
1997-06-23,2.7190380096435547
1997-06-24,2.7190380096435547
1997-06-25,2.7190380096435547
1997-06-26,2.7190380096435547
1997-06-27,2.7190380096435547
1997-06-30,2.2804837226867676
1997-07-01,2.2804837226867676
1997-07-02,2.2804837226867676
1997-07-03,2.2804837226867676
1997-07-04,2.2804837226867676
1997-07-07,2.2804837226867676
1997-07-08,2.2804837226867676
1997-07-09,2.2804837226867676
1997-07-10,2.2804837226867676
1997-07-11,2.2804837226867676
1997-07-14,2.2804837226867676
1997-07-15,2.2804837226867676
1997-07-16,2.2804837226867676
1997-07-17,2.2804837226867676
1997-07-18,2.2804837226867676
1997-07-21,2.2804837226867676
1997-07-22,2.2804837226867676
1997-07-23,2.2804837226867676
1997-07-24,2.2804837226867676
1997-07-25,2.2804837226867676
1997-07-28,2.2804837226867676
1997-07-29,2.2804837226867676
1997-07-30,2.2804837226867676
1997-07-31,1.62265145778656
1997-08-01,1.62265145778656
1997-08-04,1.62265145778656
1997-08-05,1.62265145778656
1997-08-06,1.62265145778656
1997-08-07,1.62265145778656
1997-08-08,1.62265145778656
1997-08-11,1.62265145778656
1997-08-12,1.62265145778656
1997-08-13,1.62265145778656
1997-08-14,1.62265145778656
1997-08-15,1.62265145778656
1997-08-18,1.62265145778656
1997-08-19,1.62265145778656
1997-08-20,1.62265145778656
1997-08-21,1.62265145778656
1997-08-22,1.62265145778656
1997-08-25,1.62265145778656
1997-08-26,1.62265145778656
1997-08-27,1.62265145778656
1997-08-28,1.62265145778656
1997-08-29,1.4033743143081665
1997-09-01,1.4033743143081665
1997-09-02,1.4033743143081665
1997-09-03,1.4033743143081665
1997-09-04,1.4033743143081665
1997-09-05,1.4033743143081665
1997-09-08,1.4033743143081665
1997-09-09,1.4033743143081665
1997-09-10,1.4033743143081665
1997-09-11,1.4033743143081665
1997-09-12,1.4033743143081665
1997-09-15,1.4033743143081665
1997-09-16,1.4033743143081665
1997-09-17,1.4033743143081665
1997-09-18,1.4033743143081665
1997-09-19,1.4033743143081665
1997-09-22,1.4033743143081665
1997-09-23,1.4033743143081665
1997-09-24,1.4033743143081665
1997-09-25,1.4033743143081665
1997-09-26,1.4033743143081665
1997-09-29,1.4033743143081665
1997-09-30,1.4033743143081665
1997-10-01,1.4033743143081665
1997-10-02,1.4033743143081665
1997-10-03,1.4033743143081665
1997-10-06,1.4033743143081665
1997-10-07,1.4033743143081665
1997-10-08,1.4033743143081665
1997-10-09,1.4033743143081665
1997-10-10,1.4033743143081665
1997-10-13,1.4033743143081665
1997-10-14,1.4033743143081665
1997-10-15,1.4033743143081665
1997-10-16,1.4033743143081665
1997-10-17,1.4033743143081665
1997-10-20,1.4033743143081665
1997-10-21,1.4033743143081665
1997-10-22,1.4033743143081665
1997-10-23,1.4033743143081665
1997-10-24,1.4033743143081665
1997-10-27,1.4033743143081665
1997-10-28,1.4033743143081665
1997-10-29,1.4033743143081665
1997-10-30,1.4033743143081665
1997-10-31,1.2279527187347412
1997-11-03,1.2279527187347412
1997-11-04,1.2279527187347412
1997-11-05,1.2279527187347412
1997-11-06,1.2279527187347412
1997-11-07,1.2279527187347412
1997-11-10,1.2279527187347412
1997-11-11,1.2279527187347412
1997-11-12,1.2279527187347412
1997-11-13,1.2279527187347412
1997-11-14,1.2279527187347412
1997-11-17,1.2279527187347412
1997-11-18,1.2279527187347412
1997-11-19,1.2279527187347412
1997-11-20,1.2279527187347412
1997-11-21,1.2279527187347412
1997-11-24,1.2279527187347412
1997-11-25,1.2279527187347412
1997-11-26,1.2279527187347412
1997-11-27,1.2279527187347412
1997-11-28,1.0525310039520264
1997-12-01,1.0525310039520264
1997-12-02,1.0525310039520264
1997-12-03,1.0525310039520264
1997-12-04,1.0525310039520264
1997-12-05,1.0525310039520264
1997-12-08,1.0525310039520264
1997-12-09,1.0525310039520264
1997-12-10,1.0525310039520264
1997-12-11,1.0525310039520264
1997-12-12,1.0525310039520264
1997-12-15,1.0525310039520264
1997-12-16,1.0525310039520264
1997-12-17,1.0525310039520264
1997-12-18,1.0525310039520264
1997-12-19,1.0525310039520264
1997-12-22,1.0525310039520264
1997-12-23,1.0525310039520264
1997-12-24,1.0525310039520264
1997-12-25,1.0525310039520264
1997-12-26,1.0525310039520264
1997-12-29,1.0525310039520264
1997-12-30,1.0525310039520264
1997-12-31,1.3156635761260986
1998-01-01,1.3156635761260986
1998-01-02,1.3156635761260986
1998-01-05,1.3156635761260986
1998-01-06,1.3156635761260986
1998-01-07,1.3156635761260986
1998-01-08,1.3156635761260986
1998-01-09,1.3156635761260986
1998-01-12,1.3156635761260986
1998-01-13,1.3156635761260986
1998-01-14,1.3156635761260986
1998-01-15,1.3156635761260986
1998-01-16,1.3156635761260986
1998-01-19,1.3156635761260986
1998-01-20,1.3156635761260986
1998-01-21,1.3156635761260986
1998-01-22,1.3156635761260986
1998-01-23,1.3156635761260986
1998-01-26,1.3156635761260986
1998-01-27,1.3156635761260986
1998-01-28,1.3156635761260986
1998-01-29,1.3156635761260986
1998-01-30,1.4910852909088135
1998-02-02,1.4910852909088135
1998-02-03,1.4910852909088135
1998-02-04,1.4910852909088135
1998-02-05,1.4910852909088135
1998-02-06,1.4910852909088135
1998-02-09,1.4910852909088135
1998-02-10,1.4910852909088135
1998-02-11,1.4910852909088135
1998-02-12,1.4910852909088135
1998-02-13,1.4910852909088135
1998-02-16,1.4910852909088135
1998-02-17,1.4910852909088135
1998-02-18,1.4910852909088135
1998-02-19,1.4910852909088135
1998-02-20,1.4910852909088135
1998-02-23,1.4910852909088135
1998-02-24,1.4910852909088135
1998-02-25,1.4910852909088135
1998-02-26,1.4910852909088135
1998-02-27,1.1402418613433838
1998-03-02,1.1402418613433838
1998-03-03,1.1402418613433838
1998-03-04,1.1402418613433838
1998-03-05,1.1402418613433838
1998-03-06,1.1402418613433838
1998-03-09,1.1402418613433838
1998-03-10,1.1402418613433838
1998-03-11,1.1402418613433838
1998-03-12,1.1402418613433838
1998-03-13,1.1402418613433838
1998-03-16,1.1402418613433838
1998-03-17,1.1402418613433838
1998-03-18,1.1402418613433838
1998-03-19,1.1402418613433838
1998-03-20,1.1402418613433838
1998-03-23,1.1402418613433838
1998-03-24,1.1402418613433838
1998-03-25,1.1402418613433838
1998-03-26,1.1402418613433838
1998-03-27,1.1402418613433838
1998-03-30,1.1402418613433838
1998-03-31,1.0086755752563477
1998-04-01,1.0086755752563477
1998-04-02,1.0086755752563477
1998-04-03,1.0086755752563477
1998-04-06,1.0086755752563477
1998-04-07,1.0086755752563477
1998-04-08,1.0086755752563477
1998-04-09,1.0086755752563477
1998-04-10,1.0086755752563477
1998-04-13,1.0086755752563477
1998-04-14,1.0086755752563477
1998-04-15,1.0086755752563477
1998-04-16,1.0086755752563477
1998-04-17,1.0086755752563477
1998-04-20,1.0086755752563477
1998-04-21,1.0086755752563477
1998-04-22,1.0086755752563477
1998-04-23,1.0086755752563477
1998-04-24,1.0086755752563477
1998-04-27,1.0086755752563477
1998-04-28,1.0086755752563477
1998-04-29,1.0086755752563477
1998-04-30,1.0086755752563477
1998-05-01,1.0086755752563477
1998-05-04,1.0086755752563477
1998-05-05,1.0086755752563477
1998-05-06,1.0086755752563477
1998-05-07,1.0086755752563477
1998-05-08,1.0086755752563477
1998-05-11,1.0086755752563477
1998-05-12,1.0086755752563477
1998-05-13,1.0086755752563477
1998-05-14,1.0086755752563477
1998-05-15,1.0086755752563477
1998-05-18,1.0086755752563477
1998-05-19,1.0086755752563477
1998-05-20,1.0086755752563477
1998-05-21,1.0086755752563477
1998-05-22,1.0086755752563477
1998-05-25,1.0086755752563477
1998-05-26,1.0086755752563477
1998-05-27,1.0086755752563477
1998-05-28,1.0086755752563477
1998-05-29,1.0086755752563477
1998-06-01,1.0086755752563477
1998-06-02,1.0086755752563477
1998-06-03,1.0086755752563477
1998-06-04,1.0086755752563477
1998-06-05,1.0086755752563477
1998-06-08,1.0086755752563477
1998-06-09,1.0086755752563477
1998-06-10,1.0086755752563477
1998-06-11,1.0086755752563477
1998-06-12,1.0086755752563477
1998-06-15,1.0086755752563477
1998-06-16,1.0086755752563477
1998-06-17,1.0086755752563477
1998-06-18,1.0086755752563477
1998-06-19,1.0086755752563477
1998-06-22,1.0086755752563477
1998-06-23,1.0086755752563477
1998-06-24,1.0086755752563477
1998-06-25,1.0086755752563477
1998-06-26,1.0086755752563477
1998-06-29,1.0086755752563477
1998-06-30,0.6841451525688171
1998-07-01,0.6841451525688171
1998-07-02,0.6841451525688171
1998-07-03,0.6841451525688171
1998-07-06,0.6841451525688171
1998-07-07,0.6841451525688171
1998-07-08,0.6841451525688171
1998-07-09,0.6841451525688171
1998-07-10,0.6841451525688171
1998-07-13,0.6841451525688171
1998-07-14,0.6841451525688171
1998-07-15,0.6841451525688171
1998-07-16,0.6841451525688171
1998-07-17,0.6841451525688171
1998-07-20,0.6841451525688171
1998-07-21,0.6841451525688171
1998-07-22,0.6841451525688171
1998-07-23,0.6841451525688171
1998-07-24,0.6841451525688171
1998-07-27,0.6841451525688171
1998-07-28,0.6841451525688171
1998-07-29,0.6841451525688171
1998-07-30,0.6841451525688171
1998-07-31,0.7104580402374268
1998-08-03,0.7104580402374268
1998-08-04,0.7104580402374268
1998-08-05,0.7104580402374268
1998-08-06,0.7104580402374268
1998-08-07,0.7104580402374268
1998-08-10,0.7104580402374268
1998-08-11,0.7104580402374268
1998-08-12,0.7104580402374268
1998-08-13,0.7104580402374268
1998-08-14,0.7104580402374268
1998-08-17,0.7104580402374268
1998-08-18,0.7104580402374268
1998-08-19,0.7104580402374268
1998-08-20,0.7104580402374268
1998-08-21,0.7104580402374268
1998-08-24,0.7104580402374268
1998-08-25,0.7104580402374268
1998-08-26,0.7104580402374268
1998-08-27,0.7104580402374268
1998-08-28,0.7104580402374268
1998-08-31,0.6315184235572815
1998-09-01,0.6315184235572815
1998-09-02,0.6315184235572815
1998-09-03,0.6315184235572815
1998-09-04,0.6315184235572815
1998-09-07,0.6315184235572815
1998-09-08,0.6315184235572815
1998-09-09,0.6315184235572815
1998-09-10,0.6315184235572815
1998-09-11,0.6315184235572815
1998-09-14,0.6315184235572815
1998-09-15,0.6315184235572815
1998-09-16,0.6315184235572815
1998-09-17,0.6315184235572815
1998-09-18,0.6315184235572815
1998-09-21,0.6315184235572815
1998-09-22,0.6315184235572815
1998-09-23,0.6315184235572815
1998-09-24,0.6315184235572815
1998-09-25,0.6315184235572815
1998-09-28,0.6315184235572815
1998-09-29,0.6315184235572815
1998-09-30,0.6402896642684937
1998-10-01,0.6402896642684937
1998-10-02,0.6402896642684937
1998-10-05,0.6402896642684937
1998-10-06,0.6402896642684937
1998-10-07,0.6402896642684937
1998-10-08,0.6402896642684937
1998-10-09,0.6402896642684937
1998-10-12,0.6402896642684937
1998-10-13,0.6402896642684937
1998-10-14,0.6402896642684937
1998-10-15,0.6402896642684937
1998-10-16,0.6402896642684937
1998-10-19,0.6402896642684937
1998-10-20,0.6402896642684937
1998-10-21,0.6402896642684937
1998-10-22,0.6402896642684937
1998-10-23,0.6402896642684937
1998-10-26,0.6402896642684937
1998-10-27,0.6402896642684937
1998-10-28,0.6402896642684937
1998-10-29,0.6402896642684937
1998-10-30,0.833253026008606
1998-11-02,0.833253026008606
1998-11-03,0.833253026008606
1998-11-04,0.833253026008606
1998-11-05,0.833253026008606
1998-11-06,0.833253026008606
1998-11-09,0.833253026008606
1998-11-10,0.833253026008606
1998-11-11,0.833253026008606
1998-11-12,0.833253026008606
1998-11-13,0.833253026008606
1998-11-16,0.833253026008606
1998-11-17,0.833253026008606
1998-11-18,0.833253026008606
1998-11-19,0.833253026008606
1998-11-20,0.833253026008606
1998-11-23,0.833253026008606
1998-11-24,0.833253026008606
1998-11-25,0.833253026008606
1998-11-26,0.833253026008606
1998-11-27,0.833253026008606
1998-11-30,0.8771084547042847
1998-12-01,0.8771084547042847
1998-12-02,0.8771084547042847
1998-12-03,0.8771084547042847
1998-12-04,0.8771084547042847
1998-12-07,0.8771084547042847
1998-12-08,0.8771084547042847
1998-12-09,0.8771084547042847
1998-12-10,0.8771084547042847
1998-12-11,0.8771084547042847
1998-12-14,0.8771084547042847
1998-12-15,0.8771084547042847
1998-12-16,0.8771084547042847
1998-12-17,0.8771084547042847
1998-12-18,0.8771084547042847
1998-12-21,0.8771084547042847
1998-12-22,0.8771084547042847
1998-12-23,0.8771084547042847
1998-12-24,0.8771084547042847
1998-12-25,0.8771084547042847
1998-12-28,0.8771084547042847
1998-12-29,0.8771084547042847
1998-12-30,0.8771084547042847
1998-12-31,0.7893975973129272
1999-01-04,0.3946987986564636
1999-01-05,0.3946987986564636
1999-01-06,0.3859274983406067
1999-01-07,0.3859274983406067
1999-01-08,0.3946987986564636
1999-01-11,0.3946987986564636
1999-01-12,0.3946987986564636
1999-01-13,0.37715625762939453
1999-01-14,0.37715625762939453
1999-01-15,0.37715625762939453
1999-01-18,0.37715625762939453
1999-01-19,0.37715625762939453
1999-01-20,0.37715625762939453
1999-01-21,0.37715625762939453
1999-01-22,0.37715625762939453
1999-01-25,0.37277060747146606
1999-01-26,0.37277060747146606
1999-01-27,0.37277060747146606
1999-01-28,0.37277060747146606
1999-01-29,0.37277060747146606
1999-02-01,0.37277060747146606
1999-02-02,0.5043377876281738
1999-02-03,0.5043377876281738
1999-02-04,0.5043377876281738
1999-02-05,0.48240962624549866
1999-02-08,0.48240962624549866
1999-02-09,0.43855422735214233
1999-02-10,0.37715625762939453
1999-02-11,0.37715625762939453
1999-02-12,0.5043377876281738
1999-02-15,0.5043377876281738
1999-02-16,0.5043377876281738
1999-02-17,0.5043377876281738
1999-02-18,0.48240962624549866
1999-02-19,0.48240962624549866
1999-02-22,0.4604823887348175
1999-02-23,0.48240962624549866
1999-02-24,0.48240962624549866
1999-02-25,0.43855422735214233
1999-02-26,0.48240962624549866
1999-03-01,0.48240962624549866
1999-03-02,0.526265025138855
1999-03-03,0.5043377876281738
1999-03-04,0.48240962624549866
1999-03-05,0.5043377876281738
1999-03-08,0.5043377876281738
1999-03-09,0.5043377876281738
1999-03-10,0.5481931567192078
1999-03-11,0.526265025138855
1999-03-12,0.5481931567192078
1999-03-15,0.48240962624549866
1999-03-16,0.4604823887348175
1999-03-17,0.4604823887348175
1999-03-18,0.4604823887348175
1999-03-19,0.4604823887348175
1999-03-22,0.4604823887348175
1999-03-23,0.4604823887348175
1999-03-24,0.4604823887348175
1999-03-25,0.4604823887348175
1999-03-26,0.5701205134391785
1999-03-29,0.5701205134391785
1999-03-30,0.43855422735214233
1999-03-31,0.3946987986564636
1999-04-01,0.37715625762939453
1999-04-02,0.37715625762939453
1999-04-05,0.37715625762939453
1999-04-06,0.37715625762939453
1999-04-07,0.43855422735214233
1999-04-08,0.43855422735214233
1999-04-09,0.43855422735214233
1999-04-12,0.37715625762939453
1999-04-13,0.37715625762939453
1999-04-14,0.37715625762939453
1999-04-15,0.3508433699607849
1999-04-16,0.37715625762939453
1999-04-19,0.43855422735214233
1999-04-20,0.3946987986564636
1999-04-21,0.4166260361671448
1999-04-22,0.43855422735214233
1999-04-23,0.43855422735214233
1999-04-26,0.43855422735214233
1999-04-27,0.3946987986564636
1999-04-28,0.3552290201187134
1999-04-29,0.37277060747146606
1999-04-30,0.37277060747146606
1999-05-03,0.381541907787323
1999-05-04,0.5481931567192078
1999-05-05,0.5043377876281738
1999-05-06,0.48240962624549866
1999-05-07,0.3990844190120697
1999-05-10,0.37715625762939453
1999-05-11,0.37277060747146606
1999-05-12,0.37277060747146606
1999-05-13,0.37277060747146606
1999-05-14,0.37715625762939453
1999-05-17,0.37715625762939453
1999-05-18,0.37715625762939453
1999-05-19,0.37277060747146606
1999-05-20,0.37277060747146606
1999-05-21,0.37277060747146606
1999-05-24,0.37277060747146606
1999-05-25,0.37277060747146606
1999-05-26,0.37277060747146606
1999-05-27,0.3640002906322479
1999-05-28,0.3640002906322479
1999-05-31,0.3640002906322479
1999-06-01,0.3508433699607849
1999-06-02,0.3508433699607849
1999-06-03,0.3508433699607849
1999-06-04,0.3508433699607849
1999-06-07,0.3508433699607849
1999-06-08,0.3508433699607849
1999-06-09,0.37277060747146606
1999-06-10,0.3508433699607849
1999-06-11,0.3069879412651062
1999-06-14,0.3069879412651062
1999-06-15,0.3069879412651062
1999-06-16,0.3069879412651062
1999-06-17,0.2894454002380371
1999-06-18,0.2894454002380371
1999-06-21,0.3508433699607849
1999-06-22,0.4604823887348175
1999-06-23,0.3508433699607849
1999-06-24,0.2938310503959656
1999-06-25,0.2894454002380371
1999-06-28,0.29821670055389404
1999-06-29,0.3069879412651062
1999-06-30,0.3069879412651062
1999-07-01,0.3069879412651062
1999-07-02,0.3069879412651062
1999-07-05,0.3069879412651062
1999-07-06,0.3069879412651062
1999-07-07,0.30260229110717773
1999-07-08,0.30260229110717773
1999-07-09,0.30260229110717773
1999-07-12,0.30260229110717773
1999-07-13,0.32891517877578735
1999-07-14,0.32891517877578735
1999-07-15,0.32891517877578735
1999-07-16,0.32891517877578735
1999-07-19,0.3333008289337158
1999-07-20,0.3333008289337158
1999-07-21,0.3333008289337158
1999-07-22,0.3333008289337158
1999-07-23,0.3333008289337158
1999-07-26,0.3333008289337158
1999-07-27,0.3333008289337158
1999-07-28,0.3333008289337158
1999-07-29,0.3333008289337158
1999-07-30,0.3508433699607849
1999-08-02,0.3508433699607849
1999-08-03,0.3333008289337158
1999-08-04,0.3333008289337158
1999-08-05,0.3333008289337158
1999-08-06,0.3333008289337158
1999-08-09,0.3508433699607849
1999-08-10,0.3508433699607849
1999-08-11,0.3508433699607849
1999-08-12,0.3508433699607849
1999-08-13,0.3508433699607849
1999-08-16,0.3508433699607849
1999-08-17,0.3508433699607849
1999-08-18,0.3333008289337158
1999-08-19,0.3333008289337158
1999-08-20,0.3333008289337158
1999-08-23,0.3508433699607849
1999-08-24,0.3508433699607849
1999-08-25,0.3508433699607849
1999-08-26,0.3552290201187134
1999-08-27,0.3552290201187134
1999-08-30,0.3552290201187134
1999-08-31,0.3552290201187134
1999-09-01,0.3552290201187134
1999-09-02,0.3552290201187134
1999-09-03,0.3552290201187134
1999-09-06,0.3552290201187134
1999-09-07,0.3552290201187134
1999-09-08,0.3552290201187134
1999-09-09,0.3552290201187134
1999-09-10,0.3552290201187134
1999-09-13,0.3552290201187134
1999-09-14,0.3552290201187134
1999-09-15,0.3552290201187134
1999-09-16,0.3552290201187134
1999-09-17,0.3552290201187134
1999-09-20,0.3552290201187134
1999-09-21,0.3552290201187134
1999-09-22,0.3508433699607849
1999-09-23,0.3508433699607849
1999-09-24,0.3508433699607849
1999-09-27,0.3508433699607849
1999-09-28,0.3508433699607849
1999-09-29,0.3946987986564636
1999-09-30,0.3946987986564636
1999-10-01,0.3508433699607849
1999-10-04,0.3508433699607849
1999-10-05,0.3508433699607849
1999-10-06,0.43855422735214233
1999-10-07,0.43855422735214233
1999-10-08,0.4297829568386078
1999-10-11,0.4297829568386078
1999-10-12,0.4297829568386078
1999-10-13,0.3508433699607849
1999-10-14,0.3508433699607849
1999-10-15,0.3508433699607849
1999-10-18,0.3508433699607849
1999-10-19,0.3508433699607849
1999-10-20,0.3508433699607849
1999-10-21,0.3552290201187134
1999-10-22,0.3552290201187134
1999-10-25,0.3552290201187134
1999-10-26,0.3552290201187134
1999-10-27,0.3552290201187134
1999-10-28,0.3552290201187134
1999-10-29,0.3552290201187134
1999-11-01,0.3552290201187134
1999-11-02,0.3552290201187134
1999-11-03,0.3640002906322479
1999-11-04,0.3640002906322479
1999-11-05,0.35961461067199707
1999-11-08,0.3552290201187134
1999-11-09,0.3946987986564636
1999-11-10,0.3946987986564636
1999-11-11,0.37277060747146606
1999-11-12,0.368385910987854
1999-11-15,0.368385910987854
1999-11-16,0.368385910987854
1999-11-17,0.368385910987854
1999-11-18,0.368385910987854
1999-11-19,0.35961461067199707
1999-11-22,0.3640002906322479
1999-11-23,0.3640002906322479
1999-11-24,0.3640002906322479
1999-11-25,0.3946987986564636
1999-11-26,0.43855422735214233
1999-11-29,0.43855422735214233
1999-11-30,0.3946987986564636
1999-12-01,0.368385910987854
1999-12-02,0.3946987986564636
1999-12-03,0.368385910987854
1999-12-06,0.368385910987854
1999-12-07,0.3946987986564636
1999-12-08,0.3946987986564636
1999-12-09,0.3946987986564636
1999-12-10,0.48240962624549866
1999-12-13,0.43855422735214233
1999-12-14,0.4166260361671448
1999-12-15,0.4166260361671448
1999-12-16,0.4166260361671448
1999-12-17,0.4166260361671448
1999-12-20,0.4166260361671448
1999-12-21,0.4166260361671448
1999-12-22,0.4166260361671448
1999-12-23,0.4166260361671448
1999-12-24,0.4166260361671448
1999-12-27,0.4166260361671448
1999-12-28,0.4166260361671448
1999-12-29,0.4166260361671448
1999-12-30,0.4166260361671448
1999-12-31,0.4166260361671448
2000-01-03,0.4166260361671448
2000-01-04,0.061105091124773026
2000-01-05,0.061105091124773026
2000-01-06,0.061105091124773026
2000-01-07,0.05788908526301384
2000-01-10,0.05788908526301384
2000-01-11,0.0675371065735817
2000-01-12,0.07718513906002045
2000-01-13,0.07075311988592148
2000-01-14,0.0868331640958786
2000-01-17,0.07075311988592148
2000-01-18,0.09004917740821838
2000-01-19,0.0868331640958786
2000-01-20,0.10291413217782974
2000-01-21,0.09004917740821838
2000-01-24,0.07075311988592148
2000-01-25,0.07396912574768066
2000-01-26,0.07396912574768066
2000-01-27,0.07396912574768066
2000-01-28,0.07718513906002045
2000-01-31,0.07075311988592148
2000-02-01,0.09326518326997757
2000-02-02,0.09326518326997757
2000-02-03,0.07396912574768066
2000-02-04,0.0868331640958786
2000-02-07,0.0868331640958786
2000-02-08,0.08040114492177963
2000-02-09,0.08361715078353882
2000-02-10,0.08361715078353882
2000-02-11,0.08361715078353882
2000-02-14,0.0868331640958786
2000-02-15,0.09004917740821838
2000-02-16,0.09969719499349594
2000-02-17,0.09648118168115616
2000-02-18,0.1125621497631073
2000-02-21,0.10291413217782974
2000-02-22,0.12221018224954605
2000-02-23,0.12221018224954605
2000-02-24,0.11899417638778687
2000-02-25,0.12542618811130524
2000-02-28,0.11577817052602768
2000-02-29,0.11577817052602768
2000-03-01,0.11577817052602768
2000-03-02,0.10934614390134811
2000-03-03,0.10934614390134811
2000-03-06,0.10934614390134811
2000-03-07,0.09969719499349594
2000-03-08,0.09969719499349594
2000-03-09,0.09648118168115616
2000-03-10,0.09326518326997757
2000-03-13,0.10291413217782974
2000-03-14,0.10613013803958893
2000-03-15,0.10934614390134811
2000-03-16,0.11577817052602768
2000-03-17,0.11577817052602768
2000-03-20,0.10934614390134811
2000-03-21,0.10934614390134811
2000-03-22,0.10934614390134811
2000-03-23,0.10934614390134811
2000-03-24,0.10613013803958893
2000-03-27,0.10613013803958893
2000-03-28,0.10291413217782974
2000-03-29,0.1125621497631073
2000-03-30,0.10291413217782974
2000-03-31,0.10934614390134811
2000-04-03,0.10934614390134811
2000-04-04,0.09004917740821838
2000-04-05,0.09004917740821838
2000-04-06,0.07075311988592148
2000-04-07,0.08361715078353882
2000-04-10,0.0868331640958786
2000-04-11,0.08040114492177963
2000-04-12,0.0868331640958786
2000-04-13,0.08040114492177963
2000-04-14,0.06432109326124191
2000-04-17,0.05788908526301384
2000-04-18,0.061105091124773026
2000-04-19,0.07718513906002045
2000-04-20,0.07718513906002045
2000-04-21,0.07718513906002045
2000-04-24,0.07718513906002045
2000-04-25,0.07718513906002045
2000-04-26,0.061105091124773026
2000-04-27,0.061105091124773026
2000-04-28,0.07718513906002045
2000-05-01,0.0675371065735817
2000-05-02,0.06432109326124191
2000-05-03,0.061105091124773026
2000-05-04,0.05917475372552872
2000-05-05,0.05467307195067406
2000-05-08,0.055958740413188934
2000-05-09,0.055958740413188934
2000-05-10,0.05853191763162613
2000-05-11,0.05788908526301384
2000-05-12,0.05788908526301384
2000-05-15,0.055315908044576645
2000-05-16,0.055958740413188934
2000-05-17,0.055958740413188934
2000-05-18,0.05467307195067406
2000-05-19,0.05402931571006775
2000-05-22,0.05145706608891487
2000-05-23,0.05145706608891487
2000-05-24,0.05145706608891487
2000-05-25,0.05145706608891487
2000-05-26,0.05145706608891487
2000-05-29,0.05145706608891487
2000-05-30,0.043738462030887604
2000-05-31,0.04824013262987137
2000-06-01,0.05467307195067406
2000-06-02,0.04824013262987137
2000-06-05,0.04824013262987137
2000-06-06,0.049526721239089966
2000-06-07,0.049526721239089966
2000-06-08,0.049526721239089966
2000-06-09,0.05145706608891487
2000-06-12,0.05145706608891487
2000-06-13,0.05209989845752716
2000-06-14,0.05209989845752716
2000-06-15,0.05209989845752716
2000-06-16,0.05209989845752716
2000-06-19,0.05145706608891487
2000-06-20,0.05145706608891487
2000-06-21,0.05145706608891487
2000-06-22,0.05145706608891487
2000-06-23,0.04824013262987137
2000-06-26,0.04824013262987137
2000-06-27,0.04566787928342819
2000-06-28,0.04695446416735649
2000-06-29,0.049526721239089966
2000-06-30,0.04631071537733078
2000-07-03,0.04631071537733078
2000-07-04,0.04631071537733078
2000-07-05,0.04695446416735649
2000-07-06,0.04695446416735649
2000-07-07,0.06432109326124191
2000-07-10,0.0675371065735817
2000-07-11,0.0675371065735817
2000-07-12,0.06432109326124191
2000-07-13,0.06432109326124191
2000-07-14,0.05853191763162613
2000-07-17,0.05788908526301384
2000-07-18,0.07396912574768066
2000-07-19,0.061105091124773026
2000-07-20,0.07718513906002045
2000-07-21,0.0675371065735817
2000-07-24,0.06432109326124191
2000-07-25,0.07718513906002045
2000-07-26,0.06432109326124191
2000-07-27,0.06432109326124191
2000-07-28,0.06432109326124191
2000-07-31,0.06432109326124191
2000-08-01,0.07396912574768066
2000-08-02,0.0675371065735817
2000-08-03,0.0675371065735817
2000-08-04,0.0675371065735817
2000-08-07,0.07396912574768066
2000-08-08,0.07396912574768066
2000-08-09,0.07075311988592148
2000-08-10,0.07075311988592148
2000-08-11,0.07075311988592148
2000-08-14,0.07075311988592148
2000-08-15,0.0675371065735817
2000-08-16,0.07396912574768066
2000-08-17,0.0675371065735817
2000-08-18,0.07396912574768066
2000-08-21,0.0675371065735817
2000-08-22,0.0675371065735817
2000-08-23,0.0675371065735817
2000-08-24,0.0675371065735817
2000-08-25,0.062391676008701324
2000-08-28,0.06432109326124191
2000-08-29,0.06432109326124191
2000-08-30,0.06432109326124191
2000-08-31,0.06432109326124191
2000-09-01,0.06432109326124191
2000-09-04,0.06432109326124191
2000-09-05,0.06432109326124191
2000-09-06,0.062391676008701324
2000-09-07,0.06303451210260391
2000-09-08,0.06303451210260391
2000-09-11,0.06303451210260391
2000-09-12,0.06303451210260391
2000-09-13,0.0636773407459259
2000-09-14,0.06303451210260391
2000-09-15,0.06303451210260391
2000-09-18,0.06303451210260391
2000-09-19,0.05467307195067406
2000-09-20,0.05853191763162613
2000-09-21,0.061105091124773026
2000-09-22,0.05209989845752716
2000-09-25,0.05274273082613945
2000-09-26,0.05402931571006775
2000-09-27,0.05402931571006775
2000-09-28,0.055315908044576645
2000-09-29,0.055315908044576645
2000-10-02,0.055315908044576645
2000-10-03,0.055315908044576645
2000-10-04,0.055315908044576645
2000-10-05,0.055315908044576645
2000-10-06,0.055315908044576645
2000-10-09,0.055315908044576645
2000-10-10,0.055315908044576645
2000-10-11,0.055315908044576645
2000-10-12,0.055315908044576645
2000-10-13,0.05145706608891487
2000-10-16,0.055315908044576645
2000-10-17,0.055315908044576645
2000-10-18,0.055315908044576645
2000-10-19,0.05338648706674576
2000-10-20,0.05338648706674576
2000-10-23,0.05274273082613945
2000-10-24,0.05274273082613945
2000-10-25,0.05338648706674576
2000-10-26,0.05338648706674576
2000-10-27,0.05467307195067406
2000-10-30,0.05467307195067406
2000-10-31,0.05467307195067406
2000-11-01,0.055315908044576645
2000-11-02,0.05338648706674576
2000-11-03,0.05338648706674576
2000-11-06,0.05467307195067406
2000-11-07,0.05467307195067406
2000-11-08,0.055958740413188934
2000-11-09,0.05853191763162613
2000-11-10,0.05853191763162613
2000-11-13,0.05788908526301384
2000-11-14,0.06303451210260391
2000-11-15,0.06303451210260391
2000-11-16,0.07718513906002045
2000-11-17,0.07718513906002045
2000-11-20,0.07718513906002045
2000-11-21,0.061105091124773026
2000-11-22,0.07718513906002045
2000-11-23,0.06432109326124191
2000-11-24,0.07075311988592148
2000-11-27,0.07075311988592148
2000-11-28,0.06432109326124191
2000-11-29,0.06432109326124191
2000-11-30,0.062391676008701324
2000-12-01,0.061105091124773026
2000-12-04,0.061747923493385315
2000-12-05,0.06432109326124191
2000-12-06,0.0675371065735817
2000-12-07,0.06432109326124191
2000-12-08,0.06432109326124191
2000-12-11,0.06432109326124191
2000-12-12,0.06432109326124191
2000-12-13,0.061747923493385315
2000-12-14,0.05853191763162613
2000-12-15,0.05853191763162613
2000-12-18,0.05788908526301384
2000-12-19,0.05788908526301384
2000-12-20,0.05467307195067406
2000-12-21,0.05467307195067406
2000-12-22,0.055315908044576645
2000-12-25,0.055315908044576645
2000-12-26,0.055315908044576645
2000-12-27,0.055315908044576645
2000-12-28,0.055315908044576645
2000-12-29,0.055315908044576645
2001-01-01,0.055315908044576645
2001-01-02,0.055958740413188934
2001-01-03,0.055958740413188934
2001-01-04,0.055958740413188934
2001-01-05,0.055958740413188934
2001-01-08,0.05788908526301384
2001-01-09,0.05788908526301384
2001-01-10,0.05467307195067406
2001-01-11,0.04631071537733078
2001-01-12,0.04695446416735649
2001-01-15,0.05145706608891487
2001-01-16,0.05145706608891487
2001-01-17,0.05145706608891487
2001-01-18,0.05145706608891487
2001-01-19,0.05467307195067406
2001-01-22,0.05467307195067406
2001-01-23,0.05467307195067406
2001-01-24,0.05724532529711723
2001-01-25,0.05145706608891487
2001-01-26,0.05145706608891487
2001-01-29,0.05209989845752716
2001-01-30,0.05209989845752716
2001-01-31,0.05209989845752716
2001-02-01,0.05209989845752716
2001-02-02,0.05209989845752716
2001-02-05,0.05209989845752716
2001-02-06,0.04759730026125908
2001-02-07,0.048883888870477676
2001-02-08,0.048883888870477676
2001-02-09,0.050170477479696274
2001-02-12,0.050170477479696274
2001-02-13,0.05145706608891487
2001-02-14,0.05145706608891487
2001-02-15,0.050170477479696274
2001-02-16,0.050170477479696274
2001-02-19,0.05145706608891487
2001-02-20,0.05145706608891487
2001-02-21,0.05145706608891487
2001-02-22,0.04824013262987137
2001-02-23,0.05209989845752716
2001-02-26,0.061105091124773026
2001-02-27,0.05209989845752716
2001-02-28,0.05209989845752716
2001-03-01,0.05145706608891487
2001-03-02,0.05145706608891487
2001-03-05,0.05145706608891487
2001-03-06,0.05145706608891487
2001-03-07,0.05145706608891487
2001-03-08,0.05145706608891487
2001-03-09,0.04695446416735649
2001-03-12,0.050170477479696274
2001-03-13,0.049526721239089966
2001-03-14,0.049526721239089966
2001-03-15,0.048883888870477676
2001-03-16,0.048883888870477676
2001-03-19,0.04824013262987137
2001-03-20,0.04824013262987137
2001-03-21,0.04695446416735649
2001-03-22,0.04502412676811218
2001-03-23,0.04502412676811218
2001-03-26,0.04502412676811218
2001-03-27,0.04502412676811218
2001-03-28,0.04502412676811218
2001-03-29,0.04502412676811218
2001-03-30,0.04695446416735649
2001-04-02,0.04695446416735649
2001-04-03,0.04502412676811218
2001-04-04,0.04695446416735649
2001-04-05,0.04502412676811218
2001-04-06,0.04502412676811218
2001-04-09,0.04502412676811218
2001-04-10,0.04695446416735649
2001-04-11,0.04695446416735649
2001-04-12,0.04695446416735649
2001-04-13,0.04695446416735649
2001-04-16,0.04695446416735649
2001-04-17,0.04695446416735649
2001-04-18,0.04824013262987137
2001-04-19,0.04824013262987137
2001-04-20,0.04824013262987137
2001-04-23,0.04824013262987137
2001-04-24,0.04824013262987137
2001-04-25,0.04824013262987137
2001-04-26,0.04824013262987137
2001-04-27,0.04824013262987137
2001-04-30,0.04824013262987137
2001-05-01,0.04824013262987137
2001-05-02,0.04695446416735649
2001-05-03,0.05145706608891487
2001-05-04,0.05145706608891487
2001-05-07,0.05145706608891487
2001-05-08,0.04824013262987137
2001-05-09,0.04695446416735649
2001-05-10,0.04695446416735649
2001-05-11,0.04824013262987137
2001-05-14,0.04824013262987137
2001-05-15,0.04566787928342819
2001-05-16,0.05081331357359886
2001-05-17,0.04631071537733078
2001-05-18,0.04631071537733078
2001-05-21,0.05274273082613945
2001-05-22,0.050170477479696274
2001-05-23,0.05274273082613945
2001-05-24,0.050170477479696274
2001-05-25,0.050170477479696274
2001-05-28,0.05402931571006775
2001-05-29,0.05402931571006775
2001-05-30,0.05724532529711723
2001-05-31,0.05145706608891487
2001-06-01,0.050170477479696274
2001-06-04,0.050170477479696274
2001-06-05,0.04824013262987137
2001-06-06,0.04631071537733078
2001-06-07,0.04631071537733078
2001-06-08,0.04631071537733078
2001-06-11,0.04631071537733078
2001-06-12,0.04631071537733078
2001-06-13,0.04566787928342819
2001-06-14,0.04566787928342819
2001-06-15,0.04566787928342819
2001-06-18,0.04566787928342819
2001-06-19,0.04566787928342819
2001-06-20,0.04502412676811218
2001-06-21,0.04502412676811218
2001-06-22,0.04502412676811218
2001-06-25,0.04502412676811218
2001-06-26,0.04502412676811218
2001-06-27,0.04502412676811218
2001-06-28,0.04566787928342819
2001-06-29,0.04502412676811218
2001-07-02,0.04502412676811218
2001-07-03,0.04502412676811218
2001-07-04,0.04502412676811218
2001-07-05,0.04502412676811218
2001-07-06,0.04502412676811218
2001-07-09,0.04502412676811218
2001-07-10,0.0418081171810627
2001-07-11,0.0418081171810627
2001-07-12,0.04245186969637871
2001-07-13,0.04245186969637871
2001-07-16,0.04245186969637871
2001-07-17,0.04245186969637871
2001-07-18,0.04245186969637871
2001-07-19,0.04245186969637871
2001-07-20,0.04245186969637871
2001-07-23,0.038592107594013214
2001-07-24,0.038592107594013214
2001-07-25,0.038592107594013214
2001-07-26,0.038592107594013214
2001-07-27,0.038592107594013214
2001-07-30,0.038592107594013214
2001-07-31,0.04502412676811218
2001-08-01,0.0418081171810627
2001-08-02,0.037949271500110626
2001-08-03,0.037949271500110626
2001-08-06,0.0418081171810627
2001-08-07,0.04438129439949989
2001-08-08,0.038592107594013214
2001-08-09,0.038592107594013214
2001-08-10,0.038592107594013214
2001-08-13,0.038592107594013214
2001-08-14,0.038592107594013214
2001-08-15,0.038592107594013214
2001-08-16,0.038592107594013214
2001-08-17,0.038592107594013214
2001-08-20,0.038592107594013214
2001-08-21,0.037949271500110626
2001-08-22,0.03730551898479462
2001-08-23,0.038592107594013214
2001-08-24,0.03730551898479462
2001-08-27,0.038592107594013214
2001-08-28,0.038592107594013214
2001-08-29,0.038592107594013214
2001-08-30,0.038592107594013214
2001-08-31,0.038592107594013214
2001-09-03,0.038592107594013214
2001-09-04,0.038592107594013214
2001-09-05,0.038592107594013214
2001-09-06,0.038592107594013214
2001-09-07,0.038592107594013214
2001-09-10,0.038592107594013214
2001-09-11,0.038592107594013214
2001-09-12,0.038592107594013214
2001-09-13,0.038592107594013214
2001-09-14,0.033446673303842545
2001-09-17,0.033446673303842545
2001-09-18,0.033446673303842545
2001-09-19,0.033446673303842545
2001-09-20,0.03537609800696373
2001-09-21,0.032160088419914246
2001-09-24,0.032160088419914246
2001-09-25,0.032160088419914246
2001-09-26,0.032160088419914246
2001-09-27,0.032160088419914246
2001-09-28,0.032160088419914246
2001-10-01,0.032160088419914246
2001-10-02,0.032160088419914246
2001-10-03,0.032160088419914246
2001-10-04,0.032160088419914246
2001-10-05,0.032160088419914246
2001-10-08,0.032160088419914246
2001-10-09,0.032160088419914246
2001-10-10,0.032160088419914246
2001-10-11,0.032160088419914246
2001-10-12,0.030873503535985947
2001-10-15,0.030873503535985947
2001-10-16,0.03537609800696373
2001-10-17,0.03537609800696373
2001-10-18,0.03537609800696373
2001-10-19,0.03537609800696373
2001-10-22,0.032160088419914246
2001-10-23,0.032160088419914246
2001-10-24,0.032160088419914246
2001-10-25,0.032160088419914246
2001-10-26,0.032803844660520554
2001-10-29,0.033446673303842545
2001-10-30,0.038592107594013214
2001-10-31,0.038592107594013214
2001-11-01,0.03987869620323181
2001-11-02,0.04245186969637871
2001-11-05,0.04245186969637871
2001-11-06,0.038592107594013214
2001-11-07,0.037949271500110626
2001-11-08,0.037949271500110626
2001-11-09,0.037949271500110626
2001-11-12,0.037949271500110626
2001-11-13,0.037949271500110626
2001-11-14,0.08361715078353882
2001-11-15,0.0675371065735817
2001-11-16,0.05788908526301384
2001-11-19,0.0636773407459259
2001-11-20,0.06432109326124191
2001-11-21,0.07718513906002045
2001-11-22,0.07075311988592148
2001-11-23,0.07075311988592148
2001-11-26,0.09004917740821838
2001-11-27,0.09004917740821838
2001-11-28,0.0868331640958786
2001-11-29,0.09004917740821838
2001-11-30,0.0868331640958786
2001-12-03,0.0868331640958786
2001-12-04,0.08361715078353882
2001-12-05,0.07718513906002045
2001-12-06,0.07396912574768066
2001-12-07,0.07396912574768066
2001-12-10,0.07396912574768066
2001-12-11,0.0675371065735817
2001-12-12,0.0675371065735817
2001-12-13,0.07075311988592148
2001-12-14,0.06432109326124191
2001-12-17,0.07075311988592148
2001-12-18,0.0675371065735817
2001-12-19,0.0675371065735817
2001-12-20,0.07718513906002045
2001-12-21,0.0868331640958786
2001-12-24,0.0868331640958786
2001-12-25,0.0868331640958786
2001-12-26,0.0868331640958786
2001-12-27,0.09326518326997757
2001-12-28,0.09004917740821838
2001-12-31,0.0868331640958786
2002-01-01,0.0868331640958786
2002-01-02,0.0868331640958786
2002-01-03,0.0868331640958786
2002-01-04,0.09004917740821838
2002-01-07,0.0868331640958786
2002-01-08,0.08361715078353882
2002-01-09,0.0868331640958786
2002-01-10,0.09326518326997757
2002-01-11,0.09648118168115616
2002-01-14,0.09004917740821838
2002-01-15,0.0868331640958786
2002-01-16,0.09004917740821838
2002-01-17,0.09004917740821838
2002-01-18,0.0868331640958786
2002-01-21,0.08361715078353882
2002-01-22,0.08361715078353882
2002-01-23,0.08361715078353882
2002-01-24,0.08040114492177963
2002-01-25,0.08361715078353882
2002-01-28,0.08361715078353882
2002-01-29,0.09326518326997757
2002-01-30,0.09648118168115616
2002-01-31,0.09648118168115616
2002-02-01,0.10613013803958893
2002-02-04,0.10934614390134811
2002-02-05,0.10934614390134811
2002-02-06,0.10613013803958893
2002-02-07,0.10613013803958893
2002-02-08,0.10291413217782974
2002-02-11,0.10291413217782974
2002-02-12,0.09648118168115616
2002-02-13,0.09326518326997757
2002-02-14,0.09648118168115616
2002-02-15,0.09969719499349594
2002-02-18,0.09648118168115616
2002-02-19,0.09648118168115616
2002-02-20,0.0868331640958786
2002-02-21,0.09004917740821838
2002-02-22,0.09004917740821838
2002-02-25,0.09648118168115616
2002-02-26,0.09648118168115616
2002-02-27,0.09648118168115616
2002-02-28,0.09004917740821838
2002-03-01,0.09648118168115616
2002-03-04,0.09969719499349594
2002-03-05,0.0868331640958786
2002-03-06,0.0868331640958786
2002-03-07,0.09326518326997757
2002-03-08,0.09326518326997757
2002-03-11,0.09648118168115616
2002-03-12,0.09648118168115616
2002-03-13,0.09326518326997757
2002-03-14,0.09326518326997757
2002-03-15,0.09648118168115616
2002-03-18,0.09648118168115616
2002-03-19,0.09326518326997757
2002-03-20,0.09648118168115616
2002-03-21,0.09326518326997757
2002-03-22,0.09648118168115616
2002-03-25,0.09648118168115616
2002-03-26,0.09326518326997757
2002-03-27,0.0868331640958786
2002-03-28,0.0868331640958786
2002-03-29,0.0868331640958786
2002-04-01,0.0868331640958786
2002-04-02,0.09326518326997757
2002-04-03,0.09648118168115616
2002-04-04,0.08361715078353882
2002-04-05,0.08040114492177963
2002-04-08,0.07718513906002045
2002-04-09,0.07718513906002045
2002-04-10,0.08040114492177963
2002-04-11,0.08040114492177963
2002-04-12,0.07718513906002045
2002-04-15,0.08040114492177963
2002-04-16,0.07718513906002045
2002-04-17,0.07718513906002045
2002-04-18,0.07718513906002045
2002-04-19,0.0868331640958786
2002-04-22,0.09004917740821838
2002-04-23,0.08361715078353882
2002-04-24,0.08040114492177963
2002-04-25,0.08040114492177963
2002-04-26,0.08040114492177963
2002-04-29,0.08040114492177963
2002-04-30,0.08040114492177963
2002-05-01,0.07718513906002045
2002-05-02,0.08040114492177963
2002-05-03,0.08040114492177963
2002-05-06,0.08361715078353882
2002-05-07,0.08040114492177963
2002-05-08,0.08040114492177963
2002-05-09,0.07718513906002045
2002-05-10,0.08361715078353882
2002-05-13,0.08040114492177963
2002-05-14,0.08040114492177963
2002-05-15,0.08040114492177963
2002-05-16,0.06432109326124191
2002-05-17,0.06432109326124191
2002-05-20,0.08040114492177963
2002-05-21,0.08361715078353882
2002-05-22,0.08040114492177963
2002-05-23,0.0868331640958786
2002-05-24,0.07718513906002045
2002-05-27,0.07718513906002045
2002-05-28,0.08361715078353882
2002-05-29,0.0868331640958786
2002-05-30,0.0868331640958786
2002-05-31,0.0868331640958786
2002-06-03,0.08361715078353882
2002-06-04,0.08361715078353882
2002-06-05,0.08361715078353882
2002-06-06,0.08361715078353882
2002-06-07,0.08361715078353882
2002-06-10,0.08361715078353882
2002-06-11,0.08040114492177963
2002-06-12,0.08040114492177963
2002-06-13,0.09004917740821838
2002-06-14,0.0868331640958786
2002-06-17,0.09004917740821838
2002-06-18,0.0868331640958786
2002-06-19,0.09004917740821838
2002-06-20,0.08361715078353882
2002-06-21,0.0868331640958786
2002-06-24,0.08361715078353882
2002-06-25,0.08040114492177963
2002-06-26,0.08361715078353882
2002-06-27,0.08040114492177963
2002-06-28,0.07396912574768066
2002-07-01,0.07718513906002045
2002-07-02,0.08361715078353882
2002-07-03,0.07396912574768066
2002-07-04,0.07718513906002045
2002-07-05,0.07718513906002045
2002-07-08,0.07718513906002045
2002-07-09,0.0675371065735817
2002-07-10,0.0675371065735817
2002-07-11,0.07075311988592148
2002-07-12,0.07718513906002045
2002-07-15,0.07075311988592148
2002-07-16,0.07075311988592148
2002-07-17,0.07075311988592148
2002-07-18,0.08361715078353882
2002-07-19,0.07718513906002045
2002-07-22,0.07396912574768066
2002-07-23,0.07396912574768066
2002-07-24,0.07075311988592148
2002-07-25,0.06432109326124191
2002-07-26,0.06432109326124191
2002-07-29,0.06432109326124191
2002-07-30,0.055315908044576645
2002-07-31,0.06432109326124191
2002-08-01,0.06432109326124191
2002-08-02,0.062391676008701324
2002-08-05,0.0675371065735817
2002-08-06,0.07075311988592148
2002-08-07,0.07075311988592148
2002-08-08,0.0675371065735817
2002-08-09,0.0675371065735817
2002-08-12,0.06432109326124191
2002-08-13,0.06432109326124191
2002-08-14,0.06432109326124191
2002-08-15,0.06432109326124191
2002-08-16,0.06432109326124191
2002-08-19,0.06432109326124191
2002-08-20,0.06432109326124191
2002-08-21,0.06432109326124191
2002-08-22,0.07075311988592148
2002-08-23,0.07075311988592148
2002-08-26,0.0675371065735817
2002-08-27,0.0675371065735817
2002-08-28,0.07075311988592148
2002-08-29,0.0675371065735817
2002-08-30,0.0675371065735817
2002-09-02,0.0675371065735817
2002-09-03,0.0675371065735817
2002-09-04,0.0675371065735817
2002-09-05,0.0675371065735817
2002-09-06,0.0675371065735817
2002-09-09,0.0675371065735817
2002-09-10,0.0675371065735817
2002-09-11,0.0675371065735817
2002-09-12,0.06432109326124191
2002-09-13,0.06432109326124191
2002-09-16,0.06432109326124191
2002-09-17,0.08361715078353882
2002-09-18,0.07075311988592148
2002-09-19,0.08040114492177963
2002-09-20,0.07718513906002045
2002-09-23,0.07075311988592148
2002-09-24,0.07396912574768066
2002-09-25,0.07396912574768066
2002-09-26,0.07396912574768066
2002-09-27,0.06432109326124191
2002-09-30,0.06432109326124191
2002-10-01,0.06432109326124191
2002-10-02,0.06432109326124191
2002-10-03,0.0675371065735817
2002-10-04,0.08040114492177963
2002-10-07,0.0675371065735817
2002-10-08,0.0675371065735817
2002-10-09,0.0675371065735817
2002-10-10,0.0675371065735817
2002-10-11,0.0675371065735817
2002-10-14,0.0675371065735817
2002-10-15,0.0675371065735817
2002-10-16,0.07075311988592148
2002-10-17,0.07396912574768066
2002-10-18,0.0675371065735817
2002-10-21,0.0675371065735817
2002-10-22,0.0675371065735817
2002-10-23,0.0675371065735817
2002-10-24,0.07075311988592148
2002-10-25,0.06432109326124191
2002-10-28,0.0675371065735817
2002-10-29,0.0675371065735817
2002-10-30,0.0675371065735817
2002-10-31,0.06432109326124191
2002-11-01,0.06432109326124191
2002-11-04,0.06432109326124191
2002-11-05,0.0675371065735817
2002-11-06,0.07396912574768066
2002-11-07,0.07396912574768066
2002-11-08,0.08040114492177963
2002-11-11,0.08040114492177963
2002-11-12,0.07718513906002045
2002-11-13,0.07718513906002045
2002-11-14,0.0868331640958786
2002-11-15,0.10934614390134811
2002-11-18,0.09969719499349594
2002-11-19,0.09969719499349594
2002-11-20,0.09326518326997757
2002-11-21,0.09648118168115616
2002-11-22,0.09004917740821838
2002-11-25,0.09004917740821838
2002-11-26,0.09648118168115616
2002-11-27,0.10291413217782974
2002-11-28,0.10613013803958893
2002-11-29,0.10934614390134811
2002-12-02,0.10934614390134811
2002-12-03,0.10291413217782974
2002-12-04,0.10291413217782974
2002-12-05,0.10613013803958893
2002-12-06,0.10934614390134811
2002-12-09,0.10934614390134811
2002-12-10,0.10291413217782974
2002-12-11,0.10934614390134811
2002-12-12,0.10291413217782974
2002-12-13,0.10934614390134811
2002-12-16,0.09969719499349594
2002-12-17,0.10291413217782974
2002-12-18,0.10613013803958893
2002-12-19,0.1125621497631073
2002-12-20,0.10291413217782974
2002-12-23,0.1125621497631073
2002-12-24,0.10934614390134811
2002-12-25,0.10934614390134811
2002-12-26,0.10934614390134811
2002-12-27,0.1125621497631073
2002-12-30,0.10613013803958893
2002-12-31,0.10613013803958893
2003-01-01,0.10613013803958893
2003-01-02,0.10613013803958893
2003-01-03,0.09969719499349594
2003-01-06,0.09969719499349594
2003-01-07,0.09969719499349594
2003-01-08,0.09969719499349594
2003-01-09,0.09648118168115616
2003-01-10,0.10291413217782974
2003-01-13,0.10291413217782974
2003-01-14,0.10291413217782974
2003-01-15,0.10934614390134811
2003-01-16,0.10291413217782974
2003-01-17,0.10613013803958893
2003-01-20,0.10613013803958893
2003-01-21,0.1125621497631073
2003-01-22,0.1125621497631073
2003-01-23,0.10613013803958893
2003-01-24,0.10291413217782974
2003-01-27,0.10291413217782974
2003-01-28,0.1125621497631073
2003-01-29,0.10291413217782974
2003-01-30,0.10934614390134811
2003-01-31,0.10934614390134811
2003-02-03,0.10613013803958893
2003-02-04,0.09648118168115616
2003-02-05,0.10934614390134811
2003-02-06,0.09969719499349594
2003-02-07,0.09969719499349594
2003-02-10,0.09648118168115616
2003-02-11,0.09648118168115616
2003-02-12,0.09648118168115616
2003-02-13,0.09648118168115616
2003-02-14,0.09004917740821838
2003-02-17,0.09004917740821838
2003-02-18,0.09004917740821838
2003-02-19,0.09004917740821838
2003-02-20,0.09004917740821838
2003-02-21,0.09648118168115616
2003-02-24,0.09004917740821838
2003-02-25,0.09004917740821838
2003-02-26,0.09004917740821838
2003-02-27,0.0675371065735817
2003-02-28,0.07718513906002045
2003-03-03,0.08040114492177963
2003-03-04,0.08361715078353882
2003-03-05,0.08361715078353882
2003-03-06,0.08361715078353882
2003-03-07,0.08361715078353882
2003-03-10,0.09004917740821838
2003-03-11,0.09004917740821838
2003-03-12,0.08361715078353882
2003-03-13,0.08361715078353882
2003-03-14,0.08040114492177963
2003-03-17,0.08361715078353882
2003-03-18,0.08361715078353882
2003-03-19,0.08361715078353882
2003-03-20,0.08361715078353882
2003-03-21,0.08361715078353882
2003-03-24,0.09004917740821838
2003-03-25,0.08040114492177963
2003-03-26,0.08040114492177963
2003-03-27,0.08040114492177963
2003-03-28,0.08040114492177963
2003-03-31,0.08040114492177963
2003-04-01,0.08040114492177963
2003-04-02,0.08361715078353882
2003-04-03,0.09648118168115616
2003-04-04,0.0868331640958786
2003-04-07,0.09004917740821838
2003-04-08,0.0868331640958786
2003-04-09,0.08040114492177963
2003-04-10,0.08040114492177963
2003-04-11,0.08040114492177963
2003-04-14,0.08040114492177963
2003-04-15,0.08361715078353882
2003-04-16,0.08361715078353882
2003-04-17,0.08361715078353882
2003-04-18,0.08361715078353882
2003-04-21,0.08361715078353882
2003-04-22,0.08361715078353882
2003-04-23,0.08361715078353882
2003-04-24,0.08361715078353882
2003-04-25,0.08361715078353882
2003-04-28,0.08361715078353882
2003-04-29,0.08040114492177963
2003-04-30,0.08040114492177963
2003-05-01,0.07075311988592148
2003-05-02,0.08040114492177963
2003-05-05,0.08040114492177963
2003-05-06,0.08040114492177963
2003-05-07,0.07075311988592148
2003-05-08,0.07075311988592148
2003-05-09,0.07075311988592148
2003-05-12,0.056602492928504944
2003-05-13,0.0675371065735817
2003-05-14,0.07075311988592148
2003-05-15,0.0675371065735817
2003-05-16,0.06432109326124191
2003-05-19,0.07075311988592148
2003-05-20,0.07075311988592148
2003-05-21,0.08040114492177963
2003-05-22,0.07396912574768066
2003-05-23,0.07396912574768066
2003-05-26,0.07396912574768066
2003-05-27,0.09004917740821838
2003-05-28,0.08361715078353882
2003-05-29,0.08361715078353882
2003-05-30,0.07718513906002045
2003-06-02,0.08361715078353882
2003-06-03,0.09004917740821838
2003-06-04,0.08361715078353882
2003-06-05,0.08361715078353882
2003-06-06,0.0868331640958786
2003-06-09,0.0868331640958786
2003-06-10,0.09004917740821838
2003-06-11,0.08361715078353882
2003-06-12,0.09326518326997757
2003-06-13,0.08361715078353882
2003-06-16,0.09004917740821838
2003-06-17,0.0868331640958786
2003-06-18,0.0868331640958786
2003-06-19,0.0868331640958786
2003-06-20,0.08040114492177963
2003-06-23,0.09004917740821838
2003-06-24,0.08361715078353882
2003-06-25,0.08361715078353882
2003-06-26,0.08361715078353882
2003-06-27,0.0868331640958786
2003-06-30,0.09004917740821838
2003-07-01,0.0868331640958786
2003-07-02,0.08040114492177963
2003-07-03,0.08040114492177963
2003-07-04,0.07718513906002045
2003-07-07,0.08040114492177963
2003-07-08,0.08040114492177963
2003-07-09,0.0868331640958786
2003-07-10,0.08040114492177963
2003-07-11,0.08361715078353882
2003-07-14,0.09004917740821838
2003-07-15,0.0868331640958786
2003-07-16,0.08361715078353882
2003-07-17,0.08361715078353882
2003-07-18,0.08361715078353882
2003-07-21,0.08361715078353882
2003-07-22,0.0868331640958786
2003-07-23,0.08361715078353882
2003-07-24,0.08361715078353882
2003-07-25,0.0868331640958786
2003-07-28,0.09004917740821838
2003-07-29,0.09004917740821838
2003-07-30,0.10291413217782974
2003-07-31,0.10291413217782974
2003-08-01,0.09969719499349594
2003-08-04,0.09969719499349594
2003-08-05,0.10291413217782974
2003-08-06,0.09648118168115616
2003-08-07,0.10291413217782974
2003-08-08,0.09969719499349594
2003-08-11,0.09969719499349594
2003-08-12,0.10291413217782974
2003-08-13,0.10613013803958893
2003-08-14,0.1318581998348236
2003-08-15,0.1350742131471634
2003-08-18,0.12221018224954605
2003-08-19,0.12221018224954605
2003-08-20,0.12221018224954605
2003-08-21,0.1350742131471634
2003-08-22,0.12864218652248383
2003-08-25,0.14472223818302155
2003-08-26,0.14150623977184296
2003-08-27,0.13829022645950317
2003-08-28,0.13829022645950317
2003-08-29,0.14793825149536133
2003-09-01,0.15115424990653992
2003-09-02,0.16080321371555328
2003-09-03,0.16723521053791046
2003-09-04,0.1575872153043747
2003-09-05,0.15115424990653992
2003-09-08,0.1543712019920349
2003-09-09,0.16080321371555328
2003-09-10,0.1575872153043747
2003-09-11,0.14793825149536133
2003-09-12,0.14150623977184296
2003-09-15,0.14793825149536133
2003-09-16,0.16080321371555328
2003-09-17,0.1543712019920349
2003-09-18,0.14793825149536133
2003-09-19,0.14150623977184296
2003-09-22,0.1575872153043747
2003-09-23,0.1543712019920349
2003-09-24,0.1543712019920349
2003-09-25,0.14472223818302155
2003-09-26,0.14472223818302155
2003-09-29,0.13829022645950317
2003-09-30,0.1543712019920349
2003-10-01,0.15115424990653992
2003-10-02,0.14150623977184296
2003-10-03,0.1350742131471634
2003-10-06,0.1350742131471634
2003-10-07,0.13829022645950317
2003-10-08,0.1350742131471634
2003-10-09,0.13829022645950317
2003-10-10,0.13829022645950317
2003-10-13,0.14793825149536133
2003-10-14,0.14150623977184296
2003-10-15,0.13829022645950317
2003-10-16,0.1350742131471634
2003-10-17,0.14793825149536133
2003-10-20,0.14472223818302155
2003-10-21,0.14793825149536133
2003-10-22,0.1350742131471634
2003-10-23,0.14150623977184296
2003-10-24,0.14150623977184296
2003-10-27,0.1543712019920349
2003-10-28,0.15115424990653992
2003-10-29,0.1543712019920349
2003-10-30,0.15115424990653992
2003-10-31,0.14793825149536133
2003-11-03,0.14150623977184296
2003-11-04,0.14150623977184296
2003-11-05,0.14150623977184296
2003-11-06,0.14150623977184296
2003-11-07,0.14472223818302155
2003-11-10,0.14472223818302155
2003-11-11,0.1543712019920349
2003-11-12,0.14472223818302155
2003-11-13,0.14472223818302155
2003-11-14,0.14472223818302155
2003-11-17,0.14472223818302155
2003-11-18,0.14472223818302155
2003-11-19,0.14472223818302155
2003-11-20,0.1350742131471634
2003-11-21,0.1318581998348236
2003-11-24,0.12864218652248383
2003-11-25,0.1350742131471634
2003-11-26,0.1350742131471634
2003-11-27,0.14472223818302155
2003-11-28,0.14150623977184296
2003-12-01,0.14150623977184296
2003-12-02,0.14150623977184296
2003-12-03,0.13829022645950317
2003-12-04,0.1318581998348236
2003-12-05,0.12542618811130524
2003-12-08,0.12542618811130524
2003-12-09,0.12542618811130524
2003-12-10,0.12221018224954605
2003-12-11,0.12864218652248383
2003-12-12,0.12864218652248383
2003-12-15,0.11899417638778687
2003-12-16,0.12864218652248383
2003-12-17,0.12221018224954605
2003-12-18,0.11899417638778687
2003-12-19,0.12221018224954605
2003-12-22,0.12221018224954605
2003-12-23,0.1318581998348236
2003-12-24,0.1318581998348236
2003-12-25,0.1318581998348236
2003-12-26,0.1318581998348236
2003-12-29,0.1318581998348236
2003-12-30,0.13829022645950317
2003-12-31,0.1350742131471634
2004-01-01,0.1350742131471634
2004-01-02,0.1318581998348236
2004-01-05,0.1318581998348236
2004-01-06,0.1318581998348236
2004-01-07,0.12864218652248383
2004-01-08,0.1350742131471634
2004-01-09,0.12864218652248383
2004-01-12,0.12864218652248383
2004-01-13,0.12864218652248383
2004-01-14,0.12864218652248383
2004-01-15,0.12542618811130524
2004-01-16,0.1350742131471634
2004-01-19,0.12221018224954605
2004-01-20,0.12221018224954605
2004-01-21,0.14793825149536133
2004-01-22,0.14150623977184296
2004-01-23,0.1350742131471634
2004-01-26,0.1350742131471634
2004-01-27,0.1318581998348236
2004-01-28,0.1318581998348236
2004-01-29,0.1318581998348236
2004-01-30,0.12864218652248383
2004-02-02,0.1350742131471634
2004-02-03,0.1318581998348236
2004-02-04,0.12864218652248383
2004-02-05,0.12864218652248383
2004-02-06,0.12864218652248383
2004-02-09,0.1350742131471634
2004-02-10,0.1318581998348236
2004-02-11,0.14150623977184296
2004-02-12,0.13829022645950317
2004-02-13,0.12864218652248383
2004-02-16,0.1350742131471634
2004-02-17,0.1318581998348236
2004-02-18,0.1318581998348236
2004-02-19,0.1318581998348236
2004-02-20,0.12864218652248383
2004-02-23,0.1318581998348236
2004-02-24,0.1318581998348236
2004-02-25,0.1318581998348236
2004-02-26,0.1318581998348236
2004-02-27,0.13829022645950317
2004-03-01,0.12864218652248383
2004-03-02,0.1350742131471634
2004-03-03,0.14150623977184296
2004-03-04,0.15115424990653992
2004-03-05,0.1800992637872696
2004-03-08,0.16080321371555328
2004-03-09,0.1543712019920349
2004-03-10,0.1543712019920349
2004-03-11,0.1543712019920349
2004-03-12,0.15115424990653992
2004-03-15,0.14793825149536133
2004-03-16,0.1543712019920349
2004-03-17,0.16723521053791046
2004-03-18,0.1800992637872696
2004-03-19,0.17366725206375122
2004-03-22,0.17045122385025024
2004-03-23,0.16723521053791046
2004-03-24,0.16401922702789307
2004-03-25,0.16401922702789307
2004-03-26,0.16401922702789307
2004-03-29,0.16723521053791046
2004-03-30,0.16723521053791046
2004-03-31,0.16401922702789307
2004-04-01,0.16401922702789307
2004-04-02,0.17045122385025024
2004-04-05,0.18653127551078796
2004-04-06,0.18653127551078796
2004-04-07,0.1800992637872696
2004-04-08,0.1800992637872696
2004-04-09,0.1800992637872696
2004-04-12,0.1800992637872696
2004-04-13,0.17366725206375122
2004-04-14,0.18331526219844818
2004-04-15,0.18331526219844818
2004-04-16,0.1800992637872696
2004-04-19,0.17366725206375122
2004-04-20,0.16723521053791046
2004-04-21,0.16723521053791046
2004-04-22,0.16401922702789307
2004-04-23,0.16723521053791046
2004-04-26,0.16723521053791046
2004-04-27,0.16401922702789307
2004-04-28,0.16401922702789307
2004-04-29,0.14793825149536133
2004-04-30,0.14472223818302155
2004-05-03,0.14150623977184296
2004-05-04,0.13829022645950317
2004-05-05,0.14472223818302155
2004-05-06,0.14472223818302155
2004-05-07,0.14472223818302155
2004-05-10,0.12542618811130524
2004-05-11,0.12864218652248383
2004-05-12,0.14150623977184296
2004-05-13,0.1543712019920349
2004-05-14,0.13829022645950317
2004-05-17,0.13829022645950317
2004-05-18,0.1543712019920349
2004-05-19,0.1543712019920349
2004-05-20,0.1543712019920349
2004-05-21,0.1543712019920349
2004-05-24,0.14150623977184296
2004-05-25,0.1350742131471634
2004-05-26,0.14150623977184296
2004-05-27,0.1350742131471634
2004-05-28,0.14150623977184296
2004-05-31,0.12864218652248383
2004-06-01,0.12864218652248383
2004-06-02,0.1350742131471634
2004-06-03,0.14150623977184296
2004-06-04,0.14793825149536133
2004-06-07,0.14793825149536133
2004-06-08,0.14793825149536133
2004-06-09,0.14150623977184296
2004-06-10,0.14150623977184296
2004-06-11,0.1350742131471634
2004-06-14,0.1350742131471634
2004-06-15,0.13829022645950317
2004-06-16,0.13829022645950317
2004-06-17,0.13829022645950317
2004-06-18,0.15115424990653992
2004-06-21,0.15115424990653992
2004-06-22,0.13829022645950317
2004-06-23,0.1318581998348236
2004-06-24,0.1318581998348236
2004-06-25,0.1350742131471634
2004-06-28,0.13829022645950317
2004-06-29,0.1350742131471634
2004-06-30,0.14150623977184296
2004-07-01,0.13829022645950317
2004-07-02,0.15115424990653992
2004-07-05,0.14150623977184296
2004-07-06,0.13829022645950317
2004-07-07,0.15115424990653992
2004-07-08,0.14472223818302155
2004-07-09,0.13829022645950317
2004-07-12,0.13829022645950317
2004-07-13,0.13829022645950317
2004-07-14,0.13829022645950317
2004-07-15,0.14150623977184296
2004-07-16,0.14150623977184296
2004-07-19,0.14150623977184296
2004-07-20,0.1350742131471634
2004-07-21,0.1350742131471634
2004-07-22,0.1350742131471634
2004-07-23,0.14150623977184296
2004-07-26,0.1318581998348236
2004-07-27,0.1318581998348236
2004-07-28,0.1318581998348236
2004-07-29,0.1318581998348236
2004-07-30,0.12864218652248383
2004-08-02,0.12864218652248383
2004-08-03,0.12864218652248383
2004-08-04,0.12221018224954605
2004-08-05,0.12864218652248383
2004-08-06,0.12542618811130524
2004-08-09,0.12542618811130524
2004-08-10,0.12221018224954605
2004-08-11,0.12221018224954605
2004-08-12,0.11577817052602768
2004-08-13,0.11899417638778687
2004-08-16,0.11899417638778687
2004-08-17,0.11577817052602768
2004-08-18,0.11577817052602768
2004-08-19,0.11577817052602768
2004-08-20,0.09969719499349594
2004-08-23,0.10291413217782974
2004-08-24,0.10934614390134811
2004-08-25,0.10934614390134811
2004-08-26,0.10934614390134811
2004-08-27,0.10934614390134811
2004-08-30,0.10613013803958893
2004-08-31,0.09969719499349594
2004-09-01,0.10934614390134811
2004-09-02,0.10934614390134811
2004-09-03,0.09969719499349594
2004-09-06,0.09969719499349594
2004-09-07,0.10291413217782974
2004-09-08,0.10291413217782974
2004-09-09,0.09969719499349594
2004-09-10,0.10291413217782974
2004-09-13,0.10291413217782974
2004-09-14,0.1125621497631073
2004-09-15,0.11899417638778687
2004-09-16,0.12864218652248383
2004-09-17,0.12864218652248383
2004-09-20,0.12864218652248383
2004-09-21,0.12542618811130524
2004-09-22,0.1125621497631073
2004-09-23,0.1125621497631073
2004-09-24,0.1125621497631073
2004-09-27,0.12221018224954605
2004-09-28,0.11577817052602768
2004-09-29,0.11577817052602768
2004-09-30,0.12221018224954605
2004-10-01,0.12221018224954605
2004-10-04,0.1125621497631073
2004-10-05,0.11899417638778687
2004-10-06,0.12221018224954605
2004-10-07,0.12221018224954605
2004-10-08,0.12542618811130524
2004-10-11,0.1318581998348236
2004-10-12,0.12864218652248383
2004-10-13,0.1318581998348236
2004-10-14,0.11899417638778687
2004-10-15,0.1125621497631073
2004-10-18,0.12864218652248383
2004-10-19,0.12864218652248383
2004-10-20,0.12864218652248383
2004-10-21,0.12864218652248383
2004-10-22,0.12542618811130524
2004-10-25,0.1318581998348236
2004-10-26,0.1318581998348236
2004-10-27,0.11899417638778687
2004-10-28,0.12221018224954605
2004-10-29,0.12542618811130524
2004-11-01,0.12542618811130524
2004-11-02,0.12542618811130524
2004-11-03,0.14150623977184296
2004-11-04,0.14793825149536133
2004-11-05,0.18331526219844818
2004-11-08,0.18653127551078796
2004-11-09,0.17366725206375122
2004-11-10,0.17045122385025024
2004-11-11,0.18653127551078796
2004-11-12,0.1800992637872696
2004-11-15,0.18331526219844818
2004-11-16,0.19296330213546753
2004-11-17,0.1993953138589859
2004-11-18,0.20582826435565948
2004-11-19,0.18653127551078796
2004-11-22,0.18974728882312775
2004-11-23,0.20261132717132568
2004-11-24,0.21226027607917786
2004-11-25,0.21869228780269623
2004-11-26,0.22834031283855438
2004-11-29,0.22834031283855438
2004-11-30,0.23155634105205536
2004-12-01,0.2444203644990921
2004-12-02,0.23477233946323395
2004-12-03,0.24120435118675232
2004-12-06,0.23155634105205536
2004-12-07,0.23477233946323395
2004-12-08,0.1993953138589859
2004-12-09,0.21226027607917786
2004-12-10,0.21226027607917786
2004-12-13,0.23798835277557373
2004-12-14,0.23477233946323395
2004-12-15,0.23477233946323395
2004-12-16,0.2476363629102707
2004-12-17,0.25406837463378906
2004-12-20,0.2476363629102707
2004-12-21,0.2444203644990921
2004-12-22,0.23155634105205536
2004-12-23,0.21547628939151764
2004-12-24,0.23155634105205536
2004-12-27,0.23155634105205536
2004-12-28,0.23155634105205536
2004-12-29,0.23798835277557373
2004-12-30,0.23798835277557373
2004-12-31,0.23477233946323395
2005-01-04,0.2444203644990921
2005-01-05,0.2444203644990921
2005-01-06,0.23798835277557373
2005-01-07,0.23798835277557373
2005-01-10,0.23798835277557373
2005-01-11,0.23477233946323395
2005-01-12,0.23155634105205536
2005-01-13,0.23798835277557373
2005-01-14,0.22834031283855438
2005-01-17,0.2251242995262146
2005-01-18,0.2251242995262146
2005-01-19,0.2251242995262146
2005-01-20,0.221908301115036
2005-01-21,0.2251242995262146
2005-01-24,0.2251242995262146
2005-01-25,0.21869228780269623
2005-01-27,0.23798835277557373
2005-01-28,0.2444203644990921
2005-01-31,0.23798835277557373
2005-02-01,0.23798835277557373
2005-02-02,0.21869228780269623
2005-02-03,0.2251242995262146
2005-02-04,0.2251242995262146
2005-02-07,0.20904424786567688
2005-02-08,0.21226027607917786
2005-02-09,0.20582826435565948
2005-02-10,0.19296330213546753
2005-02-11,0.19296330213546753
2005-02-14,0.18974728882312775
2005-02-15,0.18974728882312775
2005-02-16,0.19296330213546753
2005-02-17,0.18653127551078796
2005-02-18,0.18653127551078796
2005-02-21,0.18653127551078796
2005-02-22,0.18974728882312775
2005-02-23,0.1800992637872696
2005-02-24,0.1768832504749298
2005-02-25,0.16080321371555328
2005-02-28,0.14793825149536133
2005-03-01,0.1543712019920349
2005-03-02,0.1543712019920349
2005-03-03,0.1575872153043747
2005-03-04,0.16080321371555328
2005-03-07,0.16080321371555328
2005-03-08,0.16080321371555328
2005-03-09,0.16723521053791046
2005-03-10,0.16723521053791046
2005-03-11,0.16723521053791046
2005-03-14,0.16401922702789307
2005-03-15,0.16401922702789307
2005-03-16,0.17366725206375122
2005-03-17,0.17045122385025024
2005-03-18,0.16401922702789307
2005-03-21,0.1768832504749298
2005-03-22,0.16723521053791046
2005-03-23,0.16723521053791046
2005-03-24,0.16401922702789307
2005-03-29,0.16080321371555328
2005-03-30,0.16080321371555328
2005-03-31,0.1575872153043747
2005-04-01,0.16080321371555328
2005-04-04,0.1543712019920349
2005-04-05,0.1543712019920349
2005-04-06,0.16080321371555328
2005-04-07,0.16080321371555328
2005-04-08,0.16080321371555328
2005-04-11,0.1543712019920349
2005-04-12,0.14793825149536133
2005-04-13,0.15115424990653992
2005-04-14,0.14793825149536133
2005-04-15,0.14150623977184296
2005-04-18,0.1350742131471634
2005-04-19,0.14793825149536133
2005-04-20,0.14472223818302155
2005-04-21,0.14472223818302155
2005-04-22,0.15115424990653992
2005-04-26,0.1350742131471634
2005-04-27,0.12864218652248383
2005-04-28,0.13829022645950317
2005-04-29,0.14150623977184296
2005-05-02,0.14150623977184296
2005-05-03,0.14150623977184296
2005-05-04,0.1350742131471634
2005-05-05,0.1350742131471634
2005-05-06,0.1350742131471634
2005-05-09,0.12221018224954605
2005-05-10,0.12864218652248383
2005-05-11,0.12864218652248383
2005-05-12,0.1350742131471634
2005-05-13,0.1543712019920349
2005-05-16,0.1543712019920349
2005-05-17,0.14150623977184296
2005-05-18,0.14150623977184296
2005-05-19,0.14472223818302155
2005-05-20,0.14150623977184296
2005-05-23,0.1543712019920349
2005-05-24,0.1543712019920349
2005-05-25,0.16080321371555328
2005-05-26,0.17366725206375122
2005-05-27,0.18331526219844818
2005-05-30,0.1993953138589859
2005-05-31,0.18653127551078796
2005-06-01,0.17045122385025024
2005-06-02,0.1768832504749298
2005-06-03,0.1768832504749298
2005-06-06,0.17366725206375122
2005-06-07,0.18653127551078796
2005-06-08,0.18653127551078796
2005-06-09,0.16723521053791046
2005-06-10,0.17366725206375122
2005-06-14,0.16401922702789307
2005-06-15,0.18331526219844818
2005-06-16,0.1768832504749298
2005-06-17,0.1800992637872696
2005-06-20,0.1993953138589859
2005-06-21,0.18653127551078796
2005-06-22,0.18331526219844818
2005-06-23,0.1800992637872696
2005-06-24,0.18331526219844818
2005-06-27,0.18653127551078796
2005-06-28,0.1961793154478073
2005-06-29,0.1961793154478073
2005-06-30,0.1993953138589859
2005-07-01,0.20261132717132568
2005-07-04,0.20582826435565948
2005-07-05,0.20582826435565948
2005-07-06,0.1993953138589859
2005-07-07,0.1993953138589859
2005-07-08,0.1993953138589859
2005-07-11,0.1961793154478073
2005-07-12,0.18974728882312775
2005-07-13,0.1800992637872696
2005-07-14,0.17045122385025024
2005-07-15,0.16080321371555328
2005-07-18,0.16080321371555328
2005-07-19,0.16401922702789307
2005-07-20,0.16401922702789307
2005-07-21,0.16723521053791046
2005-07-22,0.16723521053791046
2005-07-25,0.1575872153043747
2005-07-26,0.19296330213546753
2005-07-27,0.18653127551078796
2005-07-28,0.20261132717132568
2005-07-29,0.21226027607917786
2005-08-01,0.1993953138589859
2005-08-02,0.19296330213546753
2005-08-03,0.1993953138589859
2005-08-04,0.1993953138589859
2005-08-05,0.1993953138589859
2005-08-08,0.1993953138589859
2005-08-09,0.1961793154478073
2005-08-10,0.18653127551078796
2005-08-11,0.18653127551078796
2005-08-12,0.18974728882312775
2005-08-15,0.18653127551078796
2005-08-16,0.19296330213546753
2005-08-17,0.1800992637872696
2005-08-18,0.1800992637872696
2005-08-19,0.18331526219844818
2005-08-22,0.18331526219844818
2005-08-23,0.1768832504749298
2005-08-24,0.17045122385025024
2005-08-25,0.17045122385025024
2005-08-26,0.17366725206375122
2005-08-29,0.16401922702789307
2005-08-30,0.17366725206375122
2005-08-31,0.16723521053791046
2005-09-01,0.16723521053791046
2005-09-02,0.17045122385025024
2005-09-05,0.17045122385025024
2005-09-06,0.1800992637872696
2005-09-07,0.1800992637872696
2005-09-08,0.18331526219844818
2005-09-09,0.17366725206375122
2005-09-12,0.17366725206375122
2005-09-13,0.1768832504749298
2005-09-14,0.17366725206375122
2005-09-15,0.18331526219844818
2005-09-16,0.1768832504749298
2005-09-19,0.1800992637872696
2005-09-20,0.19296330213546753
2005-09-21,0.20582826435565948
2005-09-22,0.20261132717132568
2005-09-23,0.20261132717132568
2005-09-26,0.19296330213546753
2005-09-27,0.19296330213546753
2005-09-28,0.20261132717132568
2005-09-29,0.20261132717132568
2005-09-30,0.20261132717132568
2005-10-03,0.19296330213546753
2005-10-04,0.19296330213546753
2005-10-05,0.18974728882312775
2005-10-06,0.18331526219844818
2005-10-07,0.1993953138589859
2005-10-10,0.1961793154478073
2005-10-11,0.18653127551078796
2005-10-12,0.18331526219844818
2005-10-13,0.18331526219844818
2005-10-14,0.18653127551078796
2005-10-17,0.18653127551078796
2005-10-18,0.19296330213546753
2005-10-19,0.19296330213546753
2005-10-20,0.1800992637872696
2005-10-21,0.1800992637872696
2005-10-24,0.18331526219844818
2005-10-25,0.19296330213546753
2005-10-26,0.18974728882312775
2005-10-27,0.19296330213546753
2005-10-28,0.1961793154478073
2005-10-31,0.19296330213546753
2005-11-01,0.19296330213546753
2005-11-02,0.18331526219844818
2005-11-03,0.19296330213546753
2005-11-04,0.1961793154478073
2005-11-07,0.18653127551078796
2005-11-08,0.18653127551078796
2005-11-09,0.18331526219844818
2005-11-10,0.18331526219844818
2005-11-11,0.26050135493278503
2005-11-14,0.30230942368507385
2005-11-15,0.2926614284515381
2005-11-16,0.2669333517551422
2005-11-17,0.26050135493278503
2005-11-18,0.28301340341567993
2005-11-21,0.34733450412750244
2005-11-22,0.3827114999294281
2005-11-23,0.4309525787830353
2005-11-24,0.38914352655410767
2005-11-25,0.3537665009498596
2005-11-28,0.38914352655410767
2005-11-29,0.37306347489356995
2005-11-30,0.3859274983406067
2005-12-01,0.3859274983406067
2005-12-02,0.3827114999294281
2005-12-05,0.3987915515899658
2005-12-06,0.37627947330474854
2005-12-07,0.3827114999294281
2005-12-08,0.3859274983406067
2005-12-09,0.43738457560539246
2005-12-12,0.41808849573135376
2005-12-13,0.3859274983406067
2005-12-14,0.38914352655410767
2005-12-15,0.3859274983406067
2005-12-16,0.3987915515899658
2005-12-19,0.3794955015182495
2005-12-20,0.36984750628471375
2005-12-21,0.3569825291633606
2005-12-22,0.3601994514465332
2005-12-23,0.3634154796600342
2005-12-28,0.3601994514465332
2005-12-29,0.35055050253868103
2005-12-30,0.3569825291633606
2006-01-03,0.3569825291633606
2006-01-04,0.3859274983406067
2006-01-05,0.3987915515899658
2006-01-06,0.3859274983406067
2006-01-09,0.3859274983406067
2006-01-10,0.37306347489356995
2006-01-11,0.3859274983406067
2006-01-12,0.3794955015182495
2006-01-13,0.36663147807121277
2006-01-16,0.3634154796600342
2006-01-17,0.3601994514465332
2006-01-18,0.36663147807121277
2006-01-19,0.3601994514465332
2006-01-20,0.37306347489356995
2006-01-23,0.3794955015182495
2006-01-24,0.3859274983406067
2006-01-25,0.37306347489356995
2006-01-27,0.36984750628471375
2006-01-30,0.35055050253868103
2006-01-31,0.3376864492893219
2006-02-01,0.3376864492893219
2006-02-02,0.32482245564460754
2006-02-03,0.32160642743110657
2006-02-06,0.3151744306087494
2006-02-07,0.32160642743110657
2006-02-08,0.3119584023952484
2006-02-09,0.3151744306087494
2006-02-10,0.32160642743110657
2006-02-13,0.30552545189857483
2006-02-14,0.2958774268627167
2006-02-15,0.2894454002380371
2006-02-16,0.27658137679100037
2006-02-17,0.29909342527389526
2006-02-20,0.32160642743110657
2006-02-21,0.32160642743110657
2006-02-22,0.2958774268627167
2006-02-23,0.29909342527389526
2006-02-24,0.2958774268627167
2006-02-27,0.30552545189857483
2006-02-28,0.2958774268627167
2006-03-01,0.2958774268627167
2006-03-02,0.2958774268627167
2006-03-03,0.29909342527389526
2006-03-06,0.30230942368507385
2006-03-07,0.2926614284515381
2006-03-08,0.2894454002380371
2006-03-09,0.2894454002380371
2006-03-10,0.2894454002380371
2006-03-13,0.2958774268627167
2006-03-14,0.2894454002380371
2006-03-15,0.30230942368507385
2006-03-16,0.2958774268627167
2006-03-17,0.30230942368507385
2006-03-20,0.27658137679100037
2006-03-21,0.2733653783798218
2006-03-22,0.2733653783798218
2006-03-23,0.2701493501663208
2006-03-24,0.28301340341567993
2006-03-27,0.2958774268627167
2006-03-28,0.2862294018268585
2006-03-29,0.3409024477005005
2006-03-30,0.3151744306087494
2006-03-31,0.30230942368507385
2006-04-03,0.30230942368507385
2006-04-04,0.3151744306087494
2006-04-05,0.318390429019928
2006-04-06,0.33125442266464233
2006-04-07,0.3601994514465332
2006-04-10,0.34411847591400146
2006-04-11,0.36663147807121277
2006-04-12,0.36984750628471375
2006-04-13,0.35055050253868103
2006-04-18,0.3537665009498596
2006-04-19,0.3601994514465332
2006-04-20,0.3601994514465332
2006-04-21,0.3601994514465332
2006-04-24,0.3569825291633606
2006-04-26,0.32160642743110657
2006-04-27,0.3151744306087494
2006-04-28,0.29909342527389526
2006-05-01,0.32160642743110657
2006-05-02,0.3151744306087494
2006-05-03,0.3087424039840698
2006-05-04,0.3151744306087494
2006-05-05,0.3119584023952484
2006-05-08,0.32160642743110657
2006-05-09,0.32803845405578613
2006-05-10,0.318390429019928
2006-05-11,0.318390429019928
2006-05-12,0.3151744306087494
2006-05-15,0.32160642743110657
2006-05-16,0.2958774268627167
2006-05-17,0.3151744306087494
2006-05-18,0.2958774268627167
2006-05-19,0.30230942368507385
2006-05-22,0.2894454002380371
2006-05-23,0.27658137679100037
2006-05-24,0.27979737520217896
2006-05-25,0.27658137679100037
2006-05-26,0.2701493501663208
2006-05-29,0.2669333517551422
2006-05-30,0.2637173533439636
2006-05-31,0.25728532671928406
2006-06-01,0.2701493501663208
2006-06-02,0.2444203644990921
2006-06-05,0.23798835277557373
2006-06-06,0.22834031283855438
2006-06-07,0.23798835277557373
2006-06-08,0.25728532671928406
2006-06-09,0.25728532671928406
2006-06-13,0.23477233946323395
2006-06-14,0.2251242995262146
2006-06-15,0.221908301115036
2006-06-16,0.25728532671928406
2006-06-19,0.2444203644990921
2006-06-20,0.23155634105205536
2006-06-21,0.23155634105205536
2006-06-22,0.2444203644990921
2006-06-23,0.23155634105205536
2006-06-26,0.23798835277557373
2006-06-27,0.2444203644990921
2006-06-28,0.23798835277557373
2006-06-29,0.23155634105205536
2006-06-30,0.2444203644990921
2006-07-03,0.23155634105205536
2006-07-04,0.2444203644990921
2006-07-05,0.2894454002380371
2006-07-06,0.27658137679100037
2006-07-07,0.2862294018268585
2006-07-10,0.27658137679100037
2006-07-11,0.2862294018268585
2006-07-12,0.2862294018268585
2006-07-13,0.2862294018268585
2006-07-14,0.25728532671928406
2006-07-17,0.25728532671928406
2006-07-18,0.25728532671928406
2006-07-19,0.2637173533439636
2006-07-20,0.2669333517551422
2006-07-21,0.2669333517551422
2006-07-24,0.24120435118675232
2006-07-25,0.23798835277557373
2006-07-26,0.2476363629102707
2006-07-27,0.2701493501663208
2006-07-28,0.2669333517551422
2006-07-31,0.2894454002380371
2006-08-01,0.2669333517551422
2006-08-02,0.2669333517551422
2006-08-03,0.28301340341567993
2006-08-04,0.28301340341567993
2006-08-07,0.28301340341567993
2006-08-08,0.27658137679100037
2006-08-09,0.27658137679100037
2006-08-10,0.27658137679100037
2006-08-11,0.27658137679100037
2006-08-14,0.2637173533439636
2006-08-15,0.25728532671928406
2006-08-16,0.25728532671928406
2006-08-17,0.27658137679100037
2006-08-18,0.26050135493278503
2006-08-21,0.28301340341567993
2006-08-22,0.3119584023952484
2006-08-23,0.3087424039840698
2006-08-24,0.3151744306087494
2006-08-25,0.32160642743110657
2006-08-28,0.3344704210758209
2006-08-29,0.34733450412750244
2006-08-30,0.3409024477005005
2006-08-31,0.3409024477005005
2006-09-01,0.34733450412750244
2006-09-04,0.32482245564460754
2006-09-05,0.32160642743110657
2006-09-06,0.32160642743110657
2006-09-07,0.3151744306087494
2006-09-08,0.3151744306087494
2006-09-11,0.3151744306087494
2006-09-12,0.3151744306087494
2006-09-13,0.318390429019928
2006-09-14,0.34733450412750244
2006-09-15,0.3344704210758209
2006-09-18,0.3409024477005005
2006-09-19,0.34733450412750244
2006-09-20,0.37306347489356995
2006-09-21,0.3601994514465332
2006-09-22,0.37627947330474854
2006-09-25,0.3794955015182495
2006-09-26,0.3794955015182495
2006-09-27,0.32803845405578613
2006-09-28,0.3409024477005005
2006-09-29,0.3409024477005005
2006-10-02,0.34733450412750244
2006-10-03,0.3376864492893219
2006-10-04,0.29909342527389526
2006-10-05,0.2958774268627167
2006-10-06,0.2894454002380371
2006-10-09,0.3151744306087494
2006-10-10,0.3344704210758209
2006-10-11,0.3409024477005005
2006-10-12,0.32160642743110657
2006-10-13,0.32160642743110657
2006-10-16,0.32803845405578613
2006-10-17,0.32160642743110657
2006-10-18,0.32160642743110657
2006-10-19,0.32160642743110657
2006-10-20,0.3151744306087494
2006-10-23,0.32160642743110657
2006-10-24,0.3087424039840698
2006-10-25,0.3087424039840698
2006-10-26,0.30552545189857483
2006-10-27,0.30230942368507385
2006-10-30,0.29909342527389526
2006-10-31,0.2958774268627167
2006-11-01,0.30552545189857483
2006-11-02,0.30552545189857483
2006-11-03,0.2958774268627167
2006-11-06,0.30230942368507385
2006-11-07,0.30230942368507385
2006-11-08,0.3087424039840698
2006-11-09,0.3119584023952484
2006-11-10,0.3151744306087494
2006-11-13,0.30230942368507385
2006-11-14,0.3087424039840698
2006-11-15,0.3151744306087494
2006-11-16,0.3119584023952484
2006-11-17,0.3087424039840698
2006-11-20,0.30230942368507385
2006-11-21,0.3151744306087494
2006-11-22,0.32160642743110657
2006-11-23,0.32482245564460754
2006-11-24,0.3151744306087494
2006-11-27,0.32803845405578613
2006-11-28,0.35055050253868103
2006-11-29,0.34733450412750244
2006-11-30,0.3344704210758209
2006-12-01,0.3344704210758209
2006-12-04,0.32482245564460754
2006-12-05,0.2894454002380371
2006-12-06,0.3151744306087494
2006-12-07,0.3151744306087494
2006-12-08,0.3119584023952484
2006-12-11,0.3119584023952484
2006-12-12,0.3087424039840698
2006-12-13,0.3119584023952484
2006-12-14,0.3151744306087494
2006-12-15,0.3151744306087494
2006-12-18,0.3151744306087494
2006-12-19,0.3119584023952484
2006-12-20,0.30552545189857483
2006-12-21,0.3087424039840698
2006-12-22,0.30552545189857483
2006-12-27,0.30230942368507385
2006-12-28,0.30552545189857483
2006-12-29,0.30552545189857483
2007-01-02,0.2958774268627167
2007-01-03,0.2958774268627167
2007-01-04,0.2894454002380371
2007-01-05,0.2926614284515381
2007-01-08,0.30230942368507385
2007-01-09,0.30230942368507385
2007-01-10,0.30230942368507385
2007-01-11,0.29909342527389526
2007-01-12,0.29909342527389526
2007-01-15,0.2926614284515381
2007-01-16,0.2894454002380371
2007-01-17,0.2894454002380371
2007-01-18,0.2958774268627167
2007-01-19,0.2958774268627167
2007-01-22,0.2894454002380371
2007-01-23,0.2894454002380371
2007-01-24,0.32160642743110657
2007-01-25,0.3087424039840698
2007-01-29,0.3087424039840698
2007-01-30,0.3087424039840698
2007-01-31,0.3151744306087494
2007-02-01,0.32482245564460754
2007-02-02,0.32803845405578613
2007-02-05,0.3601994514465332
2007-02-06,0.3601994514465332
2007-02-07,0.37306347489356995
2007-02-08,0.3537665009498596
2007-02-09,0.3376864492893219
2007-02-12,0.34411847591400146
2007-02-13,0.34733450412750244
2007-02-14,0.3537665009498596
2007-02-15,0.36663147807121277
2007-02-16,0.3376864492893219
2007-02-19,0.3376864492893219
2007-02-20,0.34733450412750244
2007-02-21,0.3376864492893219
2007-02-22,0.36663147807121277
2007-02-23,0.36663147807121277
2007-02-26,0.36663147807121277
2007-02-27,0.3601994514465332
2007-02-28,0.3376864492893219
2007-03-01,0.3409024477005005
2007-03-02,0.32160642743110657
2007-03-05,0.29909342527389526
2007-03-06,0.3087424039840698
2007-03-07,0.318390429019928
2007-03-08,0.318390429019928
2007-03-09,0.3119584023952484
2007-03-12,0.3119584023952484
2007-03-13,0.3119584023952484
2007-03-14,0.30230942368507385
2007-03-15,0.30230942368507385
2007-03-16,0.3151744306087494
2007-03-19,0.30230942368507385
2007-03-20,0.30230942368507385
2007-03-21,0.3087424039840698
2007-03-22,0.32803845405578613
2007-03-23,0.30230942368507385
2007-03-26,0.30230942368507385
2007-03-27,0.3087424039840698
2007-03-28,0.30552545189857483
2007-03-29,0.32803845405578613
2007-03-30,0.30552545189857483
2007-04-02,0.3601994514465332
2007-04-03,0.36663147807121277
2007-04-04,0.3601994514465332
2007-04-05,0.3376864492893219
2007-04-10,0.34733450412750244
2007-04-11,0.3537665009498596
2007-04-12,0.3537665009498596
2007-04-13,0.3601994514465332
2007-04-16,0.3569825291633606
2007-04-17,0.34733450412750244
2007-04-18,0.3409024477005005
2007-04-19,0.3376864492893219
2007-04-20,0.32160642743110657
2007-04-23,0.32482245564460754
2007-04-24,0.32160642743110657
2007-04-26,0.3537665009498596
2007-04-27,0.3344704210758209
2007-04-30,0.3537665009498596
2007-05-01,0.3569825291633606
2007-05-02,0.3537665009498596
2007-05-03,0.34733450412750244
2007-05-04,0.32803845405578613
2007-05-07,0.32803845405578613
2007-05-08,0.3344704210758209
2007-05-09,0.32160642743110657
2007-05-10,0.32482245564460754
2007-05-11,0.32160642743110657
2007-05-14,0.3087424039840698
2007-05-15,0.3119584023952484
2007-05-16,0.3151744306087494
2007-05-17,0.3087424039840698
2007-05-18,0.3087424039840698
2007-05-21,0.3087424039840698
2007-05-22,0.3119584023952484
2007-05-23,0.3151744306087494
2007-05-24,0.3119584023952484
2007-05-25,0.3151744306087494
2007-05-28,0.318390429019928
2007-05-29,0.318390429019928
2007-05-30,0.318390429019928
2007-05-31,0.32160642743110657
2007-06-01,0.32482245564460754
2007-06-04,0.32160642743110657
2007-06-05,0.3151744306087494
2007-06-06,0.3087424039840698
2007-06-07,0.32160642743110657
2007-06-08,0.3087424039840698
2007-06-12,0.3087424039840698
2007-06-13,0.30552545189857483
2007-06-14,0.34733450412750244
2007-06-15,0.34733450412750244
2007-06-18,0.34733450412750244
2007-06-19,0.32160642743110657
2007-06-20,0.3151744306087494
2007-06-21,0.3119584023952484
2007-06-22,0.34411847591400146
2007-06-25,0.34733450412750244
2007-06-26,0.3376864492893219
2007-06-27,0.3344704210758209
2007-06-28,0.3344704210758209
2007-06-29,0.34733450412750244
2007-07-02,0.34733450412750244
2007-07-03,0.3344704210758209
2007-07-04,0.3344704210758209
2007-07-05,0.34733450412750244
2007-07-06,0.34733450412750244
2007-07-09,0.3344704210758209
2007-07-10,0.3376864492893219
2007-07-11,0.3376864492893219
2007-07-12,0.33125442266464233
2007-07-13,0.3344704210758209
2007-07-16,0.33125442266464233
2007-07-17,0.33125442266464233
2007-07-18,0.32803845405578613
2007-07-19,0.3376864492893219
2007-07-20,0.3344704210758209
2007-07-23,0.3376864492893219
2007-07-24,0.3409024477005005
2007-07-25,0.34411847591400146
2007-07-26,0.3859274983406067
2007-07-27,0.3344704210758209
2007-07-30,0.3409024477005005
2007-07-31,0.32803845405578613
2007-08-01,0.32803845405578613
2007-08-02,0.3151744306087494
2007-08-03,0.32160642743110657
2007-08-06,0.30230942368507385
2007-08-07,0.30230942368507385
2007-08-08,0.30230942368507385
2007-08-09,0.2958774268627167
2007-08-10,0.2894454002380371
2007-08-13,0.28301340341567993
2007-08-14,0.27658137679100037
2007-08-15,0.25728532671928406
2007-08-16,0.23798835277557373
2007-08-17,0.23477233946323395
2007-08-20,0.2508523762226105
2007-08-21,0.28301340341567993
2007-08-22,0.2894454002380371
2007-08-23,0.26050135493278503
2007-08-24,0.25728532671928406
2007-08-27,0.2476363629102707
2007-08-28,0.25728532671928406
2007-08-29,0.2444203644990921
2007-08-30,0.26050135493278503
2007-08-31,0.25728532671928406
2007-09-03,0.23477233946323395
2007-09-04,0.23477233946323395
2007-09-05,0.2444203644990921
2007-09-06,0.25728532671928406
2007-09-07,0.25406837463378906
2007-09-10,0.23798835277557373
2007-09-11,0.2508523762226105
2007-09-12,0.23798835277557373
2007-09-13,0.23798835277557373
2007-09-14,0.2444203644990921
2007-09-17,0.2444203644990921
2007-09-18,0.24120435118675232
2007-09-19,0.2508523762226105
2007-09-20,0.2508523762226105
2007-09-21,0.2508523762226105
2007-09-24,0.24120435118675232
2007-09-25,0.24120435118675232
2007-09-26,0.2444203644990921
2007-09-27,0.25406837463378906
2007-09-28,0.2476363629102707
2007-10-01,0.2476363629102707
2007-10-02,0.2508523762226105
2007-10-03,0.2508523762226105
2007-10-04,0.2444203644990921
2007-10-05,0.2444203644990921
2007-10-08,0.24120435118675232
2007-10-09,0.2444203644990921
2007-10-10,0.2444203644990921
2007-10-11,0.24120435118675232
2007-10-12,0.2444203644990921
2007-10-15,0.2701493501663208
2007-10-16,0.25728532671928406
2007-10-17,0.2476363629102707
2007-10-18,0.2637173533439636
2007-10-19,0.2637173533439636
2007-10-22,0.25728532671928406
2007-10-23,0.23798835277557373
2007-10-24,0.25406837463378906
2007-10-25,0.25728532671928406
2007-10-26,0.25728532671928406
2007-10-29,0.23798835277557373
2007-10-30,0.24120435118675232
2007-10-31,0.2444203644990921
2007-11-01,0.24120435118675232
2007-11-02,0.23155634105205536
2007-11-05,0.2251242995262146
2007-11-06,0.23477233946323395
2007-11-07,0.23798835277557373
2007-11-08,0.23798835277557373
2007-11-09,0.2444203644990921
2007-11-12,0.2251242995262146
2007-11-13,0.221908301115036
2007-11-14,0.21869228780269623
2007-11-15,0.221908301115036
2007-11-16,0.2251242995262146
2007-11-19,0.20582826435565948
2007-11-20,0.20904424786567688
2007-11-21,0.21869228780269623
2007-11-22,0.21547628939151764
2007-11-23,0.21869228780269623
2007-11-26,0.21869228780269623
2007-11-27,0.20261132717132568
2007-11-28,0.21869228780269623
2007-11-29,0.21547628939151764
2007-11-30,0.22834031283855438
2007-12-03,0.22834031283855438
2007-12-04,0.22834031283855438
2007-12-05,0.23155634105205536
2007-12-06,0.2251242995262146
2007-12-07,0.22834031283855438
2007-12-10,0.2251242995262146
2007-12-11,0.21226027607917786
2007-12-12,0.21226027607917786
2007-12-13,0.21869228780269623
2007-12-14,0.2251242995262146
2007-12-17,0.20582826435565948
2007-12-18,0.21869228780269623
2007-12-19,0.21869228780269623
2007-12-20,0.21547628939151764
2007-12-21,0.1993953138589859
2007-12-24,0.20582826435565948
2007-12-27,0.20904424786567688
2007-12-28,0.1993953138589859
2007-12-31,0.1993953138589859
2008-01-02,0.1961793154478073
2008-01-03,0.19296330213546753
2008-01-04,0.20582826435565948
2008-01-07,0.20261132717132568
2008-01-08,0.19296330213546753
2008-01-09,0.20261132717132568
2008-01-10,0.20261132717132568
2008-01-11,0.20582826435565948
2008-01-14,0.20582826435565948
2008-01-15,0.18653127551078796
2008-01-16,0.1993953138589859
2008-01-17,0.1768832504749298
2008-01-18,0.18974728882312775
2008-01-21,0.18653127551078796
2008-01-22,0.1543712019920349
2008-01-23,0.16723521053791046
2008-01-24,0.16723521053791046
2008-01-25,0.16723521053791046
2008-01-29,0.14793825149536133
2008-01-30,0.16723521053791046
2008-01-31,0.16401922702789307
2008-02-01,0.16080321371555328
2008-02-04,0.16080321371555328
2008-02-05,0.16080321371555328
2008-02-06,0.17045122385025024
2008-02-07,0.14793825149536133
2008-02-08,0.16401922702789307
2008-02-11,0.14793825149536133
2008-02-12,0.1543712019920349
2008-02-13,0.14793825149536133
2008-02-14,0.1350742131471634
2008-02-15,0.14793825149536133
2008-02-18,0.1350742131471634
2008-02-19,0.12864218652248383
2008-02-20,0.14150623977184296
2008-02-21,0.12864218652248383
2008-02-22,0.12864218652248383
2008-02-25,0.1350742131471634
2008-02-26,0.1350742131471634
2008-02-27,0.1318581998348236
2008-02-28,0.14150623977184296
2008-02-29,0.1318581998348236
2008-03-03,0.12864218652248383
2008-03-04,0.12864218652248383
2008-03-05,0.1318581998348236
2008-03-06,0.12221018224954605
2008-03-07,0.12221018224954605
2008-03-10,0.12221018224954605
2008-03-11,0.12864218652248383
2008-03-12,0.10934614390134811
2008-03-13,0.11899417638778687
2008-03-14,0.11899417638778687
2008-03-17,0.12221018224954605
2008-03-18,0.11577817052602768
2008-03-19,0.1125621497631073
2008-03-20,0.10291413217782974
2008-03-25,0.09648118168115616
2008-03-26,0.10291413217782974
2008-03-27,0.12221018224954605
2008-03-28,0.12221018224954605
2008-03-31,0.11577817052602768
2008-04-01,0.10934614390134811
2008-04-02,0.10613013803958893
2008-04-03,0.10613013803958893
2008-04-04,0.09648118168115616
2008-04-07,0.07718513906002045
2008-04-08,0.0868331640958786
2008-04-09,0.09004917740821838
2008-04-10,0.09004917740821838
2008-04-11,0.09004917740821838
2008-04-14,0.08361715078353882
2008-04-15,0.0868331640958786
2008-04-16,0.0868331640958786
2008-04-17,0.0868331640958786
2008-04-18,0.08361715078353882
2008-04-21,0.0868331640958786
2008-04-22,0.0868331640958786
2008-04-23,0.09004917740821838
2008-04-24,0.0868331640958786
2008-04-28,0.09004917740821838
2008-04-29,0.09326518326997757
2008-04-30,0.10291413217782974
2008-05-01,0.10291413217782974
2008-05-02,0.09648118168115616
2008-05-05,0.09004917740821838
2008-05-06,0.09969719499349594
2008-05-07,0.09969719499349594
2008-05-08,0.09648118168115616
2008-05-09,0.10613013803958893
2008-05-12,0.10291413217782974
2008-05-13,0.10613013803958893
2008-05-14,0.10613013803958893
2008-05-15,0.11899417638778687
2008-05-16,0.12542618811130524
2008-05-19,0.12221018224954605
2008-05-20,0.11577817052602768
2008-05-21,0.12221018224954605
2008-05-22,0.12221018224954605
2008-05-23,0.11899417638778687
2008-05-26,0.1125621497631073
2008-05-27,0.10934614390134811
2008-05-28,0.10934614390134811
2008-05-29,0.10934614390134811
2008-05-30,0.10613013803958893
2008-06-02,0.12542618811130524
2008-06-03,0.12864218652248383
2008-06-04,0.12221018224954605
2008-06-05,0.12221018224954605
2008-06-06,0.12221018224954605
2008-06-10,0.11899417638778687
2008-06-11,0.12221018224954605
2008-06-12,0.12221018224954605
2008-06-13,0.11899417638778687
2008-06-16,0.10291413217782974
2008-06-17,0.12221018224954605
2008-06-18,0.10613013803958893
2008-06-19,0.09648118168115616
2008-06-20,0.09648118168115616
2008-06-23,0.09648118168115616
2008-06-24,0.09648118168115616
2008-06-25,0.09326518326997757
2008-06-26,0.09648118168115616
2008-06-27,0.09969719499349594
2008-06-30,0.10291413217782974
2008-07-01,0.10934614390134811
2008-07-02,0.09969719499349594
2008-07-03,0.09648118168115616
2008-07-04,0.10291413217782974
2008-07-07,0.10291413217782974
2008-07-08,0.09969719499349594
2008-07-09,0.09648118168115616
2008-07-10,0.0868331640958786
2008-07-11,0.0868331640958786
2008-07-14,0.0868331640958786
2008-07-15,0.09004917740821838
2008-07-16,0.09326518326997757
2008-07-17,0.09326518326997757
2008-07-18,0.09648118168115616
2008-07-21,0.09326518326997757
2008-07-22,0.09326518326997757
2008-07-23,0.09648118168115616
2008-07-24,0.09648118168115616
2008-07-25,0.09648118168115616
2008-07-28,0.10291413217782974
2008-07-29,0.10291413217782974
2008-07-30,0.10291413217782974
2008-07-31,0.10613013803958893
2008-08-01,0.1125621497631073
2008-08-04,0.10934614390134811
2008-08-05,0.09969719499349594
2008-08-06,0.09648118168115616
2008-08-07,0.10934614390134811
2008-08-08,0.09648118168115616
2008-08-11,0.09969719499349594
2008-08-12,0.09648118168115616
2008-08-13,0.09648118168115616
2008-08-14,0.0868331640958786
2008-08-15,0.09004917740821838
2008-08-18,0.08361715078353882
2008-08-19,0.08361715078353882
2008-08-20,0.08361715078353882
2008-08-21,0.08361715078353882
2008-08-22,0.0868331640958786
2008-08-25,0.07718513906002045
2008-08-26,0.07718513906002045
2008-08-27,0.08361715078353882
2008-08-28,0.07718513906002045
2008-08-29,0.07718513906002045
2008-09-01,0.07718513906002045
2008-09-02,0.07718513906002045
2008-09-03,0.08040114492177963
2008-09-04,0.08040114492177963
2008-09-05,0.0675371065735817
2008-09-08,0.0675371065735817
2008-09-09,0.07075311988592148
2008-09-10,0.07396912574768066
2008-09-11,0.07718513906002045
2008-09-12,0.07718513906002045
2008-09-15,0.06432109326124191
2008-09-16,0.06432109326124191
2008-09-17,0.06432109326124191
2008-09-18,0.06432109326124191
2008-09-19,0.05788908526301384
2008-09-22,0.061105091124773026
2008-09-23,0.05467307195067406
2008-09-24,0.04824013262987137
2008-09-25,0.043738462030887604
2008-09-26,0.03987869620323181
2008-09-29,0.03537609800696373
2008-09-30,0.032803844660520554
2008-10-01,0.0418081171810627
2008-10-02,0.0405215285718441
2008-10-03,0.037949271500110626
2008-10-06,0.03601985424757004
2008-10-07,0.03537609800696373
2008-10-08,0.038592107594013214
2008-10-09,0.03601985424757004
2008-10-10,0.03537609800696373
2008-10-13,0.04116528108716011
2008-10-14,0.04824013262987137
2008-10-15,0.05338648706674576
2008-10-16,0.04502412676811218
2008-10-17,0.0418081171810627
2008-10-20,0.04245186969637871
2008-10-21,0.043738462030887604
2008-10-22,0.043738462030887604
2008-10-23,0.043738462030887604
2008-10-24,0.0418081171810627
2008-10-27,0.03601985424757004
2008-10-28,0.038592107594013214
2008-10-29,0.038592107594013214
2008-10-30,0.03666268661618233
2008-10-31,0.038592107594013214
2008-11-03,0.038592107594013214
2008-11-04,0.038592107594013214
2008-11-05,0.038592107594013214
2008-11-06,0.038592107594013214
2008-11-07,0.03666268661618233
2008-11-10,0.038592107594013214
2008-11-11,0.038592107594013214
2008-11-12,0.038592107594013214
2008-11-13,0.038592107594013214
2008-11-14,0.03730551898479462
2008-11-17,0.04502412676811218
2008-11-18,0.038592107594013214
2008-11-19,0.03473326563835144
2008-11-20,0.03408950939774513
2008-11-21,0.032160088419914246
2008-11-24,0.032803844660520554
2008-11-25,0.032803844660520554
2008-11-26,0.02958691120147705
2008-11-27,0.02894408255815506
2008-11-28,0.03666268661618233
2008-12-01,0.032160088419914246
2008-12-02,0.031517256051301956
2008-12-03,0.032160088419914246
2008-12-04,0.02958691120147705
2008-12-05,0.030230669304728508
2008-12-08,0.02894408255815506
2008-12-09,0.02894408255815506
2008-12-10,0.02894408255815506
2008-12-11,0.02958691120147705
2008-12-12,0.027014657855033875
2008-12-15,0.02894408255815506
2008-12-16,0.027014657855033875
2008-12-17,0.027014657855033875
2008-12-18,0.027014657855033875
2008-12-19,0.027657492086291313
2008-12-22,0.02894408255815506
2008-12-23,0.03408950939774513
2008-12-24,0.03408950939774513
2008-12-29,0.03408950939774513
2008-12-30,0.03601985424757004
2008-12-31,0.03601985424757004
2009-01-02,0.03537609800696373
2009-01-05,0.038592107594013214
2009-01-06,0.03537609800696373
2009-01-07,0.03601985424757004
2009-01-08,0.032803844660520554
2009-01-09,0.03730551898479462
2009-01-12,0.0418081171810627
2009-01-13,0.038592107594013214
2009-01-14,0.038592107594013214
2009-01-15,0.03537609800696373
2009-01-16,0.03537609800696373
2009-01-19,0.03537609800696373
2009-01-20,0.03537609800696373
2009-01-21,0.03537609800696373
2009-01-22,0.03537609800696373
2009-01-23,0.03537609800696373
2009-01-27,0.03408950939774513
2009-01-28,0.03473326563835144
2009-01-29,0.03473326563835144
2009-01-30,0.03473326563835144
2009-02-02,0.03473326563835144
2009-02-03,0.032803844660520554
2009-02-04,0.032160088419914246
2009-02-05,0.032160088419914246
2009-02-06,0.032160088419914246
2009-02-09,0.032160088419914246
2009-02-10,0.032160088419914246
2009-02-11,0.030873503535985947
2009-02-12,0.030873503535985947
2009-02-13,0.032160088419914246
2009-02-16,0.032160088419914246
2009-02-17,0.032160088419914246
2009-02-18,0.032160088419914246
2009-02-19,0.02958691120147705
2009-02-20,0.03473326563835144
2009-02-23,0.032160088419914246
2009-02-24,0.032160088419914246
2009-02-25,0.03730551898479462
2009-02-26,0.032160088419914246
2009-02-27,0.03537609800696373
2009-03-02,0.03537609800696373
2009-03-03,0.032160088419914246
2009-03-04,0.031517256051301956
2009-03-05,0.031517256051301956
2009-03-06,0.031517256051301956
2009-03-09,0.032160088419914246
2009-03-10,0.032160088419914246
2009-03-11,0.033446673303842545
2009-03-12,0.031517256051301956
2009-03-13,0.031517256051301956
2009-03-16,0.031517256051301956
2009-03-17,0.032803844660520554
2009-03-18,0.032803844660520554
2009-03-19,0.032160088419914246
2009-03-20,0.032160088419914246
2009-03-23,0.032160088419914246
2009-03-24,0.03473326563835144
2009-03-25,0.032160088419914246
2009-03-26,0.033446673303842545
2009-03-27,0.033446673303842545
2009-03-30,0.033446673303842545
2009-03-31,0.031517256051301956
2009-04-01,0.032160088419914246
2009-04-02,0.038592107594013214
2009-04-03,0.03730551898479462
2009-04-06,0.03923586383461952
2009-04-07,0.038592107594013214
2009-04-08,0.03923586383461952
2009-04-09,0.04116528108716011
2009-04-14,0.038592107594013214
2009-04-15,0.04116528108716011
2009-04-16,0.03923586383461952
2009-04-17,0.04116528108716011
2009-04-20,0.03923586383461952
2009-04-21,0.03987869620323181
2009-04-22,0.04502412676811218
2009-04-23,0.04116528108716011
2009-04-24,0.04502412676811218
2009-04-27,0.04631071537733078
2009-04-28,0.0418081171810627
2009-04-29,0.04502412676811218
2009-04-30,0.04502412676811218
2009-05-01,0.04245186969637871
2009-05-04,0.04245186969637871
2009-05-05,0.0418081171810627
2009-05-06,0.0418081171810627
2009-05-07,0.04631071537733078
2009-05-08,0.04695446416735649
2009-05-11,0.04566787928342819
2009-05-12,0.04566787928342819
2009-05-13,0.04695446416735649
2009-05-14,0.04502412676811218
2009-05-15,0.04502412676811218
2009-05-18,0.043738462030887604
2009-05-19,0.04502412676811218
2009-05-20,0.04566787928342819
2009-05-21,0.04502412676811218
2009-05-22,0.05145706608891487
2009-05-25,0.049526721239089966
2009-05-26,0.05274273082613945
2009-05-27,0.05981850624084473
2009-05-28,0.05917475372552872
2009-05-29,0.05467307195067406
2009-06-01,0.05853191763162613
2009-06-02,0.05917475372552872
2009-06-03,0.05917475372552872
2009-06-04,0.05788908526301384
2009-06-05,0.05917475372552872
2009-06-09,0.05853191763162613
2009-06-10,0.07396912574768066
2009-06-11,0.07396912574768066
2009-06-12,0.07718513906002045
2009-06-15,0.07075311988592148
2009-06-16,0.07718513906002045
2009-06-17,0.06432109326124191
2009-06-18,0.06432109326124191
2009-06-19,0.0675371065735817
2009-06-22,0.061105091124773026
2009-06-23,0.061105091124773026
2009-06-24,0.05724532529711723
2009-06-25,0.06432109326124191
2009-06-26,0.05853191763162613
2009-06-29,0.05853191763162613
2009-06-30,0.061105091124773026
2009-07-01,0.061105091124773026
2009-07-02,0.06432109326124191
2009-07-03,0.06432109326124191
2009-07-06,0.05917475372552872
2009-07-07,0.05917475372552872
2009-07-08,0.06303451210260391
2009-07-09,0.07396912574768066
2009-07-10,0.06432109326124191
2009-07-13,0.06303451210260391
2009-07-14,0.061105091124773026
2009-07-15,0.06432109326124191
2009-07-16,0.07075311988592148
2009-07-17,0.07396912574768066
2009-07-20,0.07075311988592148
2009-07-21,0.06432109326124191
2009-07-22,0.06432109326124191
2009-07-23,0.06432109326124191
2009-07-24,0.06432109326124191
2009-07-27,0.060461338609457016
2009-07-28,0.061105091124773026
2009-07-29,0.06432109326124191
2009-07-30,0.06432109326124191
2009-07-31,0.07075311988592148
2009-08-03,0.06432109326124191
2009-08-04,0.07396912574768066
2009-08-05,0.07075311988592148
2009-08-06,0.07075311988592148
2009-08-07,0.08040114492177963
2009-08-10,0.0868331640958786
2009-08-11,0.09004917740821838
2009-08-12,0.08361715078353882
2009-08-13,0.0868331640958786
2009-08-14,0.08361715078353882
2009-08-17,0.08040114492177963
2009-08-18,0.07396912574768066
2009-08-19,0.07718513906002045
2009-08-20,0.08040114492177963
2009-08-21,0.09004917740821838
2009-08-24,0.09326518326997757
2009-08-25,0.09004917740821838
2009-08-26,0.08040114492177963
2009-08-27,0.08040114492177963
2009-08-28,0.0868331640958786
2009-08-31,0.07718513906002045
2009-09-01,0.07718513906002045
2009-09-02,0.07718513906002045
2009-09-03,0.07718513906002045
2009-09-04,0.08361715078353882
2009-09-07,0.09648118168115616
2009-09-08,0.10934614390134811
2009-09-09,0.10934614390134811
2009-09-10,0.1543712019920349
2009-09-11,0.18653127551078796
2009-09-14,0.1800992637872696
2009-09-15,0.17366725206375122
2009-09-16,0.18974728882312775
2009-09-17,0.18974728882312775
2009-09-18,0.17366725206375122
2009-09-21,0.16723521053791046
2009-09-22,0.1543712019920349
2009-09-23,0.16080321371555328
2009-09-24,0.14793825149536133
2009-09-25,0.16080321371555328
2009-09-28,0.16080321371555328
2009-09-29,0.15115424990653992
2009-09-30,0.14793825149536133
2009-10-01,0.15115424990653992
2009-10-02,0.13829022645950317
2009-10-05,0.12864218652248383
2009-10-06,0.11899417638778687
2009-10-07,0.1350742131471634
2009-10-08,0.13829022645950317
2009-10-09,0.1350742131471634
2009-10-12,0.1318581998348236
2009-10-13,0.14150623977184296
2009-10-14,0.14793825149536133
2009-10-15,0.16080321371555328
2009-10-16,0.14793825149536133
2009-10-19,0.14472223818302155
2009-10-20,0.1350742131471634
2009-10-21,0.14793825149536133
2009-10-22,0.14150623977184296
2009-10-23,0.14472223818302155
2009-10-26,0.13829022645950317
2009-10-27,0.1350742131471634
2009-10-28,0.1318581998348236
2009-10-29,0.12864218652248383
2009-10-30,0.13829022645950317
2009-11-02,0.12864218652248383
2009-11-03,0.16080321371555328
2009-11-04,0.16080321371555328
2009-11-05,0.16080321371555328
2009-11-06,0.16401922702789307
2009-11-09,0.17045122385025024
2009-11-10,0.17045122385025024
2009-11-11,0.16723521053791046
2009-11-12,0.16080321371555328
2009-11-13,0.16080321371555328
2009-11-16,0.18653127551078796
2009-11-17,0.1961793154478073
2009-11-18,0.18974728882312775
2009-11-19,0.1800992637872696
2009-11-20,0.19296330213546753
2009-11-23,0.19296330213546753
2009-11-24,0.1993953138589859
2009-11-25,0.18974728882312775
2009-11-26,0.19296330213546753
2009-11-27,0.17366725206375122
2009-11-30,0.18653127551078796
2009-12-01,0.18974728882312775
2009-12-02,0.19296330213546753
2009-12-03,0.18974728882312775
2009-12-04,0.18331526219844818
2009-12-07,0.17366725206375122
2009-12-08,0.19296330213546753
2009-12-09,0.21547628939151764
2009-12-10,0.20261132717132568
2009-12-11,0.20904424786567688
2009-12-14,0.221908301115036
2009-12-15,0.23477233946323395
2009-12-16,0.21547628939151764
2009-12-17,0.20582826435565948
2009-12-18,0.20261132717132568
2009-12-21,0.20904424786567688
2009-12-22,0.1961793154478073
2009-12-23,0.16723521053791046
2009-12-24,0.16080321371555328
2009-12-29,0.16723521053791046
2009-12-30,0.16723521053791046
2009-12-31,0.16723521053791046
2010-01-04,0.16401922702789307
2010-01-05,0.18331526219844818
2010-01-06,0.1768832504749298
2010-01-07,0.17366725206375122
2010-01-08,0.16723521053791046
2010-01-11,0.16080321371555328
2010-01-12,0.16723521053791046
2010-01-13,0.1575872153043747
2010-01-14,0.1575872153043747
2010-01-15,0.1543712019920349
2010-01-18,0.1543712019920349
2010-01-19,0.16080321371555328
2010-01-20,0.16401922702789307
2010-01-21,0.16080321371555328
2010-01-22,0.15115424990653992
2010-01-25,0.14793825149536133
2010-01-27,0.13829022645950317
2010-01-28,0.14472223818302155
2010-01-29,0.1318581998348236
2010-02-01,0.12221018224954605
2010-02-02,0.12221018224954605
2010-02-03,0.1350742131471634
2010-02-04,0.12864218652248383
2010-02-05,0.1125621497631073
2010-02-08,0.1125621497631073
2010-02-09,0.10934614390134811
2010-02-10,0.12864218652248383
2010-02-11,0.12542618811130524
2010-02-12,0.12864218652248383
2010-02-15,0.1318581998348236
2010-02-16,0.1318581998348236
2010-02-17,0.14150623977184296
2010-02-18,0.1318581998348236
2010-02-19,0.12542618811130524
2010-02-22,0.14150623977184296
2010-02-23,0.14150623977184296
2010-02-24,0.14150623977184296
2010-02-25,0.14793825149536133
2010-02-26,0.14150623977184296
2010-03-01,0.14472223818302155
2010-03-02,0.12864218652248383
2010-03-03,0.1350742131471634
2010-03-04,0.1350742131471634
2010-03-05,0.1350742131471634
2010-03-08,0.1350742131471634
2010-03-09,0.1350742131471634
2010-03-10,0.12864218652248383
2010-03-11,0.12864218652248383
2010-03-12,0.1318581998348236
2010-03-15,0.1350742131471634
2010-03-16,0.1350742131471634
2010-03-17,0.1350742131471634
2010-03-18,0.1350742131471634
2010-03-19,0.1318581998348236
2010-03-22,0.12864218652248383
2010-03-23,0.12864218652248383
2010-03-24,0.1318581998348236
2010-03-25,0.12864218652248383
2010-03-26,0.12542618811130524
2010-03-29,0.12864218652248383
2010-03-30,0.12542618811130524
2010-03-31,0.12542618811130524
2010-04-01,0.12221018224954605
2010-04-06,0.12221018224954605
2010-04-07,0.12221018224954605
2010-04-08,0.12864218652248383
2010-04-09,0.12864218652248383
2010-04-12,0.13829022645950317
2010-04-13,0.1350742131471634
2010-04-14,0.1318581998348236
2010-04-15,0.1350742131471634
2010-04-16,0.1318581998348236
2010-04-19,0.12864218652248383
2010-04-20,0.12864218652248383
2010-04-21,0.1318581998348236
2010-04-22,0.12864218652248383
2010-04-23,0.12221018224954605
2010-04-27,0.11899417638778687
2010-04-28,0.11899417638778687
2010-04-29,0.1125621497631073
2010-04-30,0.1125621497631073
2010-05-03,0.10934614390134811
2010-05-04,0.09969719499349594
2010-05-05,0.10291413217782974
2010-05-06,0.10934614390134811
2010-05-07,0.1125621497631073
2010-05-10,0.10934614390134811
2010-05-11,0.09648118168115616
2010-05-12,0.10613013803958893
2010-05-13,0.1125621497631073
2010-05-14,0.10934614390134811
2010-05-17,0.10291413217782974
2010-05-18,0.10291413217782974
2010-05-19,0.09648118168115616
2010-05-20,0.09326518326997757
2010-05-21,0.10291413217782974
2010-05-24,0.10291413217782974
2010-05-25,0.09326518326997757
2010-05-26,0.09004917740821838
2010-05-27,0.09004917740821838
2010-05-28,0.10291413217782974
2010-05-31,0.09326518326997757
2010-06-01,0.10291413217782974
2010-06-02,0.09326518326997757
2010-06-03,0.09326518326997757
2010-06-04,0.0868331640958786
2010-06-07,0.0868331640958786
2010-06-08,0.0868331640958786
2010-06-09,0.0868331640958786
2010-06-10,0.08361715078353882
2010-06-11,0.08361715078353882
2010-06-15,0.08361715078353882
2010-06-16,0.08361715078353882
2010-06-17,0.08040114492177963
2010-06-18,0.08361715078353882
2010-06-21,0.08361715078353882
2010-06-22,0.08361715078353882
2010-06-23,0.09004917740821838
2010-06-24,0.0868331640958786
2010-06-25,0.09004917740821838
2010-06-28,0.0868331640958786
2010-06-29,0.08361715078353882
2010-06-30,0.0868331640958786
2010-07-01,0.09326518326997757
2010-07-02,0.0868331640958786
2010-07-05,0.09326518326997757
2010-07-06,0.09326518326997757
2010-07-07,0.09648118168115616
2010-07-08,0.09648118168115616
2010-07-09,0.09648118168115616
2010-07-12,0.09326518326997757
2010-07-13,0.09326518326997757
2010-07-14,0.09004917740821838
2010-07-15,0.10291413217782974
2010-07-16,0.10291413217782974
2010-07-19,0.10291413217782974
2010-07-20,0.10291413217782974
2010-07-21,0.10934614390134811
2010-07-22,0.10934614390134811
2010-07-23,0.10613013803958893
2010-07-26,0.1125621497631073
2010-07-27,0.10613013803958893
2010-07-28,0.12221018224954605
2010-07-29,0.11899417638778687
2010-07-30,0.11577817052602768
2010-08-02,0.10613013803958893
2010-08-03,0.10934614390134811
2010-08-04,0.10613013803958893
2010-08-05,0.1125621497631073
2010-08-06,0.1125621497631073
2010-08-09,0.1125621497631073
2010-08-10,0.10934614390134811
2010-08-11,0.10613013803958893
2010-08-12,0.09648118168115616
2010-08-13,0.10613013803958893
2010-08-16,0.10291413217782974
2010-08-17,0.10934614390134811
2010-08-18,0.10613013803958893
2010-08-19,0.10613013803958893
2010-08-20,0.10291413217782974
2010-08-23,0.10934614390134811
2010-08-24,0.10291413217782974
2010-08-25,0.09648118168115616
2010-08-26,0.09969719499349594
2010-08-27,0.09969719499349594
2010-08-30,0.10291413217782974
2010-08-31,0.10291413217782974
2010-09-01,0.10291413217782974
2010-09-02,0.10291413217782974
2010-09-03,0.10291413217782974
2010-09-06,0.11577817052602768
2010-09-07,0.11577817052602768
2010-09-08,0.12221018224954605
2010-09-09,0.11577817052602768
2010-09-10,0.11577817052602768
2010-09-13,0.11577817052602768
2010-09-14,0.11899417638778687
2010-09-15,0.10934614390134811
2010-09-16,0.10613013803958893
2010-09-17,0.11899417638778687
2010-09-20,0.1318581998348236
2010-09-21,0.12542618811130524
2010-09-22,0.10934614390134811
2010-09-23,0.11577817052602768
2010-09-24,0.10934614390134811
2010-09-27,0.10934614390134811
2010-09-28,0.11577817052602768
2010-09-29,0.12221018224954605
2010-09-30,0.1125621497631073
2010-10-01,0.11899417638778687
2010-10-04,0.11899417638778687
2010-10-05,0.12221018224954605
2010-10-06,0.12864218652248383
2010-10-07,0.12864218652248383
2010-10-08,0.1350742131471634
2010-10-11,0.14472223818302155
2010-10-12,0.12864218652248383
2010-10-13,0.12542618811130524
2010-10-14,0.14472223818302155
2010-10-15,0.14150623977184296
2010-10-18,0.1543712019920349
2010-10-19,0.1543712019920349
2010-10-20,0.14793825149536133
2010-10-21,0.14793825149536133
2010-10-22,0.1543712019920349
2010-10-25,0.16723521053791046
2010-10-26,0.16723521053791046
2010-10-27,0.16401922702789307
2010-10-28,0.1575872153043747
2010-10-29,0.1575872153043747
2010-11-01,0.1543712019920349
2010-11-02,0.1543712019920349
2010-11-03,0.1543712019920349
2010-11-04,0.15115424990653992
2010-11-05,0.15115424990653992
2010-11-08,0.14150623977184296
2010-11-09,0.14150623977184296
2010-11-10,0.14150623977184296
2010-11-11,0.14150623977184296
2010-11-12,0.14150623977184296
2010-11-15,0.1350742131471634
2010-11-16,0.1575872153043747
2010-11-17,0.1543712019920349
2010-11-18,0.14793825149536133
2010-11-19,0.14150623977184296
2010-11-22,0.14793825149536133
2010-11-23,0.1350742131471634
2010-11-24,0.13829022645950317
2010-11-25,0.14793825149536133
2010-11-26,0.14793825149536133
2010-11-29,0.11899417638778687
2010-11-30,0.11899417638778687
2010-12-01,0.11577817052602768
2010-12-02,0.11899417638778687
2010-12-03,0.11899417638778687
2010-12-06,0.11899417638778687
2010-12-07,0.11899417638778687
2010-12-08,0.11577817052602768
2010-12-09,0.1318581998348236
2010-12-10,0.12221018224954605
2010-12-13,0.12221018224954605
2010-12-14,0.12542618811130524
2010-12-15,0.12542618811130524
2010-12-16,0.12221018224954605
2010-12-17,0.12864218652248383
2010-12-20,0.12221018224954605
2010-12-21,0.12864218652248383
2010-12-22,0.12542618811130524
2010-12-23,0.12542618811130524
2010-12-24,0.12542618811130524
2010-12-29,0.12542618811130524
2010-12-30,0.12221018224954605
2010-12-31,0.12221018224954605
2011-01-04,0.11899417638778687
2011-01-05,0.11899417638778687
2011-01-06,0.11899417638778687
2011-01-07,0.12221018224954605
2011-01-10,0.11899417638778687
2011-01-11,0.11577817052602768
2011-01-12,0.11577817052602768
2011-01-13,0.11899417638778687
2011-01-14,0.11577817052602768
2011-01-17,0.1125621497631073
2011-01-18,0.12221018224954605
2011-01-19,0.12221018224954605
2011-01-20,0.12221018224954605
2011-01-21,0.12221018224954605
2011-01-24,0.12221018224954605
2011-01-25,0.11577817052602768
2011-01-27,0.12221018224954605
2011-01-28,0.11577817052602768
2011-01-31,0.1125621497631073
2011-02-01,0.1125621497631073
2011-02-02,0.11577817052602768
2011-02-03,0.10934614390134811
2011-02-04,0.1125621497631073
2011-02-07,0.11577817052602768
2011-02-08,0.11577817052602768
2011-02-09,0.11899417638778687
2011-02-10,0.11899417638778687
2011-02-11,0.1125621497631073
2011-02-14,0.10934614390134811
2011-02-15,0.1125621497631073
2011-02-16,0.1125621497631073
2011-02-17,0.10613013803958893
2011-02-18,0.11899417638778687
2011-02-21,0.10934614390134811
2011-02-22,0.10934614390134811
2011-02-23,0.1125621497631073
2011-02-24,0.1125621497631073
2011-02-25,0.10934614390134811
2011-02-28,0.12864218652248383
2011-03-01,0.12221018224954605
2011-03-02,0.11577817052602768
2011-03-03,0.12221018224954605
2011-03-04,0.1125621497631073
2011-03-07,0.1125621497631073
2011-03-08,0.12221018224954605
2011-03-09,0.12221018224954605
2011-03-10,0.1125621497631073
2011-03-11,0.10934614390134811
2011-03-15,0.09648118168115616
2011-03-16,0.10291413217782974
2011-03-17,0.10613013803958893
2011-03-18,0.10613013803958893
2011-03-21,0.10613013803958893
2011-03-22,0.09969719499349594
2011-03-23,0.09969719499349594
2011-03-24,0.10613013803958893
2011-03-25,0.10934614390134811
2011-03-28,0.10291413217782974
2011-03-29,0.10613013803958893
2011-03-30,0.10291413217782974
2011-03-31,0.10613013803958893
2011-04-01,0.10934614390134811
2011-04-04,0.10613013803958893
2011-04-05,0.10291413217782974
2011-04-06,0.10613013803958893
2011-04-07,0.10291413217782974
2011-04-08,0.10291413217782974
2011-04-11,0.10613013803958893
2011-04-12,0.10613013803958893
2011-04-13,0.09969719499349594
2011-04-14,0.09648118168115616
2011-04-15,0.09969719499349594
2011-04-18,0.09648118168115616
2011-04-19,0.09969719499349594
2011-04-20,0.09648118168115616
2011-04-21,0.09648118168115616
2011-04-27,0.09648118168115616
2011-04-28,0.09648118168115616
2011-04-29,0.09326518326997757
2011-05-02,0.09326518326997757
2011-05-03,0.09004917740821838
2011-05-04,0.09004917740821838
2011-05-05,0.09004917740821838
2011-05-06,0.09004917740821838
2011-05-09,0.09004917740821838
2011-05-10,0.09004917740821838
2011-05-11,0.09004917740821838
2011-05-12,0.09004917740821838
2011-05-13,0.09004917740821838
2011-05-16,0.08040114492177963
2011-05-17,0.09004917740821838
2011-05-18,0.08361715078353882
2011-05-19,0.09004917740821838
2011-05-20,0.08361715078353882
2011-05-23,0.08040114492177963
2011-05-24,0.08361715078353882
2011-05-25,0.08361715078353882
2011-05-26,0.0868331640958786
2011-05-27,0.08361715078353882
2011-05-30,0.08040114492177963
2011-05-31,0.07718513906002045
2011-06-01,0.07718513906002045
2011-06-02,0.07718513906002045
2011-06-03,0.07396912574768066
2011-06-06,0.07396912574768066
2011-06-07,0.07396912574768066
2011-06-08,0.07396912574768066
2011-06-09,0.08040114492177963
2011-06-10,0.07396912574768066
2011-06-14,0.07396912574768066
2011-06-15,0.07718513906002045
2011-06-16,0.061105091124773026
2011-06-17,0.07075311988592148
2011-06-20,0.0675371065735817
2011-06-21,0.0675371065735817
2011-06-22,0.06432109326124191
2011-06-23,0.06432109326124191
2011-06-24,0.06303451210260391
2011-06-27,0.061747923493385315
2011-06-28,0.060461338609457016
2011-06-29,0.06432109326124191
2011-06-30,0.062391676008701324
2011-07-01,0.06432109326124191
2011-07-04,0.0675371065735817
2011-07-05,0.07718513906002045
2011-07-06,0.07718513906002045
2011-07-07,0.08040114492177963
2011-07-08,0.08040114492177963
2011-07-11,0.07396912574768066
2011-07-12,0.07396912574768066
2011-07-13,0.07718513906002045
2011-07-14,0.0675371065735817
2011-07-15,0.07075311988592148
2011-07-18,0.0675371065735817
2011-07-19,0.07075311988592148
2011-07-20,0.06432109326124191
2011-07-21,0.07075311988592148
2011-07-22,0.07075311988592148
2011-07-25,0.07396912574768066
2011-07-26,0.08040114492177963
2011-07-27,0.08361715078353882
2011-07-28,0.08361715078353882
2011-07-29,0.08040114492177963
2011-08-02,0.08040114492177963
2011-08-03,0.08040114492177963
2011-08-04,0.07075311988592148
2011-08-05,0.06432109326124191
2011-08-08,0.061747923493385315
2011-08-09,0.055958740413188934
2011-08-10,0.06432109326124191
2011-08-11,0.061105091124773026
2011-08-12,0.06303451210260391
2011-08-15,0.0675371065735817
2011-08-16,0.06432109326124191
2011-08-17,0.0636773407459259
2011-08-18,0.06432109326124191
2011-08-19,0.060461338609457016
2011-08-22,0.06303451210260391
2011-08-23,0.06303451210260391
2011-08-24,0.06303451210260391
2011-08-25,0.05853191763162613
2011-08-26,0.05917475372552872
2011-08-29,0.05853191763162613
2011-08-30,0.05788908526301384
2011-08-31,0.05917475372552872
2011-09-01,0.061105091124773026
2011-09-02,0.062391676008701324
2011-09-05,0.06432109326124191
2011-09-06,0.061747923493385315
2011-09-07,0.061747923493385315
2011-09-08,0.06432109326124191
2011-09-09,0.06432109326124191
2011-09-12,0.06432109326124191
2011-09-13,0.06432109326124191
2011-09-14,0.05981850624084473
2011-09-15,0.05788908526301384
2011-09-16,0.056602492928504944
2011-09-19,0.055315908044576645
2011-09-20,0.05274273082613945
2011-09-21,0.05274273082613945
2011-09-22,0.05274273082613945
2011-09-23,0.050170477479696274
2011-09-26,0.050170477479696274
2011-09-27,0.04824013262987137
2011-09-28,0.05145706608891487
2011-09-29,0.04824013262987137
2011-09-30,0.049526721239089966
2011-10-04,0.05145706608891487
2011-10-05,0.050170477479696274
2011-10-06,0.05145706608891487
2011-10-07,0.05145706608891487
2011-10-10,0.05145706608891487
2011-10-11,0.05467307195067406
2011-10-12,0.05467307195067406
2011-10-13,0.05788908526301384
2011-10-14,0.05981850624084473
2011-10-17,0.060461338609457016
2011-10-18,0.05981850624084473
2011-10-19,0.055958740413188934
2011-10-20,0.055958740413188934
2011-10-21,0.05853191763162613
2011-10-24,0.055315908044576645
2011-10-25,0.05788908526301384
2011-10-26,0.05467307195067406
2011-10-27,0.056602492928504944
2011-10-28,0.055315908044576645
2011-10-31,0.055315908044576645
2011-11-02,0.05274273082613945
2011-11-03,0.05467307195067406
2011-11-04,0.05274273082613945
2011-11-07,0.05274273082613945
2011-11-08,0.05467307195067406
2011-11-09,0.05467307195067406
2011-11-10,0.05467307195067406
2011-11-11,0.05467307195067406
2011-11-14,0.05467307195067406
2011-11-15,0.05274273082613945
2011-11-16,0.05788908526301384
2011-11-17,0.05917475372552872
2011-11-18,0.05917475372552872
2011-11-21,0.05467307195067406
2011-11-22,0.05467307195067406
2011-11-23,0.05209989845752716
2011-11-24,0.05209989845752716
2011-11-25,0.049526721239089966
2011-11-28,0.050170477479696274
2011-11-29,0.04824013262987137
2011-11-30,0.04824013262987137
2011-12-01,0.04824013262987137
2011-12-02,0.04824013262987137
2011-12-05,0.04824013262987137
2011-12-06,0.050170477479696274
2011-12-07,0.050170477479696274
2011-12-08,0.05209989845752716
2011-12-09,0.05209989845752716
2011-12-12,0.05209989845752716
2011-12-13,0.05209989845752716
2011-12-14,0.04824013262987137
2011-12-15,0.04824013262987137
2011-12-16,0.04824013262987137
2011-12-19,0.04759730026125908
2011-12-20,0.04759730026125908
2011-12-21,0.043094705790281296
2011-12-22,0.04502412676811218
2011-12-23,0.043094705790281296
2011-12-28,0.043094705790281296
2011-12-29,0.04824013262987137
2011-12-30,0.04759730026125908
2012-01-03,0.04759730026125908
2012-01-04,0.04759730026125908
2012-01-05,0.04502412676811218
2012-01-06,0.04502412676811218
2012-01-09,0.043094705790281296
2012-01-10,0.04502412676811218
2012-01-11,0.043738462030887604
2012-01-12,0.043738462030887604
2012-01-13,0.04566787928342819
2012-01-16,0.04502412676811218
2012-01-17,0.043094705790281296
2012-01-18,0.04502412676811218
2012-01-19,0.0418081171810627
2012-01-20,0.04245186969637871
2012-01-23,0.0418081171810627
2012-01-24,0.0418081171810627
2012-01-25,0.03987869620323181
2012-01-27,0.03987869620323181
2012-01-30,0.038592107594013214
2012-01-31,0.03923586383461952
2012-02-01,0.03923586383461952
2012-02-02,0.03923586383461952
2012-02-03,0.038592107594013214
2012-02-06,0.03730551898479462
2012-02-07,0.037949271500110626
2012-02-08,0.038592107594013214
2012-02-09,0.03730551898479462
2012-02-10,0.038592107594013214
2012-02-13,0.043094705790281296
2012-02-14,0.04759730026125908
2012-02-15,0.04502412676811218
2012-02-16,0.04502412676811218
2012-02-17,0.043738462030887604
2012-02-20,0.043738462030887604
2012-02-21,0.04759730026125908
2012-02-22,0.04695446416735649
2012-02-23,0.04502412676811218
2012-02-24,0.04695446416735649
2012-02-27,0.048883888870477676
2012-02-28,0.050170477479696274
2012-02-29,0.05145706608891487
2012-03-01,0.04824013262987137
2012-03-02,0.04824013262987137
2012-03-05,0.04631071537733078
2012-03-06,0.04245186969637871
2012-03-07,0.03987869620323181
2012-03-08,0.0418081171810627
2012-03-09,0.0418081171810627
2012-03-12,0.0418081171810627
2012-03-13,0.04502412676811218
2012-03-14,0.04759730026125908
2012-03-15,0.04759730026125908
2012-03-16,0.04824013262987137
2012-03-19,0.06432109326124191
2012-03-20,0.0675371065735817
2012-03-21,0.0636773407459259
2012-03-22,0.061747923493385315
2012-03-23,0.061747923493385315
2012-03-26,0.07396912574768066
2012-03-27,0.060461338609457016
2012-03-28,0.05981850624084473
2012-03-29,0.060461338609457016
2012-03-30,0.060461338609457016
2012-04-02,0.05788908526301384
2012-04-03,0.060461338609457016
2012-04-04,0.056602492928504944
2012-04-05,0.05788908526301384
2012-04-10,0.060461338609457016
2012-04-11,0.05788908526301384
2012-04-12,0.061747923493385315
2012-04-13,0.060461338609457016
2012-04-16,0.05788908526301384
2012-04-17,0.05788908526301384
2012-04-18,0.061105091124773026
2012-04-19,0.05788908526301384
2012-04-20,0.05788908526301384
2012-04-23,0.05788908526301384
2012-04-24,0.05402931571006775
2012-04-26,0.05145706608891487
2012-04-27,0.05145706608891487
2012-04-30,0.05145706608891487
2012-05-01,0.05145706608891487
2012-05-02,0.055315908044576645
2012-05-03,0.04759730026125908
2012-05-04,0.05145706608891487
2012-05-07,0.049526721239089966
2012-05-08,0.04631071537733078
2012-05-09,0.04438129439949989
2012-05-10,0.043094705790281296
2012-05-11,0.04438129439949989
2012-05-14,0.04566787928342819
2012-05-15,0.04502412676811218
2012-05-16,0.04245186969637871
2012-05-17,0.0418081171810627
2012-05-18,0.0405215285718441
2012-05-21,0.0405215285718441
2012-05-22,0.0418081171810627
2012-05-23,0.03923586383461952
2012-05-24,0.0418081171810627
2012-05-25,0.0418081171810627
2012-05-28,0.037949271500110626
2012-05-29,0.03923586383461952
2012-05-30,0.038592107594013214
2012-05-31,0.037949271500110626
2012-06-01,0.03730551898479462
2012-06-04,0.03666268661618233
2012-06-05,0.04116528108716011
2012-06-06,0.04116528108716011
2012-06-07,0.04116528108716011
2012-06-08,0.03601985424757004
2012-06-12,0.03666268661618233
2012-06-13,0.03730551898479462
2012-06-14,0.03730551898479462
2012-06-15,0.03601985424757004
2012-06-18,0.03601985424757004
2012-06-19,0.03537609800696373
2012-06-20,0.03666268661618233
2012-06-21,0.03537609800696373
2012-06-22,0.03537609800696373
2012-06-25,0.033446673303842545
2012-06-26,0.033446673303842545
2012-06-27,0.033446673303842545
2012-06-28,0.032803844660520554
2012-06-29,0.033446673303842545
2012-07-02,0.033446673303842545
2012-07-03,0.032160088419914246
2012-07-04,0.032160088419914246
2012-07-05,0.032803844660520554
2012-07-06,0.033446673303842545
2012-07-09,0.032160088419914246
2012-07-10,0.032160088419914246
2012-07-11,0.032160088419914246
2012-07-12,0.032160088419914246
2012-07-13,0.032160088419914246
2012-07-16,0.032160088419914246
2012-07-17,0.030230669304728508
2012-07-18,0.030230669304728508
2012-07-19,0.030230669304728508
2012-07-20,0.030230669304728508
2012-07-23,0.030230669304728508
2012-07-24,0.02958691120147705
2012-07-25,0.02958691120147705
2012-07-26,0.02958691120147705
2012-07-27,0.030230669304728508
2012-07-30,0.02894408255815506
2012-07-31,0.030873503535985947
2012-08-01,0.030873503535985947
2012-08-02,0.030873503535985947
2012-08-03,0.030873503535985947
2012-08-06,0.030230669304728508
2012-08-07,0.030230669304728508
2012-08-08,0.030230669304728508
2012-08-09,0.02894408255815506
2012-08-10,0.028301246464252472
2012-08-13,0.028301246464252472
2012-08-14,0.028301246464252472
2012-08-15,0.028301246464252472
2012-08-16,0.027657492086291313
2012-08-17,0.027657492086291313
2012-08-20,0.027657492086291313
2012-08-21,0.02958691120147705
2012-08-22,0.02958691120147705
2012-08-23,0.02958691120147705
2012-08-24,0.027657492086291313
2012-08-27,0.027657492086291313
2012-08-28,0.027657492086291313
2012-08-29,0.025728072971105576
2012-08-30,0.025728072971105576
2012-08-31,0.025728072971105576
2012-09-03,0.025728072971105576
2012-09-04,0.02251206338405609
2012-09-05,0.02251206338405609
2012-09-06,0.02251206338405609
2012-09-07,0.02379865013062954
2012-09-10,0.02379865013062954
2012-09-11,0.02379865013062954
2012-09-12,0.02379865013062954
2012-09-13,0.02444148249924183
2012-09-14,0.02894408255815506
2012-09-17,0.027014657855033875
2012-09-18,0.02894408255815506
2012-09-19,0.02894408255815506
2012-09-20,0.032160088419914246
2012-09-21,0.032160088419914246
2012-09-24,0.032160088419914246
2012-09-25,0.033446673303842545
2012-09-26,0.032803844660520554
2012-09-27,0.032803844660520554
2012-09-28,0.032803844660520554
2012-10-01,0.032803844660520554
2012-10-02,0.032803844660520554
2012-10-03,0.032160088419914246
2012-10-04,0.032160088419914246
2012-10-05,0.02958691120147705
2012-10-08,0.02958691120147705
2012-10-09,0.02958691120147705
2012-10-10,0.02958691120147705
2012-10-11,0.02958691120147705
2012-10-12,0.027657492086291313
2012-10-15,0.027657492086291313
2012-10-16,0.027657492086291313
2012-10-17,0.02894408255815506
2012-10-18,0.02894408255815506
2012-10-19,0.032160088419914246
2012-10-22,0.032160088419914246
2012-10-23,0.032160088419914246
2012-10-24,0.032160088419914246
2012-10-25,0.032160088419914246
2012-10-26,0.032160088419914246
2012-10-29,0.032160088419914246
2012-10-30,0.033446673303842545
2012-10-31,0.03730551898479462
2012-11-01,0.03730551898479462
2012-11-02,0.037949271500110626
2012-11-05,0.038592107594013214
2012-11-06,0.038592107594013214
2012-11-07,0.038592107594013214
2012-11-08,0.038592107594013214
2012-11-09,0.038592107594013214
2012-11-12,0.0405215285718441
2012-11-13,0.038592107594013214
2012-11-14,0.038592107594013214
2012-11-15,0.038592107594013214
2012-11-16,0.038592107594013214
2012-11-19,0.038592107594013214
2012-11-20,0.03730551898479462
2012-11-21,0.03666268661618233
2012-11-22,0.03666268661618233
2012-11-23,0.03666268661618233
2012-11-26,0.03666268661618233
2012-11-27,0.03601985424757004
2012-11-28,0.03408950939774513
2012-11-29,0.03408950939774513
2012-11-30,0.03537609800696373
2012-12-03,0.03537609800696373
2012-12-04,0.033446673303842545
2012-12-05,0.033446673303842545
2012-12-06,0.03473326563835144
2012-12-07,0.03473326563835144
2012-12-10,0.03730551898479462
2012-12-11,0.03730551898479462
2012-12-12,0.03730551898479462
2012-12-13,0.03987869620323181
2012-12-14,0.03923586383461952
2012-12-17,0.03923586383461952
2012-12-18,0.03987869620323181
2012-12-19,0.0418081171810627
2012-12-20,0.0405215285718441
2012-12-21,0.0405215285718441
2012-12-24,0.03987869620323181
2012-12-27,0.03987869620323181
2012-12-28,0.037949271500110626
2012-12-31,0.037949271500110626
2013-01-02,0.037949271500110626
2013-01-03,0.03923586383461952
2013-01-04,0.03923586383461952
2013-01-07,0.03601985424757004
2013-01-08,0.03408950939774513
2013-01-09,0.03408950939774513
2013-01-10,0.03408950939774513
2013-01-11,0.03408950939774513
2013-01-14,0.03537609800696373
2013-01-15,0.032160088419914246
2013-01-16,0.032160088419914246
2013-01-17,0.032160088419914246
2013-01-18,0.030230669304728508
2013-01-21,0.032160088419914246
2013-01-22,0.032160088419914246
2013-01-23,0.02894408255815506
2013-01-24,0.027014657855033875
2013-01-25,0.027014657855033875
2013-01-29,0.027014657855033875
2013-01-30,0.027014657855033875
2013-01-31,0.027014657855033875
2013-02-01,0.027014657855033875
2013-02-04,0.027014657855033875
2013-02-05,0.025728072971105576
2013-02-06,0.026370907202363014
2013-02-07,0.026370907202363014
2013-02-08,0.026370907202363014
2013-02-11,0.025728072971105576
2013-02-12,0.025728072971105576
2013-02-13,0.026370907202363014
2013-02-14,0.027657492086291313
2013-02-15,0.028301246464252472
2013-02-18,0.02894408255815506
2013-02-19,0.02958691120147705
2013-02-20,0.032160088419914246
2013-02-21,0.030873503535985947
2013-02-22,0.030230669304728508
2013-02-25,0.030230669304728508
2013-02-26,0.030230669304728508
2013-02-27,0.030230669304728508
2013-02-28,0.02894408255815506
2013-03-01,0.02894408255815506
2013-03-04,0.025728072971105576
2013-03-05,0.027014657855033875
2013-03-06,0.025728072971105576
2013-03-07,0.026370907202363014
2013-03-08,0.025728072971105576
2013-03-11,0.025728072971105576
2013-03-12,0.027657492086291313
2013-03-13,0.027657492086291313
2013-03-14,0.025728072971105576
2013-03-15,0.025728072971105576
2013-03-18,0.026370907202363014
2013-03-19,0.025728072971105576
2013-03-20,0.025728072971105576
2013-03-21,0.025728072971105576
2013-03-22,0.025728072971105576
2013-03-25,0.025728072971105576
2013-03-26,0.025728072971105576
2013-03-27,0.025728072971105576
2013-03-28,0.025728072971105576
2013-04-02,0.025728072971105576
2013-04-03,0.027014657855033875
2013-04-04,0.025728072971105576
2013-04-05,0.025728072971105576
2013-04-08,0.025085238739848137
2013-04-09,0.02444148249924183
2013-04-10,0.02444148249924183
2013-04-11,0.025728072971105576
2013-04-12,0.026370907202363014
2013-04-15,0.026370907202363014
2013-04-16,0.027014657855033875
2013-04-17,0.02315489575266838
2013-04-18,0.02315489575266838
2013-04-19,0.02315489575266838
2013-04-22,0.02444148249924183
2013-04-23,0.02444148249924183
2013-04-24,0.027014657855033875
2013-04-26,0.027014657855033875
2013-04-29,0.027014657855033875
2013-04-30,0.12864218652248383
2013-05-01,0.10291413217782974
2013-05-02,0.09326518326997757
2013-05-03,0.09004917740821838
2013-05-06,0.07396912574768066
2013-05-07,0.09969719499349594
2013-05-08,0.06432109326124191
2013-05-09,0.05724532529711723
2013-05-10,0.0675371065735817
2013-05-13,0.0636773407459259
2013-05-14,0.07075311988592148
2013-05-15,0.06432109326124191
2013-05-16,0.062391676008701324
2013-05-17,0.05788908526301384
2013-05-20,0.060461338609457016
2013-05-21,0.055315908044576645
2013-05-22,0.05724532529711723
2013-05-23,0.05274273082613945
2013-05-24,0.04759730026125908
2013-05-27,0.04631071537733078
2013-05-28,0.05467307195067406
2013-05-29,0.04824013262987137
2013-05-30,0.04824013262987137
2013-05-31,0.04824013262987137
2013-06-03,0.05274273082613945
2013-06-04,0.06432109326124191
2013-06-05,0.061105091124773026
2013-06-06,0.07396912574768066
2013-06-07,0.07075311988592148
2013-06-11,0.07396912574768066
2013-06-12,0.07718513906002045
2013-06-13,0.07718513906002045
2013-06-14,0.06432109326124191
2013-06-17,0.06303451210260391
2013-06-18,0.061747923493385315
2013-06-19,0.060461338609457016
2013-06-20,0.05981850624084473
2013-06-21,0.056602492928504944
2013-06-24,0.05274273082613945
2013-06-25,0.05402931571006775
2013-06-26,0.05853191763162613
2013-06-27,0.05981850624084473
2013-06-28,0.061747923493385315
2013-07-01,0.062391676008701324
2013-07-02,0.06303451210260391
2013-07-03,0.061105091124773026
2013-07-04,0.0636773407459259
2013-07-05,0.0636773407459259
2013-07-08,0.061105091124773026
2013-07-09,0.055958740413188934
2013-07-10,0.055958740413188934
2013-07-11,0.061747923493385315
2013-07-12,0.06303451210260391
2013-07-15,0.05338648706674576
2013-07-16,0.049526721239089966
2013-07-17,0.049526721239089966
2013-07-18,0.05338648706674576
2013-07-19,0.050170477479696274
2013-07-22,0.05145706608891487
2013-07-23,0.05145706608891487
2013-07-24,0.05145706608891487
2013-07-25,0.049526721239089966
2013-07-26,0.05145706608891487
2013-07-29,0.050170477479696274
2013-07-30,0.048883888870477676
2013-07-31,0.049526721239089966
2013-08-01,0.050170477479696274
2013-08-02,0.050170477479696274
2013-08-05,0.05145706608891487
2013-08-06,0.05081331357359886
2013-08-07,0.050170477479696274
2013-08-08,0.05081331357359886
2013-08-09,0.048883888870477676
2013-08-12,0.048883888870477676
2013-08-13,0.05081331357359886
2013-08-14,0.05145706608891487
2013-08-15,0.048883888870477676
2013-08-16,0.048883888870477676
2013-08-19,0.04824013262987137
2013-08-20,0.049526721239089966
2013-08-21,0.04759730026125908
2013-08-22,0.04759730026125908
2013-08-23,0.04566787928342819
2013-08-26,0.04502412676811218
2013-08-27,0.04824013262987137
2013-08-28,0.04502412676811218
2013-08-29,0.04438129439949989
2013-08-30,0.04502412676811218
2013-09-02,0.04824013262987137
2013-09-03,0.04502412676811218
2013-09-04,0.04695446416735649
2013-09-05,0.04695446416735649
2013-09-06,0.04695446416735649
2013-09-09,0.04502412676811218
2013-09-10,0.04759730026125908
2013-09-11,0.04631071537733078
2013-09-12,0.04759730026125908
2013-09-13,0.04759730026125908
2013-09-16,0.04566787928342819
2013-09-17,0.04502412676811218
2013-09-18,0.04695446416735649
2013-09-19,0.04759730026125908
2013-09-20,0.04566787928342819
2013-09-23,0.04438129439949989
2013-09-24,0.04438129439949989
2013-09-25,0.04566787928342819
2013-09-26,0.043738462030887604
2013-09-27,0.043738462030887604
2013-09-30,0.04502412676811218
2013-10-01,0.043094705790281296
2013-10-02,0.0405215285718441
2013-10-03,0.0418081171810627
2013-10-04,0.0418081171810627
2013-10-07,0.038592107594013214
2013-10-08,0.03730551898479462
2013-10-09,0.037949271500110626
2013-10-10,0.03987869620323181
2013-10-11,0.03987869620323181
2013-10-14,0.03987869620323181
2013-10-15,0.03987869620323181
2013-10-16,0.038592107594013214
2013-10-17,0.038592107594013214
2013-10-18,0.037949271500110626
2013-10-21,0.038592107594013214
2013-10-22,0.04438129439949989
2013-10-23,0.03923586383461952
2013-10-24,0.0405215285718441
2013-10-25,0.037949271500110626
2013-10-28,0.038592107594013214
2013-10-29,0.03730551898479462
2013-10-30,0.0405215285718441
2013-10-31,0.0405215285718441
2013-11-01,0.0405215285718441
2013-11-04,0.037949271500110626
2013-11-05,0.037949271500110626
2013-11-06,0.03730551898479462
2013-11-07,0.03730551898479462
2013-11-08,0.03601985424757004
2013-11-11,0.03537609800696373
2013-11-12,0.03537609800696373
2013-11-13,0.033446673303842545
2013-11-14,0.03601985424757004
2013-11-15,0.03987869620323181
2013-11-18,0.037949271500110626
2013-11-19,0.03666268661618233
2013-11-20,0.037949271500110626
2013-11-21,0.03730551898479462
2013-11-22,0.03666268661618233
2013-11-25,0.03730551898479462
2013-11-26,0.03537609800696373
2013-11-27,0.03537609800696373
2013-11-28,0.03666268661618233
2013-11-29,0.03473326563835144
2013-12-02,0.033446673303842545
2013-12-03,0.033446673303842545
2013-12-04,0.032803844660520554
2013-12-05,0.03473326563835144
2013-12-06,0.03473326563835144
2013-12-09,0.03537609800696373
2013-12-10,0.03537609800696373
2013-12-11,0.03537609800696373
2013-12-12,0.03473326563835144
2013-12-13,0.03537609800696373
2013-12-16,0.03537609800696373
2013-12-17,0.03666268661618233
2013-12-18,0.04502412676811218
2013-12-19,0.0418081171810627
2013-12-20,0.038592107594013214
2013-12-23,0.03987869620323181
2013-12-24,0.03666268661618233
2013-12-27,0.03666268661618233
2013-12-30,0.038592107594013214
2013-12-31,0.038592107594013214
2014-01-02,0.038592107594013214
2014-01-03,0.03987869620323181
2014-01-06,0.0405215285718441
2014-01-07,0.04116528108716011
2014-01-08,0.0405215285718441
2014-01-09,0.0405215285718441
2014-01-10,0.038592107594013214
2014-01-13,0.038592107594013214
2014-01-14,0.038592107594013214
2014-01-15,0.038592107594013214
2014-01-16,0.03923586383461952
2014-01-17,0.038592107594013214
2014-01-20,0.043738462030887604
2014-01-21,0.04245186969637871
2014-01-22,0.043738462030887604
2014-01-23,0.04116528108716011
2014-01-24,0.04245186969637871
2014-01-28,0.0405215285718441
2014-01-29,0.04116528108716011
2014-01-30,0.04116528108716011
2014-01-31,0.04116528108716011
2014-02-03,0.0418081171810627
2014-02-04,0.03923586383461952
2014-02-05,0.04245186969637871
2014-02-06,0.04245186969637871
2014-02-07,0.04245186969637871
2014-02-10,0.04245186969637871
2014-02-11,0.043738462030887604
2014-02-12,0.0405215285718441
2014-02-13,0.0405215285718441
2014-02-14,0.043738462030887604
2014-02-17,0.04695446416735649
2014-02-18,0.0418081171810627
2014-02-19,0.043094705790281296
2014-02-20,0.04245186969637871
2014-02-21,0.04245186969637871
2014-02-24,0.04245186969637871
2014-02-25,0.04438129439949989
2014-02-26,0.04245186969637871
2014-02-27,0.04245186969637871
2014-02-28,0.04245186969637871
2014-03-03,0.043738462030887604
2014-03-04,0.0418081171810627
2014-03-05,0.043094705790281296
2014-03-06,0.03987869620323181
2014-03-07,0.03987869620323181
2014-03-10,0.03987869620323181
2014-03-11,0.04116528108716011
2014-03-12,0.03923586383461952
2014-03-13,0.03987869620323181
2014-03-14,0.038592107594013214
2014-03-17,0.03923586383461952
2014-03-18,0.037949271500110626
2014-03-19,0.038592107594013214
2014-03-20,0.03666268661618233
2014-03-21,0.037949271500110626
2014-03-24,0.03601985424757004
2014-03-25,0.03601985424757004
2014-03-26,0.038592107594013214
2014-03-27,0.03473326563835144
2014-03-28,0.037949271500110626
2014-03-31,0.037949271500110626
2014-04-01,0.03601985424757004
2014-04-02,0.03601985424757004
2014-04-03,0.03601985424757004
2014-04-04,0.03730551898479462
2014-04-07,0.03666268661618233
2014-04-08,0.03537609800696373
2014-04-09,0.03473326563835144
2014-04-10,0.032160088419914246
2014-04-11,0.03473326563835144
2014-04-14,0.03473326563835144
2014-04-15,0.032160088419914246
2014-04-16,0.032160088419914246
2014-04-17,0.032160088419914246
2014-04-22,0.032803844660520554
2014-04-23,0.032160088419914246
2014-04-24,0.030873503535985947
2014-04-28,0.033446673303842545
2014-04-29,0.032160088419914246
2014-04-30,0.032160088419914246
2014-05-01,0.033446673303842545
2014-05-02,0.030873503535985947
2014-05-05,0.031517256051301956
2014-05-06,0.031517256051301956
2014-05-07,0.032160088419914246
2014-05-08,0.032160088419914246
2014-05-09,0.030873503535985947
2014-05-12,0.030230669304728508
2014-05-13,0.028301246464252472
2014-05-14,0.02894408255815506
2014-05-15,0.02894408255815506
2014-05-16,0.02894408255815506
2014-05-19,0.02958691120147705
2014-05-20,0.02894408255815506
2014-05-21,0.028301246464252472
2014-05-22,0.027657492086291313
2014-05-23,0.027014657855033875
2014-05-26,0.026370907202363014
2014-05-27,0.026370907202363014
2014-05-28,0.02958691120147705
2014-05-29,0.027657492086291313
2014-05-30,0.030230669304728508
2014-06-02,0.027014657855033875
2014-06-03,0.027657492086291313
2014-06-04,0.02894408255815506
2014-06-05,0.030230669304728508
2014-06-06,0.030230669304728508
2014-06-10,0.030873503535985947
2014-06-11,0.027657492086291313
2014-06-12,0.025085238739848137
2014-06-13,0.026370907202363014
2014-06-16,0.025728072971105576
2014-06-17,0.02958691120147705
2014-06-18,0.02444148249924183
2014-06-19,0.025728072971105576
2014-06-20,0.025728072971105576
2014-06-23,0.025728072971105576
2014-06-24,0.025728072971105576
2014-06-25,0.025728072971105576
2014-06-26,0.025728072971105576
2014-06-27,0.027657492086291313
2014-06-30,0.027014657855033875
2014-07-01,0.027014657855033875
2014-07-02,0.02894408255815506
2014-07-03,0.02894408255815506
2014-07-04,0.028301246464252472
2014-07-07,0.027014657855033875
2014-07-08,0.02958691120147705
2014-07-09,0.028301246464252472
2014-07-10,0.028301246464252472
2014-07-11,0.028301246464252472
2014-07-14,0.030873503535985947
2014-07-15,0.030230669304728508
2014-07-16,0.031517256051301956
2014-07-17,0.031517256051301956
2014-07-18,0.030230669304728508
2014-07-21,0.030230669304728508
2014-07-22,0.031517256051301956
2014-07-23,0.031517256051301956
2014-07-24,0.030873503535985947
2014-07-25,0.030873503535985947
2014-07-28,0.030873503535985947
2014-07-29,0.030230669304728508
2014-07-30,0.030873503535985947
2014-07-31,0.02894408255815506
2014-08-01,0.030230669304728508
2014-08-04,0.02894408255815506
2014-08-05,0.02958691120147705
2014-08-06,0.030873503535985947
2014-08-07,0.030873503535985947
2014-08-08,0.030873503535985947
2014-08-11,0.030873503535985947
2014-08-12,0.02894408255815506
2014-08-13,0.02894408255815506
2014-08-14,0.02894408255815506
2014-08-15,0.030873503535985947
2014-08-18,0.028301246464252472
2014-08-19,0.028301246464252472
2014-08-20,0.028301246464252472
2014-08-21,0.027657492086291313
2014-08-22,0.027657492086291313
2014-08-25,0.027014657855033875
2014-08-26,0.027014657855033875
2014-08-27,0.027657492086291313
2014-08-28,0.027657492086291313
2014-08-29,0.027014657855033875
2014-09-01,0.026370907202363014
2014-09-02,0.027014657855033875
2014-09-03,0.025728072971105576
2014-09-04,0.027014657855033875
2014-09-05,0.025728072971105576
2014-09-08,0.025728072971105576
2014-09-09,0.025728072971105576
2014-09-10,0.026370907202363014
2014-09-11,0.025085238739848137
2014-09-12,0.02444148249924183
2014-09-15,0.02444148249924183
2014-09-16,0.02315489575266838
2014-09-17,0.02315489575266838
2014-09-18,0.02315489575266838
2014-09-19,0.021869231015443802
2014-09-22,0.02251206338405609
2014-09-23,0.02251206338405609
2014-09-24,0.02251206338405609
2014-09-25,0.02251206338405609
2014-09-26,0.02251206338405609
2014-09-29,0.020582640543580055
2014-09-30,0.021869231015443802
2014-10-01,0.02251206338405609
2014-10-02,0.01958523690700531
2014-10-03,0.02026030421257019
2014-10-06,0.01958523690700531
2014-10-07,0.02026030421257019
2014-10-08,0.01958523690700531
2014-10-09,0.01755911484360695
2014-10-10,0.01958523690700531
2014-10-13,0.01958523690700531
2014-10-14,0.01891016773879528
2014-10-15,0.01891016773879528
2014-10-16,0.02026030421257019
2014-10-17,0.01891016773879528
2014-10-20,0.01958523690700531
2014-10-21,0.01891016773879528
2014-10-22,0.01958523690700531
2014-10-23,0.01958523690700531
2014-10-24,0.02026030421257019
2014-10-27,0.02026030421257019
2014-10-28,0.01958523690700531
2014-10-29,0.02026030421257019
2014-10-30,0.01958523690700531
2014-10-31,0.01891016773879528
2014-11-03,0.01958523690700531
2014-11-04,0.01958523690700531
2014-11-05,0.01958523690700531
2014-11-06,0.01958523690700531
2014-11-07,0.01823418028652668
2014-11-10,0.01823418028652668
2014-11-11,0.01823418028652668
2014-11-12,0.01823418028652668
2014-11-13,0.01823418028652668
2014-11-14,0.01823418028652668
2014-11-17,0.01688404567539692
2014-11-18,0.01688404567539692
2014-11-19,0.01891016773879528
2014-11-20,0.01891016773879528
2014-11-21,0.01688404567539692
2014-11-24,0.01688404567539692
2014-11-25,0.01688404567539692
2014-11-26,0.01958523690700531
2014-11-27,0.02161135897040367
2014-11-28,0.02026030421257019
2014-12-01,0.01891016773879528
2014-12-02,0.01755911484360695
2014-12-03,0.01891016773879528
2014-12-04,0.01891016773879528
2014-12-05,0.01891016773879528
2014-12-08,0.01891016773879528
2014-12-09,0.01891016773879528
2014-12-10,0.01755911484360695
2014-12-11,0.01755911484360695
2014-12-12,0.01755911484360695
2014-12-15,0.01755911484360695
2014-12-16,0.01755911484360695
2014-12-17,0.01620805822312832
2014-12-18,0.01688404567539692
2014-12-19,0.015532991848886013
2014-12-22,0.01688404567539692
2014-12-23,0.01688404567539692
2014-12-24,0.01688404567539692
2014-12-29,0.01688404567539692
2014-12-30,0.01688404567539692
2014-12-31,0.01688404567539692
2015-01-02,0.01688404567539692
2015-01-05,0.01688404567539692
2015-01-06,0.01688404567539692
2015-01-07,0.01688404567539692
2015-01-08,0.01688404567539692
2015-01-09,0.01891016773879528
2015-01-12,0.01755911484360695
2015-01-13,0.01891016773879528
2015-01-14,0.01891016773879528
2015-01-15,0.01620805822312832
2015-01-16,0.01620805822312832
2015-01-19,0.01891016773879528
2015-01-20,0.01891016773879528
2015-01-21,0.01688404567539692
2015-01-22,0.01688404567539692
2015-01-23,0.01688404567539692
2015-01-27,0.01688404567539692
2015-01-28,0.01823418028652668
2015-01-29,0.01823418028652668
2015-01-30,0.01688404567539692
2015-02-02,0.01688404567539692
2015-02-03,0.01688404567539692
2015-02-04,0.01823418028652668
2015-02-05,0.01823418028652668
2015-02-06,0.01823418028652668
2015-02-09,0.01823418028652668
2015-02-10,0.01958523690700531
2015-02-11,0.01891016773879528
2015-02-12,0.01891016773879528
2015-02-13,0.01891016773879528
2015-02-16,0.01891016773879528
2015-02-17,0.01891016773879528
2015-02-18,0.01891016773879528
2015-02-19,0.01958523690700531
2015-02-20,0.01823418028652668
2015-02-23,0.01823418028652668
2015-02-24,0.01823418028652668
2015-02-25,0.01823418028652668
2015-02-26,0.01823418028652668
2015-02-27,0.01823418028652668
2015-03-02,0.01823418028652668
2015-03-03,0.01823418028652668
2015-03-04,0.01891016773879528
2015-03-05,0.01823418028652668
2015-03-06,0.01823418028652668
2015-03-09,0.01823418028652668
2015-03-10,0.01755911484360695
2015-03-11,0.01755911484360695
2015-03-12,0.01755911484360695
2015-03-13,0.01755911484360695
2015-03-16,0.01755911484360695
2015-03-17,0.01755911484360695
2015-03-18,0.01755911484360695
2015-03-19,0.01688404567539692
2015-03-20,0.015532991848886013
2015-03-23,0.015532991848886013
2015-03-24,0.01688404567539692
2015-03-25,0.015532991848886013
2015-03-26,0.015532991848886013
2015-03-27,0.015532991848886013
2015-03-30,0.015532991848886013
2015-03-31,0.01688404567539692
2015-04-01,0.01688404567539692
2015-04-02,0.015532991848886013
2015-04-07,0.015532991848886013
2015-04-08,0.014857923611998558
2015-04-09,0.014857923611998558
2015-04-10,0.014857923611998558
2015-04-13,0.015532991848886013
2015-04-14,0.015532991848886013
2015-04-15,0.015532991848886013
2015-04-16,0.015532991848886013
2015-04-17,0.015532991848886013
2015-04-20,0.014181936159729958
2015-04-21,0.014181936159729958
2015-04-22,0.014181936159729958
2015-04-23,0.01688404567539692
2015-04-24,0.015532991848886013
2015-04-27,0.015532991848886013
2015-04-28,0.015532991848886013
2015-04-29,0.015532991848886013
2015-04-30,0.014857923611998558
2015-05-01,0.014857923611998558
2015-05-04,0.015532991848886013
2015-05-05,0.015532991848886013
2015-05-06,0.01620805822312832
2015-05-07,0.014857923611998558
2015-05-08,0.014857923611998558
2015-05-11,0.014857923611998558
2015-05-12,0.014857923611998558
2015-05-13,0.015532991848886013
2015-05-14,0.015532991848886013
2015-05-15,0.015532991848886013
2015-05-18,0.01755911484360695
2015-05-19,0.01755911484360695
2015-05-20,0.01823418028652668
2015-05-21,0.01823418028652668
2015-05-22,0.01823418028652668
2015-05-25,0.01823418028652668
2015-05-26,0.02026030421257019
2015-05-27,0.02026030421257019
2015-05-28,0.01823418028652668
2015-05-29,0.01823418028652668
2015-06-01,0.01823418028652668
2015-06-02,0.01823418028652668
2015-06-03,0.01755911484360695
2015-06-04,0.01755911484360695
2015-06-05,0.01755911484360695
2015-06-09,0.01755911484360695
2015-06-10,0.01755911484360695
2015-06-11,0.01755911484360695
2015-06-12,0.01823418028652668
2015-06-15,0.01755911484360695
2015-06-16,0.01823418028652668
2015-06-17,0.01755911484360695
2015-06-18,0.01823418028652668
2015-06-19,0.01755911484360695
2015-06-22,0.01620805822312832
2015-06-23,0.01688404567539692
2015-06-24,0.015532991848886013
2015-06-25,0.015532991848886013
2015-06-26,0.015532991848886013
2015-06-29,0.015532991848886013
2015-06-30,0.015532991848886013
2015-07-01,0.015532991848886013
2015-07-02,0.015532991848886013
2015-07-03,0.015532991848886013
2015-07-06,0.015532991848886013
2015-07-07,0.015532991848886013
2015-07-08,0.01823418028652668
2015-07-09,0.01823418028652668
2015-07-10,0.01823418028652668
2015-07-13,0.01755911484360695
2015-07-14,0.01823418028652668
2015-07-15,0.01823418028652668
2015-07-16,0.01891016773879528
2015-07-17,0.01891016773879528
2015-07-20,0.01891016773879528
2015-07-21,0.01891016773879528
2015-07-22,0.02026030421257019
2015-07-23,0.01891016773879528
2015-07-24,0.01823418028652668
2015-07-27,0.01891016773879528
2015-07-28,0.02026030421257019
2015-07-29,0.02093629166483879
2015-07-30,0.02161135897040367
2015-07-31,0.02026030421257019
2015-08-03,0.02161135897040367
2015-08-04,0.02026030421257019
2015-08-05,0.02093629166483879
2015-08-06,0.024312548339366913
2015-08-07,0.024312548339366913
2015-08-10,0.025663604959845543
2015-08-11,0.024988535791635513
2015-08-12,0.027014657855033875
2015-08-13,0.027014657855033875
2015-08-14,0.026338672265410423
2015-08-17,0.025663604959845543
2015-08-18,0.026338672265410423
2015-08-19,0.02363748289644718
2015-08-20,0.02363748289644718
2015-08-21,0.02093629166483879
2015-08-24,0.01891016773879528
2015-08-25,0.01688404567539692
2015-08-26,0.01688404567539692
2015-08-27,0.01688404567539692
2015-08-28,0.02026030421257019
2015-08-31,0.02026030421257019
2015-09-01,0.01891016773879528
2015-09-02,0.01891016773879528
2015-09-03,0.02026030421257019
2015-09-04,0.01891016773879528
2015-09-07,0.01958523690700531
2015-09-08,0.01958523690700531
2015-09-09,0.01958523690700531
2015-09-10,0.01958523690700531
2015-09-11,0.01823418028652668
2015-09-14,0.01958523690700531
2015-09-15,0.01958523690700531
2015-09-16,0.01958523690700531
2015-09-17,0.01891016773879528
2015-09-18,0.01891016773879528
2015-09-21,0.01688404567539692
2015-09-22,0.01688404567539692
2015-09-23,0.01688404567539692
2015-09-24,0.01688404567539692
2015-09-25,0.015532991848886013
2015-09-28,0.015532991848886013
2015-09-29,0.015532991848886013
2015-09-30,0.014857923611998558
2015-10-01,0.013506869785487652
2015-10-02,0.013506869785487652
2015-10-05,0.01688404567539692
2015-10-06,0.01688404567539692
2015-10-07,0.01688404567539692
2015-10-08,0.01688404567539692
2015-10-09,0.015532991848886013
2015-10-12,0.015532991848886013
2015-10-13,0.015532991848886013
2015-10-14,0.015532991848886013
2015-10-15,0.014181936159729958
2015-10-16,0.01891016773879528
2015-10-19,0.01755911484360695
2015-10-20,0.014857923611998558
2015-10-21,0.014857923611998558
2015-10-22,0.014857923611998558
2015-10-23,0.014857923611998558
2015-10-26,0.014857923611998558
2015-10-27,0.014181936159729958
2015-10-28,0.012831802479922771
2015-10-29,0.013506869785487652
2015-10-30,0.012155813165009022
2015-11-02,0.012155813165009022
2015-11-03,0.012155813165009022
2015-11-04,0.01148074772208929
2015-11-05,0.01148074772208929
2015-11-06,0.010805679485201836
2015-11-09,0.010805679485201836
2015-11-10,0.010805679485201836
2015-11-11,0.010805679485201836
2015-11-12,0.009454624727368355
2015-11-13,0.009454624727368355
2015-11-16,0.0081035690382123
2015-11-17,0.008779557421803474
2015-11-18,0.007428502198308706
2015-11-19,0.007428502198308706
2015-11-20,0.007428502198308706
2015-11-23,0.008779557421803474
2015-11-24,0.0081035690382123
2015-11-25,0.007428502198308706
2015-11-26,0.0081035690382123
2015-11-27,0.0081035690382123
2015-11-30,0.0081035690382123
2015-12-01,0.007428502198308706
2015-12-02,0.007428502198308706
2015-12-03,0.006753434892743826
2015-12-04,0.006753434892743826
2015-12-07,0.007428502198308706
2015-12-08,0.007428502198308706
2015-12-09,0.007428502198308706
2015-12-10,0.007428502198308706
2015-12-11,0.007428502198308706
2015-12-14,0.007428502198308706
2015-12-15,0.007428502198308706
2015-12-16,0.007428502198308706
2015-12-17,0.007428502198308706
2015-12-18,0.006753434892743826
2015-12-21,0.006753434892743826
2015-12-22,0.006077446974813938
2015-12-23,0.007428502198308706
2015-12-24,0.006753434892743826
2015-12-28,0.006753434892743826
2015-12-29,0.006753434892743826
2015-12-30,0.006753434892743826
2015-12-31,0.007428502198308706
2016-01-04,0.006077446974813938
2016-01-05,0.007428502198308706
2016-01-06,0.006753434892743826
2016-01-07,0.006753434892743826
2016-01-08,0.006753434892743826
2016-01-11,0.006753434892743826
2016-01-12,0.006753434892743826
2016-01-13,0.0054023792035877705
2016-01-14,0.004727312363684177
2016-01-15,0.004727312363684177
2016-01-18,0.00405132444575429
2016-01-19,0.00405132444575429
2016-01-20,0.00405132444575429
2016-01-21,0.00405132444575429
2016-01-22,0.00405132444575429
2016-01-25,0.0054023792035877705
2016-01-27,0.0054023792035877705
2016-01-28,0.0054023792035877705
2016-01-29,0.0054023792035877705
2016-02-01,0.0054023792035877705
2016-02-02,0.0054023792035877705
2016-02-03,0.00405132444575429
2016-02-04,0.0054023792035877705
2016-02-05,0.0054023792035877705
2016-02-08,0.0054023792035877705
2016-02-09,0.0054023792035877705
2016-02-10,0.004727312363684177
2016-02-11,0.004727312363684177
2016-02-12,0.006077446974813938
2016-02-15,0.006077446974813938
2016-02-16,0.007428502198308706
2016-02-17,0.007428502198308706
2016-02-18,0.007428502198308706
2016-02-19,0.007428502198308706
2016-02-22,0.006753434892743826
2016-02-23,0.006753434892743826
2016-02-24,0.0081035690382123
2016-02-25,0.0081035690382123
2016-02-26,0.007428502198308706
2016-02-29,0.007428502198308706
2016-03-01,0.008779557421803474
2016-03-02,0.008779557421803474
2016-03-03,0.0081035690382123
2016-03-04,0.006753434892743826
2016-03-07,0.006753434892743826
2016-03-08,0.006753434892743826
2016-03-09,0.006753434892743826
2016-03-10,0.006753434892743826
2016-03-11,0.007428502198308706
2016-03-14,0.006753434892743826
2016-03-15,0.006753434892743826
2016-03-16,0.006077446974813938
2016-03-17,0.006077446974813938
2016-03-18,0.006077446974813938
2016-03-21,0.007428502198308706
2016-03-22,0.0081035690382123
2016-03-23,0.008779557421803474
2016-03-24,0.006753434892743826
2016-03-29,0.006753434892743826
2016-03-30,0.007428502198308706
2016-03-31,0.007428502198308706
2016-04-01,0.0081035690382123
2016-04-04,0.0081035690382123
2016-04-05,0.007428502198308706
2016-04-06,0.0081035690382123
2016-04-07,0.007428502198308706
2016-04-08,0.007428502198308706
2016-04-11,0.0081035690382123
2016-04-12,0.0081035690382123
2016-04-13,0.007428502198308706
2016-04-14,0.007428502198308706
2016-04-15,0.007428502198308706
2016-04-18,0.007428502198308706
2016-04-19,0.010129692032933235
2016-04-20,0.010805679485201836
2016-04-21,0.01148074772208929
2016-04-22,0.010129692032933235
2016-04-26,0.010805679485201836
2016-04-27,0.010805679485201836
2016-04-28,0.010805679485201836
2016-04-29,0.010805679485201836
2016-05-02,0.012155813165009022
2016-05-03,0.01148074772208929
2016-05-04,0.010805679485201836
2016-05-05,0.010805679485201836
2016-05-06,0.01148074772208929
2016-05-09,0.012155813165009022
2016-05-10,0.01148074772208929
2016-05-11,0.01148074772208929
2016-05-12,0.01148074772208929
2016-05-13,0.01148074772208929
2016-05-16,0.013506869785487652
2016-05-17,0.012831802479922771
2016-05-18,0.013506869785487652
2016-05-19,0.012831802479922771
2016-05-20,0.012831802479922771
2016-05-23,0.012831802479922771
2016-05-24,0.012831802479922771
2016-05-25,0.012155813165009022
2016-05-26,0.012831802479922771
2016-05-27,0.012155813165009022
2016-05-30,0.013634435832500458
2016-05-31,0.01435172837227583
2016-06-01,0.013634435832500458
2016-06-02,0.013634435832500458
2016-06-03,0.013634435832500458
2016-06-06,0.0150690209120512
2016-06-07,0.01435172837227583
2016-06-08,0.01650458574295044
2016-06-09,0.015787292271852493
2016-06-10,0.015787292271852493
2016-06-14,0.01435172837227583
2016-06-15,0.0150690209120512
2016-06-16,0.01435172837227583
2016-06-17,0.0150690209120512
2016-06-20,0.01435172837227583
2016-06-21,0.01435172837227583
2016-06-22,0.013634435832500458
2016-06-23,0.013634435832500458
2016-06-24,0.01291616354137659
2016-06-27,0.01291616354137659
2016-06-28,0.01291616354137659
2016-06-29,0.013634435832500458
2016-06-30,0.0150690209120512
2016-07-01,0.015787292271852493
2016-07-04,0.015787292271852493
2016-07-05,0.01650458574295044
2016-07-06,0.01650458574295044
2016-07-07,0.015787292271852493
2016-07-08,0.015787292271852493
2016-07-11,0.0150690209120512
2016-07-12,0.017221877351403236
2016-07-13,0.017221877351403236
2016-07-14,0.017221877351403236
2016-07-15,0.017221877351403236
2016-07-18,0.017221877351403236
2016-07-19,0.01794014871120453
2016-07-20,0.01794014871120453
2016-07-21,0.01794014871120453
2016-07-22,0.017221877351403236
2016-07-25,0.015787292271852493
2016-07-26,0.015787292271852493
2016-07-27,0.01435172837227583
2016-07-28,0.0150690209120512
2016-07-29,0.015787292271852493
2016-08-01,0.015787292271852493
2016-08-02,0.015787292271852493
2016-08-03,0.015787292271852493
2016-08-04,0.0150690209120512
2016-08-05,0.01435172837227583
2016-08-08,0.015787292271852493
2016-08-09,0.015787292271852493
2016-08-10,0.0150690209120512
2016-08-11,0.0150690209120512
2016-08-12,0.015787292271852493
2016-08-15,0.015787292271852493
2016-08-16,0.0150690209120512
2016-08-17,0.0150690209120512
2016-08-18,0.0150690209120512
2016-08-19,0.0150690209120512
2016-08-22,0.01435172837227583
2016-08-23,0.013634435832500458
2016-08-24,0.01435172837227583
2016-08-25,0.01435172837227583
2016-08-26,0.012198871932923794
2016-08-29,0.01291616354137659
2016-08-30,0.01291616354137659
2016-08-31,0.013634435832500458
2016-09-01,0.01291616354137659
2016-09-02,0.01435172837227583
2016-09-05,0.011481578461825848
2016-09-06,0.011481578461825848
2016-09-07,0.012198871932923794
2016-09-08,0.01291616354137659
2016-09-09,0.011481578461825848
2016-09-12,0.011481578461825848
2016-09-13,0.011481578461825848
2016-09-14,0.010763307102024555
2016-09-15,0.012198871932923794
2016-09-16,0.012198871932923794
2016-09-19,0.012198871932923794
2016-09-20,0.011481578461825848
2016-09-21,0.010763307102024555
2016-09-22,0.009328721091151237
2016-09-23,0.009328721091151237
2016-09-26,0.010046014562249184
2016-09-27,0.010046014562249184
2016-09-28,0.010046014562249184
2016-09-29,0.010046014562249184
2016-09-30,0.013634435832500458
2016-10-03,0.013634435832500458
2016-10-04,0.013634435832500458
2016-10-05,0.013634435832500458
2016-10-06,0.013634435832500458
2016-10-07,0.011481578461825848
2016-10-10,0.011481578461825848
2016-10-11,0.011481578461825848
2016-10-12,0.011481578461825848
2016-10-13,0.011481578461825848
2016-10-14,0.011481578461825848
2016-10-17,0.012198871932923794
2016-10-18,0.011481578461825848
2016-10-19,0.012198871932923794
2016-10-20,0.01291616354137659
2016-10-21,0.01291616354137659
2016-10-24,0.01291616354137659
2016-10-25,0.01291616354137659
2016-10-26,0.01291616354137659
2016-10-27,0.011481578461825848
2016-10-28,0.011481578461825848
2016-10-31,0.011481578461825848
2016-11-01,0.011481578461825848
2016-11-02,0.01291616354137659
2016-11-03,0.013634435832500458
2016-11-04,0.01291616354137659
2016-11-07,0.011481578461825848
2016-11-08,0.012198871932923794
2016-11-09,0.010763307102024555
2016-11-10,0.010763307102024555
2016-11-11,0.01291616354137659
2016-11-14,0.010763307102024555
2016-11-15,0.012198871932923794
2016-11-16,0.011481578461825848
2016-11-17,0.009328721091151237
2016-11-18,0.011481578461825848
2016-11-21,0.011481578461825848
2016-11-22,0.011481578461825848
2016-11-23,0.010046014562249184
2016-11-24,0.010046014562249184
2016-11-25,0.011481578461825848
2016-11-28,0.009328721091151237
2016-11-29,0.009328721091151237
2016-11-30,0.010763307102024555
2016-12-01,0.010763307102024555
2016-12-02,0.010046014562249184
2016-12-05,0.009328721091151237
2016-12-06,0.010046014562249184
2016-12-07,0.010046014562249184
2016-12-08,0.010046014562249184
2016-12-09,0.010046014562249184
2016-12-12,0.010046014562249184
2016-12-13,0.009328721091151237
2016-12-14,0.009328721091151237
2016-12-15,0.009328721091151237
2016-12-16,0.009328721091151237
2016-12-19,0.009328721091151237
2016-12-20,0.009328721091151237
2016-12-21,0.007893157191574574
2016-12-22,0.007893157191574574
2016-12-23,0.007893157191574574
2016-12-28,0.007175864186137915
2016-12-29,0.007175864186137915
2016-12-30,0.007175864186137915
2017-01-03,0.007175864186137915
2017-01-04,0.007175864186137915
2017-01-05,0.007175864186137915
2017-01-06,0.007175864186137915
2017-01-09,0.008610449731349945
2017-01-10,0.008610449731349945
2017-01-11,0.008610449731349945
2017-01-12,0.008610449731349945
2017-01-13,0.008610449731349945
2017-01-16,0.009328721091151237
2017-01-17,0.009328721091151237
2017-01-18,0.009328721091151237
2017-01-19,0.008610449731349945
2017-01-20,0.008610449731349945
2017-01-23,0.009328721091151237
2017-01-24,0.009328721091151237
2017-01-25,0.009328721091151237
2017-01-27,0.009328721091151237
2017-01-30,0.008610449731349945
2017-01-31,0.008610449731349945
2017-02-01,0.007893157191574574
2017-02-02,0.007893157191574574
2017-02-03,0.007893157191574574
2017-02-06,0.007893157191574574
2017-02-07,0.007893157191574574
2017-02-08,0.007893157191574574
2017-02-09,0.007893157191574574
2017-02-10,0.007893157191574574
2017-02-13,0.007893157191574574
2017-02-14,0.008610449731349945
2017-02-15,0.008610449731349945
2017-02-16,0.008610449731349945
2017-02-17,0.008610449731349945
2017-02-20,0.007893157191574574
2017-02-21,0.007175864186137915
2017-02-22,0.007175864186137915
2017-02-23,0.007175864186137915
2017-02-24,0.007175864186137915
2017-02-27,0.007175864186137915
2017-02-28,0.007175864186137915
2017-03-01,0.007175864186137915
2017-03-02,0.007175864186137915
2017-03-03,0.007175864186137915
2017-03-06,0.010046014562249184
2017-03-07,0.009328721091151237
2017-03-08,0.009328721091151237
2017-03-09,0.009328721091151237
2017-03-10,0.009328721091151237
2017-03-13,0.008610449731349945
2017-03-14,0.007893157191574574
2017-03-15,0.007893157191574574
2017-03-16,0.007893157191574574
2017-03-17,0.007175864186137915
2017-03-20,0.007175864186137915
2017-03-21,0.007175864186137915
2017-03-22,0.007175864186137915
2017-03-23,0.007175864186137915
2017-03-24,0.007893157191574574
2017-03-27,0.007175864186137915
2017-03-28,0.007175864186137915
2017-03-29,0.007175864186137915
2017-03-30,0.007175864186137915
2017-03-31,0.007175864186137915
2017-04-03,0.007175864186137915
2017-04-04,0.006457592826336622
2017-04-05,0.006457592826336622
2017-04-06,0.006457592826336622
2017-04-07,0.006457592826336622
2017-04-10,0.007175864186137915
2017-04-11,0.007175864186137915
2017-04-12,0.007175864186137915
2017-04-13,0.006457592826336622
2017-04-18,0.007175864186137915
2017-04-19,0.006150321569293737
2017-04-20,0.006150321569293737
2017-04-21,0.006150321569293737
2017-04-24,0.006150321569293737
2017-04-26,0.006150321569293737
2017-04-27,0.006150321569293737
2017-04-28,0.005382142961025238
2017-05-01,0.006150321569293737
2017-05-02,0.006150321569293737
2017-05-03,0.005382142961025238
2017-05-04,0.005382142961025238
2017-05-05,0.005382142961025238
2017-05-08,0.005382142961025238
2017-05-09,0.005382142961025238
2017-05-10,0.005382142961025238
2017-05-11,0.005382142961025238
2017-05-12,0.004612985532730818
2017-05-15,0.004612985532730818
2017-05-16,0.004612985532730818
2017-05-17,0.004612985532730818
2017-05-18,0.004612985532730818
2017-05-19,0.004612985532730818
2017-05-22,0.004612985532730818
2017-05-23,0.004612985532730818
2017-05-24,0.005382142961025238
2017-05-25,0.005382142961025238
2017-05-26,0.005382142961025238
2017-05-29,0.004612985532730818
2017-05-30,0.004612985532730818
2017-05-31,0.004612985532730818
2017-06-01,0.004612985532730818
2017-06-02,0.004612985532730818
2017-06-05,0.004612985532730818
2017-06-06,0.004612985532730818
2017-06-07,0.004612985532730818
2017-06-08,0.004612985532730818
2017-06-09,0.004612985532730818
2017-06-13,0.004612985532730818
2017-06-14,0.004612985532730818
2017-06-15,0.004612985532730818
2017-06-16,0.004612985532730818
2017-06-19,0.004612985532730818
2017-06-20,0.004612985532730818
2017-06-21,0.004612985532730818
2017-06-22,0.004612985532730818
2017-06-23,0.003843828570097685
2017-06-26,0.003843828570097685
2017-06-27,0.004612985532730818
2017-06-28,0.003843828570097685
2017-06-29,0.004612985532730818
2017-06-30,0.004612985532730818
2017-07-03,0.004612985532730818
2017-07-04,0.004612985532730818
2017-07-05,0.005382142961025238
2017-07-06,0.005382142961025238
2017-07-07,0.004612985532730818
2017-07-10,0.005382142961025238
2017-07-11,0.005382142961025238
2017-07-12,0.005382142961025238
2017-07-13,0.005382142961025238
2017-07-14,0.005382142961025238
2017-07-17,0.004612985532730818
2017-07-18,0.004612985532730818
2017-07-19,0.004612985532730818
2017-07-20,0.004612985532730818
2017-07-21,0.005382142961025238
2017-07-24,0.005382142961025238
2017-07-25,0.005382142961025238
2017-07-26,0.005382142961025238
2017-07-27,0.005382142961025238
2017-07-28,0.004612985532730818
2017-07-31,0.003843828570097685
2017-08-01,0.004612985532730818
2017-08-02,0.003843828570097685
2017-08-03,0.003843828570097685
2017-08-04,0.003843828570097685
2017-08-07,0.003843828570097685
2017-08-08,0.004612985532730818
2017-08-09,0.004612985532730818
2017-08-10,0.003843828570097685
2017-08-11,0.003843828570097685
2017-08-14,0.003843828570097685
2017-08-15,0.003843828570097685
2017-08-16,0.003843828570097685
2017-08-17,0.003843828570097685
2017-08-18,0.003843828570097685
2017-08-21,0.003843828570097685
2017-08-22,0.003843828570097685
2017-08-23,0.004612985532730818
2017-08-24,0.004612985532730818
2017-08-25,0.004612985532730818
2017-08-28,0.003843828570097685
2017-08-29,0.003843828570097685
2017-08-30,0.004612985532730818
2017-08-31,0.004612985532730818
2017-09-01,0.004612985532730818
2017-09-04,0.004612985532730818
2017-09-05,0.004612985532730818
2017-09-06,0.004612985532730818
2017-09-07,0.004612985532730818
2017-09-08,0.005382142961025238
2017-09-11,0.005382142961025238
2017-09-12,0.005382142961025238
2017-09-13,0.004612985532730818
2017-09-14,0.006150321569293737
2017-09-15,0.005382142961025238
2017-09-18,0.005382142961025238
2017-09-19,0.006150321569293737
2017-09-20,0.006150321569293737
2017-09-21,0.005382142961025238
2017-09-22,0.005382142961025238
2017-09-25,0.005382142961025238
2017-09-26,0.006150321569293737
2017-09-27,0.005382142961025238
2017-09-28,0.004612985532730818
2017-09-29,0.004612985532730818
2017-10-02,0.004612985532730818
2017-10-03,0.004612985532730818
2017-10-04,0.004612985532730818
2017-10-05,0.004612985532730818
2017-10-06,0.004612985532730818
2017-10-09,0.004612985532730818
2017-10-10,0.004612985532730818
2017-10-11,0.004612985532730818
2017-10-12,0.004612985532730818
2017-10-13,0.004612985532730818
2017-10-16,0.005382142961025238
2017-10-17,0.005382142961025238
2017-10-18,0.005382142961025238
2017-10-19,0.005382142961025238
2017-10-20,0.005382142961025238
2017-10-23,0.005382142961025238
2017-10-24,0.005382142961025238
2017-10-25,0.005382142961025238
2017-10-26,0.005382142961025238
2017-10-27,0.008456814102828503
2017-10-30,0.00691947853192687
2017-10-31,0.00691947853192687
2017-11-01,0.00691947853192687
2017-11-02,0.007688635960221291
2017-11-03,0.007688635960221291
2017-11-06,0.007688635960221291
2017-11-07,0.009225971065461636
2017-11-08,0.009225971065461636
2017-11-09,0.010764285922050476
2017-11-10,0.010764285922050476
2017-11-13,0.011742857284843922
2017-11-14,0.009785713627934456
2017-11-15,0.009785713627934456
2017-11-16,0.00880714226514101
2017-11-17,0.00880714226514101
2017-11-20,0.00880714226514101
2017-11-21,0.00880714226514101
2017-11-22,0.00880714226514101
2017-11-23,0.00880714226514101
2017-11-24,0.00782857183367014
2017-11-27,0.00782857183367014
2017-11-28,0.00782857183367014
2017-11-29,0.006850000005215406
2017-11-30,0.006850000005215406
2017-12-01,0.006850000005215406
2017-12-04,0.007339285220950842
2017-12-05,0.006850000005215406
2017-12-06,0.006850000005215406
2017-12-07,0.005871428642421961
2017-12-08,0.005871428642421961
2017-12-11,0.005871428642421961
2017-12-12,0.004892856813967228
2017-12-13,0.004892856813967228
2017-12-14,0.004892856813967228
2017-12-15,0.005871428642421961
2017-12-18,0.005871428642421961
2017-12-19,0.005871428642421961
2017-12-20,0.005871428642421961
2017-12-21,0.005871428642421961
2017-12-22,0.004892856813967228
2017-12-27,0.006850000005215406
2017-12-28,0.006850000005215406
2017-12-29,0.006850000005215406
2018-01-02,0.006360714323818684
2018-01-03,0.005871428642421961
2018-01-04,0.006850000005215406
2018-01-05,0.005871428642421961
2018-01-08,0.006360714323818684
2018-01-09,0.005871428642421961
2018-01-10,0.005871428642421961
2018-01-11,0.005871428642421961
2018-01-12,0.005871428642421961
2018-01-15,0.006850000005215406
2018-01-16,0.00880714226514101
2018-01-17,0.00782857183367014
2018-01-18,0.00782857183367014
2018-01-19,0.00782857183367014
2018-01-22,0.00782857183367014
2018-01-23,0.00782857183367014
2018-01-24,0.009785713627934456
2018-01-25,0.00880714226514101
2018-01-29,0.00782857183367014
2018-01-30,0.00782857183367014
2018-01-31,0.00782857183367014
2018-02-01,0.00782857183367014
2018-02-02,0.00782857183367014
2018-02-05,0.00782857183367014
2018-02-06,0.006850000005215406
2018-02-07,0.006850000005215406
2018-02-08,0.006850000005215406
2018-02-09,0.006850000005215406
2018-02-12,0.006850000005215406
2018-02-13,0.006850000005215406
2018-02-14,0.006850000005215406
2018-02-15,0.00782857183367014
2018-02-16,0.00782857183367014
2018-02-19,0.008317857049405575
2018-02-20,0.00782857183367014
2018-02-21,0.00782857183367014
2018-02-22,0.00782857183367014
2018-02-23,0.00782857183367014
2018-02-26,0.00782857183367014
2018-02-27,0.00782857183367014
2018-02-28,0.006850000005215406
2018-03-01,0.006850000005215406
2018-03-02,0.006850000005215406
2018-03-05,0.006850000005215406
2018-03-06,0.006850000005215406
2018-03-07,0.006850000005215406
2018-03-08,0.008317857049405575
2018-03-09,0.00782857183367014
2018-03-12,0.00782857183367014
2018-03-13,0.006850000005215406
2018-03-14,0.006850000005215406
2018-03-15,0.006850000005215406
2018-03-16,0.00782857183367014
2018-03-19,0.00782857183367014
2018-03-20,0.006850000005215406
2018-03-21,0.00782857183367014
2018-03-22,0.00782857183367014
2018-03-23,0.00782857183367014
2018-03-26,0.00782857183367014
2018-03-27,0.006850000005215406
2018-03-28,0.006850000005215406
2018-03-29,0.00782857183367014
2018-04-03,0.006850000005215406
2018-04-04,0.006850000005215406
2018-04-05,0.006850000005215406
2018-04-06,0.006850000005215406
2018-04-09,0.006850000005215406
2018-04-10,0.006850000005215406
2018-04-11,0.006850000005215406
2018-04-12,0.006850000005215406
2018-04-13,0.006850000005215406
2018-04-16,0.007339285220950842
2018-04-17,0.006850000005215406
2018-04-18,0.00782857183367014
2018-04-19,0.006850000005215406
2018-04-20,0.006850000005215406
2018-04-23,0.006850000005215406
2018-04-24,0.006850000005215406
2018-04-26,0.005871428642421961
2018-04-27,0.006850000005215406
2018-04-30,0.006360714323818684
2018-05-01,0.006850000005215406
2018-05-02,0.006850000005215406
2018-05-03,0.006850000005215406
2018-05-04,0.006850000005215406
2018-05-07,0.006850000005215406
2018-05-08,0.006850000005215406
2018-05-09,0.006850000005215406
2018-05-10,0.00782857183367014
2018-05-11,0.00782857183367014
2018-05-14,0.00782857183367014
2018-05-15,0.00880714226514101
2018-05-16,0.00782857183367014
2018-05-17,0.00782857183367014
2018-05-18,0.00782857183367014
2018-05-21,0.007339285220950842
2018-05-22,0.006850000005215406
2018-05-23,0.006850000005215406
2018-05-24,0.006850000005215406
2018-05-25,0.007339285220950842
2018-05-28,0.006850000005215406
2018-05-29,0.006500000134110451
2018-05-30,0.00800000037997961
2018-05-31,0.007000000216066837
2018-06-01,0.007499999832361937
2018-06-04,0.00800000037997961
2018-06-05,0.00800000037997961
2018-06-06,0.007000000216066837
2018-06-07,0.007000000216066837
2018-06-08,0.00800000037997961
2018-06-12,0.007000000216066837
2018-06-13,0.007000000216066837
2018-06-14,0.006000000052154064
2018-06-15,0.007000000216066837
2018-06-18,0.007000000216066837
2018-06-19,0.007000000216066837
2018-06-20,0.007000000216066837
2018-06-21,0.007000000216066837
2018-06-22,0.007000000216066837
2018-06-25,0.007000000216066837
2018-06-26,0.007000000216066837
2018-06-27,0.007000000216066837
2018-06-28,0.007000000216066837
2018-06-29,0.007000000216066837
2018-07-02,0.00800000037997961
2018-07-03,0.00800000037997961
2018-07-04,0.00800000037997961
2018-07-05,0.007000000216066837
2018-07-06,0.007000000216066837
2018-07-09,0.007000000216066837
2018-07-10,0.007000000216066837
2018-07-11,0.007000000216066837
2018-07-12,0.007000000216066837
2018-07-13,0.00800000037997961
2018-07-16,0.00800000037997961
2018-07-17,0.00800000037997961
2018-07-18,0.007000000216066837
2018-07-19,0.007000000216066837
2018-07-20,0.00800000037997961
2018-07-23,0.007000000216066837
2018-07-24,0.00800000037997961
2018-07-25,0.00800000037997961
2018-07-26,0.00800000037997961
2018-07-27,0.00800000037997961
2018-07-30,0.00800000037997961
2018-07-31,0.00800000037997961
2018-08-01,0.00800000037997961
2018-08-02,0.00800000037997961
2018-08-03,0.00800000037997961
2018-08-06,0.00800000037997961
2018-08-07,0.007499999832361937
2018-08-08,0.007000000216066837
2018-08-09,0.007000000216066837
2018-08-10,0.007000000216066837
2018-08-13,0.006500000134110451
2018-08-14,0.006000000052154064
2018-08-15,0.006000000052154064
2018-08-16,0.006000000052154064
2018-08-17,0.007000000216066837
2018-08-20,0.007000000216066837
2018-08-21,0.006000000052154064
2018-08-22,0.006000000052154064
2018-08-23,0.006000000052154064
2018-08-24,0.006000000052154064
2018-08-27,0.006000000052154064
2018-08-28,0.006000000052154064
2018-08-29,0.006000000052154064
2018-08-30,0.006000000052154064
2018-08-31,0.006000000052154064
2018-09-03,0.007000000216066837
2018-09-04,0.006000000052154064
2018-09-05,0.006000000052154064
2018-09-06,0.006000000052154064
2018-09-07,0.006000000052154064
2018-09-10,0.006000000052154064
2018-09-11,0.006000000052154064
2018-09-12,0.006000000052154064
2018-09-13,0.004999999888241291
2018-09-14,0.006000000052154064
2018-09-17,0.006000000052154064
2018-09-18,0.006000000052154064
2018-09-19,0.004999999888241291
2018-09-20,0.004999999888241291
2018-09-21,0.006000000052154064
2018-09-24,0.006000000052154064
2018-09-25,0.004999999888241291
2018-09-26,0.004999999888241291
2018-09-27,0.004999999888241291
2018-09-28,0.004999999888241291
2018-10-01,0.004999999888241291
2018-10-02,0.006000000052154064
2018-10-03,0.006000000052154064
2018-10-04,0.006000000052154064
2018-10-05,0.006500000134110451
2018-10-08,0.006000000052154064
2018-10-09,0.007499999832361937
2018-10-10,0.007000000216066837
2018-10-11,0.007000000216066837
2018-10-12,0.007000000216066837
2018-10-15,0.007000000216066837
2018-10-16,0.007000000216066837
2018-10-17,0.006000000052154064
2018-10-18,0.006000000052154064
2018-10-19,0.006000000052154064
2018-10-22,0.007000000216066837
2018-10-23,0.007000000216066837
2018-10-24,0.007000000216066837
2018-10-25,0.007000000216066837
2018-10-26,0.006000000052154064
2018-10-29,0.007000000216066837
2018-10-30,0.007000000216066837
2018-10-31,0.007000000216066837
2018-11-01,0.007000000216066837
2018-11-02,0.00800000037997961
2018-11-05,0.00800000037997961
2018-11-06,0.00800000037997961
2018-11-07,0.00800000037997961
2018-11-08,0.00800000037997961
2018-11-09,0.00800000037997961
2018-11-12,0.00800000037997961
2018-11-13,0.00800000037997961
2018-11-14,0.00800000037997961
2018-11-15,0.007000000216066837
2018-11-16,0.00800000037997961
2018-11-19,0.007000000216066837
2018-11-20,0.007000000216066837
2018-11-21,0.007000000216066837
2018-11-22,0.007000000216066837
2018-11-23,0.007000000216066837
2018-11-26,0.007000000216066837
2018-11-27,0.007000000216066837
2018-11-28,0.007000000216066837
2018-11-29,0.007499999832361937
2018-11-30,0.006000000052154064
2018-12-03,0.007000000216066837
2018-12-04,0.007000000216066837
2018-12-05,0.006500000134110451
2018-12-06,0.006000000052154064
2018-12-07,0.006500000134110451
2018-12-10,0.007000000216066837
2018-12-11,0.007000000216066837
2018-12-12,0.007000000216066837
2018-12-13,0.007000000216066837
2018-12-14,0.007000000216066837
2018-12-17,0.007000000216066837
2018-12-18,0.007000000216066837
2018-12-19,0.007000000216066837
2018-12-20,0.007000000216066837
2018-12-21,0.006000000052154064
2018-12-24,0.006000000052154064
2018-12-27,0.006000000052154064
2018-12-28,0.006000000052154064
2018-12-31,0.006000000052154064
2019-01-02,0.006000000052154064
2019-01-03,0.006000000052154064
2019-01-04,0.006000000052154064
2019-01-07,0.007000000216066837
2019-01-08,0.007000000216066837
2019-01-09,0.007000000216066837
2019-01-10,0.007000000216066837
2019-01-11,0.007000000216066837
2019-01-14,0.007000000216066837
2019-01-15,0.007000000216066837
2019-01-16,0.007000000216066837
2019-01-17,0.007000000216066837
2019-01-18,0.007000000216066837
2019-01-21,0.007000000216066837
2019-01-22,0.007000000216066837
2019-01-23,0.007000000216066837
2019-01-24,0.006000000052154064
2019-01-25,0.007000000216066837
2019-01-29,0.007000000216066837
2019-01-30,0.006500000134110451
2019-01-31,0.006000000052154064
2019-02-01,0.006000000052154064
2019-02-04,0.006500000134110451
2019-02-05,0.007000000216066837
2019-02-06,0.007000000216066837
2019-02-07,0.007000000216066837
2019-02-08,0.00800000037997961
2019-02-11,0.007000000216066837
2019-02-12,0.007000000216066837
2019-02-13,0.00800000037997961
2019-02-14,0.00800000037997961
2019-02-15,0.007000000216066837
2019-02-18,0.007000000216066837
2019-02-19,0.007000000216066837
2019-02-20,0.007000000216066837
2019-02-21,0.006000000052154064
2019-02-22,0.006000000052154064
2019-02-25,0.006000000052154064
2019-02-26,0.006500000134110451
2019-02-27,0.006000000052154064
2019-02-28,0.006000000052154064
2019-03-01,0.004999999888241291
2019-03-04,0.006000000052154064
2019-03-05,0.005499999970197678
2019-03-06,0.006000000052154064
2019-03-07,0.006000000052154064
2019-03-08,0.006000000052154064
2019-03-11,0.006000000052154064
2019-03-12,0.006000000052154064
2019-03-13,0.006000000052154064
2019-03-14,0.006000000052154064
2019-03-15,0.006000000052154064
2019-03-18,0.006000000052154064
2019-03-19,0.006000000052154064
2019-03-20,0.004999999888241291
2019-03-21,0.006000000052154064
2019-03-22,0.006000000052154064
2019-03-25,0.004999999888241291
2019-03-26,0.005499999970197678
2019-03-27,0.004999999888241291
2019-03-28,0.005499999970197678
2019-03-29,0.005499999970197678
2019-04-01,0.004999999888241291
2019-04-02,0.005499999970197678
2019-04-03,0.004999999888241291
2019-04-04,0.004999999888241291
2019-04-05,0.004999999888241291
2019-04-08,0.005499999970197678
2019-04-09,0.005499999970197678
2019-04-10,0.005499999970197678
2019-04-11,0.005499999970197678
2019-04-12,0.005499999970197678
2019-04-15,0.005499999970197678
2019-04-16,0.006000000052154064
2019-04-17,0.005499999970197678
2019-04-18,0.005499999970197678
2019-04-23,0.004999999888241291
2019-04-24,0.004999999888241291
2019-04-26,0.005499999970197678
2019-04-29,0.006000000052154064
2019-04-30,0.006000000052154064
2019-05-01,0.004999999888241291
2019-05-02,0.006000000052154064
2019-05-03,0.006000000052154064
2019-05-06,0.007000000216066837
2019-05-07,0.007000000216066837
2019-05-08,0.007000000216066837
2019-05-09,0.006000000052154064
2019-05-10,0.007000000216066837
2019-05-13,0.007000000216066837
2019-05-14,0.00800000037997961
2019-05-15,0.007000000216066837
2019-05-16,0.009999999776482582
2019-05-17,0.008999999612569809
2019-05-20,0.009999999776482582
2019-05-21,0.009999999776482582
2019-05-22,0.010999999940395355
2019-05-23,0.013000000268220901
2019-05-24,0.012000000104308128
2019-05-27,0.010999999940395355
2019-05-28,0.010999999940395355
2019-05-29,0.012000000104308128
2019-05-30,0.009999999776482582
2019-05-31,0.009999999776482582
2019-06-03,0.009999999776482582
2019-06-04,0.008999999612569809
2019-06-05,0.009999999776482582
2019-06-06,0.010499999858438969
2019-06-07,0.009999999776482582
2019-06-11,0.009999999776482582
2019-06-12,0.010999999940395355
2019-06-13,0.010999999940395355
2019-06-14,0.010999999940395355
2019-06-17,0.012000000104308128
2019-06-18,0.010999999940395355
2019-06-19,0.012000000104308128
2019-06-20,0.010999999940395355
2019-06-21,0.013000000268220901
2019-06-24,0.014000000432133675
2019-06-25,0.01600000075995922
2019-06-26,0.017000000923871994
2019-06-27,0.01600000075995922
2019-06-28,0.014999999664723873
2019-07-01,0.016499999910593033
2019-07-02,0.014999999664723873
2019-07-03,0.014999999664723873
2019-07-04,0.014999999664723873
2019-07-05,0.014000000432133675
2019-07-08,0.01600000075995922
2019-07-09,0.017000000923871994
2019-07-10,0.01600000075995922
2019-07-11,0.01600000075995922
2019-07-12,0.017999999225139618
2019-07-15,0.01600000075995922
2019-07-16,0.014999999664723873
2019-07-17,0.014999999664723873
2019-07-18,0.01600000075995922
2019-07-19,0.017000000923871994
2019-07-22,0.01899999938905239
2019-07-23,0.019999999552965164
2019-07-24,0.023000000044703484
2019-07-25,0.020999999716877937
2019-07-26,0.02500000037252903
2019-07-29,0.04399999976158142
2019-07-30,0.03700000047683716
2019-07-31,0.03500000014901161
2019-08-01,0.03500000014901161
2019-08-02,0.03500000014901161
2019-08-05,0.03400000184774399
2019-08-06,0.03200000151991844
2019-08-07,0.03400000184774399
2019-08-08,0.03999999910593033
2019-08-09,0.04399999976158142
2019-08-12,0.05400000140070915
2019-08-13,0.050999999046325684
2019-08-14,0.050999999046325684
2019-08-15,0.05000000074505806
2019-08-16,0.05000000074505806
2019-08-19,0.057999998331069946
2019-08-20,0.052000001072883606
2019-08-21,0.05400000140070915
2019-08-22,0.06300000101327896
2019-08-23,0.061000000685453415
2019-08-26,0.057999998331069946
2019-08-27,0.057999998331069946
2019-08-28,0.05700000002980232
2019-08-29,0.05299999937415123
2019-08-30,0.054999999701976776
2019-09-02,0.05299999937415123
2019-09-03,0.04899999871850014
2019-09-04,0.05000000074505806
2019-09-05,0.05000000074505806
2019-09-06,0.04899999871850014
2019-09-09,0.04800000041723251
2019-09-10,0.04500000178813934
2019-09-11,0.04399999976158142
2019-09-12,0.04699999839067459
2019-09-13,0.04699999839067459
2019-09-16,0.05999999865889549
2019-09-17,0.06499999761581421
2019-09-18,0.06199999898672104
2019-09-19,0.07199999690055847
2019-09-20,0.06800000369548798
2019-09-23,0.06800000369548798
2019-09-24,0.07500000298023224
2019-09-25,0.07400000095367432
2019-09-26,0.07400000095367432
2019-09-27,0.07400000095367432
2019-09-30,0.061000000685453415
2019-10-01,0.05400000140070915
2019-10-02,0.05700000002980232
2019-10-03,0.054999999701976776
2019-10-04,0.0560000017285347
2019-10-07,0.052000001072883606
2019-10-08,0.05000000074505806
2019-10-09,0.05400000140070915
2019-10-10,0.05700000002980232
2019-10-11,0.0560000017285347
2019-10-14,0.0560000017285347
2019-10-15,0.0560000017285347
2019-10-16,0.050999999046325684
2019-10-17,0.05000000074505806
2019-10-18,0.05000000074505806
2019-10-21,0.04899999871850014
2019-10-22,0.05000000074505806
2019-10-23,0.050999999046325684
2019-10-24,0.05000000074505806
2019-10-25,0.04699999839067459
2019-10-28,0.0430000014603138
2019-10-29,0.041999999433755875
2019-10-30,0.041999999433755875
2019-10-31,0.041999999433755875
2019-11-01,0.041999999433755875
2019-11-04,0.03999999910593033
2019-11-05,0.04100000113248825
2019-11-06,0.039000000804662704
2019-11-07,0.03700000047683716
2019-11-08,0.035999998450279236
2019-11-11,0.041999999433755875
2019-11-12,0.039000000804662704
2019-11-13,0.03799999877810478
2019-11-14,0.04500000178813934
2019-11-15,0.050999999046325684
2019-11-18,0.04699999839067459
2019-11-19,0.04800000041723251
2019-11-20,0.04800000041723251
2019-11-21,0.04399999976158142
2019-11-22,0.04500000178813934
2019-11-25,0.0430000014603138
2019-11-26,0.03999999910593033
2019-11-27,0.04100000113248825
2019-11-28,0.04100000113248825
2019-11-29,0.04699999839067459
2019-12-02,0.05000000074505806
2019-12-03,0.05400000140070915
2019-12-04,0.05299999937415123
2019-12-05,0.052000001072883606
2019-12-06,0.04899999871850014
2019-12-09,0.04899999871850014
2019-12-10,0.04899999871850014
2019-12-11,0.04800000041723251
2019-12-12,0.04899999871850014
2019-12-13,0.04899999871850014
2019-12-16,0.04699999839067459
2019-12-17,0.04500000178813934
2019-12-18,0.04800000041723251
2019-12-19,0.04899999871850014
2019-12-20,0.04899999871850014
2019-12-23,0.04699999839067459
2019-12-24,0.04600000008940697
2019-12-27,0.04600000008940697
2019-12-30,0.04500000178813934
2019-12-31,0.04500000178813934
2020-01-02,0.04600000008940697
2020-01-03,0.04500000178813934
2020-01-06,0.04399999976158142
2020-01-07,0.04500000178813934
2020-01-08,0.042500000447034836
2020-01-09,0.04399999976158142
2020-01-10,0.0430000014603138
2020-01-13,0.041999999433755875
2020-01-14,0.041999999433755875
2020-01-15,0.0430000014603138
2020-01-16,0.04500000178813934
2020-01-17,0.04600000008940697
2020-01-20,0.04699999839067459
2020-01-21,0.04699999839067459
2020-01-22,0.05400000140070915
2020-01-23,0.05400000140070915
2020-01-24,0.050999999046325684
2020-01-28,0.04800000041723251
2020-01-29,0.04600000008940697
2020-01-30,0.04899999871850014
2020-01-31,0.04699999839067459
2020-02-03,0.04500000178813934
2020-02-04,0.04399999976158142
2020-02-05,0.04399999976158142
2020-02-06,0.04600000008940697
2020-02-07,0.04500000178813934
2020-02-10,0.04399999976158142
2020-02-11,0.0430000014603138
2020-02-12,0.04500000178813934
2020-02-13,0.04399999976158142
2020-02-14,0.0430000014603138
2020-02-17,0.0430000014603138
2020-02-18,0.0430000014603138
2020-02-19,0.041999999433755875
2020-02-20,0.041999999433755875
2020-02-21,0.04399999976158142
2020-02-24,0.041999999433755875
2020-02-25,0.04100000113248825
2020-02-26,0.04100000113248825
2020-02-27,0.04100000113248825
2020-02-28,0.039000000804662704
2020-03-02,0.039000000804662704
2020-03-03,0.039000000804662704
2020-03-04,0.03700000047683716
2020-03-05,0.039000000804662704
2020-03-06,0.0430000014603138
2020-03-09,0.03700000047683716
2020-03-10,0.03700000047683716
2020-03-11,0.035999998450279236
2020-03-12,0.03099999949336052
2020-03-13,0.03099999949336052
2020-03-16,0.02800000086426735
2020-03-17,0.028999999165534973
2020-03-18,0.027000000700354576
2020-03-19,0.026000000536441803
2020-03-20,0.02500000037252903
2020-03-23,0.020999999716877937
2020-03-24,0.023000000044703484
2020-03-25,0.02500000037252903
2020-03-26,0.027000000700354576
2020-03-27,0.02500000037252903
2020-03-30,0.029999999329447746
2020-03-31,0.03400000184774399
2020-04-01,0.03400000184774399
2020-04-02,0.03400000184774399
2020-04-03,0.032999999821186066
2020-04-06,0.03400000184774399
2020-04-07,0.03099999949336052
2020-04-08,0.03099999949336052
2020-04-09,0.03200000151991844
2020-04-14,0.032999999821186066
2020-04-15,0.032999999821186066
2020-04-16,0.032999999821186066
2020-04-17,0.035999998450279236
2020-04-20,0.04100000113248825
2020-04-21,0.03700000047683716
2020-04-22,0.03799999877810478
2020-04-23,0.03999999910593033
2020-04-24,0.03999999910593033
2020-04-27,0.04600000008940697
2020-04-28,0.04500000178813934
2020-04-29,0.04800000041723251
2020-04-30,0.04899999871850014
2020-05-01,0.04600000008940697
2020-05-04,0.04800000041723251
2020-05-05,0.04699999839067459
2020-05-06,0.04699999839067459
2020-05-07,0.04650000110268593
2020-05-08,0.04699999839067459
2020-05-11,0.05000000074505806
2020-05-12,0.050999999046325684
2020-05-13,0.05299999937415123
2020-05-14,0.05000000074505806
2020-05-15,0.050999999046325684
2020-05-18,0.052000001072883606
2020-05-19,0.052000001072883606
2020-05-20,0.05700000002980232
2020-05-21,0.06199999898672104
2020-05-22,0.05900000035762787
2020-05-25,0.06300000101327896
2020-05-26,0.07000000029802322
2020-05-27,0.06800000369548798
2020-05-28,0.06800000369548798
2020-05-29,0.06800000369548798
2020-06-01,0.05900000035762787
2020-06-02,0.054999999701976776
2020-06-03,0.05299999937415123
2020-06-04,0.05299999937415123
2020-06-05,0.05400000140070915
2020-06-09,0.054999999701976776
2020-06-10,0.061000000685453415
2020-06-11,0.05700000002980232
2020-06-12,0.054999999701976776
2020-06-15,0.05000000074505806
2020-06-16,0.05299999937415123
2020-06-17,0.052000001072883606
2020-06-18,0.052000001072883606
2020-06-19,0.05000000074505806
2020-06-22,0.05299999937415123
2020-06-23,0.050999999046325684
2020-06-24,0.054999999701976776
2020-06-25,0.05299999937415123
2020-06-26,0.052000001072883606
2020-06-29,0.052000001072883606
2020-06-30,0.050999999046325684
2020-07-01,0.05400000140070915
2020-07-02,0.05299999937415123
2020-07-03,0.05299999937415123
2020-07-06,0.052000001072883606
2020-07-07,0.05000000074505806
2020-07-08,0.050999999046325684
2020-07-09,0.050999999046325684
2020-07-10,0.05000000074505806
2020-07-13,0.04899999871850014
2020-07-14,0.04600000008940697
2020-07-15,0.04899999871850014
2020-07-16,0.04800000041723251
2020-07-17,0.04699999839067459
2020-07-20,0.04800000041723251
2020-07-21,0.04800000041723251
2020-07-22,0.04899999871850014
2020-07-23,0.05000000074505806
2020-07-24,0.05000000074505806
2020-07-27,0.05000000074505806
2020-07-28,0.04899999871850014
2020-07-29,0.04899999871850014
2020-07-30,0.05000000074505806
2020-07-31,0.05000000074505806
2020-08-03,0.04800000041723251
2020-08-04,0.04699999839067459
2020-08-05,0.04699999839067459
2020-08-06,0.04699999839067459
2020-08-07,0.04800000041723251
2020-08-10,0.05400000140070915
2020-08-11,0.050999999046325684
2020-08-12,0.05000000074505806
2020-08-13,0.050999999046325684
2020-08-14,0.05000000074505806
2020-08-17,0.04800000041723251
2020-08-18,0.04899999871850014
2020-08-19,0.04899999871850014
2020-08-20,0.04800000041723251
2020-08-21,0.04800000041723251
2020-08-24,0.04699999839067459
2020-08-25,0.04699999839067459
2020-08-26,0.04500000178813934
2020-08-27,0.04500000178813934
2020-08-28,0.04600000008940697
2020-08-31,0.04699999839067459
2020-09-01,0.04500000178813934
2020-09-02,0.04600000008940697
2020-09-03,0.05000000074505806
2020-09-04,0.04899999871850014
2020-09-07,0.052000001072883606
2020-09-08,0.05900000035762787
2020-09-09,0.05999999865889549
2020-09-10,0.06700000166893005
2020-09-11,0.07100000232458115
2020-09-14,0.07699999958276749
2020-09-15,0.09700000286102295
2020-09-16,0.09700000286102295
2020-09-17,0.09200000017881393
2020-09-18,0.09799999743700027
2020-09-21,0.10000000149011612
2020-09-22,0.10000000149011612
2020-09-23,0.12999999523162842
2020-09-24,0.11999999731779099
2020-09-25,0.1550000011920929
2020-09-28,0.17499999701976776
2020-09-29,0.1599999964237213
2020-09-30,0.1599999964237213
2020-10-01,0.1550000011920929
2020-10-02,0.14499999582767487
2020-10-05,0.1550000011920929
2020-10-06,0.16500000655651093
2020-10-07,0.1599999964237213
2020-10-08,0.1550000011920929
2020-10-09,0.15000000596046448
2020-10-12,0.15000000596046448
2020-10-13,0.15000000596046448
2020-10-14,0.14499999582767487
2020-10-15,0.13500000536441803
2020-10-16,0.14000000059604645
2020-10-19,0.12999999523162842
2020-10-20,0.14000000059604645
2020-10-21,0.12999999523162842
2020-10-22,0.13500000536441803
2020-10-23,0.14000000059604645
2020-10-26,0.14499999582767487
2020-10-27,0.14000000059604645
2020-10-28,0.17000000178813934
2020-10-29,0.1599999964237213
2020-10-30,0.1599999964237213
2020-11-02,0.1599999964237213
2020-11-03,0.1599999964237213
2020-11-04,0.1599999964237213
2020-11-05,0.1850000023841858
2020-11-06,0.19499999284744263
2020-11-09,0.1850000023841858
2020-11-10,0.1850000023841858
2020-11-11,0.17499999701976776
2020-11-12,0.19499999284744263
2020-11-13,0.23999999463558197
2020-11-16,0.2574999928474426
2020-11-17,0.2750000059604645
2020-11-18,0.28999999165534973
2020-11-19,0.3199999928474426
2020-11-20,0.3199999928474426
2020-11-23,0.33500000834465027
2020-11-24,0.3149999976158142
2020-11-25,0.28999999165534973
2020-11-26,0.29499998688697815
2020-11-27,0.27000001072883606
2020-11-30,0.2549999952316284
2020-12-01,0.2549999952316284
2020-12-02,0.26499998569488525
2020-12-03,0.23999999463558197
2020-12-04,0.23999999463558197
2020-12-07,0.23999999463558197
2020-12-08,0.25
2020-12-09,0.25
2020-12-10,0.28999999165534973
2020-12-11,0.2750000059604645
2020-12-14,0.27000001072883606
2020-12-15,0.26499998569488525
2020-12-16,0.2549999952316284
2020-12-17,0.25
2020-12-18,0.27000001072883606
2020-12-21,0.26499998569488525
2020-12-22,0.2750000059604645
2020-12-23,0.28999999165534973
2020-12-24,0.27000001072883606
2020-12-29,0.2849999964237213
2020-12-30,0.2750000059604645
2020-12-31,0.2750000059604645
2021-01-04,0.3050000071525574
2021-01-05,0.3050000071525574
2021-01-06,0.3100000023841858
2021-01-07,0.29499998688697815
2021-01-08,0.3050000071525574
2021-01-11,0.28999999165534973
2021-01-12,0.29499998688697815
2021-01-13,0.3050000071525574
2021-01-14,0.28999999165534973
2021-01-15,0.2800000011920929
2021-01-18,0.26499998569488525
2021-01-19,0.2750000059604645
2021-01-20,0.2750000059604645
2021-01-21,0.2849999964237213
2021-01-22,0.2750000059604645
2021-01-25,0.2750000059604645
2021-01-27,0.2800000011920929
2021-01-28,0.27000001072883606
2021-01-29,0.2750000059604645
2021-02-01,0.27000001072883606
2021-02-02,0.27000001072883606
2021-02-03,0.2750000059604645
2021-02-04,0.27000001072883606
2021-02-05,0.29499998688697815
2021-02-08,0.3199999928474426
2021-02-09,0.3149999976158142
2021-02-10,0.3199999928474426
2021-02-11,0.3149999976158142
2021-02-12,0.30000001192092896
2021-02-15,0.3100000023841858
2021-02-16,0.3050000071525574
2021-02-17,0.29499998688697815
2021-02-18,0.29499998688697815
2021-02-19,0.2849999964237213
2021-02-22,0.32499998807907104
2021-02-23,0.3050000071525574
2021-02-24,0.29499998688697815
2021-02-25,0.3149999976158142
2021-02-26,0.32499998807907104
2021-03-01,0.32499998807907104
2021-03-02,0.3149999976158142
2021-03-03,0.32499998807907104
2021-03-04,0.3100000023841858
2021-03-05,0.3100000023841858
2021-03-08,0.3199999928474426
2021-03-09,0.3050000071525574
2021-03-10,0.3149999976158142
2021-03-11,0.36500000953674316
2021-03-12,0.3700000047683716
2021-03-15,0.41499999165534973
2021-03-16,0.41499999165534973
2021-03-17,0.4300000071525574
2021-03-18,0.41999998688697815
2021-03-19,0.4099999964237213
2021-03-22,0.3700000047683716
2021-03-23,0.3449999988079071
2021-03-24,0.3449999988079071
2021-03-25,0.33500000834465027
2021-03-26,0.3400000035762787
2021-03-29,0.33000001311302185
2021-03-30,0.33000001311302185
2021-03-31,0.30000001192092896
2021-04-01,0.28999999165534973
2021-04-06,0.28999999165534973
2021-04-07,0.2800000011920929
2021-04-08,0.28999999165534973
2021-04-09,0.28999999165534973
2021-04-12,0.2849999964237213
2021-04-13,0.2800000011920929
2021-04-14,0.2800000011920929
2021-04-15,0.2750000059604645
2021-04-16,0.2750000059604645
2021-04-19,0.27000001072883606
2021-04-20,0.26499998569488525
2021-04-21,0.27000001072883606
2021-04-22,0.23000000417232513
2021-04-23,0.23499999940395355
2021-04-26,0.23999999463558197
2021-04-27,0.23000000417232513
2021-04-28,0.2199999988079071
2021-04-29,0.23000000417232513
2021-04-30,0.22499999403953552
2021-05-03,0.20999999344348907
2021-05-04,0.1899999976158142
2021-05-05,0.18000000715255737
2021-05-06,0.1899999976158142
2021-05-07,0.19499999284744263
2021-05-10,0.1850000023841858
2021-05-11,0.17499999701976776
2021-05-12,0.20999999344348907
2021-05-13,0.1850000023841858
2021-05-14,0.1850000023841858
2021-05-17,0.1899999976158142
2021-05-18,0.19499999284744263
2021-05-19,0.22499999403953552
2021-05-20,0.23000000417232513
2021-05-21,0.2199999988079071
2021-05-24,0.20499999821186066
2021-05-25,0.20999999344348907
2021-05-26,0.20000000298023224
2021-05-27,0.20499999821186066
2021-05-28,0.2199999988079071
2021-05-31,0.20999999344348907
2021-06-01,0.20499999821186066
2021-06-02,0.20000000298023224
2021-06-03,0.20000000298023224
2021-06-04,0.20000000298023224
2021-06-07,0.19499999284744263
2021-06-08,0.2150000035762787
2021-06-09,0.2150000035762787
2021-06-10,0.25999999046325684
2021-06-11,0.2549999952316284
2021-06-15,0.23499999940395355
2021-06-16,0.23000000417232513
2021-06-17,0.22499999403953552
2021-06-18,0.22499999403953552
2021-06-21,0.19499999284744263
2021-06-22,0.1899999976158142
2021-06-23,0.18000000715255737
2021-06-24,0.18000000715255737
2021-06-25,0.1850000023841858
2021-06-28,0.18000000715255737
2021-06-29,0.18000000715255737
2021-06-30,0.15000000596046448
2021-07-01,0.1599999964237213
2021-07-02,0.16500000655651093
2021-07-05,0.1550000011920929
2021-07-06,0.1550000011920929
2021-07-07,0.15000000596046448
2021-07-08,0.1550000011920929
2021-07-09,0.1599999964237213
2021-07-12,0.1599999964237213
2021-07-13,0.16500000655651093
2021-07-14,0.16500000655651093
2021-07-15,0.17499999701976776
2021-07-16,0.16500000655651093
2021-07-19,0.16500000655651093
2021-07-20,0.15000000596046448
2021-07-21,0.1550000011920929
2021-07-22,0.1550000011920929
2021-07-23,0.1550000011920929
2021-07-26,0.1550000011920929
2021-07-27,0.17000000178813934
2021-07-28,0.16500000655651093
2021-07-29,0.16500000655651093
2021-07-30,0.1550000011920929
2021-08-02,0.1550000011920929
2021-08-03,0.1599999964237213
2021-08-04,0.1599999964237213
2021-08-05,0.16500000655651093
2021-08-06,0.1599999964237213
2021-08-09,0.1599999964237213
2021-08-10,0.1599999964237213
2021-08-11,0.1550000011920929
2021-08-12,0.1599999964237213
2021-08-13,0.1850000023841858
2021-08-16,0.17499999701976776
2021-08-17,0.16500000655651093
2021-08-18,0.16500000655651093
2021-08-19,0.17000000178813934
2021-08-20,0.16500000655651093
2021-08-23,0.16500000655651093
2021-08-24,0.16500000655651093
2021-08-25,0.16500000655651093
2021-08-26,0.1599999964237213
2021-08-27,0.1599999964237213
2021-08-30,0.1599999964237213
2021-08-31,0.1599999964237213
2021-09-01,0.1599999964237213
2021-09-02,0.1599999964237213
2021-09-03,0.1599999964237213
2021-09-06,0.1599999964237213
2021-09-07,0.16500000655651093
2021-09-08,0.16500000655651093
2021-09-09,0.1599999964237213
2021-09-10,0.1599999964237213
2021-09-13,0.1550000011920929
2021-09-14,0.1599999964237213
2021-09-15,0.1599999964237213
2021-09-16,0.1550000011920929
2021-09-17,0.1550000011920929
2021-09-20,0.15000000596046448
2021-09-21,0.14000000059604645
2021-09-22,0.14000000059604645
2021-09-23,0.14499999582767487
2021-09-24,0.14499999582767487
2021-09-27,0.14000000059604645
2021-09-28,0.14000000059604645
2021-09-29,0.14499999582767487
2021-09-30,0.1550000011920929
2021-10-01,0.1599999964237213
2021-10-04,0.1550000011920929
2021-10-05,0.15000000596046448
2021-10-06,0.14499999582767487
2021-10-07,0.15000000596046448
2021-10-08,0.1550000011920929
2021-10-11,0.17499999701976776
2021-10-12,0.17000000178813934
2021-10-13,0.17000000178813934
2021-10-14,0.18000000715255737
2021-10-15,0.20499999821186066
2021-10-18,0.20999999344348907
2021-10-19,0.20499999821186066
2021-10-20,0.20499999821186066
2021-10-21,0.2150000035762787
2021-10-22,0.20999999344348907
2021-10-25,0.1850000023841858
2021-10-26,0.19499999284744263
2021-10-27,0.17499999701976776
2021-10-28,0.18000000715255737
2021-10-29,0.17499999701976776
2021-11-01,0.17499999701976776
2021-11-02,0.16500000655651093
2021-11-03,0.17000000178813934
2021-11-04,0.17499999701976776
2021-11-05,0.1899999976158142
2021-11-08,0.20000000298023224
2021-11-09,0.20000000298023224
2021-11-10,0.16500000655651093
2021-11-11,0.17000000178813934
2021-11-12,0.17000000178813934
2021-11-15,0.17000000178813934
2021-11-16,0.17000000178813934
2021-11-17,0.17000000178813934
2021-11-18,0.17000000178813934
2021-11-19,0.16500000655651093
2021-11-22,0.16500000655651093
2021-11-23,0.16500000655651093
2021-11-24,0.16500000655651093
2021-11-25,0.1599999964237213
2021-11-26,0.17000000178813934
2021-11-29,0.1599999964237213
2021-11-30,0.16500000655651093
2021-12-01,0.16500000655651093
2021-12-02,0.1599999964237213
2021-12-03,0.1599999964237213
2021-12-06,0.1550000011920929
2021-12-07,0.15000000596046448
2021-12-08,0.1599999964237213
2021-12-09,0.16500000655651093
2021-12-10,0.17000000178813934
2021-12-13,0.17000000178813934
2021-12-14,0.18000000715255737
2021-12-15,0.17499999701976776
2021-12-16,0.17000000178813934
2021-12-17,0.18000000715255737
2021-12-20,0.18000000715255737
2021-12-21,0.18000000715255737
2021-12-22,0.18000000715255737
2021-12-23,0.18000000715255737
2021-12-24,0.18000000715255737
2021-12-29,0.18000000715255737
2021-12-30,0.1850000023841858
2021-12-31,0.1850000023841858
2022-01-04,0.1899999976158142
2022-01-05,0.19499999284744263
2022-01-06,0.1899999976158142
2022-01-07,0.19499999284744263
2022-01-10,0.1899999976158142
2022-01-11,0.1899999976158142
2022-01-12,0.2150000035762787
2022-01-13,0.2150000035762787
2022-01-14,0.2150000035762787
2022-01-17,0.2150000035762787
2022-01-18,0.2150000035762787
2022-01-19,0.2150000035762787
2022-01-20,0.24500000476837158
2022-01-21,0.23000000417232513
2022-01-24,0.20999999344348907
2022-01-25,0.1899999976158142
2022-01-27,0.1899999976158142
2022-01-28,0.1850000023841858
2022-01-31,0.1899999976158142
2022-02-01,0.19499999284744263
2022-02-02,0.19499999284744263
2022-02-03,0.1899999976158142
2022-02-04,0.1899999976158142
2022-02-07,0.1899999976158142
2022-02-08,0.20000000298023224
2022-02-09,0.19499999284744263
2022-02-10,0.1899999976158142
2022-02-11,0.1899999976158142
2022-02-14,0.1850000023841858
2022-02-15,0.18000000715255737
2022-02-16,0.1850000023841858
2022-02-17,0.17499999701976776
2022-02-18,0.1850000023841858
2022-02-21,0.17000000178813934
2022-02-22,0.17000000178813934
2022-02-23,0.17499999701976776
2022-02-24,0.17499999701976776
2022-02-25,0.17000000178813934
2022-02-28,0.18000000715255737
2022-03-01,0.19499999284744263
2022-03-02,0.1899999976158142
2022-03-03,0.1899999976158142
2022-03-04,0.1899999976158142
2022-03-07,0.20000000298023224
2022-03-08,0.19499999284744263
2022-03-09,0.20999999344348907
2022-03-10,0.20000000298023224
2022-03-11,0.19499999284744263
2022-03-14,0.19499999284744263
2022-03-15,0.1899999976158142
2022-03-16,0.1899999976158142
2022-03-17,0.1850000023841858
2022-03-18,0.1899999976158142
2022-03-21,0.19499999284744263
2022-03-22,0.20000000298023224
2022-03-23,0.1899999976158142
2022-03-24,0.1850000023841858
2022-03-25,0.1850000023841858
2022-03-28,0.18000000715255737
2022-03-29,0.18000000715255737
2022-03-30,0.1850000023841858
2022-03-31,0.1850000023841858
2022-04-01,0.18000000715255737
2022-04-04,0.18000000715255737
2022-04-05,0.17499999701976776
2022-04-06,0.11500000208616257
2022-04-07,0.0949999988079071
2022-04-08,0.11500000208616257
2022-04-11,0.11500000208616257
2022-04-12,0.10999999940395355
2022-04-13,0.10999999940395355
2022-04-14,0.10999999940395355
2022-04-19,0.10999999940395355
2022-04-20,0.10499999672174454
2022-04-21,0.10499999672174454
2022-04-22,0.10000000149011612
2022-04-26,0.10000000149011612
2022-04-27,0.10000000149011612
2022-04-28,0.10000000149011612
2022-04-29,0.10000000149011612
2022-05-02,0.0989999994635582
2022-05-03,0.09700000286102295
2022-05-04,0.09099999815225601
2022-05-05,0.09700000286102295
2022-05-06,0.09700000286102295
2022-05-09,0.09700000286102295
2022-05-10,0.09600000083446503
2022-05-11,0.09600000083446503
2022-05-12,0.09700000286102295
2022-05-13,0.0989999994635582
2022-05-16,0.09700000286102295
2022-05-17,0.0989999994635582
2022-05-18,0.0989999994635582
2022-05-19,0.09700000286102295
2022-05-20,0.09700000286102295
2022-05-23,0.10000000149011612
2022-05-24,0.09799999743700027
2022-05-25,0.0989999994635582
2022-05-26,0.10499999672174454
2022-05-27,0.10999999940395355
2022-05-30,0.11500000208616257
2022-05-31,0.10000000149011612
2022-06-01,0.0989999994635582
2022-06-02,0.0989999994635582
2022-06-03,0.0989999994635582
2022-06-06,0.09600000083446503
2022-06-07,0.09200000017881393
2022-06-08,0.08500000089406967
2022-06-09,0.08100000023841858
2022-06-10,0.07500000298023224
2022-06-14,0.07000000029802322
2022-06-15,0.06599999964237213
2022-06-16,0.07100000232458115
2022-06-17,0.0689999982714653
2022-06-20,0.06700000166893005
2022-06-21,0.07500000298023224
2022-06-22,0.07199999690055847
2022-06-23,0.0689999982714653
2022-06-24,0.07000000029802322
2022-06-27,0.07400000095367432
2022-06-28,0.07100000232458115
2022-06-29,0.07100000232458115
2022-06-30,0.07000000029802322
2022-07-01,0.07000000029802322
2022-07-04,0.07100000232458115
2022-07-05,0.07900000363588333
2022-07-06,0.0729999989271164
2022-07-07,0.07400000095367432
2022-07-08,0.07800000160932541
2022-07-11,0.07800000160932541
2022-07-12,0.07500000298023224
2022-07-13,0.07599999755620956
2022-07-14,0.07500000298023224
2022-07-15,0.07599999755620956
2022-07-18,0.08100000023841858
2022-07-19,0.08100000023841858
2022-07-20,0.09200000017881393
2022-07-21,0.09300000220537186
2022-07-22,0.09000000357627869
2022-07-25,0.08900000154972076
2022-07-26,0.10000000149011612
2022-07-27,0.10499999672174454
2022-07-28,0.10499999672174454
2022-07-29,0.10000000149011612
2022-08-01,0.0949999988079071
2022-08-02,0.09600000083446503
2022-08-03,0.09399999678134918
2022-08-04,0.09200000017881393
2022-08-05,0.08799999952316284
2022-08-08,0.09700000286102295
2022-08-09,0.09799999743700027
2022-08-10,0.09799999743700027
2022-08-11,0.09799999743700027
2022-08-12,0.10000000149011612
2022-08-15,0.10000000149011612
2022-08-16,0.0989999994635582
2022-08-17,0.0949999988079071
2022-08-18,0.09600000083446503
2022-08-19,0.09799999743700027
2022-08-22,0.09600000083446503
2022-08-23,0.09399999678134918
2022-08-24,0.09399999678134918
2022-08-25,0.09300000220537186
2022-08-26,0.07000000029802322
2022-08-29,0.05999999865889549
2022-08-30,0.054999999701976776
2022-08-31,0.05700000002980232
2022-09-01,0.05700000002980232
2022-09-02,0.05900000035762787
2022-09-05,0.0560000017285347
2022-09-06,0.0560000017285347
2022-09-07,0.05700000002980232
2022-09-08,0.0560000017285347
2022-09-09,0.05700000002980232
2022-09-12,0.057999998331069946
2022-09-13,0.05900000035762787
2022-09-14,0.057999998331069946
2022-09-15,0.0560000017285347
2022-09-16,0.052000001072883606
2022-09-19,0.04899999871850014
2022-09-20,0.04800000041723251
2022-09-21,0.04699999839067459
2022-09-23,0.04699999839067459
2022-09-26,0.0430000014603138
2022-09-27,0.04600000008940697
2022-09-28,0.04399999976158142
2022-09-29,0.04500000178813934
2022-09-30,0.04399999976158142
2022-10-03,0.039000000804662704
2022-10-04,0.04500000178813934
2022-10-05,0.04399999976158142
2022-10-06,0.04699999839067459
2022-10-07,0.04399999976158142
2022-10-10,0.04100000113248825
2022-10-11,0.04100000113248825
2022-10-12,0.03999999910593033
2022-10-13,0.04100000113248825
2022-10-14,0.0430000014603138
2022-10-17,0.04100000113248825
2022-10-18,0.04100000113248825
2022-10-19,0.041999999433755875
2022-10-20,0.0430000014603138
2022-10-21,0.041999999433755875
2022-10-24,0.041999999433755875
2022-10-25,0.04100000113248825
2022-10-26,0.03999999910593033
2022-10-27,0.03999999910593033
2022-10-28,0.039000000804662704
2022-10-31,0.03999999910593033
2022-11-01,0.04100000113248825
2022-11-02,0.041999999433755875
2022-11-03,0.039000000804662704
2022-11-04,0.03999999910593033
2022-11-07,0.03999999910593033
2022-11-08,0.039000000804662704
2022-11-09,0.04699999839067459
2022-11-10,0.04399999976158142
2022-11-11,0.05000000074505806
2022-11-14,0.04800000041723251
2022-11-15,0.04899999871850014
2022-11-16,0.052000001072883606
2022-11-17,0.04899999871850014
2022-11-18,0.052000001072883606
2022-11-21,0.0560000017285347
2022-11-22,0.052000001072883606
2022-11-23,0.05000000074505806
2022-11-24,0.050999999046325684
2022-11-25,0.04899999871850014
2022-11-28,0.04600000008940697
2022-11-29,0.04699999839067459
2022-11-30,0.04600000008940697
2022-12-01,0.05000000074505806
2022-12-02,0.05400000140070915
2022-12-05,0.05000000074505806
2022-12-06,0.05000000074505806
2022-12-07,0.05000000074505806
2022-12-08,0.04800000041723251
2022-12-09,0.04800000041723251
2022-12-12,0.04600000008940697
2022-12-13,0.04500000178813934
2022-12-14,0.04600000008940697
2022-12-15,0.04500000178813934
2022-12-16,0.0430000014603138
2022-12-19,0.0430000014603138
2022-12-20,0.04100000113248825
2022-12-21,0.04100000113248825
2022-12-22,0.041999999433755875
2022-12-23,0.0430000014603138
2022-12-28,0.03999999910593033
2022-12-29,0.041999999433755875
2022-12-30,0.04399999976158142
2023-01-03,0.0430000014603138
2023-01-04,0.04399999976158142
2023-01-05,0.04600000008940697
2023-01-06,0.04699999839067459
2023-01-09,0.04800000041723251
2023-01-10,0.05000000074505806
2023-01-11,0.05000000074505806
2023-01-12,0.05299999937415123
2023-01-13,0.06199999898672104
2023-01-16,0.057999998331069946
2023-01-17,0.05700000002980232
2023-01-18,0.06199999898672104
2023-01-19,0.06300000101327896
2023-01-20,0.06300000101327896
2023-01-23,0.061000000685453415
2023-01-24,0.05999999865889549
2023-01-25,0.0560000017285347
2023-01-27,0.0560000017285347
2023-01-30,0.0560000017285347
2023-01-31,0.050999999046325684
2023-02-01,0.05000000074505806
2023-02-02,0.052000001072883606
2023-02-03,0.05400000140070915
2023-02-06,0.052000001072883606
2023-02-07,0.04899999871850014
2023-02-08,0.04600000008940697
2023-02-09,0.04600000008940697
2023-02-10,0.04699999839067459
2023-02-13,0.04500000178813934
2023-02-14,0.04500000178813934
2023-02-15,0.041999999433755875
2023-02-16,0.041999999433755875
2023-02-17,0.0430000014603138
2023-02-20,0.041999999433755875
2023-02-21,0.04500000178813934
2023-02-22,0.04399999976158142
2023-02-23,0.04800000041723251
2023-02-24,0.04500000178813934
2023-02-27,0.04399999976158142
2023-02-28,0.0430000014603138
2023-03-01,0.04100000113248825
2023-03-02,0.04699999839067459
2023-03-03,0.050999999046325684
2023-03-06,0.052000001072883606
2023-03-07,0.050999999046325684
2023-03-08,0.04800000041723251
2023-03-09,0.04600000008940697
2023-03-10,0.04699999839067459
2023-03-13,0.04399999976158142
2023-03-14,0.04399999976158142
2023-03-15,0.041999999433755875
2023-03-16,0.04100000113248825
2023-03-17,0.0430000014603138
2023-03-20,0.0430000014603138
2023-03-21,0.04399999976158142
2023-03-22,0.04399999976158142
2023-03-23,0.0430000014603138
2023-03-24,0.0430000014603138
2023-03-27,0.04500000178813934
2023-03-28,0.04800000041723251
2023-03-29,0.04500000178813934
2023-03-30,0.04699999839067459
2023-03-31,0.04600000008940697
2023-04-03,0.04600000008940697
2023-04-04,0.04699999839067459
2023-04-05,0.04800000041723251
2023-04-06,0.05000000074505806
2023-04-11,0.04899999871850014
2023-04-12,0.04899999871850014
2023-04-13,0.04600000008940697
2023-04-14,0.04800000041723251
2023-04-17,0.04699999839067459
2023-04-18,0.0430000014603138
2023-04-19,0.04500000178813934
2023-04-20,0.0430000014603138
2023-04-21,0.0430000014603138
2023-04-24,0.041999999433755875
2023-04-26,0.041999999433755875
2023-04-27,0.04100000113248825
2023-04-28,0.03999999910593033
2023-05-01,0.039000000804662704
2023-05-02,0.039000000804662704
2023-05-03,0.03799999877810478
2023-05-04,0.04100000113248825
2023-05-05,0.04100000113248825
2023-05-08,0.039000000804662704
2023-05-09,0.039000000804662704
2023-05-10,0.03700000047683716
2023-05-11,0.035999998450279236
2023-05-12,0.032999999821186066
2023-05-15,0.03400000184774399
2023-05-16,0.032999999821186066
2023-05-17,0.032999999821186066
2023-05-18,0.03500000014901161
2023-05-19,0.039000000804662704
2023-05-22,0.039000000804662704
2023-05-23,0.03799999877810478
2023-05-24,0.039000000804662704
2023-05-25,0.035999998450279236
2023-05-26,0.039000000804662704
2023-05-29,0.03999999910593033
2023-05-30,0.03700000047683716
2023-05-31,0.03700000047683716
2023-06-01,0.03500000014901161
2023-06-02,0.03400000184774399
2023-06-05,0.03400000184774399
2023-06-06,0.03500000014901161
2023-06-07,0.039000000804662704
2023-06-08,0.039000000804662704
2023-06-09,0.04100000113248825
2023-06-13,0.0430000014603138
2023-06-14,0.04399999976158142
2023-06-15,0.041999999433755875
2023-06-16,0.0430000014603138
2023-06-19,0.041999999433755875
2023-06-20,0.03999999910593033
2023-06-21,0.041999999433755875
2023-06-22,0.04100000113248825
2023-06-23,0.0430000014603138
2023-06-26,0.039000000804662704
2023-06-27,0.03799999877810478
2023-06-28,0.03999999910593033
2023-06-29,0.03799999877810478
2023-06-30,0.03700000047683716
2023-07-03,0.03799999877810478
2023-07-04,0.03999999910593033
2023-07-05,0.03999999910593033
2023-07-06,0.03799999877810478
2023-07-07,0.03799999877810478
2023-07-10,0.04100000113248825
2023-07-11,0.03999999910593033
2023-07-12,0.03999999910593033
2023-07-13,0.03999999910593033
2023-07-14,0.03799999877810478
2023-07-17,0.03799999877810478
2023-07-18,0.03700000047683716
2023-07-19,0.035999998450279236
2023-07-20,0.03500000014901161
2023-07-21,0.035999998450279236
2023-07-24,0.03400000184774399
2023-07-25,0.03400000184774399
2023-07-26,0.03400000184774399
2023-07-27,0.032999999821186066
2023-07-28,0.03200000151991844
2023-07-31,0.03200000151991844
2023-08-01,0.03099999949336052
2023-08-02,0.029999999329447746
2023-08-03,0.029999999329447746
2023-08-04,0.028999999165534973
2023-08-07,0.027000000700354576
2023-08-08,0.02800000086426735
2023-08-09,0.027000000700354576
2023-08-10,0.027000000700354576
2023-08-11,0.02800000086426735
2023-08-14,0.02800000086426735
2023-08-15,0.02800000086426735
2023-08-16,0.028999999165534973
2023-08-17,0.027000000700354576
2023-08-18,0.027000000700354576
2023-08-21,0.026000000536441803
2023-08-22,0.026000000536441803
2023-08-23,0.02800000086426735
2023-08-24,0.03200000151991844
2023-08-25,0.03099999949336052
2023-08-28,0.03099999949336052
2023-08-29,0.03099999949336052
2023-08-30,0.028999999165534973
2023-08-31,0.029999999329447746
2023-09-01,0.028999999165534973
2023-09-04,0.028999999165534973
2023-09-05,0.02800000086426735
2023-09-06,0.02800000086426735
2023-09-07,0.02800000086426735
2023-09-08,0.026000000536441803
2023-09-11,0.026000000536441803
2023-09-12,0.024000000208616257
2023-09-13,0.023000000044703484
2023-09-14,0.024000000208616257
2023-09-15,0.023000000044703484
2023-09-18,0.024000000208616257
2023-09-19,0.024000000208616257
2023-09-20,0.023000000044703484
2023-09-21,0.02199999988079071
2023-09-22,0.02199999988079071
2023-09-25,0.02199999988079071
2023-09-26,0.020999999716877937
2023-09-27,0.01899999938905239
2023-09-28,0.01899999938905239
2023-09-29,0.020999999716877937
2023-10-02,0.019999999552965164
2023-10-03,0.019999999552965164
2023-10-04,0.019999999552965164
2023-10-05,0.01899999938905239
2023-10-06,0.019999999552965164
2023-10-09,0.020999999716877937
2023-10-10,0.019999999552965164
2023-10-11,0.019999999552965164
2023-10-12,0.020999999716877937
2023-10-13,0.020999999716877937
2023-10-16,0.020999999716877937
2023-10-17,0.019999999552965164
2023-10-18,0.019999999552965164
2023-10-19,0.019999999552965164
2023-10-20,0.020999999716877937
2023-10-23,0.019999999552965164
2023-10-24,0.019999999552965164
2023-10-25,0.019999999552965164
2023-10-26,0.020999999716877937
2023-10-27,0.020999999716877937
2023-10-30,0.02199999988079071
2023-10-31,0.020999999716877937
2023-11-01,0.019999999552965164
2023-11-02,0.019999999552965164
2023-11-03,0.019999999552965164
2023-11-06,0.019999999552965164
2023-11-07,0.020999999716877937
2023-11-08,0.023000000044703484
2023-11-09,0.02500000037252903
2023-11-10,0.026000000536441803
2023-11-13,0.02500000037252903
2023-11-14,0.023000000044703484
2023-11-15,0.024000000208616257
2023-11-16,0.024000000208616257
2023-11-17,0.02500000037252903
2023-11-20,0.023000000044703484
2023-11-21,0.024000000208616257
2023-11-22,0.023000000044703484
2023-11-23,0.02199999988079071
2023-11-24,0.020999999716877937
2023-11-27,0.020999999716877937
2023-11-28,0.02199999988079071
2023-11-29,0.020999999716877937
2023-11-30,0.020999999716877937
2023-12-01,0.02199999988079071
2023-12-04,0.02199999988079071
2023-12-05,0.019999999552965164
2023-12-06,0.019999999552965164
2023-12-07,0.020999999716877937
2023-12-08,0.020999999716877937
2023-12-11,0.020999999716877937
2023-12-12,0.02199999988079071
2023-12-13,0.02199999988079071
2023-12-14,0.02199999988079071
2023-12-15,0.020999999716877937
2023-12-18,0.019999999552965164
2023-12-19,0.020999999716877937
2023-12-20,0.023000000044703484
2023-12-21,0.020999999716877937
2023-12-22,0.02199999988079071
2023-12-27,0.023000000044703484
2023-12-28,0.024000000208616257
2023-12-29,0.02500000037252903
2024-01-02,0.026000000536441803
2024-01-03,0.02500000037252903
2024-01-04,0.023000000044703484
2024-01-05,0.024000000208616257
2024-01-08,0.024000000208616257
2024-01-09,0.02199999988079071
2024-01-10,0.02199999988079071
2024-01-11,0.023000000044703484
2024-01-12,0.02199999988079071
2024-01-15,0.023000000044703484
2024-01-16,0.026000000536441803
2024-01-17,0.026000000536441803
2024-01-18,0.026000000536441803
2024-01-19,0.02500000037252903
2024-01-22,0.024000000208616257
2024-01-23,0.023000000044703484
2024-01-24,0.023000000044703484
2024-01-25,0.024000000208616257
2024-01-29,0.02500000037252903
2024-01-30,0.024000000208616257
2024-01-31,0.02500000037252903
2024-02-01,0.024000000208616257
2024-02-02,0.024000000208616257
2024-02-05,0.02199999988079071
2024-02-06,0.02199999988079071
2024-02-07,0.023000000044703484
2024-02-08,0.023000000044703484
2024-02-09,0.023000000044703484
2024-02-12,0.023000000044703484
2024-02-13,0.024000000208616257
2024-02-14,0.023000000044703484
2024-02-15,0.023000000044703484
2024-02-16,0.023000000044703484
2024-02-19,0.024000000208616257
2024-02-20,0.024000000208616257
2024-02-21,0.023000000044703484
2024-02-22,0.023000000044703484
2024-02-23,0.023000000044703484
2024-02-26,0.024000000208616257
2024-02-27,0.02199999988079071
2024-02-28,0.02800000086426735
2024-02-29,0.027000000700354576
2024-03-01,0.02800000086426735
2024-03-04,0.03099999949336052
2024-03-05,0.03099999949336052
2024-03-06,0.029999999329447746
2024-03-07,0.029999999329447746
2024-03-08,0.03099999949336052
2024-03-11,0.02800000086426735
2024-03-12,0.02800000086426735
2024-03-13,0.028999999165534973
2024-03-14,0.027000000700354576
2024-03-15,0.02500000037252903
2024-03-18,0.023000000044703484
2024-03-19,0.023000000044703484
2024-03-20,0.02199999988079071
2024-03-21,0.024000000208616257
2024-03-22,0.024000000208616257
2024-03-25,0.02199999988079071
2024-03-26,0.02199999988079071
2024-03-27,0.023000000044703484
2024-03-28,0.020999999716877937
2024-04-02,0.019999999552965164
2024-04-03,0.019999999552965164
2024-04-04,0.019999999552965164
2024-04-05,0.019999999552965164
2024-04-08,0.01899999938905239
2024-04-09,0.01899999938905239
2024-04-10,0.019999999552965164
2024-04-11,0.01899999938905239
2024-04-12,0.017999999225139618
2024-04-15,0.017000000923871994
2024-04-16,0.017000000923871994
2024-04-17,0.01600000075995922
2024-04-18,0.01600000075995922
2024-04-19,0.01600000075995922
2024-04-22,0.017000000923871994
2024-04-23,0.01899999938905239
2024-04-24,0.01899999938905239
2024-04-26,0.017999999225139618
2024-04-29,0.017999999225139618
2024-04-30,0.01899999938905239
2024-05-01,0.017999999225139618
2024-05-02,0.017999999225139618
2024-05-03,0.01899999938905239
2024-05-06,0.01899999938905239
2024-05-07,0.017999999225139618
2024-05-08,0.017999999225139618
2024-05-09,0.01899999938905239
2024-05-10,0.017000000923871994
2024-05-13,0.017999999225139618
2024-05-14,0.017000000923871994
2024-05-15,0.017000000923871994
2024-05-16,0.017000000923871994
2024-05-17,0.017000000923871994
2024-05-20,0.01899999938905239
2024-05-21,0.017999999225139618
2024-05-22,0.017000000923871994
2024-05-23,0.017000000923871994
2024-05-24,0.017999999225139618
2024-05-27,0.017000000923871994
2024-05-28,0.017000000923871994
2024-05-29,0.017000000923871994
2024-05-30,0.017000000923871994
2024-05-31,0.017999999225139618
2024-06-03,0.017000000923871994
2024-06-04,0.023000000044703484
2024-06-05,0.020999999716877937
2024-06-06,0.01899999938905239
2024-06-07,0.01899999938905239
2024-06-11,0.017999999225139618
2024-06-12,0.017999999225139618
2024-06-13,0.017000000923871994
2024-06-14,0.017999999225139618
2024-06-17,0.017000000923871994
2024-06-18,0.01899999938905239
2024-06-19,0.017000000923871994
2024-06-20,0.017000000923871994
2024-06-21,0.017000000923871994
2024-06-24,0.017000000923871994
2024-06-25,0.017000000923871994
2024-06-26,0.01600000075995922
2024-06-27,0.017999999225139618
2024-06-28,0.01600000075995922
2024-07-01,0.01600000075995922
2024-07-02,0.01600000075995922
2024-07-03,0.014999999664723873
2024-07-04,0.017000000923871994
2024-07-05,0.017000000923871994
2024-07-08,0.01600000075995922
2024-07-09,0.014999999664723873
2024-07-10,0.017000000923871994
2024-07-11,0.01600000075995922
2024-07-12,0.017000000923871994
2024-07-15,0.01600000075995922
2024-07-16,0.017000000923871994
2024-07-17,0.02199999988079071
2024-07-18,0.023000000044703484
2024-07-19,0.020999999716877937
2024-07-22,0.023000000044703484
2024-07-23,0.02199999988079071
2024-07-24,0.02199999988079071
2024-07-25,0.01899999938905239
2024-07-26,0.019999999552965164
2024-07-29,0.01899999938905239
2024-07-30,0.020999999716877937
2024-07-31,0.01899999938905239
2024-08-01,0.020999999716877937
2024-08-02,0.019999999552965164
2024-08-05,0.019999999552965164
2024-08-06,0.017000000923871994
2024-08-07,0.017000000923871994
2024-08-08,0.01600000075995922
2024-08-09,0.017000000923871994
2024-08-12,0.017000000923871994
2024-08-13,0.017000000923871994
2024-08-14,0.01600000075995922
2024-08-15,0.01600000075995922
2024-08-16,0.01600000075995922
2024-08-19,0.01600000075995922
2024-08-20,0.01600000075995922
2024-08-21,0.012000000104308128
2024-08-22,0.010999999940395355
2024-08-23,0.009999999776482582
2024-08-26,0.008999999612569809
2024-08-27,0.008999999612569809
2024-08-28,0.00800000037997961
2024-08-29,0.008999999612569809
2024-08-30,0.008999999612569809
2024-09-02,0.00800000037997961
2024-09-03,0.008999999612569809
2024-09-04,0.00800000037997961
2024-09-05,0.00800000037997961
2024-09-06,0.00800000037997961
2024-09-09,0.00800000037997961
2024-09-10,0.00800000037997961
2024-09-11,0.007000000216066837
2024-09-12,0.007000000216066837
2024-09-13,0.007000000216066837
2024-09-16,0.00800000037997961
2024-09-17,0.007000000216066837
2024-09-18,0.007499999832361937
2024-09-19,0.007499999832361937
2024-09-20,0.007000000216066837
2024-09-23,0.007000000216066837
2024-09-24,0.007000000216066837
2024-09-25,0.007000000216066837
2024-09-26,0.007000000216066837
2024-09-27,0.00800000037997961
2024-09-30,0.007000000216066837
2024-10-01,0.00800000037997961
2024-10-02,0.00800000037997961
2024-10-03,0.00800000037997961
2024-10-04,0.00800000037997961
2024-10-07,0.00800000037997961
2024-10-08,0.00800000037997961
2024-10-09,0.008999999612569809
2024-10-10,0.008500000461935997
2024-10-11,0.00800000037997961
2024-10-14,0.008500000461935997
2024-10-15,0.00800000037997961
2024-10-16,0.00800000037997961
2024-10-17,0.00800000037997961
2024-10-18,0.007000000216066837
2024-10-21,0.00800000037997961
2024-10-22,0.007000000216066837
2024-10-23,0.007000000216066837
2024-10-24,0.007000000216066837
2024-10-25,0.007000000216066837
2024-10-28,0.00800000037997961
2024-10-29,0.007000000216066837
2024-10-30,0.00800000037997961
2024-10-31,0.007000000216066837
2024-11-01,0.007000000216066837
2024-11-04,0.007000000216066837
2024-11-05,0.006000000052154064
2024-11-06,0.006500000134110451
2024-11-07,0.006500000134110451
2024-11-08,0.006000000052154064
2024-11-11,0.006500000134110451
2024-11-12,0.006000000052154064
2024-11-13,0.006000000052154064
2024-11-14,0.006000000052154064
2024-11-15,0.007000000216066837
2024-11-18,0.007000000216066837
2024-11-19,0.006000000052154064
2024-11-20,0.006500000134110451
2024-11-21,0.00800000037997961
2024-11-22,0.007000000216066837
2024-11-25,0.007000000216066837
2024-11-26,0.007000000216066837
2024-11-27,0.007000000216066837
2024-11-28,0.00800000037997961
2024-11-29,0.00800000037997961
2024-12-02,0.007000000216066837
2024-12-03,0.007499999832361937
2024-12-04,0.007000000216066837
2024-12-05,0.007000000216066837
2024-12-06,0.007000000216066837
2024-12-09,0.007000000216066837
2024-12-10,0.006000000052154064
2024-12-11,0.007000000216066837
2024-12-12,0.007000000216066837
2024-12-13,0.007000000216066837
2024-12-16,0.007000000216066837
2024-12-17,0.007000000216066837
2024-12-18,0.006000000052154064
2024-12-19,0.007000000216066837
2024-12-20,0.006000000052154064
2024-12-23,0.006000000052154064
2024-12-24,0.007000000216066837
2024-12-27,0.007000000216066837
2024-12-30,0.006000000052154064
2024-12-31,0.007000000216066837
2025-01-02,0.007000000216066837
2025-01-03,0.007000000216066837
2025-01-06,0.007000000216066837
2025-01-07,0.007000000216066837
2025-01-08,0.007000000216066837
2025-01-09,0.006500000134110451
2025-01-10,0.006000000052154064
2025-01-13,0.006500000134110451
2025-01-14,0.006000000052154064
2025-01-15,0.006500000134110451
2025-01-16,0.006500000134110451
2025-01-17,0.006500000134110451
2025-01-20,0.007000000216066837
2025-01-21,0.006000000052154064
2025-01-22,0.006000000052154064
2025-01-23,0.007000000216066837
2025-01-24,0.006500000134110451
2025-01-28,0.006500000134110451
2025-01-29,0.006000000052154064
2025-01-30,0.006000000052154064
2025-01-31,0.006000000052154064
2025-02-03,0.007000000216066837
2025-02-04,0.007000000216066837
2025-02-05,0.006000000052154064
2025-02-06,0.007000000216066837
2025-02-07,0.006000000052154064
2025-02-10,0.007000000216066837
2025-02-11,0.007000000216066837
2025-02-12,0.006000000052154064
2025-02-13,0.00800000037997961
2025-02-14,0.007000000216066837
2025-02-17,0.00800000037997961
2025-02-18,0.007000000216066837
2025-02-19,0.007000000216066837
2025-02-20,0.007000000216066837
2025-02-21,0.007000000216066837
2025-02-24,0.00800000037997961
2025-02-25,0.007000000216066837
2025-02-26,0.00800000037997961
2025-02-27,0.007000000216066837
2025-02-28,0.00800000037997961
2025-03-03,0.007000000216066837
2025-03-04,0.007000000216066837
2025-03-05,0.007000000216066837
2025-03-06,0.007499999832361937
2025-03-07,0.007000000216066837
2025-03-10,0.00800000037997961
2025-03-11,0.007000000216066837
2025-03-12,0.007000000216066837
2025-03-13,0.007000000216066837
2025-03-14,0.007499999832361937
2025-03-17,0.007000000216066837
2025-03-18,0.00800000037997961
2025-03-19,0.00800000037997961
2025-03-20,0.007000000216066837
2025-03-21,0.00800000037997961
2025-03-24,0.007000000216066837
2025-03-25,0.007000000216066837
2025-03-26,0.006000000052154064
2025-03-27,0.007000000216066837
2025-03-28,0.00800000037997961
2025-03-31,0.00800000037997961
2025-04-01,0.00800000037997961
2025-04-02,0.00800000037997961
2025-04-03,0.00800000037997961
2025-04-04,0.00800000037997961
2025-04-07,0.007000000216066837
2025-04-08,0.007000000216066837
2025-04-09,0.00800000037997961
2025-04-10,0.007000000216066837
2025-04-11,0.008999999612569809
2025-04-14,0.009999999776482582
2025-04-15,0.009999999776482582
2025-04-16,0.009999999776482582
2025-04-17,0.009999999776482582
2025-04-22,0.008999999612569809
2025-04-23,0.009999999776482582
2025-04-24,0.009499999694526196
2025-04-28,0.009999999776482582
2025-04-29,0.014000000432133675
2025-04-30,0.014000000432133675
2025-05-01,0.02500000037252903
2025-05-02,0.019999999552965164
2025-05-05,0.019999999552965164
2025-05-06,0.017000000923871994
2025-05-07,0.017000000923871994
2025-05-08,0.017000000923871994
2025-05-09,0.017000000923871994
2025-05-12,0.017000000923871994
2025-05-13,0.014999999664723873
2025-05-14,0.01600000075995922
2025-05-15,0.014000000432133675
2025-05-16,0.012000000104308128
2025-05-19,0.010999999940395355
2025-05-20,0.010999999940395355
2025-05-21,0.009999999776482582
2025-05-22,0.010999999940395355
2025-05-23,0.010999999940395355
2025-05-26,0.010999999940395355
2025-05-27,0.010999999940395355
2025-05-28,0.009999999776482582
2025-05-29,0.010999999940395355
2025-05-30,0.010999999940395355
2025-06-02,0.010999999940395355
2025-06-03,0.010999999940395355
2025-06-04,0.014000000432133675
2025-06-05,0.014000000432133675
2025-06-06,0.014000000432133675
2025-06-10,0.013000000268220901
2025-06-11,0.014000000432133675
2025-06-12,0.013000000268220901
2025-06-13,0.012000000104308128
2025-06-16,0.013000000268220901
2025-06-17,0.012000000104308128
2025-06-18,0.012000000104308128
2025-06-19,0.012000000104308128
2025-06-20,0.012000000104308128
2025-06-23,0.012000000104308128
2025-06-24,0.013000000268220901
2025-06-25,0.013000000268220901
2025-06-26,0.012000000104308128
2025-06-27,0.012000000104308128
2025-06-30,0.012000000104308128
2025-07-01,0.012000000104308128
2025-07-02,0.013000000268220901
2025-07-03,0.012000000104308128
2025-07-04,0.012000000104308128
2025-07-07,0.010999999940395355
2025-07-08,0.010999999940395355
2025-07-09,0.012000000104308128
2025-07-10,0.012000000104308128
2025-07-11,0.012000000104308128
2025-07-14,0.010999999940395355
2025-07-15,0.010999999940395355
2025-07-16,0.012000000104308128
2025-07-17,0.010999999940395355
2025-07-18,0.010999999940395355
2025-07-21,0.010999999940395355
2025-07-22,0.010999999940395355
2025-07-23,0.010999999940395355
2025-07-24,0.011500000022351742
2025-07-25,0.010999999940395355
2025-07-28,0.010999999940395355
2025-07-29,0.012000000104308128
2025-07-30,0.010999999940395355
2025-07-31,0.011500000022351742
2025-08-01,0.011500000022351742
2025-08-04,0.010999999940395355
2025-08-05,0.010999999940395355
2025-08-06,0.010999999940395355
2025-08-07,0.010999999940395355
2025-08-08,0.009999999776482582
2025-08-11,0.010999999940395355
2025-08-12,0.010999999940395355
2025-08-13,0.010999999940395355
2025-08-14,0.010999999940395355
2025-08-15,0.010999999940395355
2025-08-18,0.014000000432133675
2025-08-19,0.014000000432133675
2025-08-20,0.013000000268220901
2025-08-21,0.014000000432133675
2025-08-22,0.014000000432133675
2025-08-25,0.012000000104308128
2025-08-26,0.013000000268220901
2025-08-27,0.013000000268220901
2025-08-28,0.013000000268220901
2025-08-29,0.012000000104308128
2025-09-01,0.013000000268220901
2025-09-02,0.013000000268220901
2025-09-03,0.013000000268220901
2025-09-04,0.012000000104308128
2025-09-05,0.012000000104308128
2025-09-08,0.010999999940395355
2025-09-09,0.010999999940395355
2025-09-10,0.012000000104308128
2025-09-11,0.012000000104308128
2025-09-12,0.012000000104308128
2025-09-15,0.019999999552965164
2025-09-16,0.017999999225139618
2025-09-17,0.019999999552965164
2025-09-18,0.02199999988079071
2025-09-19,0.01899999938905239
2025-09-22,0.01899999938905239
2025-09-23,0.01899999938905239
2025-09-24,0.01899999938905239
2025-09-25,0.01899999938905239
2025-09-26,0.019999999552965164
2025-09-29,0.01899999938905239
2025-09-30,0.017000000923871994
2025-10-01,0.017000000923871994
2025-10-02,0.017000000923871994
2025-10-03,0.01899999938905239
2025-10-06,0.019999999552965164
2025-10-07,0.019999999552965164
2025-10-08,0.02199999988079071
2025-10-09,0.020999999716877937
2025-10-10,0.020999999716877937
2025-10-13,0.01899999938905239
2025-10-14,0.020999999716877937
2025-10-15,0.020999999716877937
2025-10-16,0.020999999716877937
2025-10-17,0.017999999225139618
2025-10-20,0.017999999225139618
2025-10-21,0.01899999938905239
2025-10-22,0.017000000923871994
2025-10-23,0.014999999664723873
2025-10-24,0.014999999664723873
2025-10-27,0.014999999664723873
2025-10-28,0.013000000268220901
2025-10-29,0.014000000432133675
2025-10-30,0.014999999664723873
2025-10-31,0.014000000432133675
2025-11-03,0.014000000432133675
2025-11-04,0.014000000432133675
2025-11-05,0.013000000268220901
2025-11-06,0.014000000432133675
2025-11-07,0.013000000268220901
2025-11-10,0.013000000268220901
2025-11-11,0.014000000432133675
2025-11-12,0.012000000104308128
2025-11-13,0.013000000268220901
2025-11-14,0.012000000104308128
2025-11-17,0.012000000104308128
2025-11-18,0.012000000104308128
2025-11-19,0.012000000104308128
2025-11-20,0.012000000104308128
2025-11-21,0.012000000104308128
2025-11-24,0.013000000268220901
2025-11-25,0.014000000432133675
2025-11-26,0.013000000268220901
2025-11-27,0.013000000268220901
2025-11-28,0.014000000432133675
2025-12-01,0.017000000923871994
2025-12-02,0.01600000075995922
2025-12-03,0.014999999664723873
2025-12-04,0.01600000075995922
2025-12-05,0.014999999664723873
2025-12-08,0.014999999664723873
2025-12-09,0.014000000432133675
2025-12-10,0.014000000432133675
2025-12-11,0.013000000268220901
2025-12-12,0.013000000268220901
2025-12-15,0.012000000104308128
2025-12-16,0.013000000268220901
2025-12-17,0.012000000104308128
2025-12-18,0.013000000268220901
2025-12-19,0.013000000268220901
2025-12-22,0.012000000104308128
2025-12-23,0.013000000268220901
2025-12-24,0.013000000268220901
2025-12-29,0.013000000268220901
2025-12-30,0.014000000432133675
2025-12-31,0.014000000432133675
2026-01-02,0.014000000432133675
2026-01-05,0.014000000432133675
2026-01-06,0.014000000432133675
2026-01-07,0.014999999664723873
2026-01-08,0.014999999664723873
2026-01-09,0.014000000432133675
2026-01-12,0.014000000432133675
2026-01-13,0.014000000432133675
2026-01-14,0.014999999664723873
2026-01-15,0.014999999664723873
2026-01-16,0.01600000075995922
2026-01-19,0.014999999664723873
2026-01-20,0.014999999664723873
2026-01-21,0.014999999664723873
2026-01-22,0.014999999664723873
2026-01-23,0.014999999664723873
2026-01-27,0.01600000075995922
2026-01-28,0.01600000075995922
2026-01-29,0.014000000432133675
2026-01-30,0.014999999664723873
2026-02-02,0.014000000432133675
2026-02-03,0.014000000432133675
2026-02-04,0.014000000432133675
2026-02-05,0.014000000432133675
2026-02-06,0.014000000432133675
2026-02-09,0.013000000268220901
2026-02-10,0.013000000268220901
2026-02-11,0.014000000432133675
2026-02-12,0.013000000268220901
2026-02-13,0.012000000104308128
2026-02-16,0.014000000432133675
2026-02-17,0.014000000432133675
2026-02-18,0.013000000268220901
2026-02-19,0.013000000268220901
2026-02-20,0.012000000104308128
2026-02-23,0.014000000432133675
2026-02-24,0.013000000268220901
2026-02-25,0.013000000268220901
2026-02-26,0.013000000268220901
2026-02-27,0.013000000268220901
2026-03-02,0.013000000268220901
2026-03-03,0.013000000268220901
2026-03-04,0.013000000268220901
2026-03-05,0.013000000268220901
2026-03-06,0.013000000268220901
2026-03-09,0.013000000268220901
2026-03-10,0.013000000268220901
2026-03-11,0.013000000268220901
2026-03-12,0.012000000104308128
2026-03-13,0.013000000268220901
2026-03-16,0.012000000104308128
2026-03-17,0.012000000104308128
2026-03-18,0.012000000104308128
2026-03-19,0.013000000268220901
2026-03-20,0.012000000104308128
2026-03-23,0.012000000104308128
2026-03-24,0.012000000104308128
2026-03-25,0.010999999940395355
2026-03-26,0.012000000104308128
2026-03-27,0.009999999776482582
2026-03-30,0.009999999776482582
2026-03-31,0.008999999612569809
2026-04-01,0.009999999776482582
2026-04-02,0.008999999612569809
2026-04-07,0.008999999612569809
2026-04-08,0.008999999612569809
2026-04-09,0.008999999612569809
2026-04-10,0.009999999776482582
2026-04-13,0.008999999612569809
2026-04-14,0.008999999612569809
2026-04-15,0.008999999612569809
2026-04-16,0.008999999612569809
2026-04-17,0.009499999694526196
2026-04-20,0.008999999612569809
2026-04-21,0.009999999776482582
2026-04-22,0.008999999612569809
2026-04-23,0.009999999776482582
2026-04-24,0.008999999612569809
2026-04-27,0.008999999612569809
2026-04-28,0.008999999612569809
2026-04-29,0.00800000037997961
2026-04-30,0.008999999612569809
2026-05-01,0.00800000037997961
2026-05-04,0.008999999612569809
2026-05-05,0.00800000037997961
2026-05-06,0.00800000037997961
2026-05-07,0.008999999612569809
2026-05-08,0.008999999612569809
2026-05-11,0.00800000037997961
2026-05-12,0.00800000037997961
2026-05-13,0.00800000037997961
2026-05-14,0.00800000037997961
2026-05-15,0.00800000037997961
2026-05-18,0.00800000037997961
2026-05-19,0.00800000037997961
2026-05-20,0.00800000037997961
2026-05-21,0.00800000037997961
2026-05-22,0.008500000461935997
2026-05-25,0.008999999612569809
2026-05-26,0.00800000037997961
2026-05-27,0.00800000037997961
2026-05-28,0.007000000216066837
2026-05-29,0.00800000037997961
2026-06-01,0.00800000037997961
2026-06-02,0.008999999612569809
2026-06-03,0.00800000037997961
2026-06-04,0.007000000216066837
2026-06-05,0.00800000037997961
2026-06-09,0.007000000216066837
2026-06-10,0.007000000216066837
2026-06-11,0.007000000216066837
2026-06-12,0.00800000037997961
2026-06-15,0.007000000216066837
2026-06-16,0.007000000216066837
2026-06-17,0.007499999832361937
2026-06-18,0.007499999832361937
2026-06-19,0.007499999832361937
2026-06-22,0.007000000216066837
2026-06-23,0.006000000052154064
2026-06-24,0.006000000052154064
2026-06-25,0.006000000052154064
2026-06-26,0.006000000052154064
2026-06-29,0.007000000216066837
2026-06-30,0.006000000052154064
2026-07-01,0.006000000052154064
2026-07-02,0.007000000216066837
2026-07-03,0.007000000216066837
2026-07-06,0.007000000216066837
2026-07-07,0.007000000216066837
2026-07-08,0.007000000216066837
2026-07-09,0.007000000216066837
2026-07-10,0.007000000216066837
2026-07-13,0.007000000216066837
2026-07-14,0.007000000216066837
2026-07-15,0.007000000216066837
2026-07-16,0.007000000216066837
2026-07-17,0.007000000216066837
2026-07-20,0.00800000037997961
2026-07-21,0.007000000216066837
2026-07-22,0.007000000216066837
2026-07-23,0.006000000052154064
2026-07-24,0.007000000216066837
2026-07-27,0.007000000216066837
2026-07-28,0.007000000216066837
2026-07-29,0.007000000216066837
2026-07-30,0.007000000216066837
2026-07-31,0.007000000216066837
2026-08-03,0.007000000216066837
2026-08-04,0.007000000216066837
2026-08-05,0.00800000037997961
2026-08-06,0.007000000216066837
2026-08-07,0.007000000216066837
2026-08-10,0.007000000216066837
2026-08-11,0.007499999832361937
2026-08-12,0.006500000134110451
2026-08-13,0.006000000052154064
2026-08-14,0.007000000216066837
2026-08-17,0.006000000052154064
2026-08-18,0.006000000052154064
2026-08-19,0.006000000052154064
2026-08-20,0.006000000052154064
2026-08-21,0.006000000052154064
2026-08-24,0.006000000052154064
2026-08-25,0.007000000216066837
2026-08-26,0.006000000052154064
2026-08-27,0.006000000052154064
2026-08-28,0.006000000052154064
