Date,close
1998-12-31,0.9015282988548279
1999-01-01,0.9015282988548279
1999-01-04,0.9357243776321411
1999-01-05,0.8859847784042358
1999-01-06,0.8984197974205017
1999-01-07,0.9201809763908386
1999-01-08,0.8937567472457886
1999-01-11,0.9015282988548279
1999-01-12,0.9015282988548279
1999-01-13,0.8859847784042358
1999-01-14,0.8953109383583069
1999-01-15,0.8953109383583069
1999-01-18,0.913963258266449
1999-01-19,0.9015282988548279
1999-01-20,0.9232891798019409
1999-01-21,0.8859847784042358
1999-01-22,0.8953109383583069
1999-01-25,0.8859847784042358
1999-01-26,0.8859847784042358
1999-01-27,0.8953109383583069
1999-01-28,0.9015282988548279
1999-01-29,0.8953109383583069
1999-02-01,0.9015282988548279
1999-02-02,0.9046368598937988
1999-02-03,0.907745897769928
1999-02-04,0.9263983964920044
1999-02-05,0.9015282988548279
1999-02-08,0.8953109383583069
1999-02-09,0.918937623500824
1999-02-10,0.8953109383583069
1999-02-11,0.9170718789100647
1999-02-12,0.9263983964920044
1999-02-15,0.9326155185699463
1999-02-16,0.9419417977333069
1999-02-17,0.9438068866729736
1999-02-18,0.931180477142334
1999-02-19,0.918554425239563
1999-02-22,0.9090849161148071
1999-02-23,0.9059284925460815
1999-02-24,0.9090849161148071
1999-02-25,0.8838325142860413
1999-02-26,0.896458625793457
1999-03-01,0.8838325142860413
1999-03-02,0.8680499792098999
1999-03-03,0.864892840385437
1999-03-04,0.864892840385437
1999-03-05,0.8664715886116028
1999-03-08,0.8775197863578796
1999-03-09,0.8838325142860413
1999-03-10,0.890146017074585
1999-03-11,0.8869889974594116
1999-03-12,0.8869889974594116
1999-03-15,0.8854108452796936
1999-03-16,0.8838325142860413
1999-03-17,0.8838325142860413
1999-03-18,0.8838325142860413
1999-03-19,0.8806758522987366
1999-03-22,0.8712062835693359
1999-03-23,0.8775197863578796
1999-03-24,0.8712062835693359
1999-03-25,0.8775197863578796
1999-03-26,0.8680499792098999
1999-03-29,0.8775197863578796
1999-03-30,0.8869889974594116
1999-03-31,0.8838325142860413
1999-04-01,0.874363124370575
1999-04-02,0.874363124370575
1999-04-05,0.874363124370575
1999-04-06,0.8838325142860413
1999-04-07,0.8838325142860413
1999-04-08,0.8838325142860413
1999-04-09,0.874363124370575
1999-04-12,0.8838325142860413
1999-04-13,0.896458625793457
1999-04-14,0.8996152281761169
1999-04-15,0.918554425239563
1999-04-16,0.9027720093727112
1999-04-19,0.918554425239563
1999-04-20,0.8724689483642578
1999-04-21,0.8869889974594116
1999-04-22,0.918554425239563
1999-04-23,0.9122417569160461
1999-04-26,0.9217111468315125
1999-04-27,0.918554425239563
1999-04-28,0.9027720093727112
1999-04-29,0.9122417569160461
1999-04-30,0.896458625793457
1999-05-03,0.9059284925460815
1999-05-04,0.9015093445777893
1999-05-05,0.9027720093727112
1999-05-06,0.9027720093727112
1999-05-07,0.8838325142860413
1999-05-10,0.8680499792098999
1999-05-11,0.8775197863578796
1999-05-12,0.8806758522987366
1999-05-13,0.9090849161148071
1999-05-14,0.9217111468315125
1999-05-17,0.8869889974594116
1999-05-18,0.9090849161148071
1999-05-19,0.9248677492141724
1999-05-20,0.890146017074585
1999-05-21,0.8996152281761169
1999-05-24,0.8838325142860413
1999-05-25,0.8933020830154419
1999-05-26,0.8838325142860413
1999-05-27,0.890146017074585
1999-05-28,0.8712062835693359
1999-05-31,0.8869889974594116
1999-06-01,0.890146017074585
1999-06-02,0.8585801124572754
1999-06-03,0.8917239904403687
1999-06-04,0.8838325142860413
1999-06-07,0.8838325142860413
1999-06-08,0.9122417569160461
1999-06-09,0.9090849161148071
1999-06-10,0.9059284925460815
1999-06-11,0.896458625793457
1999-06-14,1.120573878288269
1999-06-15,0.9027720093727112
1999-06-16,0.9078226685523987
1999-06-17,0.9018253087997437
1999-06-18,0.9153981804847717
1999-06-21,0.9122417569160461
1999-06-22,0.9248677492141724
1999-06-23,0.928024411201477
1999-06-24,0.9090849161148071
1999-06-25,0.8996152281761169
1999-06-28,0.9056127071380615
1999-06-29,0.9217111468315125
1999-06-30,0.8914081454277039
1999-07-01,0.9343372583389282
1999-07-02,0.9469636082649231
1999-07-05,0.9659028649330139
1999-07-06,0.9501202702522278
1999-07-07,0.9564331769943237
1999-07-08,0.994627833366394
1999-07-09,0.9690594673156738
1999-07-12,0.9943117499351501
1999-07-13,0.9974680542945862
1999-07-14,0.9968369007110596
1999-07-15,0.9858357906341553
1999-07-16,0.9535135626792908
1999-07-19,0.992300271987915
1999-07-20,1.0343197584152222
1999-07-21,0.9890676736831665
1999-07-22,0.9696745872497559
1999-07-23,0.991007387638092
1999-07-26,0.9793715476989746
1999-07-27,0.9793715476989746
1999-07-28,0.959977388381958
1999-07-29,0.9696745872497559
1999-07-30,0.9341198205947876
1999-08-02,0.9308874011039734
1999-08-03,0.943816602230072
1999-08-04,0.9276551008224487
1999-08-05,0.9373518824577332
1999-08-06,0.9373518824577332
1999-08-09,0.9276551008224487
1999-08-10,0.9373518824577332
1999-08-11,0.9308874011039734
1999-08-12,0.9308874011039734
1999-08-13,0.914726197719574
1999-08-16,0.9502813816070557
1999-08-17,0.943816602230072
1999-08-18,0.9793715476989746
1999-08-19,0.9890676736831665
1999-08-20,1.0084617137908936
1999-08-23,1.0052292346954346
1999-08-24,1.0084617137908936
1999-08-25,0.995532751083374
1999-08-26,1.0181585550308228
1999-08-27,0.9858357906341553
1999-08-30,1.0019973516464233
1999-08-31,0.959977388381958
1999-09-01,1.0019973516464233
1999-09-02,0.9987647533416748
1999-09-03,0.959977388381958
1999-09-06,0.9826035499572754
1999-09-07,0.9987647533416748
1999-09-08,0.9761388301849365
1999-09-09,0.9826035499572754
1999-09-10,0.9761388301849365
1999-09-13,0.9696745872497559
1999-09-14,0.9987647533416748
1999-09-15,0.9664424061775208
1999-09-16,0.9793715476989746
1999-09-17,0.9632100462913513
1999-09-20,0.9793715476989746
1999-09-21,0.9987647533416748
1999-09-22,0.9858357906341553
1999-09-23,0.9761388301849365
1999-09-24,0.959977388381958
1999-09-27,0.9525439739227295
1999-09-28,0.9696745872497559
1999-09-29,0.9502813816070557
1999-09-30,0.9363822937011719
1999-10-01,0.9661189913749695
1999-10-04,0.972906768321991
1999-10-05,0.972906768321991
1999-10-06,0.9567456841468811
1999-10-07,0.9826035499572754
1999-10-08,0.9761388301849365
1999-10-11,0.9890676736831665
1999-10-12,0.992300271987915
1999-10-13,0.9696745872497559
1999-10-14,1.0019973516464233
1999-10-15,0.9696745872497559
1999-10-18,0.9567456841468811
1999-10-19,0.9632100462913513
1999-10-20,0.9696745872497559
1999-10-21,0.959977388381958
1999-10-22,0.9567456841468811
1999-10-25,0.9499577283859253
1999-10-26,0.9696745872497559
1999-10-27,0.943816602230072
1999-10-28,0.9696745872497559
1999-10-29,0.9422003626823425
1999-11-01,0.9567456841468811
1999-11-02,0.9696745872497559
1999-11-03,0.9793715476989746
1999-11-04,0.9793715476989746
1999-11-05,0.9826035499572754
1999-11-08,0.9696745872497559
1999-11-09,0.9696745872497559
1999-11-10,0.9858357906341553
1999-11-11,1.0084617137908936
1999-11-12,1.0116938352584839
1999-11-15,0.972906768321991
1999-11-16,0.9987647533416748
1999-11-17,1.0149259567260742
1999-11-18,1.0084617137908936
1999-11-19,1.0181585550308228
1999-11-22,1.0019973516464233
1999-11-23,1.0019973516464233
1999-11-24,0.995532751083374
1999-11-25,0.9858357906341553
1999-11-26,0.9761388301849365
1999-11-29,0.972906768321991
1999-11-30,0.9609476923942566
1999-12-01,0.9696745872497559
1999-12-02,0.9761388301849365
1999-12-03,0.9664424061775208
1999-12-06,0.9502813816070557
1999-12-07,0.9632100462913513
1999-12-08,0.9535135626792908
1999-12-09,0.959977388381958
1999-12-10,0.943816602230072
1999-12-13,0.943816602230072
1999-12-14,0.9373518824577332
1999-12-15,0.9334734678268433
1999-12-16,0.9276551008224487
1999-12-17,0.9405844211578369
1999-12-20,0.9405844211578369
1999-12-21,0.9211909174919128
1999-12-22,0.9244230389595032
1999-12-23,0.9179585576057434
1999-12-24,0.9211909174919128
1999-12-27,0.9211909174919128
1999-12-28,0.9211909174919128
1999-12-29,0.9341198205947876
1999-12-30,0.9276551008224487
1999-12-31,0.9276551008224487
2000-01-03,0.9276551008224487
2000-01-04,0.9050296545028687
2000-01-05,0.8856357932090759
2000-01-06,0.8856357932090759
2000-01-07,0.8759392499923706
2000-01-10,0.8921006917953491
2000-01-11,0.8888684511184692
2000-01-12,0.8791711926460266
2000-01-13,0.8791711926460266
2000-01-14,0.8403843641281128
2000-01-17,0.8565457463264465
2000-01-18,0.8662422895431519
2000-01-19,0.8662422895431519
2000-01-20,0.895332932472229
2000-01-21,0.895332932472229
2000-01-24,0.8985651135444641
2000-01-25,0.9050296545028687
2000-01-26,0.9050296545028687
2000-01-27,0.8856357932090759
2000-01-28,0.8759392499923706
2000-01-31,0.8630102872848511
2000-02-01,0.8662422895431519
2000-02-02,0.8662422895431519
2000-02-03,0.8597778081893921
2000-02-04,0.8533133268356323
2000-02-07,0.8727070689201355
2000-02-08,0.8791711926460266
2000-02-09,0.8921006917953491
2000-02-10,0.8891918659210205
2000-02-11,0.8727070689201355
2000-02-14,0.9017971158027649
2000-02-15,0.895332932472229
2000-02-16,0.9169952869415283
2000-02-17,0.9038485884666443
2000-02-18,0.9071347713470459
2000-02-21,0.9268556833267212
2000-02-22,0.9005616903305054
2000-02-23,0.8939883708953857
2000-02-24,0.8874146938323975
2000-02-25,0.8874146938323975
2000-02-28,0.9169952869415283
2000-02-29,0.8874146938323975
2000-03-01,0.924554705619812
2000-03-02,0.9169952869415283
2000-03-03,0.8775546550750732
2000-03-06,0.874267578125
2000-03-07,0.8709806799888611
2000-03-08,0.8545473217964172
2000-03-09,0.8315404653549194
2000-03-10,0.8381140828132629
2000-03-13,0.8315404653549194
2000-03-14,0.8446874618530273
2000-03-15,0.8315404653549194
2000-03-16,0.8512610793113708
2000-03-17,0.8512610793113708
2000-03-20,0.8348269462585449
2000-03-21,0.8381140828132629
2000-03-22,0.8381140828132629
2000-03-23,0.8282538056373596
2000-03-24,0.8183934688568115
2000-03-27,0.7920995950698853
2000-03-28,0.7822394967079163
2000-03-29,0.795386552810669
2000-03-30,0.7855263948440552
2000-03-31,0.775009036064148
2000-04-03,0.7888128757476807
2000-04-04,0.7907856106758118
2000-04-05,0.8085336089134216
2000-04-06,0.806890070438385
2000-04-07,0.8118202686309814
2000-04-10,0.8052465915679932
2000-04-11,0.8151068687438965
2000-04-12,0.8216803669929504
2000-04-13,0.8315404653549194
2000-04-14,0.8381140828132629
2000-04-17,0.8216803669929504
2000-04-18,0.8381140828132629
2000-04-19,0.8381140828132629
2000-04-20,0.8285829424858093
2000-04-21,0.8285829424858093
2000-04-24,0.8285829424858093
2000-04-25,0.8285829424858093
2000-04-26,0.8052465915679932
2000-04-27,0.8118202686309814
2000-04-28,0.8118202686309814
2000-05-01,0.8151068687438965
2000-05-02,0.8151068687438965
2000-05-03,0.8216803669929504
2000-05-04,0.8101767301559448
2000-05-05,0.8381140828132629
2000-05-08,0.8183934688568115
2000-05-09,0.7986730933189392
2000-05-10,0.7986730933189392
2000-05-11,0.7723793983459473
2000-05-12,0.7855263948440552
2000-05-15,0.795386552810669
2000-05-16,0.8052465915679932
2000-05-17,0.7888128757476807
2000-05-18,0.7920995950698853
2000-05-19,0.7920995950698853
2000-05-22,0.8019598126411438
2000-05-23,0.8183934688568115
2000-05-24,0.8052465915679932
2000-05-25,0.8052465915679932
2000-05-26,0.8118202686309814
2000-05-29,0.8315404653549194
2000-05-30,0.8216803669929504
2000-05-31,0.8315404653549194
2000-06-01,0.8348269462585449
2000-06-02,0.8348269462585449
2000-06-05,0.841400682926178
2000-06-06,0.8545473217964172
2000-06-07,0.8305546641349792
2000-06-08,0.8249672055244446
2000-06-09,0.8216803669929504
2000-06-12,0.8382786512374878
2000-06-13,0.8348269462585449
2000-06-14,0.8348269462585449
2000-06-15,0.8052465915679932
2000-06-16,0.8348269462585449
2000-06-19,0.8183934688568115
2000-06-20,0.8216803669929504
2000-06-21,0.8249672055244446
2000-06-22,0.8381140828132629
2000-06-23,0.8282538056373596
2000-06-26,0.8315404653549194
2000-06-27,0.8315404653549194
2000-06-28,0.8315404653549194
2000-06-29,0.8351562023162842
2000-06-30,0.8256244659423828
2000-07-03,0.8252958655357361
2000-07-04,0.8269394040107727
2000-07-05,0.8282538056373596
2000-07-06,0.8348269462585449
2000-07-07,0.8315404653549194
2000-07-10,0.8446874618530273
2000-07-11,0.8611209988594055
2000-07-12,0.8611209988594055
2000-07-13,0.8841281533241272
2000-07-14,0.8841281533241272
2000-07-17,0.8874146938323975
2000-07-18,0.8910301327705383
2000-07-19,0.8864288926124573
2000-07-20,0.8634260892868042
2000-07-21,0.8905141353607178
2000-07-24,0.8701981902122498
2000-07-25,0.8905141353607178
2000-07-26,0.8803558349609375
2000-07-27,0.8939002156257629
2000-07-28,0.8905141353607178
2000-07-31,0.8735840320587158
2000-08-01,0.8701981902122498
2000-08-02,0.8701981902122498
2000-08-03,0.8701981902122498
2000-08-04,0.8634260892868042
2000-08-07,0.8536069989204407
2000-08-08,0.8634260892868042
2000-08-09,0.860040009021759
2000-08-10,0.8597015142440796
2000-08-11,0.866811990737915
2000-08-14,0.860040009021759
2000-08-15,0.8566544055938721
2000-08-16,0.860040009021759
2000-08-17,0.8566544055938721
2000-08-18,0.8498823642730713
2000-08-21,0.846496045589447
2000-08-22,0.8485279083251953
2000-08-23,0.8363383412361145
2000-08-24,0.8566544055938721
2000-08-25,0.860040009021759
2000-08-28,0.846496045589447
2000-08-29,0.8566544055938721
2000-08-30,0.8566544055938721
2000-08-31,0.8498823642730713
2000-09-01,0.8566544055938721
2000-09-04,0.8566544055938721
2000-09-05,0.8532682657241821
2000-09-06,0.8498823642730713
2000-09-07,0.8431101441383362
2000-09-08,0.8532682657241821
2000-09-11,0.846496045589447
2000-09-12,0.846496045589447
2000-09-13,0.8363383412361145
2000-09-14,0.8397243618965149
2000-09-15,0.8194085955619812
2000-09-18,0.826180100440979
2000-09-19,0.8295661211013794
2000-09-20,0.8295661211013794
2000-09-21,0.8126362562179565
2000-09-22,0.8126362562179565
2000-09-25,0.8227943181991577
2000-09-26,0.8295661211013794
2000-09-27,0.8160220980644226
2000-09-28,0.8160220980644226
2000-09-29,0.8295661211013794
2000-10-02,0.8227943181991577
2000-10-03,0.8532682657241821
2000-10-04,0.8329523801803589
2000-10-05,0.846496045589447
2000-10-06,0.8353226184844971
2000-10-09,0.8397243618965149
2000-10-10,0.8295661211013794
2000-10-11,0.8370156288146973
2000-10-12,0.8329523801803589
2000-10-13,0.8397243618965149
2000-10-16,0.8532682657241821
2000-10-17,0.849204957485199
2000-10-18,0.8431101441383362
2000-10-19,0.8387085199356079
2000-10-20,0.8397243618965149
2000-10-23,0.84344881772995
2000-10-24,0.8315983414649963
2000-10-25,0.8329523801803589
2000-10-26,0.8363383412361145
2000-10-27,0.8397243618965149
2000-10-30,0.8329523801803589
2000-10-31,0.8397243618965149
2000-11-01,0.8363383412361145
2000-11-02,0.8363383412361145
2000-11-03,0.8329523801803589
2000-11-06,0.8431101441383362
2000-11-07,0.8363383412361145
2000-11-08,0.846496045589447
2000-11-09,0.8701981902122498
2000-11-10,0.866811990737915
2000-11-13,0.8701981902122498
2000-11-14,0.8566544055938721
2000-11-15,0.860040009021759
2000-11-16,0.866811990737915
2000-11-17,0.8566544055938721
2000-11-20,0.8701981902122498
2000-11-21,0.8735840320587158
2000-11-22,0.8566544055938721
2000-11-23,0.860040009021759
2000-11-24,0.8634260892868042
2000-11-27,0.8566544055938721
2000-11-28,0.8532682657241821
2000-11-29,0.8634260892868042
2000-11-30,0.8803558349609375
2000-12-01,0.8773089647293091
2000-12-04,0.8769702315330505
2000-12-05,0.8871280550956726
2000-12-06,0.8769702315330505
2000-12-07,0.8769702315330505
2000-12-08,0.8634260892868042
2000-12-11,0.8871280550956726
2000-12-12,0.8701981902122498
2000-12-13,0.8939002156257629
2000-12-14,0.9074442386627197
2000-12-15,0.8935617804527283
2000-12-18,0.8905141353607178
2000-12-19,0.8803558349609375
2000-12-20,0.8735840320587158
2000-12-21,0.8634260892868042
2000-12-22,0.8634260892868042
2000-12-25,0.8634260892868042
2000-12-26,0.8634260892868042
2000-12-27,0.8803558349609375
2000-12-28,0.8803558349609375
2000-12-29,0.8485279083251953
2001-01-01,0.8485279083251953
2001-01-02,0.8701981902122498
2001-01-03,0.8634260892868042
2001-01-04,0.8739231824874878
2001-01-05,0.866811990737915
2001-01-08,0.8634260892868042
2001-01-09,0.8566544055938721
2001-01-10,0.860040009021759
2001-01-11,0.860040009021759
2001-01-12,0.8735840320587158
2001-01-15,0.866811990737915
2001-01-16,0.8735840320587158
2001-01-17,0.866811990737915
2001-01-18,0.8701981902122498
2001-01-19,0.8634260892868042
2001-01-22,0.8769702315330505
2001-01-23,0.8701981902122498
2001-01-24,0.8634260892868042
2001-01-25,0.8735840320587158
2001-01-26,0.8735840320587158
2001-01-29,0.8701981902122498
2001-01-30,0.8634260892868042
2001-01-31,0.867828369140625
2001-02-01,0.8701981902122498
2001-02-02,0.8701981902122498
2001-02-05,0.8735840320587158
2001-02-06,0.8735840320587158
2001-02-07,0.8769702315330505
2001-02-08,0.8803558349609375
2001-02-09,0.8905141353607178
2001-02-12,0.9006719589233398
2001-02-13,0.9040582776069641
2001-02-14,0.8803558349609375
2001-02-15,0.8824707269668579
2001-02-16,0.8859317302703857
2001-02-19,0.8893921375274658
2001-02-20,0.8859317302703857
2001-02-21,0.8790102005004883
2001-02-22,0.8859317302703857
2001-02-23,0.8859317302703857
2001-02-26,0.8893921375274658
2001-02-27,0.8928527235984802
2001-02-28,0.8973519802093506
2001-03-01,0.8859317302703857
2001-03-02,0.8928527235984802
2001-03-05,0.8859317302703857
2001-03-06,0.8859317302703857
2001-03-07,0.8893921375274658
2001-03-08,0.899773895740509
2001-03-09,0.8893921375274658
2001-03-12,0.8928527235984802
2001-03-13,0.8963139057159424
2001-03-14,0.899773895740509
2001-03-15,0.8790102005004883
2001-03-16,0.8963139057159424
2001-03-19,0.8893921375274658
2001-03-20,0.8859317302703857
2001-03-21,0.8859317302703857
2001-03-22,0.8859317302703857
2001-03-23,0.8859317302703857
2001-03-26,0.8893921375274658
2001-03-27,0.8928527235984802
2001-03-28,0.8928527235984802
2001-03-29,0.8824707269668579
2001-03-30,0.8772799372673035
2001-04-02,0.8842014074325562
2001-04-03,0.8893921375274658
2001-04-04,0.891122579574585
2001-04-05,0.8928527235984802
2001-04-06,0.8893921375274658
2001-04-09,0.8824707269668579
2001-04-10,0.8928527235984802
2001-04-11,0.8824707269668579
2001-04-12,0.8824707269668579
2001-04-13,0.8824707269668579
2001-04-16,0.8824707269668579
2001-04-17,0.8824707269668579
2001-04-18,0.8918151259422302
2001-04-19,0.8928527235984802
2001-04-20,0.8963139057159424
2001-04-23,0.8893921375274658
2001-04-24,0.8869702816009521
2001-04-25,0.8869702816009521
2001-04-26,0.9066958427429199
2001-04-27,0.9066958427429199
2001-04-30,0.9205383062362671
2001-05-01,0.917077362537384
2001-05-02,0.9136171936988831
2001-05-03,0.917077362537384
2001-05-04,0.9205383062362671
2001-05-07,0.9413023591041565
2001-05-08,0.9482235312461853
2001-05-09,0.9378417730331421
2001-05-10,0.9413023591041565
2001-05-11,0.9274597764015198
2001-05-14,0.9309203028678894
2001-05-15,0.9413023591041565
2001-05-16,0.951684296131134
2001-05-17,0.9655267596244812
2001-05-18,0.9447631239891052
2001-05-21,0.9413023591041565
2001-05-22,0.9586054682731628
2001-05-23,0.9918285608291626
2001-05-24,0.9984034299850464
2001-05-25,0.9897520542144775
2001-05-28,0.9897520542144775
2001-05-29,0.9793696999549866
2001-05-30,1.0139765739440918
2001-05-31,0.9897520542144775
2001-06-01,1.0166183710098267
2001-06-04,1.0236784219741821
2001-06-05,1.0130887031555176
2001-06-06,1.0095587968826294
2001-06-07,1.0162652730941772
2001-06-08,1.0095587968826294
2001-06-11,1.0095587968826294
2001-06-12,1.0130887031555176
2001-06-13,1.0236784219741821
2001-06-14,1.0201483964920044
2001-06-15,1.0201483964920044
2001-06-18,1.0201483964920044
2001-06-19,1.0130887031555176
2001-06-20,1.0272082090377808
2001-06-21,1.0589772462844849
2001-06-22,1.0942769050598145
2001-06-25,1.0625072717666626
2001-06-26,1.0589772462844849
2001-06-27,1.0625072717666626
2001-06-28,1.0695672035217285
2001-06-29,1.1648752689361572
2001-07-02,1.0942769050598145
2001-07-03,1.0942769050598145
2001-07-04,1.0801564455032349
2001-07-05,1.0836867094039917
2001-07-06,1.0730971097946167
2001-07-09,1.051917314529419
2001-07-10,1.051917314529419
2001-07-11,1.051917314529419
2001-07-12,1.0695672035217285
2001-07-13,1.0660370588302612
2001-07-16,1.087217092514038
2001-07-17,1.1009838581085205
2001-07-18,1.0783919095993042
2001-07-19,1.0991463661193848
2001-07-20,1.1062833070755005
2001-07-23,1.116989254951477
2001-07-24,1.0884400606155396
2001-07-25,1.0813027620315552
2001-07-26,1.0813027620315552
2001-07-27,1.0955770015716553
2001-07-30,1.0991463661193848
2001-07-31,1.0887974500656128
2001-08-01,1.1062833070755005
2001-08-02,1.120558261871338
2001-08-03,1.1027144193649292
2001-08-06,1.1312638521194458
2001-08-07,1.124126672744751
2001-08-08,1.123769760131836
2001-08-09,1.148037075996399
2001-08-10,1.1491074562072754
2001-08-13,1.152675986289978
2001-08-14,1.152675986289978
2001-08-15,1.134832739830017
2001-08-16,1.1276955604553223
2001-08-17,1.116989254951477
2001-08-20,1.1062833070755005
2001-08-21,1.1098519563674927
2001-08-22,1.0848714113235474
2001-08-23,1.0920084714889526
2001-08-24,1.1027144193649292
2001-08-27,1.1062833070755005
2001-08-28,1.1276955604553223
2001-08-29,1.134832739830017
2001-08-30,1.116989254951477
2001-08-31,1.1080678701400757
2001-09-03,1.0991463661193848
2001-09-04,1.116989254951477
2001-09-05,1.0884400606155396
2001-09-06,1.0813027620315552
2001-09-07,1.0813027620315552
2001-09-10,1.077734112739563
2001-09-11,1.0991463661193848
2001-09-12,1.0670281648635864
2001-09-13,1.0670281648635864
2001-09-14,1.050255537033081
2001-09-17,0.9813804626464844
2001-09-18,0.9813804626464844
2001-09-19,0.9813804626464844
2001-09-20,0.9421253800392151
2001-09-21,0.9663921594619751
2001-09-24,0.927850604057312
2001-09-25,0.9349876642227173
2001-09-26,0.9449799060821533
2001-09-27,0.9449799060821533
2001-09-28,0.9314192533493042
2001-10-01,0.945693850517273
2001-10-02,0.949262261390686
2001-10-03,0.9706745743751526
2001-10-04,0.9778112769126892
2001-10-05,0.9813804626464844
2001-10-08,0.9706745743751526
2001-10-09,0.9671059846878052
2001-10-10,0.9778112769126892
2001-10-11,0.995654821395874
2001-10-12,1.0134984254837036
2001-10-15,1.0170670747756958
2001-10-16,1.0085026025772095
2001-10-17,1.0170670747756958
2001-10-18,1.020635724067688
2001-10-19,1.0170670747756958
2001-10-22,1.020635724067688
2001-10-23,1.0181374549865723
2001-10-24,1.0242043733596802
2001-10-25,1.020635724067688
2001-10-26,1.0242043733596802
2001-10-29,1.0063610076904297
2001-10-30,1.003149390220642
2001-10-31,1.0349103212356567
2001-11-01,1.0249183177947998
2001-11-02,1.0277727842330933
2001-11-05,1.0263457298278809
2001-11-06,1.0349103212356567
2001-11-07,1.0456161499023438
2001-11-08,1.0598911046981812
2001-11-09,1.0634596347808838
2001-11-12,1.0634596347808838
2001-11-13,1.0670281648635864
2001-11-14,1.0848714113235474
2001-11-15,1.0670281648635864
2001-11-16,1.0705969333648682
2001-11-19,1.077734112739563
2001-11-20,1.0884400606155396
2001-11-21,1.0670281648635864
2001-11-22,1.077734112739563
2001-11-23,1.07416570186615
2001-11-26,1.0670281648635864
2001-11-27,1.0955770015716553
2001-11-28,1.1098519563674927
2001-11-29,1.0920084714889526
2001-11-30,1.0920084714889526
2001-12-03,1.087012767791748
2001-12-04,1.0705969333648682
2001-12-05,1.0705969333648682
2001-12-06,1.0745227336883545
2001-12-07,1.0848714113235474
2001-12-10,1.0973618030548096
2001-12-11,1.1027144193649292
2001-12-12,1.1055699586868286
2001-12-13,1.1098519563674927
2001-12-14,1.1162755489349365
2001-12-17,1.1012879610061646
2001-12-18,1.1276955604553223
2001-12-19,1.1384012699127197
2001-12-20,1.1384012699127197
2001-12-21,1.1598132848739624
2001-12-24,1.1598132848739624
2001-12-25,1.1598132848739624
2001-12-26,1.1598132848739624
2001-12-27,1.1562447547912598
2001-12-28,1.1562447547912598
2001-12-31,1.1494642496109009
2002-01-01,1.1494642496109009
2002-01-02,1.152675986289978
2002-01-03,1.141970157623291
2002-01-04,1.152675986289978
2002-01-07,1.1776564121246338
2002-01-08,1.1883623600006104
2002-01-09,1.1705193519592285
2002-01-10,1.1598132848739624
2002-01-11,1.1776564121246338
2002-01-14,1.1705193519592285
2002-01-15,1.1633822917938232
2002-01-16,1.2204805612564087
2002-01-17,1.1847939491271973
2002-01-18,1.1876493692398071
2002-01-21,1.1954996585845947
2002-01-22,1.1883623600006104
2002-01-23,1.1954996585845947
2002-01-24,1.2062063217163086
2002-01-25,1.2062063217163086
2002-01-28,1.2062063217163086
2002-01-29,1.1954996585845947
2002-01-30,1.1990686655044556
2002-01-31,1.2479593753814697
2002-02-01,1.2133432626724243
2002-02-04,1.2347553968429565
2002-02-05,1.2097742557525635
2002-02-06,1.2097742557525635
2002-02-07,1.181225299835205
2002-02-08,1.1954996585845947
2002-02-11,1.1805113554000854
2002-02-12,1.1801544427871704
2002-02-13,1.1990686655044556
2002-02-14,1.2151273488998413
2002-02-15,1.191931128501892
2002-02-18,1.1977787017822266
2002-02-19,1.1876161098480225
2002-02-20,1.161482572555542
2002-02-21,1.168742060661316
2002-02-22,1.1763644218444824
2002-02-25,1.1796307563781738
2002-02-26,1.180356502532959
2002-02-27,1.168742060661316
2002-02-28,1.1796307563781738
2002-03-01,1.172371745109558
2002-03-04,1.172371745109558
2002-03-05,1.1651121377944946
2002-03-06,1.183260440826416
2002-03-07,1.183260440826416
2002-03-08,1.1977787017822266
2002-03-11,1.183260440826416
2002-03-12,1.1796307563781738
2002-03-13,1.183260440826416
2002-03-14,1.16438627243042
2002-03-15,1.1651121377944946
2002-03-18,1.1542233228683472
2002-03-19,1.161482572555542
2002-03-20,1.161482572555542
2002-03-21,1.161482572555542
2002-03-22,1.1651121377944946
2002-03-25,1.168742060661316
2002-03-26,1.1542233228683472
2002-03-27,1.1505935192108154
2002-03-28,1.1578528881072998
2002-03-29,1.1578528881072998
2002-04-01,1.1578528881072998
2002-04-02,1.146964192390442
2002-04-03,1.139704942703247
2002-04-04,1.1324455738067627
2002-04-05,1.1433342695236206
2002-04-08,1.1505935192108154
2002-04-09,1.1360750198364258
2002-04-10,1.1251860857009888
2002-04-11,1.1251860857009888
2002-04-12,1.1324455738067627
2002-04-15,1.1578528881072998
2002-04-16,1.1542233228683472
2002-04-17,1.1651121377944946
2002-04-18,1.1651121377944946
2002-04-19,1.172371745109558
2002-04-22,1.1542233228683472
2002-04-23,1.1542233228683472
2002-04-24,1.161482572555542
2002-04-25,1.161482572555542
2002-04-26,1.168742060661316
2002-04-29,1.161482572555542
2002-04-30,1.1542233228683472
2002-05-01,1.1651121377944946
2002-05-02,1.1651121377944946
2002-05-03,1.161482572555542
2002-05-06,1.1578528881072998
2002-05-07,1.1505935192108154
2002-05-08,1.146964192390442
2002-05-09,1.1505935192108154
2002-05-10,1.1505935192108154
2002-05-13,1.1433342695236206
2002-05-14,1.1578528881072998
2002-05-15,1.1505935192108154
2002-05-16,1.1578528881072998
2002-05-17,1.1578528881072998
2002-05-20,1.161482572555542
2002-05-21,1.1542233228683472
2002-05-22,1.1542233228683472
2002-05-23,1.1578528881072998
2002-05-24,1.161482572555542
2002-05-27,1.1542233228683472
2002-05-28,1.1542233228683472
2002-05-29,1.1505935192108154
2002-05-30,1.1542233228683472
2002-05-31,1.1542233228683472
2002-06-03,1.1542233228683472
2002-06-04,1.146964192390442
2002-06-05,1.1542233228683472
2002-06-06,1.1505935192108154
2002-06-07,1.1578528881072998
2002-06-10,1.1578528881072998
2002-06-11,1.1433342695236206
2002-06-12,1.1542233228683472
2002-06-13,1.161482572555542
2002-06-14,1.146964192390442
2002-06-17,1.1505935192108154
2002-06-18,1.1505935192108154
2002-06-19,1.1542233228683472
2002-06-20,1.1760013103485107
2002-06-21,1.1760013103485107
2002-06-24,1.168742060661316
2002-06-25,1.1578528881072998
2002-06-26,1.1651121377944946
2002-06-27,1.168742060661316
2002-06-28,1.172371745109558
2002-07-01,1.1578528881072998
2002-07-02,1.161482572555542
2002-07-03,1.1542233228683472
2002-07-04,1.1651121377944946
2002-07-05,1.1542233228683472
2002-07-08,1.1578528881072998
2002-07-09,1.172371745109558
2002-07-10,1.1651121377944946
2002-07-11,1.161482572555542
2002-07-12,1.161482572555542
2002-07-15,1.161482572555542
2002-07-16,1.172371745109558
2002-07-17,1.1542233228683472
2002-07-18,1.1651121377944946
2002-07-19,1.1542233228683472
2002-07-22,1.1578528881072998
2002-07-23,1.165047526359558
2002-07-24,1.1501113176345825
2002-07-25,1.1613138914108276
2002-07-26,1.1687819957733154
2002-07-29,1.179984450340271
2002-07-30,1.1687819957733154
2002-07-31,1.1613138914108276
2002-08-01,1.1613138914108276
2002-08-02,1.1613138914108276
2002-08-05,1.1613138914108276
2002-08-06,1.1613138914108276
2002-08-07,1.1575794219970703
2002-08-08,1.1575794219970703
2002-08-09,1.179984450340271
2002-08-12,1.179984450340271
2002-08-13,1.179984450340271
2002-08-14,1.202389121055603
2002-08-15,1.194920539855957
2002-08-16,1.202389121055603
2002-08-19,1.2098571062088013
2002-08-20,1.224793791770935
2002-08-21,1.2173254489898682
2002-08-22,1.2098571062088013
2002-08-23,1.2285280227661133
2002-08-26,1.2210595607757568
2002-08-27,1.2173254489898682
2002-08-28,1.2135915756225586
2002-08-29,1.2210595607757568
2002-08-30,1.2061229944229126
2002-09-02,1.2061229944229126
2002-09-03,1.2061229944229126
2002-09-04,1.179984450340271
2002-09-05,1.1762497425079346
2002-09-06,1.179984450340271
2002-09-09,1.1762497425079346
2002-09-10,1.1837180852890015
2002-09-11,1.179984450340271
2002-09-12,1.172515869140625
2002-09-13,1.165047526359558
2002-09-16,1.165047526359558
2002-09-17,1.1687819957733154
2002-09-18,1.165047526359558
2002-09-19,1.1613138914108276
2002-09-20,1.165047526359558
2002-09-23,1.1613138914108276
2002-09-24,1.165047526359558
2002-09-25,1.1613138914108276
2002-09-26,1.1687819957733154
2002-09-27,1.1613138914108276
2002-09-30,1.165047526359558
2002-10-01,1.1613138914108276
2002-10-02,1.165047526359558
2002-10-03,1.165047526359558
2002-10-04,1.1613138914108276
2002-10-07,1.1575794219970703
2002-10-08,1.1575794219970703
2002-10-09,1.1613138914108276
2002-10-10,1.1538448333740234
2002-10-11,1.165047526359558
2002-10-14,1.165047526359558
2002-10-15,1.1575794219970703
2002-10-16,1.1613138914108276
2002-10-17,1.1575794219970703
2002-10-18,1.1575794219970703
2002-10-21,1.1575794219970703
2002-10-22,1.165047526359558
2002-10-23,1.1762497425079346
2002-10-24,1.1762497425079346
2002-10-25,1.172515869140625
2002-10-28,1.1762497425079346
2002-10-29,1.1762497425079346
2002-10-30,1.1874525547027588
2002-10-31,1.2098571062088013
2002-11-01,1.202389121055603
2002-11-04,1.2135915756225586
2002-11-05,1.2173254489898682
2002-11-06,1.247198462486267
2002-11-07,1.2210595607757568
2002-11-08,1.2173254489898682
2002-11-11,1.198655128479004
2002-11-12,1.1837180852890015
2002-11-13,1.1837180852890015
2002-11-14,1.1837180852890015
2002-11-15,1.1762497425079346
2002-11-18,1.1762497425079346
2002-11-19,1.1687819957733154
2002-11-20,1.1762497425079346
2002-11-21,1.1874525547027588
2002-11-22,1.2135915756225586
2002-11-25,1.2061229944229126
2002-11-26,1.198655128479004
2002-11-27,1.2173254489898682
2002-11-28,1.2210595607757568
2002-11-29,1.2098571062088013
2002-12-02,1.2135915756225586
2002-12-03,1.2135915756225586
2002-12-04,1.202389121055603
2002-12-05,1.2135915756225586
2002-12-06,1.194920539855957
2002-12-09,1.198655128479004
2002-12-10,1.198655128479004
2002-12-11,1.198655128479004
2002-12-12,1.1911866664886475
2002-12-13,1.202389121055603
2002-12-16,1.198655128479004
2002-12-17,1.1837180852890015
2002-12-18,1.1874525547027588
2002-12-19,1.198655128479004
2002-12-20,1.2061229944229126
2002-12-23,1.2098571062088013
2002-12-24,1.2098571062088013
2002-12-25,1.2098571062088013
2002-12-26,1.2098571062088013
2002-12-27,1.2098571062088013
2002-12-30,1.198655128479004
2002-12-31,1.1874525547027588
2003-01-01,1.1874525547027588
2003-01-02,1.202389121055603
2003-01-03,1.2061229944229126
2003-01-06,1.202389121055603
2003-01-07,1.2061229944229126
2003-01-08,1.198655128479004
2003-01-09,1.2098571062088013
2003-01-10,1.202389121055603
2003-01-13,1.2061229944229126
2003-01-14,1.2098571062088013
2003-01-15,1.2061229944229126
2003-01-16,1.2098571062088013
2003-01-17,1.194920539855957
2003-01-20,1.194920539855957
2003-01-21,1.194920539855957
2003-01-22,1.194920539855957
2003-01-23,1.1911866664886475
2003-01-24,1.198655128479004
2003-01-27,1.198655128479004
2003-01-28,1.1911866664886475
2003-01-29,1.1911866664886475
2003-01-30,1.1874525547027588
2003-01-31,1.1911866664886475
2003-02-03,1.194920539855957
2003-02-04,1.198655128479004
2003-02-05,1.1911866664886475
2003-02-06,1.1762497425079346
2003-02-07,1.1911866664886475
2003-02-10,1.179984450340271
2003-02-11,1.179984450340271
2003-02-12,1.1911866664886475
2003-02-13,1.194920539855957
2003-02-14,1.179984450340271
2003-02-17,1.189910650253296
2003-02-18,1.186108946800232
2003-02-19,1.2013152837753296
2003-02-20,1.1632989645004272
2003-02-21,1.1671007871627808
2003-02-24,1.1709023714065552
2003-02-25,1.1747044324874878
2003-02-26,1.1709023714065552
2003-02-27,1.151893973350525
2003-02-28,1.1442909240722656
2003-03-03,1.1404895782470703
2003-03-04,1.1671007871627808
2003-03-05,1.1709023714065552
2003-03-06,1.1556960344314575
2003-03-07,1.1442909240722656
2003-03-10,1.136687994003296
2003-03-11,1.1290843486785889
2003-03-12,1.1176799535751343
2003-03-13,1.1404895782470703
2003-03-14,1.151893973350525
2003-03-17,1.1404895782470703
2003-03-18,1.1671007871627808
2003-03-19,1.1709023714065552
2003-03-20,1.189910650253296
2003-03-21,1.1937123537063599
2003-03-24,1.1975139379501343
2003-03-25,1.1975139379501343
2003-03-26,1.2013152837753296
2003-03-27,1.2127200365066528
2003-03-28,1.205116629600525
2003-03-31,1.2013152837753296
2003-04-01,1.1975139379501343
2003-04-02,1.1975139379501343
2003-04-03,1.2013152837753296
2003-04-04,1.2127200365066528
2003-04-07,1.2393317222595215
2003-04-08,1.235530138015747
2003-04-09,1.2317286729812622
2003-04-10,1.2431334257125854
2003-04-11,1.2431334257125854
2003-04-14,1.2659436464309692
2003-04-15,1.292554497718811
2003-04-16,1.2811497449874878
2003-04-17,1.292554497718811
2003-04-18,1.292554497718811
2003-04-21,1.292554497718811
2003-04-22,1.292554497718811
2003-04-23,1.2773480415344238
2003-04-24,1.2887526750564575
2003-04-25,1.2887526750564575
2003-04-28,1.2849516868591309
2003-04-29,1.2887526750564575
2003-04-30,1.3191661834716797
2003-05-01,1.3191661834716797
2003-05-02,1.292554497718811
2003-05-05,1.3039599657058716
2003-05-06,1.2887526750564575
2003-05-07,1.307761788368225
2003-05-08,1.3267695903778076
2003-05-09,1.3001576662063599
2003-05-12,1.3001576662063599
2003-05-13,1.307761788368225
2003-05-14,1.292554497718811
2003-05-15,1.2887526750564575
2003-05-16,1.2735463380813599
2003-05-19,1.292554497718811
2003-05-20,1.2887526750564575
2003-05-21,1.2849516868591309
2003-05-22,1.2887526750564575
2003-05-23,1.292554497718811
2003-05-26,1.2887526750564575
2003-05-27,1.2735463380813599
2003-05-28,1.3039599657058716
2003-05-29,1.2887526750564575
2003-05-30,1.292554497718811
2003-06-02,1.3001576662063599
2003-06-03,1.2849516868591309
2003-06-04,1.2887526750564575
2003-06-05,1.2963560819625854
2003-06-06,1.292554497718811
2003-06-09,1.292554497718811
2003-06-10,1.3039599657058716
2003-06-11,1.2887526750564575
2003-06-12,1.2887526750564575
2003-06-13,1.2773480415344238
2003-06-16,1.2773480415344238
2003-06-17,1.269744873046875
2003-06-18,1.2773480415344238
2003-06-19,1.2887526750564575
2003-06-20,1.292554497718811
2003-06-23,1.2849516868591309
2003-06-24,1.3001576662063599
2003-06-25,1.3001576662063599
2003-06-26,1.3039599657058716
2003-06-27,1.307761788368225
2003-06-30,1.3305710554122925
2003-07-01,1.3115628957748413
2003-07-02,1.3153644800186157
2003-07-03,1.322967529296875
2003-07-04,1.3001576662063599
2003-07-07,1.307761788368225
2003-07-08,1.322967529296875
2003-07-09,1.3039599657058716
2003-07-10,1.3115628957748413
2003-07-11,1.307761788368225
2003-07-14,1.3115628957748413
2003-07-15,1.3191661834716797
2003-07-16,1.3191661834716797
2003-07-17,1.3115628957748413
2003-07-18,1.3153644800186157
2003-07-21,1.3191661834716797
2003-07-22,1.3115628957748413
2003-07-23,1.3191661834716797
2003-07-24,1.3267695903778076
2003-07-25,1.3381747007369995
2003-07-28,1.3534908294677734
2003-07-29,1.3495904207229614
2003-07-30,1.3495904207229614
2003-07-31,1.3495904207229614
2003-08-01,1.345689296722412
2003-08-04,1.3534908294677734
2003-08-05,1.357391357421875
2003-08-06,1.345689296722412
2003-08-07,1.345689296722412
2003-08-08,1.345689296722412
2003-08-11,1.345689296722412
2003-08-12,1.3417890071868896
2003-08-13,1.3495904207229614
2003-08-14,1.345689296722412
2003-08-15,1.3495904207229614
2003-08-18,1.3534908294677734
2003-08-19,1.3495904207229614
2003-08-20,1.3768941164016724
2003-08-21,1.357391357421875
2003-08-22,1.3690930604934692
2003-08-25,1.3924964666366577
2003-08-26,1.3885955810546875
2003-08-27,1.3924964666366577
2003-08-28,1.4041976928710938
2003-08-29,1.4198001623153687
2003-09-01,1.4002975225448608
2003-09-02,1.4237008094787598
2003-09-03,1.3768526315689087
2003-09-04,1.360935091972351
2003-09-05,1.3489969968795776
2003-09-08,1.3489969968795776
2003-09-09,1.33307945728302
2003-09-10,1.3291006088256836
2003-09-11,1.3291006088256836
2003-09-12,1.321141242980957
2003-09-15,1.321141242980957
2003-09-16,1.321141242980957
2003-09-17,1.3291006088256836
2003-09-18,1.3251206874847412
2003-09-19,1.2972654104232788
2003-09-22,1.3092035055160522
2003-09-23,1.2972654104232788
2003-09-24,1.2972654104232788
2003-09-25,1.2893067598342896
2003-09-26,1.3131823539733887
2003-09-29,1.3171621561050415
2003-09-30,1.33307945728302
2003-10-01,1.3688932657241821
2003-10-02,1.3410381078720093
2003-10-03,1.3489969968795776
2003-10-06,1.360935091972351
2003-10-07,1.356955647468567
2003-10-08,1.360935091972351
2003-10-09,1.3808317184448242
2003-10-10,1.3688932657241821
2003-10-13,1.356955647468567
2003-10-14,1.356955647468567
2003-10-15,1.3529763221740723
2003-10-16,1.360935091972351
2003-10-17,1.33307945728302
2003-10-20,1.3171621561050415
2003-10-21,1.3171621561050415
2003-10-22,1.3171621561050415
2003-10-23,1.3171621561050415
2003-10-24,1.3251206874847412
2003-10-27,1.321141242980957
2003-10-28,1.3251206874847412
2003-10-29,1.33307945728302
2003-10-30,1.3171621561050415
2003-10-31,1.3131823539733887
2003-11-03,1.3131823539733887
2003-11-04,1.3171621561050415
2003-11-05,1.3052242994308472
2003-11-06,1.2853275537490845
2003-11-07,1.2972654104232788
2003-11-10,1.2853275537490845
2003-11-11,1.2932860851287842
2003-11-12,1.3012443780899048
2003-11-13,1.3012443780899048
2003-11-14,1.3131823539733887
2003-11-17,1.321141242980957
2003-11-18,1.3251206874847412
2003-11-19,1.3052242994308472
2003-11-20,1.3251206874847412
2003-11-21,1.3131823539733887
2003-11-24,1.3012443780899048
2003-11-25,1.3092035055160522
2003-11-26,1.3052242994308472
2003-11-27,1.321141242980957
2003-11-28,1.3052242994308472
2003-12-01,1.3052242994308472
2003-12-02,1.2972654104232788
2003-12-03,1.2972654104232788
2003-12-04,1.2972654104232788
2003-12-05,1.3131823539733887
2003-12-08,1.2972654104232788
2003-12-09,1.2972654104232788
2003-12-10,1.3012443780899048
2003-12-11,1.2972654104232788
2003-12-12,1.2972654104232788
2003-12-15,1.3012443780899048
2003-12-16,1.3092035055160522
2003-12-17,1.3012443780899048
2003-12-18,1.3052242994308472
2003-12-19,1.2932860851287842
2003-12-22,1.3092035055160522
2003-12-23,1.3012443780899048
2003-12-24,1.3092035055160522
2003-12-25,1.3092035055160522
2003-12-26,1.3092035055160522
2003-12-29,1.3092035055160522
2003-12-30,1.3052242994308472
2003-12-31,1.3131823539733887
2004-01-01,1.3131823539733887
2004-01-02,1.3092035055160522
2004-01-05,1.2972654104232788
2004-01-06,1.3012443780899048
2004-01-07,1.3092035055160522
2004-01-08,1.321141242980957
2004-01-09,1.3171621561050415
2004-01-12,1.3092035055160522
2004-01-13,1.3291006088256836
2004-01-14,1.3171621561050415
2004-01-15,1.3171621561050415
2004-01-16,1.3131823539733887
2004-01-19,1.3171621561050415
2004-01-20,1.321141242980957
2004-01-21,1.321141242980957
2004-01-22,1.3251206874847412
2004-01-23,1.3251206874847412
2004-01-26,1.3251206874847412
2004-01-27,1.3251206874847412
2004-01-28,1.3291006088256836
2004-01-29,1.3291006088256836
2004-01-30,1.3171621561050415
2004-02-02,1.3251206874847412
2004-02-03,1.3171621561050415
2004-02-04,1.321141242980957
2004-02-05,1.321141242980957
2004-02-06,1.3171621561050415
2004-02-09,1.3251206874847412
2004-02-10,1.3251206874847412
2004-02-11,1.321141242980957
2004-02-12,1.3251206874847412
2004-02-13,1.3291006088256836
2004-02-16,1.3351690769195557
2004-02-17,1.3311229944229126
2004-02-18,1.3311229944229126
2004-02-19,1.3270776271820068
2004-02-20,1.3189854621887207
2004-02-23,1.3230314254760742
2004-02-24,1.3270776271820068
2004-02-25,1.3230314254760742
2004-02-26,1.3230314254760742
2004-02-27,1.314939022064209
2004-03-01,1.3189854621887207
2004-03-02,1.314939022064209
2004-03-03,1.3230314254760742
2004-03-04,1.3270776271820068
2004-03-05,1.3230314254760742
2004-03-08,1.3189854621887207
2004-03-09,1.3189854621887207
2004-03-10,1.3270776271820068
2004-03-11,1.3189854621887207
2004-03-12,1.3230314254760742
2004-03-15,1.3230314254760742
2004-03-16,1.3270776271820068
2004-03-17,1.314939022064209
2004-03-18,1.314939022064209
2004-03-19,1.3068474531173706
2004-03-22,1.3108934164047241
2004-03-23,1.314939022064209
2004-03-24,1.314939022064209
2004-03-25,1.3189854621887207
2004-03-26,1.3270776271820068
2004-03-29,1.3270776271820068
2004-03-30,1.3270776271820068
2004-03-31,1.3351690769195557
2004-04-01,1.3270776271820068
2004-04-02,1.3270776271820068
2004-04-05,1.3311229944229126
2004-04-06,1.3270776271820068
2004-04-07,1.3230314254760742
2004-04-08,1.3270776271820068
2004-04-09,1.3270776271820068
2004-04-12,1.3270776271820068
2004-04-13,1.3230314254760742
2004-04-14,1.314939022064209
2004-04-15,1.3270776271820068
2004-04-16,1.3230314254760742
2004-04-19,1.314939022064209
2004-04-20,1.3230314254760742
2004-04-21,1.314939022064209
2004-04-22,1.3230314254760742
2004-04-23,1.314939022064209
2004-04-26,1.314939022064209
2004-04-27,1.3189854621887207
2004-04-28,1.314939022064209
2004-04-29,1.314939022064209
2004-04-30,1.314939022064209
2004-05-03,1.314939022064209
2004-05-04,1.3189854621887207
2004-05-05,1.3230314254760742
2004-05-06,1.3108934164047241
2004-05-07,1.314939022064209
2004-05-10,1.3068474531173706
2004-05-11,1.314939022064209
2004-05-12,1.3068474531173706
2004-05-13,1.3068474531173706
2004-05-14,1.3108934164047241
2004-05-17,1.3068474531173706
2004-05-18,1.3189854621887207
2004-05-19,1.3189854621887207
2004-05-20,1.314939022064209
2004-05-21,1.314939022064209
2004-05-24,1.314939022064209
2004-05-25,1.3189854621887207
2004-05-26,1.3270776271820068
2004-05-27,1.3270776271820068
2004-05-28,1.314939022064209
2004-05-31,1.314939022064209
2004-06-01,1.3230314254760742
2004-06-02,1.3189854621887207
2004-06-03,1.3189854621887207
2004-06-04,1.314939022064209
2004-06-07,1.314939022064209
2004-06-08,1.3270776271820068
2004-06-09,1.314939022064209
2004-06-10,1.314939022064209
2004-06-11,1.314939022064209
2004-06-14,1.314939022064209
2004-06-15,1.314939022064209
2004-06-16,1.314939022064209
2004-06-17,1.3189854621887207
2004-06-18,1.3270776271820068
2004-06-21,1.3311229944229126
2004-06-22,1.3432613611221313
2004-06-23,1.3311229944229126
2004-06-24,1.3351690769195557
2004-06-25,1.3311229944229126
2004-06-28,1.3392152786254883
2004-06-29,1.3311229944229126
2004-06-30,1.3432613611221313
2004-07-01,1.3351690769195557
2004-07-02,1.3513529300689697
2004-07-05,1.3513529300689697
2004-07-06,1.3553987741470337
2004-07-07,1.3473068475723267
2004-07-08,1.3513529300689697
2004-07-09,1.3553987741470337
2004-07-12,1.3675369024276733
2004-07-13,1.3553987741470337
2004-07-14,1.3473068475723267
2004-07-15,1.3513529300689697
2004-07-16,1.3553987741470337
2004-07-19,1.3513529300689697
2004-07-20,1.363490343093872
2004-07-21,1.363490343093872
2004-07-22,1.3715828657150269
2004-07-23,1.3715828657150269
2004-07-26,1.3663911819458008
2004-07-27,1.3788511753082275
2004-07-28,1.35393226146698
2004-07-29,1.3663911819458008
2004-07-30,1.362238883972168
2004-08-02,1.3705443143844604
2004-08-03,1.3705443143844604
2004-08-04,1.3705443143844604
2004-08-05,1.3705443143844604
2004-08-06,1.3580851554870605
2004-08-09,1.35393226146698
2004-08-10,1.3705443143844604
2004-08-11,1.3705443143844604
2004-08-12,1.3580851554870605
2004-08-13,1.3705443143844604
2004-08-16,1.362238883972168
2004-08-17,1.3746976852416992
2004-08-18,1.3746976852416992
2004-08-19,1.3705443143844604
2004-08-20,1.362238883972168
2004-08-23,1.3663911819458008
2004-08-24,1.3705443143844604
2004-08-25,1.3663911819458008
2004-08-26,1.3746976852416992
2004-08-27,1.3830041885375977
2004-08-30,1.3830041885375977
2004-08-31,1.3705443143844604
2004-09-01,1.3746976852416992
2004-09-02,1.3746976852416992
2004-09-03,1.3746976852416992
2004-09-06,1.3705443143844604
2004-09-07,1.3746976852416992
2004-09-08,1.3746976852416992
2004-09-09,1.3705443143844604
2004-09-10,1.3788511753082275
2004-09-13,1.3788511753082275
2004-09-14,1.3788511753082275
2004-09-15,1.3830041885375977
2004-09-16,1.3871569633483887
2004-09-17,1.3913103342056274
2004-09-20,1.3871569633483887
2004-09-21,1.395463466644287
2004-09-22,1.3788511753082275
2004-09-23,1.3788511753082275
2004-09-24,1.3746976852416992
2004-09-27,1.3746976852416992
2004-09-28,1.3705443143844604
2004-09-29,1.3788511753082275
2004-09-30,1.3788511753082275
2004-10-01,1.3788511753082275
2004-10-04,1.3830041885375977
2004-10-05,1.3871569633483887
2004-10-06,1.403769850730896
2004-10-07,1.412076473236084
2004-10-08,1.3996164798736572
2004-10-11,1.403769850730896
2004-10-12,1.412076473236084
2004-10-13,1.4079229831695557
2004-10-14,1.412076473236084
2004-10-15,1.403769850730896
2004-10-18,1.412076473236084
2004-10-19,1.412076473236084
2004-10-20,1.412076473236084
2004-10-21,1.412076473236084
2004-10-22,1.412076473236084
2004-10-25,1.403769850730896
2004-10-26,1.412076473236084
2004-10-27,1.412076473236084
2004-10-28,1.416229248046875
2004-10-29,1.4245356321334839
2004-11-01,1.4328420162200928
2004-11-02,1.4328420162200928
2004-11-03,1.4536077976226807
2004-11-04,1.4328420162200928
2004-11-05,1.4536077976226807
2004-11-08,1.4494550228118896
2004-11-09,1.4536077976226807
2004-11-10,1.4536077976226807
2004-11-11,1.4660674333572388
2004-11-12,1.461913824081421
2004-11-15,1.4702203273773193
2004-11-16,1.4702203273773193
2004-11-17,1.4702203273773193
2004-11-18,1.474373698234558
2004-11-19,1.4868336915969849
2004-11-22,1.4909859895706177
2004-11-23,1.507598876953125
2004-11-24,1.5117522478103638
2004-11-25,1.515905737876892
2004-11-26,1.4951391220092773
2004-11-29,1.5034458637237549
2004-11-30,1.4868336915969849
2004-12-01,1.4909859895706177
2004-12-02,1.4909859895706177
2004-12-03,1.4660674333572388
2004-12-06,1.4660674333572388
2004-12-07,1.4785268306732178
2004-12-08,1.4660674333572388
2004-12-09,1.461913824081421
2004-12-10,1.457761287689209
2004-12-13,1.457761287689209
2004-12-14,1.4536077976226807
2004-12-15,1.4702203273773193
2004-12-16,1.457761287689209
2004-12-17,1.4702203273773193
2004-12-20,1.4660674333572388
2004-12-21,1.4660674333572388
2004-12-22,1.4660674333572388
2004-12-23,1.474373698234558
2004-12-24,1.4660674333572388
2004-12-27,1.4660674333572388
2004-12-28,1.4660674333572388
2004-12-29,1.4702203273773193
2004-12-30,1.474373698234558
2004-12-31,1.4702203273773193
2005-01-04,1.4702203273773193
2005-01-05,1.4660674333572388
2005-01-06,1.482679843902588
2005-01-07,1.4702203273773193
2005-01-10,1.4785268306732178
2005-01-11,1.4868336915969849
2005-01-12,1.4992923736572266
2005-01-13,1.4992923736572266
2005-01-14,1.5117522478103638
2005-01-17,1.5117522478103638
2005-01-18,1.5117522478103638
2005-01-19,1.5034458637237549
2005-01-20,1.5034458637237549
2005-01-21,1.5117522478103638
2005-01-24,1.507598876953125
2005-01-25,1.5034458637237549
2005-01-27,1.515905737876892
2005-01-28,1.5242118835449219
2005-01-31,1.520058512687683
2005-02-01,1.532517910003662
2005-02-02,1.5449777841567993
2005-02-03,1.5574367046356201
2005-02-04,1.5491307973861694
2005-02-07,1.5698962211608887
2005-02-08,1.5657436847686768
2005-02-09,1.5491307973861694
2005-02-10,1.5698962211608887
2005-02-11,1.5782026052474976
2005-02-14,1.5906625986099243
2005-02-15,1.574049711227417
2005-02-16,1.5782026052474976
2005-02-17,1.5823557376861572
2005-02-18,1.586508870124817
2005-02-21,1.586508870124817
2005-02-22,1.5906625986099243
2005-02-23,1.5442498922348022
2005-02-24,1.5526889562606812
2005-02-25,1.5358120203018188
2005-02-28,1.5569082498550415
2005-03-01,1.5569082498550415
2005-03-02,1.5442498922348022
2005-03-03,1.5484697818756104
2005-03-04,1.5400313138961792
2005-03-07,1.5695663690567017
2005-03-08,1.5611276626586914
2005-03-09,1.5695663690567017
2005-03-10,1.5611276626586914
2005-03-11,1.5737850666046143
2005-03-14,1.5695663690567017
2005-03-15,1.5653467178344727
2005-03-16,1.5822235345840454
2005-03-17,1.5653467178344727
2005-03-18,1.5611276626586914
2005-03-21,1.5526889562606812
2005-03-22,1.5611276626586914
2005-03-23,1.5442498922348022
2005-03-24,1.5400313138961792
2005-03-29,1.5400313138961792
2005-03-30,1.5231536626815796
2005-03-31,1.5104964971542358
2005-04-01,1.5189342498779297
2005-04-04,1.514715552330017
2005-04-05,1.506277084350586
2005-04-06,1.514715552330017
2005-04-07,1.5104964971542358
2005-04-08,1.5104964971542358
2005-04-11,1.514715552330017
2005-04-12,1.5358120203018188
2005-04-13,1.5442498922348022
2005-04-14,1.5400313138961792
2005-04-15,1.5189342498779297
2005-04-18,1.4936192035675049
2005-04-19,1.4978382587432861
2005-04-20,1.5104964971542358
2005-04-21,1.5189342498779297
2005-04-22,1.514715552330017
2005-04-26,1.506277084350586
2005-04-27,1.5104964971542358
2005-04-28,1.5104964971542358
2005-04-29,1.5104964971542358
2005-05-02,1.506277084350586
2005-05-03,1.502057671546936
2005-05-04,1.4936192035675049
2005-05-05,1.4809614419937134
2005-05-06,1.4978382587432861
2005-05-09,1.4978382587432861
2005-05-10,1.514715552330017
2005-05-11,1.506277084350586
2005-05-12,1.5231536626815796
2005-05-13,1.4978382587432861
2005-05-16,1.4978382587432861
2005-05-17,1.506277084350586
2005-05-18,1.502057671546936
2005-05-19,1.514715552330017
2005-05-20,1.5189342498779297
2005-05-23,1.5358120203018188
2005-05-24,1.5442498922348022
2005-05-25,1.5611276626586914
2005-05-26,1.5653467178344727
2005-05-27,1.5780045986175537
2005-05-30,1.5653467178344727
2005-05-31,1.5526889562606812
2005-06-01,1.5526889562606812
2005-06-02,1.5780045986175537
2005-06-03,1.5780045986175537
2005-06-06,1.5569082498550415
2005-06-07,1.5695663690567017
2005-06-08,1.5611276626586914
2005-06-09,1.5611276626586914
2005-06-10,1.5822235345840454
2005-06-14,1.5948816537857056
2005-06-15,1.5948816537857056
2005-06-16,1.5948816537857056
2005-06-17,1.5948816537857056
2005-06-20,1.5906624794006348
2005-06-21,1.5948816537857056
2005-06-22,1.5864428281784058
2005-06-23,1.5822235345840454
2005-06-24,1.5906624794006348
2005-06-27,1.5737850666046143
2005-06-28,1.5780045986175537
2005-06-29,1.5780045986175537
2005-06-30,1.5822235345840454
2005-07-01,1.5695663690567017
2005-07-04,1.5695663690567017
2005-07-05,1.5822235345840454
2005-07-06,1.5906624794006348
2005-07-07,1.5906624794006348
2005-07-08,1.5991013050079346
2005-07-11,1.5906624794006348
2005-07-12,1.6033201217651367
2005-07-13,1.6201972961425781
2005-07-14,1.6286357641220093
2005-07-15,1.6244161128997803
2005-07-18,1.641292929649353
2005-07-19,1.641292929649353
2005-07-20,1.6370736360549927
2005-07-21,1.6370736360549927
2005-07-22,1.641292929649353
2005-07-25,1.6623895168304443
2005-07-26,1.6792666912078857
2005-07-27,1.6919242143630981
2005-07-28,1.7003631591796875
2005-07-29,1.6877055168151855
2005-08-01,1.7003631591796875
2005-08-02,1.7003631591796875
2005-08-03,1.6873836517333984
2005-08-04,1.6873836517333984
2005-08-05,1.6917099952697754
2005-08-08,1.6873836517333984
2005-08-09,1.696036458015442
2005-08-10,1.6873836517333984
2005-08-11,1.7176696062088013
2005-08-12,1.696036458015442
2005-08-15,1.6873836517333984
2005-08-16,1.6787298917770386
2005-08-17,1.696036458015442
2005-08-18,1.6917099952697754
2005-08-19,1.6917099952697754
2005-08-22,1.6917099952697754
2005-08-23,1.696036458015442
2005-08-24,1.7133429050445557
2005-08-25,1.704689860343933
2005-08-26,1.7176696062088013
2005-08-29,1.7263225317001343
2005-08-30,1.704689860343933
2005-08-31,1.7219966650009155
2005-09-01,1.7219966650009155
2005-09-02,1.7176696062088013
2005-09-05,1.7133429050445557
2005-09-06,1.7263225317001343
2005-09-07,1.7306499481201172
2005-09-08,1.7306499481201172
2005-09-09,1.734976053237915
2005-09-12,1.7609363794326782
2005-09-13,1.7652623653411865
2005-09-14,1.7609363794326782
2005-09-15,1.7479560375213623
2005-09-16,1.7479560375213623
2005-09-19,1.7609363794326782
2005-09-20,1.7695891857147217
2005-09-21,1.7566089630126953
2005-09-22,1.7522830963134766
2005-09-23,1.7479560375213623
2005-09-26,1.7566089630126953
2005-09-27,1.7695891857147217
2005-09-28,1.7609363794326782
2005-09-29,1.7695891857147217
2005-09-30,1.7739150524139404
2005-10-03,1.7566089630126953
2005-10-04,1.7609363794326782
2005-10-05,1.7522830963134766
2005-10-06,1.7306499481201172
2005-10-07,1.696036458015442
2005-10-10,1.7263225317001343
2005-10-11,1.7219966650009155
2005-10-12,1.7306499481201172
2005-10-13,1.739302635192871
2005-10-14,1.7306499481201172
2005-10-17,1.739302635192871
2005-10-18,1.7263225317001343
2005-10-19,1.6830570697784424
2005-10-20,1.7133429050445557
2005-10-21,1.7176696062088013
2005-10-24,1.7306499481201172
2005-10-25,1.7263225317001343
2005-10-26,1.7306499481201172
2005-10-27,1.7306499481201172
2005-10-28,1.704689860343933
2005-10-31,1.7176696062088013
2005-11-01,1.739302635192871
2005-11-02,1.7263225317001343
2005-11-03,1.7133429050445557
2005-11-04,1.739302635192871
2005-11-07,1.734976053237915
2005-11-08,1.7306499481201172
2005-11-09,1.734976053237915
2005-11-10,1.739302635192871
2005-11-11,1.734976053237915
2005-11-14,1.739302635192871
2005-11-15,1.739302635192871
2005-11-16,1.7522830963134766
2005-11-17,1.7479560375213623
2005-11-18,1.7436296939849854
2005-11-21,1.7479560375213623
2005-11-22,1.7609363794326782
2005-11-23,1.7566089630126953
2005-11-24,1.7566089630126953
2005-11-25,1.7739150524139404
2005-11-28,1.7955487966537476
2005-11-29,1.7739150524139404
2005-11-30,1.7479560375213623
2005-12-01,1.7609363794326782
2005-12-02,1.7695891857147217
2005-12-05,1.7609363794326782
2005-12-06,1.7739150524139404
2005-12-07,1.7912218570709229
2005-12-08,1.778242588043213
2005-12-09,1.7998753786087036
2005-12-12,1.804201602935791
2005-12-13,1.8085284233093262
2005-12-14,1.8171818256378174
2005-12-15,1.8128552436828613
2005-12-16,1.8258352279663086
2005-12-19,1.838814377784729
2005-12-20,1.8431415557861328
2005-12-21,1.838814377784729
2005-12-22,1.8517950773239136
2005-12-23,1.8431415557861328
2005-12-28,1.8431415557861328
2005-12-29,1.8604482412338257
2005-12-30,1.8691012859344482
2006-01-03,1.877754807472229
2006-01-04,1.8907346725463867
2006-01-05,1.8864085674285889
2006-01-06,1.903714895248413
2006-01-09,1.9123679399490356
2006-01-10,1.903714895248413
2006-01-11,1.8993873596191406
2006-01-12,1.903714895248413
2006-01-13,1.9166940450668335
2006-01-16,1.9166940450668335
2006-01-17,1.9210211038589478
2006-01-18,1.903714895248413
2006-01-19,1.9123679399490356
2006-01-20,1.934000849723816
2006-01-23,1.9253472089767456
2006-01-24,1.903714895248413
2006-01-25,1.9296739101409912
2006-01-27,1.9426541328430176
2006-01-30,1.934000849723816
2006-01-31,1.981593132019043
2006-02-01,1.9772672653198242
2006-02-02,1.972940444946289
2006-02-03,1.9599601030349731
2006-02-06,1.9772672653198242
2006-02-07,1.994573712348938
2006-02-08,1.981593132019043
2006-02-09,2.0335135459899902
2006-02-10,2.024860143661499
2006-02-13,2.0205330848693848
2006-02-14,2.0162065029144287
2006-02-15,2.005237102508545
2006-02-16,1.9876855611801147
2006-02-17,1.9920734167099
2006-02-20,1.9876855611801147
2006-02-21,1.9920734167099
2006-02-22,2.00962495803833
2006-02-23,2.0535035133361816
2006-02-24,2.0622787475585938
2006-02-27,2.0842177867889404
2006-02-28,2.1105451583862305
2006-03-01,2.088606119155884
2006-03-02,2.1061575412750244
2006-03-03,2.1149327754974365
2006-03-06,2.1193206310272217
2006-03-07,2.1149327754974365
2006-03-08,2.18513822555542
2006-03-09,2.158811092376709
2006-03-10,2.097381830215454
2006-03-13,2.1105451583862305
2006-03-14,2.0710554122924805
2006-03-15,2.040339946746826
2006-03-16,1.9920734167099
2006-03-17,1.9569706916809082
2006-03-20,1.9964611530303955
2006-03-21,1.974522590637207
2006-03-22,2.0140128135681152
2006-03-23,1.9876855611801147
2006-03-24,1.9964611530303955
2006-03-27,1.9920734167099
2006-03-28,1.9920734167099
2006-03-29,1.9964611530303955
2006-03-30,1.9876855611801147
2006-03-31,1.9964611530303955
2006-04-03,2.0008492469787598
2006-04-04,2.0140128135681152
2006-04-05,2.0535035133361816
2006-04-06,2.0535035133361816
2006-04-07,2.0359513759613037
2006-04-10,2.0184004306793213
2006-04-11,2.0315637588500977
2006-04-12,1.9964611530303955
2006-04-13,2.0227885246276855
2006-04-18,2.00962495803833
2006-04-19,2.040339946746826
2006-04-20,2.0359513759613037
2006-04-21,2.040339946746826
2006-04-24,2.040339946746826
2006-04-26,2.0798301696777344
2006-04-27,2.0842177867889404
2006-04-28,2.0710554122924805
2006-05-01,2.075442314147949
2006-05-02,2.0710554122924805
2006-05-03,2.0798301696777344
2006-05-04,2.0842177867889404
2006-05-05,2.0798301696777344
2006-05-08,2.088606119155884
2006-05-09,2.092994451522827
2006-05-10,2.097381830215454
2006-05-11,2.097381830215454
2006-05-12,2.0842177867889404
2006-05-15,2.0578911304473877
2006-05-16,2.044727087020874
2006-05-17,2.0271761417388916
2006-05-18,1.9832971096038818
2006-05-19,1.9920734167099
2006-05-22,1.974522590637207
2006-05-23,1.974522590637207
2006-05-24,1.9920734167099
2006-05-25,2.005237102508545
2006-05-26,2.00962495803833
2006-05-29,2.0008492469787598
2006-05-30,2.0184004306793213
2006-05-31,2.0184004306793213
2006-06-01,2.00962495803833
2006-06-02,2.0315637588500977
2006-06-05,2.0359513759613037
2006-06-06,2.0271761417388916
2006-06-07,2.005237102508545
2006-06-08,1.9964611530303955
2006-06-09,1.9964611530303955
2006-06-13,1.9964611530303955
2006-06-14,1.9832971096038818
2006-06-15,1.974522590637207
2006-06-16,2.00962495803833
2006-06-19,2.00962495803833
2006-06-20,2.0140128135681152
2006-06-21,2.00962495803833
2006-06-22,2.005237102508545
2006-06-23,2.0140128135681152
2006-06-26,2.0184004306793213
2006-06-27,2.0184004306793213
2006-06-28,2.0227885246276855
2006-06-29,2.0184004306793213
2006-06-30,2.0491158962249756
2006-07-03,2.0491158962249756
2006-07-04,2.075442314147949
2006-07-05,2.0535035133361816
2006-07-06,2.0622787475585938
2006-07-07,2.0710554122924805
2006-07-10,2.0710554122924805
2006-07-11,2.0622787475585938
2006-07-12,2.075442314147949
2006-07-13,2.066667079925537
2006-07-14,2.0710554122924805
2006-07-17,2.0622787475585938
2006-07-18,2.044727087020874
2006-07-19,2.0710554122924805
2006-07-20,2.0622787475585938
2006-07-21,2.0622787475585938
2006-07-24,2.0578911304473877
2006-07-25,2.0535035133361816
2006-07-26,2.066667079925537
2006-07-27,2.0798301696777344
2006-07-28,2.088606119155884
2006-07-31,2.092994451522827
2006-08-01,2.1105451583862305
2006-08-02,2.0993309020996094
2006-08-03,2.108302116394043
2006-08-04,2.1217594146728516
2006-08-07,2.0993309020996094
2006-08-08,2.103816509246826
2006-08-09,2.0993309020996094
2006-08-10,2.0858733654022217
2006-08-11,2.0948452949523926
2006-08-14,2.0993309020996094
2006-08-15,2.0813872814178467
2006-08-16,2.0858733654022217
2006-08-17,2.0858733654022217
2006-08-18,2.0993309020996094
2006-08-21,2.108302116394043
2006-08-22,2.103816509246826
2006-08-23,2.0993309020996094
2006-08-24,2.0903587341308594
2006-08-25,2.0993309020996094
2006-08-28,2.0858733654022217
2006-08-29,2.0903587341308594
2006-08-30,2.0903587341308594
2006-08-31,2.0993309020996094
2006-09-01,2.0948452949523926
2006-09-04,2.0903587341308594
2006-09-05,2.117274522781372
2006-09-06,2.0993309020996094
2006-09-07,2.117274522781372
2006-09-08,2.112788200378418
2006-09-11,2.0993309020996094
2006-09-12,2.0993309020996094
2006-09-13,2.0813872814178467
2006-09-14,2.0948452949523926
2006-09-15,2.0948452949523926
2006-09-18,2.0993309020996094
2006-09-19,2.103816509246826
2006-09-20,2.1217594146728516
2006-09-21,2.117274522781372
2006-09-22,2.108302116394043
2006-09-25,2.108302116394043
2006-09-26,2.0993309020996094
2006-09-27,2.108302116394043
2006-09-28,2.117274522781372
2006-09-29,2.1307308673858643
2006-10-02,2.1307308673858643
2006-10-03,2.117274522781372
2006-10-04,2.117274522781372
2006-10-05,2.1352169513702393
2006-10-06,2.117274522781372
2006-10-09,2.171103000640869
2006-10-10,2.198017120361328
2006-10-11,2.2204458713531494
2006-10-12,2.180074691772461
2006-10-13,2.175588846206665
2006-10-16,2.198017120361328
2006-10-17,2.193530559539795
2006-10-18,2.198017120361328
2006-10-19,2.198017120361328
2006-10-20,2.198017120361328
2006-10-23,2.2159595489501953
2006-10-24,2.193530559539795
2006-10-25,2.2204458713531494
2006-10-26,2.2249319553375244
2006-10-27,2.20698881149292
2006-10-30,2.2204458713531494
2006-10-31,2.2204458713531494
2006-11-01,2.2383885383605957
2006-11-02,2.2428741455078125
2006-11-03,2.229417324066162
2006-11-06,2.2428741455078125
2006-11-07,2.26530385017395
2006-11-08,2.260817766189575
2006-11-09,2.2428741455078125
2006-11-10,2.251845359802246
2006-11-13,2.2563319206237793
2006-11-14,2.251845359802246
2006-11-15,2.229417324066162
2006-11-16,2.2249319553375244
2006-11-17,2.229417324066162
2006-11-20,2.251845359802246
2006-11-21,2.2428741455078125
2006-11-22,2.26530385017395
2006-11-23,2.26530385017395
2006-11-24,2.260817766189575
2006-11-27,2.26530385017395
2006-11-28,2.26530385017395
2006-11-29,2.2787606716156006
2006-11-30,2.26530385017395
2006-12-01,2.2787606716156006
2006-12-04,2.3191323280334473
2006-12-05,2.3101611137390137
2006-12-06,2.296703577041626
2006-12-07,2.2877321243286133
2006-12-08,2.269789457321167
2006-12-11,2.2922186851501465
2006-12-12,2.283245801925659
2006-12-13,2.2877321243286133
2006-12-14,2.2877321243286133
2006-12-15,2.305675506591797
2006-12-18,2.3101611137390137
2006-12-19,2.3101611137390137
2006-12-20,2.3101611137390137
2006-12-21,2.3101611137390137
2006-12-22,2.3101611137390137
2006-12-27,2.3101611137390137
2006-12-28,2.3146469593048096
2006-12-29,2.3101611137390137
2007-01-02,2.323617458343506
2007-01-03,2.3415603637695312
2007-01-04,2.323617458343506
2007-01-05,2.33707594871521
2007-01-08,2.3460469245910645
2007-01-09,2.368475914001465
2007-01-10,2.355018138885498
2007-01-11,2.3774468898773193
2007-01-12,2.3595046997070312
2007-01-15,2.36398983001709
2007-01-16,2.3729610443115234
2007-01-17,2.3729610443115234
2007-01-18,2.368475914001465
2007-01-19,2.3864190578460693
2007-01-22,2.3774468898773193
2007-01-23,2.3909037113189697
2007-01-24,2.4043617248535156
2007-01-25,2.4223034381866455
2007-01-29,2.44921875
2007-01-30,2.44921875
2007-01-31,2.4716479778289795
2007-02-01,2.4806196689605713
2007-02-02,2.4806196689605713
2007-02-05,2.4671623706817627
2007-02-06,2.4806196689605713
2007-02-07,2.512019157409668
2007-02-08,2.5434200763702393
2007-02-09,2.6017348766326904
2007-02-12,2.556877374649048
2007-02-13,2.5882773399353027
2007-02-14,2.5564358234405518
2007-02-15,2.547337293624878
2007-02-16,2.5245931148529053
2007-02-19,2.5291430950164795
2007-02-20,2.4927515983581543
2007-02-21,2.4290688037872314
2007-02-22,2.5063986778259277
2007-02-23,2.501849889755249
2007-02-26,2.4745571613311768
2007-02-27,2.4836537837982178
2007-02-28,2.451812505722046
2007-03-01,2.4290688037872314
2007-03-02,2.388129472732544
2007-03-05,2.3562872409820557
2007-03-06,2.3744826316833496
2007-03-07,2.3790318965911865
2007-03-08,2.4108731746673584
2007-03-09,2.442715644836426
2007-03-12,2.442715644836426
2007-03-13,2.438166379928589
2007-03-14,2.4245195388793945
2007-03-15,2.4063239097595215
2007-03-16,2.4154212474823
2007-03-19,2.4063239097595215
2007-03-20,2.4290688037872314
2007-03-21,2.4154212474823
2007-03-22,2.433617115020752
2007-03-23,2.442715644836426
2007-03-26,2.4472639560699463
2007-03-27,2.438166379928589
2007-03-28,2.433617115020752
2007-03-29,2.4290688037872314
2007-03-30,2.4245195388793945
2007-04-02,2.433617115020752
2007-04-03,2.4472639560699463
2007-04-04,2.4836537837982178
2007-04-05,2.488203525543213
2007-04-10,2.5200448036193848
2007-04-11,2.547337293624878
2007-04-12,2.5245931148529053
2007-04-13,2.533691883087158
2007-04-16,2.533691883087158
2007-04-17,2.533691883087158
2007-04-18,2.5427896976470947
2007-04-19,2.538240432739258
2007-04-20,2.5154969692230225
2007-04-23,2.5063986778259277
2007-04-24,2.538240432739258
2007-04-26,2.547337293624878
2007-04-27,2.533691883087158
2007-04-30,2.551886558532715
2007-05-01,2.547337293624878
2007-05-02,2.538240432739258
2007-05-03,2.533691883087158
2007-05-04,2.551886558532715
2007-05-07,2.5427896976470947
2007-05-08,2.547337293624878
2007-05-09,2.551886558532715
2007-05-10,2.57463002204895
2007-05-11,2.5609846115112305
2007-05-14,2.57463002204895
2007-05-15,2.57463002204895
2007-05-16,2.583728313446045
2007-05-17,2.5882771015167236
2007-05-18,2.5882771015167236
2007-05-21,2.583728313446045
2007-05-22,2.5928268432617188
2007-05-23,2.597374677658081
2007-05-24,2.597374677658081
2007-05-25,2.5791797637939453
2007-05-28,2.570082187652588
2007-05-29,2.583728313446045
2007-05-30,2.583728313446045
2007-05-31,2.57463002204895
2007-06-01,2.5882771015167236
2007-06-04,2.5882771015167236
2007-06-05,2.597374677658081
2007-06-06,2.597374677658081
2007-06-07,2.597374677658081
2007-06-08,2.5928268432617188
2007-06-12,2.5882771015167236
2007-06-13,2.583728313446045
2007-06-14,2.5791797637939453
2007-06-15,2.583728313446045
2007-06-18,2.570082187652588
2007-06-19,2.5609846115112305
2007-06-20,2.565532922744751
2007-06-21,2.538240432739258
2007-06-22,2.551886558532715
2007-06-25,2.533691883087158
2007-06-26,2.538240432739258
2007-06-27,2.5427896976470947
2007-06-28,2.565532922744751
2007-06-29,2.565532922744751
2007-07-02,2.551886558532715
2007-07-03,2.5609846115112305
2007-07-04,2.5609846115112305
2007-07-05,2.57463002204895
2007-07-06,2.570082187652588
2007-07-09,2.57463002204895
2007-07-10,2.601923942565918
2007-07-11,2.620119094848633
2007-07-12,2.6292166709899902
2007-07-13,2.6519603729248047
2007-07-16,2.6565098762512207
2007-07-17,2.6747045516967773
2007-07-18,2.6747045516967773
2007-07-19,2.679253578186035
2007-07-20,2.7383878231048584
2007-07-23,2.733839273452759
2007-07-24,2.72929048538208
2007-07-25,2.742936372756958
2007-07-26,2.72929048538208
2007-07-27,2.715644598007202
2007-07-30,2.679253578186035
2007-07-31,2.715644598007202
2007-08-01,2.6737937927246094
2007-08-02,2.6923940181732178
2007-08-03,2.70634388923645
2007-08-06,2.6691439151763916
2007-08-07,2.6784439086914062
2007-08-08,2.710993766784668
2007-08-09,2.7295939922332764
2007-08-10,2.6970443725585938
2007-08-13,2.6877434253692627
2007-08-14,2.6784439086914062
2007-08-15,2.6319427490234375
2007-08-16,2.58079195022583
2007-08-17,2.562191963195801
2007-08-20,2.6226425170898438
2007-08-21,2.6133430004119873
2007-08-22,2.645893096923828
2007-08-23,2.6877434253692627
2007-08-24,2.6970443725585938
2007-08-27,2.720294952392578
2007-08-28,2.664492607116699
2007-08-29,2.6923940181732178
2007-08-30,2.70634388923645
2007-08-31,2.70634388923645
2007-09-03,2.7156450748443604
2007-09-04,2.70634388923645
2007-09-05,2.7016942501068115
2007-09-06,2.7156450748443604
2007-09-07,2.70634388923645
2007-09-10,2.710993766784668
2007-09-11,2.683093786239624
2007-09-12,2.6877434253692627
2007-09-13,2.710993766784668
2007-09-14,2.6970443725585938
2007-09-17,2.6784439086914062
2007-09-18,2.664492607116699
2007-09-19,2.6923940181732178
2007-09-20,2.6737937927246094
2007-09-21,2.6737937927246094
2007-09-24,2.683093786239624
2007-09-25,2.6970443725585938
2007-09-26,2.724944829940796
2007-09-27,2.7388947010040283
2007-09-28,2.743544816970825
2007-10-01,2.724944829940796
2007-10-02,2.7528445720672607
2007-10-03,2.7667949199676514
2007-10-04,2.7528445720672607
2007-10-05,2.790045976638794
2007-10-08,2.836545944213867
2007-10-09,2.915597915649414
2007-10-10,2.9295477867126465
2007-10-11,2.8644468784332275
2007-10-12,2.850496768951416
2007-10-15,2.8830459117889404
2007-10-16,2.841195583343506
2007-10-17,2.8597967624664307
2007-10-18,2.850496768951416
2007-10-19,2.841195583343506
2007-10-22,2.845846652984619
2007-10-23,2.8783962726593018
2007-10-24,2.8690969944000244
2007-10-25,2.8644468784332275
2007-10-26,2.8644468784332275
2007-10-29,2.8644468784332275
2007-10-30,2.8783962726593018
2007-10-31,2.8690969944000244
2007-11-01,2.892347574234009
2007-11-02,2.8597967624664307
2007-11-05,2.855146884918213
2007-11-06,2.855146884918213
2007-11-07,2.850496768951416
2007-11-08,2.836545944213867
2007-11-09,2.836545944213867
2007-11-12,2.8597967624664307
2007-11-13,2.780745029449463
2007-11-14,2.8690969944000244
2007-11-15,2.8690969944000244
2007-11-16,2.850496768951416
2007-11-19,2.841195583343506
2007-11-20,2.836545944213867
2007-11-21,2.845846652984619
2007-11-22,2.8225960731506348
2007-11-23,2.8225960731506348
2007-11-26,2.8597967624664307
2007-11-27,2.836545944213867
2007-11-28,2.850496768951416
2007-11-29,2.855146884918213
2007-11-30,2.855146884918213
2007-12-03,2.8644468784332275
2007-12-04,2.8597967624664307
2007-12-05,2.845846652984619
2007-12-06,2.845846652984619
2007-12-07,2.845846652984619
2007-12-10,2.845846652984619
2007-12-11,2.8597967624664307
2007-12-12,2.850496768951416
2007-12-13,2.850496768951416
2007-12-14,2.836545944213867
2007-12-17,2.7946949005126953
2007-12-18,2.7342443466186523
2007-12-19,2.841195583343506
2007-12-20,2.8272457122802734
2007-12-21,2.8690969944000244
2007-12-24,2.850496768951416
2007-12-27,2.845846652984619
2007-12-28,2.855146884918213
2007-12-31,2.855146884918213
2008-01-02,2.8644468784332275
2008-01-03,2.841195583343506
2008-01-04,2.845846652984619
2008-01-07,2.8225960731506348
2008-01-08,2.776095151901245
2008-01-09,2.743544816970825
2008-01-10,2.743544816970825
2008-01-11,2.720294952392578
2008-01-14,2.617992401123047
2008-01-15,2.6365933418273926
2008-01-16,2.617992401123047
2008-01-17,2.6040425300598145
2008-01-18,2.6040425300598145
2008-01-21,2.557542085647583
2008-01-22,2.3668885231018066
2008-01-23,2.538940906524658
2008-01-24,2.6133430004119873
2008-01-25,2.6923940181732178
2008-01-29,2.650543451309204
2008-01-30,2.6551926136016846
2008-01-31,2.6272926330566406
2008-02-01,2.650543451309204
2008-02-04,2.6877434253692627
2008-02-05,2.6641666889190674
2008-02-06,2.626444101333618
2008-02-07,2.607583522796631
2008-02-08,2.60286808013916
2008-02-11,2.5509989261627197
2008-02-12,2.5604300498962402
2008-02-13,2.4991297721862793
2008-02-14,2.5274226665496826
2008-02-15,2.536853313446045
2008-02-18,2.517991542816162
2008-02-19,2.522706985473633
2008-02-20,2.4519762992858887
2008-02-21,2.4708378314971924
2008-02-22,2.4566917419433594
2008-02-25,2.4001078605651855
2008-02-26,2.522706985473633
2008-02-27,2.480268955230713
2008-02-28,2.541567802429199
2008-02-29,2.517991542816162
2008-03-03,2.4614076614379883
2008-03-04,2.480268955230713
2008-03-05,2.4142539501190186
2008-03-06,2.3812472820281982
2008-03-07,2.310515880584717
2008-03-10,2.2397866249084473
2008-03-11,2.1690561771392822
2008-03-12,2.324662208557129
2008-03-13,2.2680788040161133
2008-03-14,2.3482394218444824
2008-03-17,2.1926331520080566
2008-03-18,2.1973483562469482
2008-03-19,2.2539329528808594
2008-03-20,2.2303555011749268
2008-03-25,2.324662208557129
2008-03-26,2.343524694442749
2008-03-27,2.305800437927246
2008-03-28,2.305800437927246
2008-03-31,2.315232276916504
2008-04-01,2.3576700687408447
2008-04-02,2.4566917419433594
2008-04-03,2.4614076614379883
2008-04-04,2.4849841594696045
2008-04-07,2.4755537509918213
2008-04-08,2.4755537509918213
2008-04-09,2.437830924987793
2008-04-10,2.4614076614379883
2008-04-11,2.4425456523895264
2008-04-14,2.4048237800598145
2008-04-15,2.3953936100006104
2008-04-16,2.4991297721862793
2008-04-17,2.4519762992858887
2008-04-18,2.4519762992858887
2008-04-21,2.541567802429199
2008-04-22,2.489699602127075
2008-04-23,2.5132758617401123
2008-04-24,2.532137393951416
2008-04-28,2.569859743118286
2008-04-29,2.612298011779785
2008-04-30,2.58400559425354
2008-05-01,2.58400559425354
2008-05-02,2.579291343688965
2008-05-05,2.60286808013916
2008-05-06,2.58400559425354
2008-05-07,2.569859743118286
2008-05-08,2.5604300498962402
2008-05-09,2.588721990585327
2008-05-12,2.617013454437256
2008-05-13,2.617013454437256
2008-05-14,2.640590190887451
2008-05-15,2.668882369995117
2008-05-16,2.7066054344177246
2008-05-19,2.673598051071167
2008-05-20,2.6971747875213623
2008-05-21,2.668882369995117
2008-05-22,2.659451484680176
2008-05-23,2.659451484680176
2008-05-26,2.612298011779785
2008-05-27,2.659451484680176
2008-05-28,2.593437433242798
2008-05-29,2.631160259246826
2008-05-30,2.640590190887451
2008-06-02,2.612298011779785
2008-06-03,2.58400559425354
2008-06-04,2.579291343688965
2008-06-05,2.5745749473571777
2008-06-06,2.546283006668091
2008-06-10,2.5132758617401123
2008-06-11,2.5651445388793945
2008-06-12,2.4755537509918213
2008-06-13,2.4944143295288086
2008-06-16,2.4755537509918213
2008-06-17,2.480268955230713
2008-06-18,2.4614076614379883
2008-06-19,2.4142539501190186
2008-06-20,2.4048237800598145
2008-06-23,2.3953936100006104
2008-06-24,2.3812472820281982
2008-06-25,2.3293778896331787
2008-06-26,2.4048237800598145
2008-06-27,2.3859620094299316
2008-06-30,2.3671000003814697
2008-07-01,2.3293778896331787
2008-07-02,2.3199479579925537
2008-07-03,2.2916555404663086
2008-07-04,2.272794246673584
2008-07-07,2.30108642578125
2008-07-08,2.286939859390259
2008-07-09,2.2633633613586426
2008-07-10,2.244501829147339
2008-07-11,2.216209888458252
2008-07-14,2.2114951610565186
2008-07-15,2.20206356048584
2008-07-16,2.1973483562469482
2008-07-17,2.2256410121917725
2008-07-18,2.2303555011749268
2008-07-21,2.2916555404663086
2008-07-22,2.2775092124938965
2008-07-23,2.371816396713257
2008-07-24,2.3953936100006104
2008-07-25,2.3199479579925537
2008-07-28,2.324662208557129
2008-07-29,2.310515880584717
2008-07-30,2.3482394218444824
2008-07-31,2.4048237800598145
2008-08-01,2.3812472820281982
2008-08-04,2.4001078605651855
2008-08-05,2.375913381576538
2008-08-06,2.4194629192352295
2008-08-07,2.4146246910095215
2008-08-08,2.4194629192352295
2008-08-11,2.4872090816497803
2008-08-12,2.535597562789917
2008-08-13,2.5114030838012695
2008-08-14,2.4823696613311768
2008-08-15,2.4146246910095215
2008-08-18,2.3807523250579834
2008-08-19,2.2742960453033447
2008-08-20,2.3033297061920166
2008-08-21,2.2984910011291504
2008-08-22,2.342041492462158
2008-08-25,2.3855910301208496
2008-08-26,2.371074676513672
2008-08-27,2.342041492462158
2008-08-28,2.375913381576538
2008-08-29,2.4291415214538574
2008-09-01,2.4194629192352295
2008-09-02,2.4581756591796875
2008-09-03,2.4484975337982178
2008-09-04,2.4581756591796875
2008-09-05,2.4484975337982178
2008-09-08,2.501725912094116
2008-09-09,2.4726924896240234
2008-09-10,2.4775304794311523
2008-09-11,2.4581756591796875
2008-09-12,2.550114870071411
2008-09-15,2.5065643787384033
2008-09-16,2.424302577972412
2008-09-17,2.424302577972412
2008-09-18,2.2839739322662354
2008-09-19,2.4436588287353516
2008-09-22,2.49688720703125
2008-09-23,2.438819169998169
2008-09-24,2.4097859859466553
2008-09-25,2.4097859859466553
2008-09-26,2.3952689170837402
2008-09-29,2.4291415214538574
2008-09-30,2.3517184257507324
2008-10-01,2.433980941772461
2008-10-02,2.424302577972412
2008-10-03,2.3855910301208496
2008-10-06,2.337202787399292
2008-10-07,2.371074676513672
2008-10-08,2.2984910011291504
2008-10-09,2.2259068489074707
2008-10-10,2.1291282176971436
2008-10-13,2.1630003452301025
2008-10-14,2.2888126373291016
2008-10-15,2.2549400329589844
2008-10-16,2.1388063430786133
2008-10-17,2.1097729206085205
2008-10-20,2.1146109104156494
2008-10-21,2.1968729496002197
2008-10-22,2.201712131500244
2008-10-23,2.1968729496002197
2008-10-24,2.153322696685791
2008-10-27,2.0807392597198486
2008-10-28,2.03718900680542
2008-10-29,2.0662224292755127
2008-10-30,2.1291282176971436
2008-10-31,2.1726787090301514
2008-11-03,2.2065510749816895
2008-11-04,2.2259068489074707
2008-11-05,2.2936513423919678
2008-11-06,2.2404236793518066
2008-11-07,2.2065510749816895
2008-11-10,2.182356595993042
2008-11-11,2.1291282176971436
2008-11-12,2.119450330734253
2008-11-13,2.1097729206085205
2008-11-14,2.1000943183898926
2008-11-17,2.0517048835754395
2008-11-18,2.0323498249053955
2008-11-19,1.993638038635254
2008-11-20,1.8145982027053833
2008-11-21,1.7662087678909302
2008-11-24,1.7226585149765015
2008-11-25,1.843631386756897
2008-11-26,1.843631386756897
2008-11-27,1.8194369077682495
2008-11-28,1.8387929201126099
2008-12-01,1.8387929201126099
2008-12-02,1.8000807762145996
2008-12-03,1.7855643033981323
2008-12-04,1.7904027700424194
2008-12-05,1.7758866548538208
2008-12-08,1.8387929201126099
2008-12-09,1.9113757610321045
2008-12-10,2.0033159255981445
2008-12-11,1.9500877857208252
2008-12-12,1.9113757610321045
2008-12-15,1.906537413597107
2008-12-16,1.906537413597107
2008-12-17,1.959765911102295
2008-12-18,1.9887992143630981
2008-12-19,1.959765911102295
2008-12-22,1.945249080657959
2008-12-23,1.8968595266342163
2008-12-24,1.8871817588806152
2008-12-29,1.9113757610321045
2008-12-30,1.8968595266342163
2008-12-31,1.9113757610321045
2009-01-02,1.8968595266342163
2009-01-05,1.940409779548645
2009-01-06,1.9694433212280273
2009-01-07,2.0129940509796143
2009-01-08,2.0033159255981445
2009-01-09,2.0178327560424805
2009-01-12,2.022671937942505
2009-01-13,1.9742828607559204
2009-01-14,2.0178327560424805
2009-01-15,1.959765911102295
2009-01-16,1.945249080657959
2009-01-19,1.9355711936950684
2009-01-20,1.9258931875228882
2009-01-21,1.9258931875228882
2009-01-22,1.9016987085342407
2009-01-23,1.877503752708435
2009-01-27,1.88234281539917
2009-01-28,1.8726648092269897
2009-01-29,1.9113757610321045
2009-01-30,1.9355711936950684
2009-02-02,1.9162156581878662
2009-02-03,1.959765911102295
2009-02-04,1.940409779548645
2009-02-05,1.9258931875228882
2009-02-06,1.9016987085342407
2009-02-09,1.9258931875228882
2009-02-10,1.8962641954421997
2009-02-11,1.9061397314071655
2009-02-12,1.9407079219818115
2009-02-13,1.9505839347839355
2009-02-16,1.9752748012542725
2009-02-17,1.9407079219818115
2009-02-18,1.9456456899642944
2009-02-19,1.8913261890411377
2009-02-20,1.9061397314071655
2009-02-23,1.9357693195343018
2009-02-24,1.886387825012207
2009-02-25,1.8715728521347046
2009-02-26,1.8518203496932983
2009-02-27,1.930830955505371
2009-03-02,1.8814493417739868
2009-03-03,1.8221913576126099
2009-03-04,1.7629327774047852
2009-03-05,1.8221913576126099
2009-03-06,1.7777472734451294
2009-03-09,1.7382417917251587
2009-03-10,1.7283655405044556
2009-03-11,1.7629327774047852
2009-03-12,1.7826848030090332
2009-03-13,1.8765113353729248
2009-03-16,1.920954704284668
2009-03-17,1.9160165786743164
2009-03-18,1.9950278997421265
2009-03-19,2.004903793334961
2009-03-20,2.0098419189453125
2009-03-23,2.0246565341949463
2009-03-24,2.118483066558838
2009-03-25,2.0937910079956055
2009-03-26,2.0839154720306396
2009-03-27,2.098729372024536
2009-03-30,2.078977346420288
2009-03-31,2.078977346420288
2009-04-01,2.0937910079956055
2009-04-02,2.118483066558838
2009-04-03,2.1728029251098633
2009-04-06,2.1925549507141113
2009-04-07,2.1234207153320312
2009-04-08,2.0839154720306396
2009-04-09,2.103667736053467
2009-04-14,2.1777405738830566
2009-04-15,2.1777405738830566
2009-04-16,2.197493076324463
2009-04-17,2.2221851348876953
2009-04-20,2.182678699493408
2009-04-21,2.1431736946105957
2009-04-22,2.1234207153320312
2009-04-23,2.103667736053467
2009-04-24,2.1234207153320312
2009-04-27,2.1431736946105957
2009-04-28,2.0740389823913574
2009-04-29,2.088853597640991
2009-04-30,2.0937910079956055
2009-05-01,2.0740389823913574
2009-05-04,2.103667736053467
2009-05-05,2.148111343383789
2009-05-06,2.162925958633423
2009-05-07,2.2616899013519287
2009-05-08,2.2024314403533936
2009-05-11,2.236999034881592
2009-05-12,2.2221851348876953
2009-05-13,2.2221851348876953
2009-05-14,2.1728029251098633
2009-05-15,2.1777405738830566
2009-05-18,2.1431736946105957
2009-05-19,2.182678699493408
2009-05-20,2.153049945831299
2009-05-21,2.138235330581665
2009-05-22,2.138235330581665
2009-05-25,2.1579878330230713
2009-05-26,2.148111343383789
2009-05-27,2.153049945831299
2009-05-28,2.1234207153320312
2009-05-29,2.1234207153320312
2009-06-01,2.1431736946105957
2009-06-02,2.182678699493408
2009-06-03,2.1876168251037598
2009-06-04,2.1777405738830566
2009-06-05,2.197493076324463
2009-06-09,2.197493076324463
2009-06-10,2.241936445236206
2009-06-11,2.2666282653808594
2009-06-12,2.2962570190429688
2009-06-15,2.2962570190429688
2009-06-16,2.256751537322998
2009-06-17,2.2221851348876953
2009-06-18,2.1925549507141113
2009-06-19,2.1777405738830566
2009-06-22,2.2271220684051514
2009-06-23,2.1728029251098633
2009-06-24,2.148111343383789
2009-06-25,2.162925958633423
2009-06-26,2.2024314403533936
2009-06-29,2.1728029251098633
2009-06-30,2.1579878330230713
2009-07-01,2.148111343383789
2009-07-02,2.1431736946105957
2009-07-03,2.1283583641052246
2009-07-06,2.1234207153320312
2009-07-07,2.118483066558838
2009-07-08,2.1234207153320312
2009-07-09,2.1283583641052246
2009-07-10,2.1431736946105957
2009-07-13,2.1431736946105957
2009-07-14,2.138235330581665
2009-07-15,2.1678638458251953
2009-07-16,2.1876168251037598
2009-07-17,2.1876168251037598
2009-07-20,2.232060670852661
2009-07-21,2.2666282653808594
2009-07-22,2.271566390991211
2009-07-23,2.2518136501312256
2009-07-24,2.2518136501312256
2009-07-27,2.291318893432617
2009-07-28,2.3357629776000977
2009-07-29,2.3604536056518555
2009-07-30,2.3851449489593506
2009-07-31,2.3999595642089844
2009-08-03,2.3999595642089844
2009-08-04,2.4345266819000244
2009-08-05,2.4690937995910645
2009-08-06,2.4542791843414307
2009-08-07,2.518475294113159
2009-08-10,2.5777342319488525
2009-08-11,2.527090549468994
2009-08-12,2.50683331489563
2009-08-13,2.4612550735473633
2009-08-14,2.4967055320739746
2009-08-17,2.5321547985076904
2009-08-18,2.4511263370513916
2009-08-19,2.4207403659820557
2009-08-20,2.440997362136841
2009-08-21,2.400482654571533
2009-08-24,2.4612550735473633
2009-08-25,2.476447343826294
2009-08-26,2.4865760803222656
2009-08-27,2.4713830947875977
2009-08-28,2.501769542694092
2009-08-31,2.4815115928649902
2009-09-01,2.4511263370513916
2009-09-02,2.4561901092529297
2009-09-03,2.476447343826294
2009-09-04,2.4865760803222656
2009-09-07,2.5118980407714844
2009-09-08,2.4967055320739746
2009-09-09,2.5118980407714844
2009-09-10,2.5473477840423584
2009-09-11,2.5321547985076904
2009-09-14,2.522026777267456
2009-09-15,2.491641044616699
2009-09-16,2.5169618129730225
2009-09-17,2.5524120330810547
2009-09-18,2.522026777267456
2009-09-21,2.522026777267456
2009-09-22,2.5169618129730225
2009-09-23,2.5524120330810547
2009-09-24,2.5524120330810547
2009-09-25,2.5473477840423584
2009-09-28,2.527090549468994
2009-09-29,2.5321547985076904
2009-09-30,2.5524120330810547
2009-10-01,2.537220001220703
2009-10-02,2.522026777267456
2009-10-05,2.522026777267456
2009-10-06,2.5321547985076904
2009-10-07,2.557476282119751
2009-10-08,2.572669744491577
2009-10-09,2.5524120330810547
2009-10-12,2.572669744491577
2009-10-13,2.5777342319488525
2009-10-14,2.5827975273132324
2009-10-15,2.618248462677002
2009-10-16,2.6435699462890625
2009-10-19,2.658762216567993
2009-10-20,2.653698682785034
2009-10-21,2.6790196895599365
2009-10-22,2.6790196895599365
2009-10-23,2.6638269424438477
2009-10-26,2.7094056606292725
2009-10-27,2.7094056606292725
2009-10-28,2.689148426055908
2009-10-29,2.623311758041382
2009-10-30,2.658762216567993
2009-11-02,2.5979912281036377
2009-11-03,2.6435699462890625
2009-11-04,2.6283767223358154
2009-11-05,2.618248462677002
2009-11-06,2.6435699462890625
2009-11-09,2.6486337184906006
2009-11-10,2.653698682785034
2009-11-11,2.6283767223358154
2009-11-12,2.658762216567993
2009-11-13,2.6435699462890625
2009-11-16,2.658762216567993
2009-11-17,2.638505458831787
2009-11-18,2.658762216567993
2009-11-19,2.668891191482544
2009-11-20,2.668891191482544
2009-11-23,2.6638269424438477
2009-11-24,2.653698682785034
2009-11-25,2.6486337184906006
2009-11-26,2.653698682785034
2009-11-27,2.6435699462890625
2009-11-30,2.6435699462890625
2009-12-01,2.6334409713745117
2009-12-02,2.6486337184906006
2009-12-03,2.6283767223358154
2009-12-04,2.603055715560913
2009-12-07,2.6081202030181885
2009-12-08,2.6334409713745117
2009-12-09,2.6081202030181885
2009-12-10,2.603055715560913
2009-12-11,2.618248462677002
2009-12-14,2.603055715560913
2009-12-15,2.5929267406463623
2009-12-16,2.618248462677002
2009-12-17,2.623311758041382
2009-12-18,2.6334409713745117
2009-12-21,2.6081202030181885
2009-12-22,2.6334409713745117
2009-12-23,2.623311758041382
2009-12-24,2.6081202030181885
2009-12-29,2.623311758041382
2009-12-30,2.623311758041382
2009-12-31,2.6334409713745117
2010-01-04,2.618248462677002
2010-01-05,2.658762216567993
2010-01-06,2.658762216567993
2010-01-07,2.6638269424438477
2010-01-08,2.7043416500091553
2010-01-11,2.7094056606292725
2010-01-12,2.7094056606292725
2010-01-13,2.719533681869507
2010-01-14,2.6942129135131836
2010-01-15,2.689148426055908
2010-01-18,2.734727144241333
2010-01-19,2.7144699096679688
2010-01-20,2.7094056606292725
2010-01-21,2.7144699096679688
2010-01-22,2.7144699096679688
2010-01-25,2.6942129135131836
2010-01-27,2.6638269424438477
2010-01-28,2.734727144241333
2010-01-29,2.6638269424438477
2010-02-01,2.638505458831787
2010-02-02,2.68408465385437
2010-02-03,2.658762216567993
2010-02-04,2.658762216567993
2010-02-05,2.5919079780578613
2010-02-08,2.6227636337280273
2010-02-09,2.5816216468811035
2010-02-10,2.6073358058929443
2010-02-11,2.597050428390503
2010-02-12,2.5919079780578613
2010-02-15,2.5764803886413574
2010-02-16,2.6021933555603027
2010-02-17,2.6227636337280273
2010-02-18,2.597050428390503
2010-02-19,2.5816216468811035
2010-02-22,2.5919079780578613
2010-02-23,2.5867652893066406
2010-02-24,2.5404815673828125
2010-02-25,2.5559091567993164
2010-02-26,2.5559091567993164
2010-03-01,2.561052083969116
2010-03-02,2.566194534301758
2010-03-03,2.5919079780578613
2010-03-04,2.597050428390503
2010-03-05,2.612478494644165
2010-03-08,2.617621421813965
2010-03-09,2.6227636337280273
2010-03-10,2.6073358058929443
2010-03-11,2.612478494644165
2010-03-12,2.6073358058929443
2010-03-15,2.5867652893066406
2010-03-16,2.6021933555603027
2010-03-17,2.6021933555603027
2010-03-18,2.5764803886413574
2010-03-19,2.597050428390503
2010-03-22,2.5764803886413574
2010-03-23,2.5919079780578613
2010-03-24,2.5713372230529785
2010-03-25,2.597050428390503
2010-03-26,2.5867652893066406
2010-03-29,2.5867652893066406
2010-03-30,2.5867652893066406
2010-03-31,2.5919079780578613
2010-04-01,2.5713372230529785
2010-04-06,2.5919079780578613
2010-04-07,2.612478494644165
2010-04-08,2.6279070377349854
2010-04-09,2.633049249649048
2010-04-12,2.6741902828216553
2010-04-13,2.663905143737793
2010-04-14,2.684476375579834
2010-04-15,2.684476375579834
2010-04-16,2.679333448410034
2010-04-19,2.648477792739868
2010-04-20,2.663905143737793
2010-04-21,2.663905143737793
2010-04-22,2.6741902828216553
2010-04-23,2.6741902828216553
2010-04-27,2.6741902828216553
2010-04-28,2.6227636337280273
2010-04-29,2.5816216468811035
2010-04-30,2.612478494644165
2010-05-03,2.5764803886413574
2010-05-04,2.6021933555603027
2010-05-05,2.530196189880371
2010-05-06,2.4890549182891846
2010-05-07,2.4684839248657227
2010-05-10,2.5250532627105713
2010-05-11,2.530196189880371
2010-05-12,2.545623540878296
2010-05-13,2.5199100971221924
2010-05-14,2.5199100971221924
2010-05-17,2.514767646789551
2010-05-18,2.509625196456909
2010-05-19,2.494197368621826
2010-05-20,2.4222002029418945
2010-05-21,2.391343593597412
2010-05-24,2.535338878631592
2010-05-25,2.442770481109619
2010-05-26,2.453057050704956
2010-05-27,2.447913885116577
2010-05-28,2.514767646789551
2010-05-31,2.4581990242004395
2010-06-01,2.478769063949585
2010-06-02,2.478769063949585
2010-06-03,2.494197368621826
2010-06-04,2.4581990242004395
2010-06-07,2.427342176437378
2010-06-08,2.432485818862915
2010-06-09,2.427342176437378
2010-06-10,2.4581990242004395
2010-06-11,2.478769063949585
2010-06-15,2.4581990242004395
2010-06-16,2.463341236114502
2010-06-17,2.4890549182891846
2010-06-18,2.4890549182891846
2010-06-21,2.4890549182891846
2010-06-22,2.4736268520355225
2010-06-23,2.4684839248657227
2010-06-24,2.432485818862915
2010-06-25,2.432485818862915
2010-06-28,2.4581990242004395
2010-06-29,2.4376275539398193
2010-06-30,2.432485818862915
2010-07-01,2.4376275539398193
2010-07-02,2.4376275539398193
2010-07-05,2.4016292095184326
2010-07-06,2.4684839248657227
2010-07-07,2.427342176437378
2010-07-08,2.442770481109619
2010-07-09,2.453057050704956
2010-07-12,2.442770481109619
2010-07-13,2.427342176437378
2010-07-14,2.4684839248657227
2010-07-15,2.4684839248657227
2010-07-16,2.463341236114502
2010-07-19,2.453057050704956
2010-07-20,2.447913885116577
2010-07-21,2.4684839248657227
2010-07-22,2.453057050704956
2010-07-23,2.4581990242004395
2010-07-26,2.463341236114502
2010-07-27,2.4890549182891846
2010-07-28,2.499340295791626
2010-07-29,2.509625196456909
2010-07-30,2.5199100971221924
2010-08-02,2.566194534301758
2010-08-03,2.6021933555603027
2010-08-04,2.5713372230529785
2010-08-05,2.6073358058929443
2010-08-06,2.597050428390503
2010-08-09,2.5919079780578613
2010-08-10,2.597050428390503
2010-08-11,2.566194534301758
2010-08-12,2.535338878631592
2010-08-13,2.519493818283081
2010-08-16,2.4930825233459473
2010-08-17,2.5036461353302
2010-08-18,2.5247747898101807
2010-08-19,2.561748504638672
2010-08-20,2.5459020137786865
2010-08-23,2.5247747898101807
2010-08-24,2.5036461353302
2010-08-25,2.450827121734619
2010-08-26,2.403289318084717
2010-08-27,2.429699420928955
2010-08-30,2.450827121734619
2010-08-31,2.440263271331787
2010-09-01,2.4719552993774414
2010-09-02,2.4825186729431152
2010-09-03,2.5036461353302
2010-09-06,2.5247747898101807
2010-09-07,2.4983651638031006
2010-09-08,2.4878017902374268
2010-09-09,2.4930825233459473
2010-09-10,2.4930825233459473
2010-09-13,2.4983651638031006
2010-09-14,2.4825186729431152
2010-09-15,2.4825186729431152
2010-09-16,2.4878017902374268
2010-09-17,2.4825186729431152
2010-09-20,2.4772369861602783
2010-09-21,2.4983651638031006
2010-09-22,2.4878017902374268
2010-09-23,2.4772369861602783
2010-09-24,2.4825186729431152
2010-09-27,2.4772369861602783
2010-09-28,2.4930825233459473
2010-09-29,2.5089287757873535
2010-09-30,2.5089287757873535
2010-10-01,2.4930825233459473
2010-10-04,2.514211416244507
2010-10-05,2.5089287757873535
2010-10-06,2.5247747898101807
2010-10-07,2.5406205654144287
2010-10-08,2.55118465423584
2010-10-11,2.55118465423584
2010-10-12,2.535338878631592
2010-10-13,2.5247747898101807
2010-10-14,2.5247747898101807
2010-10-15,2.514211416244507
2010-10-18,2.514211416244507
2010-10-19,2.5036461353302
2010-10-20,2.4930825233459473
2010-10-21,2.4772369861602783
2010-10-22,2.5036461353302
2010-10-25,2.5406205654144287
2010-10-26,2.514211416244507
2010-10-27,2.5406205654144287
2010-10-28,2.519493818283081
2010-10-29,2.5459020137786865
2010-11-01,2.55118465423584
2010-11-02,2.5723118782043457
2010-11-03,2.5564663410186768
2010-11-04,2.5881574153900146
2010-11-05,2.6356959342956543
2010-11-08,2.625131607055664
2010-11-09,2.614567756652832
2010-11-10,2.593440055847168
2010-11-11,2.604004383087158
2010-11-12,2.609286069869995
2010-11-15,2.577594041824341
2010-11-16,2.5723118782043457
2010-11-17,2.535338878631592
2010-11-18,2.5300567150115967
2010-11-19,2.567031145095825
2010-11-22,2.5459020137786865
2010-11-23,2.535338878631592
2010-11-24,2.519493818283081
2010-11-25,2.5247747898101807
2010-11-26,2.5300567150115967
2010-11-29,2.5459020137786865
2010-11-30,2.5564663410186768
2010-12-01,2.5406205654144287
2010-12-02,2.5564663410186768
2010-12-03,2.55118465423584
2010-12-06,2.5406205654144287
2010-12-07,2.5406205654144287
2010-12-08,2.5459020137786865
2010-12-09,2.5564663410186768
2010-12-10,2.567031145095825
2010-12-13,2.5564663410186768
2010-12-14,2.5459020137786865
2010-12-15,2.5723118782043457
2010-12-16,2.567031145095825
2010-12-17,2.561748504638672
2010-12-20,2.5459020137786865
2010-12-21,2.561748504638672
2010-12-22,2.5406205654144287
2010-12-23,2.561748504638672
2010-12-24,2.5987226963043213
2010-12-29,2.593440055847168
2010-12-30,2.614567756652832
2010-12-31,2.614567756652832
2011-01-04,2.6409778594970703
2011-01-05,2.614567756652832
2011-01-06,2.609286069869995
2011-01-07,2.5987226963043213
2011-01-10,2.614567756652832
2011-01-11,2.6356959342956543
2011-01-12,2.604004383087158
2011-01-13,2.614567756652832
2011-01-14,2.6462597846984863
2011-01-17,2.6356959342956543
2011-01-18,2.6409778594970703
2011-01-19,2.6409778594970703
2011-01-20,2.614567756652832
2011-01-21,2.614567756652832
2011-01-24,2.609286069869995
2011-01-25,2.593440055847168
2011-01-27,2.614567756652832
2011-01-28,2.6304140090942383
2011-01-31,2.614567756652832
2011-02-01,2.625131607055664
2011-02-02,2.604004383087158
2011-02-03,2.604004383087158
2011-02-04,2.604004383087158
2011-02-07,2.6201109886169434
2011-02-08,2.598634719848633
2011-02-09,2.6201109886169434
2011-02-10,2.6093733310699463
2011-02-11,2.5878968238830566
2011-02-14,2.598634719848633
2011-02-15,2.5825276374816895
2011-02-16,2.5878968238830566
2011-02-17,2.6093733310699463
2011-02-18,2.614741802215576
2011-02-21,2.5932657718658447
2011-02-22,2.5932657718658447
2011-02-23,2.5717902183532715
2011-02-24,2.5556821823120117
2011-02-25,2.561051845550537
2011-02-28,2.561051845550537
2011-03-01,2.5664210319519043
2011-03-02,2.5717902183532715
2011-03-03,2.5771594047546387
2011-03-04,2.5717902183532715
2011-03-07,2.5664210319519043
2011-03-08,2.5556821823120117
2011-03-09,2.5342061519622803
2011-03-10,2.5342061519622803
2011-03-11,2.561051845550537
2011-03-15,2.480515241622925
2011-03-16,2.485884189605713
2011-03-17,2.5073609352111816
2011-03-18,2.49125337600708
2011-03-21,2.49125337600708
2011-03-22,2.5019917488098145
2011-03-23,2.5180985927581787
2011-03-24,2.5664210319519043
2011-03-25,2.5717902183532715
2011-03-28,2.5932657718658447
2011-03-29,2.5771594047546387
2011-03-30,2.598634719848633
2011-03-31,2.561051845550537
2011-04-01,2.5932657718658447
2011-04-04,2.5825276374816895
2011-04-05,2.5717902183532715
2011-04-06,2.5771594047546387
2011-04-07,2.5825276374816895
2011-04-08,2.5771594047546387
2011-04-11,2.5878968238830566
2011-04-12,2.5825276374816895
2011-04-13,2.604004383087158
2011-04-14,2.5878968238830566
2011-04-15,2.5771594047546387
2011-04-18,2.5825276374816895
2011-04-19,2.5878968238830566
2011-04-20,2.5878968238830566
2011-04-21,2.5932657718658447
2011-04-27,2.5717902183532715
2011-04-28,2.5771594047546387
2011-04-29,2.5449440479278564
2011-05-02,2.5503129959106445
2011-05-03,2.5342061519622803
2011-05-04,2.5073609352111816
2011-05-05,2.4966225624084473
2011-05-06,2.5127296447753906
2011-05-09,2.5234673023223877
2011-05-10,2.5503129959106445
2011-05-11,2.5342061519622803
2011-05-12,2.5288376808166504
2011-05-13,2.4966225624084473
2011-05-16,2.49125337600708
2011-05-17,2.49125337600708
2011-05-18,2.480515241622925
2011-05-19,2.4966225624084473
2011-05-20,2.4966225624084473
2011-05-23,2.4644081592559814
2011-05-24,2.4321932792663574
2011-05-25,2.3946104049682617
2011-05-26,2.4375624656677246
2011-05-27,2.453669786453247
2011-05-30,2.453669786453247
2011-05-31,2.485884189605713
2011-06-01,2.4751458168029785
2011-06-02,2.459038496017456
2011-06-03,2.459038496017456
2011-06-06,2.416086435317993
2011-06-07,2.453669786453247
2011-06-08,2.3946104049682617
2011-06-09,2.383871555328369
2011-06-10,2.416086435317993
2011-06-14,2.3946104049682617
2011-06-15,2.3946104049682617
2011-06-16,2.3892405033111572
2011-06-17,2.373133420944214
2011-06-20,2.3462882041931152
2011-06-21,2.3409194946289062
2011-06-22,2.378502368927002
2011-06-23,2.3462882041931152
2011-06-24,2.297966241836548
2011-06-27,2.2711215019226074
2011-06-28,2.3194429874420166
2011-06-29,2.351656913757324
2011-06-30,2.373133420944214
2011-07-01,2.405348300933838
2011-07-04,2.405348300933838
2011-07-05,2.421455144882202
2011-07-06,2.4321932792663574
2011-07-07,2.4268243312835693
2011-07-08,2.49125337600708
2011-07-11,2.4697771072387695
2011-07-12,2.4375624656677246
2011-07-13,2.3999783992767334
2011-07-14,2.378502368927002
2011-07-15,2.3623950481414795
2011-07-18,2.3999783992767334
2011-07-19,2.378502368927002
2011-07-20,2.4268243312835693
2011-07-21,2.3999783992767334
2011-07-22,2.4375624656677246
2011-07-25,2.3946104049682617
2011-07-26,2.416086435317993
2011-07-27,2.453669786453247
2011-07-28,2.3946104049682617
2011-07-29,2.405348300933838
2011-08-02,2.416086435317993
2011-08-03,2.3570261001586914
2011-08-04,2.3409194946289062
2011-08-05,2.2711215019226074
2011-08-08,2.1959540843963623
2011-08-09,2.260383367538452
2011-08-10,2.2711215019226074
2011-08-11,2.2872283458709717
2011-08-12,2.303842544555664
2011-08-15,2.2983040809631348
2011-08-16,2.2706139087677
2011-08-17,2.331533432006836
2011-08-18,2.3204565048217773
2011-08-19,2.2595374584198
2011-08-22,2.3370702266693115
2011-08-23,2.3647618293762207
2011-08-24,2.3426096439361572
2011-08-25,2.370300054550171
2011-08-26,2.309380531311035
2011-08-29,2.3370702266693115
2011-08-30,2.348146915435791
2011-08-31,2.3426096439361572
2011-09-01,2.3259952068328857
2011-09-02,2.309380531311035
2011-09-05,2.2706139087677
2011-09-06,2.2318477630615234
2011-09-07,2.2429237365722656
2011-09-08,2.2429237365722656
2011-09-09,2.2595374584198
2011-09-12,2.254000186920166
2011-09-13,2.254000186920166
2011-09-14,2.2096946239471436
2011-09-15,2.1986186504364014
2011-09-16,2.226309061050415
2011-09-19,2.2484612464904785
2011-09-20,2.2373857498168945
2011-09-21,2.2706139087677
2011-09-22,2.2373857498168945
2011-09-23,2.215233087539673
2011-09-26,2.182004928588867
2011-09-27,2.170928716659546
2011-09-28,2.1598522663116455
2011-09-29,2.170928716659546
2011-09-30,2.148776054382324
2011-10-04,2.1376993656158447
2011-10-05,2.1930809020996094
2011-10-06,2.265075922012329
2011-10-07,2.2872283458709717
2011-10-10,2.2706139087677
2011-10-11,2.2872283458709717
2011-10-12,2.265075922012329
2011-10-13,2.2706139087677
2011-10-14,2.2429237365722656
2011-10-17,2.292766571044922
2011-10-18,2.2872283458709717
2011-10-19,2.2983040809631348
2011-10-20,2.2816905975341797
2011-10-21,2.2872283458709717
2011-10-24,2.2816905975341797
2011-10-25,2.2595374584198
2011-10-26,2.292766571044922
2011-10-27,2.3259952068328857
2011-10-28,2.303842544555664
2011-10-31,2.331533432006836
2011-11-02,2.2761521339416504
2011-11-03,2.2816905975341797
2011-11-04,2.2983040809631348
2011-11-07,2.2872283458709717
2011-11-08,2.2706139087677
2011-11-09,2.292766571044922
2011-11-10,2.2429237365722656
2011-11-11,2.2595374584198
2011-11-14,2.2816905975341797
2011-11-15,2.2761521339416504
2011-11-16,2.2761521339416504
2011-11-17,2.292766571044922
2011-11-18,2.2761521339416504
2011-11-21,2.2983040809631348
2011-11-22,2.292766571044922
2011-11-23,2.265075922012329
2011-11-24,2.2595374584198
2011-11-25,2.2429237365722656
2011-11-28,2.2761521339416504
2011-11-29,2.2595374584198
2011-11-30,2.2706139087677
2011-12-01,2.3259952068328857
2011-12-02,2.2983040809631348
2011-12-05,2.292766571044922
2011-12-06,2.292766571044922
2011-12-07,2.292766571044922
2011-12-08,2.2872283458709717
2011-12-09,2.2595374584198
2011-12-12,2.2706139087677
2011-12-13,2.2595374584198
2011-12-14,2.2373857498168945
2011-12-15,2.226309061050415
2011-12-16,2.2484612464904785
2011-12-19,2.2041568756103516
2011-12-20,2.1875429153442383
2011-12-21,2.215233087539673
2011-12-22,2.2484612464904785
2011-12-23,2.2373857498168945
2011-12-28,2.2373857498168945
2011-12-29,2.2373857498168945
2011-12-30,2.2318477630615234
2012-01-03,2.2706139087677
2012-01-04,2.2816905975341797
2012-01-05,2.292766571044922
2012-01-06,2.292766571044922
2012-01-09,2.2872283458709717
2012-01-10,2.2872283458709717
2012-01-11,2.2983040809631348
2012-01-12,2.292766571044922
2012-01-13,2.2983040809631348
2012-01-16,2.2872283458709717
2012-01-17,2.303842544555664
2012-01-18,2.3149192333221436
2012-01-19,2.309380531311035
2012-01-20,2.3259952068328857
2012-01-23,2.303842544555664
2012-01-24,2.3149192333221436
2012-01-25,2.3259952068328857
2012-01-27,2.3647618293762207
2012-01-30,2.3813750743865967
2012-01-31,2.386913537979126
2012-02-01,2.3924520015716553
2012-02-02,2.442294120788574
2012-02-03,2.3971712589263916
2012-02-06,2.4084525108337402
2012-02-07,2.4028122425079346
2012-02-08,2.4028122425079346
2012-02-09,2.3858911991119385
2012-02-10,2.3915305137634277
2012-02-13,2.374610424041748
2012-02-14,2.368969678878784
2012-02-15,2.363328695297241
2012-02-16,2.3407671451568604
2012-02-17,2.3407671451568604
2012-02-20,2.368969678878784
2012-02-21,2.368969678878784
2012-02-22,2.380249500274658
2012-02-23,2.374610424041748
2012-02-24,2.4028122425079346
2012-02-27,2.3858911991119385
2012-02-28,2.380249500274658
2012-02-29,2.368969678878784
2012-03-01,2.363328695297241
2012-03-02,2.335127115249634
2012-03-05,2.357689142227173
2012-03-06,2.3182055950164795
2012-03-07,2.306925058364868
2012-03-08,2.3238465785980225
2012-03-09,2.368969678878784
2012-03-12,2.357689142227173
2012-03-13,2.346407890319824
2012-03-14,2.346407890319824
2012-03-15,2.357689142227173
2012-03-16,2.357689142227173
2012-03-19,2.3407671451568604
2012-03-20,2.352047920227051
2012-03-21,2.3407671451568604
2012-03-22,2.357689142227173
2012-03-23,2.335127115249634
2012-03-26,2.368969678878784
2012-03-27,2.357689142227173
2012-03-28,2.380249500274658
2012-03-29,2.368969678878784
2012-03-30,2.380249500274658
2012-04-02,2.374610424041748
2012-04-03,2.3858911991119385
2012-04-04,2.380249500274658
2012-04-05,2.374610424041748
2012-04-10,2.357689142227173
2012-04-11,2.368969678878784
2012-04-12,2.374610424041748
2012-04-13,2.368969678878784
2012-04-16,2.363328695297241
2012-04-17,2.3915305137634277
2012-04-18,2.414093017578125
2012-04-19,2.4197328090667725
2012-04-20,2.414093017578125
2012-04-23,2.414093017578125
2012-04-24,2.425373077392578
2012-04-26,2.4084525108337402
2012-04-27,2.4197328090667725
2012-04-30,2.447934865951538
2012-05-01,2.447934865951538
2012-05-02,2.4592161178588867
2012-05-03,2.4592161178588867
2012-05-04,2.47049617767334
2012-05-07,2.447934865951538
2012-05-08,2.4422950744628906
2012-05-09,2.4197328090667725
2012-05-10,2.425373077392578
2012-05-11,2.4084525108337402
2012-05-14,2.4197328090667725
2012-05-15,2.3971712589263916
2012-05-16,2.3971712589263916
2012-05-17,2.3915305137634277
2012-05-18,2.363328695297241
2012-05-21,2.335127115249634
2012-05-22,2.363328695297241
2012-05-23,2.335127115249634
2012-05-24,2.3125650882720947
2012-05-25,2.306925058364868
2012-05-28,2.3125650882720947
2012-05-29,2.3182055950164795
2012-05-30,2.3238465785980225
2012-05-31,2.3012843132019043
2012-06-01,2.335127115249634
2012-06-04,2.2787230014801025
2012-06-05,2.3125650882720947
2012-06-06,2.335127115249634
2012-06-07,2.3182055950164795
2012-06-08,2.3238465785980225
2012-06-12,2.3238465785980225
2012-06-13,2.3125650882720947
2012-06-14,2.2956442832946777
2012-06-15,2.2956442832946777
2012-06-18,2.306925058364868
2012-06-19,2.306925058364868
2012-06-20,2.3238465785980225
2012-06-21,2.3182055950164795
2012-06-22,2.306925058364868
2012-06-25,2.3182055950164795
2012-06-26,2.2843635082244873
2012-06-27,2.3012843132019043
2012-06-28,2.3125650882720947
2012-06-29,2.346407890319824
2012-07-02,2.346407890319824
2012-07-03,2.346407890319824
2012-07-04,2.346407890319824
2012-07-05,2.3407671451568604
2012-07-06,2.346407890319824
2012-07-09,2.352047920227051
2012-07-10,2.357689142227173
2012-07-11,2.357689142227173
2012-07-12,2.357689142227173
2012-07-13,2.380249500274658
2012-07-16,2.3971712589263916
2012-07-17,2.4028122425079346
2012-07-18,2.3915305137634277
2012-07-19,2.436654567718506
2012-07-20,2.436654567718506
2012-07-23,2.47049617767334
2012-07-24,2.453575611114502
2012-07-25,2.431013584136963
2012-07-26,2.4761369228363037
2012-07-27,2.493058204650879
2012-07-30,2.5269010066986084
2012-07-31,2.5212600231170654
2012-08-01,2.532541036605835
2012-08-02,2.5438215732574463
2012-08-03,2.515620231628418
2012-08-06,2.572023630142212
2012-08-07,2.5438215732574463
2012-08-08,2.5607433319091797
2012-08-09,2.5607433319091797
2012-08-10,2.531709909439087
2012-08-13,2.537515878677368
2012-08-14,2.531709909439087
2012-08-15,2.5259029865264893
2012-08-16,2.5259029865264893
2012-08-17,2.531709909439087
2012-08-20,2.531709909439087
2012-08-21,2.537515878677368
2012-08-22,2.537515878677368
2012-08-23,2.554936170578003
2012-08-24,2.554936170578003
2012-08-27,2.531709909439087
2012-08-28,2.5259029865264893
2012-08-29,2.531709909439087
2012-08-30,2.5142900943756104
2012-08-31,2.5084826946258545
2012-09-03,2.531709909439087
2012-09-04,2.5200963020324707
2012-09-05,2.5142900943756104
2012-09-06,2.5259029865264893
2012-09-07,2.537515878677368
2012-09-10,2.5491294860839844
2012-09-11,2.537515878677368
2012-09-12,2.5665502548217773
2012-09-13,2.5607433319091797
2012-09-14,2.5839693546295166
2012-09-17,2.6013898849487305
2012-09-18,2.607196569442749
2012-09-19,2.5897762775421143
2012-09-20,2.6013898849487305
2012-09-21,2.5839693546295166
2012-09-24,2.5665502548217773
2012-09-25,2.554936170578003
2012-09-26,2.578162908554077
2012-09-27,2.6013898849487305
2012-09-28,2.578162908554077
2012-10-01,2.5723562240600586
2012-10-02,2.613003730773926
2012-10-03,2.618809700012207
2012-10-04,2.6362297534942627
2012-10-05,2.6652634143829346
2012-10-08,2.6536498069763184
2012-10-09,2.682682752609253
2012-10-10,2.671069383621216
2012-10-11,2.6536498069763184
2012-10-12,2.659456491470337
2012-10-15,2.6536498069763184
2012-10-16,2.647843360900879
2012-10-17,2.682682752609253
2012-10-18,2.72333025932312
2012-10-19,2.72333025932312
2012-10-22,2.740750551223755
2012-10-23,2.7639760971069336
2012-10-24,2.729135513305664
2012-10-25,2.7581703662872314
2012-10-26,2.7581703662872314
2012-10-29,2.7872045040130615
2012-10-30,2.740750551223755
2012-10-31,2.7349438667297363
2012-11-01,2.7523632049560547
2012-11-02,2.775590181350708
2012-11-05,2.798816680908203
2012-11-06,2.816236972808838
2012-11-07,2.8104302883148193
2012-11-08,2.7872045040130615
2012-11-09,2.7581703662872314
2012-11-12,2.7813971042633057
2012-11-13,2.7639760971069336
2012-11-14,2.746556043624878
2012-11-15,2.729135513305664
2012-11-16,2.729135513305664
2012-11-19,2.7175230979919434
2012-11-20,2.7523632049560547
2012-11-21,2.7175230979919434
2012-11-22,2.7581703662872314
2012-11-23,2.775590181350708
2012-11-26,2.775590181350708
2012-11-27,2.7581703662872314
2012-11-28,2.7581703662872314
2012-11-29,2.7581703662872314
2012-11-30,2.7581703662872314
2012-12-03,2.7872045040130615
2012-12-04,2.7930097579956055
2012-12-05,2.8046233654022217
2012-12-06,2.798816680908203
2012-12-07,2.816236972808838
2012-12-10,2.845270872116089
2012-12-11,2.868497133255005
2012-12-12,2.8743033409118652
2012-12-13,2.8801097869873047
2012-12-14,2.868497133255005
2012-12-17,2.8801097869873047
2012-12-18,2.9207570552825928
2012-12-19,2.9091429710388184
2012-12-20,2.8859169483184814
2012-12-21,2.8917236328125
2012-12-24,2.9091429710388184
2012-12-27,2.9497909545898438
2012-12-28,2.943983554840088
2012-12-31,2.9265637397766113
2013-01-02,2.9730160236358643
2013-01-03,3.0543107986450195
2013-01-04,2.990436315536499
2013-01-07,3.0252773761749268
2013-01-08,3.048503875732422
2013-01-09,3.0078561305999756
2013-01-10,3.0659239292144775
2013-01-11,3.048503875732422
2013-01-14,3.048503875732422
2013-01-15,3.042696237564087
2013-01-16,3.036890745162964
2013-01-17,3.0659239292144775
2013-01-18,3.0659239292144775
2013-01-21,3.0891504287719727
2013-01-22,3.083343029022217
2013-01-23,3.1181833744049072
2013-01-24,3.1007637977600098
2013-01-25,3.1297969818115234
2013-01-29,3.1414108276367188
2013-01-30,3.153024196624756
2013-01-31,3.1414108276367188
2013-02-01,3.147217273712158
2013-02-04,3.1646366119384766
2013-02-05,3.129277467727661
2013-02-06,3.1587445735931396
2013-02-07,3.194103479385376
2013-02-08,3.170530319213867
2013-02-11,3.182317018508911
2013-02-12,3.1646366119384766
2013-02-13,3.1764233112335205
2013-02-14,3.229462146759033
2013-02-15,3.199995756149292
2013-02-18,3.2353553771972656
2013-02-19,3.2353553771972656
2013-02-20,3.2471420764923096
2013-02-21,3.2471420764923096
2013-02-22,3.21767520904541
2013-02-25,3.2353553771972656
2013-02-26,3.1882100105285645
2013-02-27,3.2058894634246826
2013-02-28,3.2117819786071777
2013-03-01,3.1882100105285645
2013-03-04,3.1764233112335205
2013-03-05,3.170530319213867
2013-03-06,3.194103479385376
2013-03-07,3.2117819786071777
2013-03-08,3.21767520904541
2013-03-11,3.229462146759033
2013-03-12,3.229462146759033
2013-03-13,3.1587445735931396
2013-03-14,3.1646366119384766
2013-03-15,3.182317018508911
2013-03-18,3.1587445735931396
2013-03-19,3.141064405441284
2013-03-20,3.1646366119384766
2013-03-21,3.1587445735931396
2013-03-22,3.1528515815734863
2013-03-25,3.182317018508911
2013-03-26,3.194103479385376
2013-03-27,3.2117819786071777
2013-03-28,3.223568916320801
2013-04-02,3.2117819786071777
2013-04-03,3.2117819786071777
2013-04-04,3.199995756149292
2013-04-05,3.2353553771972656
2013-04-08,3.194103479385376
2013-04-09,3.199995756149292
2013-04-10,3.2117819786071777
2013-04-11,3.170530319213867
2013-04-12,3.1646366119384766
2013-04-15,3.1587445735931396
2013-04-16,3.1882100105285645
2013-04-17,3.1764233112335205
2013-04-18,3.1528515815734863
2013-04-19,3.182317018508911
2013-04-22,3.1587445735931396
2013-04-23,3.199995756149292
2013-04-24,3.223568916320801
2013-04-26,3.21767520904541
2013-04-29,3.2353553771972656
2013-04-30,3.2883951663970947
2013-05-01,3.3001797199249268
2013-05-02,3.3178601264953613
2013-05-03,3.2825019359588623
2013-05-06,3.3355398178100586
2013-05-07,3.2942872047424316
2013-05-08,3.3060736656188965
2013-05-09,3.3237533569335938
2013-05-10,3.3060736656188965
2013-05-13,3.3414337635040283
2013-05-14,3.3414337635040283
2013-05-15,3.3414337635040283
2013-05-16,3.3355398178100586
2013-05-17,3.370898723602295
2013-05-20,3.370898723602295
2013-05-21,3.370898723602295
2013-05-22,3.370898723602295
2013-05-23,3.3060736656188965
2013-05-24,3.241248369216919
2013-05-27,3.194103479385376
2013-05-28,3.223568916320801
2013-05-29,3.2825019359588623
2013-05-30,3.2353553771972656
2013-05-31,3.2058894634246826
2013-06-03,3.229462146759033
2013-06-04,3.2471420764923096
2013-06-05,3.223568916320801
2013-06-06,3.1646366119384766
2013-06-07,3.1351711750030518
2013-06-11,3.129277467727661
2013-06-12,3.093919038772583
2013-06-13,3.0232009887695312
2013-06-14,3.170530319213867
2013-06-17,3.1351711750030518
2013-06-18,3.146958112716675
2013-06-19,3.2117819786071777
2013-06-20,3.1882100105285645
2013-06-21,3.2589282989501953
2013-06-24,3.1882100105285645
2013-06-25,3.123385190963745
2013-06-26,3.1587445735931396
2013-06-27,3.129277467727661
2013-06-28,3.2058894634246826
2013-07-01,3.1528515815734863
2013-07-02,3.2117819786071777
2013-07-03,3.2648205757141113
2013-07-04,3.223568916320801
2013-07-05,3.223568916320801
2013-07-08,3.241248369216919
2013-07-09,3.2707154750823975
2013-07-10,3.329645872116089
2013-07-11,3.253035068511963
2013-07-12,3.2117819786071777
2013-07-15,3.223568916320801
2013-07-16,3.253035068511963
2013-07-17,3.2589282989501953
2013-07-18,3.2766082286834717
2013-07-19,3.2766082286834717
2013-07-22,3.2942872047424316
2013-07-23,3.311966896057129
2013-07-24,3.3355398178100586
2013-07-25,3.3237533569335938
2013-07-26,3.3237533569335938
2013-07-29,3.359111785888672
2013-07-30,3.359111785888672
2013-07-31,3.388578414916992
2013-08-01,3.388578414916992
2013-08-02,3.4416165351867676
2013-08-05,3.5123343467712402
2013-08-06,3.5476932525634766
2013-08-07,3.5476932525634766
2013-08-08,3.500549554824829
2013-08-09,3.488478422164917
2013-08-12,3.4945132732391357
2013-08-13,3.500549554824829
2013-08-14,3.452265739440918
2013-08-15,3.4401938915252686
2013-08-16,3.446230173110962
2013-08-19,3.4100167751312256
2013-08-20,3.403981924057007
2013-08-21,3.3919107913970947
2013-08-22,3.3919107913970947
2013-08-23,3.3919107913970947
2013-08-26,3.4160525798797607
2013-08-27,3.39794659614563
2013-08-28,3.403981924057007
2013-08-29,3.446230173110962
2013-08-30,3.434159517288208
2013-09-02,3.434159517288208
2013-09-03,3.446230173110962
2013-09-04,3.488478422164917
2013-09-05,3.4824421405792236
2013-09-06,3.500549554824829
2013-09-09,3.5065841674804688
2013-09-10,3.5427961349487305
2013-09-11,3.5427961349487305
2013-09-12,3.5790090560913086
2013-09-13,3.566938638687134
2013-09-16,3.566938638687134
2013-09-17,3.5246901512145996
2013-09-18,3.5246901512145996
2013-09-19,3.4945132732391357
2013-09-20,3.5126192569732666
2013-09-23,3.5065841674804688
2013-09-24,3.5126192569732666
2013-09-25,3.4824421405792236
2013-09-26,3.500549554824829
2013-09-27,3.530726194381714
2013-09-30,3.464336395263672
2013-10-01,3.464336395263672
2013-10-02,3.4583003520965576
2013-10-03,3.464336395263672
2013-10-04,3.4401938915252686
2013-10-07,3.4401938915252686
2013-10-08,3.4583003520965576
2013-10-09,3.4401938915252686
2013-10-10,3.464336395263672
2013-10-11,3.5126192569732666
2013-10-14,3.4945132732391357
2013-10-15,3.5126192569732666
2013-10-16,3.5246901512145996
2013-10-17,3.548832416534424
2013-10-18,3.5427961349487305
2013-10-21,3.5971148014068604
2013-10-22,3.5790090560913086
2013-10-23,3.5971148014068604
2013-10-24,3.6212573051452637
2013-10-25,3.627291679382324
2013-10-28,3.6393637657165527
2013-10-29,3.6212573051452637
2013-10-30,3.6333274841308594
2013-10-31,3.6152212619781494
2013-11-01,3.627291679382324
2013-11-04,3.6091856956481934
2013-11-05,3.6212573051452637
2013-11-06,3.6152212619781494
2013-11-07,3.6212573051452637
2013-11-08,3.6212573051452637
2013-11-11,3.6091856956481934
2013-11-12,3.603151321411133
2013-11-13,3.591078758239746
2013-11-14,3.6152212619781494
2013-11-15,3.591078758239746
2013-11-18,3.5790090560913086
2013-11-19,3.603151321411133
2013-11-20,3.591078758239746
2013-11-21,3.627291679382324
2013-11-22,3.603151321411133
2013-11-25,3.6333274841308594
2013-11-26,3.6453981399536133
2013-11-27,3.6091856956481934
2013-11-28,3.6333274841308594
2013-11-29,3.6152212619781494
2013-12-02,3.6091856956481934
2013-12-03,3.5971148014068604
2013-12-04,3.5971148014068604
2013-12-05,3.6091856956481934
2013-12-06,3.5790090560913086
2013-12-09,3.5790090560913086
2013-12-10,3.566938638687134
2013-12-11,3.591078758239746
2013-12-12,3.5729739665985107
2013-12-13,3.530726194381714
2013-12-16,3.530726194381714
2013-12-17,3.5548675060272217
2013-12-18,3.58504581451416
2013-12-19,3.627291679382324
2013-12-20,3.6635050773620605
2013-12-23,3.7117884159088135
2013-12-24,3.74196457862854
2013-12-27,3.7600719928741455
2013-12-30,3.748000383377075
2013-12-31,3.7540369033813477
2014-01-02,3.778177499771118
2014-01-03,3.7721426486968994
2014-01-06,3.7902486324310303
2014-01-07,3.7842137813568115
2014-01-08,3.778177499771118
2014-01-09,3.748000383377075
2014-01-10,3.7661073207855225
2014-01-13,3.7902486324310303
2014-01-14,3.7600719928741455
2014-01-15,3.7661073207855225
2014-01-16,3.74196457862854
2014-01-17,3.7721426486968994
2014-01-20,3.748000383377075
2014-01-21,3.7721426486968994
2014-01-22,3.7600719928741455
2014-01-23,3.748000383377075
2014-01-24,3.7298929691314697
2014-01-28,3.723860025405884
2014-01-29,3.6936819553375244
2014-01-30,3.6997182369232178
2014-01-31,3.681612014770508
2014-02-03,3.6936819553375244
2014-02-04,3.706035614013672
2014-02-05,3.6442689895629883
2014-02-06,3.706035614013672
2014-02-07,3.7245662212371826
2014-02-10,3.7245662212371826
2014-02-11,3.718388557434082
2014-02-12,3.7492728233337402
2014-02-13,3.780156135559082
2014-02-14,3.767803192138672
2014-02-17,3.755450963973999
2014-02-18,3.767803192138672
2014-02-19,3.7492728233337402
2014-02-20,3.736919641494751
2014-02-21,3.736919641494751
2014-02-24,3.7307426929473877
2014-02-25,3.7307426929473877
2014-02-26,3.736919641494751
2014-02-27,3.7430965900421143
2014-02-28,3.7430965900421143
2014-03-03,3.7307426929473877
2014-03-04,3.736919641494751
2014-03-05,3.736919641494751
2014-03-06,3.7492728233337402
2014-03-07,3.736919641494751
2014-03-10,3.712212085723877
2014-03-11,3.706035614013672
2014-03-12,3.706035614013672
2014-03-13,3.718388557434082
2014-03-14,3.706035614013672
2014-03-17,3.6936819553375244
2014-03-18,3.6998584270477295
2014-03-19,3.706035614013672
2014-03-20,3.6936819553375244
2014-03-21,3.706035614013672
2014-03-24,3.681328296661377
2014-03-25,3.6751508712768555
2014-03-26,3.706035614013672
2014-03-27,3.6998584270477295
2014-03-28,3.6936819553375244
2014-03-31,3.706035614013672
2014-04-01,3.6998584270477295
2014-04-02,3.706035614013672
2014-04-03,3.6998584270477295
2014-04-04,3.706035614013672
2014-04-07,3.706035614013672
2014-04-08,3.6875059604644775
2014-04-09,3.706035614013672
2014-04-10,3.6998584270477295
2014-04-11,3.6936819553375244
2014-04-14,3.6751508712768555
2014-04-15,3.6751508712768555
2014-04-16,3.681328296661377
2014-04-17,3.706035614013672
2014-04-22,3.681328296661377
2014-04-23,3.681328296661377
2014-04-24,3.681328296661377
2014-04-28,3.6875059604644775
2014-04-29,3.681328296661377
2014-04-30,3.681328296661377
2014-05-01,3.681328296661377
2014-05-02,3.681328296661377
2014-05-05,3.6751508712768555
2014-05-06,3.681328296661377
2014-05-07,3.6751508712768555
2014-05-08,3.638091564178467
2014-05-09,3.631915330886841
2014-05-12,3.631915330886841
2014-05-13,3.631915330886841
2014-05-14,3.6566224098205566
2014-05-15,3.6566224098205566
2014-05-16,3.6504454612731934
2014-05-19,3.631915330886841
2014-05-20,3.6627986431121826
2014-05-21,3.6442689895629883
2014-05-22,3.6627986431121826
2014-05-23,3.6627986431121826
2014-05-26,3.6689767837524414
2014-05-27,3.6689767837524414
2014-05-28,3.6566224098205566
2014-05-29,3.6936819553375244
2014-05-30,3.7245662212371826
2014-06-02,3.718388557434082
2014-06-03,3.706035614013672
2014-06-04,3.712212085723877
2014-06-05,3.712212085723877
2014-06-06,3.718388557434082
2014-06-10,3.712212085723877
2014-06-11,3.718388557434082
2014-06-12,3.7245662212371826
2014-06-13,3.712212085723877
2014-06-16,3.7245662212371826
2014-06-17,3.736919641494751
2014-06-18,3.755450963973999
2014-06-19,3.7492728233337402
2014-06-20,3.7430965900421143
2014-06-23,3.780156135559082
2014-06-24,3.755450963973999
2014-06-25,3.7492728233337402
2014-06-26,3.7616260051727295
2014-06-27,3.7863337993621826
2014-06-30,3.8172154426574707
2014-07-01,3.7492728233337402
2014-07-02,3.755450963973999
2014-07-03,3.767803192138672
2014-07-04,3.7863337993621826
2014-07-07,3.7616260051727295
2014-07-08,3.773980140686035
2014-07-09,3.7616260051727295
2014-07-10,3.773980140686035
2014-07-11,3.780156135559082
2014-07-14,3.7863337993621826
2014-07-15,3.7863337993621826
2014-07-16,3.7986865043640137
2014-07-17,3.8048627376556396
2014-07-18,3.8172154426574707
2014-07-21,3.7986865043640137
2014-07-22,3.8048627376556396
2014-07-23,3.841923713684082
2014-07-24,3.841923713684082
2014-07-25,3.829569101333618
2014-07-28,3.8110406398773193
2014-07-29,3.829569101333618
2014-07-30,3.8357460498809814
2014-07-31,3.8481009006500244
2014-08-01,3.829569101333618
2014-08-04,3.841923713684082
2014-08-05,3.829569101333618
2014-08-06,3.7986865043640137
2014-08-07,3.823392868041992
2014-08-08,3.8044345378875732
2014-08-11,3.8170740604400635
2014-08-12,3.836033344268799
2014-08-13,3.886590003967285
2014-08-14,3.873950719833374
2014-08-15,3.861311912536621
2014-08-18,3.873950719833374
2014-08-19,3.880270481109619
2014-08-20,3.886590003967285
2014-08-21,3.8929097652435303
2014-08-22,3.8929097652435303
2014-08-25,3.905548334121704
2014-08-26,3.886590003967285
2014-08-27,3.8992300033569336
2014-08-28,3.886590003967285
2014-08-29,3.873950719833374
2014-09-01,3.8486716747283936
2014-09-02,3.854991912841797
2014-09-03,3.8676304817199707
2014-09-04,3.873950719833374
2014-09-05,3.861311912536621
2014-09-08,3.880270481109619
2014-09-09,3.861311912536621
2014-09-10,3.8486716747283936
2014-09-11,3.8486716747283936
2014-09-12,3.854991912841797
2014-09-15,3.8170740604400635
2014-09-16,3.823392868041992
2014-09-17,3.854991912841797
2014-09-18,3.842352867126465
2014-09-19,3.829714059829712
2014-09-22,3.8107552528381348
2014-09-23,3.7981150150299072
2014-09-24,3.7917957305908203
2014-09-25,3.7981150150299072
2014-09-26,3.8044345378875732
2014-09-29,3.772836446762085
2014-09-30,3.7601964473724365
2014-10-01,3.7475576400756836
2014-10-02,3.7412381172180176
2014-10-03,3.7412381172180176
2014-10-06,3.722278356552124
2014-10-07,3.715959072113037
2014-10-08,3.69700026512146
2014-10-09,3.7349181175231934
2014-10-10,3.715959072113037
2014-10-13,3.69700026512146
2014-10-14,3.69700026512146
2014-10-15,3.7033207416534424
2014-10-16,3.6654019355773926
2014-10-17,3.6780407428741455
2014-10-20,3.6843607425689697
2014-10-21,3.7349181175231934
2014-10-22,3.7601964473724365
2014-10-23,3.7475576400756836
2014-10-24,3.7412381172180176
2014-10-27,3.7601964473724365
2014-10-28,3.7601964473724365
2014-10-29,3.753877878189087
2014-10-30,3.7475576400756836
2014-10-31,3.7665164470672607
2014-11-03,3.7917957305908203
2014-11-04,3.7917957305908203
2014-11-05,3.785475254058838
2014-11-06,3.823392868041992
2014-11-07,3.8676304817199707
2014-11-10,3.873950719833374
2014-11-11,3.842352867126465
2014-11-12,3.829714059829712
2014-11-13,3.842352867126465
2014-11-14,3.829714059829712
2014-11-17,3.829714059829712
2014-11-18,3.861311912536621
2014-11-19,3.8486716747283936
2014-11-20,3.7917957305908203
2014-11-21,3.7917957305908203
2014-11-24,3.7981150150299072
2014-11-25,3.8044345378875732
2014-11-26,3.8044345378875732
2014-11-27,3.8107552528381348
2014-11-28,3.8044345378875732
2014-12-01,3.77915620803833
2014-12-02,3.753877878189087
2014-12-03,3.7601964473724365
2014-12-04,3.7601964473724365
2014-12-05,3.772836446762085
2014-12-08,3.77915620803833
2014-12-09,3.77915620803833
2014-12-10,3.7917957305908203
2014-12-11,3.753877878189087
2014-12-12,3.7601964473724365
2014-12-15,3.728598117828369
2014-12-16,3.7349181175231934
2014-12-17,3.772836446762085
2014-12-18,3.7665164470672607
2014-12-19,3.7917957305908203
2014-12-22,3.7981150150299072
2014-12-23,3.8044345378875732
2014-12-24,3.8107552528381348
2014-12-29,3.854991912841797
2014-12-30,3.842352867126465
2014-12-31,3.823392868041992
2015-01-02,3.842352867126465
2015-01-05,3.854991912841797
2015-01-06,3.8486716747283936
2015-01-07,3.842352867126465
2015-01-08,3.836033344268799
2015-01-09,3.842352867126465
2015-01-12,3.842352867126465
2015-01-13,3.8170740604400635
2015-01-14,3.823392868041992
2015-01-15,3.8044345378875732
2015-01-16,3.8170740604400635
2015-01-19,3.8170740604400635
2015-01-20,3.8170740604400635
2015-01-21,3.829714059829712
2015-01-22,3.829714059829712
2015-01-23,3.854991912841797
2015-01-27,3.886590003967285
2015-01-28,3.886590003967285
2015-01-29,3.886590003967285
2015-01-30,3.880270481109619
2015-02-02,3.905548334121704
2015-02-03,3.9181876182556152
2015-02-04,3.943467140197754
2015-02-05,3.9242303371429443
2015-02-06,3.943467617034912
2015-02-09,3.9114060401916504
2015-02-10,3.917818784713745
2015-02-11,3.917818784713745
2015-02-12,3.943467617034912
2015-02-13,3.9498791694641113
2015-02-16,3.93064284324646
2015-02-17,3.937053918838501
2015-02-18,3.9498791694641113
2015-02-19,3.93064284324646
2015-02-20,3.93064284324646
2015-02-23,3.93064284324646
2015-02-24,3.937053918838501
2015-02-25,3.937053918838501
2015-02-26,3.9562907218933105
2015-02-27,3.9819400310516357
2015-03-02,3.9947636127471924
2015-03-03,3.9883525371551514
2015-03-04,3.962703227996826
2015-03-05,3.9691154956817627
2015-03-06,3.9691154956817627
2015-03-09,3.9819400310516357
2015-03-10,3.9498791694641113
2015-03-11,3.9498791694641113
2015-03-12,3.9498791694641113
2015-03-13,3.9114060401916504
2015-03-16,3.9049930572509766
2015-03-17,3.9691154956817627
2015-03-18,3.9883525371551514
2015-03-19,4.001176357269287
2015-03-20,3.9947636127471924
2015-03-23,4.026825428009033
2015-03-24,4.046061038970947
2015-03-25,4.033236980438232
2015-03-26,4.001176357269287
2015-03-27,4.039648532867432
2015-03-30,4.026825428009033
2015-03-31,4.001176357269287
2015-04-01,3.9947636127471924
2015-04-02,3.9883525371551514
2015-04-07,3.9883525371551514
2015-04-08,4.007587432861328
2015-04-09,4.001176357269287
2015-04-10,3.9883525371551514
2015-04-13,3.9819400310516357
2015-04-14,4.001176357269287
2015-04-15,3.9883525371551514
2015-04-16,3.9883525371551514
2015-04-17,3.9819400310516357
2015-04-20,4.001176357269287
2015-04-21,3.9947636127471924
2015-04-22,3.962703227996826
2015-04-23,3.9883525371551514
2015-04-24,4.007587432861328
2015-04-27,4.01400089263916
2015-04-28,4.026825428009033
2015-04-29,3.9883525371551514
2015-04-30,3.9883525371551514
2015-05-01,3.9883525371551514
2015-05-04,3.9819400310516357
2015-05-05,3.9691154956817627
2015-05-06,3.943467617034912
2015-05-07,3.9049930572509766
2015-05-08,3.937053918838501
2015-05-11,3.9498791694641113
2015-05-12,3.962703227996826
2015-05-13,3.9883525371551514
2015-05-14,3.9562907218933105
2015-05-15,3.9947636127471924
2015-05-18,3.962703227996826
2015-05-19,3.9947636127471924
2015-05-20,3.9883525371551514
2015-05-21,3.962703227996826
2015-05-22,3.9562907218933105
2015-05-25,3.97552752494812
2015-05-26,3.97552752494812
2015-05-27,3.9883525371551514
2015-05-28,3.9498791694641113
2015-05-29,3.962703227996826
2015-06-01,3.9691154956817627
2015-06-02,3.962703227996826
2015-06-03,3.962703227996826
2015-06-04,3.9883525371551514
2015-06-05,3.9562907218933105
2015-06-09,3.9498791694641113
2015-06-10,3.9883525371551514
2015-06-11,4.007587432861328
2015-06-12,3.9819400310516357
2015-06-15,3.962703227996826
2015-06-16,3.9819400310516357
2015-06-17,3.9947636127471924
2015-06-18,4.007587432861328
2015-06-19,3.9562907218933105
2015-06-22,3.943467617034912
2015-06-23,3.9498791694641113
2015-06-24,3.9562907218933105
2015-06-25,3.943467617034912
2015-06-26,3.962703227996826
2015-06-29,3.937053918838501
2015-06-30,3.9242303371429443
2015-07-01,3.9498791694641113
2015-07-02,3.9562907218933105
2015-07-03,3.9562907218933105
2015-07-06,3.937053918838501
2015-07-07,3.9498791694641113
2015-07-08,3.937053918838501
2015-07-09,3.937053918838501
2015-07-10,3.917818784713745
2015-07-13,3.9498791694641113
2015-07-14,3.9883525371551514
2015-07-15,4.007587432861328
2015-07-16,3.9883525371551514
2015-07-17,4.007587432861328
2015-07-20,4.039648532867432
2015-07-21,4.046061038970947
2015-07-22,4.05888557434082
2015-07-23,4.090946674346924
2015-07-24,4.039648532867432
2015-07-27,4.046061038970947
2015-07-28,4.039648532867432
2015-07-29,4.078122615814209
2015-07-30,4.071710109710693
2015-07-31,4.097357749938965
2015-08-03,4.1037702560424805
2015-08-04,4.116595268249512
2015-08-05,4.129418849945068
2015-08-06,4.065299034118652
2015-08-07,4.078411102294922
2015-08-10,4.03251314163208
2015-08-11,4.025955677032471
2015-08-12,4.025955677032471
2015-08-13,4.006286144256592
2015-08-14,4.065298557281494
2015-08-17,4.071855068206787
2015-08-18,4.025955677032471
2015-08-19,4.039071083068848
2015-08-20,3.980057954788208
2015-08-21,3.9735004901885986
2015-08-24,3.848918914794922
2015-08-25,3.9669439792633057
2015-08-26,3.9997286796569824
2015-08-27,3.980057954788208
2015-08-28,3.947272300720215
2015-08-31,3.8685898780822754
2015-09-01,3.82924747467041
2015-09-02,3.8685898780822754
2015-09-03,3.894817590713501
2015-09-04,3.77679443359375
2015-09-07,3.7833495140075684
2015-09-08,3.7899067401885986
2015-09-09,3.9013750553131104
2015-09-10,3.8620331287384033
2015-09-11,3.848918914794922
2015-09-14,3.8685898780822754
2015-09-15,3.822690725326538
2015-09-16,3.8554751873016357
2015-09-17,3.822690725326538
2015-09-18,3.8358049392700195
2015-09-21,3.848918914794922
2015-09-22,3.8030202388763428
2015-09-23,3.77679443359375
2015-09-24,3.7899067401885986
2015-09-25,3.757122039794922
2015-09-28,3.7702362537384033
2015-09-29,3.7505643367767334
2015-09-30,3.7374510765075684
2015-10-01,3.7440083026885986
2015-10-02,3.7046661376953125
2015-10-05,3.717780351638794
2015-10-06,3.724337100982666
2015-10-07,3.7440083026885986
2015-10-08,3.8030202388763428
2015-10-09,3.822690725326538
2015-10-12,3.822690725326538
2015-10-13,3.822690725326538
2015-10-14,3.8161349296569824
2015-10-15,3.8554751873016357
2015-10-16,3.822690725326538
2015-10-19,3.822690725326538
2015-10-20,3.8358049392700195
2015-10-21,3.82924747467041
2015-10-22,3.822690725326538
2015-10-23,3.822690725326538
2015-10-26,3.848918914794922
2015-10-27,3.8685898780822754
2015-10-28,3.8751466274261475
2015-10-29,3.8620331287384033
2015-10-30,3.822690725326538
2015-11-02,3.82924747467041
2015-11-03,3.8620331287384033
2015-11-04,3.8685898780822754
2015-11-05,3.9013750553131104
2015-11-06,3.8358049392700195
2015-11-09,3.822690725326538
2015-11-10,3.8161349296569824
2015-11-11,3.8161349296569824
2015-11-12,3.8095767498016357
2015-11-13,3.7505643367767334
2015-11-16,3.7702362537384033
2015-11-17,3.7440083026885986
2015-11-18,3.763678550720215
2015-11-19,3.7899067401885986
2015-11-20,3.7833495140075684
2015-11-23,3.79646372795105
2015-11-24,3.757122039794922
2015-11-25,3.7702362537384033
2015-11-26,3.7833495140075684
2015-11-27,3.7702362537384033
2015-11-30,3.763678550720215
2015-12-01,3.7702362537384033
2015-12-02,3.7440083026885986
2015-12-03,3.7702362537384033
2015-12-04,3.7505643367767334
2015-12-07,3.77679443359375
2015-12-08,3.8030202388763428
2015-12-09,3.79646372795105
2015-12-10,3.7505643367767334
2015-12-11,3.8030202388763428
2015-12-14,3.7899067401885986
2015-12-15,3.8161349296569824
2015-12-16,3.8030202388763428
2015-12-17,3.77679443359375
2015-12-18,3.82924747467041
2015-12-21,3.8358049392700195
2015-12-22,3.8095767498016357
2015-12-23,3.842362403869629
2015-12-24,3.848918914794922
2015-12-28,3.848918914794922
2015-12-29,3.881704330444336
2015-12-30,3.8882598876953125
2015-12-31,3.9013750553131104
2016-01-04,3.894817590713501
2016-01-05,3.8685898780822754
2016-01-06,3.8554751873016357
2016-01-07,3.9013750553131104
2016-01-08,3.8554751873016357
2016-01-11,3.7899067401885986
2016-01-12,3.7374510765075684
2016-01-13,3.717780351638794
2016-01-14,3.6718828678131104
2016-01-15,3.6063129901885986
2016-01-18,3.6325395107269287
2016-01-19,3.73089337348938
2016-01-20,3.6718828678131104
2016-01-21,3.73089337348938
2016-01-22,3.7374510765075684
2016-01-25,3.7505643367767334
2016-01-27,3.7505643367767334
2016-01-28,3.8030202388763428
2016-01-29,3.7899067401885986
2016-02-01,3.7440083026885986
2016-02-02,3.8030202388763428
2016-02-03,3.729628086090088
2016-02-04,3.7429723739624023
2016-02-05,3.6895968914031982
2016-02-08,3.676252841949463
2016-02-09,3.6428933143615723
2016-02-10,3.58951735496521
2016-02-11,3.676252841949463
2016-02-12,3.5961902141571045
2016-02-15,3.676252841949463
2016-02-16,3.669581174850464
2016-02-17,3.682924509048462
2016-02-18,3.7429723739624023
2016-02-19,3.7363007068634033
2016-02-22,3.7363007068634033
2016-02-23,3.7363007068634033
2016-02-24,3.682924509048462
2016-02-25,3.682924509048462
2016-02-26,3.676252841949463
2016-02-29,3.636221170425415
2016-03-01,3.6562373638153076
2016-03-02,3.676252841949463
2016-03-03,3.702941417694092
2016-03-04,3.756316900253296
2016-03-07,3.776331901550293
2016-03-08,3.7496445178985596
2016-03-09,3.7963485717773438
2016-03-10,3.769660472869873
2016-03-11,3.762988805770874
2016-03-14,3.769660472869873
2016-03-15,3.7496445178985596
2016-03-16,3.762988805770874
2016-03-17,3.776331901550293
2016-03-18,3.769660472869873
2016-03-21,3.762988805770874
2016-03-22,3.729628086090088
2016-03-23,3.7096121311187744
2016-03-24,3.669581174850464
2016-03-29,3.682924509048462
2016-03-30,3.682924509048462
2016-03-31,3.6895968914031982
2016-04-01,3.6562373638153076
2016-04-04,3.7096121311187744
2016-04-05,3.636221170425415
2016-04-06,3.7096121311187744
2016-04-07,3.7429723739624023
2016-04-08,3.682924509048462
2016-04-11,3.702941417694092
2016-04-12,3.7429723739624023
2016-04-13,3.7429723739624023
2016-04-14,3.7229561805725098
2016-04-15,3.6895968914031982
2016-04-18,3.669581174850464
2016-04-19,3.682924509048462
2016-04-20,3.6895968914031982
2016-04-21,3.71628475189209
2016-04-22,3.7096121311187744
2016-04-26,3.71628475189209
2016-04-27,3.7229561805725098
2016-04-28,3.71628475189209
2016-04-29,3.696268320083618
2016-05-02,3.7096121311187744
2016-05-03,3.729628086090088
2016-05-04,3.7429723739624023
2016-05-05,3.7429723739624023
2016-05-06,3.756316900253296
2016-05-09,3.7429723739624023
2016-05-10,3.762988805770874
2016-05-11,3.762988805770874
2016-05-12,3.762988805770874
2016-05-13,3.7363007068634033
2016-05-16,3.7429723739624023
2016-05-17,3.776331901550293
2016-05-18,3.7896761894226074
2016-05-19,3.762988805770874
2016-05-20,3.762988805770874
2016-05-23,3.7429723739624023
2016-05-24,3.756316900253296
2016-05-25,3.769660472869873
2016-05-26,3.769660472869873
2016-05-27,3.7830052375793457
2016-05-30,3.769660472869873
2016-05-31,3.762988805770874
2016-06-01,3.7363007068634033
2016-06-02,3.7363007068634033
2016-06-03,3.7496445178985596
2016-06-06,3.7496445178985596
2016-06-07,3.762988805770874
2016-06-08,3.7496445178985596
2016-06-09,3.756316900253296
2016-06-10,3.756316900253296
2016-06-14,3.669581174850464
2016-06-15,3.682924509048462
2016-06-16,3.6895968914031982
2016-06-17,3.682924509048462
2016-06-20,3.729628086090088
2016-06-21,3.6895968914031982
2016-06-22,3.6895968914031982
2016-06-23,3.6895968914031982
2016-06-24,3.669581174850464
2016-06-27,3.7096121311187744
2016-06-28,3.696268320083618
2016-06-29,3.756316900253296
2016-06-30,3.7429723739624023
2016-07-01,3.762988805770874
2016-07-04,3.756316900253296
2016-07-05,3.762988805770874
2016-07-06,3.762988805770874
2016-07-07,3.7429723739624023
2016-07-08,3.7363007068634033
2016-07-11,3.7896761894226074
2016-07-12,3.809692859649658
2016-07-13,3.816363573074341
2016-07-14,3.809692859649658
2016-07-15,3.809692859649658
2016-07-18,3.8030197620391846
2016-07-19,3.8030197620391846
2016-07-20,3.8497235774993896
2016-07-21,3.883084297180176
2016-07-22,3.863067865371704
2016-07-25,3.9031002521514893
2016-07-26,3.9164440631866455
2016-07-27,3.956475257873535
2016-07-28,3.9297873973846436
2016-07-29,3.949803590774536
2016-08-01,3.956475257873535
2016-08-02,3.9231162071228027
2016-08-03,3.889756202697754
2016-08-04,3.9231162071228027
2016-08-05,3.9297873973846436
2016-08-08,3.936459541320801
2016-08-09,3.9159576892852783
2016-08-10,3.902289390563965
2016-08-11,3.874952793121338
2016-08-12,3.9091219902038574
2016-08-15,3.902289390563965
2016-08-16,3.874952793121338
2016-08-17,3.874952793121338
2016-08-18,3.874952793121338
2016-08-19,3.874952793121338
2016-08-22,3.881786346435547
2016-08-23,3.881786346435547
2016-08-24,3.8954551219940186
2016-08-25,3.881786346435547
2016-08-26,3.874952793121338
2016-08-29,3.8886210918426514
2016-08-30,3.8612849712371826
2016-08-31,3.8612849712371826
2016-09-01,3.847615957260132
2016-09-02,3.8339481353759766
2016-09-05,3.8271141052246094
2016-09-06,3.847615957260132
2016-09-07,3.847615957260132
2016-09-08,3.847615957260132
2016-09-09,3.8339481353759766
2016-09-12,3.813445568084717
2016-09-13,3.8339481353759766
2016-09-14,3.806610584259033
2016-09-15,3.8202784061431885
2016-09-16,3.8202784061431885
2016-09-19,3.806610584259033
2016-09-20,3.799776554107666
2016-09-21,3.806610584259033
2016-09-22,3.8544509410858154
2016-09-23,3.847615957260132
2016-09-26,3.8544509410858154
2016-09-27,3.868119239807129
2016-09-28,3.881786346435547
2016-09-29,3.868119239807129
2016-09-30,3.8954551219940186
2016-10-03,3.881786346435547
2016-10-04,3.874952793121338
2016-10-05,3.8886210918426514
2016-10-06,3.8954551219940186
2016-10-07,3.8954551219940186
2016-10-10,3.9091219902038574
2016-10-11,3.9842991828918457
2016-10-12,4.0048017501831055
2016-10-13,3.9979660511016846
2016-10-14,3.970630168914795
2016-10-17,3.970630168914795
2016-10-18,3.9842991828918457
2016-10-19,3.9842991828918457
2016-10-20,3.970630168914795
2016-10-21,3.9637954235076904
2016-10-24,3.9569625854492188
2016-10-25,3.936460018157959
2016-10-26,3.8954551219940186
2016-10-27,3.8954551219940186
2016-10-28,3.874952793121338
2016-10-31,3.9159576892852783
2016-11-01,3.9637954235076904
2016-11-02,3.8886210918426514
2016-11-03,3.8954551219940186
2016-11-04,3.9091219902038574
2016-11-07,3.922791004180908
2016-11-08,3.936460018157959
2016-11-09,3.8612849712371826
2016-11-10,3.9569625854492188
2016-11-11,3.922791004180908
2016-11-14,3.9296247959136963
2016-11-15,3.9501278400421143
2016-11-16,3.9296247959136963
2016-11-17,3.9159576892852783
2016-11-18,3.9159576892852783
2016-11-21,3.922791004180908
2016-11-22,3.9296247959136963
2016-11-23,3.922791004180908
2016-11-24,3.9159576892852783
2016-11-25,3.922791004180908
2016-11-28,3.9091219902038574
2016-11-29,3.9159576892852783
2016-11-30,3.9296247959136963
2016-12-01,3.9296247959136963
2016-12-02,3.9159576892852783
2016-12-05,3.9091219902038574
2016-12-06,3.9296247959136963
2016-12-07,3.9296247959136963
2016-12-08,3.9159576892852783
2016-12-09,3.922791004180908
2016-12-12,3.9296247959136963
2016-12-13,3.9296247959136963
2016-12-14,3.936460018157959
2016-12-15,3.8886210918426514
2016-12-16,3.8954551219940186
2016-12-19,3.9159576892852783
2016-12-20,3.943293809890747
2016-12-21,3.936460018157959
2016-12-22,3.943293809890747
2016-12-23,3.943293809890747
2016-12-28,3.9569625854492188
2016-12-29,3.9637954235076904
2016-12-30,3.936460018157959
2017-01-03,3.9774649143218994
2017-01-04,4.0116353034973145
2017-01-05,3.9911327362060547
2017-01-06,4.025302410125732
2017-01-09,4.018469333648682
2017-01-10,4.0389723777771
2017-01-11,4.045805931091309
2017-01-12,4.0389723777771
2017-01-13,4.0389723777771
2017-01-16,4.045805931091309
2017-01-17,4.0389723777771
2017-01-18,4.0116353034973145
2017-01-19,4.018469333648682
2017-01-20,4.018469333648682
2017-01-23,3.9979660511016846
2017-01-24,4.0048017501831055
2017-01-25,4.032137393951416
2017-01-27,4.073142051696777
2017-01-30,4.045805931091309
2017-01-31,4.045805931091309
2017-02-01,4.059474468231201
2017-02-02,4.073142051696777
2017-02-03,4.086810111999512
2017-02-06,4.073142051696777
2017-02-07,4.052290439605713
2017-02-08,4.045339107513428
2017-02-09,4.052290439605713
2017-02-10,4.059240818023682
2017-02-13,4.066191673278809
2017-02-14,4.0731425285339355
2017-02-15,4.0800933837890625
2017-02-16,4.0870442390441895
2017-02-17,4.0731425285339355
2017-02-20,4.0731425285339355
2017-02-21,4.0731425285339355
2017-02-22,4.0800933837890625
2017-02-23,4.0800933837890625
2017-02-24,4.052290439605713
2017-02-27,4.038388252258301
2017-02-28,3.9897327423095703
2017-03-01,3.9619300365448
2017-03-02,3.9966840744018555
2017-03-03,3.968881368637085
2017-03-06,3.9619300365448
2017-03-07,3.9758315086364746
2017-03-08,3.968881368637085
2017-03-09,3.968881368637085
2017-03-10,3.9966840744018555
2017-03-13,3.9897327423095703
2017-03-14,3.9758315086364746
2017-03-15,3.9897327423095703
2017-03-16,3.9966840744018555
2017-03-17,3.9897327423095703
2017-03-20,3.9758315086364746
2017-03-21,4.003634452819824
2017-03-22,3.9619300365448
2017-03-23,3.9966840744018555
2017-03-24,3.982781410217285
2017-03-27,3.982781410217285
2017-03-28,3.9897327423095703
2017-03-29,4.010585784912109
2017-03-30,4.017536640167236
2017-03-31,4.003634452819824
2017-04-03,4.017536640167236
2017-04-04,4.045339107513428
2017-04-05,4.045339107513428
2017-04-06,4.03143835067749
2017-04-07,4.010585784912109
2017-04-10,4.024487018585205
2017-04-11,4.038388252258301
2017-04-12,4.052290439605713
2017-04-13,4.03143835067749
2017-04-18,4.003634452819824
2017-04-19,4.010585784912109
2017-04-20,4.010585784912109
2017-04-21,4.038388252258301
2017-04-24,4.024487018585205
2017-04-26,4.052290439605713
2017-04-27,4.038388252258301
2017-04-28,4.038388252258301
2017-05-01,4.052290439605713
2017-05-02,4.0731425285339355
2017-05-03,4.0731425285339355
2017-05-04,4.066191673278809
2017-05-05,4.059240818023682
2017-05-08,4.066191673278809
2017-05-09,4.066191673278809
2017-05-10,4.0800933837890625
2017-05-11,4.107896327972412
2017-05-12,4.093994140625
2017-05-15,4.066191673278809
2017-05-16,4.107896327972412
2017-05-17,4.0731425285339355
2017-05-18,4.03143835067749
2017-05-19,4.03143835067749
2017-05-22,4.024487018585205
2017-05-23,4.038388252258301
2017-05-24,4.024487018585205
2017-05-25,4.03143835067749
2017-05-26,4.017536640167236
2017-05-29,4.024487018585205
2017-05-30,4.003634452819824
2017-05-31,3.9966840744018555
2017-06-01,4.003634452819824
2017-06-02,4.024487018585205
2017-06-05,3.9966840744018555
2017-06-06,3.948029041290283
2017-06-07,3.954979658126831
2017-06-08,3.9341259002685547
2017-06-09,3.927175998687744
2017-06-13,3.9410791397094727
2017-06-14,3.982781410217285
2017-06-15,3.968881368637085
2017-06-16,3.9966840744018555
2017-06-19,4.010585784912109
2017-06-20,4.003634452819824
2017-06-21,4.010585784912109
2017-06-22,4.017536640167236
2017-06-23,4.010585784912109
2017-06-26,4.017536640167236
2017-06-27,4.010585784912109
2017-06-28,4.017536640167236
2017-06-29,4.059240818023682
2017-06-30,4.038388252258301
2017-07-03,4.059240818023682
2017-07-04,4.0731425285339355
2017-07-05,4.0800933837890625
2017-07-06,4.0731425285339355
2017-07-07,4.059240818023682
2017-07-10,4.0731425285339355
2017-07-11,4.0731425285339355
2017-07-12,4.0870442390441895
2017-07-13,4.135698318481445
2017-07-14,4.128749370574951
2017-07-17,4.142650127410889
2017-07-18,4.149600505828857
2017-07-19,4.149600505828857
2017-07-20,4.156551361083984
2017-07-21,4.205206871032715
2017-07-24,4.184354305267334
2017-07-25,4.19825553894043
2017-07-26,4.239960193634033
2017-07-27,4.253861427307129
2017-07-28,4.212156772613525
2017-07-31,4.246912002563477
2017-08-01,4.246912002563477
2017-08-02,4.260812759399414
2017-08-03,4.253861427307129
2017-08-04,4.2330098152160645
2017-08-07,4.239960193634033
2017-08-08,4.225732803344727
2017-08-09,4.218617916107178
2017-08-10,4.218617916107178
2017-08-11,4.197275638580322
2017-08-14,4.218617916107178
2017-08-15,4.232846260070801
2017-08-16,4.204390048980713
2017-08-17,4.197275638580322
2017-08-18,4.218617916107178
2017-08-21,4.197275638580322
2017-08-22,4.197275638580322
2017-08-23,4.183048248291016
2017-08-24,4.175933837890625
2017-08-25,4.175933837890625
2017-08-28,4.168820381164551
2017-08-29,4.16170597076416
2017-08-30,4.183048248291016
2017-08-31,4.175933837890625
2017-09-01,4.190162658691406
2017-09-04,4.197275638580322
2017-09-05,4.190162658691406
2017-09-06,4.183048248291016
2017-09-07,4.183048248291016
2017-09-08,4.16170597076416
2017-09-11,4.16170597076416
2017-09-12,4.175933837890625
2017-09-13,4.175933837890625
2017-09-14,4.154592990875244
2017-09-15,4.190162658691406
2017-09-18,4.16170597076416
2017-09-19,4.175933837890625
2017-09-20,4.183048248291016
2017-09-21,4.16170597076416
2017-09-22,4.183048248291016
2017-09-25,4.154592990875244
2017-09-26,4.1403632164001465
2017-09-27,4.119021892547607
2017-09-28,4.1474785804748535
2017-09-29,4.12613582611084
2017-10-02,4.154592990875244
2017-10-03,4.197275638580322
2017-10-04,4.190162658691406
2017-10-05,4.190162658691406
2017-10-06,4.204390048980713
2017-10-09,4.183048248291016
2017-10-10,4.175933837890625
2017-10-11,4.204390048980713
2017-10-12,4.225732803344727
2017-10-13,4.232846260070801
2017-10-16,4.204390048980713
2017-10-17,4.225732803344727
2017-10-18,4.218617916107178
2017-10-19,4.218617916107178
2017-10-20,4.225732803344727
2017-10-23,4.225732803344727
2017-10-24,4.225732803344727
2017-10-25,4.225732803344727
2017-10-26,4.225732803344727
2017-10-27,4.211503982543945
2017-10-30,4.204390048980713
2017-10-31,4.232846260070801
2017-11-01,4.218617916107178
2017-11-02,4.254188060760498
2017-11-03,4.254188060760498
2017-11-06,4.225732803344727
2017-11-07,4.225732803344727
2017-11-08,4.225732803344727
2017-11-09,4.254188060760498
2017-11-10,4.239960193634033
2017-11-13,4.2684173583984375
2017-11-14,4.254188060760498
2017-11-15,4.2684173583984375
2017-11-16,4.2684173583984375
2017-11-17,4.289759159088135
2017-11-20,4.275530815124512
2017-11-21,4.282644271850586
2017-11-22,4.289759159088135
2017-11-23,4.282644271850586
2017-11-24,4.282644271850586
2017-11-27,4.296872138977051
2017-11-28,4.303985595703125
2017-11-29,4.325329303741455
2017-11-30,4.282644271850586
2017-12-01,4.289759159088135
2017-12-04,4.296872138977051
2017-12-05,4.289759159088135
2017-12-06,4.325329303741455
2017-12-07,4.360898017883301
2017-12-08,4.325329303741455
2017-12-11,4.318215370178223
2017-12-12,4.332444190979004
2017-12-13,4.346670150756836
2017-12-14,4.375127792358398
2017-12-15,4.339556694030762
2017-12-18,4.353784561157227
2017-12-19,4.375127792358398
2017-12-20,4.3964691162109375
2017-12-21,4.40358304977417
2017-12-22,4.40358304977417
2017-12-27,4.3964691162109375
2017-12-28,4.43915319442749
2017-12-29,4.43915319442749
2018-01-02,4.43915319442749
2018-01-03,4.460495948791504
2018-01-04,4.481837272644043
2018-01-05,4.510293960571289
2018-01-08,4.524521350860596
2018-01-09,4.5174078941345215
2018-01-10,4.5174078941345215
2018-01-11,4.481837272644043
2018-01-12,4.496066093444824
2018-01-15,4.510293960571289
2018-01-16,4.510293960571289
2018-01-17,4.496066093444824
2018-01-18,4.488952159881592
2018-01-19,4.481837272644043
2018-01-22,4.5174078941345215
2018-01-23,4.5174078941345215
2018-01-24,4.524521350860596
2018-01-25,4.545863151550293
2018-01-29,4.545863151550293
2018-01-30,4.524521350860596
2018-01-31,4.488952159881592
2018-02-01,4.503179550170898
2018-02-02,4.496066093444824
2018-02-05,4.453381061553955
2018-02-06,4.375127792358398
2018-02-07,4.43915319442749
2018-02-08,4.446382522583008
2018-02-09,4.388545036315918
2018-02-12,4.374083518981934
2018-02-13,4.374083518981934
2018-02-14,4.374083518981934
2018-02-15,4.388545036315918
2018-02-16,4.410233974456787
2018-02-19,4.417463779449463
2018-02-20,4.4319233894348145
2018-02-21,4.417463779449463
2018-02-22,4.417463779449463
2018-02-23,4.410233974456787
2018-02-26,4.388545036315918
2018-02-27,4.410233974456787
2018-02-28,4.403004169464111
2018-03-01,4.374083518981934
2018-03-02,4.381314754486084
2018-03-05,4.403004169464111
2018-03-06,4.395773887634277
2018-03-07,4.403004169464111
2018-03-08,4.410233974456787
2018-03-09,4.395773887634277
2018-03-12,4.395773887634277
2018-03-13,4.410233974456787
2018-03-14,4.410233974456787
2018-03-15,4.417463779449463
2018-03-16,4.410233974456787
2018-03-19,4.403004169464111
2018-03-20,4.395773887634277
2018-03-21,4.374083518981934
2018-03-22,4.403004169464111
2018-03-23,4.381314754486084
2018-03-26,4.381314754486084
2018-03-27,4.410233974456787
2018-03-28,4.388545036315918
2018-03-29,4.366854190826416
2018-04-03,4.374083518981934
2018-04-04,4.352394104003906
2018-04-05,4.35962438583374
2018-04-06,4.35962438583374
2018-04-09,4.337934494018555
2018-04-10,4.352394104003906
2018-04-11,4.345164775848389
2018-04-12,4.337934494018555
2018-04-13,4.337934494018555
2018-04-16,4.3162455558776855
2018-04-17,4.337934494018555
2018-04-18,4.337934494018555
2018-04-19,4.330705165863037
2018-04-20,4.345164775848389
2018-04-23,4.337934494018555
2018-04-24,4.345164775848389
2018-04-26,4.35962438583374
2018-04-27,4.345164775848389
2018-04-30,4.337934494018555
2018-05-01,4.352394104003906
2018-05-02,4.35962438583374
2018-05-03,4.366854190826416
2018-05-04,4.345164775848389
2018-05-07,4.35962438583374
2018-05-08,4.35962438583374
2018-05-09,4.374083518981934
2018-05-10,4.374083518981934
2018-05-11,4.381314754486084
2018-05-14,4.410233974456787
2018-05-15,4.395773887634277
2018-05-16,4.381314754486084
2018-05-17,4.381314754486084
2018-05-18,4.374083518981934
2018-05-21,4.366854190826416
2018-05-22,4.352394104003906
2018-05-23,4.345164775848389
2018-05-24,4.337934494018555
2018-05-25,4.35962438583374
2018-05-28,4.345164775848389
2018-05-29,4.352394104003906
2018-05-30,4.366854190826416
2018-05-31,4.337934494018555
2018-06-01,4.345164775848389
2018-06-04,4.35962438583374
2018-06-05,4.345164775848389
2018-06-06,4.366854190826416
2018-06-07,4.352394104003906
2018-06-08,4.381314754486084
2018-06-12,4.366854190826416
2018-06-13,4.381314754486084
2018-06-14,4.388545036315918
2018-06-15,4.424693584442139
2018-06-18,4.4753031730651855
2018-06-19,4.446382522583008
2018-06-20,4.446382522583008
2018-06-21,4.460843563079834
2018-06-22,4.381314754486084
2018-06-25,4.417463779449463
2018-06-26,4.424693584442139
2018-06-27,4.453612804412842
2018-06-28,4.417463779449463
2018-06-29,4.453612804412842
2018-07-02,4.417463779449463
2018-07-03,4.4319233894348145
2018-07-04,4.460843563079834
2018-07-05,4.482532024383545
2018-07-06,4.489762783050537
2018-07-09,4.51868200302124
2018-07-10,4.496992111206055
2018-07-11,4.51868200302124
2018-07-12,4.504222393035889
2018-07-13,4.525912284851074
2018-07-16,4.562061786651611
2018-07-17,4.569292068481445
2018-07-18,4.547601699829102
2018-07-19,4.51868200302124
2018-07-20,4.525912284851074
2018-07-23,4.511452674865723
2018-07-24,4.533141613006592
2018-07-25,4.540372371673584
2018-07-26,4.562061786651611
2018-07-27,4.554831504821777
2018-07-30,4.554831504821777
2018-07-31,4.576520919799805
2018-08-01,4.583751678466797
2018-08-02,4.583751678466797
2018-08-03,4.605441093444824
2018-08-06,4.605441093444824
2018-08-07,4.562061786651611
2018-08-08,4.562061309814453
2018-08-09,4.562061309814453
2018-08-10,4.576848983764648
2018-08-13,4.584243297576904
2018-08-14,4.584243297576904
2018-08-15,4.576848983764648
2018-08-16,4.576848983764648
2018-08-17,4.576848983764648
2018-08-20,4.591636657714844
2018-08-21,4.606424808502197
2018-08-22,4.606424808502197
2018-08-23,4.621213436126709
2018-08-24,4.591636657714844
2018-08-27,4.599030494689941
2018-08-28,4.613819122314453
2018-08-29,4.599030494689941
2018-08-30,4.621213436126709
2018-08-31,4.613819122314453
2018-09-03,4.613819122314453
2018-09-04,4.591636657714844
2018-09-05,4.591636657714844
2018-09-06,4.591636657714844
2018-09-07,4.591636657714844
2018-09-10,4.591636657714844
2018-09-11,4.591636657714844
2018-09-12,4.591636657714844
2018-09-13,4.591636657714844
2018-09-14,4.591636657714844
2018-09-17,4.591636657714844
2018-09-18,4.591636657714844
2018-09-19,4.591636657714844
2018-09-20,4.591636657714844
2018-09-21,4.591636657714844
2018-09-24,4.591636657714844
2018-09-25,4.606424808502197
2018-09-26,4.599030494689941
2018-09-27,4.591636657714844
2018-09-28,4.613819122314453
2018-10-01,4.621213436126709
2018-10-02,4.599030494689941
2018-10-03,4.591636657714844
2018-10-04,4.591636657714844
2018-10-05,4.599030494689941
2018-10-08,4.613819122314453
2018-10-09,4.591636657714844
2018-10-10,4.613819122314453
2018-10-11,4.5103044509887695
2018-10-12,4.5103044509887695
2018-10-15,4.48812198638916
2018-10-16,4.495515823364258
2018-10-17,4.502910137176514
2018-10-18,4.502910137176514
2018-10-19,4.495515823364258
2018-10-22,4.4807281494140625
2018-10-23,4.465939521789551
2018-10-24,4.443759441375732
2018-10-25,4.414182662963867
2018-10-26,4.414182662963867
2018-10-29,4.473333835601807
2018-10-30,4.495515823364258
2018-10-31,4.4807281494140625
2018-11-01,4.5103044509887695
2018-11-02,4.5103044509887695
2018-11-05,4.4807281494140625
2018-11-06,4.4807281494140625
2018-11-07,4.525092124938965
2018-11-08,4.532485008239746
2018-11-09,4.5398783683776855
2018-11-12,4.532485008239746
2018-11-13,4.532485008239746
2018-11-14,4.473333835601807
2018-11-15,4.4807281494140625
2018-11-16,4.5103044509887695
2018-11-19,4.4585466384887695
2018-11-20,4.4511518478393555
2018-11-21,4.443759441375732
2018-11-22,4.465939521789551
2018-11-23,4.465939521789551
2018-11-26,4.4289703369140625
2018-11-27,4.4511518478393555
2018-11-28,4.4289703369140625
2018-11-29,4.43636417388916
2018-11-30,4.421576499938965
2018-12-03,4.443759441375732
2018-12-04,4.4289703369140625
2018-12-05,4.399394989013672
2018-12-06,4.369819641113281
2018-12-07,4.392001628875732
2018-12-10,4.34763765335083
2018-12-11,4.3254547119140625
2018-12-12,4.3550310134887695
2018-12-13,4.340242385864258
2018-12-14,4.332849502563477
2018-12-17,4.332849502563477
2018-12-18,4.340242385864258
2018-12-19,4.3254547119140625
2018-12-20,4.318061828613281
2018-12-21,4.3254547119140625
2018-12-24,4.310667514801025
2018-12-27,4.3550310134887695
2018-12-28,4.399394989013672
2018-12-31,4.43636417388916
2019-01-02,4.4807281494140625
2019-01-03,4.48812198638916
2019-01-04,4.465939521789551
2019-01-07,4.5103044509887695
2019-01-08,4.4511518478393555
2019-01-09,4.48812198638916
2019-01-10,4.4807281494140625
2019-01-11,4.5103044509887695
2019-01-14,4.48812198638916
2019-01-15,4.4511518478393555
2019-01-16,4.4585466384887695
2019-01-17,4.48812198638916
2019-01-18,4.525092124938965
2019-01-21,4.576848983764648
2019-01-22,4.599030494689941
2019-01-23,4.591636657714844
2019-01-24,4.650788307189941
2019-01-25,4.643394470214844
2019-01-29,4.650788307189941
2019-01-30,4.672970294952393
2019-01-31,4.680365085601807
2019-02-01,4.695152759552002
2019-02-04,4.672970294952393
2019-02-05,4.695152759552002
2019-02-06,4.717333793640137
2019-02-07,4.717333793640137
2019-02-08,4.656465530395508
2019-02-11,4.610813140869141
2019-02-12,4.603205680847168
2019-02-13,4.5955963134765625
2019-02-14,4.610813140869141
2019-02-15,4.603205680847168
2019-02-18,4.610813140869141
2019-02-19,4.580378532409668
2019-02-20,4.587988376617432
2019-02-21,4.603205680847168
2019-02-22,4.572770595550537
2019-02-25,4.580378532409668
2019-02-26,4.580378532409668
2019-02-27,4.572770595550537
2019-02-28,4.56516170501709
2019-03-01,4.580378532409668
2019-03-04,4.618422508239746
2019-03-05,4.580378532409668
2019-03-06,4.580378532409668
2019-03-07,4.580378532409668
2019-03-08,4.5955963134765625
2019-03-11,4.572770595550537
2019-03-12,4.56516170501709
2019-03-13,4.542336463928223
2019-03-14,4.542336463928223
2019-03-15,4.542336463928223
2019-03-18,4.542336463928223
2019-03-19,4.542336463928223
2019-03-20,4.542336463928223
2019-03-21,4.534728050231934
2019-03-22,4.534728050231934
2019-03-25,4.504292964935303
2019-03-26,4.504292964935303
2019-03-27,4.458641529083252
2019-03-28,4.466249942779541
2019-03-29,4.527119159698486
2019-04-01,4.504292964935303
2019-04-02,4.504292964935303
2019-04-03,4.504292964935303
2019-04-04,4.504292964935303
2019-04-05,4.504292964935303
2019-04-08,4.5195112228393555
2019-04-09,4.489076614379883
2019-04-10,4.466249942779541
2019-04-11,4.4738593101501465
2019-04-12,4.481467247009277
2019-04-15,4.4966840744018555
2019-04-16,4.489076614379883
2019-04-17,4.504292964935303
2019-04-18,4.511901378631592
2019-04-23,4.4966840744018555
2019-04-24,4.511901378631592
2019-04-26,4.511901378631592
2019-04-29,4.527119159698486
2019-04-30,4.5195112228393555
2019-05-01,4.5195112228393555
2019-05-02,4.557553291320801
2019-05-03,4.542336463928223
2019-05-06,4.527119159698486
2019-05-07,4.527119159698486
2019-05-08,4.511901378631592
2019-05-09,4.504292964935303
2019-05-10,4.504292964935303
2019-05-13,4.4738593101501465
2019-05-14,4.458641529083252
2019-05-15,4.489076614379883
2019-05-16,4.481467247009277
2019-05-17,4.534728050231934
2019-05-20,4.648857116699219
2019-05-21,4.664073944091797
2019-05-22,4.702116966247559
2019-05-23,4.679291248321533
2019-05-24,4.618422508239746
2019-05-27,4.618422508239746
2019-05-28,4.656465530395508
2019-05-29,4.603205680847168
2019-05-30,4.603205680847168
2019-05-31,4.633638858795166
2019-06-03,4.603205680847168
2019-06-04,4.610813140869141
2019-06-05,4.618422508239746
2019-06-06,4.633638858795166
2019-06-07,4.648857116699219
2019-06-11,4.664073944091797
2019-06-12,4.686899662017822
2019-06-13,4.679291248321533
2019-06-14,4.664073944091797
2019-06-17,4.709724426269531
2019-06-18,4.7173333168029785
2019-06-19,4.785810947418213
2019-06-20,4.778203010559082
2019-06-21,4.755377292633057
2019-06-24,4.755377292633057
2019-06-25,4.732550621032715
2019-06-26,4.732550621032715
2019-06-27,4.755377292633057
2019-06-28,4.755377292633057
2019-07-01,4.755377292633057
2019-07-02,4.747767925262451
2019-07-03,4.801028251647949
2019-07-04,4.8162455558776855
2019-07-05,4.8162455558776855
2019-07-08,4.79341983795166
2019-07-09,4.770594120025635
2019-07-10,4.785810947418213
2019-07-11,4.785810947418213
2019-07-12,4.778203010559082
2019-07-15,4.79341983795166
2019-07-16,4.831462860107422
2019-07-17,4.846680164337158
2019-07-18,4.831462860107422
2019-07-19,4.861897945404053
2019-07-22,4.861897945404053
2019-07-23,4.877115249633789
2019-07-24,4.877115249633789
2019-07-25,4.846680164337158
2019-07-26,4.892331600189209
2019-07-29,4.937983989715576
2019-07-30,4.930375576019287
2019-07-31,4.945591926574707
2019-08-01,4.9532012939453125
2019-08-02,4.930375576019287
2019-08-05,4.937983989715576
2019-08-06,4.813562393188477
2019-08-07,4.852444171905518
2019-08-08,4.852444171905518
2019-08-09,4.875772953033447
2019-08-12,4.860219955444336
2019-08-13,4.860219955444336
2019-08-14,4.891324996948242
2019-08-15,4.78245735168457
2019-08-16,4.759126663208008
2019-08-19,4.836890697479248
2019-08-20,4.8213372230529785
2019-08-21,4.8057861328125
2019-08-22,4.8057861328125
2019-08-23,4.8057861328125
2019-08-26,4.78245735168457
2019-08-27,4.78245735168457
2019-08-28,4.8057861328125
2019-08-29,4.78245735168457
2019-08-30,4.798009395599365
2019-09-02,4.78245735168457
2019-09-03,4.790232181549072
2019-09-04,4.813562393188477
2019-09-05,4.8057861328125
2019-09-06,4.891324996948242
2019-09-09,4.930207252502441
2019-09-10,4.883548736572266
2019-09-11,4.891324996948242
2019-09-12,4.891324996948242
2019-09-13,4.891324996948242
2019-09-16,4.922430038452148
2019-09-17,4.906878471374512
2019-09-18,4.906878471374512
2019-09-19,4.914654731750488
2019-09-20,4.883548736572266
2019-09-23,4.914654731750488
2019-09-24,4.953536510467529
2019-09-25,4.945758819580078
2019-09-26,4.976864814758301
2019-09-27,4.976864814758301
2019-09-30,4.961312770843506
2019-10-01,4.99241828918457
2019-10-02,5.007971286773682
2019-10-03,4.899102210998535
2019-10-04,4.906878471374512
2019-10-07,4.976864814758301
2019-10-08,4.937983989715576
2019-10-09,4.961312770843506
2019-10-10,4.945758819580078
2019-10-11,4.945758819580078
2019-10-14,4.953536510467529
2019-10-15,4.969088554382324
2019-10-16,4.976864814758301
2019-10-17,4.99241828918457
2019-10-18,4.984641075134277
2019-10-21,5.015746593475342
2019-10-22,5.046852111816406
2019-10-23,5.031299114227295
2019-10-24,5.039076328277588
2019-10-25,5.046852111816406
2019-10-28,5.023523330688477
2019-10-29,5.054628372192383
2019-10-30,5.109063148498535
2019-10-31,5.0857343673706055
2019-11-01,5.1246161460876465
2019-11-04,5.171274185180664
2019-11-05,5.210155010223389
2019-11-06,5.233485221862793
2019-11-07,5.233485221862793
2019-11-08,5.210155010223389
2019-11-11,5.256814956665039
2019-11-12,5.186826705932617
2019-11-13,5.210155010223389
2019-11-14,5.2490363121032715
2019-11-15,5.2490363121032715
2019-11-18,5.233485221862793
2019-11-19,5.2490363121032715
2019-11-20,5.256814956665039
2019-11-21,5.241261005401611
2019-11-22,5.202378749847412
2019-11-25,5.217932224273682
2019-11-26,5.326801776885986
2019-11-27,5.319024562835693
2019-11-28,5.396788120269775
2019-11-29,5.350130081176758
2019-12-02,5.3345770835876465
2019-12-03,5.319024562835693
2019-12-04,5.303471565246582
2019-12-05,5.365683555603027
2019-12-06,5.389011859893799
2019-12-09,5.357906341552734
2019-12-10,5.303471565246582
2019-12-11,5.350130081176758
2019-12-12,5.326801776885986
2019-12-13,5.357906341552734
2019-12-16,5.3812360763549805
2019-12-17,5.365683555603027
2019-12-18,5.420117378234863
2019-12-19,5.458998680114746
2019-12-20,5.458998680114746
2019-12-23,5.458998680114746
2019-12-24,5.466774940490723
2019-12-27,5.482328414916992
2019-12-30,5.560091018676758
2019-12-31,5.528985500335693
2020-01-02,5.575644493103027
2020-01-03,5.637855052947998
2020-01-06,5.6300787925720215
2020-01-07,5.676736831665039
2020-01-08,5.645632266998291
2020-01-09,5.637855052947998
2020-01-10,5.622302532196045
2020-01-13,5.637855052947998
2020-01-14,5.598972797393799
2020-01-15,5.637855052947998
2020-01-16,5.653407573699951
2020-01-17,5.653407573699951
2020-01-20,5.637855052947998
2020-01-21,5.598972797393799
2020-01-22,5.583420276641846
2020-01-23,5.567867755889893
2020-01-24,5.560091018676758
2020-01-28,5.474551200866699
2020-01-29,5.5523152351379395
2020-01-30,5.536762714385986
2020-01-31,5.513433933258057
2020-02-03,5.513433933258057
2020-02-04,5.536762714385986
2020-02-05,5.575644493103027
2020-02-06,5.6300787925720215
2020-02-07,5.598537445068359
2020-02-10,5.590651988983154
2020-02-11,5.582767486572266
2020-02-12,5.590651988983154
2020-02-13,5.614307880401611
2020-02-14,5.63007926940918
2020-02-17,5.590651988983154
2020-02-18,5.590651988983154
2020-02-19,5.598537445068359
2020-02-20,5.614307880401611
2020-02-21,5.645848274230957
2020-02-24,5.582767486572266
2020-02-25,5.448716640472412
2020-02-26,5.2831268310546875
2020-02-27,5.251586437225342
2020-02-28,5.015028953552246
2020-03-02,5.04656982421875
2020-03-03,5.3225531578063965
2020-03-04,5.204274654388428
2020-03-05,5.204274654388428
2020-03-06,5.109651565551758
2020-03-09,4.928289890289307
2020-03-10,4.983487129211426
2020-03-11,4.873093605041504
2020-03-12,4.691732406616211
2020-03-13,4.65230655670166
2020-03-16,4.597108840942383
2020-03-17,4.455174922943115
2020-03-18,4.352665901184082
2020-03-19,4.139763832092285
2020-03-20,4.1791911125183105
2020-03-23,3.895320415496826
2020-03-24,3.8006975650787354
2020-03-25,4.0136003494262695
2020-03-26,4.210731506347656
2020-03-27,4.305354118347168
2020-03-30,4.329009532928467
2020-03-31,4.455174922943115
2020-04-01,4.502485752105713
2020-04-02,4.470945835113525
2020-04-03,4.3763227462768555
2020-04-06,4.494600296020508
2020-04-07,4.534027099609375
2020-04-08,4.534027099609375
2020-04-09,4.502485752105713
2020-04-14,4.486716270446777
2020-04-15,4.470945835113525
2020-04-16,4.470945835113525
2020-04-17,4.510371685028076
2020-04-20,4.478830337524414
2020-04-21,4.455174922943115
2020-04-22,4.486716270446777
2020-04-23,4.502485752105713
2020-04-24,4.518255710601807
2020-04-27,4.510371685028076
2020-04-28,4.494600296020508
2020-04-29,4.549798488616943
2020-04-30,4.573453426361084
2020-05-01,4.573453426361084
2020-05-04,4.518255710601807
2020-05-05,4.526142597198486
2020-05-06,4.541913032531738
2020-05-07,4.502485752105713
2020-05-08,4.518255710601807
2020-05-11,4.549798488616943
2020-05-12,4.549798488616943
2020-05-13,4.518255710601807
2020-05-14,4.518255710601807
2020-05-15,4.534027099609375
2020-05-18,4.518255710601807
2020-05-19,4.541913032531738
2020-05-20,4.581338882446289
2020-05-21,4.549798488616943
2020-05-22,4.541913032531738
2020-05-25,4.541913032531738
2020-05-26,4.644421100616455
2020-05-27,4.731159210205078
2020-05-28,4.841552734375
2020-05-29,4.786355495452881
2020-06-01,4.802125930786133
2020-06-02,4.873093605041504
2020-06-03,4.888863563537598
2020-06-04,4.920405387878418
2020-06-05,4.904633522033691
2020-06-09,4.999258518218994
2020-06-10,4.975602149963379
2020-06-11,4.928289890289307
2020-06-12,4.778470039367676
2020-06-15,4.739043712615967
2020-06-16,4.802125930786133
2020-06-17,4.802125930786133
2020-06-18,4.825782775878906
2020-06-19,4.825782775878906
2020-06-22,4.825782775878906
2020-06-23,4.794240474700928
2020-06-24,4.817896842956543
2020-06-25,4.794240474700928
2020-06-26,4.849437713623047
2020-06-29,4.786355495452881
2020-06-30,4.802125930786133
2020-07-01,4.778470039367676
2020-07-02,4.810011863708496
2020-07-03,4.810011863708496
2020-07-06,4.802125930786133
2020-07-07,4.794240474700928
2020-07-08,4.794240474700928
2020-07-09,4.770585536956787
2020-07-10,4.786355495452881
2020-07-13,4.857323169708252
2020-07-14,4.825782775878906
2020-07-15,4.810011863708496
2020-07-16,4.802125930786133
2020-07-17,4.825782775878906
2020-07-20,4.810011863708496
2020-07-21,4.841552734375
2020-07-22,4.825782775878906
2020-07-23,4.849437713623047
2020-07-24,4.841552734375
2020-07-27,4.873093605041504
2020-07-28,4.920405387878418
2020-07-29,4.944060802459717
2020-07-30,4.991372108459473
2020-07-31,4.967716693878174
2020-08-03,4.920405387878418
2020-08-04,4.951946258544922
2020-08-05,5.007142543792725
2020-08-06,5.04656982421875
2020-08-07,5.030799388885498
2020-08-10,5.125421524047852
2020-08-11,5.0367751121521
2020-08-12,5.093186855316162
2020-08-13,5.1093034744262695
2020-08-14,5.044834613800049
2020-08-17,5.0609517097473145
2020-08-18,5.0609517097473145
2020-08-19,5.0609517097473145
2020-08-20,5.069009780883789
2020-08-21,5.0609517097473145
2020-08-24,5.093186855316162
2020-08-25,5.069009780883789
2020-08-26,5.093186855316162
2020-08-27,5.085128307342529
2020-08-28,5.069009780883789
2020-08-31,5.0609517097473145
2020-09-01,5.0609517097473145
2020-09-02,5.0609517097473145
2020-09-03,5.0367751121521
2020-09-04,5.0367751121521
2020-09-07,5.07706880569458
2020-09-08,5.1093034744262695
2020-09-09,5.101245403289795
2020-09-10,5.0609517097473145
2020-09-11,5.069009780883789
2020-09-14,5.101245403289795
2020-09-15,5.093186855316162
2020-09-16,5.149598598480225
2020-09-17,5.101245403289795
2020-09-18,5.07706880569458
2020-09-21,5.069009780883789
2020-09-22,5.020656585693359
2020-09-23,5.052893161773682
2020-09-24,5.069009780883789
2020-09-25,5.07706880569458
2020-09-28,5.069009780883789
2020-09-29,5.07706880569458
2020-09-30,5.085128307342529
2020-10-01,5.044834613800049
2020-10-02,5.0609517097473145
2020-10-05,5.093186855316162
2020-10-06,5.085128307342529
2020-10-07,5.117362976074219
2020-10-08,5.165715217590332
2020-10-09,5.157657623291016
2020-10-12,5.197951316833496
2020-10-13,5.2946577072143555
2020-10-14,5.286599159240723
2020-10-15,5.35106897354126
2020-10-16,5.471952438354492
2020-10-19,5.496128559112549
2020-10-20,5.480010986328125
2020-10-21,5.407480239868164
2020-10-22,5.35106897354126
2020-10-23,5.31883430480957
2020-10-26,5.278540134429932
2020-10-27,5.270481109619141
2020-10-28,5.238245487213135
2020-10-29,5.238245487213135
2020-10-30,5.246305465698242
2020-11-02,5.310775279998779
2020-11-03,5.423598766326904
2020-11-04,5.3671875
2020-11-05,5.439716339111328
2020-11-06,5.439716339111328
2020-11-09,5.399421215057373
2020-11-10,5.520305633544922
2020-11-11,5.560599327087402
2020-11-12,5.520305633544922
2020-11-13,5.560599327087402
2020-11-16,5.608952522277832
2020-11-17,5.689539909362793
2020-11-18,5.7862467765808105
2020-11-19,5.858776569366455
2020-11-20,5.891011714935303
2020-11-23,5.850718021392822
2020-11-24,5.8829522132873535
2020-11-25,5.842658042907715
2020-11-26,5.939364433288574
2020-11-27,5.866835117340088
2020-11-30,5.810423374176025
2020-12-01,5.745952606201172
2020-12-02,5.745952606201172
2020-12-03,5.826540946960449
2020-12-04,5.818483352661133
2020-12-07,5.818483352661133
2020-12-08,5.810423374176025
2020-12-09,5.818483352661133
2020-12-10,5.834599494934082
2020-12-11,5.810423374176025
2020-12-14,5.842658042907715
2020-12-15,5.842658042907715
2020-12-16,5.858776569366455
2020-12-17,5.826540946960449
2020-12-18,5.79430627822876
2020-12-21,5.770129680633545
2020-12-22,5.72983455657959
2020-12-23,5.79430627822876
2020-12-24,5.842658042907715
2020-12-29,5.850718021392822
2020-12-30,5.8829522132873535
2020-12-31,5.8829522132873535
2021-01-04,5.939364433288574
2021-01-05,6.028012275695801
2021-01-06,6.044129848480225
2021-01-07,6.076364517211914
2021-01-08,6.052188873291016
2021-01-11,6.044129848480225
2021-01-12,6.044129848480225
2021-01-13,6.068305492401123
2021-01-14,6.052188873291016
2021-01-15,6.019952297210693
2021-01-18,5.971599578857422
2021-01-19,6.060247898101807
2021-01-20,6.044129848480225
2021-01-21,6.060247898101807
2021-01-22,6.068305492401123
2021-01-25,6.0844244956970215
2021-01-27,6.044129848480225
2021-01-28,6.052188873291016
2021-01-29,6.060247898101807
2021-02-01,6.076364517211914
2021-02-02,6.0844244956970215
2021-02-03,6.092483043670654
2021-02-04,6.181129455566406
2021-02-05,6.173070430755615
2021-02-08,6.107748508453369
2021-02-09,6.034258842468262
2021-02-10,6.0750861167907715
2021-02-11,6.091416358947754
2021-02-12,6.042424201965332
2021-02-15,6.017927646636963
2021-02-16,6.001596927642822
2021-02-17,5.936273574829102
2021-02-18,5.879115104675293
2021-02-19,5.830122947692871
2021-02-22,5.756633281707764
2021-02-23,5.764799118041992
2021-02-24,5.80562686920166
2021-02-25,5.821958065032959
2021-02-26,5.789295673370361
2021-03-01,5.870949745178223
2021-03-02,6.001596927642822
2021-03-03,5.911777019500732
2021-03-04,5.9199419021606445
2021-03-05,5.84645414352417
2021-03-08,5.960769176483154
2021-03-09,5.903611660003662
2021-03-10,5.879115104675293
2021-03-11,5.993431568145752
2021-03-12,6.034258842468262
2021-03-15,5.960769176483154
2021-03-16,5.977100849151611
2021-03-17,5.977100849151611
2021-03-18,5.985265254974365
2021-03-19,5.977100849151611
2021-03-22,5.960769176483154
2021-03-23,6.009762763977051
2021-03-24,6.042424201965332
2021-03-25,6.034258842468262
2021-03-26,6.058754920959473
2021-03-29,6.042424201965332
2021-03-30,6.026093006134033
2021-03-31,6.058754920959473
2021-04-01,6.050589084625244
2021-04-06,6.099582195281982
2021-04-07,6.083251953125
2021-04-08,6.050589084625244
2021-04-09,6.058754920959473
2021-04-12,6.115913391113281
2021-04-13,6.050589084625244
2021-04-14,6.050589084625244
2021-04-15,6.050589084625244
2021-04-16,6.083251953125
2021-04-19,6.083251953125
2021-04-20,6.091416358947754
2021-04-21,6.115913391113281
2021-04-22,6.091416358947754
2021-04-23,6.124078750610352
2021-04-26,6.107748508453369
2021-04-27,6.115913391113281
2021-04-28,6.099582195281982
2021-04-29,6.107748508453369
2021-04-30,6.107748508453369
2021-05-03,6.083251953125
2021-05-04,6.107748508453369
2021-05-05,6.0750861167907715
2021-05-06,6.124078750610352
2021-05-07,6.107748508453369
2021-05-10,6.124078750610352
2021-05-11,6.066920280456543
2021-05-12,6.083251953125
2021-05-13,6.083251953125
2021-05-14,6.091416358947754
2021-05-17,6.1485748291015625
2021-05-18,6.156739711761475
2021-05-19,6.132244110107422
2021-05-20,6.14040994644165
2021-05-21,6.132244110107422
2021-05-24,6.107748508453369
2021-05-25,6.099582195281982
2021-05-26,6.132244110107422
2021-05-27,6.132244110107422
2021-05-28,6.124078750610352
2021-05-31,6.156739711761475
2021-06-01,6.173070907592773
2021-06-02,6.164906024932861
2021-06-03,6.1485748291015625
2021-06-04,6.246560573577881
2021-06-07,6.197566509246826
2021-06-08,6.230229377746582
2021-06-09,6.271056175231934
2021-06-10,6.3527116775512695
2021-06-11,6.36087703704834
2021-06-15,6.246560573577881
2021-06-16,6.222064018249512
2021-06-17,6.246560573577881
2021-06-18,6.303717613220215
2021-06-21,6.254725456237793
2021-06-22,6.287386894226074
2021-06-23,6.295552730560303
2021-06-24,6.262890338897705
2021-06-25,6.295552730560303
2021-06-28,6.3363800048828125
2021-06-29,6.369041442871094
2021-06-30,6.385373115539551
2021-07-01,6.344545364379883
2021-07-02,6.344545364379883
2021-07-05,6.377206802368164
2021-07-06,6.385373115539551
2021-07-07,6.442530155181885
2021-07-08,6.4098687171936035
2021-07-09,6.377206802368164
2021-07-12,6.4098687171936035
2021-07-13,6.467027187347412
2021-07-14,6.51602029800415
2021-07-15,6.565012454986572
2021-07-16,6.581343173980713
2021-07-19,6.5568461418151855
2021-07-20,6.548681735992432
2021-07-21,6.548681735992432
2021-07-22,6.573177814483643
2021-07-23,6.589508056640625
2021-07-26,6.64666748046875
2021-07-27,6.703824996948242
2021-07-28,6.728320598602295
2021-07-29,6.809975624084473
2021-07-30,6.875298500061035
2021-08-02,6.875298500061035
2021-08-03,7.005946636199951
2021-08-04,7.0467729568481445
2021-08-05,6.973283767700195
2021-08-06,6.9896159172058105
2021-08-09,7.005946636199951
2021-08-10,6.973283767700195
2021-08-11,7.014791965484619
2021-08-12,6.956681251525879
2021-08-13,6.948379039764404
2021-08-16,6.906871795654297
2021-08-17,6.906871795654297
2021-08-18,6.973282337188721
2021-08-19,6.973282337188721
2021-08-20,6.981585502624512
2021-08-23,6.948379039764404
2021-08-24,6.981585502624512
2021-08-25,7.014791965484619
2021-08-26,6.9400763511657715
2021-08-27,6.973282337188721
2021-08-30,6.964982509613037
2021-08-31,6.964982509613037
2021-09-01,6.973282337188721
2021-09-02,6.989887714385986
2021-09-03,7.0064897537231445
2021-09-06,7.047997951507568
2021-09-07,7.056298732757568
2021-09-08,7.106109142303467
2021-09-09,7.106109142303467
2021-09-10,7.1310133934021
2021-09-13,7.023092269897461
2021-09-14,7.023092269897461
2021-09-15,7.031395435333252
2021-09-16,7.064600944519043
2021-09-17,7.014791965484619
2021-09-20,6.964982509613037
2021-09-21,6.890268802642822
2021-09-22,6.923474311828613
2021-09-23,7.014791965484619
2021-09-24,6.973282337188721
2021-09-27,7.039695739746094
2021-09-28,6.9400763511657715
2021-09-29,6.923474311828613
2021-09-30,6.981585502624512
2021-10-01,6.9400763511657715
2021-10-04,6.931776523590088
2021-10-05,6.857062816619873
2021-10-06,6.890268802642822
2021-10-07,6.923474311828613
2021-10-08,6.890268802642822
2021-10-11,6.8653645515441895
2021-10-12,6.848760604858398
2021-10-13,6.724238395690918
2021-10-14,6.765746116638184
2021-10-15,6.807253360748291
2021-10-18,6.790650367736816
2021-10-19,6.707635402679443
2021-10-20,6.774047374725342
2021-10-21,6.790650367736816
2021-10-22,6.790650367736816
2021-10-25,6.807253360748291
2021-10-26,6.873666286468506
2021-10-27,6.848760604858398
2021-10-28,6.84045934677124
2021-10-29,6.807253360748291
2021-11-01,6.774047374725342
2021-11-02,6.790650367736816
2021-11-03,6.848760604858398
2021-11-04,6.848760604858398
2021-11-05,6.848760604858398
2021-11-08,6.857062816619873
2021-11-09,6.848760604858398
2021-11-10,6.807253360748291
2021-11-11,6.765746116638184
2021-11-12,6.807253360748291
2021-11-15,6.790650367736816
2021-11-16,6.765746116638184
2021-11-17,6.765746116638184
2021-11-18,6.798951625823975
2021-11-19,6.807253360748291
2021-11-22,6.807253360748291
2021-11-23,6.782349109649658
2021-11-24,6.815555095672607
2021-11-25,6.807253360748291
2021-11-26,6.782349109649658
2021-11-29,6.740841388702393
2021-11-30,6.848760604858398
2021-12-01,6.890268802642822
2021-12-02,6.906871795654297
2021-12-03,6.973282337188721
2021-12-06,6.915172576904297
2021-12-07,6.848760604858398
2021-12-08,6.823857307434082
2021-12-09,6.8653645515441895
2021-12-10,6.931776523590088
2021-12-13,6.9400763511657715
2021-12-14,7.023092269897461
2021-12-15,6.956681251525879
2021-12-16,6.948379039764404
2021-12-17,6.857062816619873
2021-12-20,6.890268802642822
2021-12-21,6.873666286468506
2021-12-22,6.890268802642822
2021-12-23,6.973282337188721
2021-12-24,7.0064897537231445
2021-12-29,7.064600944519043
2021-12-30,7.072902679443359
2021-12-31,7.023092269897461
2022-01-04,7.047997951507568
2022-01-05,7.1310133934021
2022-01-06,7.114410400390625
2022-01-07,7.081202983856201
2022-01-10,7.072902679443359
2022-01-11,7.114410400390625
2022-01-12,7.1310133934021
2022-01-13,7.247233867645264
2022-01-14,7.2057271003723145
2022-01-17,7.346853733062744
2022-01-18,7.2638373374938965
2022-01-19,7.297042369842529
2022-01-20,7.238933563232422
2022-01-21,7.172521591186523
2022-01-24,7.064600944519043
2022-01-25,6.948379039764404
2022-01-27,6.956681251525879
2022-01-28,7.097806930541992
2022-01-31,7.106109142303467
2022-02-01,7.189123630523682
2022-02-02,7.214027404785156
2022-02-03,7.2223310470581055
2022-02-04,7.114410400390625
2022-02-07,7.081202983856201
2022-02-08,7.081202983856201
2022-02-09,6.997203350067139
2022-02-10,6.988803863525391
2022-02-11,6.930003643035889
2022-02-14,6.871204853057861
2022-02-15,6.804004192352295
2022-02-16,6.888003826141357
2022-02-17,6.854403495788574
2022-02-18,6.90480375289917
2022-02-21,6.854403495788574
2022-02-22,6.812403202056885
2022-02-23,6.829204082489014
2022-02-24,6.778802871704102
2022-02-25,6.7284040451049805
2022-02-28,6.686403274536133
2022-03-01,6.720003604888916
2022-03-02,6.736804485321045
2022-03-03,6.762003421783447
2022-03-04,6.7284040451049805
2022-03-07,6.720003604888916
2022-03-08,6.703203201293945
2022-03-09,6.6360039710998535
2022-03-10,6.778802871704102
2022-03-11,6.812403202056885
2022-03-14,6.854403495788574
2022-03-15,6.84600305557251
2022-03-16,6.820803642272949
2022-03-17,6.84600305557251
2022-03-18,6.871204853057861
2022-03-21,7.03080415725708
2022-03-22,7.064404010772705
2022-03-23,6.988803863525391
2022-03-24,6.972003936767578
2022-03-25,7.056004047393799
2022-03-28,6.988803863525391
2022-03-29,7.014004230499268
2022-03-30,6.972003936767578
2022-03-31,6.972003936767578
2022-04-01,6.955204486846924
2022-04-04,7.022403717041016
2022-04-05,6.988803863525391
2022-04-06,6.972003936767578
2022-04-07,6.972003936767578
2022-04-08,6.988803863525391
2022-04-11,6.938403129577637
2022-04-12,6.913204193115234
2022-04-13,7.014004230499268
2022-04-14,6.997203350067139
2022-04-19,6.972003936767578
2022-04-20,6.988803863525391
2022-04-21,6.930003643035889
2022-04-22,6.980403900146484
2022-04-26,6.888003826141357
2022-04-27,6.879603385925293
2022-04-28,6.90480375289917
2022-04-29,6.921603679656982
2022-05-02,6.921603679656982
2022-05-03,6.913204193115234
2022-05-04,6.871204853057861
2022-05-05,6.879603385925293
2022-05-06,6.879603385925293
2022-05-09,6.83760404586792
2022-05-10,6.736804485321045
2022-05-11,6.778802871704102
2022-05-12,6.753603935241699
2022-05-13,6.787203788757324
2022-05-16,6.753603935241699
2022-05-17,6.736804485321045
2022-05-18,6.804004192352295
2022-05-19,6.778802871704102
2022-05-20,6.787203788757324
2022-05-23,6.7284040451049805
2022-05-24,6.678002834320068
2022-05-25,6.703203201293945
2022-05-26,6.7284040451049805
2022-05-27,6.753603935241699
2022-05-30,6.804004192352295
2022-05-31,6.812403202056885
2022-06-01,6.84600305557251
2022-06-02,6.83760404586792
2022-06-03,6.84600305557251
2022-06-06,6.762003421783447
2022-06-07,6.720003604888916
2022-06-08,6.7284040451049805
2022-06-09,6.736804485321045
2022-06-10,6.661203384399414
2022-06-14,6.594003677368164
2022-06-15,6.451203346252441
2022-06-16,6.342003345489502
2022-06-17,6.3168044090271
2022-06-20,6.21600341796875
2022-06-21,6.384003162384033
2022-06-22,6.325203895568848
2022-06-23,6.3168044090271
2022-06-24,6.342003345489502
2022-06-27,6.400803565979004
2022-06-28,6.468003273010254
2022-06-29,6.417603969573975
2022-06-30,6.308403015136719
2022-07-01,6.384003162384033
2022-07-04,6.400803565979004
2022-07-05,6.459603786468506
2022-07-06,6.40920352935791
2022-07-07,6.484803676605225
2022-07-08,6.543603897094727
2022-07-11,6.552003860473633
2022-07-12,6.484803676605225
2022-07-13,6.510003089904785
2022-07-14,6.442803382873535
2022-07-15,6.459603786468506
2022-07-18,6.526803016662598
2022-07-19,6.53520393371582
2022-07-20,6.686403274536133
2022-07-21,6.787203788757324
2022-07-22,6.787203788757324
2022-07-25,6.820803642272949
2022-07-26,6.720003604888916
2022-07-27,6.720003604888916
2022-07-28,6.736804485321045
2022-07-29,6.720003604888916
2022-08-01,6.736804485321045
2022-08-02,6.753603935241699
2022-08-03,6.7284040451049805
2022-08-04,6.804004192352295
2022-08-05,6.804004192352295
2022-08-08,6.862803936004639
2022-08-09,6.84600305557251
2022-08-10,6.820363521575928
2022-08-11,6.794723033905029
2022-08-12,6.794723033905029
2022-08-15,6.751989364624023
2022-08-16,6.811816692352295
2022-08-17,6.7861762046813965
2022-08-18,6.811816692352295
2022-08-19,6.751989364624023
2022-08-22,6.666520595550537
2022-08-23,6.581052303314209
2022-08-24,6.495584011077881
2022-08-25,6.410116195678711
2022-08-26,6.469944000244141
2022-08-29,6.521224021911621
2022-08-30,6.563958644866943
2022-08-31,6.598145961761475
2022-09-01,6.538318157196045
2022-09-02,6.521224021911621
2022-09-05,6.478490829467773
2022-09-06,6.487037658691406
2022-09-07,6.4186625480651855
2022-09-08,6.461396217346191
2022-09-09,6.495584011077881
2022-09-12,6.469944000244141
2022-09-13,6.504130840301514
2022-09-14,6.495584011077881
2022-09-15,6.495584011077881
2022-09-16,6.521224021911621
2022-09-19,6.461396217346191
2022-09-20,6.495584011077881
2022-09-21,6.410116195678711
2022-09-23,6.427210330963135
2022-09-26,6.367381572723389
2022-09-27,6.410116195678711
2022-09-28,6.324647426605225
2022-09-29,6.324647426605225
2022-09-30,6.25627326965332
2022-10-03,6.25627326965332
2022-10-04,6.273366928100586
2022-10-05,6.324647426605225
2022-10-06,6.25627326965332
2022-10-07,6.273366928100586
2022-10-10,6.213539123535156
2022-10-11,6.196445465087891
2022-10-12,6.204992771148682
2022-10-13,6.1878981590271
2022-10-14,6.196445465087891
2022-10-17,6.273366928100586
2022-10-18,6.273366928100586
2022-10-19,6.2477264404296875
2022-10-20,6.213539123535156
2022-10-21,6.222085952758789
2022-10-24,6.1878981590271
2022-10-25,6.179351329803467
2022-10-26,6.213539123535156
2022-10-27,6.1878981590271
2022-10-28,6.1878981590271
2022-10-31,6.162258148193359
2022-11-01,6.213539123535156
2022-11-02,6.196445465087891
2022-11-03,6.162258148193359
2022-11-04,6.162258148193359
2022-11-07,6.1878981590271
2022-11-08,6.2391791343688965
2022-11-09,6.204992771148682
2022-11-10,6.222085952758789
2022-11-11,6.281913757324219
2022-11-14,6.367381572723389
2022-11-15,6.452850341796875
2022-11-16,6.504130840301514
2022-11-17,6.435756206512451
2022-11-18,6.52977180480957
2022-11-21,6.469944000244141
2022-11-22,6.469944000244141
2022-11-23,6.37592887878418
2022-11-24,6.452850341796875
2022-11-25,6.5126776695251465
2022-11-28,6.410116195678711
2022-11-29,6.427210330963135
2022-11-30,6.495584011077881
2022-12-01,6.452850341796875
2022-12-02,6.487037658691406
2022-12-05,6.435756206512451
2022-12-06,6.37592887878418
2022-12-07,6.410116195678711
2022-12-08,6.461396217346191
2022-12-09,6.401568412780762
2022-12-12,6.341741561889648
2022-12-13,6.367381572723389
2022-12-14,6.350287914276123
2022-12-15,6.384475231170654
2022-12-16,6.4186625480651855
2022-12-19,6.4186625480651855
2022-12-20,6.4186625480651855
2022-12-21,6.452850341796875
2022-12-22,6.410116195678711
2022-12-23,6.427210330963135
2022-12-28,6.384475231170654
2022-12-29,6.384475231170654
2022-12-30,6.37592887878418
2023-01-03,6.37592887878418
2023-01-04,6.37592887878418
2023-01-05,6.4186625480651855
2023-01-06,6.410116195678711
2023-01-09,6.427210330963135
2023-01-10,6.401568412780762
2023-01-11,6.4186625480651855
2023-01-12,6.452850341796875
2023-01-13,6.427210330963135
2023-01-16,6.410116195678711
2023-01-17,6.435756206512451
2023-01-18,6.427210330963135
2023-01-19,6.410116195678711
2023-01-20,6.410116195678711
2023-01-23,6.469944000244141
2023-01-24,6.5126776695251465
2023-01-25,6.538318157196045
2023-01-27,6.589599609375
2023-01-30,6.538318157196045
2023-01-31,6.5554118156433105
2023-02-01,6.504130840301514
2023-02-02,6.469442844390869
2023-02-03,6.495458126068115
2023-02-06,6.478114128112793
2023-02-07,6.469442844390869
2023-02-08,6.486786842346191
2023-02-09,6.547492027282715
2023-02-10,6.504130840301514
2023-02-13,6.495458126068115
2023-02-14,6.521475791931152
2023-02-15,6.521475791931152
2023-02-16,6.5735087394714355
2023-02-17,6.512803554534912
2023-02-20,6.530148029327393
2023-02-21,6.521475791931152
2023-02-22,6.530148029327393
2023-02-23,6.504130840301514
2023-02-24,6.512803554534912
2023-02-27,6.512803554534912
2023-02-28,6.512803554534912
2023-03-01,6.538819789886475
2023-03-02,6.547492027282715
2023-03-03,6.5648369789123535
2023-03-06,6.530148029327393
2023-03-07,6.5648369789123535
2023-03-08,6.547492027282715
2023-03-09,6.5648369789123535
2023-03-10,6.504130840301514
2023-03-13,6.434753894805908
2023-03-14,6.417409420013428
2023-03-15,6.417409420013428
2023-03-16,6.26998233795166
2023-03-17,6.304671764373779
2023-03-20,6.287326812744141
2023-03-21,6.278654098510742
2023-03-22,6.287326812744141
2023-03-23,6.287326812744141
2023-03-24,6.287326812744141
2023-03-27,6.2439656257629395
2023-03-28,6.2439656257629395
2023-03-29,6.2439656257629395
2023-03-30,6.287326812744141
2023-03-31,6.330687522888184
2023-04-03,6.486786842346191
2023-04-04,6.460770130157471
2023-04-05,6.391392707824707
2023-04-06,6.4000654220581055
2023-04-11,6.3653764724731445
2023-04-12,6.339360237121582
2023-04-13,6.26998233795166
2023-04-14,6.295999050140381
2023-04-17,6.287326812744141
2023-04-18,6.374048233032227
2023-04-19,6.287326812744141
2023-04-20,6.322015762329102
2023-04-21,6.295999050140381
2023-04-24,6.278654098510742
2023-04-26,6.26131010055542
2023-04-27,6.2439656257629395
2023-04-28,6.217949390411377
2023-05-01,6.226621150970459
2023-05-02,6.235293865203857
2023-05-03,6.235293865203857
2023-05-04,6.200605392456055
2023-05-05,6.183261394500732
2023-05-08,6.1919331550598145
2023-05-09,6.226621150970459
2023-05-10,6.217949390411377
2023-05-11,6.226621150970459
2023-05-12,6.200605392456055
2023-05-15,6.200605392456055
2023-05-16,6.183261394500732
2023-05-17,6.174588203430176
2023-05-18,6.183261394500732
2023-05-19,6.183261394500732
2023-05-22,6.1919331550598145
2023-05-23,6.200605392456055
2023-05-24,6.1659159660339355
2023-05-25,6.183261394500732
2023-05-26,6.139900207519531
2023-05-29,6.139900207519531
2023-05-30,6.113883018493652
2023-05-31,6.139900207519531
2023-06-01,6.09653902053833
2023-06-02,6.113883018493652
2023-06-05,6.087867259979248
2023-06-06,6.070522785186768
2023-06-07,6.087867259979248
2023-06-08,6.09653902053833
2023-06-09,6.10521125793457
2023-06-13,6.079195022583008
2023-06-14,6.079195022583008
2023-06-15,6.070522785186768
2023-06-16,6.10521125793457
2023-06-19,6.157243728637695
2023-06-20,6.157243728637695
2023-06-21,6.139900207519531
2023-06-22,6.148571968078613
2023-06-23,6.070522785186768
2023-06-26,6.061849594116211
2023-06-27,6.061849594116211
2023-06-28,6.113883018493652
2023-06-29,6.131227970123291
2023-06-30,6.131227970123291
2023-07-03,6.1659159660339355
2023-07-04,6.1659159660339355
2023-07-05,6.1659159660339355
2023-07-06,6.157243728637695
2023-07-07,6.122555732727051
2023-07-10,6.070522785186768
2023-07-11,6.09653902053833
2023-07-12,6.113883018493652
2023-07-13,6.122555732727051
2023-07-14,6.1919331550598145
2023-07-17,6.174588203430176
2023-07-18,6.200605392456055
2023-07-19,6.1919331550598145
2023-07-20,6.1659159660339355
2023-07-21,6.157243728637695
2023-07-24,6.148571968078613
2023-07-25,6.157243728637695
2023-07-26,6.157243728637695
2023-07-27,6.209277153015137
2023-07-28,6.217949390411377
2023-07-31,6.252638339996338
2023-08-01,6.26131010055542
2023-08-02,6.235293865203857
2023-08-03,6.252638339996338
2023-08-04,6.252638339996338
2023-08-07,6.26131010055542
2023-08-08,6.26131010055542
2023-08-09,6.209277153015137
2023-08-10,6.252638339996338
2023-08-11,6.234949588775635
2023-08-14,6.234949588775635
2023-08-15,6.2261061668396
2023-08-16,6.146511077880859
2023-08-17,6.190730571746826
2023-08-18,6.146511077880859
2023-08-21,6.111135005950928
2023-08-22,6.102291584014893
2023-08-23,6.102291584014893
2023-08-24,6.137667655944824
2023-08-25,6.066915988922119
2023-08-28,6.066915988922119
2023-08-29,6.066915988922119
2023-08-30,6.0757598876953125
2023-08-31,6.137667655944824
2023-09-01,6.146511077880859
2023-09-04,6.146511077880859
2023-09-05,6.190730571746826
2023-09-06,6.119979381561279
2023-09-07,6.1730427742004395
2023-09-08,6.1730427742004395
2023-09-11,6.2261061668396
2023-09-12,6.208418369293213
2023-09-13,6.146511077880859
2023-09-14,6.164198398590088
2023-09-15,6.181885719299316
2023-09-18,6.1730427742004395
2023-09-19,6.190730571746826
2023-09-20,6.181885719299316
2023-09-21,6.146511077880859
2023-09-22,6.146511077880859
2023-09-25,6.111135005950928
2023-09-26,6.084604263305664
2023-09-27,6.058072090148926
2023-09-28,6.005008697509766
2023-09-29,6.0757598876953125
2023-10-02,6.049228191375732
2023-10-03,6.040384769439697
2023-10-04,5.996164798736572
2023-10-05,6.013853073120117
2023-10-06,6.049228191375732
2023-10-09,6.013853073120117
2023-10-10,6.040384769439697
2023-10-11,6.031540393829346
2023-10-12,6.031540393829346
2023-10-13,5.987320899963379
2023-10-16,5.969633102416992
2023-10-17,5.996164798736572
2023-10-18,6.013853073120117
2023-10-19,6.013853073120117
2023-10-20,5.978477478027344
2023-10-23,5.91657018661499
2023-10-24,5.8546624183654785
2023-10-25,5.8546624183654785
2023-10-26,5.783911228179932
2023-10-27,5.801599025726318
2023-10-30,5.828130722045898
2023-10-31,5.792755603790283
2023-11-01,5.836974143981934
2023-11-02,5.996164798736572
2023-11-03,6.084604263305664
2023-11-06,6.119979381561279
2023-11-07,6.102291584014893
2023-11-08,6.119979381561279
2023-11-09,6.181885719299316
2023-11-10,6.155354976654053
2023-11-13,6.137667655944824
2023-11-14,6.155354976654053
2023-11-15,6.252638339996338
2023-11-16,6.252638339996338
2023-11-17,6.234949588775635
2023-11-20,6.270325660705566
2023-11-21,6.234949588775635
2023-11-22,6.2437944412231445
2023-11-23,6.217262268066406
2023-11-24,6.217262268066406
2023-11-27,6.208418369293213
2023-11-28,6.199575424194336
2023-11-29,6.234949588775635
2023-11-30,6.2437944412231445
2023-12-01,6.234949588775635
2023-12-04,6.27916955947876
2023-12-05,6.27916955947876
2023-12-06,6.332232475280762
2023-12-07,6.288013458251953
2023-12-08,6.332232475280762
2023-12-11,6.323389530181885
2023-12-12,6.323389530181885
2023-12-13,6.349920272827148
2023-12-14,6.402983665466309
2023-12-15,6.411828517913818
2023-12-18,6.411828517913818
2023-12-19,6.411828517913818
2023-12-20,6.509110927581787
2023-12-21,6.491423606872559
2023-12-22,6.526799201965332
2023-12-27,6.579862117767334
2023-12-28,6.562174320220947
2023-12-29,6.588706016540527
2024-01-02,6.579862117767334
2024-01-03,6.579862117767334
2024-01-04,6.571018218994141
2024-01-05,6.606393814086914
2024-01-08,6.597549915313721
2024-01-09,6.632925987243652
2024-01-10,6.632925987243652
2024-01-11,6.632925987243652
2024-01-12,6.6417694091796875
2024-01-15,6.632925987243652
2024-01-16,6.615237712860107
2024-01-17,6.624081134796143
2024-01-18,6.615237712860107
2024-01-19,6.6417694091796875
2024-01-22,6.624081134796143
2024-01-23,6.606393814086914
2024-01-24,6.615237712860107
2024-01-25,6.606393814086914
2024-01-29,6.632925987243652
2024-01-30,6.606393814086914
2024-01-31,6.650613784790039
2024-02-01,6.624081134796143
2024-02-02,6.63755464553833
2024-02-05,6.619590759277344
2024-02-06,6.628572463989258
2024-02-07,6.655518054962158
2024-02-08,6.646536350250244
2024-02-09,6.736354351043701
2024-02-12,6.6645002365112305
2024-02-13,6.736354351043701
2024-02-14,6.745336532592773
2024-02-15,6.718390464782715
2024-02-16,6.700427532196045
2024-02-19,6.628572463989258
2024-02-20,6.601627349853516
2024-02-21,6.63755464553833
2024-02-22,6.6914448738098145
2024-02-23,6.718390464782715
2024-02-26,6.646536350250244
2024-02-27,6.6914448738098145
2024-02-28,6.655518054962158
2024-02-29,6.63755464553833
2024-03-01,6.646536350250244
2024-03-04,6.628572463989258
2024-03-05,6.619590759277344
2024-03-06,6.61060905456543
2024-03-07,6.646536350250244
2024-03-08,6.6914448738098145
2024-03-11,6.565699577331543
2024-03-12,6.547736167907715
2024-03-13,6.565699577331543
2024-03-14,6.50282621383667
2024-03-15,6.466899394989014
2024-03-18,6.466899394989014
2024-03-19,6.493845462799072
2024-03-20,6.511809349060059
2024-03-21,6.574682235717773
2024-03-22,6.565699577331543
2024-03-25,6.565699577331543
2024-03-26,6.538754940032959
2024-03-27,6.547736167907715
2024-03-28,6.619590759277344
2024-04-02,6.619590759277344
2024-04-03,6.538754940032959
2024-04-04,6.592645168304443
2024-04-05,6.529772758483887
2024-04-08,6.529772758483887
2024-04-09,6.583663463592529
2024-04-10,6.646536350250244
2024-04-11,6.565699577331543
2024-04-12,6.556717872619629
2024-04-15,6.556717872619629
2024-04-16,6.520791053771973
2024-04-17,6.511809349060059
2024-04-18,6.466899394989014
2024-04-19,6.4130096435546875
2024-04-22,6.404027938842773
2024-04-23,6.457918167114258
2024-04-24,6.475882053375244
2024-04-26,6.466899394989014
2024-04-29,6.466899394989014
2024-04-30,6.4399542808532715
2024-05-01,6.386064052581787
2024-05-02,6.421991348266602
2024-05-03,6.421991348266602
2024-05-06,6.466899394989014
2024-05-07,6.50282621383667
2024-05-08,6.48486328125
2024-05-09,6.421991348266602
2024-05-10,6.493845462799072
2024-05-13,6.4489359855651855
2024-05-14,6.4489359855651855
2024-05-15,6.475882053375244
2024-05-16,6.520791053771973
2024-05-17,6.475882053375244
2024-05-20,6.493845462799072
2024-05-21,6.475882053375244
2024-05-22,6.475882053375244
2024-05-23,6.48486328125
2024-05-24,6.421991348266602
2024-05-27,6.457918167114258
2024-05-28,6.4489359855651855
2024-05-29,6.421991348266602
2024-05-30,6.430972576141357
2024-05-31,6.430972576141357
2024-06-03,6.4399542808532715
2024-06-04,6.4489359855651855
2024-06-05,6.4399542808532715
2024-06-06,6.466899394989014
2024-06-07,6.493845462799072
2024-06-11,6.421991348266602
2024-06-12,6.421991348266602
2024-06-13,6.466899394989014
2024-06-14,6.430972576141357
2024-06-17,6.430972576141357
2024-06-18,6.466899394989014
2024-06-19,6.4489359855651855
2024-06-20,6.430972576141357
2024-06-21,6.4399542808532715
2024-06-24,6.421991348266602
2024-06-25,6.4130096435546875
2024-06-26,6.4130096435546875
2024-06-27,6.4130096435546875
2024-06-28,6.421991348266602
2024-07-01,6.359118938446045
2024-07-02,6.341155052185059
2024-07-03,6.350137233734131
2024-07-04,6.395045757293701
2024-07-05,6.4130096435546875
2024-07-08,6.4130096435546875
2024-07-09,6.421991348266602
2024-07-10,6.404027938842773
2024-07-11,6.4489359855651855
2024-07-12,6.511809349060059
2024-07-15,6.556717872619629
2024-07-16,6.565699577331543
2024-07-17,6.655518054962158
2024-07-18,6.592645168304443
2024-07-19,6.547736167907715
2024-07-22,6.520791053771973
2024-07-23,6.592645168304443
2024-07-24,6.556717872619629
2024-07-25,6.520791053771973
2024-07-26,6.547736167907715
2024-07-29,6.646536350250244
2024-07-30,6.619590759277344
2024-07-31,6.6645002365112305
2024-08-01,6.709408760070801
2024-08-02,6.700427532196045
2024-08-05,6.556717872619629
2024-08-06,6.628572463989258
2024-08-07,6.619590759277344
2024-08-08,6.673481464385986
2024-08-09,6.700427532196045
2024-08-12,6.6914448738098145
2024-08-13,6.700427532196045
2024-08-14,6.659207820892334
2024-08-15,6.640888690948486
2024-08-16,6.613408088684082
2024-08-19,6.640888690948486
2024-08-20,6.65004825592041
2024-08-21,6.640888690948486
2024-08-22,6.705007553100586
2024-08-23,6.805765151977539
2024-08-26,6.7599663734436035
2024-08-27,6.7416462898254395
2024-08-28,6.732486724853516
2024-08-29,6.732486724853516
2024-08-30,6.732486724853516
2024-09-02,6.7599663734436035
2024-09-03,6.7416462898254395
2024-09-04,6.723326683044434
2024-09-05,6.7599663734436035
2024-09-06,6.723326683044434
2024-09-09,6.659207820892334
2024-09-10,6.705007553100586
2024-09-11,6.695847034454346
2024-09-12,6.732486724853516
2024-09-13,6.695847034454346
2024-09-16,6.7508063316345215
2024-09-17,6.7599663734436035
2024-09-18,6.7691264152526855
2024-09-19,6.787445545196533
2024-09-20,6.778285980224609
2024-09-23,6.805765151977539
2024-09-24,6.824084758758545
2024-09-25,6.824084758758545
2024-09-26,6.805765151977539
2024-09-27,6.805765151977539
2024-09-30,6.824084758758545
2024-10-01,6.833245277404785
2024-10-02,6.805765151977539
2024-10-03,6.851564407348633
2024-10-04,6.860723972320557
2024-10-07,6.796605587005615
2024-10-08,6.796605587005615
2024-10-09,6.833245277404785
2024-10-10,6.860723972320557
2024-10-11,6.860723972320557
2024-10-14,6.814925193786621
2024-10-15,6.833245277404785
2024-10-16,6.833245277404785
2024-10-17,6.842404365539551
2024-10-18,6.814925193786621
2024-10-21,6.824084758758545
2024-10-22,6.824084758758545
2024-10-23,6.805765151977539
2024-10-24,6.860723972320557
2024-10-25,6.833245277404785
2024-10-28,6.860723972320557
2024-10-29,6.851564407348633
2024-10-30,6.824084758758545
2024-10-31,6.805765151977539
2024-11-01,6.796605587005615
2024-11-04,6.778285980224609
2024-11-05,6.723326683044434
2024-11-06,6.7599663734436035
2024-11-07,6.796605587005615
2024-11-08,6.833245277404785
2024-11-11,6.842404365539551
2024-11-12,6.833245277404785
2024-11-13,6.860723972320557
2024-11-14,6.860723972320557
2024-11-15,6.842404365539551
2024-11-18,6.842404365539551
2024-11-19,6.851564407348633
2024-11-20,6.842404365539551
2024-11-21,6.824084758758545
2024-11-22,6.851564407348633
2024-11-25,6.851564407348633
2024-11-26,6.869884014129639
2024-11-27,6.888204097747803
2024-11-28,6.915683269500732
2024-11-29,6.915683269500732
2024-12-02,6.869884014129639
2024-12-03,6.9248433113098145
2024-12-04,6.952322959899902
2024-12-05,6.961483001708984
2024-12-06,7.016441822052002
2024-12-09,6.998122215270996
2024-12-10,6.979802131652832
2024-12-11,6.998122215270996
2024-12-12,6.988962173461914
2024-12-13,6.988962173461914
2024-12-16,6.869884014129639
2024-12-17,6.906523704528809
2024-12-18,6.952322959899902
2024-12-19,6.814925193786621
2024-12-20,6.7416462898254395
2024-12-23,6.814925193786621
2024-12-24,6.7599663734436035
2024-12-27,6.796605587005615
2024-12-30,6.805765151977539
2024-12-31,6.787445545196533
2025-01-02,6.814925193786621
2025-01-03,6.842404365539551
2025-01-06,6.805765151977539
2025-01-07,6.860723972320557
2025-01-08,6.915683269500732
2025-01-09,6.879044532775879
2025-01-10,6.860723972320557
2025-01-13,6.805765151977539
2025-01-14,6.860723972320557
2025-01-15,6.824084758758545
2025-01-16,6.842404365539551
2025-01-17,6.869884014129639
2025-01-20,6.879044532775879
2025-01-21,6.9340033531188965
2025-01-22,6.961483001708984
2025-01-23,6.952322959899902
2025-01-24,6.961483001708984
2025-01-28,6.961483001708984
2025-01-29,6.961483001708984
2025-01-30,6.9431633949279785
2025-01-31,6.952322959899902
2025-02-03,6.896481037139893
2025-02-04,6.877867221832275
2025-02-05,6.840639114379883
2025-02-06,6.905787944793701
2025-02-07,6.905787944793701
2025-02-10,6.887174129486084
2025-02-11,6.877867221832275
2025-02-12,6.868560314178467
2025-02-13,6.877867221832275
2025-02-14,6.896481037139893
2025-02-17,6.877867221832275
2025-02-18,6.896481037139893
2025-02-19,6.896481037139893
2025-02-20,6.8592529296875
2025-02-21,6.887174129486084
2025-02-24,6.896481037139893
2025-02-25,6.896481037139893
2025-02-26,6.896481037139893
2025-02-27,6.896481037139893
2025-02-28,6.877867221832275
2025-03-03,6.896481037139893
2025-03-04,6.812717914581299
2025-03-05,6.7475690841674805
2025-03-06,6.710340976715088
2025-03-07,6.701033592224121
2025-03-10,6.7382612228393555
2025-03-11,6.701033592224121
2025-03-12,6.691727161407471
2025-03-13,6.682419300079346
2025-03-14,6.691727161407471
2025-03-17,6.701033592224121
2025-03-18,6.6172709465026855
2025-03-19,6.6451921463012695
2025-03-20,6.7382612228393555
2025-03-21,6.7475690841674805
2025-03-24,6.7475690841674805
2025-03-25,6.794103622436523
2025-03-26,6.812717914581299
2025-03-27,6.812717914581299
2025-03-28,6.756875991821289
2025-03-31,6.7382612228393555
2025-04-01,6.710340976715088
2025-04-02,6.682419300079346
2025-04-03,6.6638054847717285
2025-04-04,6.58935022354126
2025-04-07,6.384596347808838
2025-04-08,6.468358993530273
2025-04-09,6.440438270568848
2025-04-10,6.53350830078125
2025-04-11,6.552122116088867
2025-04-14,6.654499053955078
2025-04-15,6.6638054847717285
2025-04-16,6.673112869262695
2025-04-17,6.6172709465026855
2025-04-22,6.570736408233643
2025-04-23,6.598657131195068
2025-04-24,6.635885238647461
2025-04-28,6.654499053955078
2025-04-29,6.6172709465026855
2025-04-30,6.58935022354126
2025-05-01,6.58935022354126
2025-05-02,6.635885238647461
2025-05-05,6.6451921463012695
2025-05-06,6.598657131195068
2025-05-07,6.58935022354126
2025-05-08,6.598657131195068
2025-05-09,6.607964038848877
2025-05-12,6.654499053955078
2025-05-13,6.673112869262695
2025-05-14,6.6638054847717285
2025-05-15,6.673112869262695
2025-05-16,6.691727161407471
2025-05-19,6.635885238647461
2025-05-20,6.673112869262695
2025-05-21,6.673112869262695
2025-05-22,6.691727161407471
2025-05-23,6.701033592224121
2025-05-26,6.682419300079346
2025-05-27,6.719647407531738
2025-05-28,6.710340976715088
2025-05-29,6.728954792022705
2025-05-30,6.728954792022705
2025-06-02,6.7382612228393555
2025-06-03,6.766182899475098
2025-06-04,6.8592529296875
2025-06-05,6.831331729888916
2025-06-06,6.831331729888916
2025-06-10,6.868560314178467
2025-06-11,6.877867221832275
2025-06-12,6.905787944793701
2025-06-13,6.868560314178467
2025-06-16,6.896481037139893
2025-06-17,6.8592529296875
2025-06-18,6.8592529296875
2025-06-19,6.877867221832275
2025-06-20,6.840639114379883
2025-06-23,6.775489807128906
2025-06-24,6.868560314178467
2025-06-25,6.849946022033691
2025-06-26,6.868560314178467
2025-06-27,6.840639114379883
2025-06-30,6.840639114379883
2025-07-01,6.7475690841674805
2025-07-02,6.775489807128906
2025-07-03,6.831331729888916
2025-07-04,6.8592529296875
2025-07-07,6.849946022033691
2025-07-08,6.905787944793701
2025-07-09,6.91509485244751
2025-07-10,6.905787944793701
2025-07-11,6.91509485244751
2025-07-14,6.924401760101318
2025-07-15,6.961629867553711
2025-07-16,6.933708667755127
2025-07-17,6.952322483062744
2025-07-18,7.064006805419922
2025-07-21,6.980243682861328
2025-07-22,6.989551067352295
2025-07-23,7.045392990112305
2025-07-24,7.026778697967529
2025-07-25,6.970936298370361
2025-07-28,7.054699897766113
2025-07-29,7.110541820526123
2025-07-30,7.119848728179932
2025-07-31,7.147769451141357
2025-08-01,7.101234436035156
2025-08-04,7.0733137130737305
2025-08-05,7.049433708190918
2025-08-06,7.03032922744751
2025-08-07,6.99212121963501
2025-08-08,6.982568740844727
2025-08-11,7.001673221588135
2025-08-12,7.068537712097168
2025-08-13,7.058985710144043
2025-08-14,7.097193717956543
2025-08-15,7.106745719909668
2025-08-18,7.078089714050293
2025-08-19,7.068537712097168
2025-08-20,7.058985710144043
2025-08-21,7.039881229400635
2025-08-22,7.020777225494385
2025-08-25,7.03032922744751
2025-08-26,7.049433708190918
2025-08-27,7.020777225494385
2025-08-28,7.03032922744751
2025-08-29,7.001673221588135
2025-09-01,6.99212121963501
2025-09-02,6.973016738891602
2025-09-03,6.906152248382568
2025-09-04,6.915703773498535
2025-09-05,6.925256729125977
2025-09-08,6.963464736938477
2025-09-09,6.906152248382568
2025-09-10,6.887048244476318
2025-09-11,6.84883975982666
2025-09-12,6.867944240570068
2025-09-15,6.906152248382568
2025-09-16,6.877495765686035
2025-09-17,6.858391284942627
2025-09-18,6.82973575592041
2025-09-19,6.82973575592041
2025-09-22,6.84883975982666
2025-09-23,6.867944240570068
2025-09-24,6.839287281036377
2025-09-25,6.82973575592041
2025-09-26,6.858391284942627
2025-09-29,6.82973575592041
2025-09-30,6.858391284942627
2025-10-01,6.801079273223877
2025-10-02,6.839287281036377
2025-10-03,6.84883975982666
2025-10-06,6.82973575592041
2025-10-07,6.839287281036377
2025-10-08,6.867944240570068
2025-10-09,6.99212121963501
2025-10-10,7.068537712097168
2025-10-13,7.068537712097168
2025-10-14,7.058985710144043
2025-10-15,7.039881229400635
2025-10-16,7.068537712097168
2025-10-17,7.097193717956543
2025-10-20,7.068537712097168
2025-10-21,7.049433708190918
2025-10-22,7.001673221588135
2025-10-23,7.068537712097168
2025-10-24,7.049433708190918
2025-10-27,7.049433708190918
2025-10-28,7.078089714050293
2025-10-29,7.039881229400635
2025-10-30,7.068537712097168
2025-10-31,7.116297721862793
2025-11-03,7.049433708190918
2025-11-04,7.001673221588135
2025-11-05,7.03032922744751
2025-11-06,7.039881229400635
2025-11-07,7.058985710144043
2025-11-10,7.039881229400635
2025-11-11,6.915703773498535
2025-11-12,6.944360733032227
2025-11-13,6.896599769592285
2025-11-14,6.877495765686035
2025-11-17,6.81063175201416
2025-11-18,6.81063175201416
2025-11-19,6.724662780761719
2025-11-20,6.753319263458252
2025-11-21,6.696006774902344
2025-11-24,6.762871265411377
2025-11-25,6.753319263458252
2025-11-26,6.867944240570068
2025-11-27,6.858391284942627
2025-11-28,6.791527271270752
2025-12-01,6.820183753967285
2025-12-02,6.781975269317627
2025-12-03,6.801079273223877
2025-12-04,6.82973575592041
2025-12-05,6.791527271270752
2025-12-08,6.753319263458252
2025-12-09,6.762871265411377
2025-12-10,6.734214782714844
2025-12-11,6.81063175201416
2025-12-12,6.801079273223877
2025-12-15,6.743767261505127
2025-12-16,6.772423267364502
2025-12-17,6.705558776855469
2025-12-18,6.724662780761719
2025-12-19,6.743767261505127
2025-12-22,6.801079273223877
2025-12-23,6.84883975982666
2025-12-24,6.82973575592041
2025-12-29,6.82973575592041
2025-12-30,6.82973575592041
2025-12-31,6.867944240570068
2026-01-02,6.839287281036377
2026-01-05,6.82973575592041
2026-01-06,6.858391284942627
2026-01-07,6.858391284942627
2026-01-08,6.858391284942627
2026-01-09,6.82973575592041
2026-01-12,6.81063175201416
2026-01-13,6.84883975982666
2026-01-14,6.877495765686035
2026-01-15,6.877495765686035
2026-01-16,6.858391284942627
2026-01-19,6.81063175201416
2026-01-20,6.801079273223877
2026-01-21,6.781975269317627
2026-01-22,6.81063175201416
2026-01-23,6.839287281036377
2026-01-27,6.82973575592041
2026-01-28,6.82973575592041
2026-01-29,6.820183753967285
2026-01-30,6.81063175201416
2026-02-02,6.766755104064941
2026-02-03,6.747254371643066
2026-02-04,6.737503528594971
2026-02-05,6.727753639221191
2026-02-06,6.640000343322754
2026-02-09,6.708252906799316
2026-02-10,6.698502063751221
2026-02-11,6.747254371643066
2026-02-12,6.698502063751221
2026-02-13,6.688752174377441
2026-02-16,6.698502063751221
2026-02-17,6.698502063751221
2026-02-18,6.757004261016846
2026-02-19,6.815506458282471
2026-02-20,6.747254371643066
2026-02-23,6.688752174377441
2026-02-24,6.688752174377441
2026-02-25,6.757004261016846
2026-02-26,6.747254371643066
2026-02-27,6.776504993438721
2026-03-02,6.727753639221191
2026-03-03,6.659501075744629
2026-03-04,6.610749244689941
2026-03-05,6.698502063751221
2026-03-06,6.718002796173096
2026-03-09,6.679001808166504
2026-03-10,6.708252906799316
2026-03-11,6.688752174377441
2026-03-12,6.659501075744629
2026-03-13,6.620499610900879
2026-03-16,6.532745838165283
2026-03-17,6.532745838165283
2026-03-18,6.522995948791504
2026-03-19,6.435242176055908
2026-03-20,6.357239723205566
2026-03-23,6.337738990783691
2026-03-24,6.425492286682129
2026-03-25,6.493744373321533
2026-03-26,6.474243640899658
2026-03-27,6.474243640899658
2026-03-30,6.396241188049316
2026-03-31,6.347489356994629
2026-04-01,6.454742908477783
2026-04-02,6.396241188049316
2026-04-07,6.493744373321533
2026-04-08,6.669251441955566
2026-04-09,6.552246570587158
2026-04-10,6.464493751525879
2026-04-13,6.513245105743408
2026-04-14,6.571747303009033
2026-04-15,6.581498146057129
2026-04-16,6.513245105743408
2026-04-17,6.474243640899658
2026-04-20,6.513245105743408
2026-04-21,6.552246570587158
2026-04-22,6.532745838165283
2026-04-23,6.454742908477783
2026-04-24,6.454742908477783
2026-04-27,6.483994483947754
2026-04-28,6.464493751525879
2026-04-29,6.444993019104004
2026-04-30,6.454742908477783
2026-05-01,6.474243640899658
2026-05-04,6.464493751525879
2026-05-05,6.415741443634033
2026-05-06,6.464493751525879
2026-05-07,6.444993019104004
2026-05-08,6.357239723205566
2026-05-11,6.298737525939941
2026-05-12,6.318238258361816
2026-05-13,6.396241188049316
2026-05-14,6.376740455627441
2026-05-15,6.405991554260254
2026-05-18,6.464493751525879
2026-05-19,6.483994483947754
2026-05-20,6.366990089416504
2026-05-21,6.386490821838379
2026-05-22,6.386490821838379
2026-05-25,6.396241188049316
2026-05-26,6.405991554260254
2026-05-27,6.435242176055908
2026-05-28,6.415741443634033
2026-05-29,6.386490821838379
2026-06-01,6.337738990783691
2026-06-02,6.366990089416504
2026-06-03,6.357239723205566
2026-06-04,6.337738990783691
2026-06-05,6.249985218048096
2026-06-09,6.249985218048096
2026-06-10,6.279236793518066
2026-06-11,6.210983753204346
2026-06-12,6.327988147735596
2026-06-15,6.318238258361816
2026-06-16,6.240235328674316
2026-06-17,6.210983753204346
2026-06-18,6.191483020782471
2026-06-19,6.259736061096191
2026-06-22,6.532745838165283
2026-06-23,6.464493751525879
2026-06-24,6.561997413635254
2026-06-25,6.620499610900879
2026-06-26,6.718002796173096
2026-06-29,6.718002796173096
2026-06-30,6.874009132385254
2026-07-01,6.805756568908691
2026-07-02,6.679001808166504
2026-07-03,6.708252906799316
2026-07-06,6.854508399963379
2026-07-07,6.874009132385254
2026-07-08,6.815506458282471
2026-07-09,6.786255836486816
2026-07-10,6.776504993438721
2026-07-13,6.747254371643066
2026-07-14,6.718002796173096
2026-07-15,6.757004261016846
2026-07-16,6.708252906799316
2026-07-17,6.757004261016846
2026-07-20,6.737503528594971
2026-07-21,6.688752174377441
2026-07-22,6.688752174377441
2026-07-23,6.766755104064941
2026-07-24,6.766755104064941
2026-07-27,6.718002796173096
2026-07-28,6.659501075744629
2026-07-29,6.718002796173096
2026-07-30,6.718002796173096
2026-07-31,6.669251441955566
2026-08-03,6.640000343322754
2026-08-04,6.679999828338623
2026-08-05,6.760000228881836
2026-08-06,6.75
2026-08-07,6.769999980926514
2026-08-10,6.690000057220459
2026-08-11,6.849999904632568
2026-08-12,6.860000133514404
2026-08-13,6.840000152587891
2026-08-14,6.789999961853027
2026-08-17,6.820000171661377
2026-08-18,6.869999885559082
2026-08-19,6.829999923706055
2026-08-20,6.840000152587891
2026-08-21,6.869999885559082
2026-08-24,6.840000152587891
2026-08-25,6.829999923706055
2026-08-26,6.860000133514404
2026-08-27,6.869999885559082
2026-08-28,6.909999847412109
