Date,close
2010-07-08,0.17454500496387482
2010-07-09,0.17454500496387482
2010-07-12,0.16969600319862366
2010-07-13,0.16969600319862366
2010-07-14,0.16969600319862366
2010-07-15,0.16969600319862366
2010-07-16,0.16969600319862366
2010-07-19,0.16969600319862366
2010-07-20,0.16484799981117249
2010-07-21,0.16484799981117249
2010-07-22,0.16484799981117249
2010-07-23,0.16484799981117249
2010-07-26,0.16484799981117249
2010-07-27,0.18424199521541595
2010-07-28,0.18424199521541595
2010-07-29,0.18424199521541595
2010-07-30,0.18424199521541595
2010-08-02,0.18424199521541595
2010-08-03,0.18424199521541595
2010-08-04,0.17454500496387482
2010-08-05,0.17454500496387482
2010-08-06,0.17454500496387482
2010-08-09,0.17454500496387482
2010-08-10,0.17454500496387482
2010-08-11,0.17454500496387482
2010-08-12,0.16969600319862366
2010-08-13,0.16969600319862366
2010-08-16,0.16969600319862366
2010-08-17,0.17454500496387482
2010-08-18,0.18908999860286713
2010-08-19,0.18908999860286713
2010-08-20,0.17454500496387482
2010-08-23,0.17454500496387482
2010-08-24,0.16969600319862366
2010-08-25,0.16969600319862366
2010-08-26,0.17454500496387482
2010-08-27,0.17454500496387482
2010-08-30,0.17454500496387482
2010-08-31,0.17454500496387482
2010-09-01,0.15515099465847015
2010-09-02,0.15515099465847015
2010-09-03,0.15515099465847015
2010-09-06,0.1599999964237213
2010-09-07,0.1599999964237213
2010-09-08,0.1599999964237213
2010-09-09,0.1599999964237213
2010-09-10,0.1599999964237213
2010-09-13,0.1599999964237213
2010-09-14,0.15515099465847015
2010-09-15,0.15515099465847015
2010-09-16,0.15515099465847015
2010-09-17,0.15515099465847015
2010-09-20,0.15030300617218018
2010-09-21,0.15030300617218018
2010-09-22,0.15030300617218018
2010-09-23,0.14545400440692902
2010-09-24,0.15030300617218018
2010-09-27,0.15030300617218018
2010-09-28,0.15030300617218018
2010-09-29,0.15030300617218018
2010-09-30,0.18908999860286713
2010-10-01,0.18908999860286713
2010-10-04,0.18908999860286713
2010-10-05,0.1939390003681183
2010-10-06,0.1939390003681183
2010-10-07,0.1939390003681183
2010-10-08,0.1939390003681183
2010-10-11,0.1939390003681183
2010-10-12,0.1939390003681183
2010-10-13,0.1939390003681183
2010-10-14,0.1939390003681183
2010-10-15,0.1939390003681183
2010-10-18,0.1939390003681183
2010-10-19,0.1939390003681183
2010-10-20,0.1939390003681183
2010-10-21,0.1939390003681183
2010-10-22,0.1939390003681183
2010-10-25,0.1939390003681183
2010-10-26,0.1939390003681183
2010-10-27,0.1939390003681183
2010-10-28,0.1599999964237213
2010-10-29,0.1599999964237213
2010-11-01,0.1599999964237213
2010-11-02,0.1599999964237213
2010-11-03,0.1599999964237213
2010-11-04,0.1599999964237213
2010-11-05,0.1599999964237213
2010-11-08,0.1309089958667755
2010-11-09,0.1309089958667755
2010-11-10,0.1309089958667755
2010-11-11,0.1309089958667755
2010-11-12,0.1309089958667755
2010-11-15,0.1309089958667755
2010-11-16,0.1309089958667755
2010-11-17,0.1309089958667755
2010-11-18,0.1309089958667755
2010-11-19,0.1309089958667755
2010-11-22,0.1309089958667755
2010-11-23,0.1309089958667755
2010-11-24,0.1309089958667755
2010-11-25,0.12605999410152435
2010-11-26,0.12605999410152435
2010-11-29,0.12605999410152435
2010-11-30,0.12605999410152435
2010-12-01,0.12605999410152435
2010-12-02,0.12605999410152435
2010-12-03,0.12605999410152435
2010-12-06,0.12605999410152435
2010-12-07,0.12605999410152435
2010-12-08,0.12605999410152435
2010-12-09,0.12605999410152435
2010-12-10,0.12605999410152435
2010-12-13,0.1309089958667755
2010-12-14,0.1309089958667755
2010-12-15,0.1309089958667755
2010-12-16,0.1309089958667755
2010-12-17,0.1309089958667755
2010-12-20,0.1309089958667755
2010-12-21,0.1309089958667755
2010-12-22,0.1309089958667755
2010-12-23,0.1309089958667755
2010-12-24,0.1309089958667755
2010-12-29,0.1309089958667755
2010-12-30,0.1309089958667755
2010-12-31,0.1309089958667755
2011-01-04,0.1309089958667755
2011-01-05,0.12605999410152435
2011-01-06,0.12605999410152435
2011-01-07,0.12605999410152435
2011-01-10,0.12605999410152435
2011-01-11,0.12605999410152435
2011-01-12,0.12605999410152435
2011-01-13,0.12605999410152435
2011-01-14,0.12605999410152435
2011-01-17,0.12605999410152435
2011-01-18,0.12605999410152435
2011-01-19,0.12605999410152435
2011-01-20,0.12605999410152435
2011-01-21,0.12605999410152435
2011-01-24,0.12605999410152435
2011-01-25,0.12605999410152435
2011-01-27,0.12605999410152435
2011-01-28,0.12605999410152435
2011-01-31,0.12605999410152435
2011-02-01,0.12605999410152435
2011-02-02,0.12605999410152435
2011-02-03,0.12605999410152435
2011-02-04,0.12605999410152435
2011-02-07,0.12605999410152435
2011-02-08,0.12605999410152435
2011-02-09,0.12605999410152435
2011-02-10,0.12605999410152435
2011-02-11,0.12605999410152435
2011-02-14,0.12605999410152435
2011-02-15,0.12605999410152435
2011-02-16,0.12605999410152435
2011-02-17,0.12605999410152435
2011-02-18,0.12605999410152435
2011-02-21,0.12605999410152435
2011-02-22,0.12605999410152435
2011-02-23,0.12605999410152435
2011-02-24,0.12605999410152435
2011-02-25,0.12605999410152435
2011-02-28,0.11636299639940262
2011-03-01,0.11636299639940262
2011-03-02,0.11636299639940262
2011-03-03,0.11636299639940262
2011-03-04,0.11636299639940262
2011-03-07,0.11636299639940262
2011-03-08,0.11636299639940262
2011-03-09,0.11636299639940262
2011-03-10,0.09696900099515915
2011-03-11,0.09696900099515915
2011-03-15,0.09696900099515915
2011-03-16,0.09696900099515915
2011-03-17,0.09696900099515915
2011-03-18,0.09696900099515915
2011-03-21,0.09696900099515915
2011-03-22,0.09696900099515915
2011-03-23,0.09696900099515915
2011-03-24,0.09696900099515915
2011-03-25,0.09696900099515915
2011-03-28,0.09696900099515915
2011-03-29,0.07757499814033508
2011-03-30,0.07757499814033508
2011-03-31,0.07757499814033508
2011-04-01,0.07757499814033508
2011-04-04,0.07757499814033508
2011-04-05,0.07757499814033508
2011-04-06,0.07757499814033508
2011-04-07,0.07757499814033508
2011-04-08,0.07757499814033508
2011-04-11,0.07757499814033508
2011-04-12,0.07757499814033508
2011-04-13,0.07757499814033508
2011-04-14,0.07757499814033508
2011-04-15,0.07757499814033508
2011-04-18,0.07757499814033508
2011-04-19,0.07757499814033508
2011-04-20,0.07757499814033508
2011-04-21,0.07757499814033508
2011-04-27,0.07757499814033508
2011-04-28,0.07757499814033508
2011-04-29,0.07757499814033508
2011-05-02,0.07757499814033508
2011-05-03,0.08242399990558624
2011-05-04,0.08242399990558624
2011-05-05,0.08242399990558624
2011-05-06,0.08242399990558624
2011-05-09,0.08242399990558624
2011-05-10,0.08242399990558624
2011-05-11,0.08242399990558624
2011-05-12,0.08242399990558624
2011-05-13,0.08242399990558624
2011-05-16,0.08242399990558624
2011-05-17,0.08242399990558624
2011-05-18,0.08242399990558624
2011-05-19,0.08242399990558624
2011-05-20,0.08242399990558624
2011-05-23,0.08242399990558624
2011-05-24,0.08242399990558624
2011-05-25,0.08242399990558624
2011-05-26,0.08242399990558624
2011-05-27,0.08242399990558624
2011-05-30,0.08242399990558624
2011-05-31,0.08242399990558624
2011-06-01,0.07757499814033508
2011-06-02,0.07757499814033508
2011-06-03,0.07757499814033508
2011-06-06,0.07757499814033508
2011-06-07,0.05236300081014633
2011-06-08,0.06787800043821335
2011-06-09,0.06787800043821335
2011-06-10,0.06787800043821335
2011-06-14,0.06787800043821335
2011-06-15,0.06787800043821335
2011-06-16,0.06787800043821335
2011-06-17,0.06787800043821335
2011-06-20,0.06787800043821335
2011-06-21,0.06787800043821335
2011-06-22,0.06787800043821335
2011-06-23,0.06787800043821335
2011-06-24,0.06787800043821335
2011-06-27,0.06787800043821335
2011-06-28,0.06787800043821335
2011-06-29,0.058180999010801315
2011-06-30,0.058180999010801315
2011-07-01,0.058180999010801315
2011-07-04,0.058180999010801315
2011-07-05,0.058180999010801315
2011-07-06,0.058180999010801315
2011-07-07,0.058180999010801315
2011-07-08,0.058180999010801315
2011-07-11,0.058180999010801315
2011-07-12,0.058180999010801315
2011-07-13,0.06302999705076218
2011-07-14,0.06302999705076218
2011-07-15,0.05624200031161308
2011-07-18,0.058180999010801315
2011-07-19,0.058180999010801315
2011-07-20,0.058180999010801315
2011-07-21,0.058180999010801315
2011-07-22,0.058180999010801315
2011-07-25,0.058180999010801315
2011-07-26,0.058180999010801315
2011-07-27,0.058180999010801315
2011-07-28,0.058180999010801315
2011-07-29,0.058180999010801315
2011-08-02,0.058180999010801315
2011-08-03,0.058180999010801315
2011-08-04,0.058180999010801315
2011-08-05,0.058180999010801315
2011-08-08,0.058180999010801315
2011-08-09,0.058180999010801315
2011-08-10,0.058180999010801315
2011-08-11,0.058180999010801315
2011-08-12,0.058180999010801315
2011-08-15,0.058180999010801315
2011-08-16,0.058180999010801315
2011-08-17,0.058180999010801315
2011-08-18,0.058180999010801315
2011-08-19,0.058180999010801315
2011-08-22,0.058180999010801315
2011-08-23,0.058180999010801315
2011-08-24,0.058180999010801315
2011-08-25,0.058180999010801315
2011-08-26,0.05333299934864044
2011-08-29,0.05333299934864044
2011-08-30,0.05333299934864044
2011-08-31,0.05333299934864044
2011-09-01,0.05333299934864044
2011-09-02,0.05333299934864044
2011-09-05,0.058180999010801315
2011-09-06,0.058180999010801315
2011-09-07,0.058180999010801315
2011-09-08,0.058180999010801315
2011-09-09,0.058180999010801315
2011-09-12,0.06787800043821335
2011-09-13,0.06787800043821335
2011-09-14,0.06787800043821335
2011-09-15,0.06787800043821335
2011-09-16,0.06787800043821335
2011-09-19,0.06787800043821335
2011-09-20,0.06787800043821335
2011-09-21,0.06787800043821335
2011-09-22,0.06787800043821335
2011-09-23,0.06787800043821335
2011-09-26,0.06787800043821335
2011-09-27,0.06787800043821335
2011-09-28,0.06787800043821335
2011-09-29,0.06787800043821335
2011-09-30,0.06787800043821335
2011-10-04,0.06787800043821335
2011-10-05,0.06787800043821335
2011-10-06,0.06787800043821335
2011-10-07,0.06787800043821335
2011-10-10,0.06787800043821335
2011-10-11,0.06787800043821335
2011-10-12,0.06787800043821335
2011-10-13,0.06787800043821335
2011-10-14,0.06787800043821335
2011-10-17,0.06787800043821335
2011-10-18,0.06302999705076218
2011-10-19,0.06302999705076218
2011-10-20,0.06302999705076218
2011-10-21,0.06302999705076218
2011-10-24,0.06302999705076218
2011-10-25,0.06302999705076218
2011-10-26,0.06302999705076218
2011-10-27,0.06302999705076218
2011-10-28,0.06302999705076218
2011-10-31,0.06302999705076218
2011-11-02,0.06302999705076218
2011-11-03,0.06302999705076218
2011-11-04,0.06302999705076218
2011-11-07,0.06302999705076218
2011-11-08,0.06302999705076218
2011-11-09,0.06302999705076218
2011-11-10,0.06302999705076218
2011-11-11,0.06302999705076218
2011-11-14,0.06302999705076218
2011-11-15,0.06302999705076218
2011-11-16,0.06302999705076218
2011-11-17,0.06302999705076218
2011-11-18,0.06302999705076218
2011-11-21,0.06302999705076218
2011-11-22,0.06302999705076218
2011-11-23,0.06302999705076218
2011-11-24,0.06302999705076218
2011-11-25,0.06302999705076218
2011-11-28,0.06302999705076218
2011-11-29,0.06302999705076218
2011-11-30,0.06302999705076218
2011-12-01,0.06302999705076218
2011-12-02,0.06302999705076218
2011-12-05,0.06302999705076218
2011-12-06,0.06302999705076218
2011-12-07,0.06302999705076218
2011-12-08,0.06302999705076218
2011-12-09,0.06302999705076218
2011-12-12,0.040727000683546066
2011-12-13,0.036848001182079315
2011-12-14,0.036848001182079315
2011-12-15,0.036848001182079315
2011-12-16,0.036848001182079315
2011-12-19,0.03587799891829491
2011-12-20,0.03587799891829491
2011-12-21,0.03587799891829491
2011-12-22,0.03587799891829491
2011-12-23,0.03587799891829491
2011-12-28,0.03587799891829491
2011-12-29,0.03587799891829491
2011-12-30,0.03587799891829491
2012-01-03,0.03878699988126755
2012-01-04,0.03587799891829491
2012-01-05,0.03587799891829491
2012-01-06,0.03587799891829491
2012-01-09,0.03587799891829491
2012-01-10,0.03587799891829491
2012-01-11,0.03587799891829491
2012-01-12,0.03587799891829491
2012-01-13,0.03587799891829491
2012-01-16,0.03587799891829491
2012-01-17,0.03587799891829491
2012-01-18,0.04169600084424019
2012-01-19,0.04169600084424019
2012-01-20,0.04169600084424019
2012-01-23,0.04169600084424019
2012-01-24,0.04169600084424019
2012-01-25,0.04169600084424019
2012-01-27,0.04169600084424019
2012-01-30,0.04169600084424019
2012-01-31,0.04363600164651871
2012-02-01,0.04363600164651871
2012-02-02,0.04363600164651871
2012-02-03,0.04363600164651871
2012-02-06,0.04363600164651871
2012-02-07,0.04363600164651871
2012-02-08,0.04363600164651871
2012-02-09,0.04363600164651871
2012-02-10,0.04363600164651871
2012-02-13,0.04363600164651871
2012-02-14,0.04363600164651871
2012-02-15,0.04363600164651871
2012-02-16,0.04363600164651871
2012-02-17,0.04363600164651871
2012-02-20,0.04363600164651871
2012-02-21,0.04363600164651871
2012-02-22,0.04363600164651871
2012-02-23,0.04363600164651871
2012-02-24,0.04363600164651871
2012-02-27,0.04169600084424019
2012-02-28,0.04169600084424019
2012-02-29,0.04169600084424019
2012-03-01,0.04169600084424019
2012-03-02,0.04169600084424019
2012-03-05,0.04169600084424019
2012-03-06,0.04169600084424019
2012-03-07,0.04169600084424019
2012-03-08,0.04169600084424019
2012-03-09,0.04169600084424019
2012-03-12,0.04169600084424019
2012-03-13,0.04169600084424019
2012-03-14,0.04169600084424019
2012-03-15,0.04169600084424019
2012-03-16,0.04169600084424019
2012-03-19,0.04169600084424019
2012-03-20,0.04169600084424019
2012-03-21,0.04169600084424019
2012-03-22,0.04169600084424019
2012-03-23,0.04169600084424019
2012-03-26,0.04169600084424019
2012-03-27,0.04169600084424019
2012-03-28,0.040727000683546066
2012-03-29,0.040727000683546066
2012-03-30,0.040727000683546066
2012-04-02,0.040727000683546066
2012-04-03,0.040727000683546066
2012-04-04,0.040727000683546066
2012-04-05,0.040727000683546066
2012-04-10,0.040727000683546066
2012-04-11,0.040727000683546066
2012-04-12,0.040727000683546066
2012-04-13,0.040727000683546066
2012-04-16,0.040727000683546066
2012-04-17,0.040727000683546066
2012-04-18,0.040727000683546066
2012-04-19,0.040727000683546066
2012-04-20,0.040727000683546066
2012-04-23,0.040727000683546066
2012-04-24,0.04169600084424019
2012-04-26,0.040727000683546066
2012-04-27,0.040727000683546066
2012-04-30,0.040727000683546066
2012-05-01,0.040727000683546066
2012-05-02,0.04169600084424019
2012-05-03,0.04169600084424019
2012-05-04,0.04169600084424019
2012-05-07,0.04169600084424019
2012-05-08,0.04169600084424019
2012-05-09,0.04169600084424019
2012-05-10,0.04169600084424019
2012-05-11,0.04169600084424019
2012-05-14,0.040727000683546066
2012-05-15,0.04169600084424019
2012-05-16,0.04169600084424019
2012-05-17,0.04169600084424019
2012-05-18,0.04169600084424019
2012-05-21,0.04169600084424019
2012-05-22,0.04169600084424019
2012-05-23,0.04169600084424019
2012-05-24,0.04169600084424019
2012-05-25,0.04169600084424019
2012-05-28,0.04169600084424019
2012-05-29,0.04169600084424019
2012-05-30,0.03878699988126755
2012-05-31,0.03878699988126755
2012-06-01,0.03878699988126755
2012-06-04,0.03878699988126755
2012-06-05,0.03878699988126755
2012-06-06,0.040727000683546066
2012-06-07,0.040727000683546066
2012-06-08,0.040727000683546066
2012-06-12,0.040727000683546066
2012-06-13,0.040727000683546066
2012-06-14,0.040727000683546066
2012-06-15,0.040727000683546066
2012-06-18,0.040727000683546066
2012-06-19,0.040727000683546066
2012-06-20,0.03878699988126755
2012-06-21,0.029090000316500664
2012-06-22,0.029090000316500664
2012-06-25,0.029090000316500664
2012-06-26,0.029090000316500664
2012-06-27,0.029090000316500664
2012-06-28,0.029090000316500664
2012-06-29,0.029090000316500664
2012-07-02,0.029090000316500664
2012-07-03,0.029090000316500664
2012-07-04,0.029090000316500664
2012-07-05,0.029090000316500664
2012-07-06,0.029090000316500664
2012-07-09,0.029090000316500664
2012-07-10,0.029090000316500664
2012-07-11,0.030060000717639923
2012-07-12,0.030060000717639923
2012-07-13,0.030060000717639923
2012-07-16,0.030060000717639923
2012-07-17,0.030060000717639923
2012-07-18,0.030060000717639923
2012-07-19,0.030060000717639923
2012-07-20,0.030060000717639923
2012-07-23,0.030060000717639923
2012-07-24,0.030060000717639923
2012-07-25,0.030060000717639923
2012-07-26,0.030060000717639923
2012-07-27,0.030060000717639923
2012-07-30,0.030060000717639923
2012-07-31,0.030060000717639923
2012-08-01,0.030060000717639923
2012-08-02,0.030060000717639923
2012-08-03,0.030060000717639923
2012-08-06,0.030060000717639923
2012-08-07,0.030060000717639923
2012-08-08,0.030060000717639923
2012-08-09,0.030060000717639923
2012-08-10,0.030060000717639923
2012-08-13,0.030060000717639923
2012-08-14,0.030060000717639923
2012-08-15,0.030060000717639923
2012-08-16,0.030060000717639923
2012-08-17,0.030060000717639923
2012-08-20,0.030060000717639923
2012-08-21,0.030060000717639923
2012-08-22,0.030060000717639923
2012-08-23,0.030060000717639923
2012-08-24,0.031029999256134033
2012-08-27,0.031029999256134033
2012-08-28,0.030060000717639923
2012-08-29,0.030060000717639923
2012-08-30,0.030060000717639923
2012-08-31,0.030060000717639923
2012-09-03,0.030060000717639923
2012-09-04,0.030060000717639923
2012-09-05,0.02230300009250641
2012-09-06,0.02133299969136715
2012-09-07,0.02133299969136715
2012-09-10,0.02133299969136715
2012-09-11,0.02133299969136715
2012-09-12,0.02133299969136715
2012-09-13,0.02133299969136715
2012-09-14,0.02133299969136715
2012-09-17,0.02133299969136715
2012-09-18,0.02133299969136715
2012-09-19,0.02133299969136715
2012-09-20,0.02133299969136715
2012-09-21,0.02133299969136715
2012-09-24,0.02133299969136715
2012-09-25,0.02133299969136715
2012-09-26,0.02133299969136715
2012-09-27,0.02133299969136715
2012-09-28,0.02133299969136715
2012-10-01,0.01939300075173378
2012-10-02,0.02424200065433979
2012-10-03,0.02424200065433979
2012-10-04,0.02424200065433979
2012-10-05,0.02424200065433979
2012-10-08,0.02424200065433979
2012-10-09,0.02424200065433979
2012-10-10,0.02424200065433979
2012-10-11,0.02424200065433979
2012-10-12,0.02424200065433979
2012-10-15,0.02424200065433979
2012-10-16,0.02424200065433979
2012-10-17,0.02424200065433979
2012-10-18,0.02424200065433979
2012-10-19,0.02424200065433979
2012-10-22,0.02424200065433979
2012-10-23,0.0252119991928339
2012-10-24,0.0252119991928339
2012-10-25,0.0252119991928339
2012-10-26,0.0252119991928339
2012-10-29,0.0252119991928339
2012-10-30,0.0252119991928339
2012-10-31,0.0252119991928339
2012-11-01,0.0252119991928339
2012-11-02,0.0252119991928339
2012-11-05,0.0252119991928339
2012-11-06,0.0252119991928339
2012-11-07,0.0252119991928339
2012-11-08,0.026180999353528023
2012-11-09,0.02812100015580654
2012-11-12,0.02812100015580654
2012-11-13,0.02812100015580654
2012-11-14,0.02812100015580654
2012-11-15,0.02812100015580654
2012-11-16,0.02812100015580654
2012-11-19,0.02812100015580654
2012-11-20,0.02812100015580654
2012-11-21,0.02812100015580654
2012-11-22,0.02812100015580654
2012-11-23,0.02812100015580654
2012-11-26,0.0252119991928339
2012-11-27,0.0252119991928339
2012-11-28,0.0252119991928339
2012-11-29,0.0252119991928339
2012-11-30,0.0252119991928339
2012-12-03,0.0252119991928339
2012-12-04,0.0252119991928339
2012-12-05,0.0252119991928339
2012-12-06,0.026180999353528023
2012-12-07,0.0252119991928339
2012-12-10,0.0252119991928339
2012-12-11,0.0252119991928339
2012-12-12,0.0252119991928339
2012-12-13,0.02812100015580654
2012-12-14,0.02812100015580654
2012-12-17,0.02812100015580654
2012-12-18,0.02812100015580654
2012-12-19,0.029090000316500664
2012-12-20,0.029090000316500664
2012-12-21,0.029090000316500664
2012-12-24,0.029090000316500664
2012-12-27,0.029090000316500664
2012-12-28,0.029090000316500664
2012-12-31,0.02812100015580654
2013-01-02,0.02812100015580654
2013-01-03,0.02812100015580654
2013-01-04,0.02812100015580654
2013-01-07,0.02812100015580654
2013-01-08,0.02424200065433979
2013-01-09,0.02424200065433979
2013-01-10,0.02424200065433979
2013-01-11,0.02424200065433979
2013-01-14,0.02424200065433979
2013-01-15,0.02424200065433979
2013-01-16,0.02424200065433979
2013-01-17,0.02424200065433979
2013-01-18,0.02424200065433979
2013-01-21,0.02424200065433979
2013-01-22,0.02424200065433979
2013-01-23,0.026180999353528023
2013-01-24,0.026180999353528023
2013-01-25,0.026180999353528023
2013-01-29,0.029090000316500664
2013-01-30,0.029090000316500664
2013-01-31,0.026180999353528023
2013-02-01,0.026180999353528023
2013-02-04,0.026180999353528023
2013-02-05,0.026180999353528023
2013-02-06,0.026180999353528023
2013-02-07,0.026180999353528023
2013-02-08,0.026180999353528023
2013-02-11,0.026180999353528023
2013-02-12,0.026180999353528023
2013-02-13,0.026180999353528023
2013-02-14,0.026180999353528023
2013-02-15,0.026180999353528023
2013-02-18,0.026180999353528023
2013-02-19,0.026180999353528023
2013-02-20,0.026180999353528023
2013-02-21,0.026180999353528023
2013-02-22,0.026180999353528023
2013-02-25,0.026180999353528023
2013-02-26,0.026180999353528023
2013-02-27,0.026180999353528023
2013-02-28,0.026180999353528023
2013-03-01,0.01260599959641695
2013-03-04,0.01260599959641695
2013-03-05,0.01260599959641695
2013-03-06,0.01260599959641695
2013-03-07,0.01260599959641695
2013-03-08,0.01260599959641695
2013-03-11,0.01260599959641695
2013-03-12,0.01260599959641695
2013-03-13,0.01260599959641695
2013-03-14,0.01260599959641695
2013-03-15,0.01260599959641695
2013-03-18,0.01260599959641695
2013-03-19,0.01260599959641695
2013-03-20,0.01260599959641695
2013-03-21,0.01939300075173378
2013-03-22,0.01939300075173378
2013-03-25,0.01939300075173378
2013-03-26,0.01939300075173378
2013-03-27,0.01939300075173378
2013-03-28,0.02230300009250641
2013-04-02,0.02230300009250641
2013-04-03,0.02230300009250641
2013-04-04,0.02230300009250641
2013-04-05,0.02230300009250641
2013-04-08,0.01939300075173378
2013-04-09,0.01939300075173378
2013-04-10,0.01939300075173378
2013-04-11,0.01939300075173378
2013-04-12,0.01939300075173378
2013-04-15,0.01939300075173378
2013-04-16,0.01939300075173378
2013-04-17,0.01939300075173378
2013-04-18,0.01939300075173378
2013-04-19,0.01939300075173378
2013-04-22,0.01939300075173378
2013-04-23,0.01939300075173378
2013-04-24,0.01939300075173378
2013-04-26,0.01939300075173378
2013-04-29,0.01939300075173378
2013-04-30,0.01939300075173378
2013-05-01,0.01939300075173378
2013-05-02,0.01939300075173378
2013-05-03,0.01939300075173378
2013-05-06,0.01939300075173378
2013-05-07,0.01939300075173378
2013-05-08,0.01939300075173378
2013-05-09,0.01939300075173378
2013-05-10,0.01939300075173378
2013-05-13,0.01939300075173378
2013-05-14,0.01939300075173378
2013-05-15,0.02133299969136715
2013-05-16,0.02133299969136715
2013-05-17,0.02133299969136715
2013-05-20,0.02133299969136715
2013-05-21,0.02133299969136715
2013-05-22,0.02133299969136715
2013-05-23,0.02133299969136715
2013-05-24,0.026180999353528023
2013-05-27,0.026180999353528023
2013-05-28,0.026180999353528023
2013-05-29,0.026180999353528023
2013-05-30,0.026180999353528023
2013-05-31,0.026180999353528023
2013-06-03,0.026180999353528023
2013-06-04,0.026180999353528023
2013-06-05,0.026180999353528023
2013-06-06,0.026180999353528023
2013-06-07,0.026180999353528023
2013-06-11,0.026180999353528023
2013-06-12,0.026180999353528023
2013-06-13,0.026180999353528023
2013-06-14,0.026180999353528023
2013-06-17,0.026180999353528023
2013-06-18,0.026180999353528023
2013-06-19,0.026180999353528023
2013-06-20,0.026180999353528023
2013-06-21,0.026180999353528023
2013-06-24,0.026180999353528023
2013-06-25,0.026180999353528023
2013-06-26,0.026180999353528023
2013-06-27,0.026180999353528023
2013-06-28,0.026180999353528023
2013-07-01,0.026180999353528023
2013-07-02,0.026180999353528023
2013-07-03,0.026180999353528023
2013-07-04,0.026180999353528023
2013-07-05,0.026180999353528023
2013-07-08,0.026180999353528023
2013-07-09,0.026180999353528023
2013-07-10,0.026180999353528023
2013-07-11,0.026180999353528023
2013-07-12,0.026180999353528023
2013-07-15,0.026180999353528023
2013-07-16,0.026180999353528023
2013-07-17,0.026180999353528023
2013-07-18,0.026180999353528023
2013-07-19,0.026180999353528023
2013-07-22,0.026180999353528023
2013-07-23,0.026180999353528023
2013-07-24,0.026180999353528023
2013-07-25,0.026180999353528023
2013-07-26,0.026180999353528023
2013-07-29,0.026180999353528023
2013-07-30,0.026180999353528023
2013-07-31,0.026180999353528023
2013-08-01,0.026180999353528023
2013-08-02,0.026180999353528023
2013-08-05,0.026180999353528023
2013-08-06,0.026180999353528023
2013-08-07,0.026180999353528023
2013-08-08,0.026180999353528023
2013-08-09,0.026180999353528023
2013-08-12,0.026180999353528023
2013-08-13,0.026180999353528023
2013-08-14,0.026180999353528023
2013-08-15,0.026180999353528023
2013-08-16,0.026180999353528023
2013-08-19,0.026180999353528023
2013-08-20,0.026180999353528023
2013-08-21,0.026180999353528023
2013-08-22,0.026180999353528023
2013-08-23,0.026180999353528023
2013-08-26,0.026180999353528023
2013-08-27,0.026180999353528023
2013-08-28,0.026180999353528023
2013-08-29,0.026180999353528023
2013-08-30,0.026180999353528023
2013-09-02,0.026180999353528023
2013-09-03,0.026180999353528023
2013-09-04,0.026180999353528023
2013-09-05,0.026180999353528023
2013-09-06,0.026180999353528023
2013-09-09,0.026180999353528023
2013-09-10,0.026180999353528023
2013-09-11,0.026180999353528023
2013-09-12,0.026180999353528023
2013-09-13,0.026180999353528023
2013-09-16,0.026180999353528023
2013-09-17,0.026180999353528023
2013-09-18,0.026180999353528023
2013-09-19,0.026180999353528023
2013-09-20,0.026180999353528023
2013-09-23,0.026180999353528023
2013-09-24,0.026180999353528023
2013-09-25,0.026180999353528023
2013-09-26,0.026180999353528023
2013-09-27,0.026180999353528023
2013-09-30,0.026180999353528023
2013-10-01,0.026180999353528023
2013-10-02,0.026180999353528023
2013-10-03,0.026180999353528023
2013-10-04,0.026180999353528023
2013-10-07,0.026180999353528023
2013-10-08,0.026180999353528023
2013-10-09,0.026180999353528023
2013-10-10,0.026180999353528023
2013-10-11,0.026180999353528023
2013-10-14,0.026180999353528023
2013-10-15,0.026180999353528023
2013-10-16,0.026180999353528023
2013-10-17,0.026180999353528023
2013-10-18,0.026180999353528023
2013-10-21,0.026180999353528023
2013-10-22,0.026180999353528023
2013-10-23,0.026180999353528023
2013-10-24,0.026180999353528023
2013-10-25,0.026180999353528023
2013-10-28,0.026180999353528023
2013-10-29,0.026180999353528023
2013-10-30,0.026180999353528023
2013-10-31,0.026180999353528023
2013-11-01,0.026180999353528023
2013-11-04,0.026180999353528023
2013-11-05,0.026180999353528023
2013-11-06,0.026180999353528023
2013-11-07,0.026180999353528023
2013-11-08,0.026180999353528023
2013-11-11,0.026180999353528023
2013-11-12,0.026180999353528023
2013-11-13,0.026180999353528023
2013-11-14,0.026180999353528023
2013-11-15,0.026180999353528023
2013-11-18,0.026180999353528023
2013-11-19,0.026180999353528023
2013-11-20,0.026180999353528023
2013-11-21,0.026180999353528023
2013-11-22,0.026180999353528023
2013-11-25,0.026180999353528023
2013-11-26,0.026180999353528023
2013-11-27,0.026180999353528023
2013-11-28,0.026180999353528023
2013-11-29,0.026180999353528023
2013-12-02,0.026180999353528023
2013-12-03,0.026180999353528023
2013-12-04,0.026180999353528023
2013-12-05,0.026180999353528023
2013-12-06,0.026180999353528023
2013-12-09,0.026180999353528023
2013-12-10,0.026180999353528023
2013-12-11,0.026180999353528023
2013-12-12,0.026180999353528023
2013-12-13,0.026180999353528023
2013-12-16,0.026180999353528023
2013-12-17,0.026180999353528023
2013-12-18,0.026180999353528023
2013-12-19,0.026180999353528023
2013-12-20,0.026180999353528023
2013-12-23,0.026180999353528023
2013-12-24,0.026180999353528023
2013-12-27,0.026180999353528023
2013-12-30,0.026180999353528023
2013-12-31,0.026180999353528023
2014-01-02,0.026180999353528023
2014-01-03,0.026180999353528023
2014-01-06,0.026180999353528023
2014-01-07,0.026180999353528023
2014-01-08,0.026180999353528023
2014-01-09,0.009696000255644321
2014-01-10,0.009696000255644321
2014-01-13,0.011636000126600266
2014-01-14,0.013574999757111073
2014-01-15,0.011636000126600266
2014-01-16,0.011636000126600266
2014-01-17,0.011636000126600266
2014-01-20,0.011636000126600266
2014-01-21,0.011636000126600266
2014-01-22,0.011636000126600266
2014-01-23,0.011636000126600266
2014-01-24,0.011636000126600266
2014-01-28,0.015514999628067017
2014-01-29,0.015514999628067017
2014-01-30,0.015514999628067017
2014-01-31,0.015514999628067017
2014-02-03,0.015514999628067017
2014-02-04,0.015514999628067017
2014-02-05,0.015514999628067017
2014-02-06,0.015514999628067017
2014-02-07,0.015514999628067017
2014-02-10,0.015514999628067017
2014-02-11,0.015514999628067017
2014-02-12,0.015514999628067017
2014-02-13,0.015514999628067017
2014-02-14,0.015514999628067017
2014-02-17,0.015514999628067017
2014-02-18,0.015514999628067017
2014-02-19,0.015514999628067017
2014-02-20,0.017454000189900398
2014-02-21,0.018424000591039658
2014-02-24,0.017454000189900398
2014-02-25,0.017454000189900398
2014-02-26,0.017454000189900398
2014-02-27,0.017454000189900398
2014-02-28,0.017454000189900398
2014-03-03,0.017454000189900398
2014-03-04,0.017454000189900398
2014-03-05,0.017454000189900398
2014-03-06,0.017454000189900398
2014-03-07,0.017454000189900398
2014-03-10,0.017454000189900398
2014-03-11,0.017454000189900398
2014-03-12,0.017454000189900398
2014-03-13,0.017454000189900398
2014-03-14,0.017454000189900398
2014-03-17,0.017454000189900398
2014-03-18,0.015514999628067017
2014-03-19,0.015514999628067017
2014-03-20,0.015514999628067017
2014-03-21,0.015514999628067017
2014-03-24,0.015514999628067017
2014-03-25,0.015514999628067017
2014-03-26,0.015514999628067017
2014-03-27,0.015514999628067017
2014-03-28,0.015514999628067017
2014-03-31,0.014545000158250332
2014-04-01,0.014545000158250332
2014-04-02,0.014545000158250332
2014-04-03,0.014545000158250332
2014-04-04,0.014545000158250332
2014-04-07,0.014545000158250332
2014-04-08,0.014545000158250332
2014-04-09,0.014545000158250332
2014-04-10,0.014545000158250332
2014-04-11,0.014545000158250332
2014-04-14,0.014545000158250332
2014-04-15,0.014545000158250332
2014-04-16,0.014545000158250332
2014-04-17,0.014545000158250332
2014-04-22,0.014545000158250332
2014-04-23,0.014545000158250332
2014-04-24,0.014545000158250332
2014-04-28,0.014545000158250332
2014-04-29,0.014545000158250332
2014-04-30,0.014545000158250332
2014-05-01,0.014545000158250332
2014-05-02,0.014545000158250332
2014-05-05,0.014545000158250332
2014-05-06,0.014545000158250332
2014-05-07,0.011636000126600266
2014-05-08,0.011636000126600266
2014-05-09,0.011636000126600266
2014-05-12,0.011636000126600266
2014-05-13,0.011636000126600266
2014-05-14,0.011636000126600266
2014-05-15,0.011636000126600266
2014-05-16,0.011636000126600266
2014-05-19,0.011636000126600266
2014-05-20,0.011636000126600266
2014-05-21,0.011636000126600266
2014-05-22,0.011636000126600266
2014-05-23,0.011636000126600266
2014-05-26,0.011636000126600266
2014-05-27,0.011636000126600266
2014-05-28,0.011636000126600266
2014-05-29,0.011636000126600266
2014-05-30,0.011636000126600266
2014-06-02,0.011636000126600266
2014-06-03,0.011636000126600266
2014-06-04,0.011636000126600266
2014-06-05,0.011636000126600266
2014-06-06,0.011636000126600266
2014-06-10,0.011636000126600266
2014-06-11,0.011636000126600266
2014-06-12,0.011636000126600266
2014-06-13,0.011636000126600266
2014-06-16,0.011636000126600266
2014-06-17,0.011636000126600266
2014-06-18,0.011636000126600266
2014-06-19,0.011636000126600266
2014-06-20,0.011636000126600266
2014-06-23,0.011636000126600266
2014-06-24,0.011636000126600266
2014-06-25,0.011636000126600266
2014-06-26,0.011636000126600266
2014-06-27,0.011636000126600266
2014-06-30,0.011636000126600266
2014-07-01,0.011636000126600266
2014-07-02,0.011636000126600266
2014-07-03,0.011636000126600266
2014-07-04,0.011636000126600266
2014-07-07,0.011636000126600266
2014-07-08,0.011636000126600266
2014-07-09,0.011636000126600266
2014-07-10,0.011636000126600266
2014-07-11,0.011636000126600266
2014-07-14,0.011636000126600266
2014-07-15,0.011636000126600266
2014-07-16,0.009696000255644321
2014-07-17,0.009696000255644321
2014-07-18,0.009696000255644321
2014-07-21,0.009696000255644321
2014-07-22,0.009696000255644321
2014-07-23,0.009696000255644321
2014-07-24,0.009696000255644321
2014-07-25,0.009696000255644321
2014-07-28,0.009696000255644321
2014-07-29,0.009696000255644321
2014-07-30,0.009696000255644321
2014-07-31,0.009696000255644321
2014-08-01,0.009696000255644321
2014-08-04,0.009696000255644321
2014-08-05,0.009696000255644321
2014-08-06,0.009696000255644321
2014-08-07,0.009696000255644321
2014-08-08,0.009696000255644321
2014-08-11,0.009696000255644321
2014-08-12,0.009696000255644321
2014-08-13,0.009696000255644321
2014-08-14,0.013574999757111073
2014-08-15,0.013574999757111073
2014-08-18,0.013574999757111073
2014-08-19,0.013574999757111073
2014-08-20,0.013574999757111073
2014-08-21,0.013574999757111073
2014-08-22,0.013574999757111073
2014-08-25,0.013574999757111073
2014-08-26,0.013574999757111073
2014-08-27,0.013574999757111073
2014-08-28,0.013574999757111073
2014-08-29,0.013574999757111073
2014-09-01,0.013574999757111073
2014-09-02,0.013574999757111073
2014-09-03,0.013574999757111073
2014-09-04,0.013574999757111073
2014-09-05,0.013574999757111073
2014-09-08,0.013574999757111073
2014-09-09,0.013574999757111073
2014-09-10,0.013574999757111073
2014-09-11,0.013574999757111073
2014-09-12,0.013574999757111073
2014-09-15,0.014545000158250332
2014-09-16,0.014545000158250332
2014-09-17,0.014545000158250332
2014-09-18,0.014545000158250332
2014-09-19,0.01939300075173378
2014-09-22,0.01939300075173378
2014-09-23,0.01939300075173378
2014-09-24,0.01939300075173378
2014-09-25,0.01939300075173378
2014-09-26,0.01939300075173378
2014-09-29,0.01939300075173378
2014-09-30,0.01939300075173378
2014-10-01,0.01939300075173378
2014-10-02,0.01939300075173378
2014-10-03,0.01939300075173378
2014-10-06,0.01939300075173378
2014-10-07,0.01939300075173378
2014-10-08,0.01939300075173378
2014-10-09,0.01939300075173378
2014-10-10,0.01939300075173378
2014-10-13,0.014545000158250332
2014-10-14,0.014545000158250332
2014-10-15,0.014545000158250332
2014-10-16,0.014545000158250332
2014-10-17,0.014545000158250332
2014-10-20,0.014545000158250332
2014-10-21,0.014545000158250332
2014-10-22,0.014545000158250332
2014-10-23,0.014545000158250332
2014-10-24,0.014545000158250332
2014-10-27,0.014545000158250332
2014-10-28,0.014545000158250332
2014-10-29,0.014545000158250332
2014-10-30,0.014545000158250332
2014-10-31,0.014545000158250332
2014-11-03,0.014545000158250332
2014-11-04,0.014545000158250332
2014-11-05,0.014545000158250332
2014-11-06,0.014545000158250332
2014-11-07,0.014545000158250332
2014-11-10,0.014545000158250332
2014-11-11,0.014545000158250332
2014-11-12,0.014545000158250332
2014-11-13,0.014545000158250332
2014-11-14,0.014545000158250332
2014-11-17,0.014545000158250332
2014-11-18,0.014545000158250332
2014-11-19,0.014545000158250332
2014-11-20,0.014545000158250332
2014-11-21,0.014545000158250332
2014-11-24,0.014545000158250332
2014-11-25,0.014545000158250332
2014-11-26,0.014545000158250332
2014-11-27,0.014545000158250332
2014-11-28,0.014545000158250332
2014-12-01,0.014545000158250332
2014-12-02,0.014545000158250332
2014-12-03,0.014545000158250332
2014-12-04,0.014545000158250332
2014-12-05,0.014545000158250332
2014-12-08,0.014545000158250332
2014-12-09,0.014545000158250332
2014-12-10,0.014545000158250332
2014-12-11,0.014545000158250332
2014-12-12,0.014545000158250332
2014-12-15,0.014545000158250332
2014-12-16,0.014545000158250332
2014-12-17,0.014545000158250332
2014-12-18,0.014545000158250332
2014-12-19,0.014545000158250332
2014-12-22,0.014545000158250332
2014-12-23,0.014545000158250332
2014-12-24,0.014545000158250332
2014-12-29,0.014545000158250332
2014-12-30,0.014545000158250332
2014-12-31,0.014545000158250332
2015-01-02,0.014545000158250332
2015-01-05,0.014545000158250332
2015-01-06,0.014545000158250332
2015-01-07,0.014545000158250332
2015-01-08,0.011636000126600266
2015-01-09,0.011636000126600266
2015-01-12,0.011636000126600266
2015-01-13,0.011636000126600266
2015-01-14,0.011636000126600266
2015-01-15,0.011636000126600266
2015-01-16,0.011636000126600266
2015-01-19,0.011636000126600266
2015-01-20,0.011636000126600266
2015-01-21,0.011636000126600266
2015-01-22,0.011636000126600266
2015-01-23,0.011636000126600266
2015-01-27,0.011636000126600266
2015-01-28,0.011636000126600266
2015-01-29,0.011636000126600266
2015-01-30,0.011636000126600266
2015-02-02,0.011636000126600266
2015-02-03,0.011636000126600266
2015-02-04,0.011636000126600266
2015-02-05,0.011636000126600266
2015-02-06,0.011636000126600266
2015-02-09,0.011636000126600266
2015-02-10,0.011636000126600266
2015-02-11,0.011636000126600266
2015-02-12,0.011636000126600266
2015-02-13,0.011636000126600266
2015-02-16,0.011636000126600266
2015-02-17,0.011636000126600266
2015-02-18,0.011636000126600266
2015-02-19,0.011636000126600266
2015-02-20,0.011636000126600266
2015-02-23,0.011636000126600266
2015-02-24,0.011636000126600266
2015-02-25,0.011636000126600266
2015-02-26,0.011636000126600266
2015-02-27,0.011636000126600266
2015-03-02,0.011636000126600266
2015-03-03,0.008727000094950199
2015-03-04,0.008727000094950199
2015-03-05,0.008727000094950199
2015-03-06,0.008727000094950199
2015-03-09,0.008727000094950199
2015-03-10,0.008727000094950199
2015-03-11,0.008727000094950199
2015-03-12,0.008727000094950199
2015-03-13,0.008727000094950199
2015-03-16,0.005818000063300133
2015-03-17,0.005818000063300133
2015-03-18,0.005818000063300133
2015-03-19,0.005818000063300133
2015-03-20,0.005818000063300133
2015-03-23,0.005818000063300133
2015-03-24,0.005818000063300133
2015-03-25,0.005818000063300133
2015-03-26,0.005818000063300133
2015-03-27,0.005818000063300133
2015-03-30,0.005818000063300133
2015-03-31,0.005818000063300133
2015-04-01,0.005818000063300133
2015-04-02,0.005818000063300133
2015-04-07,0.005818000063300133
2015-04-08,0.005818000063300133
2015-04-09,0.005818000063300133
2015-04-10,0.005818000063300133
2015-04-13,0.005818000063300133
2015-04-14,0.005818000063300133
2015-04-15,0.005818000063300133
2015-04-16,0.005818000063300133
2015-04-17,0.005818000063300133
2015-04-20,0.005818000063300133
2015-04-21,0.005818000063300133
2015-04-22,0.005818000063300133
2015-04-23,0.005818000063300133
2015-04-24,0.005818000063300133
2015-04-27,0.005818000063300133
2015-04-28,0.005818000063300133
2015-04-29,0.005818000063300133
2015-04-30,0.005818000063300133
2015-05-01,0.005818000063300133
2015-05-04,0.005818000063300133
2015-05-05,0.005818000063300133
2015-05-06,0.005818000063300133
2015-05-07,0.005818000063300133
2015-05-08,0.005818000063300133
2015-05-11,0.005818000063300133
2015-05-12,0.005818000063300133
2015-05-13,0.009696000255644321
2015-05-14,0.009696000255644321
2015-05-15,0.009696000255644321
2015-05-18,0.009696000255644321
2015-05-19,0.009696000255644321
2015-05-20,0.009696000255644321
2015-05-21,0.009696000255644321
2015-05-22,0.009696000255644321
2015-05-25,0.009696000255644321
2015-05-26,0.009696000255644321
2015-05-27,0.009696000255644321
2015-05-28,0.009696000255644321
2015-05-29,0.009696000255644321
2015-06-01,0.009696000255644321
2015-06-02,0.009696000255644321
2015-06-03,0.009696000255644321
2015-06-04,0.009696000255644321
2015-06-05,0.009696000255644321
2015-06-09,0.009696000255644321
2015-06-10,0.009696000255644321
2015-06-11,0.009696000255644321
2015-06-12,0.009696000255644321
2015-06-15,0.009696000255644321
2015-06-16,0.009696000255644321
2015-06-17,0.009696000255644321
2015-06-18,0.007757000159472227
2015-06-19,0.007757000159472227
2015-06-22,0.007757000159472227
2015-06-23,0.007757000159472227
2015-06-24,0.007757000159472227
2015-06-25,0.007757000159472227
2015-06-26,0.008727000094950199
2015-06-29,0.008727000094950199
2015-06-30,0.008727000094950199
2015-07-01,0.008727000094950199
2015-07-02,0.008727000094950199
2015-07-03,0.008727000094950199
2015-07-06,0.008727000094950199
2015-07-07,0.008727000094950199
2015-07-08,0.008727000094950199
2015-07-09,0.008727000094950199
2015-07-10,0.008727000094950199
2015-07-13,0.008727000094950199
2015-07-14,0.008727000094950199
2015-07-15,0.008727000094950199
2015-07-16,0.008727000094950199
2015-07-17,0.008727000094950199
2015-07-20,0.008727000094950199
2015-07-21,0.008727000094950199
2015-07-22,0.008727000094950199
2015-07-23,0.008727000094950199
2015-07-24,0.008727000094950199
2015-07-27,0.008727000094950199
2015-07-28,0.008727000094950199
2015-07-29,0.008727000094950199
2015-07-30,0.008727000094950199
2015-07-31,0.008727000094950199
2015-08-03,0.008727000094950199
2015-08-04,0.008727000094950199
2015-08-05,0.008727000094950199
2015-08-06,0.008727000094950199
2015-08-07,0.008727000094950199
2015-08-10,0.008727000094950199
2015-08-11,0.008727000094950199
2015-08-12,0.008727000094950199
2015-08-13,0.008727000094950199
2015-08-14,0.008727000094950199
2015-08-17,0.008727000094950199
2015-08-18,0.008727000094950199
2015-08-19,0.008727000094950199
2015-08-20,0.008727000094950199
2015-08-21,0.008727000094950199
2015-08-24,0.008727000094950199
2015-08-25,0.008727000094950199
2015-08-26,0.008727000094950199
2015-08-27,0.008727000094950199
2015-08-28,0.008727000094950199
2015-08-31,0.008727000094950199
2015-09-01,0.008727000094950199
2015-09-02,0.008727000094950199
2015-09-03,0.008727000094950199
2015-09-04,0.008727000094950199
2015-09-07,0.006787000223994255
2015-09-08,0.006787000223994255
2015-09-09,0.006787000223994255
2015-09-10,0.006787000223994255
2015-09-11,0.006787000223994255
2015-09-14,0.006787000223994255
2015-09-15,0.006787000223994255
2015-09-16,0.006787000223994255
2015-09-17,0.006787000223994255
2015-09-18,0.006787000223994255
2015-09-21,0.006787000223994255
2015-09-22,0.006787000223994255
2015-09-23,0.006787000223994255
2015-09-24,0.006787000223994255
2015-09-25,0.006787000223994255
2015-09-28,0.006787000223994255
2015-09-29,0.006787000223994255
2015-09-30,0.006787000223994255
2015-10-01,0.006787000223994255
2015-10-02,0.006787000223994255
2015-10-05,0.006787000223994255
2015-10-06,0.006787000223994255
2015-10-07,0.006787000223994255
2015-10-08,0.006787000223994255
2015-10-09,0.006787000223994255
2015-10-12,0.006787000223994255
2015-10-13,0.006787000223994255
2015-10-14,0.006787000223994255
2015-10-15,0.006787000223994255
2015-10-16,0.006787000223994255
2015-10-19,0.006787000223994255
2015-10-20,0.006787000223994255
2015-10-21,0.006787000223994255
2015-10-22,0.006787000223994255
2015-10-23,0.006787000223994255
2015-10-26,0.006787000223994255
2015-10-27,0.006787000223994255
2015-10-28,0.006787000223994255
2015-10-29,0.006787000223994255
2015-10-30,0.006787000223994255
2015-11-02,0.006787000223994255
2015-11-03,0.006787000223994255
2015-11-04,0.006787000223994255
2015-11-05,0.006787000223994255
2015-11-06,0.006787000223994255
2015-11-09,0.006787000223994255
2015-11-10,0.006787000223994255
2015-11-11,0.006787000223994255
2015-11-12,0.006787000223994255
2015-11-13,0.006787000223994255
2015-11-16,0.008727000094950199
2015-11-17,0.006787000223994255
2015-11-18,0.006787000223994255
2015-11-19,0.006787000223994255
2015-11-20,0.006787000223994255
2015-11-23,0.006787000223994255
2015-11-24,0.006787000223994255
2015-11-25,0.006787000223994255
2015-11-26,0.006787000223994255
2015-11-27,0.006787000223994255
2015-11-30,0.006787000223994255
2015-12-01,0.008727000094950199
2015-12-02,0.008727000094950199
2015-12-03,0.008727000094950199
2015-12-04,0.008727000094950199
2015-12-07,0.008727000094950199
2015-12-08,0.008727000094950199
2015-12-09,0.009696000255644321
2015-12-10,0.009696000255644321
2015-12-11,0.009696000255644321
2015-12-14,0.009696000255644321
2015-12-15,0.009696000255644321
2015-12-16,0.009696000255644321
2015-12-17,0.009696000255644321
2015-12-18,0.014545000158250332
2015-12-21,0.014545000158250332
2015-12-22,0.014545000158250332
2015-12-23,0.014545000158250332
2015-12-24,0.014545000158250332
2015-12-28,0.014545000158250332
2015-12-29,0.014545000158250332
2015-12-30,0.014545000158250332
2015-12-31,0.014545000158250332
2016-01-04,0.014545000158250332
2016-01-05,0.014545000158250332
2016-01-06,0.014545000158250332
2016-01-07,0.014545000158250332
2016-01-08,0.01260599959641695
2016-01-11,0.01260599959641695
2016-01-12,0.01260599959641695
2016-01-13,0.01260599959641695
2016-01-14,0.010665999725461006
2016-01-15,0.010665999725461006
2016-01-18,0.010665999725461006
2016-01-19,0.01260599959641695
2016-01-20,0.01260599959641695
2016-01-21,0.01260599959641695
2016-01-22,0.01260599959641695
2016-01-25,0.01260599959641695
2016-01-27,0.01260599959641695
2016-01-28,0.01648399978876114
2016-01-29,0.01648399978876114
2016-02-01,0.01648399978876114
2016-02-02,0.01648399978876114
2016-02-03,0.01648399978876114
2016-02-04,0.01260599959641695
2016-02-05,0.014545000158250332
2016-02-08,0.014545000158250332
2016-02-09,0.014545000158250332
2016-02-10,0.01648399978876114
2016-02-11,0.01648399978876114
2016-02-12,0.01648399978876114
2016-02-15,0.01648399978876114
2016-02-16,0.01648399978876114
2016-02-17,0.01648399978876114
2016-02-18,0.01648399978876114
2016-02-19,0.01648399978876114
2016-02-22,0.01648399978876114
2016-02-23,0.01648399978876114
2016-02-24,0.01648399978876114
2016-02-25,0.01648399978876114
2016-02-26,0.014545000158250332
2016-02-29,0.014545000158250332
2016-03-01,0.014545000158250332
2016-03-02,0.015514999628067017
2016-03-03,0.015514999628067017
2016-03-04,0.015514999628067017
2016-03-07,0.014545000158250332
2016-03-08,0.01939300075173378
2016-03-09,0.01939300075173378
2016-03-10,0.01939300075173378
2016-03-11,0.01939300075173378
2016-03-14,0.01939300075173378
2016-03-15,0.01939300075173378
2016-03-16,0.01939300075173378
2016-03-17,0.01939300075173378
2016-03-18,0.018424000591039658
2016-03-21,0.014545000158250332
2016-03-22,0.014545000158250332
2016-03-23,0.014545000158250332
2016-03-24,0.014545000158250332
2016-03-29,0.014545000158250332
2016-03-30,0.014545000158250332
2016-03-31,0.014545000158250332
2016-04-01,0.014545000158250332
2016-04-04,0.014545000158250332
2016-04-05,0.014545000158250332
2016-04-06,0.014545000158250332
2016-04-07,0.014545000158250332
2016-04-08,0.014545000158250332
2016-04-11,0.014545000158250332
2016-04-12,0.018424000591039658
2016-04-13,0.02812100015580654
2016-04-14,0.02812100015580654
2016-04-15,0.02812100015580654
2016-04-18,0.02424200065433979
2016-04-19,0.02424200065433979
2016-04-20,0.02424200065433979
2016-04-21,0.029090000316500664
2016-04-22,0.027150999754667282
2016-04-26,0.027150999754667282
2016-04-27,0.029090000316500664
2016-04-28,0.029090000316500664
2016-04-29,0.029090000316500664
2016-05-02,0.029090000316500664
2016-05-03,0.029090000316500664
2016-05-04,0.029090000316500664
2016-05-05,0.029090000316500664
2016-05-06,0.029090000316500664
2016-05-09,0.029090000316500664
2016-05-10,0.031029999256134033
2016-05-11,0.029090000316500664
2016-05-12,0.029090000316500664
2016-05-13,0.029090000316500664
2016-05-16,0.030060000717639923
2016-05-17,0.031029999256134033
2016-05-18,0.033939000219106674
2016-05-19,0.033939000219106674
2016-05-20,0.033939000219106674
2016-05-23,0.033939000219106674
2016-05-24,0.03878699988126755
2016-05-25,0.03878699988126755
2016-05-26,0.03878699988126755
2016-05-27,0.03878699988126755
2016-05-30,0.03878699988126755
2016-05-31,0.03878699988126755
2016-06-01,0.03878699988126755
2016-06-02,0.033939000219106674
2016-06-03,0.033939000219106674
2016-06-06,0.033939000219106674
2016-06-07,0.033939000219106674
2016-06-08,0.033939000219106674
2016-06-09,0.033939000219106674
2016-06-10,0.033939000219106674
2016-06-14,0.033939000219106674
2016-06-15,0.033939000219106674
2016-06-16,0.033939000219106674
2016-06-17,0.033939000219106674
2016-06-20,0.034908998757600784
2016-06-21,0.034908998757600784
2016-06-22,0.033939000219106674
2016-06-23,0.033939000219106674
2016-06-24,0.033939000219106674
2016-06-27,0.033939000219106674
2016-06-28,0.033939000219106674
2016-06-29,0.033939000219106674
2016-06-30,0.033939000219106674
2016-07-01,0.02812100015580654
2016-07-04,0.02812100015580654
2016-07-05,0.029090000316500664
2016-07-06,0.033939000219106674
2016-07-07,0.033939000219106674
2016-07-08,0.029090000316500664
2016-07-11,0.029090000316500664
2016-07-12,0.031029999256134033
2016-07-13,0.031029999256134033
2016-07-14,0.033939000219106674
2016-07-15,0.031029999256134033
2016-07-18,0.031029999256134033
2016-07-19,0.029090000316500664
2016-07-20,0.029090000316500664
2016-07-21,0.029090000316500664
2016-07-22,0.031029999256134033
2016-07-25,0.03200000151991844
2016-07-26,0.03200000151991844
2016-07-27,0.027150999754667282
2016-07-28,0.03200000151991844
2016-07-29,0.03200000151991844
2016-08-01,0.030060000717639923
2016-08-02,0.03200000151991844
2016-08-03,0.03200000151991844
2016-08-04,0.03200000151991844
2016-08-05,0.03200000151991844
2016-08-08,0.03200000151991844
2016-08-09,0.03200000151991844
2016-08-10,0.03200000151991844
2016-08-11,0.03200000151991844
2016-08-12,0.03200000151991844
2016-08-15,0.03200000151991844
2016-08-16,0.027000000700354576
2016-08-17,0.027000000700354576
2016-08-18,0.027000000700354576
2016-08-19,0.027000000700354576
2016-08-22,0.02500000037252903
2016-08-23,0.02500000037252903
2016-08-24,0.024000000208616257
2016-08-25,0.024000000208616257
2016-08-26,0.02199999988079071
2016-08-29,0.023000000044703484
2016-08-30,0.023000000044703484
2016-08-31,0.019999999552965164
2016-09-01,0.01899999938905239
2016-09-02,0.01600000075995922
2016-09-05,0.01600000075995922
2016-09-06,0.01600000075995922
2016-09-07,0.01899999938905239
2016-09-08,0.01899999938905239
2016-09-09,0.01899999938905239
2016-09-12,0.01899999938905239
2016-09-13,0.017000000923871994
2016-09-14,0.017000000923871994
2016-09-15,0.017000000923871994
2016-09-16,0.020999999716877937
2016-09-19,0.02500000037252903
2016-09-20,0.027000000700354576
2016-09-21,0.032999999821186066
2016-09-22,0.032999999821186066
2016-09-23,0.032999999821186066
2016-09-26,0.032999999821186066
2016-09-27,0.02500000037252903
2016-09-28,0.02500000037252903
2016-09-29,0.02500000037252903
2016-09-30,0.02500000037252903
2016-10-03,0.02500000037252903
2016-10-04,0.027000000700354576
2016-10-05,0.028999999165534973
2016-10-06,0.028999999165534973
2016-10-07,0.03200000151991844
2016-10-10,0.03200000151991844
2016-10-11,0.03099999949336052
2016-10-12,0.029999999329447746
2016-10-13,0.029999999329447746
2016-10-14,0.032999999821186066
2016-10-17,0.03099999949336052
2016-10-18,0.03099999949336052
2016-10-19,0.03500000014901161
2016-10-20,0.035999998450279236
2016-10-21,0.035999998450279236
2016-10-24,0.035999998450279236
2016-10-25,0.035999998450279236
2016-10-26,0.03099999949336052
2016-10-27,0.028999999165534973
2016-10-28,0.032999999821186066
2016-10-31,0.03099999949336052
2016-11-01,0.03099999949336052
2016-11-02,0.03400000184774399
2016-11-03,0.03400000184774399
2016-11-04,0.03099999949336052
2016-11-07,0.03500000014901161
2016-11-08,0.03500000014901161
2016-11-09,0.028999999165534973
2016-11-10,0.028999999165534973
2016-11-11,0.028999999165534973
2016-11-14,0.032999999821186066
2016-11-15,0.029999999329447746
2016-11-16,0.029999999329447746
2016-11-17,0.029999999329447746
2016-11-18,0.028999999165534973
2016-11-21,0.026000000536441803
2016-11-22,0.026000000536441803
2016-11-23,0.026000000536441803
2016-11-24,0.027000000700354576
2016-11-25,0.027000000700354576
2016-11-28,0.027000000700354576
2016-11-29,0.027000000700354576
2016-11-30,0.027000000700354576
2016-12-01,0.02500000037252903
2016-12-02,0.026000000536441803
2016-12-05,0.02500000037252903
2016-12-06,0.027000000700354576
2016-12-07,0.026000000536441803
2016-12-08,0.027000000700354576
2016-12-09,0.027000000700354576
2016-12-12,0.027000000700354576
2016-12-13,0.027000000700354576
2016-12-14,0.027000000700354576
2016-12-15,0.028999999165534973
2016-12-16,0.026000000536441803
2016-12-19,0.028999999165534973
2016-12-20,0.02800000086426735
2016-12-21,0.02800000086426735
2016-12-22,0.02800000086426735
2016-12-23,0.028999999165534973
2016-12-28,0.028999999165534973
2016-12-29,0.028999999165534973
2016-12-30,0.02800000086426735
2017-01-03,0.02800000086426735
2017-01-04,0.03099999949336052
2017-01-05,0.032999999821186066
2017-01-06,0.03099999949336052
2017-01-09,0.02800000086426735
2017-01-10,0.03200000151991844
2017-01-11,0.035999998450279236
2017-01-12,0.035999998450279236
2017-01-13,0.035999998450279236
2017-01-16,0.035999998450279236
2017-01-17,0.035999998450279236
2017-01-18,0.03999999910593033
2017-01-19,0.04500000178813934
2017-01-20,0.0430000014603138
2017-01-23,0.041999999433755875
2017-01-24,0.04399999976158142
2017-01-25,0.050999999046325684
2017-01-27,0.04699999839067459
2017-01-30,0.04600000008940697
2017-01-31,0.04600000008940697
2017-02-01,0.04399999976158142
2017-02-02,0.0430000014603138
2017-02-03,0.04399999976158142
2017-02-06,0.04100000113248825
2017-02-07,0.041999999433755875
2017-02-08,0.041999999433755875
2017-02-09,0.03999999910593033
2017-02-10,0.03999999910593033
2017-02-13,0.0430000014603138
2017-02-14,0.04100000113248825
2017-02-15,0.041999999433755875
2017-02-16,0.03999999910593033
2017-02-17,0.03999999910593033
2017-02-20,0.041999999433755875
2017-02-21,0.04500000178813934
2017-02-22,0.0430000014603138
2017-02-23,0.041999999433755875
2017-02-24,0.05299999937415123
2017-02-27,0.04800000041723251
2017-02-28,0.05000000074505806
2017-03-01,0.04500000178813934
2017-03-02,0.04699999839067459
2017-03-03,0.04399999976158142
2017-03-06,0.04399999976158142
2017-03-07,0.03999999910593033
2017-03-08,0.035999998450279236
2017-03-09,0.035999998450279236
2017-03-10,0.03500000014901161
2017-03-13,0.03799999877810478
2017-03-14,0.03500000014901161
2017-03-15,0.03500000014901161
2017-03-16,0.03999999910593033
2017-03-17,0.035999998450279236
2017-03-20,0.035999998450279236
2017-03-21,0.035999998450279236
2017-03-22,0.03500000014901161
2017-03-23,0.039000000804662704
2017-03-24,0.05000000074505806
2017-03-27,0.05400000140070915
2017-03-28,0.05000000074505806
2017-03-29,0.04500000178813934
2017-03-30,0.05000000074505806
2017-03-31,0.05000000074505806
2017-04-03,0.04500000178813934
2017-04-04,0.0430000014603138
2017-04-05,0.041999999433755875
2017-04-06,0.039000000804662704
2017-04-07,0.03999999910593033
2017-04-10,0.03799999877810478
2017-04-11,0.03999999910593033
2017-04-12,0.041999999433755875
2017-04-13,0.03999999910593033
2017-04-18,0.03700000047683716
2017-04-19,0.03700000047683716
2017-04-20,0.03500000014901161
2017-04-21,0.03500000014901161
2017-04-24,0.032999999821186066
2017-04-26,0.02800000086426735
2017-04-27,0.028999999165534973
2017-04-28,0.029999999329447746
2017-05-01,0.03500000014901161
2017-05-02,0.032999999821186066
2017-05-03,0.032999999821186066
2017-05-04,0.028999999165534973
2017-05-05,0.02800000086426735
2017-05-08,0.02800000086426735
2017-05-09,0.027000000700354576
2017-05-10,0.02800000086426735
2017-05-11,0.029999999329447746
2017-05-12,0.029999999329447746
2017-05-15,0.02800000086426735
2017-05-16,0.02800000086426735
2017-05-17,0.028999999165534973
2017-05-18,0.027000000700354576
2017-05-19,0.027000000700354576
2017-05-22,0.02500000037252903
2017-05-23,0.02500000037252903
2017-05-24,0.02800000086426735
2017-05-25,0.027000000700354576
2017-05-26,0.02500000037252903
2017-05-29,0.026000000536441803
2017-05-30,0.02500000037252903
2017-05-31,0.02500000037252903
2017-06-01,0.02500000037252903
2017-06-02,0.02500000037252903
2017-06-05,0.02500000037252903
2017-06-06,0.024000000208616257
2017-06-07,0.024000000208616257
2017-06-08,0.024000000208616257
2017-06-09,0.020999999716877937
2017-06-13,0.024000000208616257
2017-06-14,0.02199999988079071
2017-06-15,0.02199999988079071
2017-06-16,0.02199999988079071
2017-06-19,0.019999999552965164
2017-06-20,0.01899999938905239
2017-06-21,0.01899999938905239
2017-06-22,0.017999999225139618
2017-06-23,0.017999999225139618
2017-06-26,0.017999999225139618
2017-06-27,0.019999999552965164
2017-06-28,0.019999999552965164
2017-06-29,0.019999999552965164
2017-06-30,0.019999999552965164
2017-07-03,0.019999999552965164
2017-07-04,0.019999999552965164
2017-07-05,0.019999999552965164
2017-07-06,0.01899999938905239
2017-07-07,0.01899999938905239
2017-07-10,0.017000000923871994
2017-07-11,0.014000000432133675
2017-07-12,0.014999999664723873
2017-07-13,0.01600000075995922
2017-07-14,0.01600000075995922
2017-07-17,0.01600000075995922
2017-07-18,0.01600000075995922
2017-07-19,0.01600000075995922
2017-07-20,0.014999999664723873
2017-07-21,0.014000000432133675
2017-07-24,0.013000000268220901
2017-07-25,0.013000000268220901
2017-07-26,0.013000000268220901
2017-07-27,0.013000000268220901
2017-07-28,0.013000000268220901
2017-07-31,0.013000000268220901
2017-08-01,0.010999999940395355
2017-08-02,0.012000000104308128
2017-08-03,0.012000000104308128
2017-08-04,0.012000000104308128
2017-08-07,0.012000000104308128
2017-08-08,0.012000000104308128
2017-08-09,0.010999999940395355
2017-08-10,0.010999999940395355
2017-08-11,0.009999999776482582
2017-08-14,0.009999999776482582
2017-08-15,0.009999999776482582
2017-08-16,0.009999999776482582
2017-08-17,0.010999999940395355
2017-08-18,0.010999999940395355
2017-08-21,0.010999999940395355
2017-08-22,0.010999999940395355
2017-08-23,0.010999999940395355
2017-08-24,0.012000000104308128
2017-08-25,0.012000000104308128
2017-08-28,0.010999999940395355
2017-08-29,0.010999999940395355
2017-08-30,0.010999999940395355
2017-08-31,0.010999999940395355
2017-09-01,0.013000000268220901
2017-09-04,0.01600000075995922
2017-09-05,0.013000000268220901
2017-09-06,0.013000000268220901
2017-09-07,0.013000000268220901
2017-09-08,0.013000000268220901
2017-09-11,0.013000000268220901
2017-09-12,0.013000000268220901
2017-09-13,0.013000000268220901
2017-09-14,0.014000000432133675
2017-09-15,0.014999999664723873
2017-09-18,0.014000000432133675
2017-09-19,0.014000000432133675
2017-09-20,0.02800000086426735
2017-09-21,0.023000000044703484
2017-09-22,0.023000000044703484
2017-09-25,0.028999999165534973
2017-09-26,0.027000000700354576
2017-09-27,0.03400000184774399
2017-09-28,0.039000000804662704
2017-09-29,0.035999998450279236
2017-10-02,0.039000000804662704
2017-10-03,0.04399999976158142
2017-10-04,0.039000000804662704
2017-10-05,0.041999999433755875
2017-10-06,0.04100000113248825
2017-10-09,0.035999998450279236
2017-10-10,0.032999999821186066
2017-10-11,0.032999999821186066
2017-10-12,0.03400000184774399
2017-10-13,0.032999999821186066
2017-10-16,0.039000000804662704
2017-10-17,0.041999999433755875
2017-10-18,0.039000000804662704
2017-10-19,0.04100000113248825
2017-10-20,0.039000000804662704
2017-10-23,0.04100000113248825
2017-10-24,0.039000000804662704
2017-10-25,0.03700000047683716
2017-10-26,0.03799999877810478
2017-10-27,0.039000000804662704
2017-10-30,0.07999999821186066
2017-10-31,0.07800000160932541
2017-11-01,0.07900000363588333
2017-11-02,0.10000000149011612
2017-11-03,0.09200000017881393
2017-11-06,0.0949999988079071
2017-11-07,0.11999999731779099
2017-11-08,0.10499999672174454
2017-11-09,0.10999999940395355
2017-11-10,0.1550000011920929
2017-11-13,0.14000000059604645
2017-11-14,0.14000000059604645
2017-11-15,0.11500000208616257
2017-11-16,0.11999999731779099
2017-11-17,0.11500000208616257
2017-11-20,0.13500000536441803
2017-11-21,0.11999999731779099
2017-11-22,0.11500000208616257
2017-11-23,0.11500000208616257
2017-11-24,0.11500000208616257
2017-11-27,0.10999999940395355
2017-11-28,0.10999999940395355
2017-11-29,0.0989999994635582
2017-11-30,0.0949999988079071
2017-12-01,0.09700000286102295
2017-12-04,0.09200000017881393
2017-12-05,0.08799999952316284
2017-12-06,0.0820000022649765
2017-12-07,0.0820000022649765
2017-12-08,0.08399999886751175
2017-12-11,0.08500000089406967
2017-12-12,0.07900000363588333
2017-12-13,0.0729999989271164
2017-12-14,0.0949999988079071
2017-12-15,0.11999999731779099
2017-12-18,0.11999999731779099
2017-12-19,0.11500000208616257
2017-12-20,0.10999999940395355
2017-12-21,0.11500000208616257
2017-12-22,0.11999999731779099
2017-12-27,0.1550000011920929
2017-12-28,0.16500000655651093
2017-12-29,0.17000000178813934
2018-01-02,0.17499999701976776
2018-01-03,0.17000000178813934
2018-01-04,0.16500000655651093
2018-01-05,0.2199999988079071
2018-01-08,0.25999999046325684
2018-01-09,0.23000000417232513
2018-01-10,0.23499999940395355
2018-01-11,0.25
2018-01-12,0.2800000011920929
2018-01-15,0.26499998569488525
2018-01-16,0.24500000476837158
2018-01-17,0.23000000417232513
2018-01-18,0.24500000476837158
2018-01-19,0.2150000035762787
2018-01-22,0.18000000715255737
2018-01-23,0.20999999344348907
2018-01-24,0.2199999988079071
2018-01-25,0.25
2018-01-29,0.24500000476837158
2018-01-30,0.2199999988079071
2018-01-31,0.2199999988079071
2018-02-01,0.22499999403953552
2018-02-02,0.2150000035762787
2018-02-05,0.22499999403953552
2018-02-06,0.19499999284744263
2018-02-07,0.2150000035762787
2018-02-08,0.20499999821186066
2018-02-09,0.20999999344348907
2018-02-12,0.20000000298023224
2018-02-13,0.19499999284744263
2018-02-14,0.1899999976158142
2018-02-15,0.1899999976158142
2018-02-16,0.1899999976158142
2018-02-19,0.1899999976158142
2018-02-20,0.18000000715255737
2018-02-21,0.18000000715255737
2018-02-22,0.1850000023841858
2018-02-23,0.20999999344348907
2018-02-26,0.20499999821186066
2018-02-27,0.1899999976158142
2018-02-28,0.1850000023841858
2018-03-01,0.19499999284744263
2018-03-02,0.1899999976158142
2018-03-05,0.1850000023841858
2018-03-06,0.18000000715255737
2018-03-07,0.18000000715255737
2018-03-08,0.18000000715255737
2018-03-09,0.17499999701976776
2018-03-12,0.15000000596046448
2018-03-13,0.14499999582767487
2018-03-14,0.15000000596046448
2018-03-15,0.10499999672174454
2018-03-16,0.10499999672174454
2018-03-19,0.11500000208616257
2018-03-20,0.05900000035762787
2018-03-21,0.04899999871850014
2018-03-22,0.06199999898672104
2018-03-23,0.05700000002980232
2018-03-26,0.054999999701976776
2018-03-27,0.054999999701976776
2018-03-28,0.054999999701976776
2018-03-29,0.04899999871850014
2018-04-03,0.05000000074505806
2018-04-04,0.05000000074505806
2018-04-05,0.05000000074505806
2018-04-06,0.07500000298023224
2018-04-09,0.06800000369548798
2018-04-10,0.07000000029802322
2018-04-11,0.06800000369548798
2018-04-12,0.06700000166893005
2018-04-13,0.0689999982714653
2018-04-16,0.06800000369548798
2018-04-17,0.06599999964237213
2018-04-18,0.06499999761581421
2018-04-19,0.06499999761581421
2018-04-20,0.05900000035762787
2018-04-23,0.0560000017285347
2018-04-24,0.052000001072883606
2018-04-26,0.054999999701976776
2018-04-27,0.05299999937415123
2018-04-30,0.052000001072883606
2018-05-01,0.052000001072883606
2018-05-02,0.04899999871850014
2018-05-03,0.04500000178813934
2018-05-04,0.04399999976158142
2018-05-07,0.041999999433755875
2018-05-08,0.04100000113248825
2018-05-09,0.0430000014603138
2018-05-10,0.04500000178813934
2018-05-11,0.04600000008940697
2018-05-14,0.04800000041723251
2018-05-15,0.04600000008940697
2018-05-16,0.04600000008940697
2018-05-17,0.04699999839067459
2018-05-18,0.04600000008940697
2018-05-21,0.04500000178813934
2018-05-22,0.04399999976158142
2018-05-23,0.04399999976158142
2018-05-24,0.0430000014603138
2018-05-25,0.0430000014603138
2018-05-28,0.04399999976158142
2018-05-29,0.0430000014603138
2018-05-30,0.041999999433755875
2018-05-31,0.04399999976158142
2018-06-01,0.04399999976158142
2018-06-04,0.04399999976158142
2018-06-05,0.041999999433755875
2018-06-06,0.04399999976158142
2018-06-07,0.04399999976158142
2018-06-08,0.0430000014603138
2018-06-12,0.0430000014603138
2018-06-13,0.0430000014603138
2018-06-14,0.04399999976158142
2018-06-15,0.041999999433755875
2018-06-18,0.041999999433755875
2018-06-19,0.041999999433755875
2018-06-20,0.041999999433755875
2018-06-21,0.04100000113248825
2018-06-22,0.039000000804662704
2018-06-25,0.03700000047683716
2018-06-26,0.057999998331069946
2018-06-27,0.057999998331069946
2018-06-28,0.05299999937415123
2018-06-29,0.05400000140070915
2018-07-02,0.05700000002980232
2018-07-03,0.05999999865889549
2018-07-04,0.10000000149011612
2018-07-05,0.0949999988079071
2018-07-06,0.10999999940395355
2018-07-09,0.14499999582767487
2018-07-10,0.14499999582767487
2018-07-11,0.14499999582767487
2018-07-12,0.16500000655651093
2018-07-13,0.15000000596046448
2018-07-16,0.14000000059604645
2018-07-17,0.14499999582767487
2018-07-18,0.125
2018-07-19,0.125
2018-07-20,0.125
2018-07-23,0.11500000208616257
2018-07-24,0.11999999731779099
2018-07-25,0.10000000149011612
2018-07-26,0.11500000208616257
2018-07-27,0.125
2018-07-30,0.11999999731779099
2018-07-31,0.11999999731779099
2018-08-01,0.10999999940395355
2018-08-02,0.10499999672174454
2018-08-03,0.10999999940395355
2018-08-06,0.10999999940395355
2018-08-07,0.10999999940395355
2018-08-08,0.10499999672174454
2018-08-09,0.10499999672174454
2018-08-10,0.10499999672174454
2018-08-13,0.10000000149011612
2018-08-14,0.10000000149011612
2018-08-15,0.10499999672174454
2018-08-16,0.10499999672174454
2018-08-17,0.10999999940395355
2018-08-20,0.11500000208616257
2018-08-21,0.10999999940395355
2018-08-22,0.10999999940395355
2018-08-23,0.10499999672174454
2018-08-24,0.10499999672174454
2018-08-27,0.10499999672174454
2018-08-28,0.10499999672174454
2018-08-29,0.10999999940395355
2018-08-30,0.10999999940395355
2018-08-31,0.10999999940395355
2018-09-03,0.10499999672174454
2018-09-04,0.10000000149011612
2018-09-05,0.10000000149011612
2018-09-06,0.10000000149011612
2018-09-07,0.0949999988079071
2018-09-10,0.09200000017881393
2018-09-11,0.09200000017881393
2018-09-12,0.0820000022649765
2018-09-13,0.08699999749660492
2018-09-14,0.08799999952316284
2018-09-17,0.08799999952316284
2018-09-18,0.08399999886751175
2018-09-19,0.08399999886751175
2018-09-20,0.08699999749660492
2018-09-21,0.0860000029206276
2018-09-24,0.08500000089406967
2018-09-25,0.0860000029206276
2018-09-26,0.08399999886751175
2018-09-27,0.07800000160932541
2018-09-28,0.07900000363588333
2018-10-01,0.07599999755620956
2018-10-02,0.07599999755620956
2018-10-03,0.10000000149011612
2018-10-04,0.09000000357627869
2018-10-05,0.09399999678134918
2018-10-08,0.09200000017881393
2018-10-09,0.08699999749660492
2018-10-10,0.08699999749660492
2018-10-11,0.0820000022649765
2018-10-12,0.08299999684095383
2018-10-15,0.08100000023841858
2018-10-16,0.07599999755620956
2018-10-17,0.07400000095367432
2018-10-18,0.07500000298023224
2018-10-19,0.07500000298023224
2018-10-22,0.0729999989271164
2018-10-23,0.07199999690055847
2018-10-24,0.07400000095367432
2018-10-25,0.0729999989271164
2018-10-26,0.07199999690055847
2018-10-29,0.0729999989271164
2018-10-30,0.0729999989271164
2018-10-31,0.07500000298023224
2018-11-01,0.07400000095367432
2018-11-02,0.07800000160932541
2018-11-05,0.07900000363588333
2018-11-06,0.07900000363588333
2018-11-07,0.09000000357627869
2018-11-08,0.08100000023841858
2018-11-09,0.09000000357627869
2018-11-12,0.0820000022649765
2018-11-13,0.07999999821186066
2018-11-14,0.09300000220537186
2018-11-15,0.08500000089406967
2018-11-16,0.09000000357627869
2018-11-19,0.09000000357627869
2018-11-20,0.08699999749660492
2018-11-21,0.08399999886751175
2018-11-22,0.08299999684095383
2018-11-23,0.0820000022649765
2018-11-26,0.07800000160932541
2018-11-27,0.07800000160932541
2018-11-28,0.07999999821186066
2018-11-29,0.07699999958276749
2018-11-30,0.07699999958276749
2018-12-03,0.07699999958276749
2018-12-04,0.0729999989271164
2018-12-05,0.07199999690055847
2018-12-06,0.07000000029802322
2018-12-07,0.07000000029802322
2018-12-10,0.06700000166893005
2018-12-11,0.06300000101327896
2018-12-12,0.06499999761581421
2018-12-13,0.06400000303983688
2018-12-14,0.0689999982714653
2018-12-17,0.06700000166893005
2018-12-18,0.06700000166893005
2018-12-19,0.06599999964237213
2018-12-20,0.06199999898672104
2018-12-21,0.061000000685453415
2018-12-24,0.061000000685453415
2018-12-27,0.06599999964237213
2018-12-28,0.07699999958276749
2018-12-31,0.0729999989271164
2019-01-02,0.07699999958276749
2019-01-03,0.07800000160932541
2019-01-04,0.07400000095367432
2019-01-07,0.07500000298023224
2019-01-08,0.07999999821186066
2019-01-09,0.07599999755620956
2019-01-10,0.07599999755620956
2019-01-11,0.07800000160932541
2019-01-14,0.07500000298023224
2019-01-15,0.07599999755620956
2019-01-16,0.0729999989271164
2019-01-17,0.0729999989271164
2019-01-18,0.0729999989271164
2019-01-21,0.0729999989271164
2019-01-22,0.07199999690055847
2019-01-23,0.07000000029802322
2019-01-24,0.06499999761581421
2019-01-25,0.0689999982714653
2019-01-29,0.07000000029802322
2019-01-30,0.06700000166893005
2019-01-31,0.06599999964237213
2019-02-01,0.06599999964237213
2019-02-04,0.0729999989271164
2019-02-05,0.07100000232458115
2019-02-06,0.07500000298023224
2019-02-07,0.08100000023841858
2019-02-08,0.08500000089406967
2019-02-11,0.08799999952316284
2019-02-12,0.08900000154972076
2019-02-13,0.0860000029206276
2019-02-14,0.08500000089406967
2019-02-15,0.0820000022649765
2019-02-18,0.0820000022649765
2019-02-19,0.08100000023841858
2019-02-20,0.08299999684095383
2019-02-21,0.0820000022649765
2019-02-22,0.08299999684095383
2019-02-25,0.08500000089406967
2019-02-26,0.08299999684095383
2019-02-27,0.08699999749660492
2019-02-28,0.08299999684095383
2019-03-01,0.07900000363588333
2019-03-04,0.08100000023841858
2019-03-05,0.07500000298023224
2019-03-06,0.07500000298023224
2019-03-07,0.07599999755620956
2019-03-08,0.07900000363588333
2019-03-11,0.08100000023841858
2019-03-12,0.07599999755620956
2019-03-13,0.07400000095367432
2019-03-14,0.07500000298023224
2019-03-15,0.07699999958276749
2019-03-18,0.07000000029802322
2019-03-19,0.07000000029802322
2019-03-20,0.07000000029802322
2019-03-21,0.0689999982714653
2019-03-22,0.06599999964237213
2019-03-25,0.06599999964237213
2019-03-26,0.0729999989271164
2019-03-27,0.0689999982714653
2019-03-28,0.0689999982714653
2019-03-29,0.0689999982714653
2019-04-01,0.0729999989271164
2019-04-02,0.07000000029802322
2019-04-03,0.07000000029802322
2019-04-04,0.0729999989271164
2019-04-05,0.0689999982714653
2019-04-08,0.07400000095367432
2019-04-09,0.07000000029802322
2019-04-10,0.06400000303983688
2019-04-11,0.06300000101327896
2019-04-12,0.05999999865889549
2019-04-15,0.05999999865889549
2019-04-16,0.05999999865889549
2019-04-17,0.057999998331069946
2019-04-18,0.057999998331069946
2019-04-23,0.057999998331069946
2019-04-24,0.057999998331069946
2019-04-26,0.05900000035762787
2019-04-29,0.05999999865889549
2019-04-30,0.05900000035762787
2019-05-01,0.05999999865889549
2019-05-02,0.05900000035762787
2019-05-03,0.05900000035762787
2019-05-06,0.05900000035762787
2019-05-07,0.05999999865889549
2019-05-08,0.057999998331069946
2019-05-09,0.05900000035762787
2019-05-10,0.06199999898672104
2019-05-13,0.05999999865889549
2019-05-14,0.05900000035762787
2019-05-15,0.057999998331069946
2019-05-16,0.05900000035762787
2019-05-17,0.05700000002980232
2019-05-20,0.05400000140070915
2019-05-21,0.05400000140070915
2019-05-22,0.05400000140070915
2019-05-23,0.05400000140070915
2019-05-24,0.0560000017285347
2019-05-27,0.05299999937415123
2019-05-28,0.05400000140070915
2019-05-29,0.05000000074505806
2019-05-30,0.04899999871850014
2019-05-31,0.04800000041723251
2019-06-03,0.07100000232458115
2019-06-04,0.05999999865889549
2019-06-05,0.05900000035762787
2019-06-06,0.057999998331069946
2019-06-07,0.05900000035762787
2019-06-11,0.05400000140070915
2019-06-12,0.05400000140070915
2019-06-13,0.05999999865889549
2019-06-14,0.05999999865889549
2019-06-17,0.061000000685453415
2019-06-18,0.05700000002980232
2019-06-19,0.054999999701976776
2019-06-20,0.05400000140070915
2019-06-21,0.05299999937415123
2019-06-24,0.050999999046325684
2019-06-25,0.05000000074505806
2019-06-26,0.04899999871850014
2019-06-27,0.04800000041723251
2019-06-28,0.04600000008940697
2019-07-01,0.05000000074505806
2019-07-02,0.04800000041723251
2019-07-03,0.05000000074505806
2019-07-04,0.04800000041723251
2019-07-05,0.04899999871850014
2019-07-08,0.04699999839067459
2019-07-09,0.04600000008940697
2019-07-10,0.04500000178813934
2019-07-11,0.04699999839067459
2019-07-12,0.04399999976158142
2019-07-15,0.04800000041723251
2019-07-16,0.04600000008940697
2019-07-17,0.04600000008940697
2019-07-18,0.04500000178813934
2019-07-19,0.04699999839067459
2019-07-22,0.04600000008940697
2019-07-23,0.04500000178813934
2019-07-24,0.0430000014603138
2019-07-25,0.0430000014603138
2019-07-26,0.041999999433755875
2019-07-29,0.04100000113248825
2019-07-30,0.0430000014603138
2019-07-31,0.04100000113248825
2019-08-01,0.03999999910593033
2019-08-02,0.03999999910593033
2019-08-05,0.03700000047683716
2019-08-06,0.035999998450279236
2019-08-07,0.03799999877810478
2019-08-08,0.03700000047683716
2019-08-09,0.03700000047683716
2019-08-12,0.03700000047683716
2019-08-13,0.03700000047683716
2019-08-14,0.039000000804662704
2019-08-15,0.035999998450279236
2019-08-16,0.03500000014901161
2019-08-19,0.03500000014901161
2019-08-20,0.03500000014901161
2019-08-21,0.035999998450279236
2019-08-22,0.03700000047683716
2019-08-23,0.03500000014901161
2019-08-26,0.03500000014901161
2019-08-27,0.032999999821186066
2019-08-28,0.03200000151991844
2019-08-29,0.03099999949336052
2019-08-30,0.03200000151991844
2019-09-02,0.03099999949336052
2019-09-03,0.03099999949336052
2019-09-04,0.03799999877810478
2019-09-05,0.03999999910593033
2019-09-06,0.03700000047683716
2019-09-09,0.039000000804662704
2019-09-10,0.035999998450279236
2019-09-11,0.03700000047683716
2019-09-12,0.03799999877810478
2019-09-13,0.03799999877810478
2019-09-16,0.03999999910593033
2019-09-17,0.03999999910593033
2019-09-18,0.03999999910593033
2019-09-19,0.039000000804662704
2019-09-20,0.03700000047683716
2019-09-23,0.035999998450279236
2019-09-24,0.039000000804662704
2019-09-25,0.03700000047683716
2019-09-26,0.039000000804662704
2019-09-27,0.03700000047683716
2019-09-30,0.039000000804662704
2019-10-01,0.03999999910593033
2019-10-02,0.039000000804662704
2019-10-03,0.039000000804662704
2019-10-04,0.03799999877810478
2019-10-07,0.03799999877810478
2019-10-08,0.03700000047683716
2019-10-09,0.03799999877810478
2019-10-10,0.03799999877810478
2019-10-11,0.03799999877810478
2019-10-14,0.035999998450279236
2019-10-15,0.03500000014901161
2019-10-16,0.032999999821186066
2019-10-17,0.032999999821186066
2019-10-18,0.03099999949336052
2019-10-21,0.03200000151991844
2019-10-22,0.03200000151991844
2019-10-23,0.03400000184774399
2019-10-24,0.03500000014901161
2019-10-25,0.03200000151991844
2019-10-28,0.03500000014901161
2019-10-29,0.032999999821186066
2019-10-30,0.032999999821186066
2019-10-31,0.03400000184774399
2019-11-01,0.032999999821186066
2019-11-04,0.03200000151991844
2019-11-05,0.032999999821186066
2019-11-06,0.032999999821186066
2019-11-07,0.03200000151991844
2019-11-08,0.03099999949336052
2019-11-11,0.03200000151991844
2019-11-12,0.03099999949336052
2019-11-13,0.032999999821186066
2019-11-14,0.03099999949336052
2019-11-15,0.029999999329447746
2019-11-18,0.029999999329447746
2019-11-19,0.029999999329447746
2019-11-20,0.029999999329447746
2019-11-21,0.028999999165534973
2019-11-22,0.029999999329447746
2019-11-25,0.029999999329447746
2019-11-26,0.028999999165534973
2019-11-27,0.028999999165534973
2019-11-28,0.028999999165534973
2019-11-29,0.028999999165534973
2019-12-02,0.02800000086426735
2019-12-03,0.028999999165534973
2019-12-04,0.027000000700354576
2019-12-05,0.027000000700354576
2019-12-06,0.027000000700354576
2019-12-09,0.027000000700354576
2019-12-10,0.02800000086426735
2019-12-11,0.026000000536441803
2019-12-12,0.028999999165534973
2019-12-13,0.02800000086426735
2019-12-16,0.027000000700354576
2019-12-17,0.027000000700354576
2019-12-18,0.027000000700354576
2019-12-19,0.026000000536441803
2019-12-20,0.02800000086426735
2019-12-23,0.026000000536441803
2019-12-24,0.02800000086426735
2019-12-27,0.02800000086426735
2019-12-30,0.02800000086426735
2019-12-31,0.027000000700354576
2020-01-02,0.02800000086426735
2020-01-03,0.027000000700354576
2020-01-06,0.026000000536441803
2020-01-07,0.026000000536441803
2020-01-08,0.026000000536441803
2020-01-09,0.028999999165534973
2020-01-10,0.03099999949336052
2020-01-13,0.039000000804662704
2020-01-14,0.039000000804662704
2020-01-15,0.03999999910593033
2020-01-16,0.035999998450279236
2020-01-17,0.035999998450279236
2020-01-20,0.035999998450279236
2020-01-21,0.03700000047683716
2020-01-22,0.03700000047683716
2020-01-23,0.035999998450279236
2020-01-24,0.035999998450279236
2020-01-28,0.03400000184774399
2020-01-29,0.039000000804662704
2020-01-30,0.035999998450279236
2020-01-31,0.03500000014901161
2020-02-03,0.03500000014901161
2020-02-04,0.03500000014901161
2020-02-05,0.03700000047683716
2020-02-06,0.03500000014901161
2020-02-07,0.035999998450279236
2020-02-10,0.03400000184774399
2020-02-11,0.032999999821186066
2020-02-12,0.032999999821186066
2020-02-13,0.032999999821186066
2020-02-14,0.032999999821186066
2020-02-17,0.03099999949336052
2020-02-18,0.029999999329447746
2020-02-19,0.029999999329447746
2020-02-20,0.029999999329447746
2020-02-21,0.029999999329447746
2020-02-24,0.029999999329447746
2020-02-25,0.02800000086426735
2020-02-26,0.027000000700354576
2020-02-27,0.028999999165534973
2020-02-28,0.02500000037252903
2020-03-02,0.02199999988079071
2020-03-03,0.026000000536441803
2020-03-04,0.027000000700354576
2020-03-05,0.029999999329447746
2020-03-06,0.028999999165534973
2020-03-09,0.023000000044703484
2020-03-10,0.02199999988079071
2020-03-11,0.026000000536441803
2020-03-12,0.02500000037252903
2020-03-13,0.02199999988079071
2020-03-16,0.019999999552965164
2020-03-17,0.020999999716877937
2020-03-18,0.019999999552965164
2020-03-19,0.017999999225139618
2020-03-20,0.01899999938905239
2020-03-23,0.01600000075995922
2020-03-24,0.014999999664723873
2020-03-25,0.01600000075995922
2020-03-26,0.017000000923871994
2020-03-27,0.017000000923871994
2020-03-30,0.01600000075995922
2020-03-31,0.017999999225139618
2020-04-01,0.017999999225139618
2020-04-02,0.017999999225139618
2020-04-03,0.017999999225139618
2020-04-06,0.017999999225139618
2020-04-07,0.017999999225139618
2020-04-08,0.017999999225139618
2020-04-09,0.017999999225139618
2020-04-14,0.017999999225139618
2020-04-15,0.017999999225139618
2020-04-16,0.017999999225139618
2020-04-17,0.017999999225139618
2020-04-20,0.017999999225139618
2020-04-21,0.017999999225139618
2020-04-22,0.017999999225139618
2020-04-23,0.017999999225139618
2020-04-24,0.017999999225139618
2020-04-27,0.017999999225139618
2020-04-28,0.017999999225139618
2020-04-29,0.017999999225139618
2020-04-30,0.017999999225139618
2020-05-01,0.017999999225139618
2020-05-04,0.017999999225139618
2020-05-05,0.024000000208616257
2020-05-06,0.017000000923871994
2020-05-07,0.017999999225139618
2020-05-08,0.017000000923871994
2020-05-11,0.017000000923871994
2020-05-12,0.017000000923871994
2020-05-13,0.019999999552965164
2020-05-14,0.020999999716877937
2020-05-15,0.02199999988079071
2020-05-18,0.023000000044703484
2020-05-19,0.029999999329447746
2020-05-20,0.04699999839067459
2020-05-21,0.04699999839067459
2020-05-22,0.04699999839067459
2020-05-25,0.04699999839067459
2020-05-26,0.04699999839067459
2020-05-27,0.04699999839067459
2020-05-28,0.04699999839067459
2020-05-29,0.04699999839067459
2020-06-01,0.04699999839067459
2020-06-02,0.04699999839067459
2020-06-03,0.04699999839067459
2020-06-04,0.04699999839067459
2020-06-05,0.035999998450279236
2020-06-09,0.035999998450279236
2020-06-10,0.035999998450279236
2020-06-11,0.035999998450279236
2020-06-12,0.035999998450279236
2020-06-15,0.035999998450279236
2020-06-16,0.028999999165534973
2020-06-17,0.028999999165534973
2020-06-18,0.029999999329447746
2020-06-19,0.028999999165534973
2020-06-22,0.027000000700354576
2020-06-23,0.02500000037252903
2020-06-24,0.024000000208616257
2020-06-25,0.023000000044703484
2020-06-26,0.02199999988079071
2020-06-29,0.024000000208616257
2020-06-30,0.02500000037252903
2020-07-01,0.02500000037252903
2020-07-02,0.023000000044703484
2020-07-03,0.024000000208616257
2020-07-06,0.023000000044703484
2020-07-07,0.023000000044703484
2020-07-08,0.023000000044703484
2020-07-09,0.023000000044703484
2020-07-10,0.023000000044703484
2020-07-13,0.02500000037252903
2020-07-14,0.024000000208616257
2020-07-15,0.023000000044703484
2020-07-16,0.023000000044703484
2020-07-17,0.023000000044703484
2020-07-20,0.023000000044703484
2020-07-21,0.019999999552965164
2020-07-22,0.020999999716877937
2020-07-23,0.020999999716877937
2020-07-24,0.020999999716877937
2020-07-27,0.01899999938905239
2020-07-28,0.019500000402331352
2020-07-29,0.019999999552965164
2020-07-30,0.019999999552965164
2020-07-31,0.019999999552965164
2020-08-03,0.01899999938905239
2020-08-04,0.01899999938905239
2020-08-05,0.019500000402331352
2020-08-06,0.019999999552965164
2020-08-07,0.019500000402331352
2020-08-10,0.019999999552965164
2020-08-11,0.019999999552965164
2020-08-12,0.019500000402331352
2020-08-13,0.019500000402331352
2020-08-14,0.02250000089406967
2020-08-17,0.02199999988079071
2020-08-18,0.026000000536441803
2020-08-19,0.024000000208616257
2020-08-20,0.024000000208616257
2020-08-21,0.023000000044703484
2020-08-24,0.023000000044703484
2020-08-25,0.02199999988079071
2020-08-26,0.02199999988079071
2020-08-27,0.023000000044703484
2020-08-28,0.023000000044703484
2020-08-31,0.020999999716877937
2020-09-01,0.020999999716877937
2020-09-02,0.020999999716877937
2020-09-03,0.020999999716877937
2020-09-04,0.019999999552965164
2020-09-07,0.01899999938905239
2020-09-08,0.01899999938905239
2020-09-09,0.01899999938905239
2020-09-10,0.01899999938905239
2020-09-11,0.01899999938905239
2020-09-14,0.01899999938905239
2020-09-15,0.017999999225139618
2020-09-16,0.01899999938905239
2020-09-17,0.01899999938905239
2020-09-18,0.01899999938905239
2020-09-21,0.01899999938905239
2020-09-22,0.01899999938905239
2020-09-23,0.02500000037252903
2020-09-24,0.023000000044703484
2020-09-25,0.024000000208616257
2020-09-28,0.023000000044703484
2020-09-29,0.03200000151991844
2020-09-30,0.026000000536441803
2020-10-01,0.02500000037252903
2020-10-02,0.023000000044703484
2020-10-05,0.024000000208616257
2020-10-06,0.028999999165534973
2020-10-07,0.028999999165534973
2020-10-08,0.03700000047683716
2020-10-09,0.039000000804662704
2020-10-12,0.035999998450279236
2020-10-13,0.03999999910593033
2020-10-14,0.03999999910593033
2020-10-15,0.03799999877810478
2020-10-16,0.03700000047683716
2020-10-19,0.03500000014901161
2020-10-20,0.03500000014901161
2020-10-21,0.03500000014901161
2020-10-22,0.03700000047683716
2020-10-23,0.035999998450279236
2020-10-26,0.035999998450279236
2020-10-27,0.03099999949336052
2020-10-28,0.03099999949336052
2020-10-29,0.028999999165534973
2020-10-30,0.02800000086426735
2020-11-02,0.028999999165534973
2020-11-03,0.029999999329447746
2020-11-04,0.032999999821186066
2020-11-05,0.03200000151991844
2020-11-06,0.03400000184774399
2020-11-09,0.03500000014901161
2020-11-10,0.03200000151991844
2020-11-11,0.032999999821186066
2020-11-12,0.03099999949336052
2020-11-13,0.03099999949336052
2020-11-16,0.032999999821186066
2020-11-17,0.032999999821186066
2020-11-18,0.032999999821186066
2020-11-19,0.032999999821186066
2020-11-20,0.03200000151991844
2020-11-23,0.03200000151991844
2020-11-24,0.03200000151991844
2020-11-25,0.03200000151991844
2020-11-26,0.03200000151991844
2020-11-27,0.03200000151991844
2020-11-30,0.029999999329447746
2020-12-01,0.029999999329447746
2020-12-02,0.029999999329447746
2020-12-03,0.03099999949336052
2020-12-04,0.03400000184774399
2020-12-07,0.032999999821186066
2020-12-08,0.032999999821186066
2020-12-09,0.03200000151991844
2020-12-10,0.029999999329447746
2020-12-11,0.03099999949336052
2020-12-14,0.03200000151991844
2020-12-15,0.03099999949336052
2020-12-16,0.03200000151991844
2020-12-17,0.03200000151991844
2020-12-18,0.029999999329447746
2020-12-21,0.029999999329447746
2020-12-22,0.029999999329447746
2020-12-23,0.028999999165534973
2020-12-24,0.03099999949336052
2020-12-29,0.02800000086426735
2020-12-30,0.02800000086426735
2020-12-31,0.028999999165534973
2021-01-04,0.03099999949336052
2021-01-05,0.03200000151991844
2021-01-06,0.03500000014901161
2021-01-07,0.035999998450279236
2021-01-08,0.03500000014901161
2021-01-11,0.03700000047683716
2021-01-12,0.035999998450279236
2021-01-13,0.04699999839067459
2021-01-14,0.061000000685453415
2021-01-15,0.05999999865889549
2021-01-18,0.10499999672174454
2021-01-19,0.08500000089406967
2021-01-20,0.10000000149011612
2021-01-21,0.09600000083446503
2021-01-22,0.09300000220537186
2021-01-25,0.09300000220537186
2021-01-27,0.10499999672174454
2021-01-28,0.125
2021-01-29,0.10000000149011612
2021-02-01,0.09700000286102295
2021-02-02,0.09700000286102295
2021-02-03,0.08900000154972076
2021-02-04,0.08799999952316284
2021-02-05,0.09099999815225601
2021-02-08,0.09300000220537186
2021-02-09,0.09399999678134918
2021-02-10,0.0949999988079071
2021-02-11,0.09399999678134918
2021-02-12,0.09300000220537186
2021-02-15,0.09300000220537186
2021-02-16,0.09000000357627869
2021-02-17,0.08900000154972076
2021-02-18,0.08299999684095383
2021-02-19,0.08399999886751175
2021-02-22,0.09099999815225601
2021-02-23,0.08500000089406967
2021-02-24,0.0820000022649765
2021-02-25,0.08299999684095383
2021-02-26,0.0820000022649765
2021-03-01,0.0820000022649765
2021-03-02,0.08100000023841858
2021-03-03,0.07500000298023224
2021-03-04,0.0689999982714653
2021-03-05,0.06700000166893005
2021-03-08,0.08500000089406967
2021-03-09,0.07500000298023224
2021-03-10,0.07599999755620956
2021-03-11,0.07699999958276749
2021-03-12,0.0820000022649765
2021-03-15,0.07699999958276749
2021-03-16,0.07900000363588333
2021-03-17,0.07699999958276749
2021-03-18,0.08100000023841858
2021-03-19,0.0949999988079071
2021-03-22,0.09600000083446503
2021-03-23,0.09000000357627869
2021-03-24,0.08500000089406967
2021-03-25,0.07999999821186066
2021-03-26,0.08100000023841858
2021-03-29,0.07999999821186066
2021-03-30,0.07900000363588333
2021-03-31,0.07699999958276749
2021-04-01,0.07800000160932541
2021-04-06,0.07900000363588333
2021-04-07,0.07699999958276749
2021-04-08,0.07800000160932541
2021-04-09,0.07900000363588333
2021-04-12,0.07699999958276749
2021-04-13,0.07800000160932541
2021-04-14,0.07800000160932541
2021-04-15,0.0820000022649765
2021-04-16,0.07900000363588333
2021-04-19,0.07699999958276749
2021-04-20,0.07699999958276749
2021-04-21,0.07500000298023224
2021-04-22,0.07500000298023224
2021-04-23,0.07500000298023224
2021-04-26,0.0729999989271164
2021-04-27,0.07100000232458115
2021-04-28,0.07199999690055847
2021-04-29,0.07400000095367432
2021-04-30,0.0729999989271164
2021-05-03,0.0729999989271164
2021-05-04,0.0729999989271164
2021-05-05,0.07100000232458115
2021-05-06,0.0689999982714653
2021-05-07,0.06599999964237213
2021-05-10,0.06400000303983688
2021-05-11,0.054999999701976776
2021-05-12,0.050999999046325684
2021-05-13,0.04899999871850014
2021-05-14,0.052000001072883606
2021-05-17,0.05400000140070915
2021-05-18,0.05299999937415123
2021-05-19,0.05299999937415123
2021-05-20,0.057999998331069946
2021-05-21,0.05700000002980232
2021-05-24,0.05400000140070915
2021-05-25,0.054999999701976776
2021-05-26,0.05400000140070915
2021-05-27,0.05400000140070915
2021-05-28,0.05999999865889549
2021-05-31,0.057999998331069946
2021-06-01,0.05900000035762787
2021-06-02,0.05999999865889549
2021-06-03,0.06499999761581421
2021-06-04,0.06300000101327896
2021-06-07,0.06199999898672104
2021-06-08,0.06300000101327896
2021-06-09,0.07500000298023224
2021-06-10,0.06800000369548798
2021-06-11,0.06700000166893005
2021-06-15,0.06700000166893005
2021-06-16,0.06700000166893005
2021-06-17,0.06599999964237213
2021-06-18,0.06400000303983688
2021-06-21,0.05999999865889549
2021-06-22,0.05999999865889549
2021-06-23,0.06199999898672104
2021-06-24,0.06199999898672104
2021-06-25,0.06300000101327896
2021-06-28,0.06499999761581421
2021-06-29,0.07000000029802322
2021-06-30,0.06300000101327896
2021-07-01,0.06599999964237213
2021-07-02,0.06800000369548798
2021-07-05,0.06599999964237213
2021-07-06,0.06700000166893005
2021-07-07,0.07000000029802322
2021-07-08,0.0729999989271164
2021-07-09,0.07000000029802322
2021-07-12,0.0729999989271164
2021-07-13,0.07699999958276749
2021-07-14,0.07599999755620956
2021-07-15,0.07199999690055847
2021-07-16,0.0729999989271164
2021-07-19,0.07599999755620956
2021-07-20,0.0729999989271164
2021-07-21,0.0729999989271164
2021-07-22,0.07500000298023224
2021-07-23,0.0729999989271164
2021-07-26,0.0729999989271164
2021-07-27,0.07100000232458115
2021-07-28,0.07100000232458115
2021-07-29,0.07100000232458115
2021-07-30,0.07100000232458115
2021-08-02,0.07500000298023224
2021-08-03,0.08299999684095383
2021-08-04,0.08500000089406967
2021-08-05,0.08299999684095383
2021-08-06,0.09200000017881393
2021-08-09,0.08799999952316284
2021-08-10,0.10499999672174454
2021-08-11,0.11500000208616257
2021-08-12,0.10999999940395355
2021-08-13,0.11500000208616257
2021-08-16,0.0989999994635582
2021-08-17,0.09099999815225601
2021-08-18,0.09099999815225601
2021-08-19,0.09000000357627869
2021-08-20,0.08299999684095383
2021-08-23,0.08500000089406967
2021-08-24,0.08799999952316284
2021-08-25,0.10000000149011612
2021-08-26,0.0949999988079071
2021-08-27,0.09200000017881393
2021-08-30,0.09600000083446503
2021-08-31,0.09399999678134918
2021-09-01,0.09399999678134918
2021-09-02,0.10000000149011612
2021-09-03,0.10000000149011612
2021-09-06,0.10000000149011612
2021-09-07,0.10249999910593033
2021-09-08,0.09799999743700027
2021-09-09,0.10999999940395355
2021-09-10,0.10999999940395355
2021-09-13,0.10999999940395355
2021-09-14,0.10999999940395355
2021-09-15,0.10999999940395355
2021-09-16,0.10000000149011612
2021-09-17,0.0949999988079071
2021-09-20,0.08900000154972076
2021-09-21,0.09200000017881393
2021-09-22,0.09000000357627869
2021-09-23,0.09099999815225601
2021-09-24,0.09200000017881393
2021-09-27,0.08900000154972076
2021-09-28,0.08799999952316284
2021-09-29,0.08699999749660492
2021-09-30,0.09000000357627869
2021-10-01,0.0860000029206276
2021-10-04,0.0860000029206276
2021-10-05,0.07999999821186066
2021-10-06,0.07699999958276749
2021-10-07,0.08699999749660492
2021-10-08,0.08399999886751175
2021-10-11,0.08399999886751175
2021-10-12,0.08100000023841858
2021-10-13,0.08699999749660492
2021-10-14,0.08699999749660492
2021-10-15,0.08699999749660492
2021-10-18,0.0860000029206276
2021-10-19,0.0860000029206276
2021-10-20,0.09000000357627869
2021-10-21,0.08900000154972076
2021-10-22,0.08900000154972076
2021-10-25,0.08799999952316284
2021-10-26,0.09700000286102295
2021-10-27,0.09399999678134918
2021-10-28,0.09200000017881393
2021-10-29,0.10000000149011612
2021-11-01,0.10499999672174454
2021-11-02,0.10499999672174454
2021-11-03,0.10999999940395355
2021-11-04,0.14000000059604645
2021-11-05,0.14499999582767487
2021-11-08,0.14499999582767487
2021-11-09,0.1550000011920929
2021-11-10,0.14000000059604645
2021-11-11,0.14499999582767487
2021-11-12,0.15000000596046448
2021-11-15,0.1599999964237213
2021-11-16,0.16500000655651093
2021-11-17,0.1550000011920929
2021-11-18,0.15000000596046448
2021-11-19,0.15000000596046448
2021-11-22,0.14499999582767487
2021-11-23,0.14000000059604645
2021-11-24,0.14000000059604645
2021-11-25,0.13500000536441803
2021-11-26,0.125
2021-11-29,0.12999999523162842
2021-11-30,0.125
2021-12-01,0.125
2021-12-02,0.11999999731779099
2021-12-03,0.11500000208616257
2021-12-06,0.10000000149011612
2021-12-07,0.10999999940395355
2021-12-08,0.11500000208616257
2021-12-09,0.10999999940395355
2021-12-10,0.11500000208616257
2021-12-13,0.11500000208616257
2021-12-14,0.10499999672174454
2021-12-15,0.10999999940395355
2021-12-16,0.10499999672174454
2021-12-17,0.10999999940395355
2021-12-20,0.10499999672174454
2021-12-21,0.10499999672174454
2021-12-22,0.10499999672174454
2021-12-23,0.10999999940395355
2021-12-24,0.10999999940395355
2021-12-29,0.125
2021-12-30,0.11999999731779099
2021-12-31,0.13500000536441803
2022-01-04,0.14499999582767487
2022-01-05,0.14499999582767487
2022-01-06,0.14000000059604645
2022-01-07,0.14000000059604645
2022-01-10,0.14000000059604645
2022-01-11,0.14000000059604645
2022-01-12,0.1599999964237213
2022-01-13,0.17000000178813934
2022-01-14,0.16500000655651093
2022-01-17,0.16500000655651093
2022-01-18,0.16500000655651093
2022-01-19,0.1550000011920929
2022-01-20,0.1599999964237213
2022-01-21,0.14499999582767487
2022-01-24,0.12999999523162842
2022-01-25,0.11500000208616257
2022-01-27,0.125
2022-01-28,0.125
2022-01-31,0.13500000536441803
2022-02-01,0.14000000059604645
2022-02-02,0.14000000059604645
2022-02-03,0.13500000536441803
2022-02-04,0.14000000059604645
2022-02-07,0.13500000536441803
2022-02-08,0.13500000536441803
2022-02-09,0.13500000536441803
2022-02-10,0.13500000536441803
2022-02-11,0.12999999523162842
2022-02-14,0.11999999731779099
2022-02-15,0.11999999731779099
2022-02-16,0.11999999731779099
2022-02-17,0.11999999731779099
2022-02-18,0.125
2022-02-21,0.11999999731779099
2022-02-22,0.10499999672174454
2022-02-23,0.11500000208616257
2022-02-24,0.10000000149011612
2022-02-25,0.10999999940395355
2022-02-28,0.10999999940395355
2022-03-01,0.11999999731779099
2022-03-02,0.11999999731779099
2022-03-03,0.11999999731779099
2022-03-04,0.125
2022-03-07,0.11999999731779099
2022-03-08,0.11500000208616257
2022-03-09,0.10999999940395355
2022-03-10,0.11500000208616257
2022-03-11,0.11500000208616257
2022-03-14,0.11500000208616257
2022-03-15,0.10499999672174454
2022-03-16,0.10999999940395355
2022-03-17,0.10999999940395355
2022-03-18,0.11500000208616257
2022-03-21,0.11999999731779099
2022-03-22,0.125
2022-03-23,0.14499999582767487
2022-03-24,0.13500000536441803
2022-03-25,0.14000000059604645
2022-03-28,0.13500000536441803
2022-03-29,0.14000000059604645
2022-03-30,0.15000000596046448
2022-03-31,0.1550000011920929
2022-04-01,0.16500000655651093
2022-04-04,0.17000000178813934
2022-04-05,0.1550000011920929
2022-04-06,0.1599999964237213
2022-04-07,0.14499999582767487
2022-04-08,0.1550000011920929
2022-04-11,0.15000000596046448
2022-04-12,0.14499999582767487
2022-04-13,0.15000000596046448
2022-04-14,0.14499999582767487
2022-04-19,0.14499999582767487
2022-04-20,0.14000000059604645
2022-04-21,0.14000000059604645
2022-04-22,0.12999999523162842
2022-04-26,0.13500000536441803
2022-04-27,0.13500000536441803
2022-04-28,0.13500000536441803
2022-04-29,0.14499999582767487
2022-05-02,0.13500000536441803
2022-05-03,0.13500000536441803
2022-05-04,0.11999999731779099
2022-05-05,0.125
2022-05-06,0.11500000208616257
2022-05-09,0.10999999940395355
2022-05-10,0.10499999672174454
2022-05-11,0.10999999940395355
2022-05-12,0.10499999672174454
2022-05-13,0.10999999940395355
2022-05-16,0.10999999940395355
2022-05-17,0.11999999731779099
2022-05-18,0.125
2022-05-19,0.11500000208616257
2022-05-20,0.11500000208616257
2022-05-23,0.11999999731779099
2022-05-24,0.11999999731779099
2022-05-25,0.125
2022-05-26,0.13500000536441803
2022-05-27,0.12999999523162842
2022-05-30,0.14499999582767487
2022-05-31,0.14499999582767487
2022-06-01,0.12999999523162842
2022-06-02,0.12999999523162842
2022-06-03,0.13500000536441803
2022-06-06,0.15000000596046448
2022-06-07,0.14000000059604645
2022-06-08,0.13500000536441803
2022-06-09,0.12999999523162842
2022-06-10,0.11500000208616257
2022-06-14,0.11500000208616257
2022-06-15,0.10999999940395355
2022-06-16,0.11500000208616257
2022-06-17,0.10499999672174454
2022-06-20,0.10000000149011612
2022-06-21,0.10499999672174454
2022-06-22,0.09200000017881393
2022-06-23,0.08799999952316284
2022-06-24,0.09200000017881393
2022-06-27,0.09700000286102295
2022-06-28,0.0989999994635582
2022-06-29,0.0949999988079071
2022-06-30,0.0949999988079071
2022-07-01,0.09399999678134918
2022-07-04,0.10000000149011612
2022-07-05,0.10499999672174454
2022-07-06,0.10499999672174454
2022-07-07,0.10499999672174454
2022-07-08,0.10999999940395355
2022-07-11,0.10999999940395355
2022-07-12,0.10999999940395355
2022-07-13,0.10999999940395355
2022-07-14,0.11500000208616257
2022-07-15,0.10999999940395355
2022-07-18,0.11500000208616257
2022-07-19,0.12999999523162842
2022-07-20,0.13500000536441803
2022-07-21,0.13500000536441803
2022-07-22,0.12999999523162842
2022-07-25,0.12999999523162842
2022-07-26,0.13500000536441803
2022-07-27,0.14000000059604645
2022-07-28,0.14000000059604645
2022-07-29,0.12999999523162842
2022-08-01,0.12999999523162842
2022-08-02,0.11999999731779099
2022-08-03,0.125
2022-08-04,0.13500000536441803
2022-08-05,0.13500000536441803
2022-08-08,0.14000000059604645
2022-08-09,0.15000000596046448
2022-08-10,0.15000000596046448
2022-08-11,0.15000000596046448
2022-08-12,0.15000000596046448
2022-08-15,0.1599999964237213
2022-08-16,0.1550000011920929
2022-08-17,0.15000000596046448
2022-08-18,0.14499999582767487
2022-08-19,0.14499999582767487
2022-08-22,0.20000000298023224
2022-08-23,0.17499999701976776
2022-08-24,0.20999999344348907
2022-08-25,0.26499998569488525
2022-08-26,0.25999999046325684
2022-08-29,0.2849999964237213
2022-08-30,0.3050000071525574
2022-08-31,0.35499998927116394
2022-09-01,0.32499998807907104
2022-09-02,0.3100000023841858
2022-09-05,0.2849999964237213
2022-09-06,0.30000001192092896
2022-09-07,0.29499998688697815
2022-09-08,0.41999998688697815
2022-09-09,0.38999998569488525
2022-09-12,0.3700000047683716
2022-09-13,0.41999998688697815
2022-09-14,0.42500001192092896
2022-09-15,0.42500001192092896
2022-09-16,0.38499999046325684
2022-09-19,0.36500000953674316
2022-09-20,0.38499999046325684
2022-09-21,0.36500000953674316
2022-09-23,0.35499998927116394
2022-09-26,0.29499998688697815
2022-09-27,0.30000001192092896
2022-09-28,0.2849999964237213
2022-09-29,0.32499998807907104
2022-09-30,0.29499998688697815
2022-10-03,0.2800000011920929
2022-10-04,0.3149999976158142
2022-10-05,0.32499998807907104
2022-10-06,0.3050000071525574
2022-10-07,0.3050000071525574
2022-10-10,0.30000001192092896
2022-10-11,0.28999999165534973
2022-10-12,0.29499998688697815
2022-10-13,0.2800000011920929
2022-10-14,0.2849999964237213
2022-10-17,0.2800000011920929
2022-10-18,0.3100000023841858
2022-10-19,0.3050000071525574
2022-10-20,0.28999999165534973
2022-10-21,0.28999999165534973
2022-10-24,0.30000001192092896
2022-10-25,0.3499999940395355
2022-10-26,0.33000001311302185
2022-10-27,0.3199999928474426
2022-10-28,0.3050000071525574
2022-10-31,0.3100000023841858
2022-11-01,0.3149999976158142
2022-11-02,0.3199999928474426
2022-11-03,0.30000001192092896
2022-11-04,0.30000001192092896
2022-11-07,0.29499998688697815
2022-11-08,0.2849999964237213
2022-11-09,0.2750000059604645
2022-11-10,0.25
2022-11-11,0.2549999952316284
2022-11-14,0.26499998569488525
2022-11-15,0.25
2022-11-16,0.23999999463558197
2022-11-17,0.23499999940395355
2022-11-18,0.23499999940395355
2022-11-21,0.23499999940395355
2022-11-22,0.24500000476837158
2022-11-23,0.24500000476837158
2022-11-24,0.23499999940395355
2022-11-25,0.23000000417232513
2022-11-28,0.22499999403953552
2022-11-29,0.2199999988079071
2022-11-30,0.23000000417232513
2022-12-01,0.23499999940395355
2022-12-02,0.22499999403953552
2022-12-05,0.2150000035762787
2022-12-06,0.2199999988079071
2022-12-07,0.2150000035762787
2022-12-08,0.20499999821186066
2022-12-09,0.20499999821186066
2022-12-12,0.20999999344348907
2022-12-13,0.20999999344348907
2022-12-14,0.2150000035762787
2022-12-15,0.20499999821186066
2022-12-16,0.19499999284744263
2022-12-19,0.19499999284744263
2022-12-20,0.1899999976158142
2022-12-21,0.1899999976158142
2022-12-22,0.19499999284744263
2022-12-23,0.19499999284744263
2022-12-28,0.17499999701976776
2022-12-29,0.17000000178813934
2022-12-30,0.1850000023841858
2023-01-03,0.18000000715255737
2023-01-04,0.1850000023841858
2023-01-05,0.1850000023841858
2023-01-06,0.2150000035762787
2023-01-09,0.2150000035762787
2023-01-10,0.20499999821186066
2023-01-11,0.20999999344348907
2023-01-12,0.22499999403953552
2023-01-13,0.20499999821186066
2023-01-16,0.20000000298023224
2023-01-17,0.1899999976158142
2023-01-18,0.1899999976158142
2023-01-19,0.1850000023841858
2023-01-20,0.18000000715255737
2023-01-23,0.1899999976158142
2023-01-24,0.1899999976158142
2023-01-25,0.25
2023-01-27,0.2849999964237213
2023-01-30,0.2750000059604645
2023-01-31,0.30000001192092896
2023-02-01,0.2750000059604645
2023-02-02,0.2800000011920929
2023-02-03,0.2750000059604645
2023-02-06,0.23999999463558197
2023-02-07,0.23000000417232513
2023-02-08,0.23499999940395355
2023-02-09,0.2199999988079071
2023-02-10,0.2150000035762787
2023-02-13,0.20499999821186066
2023-02-14,0.20999999344348907
2023-02-15,0.20499999821186066
2023-02-16,0.20000000298023224
2023-02-17,0.19499999284744263
2023-02-20,0.1899999976158142
2023-02-21,0.1899999976158142
2023-02-22,0.1899999976158142
2023-02-23,0.1899999976158142
2023-02-24,0.20499999821186066
2023-02-27,0.1899999976158142
2023-02-28,0.1899999976158142
2023-03-01,0.20000000298023224
2023-03-02,0.19499999284744263
2023-03-03,0.20000000298023224
2023-03-06,0.20999999344348907
2023-03-07,0.20999999344348907
2023-03-08,0.20499999821186066
2023-03-09,0.2150000035762787
2023-03-10,0.2199999988079071
2023-03-13,0.20999999344348907
2023-03-14,0.20999999344348907
2023-03-15,0.2199999988079071
2023-03-16,0.20999999344348907
2023-03-17,0.2150000035762787
2023-03-20,0.19499999284744263
2023-03-21,0.20000000298023224
2023-03-22,0.1899999976158142
2023-03-23,0.17499999701976776
2023-03-24,0.17499999701976776
2023-03-27,0.17499999701976776
2023-03-28,0.1850000023841858
2023-03-29,0.18000000715255737
2023-03-30,0.18000000715255737
2023-03-31,0.18000000715255737
2023-04-03,0.17499999701976776
2023-04-04,0.17000000178813934
2023-04-05,0.17000000178813934
2023-04-06,0.16500000655651093
2023-04-11,0.17499999701976776
2023-04-12,0.17499999701976776
2023-04-13,0.17000000178813934
2023-04-14,0.17499999701976776
2023-04-17,0.1899999976158142
2023-04-18,0.18000000715255737
2023-04-19,0.18000000715255737
2023-04-20,0.17499999701976776
2023-04-21,0.17000000178813934
2023-04-24,0.16500000655651093
2023-04-26,0.17000000178813934
2023-04-27,0.17000000178813934
2023-04-28,0.1899999976158142
2023-05-01,0.1850000023841858
2023-05-02,0.17499999701976776
2023-05-03,0.17499999701976776
2023-05-04,0.17499999701976776
2023-05-05,0.1850000023841858
2023-05-08,0.1899999976158142
2023-05-09,0.1850000023841858
2023-05-10,0.20999999344348907
2023-05-11,0.2150000035762787
2023-05-12,0.2199999988079071
2023-05-15,0.20499999821186066
2023-05-16,0.20000000298023224
2023-05-17,0.20000000298023224
2023-05-18,0.20999999344348907
2023-05-19,0.20999999344348907
2023-05-22,0.19499999284744263
2023-05-23,0.19499999284744263
2023-05-24,0.1850000023841858
2023-05-25,0.18000000715255737
2023-05-26,0.18000000715255737
2023-05-29,0.18000000715255737
2023-05-30,0.1850000023841858
2023-05-31,0.17499999701976776
2023-06-01,0.1850000023841858
2023-06-02,0.18000000715255737
2023-06-05,0.1850000023841858
2023-06-06,0.1850000023841858
2023-06-07,0.1850000023841858
2023-06-08,0.18000000715255737
2023-06-09,0.17499999701976776
2023-06-13,0.18000000715255737
2023-06-14,0.17499999701976776
2023-06-15,0.17000000178813934
2023-06-16,0.16500000655651093
2023-06-19,0.1599999964237213
2023-06-20,0.14499999582767487
2023-06-21,0.1599999964237213
2023-06-22,0.16500000655651093
2023-06-23,0.1550000011920929
2023-06-26,0.15000000596046448
2023-06-27,0.1599999964237213
2023-06-28,0.1550000011920929
2023-06-29,0.1550000011920929
2023-06-30,0.1550000011920929
2023-07-03,0.1599999964237213
2023-07-04,0.17000000178813934
2023-07-05,0.17000000178813934
2023-07-06,0.1599999964237213
2023-07-07,0.1599999964237213
2023-07-10,0.1599999964237213
2023-07-11,0.1599999964237213
2023-07-12,0.1550000011920929
2023-07-13,0.1599999964237213
2023-07-14,0.1599999964237213
2023-07-17,0.1550000011920929
2023-07-18,0.16500000655651093
2023-07-19,0.1599999964237213
2023-07-20,0.1599999964237213
2023-07-21,0.1599999964237213
2023-07-24,0.16500000655651093
2023-07-25,0.1550000011920929
2023-07-26,0.1550000011920929
2023-07-27,0.1550000011920929
2023-07-28,0.14499999582767487
2023-07-31,0.15000000596046448
2023-08-01,0.1550000011920929
2023-08-02,0.16500000655651093
2023-08-03,0.16500000655651093
2023-08-04,0.1599999964237213
2023-08-07,0.16500000655651093
2023-08-08,0.1599999964237213
2023-08-09,0.1599999964237213
2023-08-10,0.1599999964237213
2023-08-11,0.1599999964237213
2023-08-14,0.1550000011920929
2023-08-15,0.1550000011920929
2023-08-16,0.15000000596046448
2023-08-17,0.15000000596046448
2023-08-18,0.14499999582767487
2023-08-21,0.14499999582767487
2023-08-22,0.15000000596046448
2023-08-23,0.14499999582767487
2023-08-24,0.14000000059604645
2023-08-25,0.14499999582767487
2023-08-28,0.13500000536441803
2023-08-29,0.14000000059604645
2023-08-30,0.14000000059604645
2023-08-31,0.13500000536441803
2023-09-01,0.13750000298023224
2023-09-04,0.15000000596046448
2023-09-05,0.1550000011920929
2023-09-06,0.1599999964237213
2023-09-07,0.1550000011920929
2023-09-08,0.15000000596046448
2023-09-11,0.14000000059604645
2023-09-12,0.14000000059604645
2023-09-13,0.14499999582767487
2023-09-14,0.15000000596046448
2023-09-15,0.1599999964237213
2023-09-18,0.1550000011920929
2023-09-19,0.14499999582767487
2023-09-20,0.14499999582767487
2023-09-21,0.15000000596046448
2023-09-22,0.15000000596046448
2023-09-25,0.15000000596046448
2023-09-26,0.1550000011920929
2023-09-27,0.15000000596046448
2023-09-28,0.15000000596046448
2023-09-29,0.14000000059604645
2023-10-02,0.15000000596046448
2023-10-03,0.14499999582767487
2023-10-04,0.14000000059604645
2023-10-05,0.14000000059604645
2023-10-06,0.14499999582767487
2023-10-09,0.13500000536441803
2023-10-10,0.14000000059604645
2023-10-11,0.15000000596046448
2023-10-12,0.14499999582767487
2023-10-13,0.14499999582767487
2023-10-16,0.14499999582767487
2023-10-17,0.14000000059604645
2023-10-18,0.14000000059604645
2023-10-19,0.14499999582767487
2023-10-20,0.14499999582767487
2023-10-23,0.1550000011920929
2023-10-24,0.1599999964237213
2023-10-25,0.17000000178813934
2023-10-26,0.17499999701976776
2023-10-27,0.1599999964237213
2023-10-30,0.1599999964237213
2023-10-31,0.16500000655651093
2023-11-01,0.18000000715255737
2023-11-02,0.1899999976158142
2023-11-03,0.1850000023841858
2023-11-06,0.1850000023841858
2023-11-07,0.16500000655651093
2023-11-08,0.16500000655651093
2023-11-09,0.1599999964237213
2023-11-10,0.1599999964237213
2023-11-13,0.17000000178813934
2023-11-14,0.17499999701976776
2023-11-15,0.16500000655651093
2023-11-16,0.16500000655651093
2023-11-17,0.16500000655651093
2023-11-20,0.1599999964237213
2023-11-21,0.1550000011920929
2023-11-22,0.15000000596046448
2023-11-23,0.15000000596046448
2023-11-24,0.15000000596046448
2023-11-27,0.14499999582767487
2023-11-28,0.14499999582767487
2023-11-29,0.14499999582767487
2023-11-30,0.14499999582767487
2023-12-01,0.14499999582767487
2023-12-04,0.14499999582767487
2023-12-05,0.14499999582767487
2023-12-06,0.14000000059604645
2023-12-07,0.14000000059604645
2023-12-08,0.1550000011920929
2023-12-11,0.14000000059604645
2023-12-12,0.14499999582767487
2023-12-13,0.14000000059604645
2023-12-14,0.14499999582767487
2023-12-15,0.14000000059604645
2023-12-18,0.13500000536441803
2023-12-19,0.14000000059604645
2023-12-20,0.14000000059604645
2023-12-21,0.14000000059604645
2023-12-22,0.13500000536441803
2023-12-27,0.12999999523162842
2023-12-28,0.13500000536441803
2023-12-29,0.14000000059604645
2024-01-02,0.14499999582767487
2024-01-03,0.14000000059604645
2024-01-04,0.12999999523162842
2024-01-05,0.12999999523162842
2024-01-08,0.11500000208616257
2024-01-09,0.11500000208616257
2024-01-10,0.11999999731779099
2024-01-11,0.11500000208616257
2024-01-12,0.11500000208616257
2024-01-15,0.11500000208616257
2024-01-16,0.0989999994635582
2024-01-17,0.11500000208616257
2024-01-18,0.11500000208616257
2024-01-19,0.10999999940395355
2024-01-22,0.09799999743700027
2024-01-23,0.09399999678134918
2024-01-24,0.0949999988079071
2024-01-25,0.09700000286102295
2024-01-29,0.0949999988079071
2024-01-30,0.09399999678134918
2024-01-31,0.08399999886751175
2024-02-01,0.0820000022649765
2024-02-02,0.07999999821186066
2024-02-05,0.07999999821186066
2024-02-06,0.07699999958276749
2024-02-07,0.07999999821186066
2024-02-08,0.08299999684095383
2024-02-09,0.08100000023841858
2024-02-12,0.08100000023841858
2024-02-13,0.07699999958276749
2024-02-14,0.07999999821186066
2024-02-15,0.08299999684095383
2024-02-16,0.09099999815225601
2024-02-19,0.08799999952316284
2024-02-20,0.08500000089406967
2024-02-21,0.08699999749660492
2024-02-22,0.08900000154972076
2024-02-23,0.08900000154972076
2024-02-26,0.08900000154972076
2024-02-27,0.08900000154972076
2024-02-28,0.09399999678134918
2024-02-29,0.09200000017881393
2024-03-01,0.09799999743700027
2024-03-04,0.10999999940395355
2024-03-05,0.10999999940395355
2024-03-06,0.09799999743700027
2024-03-07,0.10000000149011612
2024-03-08,0.10999999940395355
2024-03-11,0.10000000149011612
2024-03-12,0.10999999940395355
2024-03-13,0.10000000149011612
2024-03-14,0.0989999994635582
2024-03-15,0.0949999988079071
2024-03-18,0.09200000017881393
2024-03-19,0.09200000017881393
2024-03-20,0.09399999678134918
2024-03-21,0.09300000220537186
2024-03-22,0.09099999815225601
2024-03-25,0.08799999952316284
2024-03-26,0.08900000154972076
2024-03-27,0.08699999749660492
2024-03-28,0.09000000357627869
2024-04-02,0.10000000149011612
2024-04-03,0.10999999940395355
2024-04-04,0.10999999940395355
2024-04-05,0.10000000149011612
2024-04-08,0.09799999743700027
2024-04-09,0.10499999672174454
2024-04-10,0.10499999672174454
2024-04-11,0.10999999940395355
2024-04-12,0.125
2024-04-15,0.11999999731779099
2024-04-16,0.11500000208616257
2024-04-17,0.11500000208616257
2024-04-18,0.11500000208616257
2024-04-19,0.10999999940395355
2024-04-22,0.10999999940395355
2024-04-23,0.10999999940395355
2024-04-24,0.10499999672174454
2024-04-26,0.10499999672174454
2024-04-29,0.10000000149011612
2024-04-30,0.10499999672174454
2024-05-01,0.11500000208616257
2024-05-02,0.10999999940395355
2024-05-03,0.125
2024-05-06,0.12999999523162842
2024-05-07,0.12999999523162842
2024-05-08,0.13500000536441803
2024-05-09,0.12999999523162842
2024-05-10,0.125
2024-05-13,0.12999999523162842
2024-05-14,0.12999999523162842
2024-05-15,0.12999999523162842
2024-05-16,0.11999999731779099
2024-05-17,0.12999999523162842
2024-05-20,0.13500000536441803
2024-05-21,0.13500000536441803
2024-05-22,0.13500000536441803
2024-05-23,0.14000000059604645
2024-05-24,0.14000000059604645
2024-05-27,0.12999999523162842
2024-05-28,0.12999999523162842
2024-05-29,0.12999999523162842
2024-05-30,0.12999999523162842
2024-05-31,0.12999999523162842
2024-06-03,0.14499999582767487
2024-06-04,0.14000000059604645
2024-06-05,0.13500000536441803
2024-06-06,0.12999999523162842
2024-06-07,0.11500000208616257
2024-06-11,0.10999999940395355
2024-06-12,0.10499999672174454
2024-06-13,0.10499999672174454
2024-06-14,0.10999999940395355
2024-06-17,0.10000000149011612
2024-06-18,0.0989999994635582
2024-06-19,0.10499999672174454
2024-06-20,0.10499999672174454
2024-06-21,0.11500000208616257
2024-06-24,0.10499999672174454
2024-06-25,0.10000000149011612
2024-06-26,0.10000000149011612
2024-06-27,0.10499999672174454
2024-06-28,0.10999999940395355
2024-07-01,0.11999999731779099
2024-07-02,0.11999999731779099
2024-07-03,0.12999999523162842
2024-07-04,0.12999999523162842
2024-07-05,0.12999999523162842
2024-07-08,0.125
2024-07-09,0.12999999523162842
2024-07-10,0.125
2024-07-11,0.1599999964237213
2024-07-12,0.1550000011920929
2024-07-15,0.1550000011920929
2024-07-16,0.15000000596046448
2024-07-17,0.14499999582767487
2024-07-18,0.14499999582767487
2024-07-19,0.13500000536441803
2024-07-22,0.11999999731779099
2024-07-23,0.125
2024-07-24,0.12999999523162842
2024-07-25,0.11999999731779099
2024-07-26,0.11999999731779099
2024-07-29,0.11999999731779099
2024-07-30,0.11999999731779099
2024-07-31,0.10499999672174454
2024-08-01,0.10499999672174454
2024-08-02,0.10000000149011612
2024-08-05,0.09200000017881393
2024-08-06,0.09399999678134918
2024-08-07,0.10499999672174454
2024-08-08,0.09799999743700027
2024-08-09,0.09700000286102295
2024-08-12,0.09700000286102295
2024-08-13,0.0949999988079071
2024-08-14,0.09600000083446503
2024-08-15,0.09600000083446503
2024-08-16,0.09600000083446503
2024-08-19,0.09600000083446503
2024-08-20,0.09600000083446503
2024-08-21,0.09600000083446503
2024-08-22,0.10000000149011612
2024-08-23,0.0989999994635582
2024-08-26,0.11500000208616257
2024-08-27,0.10999999940395355
2024-08-28,0.10999999940395355
2024-08-29,0.10000000149011612
2024-08-30,0.09700000286102295
2024-09-02,0.09799999743700027
2024-09-03,0.09700000286102295
2024-09-04,0.0949999988079071
2024-09-05,0.0949999988079071
2024-09-06,0.09300000220537186
2024-09-09,0.09099999815225601
2024-09-10,0.08900000154972076
2024-09-11,0.09000000357627869
2024-09-12,0.09700000286102295
2024-09-13,0.09799999743700027
2024-09-16,0.08799999952316284
2024-09-17,0.08799999952316284
2024-09-18,0.08799999952316284
2024-09-19,0.08799999952316284
2024-09-20,0.07800000160932541
2024-09-23,0.07699999958276749
2024-09-24,0.07800000160932541
2024-09-25,0.07800000160932541
2024-09-26,0.07699999958276749
2024-09-27,0.07800000160932541
2024-09-30,0.07699999958276749
2024-10-01,0.07500000298023224
2024-10-02,0.07500000298023224
2024-10-03,0.07500000298023224
2024-10-04,0.07400000095367432
2024-10-07,0.07699999958276749
2024-10-08,0.07500000298023224
2024-10-09,0.07500000298023224
2024-10-10,0.07699999958276749
2024-10-11,0.07699999958276749
2024-10-14,0.07599999755620956
2024-10-15,0.07599999755620956
2024-10-16,0.07599999755620956
2024-10-17,0.07900000363588333
2024-10-18,0.07800000160932541
2024-10-21,0.07599999755620956
2024-10-22,0.07400000095367432
2024-10-23,0.07000000029802322
2024-10-24,0.0689999982714653
2024-10-25,0.07100000232458115
2024-10-28,0.07500000298023224
2024-10-29,0.07400000095367432
2024-10-30,0.07500000298023224
2024-10-31,0.0729999989271164
2024-11-01,0.07000000029802322
2024-11-04,0.07000000029802322
2024-11-05,0.07000000029802322
2024-11-06,0.0689999982714653
2024-11-07,0.06499999761581421
2024-11-08,0.0689999982714653
2024-11-11,0.06800000369548798
2024-11-12,0.06700000166893005
2024-11-13,0.06800000369548798
2024-11-14,0.06499999761581421
2024-11-15,0.06599999964237213
2024-11-18,0.07000000029802322
2024-11-19,0.06800000369548798
2024-11-20,0.0689999982714653
2024-11-21,0.0689999982714653
2024-11-22,0.0689999982714653
2024-11-25,0.06400000303983688
2024-11-26,0.06300000101327896
2024-11-27,0.06499999761581421
2024-11-28,0.06400000303983688
2024-11-29,0.06400000303983688
2024-12-02,0.061000000685453415
2024-12-03,0.06300000101327896
2024-12-04,0.06300000101327896
2024-12-05,0.06300000101327896
2024-12-06,0.06199999898672104
2024-12-09,0.061000000685453415
2024-12-10,0.06199999898672104
2024-12-11,0.061000000685453415
2024-12-12,0.05999999865889549
2024-12-13,0.057999998331069946
2024-12-16,0.05700000002980232
2024-12-17,0.05700000002980232
2024-12-18,0.0560000017285347
2024-12-19,0.0560000017285347
2024-12-20,0.054999999701976776
2024-12-23,0.0560000017285347
2024-12-24,0.0560000017285347
2024-12-27,0.057999998331069946
2024-12-30,0.06300000101327896
2024-12-31,0.07000000029802322
2025-01-02,0.06800000369548798
2025-01-03,0.06800000369548798
2025-01-06,0.06800000369548798
2025-01-07,0.06800000369548798
2025-01-08,0.06700000166893005
2025-01-09,0.06199999898672104
2025-01-10,0.06400000303983688
2025-01-13,0.06800000369548798
2025-01-14,0.0689999982714653
2025-01-15,0.06700000166893005
2025-01-16,0.06800000369548798
2025-01-17,0.06800000369548798
2025-01-20,0.06700000166893005
2025-01-21,0.06400000303983688
2025-01-22,0.061000000685453415
2025-01-23,0.061000000685453415
2025-01-24,0.06300000101327896
2025-01-28,0.06199999898672104
2025-01-29,0.06199999898672104
2025-01-30,0.06400000303983688
2025-01-31,0.061000000685453415
2025-02-03,0.05999999865889549
2025-02-04,0.061000000685453415
2025-02-05,0.05999999865889549
2025-02-06,0.061000000685453415
2025-02-07,0.06300000101327896
2025-02-10,0.06300000101327896
2025-02-11,0.06599999964237213
2025-02-12,0.06400000303983688
2025-02-13,0.061000000685453415
2025-02-14,0.06300000101327896
2025-02-17,0.06599999964237213
2025-02-18,0.06499999761581421
2025-02-19,0.06599999964237213
2025-02-20,0.06499999761581421
2025-02-21,0.06400000303983688
2025-02-24,0.06499999761581421
2025-02-25,0.06300000101327896
2025-02-26,0.05700000002980232
2025-02-27,0.061000000685453415
2025-02-28,0.05900000035762787
2025-03-03,0.057999998331069946
2025-03-04,0.061000000685453415
2025-03-05,0.05999999865889549
2025-03-06,0.057999998331069946
2025-03-07,0.05700000002980232
2025-03-10,0.05700000002980232
2025-03-11,0.054999999701976776
2025-03-12,0.05700000002980232
2025-03-13,0.05299999937415123
2025-03-14,0.05299999937415123
2025-03-17,0.05400000140070915
2025-03-18,0.052000001072883606
2025-03-19,0.052000001072883606
2025-03-20,0.052000001072883606
2025-03-21,0.052000001072883606
2025-03-24,0.052000001072883606
2025-03-25,0.05700000002980232
2025-03-26,0.061000000685453415
2025-03-27,0.06400000303983688
2025-03-28,0.06199999898672104
2025-03-31,0.05900000035762787
2025-04-01,0.05700000002980232
2025-04-02,0.05999999865889549
2025-04-03,0.05999999865889549
2025-04-04,0.06199999898672104
2025-04-07,0.05900000035762787
2025-04-08,0.061000000685453415
2025-04-09,0.05999999865889549
2025-04-10,0.057999998331069946
2025-04-11,0.054999999701976776
2025-04-14,0.054999999701976776
2025-04-15,0.0560000017285347
2025-04-16,0.05900000035762787
2025-04-17,0.0560000017285347
2025-04-22,0.05400000140070915
2025-04-23,0.054999999701976776
2025-04-24,0.0560000017285347
2025-04-28,0.05299999937415123
2025-04-29,0.0560000017285347
2025-04-30,0.0560000017285347
2025-05-01,0.0560000017285347
2025-05-02,0.054999999701976776
2025-05-05,0.05400000140070915
2025-05-06,0.05400000140070915
2025-05-07,0.05400000140070915
2025-05-08,0.05400000140070915
2025-05-09,0.05299999937415123
2025-05-12,0.05299999937415123
2025-05-13,0.05299999937415123
2025-05-14,0.05299999937415123
2025-05-15,0.05400000140070915
2025-05-16,0.054999999701976776
2025-05-19,0.05400000140070915
2025-05-20,0.05299999937415123
2025-05-21,0.05299999937415123
2025-05-22,0.05299999937415123
2025-05-23,0.05299999937415123
2025-05-26,0.050999999046325684
2025-05-27,0.05000000074505806
2025-05-28,0.05000000074505806
2025-05-29,0.05000000074505806
2025-05-30,0.04899999871850014
2025-06-02,0.04899999871850014
2025-06-03,0.04899999871850014
2025-06-04,0.05400000140070915
2025-06-05,0.054999999701976776
2025-06-06,0.05400000140070915
2025-06-10,0.05000000074505806
2025-06-11,0.05000000074505806
2025-06-12,0.05000000074505806
2025-06-13,0.04800000041723251
2025-06-16,0.04699999839067459
2025-06-17,0.04800000041723251
2025-06-18,0.04699999839067459
2025-06-19,0.04800000041723251
2025-06-20,0.04500000178813934
2025-06-23,0.04500000178813934
2025-06-24,0.04500000178813934
2025-06-25,0.04399999976158142
2025-06-26,0.04500000178813934
2025-06-27,0.04600000008940697
2025-06-30,0.04600000008940697
2025-07-01,0.04800000041723251
2025-07-02,0.04800000041723251
2025-07-03,0.05000000074505806
2025-07-04,0.04899999871850014
2025-07-07,0.05299999937415123
2025-07-08,0.052000001072883606
2025-07-09,0.05400000140070915
2025-07-10,0.057999998331069946
2025-07-11,0.06499999761581421
2025-07-14,0.07199999690055847
2025-07-15,0.09000000357627869
2025-07-16,0.09600000083446503
2025-07-17,0.08900000154972076
2025-07-18,0.10000000149011612
2025-07-21,0.10999999940395355
2025-07-22,0.10499999672174454
2025-07-23,0.10999999940395355
2025-07-24,0.10000000149011612
2025-07-25,0.10499999672174454
2025-07-28,0.10499999672174454
2025-07-29,0.10999999940395355
2025-07-30,0.11500000208616257
2025-07-31,0.11999999731779099
2025-08-01,0.11999999731779099
2025-08-04,0.11500000208616257
2025-08-05,0.11500000208616257
2025-08-06,0.10999999940395355
2025-08-07,0.10999999940395355
2025-08-08,0.10499999672174454
2025-08-11,0.10999999940395355
2025-08-12,0.10999999940395355
2025-08-13,0.11500000208616257
2025-08-14,0.10499999672174454
2025-08-15,0.10499999672174454
2025-08-18,0.10499999672174454
2025-08-19,0.09399999678134918
2025-08-20,0.08500000089406967
2025-08-21,0.09000000357627869
2025-08-22,0.08900000154972076
2025-08-25,0.0860000029206276
2025-08-26,0.0860000029206276
2025-08-27,0.08500000089406967
2025-08-28,0.08699999749660492
2025-08-29,0.09399999678134918
2025-09-01,0.09600000083446503
2025-09-02,0.0949999988079071
2025-09-03,0.09200000017881393
2025-09-04,0.09200000017881393
2025-09-05,0.09000000357627869
2025-09-08,0.09099999815225601
2025-09-09,0.08799999952316284
2025-09-10,0.08399999886751175
2025-09-11,0.08500000089406967
2025-09-12,0.08299999684095383
2025-09-15,0.08299999684095383
2025-09-16,0.08399999886751175
2025-09-17,0.08500000089406967
2025-09-18,0.08299999684095383
2025-09-19,0.07999999821186066
2025-09-22,0.07699999958276749
2025-09-23,0.07699999958276749
2025-09-24,0.08799999952316284
2025-09-25,0.0860000029206276
2025-09-26,0.08500000089406967
2025-09-29,0.09099999815225601
2025-09-30,0.09600000083446503
2025-10-01,0.09099999815225601
2025-10-02,0.10000000149011612
2025-10-03,0.09600000083446503
2025-10-06,0.0949999988079071
2025-10-07,0.09300000220537186
2025-10-08,0.09000000357627869
2025-10-09,0.08799999952316284
2025-10-10,0.09000000357627869
2025-10-13,0.08699999749660492
2025-10-14,0.08799999952316284
2025-10-15,0.09700000286102295
2025-10-16,0.10000000149011612
2025-10-17,0.09600000083446503
2025-10-20,0.09600000083446503
2025-10-21,0.09600000083446503
2025-10-22,0.0949999988079071
2025-10-23,0.09200000017881393
2025-10-24,0.09200000017881393
2025-10-27,0.0949999988079071
2025-10-28,0.08699999749660492
2025-10-29,0.08500000089406967
2025-10-30,0.0860000029206276
2025-10-31,0.08299999684095383
2025-11-03,0.07999999821186066
2025-11-04,0.08299999684095383
2025-11-05,0.07999999821186066
2025-11-06,0.08299999684095383
2025-11-07,0.08399999886751175
2025-11-10,0.08500000089406967
2025-11-11,0.0820000022649765
2025-11-12,0.08799999952316284
2025-11-13,0.09300000220537186
2025-11-14,0.09200000017881393
2025-11-17,0.10499999672174454
2025-11-18,0.10000000149011612
2025-11-19,0.10000000149011612
2025-11-20,0.10000000149011612
2025-11-21,0.07900000363588333
2025-11-24,0.07699999958276749
2025-11-25,0.07500000298023224
2025-11-26,0.07100000232458115
2025-11-27,0.07000000029802322
2025-11-28,0.0729999989271164
2025-12-01,0.06800000369548798
2025-12-02,0.06499999761581421
2025-12-03,0.06700000166893005
2025-12-04,0.06700000166893005
2025-12-05,0.07000000029802322
2025-12-08,0.06599999964237213
2025-12-09,0.06400000303983688
2025-12-10,0.06700000166893005
2025-12-11,0.06499999761581421
2025-12-12,0.06800000369548798
2025-12-15,0.06599999964237213
2025-12-16,0.06499999761581421
2025-12-17,0.061000000685453415
2025-12-18,0.057999998331069946
2025-12-19,0.06499999761581421
2025-12-22,0.06400000303983688
2025-12-23,0.06400000303983688
2025-12-24,0.06700000166893005
2025-12-29,0.06599999964237213
2025-12-30,0.06400000303983688
2025-12-31,0.06499999761581421
2026-01-02,0.06599999964237213
2026-01-05,0.07000000029802322
2026-01-06,0.0729999989271164
2026-01-07,0.07599999755620956
2026-01-08,0.07699999958276749
2026-01-09,0.07500000298023224
2026-01-12,0.07699999958276749
2026-01-13,0.07500000298023224
2026-01-14,0.07500000298023224
2026-01-15,0.07699999958276749
2026-01-16,0.07599999755620956
2026-01-19,0.07400000095367432
2026-01-20,0.07100000232458115
2026-01-21,0.07100000232458115
2026-01-22,0.07100000232458115
2026-01-23,0.07100000232458115
2026-01-27,0.06700000166893005
2026-01-28,0.06700000166893005
2026-01-29,0.06499999761581421
2026-01-30,0.06199999898672104
2026-02-02,0.05999999865889549
2026-02-03,0.061000000685453415
2026-02-04,0.061000000685453415
2026-02-05,0.05999999865889549
2026-02-06,0.05700000002980232
2026-02-09,0.052000001072883606
2026-02-10,0.0560000017285347
2026-02-11,0.054999999701976776
2026-02-12,0.054999999701976776
2026-02-13,0.054999999701976776
2026-02-16,0.054999999701976776
2026-02-17,0.054999999701976776
2026-02-18,0.054999999701976776
2026-02-19,0.054999999701976776
2026-02-20,0.054999999701976776
2026-02-23,0.05400000140070915
2026-02-24,0.05700000002980232
2026-02-25,0.05999999865889549
2026-02-26,0.06199999898672104
2026-02-27,0.05900000035762787
2026-03-02,0.05900000035762787
2026-03-03,0.0560000017285347
2026-03-04,0.05400000140070915
2026-03-05,0.0560000017285347
2026-03-06,0.05400000140070915
2026-03-09,0.05299999937415123
2026-03-10,0.05299999937415123
2026-03-11,0.05299999937415123
2026-03-12,0.052000001072883606
2026-03-13,0.050999999046325684
2026-03-16,0.05000000074505806
2026-03-17,0.04899999871850014
2026-03-18,0.04899999871850014
2026-03-19,0.04899999871850014
2026-03-20,0.04899999871850014
2026-03-23,0.04699999839067459
2026-03-24,0.04699999839067459
2026-03-25,0.05299999937415123
2026-03-26,0.05000000074505806
2026-03-27,0.04899999871850014
2026-03-30,0.05000000074505806
2026-03-31,0.04800000041723251
2026-04-01,0.04699999839067459
2026-04-02,0.04500000178813934
2026-04-07,0.04399999976158142
2026-04-08,0.04699999839067459
2026-04-09,0.04500000178813934
2026-04-10,0.04600000008940697
2026-04-13,0.04699999839067459
2026-04-14,0.04699999839067459
2026-04-15,0.04899999871850014
2026-04-16,0.05400000140070915
2026-04-17,0.061000000685453415
2026-04-20,0.05900000035762787
2026-04-21,0.05999999865889549
2026-04-22,0.05900000035762787
2026-04-23,0.061000000685453415
2026-04-24,0.05999999865889549
2026-04-27,0.06199999898672104
2026-04-28,0.061000000685453415
2026-04-29,0.050999999046325684
2026-04-30,0.052000001072883606
2026-05-01,0.050999999046325684
2026-05-04,0.04800000041723251
2026-05-05,0.04699999839067459
2026-05-06,0.050999999046325684
2026-05-07,0.050999999046325684
2026-05-08,0.050999999046325684
2026-05-11,0.054999999701976776
2026-05-12,0.05299999937415123
2026-05-13,0.07999999821186066
2026-05-14,0.07800000160932541
2026-05-15,0.07000000029802322
2026-05-18,0.06400000303983688
2026-05-19,0.05900000035762787
2026-05-20,0.05900000035762787
2026-05-21,0.05999999865889549
2026-05-22,0.05999999865889549
2026-05-25,0.05900000035762787
2026-05-26,0.05700000002980232
2026-05-27,0.05700000002980232
2026-05-28,0.05400000140070915
2026-05-29,0.05400000140070915
2026-06-01,0.05400000140070915
2026-06-02,0.054999999701976776
2026-06-03,0.054999999701976776
2026-06-04,0.0560000017285347
2026-06-05,0.050999999046325684
2026-06-09,0.050999999046325684
2026-06-10,0.04699999839067459
2026-06-11,0.052000001072883606
2026-06-12,0.050999999046325684
2026-06-15,0.050999999046325684
2026-06-16,0.05000000074505806
2026-06-17,0.04899999871850014
2026-06-18,0.050999999046325684
2026-06-19,0.04899999871850014
2026-06-22,0.04800000041723251
2026-06-23,0.04699999839067459
2026-06-24,0.04600000008940697
2026-06-25,0.04399999976158142
2026-06-26,0.0430000014603138
2026-06-29,0.041999999433755875
2026-06-30,0.04500000178813934
2026-07-01,0.04399999976158142
2026-07-02,0.04500000178813934
2026-07-03,0.04399999976158142
2026-07-06,0.0430000014603138
2026-07-07,0.0430000014603138
2026-07-08,0.0430000014603138
2026-07-09,0.0430000014603138
2026-07-10,0.04500000178813934
2026-07-13,0.04399999976158142
2026-07-14,0.0430000014603138
2026-07-15,0.04500000178813934
2026-07-16,0.0430000014603138
2026-07-17,0.041999999433755875
2026-07-20,0.04100000113248825
2026-07-21,0.041999999433755875
2026-07-22,0.04500000178813934
2026-07-23,0.04500000178813934
2026-07-24,0.04399999976158142
2026-07-27,0.0430000014603138
2026-07-28,0.04100000113248825
2026-07-29,0.041999999433755875
2026-07-30,0.041999999433755875
2026-07-31,0.04399999976158142
2026-08-03,0.04500000178813934
2026-08-04,0.04399999976158142
2026-08-05,0.04800000041723251
2026-08-06,0.04600000008940697
2026-08-07,0.04500000178813934
2026-08-10,0.04699999839067459
2026-08-11,0.04600000008940697
2026-08-12,0.04500000178813934
2026-08-13,0.04600000008940697
2026-08-14,0.04600000008940697
2026-08-17,0.04500000178813934
2026-08-18,0.04500000178813934
2026-08-19,0.04500000178813934
2026-08-20,0.04399999976158142
2026-08-21,0.04600000008940697
2026-08-24,0.04600000008940697
2026-08-25,0.04600000008940697
2026-08-26,0.04500000178813934
2026-08-27,0.04699999839067459
2026-08-28,0.04500000178813934
