Date,close
2004-07-06,0.15401944518089294
2004-07-07,0.17558224499225616
2004-07-08,0.1694214940071106
2004-07-09,0.1694214940071106
2004-07-12,0.1694214940071106
2004-07-13,0.16634105145931244
2004-07-14,0.16634105145931244
2004-07-15,0.16634105145931244
2004-07-16,0.16018033027648926
2004-07-19,0.16326069831848145
2004-07-20,0.16326069831848145
2004-07-21,0.16018033027648926
2004-07-22,0.16018033027648926
2004-07-23,0.16326069831848145
2004-07-26,0.16634105145931244
2004-07-27,0.16326069831848145
2004-07-28,0.16326069831848145
2004-07-29,0.16326069831848145
2004-07-30,0.16326069831848145
2004-08-02,0.16326069831848145
2004-08-03,0.16326069831848145
2004-08-04,0.16326069831848145
2004-08-05,0.16634105145931244
2004-08-06,0.16326069831848145
2004-08-09,0.16326069831848145
2004-08-10,0.16326069831848145
2004-08-11,0.16634105145931244
2004-08-12,0.16018033027648926
2004-08-13,0.16018033027648926
2004-08-16,0.16018033027648926
2004-08-17,0.16326069831848145
2004-08-18,0.16018033027648926
2004-08-19,0.16018033027648926
2004-08-20,0.16018033027648926
2004-08-23,0.16018033027648926
2004-08-24,0.16326069831848145
2004-08-25,0.16018033027648926
2004-08-26,0.16326069831848145
2004-08-27,0.16018033027648926
2004-08-30,0.16018033027648926
2004-08-31,0.16018033027648926
2004-09-01,0.16018033027648926
2004-09-02,0.15401944518089294
2004-09-03,0.16018033027648926
2004-09-06,0.15709984302520752
2004-09-07,0.16018033027648926
2004-09-08,0.15709984302520752
2004-09-09,0.15709984302520752
2004-09-10,0.15709984302520752
2004-09-13,0.15401944518089294
2004-09-14,0.15709984302520752
2004-09-15,0.15401944518089294
2004-09-16,0.15709984302520752
2004-09-17,0.15401944518089294
2004-09-20,0.15093909204006195
2004-09-21,0.15093909204006195
2004-09-22,0.15093909204006195
2004-09-23,0.15247945487499237
2004-09-24,0.15093909204006195
2004-09-27,0.15247945487499237
2004-09-28,0.15401944518089294
2004-09-29,0.15401944518089294
2004-09-30,0.15247945487499237
2004-10-01,0.15247945487499237
2004-10-04,0.15247945487499237
2004-10-05,0.149399071931839
2004-10-06,0.149399071931839
2004-10-07,0.1463186889886856
2004-10-08,0.1463186889886856
2004-10-11,0.149399071931839
2004-10-12,0.1463186889886856
2004-10-13,0.1463186889886856
2004-10-14,0.1463186889886856
2004-10-15,0.14785872399806976
2004-10-18,0.1463186889886856
2004-10-19,0.1463186889886856
2004-10-20,0.1447782814502716
2004-10-21,0.14785872399806976
2004-10-22,0.1447782814502716
2004-10-25,0.14323827624320984
2004-10-26,0.14169785380363464
2004-10-27,0.13553713262081146
2004-10-28,0.12629592418670654
2004-10-29,0.13861750066280365
2004-11-01,0.1324567049741745
2004-11-02,0.13861750066280365
2004-11-03,0.13861750066280365
2004-11-04,0.13399705290794373
2004-11-05,0.13399705290794373
2004-11-08,0.13399705290794373
2004-11-09,0.1324567049741745
2004-11-10,0.13861750066280365
2004-11-11,0.13861750066280365
2004-11-12,0.13861750066280365
2004-11-15,0.13861750066280365
2004-11-16,0.13861750066280365
2004-11-17,0.13553713262081146
2004-11-18,0.1324567049741745
2004-11-19,0.1293763369321823
2004-11-22,0.13091665506362915
2004-11-23,0.1324567049741745
2004-11-24,0.1324567049741745
2004-11-25,0.13091665506362915
2004-11-26,0.1324567049741745
2004-11-29,0.13091665506362915
2004-11-30,0.13091665506362915
2004-12-01,0.13091665506362915
2004-12-02,0.13091665506362915
2004-12-03,0.1293763369321823
2004-12-06,0.1293763369321823
2004-12-07,0.12629592418670654
2004-12-08,0.12629592418670654
2004-12-09,0.12629592418670654
2004-12-10,0.12629592418670654
2004-12-13,0.11551468819379807
2004-12-14,0.11243429780006409
2004-12-15,0.11089391261339188
2004-12-16,0.11089391261339188
2004-12-17,0.11089391261339188
2004-12-20,0.10781355202198029
2004-12-21,0.11089391261339188
2004-12-22,0.11089391261339188
2004-12-23,0.10781355202198029
2004-12-24,0.11397435516119003
2004-12-27,0.11397435516119003
2004-12-28,0.11397435516119003
2004-12-29,0.10781355202198029
2004-12-30,0.12321554124355316
2004-12-31,0.12321554124355316
2005-01-04,0.11705472320318222
2005-01-05,0.11705472320318222
2005-01-06,0.1201351061463356
2005-01-07,0.11551468819379807
2005-01-10,0.11243429780006409
2005-01-11,0.1201351061463356
2005-01-12,0.11705472320318222
2005-01-13,0.11705472320318222
2005-01-14,0.11551468819379807
2005-01-17,0.11397435516119003
2005-01-18,0.11397435516119003
2005-01-19,0.11089391261339188
2005-01-20,0.11089391261339188
2005-01-21,0.11089391261339188
2005-01-24,0.10781355202198029
2005-01-25,0.10165272653102875
2005-01-27,0.10473313927650452
2005-01-28,0.10781355202198029
2005-01-31,0.10319312661886215
2005-02-01,0.10319312661886215
2005-02-02,0.09857236593961716
2005-02-03,0.09857236593961716
2005-02-04,0.10165272653102875
2005-02-07,0.09703230857849121
2005-02-08,0.0954919382929802
2005-02-09,0.0954919382929802
2005-02-10,0.09857236593961716
2005-02-11,0.09857236593961716
2005-02-14,0.09857236593961716
2005-02-15,0.09857236593961716
2005-02-16,0.0954919382929802
2005-02-17,0.0954919382929802
2005-02-18,0.0954919382929802
2005-02-21,0.0954919382929802
2005-02-22,0.10473313927650452
2005-02-23,0.10473313927650452
2005-02-24,0.0954919382929802
2005-02-25,0.09857236593961716
2005-02-28,0.0954919382929802
2005-03-01,0.09857236593961716
2005-03-02,0.0954919382929802
2005-03-03,0.09703230857849121
2005-03-04,0.09703230857849121
2005-03-07,0.09703230857849121
2005-03-08,0.09703230857849121
2005-03-09,0.0954919382929802
2005-03-10,0.09703230857849121
2005-03-11,0.0954919382929802
2005-03-14,0.0954919382929802
2005-03-15,0.09703230857849121
2005-03-16,0.09703230857849121
2005-03-17,0.09703230857849121
2005-03-18,0.09703230857849121
2005-03-21,0.09395190328359604
2005-03-22,0.09241155534982681
2005-03-23,0.0962619036436081
2005-03-24,0.1010751724243164
2005-03-29,0.1010751724243164
2005-03-30,0.09144896268844604
2005-03-31,0.08984442800283432
2005-04-01,0.08984442800283432
2005-04-04,0.08984442800283432
2005-04-05,0.08984442800283432
2005-04-06,0.0930531844496727
2005-04-07,0.0930531844496727
2005-04-08,0.09465770423412323
2005-04-11,0.0962619036436081
2005-04-12,0.10909688472747803
2005-04-13,0.11230562627315521
2005-04-14,0.11230562627315521
2005-04-15,0.11230562627315521
2005-04-18,0.11739155650138855
2005-04-19,0.0962619036436081
2005-04-20,0.0962619036436081
2005-04-21,0.0962619036436081
2005-04-22,0.0962619036436081
2005-04-26,0.09947062283754349
2005-04-27,0.09947062283754349
2005-04-28,0.09947062283754349
2005-04-29,0.0930531844496727
2005-05-02,0.09144896268844604
2005-05-03,0.09144896268844604
2005-05-04,0.08984442800283432
2005-05-05,0.08984442800283432
2005-05-06,0.09144896268844604
2005-05-09,0.09144896268844604
2005-05-10,0.08984442800283432
2005-05-11,0.08984442800283432
2005-05-12,0.08984442800283432
2005-05-13,0.08182273805141449
2005-05-16,0.08021820336580276
2005-05-17,0.06738324463367462
2005-05-18,0.06738324463367462
2005-05-19,0.07059197127819061
2005-05-20,0.07059197127819061
2005-05-23,0.06577903777360916
2005-05-24,0.06577903777360916
2005-05-25,0.060965754091739655
2005-05-26,0.06417448818683624
2005-05-27,0.05936156213283539
2005-05-30,0.06417448818683624
2005-05-31,0.06417448818683624
2005-06-01,0.06417448818683624
2005-06-02,0.060965754091739655
2005-06-03,0.06417448818683624
2005-06-06,0.06417448818683624
2005-06-07,0.06417448818683624
2005-06-08,0.060965754091739655
2005-06-09,0.06738324463367462
2005-06-10,0.06257029622793198
2005-06-14,0.060965754091739655
2005-06-15,0.05936156213283539
2005-06-16,0.06577903777360916
2005-06-17,0.06417448818683624
2005-06-20,0.060965754091739655
2005-06-21,0.060965754091739655
2005-06-22,0.060965754091739655
2005-06-23,0.060965754091739655
2005-06-24,0.06257029622793198
2005-06-27,0.06417448818683624
2005-06-28,0.060965754091739655
2005-06-29,0.06257029622793198
2005-06-30,0.060965754091739655
2005-07-01,0.06417448818683624
2005-07-04,0.06738324463367462
2005-07-05,0.06417448818683624
2005-07-06,0.06417448818683624
2005-07-07,0.06417448818683624
2005-07-08,0.06417448818683624
2005-07-11,0.0738007053732872
2005-07-12,0.08021820336580276
2005-07-13,0.0962619036436081
2005-07-14,0.09947062283754349
2005-07-15,0.10267937928438187
2005-07-18,0.10267937928438187
2005-07-19,0.10267937928438187
2005-07-20,0.0962619036436081
2005-07-21,0.09947062283754349
2005-07-22,0.09947062283754349
2005-07-25,0.09947062283754349
2005-07-26,0.0962619036436081
2005-07-27,0.0962619036436081
2005-07-28,0.0962619036436081
2005-07-29,0.0962619036436081
2005-08-01,0.0962619036436081
2005-08-02,0.0962619036436081
2005-08-03,0.0962619036436081
2005-08-04,0.0962619036436081
2005-08-05,0.0962619036436081
2005-08-08,0.09465770423412323
2005-08-09,0.09465770423412323
2005-08-10,0.09465770423412323
2005-08-11,0.0930531844496727
2005-08-12,0.0930531844496727
2005-08-15,0.09461601078510284
2005-08-16,0.09461601078510284
2005-08-17,0.09461601078510284
2005-08-18,0.09461601078510284
2005-08-19,0.09461601078510284
2005-08-22,0.09461601078510284
2005-08-23,0.09461601078510284
2005-08-24,0.09461601078510284
2005-08-25,0.09461601078510284
2005-08-26,0.0930531844496727
2005-08-29,0.0930531844496727
2005-08-30,0.0930531844496727
2005-08-31,0.08503150194883347
2005-09-01,0.08503150194883347
2005-09-02,0.08503150194883347
2005-09-05,0.08342693001031876
2005-09-06,0.08342693001031876
2005-09-07,0.08342693001031876
2005-09-08,0.08342693001031876
2005-09-09,0.08342693001031876
2005-09-12,0.08585286140441895
2005-09-13,0.08410077542066574
2005-09-14,0.07700945436954498
2005-09-15,0.06417448818683624
2005-09-16,0.06738324463367462
2005-09-19,0.06738324463367462
2005-09-20,0.06417448818683624
2005-09-21,0.06738324463367462
2005-09-22,0.07059197127819061
2005-09-23,0.07059197127819061
2005-09-26,0.0786140114068985
2005-09-27,0.06417448818683624
2005-09-28,0.0738007053732872
2005-09-29,0.0738007053732872
2005-09-30,0.0738007053732872
2005-10-03,0.0738007053732872
2005-10-04,0.0738007053732872
2005-10-05,0.07219653576612473
2005-10-06,0.07219653576612473
2005-10-07,0.0738007053732872
2005-10-10,0.0738007053732872
2005-10-11,0.0738007053732872
2005-10-12,0.0738007053732872
2005-10-13,0.0770932137966156
2005-10-14,0.0770932137966156
2005-10-17,0.07059197127819061
2005-10-18,0.07059197127819061
2005-10-19,0.07059197127819061
2005-10-20,0.07059197127819061
2005-10-21,0.07059197127819061
2005-10-24,0.07059197127819061
2005-10-25,0.06898777931928635
2005-10-26,0.06898777931928635
2005-10-27,0.06898777931928635
2005-10-28,0.07008527219295502
2005-10-31,0.07008527219295502
2005-11-01,0.06257029622793198
2005-11-02,0.06257029622793198
2005-11-03,0.06257029622793198
2005-11-04,0.060965754091739655
2005-11-07,0.06257029622793198
2005-11-08,0.06417448818683624
2005-11-09,0.0738007053732872
2005-11-10,0.06417448818683624
2005-11-11,0.07059197127819061
2005-11-14,0.06738324463367462
2005-11-15,0.06417448818683624
2005-11-16,0.06417448818683624
2005-11-17,0.06417448818683624
2005-11-18,0.06738324463367462
2005-11-21,0.06738324463367462
2005-11-22,0.06738324463367462
2005-11-23,0.07059197127819061
2005-11-24,0.06738324463367462
2005-11-25,0.06738324463367462
2005-11-28,0.08021820336580276
2005-11-29,0.07059197127819061
2005-11-30,0.06738324463367462
2005-12-01,0.0738007053732872
2005-12-02,0.07700945436954498
2005-12-05,0.07700945436954498
2005-12-06,0.07700945436954498
2005-12-07,0.07700945436954498
2005-12-08,0.07700945436954498
2005-12-09,0.07700945436954498
2005-12-12,0.08021820336580276
2005-12-13,0.08021820336580276
2005-12-14,0.0786140114068985
2005-12-15,0.0786140114068985
2005-12-16,0.0786140114068985
2005-12-19,0.0786140114068985
2005-12-20,0.0786140114068985
2005-12-21,0.0786140114068985
2005-12-22,0.07700945436954498
2005-12-23,0.08059699088335037
2005-12-28,0.08059699088335037
2005-12-29,0.07540525496006012
2005-12-30,0.07884492725133896
2006-01-03,0.07884492725133896
2006-01-04,0.06577903777360916
2006-01-05,0.06577903777360916
2006-01-06,0.06417448818683624
2006-01-09,0.06417448818683624
2006-01-10,0.06417448818683624
2006-01-11,0.06257029622793198
2006-01-12,0.06257029622793198
2006-01-13,0.06257029622793198
2006-01-16,0.06738324463367462
2006-01-17,0.06738324463367462
2006-01-18,0.06417448818683624
2006-01-19,0.06257029622793198
2006-01-20,0.060965754091739655
2006-01-23,0.060965754091739655
2006-01-24,0.060965754091739655
2006-01-25,0.060965754091739655
2006-01-27,0.06257029622793198
2006-01-30,0.05775701627135277
2006-01-31,0.05775701627135277
2006-02-01,0.060965754091739655
2006-02-02,0.060965754091739655
2006-02-03,0.056152813136577606
2006-02-06,0.054548271000385284
2006-02-07,0.054548271000385284
2006-02-08,0.054548271000385284
2006-02-09,0.054548271000385284
2006-02-10,0.04813078045845032
2006-02-13,0.0513395331799984
2006-02-14,0.0513395331799984
2006-02-15,0.04813078045845032
2006-02-16,0.04652659222483635
2006-02-17,0.04652659222483635
2006-02-20,0.04652659222483635
2006-02-21,0.04652659222483635
2006-02-22,0.04652659222483635
2006-02-23,0.04652659222483635
2006-02-24,0.054548271000385284
2006-02-27,0.054548271000385284
2006-02-28,0.054548271000385284
2006-03-01,0.052944064140319824
2006-03-02,0.054548271000385284
2006-03-03,0.04331784322857857
2006-03-06,0.04813078045845032
2006-03-07,0.044922031462192535
2006-03-08,0.04813078045845032
2006-03-09,0.04813078045845032
2006-03-10,0.04813078045845032
2006-03-13,0.04813078045845032
2006-03-14,0.04813078045845032
2006-03-15,0.052944064140319824
2006-03-16,0.052944064140319824
2006-03-17,0.05775701627135277
2006-03-20,0.05775701627135277
2006-03-21,0.0738007053732872
2006-03-22,0.06577903777360916
2006-03-23,0.06898777931928635
2006-03-24,0.07059197127819061
2006-03-27,0.06898777931928635
2006-03-28,0.05775701627135277
2006-03-29,0.05775701627135277
2006-03-30,0.05775701627135277
2006-03-31,0.05936156213283539
2006-04-03,0.05936156213283539
2006-04-04,0.05775701627135277
2006-04-05,0.05775701627135277
2006-04-06,0.05775701627135277
2006-04-07,0.05775701627135277
2006-04-10,0.054548271000385284
2006-04-11,0.0513395331799984
2006-04-12,0.054548271000385284
2006-04-13,0.054548271000385284
2006-04-18,0.0513395331799984
2006-04-19,0.0513395331799984
2006-04-20,0.0513395331799984
2006-04-21,0.0513395331799984
2006-04-24,0.0513395331799984
2006-04-26,0.0513395331799984
2006-04-27,0.054548271000385284
2006-04-28,0.054548271000385284
2006-05-01,0.0513395331799984
2006-05-02,0.0513395331799984
2006-05-03,0.04813078045845032
2006-05-04,0.049735311418771744
2006-05-05,0.049735311418771744
2006-05-08,0.044922031462192535
2006-05-09,0.044922031462192535
2006-05-10,0.044922031462192535
2006-05-11,0.04652659222483635
2006-05-12,0.044922031462192535
2006-05-15,0.044922031462192535
2006-05-16,0.044922031462192535
2006-05-17,0.04652659222483635
2006-05-18,0.04171328991651535
2006-05-19,0.04010910168290138
2006-05-22,0.04171328991651535
2006-05-23,0.04171328991651535
2006-05-24,0.04171328991651535
2006-05-25,0.038504552096128464
2006-05-26,0.04010910168290138
2006-05-29,0.0513395331799984
2006-05-30,0.04813078045845032
2006-05-31,0.04813078045845032
2006-06-01,0.04813078045845032
2006-06-02,0.0513395331799984
2006-06-05,0.044922031462192535
2006-06-06,0.044922031462192535
2006-06-07,0.044922031462192535
2006-06-08,0.04652659222483635
2006-06-09,0.04813078045845032
2006-06-13,0.04652659222483635
2006-06-14,0.049735311418771744
2006-06-15,0.052944064140319824
2006-06-16,0.052944064140319824
2006-06-19,0.052944064140319824
2006-06-20,0.06417448818683624
2006-06-21,0.06417448818683624
2006-06-22,0.060965754091739655
2006-06-23,0.05936156213283539
2006-06-26,0.05775701627135277
2006-06-27,0.05775701627135277
2006-06-28,0.060965754091739655
2006-06-29,0.056152813136577606
2006-06-30,0.056152813136577606
2006-07-03,0.056152813136577606
2006-07-04,0.054548271000385284
2006-07-05,0.054548271000385284
2006-07-06,0.044922031462192535
2006-07-07,0.054548271000385284
2006-07-10,0.06417448818683624
2006-07-11,0.05775701627135277
2006-07-12,0.054548271000385284
2006-07-13,0.054548271000385284
2006-07-14,0.054548271000385284
2006-07-17,0.054548271000385284
2006-07-18,0.054548271000385284
2006-07-19,0.054548271000385284
2006-07-20,0.054548271000385284
2006-07-21,0.054548271000385284
2006-07-24,0.054548271000385284
2006-07-25,0.06257029622793198
2006-07-26,0.06257029622793198
2006-07-27,0.04813078045845032
2006-07-28,0.044922031462192535
2006-07-31,0.044922031462192535
2006-08-01,0.044922031462192535
2006-08-02,0.044922031462192535
2006-08-03,0.04652659222483635
2006-08-04,0.04652659222483635
2006-08-07,0.04652659222483635
2006-08-08,0.052944064140319824
2006-08-09,0.054548271000385284
2006-08-10,0.054548271000385284
2006-08-11,0.054548271000385284
2006-08-14,0.06257029622793198
2006-08-15,0.054548271000385284
2006-08-16,0.054548271000385284
2006-08-17,0.054548271000385284
2006-08-18,0.056152813136577606
2006-08-21,0.056152813136577606
2006-08-22,0.056152813136577606
2006-08-23,0.056152813136577606
2006-08-24,0.056152813136577606
2006-08-25,0.056152813136577606
2006-08-28,0.056152813136577606
2006-08-29,0.056152813136577606
2006-08-30,0.056152813136577606
2006-08-31,0.056152813136577606
2006-09-01,0.056152813136577606
2006-09-04,0.056152813136577606
2006-09-05,0.04813078045845032
2006-09-06,0.04813078045845032
2006-09-07,0.04813078045845032
2006-09-08,0.049735311418771744
2006-09-11,0.04813078045845032
2006-09-12,0.049735311418771744
2006-09-13,0.049735311418771744
2006-09-14,0.0513395331799984
2006-09-15,0.0513395331799984
2006-09-18,0.0513395331799984
2006-09-19,0.049735311418771744
2006-09-20,0.049735311418771744
2006-09-21,0.049735311418771744
2006-09-22,0.049735311418771744
2006-09-25,0.049735311418771744
2006-09-26,0.049735311418771744
2006-09-27,0.0513395331799984
2006-09-28,0.04171328991651535
2006-09-29,0.04171328991651535
2006-10-02,0.04171328991651535
2006-10-03,0.04171328991651535
2006-10-04,0.04171328991651535
2006-10-05,0.04171328991651535
2006-10-06,0.04171328991651535
2006-10-09,0.04331784322857857
2006-10-10,0.049735311418771744
2006-10-11,0.049735311418771744
2006-10-12,0.049735311418771744
2006-10-13,0.0513395331799984
2006-10-16,0.0513395331799984
2006-10-17,0.0513395331799984
2006-10-18,0.052944064140319824
2006-10-19,0.04813078045845032
2006-10-20,0.04652659222483635
2006-10-23,0.04171328991651535
2006-10-24,0.04171328991651535
2006-10-25,0.04171328991651535
2006-10-26,0.04331784322857857
2006-10-27,0.044922031462192535
2006-10-30,0.044922031462192535
2006-10-31,0.04813078045845032
2006-11-01,0.04813078045845032
2006-11-02,0.04813078045845032
2006-11-03,0.04813078045845032
2006-11-06,0.04813078045845032
2006-11-07,0.04813078045845032
2006-11-08,0.04813078045845032
2006-11-09,0.044922031462192535
2006-11-10,0.044922031462192535
2006-11-13,0.044922031462192535
2006-11-14,0.04171328991651535
2006-11-15,0.0513395331799984
2006-11-16,0.0513395331799984
2006-11-17,0.0513395331799984
2006-11-20,0.049735311418771744
2006-11-21,0.049735311418771744
2006-11-22,0.044922031462192535
2006-11-23,0.038504552096128464
2006-11-24,0.0369003526866436
2006-11-27,0.038504552096128464
2006-11-28,0.038504552096128464
2006-11-29,0.04171328991651535
2006-11-30,0.04171328991651535
2006-12-01,0.04652659222483635
2006-12-04,0.04652659222483635
2006-12-05,0.04652659222483635
2006-12-06,0.04652659222483635
2006-12-07,0.044922031462192535
2006-12-08,0.04171328991651535
2006-12-11,0.04171328991651535
2006-12-12,0.04171328991651535
2006-12-13,0.04171328991651535
2006-12-14,0.044922031462192535
2006-12-15,0.04652659222483635
2006-12-18,0.044922031462192535
2006-12-19,0.044922031462192535
2006-12-20,0.04331784322857857
2006-12-21,0.04331784322857857
2006-12-22,0.0513395331799984
2006-12-27,0.04652659222483635
2006-12-28,0.044922031462192535
2006-12-29,0.044922031462192535
2007-01-02,0.05775701627135277
2007-01-03,0.052944064140319824
2007-01-04,0.05775701627135277
2007-01-05,0.05936156213283539
2007-01-08,0.06417448818683624
2007-01-09,0.06898777931928635
2007-01-10,0.0786140114068985
2007-01-11,0.06257029622793198
2007-01-12,0.06417448818683624
2007-01-15,0.06898777931928635
2007-01-16,0.0738007053732872
2007-01-17,0.0738007053732872
2007-01-18,0.07219653576612473
2007-01-19,0.07700945436954498
2007-01-22,0.08021820336580276
2007-01-23,0.07700945436954498
2007-01-24,0.0738007053732872
2007-01-25,0.0738007053732872
2007-01-29,0.07219653576612473
2007-01-30,0.06738324463367462
2007-01-31,0.06257029622793198
2007-02-01,0.060965754091739655
2007-02-02,0.060965754091739655
2007-02-05,0.0513395331799984
2007-02-06,0.0513395331799984
2007-02-07,0.054548271000385284
2007-02-08,0.05775701627135277
2007-02-09,0.05775701627135277
2007-02-12,0.06257029622793198
2007-02-13,0.06257029622793198
2007-02-14,0.06257029622793198
2007-02-15,0.05775735154747963
2007-02-16,0.05775735154747963
2007-02-19,0.060966089367866516
2007-02-20,0.060966089367866516
2007-02-21,0.060966089367866516
2007-02-22,0.05936156213283539
2007-02-23,0.05936156213283539
2007-02-26,0.05936156213283539
2007-02-27,0.056152813136577606
2007-02-28,0.050810035318136215
2007-03-01,0.05781831964850426
2007-03-02,0.05957038700580597
2007-03-05,0.05957038700580597
2007-03-06,0.05957038700580597
2007-03-07,0.05606626719236374
2007-03-08,0.05606626719236374
2007-03-09,0.05606626719236374
2007-03-12,0.05606626719236374
2007-03-13,0.05606626719236374
2007-03-14,0.05606626719236374
2007-03-15,0.05431418865919113
2007-03-16,0.05431418865919113
2007-03-19,0.05606626719236374
2007-03-20,0.05431418865919113
2007-03-21,0.0490579716861248
2007-03-22,0.0490579716861248
2007-03-23,0.05606626719236374
2007-03-26,0.05606626719236374
2007-03-27,0.05606626719236374
2007-03-28,0.05606626719236374
2007-03-29,0.05431418865919113
2007-03-30,0.06307453662157059
2007-04-02,0.05957038700580597
2007-04-03,0.05957038700580597
2007-04-04,0.05606626719236374
2007-04-05,0.05957038700580597
2007-04-10,0.05781831964850426
2007-04-11,0.05781831964850426
2007-04-12,0.05957038700580597
2007-04-13,0.06307453662157059
2007-04-16,0.06132246553897858
2007-04-17,0.06132246553897858
2007-04-18,0.06132246553897858
2007-04-19,0.0648266077041626
2007-04-20,0.06132246553897858
2007-04-23,0.06307453662157059
2007-04-24,0.0648266077041626
2007-04-26,0.06307453662157059
2007-04-27,0.06307453662157059
2007-04-30,0.06307453662157059
2007-05-01,0.06132246553897858
2007-05-02,0.06307453662157059
2007-05-03,0.06307453662157059
2007-05-04,0.06307453662157059
2007-05-07,0.06307453662157059
2007-05-08,0.06132246553897858
2007-05-09,0.06307453662157059
2007-05-10,0.06307453662157059
2007-05-11,0.06307453662157059
2007-05-14,0.06657867133617401
2007-05-15,0.07008282840251923
2007-05-16,0.07008282840251923
2007-05-17,0.07008282840251923
2007-05-18,0.07183488458395004
2007-05-21,0.08059525489807129
2007-05-22,0.07358694076538086
2007-05-23,0.07358694076538086
2007-05-24,0.07358694076538086
2007-05-25,0.07183488458395004
2007-05-28,0.07008282840251923
2007-05-29,0.07008282840251923
2007-05-30,0.07008282840251923
2007-05-31,0.07008282840251923
2007-06-01,0.07183488458395004
2007-06-04,0.07358694076538086
2007-06-05,0.08059525489807129
2007-06-06,0.07533903419971466
2007-06-07,0.07533903419971466
2007-06-08,0.07533903419971466
2007-06-12,0.07533903419971466
2007-06-13,0.07709110528230667
2007-06-14,0.07533903419971466
2007-06-15,0.07533903419971466
2007-06-18,0.07358694076538086
2007-06-19,0.07358694076538086
2007-06-20,0.07008282840251923
2007-06-21,0.07008282840251923
2007-06-22,0.07008282840251923
2007-06-25,0.07709110528230667
2007-06-26,0.08585145324468613
2007-06-27,0.08935558050870895
2007-06-28,0.10512419790029526
2007-06-29,0.10512419790029526
2007-07-02,0.10512419790029526
2007-07-03,0.10512419790029526
2007-07-04,0.0981159433722496
2007-07-05,0.0981159433722496
2007-07-06,0.0981159433722496
2007-07-09,0.09110766649246216
2007-07-10,0.09110766649246216
2007-07-11,0.09110766649246216
2007-07-12,0.09285970777273178
2007-07-13,0.09285970777273178
2007-07-16,0.08585145324468613
2007-07-17,0.08059525489807129
2007-07-18,0.08059525489807129
2007-07-19,0.08059525489807129
2007-07-20,0.0823473259806633
2007-07-23,0.08059525489807129
2007-07-24,0.08760350942611694
2007-07-25,0.08760350942611694
2007-07-26,0.08760350942611694
2007-07-27,0.08760350942611694
2007-07-30,0.08059525489807129
2007-07-31,0.0823473259806633
2007-08-01,0.07008282840251923
2007-08-02,0.07008282840251923
2007-08-03,0.07183488458395004
2007-08-06,0.08409938216209412
2007-08-07,0.08409938216209412
2007-08-08,0.0823473259806633
2007-08-09,0.0823473259806633
2007-08-10,0.07358694076538086
2007-08-13,0.08409938216209412
2007-08-14,0.08409938216209412
2007-08-15,0.07709110528230667
2007-08-16,0.06657867133617401
2007-08-17,0.06657867133617401
2007-08-20,0.08585145324468613
2007-08-21,0.08059525489807129
2007-08-22,0.08760350942611694
2007-08-23,0.08585145324468613
2007-08-24,0.08585145324468613
2007-08-27,0.08760350942611694
2007-08-28,0.08935558050870895
2007-08-29,0.08059525489807129
2007-08-30,0.08409938216209412
2007-08-31,0.09110766649246216
2007-09-03,0.08409938216209412
2007-09-04,0.08409938216209412
2007-09-05,0.09110766649246216
2007-09-06,0.09110766649246216
2007-09-07,0.09110766649246216
2007-09-10,0.08409938216209412
2007-09-11,0.08409938216209412
2007-09-12,0.08585145324468613
2007-09-13,0.08760350942611694
2007-09-14,0.08760350942611694
2007-09-17,0.08760350942611694
2007-09-18,0.08760350942611694
2007-09-19,0.09110766649246216
2007-09-20,0.09110766649246216
2007-09-21,0.08760350942611694
2007-09-24,0.09110766649246216
2007-09-25,0.08760350942611694
2007-09-26,0.08760350942611694
2007-09-27,0.09461180120706558
2007-09-28,0.09110766649246216
2007-10-01,0.09110766649246216
2007-10-02,0.09110766649246216
2007-10-03,0.09110766649246216
2007-10-04,0.08760350942611694
2007-10-05,0.09285970777273178
2007-10-08,0.08935558050870895
2007-10-09,0.09110766649246216
2007-10-10,0.08935558050870895
2007-10-11,0.09461180120706558
2007-10-12,0.09285970777273178
2007-10-15,0.08935558050870895
2007-10-16,0.08935558050870895
2007-10-17,0.09110766649246216
2007-10-18,0.09110766649246216
2007-10-19,0.08935558050870895
2007-10-22,0.0823473259806633
2007-10-23,0.09461180120706558
2007-10-24,0.09285970777273178
2007-10-25,0.09461180120706558
2007-10-26,0.09986799955368042
2007-10-29,0.10862837731838226
2007-10-30,0.10512419790029526
2007-10-31,0.10337217897176743
2007-11-01,0.10862837731838226
2007-11-02,0.11563663929700851
2007-11-05,0.10687629878520966
2007-11-06,0.10687629878520966
2007-11-07,0.10862837731838226
2007-11-08,0.10862837731838226
2007-11-09,0.10862837731838226
2007-11-12,0.10862837731838226
2007-11-13,0.10862837731838226
2007-11-14,0.11563663929700851
2007-11-15,0.11914077401161194
2007-11-16,0.10862837731838226
2007-11-19,0.10862837731838226
2007-11-20,0.10862837731838226
2007-11-21,0.10862837731838226
2007-11-22,0.10862837731838226
2007-11-23,0.10862837731838226
2007-11-26,0.10862837731838226
2007-11-27,0.10862837731838226
2007-11-28,0.10512419790029526
2007-11-29,0.10162007063627243
2007-11-30,0.10512419790029526
2007-12-03,0.11563663929700851
2007-12-04,0.12264493107795715
2007-12-05,0.11914077401161194
2007-12-06,0.12264493107795715
2007-12-07,0.11563663929700851
2007-12-10,0.11914077401161194
2007-12-11,0.13315734267234802
2007-12-12,0.13315734267234802
2007-12-13,0.14191772043704987
2007-12-14,0.14016565680503845
2007-12-17,0.14016565680503845
2007-12-18,0.12264493107795715
2007-12-19,0.13666148483753204
2007-12-20,0.1314052939414978
2007-12-21,0.13666148483753204
2007-12-24,0.13666148483753204
2007-12-27,0.1296532154083252
2007-12-28,0.13315734267234802
2007-12-31,0.13315734267234802
2008-01-02,0.13841359317302704
2008-01-03,0.13841359317302704
2008-01-04,0.13841359317302704
2008-01-07,0.11914077401161194
2008-01-08,0.11914077401161194
2008-01-09,0.11038042604923248
2008-01-10,0.11038042604923248
2008-01-11,0.11213253438472748
2008-01-14,0.11213253438472748
2008-01-15,0.11038042604923248
2008-01-16,0.11038042604923248
2008-01-17,0.11038042604923248
2008-01-18,0.10687629878520966
2008-01-21,0.10687629878520966
2008-01-22,0.08935558050870895
2008-01-23,0.10162007063627243
2008-01-24,0.10162007063627243
2008-01-25,0.09461180120706558
2008-01-29,0.09636387974023819
2008-01-30,0.09110766649246216
2008-01-31,0.08935558050870895
2008-02-01,0.07884317636489868
2008-02-04,0.09461180120706558
2008-02-05,0.10512419790029526
2008-02-06,0.0981159433722496
2008-02-07,0.0981159433722496
2008-02-08,0.0981159433722496
2008-02-11,0.0981159433722496
2008-02-12,0.0981159433722496
2008-02-13,0.09636387974023819
2008-02-14,0.0823473259806633
2008-02-15,0.08760350942611694
2008-02-18,0.08760350942611694
2008-02-19,0.08760350942611694
2008-02-20,0.08760350942611694
2008-02-21,0.08409938216209412
2008-02-22,0.08760350942611694
2008-02-25,0.08409938216209412
2008-02-26,0.08409938216209412
2008-02-27,0.09285970777273178
2008-02-28,0.09285970777273178
2008-02-29,0.09110766649246216
2008-03-03,0.08409938216209412
2008-03-04,0.09110766649246216
2008-03-05,0.09110766649246216
2008-03-06,0.09285970777273178
2008-03-07,0.09285970777273178
2008-03-10,0.09285970777273178
2008-03-11,0.09285970777273178
2008-03-12,0.09285970777273178
2008-03-13,0.09285970777273178
2008-03-14,0.09461180120706558
2008-03-17,0.09285970777273178
2008-03-18,0.09285970777273178
2008-03-19,0.09285970777273178
2008-03-20,0.08760350942611694
2008-03-25,0.08760350942611694
2008-03-26,0.08760350942611694
2008-03-27,0.08760350942611694
2008-03-28,0.08760350942611694
2008-03-31,0.09110766649246216
2008-04-01,0.08760350942611694
2008-04-02,0.08760350942611694
2008-04-03,0.08760350942611694
2008-04-04,0.08760350942611694
2008-04-07,0.08760350942611694
2008-04-08,0.08760350942611694
2008-04-09,0.08760350942611694
2008-04-10,0.08760350942611694
2008-04-11,0.09110766649246216
2008-04-14,0.08760350942611694
2008-04-15,0.08760350942611694
2008-04-16,0.08760350942611694
2008-04-17,0.08760350942611694
2008-04-18,0.08409938216209412
2008-04-21,0.08760350942611694
2008-04-22,0.08760350942611694
2008-04-23,0.07884317636489868
2008-04-24,0.08409938216209412
2008-04-28,0.08409938216209412
2008-04-29,0.08409938216209412
2008-04-30,0.08059525489807129
2008-05-01,0.08059525489807129
2008-05-02,0.08409938216209412
2008-05-05,0.09110766649246216
2008-05-06,0.09461180120706558
2008-05-07,0.09285970777273178
2008-05-08,0.08760350942611694
2008-05-09,0.08409938216209412
2008-05-12,0.08409938216209412
2008-05-13,0.08409938216209412
2008-05-14,0.08059525489807129
2008-05-15,0.0981159433722496
2008-05-16,0.08409938216209412
2008-05-19,0.08409938216209412
2008-05-20,0.08409938216209412
2008-05-21,0.08409938216209412
2008-05-22,0.08409938216209412
2008-05-23,0.08409938216209412
2008-05-26,0.0823473259806633
2008-05-27,0.0823473259806633
2008-05-28,0.08409938216209412
2008-05-29,0.08059525489807129
2008-05-30,0.08059525489807129
2008-06-02,0.07884317636489868
2008-06-03,0.07884317636489868
2008-06-04,0.07533903419971466
2008-06-05,0.07533903419971466
2008-06-06,0.07884317636489868
2008-06-10,0.07884317636489868
2008-06-11,0.07358694076538086
2008-06-12,0.07358694076538086
2008-06-13,0.07358694076538086
2008-06-16,0.07358694076538086
2008-06-17,0.07709110528230667
2008-06-18,0.07709110528230667
2008-06-19,0.07709110528230667
2008-06-20,0.07709110528230667
2008-06-23,0.07709110528230667
2008-06-24,0.07709110528230667
2008-06-25,0.07709110528230667
2008-06-26,0.08409938216209412
2008-06-27,0.08409938216209412
2008-06-30,0.08409938216209412
2008-07-01,0.08409938216209412
2008-07-02,0.08409938216209412
2008-07-03,0.08409938216209412
2008-07-04,0.07709110528230667
2008-07-07,0.07358694076538086
2008-07-08,0.07358694076538086
2008-07-09,0.07358694076538086
2008-07-10,0.07358694076538086
2008-07-11,0.07358694076538086
2008-07-14,0.07884317636489868
2008-07-15,0.07884317636489868
2008-07-16,0.07884317636489868
2008-07-17,0.07884317636489868
2008-07-18,0.07183488458395004
2008-07-21,0.07183488458395004
2008-07-22,0.07183488458395004
2008-07-23,0.07183488458395004
2008-07-24,0.07358694076538086
2008-07-25,0.07183488458395004
2008-07-28,0.07709110528230667
2008-07-29,0.07183488458395004
2008-07-30,0.07709110528230667
2008-07-31,0.07709110528230667
2008-08-01,0.07709110528230667
2008-08-04,0.07709110528230667
2008-08-05,0.08409938216209412
2008-08-06,0.07709110528230667
2008-08-07,0.07709110528230667
2008-08-08,0.07709110528230667
2008-08-11,0.07709110528230667
2008-08-12,0.07709110528230667
2008-08-13,0.07709110528230667
2008-08-14,0.07358694076538086
2008-08-15,0.07884317636489868
2008-08-18,0.07709110528230667
2008-08-19,0.08059525489807129
2008-08-20,0.08059525489807129
2008-08-21,0.08059525489807129
2008-08-22,0.08059525489807129
2008-08-25,0.08059525489807129
2008-08-26,0.08059525489807129
2008-08-27,0.10512419790029526
2008-08-28,0.10512419790029526
2008-08-29,0.09110766649246216
2008-09-01,0.09110766649246216
2008-09-02,0.09110766649246216
2008-09-03,0.09110766649246216
2008-09-04,0.09110766649246216
2008-09-05,0.08760350942611694
2008-09-08,0.09461180120706558
2008-09-09,0.0981159433722496
2008-09-10,0.09461180120706558
2008-09-11,0.09461180120706558
2008-09-12,0.09461180120706558
2008-09-15,0.09461180120706558
2008-09-16,0.0981159433722496
2008-09-17,0.0981159433722496
2008-09-18,0.09110766649246216
2008-09-19,0.09110766649246216
2008-09-22,0.09110766649246216
2008-09-23,0.09110766649246216
2008-09-24,0.09110766649246216
2008-09-25,0.09285970777273178
2008-09-26,0.09110766649246216
2008-09-29,0.09110766649246216
2008-09-30,0.09110766649246216
2008-10-01,0.09110766649246216
2008-10-02,0.08409938216209412
2008-10-03,0.08409938216209412
2008-10-06,0.08409938216209412
2008-10-07,0.07709110528230667
2008-10-08,0.07709110528230667
2008-10-09,0.08059525489807129
2008-10-10,0.07709110528230667
2008-10-13,0.07533903419971466
2008-10-14,0.08059525489807129
2008-10-15,0.08059525489807129
2008-10-16,0.08059525489807129
2008-10-17,0.08059525489807129
2008-10-20,0.08059525489807129
2008-10-21,0.08059525489807129
2008-10-22,0.08059525489807129
2008-10-23,0.07008282840251923
2008-10-24,0.07008282840251923
2008-10-27,0.07008282840251923
2008-10-28,0.07008282840251923
2008-10-29,0.07008282840251923
2008-10-30,0.07008282840251923
2008-10-31,0.08059525489807129
2008-11-03,0.08059525489807129
2008-11-04,0.08059525489807129
2008-11-05,0.08059525489807129
2008-11-06,0.08059525489807129
2008-11-07,0.07709110528230667
2008-11-10,0.07709110528230667
2008-11-11,0.08760350942611694
2008-11-12,0.08760350942611694
2008-11-13,0.07709110528230667
2008-11-14,0.10512419790029526
2008-11-17,0.07709110528230667
2008-11-18,0.07709110528230667
2008-11-19,0.07709110528230667
2008-11-20,0.07709110528230667
2008-11-21,0.07709110528230667
2008-11-24,0.08059525489807129
2008-11-25,0.08059525489807129
2008-11-26,0.08409938216209412
2008-11-27,0.08409938216209412
2008-11-28,0.08409938216209412
2008-12-01,0.08409938216209412
2008-12-02,0.08059525489807129
2008-12-03,0.0823473259806633
2008-12-04,0.08409938216209412
2008-12-05,0.08409938216209412
2008-12-08,0.08409938216209412
2008-12-09,0.08409938216209412
2008-12-10,0.08760350942611694
2008-12-11,0.09110766649246216
2008-12-12,0.09986799955368042
2008-12-15,0.09986799955368042
2008-12-16,0.09986799955368042
2008-12-17,0.09986799955368042
2008-12-18,0.08760350942611694
2008-12-19,0.09110766649246216
2008-12-22,0.08760350942611694
2008-12-23,0.08409938216209412
2008-12-24,0.08409938216209412
2008-12-29,0.08409938216209412
2008-12-30,0.09110766649246216
2008-12-31,0.09110766649246216
2009-01-02,0.09110766649246216
2009-01-05,0.09110766649246216
2009-01-06,0.08760350942611694
2009-01-07,0.09110766649246216
2009-01-08,0.08935558050870895
2009-01-09,0.09110766649246216
2009-01-12,0.07884317636489868
2009-01-13,0.07884317636489868
2009-01-14,0.07884317636489868
2009-01-15,0.07884317636489868
2009-01-16,0.07884317636489868
2009-01-19,0.07884317636489868
2009-01-20,0.07884317636489868
2009-01-21,0.07884317636489868
2009-01-22,0.07884317636489868
2009-01-23,0.08059525489807129
2009-01-27,0.08059525489807129
2009-01-28,0.0823473259806633
2009-01-29,0.0823473259806633
2009-01-30,0.08760350942611694
2009-02-02,0.08059525489807129
2009-02-03,0.09110766649246216
2009-02-04,0.09110766649246216
2009-02-05,0.09110766649246216
2009-02-06,0.09110766649246216
2009-02-09,0.09110766649246216
2009-02-10,0.09110766649246216
2009-02-11,0.09110766649246216
2009-02-12,0.09110766649246216
2009-02-13,0.09110766649246216
2009-02-16,0.09110766649246216
2009-02-17,0.08585145324468613
2009-02-18,0.08585145324468613
2009-02-19,0.08585145324468613
2009-02-20,0.09110766649246216
2009-02-23,0.08760350942611694
2009-02-24,0.09636387974023819
2009-02-25,0.09285970777273178
2009-02-26,0.08935558050870895
2009-02-27,0.09110766649246216
2009-03-02,0.08760350942611694
2009-03-03,0.08409938216209412
2009-03-04,0.08409938216209412
2009-03-05,0.08585145324468613
2009-03-06,0.09110766649246216
2009-03-09,0.08935558050870895
2009-03-10,0.08935558050870895
2009-03-11,0.08760350942611694
2009-03-12,0.08760350942611694
2009-03-13,0.08935558050870895
2009-03-16,0.08585145324468613
2009-03-17,0.08760350942611694
2009-03-18,0.08760350942611694
2009-03-19,0.09110766649246216
2009-03-20,0.08760350942611694
2009-03-23,0.08760350942611694
2009-03-24,0.08935558050870895
2009-03-25,0.08935558050870895
2009-03-26,0.08935558050870895
2009-03-27,0.09285970777273178
2009-03-30,0.09285970777273178
2009-03-31,0.09285970777273178
2009-04-01,0.09461180120706558
2009-04-02,0.09461180120706558
2009-04-03,0.09986799955368042
2009-04-06,0.0981159433722496
2009-04-07,0.09636387974023819
2009-04-08,0.09636387974023819
2009-04-09,0.09636387974023819
2009-04-14,0.09636387974023819
2009-04-15,0.09636387974023819
2009-04-16,0.09636387974023819
2009-04-17,0.09986799955368042
2009-04-20,0.09986799955368042
2009-04-21,0.09986799955368042
2009-04-22,0.09986799955368042
2009-04-23,0.09986799955368042
2009-04-24,0.09986799955368042
2009-04-27,0.09986799955368042
2009-04-28,0.09986799955368042
2009-04-29,0.09986799955368042
2009-04-30,0.09986799955368042
2009-05-01,0.09986799955368042
2009-05-04,0.09986799955368042
2009-05-05,0.09986799955368042
2009-05-06,0.09986799955368042
2009-05-07,0.0981159433722496
2009-05-08,0.09986799955368042
2009-05-11,0.10162007063627243
2009-05-12,0.10162007063627243
2009-05-13,0.09986799955368042
2009-05-14,0.09986799955368042
2009-05-15,0.09986799955368042
2009-05-18,0.09986799955368042
2009-05-19,0.09986799955368042
2009-05-20,0.0981159433722496
2009-05-21,0.0981159433722496
2009-05-22,0.0981159433722496
2009-05-25,0.09986799955368042
2009-05-26,0.0981159433722496
2009-05-27,0.09986799955368042
2009-05-28,0.10162007063627243
2009-05-29,0.10162007063627243
2009-06-01,0.09986799955368042
2009-06-02,0.10512419790029526
2009-06-03,0.11213253438472748
2009-06-04,0.11213253438472748
2009-06-05,0.10862837731838226
2009-06-09,0.11914077401161194
2009-06-10,0.11914077401161194
2009-06-11,0.11914077401161194
2009-06-12,0.12089285254478455
2009-06-15,0.13315734267234802
2009-06-16,0.13315734267234802
2009-06-17,0.13490942120552063
2009-06-18,0.12264493107795715
2009-06-19,0.1296532154083252
2009-06-22,0.12614907324314117
2009-06-23,0.11563663929700851
2009-06-24,0.12614907324314117
2009-06-25,0.12614907324314117
2009-06-26,0.1296532154083252
2009-06-29,0.1314052939414978
2009-06-30,0.12614907324314117
2009-07-01,0.12790118157863617
2009-07-02,0.13315734267234802
2009-07-03,0.13315734267234802
2009-07-06,0.13315734267234802
2009-07-07,0.13315734267234802
2009-07-08,0.12790118157863617
2009-07-09,0.13315734267234802
2009-07-10,0.13315734267234802
2009-07-13,0.13315734267234802
2009-07-14,0.13315734267234802
2009-07-15,0.13315734267234802
2009-07-16,0.13490942120552063
2009-07-17,0.13490942120552063
2009-07-20,0.14366976916790009
2009-07-21,0.1489260047674179
2009-07-22,0.14191772043704987
2009-07-23,0.14366976916790009
2009-07-24,0.14016565680503845
2009-07-27,0.14717388153076172
2009-07-28,0.14025719463825226
2009-07-29,0.14217844605445862
2009-07-30,0.14217844605445862
2009-07-31,0.14217844605445862
2009-08-03,0.14217844605445862
2009-08-04,0.1479424685239792
2009-08-05,0.14602111279964447
2009-08-06,0.14602111279964447
2009-08-07,0.14986376464366913
2009-08-10,0.15370646119117737
2009-08-11,0.15370646119117737
2009-08-12,0.15754909813404083
2009-08-13,0.1556277722120285
2009-08-14,0.15947045385837555
2009-08-17,0.15947045385837555
2009-08-18,0.15370646119117737
2009-08-19,0.15754909813404083
2009-08-20,0.14986376464366913
2009-08-21,0.15754909813404083
2009-08-24,0.14986376464366913
2009-08-25,0.15754909813404083
2009-08-26,0.1613917201757431
2009-08-27,0.15754909813404083
2009-08-28,0.1556277722120285
2009-08-31,0.15754909813404083
2009-09-01,0.15754909813404083
2009-09-02,0.15370646119117737
2009-09-03,0.15370646119117737
2009-09-04,0.15370646119117737
2009-09-07,0.1479424685239792
2009-09-08,0.1479424685239792
2009-09-09,0.15178513526916504
2009-09-10,0.1479424685239792
2009-09-11,0.15370646119117737
2009-09-14,0.15370646119117737
2009-09-15,0.15178513526916504
2009-09-16,0.15370646119117737
2009-09-17,0.15370646119117737
2009-09-18,0.15370646119117737
2009-09-21,0.15370646119117737
2009-09-22,0.15370646119117737
2009-09-23,0.15754909813404083
2009-09-24,0.15754909813404083
2009-09-25,0.15754909813404083
2009-09-28,0.15370646119117737
2009-09-29,0.15754909813404083
2009-09-30,0.16523444652557373
2009-10-01,0.17291976511478424
2009-10-02,0.18060509860515594
2009-10-05,0.1709984540939331
2009-10-06,0.17291976511478424
2009-10-07,0.17484112083911896
2009-10-08,0.16523444652557373
2009-10-09,0.17291976511478424
2009-10-12,0.17291976511478424
2009-10-13,0.17484112083911896
2009-10-14,0.18060509860515594
2009-10-15,0.1767624318599701
2009-10-16,0.18060509860515594
2009-10-19,0.1767624318599701
2009-10-20,0.17868375778198242
2009-10-21,0.17868375778198242
2009-10-22,0.18060509860515594
2009-10-23,0.18060509860515594
2009-10-26,0.18060509860515594
2009-10-27,0.18060509860515594
2009-10-28,0.17291976511478424
2009-10-29,0.18060509860515594
2009-10-30,0.18829040229320526
2009-11-02,0.18636906147003174
2009-11-03,0.18829040229320526
2009-11-04,0.18829040229320526
2009-11-05,0.1902117133140564
2009-11-06,0.19597569108009338
2009-11-09,0.2132677137851715
2009-11-10,0.1978970468044281
2009-11-11,0.20558243989944458
2009-11-12,0.21134638786315918
2009-11-13,0.20750367641448975
2009-11-16,0.21134638786315918
2009-11-17,0.20558243989944458
2009-11-18,0.19981838762760162
2009-11-19,0.20558243989944458
2009-11-20,0.19981838762760162
2009-11-23,0.2036610096693039
2009-11-24,0.19213303923606873
2009-11-25,0.18829040229320526
2009-11-26,0.19981838762760162
2009-11-27,0.19981838762760162
2009-11-30,0.19981838762760162
2009-12-01,0.19213303923606873
2009-12-02,0.19213303923606873
2009-12-03,0.19405440986156464
2009-12-04,0.1978970468044281
2009-12-07,0.19405440986156464
2009-12-08,0.20558243989944458
2009-12-09,0.2036610096693039
2009-12-10,0.2036610096693039
2009-12-11,0.19597569108009338
2009-12-14,0.2036610096693039
2009-12-15,0.19981838762760162
2009-12-16,0.19981838762760162
2009-12-17,0.19597569108009338
2009-12-18,0.19597569108009338
2009-12-21,0.19597569108009338
2009-12-22,0.19597569108009338
2009-12-23,0.19981838762760162
2009-12-24,0.2036610096693039
2009-12-29,0.2036610096693039
2009-12-30,0.21134638786315918
2009-12-31,0.21134638786315918
2010-01-04,0.21903164684772491
2010-01-05,0.2267170399427414
2010-01-06,0.2267170399427414
2010-01-07,0.24593034386634827
2010-01-08,0.2267170399427414
2010-01-11,0.2209530621767044
2010-01-12,0.2305596023797989
2010-01-13,0.2209530621767044
2010-01-14,0.2209530621767044
2010-01-15,0.21903164684772491
2010-01-18,0.21903164684772491
2010-01-19,0.22287431359291077
2010-01-20,0.22287431359291077
2010-01-21,0.2132677137851715
2010-01-22,0.21518900990486145
2010-01-25,0.21518900990486145
2010-01-27,0.2132677137851715
2010-01-28,0.20750367641448975
2010-01-29,0.20750367641448975
2010-02-01,0.2036610096693039
2010-02-02,0.20750367641448975
2010-02-03,0.20942510664463043
2010-02-04,0.2036610096693039
2010-02-05,0.2036610096693039
2010-02-08,0.2036610096693039
2010-02-09,0.1978970468044281
2010-02-10,0.1978970468044281
2010-02-11,0.19597569108009338
2010-02-12,0.19981838762760162
2010-02-15,0.20173966884613037
2010-02-16,0.20173966884613037
2010-02-17,0.20173966884613037
2010-02-18,0.2036610096693039
2010-02-19,0.21134638786315918
2010-02-22,0.20750367641448975
2010-02-23,0.20173966884613037
2010-02-24,0.2036610096693039
2010-02-25,0.2036610096693039
2010-02-26,0.20558243989944458
2010-03-01,0.2036610096693039
2010-03-02,0.2036610096693039
2010-03-03,0.2036610096693039
2010-03-04,0.2036610096693039
2010-03-05,0.2036610096693039
2010-03-08,0.21134638786315918
2010-03-09,0.2036610096693039
2010-03-10,0.20750367641448975
2010-03-11,0.22287431359291077
2010-03-12,0.21903164684772491
2010-03-15,0.20942510664463043
2010-03-16,0.21134638786315918
2010-03-17,0.20750367641448975
2010-03-18,0.20750367641448975
2010-03-19,0.21518900990486145
2010-03-22,0.21518900990486145
2010-03-23,0.21711036562919617
2010-03-24,0.21518900990486145
2010-03-25,0.20750367641448975
2010-03-26,0.21518900990486145
2010-03-29,0.20750367641448975
2010-03-30,0.20942510664463043
2010-03-31,0.21134638786315918
2010-04-01,0.21134638786315918
2010-04-06,0.2036610096693039
2010-04-07,0.2036610096693039
2010-04-08,0.2036610096693039
2010-04-09,0.2036610096693039
2010-04-12,0.20558243989944458
2010-04-13,0.21134638786315918
2010-04-14,0.20750367641448975
2010-04-15,0.20750367641448975
2010-04-16,0.20750367641448975
2010-04-19,0.2036610096693039
2010-04-20,0.20750367641448975
2010-04-21,0.20750367641448975
2010-04-22,0.20558243989944458
2010-04-23,0.2036610096693039
2010-04-27,0.20558243989944458
2010-04-28,0.2036610096693039
2010-04-29,0.20173966884613037
2010-04-30,0.2036610096693039
2010-05-03,0.2036610096693039
2010-05-04,0.2036610096693039
2010-05-05,0.19981838762760162
2010-05-06,0.1978970468044281
2010-05-07,0.18829040229320526
2010-05-10,0.19213303923606873
2010-05-11,0.19213303923606873
2010-05-12,0.19213303923606873
2010-05-13,0.19981838762760162
2010-05-14,0.19213303923606873
2010-05-17,0.18829040229320526
2010-05-18,0.18636906147003174
2010-05-19,0.1902117133140564
2010-05-20,0.18060509860515594
2010-05-21,0.17291976511478424
2010-05-24,0.17291976511478424
2010-05-25,0.1767624318599701
2010-05-26,0.19213303923606873
2010-05-27,0.19213303923606873
2010-05-28,0.18829040229320526
2010-05-31,0.19213303923606873
2010-06-01,0.19213303923606873
2010-06-02,0.18829040229320526
2010-06-03,0.18444772064685822
2010-06-04,0.1902117133140564
2010-06-07,0.20173966884613037
2010-06-08,0.20173966884613037
2010-06-09,0.1902117133140564
2010-06-10,0.1978970468044281
2010-06-11,0.19597569108009338
2010-06-15,0.19213303923606873
2010-06-16,0.19981838762760162
2010-06-17,0.1978970468044281
2010-06-18,0.19981838762760162
2010-06-21,0.19981838762760162
2010-06-22,0.19213303923606873
2010-06-23,0.19213303923606873
2010-06-24,0.19981838762760162
2010-06-25,0.19213303923606873
2010-06-28,0.19213303923606873
2010-06-29,0.19213303923606873
2010-06-30,0.19213303923606873
2010-07-01,0.19597569108009338
2010-07-02,0.18829040229320526
2010-07-05,0.19981838762760162
2010-07-06,0.19981838762760162
2010-07-07,0.19981838762760162
2010-07-08,0.19213303923606873
2010-07-09,0.18829040229320526
2010-07-12,0.18829040229320526
2010-07-13,0.18829040229320526
2010-07-14,0.18829040229320526
2010-07-15,0.19213303923606873
2010-07-16,0.19213303923606873
2010-07-19,0.19213303923606873
2010-07-20,0.19213303923606873
2010-07-21,0.18829040229320526
2010-07-22,0.19213303923606873
2010-07-23,0.19597569108009338
2010-07-26,0.19213303923606873
2010-07-27,0.19597569108009338
2010-07-28,0.19213303923606873
2010-07-29,0.19213303923606873
2010-07-30,0.19213303923606873
2010-08-02,0.19213303923606873
2010-08-03,0.19213303923606873
2010-08-04,0.19213303923606873
2010-08-05,0.19213303923606873
2010-08-06,0.19213303923606873
2010-08-09,0.19213303923606873
2010-08-10,0.19981838762760162
2010-08-11,0.19597569108009338
2010-08-12,0.19597569108009338
2010-08-13,0.19597569108009338
2010-08-16,0.19597569108009338
2010-08-17,0.19597569108009338
2010-08-18,0.19597569108009338
2010-08-19,0.19981838762760162
2010-08-20,0.2036610096693039
2010-08-23,0.19981838762760162
2010-08-24,0.21518900990486145
2010-08-25,0.2132677137851715
2010-08-26,0.21903164684772491
2010-08-27,0.21711036562919617
2010-08-30,0.21903164684772491
2010-08-31,0.21903164684772491
2010-09-01,0.21903164684772491
2010-09-02,0.2247956395149231
2010-09-03,0.22287431359291077
2010-09-06,0.22796282172203064
2010-09-07,0.23406901955604553
2010-09-08,0.2361043095588684
2010-09-09,0.22796282172203064
2010-09-10,0.22796282172203064
2010-09-13,0.22796282172203064
2010-09-14,0.22796282172203064
2010-09-15,0.22999821603298187
2010-09-16,0.22999821603298187
2010-09-17,0.22796282172203064
2010-09-20,0.22389204800128937
2010-09-21,0.22389204800128937
2010-09-22,0.22796282172203064
2010-09-23,0.23203355073928833
2010-09-24,0.22389204800128937
2010-09-27,0.22999821603298187
2010-09-28,0.22796282172203064
2010-09-29,0.22796282172203064
2010-09-30,0.23203355073928833
2010-10-01,0.22796282172203064
2010-10-04,0.22796282172203064
2010-10-05,0.23203355073928833
2010-10-06,0.2361043095588684
2010-10-07,0.2361043095588684
2010-10-08,0.2361043095588684
2010-10-11,0.2361043095588684
2010-10-12,0.2361043095588684
2010-10-13,0.23813965916633606
2010-10-14,0.24424590170383453
2010-10-15,0.24424590170383453
2010-10-18,0.25442272424697876
2010-10-19,0.25442272424697876
2010-10-20,0.2483166754245758
2010-10-21,0.2483166754245758
2010-10-22,0.2483166754245758
2010-10-25,0.2483166754245758
2010-10-26,0.2523874342441559
2010-10-27,0.24628128111362457
2010-10-28,0.25035202503204346
2010-10-29,0.25035202503204346
2010-11-01,0.2523874342441559
2010-11-02,0.2523874342441559
2010-11-03,0.2523874342441559
2010-11-04,0.2523874342441559
2010-11-05,0.2523874342441559
2010-11-08,0.25645819306373596
2010-11-09,0.26052889227867126
2010-11-10,0.2686704695224762
2010-11-11,0.2788473665714264
2010-11-12,0.27681201696395874
2010-11-15,0.2686704695224762
2010-11-16,0.2686704695224762
2010-11-17,0.2686704695224762
2010-11-18,0.2666350305080414
2010-11-19,0.2666350305080414
2010-11-22,0.2666350305080414
2010-11-23,0.2666350305080414
2010-11-24,0.2666350305080414
2010-11-25,0.26052889227867126
2010-11-26,0.24424590170383453
2010-11-29,0.24017512798309326
2010-11-30,0.24424590170383453
2010-12-01,0.24424590170383453
2010-12-02,0.24424590170383453
2010-12-03,0.24424590170383453
2010-12-06,0.24424590170383453
2010-12-07,0.24424590170383453
2010-12-08,0.24424590170383453
2010-12-09,0.24424590170383453
2010-12-10,0.24424590170383453
2010-12-13,0.23813965916633606
2010-12-14,0.2645997107028961
2010-12-15,0.2645997107028961
2010-12-16,0.25645819306373596
2010-12-17,0.25645819306373596
2010-12-20,0.25645819306373596
2010-12-21,0.26052889227867126
2010-12-22,0.2727411985397339
2010-12-23,0.2747766673564911
2010-12-24,0.2747766673564911
2010-12-29,0.2645997107028961
2010-12-30,0.2645997107028961
2010-12-31,0.2645997107028961
2011-01-04,0.2645997107028961
2011-01-05,0.2645997107028961
2011-01-06,0.2645997107028961
2011-01-07,0.25645819306373596
2011-01-10,0.26052889227867126
2011-01-11,0.2523874342441559
2011-01-12,0.2523874342441559
2011-01-13,0.2523874342441559
2011-01-14,0.2645997107028961
2011-01-17,0.2686704695224762
2011-01-18,0.26052889227867126
2011-01-19,0.2584935128688812
2011-01-20,0.2584935128688812
2011-01-21,0.25645819306373596
2011-01-24,0.25645819306373596
2011-01-25,0.2686704695224762
2011-01-27,0.27070584893226624
2011-01-28,0.2686704695224762
2011-01-31,0.2686704695224762
2011-02-01,0.2727411985397339
2011-02-02,0.2727411985397339
2011-02-03,0.2747766673564911
2011-02-04,0.2645997107028961
2011-02-07,0.2645997107028961
2011-02-08,0.2645997107028961
2011-02-09,0.2686704695224762
2011-02-10,0.2727411985397339
2011-02-11,0.2645997107028961
2011-02-14,0.2645997107028961
2011-02-15,0.2645997107028961
2011-02-16,0.2727411985397339
2011-02-17,0.2727411985397339
2011-02-18,0.2727411985397339
2011-02-21,0.27681201696395874
2011-02-22,0.27681201696395874
2011-02-23,0.2727411985397339
2011-02-24,0.27681201696395874
2011-02-25,0.27681201696395874
2011-02-28,0.2819957733154297
2011-03-01,0.2840692102909088
2011-03-02,0.2840692102909088
2011-03-03,0.2778487205505371
2011-03-04,0.2778487205505371
2011-03-07,0.2778487205505371
2011-03-08,0.2778487205505371
2011-03-09,0.2778487205505371
2011-03-10,0.2778487205505371
2011-03-11,0.2695547342300415
2011-03-15,0.2695547342300415
2011-03-16,0.2695547342300415
2011-03-17,0.2695547342300415
2011-03-18,0.2695547342300415
2011-03-21,0.2695547342300415
2011-03-22,0.2695547342300415
2011-03-23,0.275775283575058
2011-03-24,0.275775283575058
2011-03-25,0.26748126745224
2011-03-28,0.27162817120552063
2011-03-29,0.27162817120552063
2011-03-30,0.27162817120552063
2011-03-31,0.27162817120552063
2011-04-01,0.27162817120552063
2011-04-04,0.2737017571926117
2011-04-05,0.2737017571926117
2011-04-06,0.275775283575058
2011-04-07,0.27162817120552063
2011-04-08,0.27162817120552063
2011-04-11,0.27162817120552063
2011-04-12,0.26748126745224
2011-04-13,0.2695547342300415
2011-04-14,0.2654077410697937
2011-04-15,0.2737017571926117
2011-04-18,0.2737017571926117
2011-04-19,0.2737017571926117
2011-04-20,0.2737017571926117
2011-04-21,0.2654077410697937
2011-04-27,0.2654077410697937
2011-04-28,0.2654077410697937
2011-04-29,0.2612607479095459
2011-05-02,0.2571137845516205
2011-05-03,0.2529667913913727
2011-05-04,0.2529667913913727
2011-05-05,0.2529667913913727
2011-05-06,0.2529667913913727
2011-05-09,0.2529667913913727
2011-05-10,0.2508932948112488
2011-05-11,0.2446727752685547
2011-05-12,0.2446727752685547
2011-05-13,0.2446727752685547
2011-05-16,0.2446727752685547
2011-05-17,0.2446727752685547
2011-05-18,0.24881978332996368
2011-05-19,0.24881978332996368
2011-05-20,0.24881978332996368
2011-05-23,0.2612607479095459
2011-05-24,0.2612607479095459
2011-05-25,0.2612607479095459
2011-05-26,0.2612607479095459
2011-05-27,0.2612607479095459
2011-05-30,0.2508932948112488
2011-05-31,0.2571137845516205
2011-06-01,0.2571137845516205
2011-06-02,0.2571137845516205
2011-06-03,0.24881978332996368
2011-06-06,0.24881978332996368
2011-06-07,0.24881978332996368
2011-06-08,0.2529667913913727
2011-06-09,0.2446727752685547
2011-06-10,0.2446727752685547
2011-06-14,0.2405257523059845
2011-06-15,0.2363787591457367
2011-06-16,0.23223179578781128
2011-06-17,0.22808480262756348
2011-06-20,0.2405257523059845
2011-06-21,0.2405257523059845
2011-06-22,0.24881978332996368
2011-06-23,0.24881978332996368
2011-06-24,0.2446727752685547
2011-06-27,0.2405257523059845
2011-06-28,0.2405257523059845
2011-06-29,0.24881978332996368
2011-06-30,0.2571137845516205
2011-07-01,0.24881978332996368
2011-07-04,0.24881978332996368
2011-07-05,0.24881978332996368
2011-07-06,0.24881978332996368
2011-07-07,0.24881978332996368
2011-07-08,0.23223179578781128
2011-07-11,0.2405257523059845
2011-07-12,0.2405257523059845
2011-07-13,0.23015828430652618
2011-07-14,0.22601136565208435
2011-07-15,0.22808480262756348
2011-07-18,0.22808480262756348
2011-07-19,0.22808480262756348
2011-07-20,0.22808480262756348
2011-07-21,0.23223179578781128
2011-07-22,0.22808480262756348
2011-07-25,0.22393782436847687
2011-07-26,0.21771730482578278
2011-07-27,0.21149681508541107
2011-07-28,0.2197907716035843
2011-07-29,0.2197907716035843
2011-08-02,0.21564383804798126
2011-08-03,0.20734982192516327
2011-08-04,0.20734982192516327
2011-08-05,0.20734982192516327
2011-08-08,0.20734982192516327
2011-08-09,0.18661484122276306
2011-08-10,0.20320282876491547
2011-08-11,0.19905579090118408
2011-08-12,0.18661484122276306
2011-08-15,0.19490884244441986
2011-08-16,0.19698235392570496
2011-08-17,0.19905579090118408
2011-08-18,0.19905579090118408
2011-08-19,0.19905579090118408
2011-08-22,0.20320282876491547
2011-08-23,0.19905579090118408
2011-08-24,0.2052762806415558
2011-08-25,0.20734982192516327
2011-08-26,0.20734982192516327
2011-08-29,0.20320282876491547
2011-08-30,0.21149681508541107
2011-08-31,0.21149681508541107
2011-09-01,0.21564383804798126
2011-09-02,0.21149681508541107
2011-09-05,0.19283530116081238
2011-09-06,0.19391262531280518
2011-09-07,0.20468558371067047
2011-09-08,0.20468558371067047
2011-09-09,0.20899474620819092
2011-09-12,0.20253096520900726
2011-09-13,0.20253096520900726
2011-09-14,0.20253096520900726
2011-09-15,0.20684008300304413
2011-09-16,0.20684008300304413
2011-09-19,0.20899474620819092
2011-09-20,0.1982218474149704
2011-09-21,0.1960672289133072
2011-09-22,0.1982218474149704
2011-09-23,0.19391262531280518
2011-09-26,0.19391262531280518
2011-09-27,0.19391262531280518
2011-09-28,0.18960341811180115
2011-09-29,0.18960341811180115
2011-09-30,0.19391262531280518
2011-10-04,0.18098503351211548
2011-10-05,0.18960341811180115
2011-10-06,0.18960341811180115
2011-10-07,0.19391262531280518
2011-10-10,0.18313966691493988
2011-10-11,0.19391262531280518
2011-10-12,0.19391262531280518
2011-10-13,0.19391262531280518
2011-10-14,0.18960341811180115
2011-10-17,0.19391262531280518
2011-10-18,0.19391262531280518
2011-10-19,0.19391262531280518
2011-10-20,0.19391262531280518
2011-10-21,0.19391262531280518
2011-10-24,0.19391262531280518
2011-10-25,0.18098503351211548
2011-10-26,0.18098503351211548
2011-10-27,0.1982218474149704
2011-10-28,0.20468558371067047
2011-10-31,0.2154584676027298
2011-11-02,0.21114932000637054
2011-11-03,0.2154584676027298
2011-11-04,0.20684008300304413
2011-11-07,0.20253096520900726
2011-11-08,0.21114932000637054
2011-11-09,0.21114932000637054
2011-11-10,0.1982218474149704
2011-11-11,0.1982218474149704
2011-11-14,0.2133038491010666
2011-11-15,0.2133038491010666
2011-11-16,0.20253096520900726
2011-11-17,0.20684008300304413
2011-11-18,0.20684008300304413
2011-11-21,0.20468558371067047
2011-11-22,0.19391262531280518
2011-11-23,0.1766759306192398
2011-11-24,0.1766759306192398
2011-11-25,0.18960341811180115
2011-11-28,0.17021220922470093
2011-11-29,0.16805757582187653
2011-11-30,0.17236679792404175
2011-12-01,0.18098503351211548
2011-12-02,0.18960341811180115
2011-12-05,0.17452135682106018
2011-12-06,0.17452135682106018
2011-12-07,0.17236679792404175
2011-12-08,0.17021220922470093
2011-12-09,0.16159383952617645
2011-12-12,0.1594392955303192
2011-12-13,0.16374839842319489
2011-12-14,0.1594392955303192
2011-12-15,0.1594392955303192
2011-12-16,0.1659030169248581
2011-12-19,0.1659030169248581
2011-12-20,0.15513010323047638
2011-12-21,0.1594392955303192
2011-12-22,0.15082088112831116
2011-12-23,0.1465117633342743
2011-12-28,0.15082088112831116
2011-12-29,0.15082088112831116
2011-12-30,0.1594392955303192
2012-01-03,0.15082088112831116
2012-01-04,0.14866633713245392
2012-01-05,0.15082088112831116
2012-01-06,0.15082088112831116
2012-01-09,0.15082088112831116
2012-01-10,0.15082088112831116
2012-01-11,0.14866633713245392
2012-01-12,0.14435717463493347
2012-01-13,0.14435717463493347
2012-01-16,0.14435717463493347
2012-01-17,0.14435717463493347
2012-01-18,0.15082088112831116
2012-01-19,0.15082088112831116
2012-01-20,0.1465117633342743
2012-01-23,0.1465117633342743
2012-01-24,0.1465117633342743
2012-01-25,0.1465117633342743
2012-01-27,0.15082088112831116
2012-01-30,0.1594392955303192
2012-01-31,0.1594392955303192
2012-02-01,0.15513010323047638
2012-02-02,0.15513010323047638
2012-02-03,0.15513010323047638
2012-02-06,0.1594392955303192
2012-02-07,0.1594392955303192
2012-02-08,0.17236679792404175
2012-02-09,0.17883051931858063
2012-02-10,0.17236679792404175
2012-02-13,0.17452135682106018
2012-02-14,0.17883051931858063
2012-02-15,0.1766759306192398
2012-02-16,0.17236679792404175
2012-02-17,0.17236679792404175
2012-02-20,0.17236679792404175
2012-02-21,0.17236679792404175
2012-02-22,0.17236679792404175
2012-02-23,0.17236679792404175
2012-02-24,0.17021220922470093
2012-02-27,0.17799971997737885
2012-02-28,0.1757747083902359
2012-02-29,0.16687467694282532
2012-03-01,0.1579747051000595
2012-03-02,0.16464973986148834
2012-03-05,0.16687467694282532
2012-03-06,0.16687467694282532
2012-03-07,0.17132468521595
2012-03-08,0.16909967362880707
2012-03-09,0.17132468521595
2012-03-12,0.16909967362880707
2012-03-13,0.16909967362880707
2012-03-14,0.16909967362880707
2012-03-15,0.16909967362880707
2012-03-16,0.16909967362880707
2012-03-19,0.16909967362880707
2012-03-20,0.16909967362880707
2012-03-21,0.16909967362880707
2012-03-22,0.16687467694282532
2012-03-23,0.16687467694282532
2012-03-26,0.16909967362880707
2012-03-27,0.16464973986148834
2012-03-28,0.16019970178604126
2012-03-29,0.16464973986148834
2012-03-30,0.1624247431755066
2012-04-02,0.1624247431755066
2012-04-03,0.1624247431755066
2012-04-04,0.16019970178604126
2012-04-05,0.16464973986148834
2012-04-10,0.16464973986148834
2012-04-11,0.1624247431755066
2012-04-12,0.1624247431755066
2012-04-13,0.1579747051000595
2012-04-16,0.153524711728096
2012-04-17,0.153524711728096
2012-04-18,0.153524711728096
2012-04-19,0.153524711728096
2012-04-20,0.15574967861175537
2012-04-23,0.153524711728096
2012-04-24,0.153524711728096
2012-04-26,0.153524711728096
2012-04-27,0.153524711728096
2012-04-30,0.153524711728096
2012-05-01,0.153524711728096
2012-05-02,0.153524711728096
2012-05-03,0.15129972994327545
2012-05-04,0.15129972994327545
2012-05-07,0.1490747183561325
2012-05-08,0.1490747183561325
2012-05-09,0.14239972829818726
2012-05-10,0.14684975147247314
2012-05-11,0.14239972829818726
2012-05-14,0.1446247398853302
2012-05-15,0.1401747465133667
2012-05-16,0.1446247398853302
2012-05-17,0.13794977962970734
2012-05-18,0.14239972829818726
2012-05-21,0.15574967861175537
2012-05-22,0.153524711728096
2012-05-23,0.14684975147247314
2012-05-24,0.15574967861175537
2012-05-25,0.1579747051000595
2012-05-28,0.16019970178604126
2012-05-29,0.16687467694282532
2012-05-30,0.17354968190193176
2012-05-31,0.1579747051000595
2012-06-01,0.16019970178604126
2012-06-04,0.16019970178604126
2012-06-05,0.16464973986148834
2012-06-06,0.15574967861175537
2012-06-07,0.1579747051000595
2012-06-08,0.1579747051000595
2012-06-12,0.1579747051000595
2012-06-13,0.153524711728096
2012-06-14,0.15574967861175537
2012-06-15,0.153524711728096
2012-06-18,0.1579747051000595
2012-06-19,0.15129972994327545
2012-06-20,0.15129972994327545
2012-06-21,0.14684975147247314
2012-06-22,0.1446247398853302
2012-06-25,0.14239972829818726
2012-06-26,0.1401747465133667
2012-06-27,0.14239972829818726
2012-06-28,0.14239972829818726
2012-06-29,0.15129972994327545
2012-07-02,0.14684975147247314
2012-07-03,0.14684975147247314
2012-07-04,0.1579747051000595
2012-07-05,0.16909967362880707
2012-07-06,0.16687467694282532
2012-07-09,0.16687467694282532
2012-07-10,0.16464973986148834
2012-07-11,0.153524711728096
2012-07-12,0.16687467694282532
2012-07-13,0.15129972994327545
2012-07-16,0.16019970178604126
2012-07-17,0.15574967861175537
2012-07-18,0.16019970178604126
2012-07-19,0.16019970178604126
2012-07-20,0.1624247431755066
2012-07-23,0.16464973986148834
2012-07-24,0.16464973986148834
2012-07-25,0.16464973986148834
2012-07-26,0.16019970178604126
2012-07-27,0.16019970178604126
2012-07-30,0.16464973986148834
2012-07-31,0.16464973986148834
2012-08-01,0.16464973986148834
2012-08-02,0.16019970178604126
2012-08-03,0.1579747051000595
2012-08-06,0.16019970178604126
2012-08-07,0.16687467694282532
2012-08-08,0.16464973986148834
2012-08-09,0.16464973986148834
2012-08-10,0.1624247431755066
2012-08-13,0.1624247431755066
2012-08-14,0.16687467694282532
2012-08-15,0.1624247431755066
2012-08-16,0.1624247431755066
2012-08-17,0.1624247431755066
2012-08-20,0.1624247431755066
2012-08-21,0.16464973986148834
2012-08-22,0.16019970178604126
2012-08-23,0.17132468521595
2012-08-24,0.17354968190193176
2012-08-27,0.17354968190193176
2012-08-28,0.17132468521595
2012-08-29,0.17354968190193176
2012-08-30,0.17354968190193176
2012-08-31,0.17132468521595
2012-09-03,0.17354968190193176
2012-09-04,0.17354968190193176
2012-09-05,0.1757747083902359
2012-09-06,0.17926691472530365
2012-09-07,0.17926691472530365
2012-09-10,0.18159501254558563
2012-09-11,0.18159501254558563
2012-09-12,0.18159501254558563
2012-09-13,0.1769387423992157
2012-09-14,0.17787006497383118
2012-09-17,0.18159501254558563
2012-09-18,0.1769387423992157
2012-09-19,0.17926691472530365
2012-09-20,0.17926691472530365
2012-09-21,0.17926691472530365
2012-09-24,0.17926691472530365
2012-09-25,0.17926691472530365
2012-09-26,0.18159501254558563
2012-09-27,0.18159501254558563
2012-09-28,0.18159501254558563
2012-10-01,0.18392319977283478
2012-10-02,0.18159501254558563
2012-10-03,0.18159501254558563
2012-10-04,0.18159501254558563
2012-10-05,0.1909075826406479
2012-10-08,0.18625137209892273
2012-10-09,0.2002202272415161
2012-10-10,0.20487643778324127
2012-10-11,0.2002202272415161
2012-10-12,0.19556383788585663
2012-10-15,0.19556383788585663
2012-10-16,0.19556383788585663
2012-10-17,0.2002202272415161
2012-10-18,0.20487643778324127
2012-10-19,0.2095327377319336
2012-10-22,0.2165171056985855
2012-10-23,0.20720461010932922
2012-10-24,0.2002202272415161
2012-10-25,0.20487643778324127
2012-10-26,0.2025482952594757
2012-10-29,0.19556383788585663
2012-10-30,0.19789208471775055
2012-10-31,0.1909075826406479
2012-11-01,0.18625137209892273
2012-11-02,0.19556383788585663
2012-11-05,0.19323578476905823
2012-11-06,0.19323578476905823
2012-11-07,0.19323578476905823
2012-11-08,0.1909075826406479
2012-11-09,0.18857941031455994
2012-11-12,0.19556383788585663
2012-11-13,0.19556383788585663
2012-11-14,0.19789208471775055
2012-11-15,0.19323578476905823
2012-11-16,0.19323578476905823
2012-11-19,0.1909075826406479
2012-11-20,0.18857941031455994
2012-11-21,0.18625137209892273
2012-11-22,0.18857941031455994
2012-11-23,0.18857941031455994
2012-11-26,0.1909075826406479
2012-11-27,0.19323578476905823
2012-11-28,0.19323578476905823
2012-11-29,0.19556383788585663
2012-11-30,0.19556383788585663
2012-12-03,0.1909075826406479
2012-12-04,0.19556383788585663
2012-12-05,0.18857941031455994
2012-12-06,0.1909075826406479
2012-12-07,0.19556383788585663
2012-12-10,0.2002202272415161
2012-12-11,0.19323578476905823
2012-12-12,0.2002202272415161
2012-12-13,0.19789208471775055
2012-12-14,0.2095327377319336
2012-12-17,0.2095327377319336
2012-12-18,0.2002202272415161
2012-12-19,0.20720461010932922
2012-12-20,0.2002202272415161
2012-12-21,0.20720461010932922
2012-12-24,0.2095327377319336
2012-12-27,0.2025482952594757
2012-12-28,0.20720461010932922
2012-12-31,0.20720461010932922
2013-01-02,0.2095327377319336
2013-01-03,0.2095327377319336
2013-01-04,0.2095327377319336
2013-01-07,0.21418902277946472
2013-01-08,0.21186086535453796
2013-01-09,0.21186086535453796
2013-01-10,0.21186086535453796
2013-01-11,0.21884529292583466
2013-01-14,0.2165171056985855
2013-01-15,0.21884529292583466
2013-01-16,0.2165171056985855
2013-01-17,0.21418902277946472
2013-01-18,0.2165171056985855
2013-01-21,0.2165171056985855
2013-01-22,0.21418902277946472
2013-01-23,0.21884529292583466
2013-01-24,0.21884529292583466
2013-01-25,0.2165171056985855
2013-01-29,0.21884529292583466
2013-01-30,0.22350157797336578
2013-01-31,0.22350157797336578
2013-02-01,0.2281578630208969
2013-02-04,0.2351422905921936
2013-02-05,0.23281417787075043
2013-02-06,0.23979856073856354
2013-02-07,0.23979856073856354
2013-02-08,0.23281417787075043
2013-02-11,0.2351422905921936
2013-02-12,0.2281578630208969
2013-02-13,0.2351422905921936
2013-02-14,0.23048599064350128
2013-02-15,0.23747038841247559
2013-02-18,0.23979856073856354
2013-02-19,0.23747038841247559
2013-02-20,0.2351422905921936
2013-02-21,0.23281417787075043
2013-02-22,0.23281417787075043
2013-02-25,0.2421266883611679
2013-02-26,0.23281417787075043
2013-02-27,0.2605588436126709
2013-02-28,0.2726217210292816
2013-03-01,0.2774469256401062
2013-03-04,0.262971431016922
2013-03-05,0.262971431016922
2013-03-06,0.2822720408439636
2013-03-07,0.2702091932296753
2013-03-08,0.2653840184211731
2013-03-11,0.2653840184211731
2013-03-12,0.2702091932296753
2013-03-13,0.2702091932296753
2013-03-14,0.2581462860107422
2013-03-15,0.262971431016922
2013-03-18,0.2605588436126709
2013-03-19,0.2581462860107422
2013-03-20,0.24125823378562927
2013-03-21,0.24608342349529266
2013-03-22,0.2509085536003113
2013-03-25,0.2509085536003113
2013-03-26,0.24608342349529266
2013-03-27,0.2533210813999176
2013-03-28,0.2605588436126709
2013-04-02,0.2605588436126709
2013-04-03,0.2895098030567169
2013-04-04,0.2798595130443573
2013-04-05,0.2822720408439636
2013-04-08,0.2798595130443573
2013-04-09,0.2798595130443573
2013-04-10,0.2798595130443573
2013-04-11,0.2846846282482147
2013-04-12,0.2846846282482147
2013-04-15,0.2822720408439636
2013-04-16,0.2774469256401062
2013-04-17,0.2798595130443573
2013-04-18,0.2798595130443573
2013-04-19,0.2798595130443573
2013-04-22,0.2798595130443573
2013-04-23,0.2798595130443573
2013-04-24,0.2822720408439636
2013-04-26,0.2870972752571106
2013-04-29,0.2991602122783661
2013-04-30,0.2967475652694702
2013-05-01,0.30157271027565
2013-05-02,0.2991602122783661
2013-05-03,0.2991602122783661
2013-05-06,0.2991602122783661
2013-05-07,0.2943350076675415
2013-05-08,0.2991602122783661
2013-05-09,0.2991602122783661
2013-05-10,0.2967475652694702
2013-05-13,0.2943350076675415
2013-05-14,0.2870972752571106
2013-05-15,0.2726217210292816
2013-05-16,0.2702091932296753
2013-05-17,0.2822720408439636
2013-05-20,0.2870972752571106
2013-05-21,0.2702091932296753
2013-05-22,0.2677965462207794
2013-05-23,0.2677965462207794
2013-05-24,0.2750343084335327
2013-05-27,0.2581462860107422
2013-05-28,0.262971431016922
2013-05-29,0.2726217210292816
2013-05-30,0.2702091932296753
2013-05-31,0.2653840184211731
2013-06-03,0.2509085536003113
2013-06-04,0.2581462860107422
2013-06-05,0.2509085536003113
2013-06-06,0.2436707764863968
2013-06-07,0.24608342349529266
2013-06-11,0.2436707764863968
2013-06-12,0.248495951294899
2013-06-13,0.2533210813999176
2013-06-14,0.2533210813999176
2013-06-17,0.2557336390018463
2013-06-18,0.2653840184211731
2013-06-19,0.2774469256401062
2013-06-20,0.2798595130443573
2013-06-21,0.2605588436126709
2013-06-24,0.2533210813999176
2013-06-25,0.2533210813999176
2013-06-26,0.2750343084335327
2013-06-27,0.2726217210292816
2013-06-28,0.2653840184211731
2013-07-01,0.2653840184211731
2013-07-02,0.2581462860107422
2013-07-03,0.2653840184211731
2013-07-04,0.2702091932296753
2013-07-05,0.2702091932296753
2013-07-08,0.2750343084335327
2013-07-09,0.2726217210292816
2013-07-10,0.2726217210292816
2013-07-11,0.2702091932296753
2013-07-12,0.2702091932296753
2013-07-15,0.2677965462207794
2013-07-16,0.2702091932296753
2013-07-17,0.2750343084335327
2013-07-18,0.2726217210292816
2013-07-19,0.2726217210292816
2013-07-22,0.2726217210292816
2013-07-23,0.2726217210292816
2013-07-24,0.2798595130443573
2013-07-25,0.2750343084335327
2013-07-26,0.2798595130443573
2013-07-29,0.2798595130443573
2013-07-30,0.2750343084335327
2013-07-31,0.2774469256401062
2013-08-01,0.2774469256401062
2013-08-02,0.2750343084335327
2013-08-05,0.2653840184211731
2013-08-06,0.2581462860107422
2013-08-07,0.2702091932296753
2013-08-08,0.2702091932296753
2013-08-09,0.2774469256401062
2013-08-12,0.2750343084335327
2013-08-13,0.2798595130443573
2013-08-14,0.2798595130443573
2013-08-15,0.2846846282482147
2013-08-16,0.2798595130443573
2013-08-19,0.2774469256401062
2013-08-20,0.2822720408439636
2013-08-21,0.2967475652694702
2013-08-22,0.3136356472969055
2013-08-23,0.30639785528182983
2013-08-26,0.31122303009033203
2013-08-27,0.31122303009033203
2013-08-28,0.3088105320930481
2013-08-29,0.3136356472969055
2013-08-30,0.3136356472969055
2013-09-02,0.31604814529418945
2013-09-03,0.31122303009033203
2013-09-04,0.30997323989868164
2013-09-05,0.30997323989868164
2013-09-06,0.3199723958969116
2013-09-09,0.30997323989868164
2013-09-10,0.3124729096889496
2013-09-11,0.3199723958969116
2013-09-12,0.3224720358848572
2013-09-13,0.3274715542793274
2013-09-16,0.33997055888175964
2013-09-17,0.34497010707855225
2013-09-18,0.3374708294868469
2013-09-19,0.3424703776836395
2013-09-20,0.33997055888175964
2013-09-23,0.33997055888175964
2013-09-24,0.34497010707855225
2013-09-25,0.34497010707855225
2013-09-26,0.34497010707855225
2013-09-27,0.3424703776836395
2013-09-30,0.3424703776836395
2013-10-01,0.3424703776836395
2013-10-02,0.35996881127357483
2013-10-03,0.3524695336818695
2013-10-04,0.3649684190750122
2013-10-07,0.3624686300754547
2013-10-08,0.3474699854850769
2013-10-09,0.34996968507766724
2013-10-10,0.34996968507766724
2013-10-11,0.3524695336818695
2013-10-14,0.34996968507766724
2013-10-15,0.34996968507766724
2013-10-16,0.33997055888175964
2013-10-17,0.3424703776836395
2013-10-18,0.34996968507766724
2013-10-21,0.3524695336818695
2013-10-22,0.3624686300754547
2013-10-23,0.35996881127357483
2013-10-24,0.3749675750732422
2013-10-25,0.37746724486351013
2013-10-28,0.3674682080745697
2013-10-29,0.36996790766716003
2013-10-30,0.36996790766716003
2013-10-31,0.36996790766716003
2013-11-01,0.36996790766716003
2013-11-04,0.3674682080745697
2013-11-05,0.36996790766716003
2013-11-06,0.36996790766716003
2013-11-07,0.36996790766716003
2013-11-08,0.36996790766716003
2013-11-11,0.36996790766716003
2013-11-12,0.3649684190750122
2013-11-13,0.36996790766716003
2013-11-14,0.36996790766716003
2013-11-15,0.35996881127357483
2013-11-18,0.33997055888175964
2013-11-19,0.34497010707855225
2013-11-20,0.3574690520763397
2013-11-21,0.35996881127357483
2013-11-22,0.3624686300754547
2013-11-25,0.3974654972553253
2013-11-26,0.41496405005455017
2013-11-27,0.3799671232700348
2013-11-28,0.3799671232700348
2013-11-29,0.3799671232700348
2013-12-02,0.3749675750732422
2013-12-03,0.3749675750732422
2013-12-04,0.3749675750732422
2013-12-05,0.3749675750732422
2013-12-06,0.3749675750732422
2013-12-09,0.3749675750732422
2013-12-10,0.3649684190750122
2013-12-11,0.3649684190750122
2013-12-12,0.3424703776836395
2013-12-13,0.3749675750732422
2013-12-16,0.35996881127357483
2013-12-17,0.3649684190750122
2013-12-18,0.35996881127357483
2013-12-19,0.35996881127357483
2013-12-20,0.3674682080745697
2013-12-23,0.3749675750732422
2013-12-24,0.36996790766716003
2013-12-27,0.35996881127357483
2013-12-30,0.36996790766716003
2013-12-31,0.37246787548065186
2014-01-02,0.37346768379211426
2014-01-03,0.38746654987335205
2014-01-06,0.40746474266052246
2014-01-07,0.424963116645813
2014-01-08,0.40996453166007996
2014-01-09,0.40996453166007996
2014-01-10,0.40246522426605225
2014-01-13,0.40246522426605225
2014-01-14,0.39996543526649475
2014-01-15,0.38746654987335205
2014-01-16,0.40746474266052246
2014-01-17,0.39996543526649475
2014-01-20,0.39496585726737976
2014-01-21,0.39996543526649475
2014-01-22,0.3974654972553253
2014-01-23,0.39996543526649475
2014-01-24,0.3924660086631775
2014-01-28,0.3899661898612976
2014-01-29,0.38746654987335205
2014-01-30,0.3899661898612976
2014-01-31,0.38746654987335205
2014-02-03,0.3899661898612976
2014-02-04,0.38746654987335205
2014-02-05,0.3899661898612976
2014-02-06,0.3899661898612976
2014-02-07,0.3899661898612976
2014-02-10,0.3749675750732422
2014-02-11,0.3799671232700348
2014-02-12,0.3899661898612976
2014-02-13,0.38496673107147217
2014-02-14,0.38746654987335205
2014-02-17,0.38746654987335205
2014-02-18,0.38246679306030273
2014-02-19,0.3799671232700348
2014-02-20,0.3749675750732422
2014-02-21,0.36996790766716003
2014-02-24,0.37246787548065186
2014-02-25,0.3674682080745697
2014-02-26,0.35996881127357483
2014-02-27,0.3674682080745697
2014-02-28,0.3674682080745697
2014-03-03,0.35975903272628784
2014-03-04,0.36232882738113403
2014-03-05,0.3674681484699249
2014-03-06,0.3674681484699249
2014-03-07,0.38031667470932007
2014-03-10,0.38031667470932007
2014-03-11,0.3777470886707306
2014-03-12,0.38802579045295715
2014-03-13,0.3828865587711334
2014-03-14,0.3751773238182068
2014-03-17,0.3828865587711334
2014-03-18,0.3828865587711334
2014-03-19,0.3828865587711334
2014-03-20,0.38802579045295715
2014-03-21,0.4008743464946747
2014-03-24,0.41115325689315796
2014-03-25,0.4214320778846741
2014-03-26,0.42657142877578735
2014-03-27,0.413722962141037
2014-03-28,0.413722962141037
2014-03-31,0.41115325689315796
2014-04-01,0.4060138463973999
2014-04-02,0.4034441113471985
2014-04-03,0.4060138463973999
2014-04-04,0.4008743464946747
2014-04-07,0.3957349956035614
2014-04-08,0.3751773238182068
2014-04-09,0.38031667470932007
2014-04-10,0.38031667470932007
2014-04-11,0.3777470886707306
2014-04-14,0.38031667470932007
2014-04-15,0.3854561746120453
2014-04-16,0.38031667470932007
2014-04-17,0.39059555530548096
2014-04-22,0.38031667470932007
2014-04-23,0.3854561746120453
2014-04-24,0.3751773238182068
2014-04-28,0.3777470886707306
2014-04-29,0.38031667470932007
2014-04-30,0.3828865587711334
2014-05-01,0.3751773238182068
2014-05-02,0.3777470886707306
2014-05-05,0.37260761857032776
2014-05-06,0.3777470886707306
2014-05-07,0.38031667470932007
2014-05-08,0.37003788352012634
2014-05-09,0.35204994678497314
2014-05-12,0.33406201004981995
2014-05-13,0.3417711555957794
2014-05-14,0.3417711555957794
2014-05-15,0.3366316556930542
2014-05-16,0.33406201004981995
2014-05-19,0.339201420545578
2014-05-20,0.34434080123901367
2014-05-21,0.339201420545578
2014-05-22,0.339201420545578
2014-05-23,0.357189416885376
2014-05-26,0.3648985028266907
2014-05-27,0.37003788352012634
2014-05-28,0.35975903272628784
2014-05-29,0.3648985028266907
2014-05-30,0.357189416885376
2014-06-02,0.3135043680667877
2014-06-03,0.3135043680667877
2014-06-04,0.3057953119277954
2014-06-05,0.3109346628189087
2014-06-06,0.3083649277687073
2014-06-10,0.30322548747062683
2014-06-11,0.3006557822227478
2014-06-12,0.30322548747062683
2014-06-13,0.29294663667678833
2014-06-16,0.2980860769748688
2014-06-17,0.3083649277687073
2014-06-18,0.3083649277687073
2014-06-19,0.33406201004981995
2014-06-20,0.3006557822227478
2014-06-23,0.2980860769748688
2014-06-24,0.2980860769748688
2014-06-25,0.2980860769748688
2014-06-26,0.3006557822227478
2014-06-27,0.3006557822227478
2014-06-30,0.32378312945365906
2014-07-01,0.3289225995540619
2014-07-02,0.32378312945365906
2014-07-03,0.32635289430618286
2014-07-04,0.33406201004981995
2014-07-07,0.3366316556930542
2014-07-08,0.33149227499961853
2014-07-09,0.32378312945365906
2014-07-10,0.32121342420578003
2014-07-11,0.33149227499961853
2014-07-14,0.31864380836486816
2014-07-15,0.32121342420578003
2014-07-16,0.32121342420578003
2014-07-17,0.32121342420578003
2014-07-18,0.33149227499961853
2014-07-21,0.33149227499961853
2014-07-22,0.3417711555957794
2014-07-23,0.3366316556930542
2014-07-24,0.33406201004981995
2014-07-25,0.33406201004981995
2014-07-28,0.33406201004981995
2014-07-29,0.33149227499961853
2014-07-30,0.33406201004981995
2014-07-31,0.339201420545578
2014-08-01,0.33406201004981995
2014-08-04,0.3289225995540619
2014-08-05,0.32635289430618286
2014-08-06,0.32378312945365906
2014-08-07,0.32635289430618286
2014-08-08,0.32378312945365906
2014-08-11,0.339201420545578
2014-08-12,0.33406201004981995
2014-08-13,0.3366316556930542
2014-08-14,0.34434080123901367
2014-08-15,0.3494802415370941
2014-08-18,0.3289225995540619
2014-08-19,0.34434080123901367
2014-08-20,0.33406201004981995
2014-08-21,0.3289225995540619
2014-08-22,0.33406201004981995
2014-08-25,0.33406201004981995
2014-08-26,0.3366316556930542
2014-08-27,0.3417711555957794
2014-08-28,0.3289225995540619
2014-08-29,0.3289225995540619
2014-09-01,0.33406201004981995
2014-09-02,0.33149227499961853
2014-09-03,0.3366316556930542
2014-09-04,0.34731847047805786
2014-09-05,0.34464675188064575
2014-09-08,0.33396002650260925
2014-09-09,0.32594504952430725
2014-09-10,0.32594504952430725
2014-09-11,0.3312883675098419
2014-09-12,0.3286166191101074
2014-09-15,0.33396002650260925
2014-09-16,0.32327336072921753
2014-09-17,0.31258657574653625
2014-09-18,0.3286166191101074
2014-09-19,0.3206016421318054
2014-09-22,0.3206016421318054
2014-09-23,0.3206016421318054
2014-09-24,0.31258657574653625
2014-09-25,0.3099149465560913
2014-09-26,0.31258657574653625
2014-09-29,0.3072432577610016
2014-09-30,0.3206016421318054
2014-10-01,0.3206016421318054
2014-10-02,0.31258657574653625
2014-10-03,0.31258657574653625
2014-10-06,0.31258657574653625
2014-10-07,0.3152582347393036
2014-10-08,0.3099149465560913
2014-10-09,0.3099149465560913
2014-10-10,0.3152582347393036
2014-10-13,0.32594504952430725
2014-10-14,0.31793004274368286
2014-10-15,0.3152582347393036
2014-10-16,0.31258657574653625
2014-10-17,0.3099149465560913
2014-10-20,0.3152582347393036
2014-10-21,0.3152582347393036
2014-10-22,0.3152582347393036
2014-10-23,0.3206016421318054
2014-10-24,0.3152582347393036
2014-10-27,0.3312883675098419
2014-10-28,0.3312883675098419
2014-10-29,0.3286166191101074
2014-10-30,0.3312883675098419
2014-10-31,0.3312883675098419
2014-11-03,0.34464675188064575
2014-11-04,0.3419751226902008
2014-11-05,0.3312883675098419
2014-11-06,0.3286166191101074
2014-11-07,0.33396002650260925
2014-11-10,0.33396002650260925
2014-11-11,0.34731847047805786
2014-11-12,0.3606768250465393
2014-11-13,0.34999004006385803
2014-11-14,0.35533350706100464
2014-11-17,0.3606768250465393
2014-11-18,0.36602020263671875
2014-11-19,0.36602020263671875
2014-11-20,0.36602020263671875
2014-11-21,0.36334848403930664
2014-11-24,0.36334848403930664
2014-11-25,0.36334848403930664
2014-11-26,0.36334848403930664
2014-11-27,0.3606768250465393
2014-11-28,0.3606768250465393
2014-12-01,0.3606768250465393
2014-12-02,0.3580051064491272
2014-12-03,0.34999004006385803
2014-12-04,0.35266178846359253
2014-12-05,0.35266178846359253
2014-12-08,0.35266178846359253
2014-12-09,0.35266178846359253
2014-12-10,0.35266178846359253
2014-12-11,0.35266178846359253
2014-12-12,0.34999004006385803
2014-12-15,0.34731847047805786
2014-12-16,0.34464675188064575
2014-12-17,0.34731847047805786
2014-12-18,0.34464675188064575
2014-12-19,0.36334848403930664
2014-12-22,0.34999004006385803
2014-12-23,0.3419751226902008
2014-12-24,0.35533350706100464
2014-12-29,0.34999004006385803
2014-12-30,0.35533350706100464
2014-12-31,0.35533350706100464
2015-01-02,0.3606768250465393
2015-01-05,0.37403520941734314
2015-01-06,0.3713635802268982
2015-01-07,0.3713635802268982
2015-01-08,0.38472190499305725
2015-01-09,0.387393593788147
2015-01-12,0.387393593788147
2015-01-13,0.387393593788147
2015-01-14,0.387393593788147
2015-01-15,0.398080438375473
2015-01-16,0.3820502460002899
2015-01-19,0.398080438375473
2015-01-20,0.3927370011806488
2015-01-21,0.387393593788147
2015-01-22,0.3900652825832367
2015-01-23,0.3820502460002899
2015-01-27,0.37670695781707764
2015-01-28,0.3713635802268982
2015-01-29,0.38472190499305725
2015-01-30,0.3900652825832367
2015-02-02,0.387393593788147
2015-02-03,0.39540863037109375
2015-02-04,0.40075206756591797
2015-02-05,0.406095415353775
2015-02-06,0.40075206756591797
2015-02-09,0.40075206756591797
2015-02-10,0.40075206756591797
2015-02-11,0.4087669849395752
2015-02-12,0.4087669849395752
2015-02-13,0.4114387333393097
2015-02-16,0.42212557792663574
2015-02-17,0.416782021522522
2015-02-18,0.398080438375473
2015-02-19,0.4114387333393097
2015-02-20,0.406095415353775
2015-02-23,0.4141105115413666
2015-02-24,0.4087669849395752
2015-02-25,0.4087669849395752
2015-02-26,0.4114387333393097
2015-02-27,0.4114387333393097
2015-03-02,0.3927370011806488
2015-03-03,0.39540863037109375
2015-03-04,0.39540863037109375
2015-03-05,0.4009004235267639
2015-03-06,0.4009004235267639
2015-03-09,0.4036463797092438
2015-03-10,0.4036463797092438
2015-03-11,0.4063922166824341
2015-03-12,0.4063922166824341
2015-03-13,0.4063922166824341
2015-03-16,0.4063922166824341
2015-03-17,0.39266279339790344
2015-03-18,0.39540863037109375
2015-03-19,0.39540863037109375
2015-03-20,0.39540863037109375
2015-03-23,0.5711458325386047
2015-03-24,0.5793835520744324
2015-03-25,0.6095883846282959
2015-03-26,0.6068424582481384
2015-03-27,0.5766376256942749
2015-03-30,0.568399965763092
2015-03-31,0.5656540393829346
2015-04-01,0.5766376256942749
2015-04-02,0.5766376256942749
2015-04-07,0.5766376256942749
2015-04-08,0.6370473504066467
2015-04-09,0.6397930979728699
2015-04-10,0.6425390243530273
2015-04-13,0.6315556168556213
2015-04-14,0.6095883846282959
2015-04-15,0.620572030544281
2015-04-16,0.6150801777839661
2015-04-17,0.5986048579216003
2015-04-20,0.5793835520744324
2015-04-21,0.5766376256942749
2015-04-22,0.5793835520744324
2015-04-23,0.5711458325386047
2015-04-24,0.5876212120056152
2015-04-27,0.5711458325386047
2015-04-28,0.5519246459007263
2015-04-29,0.5574163198471069
2015-04-30,0.554670512676239
2015-05-01,0.5711458325386047
2015-05-04,0.5656540393829346
2015-05-05,0.5848753452301025
2015-05-06,0.5931130051612854
2015-05-07,0.5986048579216003
2015-05-08,0.5986048579216003
2015-05-11,0.6123342514038086
2015-05-12,0.6178261041641235
2015-05-13,0.6397930979728699
2015-05-14,0.6370473504066467
2015-05-15,0.6645062565803528
2015-05-18,0.6864733695983887
2015-05-19,0.7002028822898865
2015-05-20,0.6864733695983887
2015-05-21,0.6782357096672058
2015-05-22,0.6809816360473633
2015-05-25,0.6754898428916931
2015-05-26,0.6864733695983887
2015-05-27,0.6919650435447693
2015-05-28,0.6727439761161804
2015-05-29,0.669998049736023
2015-06-01,0.6590145826339722
2015-06-02,0.6645062565803528
2015-06-03,0.6672521233558655
2015-06-04,0.6782357096672058
2015-06-05,0.6480307579040527
2015-06-09,0.6425390243530273
2015-06-10,0.6425390243530273
2015-06-11,0.6315556168556213
2015-06-12,0.6452848315238953
2015-06-15,0.6370473504066467
2015-06-16,0.6315556168556213
2015-06-17,0.6425390243530273
2015-06-18,0.6480307579040527
2015-06-19,0.6343013644218445
2015-06-22,0.6617604494094849
2015-06-23,0.669998049736023
2015-06-24,0.669998049736023
2015-06-25,0.6727439761161804
2015-06-26,0.6645062565803528
2015-06-29,0.6754898428916931
2015-06-30,0.6590145826339722
2015-07-01,0.6562687158584595
2015-07-02,0.6645062565803528
2015-07-03,0.6562687158584595
2015-07-06,0.6590145826339722
2015-07-07,0.6754898428916931
2015-07-08,0.6645062565803528
2015-07-09,0.6480307579040527
2015-07-10,0.6645062565803528
2015-07-13,0.6672521233558655
2015-07-14,0.6672521233558655
2015-07-15,0.669998049736023
2015-07-16,0.669998049736023
2015-07-17,0.6590145826339722
2015-07-20,0.669998049736023
2015-07-21,0.6754898428916931
2015-07-22,0.6892192363739014
2015-07-23,0.7056946754455566
2015-07-24,0.6947108507156372
2015-07-27,0.702948808670044
2015-07-28,0.6919650435447693
2015-07-29,0.6837274432182312
2015-07-30,0.6754898428916931
2015-07-31,0.6754898428916931
2015-08-03,0.6864733695983887
2015-08-04,0.7056946754455566
2015-08-05,0.711186408996582
2015-08-06,0.711186408996582
2015-08-07,0.6864733695983887
2015-08-10,0.7139323353767395
2015-08-11,0.6947108507156372
2015-08-12,0.6947108507156372
2015-08-13,0.6864733695983887
2015-08-14,0.6837274432182312
2015-08-17,0.6864733695983887
2015-08-18,0.6864733695983887
2015-08-19,0.6864733695983887
2015-08-20,0.6782357096672058
2015-08-21,0.6645062565803528
2015-08-24,0.6343013644218445
2015-08-25,0.6315556168556213
2015-08-26,0.620572030544281
2015-08-27,0.711186408996582
2015-08-28,0.7249159216880798
2015-08-31,0.7194239497184753
2015-09-01,0.7194239497184753
2015-09-02,0.6974568367004395
2015-09-03,0.6754898428916931
2015-09-04,0.669998049736023
2015-09-07,0.6754898428916931
2015-09-08,0.6754898428916931
2015-09-09,0.6782926917076111
2015-09-10,0.6838984489440918
2015-09-11,0.6782926917076111
2015-09-14,0.6726869344711304
2015-09-15,0.7035183310508728
2015-09-16,0.7035183310508728
2015-09-17,0.6923071146011353
2015-09-18,0.7063211798667908
2015-09-21,0.7063211798667908
2015-09-22,0.7063211798667908
2015-09-23,0.7063211798667908
2015-09-24,0.6951099038124084
2015-09-25,0.717532753944397
2015-09-28,0.7119269371032715
2015-09-29,0.7063211798667908
2015-09-30,0.7203356027603149
2015-10-01,0.7007154822349548
2015-10-02,0.7091240286827087
2015-10-05,0.6979126930236816
2015-10-06,0.717532753944397
2015-10-07,0.689504086971283
2015-10-08,0.6979126930236816
2015-10-09,0.7063211798667908
2015-10-12,0.7007154822349548
2015-10-13,0.7063211798667908
2015-10-14,0.6951099038124084
2015-10-15,0.7091240286827087
2015-10-16,0.7091240286827087
2015-10-19,0.7091240286827087
2015-10-20,0.7231385111808777
2015-10-21,0.7595755457878113
2015-10-22,0.7904071807861328
2015-10-23,0.7848013043403625
2015-10-26,0.8128300309181213
2015-10-27,0.824041485786438
2015-10-28,0.8072243928909302
2015-10-29,0.8016185760498047
2015-10-30,0.8044215440750122
2015-11-02,0.7960127592086792
2015-11-03,0.8100272417068481
2015-11-04,0.8044215440750122
2015-11-05,0.8072243928909302
2015-11-06,0.7567727565765381
2015-11-09,0.8044215440750122
2015-11-10,0.7904071807861328
2015-11-11,0.8072243928909302
2015-11-12,0.7904071807861328
2015-11-13,0.7819985151290894
2015-11-16,0.7904071807861328
2015-11-17,0.7848013043403625
2015-11-18,0.7904071807861328
2015-11-19,0.7904071807861328
2015-11-20,0.8408586382865906
2015-11-23,0.8576756715774536
2015-11-24,0.8716901540756226
2015-11-25,0.846464216709137
2015-11-26,0.8688874840736389
2015-11-27,0.8632814884185791
2015-11-30,0.8913102149963379
2015-12-01,0.9249445796012878
2015-12-02,0.9305503368377686
2015-12-03,0.9361558556556702
2015-12-04,0.9249445796012878
2015-12-07,0.933353066444397
2015-12-08,0.9249445796012878
2015-12-09,0.9417615532875061
2015-12-10,0.9417615532875061
2015-12-11,0.9249445796012878
2015-12-14,0.9193386435508728
2015-12-15,0.9193386435508728
2015-12-16,0.9361558556556702
2015-12-17,0.9473675489425659
2015-12-18,1.0034247636795044
2015-12-21,1.0034247636795044
2015-12-22,0.9866071939468384
2015-12-23,0.9753962755203247
2015-12-24,0.9585785865783691
2015-12-28,0.9585785865783691
2015-12-29,0.9697902202606201
2015-12-30,0.9697902202606201
2015-12-31,0.9641847610473633
2016-01-04,0.98380446434021
2016-01-05,0.9613817930221558
2016-01-06,0.9165360927581787
2016-01-07,0.8829017877578735
2016-01-08,0.8829017877578735
2016-01-11,0.8941130042076111
2016-01-12,0.8885073065757751
2016-01-13,0.885704517364502
2016-01-14,0.8688874840736389
2016-01-15,0.8744928240776062
2016-01-18,0.8688874840736389
2016-01-19,0.8744928240776062
2016-01-20,0.8688874840736389
2016-01-21,0.8688874840736389
2016-01-22,0.8688874840736389
2016-01-25,0.8772959113121033
2016-01-27,0.8997186422348022
2016-01-28,0.8969159722328186
2016-01-29,0.8885073065757751
2016-02-01,0.9249445796012878
2016-02-02,0.8997186422348022
2016-02-03,0.8688874840736389
2016-02-04,0.8688874840736389
2016-02-05,0.8829017877578735
2016-02-08,0.885704517364502
2016-02-09,0.8632814884185791
2016-02-10,0.8436616659164429
2016-02-11,0.8576756715774536
2016-02-12,0.824041485786438
2016-02-15,0.826844334602356
2016-02-16,0.8380556702613831
2016-02-17,0.8688874840736389
2016-02-18,0.8913102149963379
2016-02-19,0.8997186422348022
2016-02-22,0.9249445796012878
2016-02-23,0.9249445796012878
2016-02-24,0.9249445796012878
2016-02-25,0.8520700335502625
2016-02-26,0.846464216709137
2016-02-29,0.8265140056610107
2016-03-01,0.8550145030021667
2016-03-02,0.8692647814750671
2016-03-03,0.9348157048225403
2016-03-04,0.9120155572891235
2016-03-07,0.9291157126426697
2016-03-08,0.9405159950256348
2016-03-09,0.9148653745651245
2016-03-10,0.9348157048225403
2016-03-11,0.9177156686782837
2016-03-14,0.8977654576301575
2016-03-15,0.8949152827262878
2016-03-16,0.9120155572891235
2016-03-17,0.9234158396720886
2016-03-18,0.9148653745651245
2016-03-21,0.9262655973434448
2016-03-22,0.9120155572891235
2016-03-23,0.9120155572891235
2016-03-24,0.892065167427063
2016-03-29,0.8721146583557129
2016-03-30,0.8949152827262878
2016-03-31,0.9006153345108032
2016-04-01,0.8949152827262878
2016-04-04,0.892065167427063
2016-04-05,0.9006153345108032
2016-04-06,0.9006153345108032
2016-04-07,0.8721146583557129
2016-04-08,0.8721146583557129
2016-04-11,0.8607144355773926
2016-04-12,0.8322141170501709
2016-04-13,0.8293641209602356
2016-04-14,0.8236640691757202
2016-04-15,0.8094136118888855
2016-04-18,0.7809133529663086
2016-04-19,0.7666629552841187
2016-04-20,0.7381624579429626
2016-04-21,0.7609629034996033
2016-04-22,0.7923134565353394
2016-04-26,0.7809133529663086
2016-04-27,0.786613404750824
2016-04-28,0.7837632894515991
2016-04-29,0.7809133529663086
2016-05-02,0.7752131223678589
2016-05-03,0.79801344871521
2016-05-04,0.7951634526252747
2016-05-05,0.8065636157989502
2016-05-06,0.7951634526252747
2016-05-09,0.79801344871521
2016-05-10,0.79801344871521
2016-05-11,0.8065636157989502
2016-05-12,0.79801344871521
2016-05-13,0.7923134565353394
2016-05-16,0.7837632894515991
2016-05-17,0.7695130109786987
2016-05-18,0.7552628517150879
2016-05-19,0.7495628595352173
2016-05-20,0.7552628517150879
2016-05-23,0.7495628595352173
2016-05-24,0.7467125058174133
2016-05-25,0.7552628517150879
2016-05-26,0.7524126768112183
2016-05-27,0.7524126768112183
2016-05-30,0.7581129670143127
2016-05-31,0.786613404750824
2016-06-01,0.772363007068634
2016-06-02,0.7581129670143127
2016-06-03,0.7581129670143127
2016-06-06,0.7210621237754822
2016-06-07,0.7125120162963867
2016-06-08,0.7210621237754822
2016-06-09,0.7495628595352173
2016-06-10,0.7552628517150879
2016-06-14,0.7353125214576721
2016-06-15,0.7410126328468323
2016-06-16,0.7638129591941833
2016-06-17,0.8122637867927551
2016-06-20,0.79801344871521
2016-06-21,0.8322141170501709
2016-06-22,0.8436142802238464
2016-06-23,0.837914228439331
2016-06-24,0.8065636157989502
2016-06-27,0.79801344871521
2016-06-28,0.7894632816314697
2016-06-29,0.79801344871521
2016-06-30,0.8436142802238464
2016-07-01,0.8322141170501709
2016-07-04,1.0345678329467773
2016-07-05,1.0203174352645874
2016-07-06,1.0089170932769775
2016-07-07,1.0089170932769775
2016-07-08,1.026017427444458
2016-07-11,1.0203174352645874
2016-07-12,1.026017427444458
2016-07-13,1.08016836643219
2016-07-14,1.048817753791809
2016-07-15,1.0459678173065186
2016-07-18,1.0602178573608398
2016-07-19,1.08016836643219
2016-07-20,1.0887185335159302
2016-07-21,1.0915685892105103
2016-07-22,1.048817753791809
2016-07-25,1.0459678173065186
2016-07-26,1.0887185335159302
2016-07-27,1.063068151473999
2016-07-28,1.048817753791809
2016-07-29,1.0659183263778687
2016-08-01,1.048817753791809
2016-08-02,1.026017427444458
2016-08-03,0.9804167747497559
2016-08-04,0.9975169897079468
2016-08-05,1.026017427444458
2016-08-08,1.0516680479049683
2016-08-09,1.031717300415039
2016-08-10,1.006067156791687
2016-08-11,1.006067156791687
2016-08-12,0.9975169897079468
2016-08-15,0.9975169897079468
2016-08-16,1.0032167434692383
2016-08-17,0.9975169897079468
2016-08-18,0.9975169897079468
2016-08-19,0.9975169897079468
2016-08-22,0.9975169897079468
2016-08-23,1.0003668069839478
2016-08-24,0.9975169897079468
2016-08-25,0.892065167427063
2016-08-26,0.9006153345108032
2016-08-29,0.8892148733139038
2016-08-30,0.9006153345108032
2016-08-31,0.9433661103248596
2016-09-01,0.9718667268753052
2016-09-02,0.9832664728164673
2016-09-05,0.9747162461280823
2016-09-06,0.9946670532226562
2016-09-07,0.9861166477203369
2016-09-08,0.980316162109375
2016-09-09,0.939711332321167
2016-09-12,0.9629140496253967
2016-09-13,0.9513123631477356
2016-09-14,0.9716149568557739
2016-09-15,0.980316162109375
2016-09-16,1.0006181001663208
2016-09-19,0.9977182149887085
2016-09-20,1.0151201486587524
2016-09-21,0.9977182149887085
2016-09-22,0.9977182149887085
2016-09-23,0.994817852973938
2016-09-26,0.9745151400566101
2016-09-27,0.960013747215271
2016-09-28,0.9455117583274841
2016-09-29,0.9455117583274841
2016-09-30,0.9455117583274841
2016-10-03,0.9571133255958557
2016-10-04,0.9571133255958557
2016-10-05,0.9542129635810852
2016-10-06,0.9484123587608337
2016-10-07,0.9513123631477356
2016-10-10,0.9252094626426697
2016-10-11,0.9513123631477356
2016-10-12,0.9484123587608337
2016-10-13,0.9281099438667297
2016-10-14,0.9136083126068115
2016-10-17,0.9223092198371887
2016-10-18,0.9368109107017517
2016-10-19,0.9194087982177734
2016-10-20,0.9165085554122925
2016-10-21,0.9223092198371887
2016-10-24,0.9020067453384399
2016-10-25,0.9049068689346313
2016-10-26,0.8991066217422485
2016-10-27,0.8875049352645874
2016-10-28,0.8991066217422485
2016-10-31,0.8439999222755432
2016-11-01,0.8585015535354614
2016-11-02,0.8236973881721497
2016-11-03,0.8643025159835815
2016-11-04,0.8469002842903137
2016-11-07,0.8614020347595215
2016-11-08,0.8991066217422485
2016-11-09,0.8498006463050842
2016-11-10,0.85270094871521
2016-11-11,0.8352988958358765
2016-11-14,0.8294981718063354
2016-11-15,0.817896842956543
2016-11-16,0.8265978097915649
2016-11-17,0.8294981718063354
2016-11-18,0.8352988958358765
2016-11-21,0.817896842956543
2016-11-22,0.8294981718063354
2016-11-23,0.8236973881721497
2016-11-24,0.8120960593223572
2016-11-25,0.8556012511253357
2016-11-28,0.8352988958358765
2016-11-29,0.8062953948974609
2016-11-30,0.7888933420181274
2016-12-01,0.7772919535636902
2016-12-02,0.7772919535636902
2016-12-05,0.7656905651092529
2016-12-06,0.7569894790649414
2016-12-07,0.7917936444282532
2016-12-08,0.7888933420181274
2016-12-09,0.7859929203987122
2016-12-12,0.794694185256958
2016-12-13,0.7917936444282532
2016-12-14,0.8120960593223572
2016-12-15,0.8236973881721497
2016-12-16,0.85270094871521
2016-12-19,0.8585015535354614
2016-12-20,0.8672025203704834
2016-12-21,0.8701030015945435
2016-12-22,0.8672025203704834
2016-12-23,0.85270094871521
2016-12-28,0.8585015535354614
2016-12-29,0.8643025159835815
2016-12-30,0.8614020347595215
2017-01-03,0.8788037300109863
2017-01-04,0.8701030015945435
2017-01-05,0.873003363609314
2017-01-06,0.8643025159835815
2017-01-09,0.8817043304443359
2017-01-10,0.8817043304443359
2017-01-11,0.8498006463050842
2017-01-12,0.8410996198654175
2017-01-13,0.8469002842903137
2017-01-16,0.8498006463050842
2017-01-17,0.8410996198654175
2017-01-18,0.8439999222755432
2017-01-19,0.8352988958358765
2017-01-20,0.8062953948974609
2017-01-23,0.797594428062439
2017-01-24,0.7714914083480835
2017-01-25,0.7859929203987122
2017-01-27,0.7859929203987122
2017-01-30,0.7917936444282532
2017-01-31,0.7917936444282532
2017-02-01,0.7917936444282532
2017-02-02,0.7830926775932312
2017-02-03,0.7656905651092529
2017-02-06,0.7482885718345642
2017-02-07,0.7511888742446899
2017-02-08,0.7714914083480835
2017-02-09,0.7772919535636902
2017-02-10,0.8033950328826904
2017-02-13,0.794694185256958
2017-02-14,0.817896842956543
2017-02-15,0.8149964809417725
2017-02-16,0.8062953948974609
2017-02-17,0.794694185256958
2017-02-20,0.7859929203987122
2017-02-21,0.7888933420181274
2017-02-22,0.8033950328826904
2017-02-23,0.8062953948974609
2017-02-24,0.667078971862793
2017-02-27,0.6612781286239624
2017-02-28,0.6583778858184814
2017-03-01,0.6728796362876892
2017-03-02,0.7026530504226685
2017-03-03,0.7145625352859497
2017-03-06,0.6847891211509705
2017-03-07,0.6847891211509705
2017-03-08,0.672879695892334
2017-03-09,0.6669249534606934
2017-03-10,0.6639477014541626
2017-03-13,0.6609702706336975
2017-03-14,0.6460835337638855
2017-03-15,0.6460835337638855
2017-03-16,0.628219485282898
2017-03-17,0.6252421140670776
2017-03-20,0.6222648024559021
2017-03-21,0.5984460711479187
2017-03-22,0.601423442363739
2017-03-23,0.6222648024559021
2017-03-24,0.6460835337638855
2017-03-27,0.6341742277145386
2017-03-28,0.6252421140670776
2017-03-29,0.64310622215271
2017-03-30,0.6401288509368896
2017-03-31,0.6490610241889954
2017-04-03,0.6311967968940735
2017-04-04,0.6222648024559021
2017-04-05,0.6103554368019104
2017-04-06,0.5984460711479187
2017-04-07,0.5954687595367432
2017-04-10,0.6103554368019104
2017-04-11,0.6163100600242615
2017-04-12,0.601423442363739
2017-04-13,0.5954687595367432
2017-04-18,0.5418766140937805
2017-04-19,0.544853925704956
2017-04-20,0.5478312373161316
2017-04-21,0.529967188835144
2017-04-24,0.5418766140937805
2017-04-26,0.544853925704956
2017-04-27,0.5210351943969727
2017-04-28,0.49423903226852417
2017-05-01,0.3602585792541504
2017-05-02,0.4168281853199005
2017-05-03,0.40491873025894165
2017-05-04,0.3930094242095947
2017-05-05,0.3870546221733093
2017-05-08,0.3930094242095947
2017-05-09,0.40194135904312134
2017-05-10,0.4138507843017578
2017-05-11,0.4168281853199005
2017-05-12,0.40194135904312134
2017-05-15,0.3989640772342682
2017-05-16,0.3930094242095947
2017-05-17,0.40194135904312134
2017-05-18,0.3959867060184479
2017-05-19,0.40491873025894165
2017-05-22,0.40194135904312134
2017-05-23,0.3930094242095947
2017-05-24,0.3959867060184479
2017-05-25,0.3632359206676483
2017-05-26,0.37514522671699524
2017-05-29,0.3602585792541504
2017-05-30,0.3602585792541504
2017-05-31,0.35728126764297485
2017-06-01,0.3543039560317993
2017-06-02,0.3602585792541504
2017-06-05,0.35728126764297485
2017-06-06,0.3543039560317993
2017-06-07,0.35728126764297485
2017-06-08,0.37514522671699524
2017-06-09,0.3930094242095947
2017-06-13,0.40491873025894165
2017-06-14,0.4138507843017578
2017-06-15,0.4376695156097412
2017-06-16,0.49126169085502625
2017-06-19,0.46446558833122253
2017-06-20,0.4763750731945038
2017-06-21,0.46148815751075745
2017-06-22,0.44660162925720215
2017-06-23,0.46446558833122253
2017-06-26,0.48232966661453247
2017-06-27,0.4763750731945038
2017-06-28,0.5091257691383362
2017-06-29,0.5210351943969727
2017-06-30,0.5121031999588013
2017-07-03,0.50019371509552
2017-07-04,0.5091257691383362
2017-07-05,0.50019371509552
2017-07-06,0.50019371509552
2017-07-07,0.49423903226852417
2017-07-10,0.49423903226852417
2017-07-11,0.49423903226852417
2017-07-12,0.50019371509552
2017-07-13,0.5031712055206299
2017-07-14,0.5150803923606873
2017-07-17,0.5210351943969727
2017-07-18,0.5150803923606873
2017-07-19,0.5121031999588013
2017-07-20,0.5061483979225159
2017-07-21,0.4972163736820221
2017-07-24,0.4972163736820221
2017-07-25,0.5150803923606873
2017-07-26,0.5121031999588013
2017-07-27,0.5240125060081482
2017-07-28,0.5210351943969727
2017-07-31,0.544853925704956
2017-08-01,0.5388992428779602
2017-08-02,0.5359218716621399
2017-08-03,0.5150803923606873
2017-08-04,0.4674430191516876
2017-08-07,0.4674430191516876
2017-08-08,0.4853070080280304
2017-08-09,0.48828428983688354
2017-08-10,0.48232966661453247
2017-08-11,0.46148815751075745
2017-08-14,0.46446558833122253
2017-08-15,0.4585109353065491
2017-08-16,0.47339770197868347
2017-08-17,0.48828428983688354
2017-08-18,0.50019371509552
2017-08-21,0.47339770197868347
2017-08-22,0.4674430191516876
2017-08-23,0.47042039036750793
2017-08-24,0.47339770197868347
2017-08-25,0.47042039036750793
2017-08-28,0.50019371509552
2017-08-29,0.49126169085502625
2017-08-30,0.5150803923606873
2017-08-31,0.529967188835144
2017-09-01,0.5180578827857971
2017-09-04,0.5269898772239685
2017-09-05,0.5210351943969727
2017-09-06,0.5240125060081482
2017-09-07,0.5210351943969727
2017-09-08,0.5117859840393066
2017-09-11,0.48095548152923584
2017-09-12,0.4717063903808594
2017-09-13,0.4717063903808594
2017-09-14,0.4624572992324829
2017-09-15,0.4624572992324829
2017-09-18,0.4593743085861206
2017-09-19,0.4501250386238098
2017-09-20,0.4316268265247345
2017-09-21,0.4377928376197815
2017-09-22,0.4347098469734192
2017-09-25,0.4377928376197815
2017-09-26,0.42854371666908264
2017-09-27,0.4593743085861206
2017-09-28,0.4624572992324829
2017-09-29,0.4717063903808594
2017-10-02,0.4686233103275299
2017-10-03,0.47478944063186646
2017-10-04,0.47478944063186646
2017-10-05,0.48712170124053955
2017-10-06,0.49020472168922424
2017-10-09,0.48712170124053955
2017-10-10,0.4840386211872101
2017-10-11,0.47478944063186646
2017-10-12,0.4840386211872101
2017-10-13,0.48712170124053955
2017-10-16,0.477872371673584
2017-10-17,0.46554020047187805
2017-10-18,0.4532080888748169
2017-10-19,0.4347098469734192
2017-10-20,0.4501250386238098
2017-10-23,0.45629116892814636
2017-10-24,0.46554020047187805
2017-10-25,0.4717063903808594
2017-10-26,0.48095548152923584
2017-10-27,0.48095548152923584
2017-10-30,0.4686233103275299
2017-10-31,0.4624572992324829
2017-11-01,0.4624572992324829
2017-11-02,0.4532080888748169
2017-11-03,0.4593743085861206
2017-11-06,0.4593743085861206
2017-11-07,0.4593743085861206
2017-11-08,0.4624572992324829
2017-11-09,0.48712170124053955
2017-11-10,0.4686233103275299
2017-11-13,0.4717063903808594
2017-11-14,0.46554020047187805
2017-11-15,0.4717063903808594
2017-11-16,0.4717063903808594
2017-11-17,0.46554020047187805
2017-11-20,0.4624572992324829
2017-11-21,0.45629116892814636
2017-11-22,0.4377928376197815
2017-11-23,0.4686233103275299
2017-11-24,0.48712170124053955
2017-11-27,0.5487825870513916
2017-11-28,0.5456995964050293
2017-11-29,0.5611148476600647
2017-11-30,0.5857793092727661
2017-12-01,0.5857793092727661
2017-12-04,0.5765299797058105
2017-12-05,0.5734469890594482
2017-12-06,0.5703639388084412
2017-12-07,0.5703639388084412
2017-12-08,0.5672808885574341
2017-12-11,0.5487825870513916
2017-12-12,0.5518655776977539
2017-12-13,0.5426164865493774
2017-12-14,0.5025368332862854
2017-12-15,0.477872371673584
2017-12-18,0.49020472168922424
2017-12-19,0.47478944063186646
2017-12-20,0.4840386211872101
2017-12-21,0.48712170124053955
2017-12-22,0.4963708519935608
2017-12-27,0.48095548152923584
2017-12-28,0.4963708519935608
2017-12-29,0.5056198239326477
2018-01-02,0.5179520845413208
2018-01-03,0.5364504456520081
2018-01-04,0.5395334959030151
2018-01-05,0.5549486875534058
2018-01-08,0.5672808885574341
2018-01-09,0.5611148476600647
2018-01-10,0.5580317378044128
2018-01-11,0.564197838306427
2018-01-12,0.5580317378044128
2018-01-15,0.5580317378044128
2018-01-16,0.5426164865493774
2018-01-17,0.5549486875534058
2018-01-18,0.5426164865493774
2018-01-19,0.5487825870513916
2018-01-22,0.5518655776977539
2018-01-23,0.5580317378044128
2018-01-24,0.5518655776977539
2018-01-25,0.5611148476600647
2018-01-29,0.5549486875534058
2018-01-30,0.564197838306427
2018-01-31,0.5487825870513916
2018-02-01,0.5549486875534058
2018-02-02,0.5426164865493774
2018-02-05,0.5426164865493774
2018-02-06,0.5179520845413208
2018-02-07,0.5487825870513916
2018-02-08,0.5518655776977539
2018-02-09,0.5518655776977539
2018-02-12,0.5456995964050293
2018-02-13,0.5487825870513916
2018-02-14,0.5487825870513916
2018-02-15,0.5487825870513916
2018-02-16,0.5549486875534058
2018-02-19,0.5487825870513916
2018-02-20,0.5580317378044128
2018-02-21,0.5518655776977539
2018-02-22,0.5487825870513916
2018-02-23,0.6505231261253357
2018-02-26,0.6536061763763428
2018-02-27,0.6505231261253357
2018-02-28,0.6505231261253357
2018-03-01,0.6505231261253357
2018-03-02,0.6378300786018372
2018-03-05,0.6346567869186401
2018-03-06,0.6410033106803894
2018-03-07,0.6410033106803894
2018-03-08,0.6727362275123596
2018-03-09,0.6759093999862671
2018-03-12,0.7298553586006165
2018-03-13,0.7235085964202881
2018-03-14,0.7298553586006165
2018-03-15,0.7584146857261658
2018-03-16,0.7806277275085449
2018-03-19,0.7679347395896912
2018-03-20,0.7838011384010315
2018-03-21,0.7933208346366882
2018-03-22,0.7964942455291748
2018-03-23,0.7711080312728882
2018-03-26,0.8123605847358704
2018-03-27,0.8345736265182495
2018-03-28,0.8282269239425659
2018-03-29,0.8028407692909241
2018-04-03,0.8028407692909241
2018-04-04,0.8060140609741211
2018-04-05,0.8250537514686584
2018-04-06,0.8250537514686584
2018-04-09,0.8314003944396973
2018-04-10,0.8345736265182495
2018-04-11,0.8409202694892883
2018-04-12,0.8567866086959839
2018-04-13,0.8377469778060913
2018-04-16,0.8314003944396973
2018-04-17,0.8409202694892883
2018-04-18,0.8599599003791809
2018-04-19,0.8663063049316406
2018-04-20,0.8282269239425659
2018-04-23,0.8028407692909241
2018-04-24,0.7679347395896912
2018-04-26,0.8060140609741211
2018-04-27,0.8028407692909241
2018-04-30,0.7964942455291748
2018-05-01,0.7869743704795837
2018-05-02,0.7742813229560852
2018-05-03,0.7774545550346375
2018-05-04,0.7742813229560852
2018-05-07,0.8091874122619629
2018-05-08,0.8282269239425659
2018-05-09,0.8028407692909241
2018-05-10,0.8060140609741211
2018-05-11,0.7996672987937927
2018-05-14,0.8187071681022644
2018-05-15,0.8314003944396973
2018-05-16,0.8663063049316406
2018-05-17,0.92025226354599
2018-05-18,0.9075590968132019
2018-05-21,0.9329454898834229
2018-05-22,0.9456386566162109
2018-05-23,0.9519850015640259
2018-05-24,0.9615049958229065
2018-05-25,0.9646782875061035
2018-05-28,0.9741981029510498
2018-05-29,0.977371335029602
2018-05-30,0.996411144733429
2018-05-31,1.0091043710708618
2018-06-01,1.0344905853271484
2018-06-04,1.0027577877044678
2018-06-05,1.0027577877044678
2018-06-06,1.0217974185943604
2018-06-07,1.0059309005737305
2018-06-08,0.9678515195846558
2018-06-12,0.9805447459220886
2018-06-13,0.9837177395820618
2018-06-14,0.996411144733429
2018-06-15,1.0154507160186768
2018-06-18,1.0217974185943604
2018-06-19,1.0154507160186768
2018-06-20,1.0217974185943604
2018-06-21,1.0091043710708618
2018-06-22,1.0154507160186768
2018-06-25,0.9900645017623901
2018-06-26,1.0154507160186768
2018-06-27,1.0503569841384888
2018-06-28,0.9900645017623901
2018-06-29,1.0471835136413574
2018-07-02,0.9932378530502319
2018-07-03,1.0376636981964111
2018-07-04,1.0027577877044678
2018-07-05,0.9995846152305603
2018-07-06,1.0154507160186768
2018-07-09,1.0313172340393066
2018-07-10,1.0471835136413574
2018-07-11,1.0281438827514648
2018-07-12,1.0376636981964111
2018-07-13,1.0217974185943604
2018-07-16,0.894865870475769
2018-07-17,0.923425555229187
2018-07-18,0.926598846912384
2018-07-19,0.9488117098808289
2018-07-20,0.8916927576065063
2018-07-23,0.8821730017662048
2018-07-24,0.8916927576065063
2018-07-25,0.92025226354599
2018-07-26,0.9075590968132019
2018-07-27,0.913905680179596
2018-07-30,0.913905680179596
2018-07-31,0.9075590968132019
2018-08-01,0.9615049958229065
2018-08-02,0.926598846912384
2018-08-03,0.92025226354599
2018-08-06,0.926598846912384
2018-08-07,0.8980392813682556
2018-08-08,0.9107325077056885
2018-08-09,0.92025226354599
2018-08-10,0.923425555229187
2018-08-13,0.9297722578048706
2018-08-14,0.92025226354599
2018-08-15,0.9297722578048706
2018-08-16,0.9361187219619751
2018-08-17,0.9583316445350647
2018-08-20,0.9678515195846558
2018-08-21,0.9868910312652588
2018-08-22,0.9868910312652588
2018-08-23,0.9519850015640259
2018-08-24,0.9519850015640259
2018-08-27,0.9488117098808289
2018-08-28,0.8853461742401123
2018-08-29,0.9583316445350647
2018-08-30,1.0154507160186768
2018-08-31,1.0440104007720947
2018-09-03,1.040837049484253
2018-09-04,1.059876799583435
2018-09-05,1.078916311264038
2018-09-06,1.0725699663162231
2018-09-07,1.0313172340393066
2018-09-10,1.0281438827514648
2018-09-11,1.0344905853271484
2018-09-12,1.0653464794158936
2018-09-13,1.078338623046875
2018-09-14,1.062098503112793
2018-09-17,1.0718424320220947
2018-09-18,1.049106478691101
2018-09-19,1.0653464794158936
2018-09-20,1.0653464794158936
2018-09-21,1.0685946941375732
2018-09-24,1.0556025505065918
2018-09-25,1.0523545742034912
2018-09-26,1.04585862159729
2018-09-27,1.058850646018982
2018-09-28,1.058850646018982
2018-10-01,1.049106478691101
2018-10-02,1.0556025505065918
2018-10-03,1.0296183824539185
2018-10-04,1.026370644569397
2018-10-05,0.9841462969779968
2018-10-08,0.954914391040802
2018-10-09,0.9484182596206665
2018-10-10,0.9451702833175659
2018-10-11,0.9419222474098206
2018-10-12,0.961410403251648
2018-10-15,0.9516664147377014
2018-10-16,0.9484182596206665
2018-10-17,0.9938903450965881
2018-10-18,0.9354262948036194
2018-10-19,0.9061941504478455
2018-10-22,0.8834580779075623
2018-10-23,0.9094420075416565
2018-10-24,0.89969801902771
2018-10-25,0.8672181367874146
2018-10-26,0.8542261719703674
2018-10-29,0.8152499198913574
2018-10-30,0.8314899802207947
2018-10-31,0.8087539076805115
2018-11-01,0.8347379565238953
2018-11-02,0.8477299809455872
2018-11-05,0.8120018243789673
2018-11-06,0.7957620620727539
2018-11-07,0.8282418847084045
2018-11-08,0.8249939680099487
2018-11-09,0.8379859924316406
2018-11-12,0.8314899802207947
2018-11-13,0.8184978365898132
2018-11-14,0.7925140857696533
2018-11-15,0.7405456304550171
2018-11-16,0.7145617008209229
2018-11-19,0.6918256282806396
2018-11-20,0.7275538444519043
2018-11-21,0.7275538444519043
2018-11-22,0.7178097367286682
2018-11-23,0.8087539076805115
2018-11-26,0.8379859924316406
2018-11-27,0.8704661130905151
2018-11-28,0.8347379565238953
2018-11-29,0.8217459917068481
2018-11-30,0.8347379565238953
2018-12-03,0.8704661130905151
2018-12-04,0.9094420075416565
2018-12-05,0.8899540305137634
2018-12-06,0.9029462933540344
2018-12-07,0.9029462933540344
2018-12-10,0.8932023048400879
2018-12-11,0.8867059350013733
2018-12-12,0.8964502215385437
2018-12-13,0.9094420075416565
2018-12-14,0.89969801902771
2018-12-17,0.8639701008796692
2018-12-18,0.8184978365898132
2018-12-19,0.7827699184417725
2018-12-20,0.7600337862968445
2018-12-21,0.7340498566627502
2018-12-24,0.7535377740859985
2018-12-27,0.7697776556015015
2018-12-28,0.7535377740859985
2018-12-31,0.7795220017433167
2019-01-02,0.7730259895324707
2019-01-03,0.7535377740859985
2019-01-04,0.7405456304550171
2019-01-07,0.7632817625999451
2019-01-08,0.7795220017433167
2019-01-09,0.7925140857696533
2019-01-10,0.776273787021637
2019-01-11,0.8087539076805115
2019-01-14,0.7860179543495178
2019-01-15,0.8055059909820557
2019-01-16,0.8022580146789551
2019-01-17,0.8152499198913574
2019-01-18,0.8217459917068481
2019-01-21,0.8249939680099487
2019-01-22,0.8249939680099487
2019-01-23,0.8120018243789673
2019-01-24,0.8120018243789673
2019-01-25,0.8639701008796692
2019-01-29,0.8184978365898132
2019-01-30,0.8509781360626221
2019-01-31,0.8477299809455872
2019-02-01,0.8347379565238953
2019-02-04,0.8444819450378418
2019-02-05,0.8412340879440308
2019-02-06,0.8477299809455872
2019-02-07,0.8509781360626221
2019-02-08,0.8477299809455872
2019-02-11,0.8867059350013733
2019-02-12,0.8899540305137634
2019-02-13,0.8899540305137634
2019-02-14,0.9126904010772705
2019-02-15,0.8834580779075623
2019-02-18,0.8834580779075623
2019-02-19,0.8834580779075623
2019-02-20,0.8867059350013733
2019-02-21,0.9289301633834839
2019-02-22,0.9841462969779968
2019-02-25,1.0036344528198242
2019-02-26,1.000386357307434
2019-02-27,1.0068823099136353
2019-02-28,0.9938903450965881
2019-03-01,0.990642249584198
2019-03-04,1.0166264772415161
2019-03-05,1.013378381729126
2019-03-06,1.0200673341751099
2019-03-07,0.9966560006141663
2019-03-08,0.99331134557724
2019-03-11,0.9966560006141663
2019-03-12,1.0066895484924316
2019-03-13,1.0267562866210938
2019-03-14,1.0267562866210938
2019-03-15,1.0301008224487305
2019-03-18,1.0334454774856567
2019-03-19,1.0367895364761353
2019-03-20,1.040134310722351
2019-03-21,1.0434786081314087
2019-03-22,1.0367895364761353
2019-03-25,0.9832781553268433
2019-03-26,0.9866225719451904
2019-03-27,0.9598667621612549
2019-03-28,0.9665557146072388
2019-03-29,0.963211178779602
2019-04-01,0.963211178779602
2019-04-02,1.0000004768371582
2019-04-03,0.9966560006141663
2019-04-04,0.9899671673774719
2019-04-05,0.963211178779602
2019-04-08,0.9765892028808594
2019-04-09,0.9899671673774719
2019-04-10,0.99331134557724
2019-04-11,0.9866225719451904
2019-04-12,1.003345012664795
2019-04-15,1.003345012664795
2019-04-16,1.053512454032898
2019-04-17,1.0501677989959717
2019-04-18,1.0367895364761353
2019-04-23,1.080268144607544
2019-04-24,1.1204017400741577
2019-04-26,1.1003351211547852
2019-04-29,1.0903016328811646
2019-04-30,1.080268144607544
2019-05-01,1.0836125612258911
2019-05-02,1.0568567514419556
2019-05-03,1.003345012664795
2019-05-06,1.0367895364761353
2019-05-07,1.0635459423065186
2019-05-08,1.0367895364761353
2019-05-09,1.0334454774856567
2019-05-10,1.0100338459014893
2019-05-13,1.0501677989959717
2019-05-14,1.0434786081314087
2019-05-15,1.0301008224487305
2019-05-16,1.0167229175567627
2019-05-17,0.9832781553268433
2019-05-20,1.0066895484924316
2019-05-21,1.003345012664795
2019-05-22,1.0301008224487305
2019-05-23,1.0568567514419556
2019-05-24,1.0568567514419556
2019-05-27,1.0635459423065186
2019-05-28,1.0769236087799072
2019-05-29,1.0769236087799072
2019-05-30,1.0367895364761353
2019-05-31,0.99331134557724
2019-06-03,0.9899671673774719
2019-06-04,0.9331108331680298
2019-06-05,0.9331108331680298
2019-06-06,0.9364551901817322
2019-06-07,0.9297665357589722
2019-06-11,0.923077404499054
2019-06-12,0.9197330474853516
2019-06-13,0.8695656061172485
2019-06-14,0.8628767132759094
2019-06-17,0.8461542129516602
2019-06-18,0.8896325826644897
2019-06-19,0.8628767132759094
2019-06-20,0.8896325826644897
2019-06-21,0.8996659517288208
2019-06-24,0.9163883924484253
2019-06-25,0.9130437970161438
2019-06-26,0.9130437970161438
2019-06-27,0.9331108331680298
2019-06-28,0.9264217615127563
2019-07-01,0.9197330474853516
2019-07-02,0.9297665357589722
2019-07-03,0.9197330474853516
2019-07-04,0.9498332142829895
2019-07-05,1.0100338459014893
2019-07-08,1.0066895484924316
2019-07-09,1.0066895484924316
2019-07-10,1.0367895364761353
2019-07-11,1.0434786081314087
2019-07-12,1.0501677989959717
2019-07-15,1.0367895364761353
2019-07-16,1.0367895364761353
2019-07-17,1.0267562866210938
2019-07-18,1.0066895484924316
2019-07-19,1.013378381729126
2019-07-22,1.0234118700027466
2019-07-23,1.0301008224487305
2019-07-24,1.0434786081314087
2019-07-25,1.0200673341751099
2019-07-26,1.003345012664795
2019-07-29,1.0267562866210938
2019-07-30,1.0167229175567627
2019-07-31,1.013378381729126
2019-08-01,0.99331134557724
2019-08-02,0.9765892028808594
2019-08-05,0.9598667621612549
2019-08-06,0.9364551901817322
2019-08-07,0.9297665357589722
2019-08-08,0.9431440830230713
2019-08-09,0.9531776905059814
2019-08-12,0.9565222263336182
2019-08-13,0.963211178779602
2019-08-14,0.9899671673774719
2019-08-15,0.963211178779602
2019-08-16,0.9565222263336182
2019-08-19,0.9765892028808594
2019-08-20,0.9699001312255859
2019-08-21,0.9732447266578674
2019-08-22,0.9966560006141663
2019-08-23,1.0836125612258911
2019-08-26,1.0635459423065186
2019-08-27,1.0702346563339233
2019-08-28,1.0568567514419556
2019-08-29,1.0735790729522705
2019-08-30,1.0702346563339233
2019-09-02,1.0903016328811646
2019-09-03,1.0769236087799072
2019-09-04,1.0769236087799072
2019-09-05,1.0836125612258911
2019-09-06,1.1137129068374634
2019-09-09,1.1705690622329712
2019-09-10,1.1505022048950195
2019-09-11,1.162468671798706
2019-09-12,1.141954779624939
2019-09-13,1.1522117853164673
2019-09-16,1.1453735828399658
2019-09-17,1.131697654724121
2019-09-18,1.1077643632888794
2019-09-19,1.0940883159637451
2019-09-20,1.0872504711151123
2019-09-23,1.141954779624939
2019-09-24,1.1453735828399658
2019-09-25,1.182983160018921
2019-09-26,1.169306755065918
2019-09-27,1.162468671798706
2019-09-30,1.1658878326416016
2019-10-01,1.1487925052642822
2019-10-02,1.1487925052642822
2019-10-03,1.1214404106140137
2019-10-04,1.1556308269500732
2019-10-07,1.1453735828399658
2019-10-08,1.1556308269500732
2019-10-09,1.1214404106140137
2019-10-10,1.0735740661621094
2019-10-11,1.0940883159637451
2019-10-14,1.063317060470581
2019-10-15,1.063317060470581
2019-10-16,1.0804122686386108
2019-10-17,1.0735740661621094
2019-10-18,1.0667359828948975
2019-10-21,1.0667359828948975
2019-10-22,1.0735740661621094
2019-10-23,1.063317060470581
2019-10-24,1.0496408939361572
2019-10-25,1.039383888244629
2019-10-28,1.0462218523025513
2019-10-29,1.0291268825531006
2019-10-30,1.039383888244629
2019-10-31,1.032545804977417
2019-11-01,1.0428029298782349
2019-11-04,1.0496408939361572
2019-11-05,1.070155143737793
2019-11-06,1.0667359828948975
2019-11-07,1.0735740661621094
2019-11-08,1.0940883159637451
2019-11-11,1.0872504711151123
2019-11-12,1.1111834049224854
2019-11-13,1.1214404106140137
2019-11-14,1.0975072383880615
2019-11-15,1.1146025657653809
2019-11-18,1.1111834049224854
2019-11-19,1.0735740661621094
2019-11-20,1.0804122686386108
2019-11-21,1.0462218523025513
2019-11-22,1.0667359828948975
2019-11-25,1.0667359828948975
2019-11-26,1.0838311910629272
2019-11-27,1.1043453216552734
2019-11-28,1.1522117853164673
2019-11-29,1.1658878326416016
2019-12-02,1.1556308269500732
2019-12-03,1.1556308269500732
2019-12-04,1.1487925052642822
2019-12-05,1.162468671798706
2019-12-06,1.162468671798706
2019-12-09,1.1556308269500732
2019-12-10,1.141954779624939
2019-12-11,1.135116696357727
2019-12-12,1.1282784938812256
2019-12-13,1.1385356187820435
2019-12-16,1.169306755065918
2019-12-17,1.1795639991760254
2019-12-18,1.2240111827850342
2019-12-19,1.2992299795150757
2019-12-20,1.2923917770385742
2019-12-23,1.3197441101074219
2019-12-24,1.302648663520813
2019-12-27,1.2992299795150757
2019-12-30,1.3094868659973145
2019-12-31,1.2752965688705444
2020-01-02,1.2616204023361206
2020-01-03,1.2582017183303833
2020-01-06,1.2684588432312012
2020-01-07,1.2376874685287476
2020-01-08,1.2103351354599
2020-01-09,1.27871572971344
2020-01-10,1.2479445934295654
2020-01-13,1.2479445934295654
2020-01-14,1.2582017183303833
2020-01-15,1.2513632774353027
2020-01-16,1.2376874685287476
2020-01-17,1.1932401657104492
2020-01-20,1.1898210048675537
2020-01-21,1.172725796699524
2020-01-22,1.2069162130355835
2020-01-23,1.182983160018921
2020-01-24,1.203497052192688
2020-01-28,1.1761448383331299
2020-01-29,1.182983160018921
2020-01-30,1.141954779624939
2020-01-31,1.1590496301651
2020-02-03,1.172725796699524
2020-02-04,1.200078010559082
2020-02-05,1.2069162130355835
2020-02-06,1.162468671798706
2020-02-07,1.1864020824432373
2020-02-10,1.2479445934295654
2020-02-11,1.271877408027649
2020-02-12,1.2923917770385742
2020-02-13,1.3129059076309204
2020-02-14,1.316325068473816
2020-02-17,1.2992299795150757
2020-02-18,1.3197441101074219
2020-02-19,1.3231629133224487
2020-02-20,1.4565050601959229
2020-02-21,1.3607721328735352
2020-02-24,1.27871572971344
2020-02-25,1.2479445934295654
2020-02-26,1.1795639991760254
2020-02-27,1.1795639991760254
2020-02-28,1.1282784938812256
2020-03-02,1.0940883159637451
2020-03-03,1.0940883159637451
2020-03-04,1.035760521888733
2020-03-05,1.0004101991653442
2020-03-06,0.9297100305557251
2020-03-09,0.8413345217704773
2020-03-10,0.9014297127723694
2020-03-11,0.8660796880722046
2020-03-12,0.7777040600776672
2020-03-13,0.770634114742279
2020-03-16,0.7140737771987915
2020-03-17,0.7423539757728577
2020-03-18,0.6398383975028992
2020-03-19,0.4842975437641144
2020-03-20,0.5443928241729736
2020-03-23,0.39592212438583374
2020-03-24,0.4418773055076599
2020-03-25,0.43127232789993286
2020-03-26,0.43480727076530457
2020-03-27,0.47722750902175903
2020-03-30,0.47722750902175903
2020-03-31,0.5549978613853455
2020-04-01,0.6292333602905273
2020-04-02,0.5938830375671387
2020-04-03,0.6009531617164612
2020-04-06,0.5938830375671387
2020-04-07,0.6857936382293701
2020-04-08,0.6575133800506592
2020-04-09,0.6893286108970642
2020-04-14,0.6928636431694031
2020-04-15,0.7317488193511963
2020-04-16,0.7034686207771301
2020-04-17,0.7670990228652954
2020-04-20,0.7211437821388245
2020-04-21,0.6645835638046265
2020-04-22,0.6504434943199158
2020-04-23,0.6539784669876099
2020-04-24,0.6363033652305603
2020-04-27,0.738818883895874
2020-04-28,0.823659360408783
2020-04-29,0.8590095639228821
2020-04-30,0.8342643976211548
2020-05-01,0.823659360408783
2020-05-04,0.7670990228652954
2020-05-05,0.8342643976211548
2020-05-06,0.8201242685317993
2020-05-07,0.8448693156242371
2020-05-08,0.8625446557998657
2020-05-11,0.8837546110153198
2020-05-12,0.8342643976211548
2020-05-13,0.7741691470146179
2020-05-14,0.7777040600776672
2020-05-15,0.7635639309883118
2020-05-18,0.81658935546875
2020-05-19,0.7918442487716675
2020-05-20,0.8342643976211548
2020-05-21,0.8130543231964111
2020-05-22,0.8342643976211548
2020-05-25,0.880219578742981
2020-05-26,0.919104814529419
2020-05-27,0.9650599360466003
2020-05-28,0.9756652116775513
2020-05-29,0.9579900503158569
2020-06-01,0.9544550180435181
2020-06-02,0.9791999459266663
2020-06-03,1.0110152959823608
2020-06-04,0.961525022983551
2020-06-05,0.961525022983551
2020-06-09,1.018085241317749
2020-06-10,1.0074803829193115
2020-06-11,0.9685950875282288
2020-06-12,0.9120347499847412
2020-06-15,0.9367799758911133
2020-06-16,0.943850040435791
2020-06-17,0.9261749386787415
2020-06-18,0.9367799758911133
2020-06-19,0.9579900503158569
2020-06-22,0.9332450032234192
2020-06-23,0.9756652116775513
2020-06-24,0.961525022983551
2020-06-25,1.0534356832504272
2020-06-26,1.0392955541610718
2020-06-29,1.0004101991653442
2020-06-30,0.9898051619529724
2020-07-01,1.018085241317749
2020-07-02,0.9898051619529724
2020-07-03,0.961525022983551
2020-07-06,0.9756652116775513
2020-07-07,0.943850040435791
2020-07-08,0.9014297127723694
2020-07-09,0.9367799758911133
2020-07-10,0.9084997773170471
2020-07-13,0.8978946805000305
2020-07-14,0.8837546110153198
2020-07-15,0.9297100305557251
2020-07-16,0.919104814529419
2020-07-17,0.8978946805000305
2020-07-20,0.8625446557998657
2020-07-21,0.9155699014663696
2020-07-22,0.9014297127723694
2020-07-23,0.9297100305557251
2020-07-24,0.9297100305557251
2020-07-27,0.9332450032234192
2020-07-28,0.961525022983551
2020-07-29,0.943850040435791
2020-07-30,0.9332450032234192
2020-07-31,0.9827353954315186
2020-08-03,0.9049647450447083
2020-08-04,0.9084997773170471
2020-08-05,0.9014297127723694
2020-08-06,0.919104814529419
2020-08-07,0.9332450032234192
2020-08-10,0.9579900503158569
2020-08-11,0.9968750476837158
2020-08-12,1.032225489616394
2020-08-13,1.0074803829193115
2020-08-14,1.0923207998275757
2020-08-17,1.0993908643722534
2020-08-18,1.1206008195877075
2020-08-19,1.1312059164047241
2020-08-20,1.1029257774353027
2020-08-21,1.1206008195877075
2020-08-24,1.1771612167358398
2020-08-25,1.1736263036727905
2020-08-26,1.1736263036727905
2020-08-27,1.081715703010559
2020-08-28,1.1135311126708984
2020-08-31,1.1241360902786255
2020-09-01,1.1276710033416748
2020-09-02,1.1382759809494019
2020-09-03,1.1241360902786255
2020-09-04,1.1029257774353027
2020-09-07,1.109995722770691
2020-09-08,1.0993908643722534
2020-09-09,1.0812492370605469
2020-09-10,1.088505744934082
2020-09-11,1.070363998413086
2020-09-14,1.088505744934082
2020-09-15,1.1066474914550781
2020-09-16,1.1247891187667847
2020-09-17,1.1538162231445312
2020-09-18,1.2118698358535767
2020-09-21,1.146559476852417
2020-09-22,1.103019118309021
2020-09-23,1.1683293581008911
2020-09-24,1.1429312229156494
2020-09-25,1.146559476852417
2020-09-28,1.1683293581008911
2020-09-29,1.2118698358535767
2020-09-30,1.1937280893325806
2020-10-01,1.2300113439559937
2020-10-02,1.2191262245178223
2020-10-05,1.266295075416565
2020-10-06,1.2300113439559937
2020-10-07,1.2481533288955688
2020-10-08,1.2336397171020508
2020-10-09,1.2590383291244507
2020-10-12,1.2372682094573975
2020-10-13,1.2481533288955688
2020-10-14,1.2517815828323364
2020-10-15,1.2844367027282715
2020-10-16,1.327976942062378
2020-10-19,1.2953217029571533
2020-10-20,1.3207203149795532
2020-10-21,1.3388619422912598
2020-10-22,1.360632061958313
2020-10-23,1.342490315437317
2020-10-26,1.2771800756454468
2020-10-27,1.1937280893325806
2020-10-28,1.2300113439559937
2020-10-29,1.2699233293533325
2020-10-30,1.2046130895614624
2020-11-02,1.175586223602295
2020-11-03,1.20824134349823
2020-11-04,1.2336397171020508
2020-11-05,1.2336397171020508
2020-11-06,1.2118698358535767
2020-11-09,1.240896463394165
2020-11-10,1.1937280893325806
2020-11-11,1.2009845972061157
2020-11-12,1.2118698358535767
2020-11-13,1.2009845972061157
2020-11-16,1.2372682094573975
2020-11-17,1.266295075416565
2020-11-18,1.222754716873169
2020-11-19,1.2916934490203857
2020-11-20,1.375145435333252
2020-11-23,1.4295709133148193
2020-11-24,1.4331992864608765
2020-11-25,1.465854525566101
2020-11-26,1.4731109142303467
2020-11-27,1.5384215116500854
2020-11-30,1.574704885482788
2020-12-01,1.5964750051498413
2020-12-02,1.574704885482788
2020-12-03,1.581961750984192
2020-12-04,1.5529348850250244
2020-12-07,1.6109884977340698
2020-12-08,1.5892184972763062
2020-12-09,1.5964750051498413
2020-12-10,1.581961750984192
2020-12-11,1.5529348850250244
2020-12-14,1.5674482583999634
2020-12-15,1.5384215116500854
2020-12-16,1.5456781387329102
2020-12-17,1.6400154829025269
2020-12-18,1.5964750051498413
2020-12-21,1.6327584981918335
2020-12-22,1.574704885482788
2020-12-23,1.6182451248168945
2020-12-24,1.6472721099853516
2020-12-29,1.6690422296524048
2020-12-30,1.7270959615707397
2020-12-31,1.67629873752594
2021-01-04,1.7125823497772217
2021-01-05,1.7125823497772217
2021-01-06,1.7198387384414673
2021-01-07,1.7053253650665283
2021-01-08,1.7851492166519165
2021-01-11,1.7924063205718994
2021-01-12,1.7488658428192139
2021-01-13,1.7198387384414673
2021-01-14,1.6690422296524048
2021-01-15,1.6835553646087646
2021-01-18,1.6835553646087646
2021-01-19,1.6980689764022827
2021-01-20,1.7416094541549683
2021-01-21,1.7924063205718994
2021-01-22,1.7270959615707397
2021-01-25,1.7706362009048462
2021-01-27,1.7561227083206177
2021-01-28,1.6980689764022827
2021-01-29,1.6835553646087646
2021-02-01,1.6617857217788696
2021-02-02,1.7053253650665283
2021-02-03,1.7125823497772217
2021-02-04,1.67629873752594
2021-02-05,1.7053253650665283
2021-02-08,1.7125823497772217
2021-02-09,1.7125823497772217
2021-02-10,1.6690422296524048
2021-02-11,1.6255019903182983
2021-02-12,1.6472721099853516
2021-02-15,1.6690422296524048
2021-02-16,1.6545284986495972
2021-02-17,1.6908124685287476
2021-02-18,1.6980689764022827
2021-02-19,1.6980689764022827
2021-02-22,1.6980689764022827
2021-02-23,1.6400154829025269
2021-02-24,1.7125823497772217
2021-02-25,1.6472721099853516
2021-02-26,1.5674482583999634
2021-03-01,1.6182451248168945
2021-03-02,1.6037317514419556
2021-03-03,1.6182451248168945
2021-03-04,1.6400154829025269
2021-03-05,1.5892184972763062
2021-03-08,1.6037317514419556
2021-03-09,1.6908124685287476
2021-03-10,1.690812349319458
2021-03-11,1.788503885269165
2021-03-12,1.7584447860717773
2021-03-15,1.7283860445022583
2021-03-16,1.7359005212783813
2021-03-17,1.7359005212783813
2021-03-18,1.788503885269165
2021-03-19,1.811047911643982
2021-03-22,1.7208714485168457
2021-03-23,1.743415117263794
2021-03-24,1.7359005212783813
2021-03-25,1.7659592628479004
2021-03-26,1.773474097251892
2021-03-29,1.7283860445022583
2021-03-30,1.7133562564849854
2021-03-31,1.690812349319458
2021-04-01,1.6832976341247559
2021-04-06,1.6532385349273682
2021-04-07,1.6757827997207642
2021-04-08,1.7133562564849854
2021-04-09,1.690812349319458
2021-04-12,1.7133562564849854
2021-04-13,1.7058417797088623
2021-04-14,1.7584447860717773
2021-04-15,1.7659592628479004
2021-04-16,1.788503885269165
2021-04-19,1.8411070108413696
2021-04-20,1.916253924369812
2021-04-21,1.9237687587738037
2021-04-22,1.9538275003433228
2021-04-23,2.1717545986175537
2021-04-26,2.1792690753936768
2021-04-27,2.2544162273406982
2021-04-28,2.284475088119507
2021-04-29,2.2168426513671875
2021-04-30,2.2093281745910645
2021-05-03,2.0665485858917236
2021-05-04,2.1116371154785156
2021-05-05,2.0515189170837402
2021-05-06,2.028974771499634
2021-05-07,1.9838865995407104
2021-05-10,2.036489486694336
2021-05-11,2.044004201889038
2021-05-12,1.9838865995407104
2021-05-13,1.9763716459274292
2021-05-14,1.968856930732727
2021-05-17,2.0214598178863525
2021-05-18,1.9387978315353394
2021-05-19,1.9538275003433228
2021-05-20,1.9613419771194458
2021-05-21,1.9763716459274292
2021-05-24,1.9989160299301147
2021-05-25,2.0590338706970215
2021-05-26,1.9989160299301147
2021-05-27,2.0515189170837402
2021-05-28,2.044004201889038
2021-05-31,2.08909273147583
2021-06-01,2.0665485858917236
2021-06-02,2.1642396450042725
2021-06-03,2.1341805458068848
2021-06-04,2.1266660690307617
2021-06-07,2.1041219234466553
2021-06-08,2.0515189170837402
2021-06-09,2.0515189170837402
2021-06-10,2.0590338706970215
2021-06-11,2.1116371154785156
2021-06-15,2.08909273147583
2021-06-16,2.0515189170837402
2021-06-17,2.08909273147583
2021-06-18,2.0815773010253906
2021-06-21,2.036489486694336
2021-06-22,2.0139453411102295
2021-06-23,2.044004201889038
2021-06-24,2.0214598178863525
2021-06-25,2.0740630626678467
2021-06-28,2.0665485858917236
2021-06-29,2.0590338706970215
2021-06-30,2.096607208251953
2021-07-01,2.1116371154785156
2021-07-02,2.096607208251953
2021-07-05,2.0665485858917236
2021-07-06,2.08909273147583
2021-07-07,2.1191511154174805
2021-07-08,2.0665485858917236
2021-07-09,2.0665485858917236
2021-07-12,1.9989160299301147
2021-07-13,2.0139453411102295
2021-07-14,2.044004201889038
2021-07-15,2.0064308643341064
2021-07-16,2.0214598178863525
2021-07-19,1.968856930732727
2021-07-20,2.0214598178863525
2021-07-21,1.9989160299301147
2021-07-22,1.9538275003433228
2021-07-23,1.9087390899658203
2021-07-26,1.9012244939804077
2021-07-27,1.9087390899658203
2021-07-28,1.9387978315353394
2021-07-29,1.9989160299301147
2021-07-30,2.0515189170837402
2021-08-02,2.0214598178863525
2021-08-03,2.096607208251953
2021-08-04,2.1116371154785156
2021-08-05,2.0665485858917236
2021-08-06,2.028974771499634
2021-08-09,2.028974771499634
2021-08-10,2.1041219234466553
2021-08-11,1.9613419771194458
2021-08-12,1.9914010763168335
2021-08-13,1.9989160299301147
2021-08-16,1.796018123626709
2021-08-17,1.773474097251892
2021-08-18,1.7584447860717773
2021-08-19,1.6983271837234497
2021-08-20,1.638209342956543
2021-08-23,1.6006356477737427
2021-08-24,1.690812349319458
2021-08-25,1.6532385349273682
2021-08-26,1.6682682037353516
2021-08-27,1.6457239389419556
2021-08-30,1.6532385349273682
2021-08-31,1.6156649589538574
2021-09-01,1.6682682037353516
2021-09-02,1.638209342956543
2021-09-03,1.6457239389419556
2021-09-06,1.6832976341247559
2021-09-07,1.6607534885406494
2021-09-08,1.6168988943099976
2021-09-09,1.6474064588546753
2021-09-10,1.6321526765823364
2021-09-13,1.5863913297653198
2021-09-14,1.5635106563568115
2021-09-15,1.7313021421432495
2021-09-16,1.6626602411270142
2021-09-17,1.6931676864624023
2021-09-20,1.670287013053894
2021-09-21,1.6168988943099976
2021-09-22,1.5940181016921997
2021-09-23,1.670287013053894
2021-09-24,1.6397794485092163
2021-09-27,1.6931676864624023
2021-09-28,1.7007945775985718
2021-09-29,1.670287013053894
2021-09-30,1.7084213495254517
2021-10-01,1.6474064588546753
2021-10-04,1.7084213495254517
2021-10-05,1.6779139041900635
2021-10-06,1.716048240661621
2021-10-07,1.7541828155517578
2021-10-08,1.8685859441757202
2021-10-11,1.883839726448059
2021-10-12,1.9067201614379883
2021-10-13,1.9143469333648682
2021-10-14,1.8762127161026
2021-10-15,1.891466736793518
2021-10-18,1.9067201614379883
2021-10-19,1.8685859441757202
2021-10-20,1.883839726448059
2021-10-21,1.8990931510925293
2021-10-22,1.9143469333648682
2021-10-25,1.891466736793518
2021-10-26,1.8762127161026
2021-10-27,1.8685859441757202
2021-10-28,1.883839726448059
2021-10-29,1.891466736793518
2021-11-01,1.8762127161026
2021-11-02,1.9219738245010376
2021-11-03,1.929600715637207
2021-11-04,1.9524816274642944
2021-11-05,1.9372280836105347
2021-11-08,1.9524816274642944
2021-11-09,1.9067201614379883
2021-11-10,1.929600715637207
2021-11-11,1.9143469333648682
2021-11-12,1.9601083993911743
2021-11-15,1.9753623008728027
2021-11-16,1.9677354097366333
2021-11-17,1.944854497909546
2021-11-18,1.9601083993911743
2021-11-19,2.044004201889038
2021-11-22,2.0134966373443604
2021-11-23,2.0058698654174805
2021-11-24,1.9906158447265625
2021-11-25,1.944854497909546
2021-11-26,1.8990931510925293
2021-11-29,1.8990931510925293
2021-11-30,1.929600715637207
2021-12-01,1.8990931510925293
2021-12-02,1.8533321619033813
2021-12-03,1.838078498840332
2021-12-06,1.7694363594055176
2021-12-07,1.8228245973587036
2021-12-08,1.838078498840332
2021-12-09,1.7846901416778564
2021-12-10,1.891466736793518
2021-12-13,1.8685859441757202
2021-12-14,1.8533321619033813
2021-12-15,1.8304518461227417
2021-12-16,1.8151979446411133
2021-12-17,1.838078498840332
2021-12-20,1.7694363594055176
2021-12-21,1.7999438047409058
2021-12-22,1.7999438047409058
2021-12-23,1.7923169136047363
2021-12-24,1.8151979446411133
2021-12-29,1.8609591722488403
2021-12-30,1.8609591722488403
2021-12-31,1.8685859441757202
2022-01-04,1.8685859441757202
2022-01-05,1.8609591722488403
2022-01-06,1.7618095874786377
2022-01-07,1.777063250541687
2022-01-10,1.685540795326233
2022-01-11,1.6550331115722656
2022-01-12,1.670287013053894
2022-01-13,1.685540795326233
2022-01-14,1.670287013053894
2022-01-17,1.6779139041900635
2022-01-18,1.7236751317977905
2022-01-19,1.7084213495254517
2022-01-20,1.6779139041900635
2022-01-21,1.6550331115722656
2022-01-24,1.609271764755249
2022-01-25,1.5406299829483032
2022-01-27,1.4758014678955078
2022-01-28,1.525376558303833
2022-01-31,1.5482566356658936
2022-02-01,1.5482566356658936
2022-02-02,1.5711374282836914
2022-02-03,1.525376558303833
2022-02-04,1.6016449928283691
2022-02-07,1.6016449928283691
2022-02-08,1.5711374282836914
2022-02-09,1.6016449928283691
2022-02-10,1.609271764755249
2022-02-11,1.5406299829483032
2022-02-14,1.5482566356658936
2022-02-15,1.5482566356658936
2022-02-16,1.5635106563568115
2022-02-17,1.5406299829483032
2022-02-18,1.5177494287490845
2022-02-21,1.5177494287490845
2022-02-22,1.4643611907958984
2022-02-23,1.5787644386291504
2022-02-24,1.4796147346496582
2022-02-25,1.525376558303833
2022-02-28,1.4262267351150513
2022-03-01,1.4491074085235596
2022-03-02,1.4071595668792725
2022-03-03,1.3880925178527832
2022-03-04,1.357584834098816
2022-03-07,1.3080099821090698
2022-03-08,1.2775026559829712
2022-03-09,1.289116382598877
2022-03-10,1.3007298707962036
2022-03-11,1.262017846107483
2022-03-14,1.2542752027511597
2022-03-15,1.2581465244293213
2022-03-16,1.269760012626648
2022-03-17,1.3316998481750488
2022-03-18,1.3007298707962036
2022-03-21,1.292987585067749
2022-03-22,1.3084723949432373
2022-03-23,1.3162147998809814
2022-03-24,1.292987585067749
2022-03-25,1.2775026559829712
2022-03-28,1.269760012626648
2022-03-29,1.3084723949432373
2022-03-30,1.3239573240280151
2022-03-31,1.3162147998809814
2022-04-01,1.2736314535140991
2022-04-04,1.2736314535140991
2022-04-05,1.2775026559829712
2022-04-06,1.2736314535140991
2022-04-07,1.2039494514465332
2022-04-08,1.2271766662597656
2022-04-11,1.1923357248306274
2022-04-12,1.1884645223617554
2022-04-13,1.1807222366333008
2022-04-14,1.2039494514465332
2022-04-19,1.2039494514465332
2022-04-20,1.2039494514465332
2022-04-21,1.2078206539154053
2022-04-22,1.1768507957458496
2022-04-26,1.1381386518478394
2022-04-27,1.1187827587127686
2022-04-28,1.122653841972351
2022-04-29,1.1110401153564453
2022-05-02,1.087812900543213
2022-05-03,1.045229196548462
2022-05-04,1.0220022201538086
2022-05-05,1.0374867916107178
2022-05-06,1.0142595767974854
2022-05-09,0.9987746477127075
2022-05-10,0.9987746477127075
2022-05-11,1.0607143640518188
2022-05-12,1.0103883743286133
2022-05-13,1.0839415788650513
2022-05-16,1.072327733039856
2022-05-17,1.0800702571868896
2022-05-18,1.0916839838027954
2022-05-19,1.0491005182266235
2022-05-20,1.0491005182266235
2022-05-23,1.0607143640518188
2022-05-24,1.045229196548462
2022-05-25,1.0374867916107178
2022-05-26,1.0258734226226807
2022-05-27,1.0684566497802734
2022-05-30,1.0800702571868896
2022-05-31,1.0374867916107178
2022-06-01,1.0336157083511353
2022-06-02,1.0258734226226807
2022-06-03,1.0336157083511353
2022-06-06,1.0258734226226807
2022-06-07,1.0181310176849365
2022-06-08,1.0103883743286133
2022-06-09,0.9987746477127075
2022-06-10,0.9794185161590576
2022-06-14,0.9600626230239868
2022-06-15,0.9097365736961365
2022-06-16,0.9213504195213318
2022-06-17,0.9252215027809143
2022-06-20,0.9600626230239868
2022-06-21,0.9445777535438538
2022-06-22,0.9445777535438538
2022-06-23,0.905865490436554
2022-06-24,0.9445777535438538
2022-06-27,0.9755473732948303
2022-06-28,1.0026459693908691
2022-06-29,0.9600626230239868
2022-06-30,0.9600626230239868
2022-07-01,0.9678049087524414
2022-07-04,0.9755473732948303
2022-07-05,0.9871610403060913
2022-07-06,1.0297446250915527
2022-07-07,1.0684566497802734
2022-07-08,1.1071687936782837
2022-07-11,1.0374867916107178
2022-07-12,1.0374867916107178
2022-07-13,1.0491005182266235
2022-07-14,1.0761992931365967
2022-07-15,1.0336157083511353
2022-07-18,1.0684566497802734
2022-07-19,1.087812900543213
2022-07-20,1.122653841972351
2022-07-21,1.172979712486267
2022-07-22,1.0374867916107178
2022-07-25,1.0607143640518188
2022-07-26,1.0336157083511353
2022-07-27,1.0065172910690308
2022-07-28,1.0297446250915527
2022-07-29,1.0142595767974854
2022-08-01,1.0142595767974854
2022-08-02,1.045229196548462
2022-08-03,1.0336157083511353
2022-08-04,1.0761992931365967
2022-08-05,1.0761992931365967
2022-08-08,1.0568429231643677
2022-08-09,1.1149113178253174
2022-08-10,1.1032977104187012
2022-08-11,1.1536237001419067
2022-08-12,1.169108510017395
2022-08-15,1.1807222366333008
2022-08-16,1.1923357248306274
2022-08-17,1.1962069272994995
2022-08-18,1.1652371883392334
2022-08-19,1.292987585067749
2022-08-22,1.3239573240280151
2022-08-23,1.289116382598877
2022-08-24,1.2736314535140991
2022-08-25,1.242661476135254
2022-08-26,1.223305583000183
2022-08-29,1.1807222366333008
2022-08-30,1.172979712486267
2022-08-31,1.192860722541809
2022-09-01,1.1133365631103516
2022-09-02,1.1133365631103516
2022-09-05,1.0934555530548096
2022-09-06,1.0735745429992676
2022-09-07,1.0894794464111328
2022-09-08,1.1053842306137085
2022-09-09,1.1212891340255737
2022-09-12,1.1332175731658936
2022-09-13,1.1411700248718262
2022-09-14,1.1173131465911865
2022-09-15,1.1053842306137085
2022-09-16,1.0775508880615234
2022-09-19,1.0616459846496582
2022-09-20,1.0059791803359985
2022-09-21,1.0020028352737427
2022-09-23,0.982122004032135
2022-09-26,0.9741697311401367
2022-09-27,0.9662171602249146
2022-09-28,1.0059791803359985
2022-09-29,1.0576698780059814
2022-09-30,1.0179078578948975
2022-10-03,1.0099552869796753
2022-10-04,1.0735745429992676
2022-10-05,1.1053842306137085
2022-10-06,1.1173131465911865
2022-10-07,1.0855032205581665
2022-10-10,1.045741319656372
2022-10-11,1.0020028352737427
2022-10-12,0.9900743365287781
2022-10-13,1.0218839645385742
2022-10-14,1.03778874874115
2022-10-17,1.0218839645385742
2022-10-18,1.065622329711914
2022-10-19,1.0974318981170654
2022-10-20,1.0735745429992676
2022-10-21,1.0695984363555908
2022-10-24,1.0934555530548096
2022-10-25,1.1133365631103516
2022-10-26,1.145146131515503
2022-10-27,1.1849082708358765
2022-10-28,1.176956057548523
2022-10-31,1.176956057548523
2022-11-01,1.2286463975906372
2022-11-02,1.2008130550384521
2022-11-03,1.2286463975906372
2022-11-04,1.22467041015625
2022-11-07,1.2405750751495361
2022-11-08,1.284313440322876
2022-11-09,1.2087653875350952
2022-11-10,1.1968368291854858
2022-11-11,1.3360038995742798
2022-11-14,1.3757659196853638
2022-11-15,1.3479326963424683
2022-11-16,1.332027792930603
2022-11-17,1.3081705570220947
2022-11-18,1.3121466636657715
2022-11-21,1.300218105316162
2022-11-22,1.2962419986724854
2022-11-23,1.3121466636657715
2022-11-24,1.3161230087280273
2022-11-25,1.339980125427246
2022-11-28,1.3360038995742798
2022-11-29,1.3757659196853638
2022-11-30,1.4314327239990234
2022-12-01,1.391670823097229
2022-12-02,1.4035992622375488
2022-12-05,1.4075754880905151
2022-12-06,1.439385175704956
2022-12-07,1.3876947164535522
2022-12-08,1.4195040464401245
2022-12-09,1.4234802722930908
2022-12-12,1.4155279397964478
2022-12-13,1.4234802722930908
2022-12-14,1.399623155593872
2022-12-15,1.3956469297409058
2022-12-16,1.359861135482788
2022-12-19,1.3360038995742798
2022-12-20,1.284313440322876
2022-12-21,1.2882894277572632
2022-12-22,1.3638373613357544
2022-12-23,1.3360038995742798
2022-12-28,1.3121466636657715
2022-12-29,1.3161230087280273
2022-12-30,1.3360038995742798
2023-01-03,1.3439563512802124
2023-01-04,1.3797422647476196
2023-01-05,1.391670823097229
2023-01-06,1.4195040464401245
2023-01-09,1.4234802722930908
2023-01-10,1.4115517139434814
2023-01-11,1.4513139724731445
2023-01-12,1.4513139724731445
2023-01-13,1.4791470766067505
2023-01-16,1.518909215927124
2023-01-17,1.499028205871582
2023-01-18,1.5666238069534302
2023-01-19,1.5427664518356323
2023-01-20,1.5427664518356323
2023-01-23,1.510956883430481
2023-01-24,1.5228855609893799
2023-01-25,1.67795729637146
2023-01-27,1.6700048446655273
2023-01-30,1.7415766716003418
2023-01-31,1.7415766716003418
2023-02-01,1.805195927619934
2023-02-02,1.7892910242080688
2023-02-03,1.8131481409072876
2023-02-06,1.7654337882995605
2023-02-07,1.7813386917114258
2023-02-08,1.685909628868103
2023-02-09,1.67795729637146
2023-02-10,1.6461477279663086
2023-02-13,1.6461477279663086
2023-02-14,1.67795729637146
2023-02-15,1.67795729637146
2023-02-16,1.685909628868103
2023-02-17,1.67795729637146
2023-02-20,1.630242943763733
2023-02-21,1.685909628868103
2023-02-22,1.685909628868103
2023-02-23,1.7018146514892578
2023-02-24,1.7733863592147827
2023-02-27,1.8290531635284424
2023-02-28,1.8626136779785156
2023-03-01,1.8626136779785156
2023-03-02,1.8374435901641846
2023-03-03,1.904564380645752
2023-03-06,1.9465150833129883
2023-03-07,2.038806915283203
2023-03-08,1.980075478553772
2023-03-09,1.9968562126159668
2023-03-10,1.9465150833129883
2023-03-13,1.904564380645752
2023-03-14,1.854223370552063
2023-03-15,1.8626136779785156
2023-03-16,1.8710037469863892
2023-03-17,1.9465150833129883
2023-03-20,1.8961743116378784
2023-03-21,1.8206630945205688
2023-03-22,1.8710037469863892
2023-03-23,1.854223370552063
2023-03-24,1.854223370552063
2023-03-27,1.904564380645752
2023-03-28,1.8793939352035522
2023-03-29,1.8877840042114258
2023-03-30,1.9213446378707886
2023-03-31,1.9884657859802246
2023-04-03,2.030416965484619
2023-04-04,2.05558705329895
2023-04-05,2.131098508834839
2023-04-06,2.038806915283203
2023-04-11,2.0891480445861816
2023-04-12,2.0891480445861816
2023-04-13,2.1059279441833496
2023-04-14,2.1059279441833496
2023-04-17,2.139488697052002
2023-04-18,2.164659023284912
2023-04-19,2.1898293495178223
2023-04-20,2.139488697052002
2023-04-21,2.173049211502075
2023-04-24,2.173049211502075
2023-04-26,2.139488697052002
2023-04-27,2.15626859664917
2023-04-28,2.131098508834839
2023-05-01,2.131098508834839
2023-05-02,2.131098508834839
2023-05-03,2.122708320617676
2023-05-04,2.1143178939819336
2023-05-05,2.122708320617676
2023-05-08,2.139488697052002
2023-05-09,2.1143178939819336
2023-05-10,2.0891480445861816
2023-05-11,2.0975377559661865
2023-05-12,2.1059279441833496
2023-05-15,2.1059279441833496
2023-05-16,2.030416965484619
2023-05-17,2.00524640083313
2023-05-18,2.030416965484619
2023-05-19,2.022026538848877
2023-05-22,1.904564380645752
2023-05-23,1.8710037469863892
2023-05-24,1.7115908861160278
2023-05-25,1.5983238220214844
2023-05-26,1.5437878370285034
2023-05-29,1.4808616638183594
2023-05-30,1.506032109260559
2023-05-31,1.4892518520355225
2023-06-01,1.4514961242675781
2023-06-02,1.4389110803604126
2023-06-05,1.485056757926941
2023-06-06,1.384374976158142
2023-06-07,1.4011552333831787
2023-06-08,1.38018000125885
2023-06-09,1.413740634918213
2023-06-13,1.4263256788253784
2023-06-14,1.43052077293396
2023-06-15,1.4724715948104858
2023-06-16,1.4976420402526855
2023-06-19,1.4431060552597046
2023-06-20,1.3885700702667236
2023-06-21,1.3256440162658691
2023-06-22,1.3130587339401245
2023-06-23,1.2920833826065063
2023-06-26,1.2836930751800537
2023-06-27,1.3130587339401245
2023-06-28,1.363399624824524
2023-06-29,1.3885700702667236
2023-06-30,1.4053503274917603
2023-07-03,1.4263256788253784
2023-07-04,1.4263256788253784
2023-07-05,1.43052077293396
2023-07-06,1.413740634918213
2023-07-07,1.363399624824524
2023-07-10,1.371789813041687
2023-07-11,1.4095455408096313
2023-07-12,1.4095455408096313
2023-07-13,1.4556913375854492
2023-07-14,1.4514961242675781
2023-07-17,1.384374976158142
2023-07-18,1.3969602584838867
2023-07-19,1.4514961242675781
2023-07-20,1.4598864316940308
2023-07-21,1.43052077293396
2023-07-24,1.4389110803604126
2023-07-25,1.4263256788253784
2023-07-26,1.4221305847167969
2023-07-27,1.506032109260559
2023-07-28,1.4514961242675781
2023-07-31,1.4808616638183594
2023-08-01,1.485056757926941
2023-08-02,1.4724715948104858
2023-08-03,1.4682765007019043
2023-08-04,1.4892518520355225
2023-08-07,1.5689582824707031
2023-08-08,1.5437878370285034
2023-08-09,1.5395927429199219
2023-08-10,1.5395927429199219
2023-08-11,1.5941287279129028
2023-08-14,1.623494267463684
2023-08-15,1.5983238220214844
2023-08-16,1.6360796689987183
2023-08-17,1.6067140102386475
2023-08-18,1.6109089851379395
2023-08-21,1.5941287279129028
2023-08-22,1.6528598070144653
2023-08-23,1.6360796689987183
2023-08-24,1.5479828119277954
2023-08-25,1.8122727870941162
2023-08-28,1.7787119150161743
2023-08-29,1.7619316577911377
2023-08-30,1.7787119150161743
2023-08-31,1.7199809551239014
2023-09-01,1.7199809551239014
2023-09-04,1.7115908861160278
2023-09-05,1.7115908861160278
2023-09-06,1.7032008171081543
2023-09-07,1.623494267463684
2023-09-08,1.619299292564392
2023-09-11,1.623494267463684
2023-09-12,1.6528598070144653
2023-09-13,1.635597586631775
2023-09-14,1.6744376420974731
2023-09-15,1.6614909172058105
2023-09-18,1.678753137588501
2023-09-19,1.6701219081878662
2023-09-20,1.635597586631775
2023-09-21,1.6744376420974731
2023-09-22,1.6614909172058105
2023-09-25,1.6571753025054932
2023-09-26,1.678753137588501
2023-09-27,1.683068871498108
2023-09-28,1.708962082862854
2023-09-29,1.6917001008987427
2023-10-02,1.678753137588501
2023-10-03,1.648544192314148
2023-10-04,1.6097040176391602
2023-10-05,1.6053887605667114
2023-10-06,1.618335247039795
2023-10-09,1.618335247039795
2023-10-10,1.6744376420974731
2023-10-11,1.6701219081878662
2023-10-12,1.7046465873718262
2023-10-13,1.6614909172058105
2023-10-16,1.6269664764404297
2023-10-17,1.6442286968231201
2023-10-18,1.6442286968231201
2023-10-19,1.635597586631775
2023-10-20,1.588126301765442
2023-10-23,1.6097040176391602
2023-10-24,1.6097040176391602
2023-10-25,1.583810806274414
2023-10-26,1.5622329711914062
2023-10-27,1.570864200592041
2023-10-30,1.588126301765442
2023-10-31,1.618335247039795
2023-11-01,1.6442286968231201
2023-11-02,1.6701219081878662
2023-11-03,1.6873843669891357
2023-11-06,1.7046465873718262
2023-11-07,1.7046465873718262
2023-11-08,1.7132776975631714
2023-11-09,1.7219088077545166
2023-11-10,1.7434865236282349
2023-11-13,1.7607488632202148
2023-11-14,1.7780109643936157
2023-11-15,1.803904414176941
2023-11-16,1.8211665153503418
2023-11-17,1.6701219081878662
2023-11-20,1.5277085304260254
2023-11-21,1.575179934501648
2023-11-22,1.5233930349349976
2023-11-23,1.4974995851516724
2023-11-24,1.4759217500686646
2023-11-27,1.4845529794692993
2023-11-28,1.4974995851516724
2023-11-29,1.5449708700180054
2023-11-30,1.5579174757003784
2023-12-01,1.5924419164657593
2023-12-04,1.6097040176391602
2023-12-05,1.575179934501648
2023-12-06,1.5794953107833862
2023-12-07,1.5794953107833862
2023-12-08,1.583810806274414
2023-12-11,1.614019751548767
2023-12-12,1.635597586631775
2023-12-13,1.631281852722168
2023-12-14,1.6873843669891357
2023-12-15,1.6917001008987427
2023-12-18,1.6917001008987427
2023-12-19,1.7219088077545166
2023-12-20,1.7434865236282349
2023-12-21,1.6873843669891357
2023-12-22,1.6960153579711914
2023-12-27,1.6744376420974731
2023-12-28,1.6917001008987427
2023-12-29,1.6744376420974731
2024-01-02,1.6873843669891357
2024-01-03,1.6528598070144653
2024-01-04,1.6571753025054932
2024-01-05,1.614019751548767
2024-01-08,1.6226508617401123
2024-01-09,1.6571753025054932
2024-01-10,1.7780109643936157
2024-01-11,1.847060203552246
2024-01-12,1.8384292125701904
2024-01-15,1.8427444696426392
2024-01-16,1.7952733039855957
2024-01-17,1.7607488632202148
2024-01-18,1.769379734992981
2024-01-19,1.786642074584961
2024-01-22,1.7607488632202148
2024-01-23,1.8125354051589966
2024-01-24,1.803904414176941
2024-01-25,1.829797625541687
2024-01-29,1.803904414176941
2024-01-30,1.7952733039855957
2024-01-31,1.7434865236282349
2024-02-01,1.786642074584961
2024-02-02,1.803904414176941
2024-02-05,1.803904414176941
2024-02-06,1.847060203552246
2024-02-07,1.8211665153503418
2024-02-08,1.847060203552246
2024-02-09,1.829797625541687
2024-02-12,1.9161090850830078
2024-02-13,2.002419948577881
2024-02-14,2.036944627761841
2024-02-15,1.9678959846496582
2024-02-16,1.9592646360397339
2024-02-19,1.9506335258483887
2024-02-20,1.9506335258483887
2024-02-21,1.8988468647003174
2024-02-22,1.8988468647003174
2024-02-23,1.7952733039855957
2024-02-26,1.6744376420974731
2024-02-27,1.7003308534622192
2024-02-28,1.7434865236282349
2024-02-29,1.7434865236282349
2024-03-01,1.769379734992981
2024-03-04,1.7521177530288696
2024-03-05,1.786642074584961
2024-03-06,1.7236372232437134
2024-03-07,1.7776415348052979
2024-03-08,1.7776415348052979
2024-03-11,1.7641406059265137
2024-03-12,1.7551398277282715
2024-03-13,1.8091440200805664
2024-03-14,1.8001432418823242
2024-03-15,1.8091440200805664
2024-03-18,1.818144679069519
2024-03-19,1.8271454572677612
2024-03-20,1.7956429719924927
2024-03-21,1.782141923904419
2024-03-22,1.7461390495300293
2024-03-25,1.7686407566070557
2024-03-26,1.791142463684082
2024-03-27,1.8451467752456665
2024-03-28,1.8271454572677612
2024-04-02,1.818144679069519
2024-04-03,1.7686407566070557
2024-04-04,1.7641406059265137
2024-04-05,1.7506394386291504
2024-04-08,1.7641406059265137
2024-04-09,1.7506394386291504
2024-04-10,1.7686407566070557
2024-04-11,1.7596402168273926
2024-04-12,1.728137493133545
2024-04-15,1.6876343488693237
2024-04-16,1.651631474494934
2024-04-17,1.63813054561615
2024-04-18,1.642630934715271
2024-04-19,1.6336301565170288
2024-04-22,1.669632911682129
2024-04-23,1.696635127067566
2024-04-24,1.71013605594635
2024-04-26,1.6876343488693237
2024-04-29,1.7371383905410767
2024-04-30,1.7011353969573975
2024-05-01,1.6606321334838867
2024-05-02,1.6336301565170288
2024-05-03,1.6606321334838867
2024-05-06,1.642630934715271
2024-05-07,1.651631474494934
2024-05-08,1.651631474494934
2024-05-09,1.611128330230713
2024-05-10,1.651631474494934
2024-05-13,1.6291296482086182
2024-05-14,1.651631474494934
2024-05-15,1.6471312046051025
2024-05-16,1.642630934715271
2024-05-17,1.6156284809112549
2024-05-20,1.6021275520324707
2024-05-21,1.6156284809112549
2024-05-22,1.5751254558563232
2024-05-23,1.5751254558563232
2024-05-24,1.6606321334838867
2024-05-27,1.7011353969573975
2024-05-28,1.6876343488693237
2024-05-29,1.651631474494934
2024-05-30,1.6471312046051025
2024-05-31,1.6921346187591553
2024-06-03,1.7011353969573975
2024-06-04,1.7236372232437134
2024-06-05,1.7461390495300293
2024-06-06,1.7776415348052979
2024-06-07,1.78664231300354
2024-06-11,1.7506394386291504
2024-06-12,1.8001432418823242
2024-06-13,1.78664231300354
2024-06-14,1.7641406059265137
2024-06-17,1.7371383905410767
2024-06-18,1.7641406059265137
2024-06-19,1.7686407566070557
2024-06-20,1.8091440200805664
2024-06-21,1.8361462354660034
2024-06-24,1.7776415348052979
2024-06-25,1.8001432418823242
2024-06-26,1.7641406059265137
2024-06-27,1.782141923904419
2024-06-28,1.7416385412216187
2024-07-01,1.7191368341445923
2024-07-02,1.6741334199905396
2024-07-03,1.6921346187591553
2024-07-04,1.6921346187591553
2024-07-05,1.669632911682129
2024-07-08,1.7146364450454712
2024-07-09,1.7146364450454712
2024-07-10,1.7191368341445923
2024-07-11,1.7506394386291504
2024-07-12,1.782141923904419
2024-07-15,1.7686407566070557
2024-07-16,1.7596402168273926
2024-07-17,1.7641406059265137
2024-07-18,1.9441548585891724
2024-07-19,1.9981591701507568
2024-07-22,1.9981591701507568
2024-07-23,1.9531556367874146
2024-07-24,1.9711573123931885
2024-07-25,1.9621564149856567
2024-07-26,2.00715970993042
2024-07-29,1.9351541996002197
2024-07-30,1.9531556367874146
2024-07-31,1.9711573123931885
2024-08-01,1.980157732963562
2024-08-02,1.9081517457962036
2024-08-05,1.8361462354660034
2024-08-06,1.8811497688293457
2024-08-07,1.8901503086090088
2024-08-08,1.8901503086090088
2024-08-09,1.8901503086090088
2024-08-12,1.9081517457962036
2024-08-13,1.899151086807251
2024-08-14,1.9261534214019775
2024-08-15,1.9441548585891724
2024-08-16,1.9981591701507568
2024-08-19,2.00715970993042
2024-08-20,2.025161027908325
2024-08-21,2.061163902282715
2024-08-22,2.178173780441284
2024-08-23,1.8451467752456665
2024-08-26,1.9081517457962036
2024-08-27,1.8271454572677612
2024-08-28,1.8271454572677612
2024-08-29,1.8721489906311035
2024-08-30,1.899151086807251
2024-09-02,1.9981591701507568
2024-09-03,2.061163902282715
2024-09-04,2.115168333053589
2024-09-05,2.079165458679199
2024-09-06,2.070164442062378
2024-09-09,2.070164442062378
2024-09-10,2.070164442062378
2024-09-11,2.028853178024292
2024-09-12,2.0655744075775146
2024-09-13,2.0655744075775146
2024-09-16,2.083935260772705
2024-09-17,2.083935260772705
2024-09-18,2.148197650909424
2024-09-19,2.166558027267456
2024-09-20,2.2216405868530273
2024-09-23,2.139017343521118
2024-09-24,2.1573779582977295
2024-09-25,2.1206564903259277
2024-09-26,2.175738573074341
2024-09-27,2.166558027267456
2024-09-30,2.1849191188812256
2024-10-01,2.139017343521118
2024-10-02,2.0655744075775146
2024-10-03,2.1298367977142334
2024-10-04,2.0655744075775146
2024-10-07,2.09311580657959
2024-10-08,2.139017343521118
2024-10-09,2.1573779582977295
2024-10-10,2.1298367977142334
2024-10-11,2.148197650909424
2024-10-14,2.1940994262695312
2024-10-15,2.2400012016296387
2024-10-16,2.230820655822754
2024-10-17,2.25836181640625
2024-10-18,2.2400012016296387
2024-10-21,2.175738573074341
2024-10-22,2.1573779582977295
2024-10-23,2.175738573074341
2024-10-24,2.166558027267456
2024-10-25,2.148197650909424
2024-10-28,2.139017343521118
2024-10-29,2.1849191188812256
2024-10-30,2.1573779582977295
2024-10-31,2.166558027267456
2024-11-01,2.1206564903259277
2024-11-04,2.1206564903259277
2024-11-05,2.1298367977142334
2024-11-06,2.166558027267456
2024-11-07,2.1206564903259277
2024-11-08,2.148197650909424
2024-11-11,2.148197650909424
2024-11-12,2.2491812705993652
2024-11-13,2.230820655822754
2024-11-14,2.230820655822754
2024-11-15,2.25836181640625
2024-11-18,2.304263114929199
2024-11-19,2.285902976989746
2024-11-20,2.3226239681243896
2024-11-21,2.0655744075775146
2024-11-22,2.0655744075775146
2024-11-25,2.09311580657959
2024-11-26,2.175738573074341
2024-11-27,2.1940994262695312
2024-11-28,2.1940994262695312
2024-11-29,2.2675421237945557
2024-12-02,2.3318042755126953
2024-12-03,2.340984582901001
2024-12-04,2.3226239681243896
2024-12-05,2.3777058124542236
2024-12-06,2.3226239681243896
2024-12-09,2.2675421237945557
2024-12-10,2.2400012016296387
2024-12-11,2.175738573074341
2024-12-12,2.0747549533843994
2024-12-13,2.0655744075775146
2024-12-16,2.09311580657959
2024-12-17,2.1206564903259277
2024-12-18,2.139017343521118
2024-12-19,2.083935260772705
2024-12-20,2.0747549533843994
2024-12-23,2.148197650909424
2024-12-24,2.203279733657837
2024-12-27,2.1849191188812256
2024-12-30,2.2124600410461426
2024-12-31,2.148197650909424
2025-01-02,2.1849191188812256
2025-01-03,2.203279733657837
2025-01-06,2.2124600410461426
2025-01-07,2.203279733657837
2025-01-08,2.2124600410461426
2025-01-09,2.1940994262695312
2025-01-10,2.175738573074341
2025-01-13,2.0380337238311768
2025-01-14,2.0747549533843994
2025-01-15,2.056394338607788
2025-01-16,2.09311580657959
2025-01-17,2.1022958755493164
2025-01-20,2.1022958755493164
2025-01-21,2.1298367977142334
2025-01-22,2.1298367977142334
2025-01-23,2.111475944519043
2025-01-24,2.148197650909424
2025-01-28,2.1849191188812256
2025-01-29,2.0196731090545654
2025-01-30,1.9554109573364258
2025-01-31,2.010493040084839
2025-02-03,1.946230173110962
2025-02-04,1.9370498657226562
2025-02-05,1.9554109573364258
2025-02-06,1.964591145515442
2025-02-07,1.964591145515442
2025-02-10,1.9186893701553345
2025-02-11,1.9095089435577393
2025-02-12,1.8911482095718384
2025-02-13,1.900328516960144
2025-02-14,1.9186893701553345
2025-02-17,1.946230173110962
2025-02-18,1.964591145515442
2025-02-19,1.9554109573364258
2025-02-20,1.9370498657226562
2025-02-21,1.964591145515442
2025-02-24,1.8819679021835327
2025-02-25,1.8544269800186157
2025-02-26,1.8544269800186157
2025-02-27,1.8727877140045166
2025-02-28,1.8544269800186157
2025-03-03,1.8544269800186157
2025-03-04,1.817705750465393
2025-03-05,1.7893778085708618
2025-03-06,1.7704925537109375
2025-03-07,1.7563287019729614
2025-03-10,1.7610498666763306
2025-03-11,1.7185581922531128
2025-03-12,1.699672818183899
2025-03-13,1.6666237115859985
2025-03-14,1.6619024276733398
2025-03-17,1.7043942213058472
2025-03-18,1.6855089664459229
2025-03-19,1.6619024276733398
2025-03-20,1.6949515342712402
2025-03-21,1.6949515342712402
2025-03-24,1.6713449954986572
2025-03-25,1.7043942213058472
2025-03-26,1.6949515342712402
2025-03-27,1.699672818183899
2025-03-28,1.7280008792877197
2025-03-31,1.6949515342712402
2025-04-01,1.6855089664459229
2025-04-02,1.6619024276733398
2025-04-03,1.7043942213058472
2025-04-04,1.6571810245513916
2025-04-07,1.5910826921463013
2025-04-08,1.6571810245513916
2025-04-09,1.5958040952682495
2025-04-10,1.6855089664459229
2025-04-11,1.6807876825332642
2025-04-14,1.713836908340454
2025-04-15,1.7940990924835205
2025-04-16,1.6807876825332642
2025-04-17,1.7091155052185059
2025-04-22,1.676066279411316
2025-04-23,1.7091155052185059
2025-04-24,1.699672818183899
2025-04-28,1.7280008792877197
2025-04-29,1.7374433279037476
2025-04-30,1.7516072988510132
2025-05-01,1.7752138376235962
2025-05-02,1.7799352407455444
2025-05-05,1.7610498666763306
2025-05-06,1.7468860149383545
2025-05-07,1.7940990924835205
2025-05-08,1.8035417795181274
2025-05-09,1.8318697214126587
2025-05-12,1.8177056312561035
2025-05-13,1.874361515045166
2025-05-14,1.8507550954818726
2025-05-15,1.8413124084472656
2025-05-16,1.8507550954818726
2025-05-19,1.8318697214126587
2025-05-20,1.8224270343780518
2025-05-21,1.8035417795181274
2025-05-22,1.7988204956054688
2025-05-23,1.7988204956054688
2025-05-26,1.7704925537109375
2025-05-27,1.7468860149383545
2025-05-28,1.7563287019729614
2025-05-29,1.7610498666763306
2025-05-30,1.7940990924835205
2025-06-02,1.7468860149383545
2025-06-03,1.7468860149383545
2025-06-04,1.7752138376235962
2025-06-05,1.7704925537109375
2025-06-06,1.7421646118164062
2025-06-10,1.7421646118164062
2025-06-11,1.699672818183899
2025-06-12,1.7043942213058472
2025-06-13,1.2841973304748535
2025-06-16,1.2747546434402466
2025-06-17,1.2889187335968018
2025-06-18,1.227541446685791
2025-06-19,1.2180988788604736
2025-06-20,1.2653120756149292
2025-06-23,1.2605907917022705
2025-06-24,1.2605907917022705
2025-06-25,1.2841973304748535
2025-06-26,1.2889187335968018
2025-06-27,1.3125252723693848
2025-06-30,1.317246437072754
2025-07-01,1.3314104080200195
2025-07-02,1.3219677209854126
2025-07-03,1.3314104080200195
2025-07-04,1.3691809177398682
2025-07-07,1.4069515466690063
2025-07-08,1.402230143547058
2025-07-09,1.4258366823196411
2025-07-10,1.4258366823196411
2025-07-11,1.4258366823196411
2025-07-14,1.4163941144943237
2025-07-15,1.4116727113723755
2025-07-16,1.4116727113723755
2025-07-17,1.4163941144943237
2025-07-18,1.4305580854415894
2025-07-21,1.402230143547058
2025-07-22,1.4211153984069824
2025-07-23,1.4069515466690063
2025-07-24,1.4116727113723755
2025-07-25,1.4116727113723755
2025-07-28,1.4352792501449585
2025-07-29,1.3975088596343994
2025-07-30,1.4069515466690063
2025-07-31,1.4069515466690063
2025-08-01,1.4116727113723755
2025-08-04,1.3833448886871338
2025-08-05,1.4069515466690063
2025-08-06,1.3975088596343994
2025-08-07,1.4352792501449585
2025-08-08,1.4305580854415894
2025-08-11,1.4069515466690063
2025-08-12,1.4352792501449585
2025-08-13,1.4258366823196411
2025-08-14,1.4447219371795654
2025-08-15,1.4777711629867554
2025-08-18,1.458885908126831
2025-08-19,1.482492446899414
2025-08-20,1.4966564178466797
2025-08-21,1.5674761533737183
2025-08-22,1.2889187335968018
2025-08-25,1.4069515466690063
2025-08-26,1.3739023208618164
2025-08-27,1.3452792167663574
2025-08-28,1.3261973857879639
2025-08-29,1.3548201322555542
2025-09-01,1.335738182067871
2025-09-02,1.3214268684387207
2025-09-03,1.2737219333648682
2025-09-04,1.2784924507141113
2025-09-05,1.3023449182510376
2025-09-08,1.3071154356002808
2025-09-09,1.2832629680633545
2025-09-10,1.2784924507141113
2025-09-11,1.2594105005264282
2025-09-12,1.254639983177185
2025-09-15,1.2832629680633545
2025-09-16,1.2928038835525513
2025-09-17,1.2928038835525513
2025-09-18,1.2975744009017944
2025-09-19,1.3118858337402344
2025-09-22,1.2975744009017944
2025-09-23,1.2784924507141113
2025-09-24,1.2737219333648682
2025-09-25,1.2594105005264282
2025-09-26,1.268951416015625
2025-09-29,1.2498693466186523
2025-09-30,1.2594105005264282
2025-10-01,1.254639983177185
2025-10-02,1.2832629680633545
2025-10-03,1.3023449182510376
2025-10-06,1.2928038835525513
2025-10-07,1.2641808986663818
2025-10-08,1.2498693466186523
2025-10-09,1.2594105005264282
2025-10-10,1.2737219333648682
2025-10-13,1.2450988292694092
2025-10-14,1.2498693466186523
2025-10-15,1.254639983177185
2025-10-16,1.2594105005264282
2025-10-17,1.240328311920166
2025-10-20,1.221246361732483
2025-10-21,1.226016879081726
2025-10-22,1.226016879081726
2025-10-23,1.254639983177185
2025-10-24,1.2594105005264282
2025-10-27,1.254639983177185
2025-10-28,1.2594105005264282
2025-10-29,1.254639983177185
2025-10-30,1.2355579137802124
2025-10-31,1.221246361732483
2025-11-03,1.206934928894043
2025-11-04,1.1878530979156494
2025-11-05,1.1687710285186768
2025-11-06,1.17354154586792
2025-11-07,1.1401481628417969
2025-11-10,1.15923011302948
2025-11-11,1.15923011302948
2025-11-12,1.1687710285186768
2025-11-13,1.1687710285186768
2025-11-14,1.1544595956802368
2025-11-17,1.17354154586792
2025-11-18,1.1210659742355347
2025-11-19,1.1258364915847778
2025-11-20,1.1449185609817505
2025-11-21,0.9684102535247803
2025-11-24,0.9254758358001709
2025-11-25,0.9111643433570862
2025-11-26,0.9874922037124634
2025-11-27,0.9445578455924988
2025-11-28,0.9588692784309387
2025-12-01,0.9588692784309387
2025-12-02,0.9684102535247803
2025-12-03,0.9636397361755371
2025-12-04,0.9207053184509277
2025-12-05,0.9159348011016846
2025-12-08,0.906393826007843
2025-12-09,0.8873118758201599
2025-12-10,0.87300044298172
2025-12-11,0.8777708411216736
2025-12-12,0.87300044298172
2025-12-15,0.8825413584709167
2025-12-16,0.8682299256324768
2025-12-17,0.8634594082832336
2025-12-18,0.87300044298172
2025-12-19,0.8873118758201599
2025-12-22,0.9159348011016846
2025-12-23,0.9111643433570862
2025-12-24,0.9111643433570862
2025-12-29,0.8920823335647583
2025-12-30,0.8968528509140015
2025-12-31,0.9016233086585999
2026-01-02,0.9016233086585999
2026-01-05,0.8920823335647583
2026-01-06,0.8777708411216736
2026-01-07,0.8968528509140015
2026-01-08,0.8968528509140015
2026-01-09,0.906393826007843
2026-01-12,0.906393826007843
2026-01-13,0.8873118758201599
2026-01-14,0.8920823335647583
2026-01-15,0.8873118758201599
2026-01-16,0.8920823335647583
2026-01-19,0.8920823335647583
2026-01-20,0.906393826007843
2026-01-21,0.87300044298172
2026-01-22,0.9016233086585999
2026-01-23,0.9016233086585999
2026-01-27,0.8873118758201599
2026-01-28,0.8777708411216736
2026-01-29,0.8777708411216736
2026-01-30,0.8825413584709167
2026-02-02,0.8825413584709167
2026-02-03,0.8825413584709167
2026-02-04,0.8682299256324768
2026-02-05,0.9016233086585999
2026-02-06,0.87300044298172
2026-02-09,0.87300044298172
2026-02-10,0.8682299256324768
2026-02-11,0.8920823335647583
2026-02-12,0.8634594082832336
2026-02-13,0.8443773984909058
2026-02-16,0.8396069407463074
2026-02-17,0.8396069407463074
2026-02-18,0.8586888909339905
2026-02-19,0.8443773984909058
2026-02-20,0.8396069407463074
2026-02-23,0.8300659656524658
2026-02-24,0.7919020056724548
2026-02-25,0.9493282437324524
2026-02-26,1.111525058746338
2026-02-27,1.1067545413970947
2026-03-02,1.0590496063232422
2026-03-03,1.0123629570007324
2026-03-04,0.987791121006012
2026-03-05,1.0074485540390015
2026-03-06,1.0074485540390015
2026-03-09,0.9632192254066467
2026-03-10,0.982876718044281
2026-03-11,0.9337328672409058
2026-03-12,0.8698458671569824
2026-03-13,0.840359628200531
2026-03-16,0.8452739715576172
2026-03-17,0.8845890164375305
2026-03-18,0.8845890164375305
2026-03-19,0.8649315237998962
2026-03-20,0.7617294192314148
2026-03-23,0.7666438221931458
2026-03-24,0.7715582251548767
2026-03-25,0.7863013744354248
2026-03-26,0.7764726281166077
2026-03-27,0.7568150758743286
2026-03-30,0.7076712846755981
2026-03-31,0.7322431802749634
2026-04-01,0.7420719265937805
2026-04-02,0.7027568221092224
2026-04-07,0.7224143743515015
2026-04-08,0.7125856280326843
2026-04-09,0.6978424191474915
2026-04-10,0.6634417772293091
2026-04-13,0.6781849265098572
2026-04-14,0.6781849265098572
2026-04-15,0.673270583152771
2026-04-16,0.66835618019104
2026-04-17,0.6536130309104919
2026-04-20,0.6634417772293091
2026-04-21,0.6634417772293091
2026-04-22,0.6339554786682129
2026-04-23,0.6093835830688477
2026-04-24,0.6142979264259338
2026-04-27,0.6339554786682129
2026-04-28,0.6192123293876648
2026-04-29,0.6093835830688477
2026-04-30,0.6044691801071167
2026-05-01,0.6093835830688477
2026-05-04,0.5307534337043762
2026-05-05,0.5160102248191833
2026-05-06,0.5356678366661072
2026-05-07,0.5454965829849243
2026-05-08,0.5602397322654724
2026-05-11,0.5504109859466553
2026-05-12,0.5504109859466553
2026-05-13,0.5602397322654724
2026-05-14,0.5504109859466553
2026-05-15,0.5553253293037415
2026-05-18,0.5553253293037415
2026-05-19,0.5553253293037415
2026-05-20,0.5405821800231934
2026-05-21,0.5307534337043762
2026-05-22,0.5405821800231934
2026-05-25,0.5504109859466553
2026-05-26,0.5454965829849243
2026-05-27,0.5553253293037415
2026-05-28,0.5602397322654724
2026-05-29,0.5700684785842896
2026-06-01,0.6044691801071167
2026-06-02,0.5651540756225586
2026-06-03,0.5454965829849243
2026-06-04,0.5553253293037415
2026-06-05,0.5798972249031067
2026-06-09,0.5946404337882996
2026-06-10,0.6339554786682129
2026-06-11,0.6388698220252991
2026-06-12,0.6388698220252991
2026-06-15,0.7371575236320496
2026-06-16,0.7224143743515015
2026-06-17,0.7371575236320496
2026-06-18,0.7273287773132324
2026-06-19,0.7273287773132324
2026-06-22,0.7322431802749634
2026-06-23,0.6880136728286743
2026-06-24,0.6880136728286743
2026-06-25,0.7076712846755981
2026-06-26,0.6978424191474915
2026-06-29,0.6978424191474915
2026-06-30,0.6978424191474915
2026-07-01,0.7125856280326843
2026-07-02,0.7125856280326843
2026-07-03,0.7125856280326843
2026-07-06,0.7125856280326843
2026-07-07,0.7076712846755981
2026-07-08,0.7125856280326843
2026-07-09,0.7076712846755981
2026-07-10,0.7027568221092224
2026-07-13,0.6978424191474915
2026-07-14,0.7125856280326843
2026-07-15,0.7027568221092224
2026-07-16,0.7273287773132324
2026-07-17,0.7027568221092224
2026-07-20,0.7125856280326843
2026-07-21,0.7371575236320496
2026-07-22,0.7125856280326843
2026-07-23,0.7125856280326843
2026-07-24,0.7027568221092224
2026-07-27,0.7076712846755981
2026-07-28,0.7027568221092224
2026-07-29,0.7125856280326843
2026-07-30,0.6978424191474915
2026-07-31,0.6830993294715881
2026-08-03,0.6978424191474915
2026-08-04,0.6978424191474915
2026-08-05,0.6880136728286743
2026-08-06,0.6978424191474915
2026-08-07,0.7027568221092224
2026-08-10,0.7027568221092224
2026-08-11,0.6929280757904053
2026-08-12,0.66835618019104
2026-08-13,0.6585274338722229
2026-08-14,0.6634417772293091
2026-08-17,0.66835618019104
2026-08-18,0.6929280757904053
2026-08-19,0.6880136728286743
2026-08-20,0.7764726281166077
2026-08-21,0.7125856280326843
2026-08-24,0.6978424191474915
2026-08-25,0.7175000309944153
2026-08-26,0.7250000238418579
2026-08-27,0.7300000190734863
2026-08-28,0.7300000190734863
