Date,close
2005-06-09,0.9410043954849243
2005-06-10,0.9598239064216614
2005-06-14,0.9786443710327148
2005-06-15,0.9660976529121399
2005-06-16,0.9472777247428894
2005-06-17,0.9472777247428894
2005-06-20,0.9472777247428894
2005-06-21,0.9472777247428894
2005-06-22,0.9410043954849243
2005-06-23,0.9159109592437744
2005-06-24,0.9159109592437744
2005-06-27,0.8908176422119141
2005-06-28,0.9159109592437744
2005-06-29,0.934731125831604
2005-06-30,0.934731125831604
2005-07-01,0.9410043954849243
2005-07-04,0.9410043954849243
2005-07-05,0.934731125831604
2005-07-06,0.9410043954849243
2005-07-07,0.934731125831604
2005-07-08,0.9284576773643494
2005-07-11,0.934731125831604
2005-07-12,0.934731125831604
2005-07-13,0.9221843481063843
2005-07-14,0.9284576773643494
2005-07-15,0.9221843481063843
2005-07-18,0.9284576773643494
2005-07-19,0.9284576773643494
2005-07-20,0.9221843481063843
2005-07-21,0.9159109592437744
2005-07-22,0.9159109592437744
2005-07-25,0.9159109592437744
2005-07-26,0.9096375107765198
2005-07-27,0.9159109592437744
2005-07-28,0.934731125831604
2005-07-29,0.9535509943962097
2005-08-01,0.9535509943962097
2005-08-02,0.9535509943962097
2005-08-03,0.9535509943962097
2005-08-04,0.9535509943962097
2005-08-05,0.9598239064216614
2005-08-08,0.9472777247428894
2005-08-09,0.9535509943962097
2005-08-10,0.9535509943962097
2005-08-11,0.9535509943962097
2005-08-12,0.9535509943962097
2005-08-15,0.9535509943962097
2005-08-16,0.9472777247428894
2005-08-17,0.9535509943962097
2005-08-18,0.9598239064216614
2005-08-19,0.9660976529121399
2005-08-22,0.9660976529121399
2005-08-23,0.9660976529121399
2005-08-24,0.9911912083625793
2005-08-25,0.9786443710327148
2005-08-26,0.9786443710327148
2005-08-29,0.9786443710327148
2005-08-30,0.9723708629608154
2005-08-31,0.9723708629608154
2005-09-01,0.9723708629608154
2005-09-02,0.9911912083625793
2005-09-05,0.9911912083625793
2005-09-06,0.9911912083625793
2005-09-07,1.0037380456924438
2005-09-08,1.0037380456924438
2005-09-09,1.0037380456924438
2005-09-12,1.0037380456924438
2005-09-13,1.0037380456924438
2005-09-14,1.016284465789795
2005-09-15,1.0351048707962036
2005-09-16,1.0539250373840332
2005-09-19,1.0476514101028442
2005-09-20,1.0413782596588135
2005-09-21,1.0413782596588135
2005-09-22,1.0539250373840332
2005-09-23,1.0539250373840332
2005-09-26,1.0727447271347046
2005-09-27,1.0727447271347046
2005-09-28,1.0727447271347046
2005-09-29,1.079017996788025
2005-09-30,1.085291862487793
2005-10-03,1.0539250373840332
2005-10-04,1.0664715766906738
2005-10-05,1.0413782596588135
2005-10-06,1.0413782596588135
2005-10-07,1.0225579738616943
2005-10-10,1.016284465789795
2005-10-11,1.0037380456924438
2005-10-12,1.0288312435150146
2005-10-13,1.0413782596588135
2005-10-14,1.0413782596588135
2005-10-17,1.0225579738616943
2005-10-18,1.016284465789795
2005-10-19,1.0225579738616943
2005-10-20,1.0288312435150146
2005-10-21,1.0037380456924438
2005-10-24,1.016284465789795
2005-10-25,1.0288312435150146
2005-10-26,1.016284465789795
2005-10-27,1.016284465789795
2005-10-28,1.0100111961364746
2005-10-31,1.016284465789795
2005-11-01,1.0288312435150146
2005-11-02,1.0288312435150146
2005-11-03,1.0288312435150146
2005-11-04,1.0288312435150146
2005-11-07,1.0288312435150146
2005-11-08,1.0288312435150146
2005-11-09,1.0413782596588135
2005-11-10,1.016284465789795
2005-11-11,1.0288312435150146
2005-11-14,1.0288312435150146
2005-11-15,1.0413782596588135
2005-11-16,1.0413782596588135
2005-11-17,1.0539250373840332
2005-11-18,1.0539250373840332
2005-11-21,1.079017996788025
2005-11-22,1.079017996788025
2005-11-23,1.079017996788025
2005-11-24,1.0915647745132446
2005-11-25,1.1354786157608032
2005-11-28,1.1166588068008423
2005-11-29,1.1041117906570435
2005-11-30,1.1041117906570435
2005-12-01,1.0915647745132446
2005-12-02,1.079017996788025
2005-12-05,1.079017996788025
2005-12-06,1.085291862487793
2005-12-07,1.085291862487793
2005-12-08,1.0915647745132446
2005-12-09,1.0915647745132446
2005-12-12,1.0915647745132446
2005-12-13,1.0915647745132446
2005-12-14,1.097838282585144
2005-12-15,1.1166588068008423
2005-12-16,1.1166588068008423
2005-12-19,1.1041117906570435
2005-12-20,1.1103851795196533
2005-12-21,1.1292052268981934
2005-12-22,1.178027868270874
2005-12-23,1.178027868270874
2005-12-28,1.178027868270874
2005-12-29,1.1911170482635498
2005-12-30,1.2042064666748047
2006-01-03,1.1911170482635498
2006-01-04,1.1911170482635498
2006-01-05,1.1911170482635498
2006-01-06,1.2042064666748047
2006-01-09,1.1911170482635498
2006-01-10,1.1976618766784668
2006-01-11,1.2500183582305908
2006-01-12,1.243473768234253
2006-01-13,1.243473768234253
2006-01-16,1.243473768234253
2006-01-17,1.243473768234253
2006-01-18,1.2172954082489014
2006-01-19,1.2172954082489014
2006-01-20,1.243473768234253
2006-01-23,1.243473768234253
2006-01-24,1.243473768234253
2006-01-25,1.2042064666748047
2006-01-27,1.2303844690322876
2006-01-30,1.2042064666748047
2006-01-31,1.2172954082489014
2006-02-01,1.2172954082489014
2006-02-02,1.2042064666748047
2006-02-03,1.2042064666748047
2006-02-06,1.2369292974472046
2006-02-07,1.2042064666748047
2006-02-08,1.2303844690322876
2006-02-09,1.223840594291687
2006-02-10,1.223840594291687
2006-02-13,1.243473768234253
2006-02-14,1.2500183582305908
2006-02-15,1.2500183582305908
2006-02-16,1.3089195489883423
2006-02-17,1.3089195489883423
2006-02-20,1.2827417850494385
2006-02-21,1.2696523666381836
2006-02-22,1.243473768234253
2006-02-23,1.2565630674362183
2006-02-24,1.2827417850494385
2006-02-27,1.2827417850494385
2006-02-28,1.2827417850494385
2006-03-01,1.2631078958511353
2006-03-02,1.2696523666381836
2006-03-03,1.2761973142623901
2006-03-06,1.2827417850494385
2006-03-07,1.2827417850494385
2006-03-08,1.3350987434387207
2006-03-09,1.3089195489883423
2006-03-10,1.2827417850494385
2006-03-13,1.2827417850494385
2006-03-14,1.2892861366271973
2006-03-15,1.3089195489883423
2006-03-16,1.2827417850494385
2006-03-17,1.3089195489883423
2006-03-20,1.2958306074142456
2006-03-21,1.3089195489883423
2006-03-22,1.2958306074142456
2006-03-23,1.2958306074142456
2006-03-24,1.2958306074142456
2006-03-27,1.3089195489883423
2006-03-28,1.3743661642074585
2006-03-29,1.3350987434387207
2006-03-30,1.3612769842147827
2006-03-31,1.3547320365905762
2006-04-03,1.439812183380127
2006-04-04,1.4267224073410034
2006-04-05,1.439812183380127
2006-04-06,1.439812183380127
2006-04-07,1.4529012441635132
2006-04-10,1.4529012441635132
2006-04-11,1.505257487297058
2006-04-12,1.49216890335083
2006-04-13,1.49216890335083
2006-04-18,1.49216890335083
2006-04-19,1.439812183380127
2006-04-20,1.4529012441635132
2006-04-21,1.4529012441635132
2006-04-24,1.4529012441635132
2006-04-26,1.5445256233215332
2006-04-27,1.5314362049102783
2006-04-28,1.5183475017547607
2006-05-01,1.5183475017547607
2006-05-02,1.505257487297058
2006-05-03,1.505257487297058
2006-05-04,1.505257487297058
2006-05-05,1.505257487297058
2006-05-08,1.4659900665283203
2006-05-09,1.4659900665283203
2006-05-10,1.505257487297058
2006-05-11,1.505257487297058
2006-05-12,1.4987136125564575
2006-05-15,1.4987136125564575
2006-05-16,1.4987136125564575
2006-05-17,1.4332678318023682
2006-05-18,1.4332678318023682
2006-05-19,1.4332678318023682
2006-05-22,1.505257487297058
2006-05-23,1.4267224073410034
2006-05-24,1.4267224073410034
2006-05-25,1.4136333465576172
2006-05-26,1.4136333465576172
2006-05-29,1.387454867362976
2006-05-30,1.3612769842147827
2006-05-31,1.387454867362976
2006-06-01,1.4005447626113892
2006-06-02,1.49216890335083
2006-06-05,1.4136333465576172
2006-06-06,1.4005447626113892
2006-06-07,1.387454867362976
2006-06-08,1.4070888757705688
2006-06-09,1.4005447626113892
2006-06-13,1.3743661642074585
2006-06-14,1.3743661642074585
2006-06-15,1.4136333465576172
2006-06-16,1.7408638000488281
2006-06-19,1.7408638000488281
2006-06-20,1.688507080078125
2006-06-21,1.688507080078125
2006-06-22,1.688507080078125
2006-06-23,1.7015960216522217
2006-06-26,1.7277737855911255
2006-06-27,1.7146849632263184
2006-06-28,1.7015960216522217
2006-06-29,1.753952980041504
2006-06-30,1.7670414447784424
2006-07-03,1.7277737855911255
2006-07-04,1.7408638000488281
2006-07-05,1.753952980041504
2006-07-06,1.780131459236145
2006-07-07,1.7932202816009521
2006-07-10,1.819398283958435
2006-07-11,1.83248770236969
2006-07-12,1.845577359199524
2006-07-13,1.8586666584014893
2006-07-14,1.8586666584014893
2006-07-17,1.8586666584014893
2006-07-18,1.8717561960220337
2006-07-19,1.845577359199524
2006-07-20,1.9633800983428955
2006-07-21,1.8848447799682617
2006-07-24,1.8717561960220337
2006-07-25,1.83248770236969
2006-07-26,1.83248770236969
2006-07-27,1.845577359199524
2006-07-28,1.8259433507919312
2006-07-31,1.8390330076217651
2006-08-01,1.819398283958435
2006-08-02,1.8586666584014893
2006-08-03,1.845577359199524
2006-08-04,1.845577359199524
2006-08-07,1.8586666584014893
2006-08-08,1.845577359199524
2006-08-09,1.8586666584014893
2006-08-10,1.8979339599609375
2006-08-11,1.930656909942627
2006-08-14,1.9241125583648682
2006-08-15,1.930656909942627
2006-08-16,1.9633800983428955
2006-08-17,1.9502907991409302
2006-08-18,1.9895578622817993
2006-08-21,1.9895578622817993
2006-08-22,1.9895578622817993
2006-08-23,1.9895578622817993
2006-08-24,1.9633800983428955
2006-08-25,1.9633800983428955
2006-08-28,1.9502907991409302
2006-08-29,1.9502907991409302
2006-08-30,1.9437462091445923
2006-08-31,1.9372014999389648
2006-09-01,1.9699249267578125
2006-09-04,1.9764686822891235
2006-09-05,1.9764686822891235
2006-09-06,1.9961029291152954
2006-09-07,1.9895578622817993
2006-09-08,1.9633800983428955
2006-09-11,1.9502907991409302
2006-09-12,1.9241125583648682
2006-09-13,1.9241125583648682
2006-09-14,1.9110229015350342
2006-09-15,1.9110229015350342
2006-09-18,1.904478669166565
2006-09-19,1.9699249267578125
2006-09-20,2.0222816467285156
2006-09-21,2.0026473999023438
2006-09-22,1.9633800983428955
2006-09-25,2.0288259983062744
2006-09-26,2.0288259983062744
2006-09-27,2.0288259983062744
2006-09-28,2.055004358291626
2006-09-29,2.068093776702881
2006-10-02,2.0746383666992188
2006-10-03,2.055004358291626
2006-10-04,2.04191517829895
2006-10-05,2.061549425125122
2006-10-06,2.04191517829895
2006-10-09,2.107360601425171
2006-10-10,2.133540153503418
2006-10-11,2.133540153503418
2006-10-12,2.107360601425171
2006-10-13,2.100816488265991
2006-10-16,2.1204495429992676
2006-10-17,2.1204495429992676
2006-10-18,2.1204495429992676
2006-10-19,2.2906105518341064
2006-10-20,2.1597177982330322
2006-10-23,2.1597177982330322
2006-10-24,2.1466288566589355
2006-10-25,2.172806978225708
2006-10-26,2.1597177982330322
2006-10-27,2.1662631034851074
2006-10-30,2.1989853382110596
2006-10-31,2.172806978225708
2006-11-01,2.1662631034851074
2006-11-02,2.179351329803467
2006-11-03,2.1269948482513428
2006-11-06,2.1597177982330322
2006-11-07,2.172806978225708
2006-11-08,2.1662631034851074
2006-11-09,2.172806978225708
2006-11-10,2.2906105518341064
2006-11-13,2.2840652465820312
2006-11-14,2.356055974960327
2006-11-15,2.3298773765563965
2006-11-16,2.356055974960327
2006-11-17,2.3953239917755127
2006-11-20,2.3953239917755127
2006-11-21,2.3953239917755127
2006-11-22,2.421502113342285
2006-11-23,2.4345908164978027
2006-11-24,2.4738590717315674
2006-11-27,2.486948013305664
2006-11-28,2.486948013305664
2006-11-29,2.565483570098877
2006-11-30,2.6440181732177734
2006-12-01,2.6440181732177734
2006-12-04,2.617840051651001
2006-12-05,2.5785725116729736
2006-12-06,2.611295223236084
2006-12-07,2.604750633239746
2006-12-08,2.617840051651001
2006-12-11,2.630929470062256
2006-12-12,2.6440181732177734
2006-12-13,2.683285713195801
2006-12-14,2.748732566833496
2006-12-15,2.82726788520813
2006-12-18,2.814177989959717
2006-12-19,2.814177989959717
2006-12-20,2.8665356636047363
2006-12-21,2.876837730407715
2006-12-22,2.9437413215637207
2006-12-27,2.903599739074707
2006-12-28,2.903599739074707
2006-12-29,3.0240254402160645
2007-01-02,3.0240254402160645
2007-01-03,3.0106441974639893
2007-01-04,3.0106441974639893
2007-01-05,2.9437413215637207
2007-01-08,2.9437413215637207
2007-01-09,3.0106441974639893
2007-01-10,2.9437413215637207
2007-01-11,3.0374059677124023
2007-01-12,3.238114833831787
2007-01-15,3.2113540172576904
2007-01-16,3.2113540172576904
2007-01-17,3.2113540172576904
2007-01-18,3.2648766040802
2007-01-19,3.238114833831787
2007-01-22,3.251495838165283
2007-01-23,3.331780433654785
2007-01-24,3.305018663406372
2007-01-25,3.345160961151123
2007-01-29,3.331780433654785
2007-01-30,3.305018663406372
2007-01-31,3.2113540172576904
2007-02-01,3.238114833831787
2007-02-02,3.2648766040802
2007-02-05,3.291637659072876
2007-02-06,3.2782583236694336
2007-02-07,3.251495838165283
2007-02-08,3.2113540172576904
2007-02-09,3.2648766040802
2007-02-12,3.2782583236694336
2007-02-13,3.331780433654785
2007-02-14,3.2648766040802
2007-02-15,3.3183984756469727
2007-02-16,3.2782583236694336
2007-02-19,3.2782583236694336
2007-02-20,3.2648766040802
2007-02-21,3.345160961151123
2007-02-22,3.3719215393066406
2007-02-23,3.4789671897888184
2007-02-26,3.4522058963775635
2007-02-27,3.559251070022583
2007-02-28,3.773341655731201
2007-03-01,3.8803870677948
2007-03-02,3.8402445316314697
2007-03-05,3.6127729415893555
2007-03-06,3.7064385414123535
2007-03-07,3.639535427093506
2007-03-08,3.599391222000122
2007-03-09,3.733198404312134
2007-03-12,3.6930580139160156
2007-03-13,3.6662960052490234
2007-03-14,3.626154899597168
2007-03-15,3.6127729415893555
2007-03-16,3.6127729415893555
2007-03-19,3.599391222000122
2007-03-20,3.6127729415893555
2007-03-21,3.5458688735961914
2007-03-22,3.6127729415893555
2007-03-23,3.626154899597168
2007-03-26,3.626154899597168
2007-03-27,3.6127729415893555
2007-03-28,3.679676055908203
2007-03-29,3.7465803623199463
2007-03-30,3.719818115234375
2007-04-02,3.719818115234375
2007-04-03,3.719818115234375
2007-04-04,3.7465803623199463
2007-04-05,3.5324885845184326
2007-04-10,3.733198404312134
2007-04-11,3.719818115234375
2007-04-12,3.7064385414123535
2007-04-13,3.7064385414123535
2007-04-16,3.7064385414123535
2007-04-17,3.6127729415893555
2007-04-18,3.559251070022583
2007-04-19,3.626154899597168
2007-04-20,3.6930580139160156
2007-04-23,3.679676055908203
2007-04-24,3.6127729415893555
2007-04-26,3.7064385414123535
2007-04-27,3.6930580139160156
2007-04-30,3.6930580139160156
2007-05-01,3.626154899597168
2007-05-02,3.679676055908203
2007-05-03,3.6127729415893555
2007-05-04,3.639535427093506
2007-05-07,3.6529152393341064
2007-05-08,3.586012363433838
2007-05-09,3.6127729415893555
2007-05-10,3.6127729415893555
2007-05-11,3.719818115234375
2007-05-14,3.733198404312134
2007-05-15,3.6127729415893555
2007-05-16,3.6930580139160156
2007-05-17,3.679676055908203
2007-05-18,3.5458688735961914
2007-05-21,3.599391222000122
2007-05-22,3.519108295440674
2007-05-23,3.599391222000122
2007-05-24,3.572632074356079
2007-05-25,3.559251070022583
2007-05-28,3.6127729415893555
2007-05-29,3.6662960052490234
2007-05-30,3.7064385414123535
2007-05-31,3.8803870677948
2007-06-01,3.8803870677948
2007-06-04,4.12123966217041
2007-06-05,4.12123966217041
2007-06-06,4.081096172332764
2007-06-07,4.081096172332764
2007-06-08,4.081096172332764
2007-06-12,4.014193058013916
2007-06-13,3.9472899436950684
2007-06-14,3.8937668800354004
2007-06-15,3.9740519523620605
2007-06-18,3.933908700942993
2007-06-19,3.907146692276001
2007-06-20,3.9472899436950684
2007-06-21,3.907146692276001
2007-06-22,3.9472899436950684
2007-06-25,3.8200020790100098
2007-06-26,3.724500894546509
2007-06-27,3.8200020790100098
2007-06-28,3.724500894546509
2007-06-29,3.8745739459991455
2007-07-02,3.738144874572754
2007-07-03,3.738144874572754
2007-07-04,3.6699283123016357
2007-07-05,3.765430212020874
2007-07-06,3.6835734844207764
2007-07-09,3.710857629776001
2007-07-10,3.656287670135498
2007-07-11,3.9700734615325928
2007-07-12,3.929145574569702
2007-07-13,3.915501356124878
2007-07-16,3.888214111328125
2007-07-17,3.8745739459991455
2007-07-18,3.8200020790100098
2007-07-19,3.8336451053619385
2007-07-20,3.915501356124878
2007-07-23,3.956430435180664
2007-07-24,3.956430435180664
2007-07-25,3.9427881240844727
2007-07-26,3.915501356124878
2007-07-27,3.956430435180664
2007-07-30,3.8745739459991455
2007-07-31,3.8745739459991455
2007-08-01,3.888214111328125
2007-08-02,3.860929489135742
2007-08-03,3.915501356124878
2007-08-06,3.929145574569702
2007-08-07,3.929145574569702
2007-08-08,3.9427881240844727
2007-08-09,3.9427881240844727
2007-08-10,3.888214111328125
2007-08-13,3.888214111328125
2007-08-14,3.901860237121582
2007-08-15,3.656287670135498
2007-08-16,3.6426444053649902
2007-08-17,3.560786247253418
2007-08-20,3.847287178039551
2007-08-21,3.738144874572754
2007-08-22,3.8200020790100098
2007-08-23,3.8200020790100098
2007-08-24,3.792714834213257
2007-08-27,3.8745739459991455
2007-08-28,3.8336451053619385
2007-08-29,3.806359052658081
2007-08-30,3.8200020790100098
2007-08-31,3.765430212020874
2007-09-03,3.8200020790100098
2007-09-04,3.806359052658081
2007-09-05,3.806359052658081
2007-09-06,3.792714834213257
2007-09-07,3.8200020790100098
2007-09-10,3.765430212020874
2007-09-11,3.8336451053619385
2007-09-12,3.9427881240844727
2007-09-13,3.8336451053619385
2007-09-14,3.9427881240844727
2007-09-17,3.901860237121582
2007-09-18,3.915501356124878
2007-09-19,3.929145574569702
2007-09-20,3.915501356124878
2007-09-21,3.9427881240844727
2007-09-24,3.956430435180664
2007-09-25,3.983715772628784
2007-09-26,3.956430435180664
2007-09-27,3.915501356124878
2007-09-28,3.9427881240844727
2007-10-01,3.915501356124878
2007-10-02,4.03828763961792
2007-10-03,4.161073684692383
2007-10-04,4.051930904388428
2007-10-05,3.915501356124878
2007-10-08,3.9427881240844727
2007-10-09,3.8336451053619385
2007-10-10,4.051930904388428
2007-10-11,4.065572261810303
2007-10-12,4.0792155265808105
2007-10-15,4.133787155151367
2007-10-16,4.242929935455322
2007-10-17,4.297502517700195
2007-10-18,4.25657320022583
2007-10-19,4.229288101196289
2007-10-22,4.065572261810303
2007-10-23,4.10650110244751
2007-10-24,4.215643405914307
2007-10-25,4.174715518951416
2007-10-26,4.161073684692383
2007-10-29,4.202003479003906
2007-10-30,4.161073684692383
2007-10-31,4.161073684692383
2007-11-01,4.229288101196289
2007-11-02,4.147428512573242
2007-11-05,4.147428512573242
2007-11-06,4.147428512573242
2007-11-07,4.161073684692383
2007-11-08,4.133787155151367
2007-11-09,4.215643405914307
2007-11-12,4.0792155265808105
2007-11-13,3.929145574569702
2007-11-14,4.0792155265808105
2007-11-15,3.956430435180664
2007-11-16,3.956430435180664
2007-11-19,4.024644374847412
2007-11-20,3.997359275817871
2007-11-21,3.915501356124878
2007-11-22,3.8200020790100098
2007-11-23,3.847287178039551
2007-11-26,3.806359052658081
2007-11-27,3.738144874572754
2007-11-28,3.697216510772705
2007-11-29,3.601714849472046
2007-11-30,3.6426444053649902
2007-12-03,3.888214111328125
2007-12-04,3.6835734844207764
2007-12-05,3.710857629776001
2007-12-06,3.697216510772705
2007-12-07,3.9427881240844727
2007-12-10,3.8200020790100098
2007-12-11,3.806359052658081
2007-12-12,3.738144874572754
2007-12-13,3.615356922149658
2007-12-14,3.4107162952423096
2007-12-17,3.23335862159729
2007-12-18,3.083287000656128
2007-12-19,3.601714849472046
2007-12-20,3.5880727767944336
2007-12-21,3.3127124309539795
2007-12-24,3.410554885864258
2007-12-27,3.6761326789855957
2007-12-28,3.494422674179077
2007-12-31,3.48044490814209
2008-01-02,3.3127124309539795
2008-01-03,3.242823362350464
2008-01-04,3.256800889968872
2008-01-07,3.242823362350464
2008-01-08,3.21486759185791
2008-01-09,3.1449782848358154
2008-01-10,3.0052027702331543
2008-01-11,2.739626884460449
2008-01-14,2.669739007949829
2008-01-15,2.5159833431243896
2008-01-16,2.418139696121216
2008-01-17,2.376206874847412
2008-01-18,2.320295572280884
2008-01-21,2.2923407554626465
2008-01-22,2.096653699874878
2008-01-23,1.998809814453125
2008-01-24,2.0267648696899414
2008-01-25,2.3552405834198
2008-01-29,2.2364304065704346
2008-01-30,2.1455743312835693
2008-01-31,2.215463638305664
2008-02-01,2.320295572280884
2008-02-04,2.3622286319732666
2008-02-05,2.3342738151550293
2008-02-06,2.306318521499634
2008-02-07,2.208474636077881
2008-02-08,2.208474636077881
2008-02-11,2.1036417484283447
2008-02-12,2.159553289413452
2008-02-13,2.1665408611297607
2008-02-14,2.096653699874878
2008-02-15,2.110631227493286
2008-02-18,2.0407421588897705
2008-02-19,2.152564525604248
2008-02-20,2.152564525604248
2008-02-21,2.152564525604248
2008-02-22,2.0267648696899414
2008-02-25,2.1036417484283447
2008-02-26,2.159553289413452
2008-02-27,2.1944961547851562
2008-02-28,2.1805193424224854
2008-02-29,2.061708927154541
2008-03-03,1.9149430990219116
2008-03-04,1.9359105825424194
2008-03-05,1.8869876861572266
2008-03-06,1.8450548648834229
2008-03-07,1.8101106882095337
2008-03-10,1.80312180519104
2008-03-11,1.6773231029510498
2008-03-12,1.607433795928955
2008-03-13,1.5934560298919678
2008-03-14,1.628400206565857
2008-03-17,1.4816349744796753
2008-03-18,1.5445349216461182
2008-03-19,1.6144230365753174
2008-03-20,1.5655008554458618
2008-03-25,1.6913000345230103
2008-03-26,1.9428975582122803
2008-03-27,1.9568761587142944
2008-03-28,1.928921103477478
2008-03-31,1.9568761587142944
2008-04-01,1.9708541631698608
2008-04-02,2.082674980163574
2008-04-03,2.1805193424224854
2008-04-04,2.264385461807251
2008-04-07,2.306318521499634
2008-04-08,2.222452402114868
2008-04-09,2.1875078678131104
2008-04-10,2.0896642208099365
2008-04-11,1.9149430990219116
2008-04-14,1.8380661010742188
2008-04-15,1.817098617553711
2008-04-16,1.9149430990219116
2008-04-17,1.9568761587142944
2008-04-18,1.9568761587142944
2008-04-21,1.9219318628311157
2008-04-22,1.9498871564865112
2008-04-23,1.9359105825424194
2008-04-24,1.9079543352127075
2008-04-28,1.928921103477478
2008-04-29,2.0057973861694336
2008-04-30,2.019775390625
2008-05-01,1.9568761587142944
2008-05-02,2.012786388397217
2008-05-05,2.0407421588897705
2008-05-06,1.9918208122253418
2008-05-07,1.9219318628311157
2008-05-08,1.9149430990219116
2008-05-09,1.8869876861572266
2008-05-12,1.817098617553711
2008-05-13,1.8799982070922852
2008-05-14,1.8799982070922852
2008-05-15,1.8869876861572266
2008-05-16,1.8799982070922852
2008-05-19,1.928921103477478
2008-05-20,2.047731637954712
2008-05-21,2.012786388397217
2008-05-22,1.9848321676254272
2008-05-23,1.9848321676254272
2008-05-26,1.998809814453125
2008-05-27,2.019775390625
2008-05-28,2.047731637954712
2008-05-29,2.068696975708008
2008-05-30,2.0337533950805664
2008-06-02,1.9568761587142944
2008-06-03,1.9848321676254272
2008-06-04,1.8939764499664307
2008-06-05,1.8869876861572266
2008-06-06,1.928921103477478
2008-06-10,1.8450548648834229
2008-06-11,1.7891439199447632
2008-06-12,1.6913000345230103
2008-06-13,1.628400206565857
2008-06-16,1.6563562154769897
2008-06-17,1.705277442932129
2008-06-18,1.5724891424179077
2008-06-19,1.523568034172058
2008-06-20,1.5655008554458618
2008-06-23,1.5095901489257812
2008-06-24,1.6031043529510498
2008-06-25,1.6105263233184814
2008-06-26,1.5882610082626343
2008-06-27,1.3359204530715942
2008-06-30,1.5659955739974976
2008-07-01,1.5214651823043823
2008-07-02,1.4620901346206665
2008-07-03,1.3730297088623047
2008-07-04,1.3804512023925781
2008-07-07,1.3656080961227417
2008-07-08,1.2468589544296265
2008-07-09,1.3878730535507202
2008-07-10,1.3730297088623047
2008-07-11,1.2691242694854736
2008-07-14,1.1281102895736694
2008-07-15,1.2023282051086426
2008-07-16,1.113267183303833
2008-07-17,1.194906234741211
2008-07-18,1.1874849796295166
2008-07-21,1.1874849796295166
2008-07-22,1.194906234741211
2008-07-23,1.3210772275924683
2008-07-24,1.3730297088623047
2008-07-25,1.3359204530715942
2008-07-28,1.2245938777923584
2008-07-29,1.1874849796295166
2008-07-30,1.306233525276184
2008-07-31,1.3952946662902832
2008-08-01,1.3359204530715942
2008-08-04,1.424981713294983
2008-08-05,1.3359204530715942
2008-08-06,1.3730297088623047
2008-08-07,1.2839677333831787
2008-08-08,1.2765462398529053
2008-08-11,1.2765462398529053
2008-08-12,1.4101381301879883
2008-08-13,1.3359204530715942
2008-08-14,1.3952946662902832
2008-08-15,1.4101381301879883
2008-08-18,1.3359204530715942
2008-08-19,1.2617024183273315
2008-08-20,1.2171716690063477
2008-08-21,1.142953872680664
2008-08-22,1.135532259941101
2008-08-25,1.2468589544296265
2008-08-26,1.172641634941101
2008-08-27,1.2245938777923584
2008-08-28,1.2320153713226318
2008-08-29,1.3210772275924683
2008-09-01,1.3581857681274414
2008-09-02,1.3878730535507202
2008-09-03,1.3952946662902832
2008-09-04,1.4472472667694092
2008-09-05,1.3952946662902832
2008-09-08,1.4101381301879883
2008-09-09,1.4620901346206665
2008-09-10,1.4101381301879883
2008-09-11,1.3952946662902832
2008-09-12,1.3804512023925781
2008-09-15,1.306233525276184
2008-09-16,1.2913893461227417
2008-09-17,1.3507641553878784
2008-09-18,1.306233525276184
2008-09-19,1.2765462398529053
2008-09-22,1.2617024183273315
2008-09-23,1.3359204530715942
2008-09-24,1.3210772275924683
2008-09-25,1.2913893461227417
2008-09-26,1.3210772275924683
2008-09-29,1.2468589544296265
2008-09-30,1.306233525276184
2008-10-01,1.2839677333831787
2008-10-02,1.2468589544296265
2008-10-03,1.2765462398529053
2008-10-06,1.2468589544296265
2008-10-07,1.1874849796295166
2008-10-08,1.1874849796295166
2008-10-09,1.135532259941101
2008-10-10,0.9796750545501709
2008-10-13,1.009361743927002
2008-10-14,0.9945186972618103
2008-10-15,0.8460829257965088
2008-10-16,0.7718652486801147
2008-10-17,0.8015519380569458
2008-10-20,0.8386614322662354
2008-10-21,0.8163958191871643
2008-10-22,0.6382731199264526
2008-10-23,0.6753817796707153
2008-10-24,0.6753817796707153
2008-10-27,0.6382731199264526
2008-10-28,0.6011638641357422
2008-10-29,0.5937424898147583
2008-10-30,0.6234294772148132
2008-10-31,0.6605386137962341
2008-11-03,0.6234294772148132
2008-11-04,0.6382731199264526
2008-11-05,0.6456946730613708
2008-11-06,0.608585774898529
2008-11-07,0.6160076260566711
2008-11-10,0.5640551447868347
2008-11-11,0.608585774898529
2008-11-12,0.667959988117218
2008-11-13,0.667959988117218
2008-11-14,0.667959988117218
2008-11-17,0.667959988117218
2008-11-18,0.6382731199264526
2008-11-19,0.608585774898529
2008-11-20,0.5566332936286926
2008-11-21,0.5343679785728455
2008-11-24,0.4972591698169708
2008-11-25,0.5121029019355774
2008-11-26,0.504680871963501
2008-11-27,0.45272862911224365
2008-11-28,0.44530680775642395
2008-12-01,0.4304630756378174
2008-12-02,0.4304630756378174
2008-12-03,0.4007759392261505
2008-12-04,0.40819767117500305
2008-12-05,0.37851086258888245
2008-12-08,0.3933544158935547
2008-12-09,0.3859326243400574
2008-12-10,0.40819767117500305
2008-12-11,0.4007759392261505
2008-12-12,0.41561949253082275
2008-12-15,0.3859326243400574
2008-12-16,0.4007759392261505
2008-12-17,0.3859326243400574
2008-12-18,0.41561949253082275
2008-12-19,0.4007759392261505
2008-12-22,0.44530680775642395
2008-12-23,0.46172329783439636
2008-12-24,0.46172329783439636
2008-12-29,0.4702737033367157
2008-12-30,0.4788241982460022
2008-12-31,0.4788241982460022
2009-01-02,0.4702737033367157
2009-01-05,0.4788241982460022
2009-01-06,0.5044757723808289
2009-01-07,0.5044757723808289
2009-01-08,0.5215766429901123
2009-01-09,0.5301271080970764
2009-01-12,0.5044757723808289
2009-01-13,0.5215766429901123
2009-01-14,0.49592509865760803
2009-01-15,0.49592509865760803
2009-01-16,0.5130261182785034
2009-01-19,0.5130261182785034
2009-01-20,0.48737475275993347
2009-01-21,0.48737475275993347
2009-01-22,0.46172329783439636
2009-01-23,0.4446226954460144
2009-01-27,0.3933197259902954
2009-01-28,0.41042083501815796
2009-01-29,0.4018702208995819
2009-01-30,0.4189712405204773
2009-02-02,0.4446226954460144
2009-02-03,0.42752161622047424
2009-02-04,0.4018702208995819
2009-02-05,0.3420172929763794
2009-02-06,0.3591182827949524
2009-02-09,0.3334667980670929
2009-02-10,0.3420172929763794
2009-02-11,0.3334667980670929
2009-02-12,0.3591182827949524
2009-02-13,0.3420172929763794
2009-02-16,0.3591182827949524
2009-02-17,0.3676687479019165
2009-02-18,0.3591182827949524
2009-02-19,0.3420172929763794
2009-02-20,0.3249163329601288
2009-02-23,0.307815283536911
2009-02-24,0.3420172929763794
2009-02-25,0.29071471095085144
2009-02-26,0.31636589765548706
2009-02-27,0.307815283536911
2009-03-02,0.2992652654647827
2009-03-03,0.2992652654647827
2009-03-04,0.307815283536911
2009-03-05,0.2821643352508545
2009-03-06,0.2821643352508545
2009-03-09,0.29071471095085144
2009-03-10,0.29071471095085144
2009-03-11,0.307815283536911
2009-03-12,0.307815283536911
2009-03-13,0.2992652654647827
2009-03-16,0.3847692608833313
2009-03-17,0.4018702208995819
2009-03-18,0.42752161622047424
2009-03-19,0.46172329783439636
2009-03-20,0.41042083501815796
2009-03-23,0.4189712405204773
2009-03-24,0.42752161622047424
2009-03-25,0.4788241982460022
2009-03-26,0.5130261182785034
2009-03-27,0.5130261182785034
2009-03-30,0.49592509865760803
2009-03-31,0.4788241982460022
2009-04-01,0.49592509865760803
2009-04-02,0.5557782053947449
2009-04-03,0.5301271080970764
2009-04-06,0.649833083152771
2009-04-07,0.6156311631202698
2009-04-08,0.564328670501709
2009-04-09,0.564328670501709
2009-04-14,0.5472276210784912
2009-04-15,0.6070809960365295
2009-04-16,0.6070809960365295
2009-04-17,0.6156311631202698
2009-04-20,0.649833083152771
2009-04-21,0.6327320337295532
2009-04-22,0.6241815090179443
2009-04-23,0.6070809960365295
2009-04-24,0.6156311631202698
2009-04-27,0.5985305309295654
2009-04-28,0.5985305309295654
2009-04-29,0.6070809960365295
2009-04-30,0.6327320337295532
2009-05-01,0.7182365655899048
2009-05-04,0.7524385452270508
2009-05-05,0.735337495803833
2009-05-06,0.7267870903015137
2009-05-07,0.7182365655899048
2009-05-08,0.6925850510597229
2009-05-11,0.6840349435806274
2009-05-12,0.701135516166687
2009-05-13,0.649833083152771
2009-05-14,0.6241815090179443
2009-05-15,0.6583834886550903
2009-05-18,0.649833083152771
2009-05-19,0.6583834886550903
2009-05-20,0.6840349435806274
2009-05-21,0.6583834886550903
2009-05-22,0.6327320337295532
2009-05-25,0.649833083152771
2009-05-26,0.6412824988365173
2009-05-27,0.6412824988365173
2009-05-28,0.7467225790023804
2009-05-29,0.7555077075958252
2009-06-01,0.8960674405097961
2009-06-02,0.8960674405097961
2009-06-03,0.9663472771644592
2009-06-04,0.9751320481300354
2009-06-05,1.0190571546554565
2009-06-09,1.054196834564209
2009-06-10,0.983917236328125
2009-06-11,0.9751320481300354
2009-06-12,0.9136370420455933
2009-06-15,0.8784971833229065
2009-06-16,0.8784971833229065
2009-06-17,0.8784971833229065
2009-06-18,0.9312072396278381
2009-06-19,1.0102719068527222
2009-06-22,0.9575623273849487
2009-06-23,0.9663472771644592
2009-06-24,1.0289804935455322
2009-06-25,1.0379284620285034
2009-06-26,0.9842424392700195
2009-06-29,0.948451817035675
2009-06-30,0.9305563569068909
2009-07-01,0.903713047504425
2009-07-02,0.903713047504425
2009-07-03,0.9126611351966858
2009-07-06,0.903713047504425
2009-07-07,0.8679226040840149
2009-07-08,0.841079831123352
2009-07-09,0.805289089679718
2009-07-10,0.7694984078407288
2009-07-13,0.7516033053398132
2009-07-14,0.805289089679718
2009-07-15,0.823184609413147
2009-07-16,0.8947655558586121
2009-07-17,0.8947655558586121
2009-07-20,0.921609103679657
2009-07-21,0.8858182430267334
2009-07-22,0.8500275611877441
2009-07-23,0.8321321606636047
2009-07-24,0.841079831123352
2009-07-27,0.8679226040840149
2009-07-28,0.8500275611877441
2009-07-29,0.8947655558586121
2009-07-30,0.8589746952056885
2009-07-31,0.8321321606636047
2009-08-03,0.8142368197441101
2009-08-04,0.8500275611877441
2009-08-05,0.8858182430267334
2009-08-06,0.8858182430267334
2009-08-07,0.841079831123352
2009-08-10,0.841079831123352
2009-08-11,0.8679226040840149
2009-08-12,0.8947655558586121
2009-08-13,0.8768702745437622
2009-08-14,0.8858182430267334
2009-08-17,0.8768702745437622
2009-08-18,0.8679226040840149
2009-08-19,0.8679226040840149
2009-08-20,0.8947655558586121
2009-08-21,0.8768702745437622
2009-08-24,0.8768702745437622
2009-08-25,0.8321321606636047
2009-08-26,0.8679226040840149
2009-08-27,0.948451817035675
2009-08-28,0.9663468599319458
2009-08-31,0.948451817035675
2009-09-01,0.975294828414917
2009-09-02,0.9573990106582642
2009-09-03,0.9663468599319458
2009-09-04,0.975294828414917
2009-09-07,1.0379284620285034
2009-09-08,1.0289804935455322
2009-09-09,1.0021377801895142
2009-09-10,1.0558233261108398
2009-09-11,1.0558233261108398
2009-09-14,1.0379284620285034
2009-09-15,1.0379284620285034
2009-09-16,1.1095094680786133
2009-09-17,1.1721434593200684
2009-09-18,1.1542476415634155
2009-09-21,1.1542476415634155
2009-09-22,1.1363524198532104
2009-09-23,1.1721434593200684
2009-09-24,1.1542476415634155
2009-09-25,1.145300030708313
2009-09-28,1.1184576749801636
2009-09-29,1.1005617380142212
2009-09-30,1.1274046897888184
2009-10-01,1.145300030708313
2009-10-02,1.1005617380142212
2009-10-05,1.0737189054489136
2009-10-06,1.1095094680786133
2009-10-07,1.1363524198532104
2009-10-08,1.1810909509658813
2009-10-09,1.1542476415634155
2009-10-12,1.1184576749801636
2009-10-13,1.1542476415634155
2009-10-14,1.1363524198532104
2009-10-15,1.1542476415634155
2009-10-16,1.1631951332092285
2009-10-19,1.1363524198532104
2009-10-20,1.1631951332092285
2009-10-21,1.145300030708313
2009-10-22,1.1363524198532104
2009-10-23,1.1631951332092285
2009-10-26,1.1631951332092285
2009-10-27,1.0826668739318848
2009-10-28,1.0200332403182983
2009-10-29,0.9663468599319458
2009-10-30,0.975294828414917
2009-11-02,1.0021377801895142
2009-11-03,1.0289804935455322
2009-11-04,1.0200332403182983
2009-11-05,0.993189811706543
2009-11-06,1.0200332403182983
2009-11-09,1.0916138887405396
2009-11-10,1.1184576749801636
2009-11-11,1.145300030708313
2009-11-12,1.1363524198532104
2009-11-13,1.1184576749801636
2009-11-16,1.1274046897888184
2009-11-17,1.1274046897888184
2009-11-18,1.145300030708313
2009-11-19,1.1095094680786133
2009-11-20,1.1005617380142212
2009-11-23,1.0826668739318848
2009-11-24,1.0826668739318848
2009-11-25,1.0737189054489136
2009-11-26,1.0737189054489136
2009-11-27,1.0647709369659424
2009-11-30,1.1095094680786133
2009-12-01,1.1005617380142212
2009-12-02,1.1005617380142212
2009-12-03,1.1274046897888184
2009-12-04,1.1095094680786133
2009-12-07,1.1095094680786133
2009-12-08,1.1095094680786133
2009-12-09,1.1005617380142212
2009-12-10,1.0916138887405396
2009-12-11,1.1184576749801636
2009-12-14,1.1542476415634155
2009-12-15,1.1989861726760864
2009-12-16,1.1989861726760864
2009-12-17,1.2079336643218994
2009-12-18,1.145300030708313
2009-12-21,1.1900380849838257
2009-12-22,1.2437243461608887
2009-12-23,1.282190203666687
2009-12-24,1.2913484573364258
2009-12-29,1.3005071878433228
2009-12-30,1.3005071878433228
2009-12-31,1.282190203666687
2010-01-04,1.2455564737319946
2010-01-05,1.3188241720199585
2010-01-06,1.2913484573364258
2010-01-07,1.282190203666687
2010-01-08,1.282190203666687
2010-01-11,1.3096660375595093
2010-01-12,1.3188241720199585
2010-01-13,1.2913484573364258
2010-01-14,1.2547149658203125
2010-01-15,1.2547149658203125
2010-01-18,1.2180805206298828
2010-01-19,1.172288179397583
2010-01-20,1.1906049251556396
2010-01-21,1.1906049251556396
2010-01-22,1.1814465522766113
2010-01-25,1.1448127031326294
2010-01-27,1.1173368692398071
2010-01-28,1.1997638940811157
2010-01-29,1.2089225053787231
2010-02-01,1.3462997674942017
2010-02-02,1.3188241720199585
2010-02-03,1.282190203666687
2010-02-04,1.2913484573364258
2010-02-05,1.282190203666687
2010-02-08,1.282190203666687
2010-02-09,1.3188241720199585
2010-02-10,1.3829337358474731
2010-02-11,1.3829349279403687
2010-02-12,1.3829349279403687
2010-02-15,1.309444546699524
2010-02-16,1.2813849449157715
2010-02-17,1.253325343132019
2010-02-18,1.234619379043579
2010-02-19,1.2159128189086914
2010-02-22,1.1972066164016724
2010-02-23,1.2720319032669067
2010-02-24,1.309444546699524
2010-02-25,1.309444546699524
2010-02-26,1.3187978267669678
2010-03-01,1.2720319032669067
2010-03-02,1.253325343132019
2010-03-03,1.2813849449157715
2010-03-04,1.2720319032669067
2010-03-05,1.2159128189086914
2010-03-08,1.234619379043579
2010-03-09,1.2813849449157715
2010-03-10,1.262679100036621
2010-03-11,1.2813849449157715
2010-03-12,1.253325343132019
2010-03-15,1.3000913858413696
2010-03-16,1.3000913858413696
2010-03-17,1.2907382249832153
2010-03-18,1.3187978267669678
2010-03-19,1.3281511068344116
2010-03-22,1.3375043869018555
2010-03-23,1.3375043869018555
2010-03-24,1.3281511068344116
2010-03-25,1.2907382249832153
2010-03-26,1.3468570709228516
2010-03-29,1.356210708618164
2010-03-30,1.3281511068344116
2010-03-31,1.3187978267669678
2010-04-01,1.3000913858413696
2010-04-06,1.309444546699524
2010-04-07,1.2813849449157715
2010-04-08,1.2813849449157715
2010-04-09,1.2907382249832153
2010-04-12,1.309444546699524
2010-04-13,1.356210708618164
2010-04-14,1.356210708618164
2010-04-15,1.3655635118484497
2010-04-16,1.3655635118484497
2010-04-19,1.3375043869018555
2010-04-20,1.3468570709228516
2010-04-21,1.3655635118484497
2010-04-22,1.356210708618164
2010-04-23,1.3655635118484497
2010-04-27,1.3842698335647583
2010-04-28,1.3936232328414917
2010-04-29,1.4216829538345337
2010-04-30,1.4310362339019775
2010-05-03,1.4778019189834595
2010-05-04,1.4403892755508423
2010-05-05,1.4123295545578003
2010-05-06,1.3655635118484497
2010-05-07,1.3281511068344116
2010-05-10,1.3281511068344116
2010-05-11,1.309444546699524
2010-05-12,1.309444546699524
2010-05-13,1.3187978267669678
2010-05-14,1.2813849449157715
2010-05-17,1.2439725399017334
2010-05-18,1.262679100036621
2010-05-19,1.234619379043579
2010-05-20,1.2159128189086914
2010-05-21,1.159793734550476
2010-05-24,1.187853217124939
2010-05-25,1.1317341327667236
2010-05-26,1.1130279302597046
2010-05-27,1.1223812103271484
2010-05-28,1.1785001754760742
2010-05-31,1.1785001754760742
2010-06-01,1.141087293624878
2010-06-02,1.141087293624878
2010-06-03,1.1972066164016724
2010-06-04,1.1972066164016724
2010-06-07,1.1130279302597046
2010-06-08,1.1504408121109009
2010-06-09,1.141087293624878
2010-06-10,1.187853217124939
2010-06-11,1.2159128189086914
2010-06-15,1.206559419631958
2010-06-16,1.206559419631958
2010-06-17,1.187853217124939
2010-06-18,1.1972066164016724
2010-06-21,1.206559419631958
2010-06-22,1.187853217124939
2010-06-23,1.159793734550476
2010-06-24,1.1521133184432983
2010-06-25,1.1521133184432983
2010-06-28,1.132911205291748
2010-06-29,1.1713148355484009
2010-06-30,1.1521133184432983
2010-07-01,1.1521133184432983
2010-07-02,1.1713148355484009
2010-07-05,1.1521133184432983
2010-07-06,1.1425120830535889
2010-07-07,1.1233100891113281
2010-07-08,1.132911205291748
2010-07-09,1.1425120830535889
2010-07-12,1.1233100891113281
2010-07-13,1.1425120830535889
2010-07-14,1.1809161901474
2010-07-15,1.1905168294906616
2010-07-16,1.1905168294906616
2010-07-19,1.1905168294906616
2010-07-20,1.219319462776184
2010-07-21,1.2097185850143433
2010-07-22,1.200117826461792
2010-07-23,1.2097185850143433
2010-07-26,1.219319462776184
2010-07-27,1.2289206981658936
2010-07-28,1.2481224536895752
2010-07-29,1.1905168294906616
2010-07-30,1.1521133184432983
2010-08-02,1.1521133184432983
2010-08-03,1.1809161901474
2010-08-04,1.1809161901474
2010-08-05,1.200117826461792
2010-08-06,1.2097185850143433
2010-08-09,1.200117826461792
2010-08-10,1.2481224536895752
2010-08-11,1.1809161901474
2010-08-12,1.1713148355484009
2010-08-13,1.1521133184432983
2010-08-16,1.1521133184432983
2010-08-17,1.1713148355484009
2010-08-18,1.1809161901474
2010-08-19,1.1713148355484009
2010-08-20,1.1137094497680664
2010-08-23,1.1137094497680664
2010-08-24,1.075305461883545
2010-08-25,1.0849061012268066
2010-08-26,1.1137094497680664
2010-08-27,1.1137094497680664
2010-08-30,1.132911205291748
2010-08-31,1.1233100891113281
2010-09-01,1.132911205291748
2010-09-02,1.1713148355484009
2010-09-03,1.1713148355484009
2010-09-06,1.1713148355484009
2010-09-07,1.1713148355484009
2010-09-08,1.1713148355484009
2010-09-09,1.1713148355484009
2010-09-10,1.1713148355484009
2010-09-13,1.1713148355484009
2010-09-14,1.1521133184432983
2010-09-15,1.16171395778656
2010-09-16,1.16171395778656
2010-09-17,1.1521133184432983
2010-09-20,1.16171395778656
2010-09-21,1.1713148355484009
2010-09-22,1.16171395778656
2010-09-23,1.16171395778656
2010-09-24,1.1425120830535889
2010-09-27,1.1233100891113281
2010-09-28,1.1425120830535889
2010-09-29,1.1521133184432983
2010-09-30,1.1233100891113281
2010-10-01,1.132911205291748
2010-10-04,1.1425120830535889
2010-10-05,1.132911205291748
2010-10-06,1.1425120830535889
2010-10-07,1.132911205291748
2010-10-08,1.1425120830535889
2010-10-11,1.1233100891113281
2010-10-12,1.1137094497680664
2010-10-13,1.1041085720062256
2010-10-14,1.1137094497680664
2010-10-15,1.1137094497680664
2010-10-18,1.0849061012268066
2010-10-19,1.1137094497680664
2010-10-20,1.1233100891113281
2010-10-21,1.1233100891113281
2010-10-22,1.1425120830535889
2010-10-25,1.1425120830535889
2010-10-26,1.132911205291748
2010-10-27,1.1233100891113281
2010-10-28,1.0945073366165161
2010-10-29,1.075305461883545
2010-11-01,1.0945073366165161
2010-11-02,1.0945073366165161
2010-11-03,1.0657047033309937
2010-11-04,1.0561035871505737
2010-11-05,1.0561035871505737
2010-11-08,1.036901831626892
2010-11-09,1.036901831626892
2010-11-10,1.046502947807312
2010-11-11,1.0561035871505737
2010-11-12,1.0609040260314941
2010-11-15,1.089706540107727
2010-11-16,1.1473127603530884
2010-11-17,1.1137094497680664
2010-11-18,1.132911205291748
2010-11-19,1.1473127603530884
2010-11-22,1.137711763381958
2010-11-23,1.1281105279922485
2010-11-24,1.0849061012268066
2010-11-25,1.089706540107727
2010-11-26,1.137711763381958
2010-11-29,1.1521133184432983
2010-11-30,1.195317268371582
2010-12-01,1.1281105279922485
2010-12-02,1.1521133184432983
2010-12-03,1.1233100891113281
2010-12-06,1.137711763381958
2010-12-07,1.1425120830535889
2010-12-08,1.1473127603530884
2010-12-09,1.16171395778656
2010-12-10,1.1761153936386108
2010-12-13,1.1521133184432983
2010-12-14,1.1473127603530884
2010-12-15,1.1473127603530884
2010-12-16,1.1281105279922485
2010-12-17,1.1761153936386108
2010-12-20,1.2049182653427124
2010-12-21,1.2097185850143433
2010-12-22,1.1809161901474
2010-12-23,1.2255722284317017
2010-12-24,1.2255722284317017
2010-12-29,1.2057249546051025
2010-12-30,1.1958012580871582
2010-12-31,1.2305340766906738
2011-01-04,1.220610499382019
2011-01-05,1.1908396482467651
2011-01-06,1.1908396482467651
2011-01-07,1.2305340766906738
2011-01-10,1.1958012580871582
2011-01-11,1.1908396482467651
2011-01-12,1.1958012580871582
2011-01-13,1.1908396482467651
2011-01-14,1.1511447429656982
2011-01-17,1.1561068296432495
2011-01-18,1.185877799987793
2011-01-19,1.2156487703323364
2011-01-20,1.1958012580871582
2011-01-21,1.1759538650512695
2011-01-24,1.1660302877426147
2011-01-25,1.1511447429656982
2011-01-27,1.1461832523345947
2011-01-28,1.1312973499298096
2011-01-31,1.1164119243621826
2011-02-01,1.1213738918304443
2011-02-02,1.111450433731079
2011-02-03,1.141221284866333
2011-02-04,1.185877799987793
2011-02-07,1.185877799987793
2011-02-08,1.185877799987793
2011-02-09,1.1809160709381104
2011-02-10,1.1759538650512695
2011-02-11,1.1511447429656982
2011-02-14,1.1610684394836426
2011-02-15,1.1461832523345947
2011-02-16,1.141221284866333
2011-02-17,1.1461832523345947
2011-02-18,1.1263353824615479
2011-02-21,1.141221284866333
2011-02-22,1.1263353824615479
2011-02-23,1.1362591981887817
2011-02-24,1.1610684394836426
2011-02-25,1.2057249546051025
2011-02-28,1.2131677865982056
2011-03-01,1.2007631063461304
2011-03-02,1.2057249546051025
2011-03-03,1.2007631063461304
2011-03-04,1.2255722284317017
2011-03-07,1.2305340766906738
2011-03-08,1.2404578924179077
2011-03-09,1.2454196214675903
2011-03-10,1.2801522016525269
2011-03-11,1.2553435564041138
2011-03-15,1.2603051662445068
2011-03-16,1.2305340766906738
2011-03-17,1.2305340766906738
2011-03-18,1.2900761365890503
2011-03-21,1.285114049911499
2011-03-22,1.2503814697265625
2011-03-23,1.2404578924179077
2011-03-24,1.2503814697265625
2011-03-25,1.2404578924179077
2011-03-28,1.2305340766906738
2011-03-29,1.2156487703323364
2011-03-30,1.2305340766906738
2011-03-31,1.2156487703323364
2011-04-01,1.2255722284317017
2011-04-04,1.220610499382019
2011-04-05,1.210686445236206
2011-04-06,1.220610499382019
2011-04-07,1.220610499382019
2011-04-08,1.2404578924179077
2011-04-11,1.2404578924179077
2011-04-12,1.235495924949646
2011-04-13,1.2404578924179077
2011-04-14,1.2454196214675903
2011-04-15,1.2503814697265625
2011-04-18,1.235495924949646
2011-04-19,1.2255722284317017
2011-04-20,1.220610499382019
2011-04-21,1.2454196214675903
2011-04-27,1.220610499382019
2011-04-28,1.2156487703323364
2011-04-29,1.2255722284317017
2011-05-02,1.2305340766906738
2011-05-03,1.2255722284317017
2011-05-04,1.185877799987793
2011-05-05,1.1908396482467651
2011-05-06,1.1610684394836426
2011-05-09,1.1908396482467651
2011-05-10,1.1908396482467651
2011-05-11,1.2057249546051025
2011-05-12,1.2007631063461304
2011-05-13,1.2156487703323364
2011-05-16,1.1958012580871582
2011-05-17,1.2057249546051025
2011-05-18,1.220610499382019
2011-05-19,1.210686445236206
2011-05-20,1.2057249546051025
2011-05-23,1.2007631063461304
2011-05-24,1.1958012580871582
2011-05-25,1.1362591981887817
2011-05-26,1.185877799987793
2011-05-27,1.185877799987793
2011-05-30,1.1660302877426147
2011-05-31,1.141221284866333
2011-06-01,1.1213738918304443
2011-06-02,1.1015266180038452
2011-06-03,1.0667939186096191
2011-06-06,1.0320607423782349
2011-06-07,1.0667939186096191
2011-06-08,1.0667939186096191
2011-06-09,1.0419842004776
2011-06-10,1.0469462871551514
2011-06-14,1.0618318319320679
2011-06-15,1.1015266180038452
2011-06-16,1.0767172574996948
2011-06-17,1.0072518587112427
2011-06-20,1.0171751976013184
2011-06-21,1.0618318319320679
2011-06-22,1.0717556476593018
2011-06-23,1.0717556476593018
2011-06-24,1.0949982404708862
2011-06-27,1.100163459777832
2011-06-28,1.1053286790847778
2011-06-29,1.1104936599731445
2011-06-30,1.1104936599731445
2011-07-01,1.100163459777832
2011-07-04,1.1053286790847778
2011-07-05,1.120823860168457
2011-07-06,1.1104936599731445
2011-07-07,1.1104936599731445
2011-07-08,1.120823860168457
2011-07-11,1.1104936599731445
2011-07-12,1.0743379592895508
2011-07-13,1.0743379592895508
2011-07-14,1.0949982404708862
2011-07-15,1.1104936599731445
2011-07-18,1.1156588792800903
2011-07-19,1.1414841413497925
2011-07-20,1.1363191604614258
2011-07-21,1.1414841413497925
2011-07-22,1.1466495990753174
2011-07-25,1.1259890794754028
2011-07-26,1.120823860168457
2011-07-27,1.120823860168457
2011-07-28,1.0949982404708862
2011-07-29,1.0795029401779175
2011-08-02,1.069172978401184
2011-08-03,1.0485126972198486
2011-08-04,0.9968617558479309
2011-08-05,0.9813663959503174
2011-08-08,0.9374634027481079
2011-08-09,0.9426283836364746
2011-08-10,0.8961424827575684
2011-08-11,0.8677345514297485
2011-08-12,0.8780648708343506
2011-08-15,0.8780648708343506
2011-08-16,0.893559992313385
2011-08-17,0.9090555310249329
2011-08-18,0.8961424827575684
2011-08-19,0.8470742702484131
2011-08-22,0.8264139890670776
2011-08-23,0.82383131980896
2011-08-24,0.8264139890670776
2011-08-25,0.8677345514297485
2011-08-26,0.9090555310249329
2011-08-29,0.965871274471283
2011-08-30,0.9813663959503174
2011-08-31,1.0071918964385986
2011-09-01,1.0278525352478027
2011-09-02,0.9942792654037476
2011-09-05,0.9736185669898987
2011-09-06,0.971036434173584
2011-09-07,0.971036434173584
2011-09-08,1.0071918964385986
2011-09-09,1.0020267963409424
2011-09-12,0.9762012958526611
2011-09-13,0.971036434173584
2011-09-14,0.9503759145736694
2011-09-15,0.9555410742759705
2011-09-16,0.9581233263015747
2011-09-19,0.9297155141830444
2011-09-20,0.9271331429481506
2011-09-21,0.9297155141830444
2011-09-22,0.9038902521133423
2011-09-23,0.898725152015686
2011-09-26,0.8883950710296631
2011-09-27,0.8780648708343506
2011-09-28,0.8909774422645569
2011-09-29,0.8832297325134277
2011-09-30,0.8677345514297485
2011-10-04,0.8419092893600464
2011-10-05,0.8703169822692871
2011-10-06,0.91422039270401
2011-10-07,0.9013077616691589
2011-10-10,0.9038902521133423
2011-10-11,0.8832297325134277
2011-10-12,0.8806473016738892
2011-10-13,0.8858122825622559
2011-10-14,0.9013077616691589
2011-10-17,0.9038902521133423
2011-10-18,0.9013077616691589
2011-10-19,0.9219678640365601
2011-10-20,0.9555410742759705
2011-10-21,0.9503759145736694
2011-10-24,0.989113986492157
2011-10-25,0.9607060551643372
2011-10-26,0.9581233263015747
2011-10-27,0.9942792654037476
2011-10-28,1.0020267963409424
2011-10-31,1.0123571157455444
2011-11-02,0.9813663959503174
2011-11-03,0.9400457739830017
2011-11-04,0.9865316152572632
2011-11-07,0.9813663959503174
2011-11-08,0.971036434173584
2011-11-09,0.999444305896759
2011-11-10,1.0175220966339111
2011-11-11,1.0330173969268799
2011-11-14,1.0330173969268799
2011-11-15,1.0304348468780518
2011-11-16,1.0330173969268799
2011-11-17,1.0381824970245361
2011-11-18,1.0278525352478027
2011-11-21,1.0201047658920288
2011-11-22,1.0278525352478027
2011-11-23,1.0175220966339111
2011-11-24,1.0330173969268799
2011-11-25,1.0330173969268799
2011-11-28,1.0433475971221924
2011-11-29,1.0381824970245361
2011-11-30,1.0330173969268799
2011-12-01,1.0485126972198486
2011-12-02,1.08983314037323
2011-12-05,1.100163459777832
2011-12-06,1.0846679210662842
2011-12-07,1.1053286790847778
2011-12-08,1.100163459777832
2011-12-09,1.0485126972198486
2011-12-12,1.069172978401184
2011-12-13,1.0536776781082153
2011-12-14,1.0330173969268799
2011-12-15,1.0536776781082153
2011-12-16,1.0795029401779175
2011-12-19,1.0846679210662842
2011-12-20,1.1104936599731445
2011-12-21,1.1259890794754028
2011-12-22,1.1480884552001953
2011-12-23,1.1750385761260986
2011-12-28,1.0995776653289795
2011-12-29,1.0753220319747925
2011-12-30,1.0726269483566284
2012-01-03,1.0564569234848022
2012-01-04,1.0995776653289795
2012-01-05,1.131917953491211
2012-01-06,1.0941873788833618
2012-01-09,1.0887972116470337
2012-01-10,1.0887972116470337
2012-01-11,1.1157478094100952
2012-01-12,1.1211376190185547
2012-01-13,1.131917953491211
2012-01-16,1.104967474937439
2012-01-17,1.131917953491211
2012-01-18,1.131917953491211
2012-01-19,1.1373083591461182
2012-01-20,1.1265279054641724
2012-01-23,1.1211376190185547
2012-01-24,1.1157478094100952
2012-01-25,1.110357403755188
2012-01-27,1.104967474937439
2012-01-30,1.131917953491211
2012-01-31,1.1534785032272339
2012-02-01,1.131917953491211
2012-02-02,1.1265279054641724
2012-02-03,1.131917953491211
2012-02-06,1.1534785032272339
2012-02-07,1.1480884552001953
2012-02-08,1.131917953491211
2012-02-09,1.1426976919174194
2012-02-10,1.131917953491211
2012-02-13,1.1157478094100952
2012-02-14,1.110357403755188
2012-02-15,1.104967474937439
2012-02-16,1.104967474937439
2012-02-17,1.0887972116470337
2012-02-20,1.1157478094100952
2012-02-21,1.110357403755188
2012-02-22,1.1265279054641724
2012-02-23,1.1211376190185547
2012-02-24,1.131917953491211
2012-02-27,1.1211376190185547
2012-02-28,1.1265279054641724
2012-02-29,1.1588685512542725
2012-03-01,1.1588685512542725
2012-03-02,1.1588685512542725
2012-03-05,1.1534785032272339
2012-03-06,1.1534785032272339
2012-03-07,1.1588685512542725
2012-03-08,1.1642584800720215
2012-03-09,1.1696487665176392
2012-03-12,1.1804288625717163
2012-03-13,1.1965992450714111
2012-03-14,1.223549246788025
2012-03-15,1.2397197484970093
2012-03-16,1.2073791027069092
2012-03-19,1.2289398908615112
2012-03-20,1.1858187913894653
2012-03-21,1.1804288625717163
2012-03-22,1.1804288625717163
2012-03-23,1.1804288625717163
2012-03-26,1.1804288625717163
2012-03-27,1.1912087202072144
2012-03-28,1.218159556388855
2012-03-29,1.1965992450714111
2012-03-30,1.1965992450714111
2012-04-02,1.201988935470581
2012-04-03,1.201988935470581
2012-04-04,1.1965992450714111
2012-04-05,1.201988935470581
2012-04-10,1.1804288625717163
2012-04-11,1.1858187913894653
2012-04-12,1.2073791027069092
2012-04-13,1.2397197484970093
2012-04-16,1.2289398908615112
2012-04-17,1.2289398908615112
2012-04-18,1.255889654159546
2012-04-19,1.2828404903411865
2012-04-20,1.2774502038955688
2012-04-23,1.2882304191589355
2012-04-24,1.3044006824493408
2012-04-26,1.3044006824493408
2012-04-27,1.2936205863952637
2012-04-30,1.3583019971847534
2012-05-01,1.3259611129760742
2012-05-02,1.336741328239441
2012-05-03,1.2990108728408813
2012-05-04,1.2882304191589355
2012-05-07,1.2774502038955688
2012-05-08,1.2612800598144531
2012-05-09,1.2289398908615112
2012-05-10,1.2289398908615112
2012-05-11,1.2073791027069092
2012-05-14,1.1965992450714111
2012-05-15,1.1912087202072144
2012-05-16,1.1750385761260986
2012-05-17,1.1965992450714111
2012-05-18,1.1696487665176392
2012-05-21,1.1696487665176392
2012-05-22,1.1965992450714111
2012-05-23,1.1696487665176392
2012-05-24,1.1642584800720215
2012-05-25,1.1426976919174194
2012-05-28,1.1750385761260986
2012-05-29,1.1858187913894653
2012-05-30,1.1642584800720215
2012-05-31,1.2127692699432373
2012-06-01,1.201988935470581
2012-06-04,1.1912087202072144
2012-06-05,1.1965992450714111
2012-06-06,1.201988935470581
2012-06-07,1.2720600366592407
2012-06-08,1.2397197484970093
2012-06-12,1.2451099157333374
2012-06-13,1.2073791027069092
2012-06-14,1.1858187913894653
2012-06-15,1.201988935470581
2012-06-18,1.255889654159546
2012-06-19,1.2397197484970093
2012-06-20,1.2127692699432373
2012-06-21,1.2289398908615112
2012-06-22,1.255889654159546
2012-06-25,1.2452325820922852
2012-06-26,1.228405237197876
2012-06-27,1.2396234273910522
2012-06-28,1.267669439315796
2012-06-29,1.2732783555984497
2012-07-02,1.3125425577163696
2012-07-03,1.318151593208313
2012-07-04,1.3293697834014893
2012-07-05,1.284496545791626
2012-07-06,1.290105938911438
2012-07-09,1.2788877487182617
2012-07-10,1.2620600461959839
2012-07-11,1.284496545791626
2012-07-12,1.2732783555984497
2012-07-13,1.3125425577163696
2012-07-16,1.2788877487182617
2012-07-17,1.3293697834014893
2012-07-18,1.318151593208313
2012-07-19,1.318151593208313
2012-07-20,1.3069331645965576
2012-07-23,1.3069331645965576
2012-07-24,1.290105938911438
2012-07-25,1.284496545791626
2012-07-26,1.3405882120132446
2012-07-27,1.3630248308181763
2012-07-30,1.4135076999664307
2012-07-31,1.4415526390075684
2012-08-01,1.4022889137268066
2012-08-02,1.4415526390075684
2012-08-03,1.447162389755249
2012-08-06,1.4920353889465332
2012-08-07,1.4303348064422607
2012-08-08,1.4247255325317383
2012-08-09,1.4022889137268066
2012-08-10,1.3910707235336304
2012-08-13,1.4247255325317383
2012-08-14,1.4078980684280396
2012-08-15,1.3798524141311646
2012-08-16,1.3630248308181763
2012-08-17,1.3742433786392212
2012-08-20,1.3854615688323975
2012-08-21,1.4247255325317383
2012-08-22,1.447162389755249
2012-08-23,1.447162389755249
2012-08-24,1.4022889137268066
2012-08-27,1.4022889137268066
2012-08-28,1.4191162586212158
2012-08-29,1.469598650932312
2012-08-30,1.5032539367675781
2012-08-31,1.4976450204849243
2012-09-03,1.4976450204849243
2012-09-04,1.5369086265563965
2012-09-05,1.5481269359588623
2012-09-06,1.570563793182373
2012-09-07,1.5369086265563965
2012-09-10,1.5200811624526978
2012-09-11,1.5200811624526978
2012-09-12,1.5593454837799072
2012-09-13,1.5481269359588623
2012-09-14,1.5425180196762085
2012-09-17,1.5312992334365845
2012-09-18,1.5256903171539307
2012-09-19,1.5088629722595215
2012-09-20,1.5593454837799072
2012-09-21,1.5425180196762085
2012-09-24,1.5369086265563965
2012-09-25,1.570563793182373
2012-09-26,1.5481269359588623
2012-09-27,1.5817821025848389
2012-09-28,1.6154370307922363
2012-10-01,1.5986089706420898
2012-10-02,1.5986089706420898
2012-10-03,1.5873911380767822
2012-10-04,1.5930005311965942
2012-10-05,1.6098275184631348
2012-10-08,1.5986089706420898
2012-10-09,1.5930005311965942
2012-10-10,1.6266552209854126
2012-10-11,1.632264494895935
2012-10-12,1.5761725902557373
2012-10-15,1.5817821025848389
2012-10-16,1.6098275184631348
2012-10-17,1.6266552209854126
2012-10-18,1.6154370307922363
2012-10-19,1.6547012329101562
2012-10-22,1.69957435131073
2012-10-23,1.7332292795181274
2012-10-24,1.7220107316970825
2012-10-25,1.7837116718292236
2012-10-26,1.7388386726379395
2012-10-29,1.761274814605713
2012-10-30,1.7388386726379395
2012-10-31,1.7893205881118774
2012-11-01,1.7388386726379395
2012-11-02,1.7388386726379395
2012-11-05,1.7332292795181274
2012-11-06,1.761274814605713
2012-11-07,1.7781025171279907
2012-11-08,1.7500563859939575
2012-11-09,1.7276198863983154
2012-11-12,1.7276198863983154
2012-11-13,1.6883559226989746
2012-11-14,1.7332292795181274
2012-11-15,1.7388386726379395
2012-11-16,1.7556655406951904
2012-11-19,1.761274814605713
2012-11-20,1.7388386726379395
2012-11-21,1.7388386726379395
2012-11-22,1.7332292795181274
2012-11-23,1.7444475889205933
2012-11-26,1.7724932432174683
2012-11-27,1.7668845653533936
2012-11-28,1.761274814605713
2012-11-29,1.7668845653533936
2012-11-30,1.7668845653533936
2012-12-03,1.7444475889205933
2012-12-04,1.7949298620224
2012-12-05,1.817366600036621
2012-12-06,1.8061480522155762
2012-12-07,1.822975754737854
2012-12-10,1.8061480522155762
2012-12-11,1.8061480522155762
2012-12-12,1.8341939449310303
2012-12-13,1.8398032188415527
2012-12-14,1.8622397184371948
2012-12-17,1.8902857303619385
2012-12-18,1.873457670211792
2012-12-19,1.8790674209594727
2012-12-20,1.8790674209594727
2012-12-21,1.8894681930541992
2012-12-24,1.8894681930541992
2012-12-27,1.9010241031646729
2012-12-28,1.912580132484436
2012-12-31,1.8894681930541992
2013-01-02,1.8894681930541992
2013-01-03,1.9183588027954102
2013-01-04,1.9241373538970947
2013-01-07,1.947249412536621
2013-01-08,1.8894681930541992
2013-01-09,1.8836896419525146
2013-01-10,1.8721333742141724
2013-01-11,1.8721333742141724
2013-01-14,1.8721333742141724
2013-01-15,1.86057710647583
2013-01-16,1.912580132484436
2013-01-17,1.8894681930541992
2013-01-18,1.895246148109436
2013-01-21,1.895246148109436
2013-01-22,1.8836896419525146
2013-01-23,1.8894681930541992
2013-01-24,1.8779116868972778
2013-01-25,1.9414715766906738
2013-01-29,1.9819190502166748
2013-01-30,1.9645845890045166
2013-01-31,1.9645845890045166
2013-02-01,2.0050315856933594
2013-02-04,2.0512571334838867
2013-02-05,2.0165884494781494
2013-02-06,2.0454790592193604
2013-02-07,2.0512571334838867
2013-02-08,2.137930154800415
2013-02-11,2.0628135204315186
2013-02-12,2.0339229106903076
2013-02-13,2.0801479816436768
2013-02-14,2.0743703842163086
2013-02-15,2.0628135204315186
2013-02-18,2.068592071533203
2013-02-19,2.085925817489624
2013-02-20,2.1321518421173096
2013-02-21,2.0743703842163086
2013-02-22,2.109039068222046
2013-02-25,2.068592071533203
2013-02-26,2.068592071533203
2013-02-27,2.137930154800415
2013-02-28,2.1725990772247314
2013-03-01,2.166821002960205
2013-03-04,2.1552648544311523
2013-03-05,2.2188243865966797
2013-03-06,2.2534945011138916
2013-03-07,2.2534945011138916
2013-03-08,2.2592720985412598
2013-03-11,2.265050172805786
2013-03-12,2.2939419746398926
2013-03-13,2.2592720985412598
2013-03-14,2.2130467891693115
2013-03-15,2.265050172805786
2013-03-18,2.1899337768554688
2013-03-19,2.2592720985412598
2013-03-20,2.265050172805786
2013-03-21,2.2708284854888916
2013-03-22,2.2708284854888916
2013-03-25,2.247715950012207
2013-03-26,2.1899337768554688
2013-03-27,2.2534945011138916
2013-03-28,2.2130467891693115
2013-04-02,2.2592720985412598
2013-04-03,2.2823843955993652
2013-04-04,2.2419381141662598
2013-04-05,2.2419381141662598
2013-04-08,2.236159324645996
2013-04-09,2.236159324645996
2013-04-10,2.276606321334839
2013-04-11,2.2939419746398926
2013-04-12,2.29971981048584
2013-04-15,2.2823843955993652
2013-04-16,2.363279104232788
2013-04-17,2.4326181411743164
2013-04-18,2.403726100921631
2013-04-19,2.3748362064361572
2013-04-22,2.3343887329101562
2013-04-23,2.4095048904418945
2013-04-24,2.455730676651001
2013-04-26,2.4095048904418945
2013-04-29,2.397948741912842
2013-04-30,2.4615092277526855
2013-05-01,2.484622001647949
2013-05-02,2.5192906856536865
2013-05-03,2.5655159950256348
2013-05-06,2.634854555130005
2013-05-07,2.611741065979004
2013-05-08,2.669523000717163
2013-05-09,2.6579668521881104
2013-05-10,2.6810803413391113
2013-05-13,2.629075765609741
2013-05-14,2.611741065979004
2013-05-15,2.5944066047668457
2013-05-16,2.5886282920837402
2013-05-17,2.6175200939178467
2013-05-20,2.623297929763794
2013-05-21,2.6406328678131104
2013-05-22,2.5192906856536865
2013-05-23,2.4961776733398438
2013-05-24,2.397948741912842
2013-05-27,2.403726100921631
2013-05-28,2.3748362064361572
2013-05-29,2.3921701908111572
2013-05-30,2.3228321075439453
2013-05-31,2.3748362064361572
2013-06-03,2.2939419746398926
2013-06-04,2.305497169494629
2013-06-05,2.224602460861206
2013-06-06,2.2130467891693115
2013-06-07,2.2014904022216797
2013-06-11,2.1899337768554688
2013-06-12,2.1552648544311523
2013-06-13,2.1899337768554688
2013-06-14,2.166821002960205
2013-06-17,2.1205954551696777
2013-06-18,2.109039068222046
2013-06-19,2.247715950012207
2013-06-20,2.178377151489258
2013-06-21,2.1841554641723633
2013-06-24,2.1687071323394775
2013-06-25,2.1449403762817383
2013-06-26,2.216240882873535
2013-06-27,2.2518906593322754
2013-06-28,2.2994236946105957
2013-07-01,2.216240882873535
2013-07-02,2.2875401973724365
2013-07-03,2.2637739181518555
2013-07-04,2.2578320503234863
2013-07-05,2.2934820652008057
2013-07-08,2.2756574153900146
2013-07-09,2.3826074600219727
2013-07-10,2.3885486125946045
2013-07-11,2.3766651153564453
2013-07-12,2.335073947906494
2013-07-15,2.335073947906494
2013-07-16,2.335073947906494
2013-07-17,2.3707239627838135
2013-07-18,2.2815988063812256
2013-07-19,2.2697157859802246
2013-07-22,2.311307430267334
2013-07-23,2.2697157859802246
2013-07-24,2.317248821258545
2013-07-25,2.341015577316284
2013-07-26,2.358840227127075
2013-07-29,2.335073947906494
2013-07-30,2.329132556915283
2013-07-31,2.2875401973724365
2013-08-01,2.2934820652008057
2013-08-02,2.228123664855957
2013-08-05,2.1687071323394775
2013-08-06,2.198415994644165
2013-08-07,2.1449403762817383
2013-08-08,2.1805906295776367
2013-08-09,2.174649238586426
2013-08-12,2.204357385635376
2013-08-13,2.198415994644165
2013-08-14,2.1627657413482666
2013-08-15,2.1389987468719482
2013-08-16,2.1389987468719482
2013-08-19,2.1449403762817383
2013-08-20,2.1389987468719482
2013-08-21,2.1449403762817383
2013-08-22,2.1211740970611572
2013-08-23,2.1568233966827393
2013-08-26,2.1568233966827393
2013-08-27,2.216240882873535
2013-08-28,2.1568233966827393
2013-08-29,2.127115249633789
2013-08-30,2.0676989555358887
2013-09-02,2.091465473175049
2013-09-03,2.1508824825286865
2013-09-04,2.1449403762817383
2013-09-05,2.115232229232788
2013-09-06,2.1508824825286865
2013-09-09,2.1389987468719482
2013-09-10,2.1627657413482666
2013-09-11,2.1508824825286865
2013-09-12,2.109290838241577
2013-09-13,2.109290838241577
2013-09-16,2.1211740970611572
2013-09-17,2.204357385635376
2013-09-18,2.210299015045166
2013-09-19,2.317248821258545
2013-09-20,2.2578320503234863
2013-09-23,2.2518906593322754
2013-09-24,2.2518906593322754
2013-09-25,2.2578320503234863
2013-09-26,2.216240882873535
2013-09-27,2.240006923675537
2013-09-30,2.1924736499786377
2013-10-01,2.210299015045166
2013-10-02,2.228123664855957
2013-10-03,2.198415994644165
2013-10-04,2.198415994644165
2013-10-07,2.204357385635376
2013-10-08,2.186532497406006
2013-10-09,2.198415994644165
2013-10-10,2.198415994644165
2013-10-11,2.210299015045166
2013-10-14,2.198415994644165
2013-10-15,2.222182273864746
2013-10-16,2.210299015045166
2013-10-17,2.216240882873535
2013-10-18,2.2518906593322754
2013-10-21,2.2994236946105957
2013-10-22,2.2994236946105957
2013-10-23,2.2875401973724365
2013-10-24,2.2578320503234863
2013-10-25,2.228123664855957
2013-10-28,2.2578320503234863
2013-10-29,2.2756574153900146
2013-10-30,2.323190689086914
2013-10-31,2.2994236946105957
2013-11-01,2.2994236946105957
2013-11-04,2.2697157859802246
2013-11-05,2.2875401973724365
2013-11-06,2.240006923675537
2013-11-07,2.2934820652008057
2013-11-08,2.2697157859802246
2013-11-11,2.2459487915039062
2013-11-12,2.2578320503234863
2013-11-13,2.234065055847168
2013-11-14,2.240006923675537
2013-11-15,2.2459487915039062
2013-11-18,2.228123664855957
2013-11-19,2.210299015045166
2013-11-20,2.186532497406006
2013-11-21,2.115232229232788
2013-11-22,2.228123664855957
2013-11-25,2.2756574153900146
2013-11-26,2.2697157859802246
2013-11-27,2.234065055847168
2013-11-28,2.174649238586426
2013-11-29,2.228123664855957
2013-12-02,2.174649238586426
2013-12-03,2.1568233966827393
2013-12-04,2.1449403762817383
2013-12-05,2.115232229232788
2013-12-06,2.109290838241577
2013-12-09,2.0617570877075195
2013-12-10,2.079582452774048
2013-12-11,2.0855233669281006
2013-12-12,2.079582452774048
2013-12-13,2.0676989555358887
2013-12-16,2.0736403465270996
2013-12-17,2.0676989555358887
2013-12-18,2.10334849357605
2013-12-19,2.115232229232788
2013-12-20,2.198415994644165
2013-12-23,2.2596523761749268
2013-12-24,2.271899938583374
2013-12-27,2.2351579666137695
2013-12-30,2.2474050521850586
2013-12-31,2.2351579666137695
2014-01-02,2.2535293102264404
2014-01-03,2.2474050521850586
2014-01-06,2.2535293102264404
2014-01-07,2.290271043777466
2014-01-08,2.2657763957977295
2014-01-09,2.2657763957977295
2014-01-10,2.302518367767334
2014-01-13,2.2963945865631104
2014-01-14,2.2474050521850586
2014-01-15,2.2596523761749268
2014-01-16,2.290271043777466
2014-01-17,2.2657763957977295
2014-01-20,2.2596523761749268
2014-01-21,2.290271043777466
2014-01-22,2.290271043777466
2014-01-23,2.2841479778289795
2014-01-24,2.2841479778289795
2014-01-28,2.2841479778289795
2014-01-29,2.302518367767334
2014-01-30,2.271899938583374
2014-01-31,2.271899938583374
2014-02-03,2.271899938583374
2014-02-04,2.271899938583374
2014-02-05,2.2841479778289795
2014-02-06,2.3086423873901367
2014-02-07,2.333137035369873
2014-02-10,2.3270137310028076
2014-02-11,2.3882508277893066
2014-02-12,2.3637561798095703
2014-02-13,2.3882508277893066
2014-02-14,2.382127285003662
2014-02-17,2.3760039806365967
2014-02-18,2.3882508277893066
2014-02-19,2.3882508277893066
2014-02-20,2.4249935150146484
2014-02-21,2.480107069015503
2014-02-24,2.412745475769043
2014-02-25,2.412745475769043
2014-02-26,2.461735963821411
2014-02-27,2.461735963821411
2014-02-28,2.461735963821411
2014-03-03,2.480107069015503
2014-03-04,2.4862308502197266
2014-03-05,2.53521990776062
2014-03-06,2.510725259780884
2014-03-07,2.492353916168213
2014-03-10,2.480107069015503
2014-03-11,2.5168488025665283
2014-03-12,2.510725259780884
2014-03-13,2.5168488025665283
2014-03-14,2.504601240158081
2014-03-17,2.492353916168213
2014-03-18,2.510725259780884
2014-03-19,2.4678590297698975
2014-03-20,2.4066216945648193
2014-03-21,2.4066216945648193
2014-03-24,2.4066216945648193
2014-03-25,2.4249935150146484
2014-03-26,2.4188694953918457
2014-03-27,2.3882508277893066
2014-03-28,2.400498628616333
2014-03-31,2.443364381790161
2014-04-01,2.431117296218872
2014-04-02,2.4556124210357666
2014-04-03,2.461735963821411
2014-04-04,2.4556124210357666
2014-04-07,2.461735963821411
2014-04-08,2.4556124210357666
2014-04-09,2.4862308502197266
2014-04-10,2.5168488025665283
2014-04-11,2.4862308502197266
2014-04-14,2.4556124210357666
2014-04-15,2.4862308502197266
2014-04-16,2.4862308502197266
2014-04-17,2.510725259780884
2014-04-22,2.5290966033935547
2014-04-23,2.5290966033935547
2014-04-24,2.565838575363159
2014-04-28,2.5597150325775146
2014-04-29,2.541344165802002
2014-04-30,2.5719616413116455
2014-05-01,2.53521990776062
2014-05-02,2.5168488025665283
2014-05-05,2.541344165802002
2014-05-06,2.5290966033935547
2014-05-07,2.5474679470062256
2014-05-08,2.565838575363159
2014-05-09,2.5903334617614746
2014-05-12,2.5780863761901855
2014-05-13,2.5597150325775146
2014-05-14,2.5903334617614746
2014-05-15,2.61482834815979
2014-05-16,2.6025807857513428
2014-05-19,2.596456527709961
2014-05-20,2.5903334617614746
2014-05-21,2.6025807857513428
2014-05-22,2.6087045669555664
2014-05-23,2.6209523677825928
2014-05-26,2.663818120956421
2014-05-27,2.712808132171631
2014-05-28,2.706683874130249
2014-05-29,2.706683874130249
2014-05-30,2.6393237113952637
2014-06-02,2.682189702987671
2014-06-03,2.69443678855896
2014-06-04,2.6699414253234863
2014-06-05,2.6699414253234863
2014-06-06,2.6699414253234863
2014-06-10,2.69443678855896
2014-06-11,2.682189702987671
2014-06-12,2.6393237113952637
2014-06-13,2.6393237113952637
2014-06-16,2.6332006454467773
2014-06-17,2.676065683364868
2014-06-18,2.706683874130249
2014-06-19,2.725055456161499
2014-06-20,2.712808132171631
2014-06-23,2.7189319133758545
2014-06-24,2.69443678855896
2014-06-25,2.663818120956421
2014-06-26,2.7411484718322754
2014-06-27,2.72228741645813
2014-06-30,2.6782782077789307
2014-07-01,2.646843194961548
2014-07-02,2.646843194961548
2014-07-03,2.6594176292419434
2014-07-04,2.646843194961548
2014-07-07,2.6405558586120605
2014-07-08,2.6594176292419434
2014-07-09,2.6279821395874023
2014-07-10,2.646843194961548
2014-07-11,2.615408182144165
2014-07-14,2.6279821395874023
2014-07-15,2.621695041656494
2014-07-16,2.6279821395874023
2014-07-17,2.653130292892456
2014-07-18,2.6405558586120605
2014-07-21,2.6342689990997314
2014-07-22,2.646843194961548
2014-07-23,2.6719913482666016
2014-07-24,2.653130292892456
2014-07-25,2.6594176292419434
2014-07-28,2.70342755317688
2014-07-29,2.684565305709839
2014-07-30,2.70971417427063
2014-07-31,2.728574514389038
2014-08-01,2.70342755317688
2014-08-04,2.684565305709839
2014-08-05,2.6908531188964844
2014-08-06,2.6782782077789307
2014-08-07,2.6405558586120605
2014-08-08,2.6342689990997314
2014-08-11,2.646843194961548
2014-08-12,2.6971397399902344
2014-08-13,2.71600079536438
2014-08-14,2.72228741645813
2014-08-15,2.7411484718322754
2014-08-18,2.7725839614868164
2014-08-19,2.804018974304199
2014-08-20,2.8543155193328857
2014-08-21,2.8731768131256104
2014-08-22,2.8731768131256104
2014-08-25,2.8668899536132812
2014-08-26,2.8543155193328857
2014-08-27,2.8480286598205566
2014-08-28,2.8480286598205566
2014-08-29,2.8417415618896484
2014-09-01,2.8228797912597656
2014-09-02,2.804018974304199
2014-09-03,2.8354544639587402
2014-09-04,2.79773211479187
2014-09-05,2.7411484718322754
2014-09-08,2.7474358081817627
2014-09-09,2.79773211479187
2014-09-10,2.7725839614868164
2014-09-11,2.7348616123199463
2014-09-12,2.7348616123199463
2014-09-15,2.6782782077789307
2014-09-16,2.646843194961548
2014-09-17,2.6405558586120605
2014-09-18,2.646843194961548
2014-09-19,2.653130292892456
2014-09-22,2.646843194961548
2014-09-23,2.653130292892456
2014-09-24,2.6279821395874023
2014-09-25,2.609121561050415
2014-09-26,2.577686071395874
2014-09-29,2.558824300765991
2014-09-30,2.5713987350463867
2014-10-01,2.6028337478637695
2014-10-02,2.5965471267700195
2014-10-03,2.577686071395874
2014-10-06,2.558824300765991
2014-10-07,2.583972692489624
2014-10-08,2.558824300765991
2014-10-09,2.646843194961548
2014-10-10,2.6028337478637695
2014-10-13,2.609121561050415
2014-10-14,2.609121561050415
2014-10-15,2.615408182144165
2014-10-16,2.615408182144165
2014-10-17,2.6279821395874023
2014-10-20,2.6405558586120605
2014-10-21,2.6279821395874023
2014-10-22,2.653130292892456
2014-10-23,2.6971397399902344
2014-10-24,2.70342755317688
2014-10-27,2.70971417427063
2014-10-28,2.70971417427063
2014-10-29,2.72228741645813
2014-10-30,2.7348616123199463
2014-10-31,2.7474358081817627
2014-11-03,2.7788708209991455
2014-11-04,2.8228797912597656
2014-11-05,2.8165931701660156
2014-11-06,2.8417415618896484
2014-11-07,2.8668899536132812
2014-11-10,2.860602617263794
2014-11-11,2.8794634342193604
2014-11-12,2.8794634342193604
2014-11-13,2.8731768131256104
2014-11-14,2.8668899536132812
2014-11-17,2.791445255279541
2014-11-18,2.8165931701660156
2014-11-19,2.860602617263794
2014-11-20,2.7788708209991455
2014-11-21,2.804018974304199
2014-11-24,2.829167366027832
2014-11-25,2.829167366027832
2014-11-26,2.8731768131256104
2014-11-27,2.8920376300811768
2014-11-28,2.8794634342193604
2014-12-01,2.8794634342193604
2014-12-02,2.9486212730407715
2014-12-03,2.9737701416015625
2014-12-04,2.9800562858581543
2014-12-05,2.967481851577759
2014-12-08,2.9989171028137207
2014-12-09,2.9108994007110596
2014-12-10,2.936047077178955
2014-12-11,2.9926304817199707
2014-12-12,3.074361801147461
2014-12-15,2.9549081325531006
2014-12-16,3.011491537094116
2014-12-17,2.9863429069519043
2014-12-18,2.936047077178955
2014-12-19,2.942333698272705
2014-12-22,2.9611949920654297
2014-12-23,2.967481851577759
2014-12-24,3.011491537094116
2014-12-29,3.0314865112304688
2014-12-30,2.9605369567871094
2014-12-31,2.9153871536254883
2015-01-02,2.9476373195648193
2015-01-05,2.9734373092651367
2015-01-06,2.9089372158050537
2015-01-07,2.92828631401062
2015-01-08,2.9605369567871094
2015-01-09,2.992786169052124
2015-01-12,2.9540867805480957
2015-01-13,2.966986894607544
2015-01-14,2.966986894607544
2015-01-15,2.9734373092651367
2015-01-16,2.9605369567871094
2015-01-19,2.9734373092651367
2015-01-20,2.979886531829834
2015-01-21,3.0250370502471924
2015-01-22,3.0379364490509033
2015-01-23,3.0508363246917725
2015-01-27,3.173386335372925
2015-01-28,3.1540355682373047
2015-01-29,3.1153364181518555
2015-01-30,3.121786117553711
2015-02-02,3.0959866046905518
2015-02-03,3.186286211013794
2015-02-04,3.141136646270752
2015-02-05,3.212085723876953
2015-02-06,3.134686231613159
2015-02-09,3.10888671875
2015-02-10,3.1475861072540283
2015-02-11,3.1604862213134766
2015-02-12,3.1604862213134766
2015-02-13,3.173386335372925
2015-02-16,3.1540355682373047
2015-02-17,3.121786117553711
2015-02-18,3.1024365425109863
2015-02-19,3.012136936187744
2015-02-20,3.012136936187744
2015-02-23,3.0701866149902344
2015-02-24,3.0250370502471924
2015-02-25,3.1604862213134766
2015-02-26,3.1475861072540283
2015-02-27,3.224985122680664
2015-03-02,3.224985122680664
2015-03-03,3.199186086654663
2015-03-04,3.212085723876953
2015-03-05,3.2185351848602295
2015-03-06,3.224985122680664
2015-03-09,3.166936159133911
2015-03-10,3.186286211013794
2015-03-11,3.263685464859009
2015-03-12,3.2894845008850098
2015-03-13,3.308835029602051
2015-03-16,3.321735143661499
2015-03-17,3.212085723876953
2015-03-18,3.1798362731933594
2015-03-19,3.2959351539611816
2015-03-20,3.37978458404541
2015-03-23,3.353985071182251
2015-03-24,3.418484926223755
2015-03-25,3.412034511566162
2015-03-26,3.3346352577209473
2015-03-27,3.4055850505828857
2015-03-30,3.353985071182251
2015-03-31,3.2894845008850098
2015-04-01,3.2830357551574707
2015-04-02,3.3346352577209473
2015-04-07,3.321735143661499
2015-04-08,3.3410847187042236
2015-04-09,3.37978458404541
2015-04-10,3.4313855171203613
2015-04-13,3.4055850505828857
2015-04-14,3.366884708404541
2015-04-15,3.3346352577209473
2015-04-16,3.366884708404541
2015-04-17,3.328185558319092
2015-04-20,3.321735143661499
2015-04-21,3.353985071182251
2015-04-22,3.3346352577209473
2015-04-23,3.2894845008850098
2015-04-24,3.353985071182251
2015-04-27,3.3475353717803955
2015-04-28,3.3410847187042236
2015-04-29,3.2894845008850098
2015-04-30,3.308835029602051
2015-05-01,3.321735143661499
2015-05-04,3.321735143661499
2015-05-05,3.321735143661499
2015-05-06,3.2185351848602295
2015-05-07,3.166936159133911
2015-05-08,3.224985122680664
2015-05-11,3.173386335372925
2015-05-12,3.134686231613159
2015-05-13,3.173386335372925
2015-05-14,3.1604862213134766
2015-05-15,3.231435775756836
2015-05-18,3.231435775756836
2015-05-19,3.173386335372925
2015-05-20,3.173386335372925
2015-05-21,3.121786117553711
2015-05-22,3.1798362731933594
2015-05-25,3.141136646270752
2015-05-26,3.141136646270752
2015-05-27,3.0830860137939453
2015-05-28,3.0766358375549316
2015-05-29,3.089536666870117
2015-06-01,3.10888671875
2015-06-02,3.134686231613159
2015-06-03,3.0314865112304688
2015-06-04,2.966986894607544
2015-06-05,2.992786169052124
2015-06-09,2.9411871433258057
2015-06-10,2.966986894607544
2015-06-11,2.979886531829834
2015-06-12,2.9605369567871094
2015-06-15,2.9605369567871094
2015-06-16,2.8960366249084473
2015-06-17,2.90248703956604
2015-06-18,2.837987184524536
2015-06-19,2.9411871433258057
2015-06-22,3.0379364490509033
2015-06-23,3.0830860137939453
2015-06-24,3.0250370502471924
2015-06-25,2.986337423324585
2015-06-26,2.9605064392089844
2015-06-29,2.927391529083252
2015-06-30,2.993621826171875
2015-07-01,3.013490676879883
2015-07-02,3.0730984210968018
2015-07-03,3.0664758682250977
2015-07-06,3.0002453327178955
2015-07-07,3.0664758682250977
2015-07-08,3.0664758682250977
2015-07-09,3.0399839878082275
2015-07-10,3.0532302856445312
2015-07-13,3.033360719680786
2015-07-14,3.0863447189331055
2015-07-15,3.132706642150879
2015-07-16,3.132706642150879
2015-07-17,3.1260831356048584
2015-07-20,3.132706642150879
2015-07-21,3.092968225479126
2015-07-22,3.0730984210968018
2015-07-23,3.0466065406799316
2015-07-24,3.0002453327178955
2015-07-27,3.0863447189331055
2015-07-28,3.0201146602630615
2015-07-29,3.1260831356048584
2015-07-30,3.1062145233154297
2015-07-31,3.132706642150879
2015-08-03,3.1525754928588867
2015-08-04,3.2651679515838623
2015-08-05,3.218806028366089
2015-08-06,3.172445058822632
2015-08-07,3.1260831356048584
2015-08-10,3.139329433441162
2015-08-11,3.112837076187134
2015-08-12,3.059852361679077
2015-08-13,3.092968225479126
2015-08-14,3.112837076187134
2015-08-17,3.0863447189331055
2015-08-18,3.0002453327178955
2015-08-19,3.099590539932251
2015-08-20,3.059852361679077
2015-08-21,2.9406373500823975
2015-08-24,2.847914934158325
2015-08-25,2.9008991718292236
2015-08-26,2.934014081954956
2015-08-27,2.9406373500823975
2015-08-28,2.9472601413726807
2015-08-31,2.9406373500823975
2015-09-01,2.8611607551574707
2015-09-02,2.8545377254486084
2015-09-03,2.82804536819458
2015-09-04,2.82804536819458
2015-09-07,2.8346688747406006
2015-09-08,2.867783784866333
2015-09-09,2.9406373500823975
2015-09-10,2.8810298442840576
2015-09-11,2.907522201538086
2015-09-14,2.907522201538086
2015-09-15,2.8611607551574707
2015-09-16,2.841291666030884
2015-09-17,2.8611607551574707
2015-09-18,2.9008991718292236
2015-09-21,2.82804536819458
2015-09-22,2.867783784866333
2015-09-23,2.808176279067993
2015-09-24,2.8810298442840576
2015-09-25,2.8810298442840576
2015-09-28,2.9406373500823975
2015-09-29,2.808176279067993
2015-09-30,2.8810298442840576
2015-10-01,2.934014081954956
2015-10-02,2.8611607551574707
2015-10-05,2.9406373500823975
2015-10-06,2.9141457080841064
2015-10-07,2.907522201538086
2015-10-08,2.8744070529937744
2015-10-09,2.8744070529937744
2015-10-12,2.841291666030884
2015-10-13,2.8545377254486084
2015-10-14,2.8346688747406006
2015-10-15,2.847914934158325
2015-10-16,2.867783784866333
2015-10-19,2.867783784866333
2015-10-20,2.841291666030884
2015-10-21,2.82804536819458
2015-10-22,2.8611607551574707
2015-10-23,2.934014081954956
2015-10-26,2.9472601413726807
2015-10-27,2.9605064392089844
2015-10-28,2.97375226020813
2015-10-29,2.9803757667541504
2015-10-30,2.97375226020813
2015-11-02,2.9406373500823975
2015-11-03,2.9605064392089844
2015-11-04,2.9803757667541504
2015-11-05,2.9472601413726807
2015-11-06,3.0002453327178955
2015-11-09,2.9141457080841064
2015-11-10,2.8744070529937744
2015-11-11,2.9207682609558105
2015-11-12,2.907522201538086
2015-11-13,2.927391529083252
2015-11-16,2.8545377254486084
2015-11-17,2.9008991718292236
2015-11-18,2.934014081954956
2015-11-19,2.967129945755005
2015-11-20,3.0002453327178955
2015-11-23,3.0399839878082275
2015-11-24,2.993621826171875
2015-11-25,2.986999034881592
2015-11-26,2.9605064392089844
2015-11-27,2.993621826171875
2015-11-30,2.9605064392089844
2015-12-01,3.013490676879883
2015-12-02,3.0002453327178955
2015-12-03,2.9803757667541504
2015-12-04,2.9406373500823975
2015-12-07,2.967129945755005
2015-12-08,2.993621826171875
2015-12-09,2.967129945755005
2015-12-10,2.907522201538086
2015-12-11,2.927391529083252
2015-12-14,2.867783784866333
2015-12-15,2.867783784866333
2015-12-16,2.993621826171875
2015-12-17,3.059852361679077
2015-12-18,3.0466065406799316
2015-12-21,3.0399839878082275
2015-12-22,3.0466065406799316
2015-12-23,3.0664758682250977
2015-12-24,3.0730984210968018
2015-12-28,3.0730984210968018
2015-12-29,3.163785219192505
2015-12-30,3.1910579204559326
2015-12-31,3.09559965133667
2016-01-04,3.0751445293426514
2016-01-05,3.0546886920928955
2016-01-06,3.061506509780884
2016-01-07,3.000140905380249
2016-01-08,2.9728662967681885
2016-01-11,2.952410936355591
2016-01-12,2.938774347305298
2016-01-13,3.0546886920928955
2016-01-14,3.013777256011963
2016-01-15,2.9592301845550537
2016-01-18,2.966048002243042
2016-01-19,2.9728662967681885
2016-01-20,2.986503839492798
2016-01-21,2.9728662967681885
2016-01-22,2.986503839492798
2016-01-25,3.0205960273742676
2016-01-27,3.013777256011963
2016-01-28,3.027414560317993
2016-01-29,3.027414560317993
2016-02-01,3.061506509780884
2016-02-02,3.04787015914917
2016-02-03,3.0410516262054443
2016-02-04,3.0342328548431396
2016-02-05,3.04787015914917
2016-02-08,3.061506509780884
2016-02-09,3.000140905380249
2016-02-10,2.952410936355591
2016-02-11,2.9728662967681885
2016-02-12,2.9455935955047607
2016-02-15,2.979684829711914
2016-02-16,2.979684829711914
2016-02-17,2.979684829711914
2016-02-18,3.013777256011963
2016-02-19,3.0069589614868164
2016-02-22,3.013777256011963
2016-02-23,3.0410516262054443
2016-02-24,3.0410516262054443
2016-02-25,3.0410516262054443
2016-02-26,3.0410516262054443
2016-02-29,3.0069589614868164
2016-03-01,3.061506509780884
2016-03-02,3.1024186611175537
2016-03-03,3.1365106105804443
2016-03-04,3.0342328548431396
2016-03-07,3.027414560317993
2016-03-08,3.0546886920928955
2016-03-09,3.1228747367858887
2016-03-10,3.1365106105804443
2016-03-11,3.1365106105804443
2016-03-14,3.197877883911133
2016-03-15,3.1433298587799072
2016-03-16,3.170602798461914
2016-03-17,3.184239625930786
2016-03-18,3.204694986343384
2016-03-21,3.204694986343384
2016-03-22,3.170602798461914
2016-03-23,3.170602798461914
2016-03-24,3.197877883911133
2016-03-29,3.163785219192505
2016-03-30,3.1228747367858887
2016-03-31,3.163785219192505
2016-04-01,3.1024186611175537
2016-04-04,3.116055727005005
2016-04-05,3.116055727005005
2016-04-06,3.116055727005005
2016-04-07,3.1092374324798584
2016-04-08,3.1228747367858887
2016-04-11,3.116055727005005
2016-04-12,3.1092374324798584
2016-04-13,3.129692792892456
2016-04-14,3.1024186611175537
2016-04-15,3.129692792892456
2016-04-18,3.1910579204559326
2016-04-19,3.1910579204559326
2016-04-20,3.218332529067993
2016-04-21,3.238788366317749
2016-04-22,3.218332529067993
2016-04-26,3.211514711380005
2016-04-27,3.2660629749298096
2016-04-28,3.286518096923828
2016-04-29,3.2660629749298096
2016-05-02,3.3206114768981934
2016-05-03,3.409250259399414
2016-05-04,3.456979751586914
2016-05-05,3.4501612186431885
2016-05-06,3.4024317264556885
2016-05-09,3.456979751586914
2016-05-10,3.5456202030181885
2016-05-11,3.531984567642212
2016-05-12,3.531984567642212
2016-05-13,3.5456202030181885
2016-05-16,3.5660765171051025
2016-05-17,3.6138057708740234
2016-05-18,3.6206257343292236
2016-05-19,3.593350648880005
2016-05-20,3.6274428367614746
2016-05-23,3.6274428367614746
2016-05-24,3.6069869995117188
2016-05-25,3.6410794258117676
2016-05-26,3.5865321159362793
2016-05-27,3.600167989730835
2016-05-30,3.6206257343292236
2016-05-31,3.593350648880005
2016-06-01,3.572894811630249
2016-06-02,3.5865321159362793
2016-06-03,3.57971453666687
2016-06-06,3.5592572689056396
2016-06-07,3.5660765171051025
2016-06-08,3.5660765171051025
2016-06-09,3.5865321159362793
2016-06-10,3.5388031005859375
2016-06-14,3.42970609664917
2016-06-15,3.409250259399414
2016-06-16,3.4501612186431885
2016-06-17,3.4842541217803955
2016-06-20,3.511528968811035
2016-06-21,3.5388031005859375
2016-06-22,3.5388031005859375
2016-06-23,3.4774365425109863
2016-06-24,3.4228882789611816
2016-06-27,3.4774365425109863
2016-06-28,3.4774365425109863
2016-06-29,3.51666522026062
2016-06-30,3.5446863174438477
2016-07-01,3.6287498474121094
2016-07-04,3.691798210144043
2016-07-05,3.642760992050171
2016-07-06,3.649766683578491
2016-07-07,3.6637766361236572
2016-07-08,3.677788496017456
2016-07-11,3.740835428237915
2016-07-12,3.740835428237915
2016-07-13,3.72682523727417
2016-07-14,3.8038833141326904
2016-07-15,3.7618517875671387
2016-07-18,3.7968780994415283
2016-07-19,3.852919816970825
2016-07-20,3.873936414718628
2016-07-21,3.873936414718628
2016-07-22,3.859924793243408
2016-07-25,3.8809423446655273
2016-07-26,3.894951820373535
2016-07-27,3.8809423446655273
2016-07-28,3.9089624881744385
2016-07-29,3.9089624881744385
2016-08-01,3.9579994678497314
2016-08-02,3.8809423446655273
2016-08-03,3.859924793243408
2016-08-04,3.873936414718628
2016-08-05,3.873936414718628
2016-08-08,3.852919816970825
2016-08-09,3.838909149169922
2016-08-10,3.8809423446655273
2016-08-11,3.894951820373535
2016-08-12,3.8459150791168213
2016-08-15,3.9019579887390137
2016-08-16,3.859924793243408
2016-08-17,3.852919816970825
2016-08-18,3.8319051265716553
2016-08-19,3.8459150791168213
2016-08-22,3.859924793243408
2016-08-23,3.986021041870117
2016-08-24,4.0420637130737305
2016-08-25,4.119122505187988
2016-08-26,4.091101169586182
2016-08-29,4.119122505187988
2016-08-30,4.084095478057861
2016-08-31,4.098106384277344
2016-09-01,4.077090263366699
2016-09-02,3.9579994678497314
2016-09-05,3.9439902305603027
2016-09-06,3.922973871231079
2016-09-07,3.873936414718628
2016-09-08,3.8879470825195312
2016-09-09,3.768857002258301
2016-09-12,3.635756731033325
2016-09-13,3.6637766361236572
2016-09-14,3.649766683578491
2016-09-15,3.635756731033325
2016-09-16,3.6637766361236572
2016-09-19,3.6707816123962402
2016-09-20,3.6637766361236572
2016-09-21,3.768857002258301
2016-09-22,3.768857002258301
2016-09-23,3.5446863174438477
2016-09-26,3.579714059829712
2016-09-27,3.5657029151916504
2016-09-28,3.649766683578491
2016-09-29,3.6217451095581055
2016-09-30,3.579714059829712
2016-10-03,3.635756731033325
2016-10-04,3.579714059829712
2016-10-05,3.5657029151916504
2016-10-06,3.5657029151916504
2016-10-07,3.502655029296875
2016-10-10,3.4746339321136475
2016-10-11,3.453617572784424
2016-10-12,3.48864483833313
2016-10-13,3.48864483833313
2016-10-14,3.502655029296875
2016-10-17,3.4676287174224854
2016-10-18,3.4606235027313232
2016-10-19,3.4185917377471924
2016-10-20,3.4115850925445557
2016-10-21,3.397575616836548
2016-10-24,3.3765597343444824
2016-10-25,3.397575616836548
2016-10-26,3.3345279693603516
2016-10-27,3.2995009422302246
2016-10-28,3.2504634857177734
2016-10-31,3.2924952507019043
2016-11-01,3.3065059185028076
2016-11-02,3.27848482131958
2016-11-03,3.2434585094451904
2016-11-04,3.2224419116973877
2016-11-07,3.27848482131958
2016-11-08,3.2924952507019043
2016-11-09,3.2014265060424805
2016-11-10,3.1173629760742188
2016-11-11,3.0192885398864746
2016-11-14,3.0543150901794434
2016-11-15,3.040303945541382
2016-11-16,3.0473101139068604
2016-11-17,3.0543150901794434
2016-11-18,3.0473101139068604
2016-11-21,3.026294231414795
2016-11-22,3.096346855163574
2016-11-23,3.1523895263671875
2016-11-24,3.173405408859253
2016-11-25,3.187415838241577
2016-11-28,3.1173629760742188
2016-11-29,3.1593949794769287
2016-11-30,3.1663994789123535
2016-12-01,3.1033518314361572
2016-12-02,3.089341878890991
2016-12-05,3.082336187362671
2016-12-06,3.1243679523468018
2016-12-07,3.1523895263671875
2016-12-08,3.180410385131836
2016-12-09,3.187415838241577
2016-12-12,3.180410385131836
2016-12-13,3.2434585094451904
2016-12-14,3.27848482131958
2016-12-15,3.2364535331726074
2016-12-16,3.2154369354248047
2016-12-19,3.2644736766815186
2016-12-20,3.2854905128479004
2016-12-21,3.2924952507019043
2016-12-22,3.3415329456329346
2016-12-23,3.369554281234741
2016-12-28,3.3835647106170654
2016-12-29,3.3864529132843018
2016-12-30,3.422555685043335
2017-01-03,3.4514379501342773
2017-01-04,3.408114433288574
2017-01-05,3.3936731815338135
2017-01-06,3.415334463119507
2017-01-09,3.415334463119507
2017-01-10,3.3936731815338135
2017-01-11,3.364790678024292
2017-01-12,3.2925853729248047
2017-01-13,3.2853641510009766
2017-01-16,3.2853641510009766
2017-01-17,3.263702869415283
2017-01-18,3.3070261478424072
2017-01-19,3.263702869415283
2017-01-20,3.2853641510009766
2017-01-23,3.2709238529205322
2017-01-24,3.343129873275757
2017-01-25,3.321467399597168
2017-01-27,3.3936731815338135
2017-01-30,3.379232406616211
2017-01-31,3.3936731815338135
2017-02-01,3.415334463119507
2017-02-02,3.3575711250305176
2017-02-03,3.379232406616211
2017-02-06,3.415334463119507
2017-02-07,3.480320692062378
2017-02-08,3.480320692062378
2017-02-09,3.5525264739990234
2017-02-10,3.538085460662842
2017-02-13,3.574187994003296
2017-02-14,3.581408739089966
2017-02-15,3.566967248916626
2017-02-16,3.574187994003296
2017-02-17,3.5525264739990234
2017-02-20,3.574187994003296
2017-02-21,3.5886292457580566
2017-02-22,3.5886292457580566
2017-02-23,3.595850706100464
2017-02-24,3.754702091217041
2017-02-27,3.7474825382232666
2017-02-28,3.7980265617370605
2017-03-01,3.8485701084136963
2017-03-02,3.7763640880584717
2017-03-03,3.812467336654663
2017-03-06,3.812467336654663
2017-03-07,3.8774518966674805
2017-03-08,3.8774518966674805
2017-03-09,3.8702313899993896
2017-03-10,3.8413496017456055
2017-03-13,3.8991148471832275
2017-03-14,3.9352171421051025
2017-03-15,3.9496588706970215
2017-03-16,3.9785401821136475
2017-03-17,3.9496588706970215
2017-03-20,3.913555383682251
2017-03-21,3.8918936252593994
2017-03-22,3.920776128768921
2017-03-23,3.956879138946533
2017-03-24,3.9640989303588867
2017-03-27,3.9857614040374756
2017-03-28,4.021862983703613
2017-03-29,4.036305904388428
2017-03-30,4.065188407897949
2017-03-31,3.9857614040374756
2017-04-03,4.0435261726379395
2017-04-04,4.050747394561768
2017-04-05,4.079627990722656
2017-04-06,4.101290225982666
2017-04-07,4.101290225982666
2017-04-10,4.137393951416016
2017-04-11,4.137393951416016
2017-04-12,4.1807169914245605
2017-04-13,4.166275978088379
2017-04-18,4.1807169914245605
2017-04-19,4.108510971069336
2017-04-20,4.151834964752197
2017-04-21,4.122951984405518
2017-04-24,4.086850166320801
2017-04-26,4.101290225982666
2017-04-27,4.0940704345703125
2017-04-28,4.0940704345703125
2017-05-01,4.137393951416016
2017-05-02,4.238481044769287
2017-05-03,4.173497200012207
2017-05-04,4.195157527923584
2017-05-05,4.195157527923584
2017-05-08,4.202378273010254
2017-05-09,4.231260299682617
2017-05-10,4.2240400314331055
2017-05-11,4.209599018096924
2017-05-12,4.166275978088379
2017-05-15,4.173497200012207
2017-05-16,4.195157527923584
2017-05-17,4.130172252655029
2017-05-18,4.130172252655029
2017-05-19,4.130172252655029
2017-05-22,4.130172252655029
2017-05-23,4.159055233001709
2017-05-24,4.1807169914245605
2017-05-25,4.1807169914245605
2017-05-26,4.173497200012207
2017-05-29,4.151834964752197
2017-05-30,4.079627990722656
2017-05-31,4.108510971069336
2017-06-01,4.173497200012207
2017-06-02,4.216819763183594
2017-06-05,4.2240400314331055
2017-06-06,4.151834964752197
2017-06-07,4.130172252655029
2017-06-08,4.1157307624816895
2017-06-09,4.130172252655029
2017-06-13,4.216819763183594
2017-06-14,4.274585247039795
2017-06-15,4.260143280029297
2017-06-16,4.274585247039795
2017-06-19,4.310687065124512
2017-06-20,4.231260299682617
2017-06-21,4.173497200012207
2017-06-22,4.159055233001709
2017-06-23,4.151834964752197
2017-06-26,4.130172252655029
2017-06-27,4.1157307624816895
2017-06-28,4.1157307624816895
2017-06-29,4.142456531524658
2017-06-30,4.083067893981934
2017-07-03,4.038525104522705
2017-07-04,4.075643062591553
2017-07-05,4.023676872253418
2017-07-06,4.031100273132324
2017-07-07,4.001405715942383
2017-07-10,4.008829593658447
2017-07-11,3.9642868041992188
2017-07-12,3.852931261062622
2017-07-13,3.9048969745635986
2017-07-14,3.9420158863067627
2017-07-17,3.9197447299957275
2017-07-18,3.860353946685791
2017-07-19,3.890049934387207
2017-07-20,3.8974733352661133
2017-07-21,3.927168369293213
2017-07-24,3.8455052375793457
2017-07-25,3.87520170211792
2017-07-26,3.8826258182525635
2017-07-27,3.9048969745635986
2017-07-28,3.838083267211914
2017-07-31,3.852931261062622
2017-08-01,3.927168369293213
2017-08-02,3.9048969745635986
2017-08-03,3.927168369293213
2017-08-04,3.927168369293213
2017-08-07,3.9568631649017334
2017-08-08,3.9568631649017334
2017-08-09,3.9642868041992188
2017-08-10,3.971710205078125
2017-08-11,3.971710205078125
2017-08-14,3.9642868041992188
2017-08-15,4.045947551727295
2017-08-16,4.09049129486084
2017-08-17,4.261237621307373
2017-08-18,4.246388912200928
2017-08-21,4.246388912200928
2017-08-22,4.268661022186279
2017-08-23,4.224118232727051
2017-08-24,4.097915172576904
2017-08-25,4.1201863288879395
2017-08-28,4.127609729766846
2017-08-29,4.105337619781494
2017-08-30,4.127609729766846
2017-08-31,4.20927095413208
2017-09-01,4.149881362915039
2017-09-04,4.1573052406311035
2017-09-05,4.179575443267822
2017-09-06,4.231541156768799
2017-09-07,4.127609729766846
2017-09-08,4.194423198699951
2017-09-11,4.224118232727051
2017-09-12,4.201848030090332
2017-09-13,4.231541156768799
2017-09-14,4.283508777618408
2017-09-15,4.224118232727051
2017-09-18,4.23896598815918
2017-09-19,4.179575443267822
2017-09-20,4.1573052406311035
2017-09-21,4.008829593658447
2017-09-22,4.008829593658447
2017-09-25,4.001405715942383
2017-09-26,3.971710205078125
2017-09-27,3.9791347980499268
2017-09-28,3.9642868041992188
2017-09-29,3.986558675765991
2017-10-02,4.001405715942383
2017-10-03,3.986558675765991
2017-10-04,3.9642868041992188
2017-10-05,3.9568631649017334
2017-10-06,3.9642868041992188
2017-10-09,4.016253471374512
2017-10-10,4.001405715942383
2017-10-11,4.053372383117676
2017-10-12,4.068220138549805
2017-10-13,4.083067893981934
2017-10-16,4.105337619781494
2017-10-17,4.105337619781494
2017-10-18,4.13503360748291
2017-10-19,4.194423198699951
2017-10-20,4.194423198699951
2017-10-23,4.16472864151001
2017-10-24,4.179575443267822
2017-10-25,4.186999797821045
2017-10-26,4.20927095413208
2017-10-27,4.216695308685303
2017-10-30,4.290932655334473
2017-10-31,4.305780410766602
2017-11-01,4.342897891998291
2017-11-02,4.342897891998291
2017-11-03,4.3874406814575195
2017-11-06,4.454255104064941
2017-11-07,4.454255104064941
2017-11-08,4.469102382659912
2017-11-09,4.587883472442627
2017-11-10,4.602729797363281
2017-11-13,4.610153675079346
2017-11-14,4.5284929275512695
2017-11-15,4.535916805267334
2017-11-16,4.573036193847656
2017-11-17,4.610153675079346
2017-11-20,4.558188438415527
2017-11-21,4.580458641052246
2017-11-22,4.565611839294434
2017-11-23,4.573036193847656
2017-11-24,4.602729797363281
2017-11-27,4.625000953674316
2017-11-28,4.676969051361084
2017-11-29,4.662120819091797
2017-11-30,4.684391498565674
2017-12-01,4.6695451736450195
2017-12-04,4.6695451736450195
2017-12-05,4.550764560699463
2017-12-06,4.617577075958252
2017-12-07,4.6695451736450195
2017-12-08,4.662120819091797
2017-12-11,4.706663131713867
2017-12-12,4.743781089782715
2017-12-13,4.758628845214844
2017-12-14,4.736358165740967
2017-12-15,4.743781089782715
2017-12-18,4.758628845214844
2017-12-19,4.773477077484131
2017-12-20,4.721511363983154
2017-12-21,4.602729797363281
2017-12-22,4.587883472442627
2017-12-27,4.558188438415527
2017-12-28,4.631314277648926
2017-12-29,4.585610866546631
2018-01-02,4.600844383239746
2018-01-03,4.593227863311768
2018-01-04,4.608461380004883
2018-01-05,4.638930797576904
2018-01-08,4.677017688751221
2018-01-09,4.677017688751221
2018-01-10,4.593227863311768
2018-01-11,4.547523498535156
2018-01-12,4.532288074493408
2018-01-15,4.509437084197998
2018-01-16,4.463733673095703
2018-01-17,4.463733673095703
2018-01-18,4.463733673095703
2018-01-19,4.5246710777282715
2018-01-22,4.532288074493408
2018-01-23,4.570375442504883
2018-01-24,4.600844383239746
2018-01-25,4.547523498535156
2018-01-29,4.49420166015625
2018-01-30,4.44088077545166
2018-01-31,4.49420166015625
2018-02-01,4.517054557800293
2018-02-02,4.5246710777282715
2018-02-05,4.49420166015625
2018-02-06,4.250448226928711
2018-02-07,4.2580671310424805
2018-02-08,4.250448226928711
2018-02-09,4.273301124572754
2018-02-12,4.189511299133301
2018-02-13,4.265684127807617
2018-02-14,4.303770542144775
2018-02-15,4.303770542144775
2018-02-16,4.379942893981934
2018-02-19,4.372325420379639
2018-02-20,4.372325420379639
2018-02-21,4.448498249053955
2018-02-22,4.3875603675842285
2018-02-23,4.425647735595703
2018-02-26,4.463733673095703
2018-02-27,4.478968143463135
2018-02-28,4.456114768981934
2018-03-01,4.410412311553955
2018-03-02,4.44088077545166
2018-03-05,4.41802978515625
2018-03-06,4.41802978515625
2018-03-07,4.395176887512207
2018-03-08,4.43326473236084
2018-03-09,4.471351146697998
2018-03-12,4.4865851402282715
2018-03-13,4.49420166015625
2018-03-14,4.463733673095703
2018-03-15,4.456114768981934
2018-03-16,4.4865851402282715
2018-03-19,4.501819610595703
2018-03-20,4.43326473236084
2018-03-21,4.448498249053955
2018-03-22,4.402795314788818
2018-03-23,4.34947395324707
2018-03-26,4.319005012512207
2018-03-27,4.34947395324707
2018-03-28,4.379942893981934
2018-03-29,4.364708423614502
2018-04-03,4.288536071777344
2018-04-04,4.319005012512207
2018-04-05,4.334239482879639
2018-04-06,4.364708423614502
2018-04-09,4.410412311553955
2018-04-10,4.425647735595703
2018-04-11,4.3875603675842285
2018-04-12,4.326622009277344
2018-04-13,4.334239482879639
2018-04-16,4.319005012512207
2018-04-17,4.319005012512207
2018-04-18,4.334239482879639
2018-04-19,4.319005012512207
2018-04-20,4.280919075012207
2018-04-23,4.273301124572754
2018-04-24,4.341856956481934
2018-04-26,4.3875603675842285
2018-04-27,4.410412311553955
2018-04-30,4.49420166015625
2018-05-01,4.616078853607178
2018-05-02,4.677017688751221
2018-05-03,4.730339050292969
2018-05-04,4.715103626251221
2018-05-07,4.760807514190674
2018-05-08,4.7379560470581055
2018-05-09,4.760807514190674
2018-05-10,4.7379560470581055
2018-05-11,4.707486629486084
2018-05-14,4.768425941467285
2018-05-15,4.760807514190674
2018-05-16,4.730339050292969
2018-05-17,4.646547794342041
2018-05-18,4.692252159118652
2018-05-21,4.677017688751221
2018-05-22,4.646547794342041
2018-05-23,4.768425941467285
2018-05-24,4.814128875732422
2018-05-25,4.875068187713623
2018-05-28,4.913153171539307
2018-05-29,4.859832286834717
2018-05-30,4.844597816467285
2018-05-31,4.85221529006958
2018-06-01,4.85221529006958
2018-06-04,4.897918224334717
2018-06-05,4.814128875732422
2018-06-06,4.844597816467285
2018-06-07,4.83698034286499
2018-06-08,4.844597816467285
2018-06-12,4.89030122756958
2018-06-13,4.882683753967285
2018-06-14,4.859832286834717
2018-06-15,4.905535697937012
2018-06-18,4.951240062713623
2018-06-19,4.951240062713623
2018-06-20,4.9817094802856445
2018-06-21,5.027413368225098
2018-06-22,5.027413368225098
2018-06-25,4.996943950653076
2018-06-26,5.042646884918213
2018-06-27,5.019796371459961
2018-06-28,5.1150689125061035
2018-06-29,5.091640472412109
2018-07-02,5.146305561065674
2018-07-03,5.146305561065674
2018-07-04,5.146305561065674
2018-07-05,5.16973352432251
2018-07-06,5.208779811859131
2018-07-09,5.200970649719238
2018-07-10,5.1775431632995605
2018-07-11,5.1072587966918945
2018-07-12,5.193161964416504
2018-07-13,5.216588020324707
2018-07-16,5.1775431632995605
2018-07-17,5.1384968757629395
2018-07-18,5.146305561065674
2018-07-19,5.1384968757629395
2018-07-20,5.16973352432251
2018-07-23,5.16973352432251
2018-07-24,5.154115676879883
2018-07-25,5.1384968757629395
2018-07-26,5.161923408508301
2018-07-27,5.23220682144165
2018-07-30,5.193161964416504
2018-07-31,5.224398612976074
2018-08-01,5.208779811859131
2018-08-02,5.240017414093018
2018-08-03,5.318110466003418
2018-08-06,5.388392448425293
2018-08-07,5.372774600982666
2018-08-08,5.364964962005615
2018-08-09,5.380583763122559
2018-08-10,5.357155799865723
2018-08-13,5.364964962005615
2018-08-14,5.435248374938965
2018-08-15,5.5445780754089355
2018-08-16,5.513340950012207
2018-08-17,5.583625316619873
2018-08-20,5.536768913269043
2018-08-21,5.521150588989258
2018-08-22,5.443057537078857
2018-08-23,5.294682502746582
2018-08-24,5.380583763122559
2018-08-27,5.427439212799072
2018-08-28,5.497723579406738
2018-08-29,5.591433525085449
2018-08-30,5.568005561828613
2018-08-31,5.560196876525879
2018-09-03,5.614861011505127
2018-09-04,5.630480766296387
2018-09-05,5.614861011505127
2018-09-06,5.591433525085449
2018-09-07,5.591433525085449
2018-09-10,5.575814723968506
2018-09-11,5.599243640899658
2018-09-12,5.599243640899658
2018-09-13,5.607053279876709
2018-09-14,5.599243640899658
2018-09-17,5.646099090576172
2018-09-18,5.677335739135742
2018-09-19,5.599243640899658
2018-09-20,5.521150588989258
2018-09-21,5.521150588989258
2018-09-24,5.513340950012207
2018-09-25,5.591433525085449
2018-09-26,5.630480766296387
2018-09-27,5.630480766296387
2018-09-28,5.591433525085449
2018-10-01,5.552387714385986
2018-10-02,5.513340950012207
2018-10-03,5.528959274291992
2018-10-04,5.5055317878723145
2018-10-05,5.450868129730225
2018-10-08,5.458676338195801
2018-10-09,5.404011249542236
2018-10-10,5.427439212799072
2018-10-11,5.372774600982666
2018-10-12,5.341538429260254
2018-10-15,5.263443946838379
2018-10-16,5.23220682144165
2018-10-17,5.364964962005615
2018-10-18,5.435248374938965
2018-10-19,5.489912986755371
2018-10-22,5.552387714385986
2018-10-23,5.513340950012207
2018-10-24,5.497723579406738
2018-10-25,5.404011249542236
2018-10-26,5.372774600982666
2018-10-29,5.364964962005615
2018-10-30,5.396202087402344
2018-10-31,5.388392448425293
2018-11-01,5.302490711212158
2018-11-02,5.294682502746582
2018-11-05,5.200970649719238
2018-11-06,5.2790632247924805
2018-11-07,5.380583763122559
2018-11-08,5.443057537078857
2018-11-09,5.536768913269043
2018-11-12,5.560196876525879
2018-11-13,5.513340950012207
2018-11-14,5.411819934844971
2018-11-15,5.3337273597717285
2018-11-16,5.318110466003418
2018-11-19,5.318110466003418
2018-11-20,5.310300827026367
2018-11-21,5.364964962005615
2018-11-22,5.466484546661377
2018-11-23,5.435248374938965
2018-11-26,5.4821038246154785
2018-11-27,5.489912986755371
2018-11-28,5.528959274291992
2018-11-29,5.552387714385986
2018-11-30,5.458676338195801
2018-12-03,5.536768913269043
2018-12-04,5.466484546661377
2018-12-05,5.443057537078857
2018-12-06,5.661717414855957
2018-12-07,5.739810466766357
2018-12-10,5.724190711975098
2018-12-11,5.825711727142334
2018-12-12,5.927231788635254
2018-12-13,5.833520889282227
2018-12-14,5.880376815795898
2018-12-17,5.895994663238525
2018-12-18,5.864757537841797
2018-12-19,5.841330528259277
2018-12-20,5.958469867706299
2018-12-21,5.895994663238525
2018-12-24,5.880376815795898
2018-12-27,5.942850589752197
2018-12-28,5.986752986907959
2018-12-31,5.922895431518555
2019-01-02,5.867019176483154
2019-01-03,5.882983207702637
2019-01-04,5.859036922454834
2019-01-07,5.91491174697876
2019-01-08,5.843071460723877
2019-01-09,5.898947715759277
2019-01-10,5.946842670440674
2019-01-11,5.986752986907959
2019-01-14,5.986752986907959
2019-01-15,5.994736194610596
2019-01-16,6.018683433532715
2019-01-17,5.962806224822998
2019-01-18,5.994736194610596
2019-01-21,6.058594226837158
2019-01-22,6.114471435546875
2019-01-23,6.226223468780518
2019-01-24,6.353941917419434
2019-01-25,6.417799949645996
2019-01-29,6.481657981872559
2019-01-30,6.537534236907959
2019-01-31,6.569464206695557
2019-02-01,6.569464206695557
2019-02-04,6.665253639221191
2019-02-05,6.665253639221191
2019-02-06,6.7849884033203125
2019-02-07,6.856828689575195
2019-02-08,6.936652660369873
2019-02-11,6.888758182525635
2019-02-12,6.7849884033203125
2019-02-13,6.745075702667236
2019-02-14,6.7690229415893555
2019-02-15,6.856828689575195
2019-02-18,6.920686721801758
2019-02-19,7.032440185546875
2019-02-20,6.992528438568115
2019-02-21,6.992528438568115
2019-02-22,7.080334186553955
2019-02-25,7.104280471801758
2019-02-26,6.952618598937988
2019-02-27,6.952618598937988
2019-02-28,7.024457931518555
2019-03-01,7.136209487915039
2019-03-04,7.192087650299072
2019-03-05,7.327787399291992
2019-03-06,7.4634857177734375
2019-03-07,7.439539432525635
2019-03-08,7.43155574798584
2019-03-11,7.439539432525635
2019-03-12,7.423574924468994
2019-03-13,7.519362926483154
2019-03-14,7.535327434539795
2019-03-15,7.6470794677734375
2019-03-18,7.671026706695557
2019-03-19,7.6630449295043945
2019-03-20,7.7747955322265625
2019-03-21,7.846638202667236
2019-03-22,7.7907633781433105
2019-03-25,7.822690963745117
2019-03-26,7.934443473815918
2019-03-27,8.110054016113281
2019-03-28,8.205842018127441
2019-03-29,8.197863578796387
2019-04-01,8.094091415405273
2019-04-02,8.038213729858398
2019-04-03,7.990320682525635
2019-04-04,7.862605094909668
2019-04-05,7.878569602966309
2019-04-08,7.982337951660156
2019-04-09,7.958391189575195
2019-04-10,8.01426887512207
2019-04-11,8.078126907348633
2019-04-12,8.118038177490234
2019-04-15,8.08610725402832
2019-04-16,7.878569602966309
2019-04-17,7.7907633781433105
2019-04-18,7.782778739929199
2019-04-23,7.886550426483154
2019-04-24,7.998303413391113
2019-04-26,8.110054016113281
2019-04-29,8.006285667419434
2019-04-30,7.830676555633545
2019-05-01,7.910495281219482
2019-05-02,7.846638202667236
2019-05-03,7.862605094909668
2019-05-06,7.894531726837158
2019-05-07,8.01426887512207
2019-05-08,8.01426887512207
2019-05-09,8.046196937561035
2019-05-10,8.110054016113281
2019-05-13,8.197863578796387
2019-05-14,8.261720657348633
2019-05-15,8.205842018127441
2019-05-16,8.269701957702637
2019-05-17,8.38145637512207
2019-05-20,8.301631927490234
2019-05-21,8.501191139221191
2019-05-22,8.405401229858398
2019-05-23,8.517154693603516
2019-05-24,8.469261169433594
2019-05-27,8.437329292297363
2019-05-28,8.477242469787598
2019-05-29,8.365489959716797
2019-05-30,8.18988037109375
2019-05-31,8.253738403320312
2019-06-03,8.309613227844238
2019-06-04,8.421366691589355
2019-06-05,8.325579643249512
2019-06-06,8.748641967773438
2019-06-07,8.73267936706543
2019-06-11,8.916271209716797
2019-06-12,8.844429969787598
2019-06-13,8.996095657348633
2019-06-14,9.195653915405273
2019-06-17,9.051973342895508
2019-06-18,9.12381362915039
2019-06-19,8.876359939575195
2019-06-20,8.940220832824707
2019-06-21,8.868378639221191
2019-06-24,8.940220832824707
2019-06-25,9.099864959716797
2019-06-26,9.012060165405273
2019-06-27,8.924515724182129
2019-06-28,8.77861213684082
2019-07-01,8.900200843811035
2019-07-02,8.997469902038574
2019-07-03,9.216324806213379
2019-07-04,9.240643501281738
2019-07-05,9.33791446685791
2019-07-08,9.135270118713379
2019-07-09,9.232540130615234
2019-07-10,9.289280891418457
2019-07-11,9.524348258972168
2019-07-12,9.483819007873535
2019-07-15,9.34601879119873
2019-07-16,9.459502220153809
2019-07-17,9.451394081115723
2019-07-18,9.467607498168945
2019-07-19,9.38654899597168
2019-07-22,9.321701049804688
2019-07-23,9.572982788085938
2019-07-24,9.532453536987305
2019-07-25,9.41897201538086
2019-07-26,9.402762413024902
2019-07-29,9.34601879119873
2019-07-30,9.329809188842773
2019-07-31,9.175797462463379
2019-08-01,9.313596725463867
2019-08-02,9.572982788085938
2019-08-05,9.467607498168945
2019-08-06,9.02989387512207
2019-08-07,9.305490493774414
2019-08-08,9.467607498168945
2019-08-09,9.605406761169434
2019-08-12,9.605406761169434
2019-08-13,9.61351203918457
2019-08-14,9.791841506958008
2019-08-15,9.572982788085938
2019-08-16,9.710783004760742
2019-08-19,9.743206977844238
2019-08-20,10.051225662231445
2019-08-21,10.010698318481445
2019-08-22,10.026908874511719
2019-08-23,10.124178886413574
2019-08-26,10.16471004486084
2019-08-27,10.180919647216797
2019-08-28,10.16471004486084
2019-08-29,10.16471004486084
2019-08-30,10.25387191772461
2019-09-02,10.221449851989746
2019-09-03,10.367354393005371
2019-09-04,10.318719863891602
2019-09-05,10.383566856384277
2019-09-06,9.791841506958008
2019-09-09,9.735099792480469
2019-09-10,9.605406761169434
2019-09-11,9.06231689453125
2019-09-12,9.0217866897583
2019-09-13,8.956941604614258
2019-09-16,8.965045928955078
2019-09-17,9.362232208251953
2019-09-18,9.224434852600098
2019-09-19,9.297386169433594
2019-09-20,9.281172752380371
2019-09-23,9.289280891418457
2019-09-24,9.34601879119873
2019-09-25,9.435185432434082
2019-09-26,9.402762413024902
2019-09-27,9.38654899597168
2019-09-30,9.44328784942627
2019-10-01,9.645936012268066
2019-10-02,9.44328784942627
2019-10-03,9.313596725463867
2019-10-04,9.451394081115723
2019-10-07,9.654041290283203
2019-10-08,9.654041290283203
2019-10-09,9.702675819396973
2019-10-10,9.44328784942627
2019-10-11,9.313596725463867
2019-10-14,9.451394081115723
2019-10-15,9.540562629699707
2019-10-16,9.69456958770752
2019-10-17,9.645936012268066
2019-10-18,9.597298622131348
2019-10-21,9.743206977844238
2019-10-22,9.540562629699707
2019-10-23,9.524348258972168
2019-10-24,9.467607498168945
2019-10-25,9.491923332214355
2019-10-28,9.256855964660645
2019-10-29,9.240643501281738
2019-10-30,9.143375396728516
2019-10-31,9.159585952758789
2019-11-01,9.192008018493652
2019-11-04,9.224434852600098
2019-11-05,9.078529357910156
2019-11-06,8.932623863220215
2019-11-07,9.110952377319336
2019-11-08,8.624603271484375
2019-11-11,8.738080978393555
2019-11-12,8.713765144348145
2019-11-13,8.657023429870605
2019-11-14,8.673234939575195
2019-11-15,8.81103515625
2019-11-18,8.74618911743164
2019-11-19,8.827247619628906
2019-11-20,8.640812873840332
2019-11-21,8.600285530090332
2019-11-22,8.640812873840332
2019-11-25,8.665130615234375
2019-11-26,8.762399673461914
2019-11-27,8.843457221984863
2019-11-28,8.827247619628906
2019-11-29,8.762399673461914
2019-12-02,8.81103515625
2019-12-03,8.551650047302246
2019-12-04,8.478696823120117
2019-12-05,8.397638320922852
2019-12-06,8.567859649658203
2019-12-09,8.51111888885498
2019-12-10,8.519225120544434
2019-12-11,8.51111888885498
2019-12-12,8.908304214477539
2019-12-13,8.997469902038574
2019-12-16,9.33791446685791
2019-12-17,9.167692184448242
2019-12-18,9.200114250183105
2019-12-19,9.200114250183105
2019-12-20,9.240643501281738
2019-12-23,9.313596725463867
2019-12-24,9.33791446685791
2019-12-27,9.321701049804688
2019-12-30,9.424589157104492
2019-12-31,9.120040893554688
2020-01-02,9.169428825378418
2020-01-03,9.18588924407959
2020-01-06,9.268200874328613
2020-01-07,9.646831512451172
2020-01-08,9.556289672851562
2020-01-09,9.794989585876465
2020-01-10,9.786759376525879
2020-01-13,9.918457984924316
2020-01-14,10.206542015075684
2020-01-15,10.198315620422363
2020-01-16,10.330009460449219
2020-01-17,10.45347785949707
2020-01-20,10.502861976623535
2020-01-21,10.46170711517334
2020-01-22,10.49463176727295
2020-01-23,10.45347785949707
2020-01-24,10.387627601623535
2020-01-28,10.280623435974121
2020-01-29,10.297086715698242
2020-01-30,10.428784370422363
2020-01-31,10.585173606872559
2020-02-03,10.511093139648438
2020-02-04,10.527556419372559
2020-02-05,10.502861976623535
2020-02-06,10.45347785949707
2020-02-07,10.49463176727295
2020-02-10,10.527556419372559
2020-02-11,10.46170711517334
2020-02-12,10.535787582397461
2020-02-13,10.609867095947266
2020-02-14,10.692176818847656
2020-02-17,10.700409889221191
2020-02-18,10.790949821472168
2020-02-19,11.548210144042969
2020-02-20,11.441205978393555
2020-02-21,11.41651439666748
2020-02-24,11.33420181274414
2020-02-25,11.111963272094727
2020-02-26,10.733333587646484
2020-02-27,10.675715446472168
2020-02-28,10.272390365600586
2020-03-02,10.025460243225098
2020-03-03,10.058384895324707
2020-03-04,9.885531425476074
2020-03-05,10.033689498901367
2020-03-06,9.794989585876465
2020-03-09,9.235276222229004
2020-03-10,8.889572143554688
2020-03-11,8.453323364257812
2020-03-12,8.091154098510742
2020-03-13,7.975920677185059
2020-03-16,6.9964213371276855
2020-03-17,6.321471691131592
2020-03-18,5.79468297958374
2020-03-19,5.276124000549316
2020-03-20,5.901687145233154
2020-03-23,4.354243278503418
2020-03-24,4.617638111114502
2020-03-25,4.979805946350098
2020-03-26,5.226738929748535
2020-03-27,5.234969615936279
2020-03-30,5.416053771972656
2020-03-31,5.6465229988098145
2020-04-01,5.926380157470703
2020-04-02,6.058078289031982
2020-04-03,5.802914142608643
2020-04-06,6.06630802154541
2020-04-07,6.049846649169922
2020-04-08,6.082770824432373
2020-04-09,6.486093997955322
2020-04-14,6.107463836669922
2020-04-15,6.346165657043457
2020-04-16,5.967535495758057
2020-04-17,6.379090309143066
2020-04-20,6.115694522857666
2020-04-21,5.769989013671875
2020-04-22,5.942842483520508
2020-04-23,5.959303855895996
2020-04-24,5.753527641296387
2020-04-27,6.025153160095215
2020-04-28,5.786452293395996
2020-04-29,5.901687145233154
2020-04-30,6.296778678894043
2020-05-01,5.827608108520508
2020-05-04,5.885224342346191
2020-05-05,6.0169219970703125
2020-05-06,5.9346113204956055
2020-05-07,6.025153160095215
2020-05-08,6.115694522857666
2020-05-11,6.346165657043457
2020-05-12,6.255622863769531
2020-05-13,6.008691310882568
2020-05-14,6.263854503631592
2020-05-15,6.5025553703308105
2020-05-18,6.667177200317383
2020-05-19,6.872955799102783
2020-05-20,7.037576675415039
2020-05-21,7.119886875152588
2020-05-22,7.111656665802002
2020-05-25,7.449132442474365
2020-05-26,7.819530487060547
2020-05-27,7.827761173248291
2020-05-28,7.9183030128479
2020-05-29,7.975920677185059
2020-06-01,8.025304794311523
2020-06-02,7.9265336990356445
2020-06-03,8.074692726135254
2020-06-04,7.934765338897705
2020-06-05,7.9265336990356445
2020-06-09,8.519171714782715
2020-06-10,8.264008522033691
2020-06-11,7.942995548248291
2020-06-12,7.9265336990356445
2020-06-15,7.786606788635254
2020-06-16,8.099388122558594
2020-06-17,8.28869915008545
2020-06-18,8.206391334533691
2020-06-19,8.313394546508789
2020-06-22,8.198160171508789
2020-06-23,8.305163383483887
2020-06-24,8.2969331741333
2020-06-25,8.025304794311523
2020-06-26,8.132309913635254
2020-06-29,7.907742023468018
2020-06-30,8.125770568847656
2020-07-01,8.301871299743652
2020-07-02,8.662458419799805
2020-07-03,8.570212364196777
2020-07-06,8.578598022460938
2020-07-07,8.301871299743652
2020-07-08,7.974827766418457
2020-07-09,7.916125774383545
2020-07-10,7.983212947845459
2020-07-13,8.050298690795898
2020-07-14,8.033527374267578
2020-07-15,8.385727882385254
2020-07-16,8.218013763427734
2020-07-17,8.234785079956055
2020-07-20,8.234785079956055
2020-07-21,8.603757858276367
2020-07-22,8.327027320861816
2020-07-23,8.695999145507812
2020-07-24,8.436040878295898
2020-07-27,8.56182861328125
2020-07-28,8.595369338989258
2020-07-29,8.679227828979492
2020-07-30,8.805013656616211
2020-07-31,8.821785926818848
2020-08-03,8.830169677734375
2020-08-04,9.0314302444458
2020-08-05,9.073356628417969
2020-08-06,9.14882755279541
2020-08-07,9.123671531677246
2020-08-10,9.291385650634766
2020-08-11,9.400402069091797
2020-08-12,9.350086212158203
2020-08-13,9.392016410827637
2020-08-14,9.358471870422363
2020-08-17,9.433942794799805
2020-08-18,9.392016410827637
2020-08-19,9.433942794799805
2020-08-20,10.062871932983398
2020-08-21,10.306058883666992
2020-08-24,10.280902862548828
2020-08-25,10.599560737609863
2020-08-26,10.582788467407227
2020-08-27,10.59117317199707
2020-08-28,10.473773956298828
2020-08-31,10.490546226501465
2020-09-01,10.306058883666992
2020-09-02,10.666646957397461
2020-09-03,10.901447296142578
2020-09-04,10.490546226501465
2020-09-07,10.322831153869629
2020-09-08,10.498930931091309
2020-09-09,10.406689643859863
2020-09-10,10.41507339477539
2020-09-11,10.398301124572754
2020-09-14,10.331215858459473
2020-09-15,10.38153076171875
2020-09-16,10.758888244628906
2020-09-17,10.658259391784668
2020-09-18,10.364760398864746
2020-09-21,10.297672271728516
2020-09-22,10.18027400970459
2020-09-23,10.465386390686035
2020-09-24,10.297672271728516
2020-09-25,10.373144149780273
2020-09-28,10.540861129760742
2020-09-29,10.498930931091309
2020-09-30,10.42345905303955
2020-10-01,10.666646957397461
2020-10-02,10.80081844329834
2020-10-05,11.027231216430664
2020-10-06,11.102703094482422
2020-10-07,11.36266040802002
2020-10-08,11.345887184143066
2020-10-09,11.262030601501465
2020-10-12,11.203332901000977
2020-10-13,11.194945335388184
2020-10-14,11.253646850585938
2020-10-15,11.303961753845215
2020-10-16,11.111088752746582
2020-10-19,10.976916313171387
2020-10-20,11.027231216430664
2020-10-21,10.918216705322266
2020-10-22,10.876289367675781
2020-10-23,10.859517097473145
2020-10-26,10.80081844329834
2020-10-27,10.490546226501465
2020-10-28,10.515703201293945
2020-10-29,10.322831153869629
2020-10-30,10.347987174987793
2020-11-02,10.289288520812988
2020-11-03,10.515703201293945
2020-11-04,10.842745780944824
2020-11-05,11.211715698242188
2020-11-06,11.245261192321777
2020-11-09,11.555532455444336
2020-11-10,11.01884651184082
2020-11-11,11.61423397064209
2020-11-12,11.723247528076172
2020-11-13,11.85741901397705
2020-11-16,12.117374420166016
2020-11-17,11.39620304107666
2020-11-18,11.194945335388184
2020-11-19,11.203332901000977
2020-11-20,11.035618782043457
2020-11-23,10.951761245727539
2020-11-24,10.943374633789062
2020-11-25,10.985304832458496
2020-11-26,11.0020751953125
2020-11-27,11.169788360595703
2020-11-30,11.513604164123535
2020-12-01,11.899347305297852
2020-12-02,11.781947135925293
2020-12-03,11.932890892028809
2020-12-04,12.184460639953613
2020-12-07,12.15930461883545
2020-12-08,11.958046913146973
2020-12-09,11.907732009887695
2020-12-10,11.932890892028809
2020-12-11,12.00836181640625
2020-12-14,12.22638988494873
2020-12-15,12.352177619934082
2020-12-16,12.419262886047363
2020-12-17,12.486347198486328
2020-12-18,12.125761985778809
2020-12-21,11.974820137023926
2020-12-22,11.916118621826172
2020-12-23,12.352177619934082
2020-12-24,12.578593254089355
2020-12-29,12.729535102844238
2020-12-30,12.853057861328125
2020-12-31,12.488007545471191
2021-01-04,12.827588081359863
2021-01-05,12.776651382446289
2021-01-06,12.513476371765137
2021-01-07,11.885257720947266
2021-01-08,11.834319114685059
2021-01-11,11.749425888061523
2021-01-12,11.647552490234375
2021-01-13,11.596613883972168
2021-01-14,11.596613883972168
2021-01-15,11.40135669708252
2021-01-18,11.163650512695312
2021-01-19,11.32495403289795
2021-01-20,11.622082710266113
2021-01-21,11.995621681213379
2021-01-22,11.8767671585083
2021-01-25,11.953171730041504
2021-01-27,11.732446670532227
2021-01-28,11.537188529968262
2021-01-29,11.56265640258789
2021-02-01,11.647552490234375
2021-02-02,11.749425888061523
2021-02-03,12.122962951660156
2021-02-04,11.79187297821045
2021-02-05,11.970151901245117
2021-02-08,11.885257720947266
2021-02-09,11.740937232971191
2021-02-10,12.105981826782227
2021-02-11,12.029577255249023
2021-02-12,12.097493171691895
2021-02-15,11.8767671585083
2021-02-16,11.698488235473633
2021-02-17,10.88349723815918
2021-02-18,10.781625747680664
2021-02-19,10.671262741088867
2021-02-22,10.62032699584961
2021-02-23,10.535430908203125
2021-02-24,10.340173721313477
2021-02-25,10.340173721313477
2021-02-26,10.068510055541992
2021-03-01,10.628816604614258
2021-03-02,10.459025382995605
2021-03-03,10.331684112548828
2021-03-04,10.187362670898438
2021-03-05,10.06002140045166
2021-03-08,10.212831497192383
2021-03-09,10.00908374786377
2021-03-10,10.093978881835938
2021-03-11,10.034552574157715
2021-03-12,9.898719787597656
2021-03-15,9.864764213562012
2021-03-16,10.408089637756348
2021-03-17,10.297725677490234
2021-03-18,10.56089973449707
2021-03-19,10.73068904876709
2021-03-22,10.832562446594238
2021-03-23,10.959903717041016
2021-03-24,11.265523910522461
2021-03-25,11.248546600341797
2021-03-26,11.078758239746094
2021-03-29,11.002351760864258
2021-03-30,10.90047836303711
2021-03-31,10.93443775177002
2021-04-01,10.756156921386719
2021-04-06,10.841052055358887
2021-04-07,11.18912124633789
2021-04-08,11.290994644165039
2021-04-09,11.43531608581543
2021-04-12,11.12120532989502
2021-04-13,11.129693031311035
2021-04-14,11.452293395996094
2021-04-15,11.350419998168945
2021-04-16,11.622082710266113
2021-04-19,11.571146965026855
2021-04-20,11.503231048583984
2021-04-21,11.384377479553223
2021-04-22,11.56265640258789
2021-04-23,11.868276596069336
2021-04-26,11.80885124206543
2021-04-27,11.774894714355469
2021-04-28,12.004108428955078
2021-04-29,11.995621681213379
2021-04-30,11.885257720947266
2021-05-03,12.072023391723633
2021-05-04,12.038068771362305
2021-05-05,12.224834442138672
2021-05-06,11.953171730041504
2021-05-07,12.046557426452637
2021-05-10,12.267282485961914
2021-05-11,11.944682121276855
2021-05-12,11.774894714355469
2021-05-13,11.477764129638672
2021-05-14,11.528697967529297
2021-05-17,11.43531608581543
2021-05-18,11.460782051086426
2021-05-19,11.494741439819336
2021-05-20,11.596613883972168
2021-05-21,11.528697967529297
2021-05-24,11.71546745300293
2021-05-25,12.233325004577637
2021-05-26,11.842809677124023
2021-05-27,11.7833833694458
2021-05-28,12.021088600158691
2021-05-31,12.156919479370117
2021-06-01,12.139941215515137
2021-06-02,12.479519844055176
2021-06-03,12.352178573608398
2021-06-04,12.454050064086914
2021-06-07,12.700244903564453
2021-06-08,12.870036125183105
2021-06-09,12.394625663757324
2021-06-10,12.836076736450195
2021-06-11,12.844568252563477
2021-06-15,13.056802749633789
2021-06-16,13.218104362487793
2021-06-17,12.903992652893066
2021-06-18,12.819098472595215
2021-06-21,12.836076736450195
2021-06-22,13.319977760314941
2021-06-23,13.336956024169922
2021-06-24,12.929460525512695
2021-06-25,13.277530670166016
2021-06-28,13.243574142456055
2021-06-29,13.50411319732666
2021-06-30,13.340790748596191
2021-07-01,13.211853981018066
2021-07-02,13.237639427185059
2021-07-05,13.237639427185059
2021-07-06,13.014148712158203
2021-07-07,13.426751136779785
2021-07-08,13.392366409301758
2021-07-09,13.074319839477539
2021-07-12,13.478325843811035
2021-07-13,13.177469253540039
2021-07-14,13.16887378692627
2021-07-15,13.082914352416992
2021-07-16,13.151680946350098
2021-07-19,13.06572437286377
2021-07-20,13.151680946350098
2021-07-21,13.177469253540039
2021-07-22,13.229045867919922
2021-07-23,13.452536582946777
2021-07-26,13.46113395690918
2021-07-27,13.787775993347168
2021-07-28,13.779179573059082
2021-07-29,13.650242805480957
2021-07-30,14.002674102783203
2021-08-02,14.303526878356934
2021-08-03,14.088631629943848
2021-08-04,14.200380325317383
2021-08-05,14.312124252319336
2021-08-06,14.458252906799316
2021-08-09,14.406679153442383
2021-08-10,14.518425941467285
2021-08-11,14.183185577392578
2021-08-12,14.312124252319336
2021-08-13,14.466850280761719
2021-08-16,14.329317092895508
2021-08-17,14.28633975982666
2021-08-18,14.698938369750977
2021-08-19,14.561406135559082
2021-08-20,14.827875137329102
2021-08-23,15.79061508178711
2021-08-24,15.558526039123535
2021-08-25,15.54992961883545
2021-08-26,15.515546798706055
2021-08-27,15.154519081115723
2021-08-30,15.00838851928711
2021-08-31,15.352227210998535
2021-09-01,15.412397384643555
2021-09-02,15.506949424743652
2021-09-03,15.592904090881348
2021-09-06,15.653080940246582
2021-09-07,15.68746280670166
2021-09-08,15.39520263671875
2021-09-09,15.223286628723145
2021-09-10,15.231881141662598
2021-09-13,15.059964179992676
2021-09-14,15.145925521850586
2021-09-15,15.352227210998535
2021-09-16,15.43818473815918
2021-09-17,15.412397384643555
2021-09-20,15.326438903808594
2021-09-21,15.721850395202637
2021-09-22,15.902360916137695
2021-09-23,16.32355499267578
2021-09-24,15.816399574279785
2021-09-27,16.03129768371582
2021-09-28,15.042774200439453
2021-09-29,14.673149108886719
2021-09-30,14.74191665649414
2021-10-01,14.389487266540527
2021-10-04,14.578596115112305
2021-10-05,14.389487266540527
2021-10-06,14.10582447052002
2021-10-07,14.39808464050293
2021-10-08,14.458252906799316
2021-10-11,14.39808464050293
2021-10-12,14.337912559509277
2021-10-13,14.578596115112305
2021-10-14,14.79349422454834
2021-10-15,14.690343856811523
2021-10-18,14.355104446411133
2021-10-19,14.612979888916016
2021-10-20,14.65595817565918
2021-10-21,14.896644592285156
2021-10-22,15.120135307312012
2021-10-25,15.120135307312012
2021-10-26,15.206096649169922
2021-10-27,15.154519081115723
2021-10-28,15.231881141662598
2021-10-29,14.896644592285156
2021-11-01,15.472565650939941
2021-11-02,15.979721069335938
2021-11-03,16.314960479736328
2021-11-04,16.624412536621094
2021-11-05,16.572839736938477
2021-11-08,16.426712036132812
2021-11-09,16.45249366760254
2021-11-10,16.443897247314453
2021-11-11,16.194622039794922
2021-11-12,16.24619483947754
2021-11-15,16.38372802734375
2021-11-16,16.220407485961914
2021-11-17,16.177427291870117
2021-11-18,16.36653709411621
2021-11-19,16.40091896057129
2021-11-22,16.426712036132812
2021-11-23,16.512664794921875
2021-11-24,16.49547576904297
2021-11-25,16.564241409301758
2021-11-26,16.38372802734375
2021-11-29,16.306367874145508
2021-11-30,16.607219696044922
2021-12-01,16.443897247314453
2021-12-02,16.607219696044922
2021-12-03,16.52985954284668
2021-12-06,16.5986270904541
2021-12-07,16.822120666503906
2021-12-08,17.097185134887695
2021-12-09,16.96824836730957
2021-12-10,16.96824836730957
2021-12-13,17.922395706176758
2021-12-14,18.867937088012695
2021-12-15,18.661632537841797
2021-12-16,18.661632537841797
2021-12-17,18.575674057006836
2021-12-20,18.76478385925293
2021-12-21,18.584272384643555
2021-12-22,17.183147430419922
2021-12-23,17.079994201660156
2021-12-24,17.269105911254883
2021-12-29,17.71609115600586
2021-12-30,17.947463989257812
2021-12-31,17.86067771911621
2022-01-04,18.13839340209961
2022-01-05,17.99085235595703
2022-01-06,16.83659553527832
2022-01-07,17.027524948120117
2022-01-10,16.663022994995117
2022-01-11,16.09023094177246
2022-01-12,16.150981903076172
2022-01-13,15.977408409118652
2022-01-14,15.934014320373535
2022-01-17,15.803834915161133
2022-01-18,15.79515552520752
2022-01-19,15.560832977294922
2022-01-20,15.257078170776367
2022-01-21,15.161613464355469
2022-01-24,15.343867301940918
2022-01-25,14.389213562011719
2022-01-27,14.02470874786377
2022-01-28,14.276390075683594
2022-01-31,14.545429229736328
2022-02-01,14.675609588623047
2022-02-02,14.788433074951172
2022-02-03,14.640893936157227
2022-02-04,14.519392013549805
2022-02-07,14.154889106750488
2022-02-08,14.345820426940918
2022-02-09,14.449963569641113
2022-02-10,14.623538970947266
2022-02-11,13.755671501159668
2022-02-14,13.582097053527832
2022-02-15,13.781707763671875
2022-02-16,14.259035110473633
2022-02-17,14.389213562011719
2022-02-18,14.02470874786377
2022-02-21,14.241676330566406
2022-02-22,14.016032218933105
2022-02-23,14.1201753616333
2022-02-24,13.86849308013916
2022-02-25,14.380535125732422
2022-02-28,14.554108619689941
2022-03-01,14.380535125732422
2022-03-02,14.076780319213867
2022-03-03,13.833778381347656
2022-03-04,13.625490188598633
2022-03-07,13.200238227844238
2022-03-08,13.07005786895752
2022-03-09,13.45191764831543
2022-03-10,13.842456817626953
2022-03-11,13.243630409240723
2022-03-14,13.495311737060547
2022-03-15,13.365130424499512
2022-03-16,13.382489204406738
2022-03-17,13.69491958618164
2022-03-18,13.88585090637207
2022-03-21,13.833778381347656
2022-03-22,13.738313674926758
2022-03-23,13.755671501159668
2022-03-24,13.616812705993652
2022-03-25,13.877171516418457
2022-03-28,13.660205841064453
2022-03-29,14.05942440032959
2022-03-30,14.206960678100586
2022-03-31,14.328462600708008
2022-04-01,14.311104774475098
2022-04-04,14.47599983215332
2022-04-05,14.510712623596191
2022-04-06,14.250354766845703
2022-04-07,14.224318504333496
2022-04-08,14.137533187866211
2022-04-11,14.250354766845703
2022-04-12,13.859816551208496
2022-04-13,13.807743072509766
2022-04-14,13.530027389526367
2022-04-19,13.65152645111084
2022-04-20,13.556063652038574
2022-04-21,13.807743072509766
2022-04-22,13.729635238647461
2022-04-26,13.477954864501953
2022-04-27,13.408525466918945
2022-04-28,13.417202949523926
2022-04-29,13.590777397155762
2022-05-02,12.974592208862305
2022-05-03,12.653481483459473
2022-05-04,12.393122673034668
2022-05-05,12.601410865783691
2022-05-06,12.089369773864746
2022-05-09,11.586007118225098
2022-05-10,11.464507102966309
2022-05-11,11.612044334411621
2022-05-12,11.264897346496582
2022-05-13,11.455826759338379
2022-05-16,11.412434577941895
2022-05-17,11.290932655334473
2022-05-18,11.533936500549316
2022-05-19,11.551291465759277
2022-05-20,11.5773286819458
2022-05-23,11.412434577941895
2022-05-24,11.603363990783691
2022-05-25,11.395076751708984
2022-05-26,11.299612045288086
2022-05-27,11.499220848083496
2022-05-30,11.69882869720459
2022-05-31,11.516576766967773
2022-06-01,11.195466995239258
2022-06-02,11.32564640045166
2022-06-03,11.36036205291748
2022-06-06,11.33432674407959
2022-06-07,10.943785667419434
2022-06-08,10.865678787231445
2022-06-09,10.718141555786133
2022-06-10,10.431745529174805
2022-06-14,9.911026954650879
2022-06-15,9.208053588867188
2022-06-16,9.425021171569824
2022-06-17,9.372949600219727
2022-06-20,9.633309364318848
2022-06-21,9.685381889343262
2022-06-22,9.398985862731934
2022-06-23,9.589917182922363
2022-06-24,9.850275993347168
2022-06-27,9.997815132141113
2022-06-28,10.16270637512207
2022-06-29,9.937198638916016
2022-06-30,9.566210746765137
2022-07-01,9.751704216003418
2022-07-04,9.954866409301758
2022-07-05,9.884199142456055
2022-07-06,10.18452262878418
2022-07-07,10.166857719421387
2022-07-08,10.078529357910156
2022-07-11,9.999030113220215
2022-07-12,9.97253131866455
2022-07-13,10.219857215881348
2022-07-14,10.016695976257324
2022-07-15,10.237524032592773
2022-07-18,10.281689643859863
2022-07-19,10.087362289428711
2022-07-20,10.414183616638184
2022-07-21,10.281689643859863
2022-07-22,10.308187484741211
2022-07-25,10.555513381958008
2022-07-26,10.43185043334961
2022-07-27,10.45835018157959
2022-07-28,10.70567512512207
2022-07-29,11.253326416015625
2022-08-01,11.041333198547363
2022-08-02,10.847004890441895
2022-08-03,10.661510467529297
2022-08-04,10.988334655761719
2022-08-05,11.006000518798828
2022-08-08,10.794007301330566
2022-08-09,11.006000518798828
2022-08-10,10.90883731842041
2022-08-11,11.323989868164062
2022-08-12,10.979500770568848
2022-08-15,11.421154022216797
2022-08-16,11.21799373626709
2022-08-17,11.49181842803955
2022-08-18,11.438820838928223
2022-08-19,11.359322547912598
2022-08-22,11.058999061584473
2022-08-23,10.873505592346191
2022-08-24,11.076664924621582
2022-08-25,11.800975799560547
2022-08-26,11.836308479309082
2022-08-29,11.553650856018066
2022-08-30,11.818642616271973
2022-08-31,11.933473587036133
2022-09-01,11.456486701965332
2022-09-02,11.332822799682617
2022-09-05,11.341656684875488
2022-09-06,11.350489616394043
2022-09-07,11.147329330444336
2022-09-08,11.535984992980957
2022-09-09,11.429986953735352
2022-09-12,11.500651359558105
2022-09-13,11.739143371582031
2022-09-14,11.173828125
2022-09-15,11.006000518798828
2022-09-16,10.88233757019043
2022-09-19,10.970667839050293
2022-09-20,10.926501274108887
2022-09-21,10.820505142211914
2022-09-23,10.405351638793945
2022-09-26,10.193358421325684
2022-09-27,10.034361839294434
2022-09-28,10.158025741577148
2022-09-29,10.175692558288574
2022-09-30,10.140358924865723
2022-10-03,10.175692558288574
2022-10-04,10.88233757019043
2022-10-05,11.120830535888672
2022-10-06,10.979500770568848
2022-10-07,10.64384651184082
2022-10-10,10.396519660949707
2022-10-11,10.423017501831055
2022-10-12,10.43185043334961
2022-10-13,10.158025741577148
2022-10-14,10.25518798828125
2022-10-17,10.317020416259766
2022-10-18,10.758674621582031
2022-10-19,10.829339027404785
2022-10-20,10.617345809936523
2022-10-21,10.378851890563965
2022-10-24,10.688010215759277
2022-10-25,10.961835861206055
2022-10-26,11.26215934753418
2022-10-27,11.235661506652832
2022-10-28,11.138495445251465
2022-10-31,11.429986953735352
2022-11-01,11.871639251708984
2022-11-02,11.650814056396484
2022-11-03,11.571316719055176
2022-11-04,11.562482833862305
2022-11-07,11.270992279052734
2022-11-08,11.315156936645508
2022-11-09,11.61548137664795
2022-11-10,11.535984992980957
2022-11-11,12.295628547668457
2022-11-14,11.968804359436035
2022-11-15,11.809809684753418
2022-11-16,11.924638748168945
2022-11-17,12.127799034118652
2022-11-18,12.145465850830078
2022-11-21,11.91580581665039
2022-11-22,11.968804359436035
2022-11-23,11.792142868041992
2022-11-24,11.836308479309082
2022-11-25,12.074801445007324
2022-11-28,12.189631462097168
2022-11-29,12.00413703918457
2022-11-30,12.322127342224121
2022-12-01,12.560619354248047
2022-12-02,11.91580581665039
2022-12-05,11.818642616271973
2022-12-06,11.474152565002441
2022-12-07,10.95300006866455
2022-12-08,11.279826164245605
2022-12-09,11.191495895385742
2022-12-12,11.21799373626709
2022-12-13,11.456486701965332
2022-12-14,11.571316719055176
2022-12-15,11.465319633483887
2022-12-16,11.412322044372559
2022-12-19,11.350489616394043
2022-12-20,10.891170501708984
2022-12-21,11.041333198547363
2022-12-22,10.970667839050293
2022-12-23,10.776339530944824
2022-12-28,10.70567512512207
2022-12-29,10.839051246643066
2022-12-30,10.76715087890625
2023-01-03,10.659300804138184
2023-01-04,11.00981616973877
2023-01-05,10.937915802001953
2023-01-06,10.785127639770508
2023-01-09,10.946904182434082
2023-01-10,10.955890655517578
2023-01-11,11.153619766235352
2023-01-12,11.342358589172363
2023-01-13,11.602998733520508
2023-01-16,11.85465145111084
2023-01-17,12.088329315185547
2023-01-18,11.809713363647461
2023-01-19,11.809713363647461
2023-01-20,11.827690124511719
2023-01-23,11.809713363647461
2023-01-24,12.052377700805664
2023-01-25,12.106305122375488
2023-01-27,12.4028959274292
2023-01-30,12.672525405883789
2023-01-31,12.375932693481445
2023-02-01,12.609609603881836
2023-02-02,13.418496131896973
2023-02-03,13.742049217224121
2023-02-06,13.31064510345459
2023-02-07,13.166841506958008
2023-02-08,13.274694442749023
2023-02-09,13.067978858947754
2023-02-10,12.97810173034668
2023-02-13,13.085953712463379
2023-02-14,13.023040771484375
2023-02-15,13.050004005432129
2023-02-16,13.535333633422852
2023-02-17,13.041016578674316
2023-02-20,12.250106811523438
2023-02-21,12.205166816711426
2023-02-22,12.007440567016602
2023-02-23,11.944526672363281
2023-02-24,12.160228729248047
2023-02-27,11.836675643920898
2023-02-28,11.962504386901855
2023-03-01,11.683886528015137
2023-03-02,11.602998733520508
2023-03-03,11.540085792541504
2023-03-06,11.74679946899414
2023-03-07,11.764775276184082
2023-03-08,11.468184471130371
2023-03-09,11.4771728515625
2023-03-10,11.117667198181152
2023-03-13,10.946904182434082
2023-03-14,10.830066680908203
2023-03-15,10.857028007507324
2023-03-16,10.776139259338379
2023-03-17,10.578413009643555
2023-03-20,10.075105667114258
2023-03-21,10.25485897064209
2023-03-22,10.138019561767578
2023-03-23,9.940292358398438
2023-03-24,9.715601921081543
2023-03-27,9.769527435302734
2023-03-28,10.039155006408691
2023-03-29,9.976242065429688
2023-03-30,9.886366844177246
2023-03-31,9.886366844177246
2023-04-03,10.138019561767578
2023-04-04,9.895353317260742
2023-04-05,9.895353317260742
2023-04-06,9.571798324584961
2023-04-11,9.715601921081543
2023-04-12,9.976242065429688
2023-04-13,10.120044708251953
2023-04-14,10.14700698852539
2023-04-17,10.38967227935791
2023-04-18,10.32675838470459
2023-04-19,10.335745811462402
2023-04-20,10.479547500610352
2023-04-21,10.236882209777832
2023-04-24,10.236882209777832
2023-04-26,10.048144340515137
2023-04-27,9.949278831481934
2023-04-28,10.003205299377441
2023-05-01,10.093080520629883
2023-05-02,9.733576774597168
2023-05-03,9.733576774597168
2023-05-04,9.976242065429688
2023-05-05,10.164981842041016
2023-05-08,10.164981842041016
2023-05-09,9.733576774597168
2023-05-10,9.74256420135498
2023-05-11,9.85041618347168
2023-05-12,10.138019561767578
2023-05-15,10.425623893737793
2023-05-16,10.380684852600098
2023-05-17,10.335745811462402
2023-05-18,10.25485897064209
2023-05-19,10.452585220336914
2023-05-22,10.317770004272461
2023-05-23,10.362707138061523
2023-05-24,10.245869636535645
2023-05-25,10.21890640258789
2023-05-26,10.111055374145508
2023-05-29,10.452585220336914
2023-05-30,10.22789478302002
2023-05-31,10.066117286682129
2023-06-01,10.22789478302002
2023-06-02,10.407647132873535
2023-06-05,10.560436248779297
2023-06-06,10.299796104431152
2023-06-07,10.14700698852539
2023-06-08,9.832440376281738
2023-06-09,9.877378463745117
2023-06-13,9.913329124450684
2023-06-14,9.778515815734863
2023-06-15,9.697626113891602
2023-06-16,9.697626113891602
2023-06-19,9.778515815734863
2023-06-20,9.994216918945312
2023-06-21,9.949278831481934
2023-06-22,9.670663833618164
2023-06-23,9.571798324584961
2023-06-26,9.454961776733398
2023-06-27,9.661676406860352
2023-06-28,9.904342651367188
2023-06-29,9.910758972167969
2023-06-30,9.819077491760254
2023-07-03,9.938262939453125
2023-07-04,10.185803413391113
2023-07-05,10.286653518676758
2023-07-06,10.176634788513184
2023-07-07,9.88325309753418
2023-07-10,9.83741283416748
2023-07-11,9.98410415649414
2023-07-12,9.974936485290527
2023-07-13,10.332493782043457
2023-07-14,10.635042190551758
2023-07-17,10.497519493103027
2023-07-18,10.295820236206055
2023-07-19,10.451678276062012
2023-07-20,10.277483940124512
2023-07-21,10.231644630432129
2023-07-24,10.341662406921387
2023-07-25,10.185803413391113
2023-07-26,10.075785636901855
2023-07-27,10.616705894470215
2023-07-28,10.460846900939941
2023-07-31,10.479185104370117
2023-08-01,10.442511558532715
2023-08-02,10.048280715942383
2023-08-03,10.039113998413086
2023-08-04,9.974936485290527
2023-08-07,10.011609077453613
2023-08-08,9.956599235534668
2023-08-09,9.626545906066895
2023-08-10,9.599041938781738
2023-08-11,9.68155574798584
2023-08-14,9.525697708129883
2023-08-15,9.553201675415039
2023-08-16,9.434015274047852
2023-08-17,9.534865379333496
2023-08-18,9.534865379333496
2023-08-21,9.874086380004883
2023-08-22,9.947432518005371
2023-08-23,9.929096221923828
2023-08-24,9.828246116638184
2023-08-25,9.64488410949707
2023-08-28,9.663219451904297
2023-08-29,9.68155574798584
2023-08-30,9.88325309753418
2023-08-31,9.938262939453125
2023-09-01,9.736564636230469
2023-09-04,9.782405853271484
2023-09-05,9.690723419189453
2023-09-06,9.663219451904297
2023-09-07,9.525697708129883
2023-09-08,9.406512260437012
2023-09-11,9.452353477478027
2023-09-12,9.54403305053711
2023-09-13,9.33316707611084
2023-09-14,9.397342681884766
2023-09-15,9.50736141204834
2023-09-18,9.369839668273926
2023-09-19,9.268988609313965
2023-09-20,9.149803161621094
2023-09-21,8.948103904724121
2023-09-22,8.865591049194336
2023-09-25,8.893095970153809
2023-09-26,8.718900680541992
2023-09-27,8.718900680541992
2023-09-28,8.718900680541992
2023-09-29,8.700565338134766
2023-10-02,8.755574226379395
2023-10-03,8.434688568115234
2023-10-04,8.407183647155762
2023-10-05,8.517202377319336
2023-10-06,8.462191581726074
2023-10-09,8.443856239318848
2023-10-10,8.81974983215332
2023-10-11,8.902262687683105
2023-10-12,8.801414489746094
2023-10-13,8.618051528930664
2023-10-16,8.553874015808105
2023-10-17,8.572210311889648
2023-10-18,8.471362113952637
2023-10-19,8.324670791625977
2023-10-20,8.260494232177734
2023-10-23,8.297165870666504
2023-10-24,8.269661903381348
2023-10-25,8.132140159606934
2023-10-26,8.003786087036133
2023-10-27,8.022122383117676
2023-10-30,7.939609050750732
2023-10-31,7.948777198791504
2023-11-01,8.223821640014648
2023-11-02,8.636387825012207
2023-11-03,8.957273483276367
2023-11-06,9.039785385131836
2023-11-07,8.929766654968262
2023-11-08,9.14063549041748
2023-11-09,9.149803161621094
2023-11-10,9.067290306091309
2023-11-13,9.003113746643066
2023-11-14,9.14063549041748
2023-11-15,10.084954261779785
2023-11-16,10.103289604187012
2023-11-17,9.80990982055664
2023-11-20,9.562369346618652
2023-11-21,9.525697708129883
2023-11-22,9.250654220581055
2023-11-23,9.250654220581055
2023-11-24,9.397342681884766
2023-11-27,9.149803161621094
2023-11-28,9.342333793640137
2023-11-29,9.498193740844727
2023-11-30,9.534865379333496
2023-12-01,9.369839668273926
2023-12-04,9.525697708129883
2023-12-05,9.32399845123291
2023-12-06,9.736564636230469
2023-12-07,9.791572570800781
2023-12-08,9.993271827697754
2023-12-11,10.039113998413086
2023-12-12,10.130794525146484
2023-12-13,10.121626853942871
2023-12-14,11.313484191894531
2023-12-15,11.221802711486816
2023-12-18,11.047609329223633
2023-12-19,11.19429874420166
2023-12-20,11.322651863098145
2023-12-21,10.809235572814941
2023-12-22,10.800068855285645
2023-12-27,11.047609329223633
2023-12-28,11.2072172164917
2023-12-29,11.244574546813965
2024-01-02,11.029770851135254
2024-01-03,10.768267631530762
2024-01-04,10.656194686889648
2024-01-05,10.6188383102417
2024-01-08,10.600160598754883
2024-01-09,10.6188383102417
2024-01-10,10.786947250366211
2024-01-11,10.94571590423584
2024-01-12,10.94571590423584
2024-01-15,10.927037239074707
2024-01-16,11.067129135131836
2024-01-17,10.758929252624512
2024-01-18,10.450729370117188
2024-01-19,10.394694328308105
2024-01-22,10.55346393585205
2024-01-23,10.796286582946777
2024-01-24,10.768267631530762
2024-01-25,10.628177642822266
2024-01-29,10.824304580688477
2024-01-30,11.197877883911133
2024-01-31,11.291271209716797
2024-02-01,11.104485511779785
2024-02-02,11.337968826293945
2024-02-05,10.880340576171875
2024-02-06,10.899020195007324
2024-02-07,11.104485511779785
2024-02-08,11.123163223266602
2024-02-09,11.375326156616211
2024-02-12,11.40334415435791
2024-02-13,11.300610542297363
2024-02-14,10.992412567138672
2024-02-15,11.543434143066406
2024-02-16,11.599471092224121
2024-02-19,11.188538551330566
2024-02-20,11.263254165649414
2024-02-21,11.132503509521484
2024-02-22,11.225896835327148
2024-02-23,11.17919921875
2024-02-26,11.30994987487793
2024-02-27,11.2072172164917
2024-02-28,11.422022819519043
2024-02-29,11.692865371704102
2024-03-01,11.767580032348633
2024-03-04,12.001062393188477
2024-03-05,11.879650115966797
2024-03-06,11.767580032348633
2024-03-07,11.7955961227417
2024-03-08,12.141152381896973
2024-03-11,12.001062393188477
2024-03-12,12.131813049316406
2024-03-13,12.187849998474121
2024-03-14,12.411993980407715
2024-03-15,12.570762634277344
2024-03-18,12.3279390335083
2024-03-19,12.37463665008545
2024-03-20,12.47736930847168
2024-03-21,12.664156913757324
2024-03-22,12.664156913757324
2024-03-25,12.785567283630371
2024-03-26,12.682833671569824
2024-03-27,12.58944034576416
2024-03-28,12.841604232788086
2024-04-02,12.738871574401855
2024-04-03,12.150491714477539
2024-04-04,12.197189331054688
2024-04-05,12.187849998474121
2024-04-08,12.318599700927734
2024-04-09,12.038419723510742
2024-04-10,11.935686111450195
2024-04-11,11.814275741577148
2024-04-12,11.683525085449219
2024-04-15,11.599471092224121
2024-04-16,10.983074188232422
2024-04-17,10.964394569396973
2024-04-18,11.253913879394531
2024-04-19,11.039108276367188
2024-04-22,11.319290161132812
2024-04-23,11.291271209716797
2024-04-24,11.020431518554688
2024-04-26,10.768267631530762
2024-04-29,11.07646656036377
2024-04-30,11.197877883911133
2024-05-01,10.992412567138672
2024-05-02,10.90835952758789
2024-05-03,10.973734855651855
2024-05-06,11.011091232299805
2024-05-07,11.188538551330566
2024-05-08,11.422022819519043
2024-05-09,11.337968826293945
2024-05-10,11.365986824035645
2024-05-13,11.281932830810547
2024-05-14,11.169859886169434
2024-05-15,11.356646537780762
2024-05-16,12.113134384155273
2024-05-17,11.767580032348633
2024-05-20,11.814275741577148
2024-05-21,11.907669067382812
2024-05-22,12.047759056091309
2024-05-23,11.991722106933594
2024-05-24,11.50607681274414
2024-05-27,11.515416145324707
2024-05-28,11.66484546661377
2024-05-29,11.450041770935059
2024-05-30,11.2072172164917
2024-05-31,11.319290161132812
2024-06-03,11.53409481048584
2024-06-04,11.450041770935059
2024-06-05,11.692865371704102
2024-06-06,11.767580032348633
2024-06-07,11.851633071899414
2024-06-11,11.646167755126953
2024-06-12,11.459380149841309
2024-06-13,11.53409481048584
2024-06-14,11.478058815002441
2024-06-17,11.365986824035645
2024-06-18,11.674184799194336
2024-06-19,11.618148803710938
2024-06-20,11.571453094482422
2024-06-21,11.43136215209961
2024-06-24,11.300610542297363
2024-06-25,11.580790519714355
2024-06-26,11.40334415435791
2024-06-27,11.127302169799805
2024-06-28,10.641851425170898
2024-07-01,10.727519989013672
2024-07-02,10.375329971313477
2024-07-03,10.489554405212402
2024-07-04,10.613295555114746
2024-07-05,10.632333755493164
2024-07-08,10.58474063873291
2024-07-09,10.74655818939209
2024-07-10,10.718002319335938
2024-07-11,10.99404239654541
2024-07-12,11.565160751342773
2024-07-15,12.117241859436035
2024-07-16,11.993501663208008
2024-07-17,12.21242904663086
2024-07-18,12.079168319702148
2024-07-19,11.945906639099121
2024-07-22,11.822165489196777
2024-07-23,11.831684112548828
2024-07-24,11.460455894470215
2024-07-25,11.136821746826172
2024-07-26,11.365269660949707
2024-07-29,11.422381401062012
2024-07-30,11.289119720458984
2024-07-31,12.069649696350098
2024-08-01,11.993501663208008
2024-08-02,11.974462509155273
2024-08-05,11.688902854919434
2024-08-06,11.365269660949707
2024-08-07,11.555643081665039
2024-08-08,11.327195167541504
2024-08-09,11.546124458312988
2024-08-12,11.498531341552734
2024-08-13,11.412862777709961
2024-08-14,11.565160751342773
2024-08-15,11.850719451904297
2024-08-16,11.926870346069336
2024-08-19,11.926870346069336
2024-08-20,11.51756763458252
2024-08-21,13.335631370544434
2024-08-22,13.811563491821289
2024-08-23,13.725894927978516
2024-08-26,14.23038387298584
2024-08-27,13.78300666809082
2024-08-28,13.716376304626465
2024-08-29,13.887713432312012
2024-08-30,13.792525291442871
2024-09-02,13.95434284210205
2024-09-03,13.973380088806152
2024-09-04,13.802044868469238
2024-09-05,14.496906280517578
2024-09-06,14.849096298217773
2024-09-09,14.953802108764648
2024-09-10,15.029950141906738
2024-09-11,15.077543258666992
2024-09-12,15.45828914642334
2024-09-13,15.344066619873047
2024-09-16,15.106100082397461
2024-09-17,15.029950141906738
2024-09-18,15.277435302734375
2024-09-19,15.144173622131348
2024-09-20,15.125137329101562
2024-09-23,14.896687507629395
2024-09-24,15.344066619873047
2024-09-25,15.125137329101562
2024-09-26,15.467808723449707
2024-09-27,15.344066619873047
2024-09-30,15.201286315917969
2024-10-01,15.16321086883545
2024-10-02,14.839577674865723
2024-10-03,15.191767692565918
2024-10-04,15.153693199157715
2024-10-07,15.115617752075195
2024-10-08,15.048989295959473
2024-10-09,14.982356071472168
2024-10-10,15.077543258666992
2024-10-11,14.953802108764648
2024-10-14,15.029950141906738
2024-10-15,15.325029373168945
2024-10-16,15.429732322692871
2024-10-17,15.762887001037598
2024-10-18,15.26791763305664
2024-10-21,15.45828914642334
2024-10-22,14.92524528503418
2024-10-23,14.858614921569824
2024-10-24,14.68727970123291
2024-10-25,14.573055267333984
2024-10-28,14.43027400970459
2024-10-29,14.458830833435059
2024-10-30,14.439793586730957
2024-10-31,14.382680892944336
2024-11-01,14.277976989746094
2024-11-04,14.506424903869629
2024-11-05,14.601611137390137
2024-11-06,14.582573890686035
2024-11-07,13.973380088806152
2024-11-08,14.268457412719727
2024-11-11,14.258938789367676
2024-11-12,14.64920425415039
2024-11-13,14.763428688049316
2024-11-14,14.706315040588379
2024-11-15,14.544499397277832
2024-11-18,14.620647430419922
2024-11-19,14.93476390838623
2024-11-20,14.601611137390137
2024-11-21,14.487386703491211
2024-11-22,14.725353240966797
2024-11-25,14.839577674865723
2024-11-26,14.9633207321167
2024-11-27,15.134654998779297
2024-11-28,15.087061882019043
2024-11-29,14.9633207321167
2024-12-02,14.75390911102295
2024-12-03,14.830059051513672
2024-12-04,14.573055267333984
2024-12-05,14.335089683532715
2024-12-06,14.19230842590332
2024-12-09,14.049529075622559
2024-12-10,14.049529075622559
2024-12-11,14.001935958862305
2024-12-12,13.849637985229492
2024-12-13,14.030492782592773
2024-12-16,13.82108211517334
2024-12-17,13.906749725341797
2024-12-18,13.935306549072266
2024-12-19,13.678301811218262
2024-12-20,13.621191024780273
2024-12-23,14.049529075622559
2024-12-24,14.344606399536133
2024-12-27,14.287495613098145
2024-12-30,14.146513938903809
2024-12-31,13.875767707824707
2025-01-02,14.0208101272583
2025-01-03,14.175522804260254
2025-01-06,14.291556358337402
2025-01-07,14.272217750549316
2025-01-08,14.165853500366211
2025-01-09,14.098166465759277
2025-01-10,13.924114227294922
2025-01-13,13.779071807861328
2025-01-14,14.146513938903809
2025-01-15,14.214200019836426
2025-01-16,14.542964935302734
2025-01-17,14.41726016998291
2025-01-20,14.542964935302734
2025-01-21,14.64932918548584
2025-01-22,14.765364646911621
2025-01-23,14.71701717376709
2025-01-24,14.804041862487793
2025-01-28,14.668667793273926
2025-01-29,14.891066551208496
2025-01-30,14.920076370239258
2025-01-31,15.200491905212402
2025-02-03,14.987763404846191
2025-02-04,14.910407066345215
2025-02-05,15.065118789672852
2025-02-06,15.239171028137207
2025-02-07,15.316526412963867
2025-02-10,15.181153297424316
2025-02-11,15.355204582214355
2025-02-12,15.306857109069824
2025-02-13,15.16181468963623
2025-02-14,15.374543190002441
2025-02-17,16.003061294555664
2025-02-18,15.925704956054688
2025-02-19,15.693636894226074
2025-02-20,16.64124870300293
2025-02-21,16.95067596435547
2025-02-24,16.863649368286133
2025-02-25,16.873321533203125
2025-02-26,16.728275299072266
2025-02-27,16.64124870300293
2025-02-28,16.554227828979492
2025-03-03,16.699270248413086
2025-03-04,16.534887313842773
2025-03-05,16.380176544189453
2025-03-06,16.438190460205078
2025-03-07,15.877358436584473
2025-03-10,15.954715728759766
2025-03-11,15.829011917114258
2025-03-12,15.664628982543945
2025-03-13,15.519586563110352
2025-03-14,15.79033374786377
2025-03-17,15.800002098083496
2025-03-18,16.244800567626953
2025-03-19,16.051410675048828
2025-03-20,16.2254638671875
2025-03-21,16.341495513916016
2025-03-24,16.26413917541504
2025-03-25,16.380176544189453
2025-03-26,16.49620819091797
2025-03-27,16.244800567626953
2025-03-28,16.032072067260742
2025-03-31,15.64529037475586
2025-04-01,16.2254638671875
2025-04-02,16.747615814208984
2025-04-03,15.954715728759766
2025-04-04,15.326196670532227
2025-04-07,14.562304496765137
2025-04-08,15.268178939819336
2025-04-09,14.600981712341309
2025-04-10,15.471238136291504
2025-04-11,15.355204582214355
2025-04-14,15.529255867004395
2025-04-15,15.500247955322266
2025-04-16,15.596941947937012
2025-04-17,15.70330810546875
2025-04-22,15.519586563110352
2025-04-23,15.858019828796387
2025-04-24,16.051410675048828
2025-04-28,16.012731552124023
2025-04-29,16.21579360961914
2025-04-30,16.341495513916016
2025-05-01,16.82497215270996
2025-05-02,16.98935317993164
2025-05-05,16.979684829711914
2025-05-06,17.4534912109375
2025-05-07,17.598535537719727
2025-05-08,17.472829818725586
2025-05-09,17.57919692993164
2025-05-12,17.434152603149414
2025-05-13,17.356796264648438
2025-05-14,17.298778533935547
2025-05-15,17.289108276367188
2025-05-16,17.695228576660156
2025-05-19,17.38580322265625
2025-05-20,17.38580322265625
2025-05-21,17.695228576660156
2025-05-22,17.327789306640625
2025-05-23,17.308448791503906
2025-05-26,17.221420288085938
2025-05-27,17.260101318359375
2025-05-28,17.685562133789062
2025-05-29,17.598535537719727
2025-05-30,17.56952476501465
2025-06-02,17.695228576660156
2025-06-03,18.24639320373535
2025-06-04,18.236722946166992
2025-06-05,18.60416603088379
2025-06-06,18.710529327392578
2025-06-10,18.797557830810547
2025-06-11,18.710529327392578
2025-06-12,18.662181854248047
2025-06-13,18.642841339111328
2025-06-16,18.47846221923828
2025-06-17,18.401105880737305
2025-06-18,18.43011474609375
2025-06-19,18.816892623901367
2025-06-20,18.91358757019043
2025-06-23,18.75887680053711
2025-06-24,18.671850204467773
2025-06-25,18.903919219970703
2025-06-26,18.894250869750977
2025-06-27,18.80005645751953
2025-06-30,18.79026222229004
2025-07-01,18.692346572875977
2025-07-02,18.682554244995117
2025-07-03,18.672761917114258
2025-07-04,18.888181686401367
2025-07-07,18.956722259521484
2025-07-08,18.809844970703125
2025-07-09,18.721721649169922
2025-07-10,18.995887756347656
2025-07-11,18.73151206970215
2025-07-14,18.760889053344727
2025-07-15,19.025264739990234
2025-07-16,19.084012985229492
2025-07-17,19.43651580810547
2025-07-18,19.769432067871094
2025-07-21,19.309223175048828
2025-07-22,19.29943084716797
2025-07-23,19.563806533813477
2025-07-24,19.22109603881836
2025-07-25,19.12318229675293
2025-07-28,19.495264053344727
2025-07-29,19.446306228637695
2025-07-30,19.789016723632812
2025-07-31,19.779224395751953
2025-08-01,19.505056381225586
2025-08-04,19.60297393798828
2025-08-05,19.93589210510254
2025-08-06,20.29818344116211
2025-08-07,20.72901725769043
2025-08-08,21.31652069091797
2025-08-11,21.24798011779785
2025-08-12,21.42422866821289
2025-08-13,21.463396072387695
2025-08-14,21.414438247680664
2025-08-15,21.55152130126953
2025-08-18,21.737564086914062
2025-08-19,21.835479736328125
2025-08-20,22.344648361206055
2025-08-21,22.393606185913086
2025-08-22,22.93214988708496
2025-08-25,23.294443130493164
2025-08-26,23.353193283081055
2025-08-27,22.95173454284668
2025-08-28,23.039859771728516
2025-08-29,22.941940307617188
2025-09-01,22.82444190979004
2025-09-02,22.481731414794922
2025-09-03,22.18798065185547
2025-09-04,22.227149963378906
2025-09-05,22.81464958190918
2025-09-08,22.520898818969727
2025-09-09,22.540483474731445
2025-09-10,22.530689239501953
2025-09-11,22.6971492767334
2025-09-12,22.618816375732422
2025-09-15,22.73631477355957
2025-09-16,22.785274505615234
2025-09-17,22.393606185913086
2025-09-18,22.481731414794922
2025-09-19,22.844024658203125
2025-09-22,22.403398513793945
2025-09-23,22.520898818969727
2025-09-24,22.285898208618164
2025-09-25,22.041105270385742
2025-09-26,22.021522521972656
2025-09-29,22.178190231323242
2025-09-30,22.276107788085938
2025-10-01,22.090065002441406
2025-10-02,22.520898818969727
2025-10-03,22.45235824584961
2025-10-06,22.550275802612305
2025-10-07,22.295690536499023
2025-10-08,21.962772369384766
2025-10-09,21.98235511779785
2025-10-10,21.8256893157959
2025-10-13,21.6886043548584
2025-10-14,22.031312942504883
2025-10-15,22.031312942504883
2025-10-16,22.109647750854492
2025-10-17,22.109647750854492
2025-10-20,22.462148666381836
2025-10-21,22.393606185913086
2025-10-22,22.43277359008789
2025-10-23,22.511106491088867
2025-10-24,22.599231719970703
2025-10-27,22.706941604614258
2025-10-28,22.88319206237793
2025-10-29,22.266313552856445
2025-10-30,21.894229888916016
2025-10-31,21.972564697265625
2025-11-03,21.88443946838379
2025-11-04,21.590686798095703
2025-11-05,21.649438858032227
2025-11-06,21.85506248474121
2025-11-07,21.590686798095703
2025-11-10,21.67881202697754
2025-11-11,22.129230499267578
2025-11-12,22.256521224975586
2025-11-13,21.610271453857422
2025-11-14,21.404645919799805
2025-11-17,21.766937255859375
2025-11-18,21.522146224975586
2025-11-19,21.698396682739258
2025-11-20,23.147565841674805
2025-11-21,24.126737594604492
2025-11-24,24.342153549194336
2025-11-25,24.557571411132812
2025-11-26,24.459653854370117
2025-11-27,24.56736183166504
2025-11-28,24.342153549194336
2025-12-01,24.293193817138672
2025-12-02,24.038610458374023
2025-12-03,24.31277847290039
2025-12-04,23.979860305786133
2025-12-05,23.99944496154785
2025-12-08,23.803611755371094
2025-12-09,24.048402786254883
2025-12-10,24.156110763549805
2025-12-11,24.07777976989746
2025-12-12,24.547779083251953
2025-12-15,24.498821258544922
2025-12-16,24.381319046020508
2025-12-17,24.83173942565918
2025-12-18,24.753406524658203
2025-12-19,25.33111572265625
2025-12-22,24.792570114135742
2025-12-23,24.802364349365234
2025-12-24,24.00923728942871
2025-12-29,24.31277847290039
2025-12-30,24.222082138061523
2025-12-31,24.182519912719727
2026-01-02,24.172630310058594
2026-01-05,24.034160614013672
2026-01-06,23.618755340576172
2026-01-07,23.806676864624023
2026-01-08,24.063831329345703
2026-01-09,23.93525505065918
2026-01-12,23.86602020263672
2026-01-13,23.96492576599121
2026-01-14,23.87590980529785
2026-01-15,23.63853645324707
2026-01-16,24.063831329345703
2026-01-19,23.905582427978516
2026-01-20,23.905582427978516
2026-01-21,23.72755241394043
2026-01-22,23.65831756591797
2026-01-23,23.58908462524414
2026-01-27,23.786893844604492
2026-01-28,23.272584915161133
2026-01-29,22.80772590637207
2026-01-30,22.75827407836914
2026-02-02,22.797834396362305
2026-02-03,23.04509925842285
2026-02-04,22.847288131713867
2026-02-05,23.005538940429688
2026-02-06,22.421993255615234
2026-02-09,23.025320053100586
2026-02-10,22.995647430419922
2026-02-11,23.054990768432617
2026-02-12,22.73849105834961
2026-02-13,22.0362606048584
2026-02-16,22.66925811767578
2026-02-17,22.550569534301758
2026-02-18,23.31214714050293
2026-02-19,22.23406982421875
2026-02-20,21.99669647216797
2026-02-23,20.770261764526367
2026-02-24,20.66146469116211
2026-02-25,21.235118865966797
2026-02-26,21.541728973388672
2026-02-27,21.828556060791016
2026-03-02,21.719758987426758
2026-03-03,21.245010375976562
2026-03-04,20.770261764526367
2026-03-05,20.918621063232422
2026-03-06,20.75048065185547
2026-03-09,19.71196746826172
2026-03-10,19.880107879638672
2026-03-11,19.771310806274414
2026-03-12,18.792142868041992
2026-03-13,18.93061065673828
2026-03-16,19.167984008789062
2026-03-17,19.286672592163086
2026-03-18,19.41524887084961
2026-03-19,19.13831329345703
2026-03-20,18.653675079345703
2026-03-23,18.376737594604492
2026-03-24,18.584440231323242
2026-03-25,19.148204803466797
2026-03-26,18.821813583374023
2026-03-27,18.475643157958984
2026-03-30,18.2679386138916
2026-03-31,18.426189422607422
2026-04-01,18.366846084594727
2026-04-02,18.347064971923828
2026-04-07,18.525094985961914
2026-04-08,19.256999969482422
2026-04-09,19.74163818359375
2026-04-10,19.949342727661133
2026-04-13,19.721858978271484
2026-04-14,20.048248291015625
2026-04-15,20.315296173095703
2026-04-16,20.671356201171875
2026-04-17,20.54277801513672
2026-04-20,20.908729553222656
2026-04-21,20.98785400390625
2026-04-22,20.374637603759766
2026-04-23,19.87021827697754
2026-04-24,19.78120231628418
2026-04-27,19.682294845581055
2026-04-28,19.593280792236328
2026-04-29,19.672405242919922
2026-04-30,19.929561614990234
2026-05-01,19.87021827697754
2026-05-04,19.800983428955078
2026-05-05,19.91967010498047
2026-05-06,19.702077865600586
2026-05-07,19.810874938964844
2026-05-08,19.55371856689453
2026-05-11,19.435029983520508
2026-05-12,19.197656631469727
2026-05-13,19.22732925415039
2026-05-14,19.36579704284668
2026-05-15,19.494373321533203
2026-05-18,18.821813583374023
2026-05-19,19.237218856811523
2026-05-20,18.594329833984375
2026-05-21,19.049297332763672
2026-05-22,19.118532180786133
2026-05-25,20.394420623779297
2026-05-26,20.008686065673828
2026-05-27,19.514156341552734
2026-05-28,19.237218856811523
2026-05-29,20.15704345703125
2026-06-01,20.038358688354492
2026-06-02,19.840545654296875
2026-06-03,19.909778594970703
2026-06-04,19.949342727661133
2026-06-05,20.166934967041016
2026-06-09,20.869169235229492
2026-06-10,21.235118865966797
2026-06-11,21.828556060791016
2026-06-12,22.491226196289062
2026-06-15,23.203350067138672
2026-06-16,23.371488571166992
2026-06-17,22.956083297729492
2026-06-18,22.965974807739258
2026-06-19,23.01542854309082
2026-06-22,22.60002326965332
2026-06-23,22.372539520263672
2026-06-24,22.906631469726562
2026-06-25,23.124223709106445
2026-06-26,23.361600875854492
2026-06-29,23.1200008392334
2026-06-30,22.860000610351562
2026-07-01,22.25
2026-07-02,22.489999771118164
2026-07-03,22.899999618530273
2026-07-06,22.729999542236328
2026-07-07,22.25
2026-07-08,22.59000015258789
2026-07-09,21.850000381469727
2026-07-10,22.34000015258789
2026-07-13,22.18000030517578
2026-07-14,21.899999618530273
2026-07-15,21.979999542236328
2026-07-16,22.190000534057617
2026-07-17,22.350000381469727
2026-07-20,22.389999389648438
2026-07-21,22.8700008392334
2026-07-22,22.489999771118164
2026-07-23,22.540000915527344
2026-07-24,22.260000228881836
2026-07-27,22.889999389648438
2026-07-28,23.280000686645508
2026-07-29,23.969999313354492
2026-07-30,23.309999465942383
2026-07-31,23.329999923706055
2026-08-03,23.270000457763672
2026-08-04,23.780000686645508
2026-08-05,24.020000457763672
2026-08-06,23.719999313354492
2026-08-07,23.899999618530273
2026-08-10,23.799999237060547
2026-08-11,23.850000381469727
2026-08-12,23.559999465942383
2026-08-13,23.34000015258789
2026-08-14,23.239999771118164
2026-08-17,22.860000610351562
2026-08-18,22.260000228881836
2026-08-19,21.899999618530273
2026-08-20,22.110000610351562
2026-08-21,20.709999084472656
2026-08-24,20.079999923706055
2026-08-25,20.530000686645508
2026-08-26,20.610000610351562
2026-08-27,19.84000015258789
2026-08-28,19.549999237060547
