Date,close
1988-01-29,7.855258941650391
1988-02-01,7.855258941650391
1988-02-02,7.855258941650391
1988-02-03,7.855258941650391
1988-02-04,7.855258941650391
1988-02-05,7.855258941650391
1988-02-08,7.855258941650391
1988-02-09,7.855258941650391
1988-02-10,7.855258941650391
1988-02-11,7.855258941650391
1988-02-12,7.855258941650391
1988-02-15,7.855258941650391
1988-02-16,7.855258941650391
1988-02-17,7.855258941650391
1988-02-18,7.855258941650391
1988-02-19,7.855258941650391
1988-02-22,7.855258941650391
1988-02-23,7.855258941650391
1988-02-24,7.855258941650391
1988-02-25,7.855258941650391
1988-02-26,7.855258941650391
1988-02-29,6.284206867218018
1988-03-01,6.284206867218018
1988-03-02,6.284206867218018
1988-03-03,6.284206867218018
1988-03-04,6.284206867218018
1988-03-07,6.284206867218018
1988-03-08,6.284206867218018
1988-03-09,6.284206867218018
1988-03-10,6.284206867218018
1988-03-11,6.284206867218018
1988-03-14,6.284206867218018
1988-03-15,6.284206867218018
1988-03-16,6.284206867218018
1988-03-17,6.284206867218018
1988-03-18,6.284206867218018
1988-03-21,6.284206867218018
1988-03-22,6.284206867218018
1988-03-23,6.284206867218018
1988-03-24,6.284206867218018
1988-03-25,6.284206867218018
1988-03-28,6.284206867218018
1988-03-29,6.284206867218018
1988-03-30,6.284206867218018
1988-03-31,6.284206867218018
1988-04-01,6.284206867218018
1988-04-04,6.284206867218018
1988-04-05,6.284206867218018
1988-04-06,6.284206867218018
1988-04-07,6.284206867218018
1988-04-08,6.284206867218018
1988-04-11,6.284206867218018
1988-04-12,6.284206867218018
1988-04-13,6.284206867218018
1988-04-14,6.284206867218018
1988-04-15,6.284206867218018
1988-04-18,6.284206867218018
1988-04-19,6.284206867218018
1988-04-20,6.284206867218018
1988-04-21,6.284206867218018
1988-04-22,6.284206867218018
1988-04-25,6.284206867218018
1988-04-26,6.284206867218018
1988-04-27,6.284206867218018
1988-04-28,6.284206867218018
1988-04-29,6.284206867218018
1988-05-02,6.284206867218018
1988-05-03,6.284206867218018
1988-05-04,6.284206867218018
1988-05-05,6.284206867218018
1988-05-06,6.284206867218018
1988-05-09,6.284206867218018
1988-05-10,6.284206867218018
1988-05-11,6.284206867218018
1988-05-12,6.284206867218018
1988-05-13,6.284206867218018
1988-05-16,6.284206867218018
1988-05-17,6.284206867218018
1988-05-18,6.284206867218018
1988-05-19,6.284206867218018
1988-05-20,6.284206867218018
1988-05-23,6.284206867218018
1988-05-24,6.284206867218018
1988-05-25,6.284206867218018
1988-05-26,6.284206867218018
1988-05-27,6.284206867218018
1988-05-30,6.284206867218018
1988-05-31,6.284206867218018
1988-06-01,6.284206867218018
1988-06-02,6.284206867218018
1988-06-03,6.284206867218018
1988-06-06,6.284206867218018
1988-06-07,6.284206867218018
1988-06-08,6.284206867218018
1988-06-09,6.284206867218018
1988-06-10,6.284206867218018
1988-06-13,6.284206867218018
1988-06-14,6.284206867218018
1988-06-15,6.284206867218018
1988-06-16,6.284206867218018
1988-06-17,6.284206867218018
1988-06-20,6.284206867218018
1988-06-21,6.284206867218018
1988-06-22,6.284206867218018
1988-06-23,6.284206867218018
1988-06-24,6.284206867218018
1988-06-27,6.284206867218018
1988-06-28,6.284206867218018
1988-06-29,6.284206867218018
1988-06-30,6.284206867218018
1988-07-01,6.284206867218018
1988-07-04,6.284206867218018
1988-07-05,6.284206867218018
1988-07-06,6.284206867218018
1988-07-07,6.284206867218018
1988-07-08,6.284206867218018
1988-07-11,6.284206867218018
1988-07-12,6.284206867218018
1988-07-13,6.284206867218018
1988-07-14,6.284206867218018
1988-07-15,6.284206867218018
1988-07-18,6.284206867218018
1988-07-19,6.284206867218018
1988-07-20,6.284206867218018
1988-07-21,6.284206867218018
1988-07-22,6.284206867218018
1988-07-25,6.284206867218018
1988-07-26,6.284206867218018
1988-07-27,6.284206867218018
1988-07-28,6.284206867218018
1988-07-29,4.7131547927856445
1988-08-01,4.7131547927856445
1988-08-02,4.7131547927856445
1988-08-03,4.7131547927856445
1988-08-04,4.7131547927856445
1988-08-05,4.7131547927856445
1988-08-08,4.7131547927856445
1988-08-09,4.7131547927856445
1988-08-10,4.7131547927856445
1988-08-11,4.7131547927856445
1988-08-12,4.7131547927856445
1988-08-15,4.7131547927856445
1988-08-16,4.7131547927856445
1988-08-17,4.7131547927856445
1988-08-18,4.7131547927856445
1988-08-19,4.7131547927856445
1988-08-22,4.7131547927856445
1988-08-23,4.7131547927856445
1988-08-24,4.7131547927856445
1988-08-25,4.7131547927856445
1988-08-26,4.7131547927856445
1988-08-29,4.7131547927856445
1988-08-30,4.7131547927856445
1988-08-31,4.7131547927856445
1988-09-01,4.7131547927856445
1988-09-02,4.7131547927856445
1988-09-05,4.7131547927856445
1988-09-06,4.7131547927856445
1988-09-07,4.7131547927856445
1988-09-08,4.7131547927856445
1988-09-09,4.7131547927856445
1988-09-12,4.7131547927856445
1988-09-13,4.7131547927856445
1988-09-14,4.7131547927856445
1988-09-15,4.7131547927856445
1988-09-16,4.7131547927856445
1988-09-19,4.7131547927856445
1988-09-20,4.7131547927856445
1988-09-21,4.7131547927856445
1988-09-22,4.7131547927856445
1988-09-23,4.7131547927856445
1988-09-26,4.7131547927856445
1988-09-27,4.7131547927856445
1988-09-28,4.7131547927856445
1988-09-29,4.7131547927856445
1988-09-30,4.7131547927856445
1988-10-03,4.7131547927856445
1988-10-04,4.7131547927856445
1988-10-05,4.7131547927856445
1988-10-06,4.7131547927856445
1988-10-07,4.7131547927856445
1988-10-10,4.7131547927856445
1988-10-11,4.7131547927856445
1988-10-12,4.7131547927856445
1988-10-13,4.7131547927856445
1988-10-14,4.7131547927856445
1988-10-17,4.7131547927856445
1988-10-18,4.7131547927856445
1988-10-19,4.7131547927856445
1988-10-20,4.7131547927856445
1988-10-21,4.7131547927856445
1988-10-24,4.7131547927856445
1988-10-25,4.7131547927856445
1988-10-26,4.7131547927856445
1988-10-27,4.7131547927856445
1988-10-28,4.7131547927856445
1988-10-31,6.284206867218018
1988-11-01,6.284206867218018
1988-11-02,6.284206867218018
1988-11-03,6.284206867218018
1988-11-04,6.284206867218018
1988-11-07,6.284206867218018
1988-11-08,6.284206867218018
1988-11-09,6.284206867218018
1988-11-10,6.284206867218018
1988-11-11,6.284206867218018
1988-11-14,6.284206867218018
1988-11-15,6.284206867218018
1988-11-16,6.284206867218018
1988-11-17,6.284206867218018
1988-11-18,6.284206867218018
1988-11-21,6.284206867218018
1988-11-22,6.284206867218018
1988-11-23,6.284206867218018
1988-11-24,6.284206867218018
1988-11-25,6.284206867218018
1988-11-28,6.284206867218018
1988-11-29,6.284206867218018
1988-11-30,4.7131547927856445
1988-12-01,4.7131547927856445
1988-12-02,4.7131547927856445
1988-12-05,4.7131547927856445
1988-12-06,4.7131547927856445
1988-12-07,4.7131547927856445
1988-12-08,4.7131547927856445
1988-12-09,4.7131547927856445
1988-12-12,4.7131547927856445
1988-12-13,4.7131547927856445
1988-12-14,4.7131547927856445
1988-12-15,4.7131547927856445
1988-12-16,4.7131547927856445
1988-12-19,4.7131547927856445
1988-12-20,4.7131547927856445
1988-12-21,4.7131547927856445
1988-12-22,4.7131547927856445
1988-12-23,4.7131547927856445
1988-12-26,4.7131547927856445
1988-12-27,4.7131547927856445
1988-12-28,4.7131547927856445
1988-12-29,4.7131547927856445
1988-12-30,3.1421029567718506
1989-01-02,3.1421029567718506
1989-01-03,3.1421029567718506
1989-01-04,3.1421029567718506
1989-01-05,3.1421029567718506
1989-01-06,3.1421029567718506
1989-01-09,3.1421029567718506
1989-01-10,3.1421029567718506
1989-01-11,3.1421029567718506
1989-01-12,3.1421029567718506
1989-01-13,3.1421029567718506
1989-01-16,3.1421029567718506
1989-01-17,3.1421029567718506
1989-01-18,3.1421029567718506
1989-01-19,3.1421029567718506
1989-01-20,3.1421029567718506
1989-01-23,3.1421029567718506
1989-01-24,3.1421029567718506
1989-01-25,3.1421029567718506
1989-01-26,3.1421029567718506
1989-01-27,3.1421029567718506
1989-01-30,3.1421029567718506
1989-01-31,6.284206867218018
1989-02-01,6.284206867218018
1989-02-02,6.284206867218018
1989-02-03,6.284206867218018
1989-02-06,6.284206867218018
1989-02-07,6.284206867218018
1989-02-08,6.284206867218018
1989-02-09,6.284206867218018
1989-02-10,6.284206867218018
1989-02-13,6.284206867218018
1989-02-14,6.284206867218018
1989-02-15,6.284206867218018
1989-02-16,6.284206867218018
1989-02-17,6.284206867218018
1989-02-20,6.284206867218018
1989-02-21,6.284206867218018
1989-02-22,6.284206867218018
1989-02-23,6.284206867218018
1989-02-24,6.284206867218018
1989-02-27,6.284206867218018
1989-02-28,6.284206867218018
1989-03-01,6.284206867218018
1989-03-02,6.284206867218018
1989-03-03,6.284206867218018
1989-03-06,6.284206867218018
1989-03-07,6.284206867218018
1989-03-08,6.284206867218018
1989-03-09,6.284206867218018
1989-03-10,6.284206867218018
1989-03-13,6.284206867218018
1989-03-14,6.284206867218018
1989-03-15,6.284206867218018
1989-03-16,6.284206867218018
1989-03-17,6.284206867218018
1989-03-20,6.284206867218018
1989-03-21,6.284206867218018
1989-03-22,6.284206867218018
1989-03-23,6.284206867218018
1989-03-24,6.284206867218018
1989-03-27,6.284206867218018
1989-03-28,6.284206867218018
1989-03-29,6.284206867218018
1989-03-30,6.284206867218018
1989-03-31,6.284206867218018
1989-04-03,6.284206867218018
1989-04-04,6.284206867218018
1989-04-05,6.284206867218018
1989-04-06,6.284206867218018
1989-04-07,6.284206867218018
1989-04-10,6.284206867218018
1989-04-11,6.284206867218018
1989-04-12,6.284206867218018
1989-04-13,6.284206867218018
1989-04-14,6.284206867218018
1989-04-17,6.284206867218018
1989-04-18,6.284206867218018
1989-04-19,6.284206867218018
1989-04-20,6.284206867218018
1989-04-21,6.284206867218018
1989-04-24,6.284206867218018
1989-04-25,6.284206867218018
1989-04-26,6.284206867218018
1989-04-27,6.284206867218018
1989-04-28,4.7131547927856445
1989-05-01,4.7131547927856445
1989-05-02,4.7131547927856445
1989-05-03,4.7131547927856445
1989-05-04,4.7131547927856445
1989-05-05,4.7131547927856445
1989-05-08,4.7131547927856445
1989-05-09,4.7131547927856445
1989-05-10,4.7131547927856445
1989-05-11,4.7131547927856445
1989-05-12,4.7131547927856445
1989-05-15,4.7131547927856445
1989-05-16,4.7131547927856445
1989-05-17,4.7131547927856445
1989-05-18,4.7131547927856445
1989-05-19,4.7131547927856445
1989-05-22,4.7131547927856445
1989-05-23,4.7131547927856445
1989-05-24,4.7131547927856445
1989-05-25,4.7131547927856445
1989-05-26,4.7131547927856445
1989-05-29,4.7131547927856445
1989-05-30,4.7131547927856445
1989-05-31,4.7131547927856445
1989-06-01,4.7131547927856445
1989-06-02,4.7131547927856445
1989-06-05,4.7131547927856445
1989-06-06,4.7131547927856445
1989-06-07,4.7131547927856445
1989-06-08,4.7131547927856445
1989-06-09,4.7131547927856445
1989-06-12,4.7131547927856445
1989-06-13,4.7131547927856445
1989-06-14,4.7131547927856445
1989-06-15,4.7131547927856445
1989-06-16,4.7131547927856445
1989-06-19,4.7131547927856445
1989-06-20,4.7131547927856445
1989-06-21,4.7131547927856445
1989-06-22,4.7131547927856445
1989-06-23,4.7131547927856445
1989-06-26,4.7131547927856445
1989-06-27,4.7131547927856445
1989-06-28,4.7131547927856445
1989-06-29,4.7131547927856445
1989-06-30,3.1421029567718506
1989-07-03,3.1421029567718506
1989-07-04,3.1421029567718506
1989-07-05,3.1421029567718506
1989-07-06,3.1421029567718506
1989-07-07,3.1421029567718506
1989-07-10,3.1421029567718506
1989-07-11,3.1421029567718506
1989-07-12,3.1421029567718506
1989-07-13,3.1421029567718506
1989-07-14,3.1421029567718506
1989-07-17,3.1421029567718506
1989-07-18,3.1421029567718506
1989-07-19,3.1421029567718506
1989-07-20,3.1421029567718506
1989-07-21,3.1421029567718506
1989-07-24,3.1421029567718506
1989-07-25,3.1421029567718506
1989-07-26,3.1421029567718506
1989-07-27,3.1421029567718506
1989-07-28,3.1421029567718506
1989-07-31,3.1421029567718506
1989-08-01,3.1421029567718506
1989-08-02,3.1421029567718506
1989-08-03,3.1421029567718506
1989-08-04,3.1421029567718506
1989-08-07,3.1421029567718506
1989-08-08,3.1421029567718506
1989-08-09,3.1421029567718506
1989-08-10,3.1421029567718506
1989-08-11,3.1421029567718506
1989-08-14,3.1421029567718506
1989-08-15,3.1421029567718506
1989-08-16,3.1421029567718506
1989-08-17,3.1421029567718506
1989-08-18,3.1421029567718506
1989-08-21,3.1421029567718506
1989-08-22,3.1421029567718506
1989-08-23,3.1421029567718506
1989-08-24,3.1421029567718506
1989-08-25,3.1421029567718506
1989-08-28,3.1421029567718506
1989-08-29,3.1421029567718506
1989-08-30,3.1421029567718506
1989-08-31,4.7131547927856445
1989-09-01,4.7131547927856445
1989-09-04,4.7131547927856445
1989-09-05,4.7131547927856445
1989-09-06,4.7131547927856445
1989-09-07,4.7131547927856445
1989-09-08,4.7131547927856445
1989-09-11,4.7131547927856445
1989-09-12,4.7131547927856445
1989-09-13,4.7131547927856445
1989-09-14,4.7131547927856445
1989-09-15,4.7131547927856445
1989-09-18,4.7131547927856445
1989-09-19,4.7131547927856445
1989-09-20,4.7131547927856445
1989-09-21,4.7131547927856445
1989-09-22,4.7131547927856445
1989-09-25,4.7131547927856445
1989-09-26,4.7131547927856445
1989-09-27,4.7131547927856445
1989-09-28,4.7131547927856445
1989-09-29,4.7131547927856445
1989-10-02,4.7131547927856445
1989-10-03,4.7131547927856445
1989-10-04,4.7131547927856445
1989-10-05,4.7131547927856445
1989-10-06,4.7131547927856445
1989-10-09,4.7131547927856445
1989-10-10,4.7131547927856445
1989-10-11,4.7131547927856445
1989-10-12,4.7131547927856445
1989-10-13,4.7131547927856445
1989-10-16,4.7131547927856445
1989-10-17,4.7131547927856445
1989-10-18,4.7131547927856445
1989-10-19,4.7131547927856445
1989-10-20,4.7131547927856445
1989-10-23,4.7131547927856445
1989-10-24,4.7131547927856445
1989-10-25,4.7131547927856445
1989-10-26,4.7131547927856445
1989-10-27,4.7131547927856445
1989-10-30,4.7131547927856445
1989-10-31,3.1421029567718506
1989-11-01,3.1421029567718506
1989-11-02,3.1421029567718506
1989-11-03,3.1421029567718506
1989-11-06,3.1421029567718506
1989-11-07,3.1421029567718506
1989-11-08,3.1421029567718506
1989-11-09,3.1421029567718506
1989-11-10,3.1421029567718506
1989-11-13,3.1421029567718506
1989-11-14,3.1421029567718506
1989-11-15,3.1421029567718506
1989-11-16,3.1421029567718506
1989-11-17,3.1421029567718506
1989-11-20,3.1421029567718506
1989-11-21,3.1421029567718506
1989-11-22,3.1421029567718506
1989-11-23,3.1421029567718506
1989-11-24,3.1421029567718506
1989-11-27,3.1421029567718506
1989-11-28,3.1421029567718506
1989-11-29,3.1421029567718506
1989-11-30,2.356576919555664
1989-12-01,2.356576919555664
1989-12-04,2.356576919555664
1989-12-05,2.356576919555664
1989-12-06,2.356576919555664
1989-12-07,2.356576919555664
1989-12-08,2.356576919555664
1989-12-11,2.356576919555664
1989-12-12,2.356576919555664
1989-12-13,2.356576919555664
1989-12-14,2.356576919555664
1989-12-15,2.356576919555664
1989-12-18,2.356576919555664
1989-12-19,2.356576919555664
1989-12-20,2.356576919555664
1989-12-21,2.356576919555664
1989-12-22,2.356576919555664
1989-12-25,2.356576919555664
1989-12-26,2.356576919555664
1989-12-27,2.356576919555664
1989-12-28,2.356576919555664
1989-12-29,3.1421029567718506
1990-01-01,3.1421029567718506
1990-01-02,3.142103910446167
1990-01-03,3.142103910446167
1990-01-04,3.142103910446167
1990-01-05,3.142103910446167
1990-01-08,3.142103910446167
1990-01-09,3.142103910446167
1990-01-10,3.142103910446167
1990-01-11,3.142103910446167
1990-01-12,3.142103910446167
1990-01-15,3.142103910446167
1990-01-16,3.142103910446167
1990-01-17,3.142103910446167
1990-01-18,3.142103910446167
1990-01-19,3.142103910446167
1990-01-22,3.142103910446167
1990-01-23,3.142103910446167
1990-01-24,3.142103910446167
1990-01-25,3.142103910446167
1990-01-26,3.142103910446167
1990-01-29,3.142103910446167
1990-01-30,3.142103910446167
1990-01-31,1.8852620124816895
1990-02-01,1.8852620124816895
1990-02-02,1.8852620124816895
1990-02-05,1.8852620124816895
1990-02-06,1.8852620124816895
1990-02-07,1.8852620124816895
1990-02-08,1.8852620124816895
1990-02-09,1.8852620124816895
1990-02-12,1.8852620124816895
1990-02-13,1.8852620124816895
1990-02-14,1.8852620124816895
1990-02-15,1.8852620124816895
1990-02-16,1.8852620124816895
1990-02-19,1.8852620124816895
1990-02-20,1.8852620124816895
1990-02-21,1.8852620124816895
1990-02-22,1.8852620124816895
1990-02-23,1.8852620124816895
1990-02-26,1.8852620124816895
1990-02-27,1.8852620124816895
1990-02-28,2.3565781116485596
1990-03-01,2.3565781116485596
1990-03-02,2.3565781116485596
1990-03-05,2.3565781116485596
1990-03-06,2.3565781116485596
1990-03-07,2.3565781116485596
1990-03-08,2.3565781116485596
1990-03-09,2.3565781116485596
1990-03-12,2.3565781116485596
1990-03-13,2.3565781116485596
1990-03-14,2.3565781116485596
1990-03-15,2.3565781116485596
1990-03-16,2.3565781116485596
1990-03-19,2.3565781116485596
1990-03-20,2.3565781116485596
1990-03-21,2.3565781116485596
1990-03-22,2.3565781116485596
1990-03-23,2.3565781116485596
1990-03-26,2.3565781116485596
1990-03-27,2.3565781116485596
1990-03-28,2.3565781116485596
1990-03-29,2.3565781116485596
1990-03-30,1.2568409442901611
1990-04-02,1.2568409442901611
1990-04-03,1.2568409442901611
1990-04-04,1.2568409442901611
1990-04-05,1.2568409442901611
1990-04-06,1.2568409442901611
1990-04-09,1.2568409442901611
1990-04-10,1.2568409442901611
1990-04-11,1.2568409442901611
1990-04-12,1.2568409442901611
1990-04-13,1.2568409442901611
1990-04-16,1.2568409442901611
1990-04-17,1.2568409442901611
1990-04-18,1.2568409442901611
1990-04-19,1.2568409442901611
1990-04-20,1.2568409442901611
1990-04-23,1.2568409442901611
1990-04-24,1.2568409442901611
1990-04-25,1.2568409442901611
1990-04-26,1.2568409442901611
1990-04-27,1.2568409442901611
1990-04-30,1.4139460325241089
1990-05-01,1.4139460325241089
1990-05-02,1.4139460325241089
1990-05-03,1.4139460325241089
1990-05-04,1.4139460325241089
1990-05-07,1.4139460325241089
1990-05-08,1.4139460325241089
1990-05-09,1.4139460325241089
1990-05-10,1.4139460325241089
1990-05-11,1.4139460325241089
1990-05-14,1.4139460325241089
1990-05-15,1.4139460325241089
1990-05-16,1.4139460325241089
1990-05-17,1.4139460325241089
1990-05-18,1.4139460325241089
1990-05-21,1.4139460325241089
1990-05-22,1.4139460325241089
1990-05-23,1.4139460325241089
1990-05-24,1.4139460325241089
1990-05-25,1.4139460325241089
1990-05-28,1.4139460325241089
1990-05-29,1.4139460325241089
1990-05-30,1.4139460325241089
1990-05-31,1.099735975265503
1990-06-01,1.099735975265503
1990-06-04,1.099735975265503
1990-06-05,1.099735975265503
1990-06-06,1.099735975265503
1990-06-07,1.099735975265503
1990-06-08,1.099735975265503
1990-06-11,1.099735975265503
1990-06-12,1.099735975265503
1990-06-13,1.099735975265503
1990-06-14,1.099735975265503
1990-06-15,1.099735975265503
1990-06-18,1.099735975265503
1990-06-19,1.099735975265503
1990-06-20,1.099735975265503
1990-06-21,1.099735975265503
1990-06-22,1.099735975265503
1990-06-25,1.099735975265503
1990-06-26,1.099735975265503
1990-06-27,1.099735975265503
1990-06-28,1.099735975265503
1990-06-29,0.7855259776115417
1990-07-02,0.7855259776115417
1990-07-03,0.7855259776115417
1990-07-04,0.7855259776115417
1990-07-05,0.7855259776115417
1990-07-06,0.7855259776115417
1990-07-09,0.7855259776115417
1990-07-10,0.7855259776115417
1990-07-11,0.7855259776115417
1990-07-12,0.7855259776115417
1990-07-13,0.7855259776115417
1990-07-16,0.7855259776115417
1990-07-17,0.7855259776115417
1990-07-18,0.7855259776115417
1990-07-19,0.7855259776115417
1990-07-20,0.7855259776115417
1990-07-23,0.7855259776115417
1990-07-24,0.7855259776115417
1990-07-25,0.7855259776115417
1990-07-26,0.7855259776115417
1990-07-27,0.7855259776115417
1990-07-30,0.7855259776115417
1990-07-31,0.7855259776115417
1990-08-01,0.7855259776115417
1990-08-02,0.7855259776115417
1990-08-03,0.7855259776115417
1990-08-06,0.7855259776115417
1990-08-07,0.7855259776115417
1990-08-08,0.7855259776115417
1990-08-09,0.7855259776115417
1990-08-10,0.7855259776115417
1990-08-13,0.7855259776115417
1990-08-14,0.7855259776115417
1990-08-15,0.7855259776115417
1990-08-16,0.7855259776115417
1990-08-17,0.7855259776115417
1990-08-20,0.7855259776115417
1990-08-21,0.7855259776115417
1990-08-22,0.7855259776115417
1990-08-23,0.7855259776115417
1990-08-24,0.7855259776115417
1990-08-27,0.7855259776115417
1990-08-28,0.7855259776115417
1990-08-29,0.7855259776115417
1990-08-30,0.7855259776115417
1990-08-31,0.9426310062408447
1990-09-03,0.9426310062408447
1990-09-04,0.9426310062408447
1990-09-05,0.9426310062408447
1990-09-06,0.9426310062408447
1990-09-07,0.9426310062408447
1990-09-10,0.9426310062408447
1990-09-11,0.9426310062408447
1990-09-12,0.9426310062408447
1990-09-13,0.9426310062408447
1990-09-14,0.9426310062408447
1990-09-17,0.9426310062408447
1990-09-18,0.9426310062408447
1990-09-19,0.9426310062408447
1990-09-20,0.9426310062408447
1990-09-21,0.9426310062408447
1990-09-24,0.9426310062408447
1990-09-25,0.9426310062408447
1990-09-26,0.9426310062408447
1990-09-27,0.9426310062408447
1990-09-28,0.9426310062408447
1990-10-01,0.9426310062408447
1990-10-02,0.9426310062408447
1990-10-03,0.9426310062408447
1990-10-04,0.9426310062408447
1990-10-05,0.9426310062408447
1990-10-08,0.9426310062408447
1990-10-09,0.9426310062408447
1990-10-10,0.9426310062408447
1990-10-11,0.9426310062408447
1990-10-12,0.9426310062408447
1990-10-15,0.9426310062408447
1990-10-16,0.9426310062408447
1990-10-17,0.9426310062408447
1990-10-18,0.9426310062408447
1990-10-19,0.9426310062408447
1990-10-22,0.9426310062408447
1990-10-23,0.9426310062408447
1990-10-24,0.9426310062408447
1990-10-25,0.9426310062408447
1990-10-26,0.9426310062408447
1990-10-29,0.9426310062408447
1990-10-30,0.9426310062408447
1990-10-31,0.9426310062408447
1990-11-01,0.9426310062408447
1990-11-02,0.9426310062408447
1990-11-05,0.9426310062408447
1990-11-06,0.9426310062408447
1990-11-07,0.9426310062408447
1990-11-08,0.9426310062408447
1990-11-09,0.9426310062408447
1990-11-12,0.9426310062408447
1990-11-13,0.9426310062408447
1990-11-14,0.9426310062408447
1990-11-15,0.9426310062408447
1990-11-16,0.9426310062408447
1990-11-19,0.9426310062408447
1990-11-20,0.9426310062408447
1990-11-21,0.9426310062408447
1990-11-22,0.9426310062408447
1990-11-23,0.9426310062408447
1990-11-26,0.9426310062408447
1990-11-27,0.9426310062408447
1990-11-28,0.9426310062408447
1990-11-29,0.9426310062408447
1990-11-30,0.7855259776115417
1990-12-03,0.7855259776115417
1990-12-04,0.7855259776115417
1990-12-05,0.7855259776115417
1990-12-06,0.7855259776115417
1990-12-07,0.7855259776115417
1990-12-10,0.7855259776115417
1990-12-11,0.7855259776115417
1990-12-12,0.7855259776115417
1990-12-13,0.7855259776115417
1990-12-14,0.7855259776115417
1990-12-17,0.7855259776115417
1990-12-18,0.7855259776115417
1990-12-19,0.7855259776115417
1990-12-20,0.7855259776115417
1990-12-21,0.7855259776115417
1990-12-24,0.7855259776115417
1990-12-25,0.7855259776115417
1990-12-26,0.7855259776115417
1990-12-27,0.7855259776115417
1990-12-28,0.7855259776115417
1990-12-31,0.7855259776115417
1991-01-01,0.7855259776115417
1991-01-02,0.7855259776115417
1991-01-03,0.7855259776115417
1991-01-04,0.7855259776115417
1991-01-07,0.7855259776115417
1991-01-08,0.7855259776115417
1991-01-09,0.7855259776115417
1991-01-10,0.7855259776115417
1991-01-11,0.7855259776115417
1991-01-14,0.7855259776115417
1991-01-15,0.7855259776115417
1991-01-16,0.7855259776115417
1991-01-17,0.7855259776115417
1991-01-18,0.7855259776115417
1991-01-21,0.7855259776115417
1991-01-22,0.7855259776115417
1991-01-23,0.7855259776115417
1991-01-24,0.7855259776115417
1991-01-25,0.7855259776115417
1991-01-28,0.7855259776115417
1991-01-29,0.7855259776115417
1991-01-30,0.7855259776115417
1991-01-31,0.8640779852867126
1991-02-01,0.8640779852867126
1991-02-04,0.8640779852867126
1991-02-05,0.8640779852867126
1991-02-06,0.8640779852867126
1991-02-07,0.8640779852867126
1991-02-08,0.8640779852867126
1991-02-11,0.8640779852867126
1991-02-12,0.8640779852867126
1991-02-13,0.8640779852867126
1991-02-14,0.8640779852867126
1991-02-15,0.8640779852867126
1991-02-18,0.8640779852867126
1991-02-19,0.8640779852867126
1991-02-20,0.8640779852867126
1991-02-21,0.8640779852867126
1991-02-22,0.8640779852867126
1991-02-25,0.8640779852867126
1991-02-26,0.8640779852867126
1991-02-27,0.8640779852867126
1991-02-28,0.7855259776115417
1991-03-01,0.7855259776115417
1991-03-04,0.7855259776115417
1991-03-05,0.7855259776115417
1991-03-06,0.7855259776115417
1991-03-07,0.7855259776115417
1991-03-08,0.7855259776115417
1991-03-11,0.7855259776115417
1991-03-12,0.7855259776115417
1991-03-13,0.7855259776115417
1991-03-14,0.7855259776115417
1991-03-15,0.7855259776115417
1991-03-18,0.7855259776115417
1991-03-19,0.7855259776115417
1991-03-20,0.7855259776115417
1991-03-21,0.7855259776115417
1991-03-22,0.7855259776115417
1991-03-25,0.7855259776115417
1991-03-26,0.7855259776115417
1991-03-27,0.7855259776115417
1991-03-28,0.7069730162620544
1991-03-29,0.7069730162620544
1991-04-01,0.7069730162620544
1991-04-02,0.7069730162620544
1991-04-03,0.7069730162620544
1991-04-04,0.7069730162620544
1991-04-05,0.7069730162620544
1991-04-08,0.7069730162620544
1991-04-09,0.7069730162620544
1991-04-10,0.7069730162620544
1991-04-11,0.7069730162620544
1991-04-12,0.7069730162620544
1991-04-15,0.7069730162620544
1991-04-16,0.7069730162620544
1991-04-17,0.7069730162620544
1991-04-18,0.7069730162620544
1991-04-19,0.7069730162620544
1991-04-22,0.7069730162620544
1991-04-23,0.7069730162620544
1991-04-24,0.7069730162620544
1991-04-25,0.7069730162620544
1991-04-26,0.7069730162620544
1991-04-29,0.7069730162620544
1991-04-30,1.0211830139160156
1991-05-01,1.0211830139160156
1991-05-02,1.0211830139160156
1991-05-03,1.0211830139160156
1991-05-06,1.0211830139160156
1991-05-07,1.0211830139160156
1991-05-08,1.0211830139160156
1991-05-09,1.0211830139160156
1991-05-10,1.0211830139160156
1991-05-13,1.0211830139160156
1991-05-14,1.0211830139160156
1991-05-15,1.0211830139160156
1991-05-16,1.0211830139160156
1991-05-17,1.0211830139160156
1991-05-20,1.0211830139160156
1991-05-21,1.0211830139160156
1991-05-22,1.0211830139160156
1991-05-23,1.0211830139160156
1991-05-24,1.0211830139160156
1991-05-27,1.0211830139160156
1991-05-28,1.0211830139160156
1991-05-29,1.0211830139160156
1991-05-30,1.0211830139160156
1991-05-31,0.7855259776115417
1991-06-03,0.7855259776115417
1991-06-04,0.7855259776115417
1991-06-05,0.7855259776115417
1991-06-06,0.7855259776115417
1991-06-07,0.7855259776115417
1991-06-10,0.7855259776115417
1991-06-11,0.7855259776115417
1991-06-12,0.7855259776115417
1991-06-13,0.7855259776115417
1991-06-14,0.7855259776115417
1991-06-17,0.7855259776115417
1991-06-18,0.7855259776115417
1991-06-19,0.7855259776115417
1991-06-20,0.7855259776115417
1991-06-21,0.7855259776115417
1991-06-24,0.7855259776115417
1991-06-25,0.7855259776115417
1991-06-26,0.7855259776115417
1991-06-27,0.7855259776115417
1991-06-28,1.2568409442901611
1991-07-01,1.2568409442901611
1991-07-02,1.2568409442901611
1991-07-03,1.2568409442901611
1991-07-04,1.2568409442901611
1991-07-05,1.2568409442901611
1991-07-08,1.2568409442901611
1991-07-09,1.2568409442901611
1991-07-10,1.2568409442901611
1991-07-11,1.2568409442901611
1991-07-12,1.2568409442901611
1991-07-15,1.2568409442901611
1991-07-16,1.2568409442901611
1991-07-17,1.2568409442901611
1991-07-18,1.2568409442901611
1991-07-19,1.2568409442901611
1991-07-22,1.2568409442901611
1991-07-23,1.2568409442901611
1991-07-24,1.2568409442901611
1991-07-25,1.2568409442901611
1991-07-26,1.2568409442901611
1991-07-29,1.2568409442901611
1991-07-30,1.2568409442901611
1991-07-31,1.099735975265503
1991-08-01,1.099735975265503
1991-08-02,1.099735975265503
1991-08-05,1.099735975265503
1991-08-06,1.099735975265503
1991-08-07,1.099735975265503
1991-08-08,1.099735975265503
1991-08-09,1.099735975265503
1991-08-12,1.099735975265503
1991-08-13,1.099735975265503
1991-08-14,1.099735975265503
1991-08-15,1.099735975265503
1991-08-16,1.099735975265503
1991-08-19,1.099735975265503
1991-08-20,1.099735975265503
1991-08-21,1.099735975265503
1991-08-22,1.099735975265503
1991-08-23,1.099735975265503
1991-08-26,1.099735975265503
1991-08-27,1.099735975265503
1991-08-28,1.099735975265503
1991-08-29,1.099735975265503
1991-08-30,1.2568409442901611
1991-09-02,1.2568409442901611
1991-09-03,1.2568409442901611
1991-09-04,1.2568409442901611
1991-09-05,1.2568409442901611
1991-09-06,1.2568409442901611
1991-09-09,1.2568409442901611
1991-09-10,1.2568409442901611
1991-09-11,1.2568409442901611
1991-09-12,1.2568409442901611
1991-09-13,1.2568409442901611
1991-09-16,1.2568409442901611
1991-09-17,1.2568409442901611
1991-09-18,1.2568409442901611
1991-09-19,1.2568409442901611
1991-09-20,1.2568409442901611
1991-09-23,1.2568409442901611
1991-09-24,1.2568409442901611
1991-09-25,1.2568409442901611
1991-09-26,1.2568409442901611
1991-09-27,1.2568409442901611
1991-09-30,1.099735975265503
1991-10-01,1.099735975265503
1991-10-02,1.099735975265503
1991-10-03,1.099735975265503
1991-10-04,1.099735975265503
1991-10-07,1.099735975265503
1991-10-08,1.099735975265503
1991-10-09,1.099735975265503
1991-10-10,1.099735975265503
1991-10-11,1.099735975265503
1991-10-14,1.099735975265503
1991-10-15,1.099735975265503
1991-10-16,1.099735975265503
1991-10-17,1.099735975265503
1991-10-18,1.099735975265503
1991-10-21,1.099735975265503
1991-10-22,1.099735975265503
1991-10-23,1.099735975265503
1991-10-24,1.099735975265503
1991-10-25,1.099735975265503
1991-10-28,1.099735975265503
1991-10-29,1.099735975265503
1991-10-30,1.099735975265503
1991-10-31,1.4924989938735962
1991-11-01,1.4924989938735962
1991-11-04,1.4924989938735962
1991-11-05,1.4924989938735962
1991-11-06,1.4924989938735962
1991-11-07,1.4924989938735962
1991-11-08,1.4924989938735962
1991-11-11,1.4924989938735962
1991-11-12,1.4924989938735962
1991-11-13,1.4924989938735962
1991-11-14,1.4924989938735962
1991-11-15,1.4924989938735962
1991-11-18,1.4924989938735962
1991-11-19,1.4924989938735962
1991-11-20,1.4924989938735962
1991-11-21,1.4924989938735962
1991-11-22,1.4924989938735962
1991-11-25,1.4924989938735962
1991-11-26,1.4924989938735962
1991-11-27,1.4924989938735962
1991-11-28,1.4924989938735962
1991-11-29,1.4139460325241089
1991-12-02,1.4139460325241089
1991-12-03,1.4139460325241089
1991-12-04,1.4139460325241089
1991-12-05,1.4139460325241089
1991-12-06,1.4139460325241089
1991-12-09,1.4139460325241089
1991-12-10,1.4139460325241089
1991-12-11,1.4139460325241089
1991-12-12,1.4139460325241089
1991-12-13,1.4139460325241089
1991-12-16,1.4139460325241089
1991-12-17,1.4139460325241089
1991-12-18,1.4139460325241089
1991-12-19,1.4139460325241089
1991-12-20,1.4139460325241089
1991-12-23,1.4139460325241089
1991-12-24,1.4139460325241089
1991-12-25,1.4139460325241089
1991-12-26,1.4139460325241089
1991-12-27,1.4139460325241089
1991-12-30,1.4139460325241089
1991-12-31,1.8852620124816895
1992-01-01,1.8852620124816895
1992-01-02,1.8852620124816895
1992-01-03,1.8852620124816895
1992-01-06,1.8852620124816895
1992-01-07,1.8852620124816895
1992-01-08,1.8852620124816895
1992-01-09,1.8852620124816895
1992-01-10,1.8852620124816895
1992-01-13,1.8852620124816895
1992-01-14,1.8852620124816895
1992-01-15,1.8852620124816895
1992-01-16,1.8852620124816895
1992-01-17,1.8852620124816895
1992-01-20,1.8852620124816895
1992-01-21,1.8852620124816895
1992-01-22,1.8852620124816895
1992-01-23,1.8852620124816895
1992-01-24,1.8852620124816895
1992-01-27,1.8852620124816895
1992-01-28,1.8852620124816895
1992-01-29,1.8852620124816895
1992-01-30,1.8852620124816895
1992-01-31,1.5710519552230835
1992-02-03,1.5710519552230835
1992-02-04,1.5710519552230835
1992-02-05,1.5710519552230835
1992-02-06,1.5710519552230835
1992-02-07,1.5710519552230835
1992-02-10,1.5710519552230835
1992-02-11,1.5710519552230835
1992-02-12,1.5710519552230835
1992-02-13,1.5710519552230835
1992-02-14,1.5710519552230835
1992-02-17,1.5710519552230835
1992-02-18,1.5710519552230835
1992-02-19,1.5710519552230835
1992-02-20,1.5710519552230835
1992-02-21,1.5710519552230835
1992-02-24,1.5710519552230835
1992-02-25,1.5710519552230835
1992-02-26,1.5710519552230835
1992-02-27,1.5710519552230835
1992-02-28,1.0211830139160156
1992-03-02,1.0211830139160156
1992-03-03,1.0211830139160156
1992-03-04,1.0211830139160156
1992-03-05,1.0211830139160156
1992-03-06,1.0211830139160156
1992-03-09,1.0211830139160156
1992-03-10,1.0211830139160156
1992-03-11,1.0211830139160156
1992-03-12,1.0211830139160156
1992-03-13,1.0211830139160156
1992-03-16,1.0211830139160156
1992-03-17,1.0211830139160156
1992-03-18,1.0211830139160156
1992-03-19,1.0211830139160156
1992-03-20,1.0211830139160156
1992-03-23,1.0211830139160156
1992-03-24,1.0211830139160156
1992-03-25,1.0211830139160156
1992-03-26,1.0211830139160156
1992-03-27,1.0211830139160156
1992-03-30,1.0211830139160156
1992-03-31,0.9426310062408447
1992-04-01,0.9426310062408447
1992-04-02,0.9426310062408447
1992-04-03,0.9426310062408447
1992-04-06,0.9426310062408447
1992-04-07,0.9426310062408447
1992-04-08,0.9426310062408447
1992-04-09,0.9426310062408447
1992-04-10,0.9426310062408447
1992-04-13,0.9426310062408447
1992-04-14,0.9426310062408447
1992-04-15,0.9426310062408447
1992-04-16,0.9426310062408447
1992-04-17,0.9426310062408447
1992-04-20,0.9426310062408447
1992-04-21,0.9426310062408447
1992-04-22,0.9426310062408447
1992-04-23,0.9426310062408447
1992-04-24,0.9426310062408447
1992-04-27,0.9426310062408447
1992-04-28,0.9426310062408447
1992-04-29,0.9426310062408447
1992-04-30,1.1782890558242798
1992-05-01,1.1782890558242798
1992-05-04,1.1782890558242798
1992-05-05,1.1782890558242798
1992-05-06,1.1782890558242798
1992-05-07,1.1782890558242798
1992-05-08,1.1782890558242798
1992-05-11,1.1782890558242798
1992-05-12,1.1782890558242798
1992-05-13,1.1782890558242798
1992-05-14,1.1782890558242798
1992-05-15,1.1782890558242798
1992-05-18,1.1782890558242798
1992-05-19,1.1782890558242798
1992-05-20,1.1782890558242798
1992-05-21,1.1782890558242798
1992-05-22,1.1782890558242798
1992-05-25,1.1782890558242798
1992-05-26,1.1782890558242798
1992-05-27,1.1782890558242798
1992-05-28,1.1782890558242798
1992-05-29,1.099735975265503
1992-06-01,1.099735975265503
1992-06-02,1.099735975265503
1992-06-03,1.099735975265503
1992-06-04,1.099735975265503
1992-06-05,1.099735975265503
1992-06-08,1.099735975265503
1992-06-09,1.099735975265503
1992-06-10,1.099735975265503
1992-06-11,1.099735975265503
1992-06-12,1.099735975265503
1992-06-15,1.099735975265503
1992-06-16,1.099735975265503
1992-06-17,1.099735975265503
1992-06-18,1.099735975265503
1992-06-19,1.099735975265503
1992-06-22,1.099735975265503
1992-06-23,1.099735975265503
1992-06-24,1.099735975265503
1992-06-25,1.099735975265503
1992-06-26,1.099735975265503
1992-06-29,1.099735975265503
1992-06-30,1.0211830139160156
1992-07-01,1.0211830139160156
1992-07-02,1.0211830139160156
1992-07-03,1.0211830139160156
1992-07-06,1.0211830139160156
1992-07-07,1.0211830139160156
1992-07-08,1.0211830139160156
1992-07-09,1.0211830139160156
1992-07-10,1.0211830139160156
1992-07-13,1.0211830139160156
1992-07-14,1.0211830139160156
1992-07-15,1.0211830139160156
1992-07-16,1.0211830139160156
1992-07-17,1.0211830139160156
1992-07-20,1.0211830139160156
1992-07-21,1.0211830139160156
1992-07-22,1.0211830139160156
1992-07-23,1.0211830139160156
1992-07-24,1.0211830139160156
1992-07-27,1.0211830139160156
1992-07-28,1.0211830139160156
1992-07-29,1.0211830139160156
1992-07-30,1.0211830139160156
1992-07-31,1.099735975265503
1992-08-03,1.099735975265503
1992-08-04,1.099735975265503
1992-08-05,1.099735975265503
1992-08-06,1.099735975265503
1992-08-07,1.099735975265503
1992-08-10,1.099735975265503
1992-08-11,1.099735975265503
1992-08-12,1.099735975265503
1992-08-13,1.099735975265503
1992-08-14,1.099735975265503
1992-08-17,1.099735975265503
1992-08-18,1.099735975265503
1992-08-19,1.099735975265503
1992-08-20,1.099735975265503
1992-08-21,1.099735975265503
1992-08-24,1.099735975265503
1992-08-25,1.099735975265503
1992-08-26,1.099735975265503
1992-08-27,1.099735975265503
1992-08-28,1.099735975265503
1992-08-31,0.9426310062408447
1992-09-01,0.9426310062408447
1992-09-02,0.9426310062408447
1992-09-03,0.9426310062408447
1992-09-04,0.9426310062408447
1992-09-07,0.9426310062408447
1992-09-08,0.9426310062408447
1992-09-09,0.9426310062408447
1992-09-10,0.9426310062408447
1992-09-11,0.9426310062408447
1992-09-14,0.9426310062408447
1992-09-15,0.9426310062408447
1992-09-16,0.9426310062408447
1992-09-17,0.9426310062408447
1992-09-18,0.9426310062408447
1992-09-21,0.9426310062408447
1992-09-22,0.9426310062408447
1992-09-23,0.9426310062408447
1992-09-24,0.9426310062408447
1992-09-25,0.9426310062408447
1992-09-28,0.9426310062408447
1992-09-29,0.9426310062408447
1992-09-30,0.9426310062408447
1992-10-01,0.9426310062408447
1992-10-02,0.9426310062408447
1992-10-05,0.9426310062408447
1992-10-06,0.9426310062408447
1992-10-07,0.9426310062408447
1992-10-08,0.9426310062408447
1992-10-09,0.9426310062408447
1992-10-12,0.9426310062408447
1992-10-13,0.9426310062408447
1992-10-14,0.9426310062408447
1992-10-15,0.9426310062408447
1992-10-16,0.9426310062408447
1992-10-19,0.9426310062408447
1992-10-20,0.9426310062408447
1992-10-21,0.9426310062408447
1992-10-22,0.9426310062408447
1992-10-23,0.9426310062408447
1992-10-26,0.9426310062408447
1992-10-27,0.9426310062408447
1992-10-28,0.9426310062408447
1992-10-29,0.9426310062408447
1992-10-30,1.099735975265503
1992-11-02,1.099735975265503
1992-11-03,1.099735975265503
1992-11-04,1.099735975265503
1992-11-05,1.099735975265503
1992-11-06,1.099735975265503
1992-11-09,1.099735975265503
1992-11-10,1.099735975265503
1992-11-11,1.099735975265503
1992-11-12,1.099735975265503
1992-11-13,1.099735975265503
1992-11-16,1.099735975265503
1992-11-17,1.099735975265503
1992-11-18,1.099735975265503
1992-11-19,1.099735975265503
1992-11-20,1.099735975265503
1992-11-23,1.099735975265503
1992-11-24,1.099735975265503
1992-11-25,1.099735975265503
1992-11-26,1.099735975265503
1992-11-27,1.099735975265503
1992-11-30,0.7855259776115417
1992-12-01,0.7855259776115417
1992-12-02,0.7855259776115417
1992-12-03,0.7855259776115417
1992-12-04,0.7855259776115417
1992-12-07,0.7855259776115417
1992-12-08,0.7855259776115417
1992-12-09,0.7855259776115417
1992-12-10,0.7855259776115417
1992-12-11,0.7855259776115417
1992-12-14,0.7855259776115417
1992-12-15,0.7855259776115417
1992-12-16,0.7855259776115417
1992-12-17,0.7855259776115417
1992-12-18,0.7855259776115417
1992-12-21,0.7855259776115417
1992-12-22,0.7855259776115417
1992-12-23,0.7855259776115417
1992-12-24,0.7855259776115417
1992-12-25,0.7855259776115417
1992-12-28,0.7855259776115417
1992-12-29,0.7855259776115417
1992-12-30,0.7855259776115417
1992-12-31,0.7855259776115417
1993-01-01,0.7855259776115417
1993-01-04,0.7855259776115417
1993-01-05,0.7855259776115417
1993-01-06,0.7855259776115417
1993-01-07,0.7855259776115417
1993-01-08,0.7855259776115417
1993-01-11,0.7855259776115417
1993-01-12,0.7855259776115417
1993-01-13,0.7855259776115417
1993-01-14,0.7855259776115417
1993-01-15,0.7855259776115417
1993-01-18,0.7855259776115417
1993-01-19,0.7855259776115417
1993-01-20,0.7855259776115417
1993-01-21,0.7855259776115417
1993-01-22,0.7855259776115417
1993-01-25,0.7855259776115417
1993-01-26,0.7855259776115417
1993-01-27,0.7855259776115417
1993-01-28,0.7855259776115417
1993-01-29,0.7069730162620544
1993-02-01,0.7069730162620544
1993-02-02,0.7069730162620544
1993-02-03,0.7069730162620544
1993-02-04,0.7069730162620544
1993-02-05,0.7069730162620544
1993-02-08,0.7069730162620544
1993-02-09,0.7069730162620544
1993-02-10,0.7069730162620544
1993-02-11,0.7069730162620544
1993-02-12,0.7069730162620544
1993-02-15,0.7069730162620544
1993-02-16,0.7069730162620544
1993-02-17,0.7069730162620544
1993-02-18,0.7069730162620544
1993-02-19,0.7069730162620544
1993-02-22,0.7069730162620544
1993-02-23,0.7069730162620544
1993-02-24,0.7069730162620544
1993-02-25,0.7069730162620544
1993-02-26,0.7069730162620544
1993-03-01,0.7069730162620544
1993-03-02,0.7069730162620544
1993-03-03,0.7069730162620544
1993-03-04,0.7069730162620544
1993-03-05,0.7069730162620544
1993-03-08,0.7069730162620544
1993-03-09,0.7069730162620544
1993-03-10,0.7069730162620544
1993-03-11,0.7069730162620544
1993-03-12,0.7069730162620544
1993-03-15,0.7069730162620544
1993-03-16,0.7069730162620544
1993-03-17,0.7069730162620544
1993-03-18,0.7069730162620544
1993-03-19,0.7069730162620544
1993-03-22,0.7069730162620544
1993-03-23,0.7069730162620544
1993-03-24,0.7069730162620544
1993-03-25,0.7069730162620544
1993-03-26,0.7069730162620544
1993-03-29,0.7069730162620544
1993-03-30,0.7069730162620544
1993-03-31,0.7069730162620544
1993-04-01,0.7069730162620544
1993-04-02,0.7069730162620544
1993-04-05,0.7069730162620544
1993-04-06,0.7069730162620544
1993-04-07,0.7069730162620544
1993-04-08,0.7069730162620544
1993-04-09,0.7069730162620544
1993-04-12,0.7069730162620544
1993-04-13,0.7069730162620544
1993-04-14,0.7069730162620544
1993-04-15,0.7069730162620544
1993-04-16,0.7069730162620544
1993-04-19,0.7069730162620544
1993-04-20,0.7069730162620544
1993-04-21,0.7069730162620544
1993-04-22,0.7069730162620544
1993-04-23,0.7069730162620544
1993-04-26,0.7069730162620544
1993-04-27,0.7069730162620544
1993-04-28,0.7069730162620544
1993-04-29,0.7069730162620544
1993-04-30,0.7069730162620544
1993-05-03,0.7069730162620544
1993-05-04,0.7069730162620544
1993-05-05,0.7069730162620544
1993-05-06,0.7069730162620544
1993-05-07,0.7069730162620544
1993-05-10,0.7069730162620544
1993-05-11,0.7069730162620544
1993-05-12,0.7069730162620544
1993-05-13,0.7069730162620544
1993-05-14,0.7069730162620544
1993-05-17,0.7069730162620544
1993-05-18,0.7069730162620544
1993-05-19,0.7069730162620544
1993-05-20,0.7069730162620544
1993-05-21,0.7069730162620544
1993-05-24,0.7069730162620544
1993-05-25,0.7069730162620544
1993-05-26,0.7069730162620544
1993-05-27,0.7069730162620544
1993-05-28,0.7069730162620544
1993-05-31,0.9426310062408447
1993-06-01,0.9426310062408447
1993-06-02,0.9426310062408447
1993-06-03,0.9426310062408447
1993-06-04,0.9426310062408447
1993-06-07,0.9426310062408447
1993-06-08,0.9426310062408447
1993-06-09,0.9426310062408447
1993-06-10,0.9426310062408447
1993-06-11,0.9426310062408447
1993-06-14,0.9426310062408447
1993-06-15,0.9426310062408447
1993-06-16,0.9426310062408447
1993-06-17,0.9426310062408447
1993-06-18,0.9426310062408447
1993-06-21,0.9426310062408447
1993-06-22,0.9426310062408447
1993-06-23,0.9426310062408447
1993-06-24,0.9426310062408447
1993-06-25,0.9426310062408447
1993-06-28,0.9426310062408447
1993-06-29,0.9426310062408447
1993-06-30,0.9426310062408447
1993-07-01,0.9426310062408447
1993-07-02,0.9426310062408447
1993-07-05,0.9426310062408447
1993-07-06,0.9426310062408447
1993-07-07,0.9426310062408447
1993-07-08,0.9426310062408447
1993-07-09,0.9426310062408447
1993-07-12,0.9426310062408447
1993-07-13,0.9426310062408447
1993-07-14,0.9426310062408447
1993-07-15,0.9426310062408447
1993-07-16,0.9426310062408447
1993-07-19,0.9426310062408447
1993-07-20,0.9426310062408447
1993-07-21,0.9426310062408447
1993-07-22,0.9426310062408447
1993-07-23,0.9426310062408447
1993-07-26,0.9426310062408447
1993-07-27,0.9426310062408447
1993-07-28,0.9426310062408447
1993-07-29,0.9426310062408447
1993-07-30,2.199471950531006
1993-08-02,2.199471950531006
1993-08-03,2.199471950531006
1993-08-04,2.199471950531006
1993-08-05,2.199471950531006
1993-08-06,2.199471950531006
1993-08-09,2.199471950531006
1993-08-10,2.199471950531006
1993-08-11,2.199471950531006
1993-08-12,2.199471950531006
1993-08-13,2.199471950531006
1993-08-16,2.199471950531006
1993-08-17,2.199471950531006
1993-08-18,2.199471950531006
1993-08-19,2.199471950531006
1993-08-20,2.199471950531006
1993-08-23,2.199471950531006
1993-08-24,2.199471950531006
1993-08-25,2.199471950531006
1993-08-26,2.199471950531006
1993-08-27,2.199471950531006
1993-08-30,2.199471950531006
1993-08-31,1.1782890558242798
1993-09-01,1.1782890558242798
1993-09-02,1.1782890558242798
1993-09-03,1.1782890558242798
1993-09-06,1.1782890558242798
1993-09-07,1.1782890558242798
1993-09-08,1.1782890558242798
1993-09-09,1.1782890558242798
1993-09-10,1.1782890558242798
1993-09-13,1.1782890558242798
1993-09-14,1.1782890558242798
1993-09-15,1.1782890558242798
1993-09-16,1.1782890558242798
1993-09-17,1.1782890558242798
1993-09-20,1.1782890558242798
1993-09-21,1.1782890558242798
1993-09-22,1.1782890558242798
1993-09-23,1.1782890558242798
1993-09-24,1.1782890558242798
1993-09-27,1.1782890558242798
1993-09-28,1.1782890558242798
1993-09-29,1.1782890558242798
1993-09-30,1.099735975265503
1993-10-01,1.099735975265503
1993-10-04,1.099735975265503
1993-10-05,1.099735975265503
1993-10-06,1.099735975265503
1993-10-07,1.099735975265503
1993-10-08,1.099735975265503
1993-10-11,1.099735975265503
1993-10-12,1.099735975265503
1993-10-13,1.099735975265503
1993-10-14,1.099735975265503
1993-10-15,1.099735975265503
1993-10-18,1.099735975265503
1993-10-19,1.099735975265503
1993-10-20,1.099735975265503
1993-10-21,1.099735975265503
1993-10-22,1.099735975265503
1993-10-25,1.099735975265503
1993-10-26,1.099735975265503
1993-10-27,1.099735975265503
1993-10-28,1.099735975265503
1993-10-29,1.1782890558242798
1993-11-01,1.1782890558242798
1993-11-02,1.1782890558242798
1993-11-03,1.1782890558242798
1993-11-04,1.1782890558242798
1993-11-05,1.1782890558242798
1993-11-08,1.1782890558242798
1993-11-09,1.1782890558242798
1993-11-10,1.1782890558242798
1993-11-11,1.1782890558242798
1993-11-12,1.1782890558242798
1993-11-15,1.1782890558242798
1993-11-16,1.1782890558242798
1993-11-17,1.1782890558242798
1993-11-18,1.1782890558242798
1993-11-19,1.1782890558242798
1993-11-22,1.1782890558242798
1993-11-23,1.1782890558242798
1993-11-24,1.1782890558242798
1993-11-25,1.1782890558242798
1993-11-26,1.1782890558242798
1993-11-29,1.1782890558242798
1993-11-30,0.9426310062408447
1993-12-01,0.9426310062408447
1993-12-02,0.9426310062408447
1993-12-03,0.9426310062408447
1993-12-06,0.9426310062408447
1993-12-07,0.9426310062408447
1993-12-08,0.9426310062408447
1993-12-09,0.9426310062408447
1993-12-10,0.9426310062408447
1993-12-13,0.9426310062408447
1993-12-14,0.9426310062408447
1993-12-15,0.9426310062408447
1993-12-16,0.9426310062408447
1993-12-17,0.9426310062408447
1993-12-20,0.9426310062408447
1993-12-21,0.9426310062408447
1993-12-22,0.9426310062408447
1993-12-23,0.9426310062408447
1993-12-24,0.9426310062408447
1993-12-27,0.9426310062408447
1993-12-28,0.9426310062408447
1993-12-29,0.9426310062408447
1993-12-30,0.9426310062408447
1993-12-31,0.9426310062408447
1994-01-03,0.9426310062408447
1994-01-04,0.9426310062408447
1994-01-05,0.9426310062408447
1994-01-06,0.9426310062408447
1994-01-07,0.9426310062408447
1994-01-10,0.9426310062408447
1994-01-11,0.9426310062408447
1994-01-12,0.9426310062408447
1994-01-13,0.9426310062408447
1994-01-14,0.9426310062408447
1994-01-17,0.9426310062408447
1994-01-18,0.9426310062408447
1994-01-19,0.9426310062408447
1994-01-20,0.9426310062408447
1994-01-21,0.9426310062408447
1994-01-24,0.9426310062408447
1994-01-25,0.9426310062408447
1994-01-26,0.9426310062408447
1994-01-27,0.9426310062408447
1994-01-28,0.9426310062408447
1994-01-31,0.8640779852867126
1994-02-01,0.8640779852867126
1994-02-02,0.8640779852867126
1994-02-03,0.8640779852867126
1994-02-04,0.8640779852867126
1994-02-07,0.8640779852867126
1994-02-08,0.8640779852867126
1994-02-09,0.8640779852867126
1994-02-10,0.8640779852867126
1994-02-11,0.8640779852867126
1994-02-14,0.8640779852867126
1994-02-15,0.8640779852867126
1994-02-16,0.8640779852867126
1994-02-17,0.8640779852867126
1994-02-18,0.8640779852867126
1994-02-21,0.8640779852867126
1994-02-22,0.8640779852867126
1994-02-23,0.8640779852867126
1994-02-24,0.8640779852867126
1994-02-25,0.8640779852867126
1994-02-28,1.099735975265503
1994-03-01,1.099735975265503
1994-03-02,1.099735975265503
1994-03-03,1.099735975265503
1994-03-04,1.099735975265503
1994-03-07,1.099735975265503
1994-03-08,1.099735975265503
1994-03-09,1.099735975265503
1994-03-10,1.099735975265503
1994-03-11,1.099735975265503
1994-03-14,1.099735975265503
1994-03-15,1.099735975265503
1994-03-16,1.099735975265503
1994-03-17,1.099735975265503
1994-03-18,1.099735975265503
1994-03-21,1.099735975265503
1994-03-22,1.099735975265503
1994-03-23,1.099735975265503
1994-03-24,1.099735975265503
1994-03-25,1.099735975265503
1994-03-28,1.099735975265503
1994-03-29,1.099735975265503
1994-03-30,1.099735975265503
1994-03-31,0.8640779852867126
1994-04-01,0.8640779852867126
1994-04-04,0.8640779852867126
1994-04-05,0.8640779852867126
1994-04-06,0.8640779852867126
1994-04-07,0.8640779852867126
1994-04-08,0.8640779852867126
1994-04-11,0.8640779852867126
1994-04-12,0.8640779852867126
1994-04-13,0.8640779852867126
1994-04-14,0.8640779852867126
1994-04-15,0.8640779852867126
1994-04-18,0.8640779852867126
1994-04-19,0.8640779852867126
1994-04-20,0.8640779852867126
1994-04-21,0.8640779852867126
1994-04-22,0.8640779852867126
1994-04-25,0.8640779852867126
1994-04-26,0.8640779852867126
1994-04-27,0.8640779852867126
1994-04-28,0.8640779852867126
1994-04-29,0.8640779852867126
1994-05-02,0.8640779852867126
1994-05-03,0.8640779852867126
1994-05-04,0.8640779852867126
1994-05-05,0.8640779852867126
1994-05-06,0.8640779852867126
1994-05-09,0.8640779852867126
1994-05-10,0.8640779852867126
1994-05-11,0.8640779852867126
1994-05-12,0.8640779852867126
1994-05-13,0.8640779852867126
1994-05-16,0.8640779852867126
1994-05-17,0.8640779852867126
1994-05-18,0.8640779852867126
1994-05-19,0.8640779852867126
1994-05-20,0.8640779852867126
1994-05-23,0.8640779852867126
1994-05-24,0.8640779852867126
1994-05-25,0.8640779852867126
1994-05-26,0.8640779852867126
1994-05-27,0.8640779852867126
1994-05-30,0.8640779852867126
1994-05-31,0.9426310062408447
1994-06-01,0.9426310062408447
1994-06-02,0.9426310062408447
1994-06-03,0.9426310062408447
1994-06-06,0.9426310062408447
1994-06-07,0.9426310062408447
1994-06-08,0.9426310062408447
1994-06-09,0.9426310062408447
1994-06-10,0.9426310062408447
1994-06-13,0.9426310062408447
1994-06-14,0.9426310062408447
1994-06-15,0.9426310062408447
1994-06-16,0.9426310062408447
1994-06-17,0.9426310062408447
1994-06-20,0.9426310062408447
1994-06-21,0.9426310062408447
1994-06-22,0.9426310062408447
1994-06-23,0.9426310062408447
1994-06-24,0.9426310062408447
1994-06-27,0.9426310062408447
1994-06-28,0.9426310062408447
1994-06-29,0.9426310062408447
1994-06-30,0.8640779852867126
1994-07-01,0.8640779852867126
1994-07-04,0.8640779852867126
1994-07-05,0.8640779852867126
1994-07-06,0.8640779852867126
1994-07-07,0.8640779852867126
1994-07-08,0.8640779852867126
1994-07-11,0.8640779852867126
1994-07-12,0.8640779852867126
1994-07-13,0.8640779852867126
1994-07-14,0.8640779852867126
1994-07-15,0.8640779852867126
1994-07-18,0.8640779852867126
1994-07-19,0.8640779852867126
1994-07-20,0.8640779852867126
1994-07-21,0.8640779852867126
1994-07-22,0.8640779852867126
1994-07-25,0.8640779852867126
1994-07-26,0.8640779852867126
1994-07-27,0.8640779852867126
1994-07-28,0.8640779852867126
1994-07-29,0.8640779852867126
1994-08-01,0.8640779852867126
1994-08-02,0.8640779852867126
1994-08-03,0.8640779852867126
1994-08-04,0.8640779852867126
1994-08-05,0.8640779852867126
1994-08-08,0.8640779852867126
1994-08-09,0.8640779852867126
1994-08-10,0.8640779852867126
1994-08-11,0.8640779852867126
1994-08-12,0.8640779852867126
1994-08-15,0.8640779852867126
1994-08-16,0.8640779852867126
1994-08-17,0.8640789985656738
1994-08-18,0.8640789985656738
1994-08-19,0.8640789985656738
1994-08-22,0.8640789985656738
1994-08-23,0.8640789985656738
1994-08-24,0.8640789985656738
1994-08-25,0.8640789985656738
1994-08-26,0.8640789985656738
1994-08-29,0.8640789985656738
1994-08-30,0.8640789985656738
1994-08-31,0.989762008190155
1994-09-01,0.989762008190155
1994-09-02,0.989762008190155
1994-09-05,0.989762008190155
1994-09-06,0.989762008190155
1994-09-07,0.989762008190155
1994-09-08,0.989762008190155
1994-09-09,0.989762008190155
1994-09-12,0.989762008190155
1994-09-13,0.989762008190155
1994-09-14,0.989762008190155
1994-09-15,0.989762008190155
1994-09-16,0.989762008190155
1994-09-19,0.989762008190155
1994-09-20,0.989762008190155
1994-09-21,0.989762008190155
1994-09-22,0.989762008190155
1994-09-23,0.989762008190155
1994-09-26,0.989762008190155
1994-09-27,0.989762008190155
1994-09-28,0.989762008190155
1994-09-29,0.989762008190155
1994-09-30,1.072242021560669
1994-10-03,1.072242021560669
1994-10-04,1.072242021560669
1994-10-05,1.072242021560669
1994-10-06,1.072242021560669
1994-10-07,1.072242021560669
1994-10-10,1.072242021560669
1994-10-11,1.072242021560669
1994-10-12,1.072242021560669
1994-10-13,1.072242021560669
1994-10-14,1.072242021560669
1994-10-17,1.072242021560669
1994-10-18,1.072242021560669
1994-10-19,1.072242021560669
1994-10-20,1.072242021560669
1994-10-21,1.072242021560669
1994-10-24,1.072242021560669
1994-10-25,1.072242021560669
1994-10-26,1.072242021560669
1994-10-27,1.072242021560669
1994-10-28,1.072242021560669
1994-10-31,0.7423220276832581
1994-11-01,0.7423220276832581
1994-11-02,0.7423220276832581
1994-11-03,0.7423220276832581
1994-11-04,0.7423220276832581
1994-11-07,0.7423220276832581
1994-11-08,0.7423220276832581
1994-11-09,0.7423220276832581
1994-11-10,0.7423220276832581
1994-11-11,0.7423220276832581
1994-11-14,0.7423220276832581
1994-11-15,0.7423220276832581
1994-11-16,0.7423220276832581
1994-11-17,0.7423220276832581
1994-11-18,0.7423220276832581
1994-11-21,0.7423220276832581
1994-11-22,0.7423220276832581
1994-11-23,0.7423220276832581
1994-11-24,0.7423220276832581
1994-11-25,0.7423220276832581
1994-11-28,0.7423220276832581
1994-11-29,0.7423220276832581
1994-11-30,0.4948810040950775
1994-12-01,0.4948810040950775
1994-12-02,0.4948810040950775
1994-12-05,0.4948810040950775
1994-12-06,0.4948810040950775
1994-12-07,0.4948810040950775
1994-12-08,0.4948810040950775
1994-12-09,0.4948810040950775
1994-12-12,0.4948810040950775
1994-12-13,0.4948810040950775
1994-12-14,0.4948810040950775
1994-12-15,0.4948810040950775
1994-12-16,0.4948810040950775
1994-12-19,0.4948810040950775
1994-12-20,0.4948810040950775
1994-12-21,0.4948810040950775
1994-12-22,0.4948810040950775
1994-12-23,0.4948810040950775
1994-12-26,0.4948810040950775
1994-12-27,0.4948810040950775
1994-12-28,0.4948810040950775
1994-12-29,0.4948810040950775
1994-12-30,0.4948810040950775
1995-01-02,0.4948810040950775
1995-01-03,0.4948810040950775
1995-01-04,0.4948810040950775
1995-01-05,0.4948810040950775
1995-01-06,0.4948810040950775
1995-01-09,0.4948810040950775
1995-01-10,0.4948810040950775
1995-01-11,0.4948810040950775
1995-01-12,0.4948810040950775
1995-01-13,0.4948810040950775
1995-01-16,0.4948810040950775
1995-01-17,0.4948810040950775
1995-01-18,0.4948810040950775
1995-01-19,0.4948810040950775
1995-01-20,0.4948810040950775
1995-01-23,0.4948810040950775
1995-01-24,0.4948810040950775
1995-01-25,0.4948810040950775
1995-01-26,0.4948810040950775
1995-01-27,0.4948810040950775
1995-01-30,0.4948810040950775
1995-01-31,0.577360987663269
1995-02-01,0.577360987663269
1995-02-02,0.577360987663269
1995-02-03,0.577360987663269
1995-02-06,0.577360987663269
1995-02-07,0.577360987663269
1995-02-08,0.577360987663269
1995-02-09,0.577360987663269
1995-02-10,0.577360987663269
1995-02-13,0.577360987663269
1995-02-14,0.577360987663269
1995-02-15,0.577360987663269
1995-02-16,0.577360987663269
1995-02-17,0.577360987663269
1995-02-20,0.577360987663269
1995-02-21,0.577360987663269
1995-02-22,0.577360987663269
1995-02-23,0.577360987663269
1995-02-24,0.577360987663269
1995-02-27,0.577360987663269
1995-02-28,0.577360987663269
1995-03-01,0.577360987663269
1995-03-02,0.577360987663269
1995-03-03,0.577360987663269
1995-03-06,0.577360987663269
1995-03-07,0.577360987663269
1995-03-08,0.577360987663269
1995-03-09,0.577360987663269
1995-03-10,0.577360987663269
1995-03-13,0.577360987663269
1995-03-14,0.577360987663269
1995-03-15,0.577360987663269
1995-03-16,0.577360987663269
1995-03-17,0.577360987663269
1995-03-20,0.577360987663269
1995-03-21,0.577360987663269
1995-03-22,0.577360987663269
1995-03-23,0.577360987663269
1995-03-24,0.577360987663269
1995-03-27,0.577360987663269
1995-03-28,0.577360987663269
1995-03-29,0.577360987663269
1995-03-30,0.577360987663269
1995-03-31,0.577360987663269
1995-04-03,0.577360987663269
1995-04-04,0.577360987663269
1995-04-05,0.577360987663269
1995-04-06,0.577360987663269
1995-04-07,0.577360987663269
1995-04-10,0.577360987663269
1995-04-11,0.577360987663269
1995-04-12,0.577360987663269
1995-04-13,0.577360987663269
1995-04-14,0.577360987663269
1995-04-17,0.577360987663269
1995-04-18,0.577360987663269
1995-04-19,0.577360987663269
1995-04-20,0.577360987663269
1995-04-21,0.577360987663269
1995-04-24,0.577360987663269
1995-04-25,0.577360987663269
1995-04-26,0.577360987663269
1995-04-27,0.577360987663269
1995-04-28,0.577360987663269
1995-05-01,0.577360987663269
1995-05-02,0.577360987663269
1995-05-03,0.577360987663269
1995-05-04,0.577360987663269
1995-05-05,0.577360987663269
1995-05-08,0.577360987663269
1995-05-09,0.577360987663269
1995-05-10,0.577360987663269
1995-05-11,0.577360987663269
1995-05-12,0.577360987663269
1995-05-15,0.577360987663269
1995-05-16,0.577360987663269
1995-05-17,0.577360987663269
1995-05-18,0.577360987663269
1995-05-19,0.577360987663269
1995-05-22,0.577360987663269
1995-05-23,0.577360987663269
1995-05-24,0.577360987663269
1995-05-25,0.577360987663269
1995-05-26,0.577360987663269
1995-05-29,0.577360987663269
1995-05-30,0.577360987663269
1995-05-31,0.659841001033783
1995-06-01,0.659841001033783
1995-06-02,0.659841001033783
1995-06-05,0.659841001033783
1995-06-06,0.659841001033783
1995-06-07,0.659841001033783
1995-06-08,0.659841001033783
1995-06-09,0.659841001033783
1995-06-12,0.659841001033783
1995-06-13,0.659841001033783
1995-06-14,0.659841001033783
1995-06-15,0.659841001033783
1995-06-16,0.659841001033783
1995-06-19,0.659841001033783
1995-06-20,0.659841001033783
1995-06-21,0.659841001033783
1995-06-22,0.659841001033783
1995-06-23,0.659841001033783
1995-06-26,0.659841001033783
1995-06-27,0.659841001033783
1995-06-28,0.659841001033783
1995-06-29,0.659841001033783
1995-06-30,0.4124009907245636
1995-07-03,0.4124009907245636
1995-07-04,0.4124009907245636
1995-07-05,0.4124009907245636
1995-07-06,0.4124009907245636
1995-07-07,0.4124009907245636
1995-07-10,0.4124009907245636
1995-07-11,0.4124009907245636
1995-07-12,0.4124009907245636
1995-07-13,0.4124009907245636
1995-07-14,0.4124009907245636
1995-07-17,0.4124009907245636
1995-07-18,0.4124009907245636
1995-07-19,0.4124009907245636
1995-07-20,0.4124009907245636
1995-07-21,0.4124009907245636
1995-07-24,0.4124009907245636
1995-07-25,0.4124009907245636
1995-07-26,0.4124009907245636
1995-07-27,0.4124009907245636
1995-07-28,0.4124009907245636
1995-07-31,0.4948810040950775
1995-08-01,0.4948810040950775
1995-08-02,0.4948810040950775
1995-08-03,0.4948810040950775
1995-08-04,0.4948810040950775
1995-08-07,0.4948810040950775
1995-08-08,0.4948810040950775
1995-08-09,0.4948810040950775
1995-08-10,0.4948810040950775
1995-08-11,0.4948810040950775
1995-08-14,0.4948810040950775
1995-08-15,0.4948810040950775
1995-08-16,0.4948810040950775
1995-08-17,0.4948810040950775
1995-08-18,0.4948810040950775
1995-08-21,0.4948810040950775
1995-08-22,0.4948810040950775
1995-08-23,0.4948810040950775
1995-08-24,0.4948810040950775
1995-08-25,0.4948810040950775
1995-08-28,0.4948810040950775
1995-08-29,0.4948810040950775
1995-08-30,0.4948810040950775
1995-08-31,0.659841001033783
1995-09-01,0.659841001033783
1995-09-04,0.659841001033783
1995-09-05,0.659841001033783
1995-09-06,0.659841001033783
1995-09-07,0.659841001033783
1995-09-08,0.659841001033783
1995-09-11,0.659841001033783
1995-09-12,0.659841001033783
1995-09-13,0.659841001033783
1995-09-14,0.659841001033783
1995-09-15,0.659841001033783
1995-09-18,0.659841001033783
1995-09-19,0.659841001033783
1995-09-20,0.659841001033783
1995-09-21,0.659841001033783
1995-09-22,0.659841001033783
1995-09-25,0.659841001033783
1995-09-26,0.659841001033783
1995-09-27,0.659841001033783
1995-09-28,0.659841001033783
1995-09-29,0.4948810040950775
1995-10-02,0.4948810040950775
1995-10-03,0.4948810040950775
1995-10-04,0.4948810040950775
1995-10-05,0.4948810040950775
1995-10-06,0.4948810040950775
1995-10-09,0.4948810040950775
1995-10-10,0.4948810040950775
1995-10-11,0.4948810040950775
1995-10-12,0.4948810040950775
1995-10-13,0.4948810040950775
1995-10-16,0.4948810040950775
1995-10-17,0.4948810040950775
1995-10-18,0.4948810040950775
1995-10-19,0.4948810040950775
1995-10-20,0.4948810040950775
1995-10-23,0.4948810040950775
1995-10-24,0.4948810040950775
1995-10-25,0.4948810040950775
1995-10-26,0.4948810040950775
1995-10-27,0.4948810040950775
1995-10-30,0.4948810040950775
1995-10-31,0.4948810040950775
1995-11-01,0.4948810040950775
1995-11-02,0.4948810040950775
1995-11-03,0.4948810040950775
1995-11-06,0.4948810040950775
1995-11-07,0.4948810040950775
1995-11-08,0.4948810040950775
1995-11-09,0.4948810040950775
1995-11-10,0.4948810040950775
1995-11-13,0.4948810040950775
1995-11-14,0.4948810040950775
1995-11-15,0.4948810040950775
1995-11-16,0.4948810040950775
1995-11-17,0.4948810040950775
1995-11-20,0.4948810040950775
1995-11-21,0.4948810040950775
1995-11-22,0.4948810040950775
1995-11-23,0.4948810040950775
1995-11-24,0.4948810040950775
1995-11-27,0.4948810040950775
1995-11-28,0.4948810040950775
1995-11-29,0.4948810040950775
1995-11-30,0.577360987663269
1995-12-01,0.577360987663269
1995-12-04,0.577360987663269
1995-12-05,0.577360987663269
1995-12-06,0.577360987663269
1995-12-07,0.577360987663269
1995-12-08,0.577360987663269
1995-12-11,0.577360987663269
1995-12-12,0.577360987663269
1995-12-13,0.577360987663269
1995-12-14,0.577360987663269
1995-12-15,0.577360987663269
1995-12-18,0.577360987663269
1995-12-19,0.577360987663269
1995-12-20,0.577360987663269
1995-12-21,0.577360987663269
1995-12-22,0.577360987663269
1995-12-25,0.577360987663269
1995-12-26,0.577360987663269
1995-12-27,0.577360987663269
1995-12-28,0.577360987663269
1995-12-29,0.4948810040950775
1996-01-01,0.4948810040950775
1996-01-02,0.4948810040950775
1996-01-03,0.4948810040950775
1996-01-04,0.4948810040950775
1996-01-05,0.4948810040950775
1996-01-08,0.4948810040950775
1996-01-09,0.4948810040950775
1996-01-10,0.4948810040950775
1996-01-11,0.4948810040950775
1996-01-12,0.4948810040950775
1996-01-15,0.4948810040950775
1996-01-16,0.4948810040950775
1996-01-17,0.4948810040950775
1996-01-18,0.4948810040950775
1996-01-19,0.4948810040950775
1996-01-22,0.4948810040950775
1996-01-23,0.4948810040950775
1996-01-24,0.4948810040950775
1996-01-25,0.4948810040950775
1996-01-26,0.4948810040950775
1996-01-29,0.4948810040950775
1996-01-30,0.4948810040950775
1996-01-31,0.5113769769668579
1996-02-01,0.5113769769668579
1996-02-02,0.5113769769668579
1996-02-05,0.5113769769668579
1996-02-06,0.5113769769668579
1996-02-07,0.5113769769668579
1996-02-08,0.5113769769668579
1996-02-09,0.5113769769668579
1996-02-12,0.5113769769668579
1996-02-13,0.5113769769668579
1996-02-14,0.5113769769668579
1996-02-15,0.5113769769668579
1996-02-16,0.5113769769668579
1996-02-19,0.5113769769668579
1996-02-20,0.5113769769668579
1996-02-21,0.5113769769668579
1996-02-22,0.5113769769668579
1996-02-23,0.5113769769668579
1996-02-26,0.5113769769668579
1996-02-27,0.5113769769668579
1996-02-28,0.5113769769668579
1996-02-29,0.577360987663269
1996-03-01,0.577360987663269
1996-03-04,0.577360987663269
1996-03-05,0.577360987663269
1996-03-06,0.577360987663269
1996-03-07,0.577360987663269
1996-03-08,0.577360987663269
1996-03-11,0.577360987663269
1996-03-12,0.577360987663269
1996-03-13,0.577360987663269
1996-03-14,0.577360987663269
1996-03-15,0.577360987663269
1996-03-18,0.577360987663269
1996-03-19,0.577360987663269
1996-03-20,0.577360987663269
1996-03-21,0.577360987663269
1996-03-22,0.577360987663269
1996-03-25,0.577360987663269
1996-03-26,0.577360987663269
1996-03-27,0.577360987663269
1996-03-28,0.577360987663269
1996-03-29,0.5443689823150635
1996-04-01,0.5443689823150635
1996-04-02,0.5443689823150635
1996-04-03,0.5443689823150635
1996-04-04,0.5443689823150635
1996-04-05,0.5443689823150635
1996-04-08,0.5443689823150635
1996-04-09,0.5443689823150635
1996-04-10,0.5443689823150635
1996-04-11,0.5443689823150635
1996-04-12,0.5443689823150635
1996-04-15,0.5443689823150635
1996-04-16,0.5443689823150635
1996-04-17,0.5443689823150635
1996-04-18,0.5443689823150635
1996-04-19,0.5443689823150635
1996-04-22,0.5443689823150635
1996-04-23,0.5443689823150635
1996-04-24,0.5443689823150635
1996-04-25,0.5443689823150635
1996-04-26,0.5443689823150635
1996-04-29,0.5443689823150635
1996-04-30,0.5443689823150635
1996-05-01,0.5443689823150635
1996-05-02,0.5443689823150635
1996-05-03,0.5443689823150635
1996-05-06,0.5443689823150635
1996-05-07,0.5443689823150635
1996-05-08,0.5443689823150635
1996-05-09,0.5443689823150635
1996-05-10,0.5443689823150635
1996-05-13,0.5443689823150635
1996-05-14,0.5443689823150635
1996-05-15,0.5443689823150635
1996-05-16,0.5443689823150635
1996-05-17,0.5443689823150635
1996-05-20,0.5443689823150635
1996-05-21,0.5443689823150635
1996-05-22,0.5443689823150635
1996-05-23,0.5443689823150635
1996-05-24,0.5443689823150635
1996-05-27,0.5443689823150635
1996-05-28,0.5443689823150635
1996-05-29,0.5443689823150635
1996-05-30,0.5443689823150635
1996-05-31,0.5443689823150635
1996-06-03,0.5443689823150635
1996-06-04,0.5443689823150635
1996-06-05,0.5443689823150635
1996-06-06,0.5443689823150635
1996-06-07,0.5443689823150635
1996-06-10,0.5443689823150635
1996-06-11,0.5443689823150635
1996-06-12,0.5443689823150635
1996-06-13,0.5443689823150635
1996-06-14,0.5443660020828247
1996-06-17,0.5443660020828247
1996-06-18,0.5443660020828247
1996-06-19,0.5443660020828247
1996-06-20,0.5443660020828247
1996-06-21,0.5443660020828247
1996-06-24,0.5443660020828247
1996-06-25,0.5443660020828247
1996-06-26,0.5443660020828247
1996-06-27,0.5443660020828247
1996-06-28,0.6351119875907898
1996-07-01,0.6351119875907898
1996-07-02,0.6351119875907898
1996-07-03,0.6351119875907898
1996-07-04,0.6351119875907898
1996-07-05,0.6351119875907898
1996-07-08,0.6351119875907898
1996-07-09,0.6351119875907898
1996-07-10,0.6351119875907898
1996-07-11,0.6351119875907898
1996-07-12,0.6351119875907898
1996-07-15,0.6351119875907898
1996-07-16,0.6351119875907898
1996-07-17,0.6351119875907898
1996-07-18,0.6351119875907898
1996-07-19,0.6351119875907898
1996-07-22,0.6351119875907898
1996-07-23,0.6351119875907898
1996-07-24,0.6351119875907898
1996-07-25,0.6351119875907898
1996-07-26,0.6351119875907898
1996-07-29,0.6351119875907898
1996-07-30,0.6351119875907898
1996-07-31,0.3549160063266754
1996-08-01,0.3549160063266754
1996-08-02,0.3549160063266754
1996-08-05,0.3549160063266754
1996-08-06,0.3549160063266754
1996-08-07,0.3549160063266754
1996-08-08,0.3549160063266754
1996-08-09,0.3549160063266754
1996-08-12,0.3549160063266754
1996-08-13,0.3549160063266754
1996-08-14,0.3549160063266754
1996-08-15,0.3549160063266754
1996-08-16,0.3549160063266754
1996-08-19,0.3549160063266754
1996-08-20,0.3549160063266754
1996-08-21,0.3549160063266754
1996-08-22,0.3549160063266754
1996-08-23,0.3549160063266754
1996-08-26,0.3549160063266754
1996-08-27,0.3549160063266754
1996-08-28,0.3549160063266754
1996-08-29,0.3549160063266754
1996-08-30,0.4296349883079529
1996-09-02,0.4296349883079529
1996-09-03,0.4296349883079529
1996-09-04,0.4296349883079529
1996-09-05,0.4296349883079529
1996-09-06,0.4296349883079529
1996-09-09,0.4296349883079529
1996-09-10,0.4296349883079529
1996-09-11,0.4296349883079529
1996-09-12,0.4296349883079529
1996-09-13,0.4296349883079529
1996-09-16,0.4296349883079529
1996-09-17,0.4296349883079529
1996-09-18,0.4296349883079529
1996-09-19,0.4296349883079529
1996-09-20,0.4296349883079529
1996-09-23,0.4296349883079529
1996-09-24,0.4296349883079529
1996-09-25,0.4296349883079529
1996-09-26,0.4296349883079529
1996-09-27,0.4296349883079529
1996-09-30,0.39227500557899475
1996-10-01,0.39227500557899475
1996-10-02,0.39227500557899475
1996-10-03,0.39227500557899475
1996-10-04,0.39227500557899475
1996-10-07,0.39227500557899475
1996-10-08,0.39227500557899475
1996-10-09,0.39227500557899475
1996-10-10,0.39227500557899475
1996-10-11,0.39227500557899475
1996-10-14,0.39227500557899475
1996-10-15,0.39227500557899475
1996-10-16,0.39227500557899475
1996-10-17,0.39227500557899475
1996-10-18,0.39227500557899475
1996-10-21,0.39227500557899475
1996-10-22,0.39227500557899475
1996-10-23,0.39227500557899475
1996-10-24,0.39227500557899475
1996-10-25,0.39227500557899475
1996-10-28,0.39227500557899475
1996-10-29,0.39227500557899475
1996-10-30,0.39227500557899475
1996-10-31,0.410955011844635
1996-11-01,0.410955011844635
1996-11-04,0.410955011844635
1996-11-05,0.410955011844635
1996-11-06,0.410955011844635
1996-11-07,0.410955011844635
1996-11-08,0.410955011844635
1996-11-11,0.410955011844635
1996-11-12,0.410955011844635
1996-11-13,0.410955011844635
1996-11-14,0.410955011844635
1996-11-15,0.410955011844635
1996-11-18,0.410955011844635
1996-11-19,0.410955011844635
1996-11-20,0.410955011844635
1996-11-21,0.410955011844635
1996-11-22,0.410955011844635
1996-11-25,0.410955011844635
1996-11-26,0.410955011844635
1996-11-27,0.410955011844635
1996-11-28,0.410955011844635
1996-11-29,0.39227500557899475
1996-12-02,0.39227500557899475
1996-12-03,0.39227500557899475
1996-12-04,0.39227500557899475
1996-12-05,0.39227500557899475
1996-12-06,0.39227500557899475
1996-12-09,0.39227500557899475
1996-12-10,0.39227500557899475
1996-12-11,0.39227500557899475
1996-12-12,0.39227500557899475
1996-12-13,0.39227500557899475
1996-12-16,0.39227500557899475
1996-12-17,0.39227500557899475
1996-12-18,0.39227500557899475
1996-12-19,0.39227500557899475
1996-12-20,0.39227500557899475
1996-12-23,0.39227500557899475
1996-12-24,0.39227500557899475
1996-12-25,0.39227500557899475
1996-12-26,0.39227500557899475
1996-12-27,0.39227500557899475
1996-12-30,0.39227500557899475
1996-12-31,0.3735949993133545
1997-01-01,0.3735949993133545
1997-01-02,0.3735949993133545
1997-01-03,0.3735949993133545
1997-01-06,0.3735949993133545
1997-01-07,0.3735949993133545
1997-01-08,0.3735949993133545
1997-01-09,0.3735949993133545
1997-01-10,0.3735949993133545
1997-01-13,0.3735949993133545
1997-01-14,0.3735949993133545
1997-01-15,0.3735949993133545
1997-01-16,0.3735949993133545
1997-01-17,0.3735949993133545
1997-01-20,0.3735949993133545
1997-01-21,0.3735949993133545
1997-01-22,0.3735949993133545
1997-01-23,0.3735949993133545
1997-01-24,0.3735949993133545
1997-01-27,0.3735949993133545
1997-01-28,0.3735949993133545
1997-01-29,0.3735949993133545
1997-01-30,0.3735949993133545
1997-01-31,0.4669939875602722
1997-02-03,0.4669939875602722
1997-02-04,0.4669939875602722
1997-02-05,0.4669939875602722
1997-02-06,0.4669939875602722
1997-02-07,0.4669939875602722
1997-02-10,0.4669939875602722
1997-02-11,0.4669939875602722
1997-02-12,0.4669939875602722
1997-02-13,0.4669939875602722
1997-02-14,0.4669939875602722
1997-02-17,0.4669939875602722
1997-02-18,0.4669939875602722
1997-02-19,0.4669939875602722
1997-02-20,0.4669939875602722
1997-02-21,0.4669939875602722
1997-02-24,0.4669939875602722
1997-02-25,0.4669939875602722
1997-02-26,0.4669939875602722
1997-02-27,0.4669939875602722
1997-02-28,0.410955011844635
1997-03-03,0.410955011844635
1997-03-04,0.410955011844635
1997-03-05,0.410955011844635
1997-03-06,0.410955011844635
1997-03-07,0.410955011844635
1997-03-10,0.410955011844635
1997-03-11,0.410955011844635
1997-03-12,0.410955011844635
1997-03-13,0.410955011844635
1997-03-14,0.410955011844635
1997-03-17,0.410955011844635
1997-03-18,0.410955011844635
1997-03-19,0.410955011844635
1997-03-20,0.410955011844635
1997-03-21,0.410955011844635
1997-03-24,0.410955011844635
1997-03-25,0.410955011844635
1997-03-26,0.410955011844635
1997-03-27,0.410955011844635
1997-03-28,0.410955011844635
1997-03-31,0.410955011844635
1997-04-01,0.410955011844635
1997-04-02,0.410955011844635
1997-04-03,0.410955011844635
1997-04-04,0.410955011844635
1997-04-07,0.410955011844635
1997-04-08,0.410955011844635
1997-04-09,0.410955011844635
1997-04-10,0.410955011844635
1997-04-11,0.410955011844635
1997-04-14,0.410955011844635
1997-04-15,0.410955011844635
1997-04-16,0.410955011844635
1997-04-17,0.410955011844635
1997-04-18,0.410955011844635
1997-04-21,0.410955011844635
1997-04-22,0.410955011844635
1997-04-23,0.410955011844635
1997-04-24,0.410955011844635
1997-04-25,0.410955011844635
1997-04-28,0.410955011844635
1997-04-29,0.410955011844635
1997-04-30,0.3549160063266754
1997-05-01,0.3549160063266754
1997-05-02,0.3549160063266754
1997-05-05,0.3549160063266754
1997-05-06,0.3549160063266754
1997-05-07,0.3549160063266754
1997-05-08,0.3549160063266754
1997-05-09,0.3549160063266754
1997-05-12,0.3549160063266754
1997-05-13,0.3549160063266754
1997-05-14,0.3549160063266754
1997-05-15,0.3549160063266754
1997-05-16,0.3549160063266754
1997-05-19,0.3549160063266754
1997-05-20,0.3549160063266754
1997-05-21,0.3549160063266754
1997-05-22,0.3549160063266754
1997-05-23,0.3549160063266754
1997-05-26,0.3549160063266754
1997-05-27,0.3549160063266754
1997-05-28,0.3549160063266754
1997-05-29,0.3549160063266754
1997-05-30,0.5230339765548706
1997-06-02,0.5230339765548706
1997-06-03,0.5230339765548706
1997-06-04,0.5230339765548706
1997-06-05,0.5230339765548706
1997-06-06,0.5230339765548706
1997-06-09,0.5230339765548706
1997-06-10,0.5230339765548706
1997-06-11,0.5230339765548706
1997-06-12,0.5230339765548706
1997-06-13,0.5230339765548706
1997-06-16,0.5230339765548706
1997-06-17,0.5230339765548706
1997-06-18,0.5230339765548706
1997-06-19,0.5230339765548706
1997-06-20,0.5230339765548706
1997-06-23,0.5230339765548706
1997-06-24,0.5230339765548706
1997-06-25,0.5230339765548706
1997-06-26,0.5230339765548706
1997-06-27,0.5230339765548706
1997-06-30,0.6351119875907898
1997-07-01,0.6351119875907898
1997-07-02,0.6351119875907898
1997-07-03,0.6351119875907898
1997-07-04,0.6351119875907898
1997-07-07,0.6351119875907898
1997-07-08,0.6351119875907898
1997-07-09,0.6351119875907898
1997-07-10,0.6351119875907898
1997-07-11,0.6351119875907898
1997-07-14,0.6351119875907898
1997-07-15,0.6351119875907898
1997-07-16,0.6351119875907898
1997-07-17,0.6351119875907898
1997-07-18,0.6351119875907898
1997-07-21,0.6351119875907898
1997-07-22,0.6351119875907898
1997-07-23,0.6351119875907898
1997-07-24,0.6351119875907898
1997-07-25,0.6351119875907898
1997-07-28,0.6351119875907898
1997-07-29,0.6351119875907898
1997-07-30,0.6351119875907898
1997-07-31,0.6724720001220703
1997-08-01,0.6724720001220703
1997-08-04,0.6724720001220703
1997-08-05,0.6724720001220703
1997-08-06,0.6724720001220703
1997-08-07,0.6724720001220703
1997-08-08,0.6724720001220703
1997-08-11,0.6724720001220703
1997-08-12,0.6724720001220703
1997-08-13,0.6724720001220703
1997-08-14,0.6724720001220703
1997-08-15,0.6724720001220703
1997-08-18,0.6724720001220703
1997-08-19,0.6724720001220703
1997-08-20,0.6724720001220703
1997-08-21,0.6724720001220703
1997-08-22,0.6724720001220703
1997-08-25,0.6724720001220703
1997-08-26,0.6724720001220703
1997-08-27,0.6724720001220703
1997-08-28,0.6724720001220703
1997-08-29,0.6537920236587524
1997-09-01,0.6537920236587524
1997-09-02,0.6537920236587524
1997-09-03,0.6537920236587524
1997-09-04,0.6537920236587524
1997-09-05,0.6537920236587524
1997-09-08,0.6537920236587524
1997-09-09,0.6537920236587524
1997-09-10,0.6537920236587524
1997-09-11,0.6537920236587524
1997-09-12,0.6537920236587524
1997-09-15,0.6537920236587524
1997-09-16,0.6537920236587524
1997-09-17,0.6537920236587524
1997-09-18,0.6537920236587524
1997-09-19,0.6537920236587524
1997-09-22,0.6537920236587524
1997-09-23,0.6537920236587524
1997-09-24,0.6537920236587524
1997-09-25,0.6537920236587524
1997-09-26,0.6537920236587524
1997-09-29,0.6537920236587524
1997-09-30,0.6164330244064331
1997-10-01,0.6164330244064331
1997-10-02,0.6164330244064331
1997-10-03,0.6164330244064331
1997-10-06,0.6164330244064331
1997-10-07,0.6164330244064331
1997-10-08,0.6164330244064331
1997-10-09,0.6164330244064331
1997-10-10,0.6164330244064331
1997-10-13,0.6164330244064331
1997-10-14,0.6164330244064331
1997-10-15,0.6164330244064331
1997-10-16,0.6164330244064331
1997-10-17,0.6164330244064331
1997-10-20,0.6164330244064331
1997-10-21,0.6164330244064331
1997-10-22,0.6164330244064331
1997-10-23,0.6164330244064331
1997-10-24,0.6164330244064331
1997-10-27,0.6164330244064331
1997-10-28,0.6164330244064331
1997-10-29,0.6164330244064331
1997-10-30,0.6164330244064331
1997-10-31,0.5417129993438721
1997-11-03,0.5417129993438721
1997-11-04,0.5417129993438721
1997-11-05,0.5417129993438721
1997-11-06,0.5417129993438721
1997-11-07,0.5417129993438721
1997-11-10,0.5417129993438721
1997-11-11,0.5417129993438721
1997-11-12,0.5417129993438721
1997-11-13,0.5417129993438721
1997-11-14,0.5417129993438721
1997-11-17,0.5417129993438721
1997-11-18,0.5417129993438721
1997-11-19,0.5417129993438721
1997-11-20,0.5417129993438721
1997-11-21,0.5417129993438721
1997-11-24,0.5417129993438721
1997-11-25,0.5417129993438721
1997-11-26,0.5417129993438721
1997-11-27,0.5417129993438721
1997-11-28,0.5230339765548706
1997-12-01,0.5230339765548706
1997-12-02,0.5230339765548706
1997-12-03,0.5230339765548706
1997-12-04,0.5230339765548706
1997-12-05,0.5230339765548706
1997-12-08,0.5230339765548706
1997-12-09,0.5230339765548706
1997-12-10,0.5230339765548706
1997-12-11,0.5230339765548706
1997-12-12,0.5230339765548706
1997-12-15,0.5230339765548706
1997-12-16,0.5230339765548706
1997-12-17,0.5230339765548706
1997-12-18,0.5230339765548706
1997-12-19,0.5230339765548706
1997-12-22,0.5230339765548706
1997-12-23,0.5230339765548706
1997-12-24,0.5230339765548706
1997-12-25,0.5230339765548706
1997-12-26,0.5230339765548706
1997-12-29,0.5230339765548706
1997-12-30,0.5230339765548706
1997-12-31,0.4669939875602722
1998-01-01,0.4669939875602722
1998-01-02,0.4669939875602722
1998-01-05,0.4669939875602722
1998-01-06,0.4669939875602722
1998-01-07,0.4669939875602722
1998-01-08,0.4669939875602722
1998-01-09,0.4669939875602722
1998-01-12,0.4669939875602722
1998-01-13,0.4669939875602722
1998-01-14,0.4669939875602722
1998-01-15,0.4669939875602722
1998-01-16,0.4669939875602722
1998-01-19,0.4669939875602722
1998-01-20,0.4669939875602722
1998-01-21,0.4669939875602722
1998-01-22,0.4669939875602722
1998-01-23,0.4669939875602722
1998-01-26,0.4669939875602722
1998-01-27,0.4669939875602722
1998-01-28,0.4669939875602722
1998-01-29,0.4669939875602722
1998-01-30,0.3549160063266754
1998-02-02,0.3549160063266754
1998-02-03,0.3549160063266754
1998-02-04,0.3549160063266754
1998-02-05,0.3549160063266754
1998-02-06,0.3549160063266754
1998-02-09,0.3549160063266754
1998-02-10,0.3549160063266754
1998-02-11,0.3549160063266754
1998-02-12,0.3549160063266754
1998-02-13,0.3549160063266754
1998-02-16,0.3549160063266754
1998-02-17,0.3549160063266754
1998-02-18,0.3549160063266754
1998-02-19,0.3549160063266754
1998-02-20,0.3549160063266754
1998-02-23,0.3549160063266754
1998-02-24,0.3549160063266754
1998-02-25,0.3549160063266754
1998-02-26,0.3549160063266754
1998-02-27,0.3175559937953949
1998-03-02,0.3175559937953949
1998-03-03,0.3175559937953949
1998-03-04,0.3175559937953949
1998-03-05,0.3175559937953949
1998-03-06,0.3175559937953949
1998-03-09,0.3175559937953949
1998-03-10,0.3175559937953949
1998-03-11,0.3175559937953949
1998-03-12,0.3175559937953949
1998-03-13,0.3175559937953949
1998-03-16,0.3175559937953949
1998-03-17,0.3175559937953949
1998-03-18,0.3175559937953949
1998-03-19,0.3175559937953949
1998-03-20,0.3175559937953949
1998-03-23,0.3175559937953949
1998-03-24,0.3175559937953949
1998-03-25,0.3175559937953949
1998-03-26,0.3175559937953949
1998-03-27,0.3175559937953949
1998-03-30,0.3175559937953949
1998-03-31,0.28019601106643677
1998-04-01,0.28019601106643677
1998-04-02,0.28019601106643677
1998-04-03,0.28019601106643677
1998-04-06,0.28019601106643677
1998-04-07,0.28019601106643677
1998-04-08,0.28019601106643677
1998-04-09,0.28019601106643677
1998-04-10,0.28019601106643677
1998-04-13,0.28019601106643677
1998-04-14,0.28019601106643677
1998-04-15,0.28019601106643677
1998-04-16,0.28019601106643677
1998-04-17,0.28019601106643677
1998-04-20,0.28019601106643677
1998-04-21,0.28019601106643677
1998-04-22,0.28019601106643677
1998-04-23,0.28019601106643677
1998-04-24,0.28019601106643677
1998-04-27,0.28019601106643677
1998-04-28,0.28019601106643677
1998-04-29,0.28019601106643677
1998-04-30,0.2194869965314865
1998-05-01,0.2194869965314865
1998-05-04,0.2194869965314865
1998-05-05,0.2194869965314865
1998-05-06,0.2194869965314865
1998-05-07,0.2194869965314865
1998-05-08,0.2194869965314865
1998-05-11,0.2194869965314865
1998-05-12,0.2194869965314865
1998-05-13,0.2194869965314865
1998-05-14,0.2194869965314865
1998-05-15,0.2194869965314865
1998-05-18,0.2194869965314865
1998-05-19,0.2194869965314865
1998-05-20,0.2194869965314865
1998-05-21,0.2194869965314865
1998-05-22,0.2194869965314865
1998-05-25,0.2194869965314865
1998-05-26,0.2194869965314865
1998-05-27,0.2194869965314865
1998-05-28,0.2194869965314865
1998-05-29,0.14476799964904785
1998-06-01,0.14476799964904785
1998-06-02,0.14476799964904785
1998-06-03,0.14476799964904785
1998-06-04,0.14476799964904785
1998-06-05,0.14476799964904785
1998-06-08,0.14476799964904785
1998-06-09,0.14476799964904785
1998-06-10,0.14476799964904785
1998-06-11,0.14476799964904785
1998-06-12,0.14476799964904785
1998-06-15,0.14476799964904785
1998-06-16,0.14476799964904785
1998-06-17,0.14476799964904785
1998-06-18,0.14476799964904785
1998-06-19,0.14476799964904785
1998-06-22,0.14476799964904785
1998-06-23,0.14476799964904785
1998-06-24,0.14476799964904785
1998-06-25,0.14476799964904785
1998-06-26,0.14476799964904785
1998-06-29,0.14476799964904785
1998-06-30,0.10740800201892853
1998-07-01,0.10740800201892853
1998-07-02,0.10740800201892853
1998-07-03,0.10740800201892853
1998-07-06,0.10740800201892853
1998-07-07,0.10740800201892853
1998-07-08,0.10740800201892853
1998-07-09,0.10740800201892853
1998-07-10,0.10740800201892853
1998-07-13,0.10740800201892853
1998-07-14,0.10740800201892853
1998-07-15,0.10740800201892853
1998-07-16,0.10740800201892853
1998-07-17,0.10740800201892853
1998-07-20,0.10740800201892853
1998-07-21,0.10740800201892853
1998-07-22,0.10740800201892853
1998-07-23,0.10740800201892853
1998-07-24,0.10740800201892853
1998-07-27,0.10740800201892853
1998-07-28,0.10740800201892853
1998-07-29,0.10740800201892853
1998-07-30,0.10740800201892853
1998-07-31,0.14476799964904785
1998-08-03,0.14476799964904785
1998-08-04,0.14476799964904785
1998-08-05,0.14476799964904785
1998-08-06,0.14476799964904785
1998-08-07,0.14476799964904785
1998-08-10,0.14476799964904785
1998-08-11,0.14476799964904785
1998-08-12,0.14476799964904785
1998-08-13,0.14476799964904785
1998-08-14,0.14476799964904785
1998-08-17,0.14476799964904785
1998-08-18,0.14476799964904785
1998-08-19,0.14476799964904785
1998-08-20,0.14476799964904785
1998-08-21,0.14476799964904785
1998-08-24,0.14476799964904785
1998-08-25,0.14476799964904785
1998-08-26,0.14476799964904785
1998-08-27,0.14476799964904785
1998-08-28,0.14476799964904785
1998-08-31,0.1284170001745224
1998-09-01,0.1284170001745224
1998-09-02,0.1284170001745224
1998-09-03,0.1284170001745224
1998-09-04,0.1284170001745224
1998-09-07,0.1284170001745224
1998-09-08,0.1284170001745224
1998-09-09,0.1284170001745224
1998-09-10,0.1284170001745224
1998-09-11,0.1284170001745224
1998-09-14,0.1284170001745224
1998-09-15,0.1284170001745224
1998-09-16,0.1284170001745224
1998-09-17,0.1284170001745224
1998-09-18,0.1284170001745224
1998-09-21,0.1284170001745224
1998-09-22,0.1284170001745224
1998-09-23,0.1284170001745224
1998-09-24,0.1284170001745224
1998-09-25,0.1284170001745224
1998-09-28,0.1284170001745224
1998-09-29,0.1284170001745224
1998-09-30,0.11853799968957901
1998-10-01,0.11853799968957901
1998-10-02,0.11853799968957901
1998-10-05,0.11853799968957901
1998-10-06,0.11853799968957901
1998-10-07,0.11853799968957901
1998-10-08,0.11853799968957901
1998-10-09,0.11853799968957901
1998-10-12,0.11853799968957901
1998-10-13,0.11853799968957901
1998-10-14,0.11853799968957901
1998-10-15,0.11853799968957901
1998-10-16,0.11853799968957901
1998-10-19,0.11853799968957901
1998-10-20,0.11853799968957901
1998-10-21,0.11853799968957901
1998-10-22,0.11853799968957901
1998-10-23,0.11853799968957901
1998-10-26,0.11853799968957901
1998-10-27,0.11853799968957901
1998-10-28,0.11853799968957901
1998-10-29,0.11853799968957901
1998-10-30,0.11359900236129761
1998-11-02,0.11359900236129761
1998-11-03,0.11359900236129761
1998-11-04,0.11359900236129761
1998-11-05,0.11359900236129761
1998-11-06,0.11359900236129761
1998-11-09,0.11359900236129761
1998-11-10,0.11359900236129761
1998-11-11,0.11359900236129761
1998-11-12,0.11359900236129761
1998-11-13,0.11359900236129761
1998-11-16,0.11359900236129761
1998-11-17,0.11359900236129761
1998-11-18,0.11359900236129761
1998-11-19,0.11359900236129761
1998-11-20,0.11359900236129761
1998-11-23,0.11359900236129761
1998-11-24,0.11359900236129761
1998-11-25,0.11359900236129761
1998-11-26,0.11359900236129761
1998-11-27,0.11359900236129761
1998-11-30,0.1284170001745224
1998-12-01,0.1284170001745224
1998-12-02,0.1284170001745224
1998-12-03,0.1284170001745224
1998-12-04,0.1284170001745224
1998-12-07,0.1284170001745224
1998-12-08,0.1284170001745224
1998-12-09,0.1284170001745224
1998-12-10,0.1284170001745224
1998-12-11,0.1284170001745224
1998-12-14,0.1284170001745224
1998-12-15,0.1284170001745224
1998-12-16,0.1284170001745224
1998-12-17,0.1284170001745224
1998-12-18,0.1284170001745224
1998-12-21,0.1284170001745224
1998-12-22,0.1284170001745224
1998-12-23,0.1284170001745224
1998-12-24,0.1284170001745224
1998-12-25,0.1284170001745224
1998-12-28,0.1284170001745224
1998-12-29,0.1284170001745224
1998-12-30,0.1284170001745224
1998-12-31,0.11853799968957901
1999-02-18,0.10865999758243561
1999-02-19,0.10865999758243561
1999-02-22,0.10865999758243561
1999-02-23,0.11359900236129761
1999-02-24,0.11853799968957901
1999-02-25,0.11359900236129761
1999-02-26,0.1382949948310852
1999-03-01,0.1284170001745224
1999-03-02,0.10865999758243561
1999-03-03,0.0987820029258728
1999-03-04,0.0987820029258728
1999-03-05,0.09483099728822708
1999-03-08,0.09483099728822708
1999-03-09,0.0889040008187294
1999-03-10,0.0938429981470108
1999-03-11,0.07902500033378601
1999-03-12,0.08198899775743484
1999-03-15,0.083965003490448
1999-03-16,0.08198899775743484
1999-03-17,0.0889040008187294
1999-03-18,0.09285499900579453
1999-03-19,0.0889040008187294
1999-03-22,0.0889040008187294
1999-03-23,0.0889040008187294
1999-03-24,0.08594000339508057
1999-03-25,0.11853799968957901
1999-03-26,0.123478002846241
1999-03-29,0.1333560049533844
1999-03-30,0.1333560049533844
1999-03-31,0.11853799968957901
1999-04-01,0.1284170001745224
1999-04-02,0.1284170001745224
1999-04-05,0.1284170001745224
1999-04-06,0.11853799968957901
1999-04-07,0.10865999758243561
1999-04-08,0.1037210002541542
1999-04-09,0.1037210002541542
1999-04-12,0.1037210002541542
1999-04-13,0.0889040008187294
1999-04-14,0.0987820029258728
1999-04-15,0.0987820029258728
1999-04-16,0.0987820029258728
1999-04-19,0.09680599719285965
1999-04-20,0.0987820029258728
1999-04-21,0.0987820029258728
1999-04-22,0.0938429981470108
1999-04-23,0.09285499900579453
1999-04-26,0.0938429981470108
1999-04-27,0.0938429981470108
1999-04-28,0.09483099728822708
1999-04-29,0.09483099728822708
1999-04-30,0.0938429981470108
1999-05-03,0.09483099728822708
1999-05-04,0.08989199995994568
1999-05-05,0.09483099728822708
1999-05-06,0.0987820029258728
1999-05-07,0.0987820029258728
1999-05-10,0.0987820029258728
1999-05-11,0.0987820029258728
1999-05-12,0.0987820029258728
1999-05-13,0.0987820029258728
1999-05-14,0.09483099728822708
1999-05-17,0.0938429981470108
1999-05-18,0.09186699986457825
1999-05-19,0.09186699986457825
1999-05-20,0.08594000339508057
1999-05-21,0.08594000339508057
1999-05-24,0.08692800253629684
1999-05-25,0.08692800253629684
1999-05-26,0.08692800253629684
1999-05-27,0.0889040008187294
1999-05-28,0.0889040008187294
1999-05-31,0.08791600167751312
1999-06-01,0.08791600167751312
1999-06-02,0.08001299947500229
1999-06-03,0.07507400214672089
1999-06-04,0.07705000042915344
1999-06-07,0.07705000042915344
1999-06-08,0.07606200128793716
1999-06-09,0.07803799957036972
1999-06-10,0.07705000042915344
1999-06-11,0.07606200128793716
1999-06-14,0.07606200128793716
1999-06-15,0.07112299650907516
1999-06-16,0.07112299650907516
1999-06-17,0.06914699822664261
1999-06-18,0.06914699822664261
1999-06-21,0.07211100310087204
1999-06-22,0.07408600300550461
1999-06-23,0.06914699822664261
1999-06-24,0.06914699822664261
1999-06-25,0.06519600003957748
1999-06-28,0.06717199832201004
1999-06-29,0.07013499736785889
1999-06-30,0.07309900224208832
1999-07-01,0.07902500033378601
1999-07-02,0.08001299947500229
1999-07-05,0.08594000339508057
1999-07-06,0.08594000339508057
1999-07-07,0.08001299947500229
1999-07-08,0.08001299947500229
1999-07-09,0.08001299947500229
1999-07-12,0.08001299947500229
1999-07-13,0.08100099861621857
1999-07-14,0.08100099861621857
1999-07-15,0.08100099861621857
1999-07-16,0.08791600167751312
1999-07-19,0.0889040008187294
1999-07-20,0.0889040008187294
1999-07-21,0.08198899775743484
1999-07-22,0.08198899775743484
1999-07-23,0.07902500033378601
1999-07-26,0.07309900224208832
1999-07-27,0.07408600300550461
1999-07-28,0.08001299947500229
1999-07-29,0.07507400214672089
1999-07-30,0.07507400214672089
1999-08-02,0.07507400214672089
1999-08-03,0.07507400214672089
1999-08-04,0.07507400214672089
1999-08-05,0.07606200128793716
1999-08-06,0.07507400214672089
1999-08-09,0.08297699689865112
1999-08-10,0.0889040008187294
1999-08-11,0.08594000339508057
1999-08-12,0.07902500033378601
1999-08-13,0.07902500033378601
1999-08-16,0.08100099861621857
1999-08-17,0.0889040008187294
1999-08-18,0.083965003490448
1999-08-19,0.08495199680328369
1999-08-20,0.08198899775743484
1999-08-23,0.08198899775743484
1999-08-24,0.08001299947500229
1999-08-25,0.083965003490448
1999-08-26,0.08001299947500229
1999-08-27,0.08001299947500229
1999-08-30,0.07705000042915344
1999-08-31,0.07606200128793716
1999-09-01,0.07606200128793716
1999-09-02,0.07606200128793716
1999-09-03,0.07902500033378601
1999-09-06,0.07902500033378601
1999-09-07,0.07803799957036972
1999-09-08,0.07902500033378601
1999-09-09,0.07902500033378601
1999-09-10,0.07902500033378601
1999-09-13,0.07902500033378601
1999-09-14,0.07902500033378601
1999-09-15,0.07408600300550461
1999-09-16,0.07408600300550461
1999-09-17,0.07408600300550461
1999-09-20,0.07803799957036972
1999-09-21,0.07408600300550461
1999-09-22,0.07211100310087204
1999-09-23,0.06914699822664261
1999-09-24,0.06914699822664261
1999-09-27,0.07013499736785889
1999-09-28,0.06914699822664261
1999-09-29,0.07408600300550461
1999-09-30,0.07309900224208832
1999-10-01,0.06914699822664261
1999-10-04,0.07013499736785889
1999-10-05,0.07408600300550461
1999-10-06,0.07408600300550461
1999-10-07,0.07013499736785889
1999-10-08,0.07803799957036972
1999-10-11,0.07803799957036972
1999-10-12,0.07013499736785889
1999-10-13,0.07112299650907516
1999-10-14,0.07211100310087204
1999-10-15,0.07408600300550461
1999-10-18,0.06914699822664261
1999-10-19,0.06914699822664261
1999-10-20,0.06914699822664261
1999-10-21,0.06914699822664261
1999-10-22,0.06815899908542633
1999-10-25,0.06914699822664261
1999-10-26,0.07112299650907516
1999-10-27,0.07112299650907516
1999-10-28,0.06914699822664261
1999-10-29,0.07112299650907516
1999-11-01,0.07013499736785889
1999-11-02,0.07013499736785889
1999-11-03,0.07606200128793716
1999-11-04,0.07309900224208832
1999-11-05,0.07309900224208832
1999-11-08,0.07309900224208832
1999-11-09,0.07309900224208832
1999-11-10,0.07408600300550461
1999-11-11,0.07902500033378601
1999-11-12,0.07408600300550461
1999-11-15,0.07507400214672089
1999-11-16,0.07507400214672089
1999-11-17,0.07606200128793716
1999-11-18,0.08001299947500229
1999-11-19,0.08692800253629684
1999-11-22,0.08791600167751312
1999-11-23,0.08495199680328369
1999-11-24,0.08495199680328369
1999-11-25,0.08495199680328369
1999-11-26,0.08100099861621857
1999-11-29,0.08198899775743484
1999-11-30,0.08297699689865112
1999-12-01,0.08297699689865112
1999-12-02,0.08989199995994568
1999-12-03,0.083965003490448
1999-12-06,0.083965003490448
1999-12-07,0.083965003490448
1999-12-08,0.0889040008187294
1999-12-09,0.083965003490448
1999-12-10,0.08297699689865112
1999-12-13,0.08198899775743484
1999-12-14,0.083965003490448
1999-12-15,0.08100099861621857
1999-12-16,0.08100099861621857
1999-12-17,0.08100099861621857
1999-12-20,0.08198899775743484
1999-12-21,0.08001299947500229
1999-12-22,0.083965003490448
1999-12-23,0.09087900072336197
1999-12-24,0.08594000339508057
1999-12-27,0.08594000339508057
1999-12-28,0.08594000339508057
1999-12-29,0.08594000339508057
1999-12-30,0.08594000339508057
1999-12-31,0.08594000339508057
2000-01-03,0.08594000339508057
2000-01-04,0.08100099861621857
2000-01-05,0.08001299947500229
2000-01-06,0.07606200128793716
2000-01-07,0.07606200128793716
2000-01-10,0.07606200128793716
2000-01-11,0.07211100310087204
2000-01-12,0.07211100310087204
2000-01-13,0.07606200128793716
2000-01-14,0.07606200128793716
2000-01-17,0.07705000042915344
2000-01-18,0.07705000042915344
2000-01-19,0.07507400214672089
2000-01-20,0.07902500033378601
2000-01-21,0.07803799957036972
2000-01-24,0.08297699689865112
2000-01-25,0.08001299947500229
2000-01-26,0.08079399913549423
2000-01-27,0.1037210002541542
2000-01-28,0.0987820029258728
2000-01-31,0.1037210002541542
2000-02-01,0.11853799968957901
2000-02-02,0.10865999758243561
2000-02-03,0.1037210002541542
2000-02-04,0.1037210002541542
2000-02-07,0.1037210002541542
2000-02-08,0.1037210002541542
2000-02-09,0.1037210002541542
2000-02-10,0.0987820029258728
2000-02-11,0.0987820029258728
2000-02-14,0.1037210002541542
2000-02-15,0.0987820029258728
2000-02-16,0.09680599719285965
2000-02-17,0.1037210002541542
2000-02-18,0.11853799968957901
2000-02-21,0.11853799968957901
2000-02-22,0.10865999758243561
2000-02-23,0.1481730043888092
2000-02-24,0.1284170001745224
2000-02-25,0.1333560049533844
2000-02-28,0.123478002846241
2000-02-29,0.11853799968957901
2000-03-01,0.1284170001745224
2000-03-02,0.1284170001745224
2000-03-03,0.11853799968957901
2000-03-06,0.1284170001745224
2000-03-07,0.123478002846241
2000-03-08,0.1284170001745224
2000-03-09,0.11853799968957901
2000-03-10,0.123478002846241
2000-03-13,0.11853799968957901
2000-03-14,0.123478002846241
2000-03-15,0.11853799968957901
2000-03-16,0.11359900236129761
2000-03-17,0.11853799968957901
2000-03-20,0.123478002846241
2000-03-21,0.1284170001745224
2000-03-22,0.1284170001745224
2000-03-23,0.1333560049533844
2000-03-24,0.1333560049533844
2000-03-27,0.1333560049533844
2000-03-28,0.1333560049533844
2000-03-29,0.1481730043888092
2000-03-30,0.162991002202034
2000-03-31,0.1481730043888092
2000-04-03,0.1382949948310852
2000-04-04,0.11853799968957901
2000-04-05,0.10865999758243561
2000-04-06,0.10865999758243561
2000-04-07,0.11359900236129761
2000-04-10,0.11359900236129761
2000-04-11,0.1037210002541542
2000-04-12,0.1037210002541542
2000-04-13,0.1037210002541542
2000-04-14,0.0987820029258728
2000-04-17,0.07408600300550461
2000-04-18,0.07211100310087204
2000-04-19,0.06914699822664261
2000-04-20,0.07408600300550461
2000-04-21,0.07480700314044952
2000-04-24,0.07480700314044952
2000-04-25,0.07480700314044952
2000-04-26,0.07705000042915344
2000-04-27,0.07408600300550461
2000-04-28,0.07408600300550461
2000-05-01,0.07309900224208832
2000-05-02,0.0642080008983612
2000-05-03,0.06124500185251236
2000-05-04,0.06025699898600578
2000-05-05,0.06124500185251236
2000-05-08,0.059268999844789505
2000-05-09,0.06223199889063835
2000-05-10,0.059268999844789505
2000-05-11,0.059268999844789505
2000-05-12,0.06025699898600578
2000-05-15,0.06025699898600578
2000-05-16,0.05828100070357323
2000-05-17,0.05828100070357323
2000-05-18,0.059268999844789505
2000-05-19,0.059268999844789505
2000-05-22,0.05729300156235695
2000-05-23,0.05531800165772438
2000-05-24,0.054329998791217804
2000-05-25,0.05531800165772438
2000-05-26,0.05630600079894066
2000-05-29,0.054329998791217804
2000-05-30,0.05235400050878525
2000-05-31,0.053341999650001526
2000-06-01,0.05235400050878525
2000-06-02,0.05037900060415268
2000-06-05,0.05136600136756897
2000-06-06,0.0493910014629364
2000-06-07,0.0493910014629364
2000-06-08,0.053341999650001526
2000-06-09,0.05630600079894066
2000-06-12,0.05684899911284447
2000-06-13,0.0493910014629364
2000-06-14,0.05235400050878525
2000-06-15,0.05136600136756897
2000-06-16,0.05235400050878525
2000-06-19,0.05235400050878525
2000-06-20,0.05235400050878525
2000-06-21,0.05531800165772438
2000-06-22,0.059268999844789505
2000-06-23,0.05729300156235695
2000-06-26,0.059268999844789505
2000-06-27,0.059268999844789505
2000-06-28,0.06025699898600578
2000-06-29,0.05828100070357323
2000-06-30,0.05531800165772438
2000-07-03,0.06124500185251236
2000-07-04,0.06124500185251236
2000-07-05,0.06322000175714493
2000-07-06,0.06815899908542633
2000-07-07,0.07309900224208832
2000-07-10,0.06914699822664261
2000-07-11,0.06717199832201004
2000-07-12,0.06914699822664261
2000-07-13,0.06914699822664261
2000-07-14,0.07408600300550461
2000-07-17,0.06914699822664261
2000-07-18,0.06914699822664261
2000-07-19,0.06717199832201004
2000-07-20,0.06519600003957748
2000-07-21,0.06618399918079376
2000-07-24,0.06519600003957748
2000-07-25,0.06519600003957748
2000-07-26,0.06322000175714493
2000-07-27,0.06322000175714493
2000-07-28,0.06322000175714493
2000-07-31,0.06322000175714493
2000-08-01,0.06322000175714493
2000-08-02,0.06322000175714493
2000-08-03,0.06223199889063835
2000-08-04,0.06223199889063835
2000-08-07,0.05630600079894066
2000-08-08,0.059268999844789505
2000-08-09,0.059268999844789505
2000-08-10,0.059268999844789505
2000-08-11,0.059268999844789505
2000-08-14,0.059268999844789505
2000-08-15,0.059268999844789505
2000-08-16,0.059268999844789505
2000-08-17,0.06025699898600578
2000-08-18,0.06322000175714493
2000-08-21,0.06025699898600578
2000-08-22,0.059268999844789505
2000-08-23,0.05729300156235695
2000-08-24,0.05828100070357323
2000-08-25,0.0642080008983612
2000-08-28,0.0642080008983612
2000-08-29,0.06717199832201004
2000-08-30,0.06618399918079376
2000-08-31,0.0642080008983612
2000-09-01,0.06519600003957748
2000-09-04,0.059268999844789505
2000-09-05,0.059268999844789505
2000-09-06,0.05828100070357323
2000-09-07,0.05828100070357323
2000-09-08,0.05828100070357323
2000-09-11,0.05630600079894066
2000-09-12,0.05828100070357323
2000-09-13,0.054329998791217804
2000-09-14,0.054329998791217804
2000-09-15,0.059268999844789505
2000-09-18,0.059268999844789505
2000-09-19,0.054329998791217804
2000-09-20,0.054329998791217804
2000-09-21,0.05531800165772438
2000-09-22,0.05531800165772438
2000-09-25,0.05531800165772438
2000-09-26,0.054329998791217804
2000-09-27,0.054329998791217804
2000-09-28,0.05136600136756897
2000-09-29,0.05136600136756897
2000-10-02,0.05136600136756897
2000-10-03,0.05136600136756897
2000-10-04,0.05136600136756897
2000-10-05,0.05136600136756897
2000-10-06,0.048402998596429825
2000-10-09,0.04741499945521355
2000-10-10,0.048402998596429825
2000-10-11,0.04741499945521355
2000-10-12,0.04741499945521355
2000-10-13,0.04741499945521355
2000-10-16,0.048402998596429825
2000-10-17,0.0493910014629364
2000-10-18,0.0493910014629364
2000-10-19,0.0493910014629364
2000-10-20,0.0493910014629364
2000-10-23,0.0493910014629364
2000-10-24,0.04642700031399727
2000-10-25,0.04741499945521355
2000-10-26,0.04642700031399727
2000-10-27,0.04642700031399727
2000-10-30,0.04543900117278099
2000-10-31,0.0493910014629364
2000-11-01,0.0493910014629364
2000-11-02,0.0493910014629364
2000-11-03,0.0493910014629364
2000-11-06,0.0493910014629364
2000-11-07,0.0493910014629364
2000-11-08,0.0493910014629364
2000-11-09,0.0493910014629364
2000-11-10,0.0493910014629364
2000-11-13,0.0493910014629364
2000-11-14,0.0493910014629364
2000-11-15,0.0493910014629364
2000-11-16,0.0493910014629364
2000-11-17,0.0493910014629364
2000-11-20,0.0493910014629364
2000-11-21,0.05136600136756897
2000-11-22,0.059268999844789505
2000-11-23,0.05828100070357323
2000-11-24,0.05630600079894066
2000-11-27,0.059268999844789505
2000-11-28,0.05531800165772438
2000-11-29,0.05531800165772438
2000-11-30,0.05729300156235695
2000-12-01,0.059268999844789505
2000-12-04,0.06223199889063835
2000-12-05,0.059268999844789505
2000-12-06,0.059268999844789505
2000-12-07,0.05630600079894066
2000-12-08,0.05630600079894066
2000-12-11,0.05630600079894066
2000-12-12,0.05630600079894066
2000-12-13,0.05630600079894066
2000-12-14,0.05037900060415268
2000-12-15,0.0493910014629364
2000-12-18,0.0493910014629364
2000-12-19,0.04741499945521355
2000-12-20,0.04543900117278099
2000-12-21,0.04543900117278099
2000-12-22,0.04543900117278099
2000-12-25,0.04543900117278099
2000-12-26,0.04543900117278099
2000-12-27,0.0493910014629364
2000-12-28,0.04543900117278099
2000-12-29,0.0493910014629364
2001-01-01,0.0493910014629364
2001-01-02,0.0444520004093647
2001-01-03,0.0444520004093647
2001-01-04,0.0444520004093647
2001-01-05,0.0444520004093647
2001-01-08,0.04741499945521355
2001-01-09,0.04741499945521355
2001-01-10,0.048402998596429825
2001-01-11,0.054329998791217804
2001-01-12,0.0493910014629364
2001-01-15,0.0493910014629364
2001-01-16,0.048402998596429825
2001-01-17,0.048402998596429825
2001-01-18,0.0493910014629364
2001-01-19,0.04741499945521355
2001-01-22,0.04642700031399727
2001-01-23,0.04642700031399727
2001-01-24,0.04642700031399727
2001-01-25,0.04642700031399727
2001-01-26,0.04642700031399727
2001-01-29,0.04642700031399727
2001-01-30,0.04642700031399727
2001-01-31,0.04543900117278099
2001-02-01,0.0444520004093647
2001-02-02,0.0444520004093647
2001-02-05,0.03951200097799301
2001-02-06,0.03951200097799301
2001-02-07,0.04050000011920929
2001-02-08,0.04050000011920929
2001-02-09,0.04050000011920929
2001-02-12,0.0444520004093647
2001-02-13,0.04543900117278099
2001-02-14,0.04543900117278099
2001-02-15,0.04543900117278099
2001-02-16,0.04543900117278099
2001-02-19,0.0444520004093647
2001-02-20,0.0444520004093647
2001-02-21,0.0444520004093647
2001-02-22,0.0444520004093647
2001-02-23,0.04642700031399727
2001-02-26,0.04741499945521355
2001-02-27,0.042475998401641846
2001-02-28,0.042475998401641846
2001-03-01,0.042475998401641846
2001-03-02,0.03951200097799301
2001-03-05,0.03951200097799301
2001-03-06,0.03951200097799301
2001-03-07,0.03951200097799301
2001-03-08,0.03951200097799301
2001-03-09,0.03951200097799301
2001-03-12,0.03852500021457672
2001-03-13,0.03852500021457672
2001-03-14,0.02963400073349476
2001-03-15,0.02963400073349476
2001-03-16,0.03951200097799301
2001-03-19,0.0444520004093647
2001-03-20,0.0493910014629364
2001-03-21,0.0493910014629364
2001-03-22,0.0493910014629364
2001-03-23,0.04543900117278099
2001-03-26,0.0493910014629364
2001-03-27,0.0493910014629364
2001-03-28,0.05235400050878525
2001-03-29,0.05235400050878525
2001-03-30,0.0493910014629364
2001-04-02,0.04148799926042557
2001-04-03,0.04148799926042557
2001-04-04,0.03951200097799301
2001-04-05,0.03951200097799301
2001-04-06,0.03951200097799301
2001-04-09,0.04050000011920929
2001-04-10,0.04050000011920929
2001-04-11,0.04050000011920929
2001-04-12,0.04050000011920929
2001-04-13,0.04050000011920929
2001-04-16,0.04050000011920929
2001-04-17,0.03753700107336044
2001-04-18,0.03753700107336044
2001-04-19,0.04148799926042557
2001-04-20,0.04148799926042557
2001-04-23,0.0444520004093647
2001-04-24,0.0444520004093647
2001-04-25,0.0444520004093647
2001-04-26,0.042475998401641846
2001-04-27,0.05235400050878525
2001-04-30,0.053341999650001526
2001-05-01,0.0642080008983612
2001-05-02,0.06519600003957748
2001-05-03,0.06519600003957748
2001-05-04,0.06618399918079376
2001-05-07,0.06914699822664261
2001-05-08,0.06914699822664261
2001-05-09,0.07606200128793716
2001-05-10,0.08001299947500229
2001-05-11,0.083965003490448
2001-05-14,0.0938429981470108
2001-05-15,0.09581899642944336
2001-05-16,0.08594000339508057
2001-05-17,0.08198899775743484
2001-05-18,0.0889040008187294
2001-05-21,0.07606200128793716
2001-05-22,0.07112299650907516
2001-05-23,0.07507400214672089
2001-05-24,0.0889040008187294
2001-05-25,0.0889040008187294
2001-05-28,0.08594000339508057
2001-05-29,0.08594000339508057
2001-05-30,0.08198899775743484
2001-05-31,0.08100099861621857
2001-06-01,0.08100099861621857
2001-06-04,0.08692800253629684
2001-06-05,0.08692800253629684
2001-06-06,0.08100099861621857
2001-06-07,0.11853799968957901
2001-06-08,0.09581899642944336
2001-06-11,0.09581899642944336
2001-06-12,0.0889040008187294
2001-06-13,0.09483099728822708
2001-06-14,0.10865999758243561
2001-06-15,0.09581899642944336
2001-06-18,0.09483099728822708
2001-06-19,0.09483099728822708
2001-06-20,0.08495199680328369
2001-06-21,0.08594000339508057
2001-06-22,0.08594000339508057
2001-06-25,0.08495199680328369
2001-06-26,0.08297699689865112
2001-06-27,0.08198899775743484
2001-06-28,0.07606200128793716
2001-06-29,0.07803799957036972
2001-07-02,0.07408600300550461
2001-07-03,0.07408600300550461
2001-07-04,0.07013499736785889
2001-07-05,0.07902500033378601
2001-07-06,0.06914699822664261
2001-07-09,0.07112299650907516
2001-07-10,0.07112299650907516
2001-07-11,0.07211100310087204
2001-07-12,0.07606200128793716
2001-07-13,0.07408600300550461
2001-07-16,0.06914699822664261
2001-07-17,0.06914699822664261
2001-07-18,0.06717199832201004
2001-07-19,0.06914699822664261
2001-07-20,0.07902500033378601
2001-07-23,0.07705000042915344
2001-07-24,0.07408600300550461
2001-07-25,0.07902500033378601
2001-07-26,0.07606200128793716
2001-07-27,0.07902500033378601
2001-07-30,0.08100099861621857
2001-07-31,0.08100099861621857
2001-08-01,0.08100099861621857
2001-08-02,0.08001299947500229
2001-08-03,0.07902500033378601
2001-08-06,0.08198899775743484
2001-08-07,0.08198899775743484
2001-08-08,0.08297699689865112
2001-08-09,0.08198899775743484
2001-08-10,0.08198899775743484
2001-08-13,0.08297699689865112
2001-08-14,0.083965003490448
2001-08-15,0.07902500033378601
2001-08-16,0.07902500033378601
2001-08-17,0.07902500033378601
2001-08-20,0.07902500033378601
2001-08-21,0.07902500033378601
2001-08-22,0.07507400214672089
2001-08-23,0.07507400214672089
2001-08-24,0.07902500033378601
2001-08-27,0.08001299947500229
2001-08-28,0.08001299947500229
2001-08-29,0.07705000042915344
2001-08-30,0.07507400214672089
2001-08-31,0.07507400214672089
2001-09-03,0.07408600300550461
2001-09-04,0.07013499736785889
2001-09-05,0.07013499736785889
2001-09-06,0.07013499736785889
2001-09-07,0.07013499736785889
2001-09-10,0.06717199832201004
2001-09-11,0.07112299650907516
2001-09-12,0.06223199889063835
2001-09-13,0.06223199889063835
2001-09-14,0.06223199889063835
2001-09-17,0.07902500033378601
2001-09-18,0.06223199889063835
2001-09-19,0.0642080008983612
2001-09-20,0.0642080008983612
2001-09-21,0.059268999844789505
2001-09-24,0.05037900060415268
2001-09-25,0.05037900060415268
2001-09-26,0.0642080008983612
2001-09-27,0.059268999844789505
2001-09-28,0.059268999844789505
2001-10-01,0.059268999844789505
2001-10-02,0.06914699822664261
2001-10-03,0.059268999844789505
2001-10-04,0.054329998791217804
2001-10-05,0.054329998791217804
2001-10-08,0.05531800165772438
2001-10-09,0.059268999844789505
2001-10-10,0.059268999844789505
2001-10-11,0.05136600136756897
2001-10-12,0.0444520004093647
2001-10-15,0.0444520004093647
2001-10-16,0.0444520004093647
2001-10-17,0.054329998791217804
2001-10-18,0.054329998791217804
2001-10-19,0.05136600136756897
2001-10-22,0.05136600136756897
2001-10-23,0.05136600136756897
2001-10-24,0.059843000024557114
2001-10-25,0.059843000024557114
2001-10-26,0.05186399817466736
2001-10-29,0.05286199972033501
2001-10-30,0.049869000911712646
2001-10-31,0.044881999492645264
2001-11-01,0.04588000103831291
2001-11-02,0.046877000480890274
2001-11-05,0.046877000480890274
2001-11-06,0.044881999492645264
2001-11-07,0.044881999492645264
2001-11-08,0.047874998301267624
2001-11-09,0.047874998301267624
2001-11-12,0.046877000480890274
2001-11-13,0.04588000103831291
2001-11-14,0.04588000103831291
2001-11-15,0.048872001469135284
2001-11-16,0.048872001469135284
2001-11-19,0.046877000480890274
2001-11-20,0.047874998301267624
2001-11-21,0.046877000480890274
2001-11-22,0.049869000911712646
2001-11-23,0.049869000911712646
2001-11-26,0.047874998301267624
2001-11-27,0.044881999492645264
2001-11-28,0.0438850000500679
2001-11-29,0.047874998301267624
2001-11-30,0.049869000911712646
2001-12-03,0.049869000911712646
2001-12-04,0.049869000911712646
2001-12-05,0.049869000911712646
2001-12-06,0.049869000911712646
2001-12-07,0.050866998732089996
2001-12-10,0.047874998301267624
2001-12-11,0.048872001469135284
2001-12-12,0.05286199972033501
2001-12-13,0.05485599860548973
2001-12-14,0.05286199972033501
2001-12-17,0.05286199972033501
2001-12-18,0.048872001469135284
2001-12-19,0.048872001469135284
2001-12-20,0.048872001469135284
2001-12-21,0.049869000911712646
2001-12-24,0.05286199972033501
2001-12-25,0.05286199972033501
2001-12-26,0.05286199972033501
2001-12-27,0.05286199972033501
2001-12-28,0.05784900113940239
2001-12-31,0.05784900113940239
2002-01-01,0.05784900113940239
2002-01-02,0.049869000911712646
2002-01-03,0.049869000911712646
2002-01-04,0.05186399817466736
2002-01-07,0.05784900113940239
2002-01-08,0.050866998732089996
2002-01-09,0.05186399817466736
2002-01-10,0.05585400015115738
2002-01-11,0.061838001012802124
2002-01-14,0.0668250024318695
2002-01-15,0.06782300025224686
2002-01-16,0.059843000024557114
2002-01-17,0.059843000024557114
2002-01-18,0.061838001012802124
2002-01-21,0.06383299827575684
2002-01-22,0.061838001012802124
2002-01-23,0.06283599883317947
2002-01-24,0.06283599883317947
2002-01-25,0.059843000024557114
2002-01-28,0.059843000024557114
2002-01-29,0.06084100157022476
2002-01-30,0.06582800298929214
2002-01-31,0.05884600058197975
2002-02-01,0.05585400015115738
2002-02-04,0.05485599860548973
2002-02-05,0.05485599860548973
2002-02-06,0.05485599860548973
2002-02-07,0.05186399817466736
2002-02-08,0.05385899916291237
2002-02-11,0.05186399817466736
2002-02-12,0.05286199972033501
2002-02-13,0.05385899916291237
2002-02-14,0.047874998301267624
2002-02-15,0.049869000911712646
2002-02-18,0.050866998732089996
2002-02-19,0.048872001469135284
2002-02-20,0.048872001469135284
2002-02-21,0.05186399817466736
2002-02-22,0.05186399817466736
2002-02-25,0.05784900113940239
2002-02-26,0.049869000911712646
2002-02-27,0.05186399817466736
2002-02-28,0.050866998732089996
2002-03-01,0.049869000911712646
2002-03-04,0.048872001469135284
2002-03-05,0.048872001469135284
2002-03-06,0.048872001469135284
2002-03-07,0.048872001469135284
2002-03-08,0.050866998732089996
2002-03-11,0.049869000911712646
2002-03-12,0.047874998301267624
2002-03-13,0.048872001469135284
2002-03-14,0.047874998301267624
2002-03-15,0.046877000480890274
2002-03-18,0.047874998301267624
2002-03-19,0.046877000480890274
2002-03-20,0.047874998301267624
2002-03-21,0.048872001469135284
2002-03-22,0.048872001469135284
2002-03-25,0.050866998732089996
2002-03-26,0.05784900113940239
2002-03-27,0.05685099959373474
2002-03-28,0.05485599860548973
2002-03-29,0.05485599860548973
2002-04-01,0.05485599860548973
2002-04-02,0.05385899916291237
2002-04-03,0.049869000911712646
2002-04-04,0.05485599860548973
2002-04-05,0.05485599860548973
2002-04-08,0.05385899916291237
2002-04-09,0.05485599860548973
2002-04-10,0.05485599860548973
2002-04-11,0.05485599860548973
2002-04-12,0.05186399817466736
2002-04-15,0.05286199972033501
2002-04-16,0.05186399817466736
2002-04-17,0.049869000911712646
2002-04-18,0.05385899916291237
2002-04-19,0.048872001469135284
2002-04-22,0.05186399817466736
2002-04-23,0.050866998732089996
2002-04-24,0.049869000911712646
2002-04-25,0.049869000911712646
2002-04-26,0.049869000911712646
2002-04-29,0.05186399817466736
2002-04-30,0.05186399817466736
2002-05-01,0.048872001469135284
2002-05-02,0.048872001469135284
2002-05-03,0.046877000480890274
2002-05-06,0.046877000480890274
2002-05-07,0.046877000480890274
2002-05-08,0.048872001469135284
2002-05-09,0.046877000480890274
2002-05-10,0.046877000480890274
2002-05-13,0.044881999492645264
2002-05-14,0.044881999492645264
2002-05-15,0.04288800060749054
2002-05-16,0.04288800060749054
2002-05-17,0.0438850000500679
2002-05-20,0.046877000480890274
2002-05-21,0.04288800060749054
2002-05-22,0.046877000480890274
2002-05-23,0.04588000103831291
2002-05-24,0.0438850000500679
2002-05-27,0.044881999492645264
2002-05-28,0.046877000480890274
2002-05-29,0.049869000911712646
2002-05-30,0.05784900113940239
2002-05-31,0.06383299827575684
2002-06-03,0.059843000024557114
2002-06-04,0.05585400015115738
2002-06-05,0.059843000024557114
2002-06-06,0.06084100157022476
2002-06-07,0.05884600058197975
2002-06-10,0.05884600058197975
2002-06-11,0.05385899916291237
2002-06-12,0.050866998732089996
2002-06-13,0.05286199972033501
2002-06-14,0.047874998301267624
2002-06-17,0.047874998301267624
2002-06-18,0.048872001469135284
2002-06-19,0.05186399817466736
2002-06-20,0.049869000911712646
2002-06-21,0.046877000480890274
2002-06-24,0.047874998301267624
2002-06-25,0.049869000911712646
2002-06-26,0.047874998301267624
2002-06-27,0.046877000480890274
2002-06-28,0.048872001469135284
2002-07-01,0.047874998301267624
2002-07-02,0.046877000480890274
2002-07-03,0.044881999492645264
2002-07-04,0.044881999492645264
2002-07-05,0.048872001469135284
2002-07-08,0.044881999492645264
2002-07-09,0.044881999492645264
2002-07-10,0.044881999492645264
2002-07-11,0.044881999492645264
2002-07-12,0.04588000103831291
2002-07-15,0.049869000911712646
2002-07-16,0.049869000911712646
2002-07-17,0.046877000480890274
2002-07-18,0.05186399817466736
2002-07-19,0.046877000480890274
2002-07-22,0.04588000103831291
2002-07-23,0.04588000103831291
2002-07-24,0.044881999492645264
2002-07-25,0.044881999492645264
2002-07-26,0.049869000911712646
2002-07-29,0.044881999492645264
2002-07-30,0.044881999492645264
2002-07-31,0.044881999492645264
2002-08-01,0.047874998301267624
2002-08-02,0.05186399817466736
2002-08-05,0.05286199972033501
2002-08-06,0.0438850000500679
2002-08-07,0.03989500179886818
2002-08-08,0.03989500179886818
2002-08-09,0.03989500179886818
2002-08-12,0.04188999906182289
2002-08-13,0.04288800060749054
2002-08-14,0.04089299961924553
2002-08-15,0.0438850000500679
2002-08-16,0.0438850000500679
2002-08-19,0.0438850000500679
2002-08-20,0.0438850000500679
2002-08-21,0.044881999492645264
2002-08-22,0.047874998301267624
2002-08-23,0.049869000911712646
2002-08-26,0.049869000911712646
2002-08-27,0.05186399817466736
2002-08-28,0.049869000911712646
2002-08-29,0.047874998301267624
2002-08-30,0.047874998301267624
2002-09-02,0.04588000103831291
2002-09-03,0.048872001469135284
2002-09-04,0.049869000911712646
2002-09-05,0.05186399817466736
2002-09-06,0.05585400015115738
2002-09-09,0.050866998732089996
2002-09-10,0.049869000911712646
2002-09-11,0.05286199972033501
2002-09-12,0.05784900113940239
2002-09-13,0.059843000024557114
2002-09-16,0.05784900113940239
2002-09-17,0.061838001012802124
2002-09-18,0.06283599883317947
2002-09-19,0.07181199640035629
2002-09-20,0.07181199640035629
2002-09-23,0.0668250024318695
2002-09-24,0.0648299977183342
2002-09-25,0.06881999969482422
2002-09-26,0.06782300025224686
2002-09-27,0.06782300025224686
2002-09-30,0.06782300025224686
2002-10-01,0.06782300025224686
2002-10-02,0.06881999969482422
2002-10-03,0.06981699913740158
2002-10-04,0.0738070011138916
2002-10-07,0.07679899781942368
2002-10-08,0.07679899781942368
2002-10-09,0.07979100197553635
2002-10-10,0.07879400253295898
2002-10-11,0.07879400253295898
2002-10-14,0.07979100197553635
2002-10-15,0.07679899781942368
2002-10-16,0.07679899781942368
2002-10-17,0.07281000167131424
2002-10-18,0.07281000167131424
2002-10-21,0.07181199640035629
2002-10-22,0.06881999969482422
2002-10-23,0.06782300025224686
2002-10-24,0.06283599883317947
2002-10-25,0.06283599883317947
2002-10-28,0.06383299827575684
2002-10-29,0.06084100157022476
2002-10-30,0.06981699913740158
2002-10-31,0.06782300025224686
2002-11-01,0.07181199640035629
2002-11-04,0.07181199640035629
2002-11-05,0.06881999969482422
2002-11-06,0.06782300025224686
2002-11-07,0.07081499695777893
2002-11-08,0.06782300025224686
2002-11-11,0.06283599883317947
2002-11-12,0.06283599883317947
2002-11-13,0.06383299827575684
2002-11-14,0.061838001012802124
2002-11-15,0.05884600058197975
2002-11-18,0.05784900113940239
2002-11-19,0.059843000024557114
2002-11-20,0.059843000024557114
2002-11-21,0.06582800298929214
2002-11-22,0.061838001012802124
2002-11-25,0.06084100157022476
2002-11-26,0.06084100157022476
2002-11-27,0.05884600058197975
2002-11-28,0.05784900113940239
2002-11-29,0.061838001012802124
2002-12-02,0.059843000024557114
2002-12-03,0.05685099959373474
2002-12-04,0.05784900113940239
2002-12-05,0.05485599860548973
2002-12-06,0.05286199972033501
2002-12-09,0.05485599860548973
2002-12-10,0.059843000024557114
2002-12-11,0.05685099959373474
2002-12-12,0.05884600058197975
2002-12-13,0.059843000024557114
2002-12-16,0.05784900113940239
2002-12-17,0.05485599860548973
2002-12-18,0.05286199972033501
2002-12-19,0.05485599860548973
2002-12-20,0.05286199972033501
2002-12-23,0.05286199972033501
2002-12-24,0.05585400015115738
2002-12-25,0.05585400015115738
2002-12-26,0.05585400015115738
2002-12-27,0.059843000024557114
2002-12-30,0.06283599883317947
2002-12-31,0.06084100157022476
2003-01-01,0.06084100157022476
2003-01-02,0.06283599883317947
2003-01-03,0.06283599883317947
2003-01-06,0.06084100157022476
2003-01-07,0.05884600058197975
2003-01-08,0.05884600058197975
2003-01-09,0.05884600058197975
2003-01-10,0.05884600058197975
2003-01-13,0.059843000024557114
2003-01-14,0.05884600058197975
2003-01-15,0.05685099959373474
2003-01-16,0.05585400015115738
2003-01-17,0.05884600058197975
2003-01-20,0.05685099959373474
2003-01-21,0.05585400015115738
2003-01-22,0.05485599860548973
2003-01-23,0.05385899916291237
2003-01-24,0.05685099959373474
2003-01-27,0.05685099959373474
2003-01-28,0.05286199972033501
2003-01-29,0.048872001469135284
2003-01-30,0.046877000480890274
2003-01-31,0.044881999492645264
2003-02-03,0.047874998301267624
2003-02-04,0.049869000911712646
2003-02-05,0.046877000480890274
2003-02-06,0.044881999492645264
2003-02-07,0.04588000103831291
2003-02-10,0.04588000103831291
2003-02-11,0.044881999492645264
2003-02-12,0.04188999906182289
2003-02-13,0.04089299961924553
2003-02-14,0.03989500179886818
2003-02-17,0.03989500179886818
2003-02-18,0.03989500179886818
2003-02-19,0.03989500179886818
2003-02-20,0.03889799863100052
2003-02-21,0.03889799863100052
2003-02-24,0.03889799863100052
2003-02-25,0.04089299961924553
2003-02-26,0.04089299961924553
2003-02-27,0.03889799863100052
2003-02-28,0.03889799863100052
2003-03-03,0.03889799863100052
2003-03-04,0.03790099918842316
2003-03-05,0.03989500179886818
2003-03-06,0.03889799863100052
2003-03-07,0.03889799863100052
2003-03-10,0.03889799863100052
2003-03-11,0.034908000379800797
2003-03-12,0.034908000379800797
2003-03-13,0.03889799863100052
2003-03-14,0.033911000937223434
2003-03-17,0.033911000937223434
2003-03-18,0.033911000937223434
2003-03-19,0.033911000937223434
2003-03-20,0.03291400149464607
2003-03-21,0.03291400149464607
2003-03-24,0.034908000379800797
2003-03-25,0.03889799863100052
2003-03-26,0.03989500179886818
2003-03-27,0.03989500179886818
2003-03-28,0.03989500179886818
2003-03-31,0.03989500179886818
2003-04-01,0.03989500179886818
2003-04-02,0.03889799863100052
2003-04-03,0.03889799863100052
2003-04-04,0.03790099918842316
2003-04-07,0.03790099918842316
2003-04-08,0.03790099918842316
2003-04-09,0.03790099918842316
2003-04-10,0.03790099918842316
2003-04-11,0.03790099918842316
2003-04-14,0.03790099918842316
2003-04-15,0.03790099918842316
2003-04-16,0.03790099918842316
2003-04-17,0.03889799863100052
2003-04-18,0.03889799863100052
2003-04-21,0.03889799863100052
2003-04-22,0.030919000506401062
2003-04-23,0.031915999948978424
2003-04-24,0.035905998200178146
2003-04-25,0.035905998200178146
2003-04-28,0.035905998200178146
2003-04-29,0.034908000379800797
2003-04-30,0.034908000379800797
2003-05-01,0.034908000379800797
2003-05-02,0.034908000379800797
2003-05-05,0.033911000937223434
2003-05-06,0.033911000937223434
2003-05-07,0.033911000937223434
2003-05-08,0.031915999948978424
2003-05-09,0.031915999948978424
2003-05-12,0.029921000823378563
2003-05-13,0.02892399951815605
2003-05-14,0.02892399951815605
2003-05-15,0.02892399951815605
2003-05-16,0.030919000506401062
2003-05-19,0.031915999948978424
2003-05-20,0.029921000823378563
2003-05-21,0.029921000823378563
2003-05-22,0.029921000823378563
2003-05-23,0.029921000823378563
2003-05-26,0.02892399951815605
2003-05-27,0.02892399951815605
2003-05-28,0.02892399951815605
2003-05-29,0.02892399951815605
2003-05-30,0.02892399951815605
2003-06-02,0.02892399951815605
2003-06-03,0.029921000823378563
2003-06-04,0.02792700007557869
2003-06-05,0.030919000506401062
2003-06-06,0.033911000937223434
2003-06-09,0.033911000937223434
2003-06-10,0.030919000506401062
2003-06-11,0.030919000506401062
2003-06-12,0.034908000379800797
2003-06-13,0.034908000379800797
2003-06-16,0.03291400149464607
2003-06-17,0.02892399951815605
2003-06-18,0.02892399951815605
2003-06-19,0.029921000823378563
2003-06-20,0.029921000823378563
2003-06-23,0.031915999948978424
2003-06-24,0.029921000823378563
2003-06-25,0.029921000823378563
2003-06-26,0.02792700007557869
2003-06-27,0.02692900039255619
2003-06-30,0.02692900039255619
2003-07-01,0.02792700007557869
2003-07-02,0.02792700007557869
2003-07-03,0.02792700007557869
2003-07-04,0.030919000506401062
2003-07-07,0.030919000506401062
2003-07-08,0.030919000506401062
2003-07-09,0.029921000823378563
2003-07-10,0.02892399951815605
2003-07-11,0.02792700007557869
2003-07-14,0.02792700007557869
2003-07-15,0.02792700007557869
2003-07-16,0.02792700007557869
2003-07-17,0.02792700007557869
2003-07-18,0.02692900039255619
2003-07-21,0.02892399951815605
2003-07-22,0.02792700007557869
2003-07-23,0.02792700007557869
2003-07-24,0.02892399951815605
2003-07-25,0.02892399951815605
2003-07-28,0.029921000823378563
2003-07-29,0.02892399951815605
2003-07-30,0.02493399940431118
2003-07-31,0.021942000836133957
2003-08-01,0.023936999961733818
2003-08-04,0.023936999961733818
2003-08-05,0.02593199908733368
2003-08-06,0.02692900039255619
2003-08-07,0.02692900039255619
2003-08-08,0.02692900039255619
2003-08-11,0.02792700007557869
2003-08-12,0.02692900039255619
2003-08-13,0.02792700007557869
2003-08-14,0.02792700007557869
2003-08-15,0.02593199908733368
2003-08-18,0.02493399940431118
2003-08-19,0.02692900039255619
2003-08-20,0.02493399940431118
2003-08-21,0.02493399940431118
2003-08-22,0.02493399940431118
2003-08-25,0.02792700007557869
2003-08-26,0.03291400149464607
2003-08-27,0.044881999492645264
2003-08-28,0.04188999906182289
2003-08-29,0.03989500179886818
2003-09-01,0.03989500179886818
2003-09-02,0.03790099918842316
2003-09-03,0.03690300136804581
2003-09-04,0.035905998200178146
2003-09-05,0.035905998200178146
2003-09-08,0.03690300136804581
2003-09-09,0.03690300136804581
2003-09-10,0.04089299961924553
2003-09-11,0.03889799863100052
2003-09-12,0.03790099918842316
2003-09-15,0.03790099918842316
2003-09-16,0.03790099918842316
2003-09-17,0.035905998200178146
2003-09-18,0.034908000379800797
2003-09-19,0.035905998200178146
2003-09-22,0.035905998200178146
2003-09-23,0.035905998200178146
2003-09-24,0.034908000379800797
2003-09-25,0.03989500179886818
2003-09-26,0.044881999492645264
2003-09-29,0.0438850000500679
2003-09-30,0.04089299961924553
2003-10-01,0.03989500179886818
2003-10-02,0.03989500179886818
2003-10-03,0.03790099918842316
2003-10-06,0.03889799863100052
2003-10-07,0.04089299961924553
2003-10-08,0.0438850000500679
2003-10-09,0.04288800060749054
2003-10-10,0.04288800060749054
2003-10-13,0.0438850000500679
2003-10-14,0.04188999906182289
2003-10-15,0.04288800060749054
2003-10-16,0.047874998301267624
2003-10-17,0.0438850000500679
2003-10-20,0.044881999492645264
2003-10-21,0.044881999492645264
2003-10-22,0.04188999906182289
2003-10-23,0.03889799863100052
2003-10-24,0.04188999906182289
2003-10-27,0.04089299961924553
2003-10-28,0.03790099918842316
2003-10-29,0.035905998200178146
2003-10-30,0.03989500179886818
2003-10-31,0.04188999906182289
2003-11-03,0.03989500179886818
2003-11-04,0.03989500179886818
2003-11-05,0.03989500179886818
2003-11-06,0.03989500179886818
2003-11-07,0.03889799863100052
2003-11-10,0.03989500179886818
2003-11-11,0.03790099918842316
2003-11-12,0.03690300136804581
2003-11-13,0.03790099918842316
2003-11-14,0.03790099918842316
2003-11-17,0.04188999906182289
2003-11-18,0.03989500179886818
2003-11-19,0.03989500179886818
2003-11-20,0.03790099918842316
2003-11-21,0.03790099918842316
2003-11-24,0.03790099918842316
2003-11-25,0.03690300136804581
2003-11-26,0.03690300136804581
2003-11-27,0.03889799863100052
2003-11-28,0.03690300136804581
2003-12-01,0.03790099918842316
2003-12-02,0.034908000379800797
2003-12-03,0.035905998200178146
2003-12-04,0.03790099918842316
2003-12-05,0.03889799863100052
2003-12-08,0.03889799863100052
2003-12-09,0.03690300136804581
2003-12-10,0.03690300136804581
2003-12-11,0.03690300136804581
2003-12-12,0.03690300136804581
2003-12-15,0.03889799863100052
2003-12-16,0.03790099918842316
2003-12-17,0.03291400149464607
2003-12-18,0.034908000379800797
2003-12-19,0.033911000937223434
2003-12-22,0.033911000937223434
2003-12-23,0.035905998200178146
2003-12-24,0.031915999948978424
2003-12-25,0.031915999948978424
2003-12-26,0.031915999948978424
2003-12-29,0.034908000379800797
2003-12-30,0.035905998200178146
2003-12-31,0.035905998200178146
2004-01-01,0.035905998200178146
2004-01-02,0.034908000379800797
2004-01-05,0.03291400149464607
2004-01-06,0.03291400149464607
2004-01-07,0.029921000823378563
2004-01-08,0.02892399951815605
2004-01-09,0.02892399951815605
2004-01-12,0.029921000823378563
2004-01-13,0.031915999948978424
2004-01-14,0.03291400149464607
2004-01-15,0.033911000937223434
2004-01-16,0.031915999948978424
2004-01-19,0.030919000506401062
2004-01-20,0.03291400149464607
2004-01-21,0.03291400149464607
2004-01-22,0.031915999948978424
2004-01-23,0.03291400149464607
2004-01-26,0.03291400149464607
2004-01-27,0.031915999948978424
2004-01-28,0.033911000937223434
2004-01-29,0.034908000379800797
2004-01-30,0.034908000379800797
2004-02-02,0.03690300136804581
2004-02-03,0.03690300136804581
2004-02-04,0.03690300136804581
2004-02-05,0.033911000937223434
2004-02-06,0.033911000937223434
2004-02-09,0.033911000937223434
2004-02-10,0.035905998200178146
2004-02-11,0.035905998200178146
2004-02-12,0.03291400149464607
2004-02-13,0.033911000937223434
2004-02-16,0.03291400149464607
2004-02-17,0.030919000506401062
2004-02-18,0.030919000506401062
2004-02-19,0.031915999948978424
2004-02-20,0.030919000506401062
2004-02-23,0.029921000823378563
2004-02-24,0.030919000506401062
2004-02-25,0.031915999948978424
2004-02-26,0.031915999948978424
2004-02-27,0.031915999948978424
2004-03-01,0.031915999948978424
2004-03-02,0.030919000506401062
2004-03-03,0.029921000823378563
2004-03-04,0.029921000823378563
2004-03-05,0.03291400149464607
2004-03-08,0.031915999948978424
2004-03-09,0.031915999948978424
2004-03-10,0.029921000823378563
2004-03-11,0.034908000379800797
2004-03-12,0.03291400149464607
2004-03-15,0.03291400149464607
2004-03-16,0.030919000506401062
2004-03-17,0.030919000506401062
2004-03-18,0.029921000823378563
2004-03-19,0.031915999948978424
2004-03-22,0.030919000506401062
2004-03-23,0.029921000823378563
2004-03-24,0.029921000823378563
2004-03-25,0.02892399951815605
2004-03-26,0.029921000823378563
2004-03-29,0.029921000823378563
2004-03-30,0.02892399951815605
2004-03-31,0.02892399951815605
2004-04-01,0.02792700007557869
2004-04-02,0.02792700007557869
2004-04-05,0.02692900039255619
2004-04-06,0.02593199908733368
2004-04-07,0.02593199908733368
2004-04-08,0.02593199908733368
2004-04-09,0.02593199908733368
2004-04-12,0.02593199908733368
2004-04-13,0.02593199908733368
2004-04-14,0.02593199908733368
2004-04-15,0.020944999530911446
2004-04-16,0.023936999961733818
2004-04-19,0.023936999961733818
2004-04-20,0.023936999961733818
2004-04-21,0.023936999961733818
2004-04-22,0.020944999530911446
2004-04-23,0.021942000836133957
2004-04-26,0.021942000836133957
2004-04-27,0.019946999847888947
2004-04-28,0.022940000519156456
2004-04-29,0.021942000836133957
2004-04-30,0.021942000836133957
2004-05-03,0.020944999530911446
2004-05-04,0.022940000519156456
2004-05-05,0.020944999530911446
2004-05-06,0.021942000836133957
2004-05-07,0.020944999530911446
2004-05-10,0.020944999530911446
2004-05-11,0.019946999847888947
2004-05-12,0.018950000405311584
2004-05-13,0.019946999847888947
2004-05-14,0.019946999847888947
2004-05-17,0.019946999847888947
2004-05-18,0.019946999847888947
2004-05-19,0.019946999847888947
2004-05-20,0.018950000405311584
2004-05-21,0.019946999847888947
2004-05-24,0.017952999100089073
2004-05-25,0.020944999530911446
2004-05-26,0.020944999530911446
2004-05-27,0.019946999847888947
2004-05-28,0.019946999847888947
2004-05-31,0.019946999847888947
2004-06-01,0.018950000405311584
2004-06-02,0.019946999847888947
2004-06-03,0.018950000405311584
2004-06-04,0.017952999100089073
2004-06-07,0.018950000405311584
2004-06-08,0.018950000405311584
2004-06-09,0.019946999847888947
2004-06-10,0.019946999847888947
2004-06-11,0.018950000405311584
2004-06-14,0.018950000405311584
2004-06-15,0.016954999417066574
2004-06-16,0.017952999100089073
2004-06-17,0.016954999417066574
2004-06-18,0.016954999417066574
2004-06-21,0.014960000291466713
2004-06-22,0.015957999974489212
2004-06-23,0.015957999974489212
2004-06-24,0.016954999417066574
2004-06-25,0.015957999974489212
2004-06-28,0.015957999974489212
2004-06-29,0.014960000291466713
2004-06-30,0.014960000291466713
2004-07-01,0.017952999100089073
2004-07-02,0.016954999417066574
2004-07-05,0.018950000405311584
2004-07-06,0.016954999417066574
2004-07-07,0.019946999847888947
2004-07-08,0.017952999100089073
2004-07-09,0.018950000405311584
2004-07-12,0.019946999847888947
2004-07-13,0.018950000405311584
2004-07-14,0.018950000405311584
2004-07-15,0.017952999100089073
2004-07-16,0.017952999100089073
2004-07-19,0.018950000405311584
2004-07-20,0.018950000405311584
2004-07-21,0.016954999417066574
2004-07-22,0.017952999100089073
2004-07-23,0.018950000405311584
2004-07-26,0.017952999100089073
2004-07-27,0.017952999100089073
2004-07-28,0.018950000405311584
2004-07-29,0.019946999847888947
2004-07-30,0.020944999530911446
2004-08-02,0.021942000836133957
2004-08-03,0.021942000836133957
2004-08-04,0.019946999847888947
2004-08-05,0.021942000836133957
2004-08-06,0.020944999530911446
2004-08-09,0.021942000836133957
2004-08-10,0.022940000519156456
2004-08-11,0.021942000836133957
2004-08-12,0.023936999961733818
2004-08-13,0.023936999961733818
2004-08-16,0.022940000519156456
2004-08-17,0.022940000519156456
2004-08-18,0.022940000519156456
2004-08-19,0.022940000519156456
2004-08-20,0.022940000519156456
2004-08-23,0.022940000519156456
2004-08-24,0.020944999530911446
2004-08-25,0.021942000836133957
2004-08-26,0.019946999847888947
2004-08-27,0.019946999847888947
2004-08-30,0.019946999847888947
2004-08-31,0.018950000405311584
2004-09-01,0.019946999847888947
2004-09-02,0.017952999100089073
2004-09-03,0.017952999100089073
2004-09-06,0.019946999847888947
2004-09-07,0.019946999847888947
2004-09-08,0.016954999417066574
2004-09-09,0.016954999417066574
2004-09-10,0.018950000405311584
2004-09-13,0.018950000405311584
2004-09-14,0.017952999100089073
2004-09-15,0.017952999100089073
2004-09-16,0.022940000519156456
2004-09-17,0.02593199908733368
2004-09-20,0.022940000519156456
2004-09-21,0.021942000836133957
2004-09-22,0.023936999961733818
2004-09-23,0.023936999961733818
2004-09-24,0.023936999961733818
2004-09-27,0.021942000836133957
2004-09-28,0.021942000836133957
2004-09-29,0.018950000405311584
2004-09-30,0.017952999100089073
2004-10-01,0.019946999847888947
2004-10-04,0.017952999100089073
2004-10-05,0.019946999847888947
2004-10-06,0.018950000405311584
2004-10-07,0.018950000405311584
2004-10-08,0.019946999847888947
2004-10-11,0.020944999530911446
2004-10-12,0.020944999530911446
2004-10-13,0.020944999530911446
2004-10-14,0.019946999847888947
2004-10-15,0.019946999847888947
2004-10-18,0.019946999847888947
2004-10-19,0.019946999847888947
2004-10-20,0.018950000405311584
2004-10-21,0.018950000405311584
2004-10-22,0.018950000405311584
2004-10-25,0.017952999100089073
2004-10-26,0.018950000405311584
2004-10-27,0.017952999100089073
2004-10-28,0.017952999100089073
2004-10-29,0.017952999100089073
2004-11-01,0.017952999100089073
2004-11-02,0.018950000405311584
2004-11-03,0.017952999100089073
2004-11-04,0.017952999100089073
2004-11-05,0.017952999100089073
2004-11-08,0.018950000405311584
2004-11-09,0.017952999100089073
2004-11-10,0.017952999100089073
2004-11-11,0.017952999100089073
2004-11-12,0.017952999100089073
2004-11-15,0.017952999100089073
2004-11-16,0.016954999417066574
2004-11-17,0.017952999100089073
2004-11-18,0.016954999417066574
2004-11-19,0.017952999100089073
2004-11-22,0.016954999417066574
2004-11-23,0.017952999100089073
2004-11-24,0.017952999100089073
2004-11-25,0.018950000405311584
2004-11-26,0.019946999847888947
2004-11-29,0.022940000519156456
2004-11-30,0.023936999961733818
2004-12-01,0.021942000836133957
2004-12-02,0.022940000519156456
2004-12-03,0.023936999961733818
2004-12-06,0.022940000519156456
2004-12-07,0.022940000519156456
2004-12-08,0.021942000836133957
2004-12-09,0.020944999530911446
2004-12-10,0.019946999847888947
2004-12-13,0.021942000836133957
2004-12-14,0.019946999847888947
2004-12-15,0.020944999530911446
2004-12-16,0.020944999530911446
2004-12-17,0.021942000836133957
2004-12-20,0.020944999530911446
2004-12-21,0.020944999530911446
2004-12-22,0.019946999847888947
2004-12-23,0.019946999847888947
2004-12-24,0.021942000836133957
2004-12-27,0.021942000836133957
2004-12-28,0.021942000836133957
2004-12-29,0.020944999530911446
2004-12-30,0.020944999530911446
2004-12-31,0.020944999530911446
2005-01-04,0.020944999530911446
2005-01-05,0.020944999530911446
2005-01-06,0.020944999530911446
2005-01-07,0.020944999530911446
2005-01-10,0.021942000836133957
2005-01-11,0.021942000836133957
2005-01-12,0.021942000836133957
2005-01-13,0.021942000836133957
2005-01-14,0.021942000836133957
2005-01-17,0.021942000836133957
2005-01-18,0.021942000836133957
2005-01-19,0.022940000519156456
2005-01-20,0.021942000836133957
2005-01-21,0.022940000519156456
2005-01-24,0.022940000519156456
2005-01-25,0.022940000519156456
2005-01-27,0.020944999530911446
2005-01-28,0.022940000519156456
2005-01-31,0.023936999961733818
2005-02-01,0.023936999961733818
2005-02-02,0.02493399940431118
2005-02-03,0.02692900039255619
2005-02-04,0.030919000506401062
2005-02-07,0.031915999948978424
2005-02-08,0.029921000823378563
2005-02-09,0.02792700007557869
2005-02-10,0.02892399951815605
2005-02-11,0.02692900039255619
2005-02-14,0.02692900039255619
2005-02-15,0.02593199908733368
2005-02-16,0.02593199908733368
2005-02-17,0.02593199908733368
2005-02-18,0.02593199908733368
2005-02-21,0.02493399940431118
2005-02-22,0.02593199908733368
2005-02-23,0.02892399951815605
2005-02-24,0.02692900039255619
2005-02-25,0.02593199908733368
2005-02-28,0.02692900039255619
2005-03-01,0.02493399940431118
2005-03-02,0.02493399940431118
2005-03-03,0.02493399940431118
2005-03-04,0.02493399940431118
2005-03-07,0.02493399940431118
2005-03-08,0.02593199908733368
2005-03-09,0.02493399940431118
2005-03-10,0.02593199908733368
2005-03-11,0.02593199908733368
2005-03-14,0.02593199908733368
2005-03-15,0.02493399940431118
2005-03-16,0.02493399940431118
2005-03-17,0.02493399940431118
2005-03-18,0.02792700007557869
2005-03-21,0.029921000823378563
2005-03-22,0.02892399951815605
2005-03-23,0.02593199908733368
2005-03-24,0.02593199908733368
2005-03-29,0.02593199908733368
2005-03-30,0.023936999961733818
2005-03-31,0.023936999961733818
2005-04-01,0.02493399940431118
2005-04-04,0.02493399940431118
2005-04-05,0.02593199908733368
2005-04-06,0.02593199908733368
2005-04-07,0.02593199908733368
2005-04-08,0.02593199908733368
2005-04-11,0.02493399940431118
2005-04-12,0.02593199908733368
2005-04-13,0.02493399940431118
2005-04-14,0.02593199908733368
2005-04-15,0.02593199908733368
2005-04-18,0.022940000519156456
2005-04-19,0.02493399940431118
2005-04-20,0.023936999961733818
2005-04-21,0.022940000519156456
2005-04-22,0.022940000519156456
2005-04-26,0.02493399940431118
2005-04-27,0.023936999961733818
2005-04-28,0.022940000519156456
2005-04-29,0.019946999847888947
2005-05-02,0.020944999530911446
2005-05-03,0.020944999530911446
2005-05-04,0.020944999530911446
2005-05-05,0.020944999530911446
2005-05-06,0.021942000836133957
2005-05-09,0.019946999847888947
2005-05-10,0.017952999100089073
2005-05-11,0.017952999100089073
2005-05-12,0.015957999974489212
2005-05-13,0.015957999974489212
2005-05-16,0.017952999100089073
2005-05-17,0.016954999417066574
2005-05-18,0.016954999417066574
2005-05-19,0.016954999417066574
2005-05-20,0.016954999417066574
2005-05-23,0.016954999417066574
2005-05-24,0.016954999417066574
2005-05-25,0.017952999100089073
2005-05-26,0.018950000405311584
2005-05-27,0.018950000405311584
2005-05-30,0.018950000405311584
2005-05-31,0.018950000405311584
2005-06-01,0.018950000405311584
2005-06-02,0.018950000405311584
2005-06-03,0.018950000405311584
2005-06-06,0.018950000405311584
2005-06-07,0.017952999100089073
2005-06-08,0.017952999100089073
2005-06-09,0.017952999100089073
2005-06-10,0.016954999417066574
2005-06-14,0.018950000405311584
2005-06-15,0.018950000405311584
2005-06-16,0.016954999417066574
2005-06-17,0.016954999417066574
2005-06-20,0.016954999417066574
2005-06-21,0.017952999100089073
2005-06-22,0.016954999417066574
2005-06-23,0.018950000405311584
2005-06-24,0.017952999100089073
2005-06-27,0.016954999417066574
2005-06-28,0.016954999417066574
2005-06-29,0.018950000405311584
2005-06-30,0.017952999100089073
2005-07-01,0.018950000405311584
2005-07-04,0.018950000405311584
2005-07-05,0.018950000405311584
2005-07-06,0.018950000405311584
2005-07-07,0.018950000405311584
2005-07-08,0.017952999100089073
2005-07-11,0.018950000405311584
2005-07-12,0.019946999847888947
2005-07-13,0.022940000519156456
2005-07-14,0.021942000836133957
2005-07-15,0.021942000836133957
2005-07-18,0.021942000836133957
2005-07-19,0.021942000836133957
2005-07-20,0.022940000519156456
2005-07-21,0.02493399940431118
2005-07-22,0.022940000519156456
2005-07-25,0.022940000519156456
2005-07-26,0.020944999530911446
2005-07-27,0.021942000836133957
2005-07-28,0.022940000519156456
2005-07-29,0.02792700007557869
2005-08-01,0.02792700007557869
2005-08-02,0.02892399951815605
2005-08-03,0.02892399951815605
2005-08-04,0.02792700007557869
2005-08-05,0.02892399951815605
2005-08-08,0.029921000823378563
2005-08-09,0.031915999948978424
2005-08-10,0.031915999948978424
2005-08-11,0.031915999948978424
2005-08-12,0.03291400149464607
2005-08-15,0.029921000823378563
2005-08-16,0.029921000823378563
2005-08-17,0.029921000823378563
2005-08-18,0.02792700007557869
2005-08-19,0.02792700007557869
2005-08-22,0.02892399951815605
2005-08-23,0.02892399951815605
2005-08-24,0.02892399951815605
2005-08-25,0.02692900039255619
2005-08-26,0.02692900039255619
2005-08-29,0.02692900039255619
2005-08-30,0.02892399951815605
2005-08-31,0.029921000823378563
2005-09-01,0.030919000506401062
2005-09-02,0.029921000823378563
2005-09-05,0.02892399951815605
2005-09-06,0.030919000506401062
2005-09-07,0.02892399951815605
2005-09-08,0.03291400149464607
2005-09-09,0.034908000379800797
2005-09-12,0.034908000379800797
2005-09-13,0.034908000379800797
2005-09-14,0.033911000937223434
2005-09-15,0.03291400149464607
2005-09-16,0.03291400149464607
2005-09-19,0.03291400149464607
2005-09-20,0.03291400149464607
2005-09-21,0.03291400149464607
2005-09-22,0.035905998200178146
2005-09-23,0.033911000937223434
2005-09-26,0.034908000379800797
2005-09-27,0.03291400149464607
2005-09-28,0.033911000937223434
2005-09-29,0.03291400149464607
2005-09-30,0.03291400149464607
2005-10-03,0.031915999948978424
2005-10-04,0.031915999948978424
2005-10-05,0.031915999948978424
2005-10-06,0.030919000506401062
2005-10-07,0.029921000823378563
2005-10-10,0.029921000823378563
2005-10-11,0.030919000506401062
2005-10-12,0.02892399951815605
2005-10-13,0.02792700007557869
2005-10-14,0.02792700007557869
2005-10-17,0.029921000823378563
2005-10-18,0.029921000823378563
2005-10-19,0.02892399951815605
2005-10-20,0.02692900039255619
2005-10-21,0.029921000823378563
2005-10-24,0.02892399951815605
2005-10-25,0.02892399951815605
2005-10-26,0.02892399951815605
2005-10-27,0.02892399951815605
2005-10-28,0.02892399951815605
2005-10-31,0.029921000823378563
2005-11-01,0.029921000823378563
2005-11-02,0.029921000823378563
2005-11-03,0.029921000823378563
2005-11-04,0.02792700007557869
2005-11-07,0.031915999948978424
2005-11-08,0.029921000823378563
2005-11-09,0.02792700007557869
2005-11-10,0.034908000379800797
2005-11-11,0.033911000937223434
2005-11-14,0.031915999948978424
2005-11-15,0.03790099918842316
2005-11-16,0.03989500179886818
2005-11-17,0.03690300136804581
2005-11-18,0.03790099918842316
2005-11-21,0.03790099918842316
2005-11-22,0.03690300136804581
2005-11-23,0.03690300136804581
2005-11-24,0.03889799863100052
2005-11-25,0.03690300136804581
2005-11-28,0.03889799863100052
2005-11-29,0.03989500179886818
2005-11-30,0.03989500179886818
2005-12-01,0.03790099918842316
2005-12-02,0.046877000480890274
2005-12-05,0.046877000480890274
2005-12-06,0.04588000103831291
2005-12-07,0.044881999492645264
2005-12-08,0.04188999906182289
2005-12-09,0.03989500179886818
2005-12-12,0.03989500179886818
2005-12-13,0.04188999906182289
2005-12-14,0.03989500179886818
2005-12-15,0.04089299961924553
2005-12-16,0.04089299961924553
2005-12-19,0.04089299961924553
2005-12-20,0.04089299961924553
2005-12-21,0.04288800060749054
2005-12-22,0.044881999492645264
2005-12-23,0.04588000103831291
2005-12-28,0.050866998732089996
2005-12-29,0.05186399817466736
2005-12-30,0.049869000911712646
2006-01-03,0.05485599860548973
2006-01-04,0.061838001012802124
2006-01-05,0.05585400015115738
2006-01-06,0.05884600058197975
2006-01-09,0.059843000024557114
2006-01-10,0.05585400015115738
2006-01-11,0.05685099959373474
2006-01-12,0.06084100157022476
2006-01-13,0.05884600058197975
2006-01-16,0.059843000024557114
2006-01-17,0.05884600058197975
2006-01-18,0.05485599860548973
2006-01-19,0.05685099959373474
2006-01-20,0.05784900113940239
2006-01-23,0.05485599860548973
2006-01-24,0.05385899916291237
2006-01-25,0.05585400015115738
2006-01-27,0.05884600058197975
2006-01-30,0.05784900113940239
2006-01-31,0.05784900113940239
2006-02-01,0.05485599860548973
2006-02-02,0.05585400015115738
2006-02-03,0.05585400015115738
2006-02-06,0.05485599860548973
2006-02-07,0.05286199972033501
2006-02-08,0.049869000911712646
2006-02-09,0.05186399817466736
2006-02-10,0.050866998732089996
2006-02-13,0.048872001469135284
2006-02-14,0.049869000911712646
2006-02-15,0.05385899916291237
2006-02-16,0.05385899916291237
2006-02-17,0.05286199972033501
2006-02-20,0.05485599860548973
2006-02-21,0.05485599860548973
2006-02-22,0.05585400015115738
2006-02-23,0.05286199972033501
2006-02-24,0.049869000911712646
2006-02-27,0.049869000911712646
2006-02-28,0.049869000911712646
2006-03-01,0.047874998301267624
2006-03-02,0.049869000911712646
2006-03-03,0.048872001469135284
2006-03-06,0.048872001469135284
2006-03-07,0.047874998301267624
2006-03-08,0.048872001469135284
2006-03-09,0.050866998732089996
2006-03-10,0.05186399817466736
2006-03-13,0.049869000911712646
2006-03-14,0.05286199972033501
2006-03-15,0.05186399817466736
2006-03-16,0.050866998732089996
2006-03-17,0.049869000911712646
2006-03-20,0.048872001469135284
2006-03-21,0.048872001469135284
2006-03-22,0.05186399817466736
2006-03-23,0.05186399817466736
2006-03-24,0.05385899916291237
2006-03-27,0.050866998732089996
2006-03-28,0.05186399817466736
2006-03-29,0.050866998732089996
2006-03-30,0.05385899916291237
2006-03-31,0.05585400015115738
2006-04-03,0.059843000024557114
2006-04-04,0.06283599883317947
2006-04-05,0.061838001012802124
2006-04-06,0.05784900113940239
2006-04-07,0.05784900113940239
2006-04-10,0.06084100157022476
2006-04-11,0.059843000024557114
2006-04-12,0.05685099959373474
2006-04-13,0.05685099959373474
2006-04-18,0.05884600058197975
2006-04-19,0.05784900113940239
2006-04-20,0.05585400015115738
2006-04-21,0.05585400015115738
2006-04-24,0.05884600058197975
2006-04-26,0.05784900113940239
2006-04-27,0.05784900113940239
2006-04-28,0.05784900113940239
2006-05-01,0.05884600058197975
2006-05-02,0.05784900113940239
2006-05-03,0.05685099959373474
2006-05-04,0.05685099959373474
2006-05-05,0.05585400015115738
2006-05-08,0.05585400015115738
2006-05-09,0.05585400015115738
2006-05-10,0.05385899916291237
2006-05-11,0.05186399817466736
2006-05-12,0.05186399817466736
2006-05-15,0.050866998732089996
2006-05-16,0.050866998732089996
2006-05-17,0.050866998732089996
2006-05-18,0.048872001469135284
2006-05-19,0.050866998732089996
2006-05-22,0.047874998301267624
2006-05-23,0.047874998301267624
2006-05-24,0.048872001469135284
2006-05-25,0.048872001469135284
2006-05-26,0.049869000911712646
2006-05-29,0.049869000911712646
2006-05-30,0.048872001469135284
2006-05-31,0.048872001469135284
2006-06-01,0.05485599860548973
2006-06-02,0.05585400015115738
2006-06-05,0.05685099959373474
2006-06-06,0.05485599860548973
2006-06-07,0.05485599860548973
2006-06-08,0.05385899916291237
2006-06-09,0.05485599860548973
2006-06-13,0.05286199972033501
2006-06-14,0.047874998301267624
2006-06-15,0.049869000911712646
2006-06-16,0.050866998732089996
2006-06-19,0.05385899916291237
2006-06-20,0.050866998732089996
2006-06-21,0.048872001469135284
2006-06-22,0.05186399817466736
2006-06-23,0.05186399817466736
2006-06-26,0.048872001469135284
2006-06-27,0.047874998301267624
2006-06-28,0.049869000911712646
2006-06-29,0.048872001469135284
2006-06-30,0.05186399817466736
2006-07-03,0.049869000911712646
2006-07-04,0.050866998732089996
2006-07-05,0.05286199972033501
2006-07-06,0.05186399817466736
2006-07-07,0.05286199972033501
2006-07-10,0.05385899916291237
2006-07-11,0.05685099959373474
2006-07-12,0.05585400015115738
2006-07-13,0.05685099959373474
2006-07-14,0.05385899916291237
2006-07-17,0.05485599860548973
2006-07-18,0.05485599860548973
2006-07-19,0.05485599860548973
2006-07-20,0.05385899916291237
2006-07-21,0.05385899916291237
2006-07-24,0.05585400015115738
2006-07-25,0.05385899916291237
2006-07-26,0.05485599860548973
2006-07-27,0.05485599860548973
2006-07-28,0.05585400015115738
2006-07-31,0.05485599860548973
2006-08-01,0.05485599860548973
2006-08-02,0.05385899916291237
2006-08-03,0.05286199972033501
2006-08-04,0.05286199972033501
2006-08-07,0.05485599860548973
2006-08-08,0.05385899916291237
2006-08-09,0.05385899916291237
2006-08-10,0.05385899916291237
2006-08-11,0.05286199972033501
2006-08-14,0.05186399817466736
2006-08-15,0.05186399817466736
2006-08-16,0.050866998732089996
2006-08-17,0.05186399817466736
2006-08-18,0.049869000911712646
2006-08-21,0.050866998732089996
2006-08-22,0.05286199972033501
2006-08-23,0.05286199972033501
2006-08-24,0.050866998732089996
2006-08-25,0.05286199972033501
2006-08-28,0.05286199972033501
2006-08-29,0.05286199972033501
2006-08-30,0.05485599860548973
2006-08-31,0.05485599860548973
2006-09-01,0.05585400015115738
2006-09-04,0.05685099959373474
2006-09-05,0.05585400015115738
2006-09-06,0.05685099959373474
2006-09-07,0.06283599883317947
2006-09-08,0.06283599883317947
2006-09-11,0.06084100157022476
2006-09-12,0.05784900113940239
2006-09-13,0.059843000024557114
2006-09-14,0.059843000024557114
2006-09-15,0.059843000024557114
2006-09-18,0.059843000024557114
2006-09-19,0.05884600058197975
2006-09-20,0.05784900113940239
2006-09-21,0.05685099959373474
2006-09-22,0.05685099959373474
2006-09-25,0.05685099959373474
2006-09-26,0.061838001012802124
2006-09-27,0.06084100157022476
2006-09-28,0.07281000167131424
2006-09-29,0.07181199640035629
2006-10-02,0.08378099650144577
2006-10-03,0.08278399705886841
2006-10-04,0.07879400253295898
2006-10-05,0.08777099847793579
2006-10-06,0.07879400253295898
2006-10-09,0.08378099650144577
2006-10-10,0.08777099847793579
2006-10-11,0.09375499933958054
2006-10-12,0.09275799989700317
2006-10-13,0.09375499933958054
2006-10-16,0.09874200075864792
2006-10-17,0.10472600162029266
2006-10-18,0.09774500131607056
2006-10-19,0.09774500131607056
2006-10-20,0.09973900020122528
2006-10-23,0.09774500131607056
2006-10-24,0.09176000207662582
2006-10-25,0.08976499736309052
2006-10-26,0.09375499933958054
2006-10-27,0.08976499736309052
2006-10-30,0.09176000207662582
2006-10-31,0.09176000207662582
2006-11-01,0.09275799989700317
2006-11-02,0.09275799989700317
2006-11-03,0.08976499736309052
2006-11-06,0.09176000207662582
2006-11-07,0.09176000207662582
2006-11-08,0.08876799792051315
2006-11-09,0.08677300065755844
2006-11-10,0.09076300263404846
2006-11-13,0.09176000207662582
2006-11-14,0.09574999660253525
2006-11-15,0.0967470034956932
2006-11-16,0.09874200075864792
2006-11-17,0.09774500131607056
2006-11-20,0.09874200075864792
2006-11-21,0.09774500131607056
2006-11-22,0.09874200075864792
2006-11-23,0.08378099650144577
2006-11-24,0.08178599923849106
2006-11-27,0.07580199837684631
2006-11-28,0.07779700309038162
2006-11-29,0.08378099650144577
2006-11-30,0.08278399705886841
2006-12-01,0.08178599923849106
2006-12-04,0.08178599923849106
2006-12-05,0.08278399705886841
2006-12-06,0.07979100197553635
2006-12-07,0.07779700309038162
2006-12-08,0.07679899781942368
2006-12-11,0.07779700309038162
2006-12-12,0.08178599923849106
2006-12-13,0.07879400253295898
2006-12-14,0.08378099650144577
2006-12-15,0.08677300065755844
2006-12-18,0.08876799792051315
2006-12-19,0.08777099847793579
2006-12-20,0.08677300065755844
2006-12-21,0.08677300065755844
2006-12-22,0.08477800339460373
2006-12-27,0.08477800339460373
2006-12-28,0.08677300065755844
2006-12-29,0.08477800339460373
2007-01-02,0.08777099847793579
2007-01-03,0.09176000207662582
2007-01-04,0.09076300263404846
2007-01-05,0.09076300263404846
2007-01-08,0.08577600121498108
2007-01-09,0.08677300065755844
2007-01-10,0.08477800339460373
2007-01-11,0.0807889997959137
2007-01-12,0.0807889997959137
2007-01-15,0.0807889997959137
2007-01-16,0.08477800339460373
2007-01-17,0.08577600121498108
2007-01-18,0.08577600121498108
2007-01-19,0.08876799792051315
2007-01-22,0.10971300303936005
2007-01-23,0.09973900020122528
2007-01-24,0.0967470034956932
2007-01-25,0.09574999660253525
2007-01-29,0.09375499933958054
2007-01-30,0.09375499933958054
2007-01-31,0.09275799989700317
2007-02-01,0.09176000207662582
2007-02-02,0.0967470034956932
2007-02-05,0.09176000207662582
2007-02-06,0.09076300263404846
2007-02-07,0.08976499736309052
2007-02-08,0.08777099847793579
2007-02-09,0.08876799792051315
2007-02-12,0.08777099847793579
2007-02-13,0.08876799792051315
2007-02-14,0.08677300065755844
2007-02-15,0.08477800339460373
2007-02-16,0.08577600121498108
2007-02-19,0.08777099847793579
2007-02-20,0.08777099847793579
2007-02-21,0.08777099847793579
2007-02-22,0.08677300065755844
2007-02-23,0.08976499736309052
2007-02-26,0.0967470034956932
2007-02-27,0.0947519987821579
2007-02-28,0.08677300065755844
2007-03-01,0.08777099847793579
2007-03-02,0.08777099847793579
2007-03-05,0.07979100197553635
2007-03-06,0.08178599923849106
2007-03-07,0.08178599923849106
2007-03-08,0.08378099650144577
2007-03-09,0.08378099650144577
2007-03-12,0.08477800339460373
2007-03-13,0.09076300263404846
2007-03-14,0.09076300263404846
2007-03-15,0.08976499736309052
2007-03-16,0.09076300263404846
2007-03-19,0.08677300065755844
2007-03-20,0.08577600121498108
2007-03-21,0.08777099847793579
2007-03-22,0.0947519987821579
2007-03-23,0.10472600162029266
2007-03-26,0.11968699842691422
2007-03-27,0.11469999700784683
2007-03-28,0.11469999700784683
2007-03-29,0.11469999700784683
2007-03-30,0.11469999700784683
2007-04-02,0.12966099381446838
2007-04-03,0.11968699842691422
2007-04-04,0.11968699842691422
2007-04-05,0.13464799523353577
2007-04-10,0.14462199807167053
2007-04-11,0.13464799523353577
2007-04-12,0.14462199807167053
2007-04-13,0.14960899949073792
2007-04-16,0.15958300232887268
2007-04-17,0.14960899949073792
2007-04-18,0.14960899949073792
2007-04-19,0.13963499665260315
2007-04-20,0.14462199807167053
2007-04-23,0.14960899949073792
2007-04-24,0.13963499665260315
2007-04-26,0.13464799523353577
2007-04-27,0.13963499665260315
2007-04-30,0.13464799523353577
2007-05-01,0.1246739998459816
2007-05-02,0.1246739998459816
2007-05-03,0.11968699842691422
2007-05-04,0.12966099381446838
2007-05-07,0.13464799523353577
2007-05-08,0.13963499665260315
2007-05-09,0.1246739998459816
2007-05-10,0.11469999700784683
2007-05-11,0.10971300303936005
2007-05-14,0.1246739998459816
2007-05-15,0.1545960009098053
2007-05-16,0.14960899949073792
2007-05-17,0.14960899949073792
2007-05-18,0.14462199807167053
2007-05-21,0.14462199807167053
2007-05-22,0.14462199807167053
2007-05-23,0.12966099381446838
2007-05-24,0.13464799523353577
2007-05-25,0.13963499665260315
2007-05-28,0.13464799523353577
2007-05-29,0.13963499665260315
2007-05-30,0.13464799523353577
2007-05-31,0.13963499665260315
2007-06-01,0.13963499665260315
2007-06-04,0.14462199807167053
2007-06-05,0.1545960009098053
2007-06-06,0.15958300232887268
2007-06-07,0.15958300232887268
2007-06-08,0.19449199736118317
2007-06-12,0.21942700445652008
2007-06-13,0.20446600019931793
2007-06-14,0.20446600019931793
2007-06-15,0.20446600019931793
2007-06-18,0.18950499594211578
2007-06-19,0.23438799381256104
2007-06-20,0.22441400587558746
2007-06-21,0.21942700445652008
2007-06-22,0.22441400587558746
2007-06-25,0.25433599948883057
2007-06-26,0.23438799381256104
2007-06-27,0.23438799381256104
2007-06-28,0.2443619966506958
2007-06-29,0.23937499523162842
2007-07-02,0.22940100729465485
2007-07-03,0.2144400030374527
2007-07-04,0.20446600019931793
2007-07-05,0.2144400030374527
2007-07-06,0.21942700445652008
2007-07-09,0.2144400030374527
2007-07-10,0.19449199736118317
2007-07-11,0.19449199736118317
2007-07-12,0.19947899878025055
2007-07-13,0.19449199736118317
2007-07-16,0.19947899878025055
2007-07-17,0.19947899878025055
2007-07-18,0.18950499594211578
2007-07-19,0.17953099310398102
2007-07-20,0.16955700516700745
2007-07-23,0.18950499594211578
2007-07-24,0.17454400658607483
2007-07-25,0.18950499594211578
2007-07-26,0.18950499594211578
2007-07-27,0.17454400658607483
2007-07-30,0.17454400658607483
2007-07-31,0.16457000374794006
2007-08-01,0.1545960009098053
2007-08-02,0.1545960009098053
2007-08-03,0.1545960009098053
2007-08-06,0.13963499665260315
2007-08-07,0.13963499665260315
2007-08-08,0.13963499665260315
2007-08-09,0.14462199807167053
2007-08-10,0.14462199807167053
2007-08-13,0.1545960009098053
2007-08-14,0.14960899949073792
2007-08-15,0.13963499665260315
2007-08-16,0.13464799523353577
2007-08-17,0.13464799523353577
2007-08-20,0.14462199807167053
2007-08-21,0.14462199807167053
2007-08-22,0.14462199807167053
2007-08-23,0.14960899949073792
2007-08-24,0.1545960009098053
2007-08-27,0.16955700516700745
2007-08-28,0.17454400658607483
2007-08-29,0.15958300232887268
2007-08-30,0.16457000374794006
2007-08-31,0.16955700516700745
2007-09-03,0.15958300232887268
2007-09-04,0.15958300232887268
2007-09-05,0.17454400658607483
2007-09-06,0.16955700516700745
2007-09-07,0.17953099310398102
2007-09-10,0.16955700516700745
2007-09-11,0.19947899878025055
2007-09-12,0.19449199736118317
2007-09-13,0.20446600019931793
2007-09-14,0.2144400030374527
2007-09-17,0.22940100729465485
2007-09-18,0.2144400030374527
2007-09-19,0.2144400030374527
2007-09-20,0.22441400587558746
2007-09-21,0.28924500942230225
2007-09-24,0.28924500942230225
2007-09-25,0.3141799867153168
2007-09-26,0.299219012260437
2007-09-27,0.3141799867153168
2007-09-28,0.3141799867153168
2007-10-01,0.3291409909725189
2007-10-02,0.3291409909725189
2007-10-03,0.31916698813438416
2007-10-04,0.3291409909725189
2007-10-05,0.3341279923915863
2007-10-08,0.37901100516319275
2007-10-09,0.31916698813438416
2007-10-10,0.28924500942230225
2007-10-11,0.3091929852962494
2007-10-12,0.31916698813438416
2007-10-15,0.32415398955345154
2007-10-16,0.3291409909725189
2007-10-17,0.34410199522972107
2007-10-18,0.35407599806785583
2007-10-19,0.40893301367759705
2007-10-22,0.40394601225852966
2007-10-23,0.4488289952278137
2007-10-24,0.44384199380874634
2007-10-25,0.5136600136756897
2007-10-26,0.4887250065803528
2007-10-29,0.49371200799942017
2007-10-30,0.46877700090408325
2007-10-31,0.4887250065803528
2007-11-01,0.49869900941848755
2007-11-02,0.49869900941848755
2007-11-05,0.5385950207710266
2007-11-06,0.5485690236091614
2007-11-07,0.5784909725189209
2007-11-08,0.5635300278663635
2007-11-09,0.5834779739379883
2007-11-12,0.6383349895477295
2007-11-13,0.5834779739379883
2007-11-14,0.6034259796142578
2007-11-15,0.5884649753570557
2007-11-16,0.5585430264472961
2007-11-19,0.5834779739379883
2007-11-20,0.5286210179328918
2007-11-21,0.49371200799942017
2007-11-22,0.4588029980659485
2007-11-23,0.4887250065803528
2007-11-26,0.5186470150947571
2007-11-27,0.5136600136756897
2007-11-28,0.478751003742218
2007-11-29,0.4837380051612854
2007-11-30,0.4837380051612854
2007-12-03,0.5336080193519592
2007-12-04,0.5186470150947571
2007-12-05,0.5485690236091614
2007-12-06,0.5784909725189209
2007-12-07,0.6084129810333252
2007-12-10,0.5984389781951904
2007-12-11,0.593451976776123
2007-12-12,0.5685170292854309
2007-12-13,0.6532959938049316
2007-12-14,0.6433219909667969
2007-12-17,0.6383349895477295
2007-12-18,0.6483089923858643
2007-12-19,0.6632699966430664
2007-12-20,0.6283609867095947
2007-12-21,0.6233739852905273
2007-12-24,0.6383349895477295
2007-12-27,0.658282995223999
2007-12-28,0.6433219909667969
2007-12-31,0.6483089923858643
2008-01-02,0.6882050037384033
2008-01-03,0.7131400108337402
2008-01-04,0.7380750179290771
2008-01-07,0.7330880165100098
2008-01-08,0.723114013671875
2008-01-09,0.6882050037384033
2008-01-10,0.658282995223999
2008-01-11,0.6632699966430664
2008-01-14,0.6383349895477295
2008-01-15,0.6532959938049316
2008-01-16,0.5286210179328918
2008-01-17,0.5884649753570557
2008-01-18,0.5535560250282288
2008-01-21,0.478751003742218
2008-01-22,0.37402400374412537
2008-01-23,0.43885499238967896
2008-01-24,0.46378999948501587
2008-01-25,0.49869900941848755
2008-01-29,0.5186470150947571
2008-01-30,0.5585430264472961
2008-01-31,0.5535560250282288
2008-02-01,0.5485690236091614
2008-02-04,0.5485690236091614
2008-02-05,0.5585430264472961
2008-02-06,0.5485690236091614
2008-02-07,0.5485690236091614
2008-02-08,0.5485690236091614
2008-02-11,0.5535560250282288
2008-02-12,0.543582022190094
2008-02-13,0.5385950207710266
2008-02-14,0.5236340165138245
2008-02-15,0.5086730122566223
2008-02-18,0.5036860108375549
2008-02-19,0.5086730122566223
2008-02-20,0.5286210179328918
2008-02-21,0.49869900941848755
2008-02-22,0.4887250065803528
2008-02-25,0.478751003742218
2008-02-26,0.4588029980659485
2008-02-27,0.478751003742218
2008-02-28,0.46877700090408325
2008-02-29,0.4538159966468811
2008-03-03,0.4538159966468811
2008-03-04,0.478751003742218
2008-03-05,0.46378999948501587
2008-03-06,0.478751003742218
2008-03-07,0.4837380051612854
2008-03-10,0.47376400232315063
2008-03-11,0.4288809895515442
2008-03-12,0.43885499238967896
2008-03-13,0.4288809895515442
2008-03-14,0.44384199380874634
2008-03-17,0.44384199380874634
2008-03-18,0.43885499238967896
2008-03-19,0.4538159966468811
2008-03-20,0.44384199380874634
2008-03-25,0.4538159966468811
2008-03-26,0.478751003742218
2008-03-27,0.478751003742218
2008-03-28,0.5036860108375549
2008-03-31,0.49869900941848755
2008-04-01,0.46877700090408325
2008-04-02,0.4538159966468811
2008-04-03,0.4588029980659485
2008-04-04,0.46877700090408325
2008-04-07,0.49869900941848755
2008-04-08,0.5036860108375549
2008-04-09,0.5036860108375549
2008-04-10,0.5086730122566223
2008-04-11,0.5136600136756897
2008-04-14,0.5086730122566223
2008-04-15,0.5036860108375549
2008-04-16,0.543582022190094
2008-04-17,0.5585430264472961
2008-04-18,0.5485690236091614
2008-04-21,0.543582022190094
2008-04-22,0.5485690236091614
2008-04-23,0.543582022190094
2008-04-24,0.5485690236091614
2008-04-28,0.6133999824523926
2008-04-29,0.61838698387146
2008-04-30,0.61838698387146
2008-05-01,0.6532959938049316
2008-05-02,0.6483089923858643
2008-05-05,0.6882050037384033
2008-05-06,0.7081530094146729
2008-05-07,0.7081530094146729
2008-05-08,0.6981790065765381
2008-05-09,0.7081530094146729
2008-05-12,0.7530360221862793
2008-05-13,0.7480490207672119
2008-05-14,0.7580230236053467
2008-05-15,0.7779710292816162
2008-05-16,0.797918975353241
2008-05-19,0.7530360221862793
2008-05-20,0.7679970264434814
2008-05-21,0.7679970264434814
2008-05-22,0.7779710292816162
2008-05-23,0.7879449725151062
2008-05-26,0.7879449725151062
2008-05-27,0.7829579710960388
2008-05-28,0.7181270122528076
2008-05-29,0.7131400108337402
2008-05-30,0.7281010150909424
2008-06-02,0.7181270122528076
2008-06-03,0.6632699966430664
2008-06-04,0.6682569980621338
2008-06-05,0.6333479881286621
2008-06-06,0.6532959938049316
2008-06-10,0.6782310009002686
2008-06-11,0.6632699966430664
2008-06-12,0.6433219909667969
2008-06-13,0.6084129810333252
2008-06-16,0.5984389781951904
2008-06-17,0.6383349895477295
2008-06-18,0.6283609867095947
2008-06-19,0.6333479881286621
2008-06-20,0.6233739852905273
2008-06-23,0.6283609867095947
2008-06-24,0.6233739852905273
2008-06-25,0.6084129810333252
2008-06-26,0.6133999824523926
2008-06-27,0.543582022190094
2008-06-30,0.5286210179328918
2008-07-01,0.5485690236091614
2008-07-02,0.5735039710998535
2008-07-03,0.5585430264472961
2008-07-04,0.5535560250282288
2008-07-07,0.5286210179328918
2008-07-08,0.5236340165138245
2008-07-09,0.478751003742218
2008-07-10,0.46378999948501587
2008-07-11,0.5236340165138245
2008-07-14,0.5036860108375549
2008-07-15,0.5036860108375549
2008-07-16,0.478751003742218
2008-07-17,0.4887250065803528
2008-07-18,0.4887250065803528
2008-07-21,0.49869900941848755
2008-07-22,0.4887250065803528
2008-07-23,0.49371200799942017
2008-07-24,0.46877700090408325
2008-07-25,0.4887250065803528
2008-07-28,0.4588029980659485
2008-07-29,0.4488289952278137
2008-07-30,0.43885499238967896
2008-07-31,0.43885499238967896
2008-08-01,0.40893301367759705
2008-08-04,0.4238939881324768
2008-08-05,0.38399800658226013
2008-08-06,0.369037002325058
2008-08-07,0.3889850080013275
2008-08-08,0.3989590108394623
2008-08-11,0.37402400374412537
2008-08-12,0.3590629994869232
2008-08-13,0.34410199522972107
2008-08-14,0.369037002325058
2008-08-15,0.369037002325058
2008-08-18,0.3939720094203949
2008-08-19,0.37901100516319275
2008-08-20,0.40893301367759705
2008-08-21,0.3989590108394623
2008-08-22,0.4189069867134094
2008-08-25,0.43885499238967896
2008-08-26,0.4488289952278137
2008-08-27,0.4538159966468811
2008-08-28,0.44384199380874634
2008-08-29,0.43885499238967896
2008-09-01,0.4338679909706116
2008-09-02,0.4538159966468811
2008-09-03,0.41391998529434204
2008-09-04,0.3989590108394623
2008-09-05,0.37402400374412537
2008-09-08,0.3889850080013275
2008-09-09,0.37402400374412537
2008-09-10,0.3590629994869232
2008-09-11,0.3341279923915863
2008-09-12,0.3341279923915863
2008-09-15,0.3141799867153168
2008-09-16,0.299219012260437
2008-09-17,0.2692970037460327
2008-09-18,0.29423201084136963
2008-09-19,0.31916698813438416
2008-09-22,0.35407599806785583
2008-09-23,0.3889850080013275
2008-09-24,0.37402400374412537
2008-09-25,0.35407599806785583
2008-09-26,0.35407599806785583
2008-09-29,0.34908899664878845
2008-09-30,0.3141799867153168
2008-10-01,0.3341279923915863
2008-10-02,0.3291409909725189
2008-10-03,0.31916698813438416
2008-10-06,0.28425800800323486
2008-10-07,0.299219012260437
2008-10-08,0.2742840051651001
2008-10-09,0.2792710065841675
2008-10-10,0.26431000232696533
2008-10-13,0.26431000232696533
2008-10-14,0.28425800800323486
2008-10-15,0.2692970037460327
2008-10-16,0.26431000232696533
2008-10-17,0.2792710065841675
2008-10-20,0.2742840051651001
2008-10-21,0.3042060136795044
2008-10-22,0.28924500942230225
2008-10-23,0.2792710065841675
2008-10-24,0.2792710065841675
2008-10-27,0.25932300090789795
2008-10-28,0.25932300090789795
2008-10-29,0.26431000232696533
2008-10-30,0.2742840051651001
2008-10-31,0.2792710065841675
2008-11-03,0.3291409909725189
2008-11-04,0.3042060136795044
2008-11-05,0.3291409909725189
2008-11-06,0.299219012260437
2008-11-07,0.3042060136795044
2008-11-10,0.3042060136795044
2008-11-11,0.28425800800323486
2008-11-12,0.29423201084136963
2008-11-13,0.2742840051651001
2008-11-14,0.2792710065841675
2008-11-17,0.2792710065841675
2008-11-18,0.2742840051651001
2008-11-19,0.2792710065841675
2008-11-20,0.25433599948883057
2008-11-21,0.23438799381256104
2008-11-24,0.2443619966506958
2008-11-25,0.25433599948883057
2008-11-26,0.25433599948883057
2008-11-27,0.26431000232696533
2008-11-28,0.2792710065841675
2008-12-01,0.2792710065841675
2008-12-02,0.25932300090789795
2008-12-03,0.25433599948883057
2008-12-04,0.25433599948883057
2008-12-05,0.24934899806976318
2008-12-08,0.24934899806976318
2008-12-09,0.26431000232696533
2008-12-10,0.25433599948883057
2008-12-11,0.25932300090789795
2008-12-12,0.25433599948883057
2008-12-15,0.25932300090789795
2008-12-16,0.2692970037460327
2008-12-17,0.28924500942230225
2008-12-18,0.2792710065841675
2008-12-19,0.2792710065841675
2008-12-22,0.26431000232696533
2008-12-23,0.25932300090789795
2008-12-24,0.26431000232696533
2008-12-29,0.2742840051651001
2008-12-30,0.32415398955345154
2008-12-31,0.32415398955345154
2009-01-02,0.3291409909725189
2009-01-05,0.3291409909725189
2009-01-06,0.3341279923915863
2009-01-07,0.31916698813438416
2009-01-08,0.3042060136795044
2009-01-09,0.3091929852962494
2009-01-12,0.31916698813438416
2009-01-13,0.3091929852962494
2009-01-14,0.3091929852962494
2009-01-15,0.29423201084136963
2009-01-16,0.29423201084136963
2009-01-19,0.28425800800323486
2009-01-20,0.2792710065841675
2009-01-21,0.28924500942230225
2009-01-22,0.299219012260437
2009-01-23,0.28924500942230225
2009-01-27,0.29423201084136963
2009-01-28,0.299219012260437
2009-01-29,0.29423201084136963
2009-01-30,0.3042060136795044
2009-02-02,0.3042060136795044
2009-02-03,0.299219012260437
2009-02-04,0.29423201084136963
2009-02-05,0.29423201084136963
2009-02-06,0.29423201084136963
2009-02-09,0.299219012260437
2009-02-10,0.29423201084136963
2009-02-11,0.28924500942230225
2009-02-12,0.29423201084136963
2009-02-13,0.28425800800323486
2009-02-16,0.28924500942230225
2009-02-17,0.28924500942230225
2009-02-18,0.28425800800323486
2009-02-19,0.2742840051651001
2009-02-20,0.2692970037460327
2009-02-23,0.26431000232696533
2009-02-24,0.25932300090789795
2009-02-25,0.2742840051651001
2009-02-26,0.2692970037460327
2009-02-27,0.2792710065841675
2009-03-02,0.2742840051651001
2009-03-03,0.2692970037460327
2009-03-04,0.26431000232696533
2009-03-05,0.2742840051651001
2009-03-06,0.2692970037460327
2009-03-09,0.28425800800323486
2009-03-10,0.28425800800323486
2009-03-11,0.28924500942230225
2009-03-12,0.28924500942230225
2009-03-13,0.3042060136795044
2009-03-16,0.29423201084136963
2009-03-17,0.31916698813438416
2009-03-18,0.31916698813438416
2009-03-19,0.3291409909725189
2009-03-20,0.34908899664878845
2009-03-23,0.35407599806785583
2009-03-24,0.34410199522972107
2009-03-25,0.3391149938106537
2009-03-26,0.3590629994869232
2009-03-27,0.369037002325058
2009-03-30,0.3590629994869232
2009-03-31,0.3590629994869232
2009-04-01,0.3391149938106537
2009-04-02,0.3640500009059906
2009-04-03,0.37402400374412537
2009-04-06,0.37402400374412537
2009-04-07,0.369037002325058
2009-04-08,0.35407599806785583
2009-04-09,0.35407599806785583
2009-04-14,0.3590629994869232
2009-04-15,0.369037002325058
2009-04-16,0.3889850080013275
2009-04-17,0.38399800658226013
2009-04-20,0.3939720094203949
2009-04-21,0.369037002325058
2009-04-22,0.35407599806785583
2009-04-23,0.37901100516319275
2009-04-24,0.41391998529434204
2009-04-27,0.4238939881324768
2009-04-28,0.4189069867134094
2009-04-29,0.4288809895515442
2009-04-30,0.43885499238967896
2009-05-01,0.43885499238967896
2009-05-04,0.478751003742218
2009-05-05,0.4887250065803528
2009-05-06,0.4887250065803528
2009-05-07,0.5186470150947571
2009-05-08,0.5485690236091614
2009-05-11,0.5535560250282288
2009-05-12,0.658282995223999
2009-05-13,0.6333479881286621
2009-05-14,0.5984389781951904
2009-05-15,0.5884649753570557
2009-05-18,0.5784909725189209
2009-05-19,0.5984389781951904
2009-05-20,0.593451976776123
2009-05-21,0.61838698387146
2009-05-22,0.6084129810333252
2009-05-25,0.61838698387146
2009-05-26,0.6233739852905273
2009-05-27,0.6383349895477295
2009-05-28,0.6782310009002686
2009-05-29,0.7480490207672119
2009-06-01,0.7779710292816162
2009-06-02,0.7829579710960388
2009-06-03,0.7929319739341736
2009-06-04,0.8078929781913757
2009-06-05,0.8278409838676453
2009-06-09,0.8278409838676453
2009-06-10,0.8328279852867126
2009-06-11,0.83781498670578
2009-06-12,0.8527759909629822
2009-06-15,0.8677369952201843
2009-06-16,0.8278409838676453
2009-06-17,0.8029059767723083
2009-06-18,0.8278409838676453
2009-06-19,0.8178669810295105
2009-06-22,0.8477889895439148
2009-06-23,0.8328279852867126
2009-06-24,0.8677369952201843
2009-06-25,0.8577629923820496
2009-06-26,0.8527759909629822
2009-06-29,0.8477889895439148
2009-06-30,0.8128799796104431
2009-07-01,0.7530360221862793
2009-07-02,0.7131400108337402
2009-07-03,0.6931920051574707
2009-07-06,0.7281010150909424
2009-07-07,0.6882050037384033
2009-07-08,0.6532959938049316
2009-07-09,0.6632699966430664
2009-07-10,0.6832180023193359
2009-07-13,0.6882050037384033
2009-07-14,0.6981790065765381
2009-07-15,0.6732439994812012
2009-07-16,0.6931920051574707
2009-07-17,0.7031660079956055
2009-07-20,0.7081530094146729
2009-07-21,0.7081530094146729
2009-07-22,0.6981790065765381
2009-07-23,0.6931920051574707
2009-07-24,0.6782310009002686
2009-07-27,0.6882050037384033
2009-07-28,0.6682569980621338
2009-07-29,0.6532959938049316
2009-07-30,0.6483089923858643
2009-07-31,0.6732439994812012
2009-08-03,0.6782310009002686
2009-08-04,0.6483089923858643
2009-08-05,0.6233739852905273
2009-08-06,0.61838698387146
2009-08-07,0.6034259796142578
2009-08-10,0.6483089923858643
2009-08-11,0.6433219909667969
2009-08-12,0.6333479881286621
2009-08-13,0.6283609867095947
2009-08-14,0.61838698387146
2009-08-17,0.6084129810333252
2009-08-18,0.5984389781951904
2009-08-19,0.6084129810333252
2009-08-20,0.5984389781951904
2009-08-21,0.5784909725189209
2009-08-24,0.61838698387146
2009-08-25,0.6133999824523926
2009-08-26,0.593451976776123
2009-08-27,0.5735039710998535
2009-08-28,0.5984389781951904
2009-08-31,0.5236340165138245
2009-09-01,0.5036860108375549
2009-09-02,0.49869900941848755
2009-09-03,0.5086730122566223
2009-09-04,0.5186470150947571
2009-09-07,0.5186470150947571
2009-09-08,0.4887250065803528
2009-09-09,0.49371200799942017
2009-09-10,0.49371200799942017
2009-09-11,0.5136600136756897
2009-09-14,0.5036860108375549
2009-09-15,0.5036860108375549
2009-09-16,0.5784909725189209
2009-09-17,0.61838698387146
2009-09-18,0.5984389781951904
2009-09-21,0.5735039710998535
2009-09-22,0.5685170292854309
2009-09-23,0.5784909725189209
2009-09-24,0.5585430264472961
2009-09-25,0.5336080193519592
2009-09-28,0.5385950207710266
2009-09-29,0.5385950207710266
2009-09-30,0.5385950207710266
2009-10-01,0.5286210179328918
2009-10-02,0.5236340165138245
2009-10-05,0.5286210179328918
2009-10-06,0.5336080193519592
2009-10-07,0.5635300278663635
2009-10-08,0.543582022190094
2009-10-09,0.5485690236091614
2009-10-12,0.5635300278663635
2009-10-13,0.5884649753570557
2009-10-14,0.593451976776123
2009-10-15,0.5784909725189209
2009-10-16,0.5784909725189209
2009-10-19,0.5635300278663635
2009-10-20,0.5834779739379883
2009-10-21,0.5834779739379883
2009-10-22,0.5784909725189209
2009-10-23,0.5834779739379883
2009-10-26,0.5784909725189209
2009-10-27,0.5485690236091614
2009-10-28,0.5336080193519592
2009-10-29,0.5136600136756897
2009-10-30,0.5385950207710266
2009-11-02,0.5136600136756897
2009-11-03,0.5336080193519592
2009-11-04,0.5186470150947571
2009-11-05,0.5136600136756897
2009-11-06,0.5236340165138245
2009-11-09,0.5385950207710266
2009-11-10,0.5535560250282288
2009-11-11,0.5585430264472961
2009-11-12,0.5485690236091614
2009-11-13,0.5535560250282288
2009-11-16,0.5685170292854309
2009-11-17,0.5535560250282288
2009-11-18,0.5485690236091614
2009-11-19,0.5485690236091614
2009-11-20,0.5535560250282288
2009-11-23,0.5385950207710266
2009-11-24,0.5286210179328918
2009-11-25,0.5286210179328918
2009-11-26,0.5136600136756897
2009-11-27,0.49869900941848755
2009-11-30,0.5136600136756897
2009-12-01,0.5086730122566223
2009-12-02,0.5186470150947571
2009-12-03,0.5086730122566223
2009-12-04,0.5136600136756897
2009-12-07,0.5136600136756897
2009-12-08,0.5086730122566223
2009-12-09,0.49869900941848755
2009-12-10,0.4887250065803528
2009-12-11,0.4887250065803528
2009-12-14,0.49869900941848755
2009-12-15,0.4887250065803528
2009-12-16,0.4887250065803528
2009-12-17,0.5186470150947571
2009-12-18,0.5236340165138245
2009-12-21,0.5286210179328918
2009-12-22,0.5385950207710266
2009-12-23,0.5485690236091614
2009-12-24,0.5735039710998535
2009-12-29,0.5884649753570557
2009-12-30,0.5884649753570557
2009-12-31,0.6133999824523926
2010-01-04,0.5984389781951904
2010-01-05,0.5984389781951904
2010-01-06,0.6133999824523926
2010-01-07,0.5984389781951904
2010-01-08,0.5984389781951904
2010-01-11,0.5984389781951904
2010-01-12,0.6084129810333252
2010-01-13,0.5834779739379883
2010-01-14,0.5685170292854309
2010-01-15,0.5735039710998535
2010-01-18,0.5834779739379883
2010-01-19,0.5735039710998535
2010-01-20,0.5784909725189209
2010-01-21,0.5535560250282288
2010-01-22,0.5336080193519592
2010-01-25,0.543582022190094
2010-01-27,0.5286210179328918
2010-01-28,0.5286210179328918
2010-01-29,0.5236340165138245
2010-02-01,0.4887250065803528
2010-02-02,0.5136600136756897
2010-02-03,0.5236340165138245
2010-02-04,0.5286210179328918
2010-02-05,0.49869900941848755
2010-02-08,0.4837380051612854
2010-02-09,0.49869900941848755
2010-02-10,0.49869900941848755
2010-02-11,0.5136600136756897
2010-02-12,0.5286210179328918
2010-02-15,0.5086730122566223
2010-02-16,0.49869900941848755
2010-02-17,0.5186470150947571
2010-02-18,0.5086730122566223
2010-02-19,0.5186470150947571
2010-02-22,0.5186470150947571
2010-02-23,0.5036860108375549
2010-02-24,0.5186470150947571
2010-02-25,0.49869900941848755
2010-02-26,0.5086730122566223
2010-03-01,0.47376400232315063
2010-03-02,0.4488289952278137
2010-03-03,0.46378999948501587
2010-03-04,0.49869900941848755
2010-03-05,0.49869900941848755
2010-03-08,0.49371200799942017
2010-03-09,0.49869900941848755
2010-03-10,0.49371200799942017
2010-03-11,0.4887250065803528
2010-03-12,0.478751003742218
2010-03-15,0.47376400232315063
2010-03-16,0.47376400232315063
2010-03-17,0.46877700090408325
2010-03-18,0.478751003742218
2010-03-19,0.49869900941848755
2010-03-22,0.4887250065803528
2010-03-23,0.49371200799942017
2010-03-24,0.478751003742218
2010-03-25,0.46877700090408325
2010-03-26,0.4588029980659485
2010-03-29,0.4488289952278137
2010-03-30,0.4488289952278137
2010-03-31,0.4837380051612854
2010-04-01,0.478751003742218
2010-04-06,0.4837380051612854
2010-04-07,0.49371200799942017
2010-04-08,0.4837380051612854
2010-04-09,0.4887250065803528
2010-04-12,0.4887250065803528
2010-04-13,0.47376400232315063
2010-04-14,0.478751003742218
2010-04-15,0.478751003742218
2010-04-16,0.46877700090408325
2010-04-19,0.47376400232315063
2010-04-20,0.46378999948501587
2010-04-21,0.46378999948501587
2010-04-22,0.4588029980659485
2010-04-23,0.4588029980659485
2010-04-27,0.43885499238967896
2010-04-28,0.4189069867134094
2010-04-29,0.4238939881324768
2010-04-30,0.4338679909706116
2010-05-03,0.4238939881324768
2010-05-04,0.40893301367759705
2010-05-05,0.40394601225852966
2010-05-06,0.3889850080013275
2010-05-07,0.37402400374412537
2010-05-10,0.3889850080013275
2010-05-11,0.37901100516319275
2010-05-12,0.37402400374412537
2010-05-13,0.369037002325058
2010-05-14,0.369037002325058
2010-05-17,0.35407599806785583
2010-05-18,0.34410199522972107
2010-05-19,0.3341279923915863
2010-05-20,0.3141799867153168
2010-05-21,0.31916698813438416
2010-05-24,0.3391149938106537
2010-05-25,0.3291409909725189
2010-05-26,0.3291409909725189
2010-05-27,0.34410199522972107
2010-05-28,0.34908899664878845
2010-05-31,0.3391149938106537
2010-06-01,0.34410199522972107
2010-06-02,0.32415398955345154
2010-06-03,0.3341279923915863
2010-06-04,0.34908899664878845
2010-06-07,0.32415398955345154
2010-06-08,0.3341279923915863
2010-06-09,0.3291409909725189
2010-06-10,0.3291409909725189
2010-06-11,0.3341279923915863
2010-06-15,0.3341279923915863
2010-06-16,0.34410199522972107
2010-06-17,0.34908899664878845
2010-06-18,0.34908899664878845
2010-06-21,0.37402400374412537
2010-06-22,0.369037002325058
2010-06-23,0.3590629994869232
2010-06-24,0.3590629994869232
2010-06-25,0.35407599806785583
2010-06-28,0.34908899664878845
2010-06-29,0.3590629994869232
2010-06-30,0.34410199522972107
2010-07-01,0.3341279923915863
2010-07-02,0.3291409909725189
2010-07-05,0.3291409909725189
2010-07-06,0.3341279923915863
2010-07-07,0.3141799867153168
2010-07-08,0.3141799867153168
2010-07-09,0.32415398955345154
2010-07-12,0.32415398955345154
2010-07-13,0.3291409909725189
2010-07-14,0.34908899664878845
2010-07-15,0.35407599806785583
2010-07-16,0.34908899664878845
2010-07-19,0.31916698813438416
2010-07-20,0.3291409909725189
2010-07-21,0.3291409909725189
2010-07-22,0.3341279923915863
2010-07-23,0.34410199522972107
2010-07-26,0.369037002325058
2010-07-27,0.3640500009059906
2010-07-28,0.369037002325058
2010-07-29,0.40893301367759705
2010-07-30,0.37901100516319275
2010-08-02,0.3939720094203949
2010-08-03,0.3889850080013275
2010-08-04,0.3939720094203949
2010-08-05,0.3889850080013275
2010-08-06,0.3889850080013275
2010-08-09,0.3889850080013275
2010-08-10,0.38399800658226013
2010-08-11,0.369037002325058
2010-08-12,0.3590629994869232
2010-08-13,0.38399800658226013
2010-08-16,0.37402400374412537
2010-08-17,0.37402400374412537
2010-08-18,0.37402400374412537
2010-08-19,0.37402400374412537
2010-08-20,0.369037002325058
2010-08-23,0.369037002325058
2010-08-24,0.369037002325058
2010-08-25,0.3341279923915863
2010-08-26,0.3391149938106537
2010-08-27,0.32415398955345154
2010-08-30,0.3590629994869232
2010-08-31,0.3341279923915863
2010-09-01,0.34908899664878845
2010-09-02,0.3590629994869232
2010-09-03,0.3590629994869232
2010-09-06,0.3640500009059906
2010-09-07,0.369037002325058
2010-09-08,0.4189069867134094
2010-09-09,0.4189069867134094
2010-09-10,0.4189069867134094
2010-09-13,0.40893301367759705
2010-09-14,0.40893301367759705
2010-09-15,0.3989590108394623
2010-09-16,0.40394601225852966
2010-09-17,0.40394601225852966
2010-09-20,0.3989590108394623
2010-09-21,0.40394601225852966
2010-09-22,0.3989590108394623
2010-09-23,0.4288809895515442
2010-09-24,0.4189069867134094
2010-09-27,0.4338679909706116
2010-09-28,0.4238939881324768
2010-09-29,0.4338679909706116
2010-09-30,0.4338679909706116
2010-10-01,0.46877700090408325
2010-10-04,0.46877700090408325
2010-10-05,0.4588029980659485
2010-10-06,0.47376400232315063
2010-10-07,0.4588029980659485
2010-10-08,0.46378999948501587
2010-10-11,0.46877700090408325
2010-10-12,0.46378999948501587
2010-10-13,0.46378999948501587
2010-10-14,0.47376400232315063
2010-10-15,0.478751003742218
2010-10-18,0.49869900941848755
2010-10-19,0.5186470150947571
2010-10-20,0.5036860108375549
2010-10-21,0.4887250065803528
2010-10-22,0.4887250065803528
2010-10-25,0.5186470150947571
2010-10-26,0.5136600136756897
2010-10-27,0.49869900941848755
2010-10-28,0.49869900941848755
2010-10-29,0.4887250065803528
2010-11-01,0.4887250065803528
2010-11-02,0.4887250065803528
2010-11-03,0.49371200799942017
2010-11-04,0.49869900941848755
2010-11-05,0.5186470150947571
2010-11-08,0.5036860108375549
2010-11-09,0.49869900941848755
2010-11-10,0.49371200799942017
2010-11-11,0.49869900941848755
2010-11-12,0.478751003742218
2010-11-15,0.46378999948501587
2010-11-16,0.47376400232315063
2010-11-17,0.4588029980659485
2010-11-18,0.4538159966468811
2010-11-19,0.4538159966468811
2010-11-22,0.46877700090408325
2010-11-23,0.4588029980659485
2010-11-24,0.4538159966468811
2010-11-25,0.4588029980659485
2010-11-26,0.4488289952278137
2010-11-29,0.4538159966468811
2010-11-30,0.4488289952278137
2010-12-01,0.4338679909706116
2010-12-02,0.4488289952278137
2010-12-03,0.44384199380874634
2010-12-06,0.44384199380874634
2010-12-07,0.43885499238967896
2010-12-08,0.43885499238967896
2010-12-09,0.4338679909706116
2010-12-10,0.4238939881324768
2010-12-13,0.4189069867134094
2010-12-14,0.4338679909706116
2010-12-15,0.4338679909706116
2010-12-16,0.44384199380874634
2010-12-17,0.4588029980659485
2010-12-20,0.4488289952278137
2010-12-21,0.4588029980659485
2010-12-22,0.4588029980659485
2010-12-23,0.4538159966468811
2010-12-24,0.4538159966468811
2010-12-29,0.46378999948501587
2010-12-30,0.478751003742218
2010-12-31,0.47376400232315063
2011-01-04,0.4837380051612854
2011-01-05,0.4887250065803528
2011-01-06,0.478751003742218
2011-01-07,0.4338679909706116
2011-01-10,0.4338679909706116
2011-01-11,0.4288809895515442
2011-01-12,0.4488289952278137
2011-01-13,0.4588029980659485
2011-01-14,0.4588029980659485
2011-01-17,0.4538159966468811
2011-01-18,0.4488289952278137
2011-01-19,0.4588029980659485
2011-01-20,0.4488289952278137
2011-01-21,0.43885499238967896
2011-01-24,0.4338679909706116
2011-01-25,0.43885499238967896
2011-01-27,0.4288809895515442
2011-01-28,0.4189069867134094
2011-01-31,0.40893301367759705
2011-02-01,0.4288809895515442
2011-02-02,0.44384199380874634
2011-02-03,0.44384199380874634
2011-02-04,0.44384199380874634
2011-02-07,0.4538159966468811
2011-02-08,0.44384199380874634
2011-02-09,0.43885499238967896
2011-02-10,0.4288809895515442
2011-02-11,0.4238939881324768
2011-02-14,0.4288809895515442
2011-02-15,0.41391998529434204
2011-02-16,0.40394601225852966
2011-02-17,0.40893301367759705
2011-02-18,0.40394601225852966
2011-02-21,0.3889850080013275
2011-02-22,0.38399800658226013
2011-02-23,0.369037002325058
2011-02-24,0.3640500009059906
2011-02-25,0.34410199522972107
2011-02-28,0.3590629994869232
2011-03-01,0.3590629994869232
2011-03-02,0.34908899664878845
2011-03-03,0.34908899664878845
2011-03-04,0.3640500009059906
2011-03-07,0.37901100516319275
2011-03-08,0.38399800658226013
2011-03-09,0.3889850080013275
2011-03-10,0.37901100516319275
2011-03-11,0.369037002325058
2011-03-15,0.3141799867153168
2011-03-16,0.31916698813438416
2011-03-17,0.32415398955345154
2011-03-18,0.3391149938106537
2011-03-21,0.34410199522972107
2011-03-22,0.35407599806785583
2011-03-23,0.34908899664878845
2011-03-24,0.3391149938106537
2011-03-25,0.35407599806785583
2011-03-28,0.34410199522972107
2011-03-29,0.34410199522972107
2011-03-30,0.34410199522972107
2011-03-31,0.3391149938106537
2011-04-01,0.3341279923915863
2011-04-04,0.34908899664878845
2011-04-05,0.3391149938106537
2011-04-06,0.3341279923915863
2011-04-07,0.3341279923915863
2011-04-08,0.34410199522972107
2011-04-11,0.34410199522972107
2011-04-12,0.31916698813438416
2011-04-13,0.31916698813438416
2011-04-14,0.32415398955345154
2011-04-15,0.3091929852962494
2011-04-18,0.3091929852962494
2011-04-19,0.29423201084136963
2011-04-20,0.28425800800323486
2011-04-21,0.299219012260437
2011-04-27,0.2742840051651001
2011-04-28,0.2692970037460327
2011-04-29,0.24934899806976318
2011-05-02,0.23937499523162842
2011-05-03,0.23438799381256104
2011-05-04,0.20945300161838531
2011-05-05,0.22441400587558746
2011-05-06,0.22940100729465485
2011-05-09,0.24934899806976318
2011-05-10,0.25932300090789795
2011-05-11,0.26431000232696533
2011-05-12,0.25433599948883057
2011-05-13,0.2443619966506958
2011-05-16,0.23438799381256104
2011-05-17,0.23438799381256104
2011-05-18,0.23438799381256104
2011-05-19,0.2443619966506958
2011-05-20,0.23937499523162842
2011-05-23,0.23438799381256104
2011-05-24,0.22441400587558746
2011-05-25,0.2144400030374527
2011-05-26,0.22441400587558746
2011-05-27,0.22441400587558746
2011-05-30,0.21942700445652008
2011-05-31,0.21942700445652008
2011-06-01,0.2144400030374527
2011-06-02,0.20446600019931793
2011-06-03,0.18950499594211578
2011-06-06,0.18950499594211578
2011-06-07,0.19449199736118317
2011-06-08,0.1845179945230484
2011-06-09,0.18950499594211578
2011-06-10,0.18950499594211578
2011-06-14,0.18950499594211578
2011-06-15,0.17953099310398102
2011-06-16,0.16955700516700745
2011-06-17,0.16457000374794006
2011-06-20,0.15958300232887268
2011-06-21,0.1545960009098053
2011-06-22,0.15958300232887268
2011-06-23,0.16457000374794006
2011-06-24,0.16955700516700745
2011-06-27,0.15958300232887268
2011-06-28,0.16955700516700745
2011-06-29,0.17454400658607483
2011-06-30,0.17454400658607483
2011-07-01,0.1845179945230484
2011-07-04,0.18950499594211578
2011-07-05,0.19947899878025055
2011-07-06,0.19449199736118317
2011-07-07,0.19947899878025055
2011-07-08,0.20446600019931793
2011-07-11,0.2144400030374527
2011-07-12,0.20446600019931793
2011-07-13,0.2144400030374527
2011-07-14,0.21942700445652008
2011-07-15,0.22441400587558746
2011-07-18,0.23937499523162842
2011-07-19,0.22940100729465485
2011-07-20,0.23438799381256104
2011-07-21,0.21942700445652008
2011-07-22,0.2144400030374527
2011-07-25,0.2144400030374527
2011-07-26,0.2144400030374527
2011-07-27,0.20446600019931793
2011-07-28,0.19947899878025055
2011-07-29,0.19449199736118317
2011-08-02,0.19947899878025055
2011-08-03,0.19449199736118317
2011-08-04,0.18950499594211578
2011-08-05,0.16457000374794006
2011-08-08,0.1545960009098053
2011-08-09,0.14960899949073792
2011-08-10,0.15958300232887268
2011-08-11,0.15958300232887268
2011-08-12,0.16457000374794006
2011-08-15,0.15958300232887268
2011-08-16,0.1545960009098053
2011-08-17,0.16457000374794006
2011-08-18,0.15958300232887268
2011-08-19,0.14960899949073792
2011-08-22,0.13963499665260315
2011-08-23,0.14462199807167053
2011-08-24,0.14960899949073792
2011-08-25,0.14960899949073792
2011-08-26,0.14462199807167053
2011-08-29,0.1545960009098053
2011-08-30,0.14960899949073792
2011-08-31,0.1545960009098053
2011-09-01,0.14960899949073792
2011-09-02,0.14960899949073792
2011-09-05,0.14960899949073792
2011-09-06,0.14960899949073792
2011-09-07,0.1545960009098053
2011-09-08,0.15958300232887268
2011-09-09,0.16457000374794006
2011-09-12,0.1545960009098053
2011-09-13,0.1545960009098053
2011-09-14,0.14462199807167053
2011-09-15,0.14960899949073792
2011-09-16,0.1545960009098053
2011-09-19,0.1545960009098053
2011-09-20,0.14960899949073792
2011-09-21,0.14462199807167053
2011-09-22,0.13464799523353577
2011-09-23,0.12966099381446838
2011-09-26,0.1246739998459816
2011-09-27,0.13963499665260315
2011-09-28,0.13963499665260315
2011-09-29,0.13963499665260315
2011-09-30,0.14462199807167053
2011-10-04,0.12966099381446838
2011-10-05,0.13963499665260315
2011-10-06,0.13464799523353577
2011-10-07,0.13464799523353577
2011-10-10,0.13464799523353577
2011-10-11,0.13963499665260315
2011-10-12,0.14462199807167053
2011-10-13,0.13963499665260315
2011-10-14,0.13963499665260315
2011-10-17,0.13963499665260315
2011-10-18,0.13464799523353577
2011-10-19,0.12966099381446838
2011-10-20,0.12966099381446838
2011-10-21,0.12966099381446838
2011-10-24,0.12966099381446838
2011-10-25,0.13464799523353577
2011-10-26,0.12966099381446838
2011-10-27,0.13963499665260315
2011-10-28,0.13963499665260315
2011-10-31,0.13464799523353577
2011-11-02,0.13963499665260315
2011-11-03,0.13963499665260315
2011-11-04,0.13963499665260315
2011-11-07,0.13464799523353577
2011-11-08,0.13464799523353577
2011-11-09,0.1246739998459816
2011-11-10,0.12966099381446838
2011-11-11,0.1246739998459816
2011-11-14,0.12966099381446838
2011-11-15,0.1246739998459816
2011-11-16,0.1246739998459816
2011-11-17,0.1246739998459816
2011-11-18,0.11968699842691422
2011-11-21,0.11469999700784683
2011-11-22,0.11968699842691422
2011-11-23,0.11968699842691422
2011-11-24,0.11968699842691422
2011-11-25,0.11469999700784683
2011-11-28,0.10971300303936005
2011-11-29,0.10971300303936005
2011-11-30,0.10472600162029266
2011-12-01,0.10472600162029266
2011-12-02,0.10971300303936005
2011-12-05,0.10472600162029266
2011-12-06,0.09973900020122528
2011-12-07,0.09973900020122528
2011-12-08,0.10472600162029266
2011-12-09,0.10472600162029266
2011-12-12,0.10472600162029266
2011-12-13,0.09874200075864792
2011-12-14,0.09574999660253525
2011-12-15,0.0947519987821579
2011-12-16,0.0947519987821579
2011-12-19,0.09275799989700317
2011-12-20,0.08777099847793579
2011-12-21,0.08677300065755844
2011-12-22,0.08777099847793579
2011-12-23,0.09176000207662582
2011-12-28,0.09973900020122528
2011-12-29,0.09375499933958054
2011-12-30,0.0967470034956932
2012-01-03,0.09973900020122528
2012-01-04,0.10472600162029266
2012-01-05,0.09973900020122528
2012-01-06,0.09973900020122528
2012-01-09,0.10472600162029266
2012-01-10,0.10971300303936005
2012-01-11,0.11469999700784683
2012-01-12,0.11968699842691422
2012-01-13,0.12966099381446838
2012-01-16,0.12966099381446838
2012-01-17,0.12966099381446838
2012-01-18,0.12966099381446838
2012-01-19,0.11968699842691422
2012-01-20,0.1246739998459816
2012-01-23,0.12966099381446838
2012-01-24,0.12966099381446838
2012-01-25,0.1246739998459816
2012-01-27,0.12966099381446838
2012-01-30,0.11968699842691422
2012-01-31,0.11968699842691422
2012-02-01,0.11469999700784683
2012-02-02,0.11469999700784683
2012-02-03,0.11469999700784683
2012-02-06,0.11469999700784683
2012-02-07,0.10971300303936005
2012-02-08,0.11469999700784683
2012-02-09,0.10971300303936005
2012-02-10,0.10971300303936005
2012-02-13,0.10971300303936005
2012-02-14,0.10971300303936005
2012-02-15,0.10971300303936005
2012-02-16,0.10472600162029266
2012-02-17,0.10672099888324738
2012-02-20,0.10472600162029266
2012-02-21,0.10472600162029266
2012-02-22,0.10971300303936005
2012-02-23,0.11968699842691422
2012-02-24,0.13464799523353577
2012-02-27,0.15958300232887268
2012-02-28,0.1545960009098053
2012-02-29,0.14462199807167053
2012-03-01,0.13963499665260315
2012-03-02,0.14462199807167053
2012-03-05,0.14462199807167053
2012-03-06,0.14462199807167053
2012-03-07,0.13464799523353577
2012-03-08,0.13464799523353577
2012-03-09,0.12966099381446838
2012-03-12,0.12966099381446838
2012-03-13,0.12966099381446838
2012-03-14,0.1246739998459816
2012-03-15,0.11968699842691422
2012-03-16,0.11469999700784683
2012-03-19,0.12966099381446838
2012-03-20,0.13963499665260315
2012-03-21,0.13464799523353577
2012-03-22,0.13464799523353577
2012-03-23,0.13464799523353577
2012-03-26,0.13664300739765167
2012-03-27,0.13963499665260315
2012-03-28,0.13464799523353577
2012-03-29,0.13464799523353577
2012-03-30,0.12966099381446838
2012-04-02,0.13464799523353577
2012-04-03,0.1316560059785843
2012-04-04,0.12966099381446838
2012-04-05,0.1246739998459816
2012-04-10,0.12966099381446838
2012-04-11,0.1246739998459816
2012-04-12,0.12966099381446838
2012-04-13,0.1246739998459816
2012-04-16,0.1246739998459816
2012-04-17,0.11968699842691422
2012-04-18,0.11968699842691422
2012-04-19,0.1246739998459816
2012-04-20,0.11968699842691422
2012-04-23,0.11968699842691422
2012-04-24,0.11469999700784683
2012-04-26,0.11968699842691422
2012-04-27,0.11469999700784683
2012-04-30,0.11469999700784683
2012-05-01,0.11968699842691422
2012-05-02,0.11968699842691422
2012-05-03,0.11469999700784683
2012-05-04,0.11469999700784683
2012-05-07,0.09973900020122528
2012-05-08,0.09973900020122528
2012-05-09,0.09973900020122528
2012-05-10,0.09973900020122528
2012-05-11,0.10971300303936005
2012-05-14,0.10971300303936005
2012-05-15,0.11469999700784683
2012-05-16,0.10971300303936005
2012-05-17,0.10971300303936005
2012-05-18,0.10472600162029266
2012-05-21,0.10472600162029266
2012-05-22,0.10472600162029266
2012-05-23,0.10971300303936005
2012-05-24,0.1246739998459816
2012-05-25,0.12966099381446838
2012-05-28,0.1246739998459816
2012-05-29,0.12966099381446838
2012-05-30,0.1246739998459816
2012-05-31,0.11968699842691422
2012-06-01,0.11968699842691422
2012-06-04,0.10971300303936005
2012-06-05,0.11469999700784683
2012-06-06,0.11469999700784683
2012-06-07,0.10971300303936005
2012-06-08,0.10971300303936005
2012-06-12,0.10472600162029266
2012-06-13,0.10971300303936005
2012-06-14,0.10472600162029266
2012-06-15,0.10472600162029266
2012-06-18,0.10971300303936005
2012-06-19,0.10971300303936005
2012-06-20,0.10971300303936005
2012-06-21,0.10971300303936005
2012-06-22,0.10971300303936005
2012-06-25,0.10472600162029266
2012-06-26,0.10472600162029266
2012-06-27,0.10472600162029266
2012-06-28,0.10472600162029266
2012-06-29,0.10472600162029266
2012-07-02,0.1246739998459816
2012-07-03,0.1246739998459816
2012-07-04,0.12966099381446838
2012-07-05,0.12966099381446838
2012-07-06,0.1246739998459816
2012-07-09,0.11968699842691422
2012-07-10,0.11469999700784683
2012-07-11,0.11469999700784683
2012-07-12,0.10971300303936005
2012-07-13,0.11469999700784683
2012-07-16,0.11968699842691422
2012-07-17,0.11968699842691422
2012-07-18,0.11968699842691422
2012-07-19,0.11968699842691422
2012-07-20,0.11968699842691422
2012-07-23,0.11469999700784683
2012-07-24,0.11469999700784683
2012-07-25,0.10971300303936005
2012-07-26,0.10971300303936005
2012-07-27,0.10971300303936005
2012-07-30,0.10472600162029266
2012-07-31,0.10472600162029266
2012-08-01,0.09973900020122528
2012-08-02,0.09574999660253525
2012-08-03,0.09574999660253525
2012-08-06,0.0947519987821579
2012-08-07,0.0947519987821579
2012-08-08,0.09375499933958054
2012-08-09,0.09176000207662582
2012-08-10,0.09076300263404846
2012-08-13,0.09176000207662582
2012-08-14,0.09076300263404846
2012-08-15,0.0947519987821579
2012-08-16,0.09275799989700317
2012-08-17,0.09973900020122528
2012-08-20,0.09973900020122528
2012-08-21,0.10472600162029266
2012-08-22,0.0947519987821579
2012-08-23,0.09874200075864792
2012-08-24,0.0947519987821579
2012-08-27,0.0967470034956932
2012-08-28,0.09574999660253525
2012-08-29,0.09375499933958054
2012-08-30,0.09076300263404846
2012-08-31,0.09076300263404846
2012-09-03,0.09076300263404846
2012-09-04,0.09076300263404846
2012-09-05,0.09275799989700317
2012-09-06,0.09275799989700317
2012-09-07,0.09574999660253525
2012-09-10,0.0947519987821579
2012-09-11,0.09574999660253525
2012-09-12,0.09973900020122528
2012-09-13,0.09874200075864792
2012-09-14,0.09973900020122528
2012-09-17,0.10472600162029266
2012-09-18,0.10472600162029266
2012-09-19,0.10472600162029266
2012-09-20,0.09973900020122528
2012-09-21,0.09973900020122528
2012-09-24,0.10472600162029266
2012-09-25,0.10472600162029266
2012-09-26,0.09973900020122528
2012-09-27,0.09973900020122528
2012-09-28,0.09774500131607056
2012-10-01,0.09774500131607056
2012-10-02,0.09574999660253525
2012-10-03,0.09574999660253525
2012-10-04,0.08378099650144577
2012-10-05,0.08876799792051315
2012-10-08,0.08677300065755844
2012-10-09,0.08577600121498108
2012-10-10,0.08677300065755844
2012-10-11,0.08477800339460373
2012-10-12,0.08378099650144577
2012-10-15,0.08378099650144577
2012-10-16,0.08378099650144577
2012-10-17,0.08677300065755844
2012-10-18,0.08777099847793579
2012-10-19,0.08577600121498108
2012-10-22,0.08477800339460373
2012-10-23,0.08378099650144577
2012-10-24,0.08278399705886841
2012-10-25,0.08477800339460373
2012-10-26,0.08178599923849106
2012-10-29,0.0807889997959137
2012-10-30,0.0807889997959137
2012-10-31,0.0807889997959137
2012-11-01,0.07979100197553635
2012-11-02,0.07979100197553635
2012-11-05,0.07979100197553635
2012-11-06,0.07879400253295898
2012-11-07,0.07779700309038162
2012-11-08,0.07979100197553635
2012-11-09,0.07879400253295898
2012-11-12,0.07879400253295898
2012-11-13,0.07779700309038162
2012-11-14,0.07679899781942368
2012-11-15,0.07281000167131424
2012-11-16,0.0738070011138916
2012-11-19,0.07181199640035629
2012-11-20,0.07480400055646896
2012-11-21,0.07281000167131424
2012-11-22,0.07081499695777893
2012-11-23,0.07281000167131424
2012-11-26,0.07480400055646896
2012-11-27,0.0738070011138916
2012-11-28,0.07281000167131424
2012-11-29,0.06981699913740158
2012-11-30,0.06881999969482422
2012-12-03,0.06881999969482422
2012-12-04,0.06881999969482422
2012-12-05,0.0668250024318695
2012-12-06,0.059843000024557114
2012-12-07,0.06084100157022476
2012-12-10,0.059843000024557114
2012-12-11,0.05685099959373474
2012-12-12,0.05884600058197975
2012-12-13,0.05485599860548973
2012-12-14,0.05485599860548973
2012-12-17,0.05385899916291237
2012-12-18,0.05884600058197975
2012-12-19,0.061838001012802124
2012-12-20,0.06084100157022476
2012-12-21,0.06283599883317947
2012-12-24,0.0648299977183342
2012-12-27,0.06981699913740158
2012-12-28,0.0668250024318695
2012-12-31,0.07181199640035629
2013-01-02,0.07879400253295898
2013-01-03,0.07580199837684631
2013-01-04,0.07281000167131424
2013-01-07,0.07679899781942368
2013-01-08,0.07480400055646896
2013-01-09,0.0738070011138916
2013-01-10,0.07281000167131424
2013-01-11,0.07281000167131424
2013-01-14,0.0668250024318695
2013-01-15,0.0668250024318695
2013-01-16,0.06283599883317947
2013-01-17,0.06283599883317947
2013-01-18,0.06383299827575684
2013-01-21,0.06383299827575684
2013-01-22,0.06283599883317947
2013-01-23,0.0648299977183342
2013-01-24,0.06283599883317947
2013-01-25,0.061838001012802124
2013-01-29,0.061838001012802124
2013-01-30,0.06582800298929214
2013-01-31,0.0648299977183342
2013-02-01,0.06283599883317947
2013-02-04,0.061838001012802124
2013-02-05,0.061838001012802124
2013-02-06,0.06283599883317947
2013-02-07,0.06084100157022476
2013-02-08,0.061838001012802124
2013-02-11,0.06084100157022476
2013-02-12,0.06084100157022476
2013-02-13,0.059843000024557114
2013-02-14,0.059843000024557114
2013-02-15,0.059843000024557114
2013-02-18,0.061838001012802124
2013-02-19,0.059843000024557114
2013-02-20,0.05784900113940239
2013-02-21,0.05884600058197975
2013-02-22,0.06084100157022476
2013-02-25,0.06084100157022476
2013-02-26,0.061838001012802124
2013-02-27,0.059843000024557114
2013-02-28,0.05884600058197975
2013-03-01,0.05784900113940239
2013-03-04,0.05784900113940239
2013-03-05,0.05685099959373474
2013-03-06,0.05884600058197975
2013-03-07,0.06084100157022476
2013-03-08,0.05884600058197975
2013-03-11,0.05884600058197975
2013-03-12,0.05884600058197975
2013-03-13,0.05784900113940239
2013-03-14,0.05685099959373474
2013-03-15,0.05784900113940239
2013-03-18,0.05784900113940239
2013-03-19,0.05385899916291237
2013-03-20,0.05485599860548973
2013-03-21,0.05585400015115738
2013-03-22,0.05385899916291237
2013-03-25,0.05186399817466736
2013-03-26,0.05286199972033501
2013-03-27,0.048872001469135284
2013-03-28,0.047874998301267624
2013-04-02,0.0438850000500679
2013-04-03,0.04588000103831291
2013-04-04,0.0438850000500679
2013-04-05,0.04188999906182289
2013-04-08,0.04588000103831291
2013-04-09,0.044881999492645264
2013-04-10,0.044881999492645264
2013-04-11,0.044881999492645264
2013-04-12,0.044881999492645264
2013-04-15,0.044881999492645264
2013-04-16,0.0438850000500679
2013-04-17,0.048872001469135284
2013-04-18,0.04588000103831291
2013-04-19,0.04588000103831291
2013-04-22,0.048872001469135284
2013-04-23,0.05286199972033501
2013-04-24,0.050866998732089996
2013-04-26,0.05286199972033501
2013-04-29,0.05286199972033501
2013-04-30,0.049869000911712646
2013-05-01,0.050866998732089996
2013-05-02,0.049869000911712646
2013-05-03,0.048872001469135284
2013-05-06,0.05385899916291237
2013-05-07,0.049869000911712646
2013-05-08,0.05186399817466736
2013-05-09,0.048872001469135284
2013-05-10,0.049869000911712646
2013-05-13,0.05186399817466736
2013-05-14,0.049869000911712646
2013-05-15,0.049869000911712646
2013-05-16,0.047874998301267624
2013-05-17,0.04588000103831291
2013-05-20,0.047874998301267624
2013-05-21,0.04588000103831291
2013-05-22,0.0438850000500679
2013-05-23,0.0438850000500679
2013-05-24,0.044881999492645264
2013-05-27,0.04588000103831291
2013-05-28,0.0438850000500679
2013-05-29,0.044881999492645264
2013-05-30,0.044881999492645264
2013-05-31,0.046877000480890274
2013-06-03,0.048872001469135284
2013-06-04,0.046877000480890274
2013-06-05,0.044881999492645264
2013-06-06,0.046877000480890274
2013-06-07,0.04588000103831291
2013-06-11,0.0438850000500679
2013-06-12,0.04288800060749054
2013-06-13,0.04188999906182289
2013-06-14,0.04188999906182289
2013-06-17,0.0438850000500679
2013-06-18,0.044881999492645264
2013-06-19,0.04288800060749054
2013-06-20,0.03989500179886818
2013-06-21,0.04089299961924553
2013-06-24,0.03989500179886818
2013-06-25,0.03989500179886818
2013-06-26,0.03989500179886818
2013-06-27,0.04188999906182289
2013-06-28,0.03989500179886818
2013-07-01,0.04188999906182289
2013-07-02,0.04188999906182289
2013-07-03,0.04089299961924553
2013-07-04,0.046877000480890274
2013-07-05,0.04588000103831291
2013-07-08,0.047874998301267624
2013-07-09,0.05186399817466736
2013-07-10,0.05385899916291237
2013-07-11,0.05685099959373474
2013-07-12,0.05585400015115738
2013-07-15,0.05685099959373474
2013-07-16,0.05485599860548973
2013-07-17,0.05685099959373474
2013-07-18,0.05585400015115738
2013-07-19,0.05784900113940239
2013-07-22,0.05784900113940239
2013-07-23,0.05685099959373474
2013-07-24,0.05685099959373474
2013-07-25,0.05685099959373474
2013-07-26,0.06283599883317947
2013-07-29,0.06084100157022476
2013-07-30,0.05685099959373474
2013-07-31,0.05685099959373474
2013-08-01,0.05685099959373474
2013-08-02,0.05784900113940239
2013-08-05,0.05784900113940239
2013-08-06,0.05685099959373474
2013-08-07,0.05286199972033501
2013-08-08,0.05685099959373474
2013-08-09,0.05784900113940239
2013-08-12,0.06084100157022476
2013-08-13,0.05884600058197975
2013-08-14,0.05884600058197975
2013-08-15,0.059843000024557114
2013-08-16,0.059843000024557114
2013-08-19,0.05784900113940239
2013-08-20,0.05784900113940239
2013-08-21,0.05784900113940239
2013-08-22,0.05784900113940239
2013-08-23,0.05784900113940239
2013-08-26,0.05784900113940239
2013-08-27,0.05585400015115738
2013-08-28,0.05685099959373474
2013-08-29,0.05585400015115738
2013-08-30,0.05585400015115738
2013-09-02,0.05585400015115738
2013-09-03,0.05884600058197975
2013-09-04,0.05685099959373474
2013-09-05,0.059843000024557114
2013-09-06,0.06084100157022476
2013-09-09,0.05884600058197975
2013-09-10,0.05884600058197975
2013-09-11,0.05784900113940239
2013-09-12,0.05884600058197975
2013-09-13,0.05784900113940239
2013-09-16,0.059843000024557114
2013-09-17,0.06283599883317947
2013-09-18,0.06283599883317947
2013-09-19,0.061838001012802124
2013-09-20,0.061838001012802124
2013-09-23,0.06782300025224686
2013-09-24,0.0668250024318695
2013-09-25,0.06782300025224686
2013-09-26,0.06981699913740158
2013-09-27,0.06782300025224686
2013-09-30,0.0648299977183342
2013-10-01,0.0668250024318695
2013-10-02,0.06782300025224686
2013-10-03,0.0668250024318695
2013-10-04,0.06582800298929214
2013-10-07,0.0668250024318695
2013-10-08,0.0668250024318695
2013-10-09,0.06582800298929214
2013-10-10,0.0648299977183342
2013-10-11,0.06582800298929214
2013-10-14,0.06283599883317947
2013-10-15,0.06582800298929214
2013-10-16,0.06981699913740158
2013-10-17,0.06782300025224686
2013-10-18,0.06782300025224686
2013-10-21,0.06981699913740158
2013-10-22,0.06881999969482422
2013-10-23,0.06782300025224686
2013-10-24,0.06981699913740158
2013-10-25,0.06782300025224686
2013-10-28,0.06782300025224686
2013-10-29,0.06881999969482422
2013-10-30,0.07480400055646896
2013-10-31,0.0738070011138916
2013-11-01,0.07679899781942368
2013-11-04,0.07281000167131424
2013-11-05,0.07081499695777893
2013-11-06,0.07081499695777893
2013-11-07,0.06981699913740158
2013-11-08,0.07181199640035629
2013-11-11,0.06782300025224686
2013-11-12,0.06582800298929214
2013-11-13,0.06881999969482422
2013-11-14,0.07081499695777893
2013-11-15,0.07181199640035629
2013-11-18,0.07480400055646896
2013-11-19,0.07281000167131424
2013-11-20,0.07580199837684631
2013-11-21,0.06782300025224686
2013-11-22,0.0648299977183342
2013-11-25,0.06199999898672104
2013-11-26,0.061000000685453415
2013-11-27,0.061000000685453415
2013-11-28,0.061000000685453415
2013-11-29,0.061000000685453415
2013-12-02,0.05900000035762787
2013-12-03,0.05900000035762787
2013-12-04,0.061000000685453415
2013-12-05,0.057999998331069946
2013-12-06,0.05700000002980232
2013-12-09,0.0560000017285347
2013-12-10,0.054999999701976776
2013-12-11,0.054999999701976776
2013-12-12,0.057999998331069946
2013-12-13,0.054999999701976776
2013-12-16,0.05900000035762787
2013-12-17,0.05900000035762787
2013-12-18,0.057999998331069946
2013-12-19,0.05900000035762787
2013-12-20,0.05999999865889549
2013-12-23,0.05700000002980232
2013-12-24,0.06199999898672104
2013-12-27,0.06300000101327896
2013-12-30,0.06300000101327896
2013-12-31,0.06400000303983688
2014-01-02,0.06400000303983688
2014-01-03,0.06400000303983688
2014-01-06,0.06300000101327896
2014-01-07,0.061000000685453415
2014-01-08,0.06199999898672104
2014-01-09,0.05700000002980232
2014-01-10,0.05700000002980232
2014-01-13,0.05900000035762787
2014-01-14,0.05900000035762787
2014-01-15,0.05700000002980232
2014-01-16,0.057999998331069946
2014-01-17,0.057999998331069946
2014-01-20,0.057999998331069946
2014-01-21,0.05900000035762787
2014-01-22,0.05700000002980232
2014-01-23,0.057999998331069946
2014-01-24,0.05700000002980232
2014-01-28,0.0560000017285347
2014-01-29,0.06199999898672104
2014-01-30,0.061000000685453415
2014-01-31,0.05999999865889549
2014-02-03,0.061000000685453415
2014-02-04,0.05900000035762787
2014-02-05,0.057999998331069946
2014-02-06,0.057999998331069946
2014-02-07,0.05700000002980232
2014-02-10,0.05700000002980232
2014-02-11,0.05700000002980232
2014-02-12,0.06199999898672104
2014-02-13,0.06300000101327896
2014-02-14,0.06800000369548798
2014-02-17,0.0689999982714653
2014-02-18,0.06599999964237213
2014-02-19,0.06599999964237213
2014-02-20,0.06700000166893005
2014-02-21,0.06700000166893005
2014-02-24,0.06599999964237213
2014-02-25,0.06199999898672104
2014-02-26,0.06400000303983688
2014-02-27,0.06199999898672104
2014-02-28,0.06400000303983688
2014-03-03,0.07000000029802322
2014-03-04,0.06800000369548798
2014-03-05,0.06800000369548798
2014-03-06,0.0689999982714653
2014-03-07,0.07100000232458115
2014-03-10,0.07000000029802322
2014-03-11,0.07400000095367432
2014-03-12,0.07699999958276749
2014-03-13,0.07999999821186066
2014-03-14,0.08100000023841858
2014-03-17,0.09399999678134918
2014-03-18,0.09200000017881393
2014-03-19,0.09000000357627869
2014-03-20,0.09000000357627869
2014-03-21,0.09099999815225601
2014-03-24,0.0820000022649765
2014-03-25,0.0860000029206276
2014-03-26,0.08699999749660492
2014-03-27,0.09000000357627869
2014-03-28,0.08699999749660492
2014-03-31,0.08799999952316284
2014-04-01,0.08399999886751175
2014-04-02,0.08299999684095383
2014-04-03,0.08100000023841858
2014-04-04,0.08500000089406967
2014-04-07,0.08500000089406967
2014-04-08,0.0860000029206276
2014-04-09,0.08699999749660492
2014-04-10,0.08900000154972076
2014-04-11,0.08500000089406967
2014-04-14,0.08699999749660492
2014-04-15,0.08500000089406967
2014-04-16,0.08399999886751175
2014-04-17,0.08100000023841858
2014-04-22,0.08299999684095383
2014-04-23,0.08699999749660492
2014-04-24,0.0860000029206276
2014-04-28,0.08399999886751175
2014-04-29,0.08699999749660492
2014-04-30,0.08699999749660492
2014-05-01,0.08900000154972076
2014-05-02,0.08699999749660492
2014-05-05,0.08699999749660492
2014-05-06,0.0860000029206276
2014-05-07,0.08699999749660492
2014-05-08,0.08900000154972076
2014-05-09,0.08799999952316284
2014-05-12,0.0860000029206276
2014-05-13,0.09200000017881393
2014-05-14,0.09600000083446503
2014-05-15,0.09000000357627869
2014-05-16,0.09099999815225601
2014-05-19,0.09700000286102295
2014-05-20,0.09600000083446503
2014-05-21,0.09700000286102295
2014-05-22,0.09600000083446503
2014-05-23,0.09799999743700027
2014-05-26,0.10000000149011612
2014-05-27,0.0949999988079071
2014-05-28,0.09200000017881393
2014-05-29,0.09099999815225601
2014-05-30,0.09000000357627869
2014-06-02,0.09000000357627869
2014-06-03,0.09099999815225601
2014-06-04,0.08900000154972076
2014-06-05,0.08900000154972076
2014-06-06,0.08699999749660492
2014-06-10,0.08900000154972076
2014-06-11,0.08799999952316284
2014-06-12,0.0860000029206276
2014-06-13,0.08299999684095383
2014-06-16,0.07800000160932541
2014-06-17,0.07900000363588333
2014-06-18,0.07800000160932541
2014-06-19,0.07599999755620956
2014-06-20,0.07599999755620956
2014-06-23,0.07000000029802322
2014-06-24,0.07599999755620956
2014-06-25,0.07500000298023224
2014-06-26,0.07599999755620956
2014-06-27,0.07699999958276749
2014-06-30,0.07500000298023224
2014-07-01,0.07400000095367432
2014-07-02,0.07500000298023224
2014-07-03,0.07999999821186066
2014-07-04,0.07800000160932541
2014-07-07,0.07800000160932541
2014-07-08,0.07599999755620956
2014-07-09,0.07500000298023224
2014-07-10,0.07599999755620956
2014-07-11,0.07599999755620956
2014-07-14,0.07599999755620956
2014-07-15,0.07500000298023224
2014-07-16,0.07599999755620956
2014-07-17,0.08299999684095383
2014-07-18,0.08299999684095383
2014-07-21,0.08500000089406967
2014-07-22,0.08399999886751175
2014-07-23,0.08100000023841858
2014-07-24,0.08299999684095383
2014-07-25,0.08299999684095383
2014-07-28,0.0820000022649765
2014-07-29,0.08699999749660492
2014-07-30,0.08500000089406967
2014-07-31,0.08399999886751175
2014-08-01,0.08299999684095383
2014-08-04,0.08299999684095383
2014-08-05,0.08299999684095383
2014-08-06,0.07999999821186066
2014-08-07,0.07800000160932541
2014-08-08,0.07599999755620956
2014-08-11,0.08100000023841858
2014-08-12,0.07900000363588333
2014-08-13,0.08100000023841858
2014-08-14,0.08100000023841858
2014-08-15,0.08100000023841858
2014-08-18,0.23999999463558197
2014-08-19,0.24500000476837158
2014-08-20,0.20499999821186066
2014-08-21,0.20000000298023224
2014-08-22,0.2150000035762787
2014-08-25,0.25
2014-08-26,0.23999999463558197
2014-08-27,0.25
2014-08-28,0.25999999046325684
2014-08-29,0.26499998569488525
2014-09-01,0.2800000011920929
2014-09-02,0.28999999165534973
2014-09-03,0.27000001072883606
2014-09-04,0.26499998569488525
2014-09-05,0.25
2014-09-08,0.25
2014-09-09,0.25999999046325684
2014-09-10,0.24500000476837158
2014-09-11,0.23999999463558197
2014-09-12,0.23999999463558197
2014-09-15,0.23000000417232513
2014-09-16,0.23499999940395355
2014-09-17,0.23499999940395355
2014-09-18,0.23999999463558197
2014-09-19,0.24500000476837158
2014-09-22,0.23499999940395355
2014-09-23,0.23499999940395355
2014-09-24,0.23499999940395355
2014-09-25,0.22499999403953552
2014-09-26,0.22499999403953552
2014-09-29,0.23499999940395355
2014-09-30,0.23000000417232513
2014-10-01,0.23000000417232513
2014-10-02,0.23000000417232513
2014-10-03,0.23000000417232513
2014-10-06,0.22499999403953552
2014-10-07,0.2199999988079071
2014-10-08,0.2150000035762787
2014-10-09,0.22499999403953552
2014-10-10,0.2150000035762787
2014-10-13,0.20499999821186066
2014-10-14,0.2150000035762787
2014-10-15,0.20999999344348907
2014-10-16,0.20000000298023224
2014-10-17,0.20499999821186066
2014-10-20,0.2150000035762787
2014-10-21,0.2150000035762787
2014-10-22,0.2199999988079071
2014-10-23,0.2199999988079071
2014-10-24,0.2199999988079071
2014-10-27,0.22499999403953552
2014-10-28,0.23999999463558197
2014-10-29,0.23999999463558197
2014-10-30,0.22499999403953552
2014-10-31,0.2199999988079071
2014-11-03,0.2199999988079071
2014-11-04,0.2150000035762787
2014-11-05,0.20999999344348907
2014-11-06,0.20000000298023224
2014-11-07,0.20499999821186066
2014-11-10,0.20499999821186066
2014-11-11,0.20499999821186066
2014-11-12,0.20200000703334808
2014-11-13,0.20000000298023224
2014-11-14,0.20000000298023224
2014-11-17,0.20000000298023224
2014-11-18,0.20000000298023224
2014-11-19,0.1850000023841858
2014-11-20,0.1899999976158142
2014-11-21,0.19499999284744263
2014-11-24,0.20000000298023224
2014-11-25,0.19499999284744263
2014-11-26,0.1850000023841858
2014-11-27,0.18700000643730164
2014-11-28,0.17499999701976776
2014-12-01,0.14499999582767487
2014-12-02,0.1550000011920929
2014-12-03,0.1550000011920929
2014-12-04,0.1850000023841858
2014-12-05,0.1850000023841858
2014-12-08,0.1899999976158142
2014-12-09,0.18000000715255737
2014-12-10,0.17499999701976776
2014-12-11,0.11999999731779099
2014-12-12,0.12999999523162842
2014-12-15,0.12999999523162842
2014-12-16,0.12999999523162842
2014-12-17,0.125
2014-12-18,0.13500000536441803
2014-12-19,0.14000000059604645
2014-12-22,0.15000000596046448
2014-12-23,0.14000000059604645
2014-12-24,0.14000000059604645
2014-12-29,0.14000000059604645
2014-12-30,0.14000000059604645
2014-12-31,0.13500000536441803
2015-01-02,0.14499999582767487
2015-01-05,0.14499999582767487
2015-01-06,0.14000000059604645
2015-01-07,0.14000000059604645
2015-01-08,0.14499999582767487
2015-01-09,0.14499999582767487
2015-01-12,0.13500000536441803
2015-01-13,0.14499999582767487
2015-01-14,0.14499999582767487
2015-01-15,0.14499999582767487
2015-01-16,0.14000000059604645
2015-01-19,0.14000000059604645
2015-01-20,0.13699999451637268
2015-01-21,0.13500000536441803
2015-01-22,0.13500000536441803
2015-01-23,0.13500000536441803
2015-01-27,0.14000000059604645
2015-01-28,0.13500000536441803
2015-01-29,0.14000000059604645
2015-01-30,0.14000000059604645
2015-02-02,0.12999999523162842
2015-02-03,0.13500000536441803
2015-02-04,0.14000000059604645
2015-02-05,0.14000000059604645
2015-02-06,0.13500000536441803
2015-02-09,0.13500000536441803
2015-02-10,0.14000000059604645
2015-02-11,0.14499999582767487
2015-02-12,0.14000000059604645
2015-02-13,0.16500000655651093
2015-02-16,0.17499999701976776
2015-02-17,0.17499999701976776
2015-02-18,0.17000000178813934
2015-02-19,0.1550000011920929
2015-02-20,0.1599999964237213
2015-02-23,0.1550000011920929
2015-02-24,0.1550000011920929
2015-02-25,0.1550000011920929
2015-02-26,0.15000000596046448
2015-02-27,0.15000000596046448
2015-03-02,0.14499999582767487
2015-03-03,0.15000000596046448
2015-03-04,0.15000000596046448
2015-03-05,0.15000000596046448
2015-03-06,0.14499999582767487
2015-03-09,0.14499999582767487
2015-03-10,0.14499999582767487
2015-03-11,0.14499999582767487
2015-03-12,0.14000000059604645
2015-03-13,0.14000000059604645
2015-03-16,0.13500000536441803
2015-03-17,0.12999999523162842
2015-03-18,0.12999999523162842
2015-03-19,0.125
2015-03-20,0.125
2015-03-23,0.125
2015-03-24,0.11999999731779099
2015-03-25,0.11999999731779099
2015-03-26,0.125
2015-03-27,0.125
2015-03-30,0.125
2015-03-31,0.12999999523162842
2015-04-01,0.125
2015-04-02,0.11999999731779099
2015-04-07,0.11999999731779099
2015-04-08,0.11999999731779099
2015-04-09,0.11999999731779099
2015-04-10,0.11500000208616257
2015-04-13,0.10999999940395355
2015-04-14,0.11500000208616257
2015-04-15,0.11999999731779099
2015-04-16,0.11999999731779099
2015-04-17,0.11999999731779099
2015-04-20,0.11999999731779099
2015-04-21,0.11999999731779099
2015-04-22,0.11999999731779099
2015-04-23,0.12999999523162842
2015-04-24,0.125
2015-04-27,0.125
2015-04-28,0.125
2015-04-29,0.11999999731779099
2015-04-30,0.11999999731779099
2015-05-01,0.125
2015-05-04,0.125
2015-05-05,0.125
2015-05-06,0.125
2015-05-07,0.11999999731779099
2015-05-08,0.11999999731779099
2015-05-11,0.11500000208616257
2015-05-12,0.11500000208616257
2015-05-13,0.11500000208616257
2015-05-14,0.1120000034570694
2015-05-15,0.10999999940395355
2015-05-18,0.10999999940395355
2015-05-19,0.10999999940395355
2015-05-20,0.10999999940395355
2015-05-21,0.10700000077486038
2015-05-22,0.10999999940395355
2015-05-25,0.10999999940395355
2015-05-26,0.11999999731779099
2015-05-27,0.11500000208616257
2015-05-28,0.11500000208616257
2015-05-29,0.11500000208616257
2015-06-01,0.10999999940395355
2015-06-02,0.10999999940395355
2015-06-03,0.10499999672174454
2015-06-04,0.10999999940395355
2015-06-05,0.10999999940395355
2015-06-09,0.10999999940395355
2015-06-10,0.11500000208616257
2015-06-11,0.11999999731779099
2015-06-12,0.11500000208616257
2015-06-15,0.11500000208616257
2015-06-16,0.11500000208616257
2015-06-17,0.11699999868869781
2015-06-18,0.10999999940395355
2015-06-19,0.10999999940395355
2015-06-22,0.10999999940395355
2015-06-23,0.1120000034570694
2015-06-24,0.11500000208616257
2015-06-25,0.11500000208616257
2015-06-26,0.11500000208616257
2015-06-29,0.10999999940395355
2015-06-30,0.11500000208616257
2015-07-01,0.11500000208616257
2015-07-02,0.11500000208616257
2015-07-03,0.11500000208616257
2015-07-06,0.10999999940395355
2015-07-07,0.10999999940395355
2015-07-08,0.10999999940395355
2015-07-09,0.10499999672174454
2015-07-10,0.10999999940395355
2015-07-13,0.10999999940395355
2015-07-14,0.10999999940395355
2015-07-15,0.11500000208616257
2015-07-16,0.10999999940395355
2015-07-17,0.11500000208616257
2015-07-20,0.10999999940395355
2015-07-21,0.10999999940395355
2015-07-22,0.11500000208616257
2015-07-23,0.10999999940395355
2015-07-24,0.10999999940395355
2015-07-27,0.10999999940395355
2015-07-28,0.10999999940395355
2015-07-29,0.11500000208616257
2015-07-30,0.11999999731779099
2015-07-31,0.11500000208616257
2015-08-03,0.10999999940395355
2015-08-04,0.10999999940395355
2015-08-05,0.10999999940395355
2015-08-06,0.11500000208616257
2015-08-07,0.1120000034570694
2015-08-10,0.10999999940395355
2015-08-11,0.11500000208616257
2015-08-12,0.10499999672174454
2015-08-13,0.10499999672174454
2015-08-14,0.10499999672174454
2015-08-17,0.10499999672174454
2015-08-18,0.10000000149011612
2015-08-19,0.0989999994635582
2015-08-20,0.10000000149011612
2015-08-21,0.0989999994635582
2015-08-24,0.09399999678134918
2015-08-25,0.09300000220537186
2015-08-26,0.0949999988079071
2015-08-27,0.10000000149011612
2015-08-28,0.10499999672174454
2015-08-31,0.0989999994635582
2015-09-01,0.10000000149011612
2015-09-02,0.10000000149011612
2015-09-03,0.10000000149011612
2015-09-04,0.0989999994635582
2015-09-07,0.0989999994635582
2015-09-08,0.10000000149011612
2015-09-09,0.10000000149011612
2015-09-10,0.10000000149011612
2015-09-11,0.10499999672174454
2015-09-14,0.10199999809265137
2015-09-15,0.10000000149011612
2015-09-16,0.10000000149011612
2015-09-17,0.10499999672174454
2015-09-18,0.10000000149011612
2015-09-21,0.10199999809265137
2015-09-22,0.10499999672174454
2015-09-23,0.10499999672174454
2015-09-24,0.10499999672174454
2015-09-25,0.10499999672174454
2015-09-28,0.10199999809265137
2015-09-29,0.10499999672174454
2015-09-30,0.10000000149011612
2015-10-01,0.10000000149011612
2015-10-02,0.10199999809265137
2015-10-05,0.10499999672174454
2015-10-06,0.10499999672174454
2015-10-07,0.11500000208616257
2015-10-08,0.11500000208616257
2015-10-09,0.10999999940395355
2015-10-12,0.11999999731779099
2015-10-13,0.125
2015-10-14,0.11999999731779099
2015-10-15,0.11500000208616257
2015-10-16,0.125
2015-10-19,0.11999999731779099
2015-10-20,0.11999999731779099
2015-10-21,0.11500000208616257
2015-10-22,0.125
2015-10-23,0.12999999523162842
2015-10-26,0.12999999523162842
2015-10-27,0.125
2015-10-28,0.11999999731779099
2015-10-29,0.12200000137090683
2015-10-30,0.11999999731779099
2015-11-02,0.11999999731779099
2015-11-03,0.11999999731779099
2015-11-04,0.125
2015-11-05,0.11999999731779099
2015-11-06,0.11999999731779099
2015-11-09,0.11999999731779099
2015-11-10,0.11999999731779099
2015-11-11,0.11999999731779099
2015-11-12,0.11500000208616257
2015-11-13,0.11999999731779099
2015-11-16,0.11999999731779099
2015-11-17,0.11999999731779099
2015-11-18,0.11999999731779099
2015-11-19,0.11999999731779099
2015-11-20,0.11999999731779099
2015-11-23,0.11999999731779099
2015-11-24,0.11999999731779099
2015-11-25,0.11500000208616257
2015-11-26,0.11500000208616257
2015-11-27,0.11500000208616257
2015-11-30,0.11500000208616257
2015-12-01,0.10499999672174454
2015-12-02,0.10499999672174454
2015-12-03,0.10499999672174454
2015-12-04,0.10499999672174454
2015-12-07,0.11500000208616257
2015-12-08,0.10999999940395355
2015-12-09,0.11500000208616257
2015-12-10,0.11500000208616257
2015-12-11,0.11500000208616257
2015-12-14,0.11500000208616257
2015-12-15,0.10999999940395355
2015-12-16,0.10499999672174454
2015-12-17,0.0989999994635582
2015-12-18,0.10000000149011612
2015-12-21,0.10000000149011612
2015-12-22,0.09799999743700027
2015-12-23,0.10999999940395355
2015-12-24,0.10999999940395355
2015-12-28,0.10999999940395355
2015-12-29,0.10499999672174454
2015-12-30,0.10499999672174454
2015-12-31,0.10000000149011612
2016-01-04,0.09099999815225601
2016-01-05,0.08900000154972076
2016-01-06,0.0860000029206276
2016-01-07,0.08299999684095383
2016-01-08,0.08299999684095383
2016-01-11,0.08100000023841858
2016-01-12,0.07999999821186066
2016-01-13,0.07800000160932541
2016-01-14,0.07599999755620956
2016-01-15,0.07500000298023224
2016-01-18,0.07800000160932541
2016-01-19,0.07900000363588333
2016-01-20,0.07800000160932541
2016-01-21,0.07900000363588333
2016-01-22,0.07900000363588333
2016-01-25,0.08399999886751175
2016-01-27,0.08399999886751175
2016-01-28,0.08500000089406967
2016-01-29,0.08299999684095383
2016-02-01,0.08100000023841858
2016-02-02,0.07999999821186066
2016-02-03,0.07800000160932541
2016-02-04,0.0820000022649765
2016-02-05,0.08299999684095383
2016-02-08,0.07999999821186066
2016-02-09,0.07900000363588333
2016-02-10,0.07800000160932541
2016-02-11,0.07699999958276749
2016-02-12,0.07599999755620956
2016-02-15,0.07599999755620956
2016-02-16,0.07500000298023224
2016-02-17,0.07500000298023224
2016-02-18,0.07500000298023224
2016-02-19,0.07199999690055847
2016-02-22,0.0729999989271164
2016-02-23,0.07500000298023224
2016-02-24,0.07100000232458115
2016-02-25,0.07000000029802322
2016-02-26,0.07199999690055847
2016-02-29,0.07199999690055847
2016-03-01,0.0729999989271164
2016-03-02,0.07500000298023224
2016-03-03,0.07900000363588333
2016-03-04,0.07900000363588333
2016-03-07,0.07999999821186066
2016-03-08,0.08299999684095383
2016-03-09,0.08299999684095383
2016-03-10,0.08299999684095383
2016-03-11,0.08500000089406967
2016-03-14,0.08500000089406967
2016-03-15,0.0820000022649765
2016-03-16,0.07999999821186066
2016-03-17,0.08399999886751175
2016-03-18,0.08699999749660492
2016-03-21,0.08299999684095383
2016-03-22,0.0820000022649765
2016-03-23,0.07999999821186066
2016-03-24,0.08100000023841858
2016-03-29,0.0820000022649765
2016-03-30,0.08100000023841858
2016-03-31,0.07999999821186066
2016-04-01,0.07999999821186066
2016-04-04,0.07800000160932541
2016-04-05,0.07800000160932541
2016-04-06,0.07800000160932541
2016-04-07,0.07999999821186066
2016-04-08,0.07999999821186066
2016-04-11,0.07999999821186066
2016-04-12,0.0820000022649765
2016-04-13,0.07999999821186066
2016-04-14,0.0820000022649765
2016-04-15,0.0860000029206276
2016-04-18,0.0820000022649765
2016-04-19,0.08500000089406967
2016-04-20,0.08399999886751175
2016-04-21,0.0860000029206276
2016-04-22,0.08500000089406967
2016-04-26,0.08399999886751175
2016-04-27,0.08399999886751175
2016-04-28,0.09000000357627869
2016-04-29,0.08900000154972076
2016-05-02,0.08399999886751175
2016-05-03,0.08799999952316284
2016-05-04,0.0860000029206276
2016-05-05,0.09300000220537186
2016-05-06,0.09000000357627869
2016-05-09,0.09099999815225601
2016-05-10,0.09200000017881393
2016-05-11,0.09799999743700027
2016-05-12,0.10999999940395355
2016-05-13,0.10999999940395355
2016-05-16,0.10499999672174454
2016-05-17,0.09600000083446503
2016-05-18,0.10000000149011612
2016-05-19,0.09300000220537186
2016-05-20,0.0949999988079071
2016-05-23,0.09600000083446503
2016-05-24,0.09300000220537186
2016-05-25,0.09600000083446503
2016-05-26,0.0989999994635582
2016-05-27,0.09700000286102295
2016-05-30,0.09700000286102295
2016-05-31,0.09700000286102295
2016-06-01,0.09399999678134918
2016-06-02,0.0949999988079071
2016-06-03,0.09399999678134918
2016-06-06,0.09200000017881393
2016-06-07,0.0949999988079071
2016-06-08,0.10000000149011612
2016-06-09,0.10499999672174454
2016-06-10,0.10999999940395355
2016-06-14,0.10199999809265137
2016-06-15,0.10000000149011612
2016-06-16,0.10499999672174454
2016-06-17,0.10499999672174454
2016-06-20,0.10499999672174454
2016-06-21,0.10499999672174454
2016-06-22,0.10499999672174454
2016-06-23,0.10499999672174454
2016-06-24,0.10000000149011612
2016-06-27,0.10000000149011612
2016-06-28,0.10000000149011612
2016-06-29,0.10000000149011612
2016-06-30,0.10000000149011612
2016-07-01,0.10499999672174454
2016-07-04,0.10499999672174454
2016-07-05,0.10499999672174454
2016-07-06,0.10000000149011612
2016-07-07,0.10000000149011612
2016-07-08,0.10000000149011612
2016-07-11,0.11999999731779099
2016-07-12,0.11500000208616257
2016-07-13,0.11999999731779099
2016-07-14,0.11500000208616257
2016-07-15,0.11500000208616257
2016-07-18,0.11500000208616257
2016-07-19,0.11500000208616257
2016-07-20,0.11500000208616257
2016-07-21,0.11500000208616257
2016-07-22,0.10999999940395355
2016-07-25,0.11500000208616257
2016-07-26,0.10999999940395355
2016-07-27,0.10999999940395355
2016-07-28,0.11500000208616257
2016-07-29,0.10999999940395355
2016-08-01,0.10999999940395355
2016-08-02,0.10499999672174454
2016-08-03,0.10499999672174454
2016-08-04,0.10499999672174454
2016-08-05,0.10999999940395355
2016-08-08,0.10499999672174454
2016-08-09,0.10499999672174454
2016-08-10,0.10499999672174454
2016-08-11,0.10499999672174454
2016-08-12,0.10499999672174454
2016-08-15,0.10499999672174454
2016-08-16,0.10199999809265137
2016-08-17,0.10499999672174454
2016-08-18,0.10499999672174454
2016-08-19,0.10499999672174454
2016-08-22,0.10499999672174454
2016-08-23,0.10499999672174454
2016-08-24,0.10000000149011612
2016-08-25,0.10199999809265137
2016-08-26,0.10000000149011612
2016-08-29,0.10000000149011612
2016-08-30,0.10199999809265137
2016-08-31,0.10199999809265137
2016-09-01,0.10000000149011612
2016-09-02,0.0989999994635582
2016-09-05,0.10000000149011612
2016-09-06,0.10499999672174454
2016-09-07,0.10499999672174454
2016-09-08,0.10000000149011612
2016-09-09,0.10999999940395355
2016-09-12,0.10499999672174454
2016-09-13,0.10499999672174454
2016-09-14,0.10499999672174454
2016-09-15,0.10499999672174454
2016-09-16,0.10999999940395355
2016-09-19,0.10999999940395355
2016-09-20,0.10999999940395355
2016-09-21,0.10499999672174454
2016-09-22,0.10499999672174454
2016-09-23,0.10499999672174454
2016-09-26,0.10499999672174454
2016-09-27,0.10499999672174454
2016-09-28,0.10000000149011612
2016-09-29,0.10499999672174454
2016-09-30,0.10700000077486038
2016-10-03,0.10199999809265137
2016-10-04,0.10499999672174454
2016-10-05,0.10000000149011612
2016-10-06,0.10000000149011612
2016-10-07,0.10000000149011612
2016-10-10,0.10000000149011612
2016-10-11,0.10000000149011612
2016-10-12,0.10000000149011612
2016-10-13,0.09799999743700027
2016-10-14,0.10000000149011612
2016-10-17,0.10000000149011612
2016-10-18,0.10000000149011612
2016-10-19,0.12999999523162842
2016-10-20,0.13500000536441803
2016-10-21,0.13500000536441803
2016-10-24,0.13500000536441803
2016-10-25,0.13500000536441803
2016-10-26,0.12999999523162842
2016-10-27,0.12999999523162842
2016-10-28,0.125
2016-10-31,0.11999999731779099
2016-11-01,0.11999999731779099
2016-11-02,0.11999999731779099
2016-11-03,0.11999999731779099
2016-11-04,0.11500000208616257
2016-11-07,0.11500000208616257
2016-11-08,0.11500000208616257
2016-11-09,0.11500000208616257
2016-11-10,0.11500000208616257
2016-11-11,0.11500000208616257
2016-11-14,0.11500000208616257
2016-11-15,0.11500000208616257
2016-11-16,0.11500000208616257
2016-11-17,0.10999999940395355
2016-11-18,0.11500000208616257
2016-11-21,0.11500000208616257
2016-11-22,0.10999999940395355
2016-11-23,0.11500000208616257
2016-11-24,0.10999999940395355
2016-11-25,0.10999999940395355
2016-11-28,0.10999999940395355
2016-11-29,0.10999999940395355
2016-11-30,0.10999999940395355
2016-12-01,0.10999999940395355
2016-12-02,0.09700000286102295
2016-12-05,0.09600000083446503
2016-12-06,0.09600000083446503
2016-12-07,0.09700000286102295
2016-12-08,0.09700000286102295
2016-12-09,0.09700000286102295
2016-12-12,0.10000000149011612
2016-12-13,0.09799999743700027
2016-12-14,0.10000000149011612
2016-12-15,0.10000000149011612
2016-12-16,0.10000000149011612
2016-12-19,0.10999999940395355
2016-12-20,0.10000000149011612
2016-12-21,0.09799999743700027
2016-12-22,0.09799999743700027
2016-12-23,0.0989999994635582
2016-12-28,0.0989999994635582
2016-12-29,0.10000000149011612
2016-12-30,0.0989999994635582
2017-01-03,0.10000000149011612
2017-01-04,0.10000000149011612
2017-01-05,0.10499999672174454
2017-01-06,0.10000000149011612
2017-01-09,0.10000000149011612
2017-01-10,0.10000000149011612
2017-01-11,0.10000000149011612
2017-01-12,0.10499999672174454
2017-01-13,0.10199999809265137
2017-01-16,0.10000000149011612
2017-01-17,0.0989999994635582
2017-01-18,0.0989999994635582
2017-01-19,0.0989999994635582
2017-01-20,0.0989999994635582
2017-01-23,0.09799999743700027
2017-01-24,0.09799999743700027
2017-01-25,0.0989999994635582
2017-01-27,0.09700000286102295
2017-01-30,0.0989999994635582
2017-01-31,0.09600000083446503
2017-02-01,0.0989999994635582
2017-02-02,0.09799999743700027
2017-02-03,0.10000000149011612
2017-02-06,0.10000000149011612
2017-02-07,0.10000000149011612
2017-02-08,0.09700000286102295
2017-02-09,0.09799999743700027
2017-02-10,0.09799999743700027
2017-02-13,0.10000000149011612
2017-02-14,0.10000000149011612
2017-02-15,0.10000000149011612
2017-02-16,0.10199999809265137
2017-02-17,0.10000000149011612
2017-02-20,0.10000000149011612
2017-02-21,0.09799999743700027
2017-02-22,0.0989999994635582
2017-02-23,0.0989999994635582
2017-02-24,0.10000000149011612
2017-02-27,0.0989999994635582
2017-02-28,0.09799999743700027
2017-03-01,0.09799999743700027
2017-03-02,0.09700000286102295
2017-03-03,0.09799999743700027
2017-03-06,0.09799999743700027
2017-03-07,0.09700000286102295
2017-03-08,0.09600000083446503
2017-03-09,0.09700000286102295
2017-03-10,0.09600000083446503
2017-03-13,0.09600000083446503
2017-03-14,0.09700000286102295
2017-03-15,0.09700000286102295
2017-03-16,0.09700000286102295
2017-03-17,0.09799999743700027
2017-03-20,0.09700000286102295
2017-03-21,0.0989999994635582
2017-03-22,0.09600000083446503
2017-03-23,0.09600000083446503
2017-03-24,0.09600000083446503
2017-03-27,0.0949999988079071
2017-03-28,0.09799999743700027
2017-03-29,0.09799999743700027
2017-03-30,0.09799999743700027
2017-03-31,0.0989999994635582
2017-04-03,0.09700000286102295
2017-04-04,0.09799999743700027
2017-04-05,0.09600000083446503
2017-04-06,0.09600000083446503
2017-04-07,0.09600000083446503
2017-04-10,0.09600000083446503
2017-04-11,0.09600000083446503
2017-04-12,0.09399999678134918
2017-04-13,0.09200000017881393
2017-04-18,0.0949999988079071
2017-04-19,0.09399999678134918
2017-04-20,0.08799999952316284
2017-04-21,0.09200000017881393
2017-04-24,0.08900000154972076
2017-04-26,0.08900000154972076
2017-04-27,0.08900000154972076
2017-04-28,0.08699999749660492
2017-05-01,0.08900000154972076
2017-05-02,0.09000000357627869
2017-05-03,0.08799999952316284
2017-05-04,0.08699999749660492
2017-05-05,0.0860000029206276
2017-05-08,0.08799999952316284
2017-05-09,0.08699999749660492
2017-05-10,0.08900000154972076
2017-05-11,0.08699999749660492
2017-05-12,0.08699999749660492
2017-05-15,0.0860000029206276
2017-05-16,0.08500000089406967
2017-05-17,0.08500000089406967
2017-05-18,0.08299999684095383
2017-05-19,0.08399999886751175
2017-05-22,0.08299999684095383
2017-05-23,0.08299999684095383
2017-05-24,0.08299999684095383
2017-05-25,0.08299999684095383
2017-05-26,0.08299999684095383
2017-05-29,0.08299999684095383
2017-05-30,0.08399999886751175
2017-05-31,0.08399999886751175
2017-06-01,0.0860000029206276
2017-06-02,0.08699999749660492
2017-06-05,0.09000000357627869
2017-06-06,0.08900000154972076
2017-06-07,0.08799999952316284
2017-06-08,0.08699999749660492
2017-06-09,0.08799999952316284
2017-06-13,0.08699999749660492
2017-06-14,0.08699999749660492
2017-06-15,0.08500000089406967
2017-06-16,0.08500000089406967
2017-06-19,0.08500000089406967
2017-06-20,0.08299999684095383
2017-06-21,0.0820000022649765
2017-06-22,0.0820000022649765
2017-06-23,0.07999999821186066
2017-06-26,0.07900000363588333
2017-06-27,0.07699999958276749
2017-06-28,0.0820000022649765
2017-06-29,0.07900000363588333
2017-06-30,0.07900000363588333
2017-07-03,0.07900000363588333
2017-07-04,0.07699999958276749
2017-07-05,0.07800000160932541
2017-07-06,0.07599999755620956
2017-07-07,0.07699999958276749
2017-07-10,0.07699999958276749
2017-07-11,0.07500000298023224
2017-07-12,0.07599999755620956
2017-07-13,0.07500000298023224
2017-07-14,0.07500000298023224
2017-07-17,0.07100000232458115
2017-07-18,0.07599999755620956
2017-07-19,0.07500000298023224
2017-07-20,0.07199999690055847
2017-07-21,0.07500000298023224
2017-07-24,0.07500000298023224
2017-07-25,0.0729999989271164
2017-07-26,0.07400000095367432
2017-07-27,0.07400000095367432
2017-07-28,0.0729999989271164
2017-07-31,0.07500000298023224
2017-08-01,0.07500000298023224
2017-08-02,0.0729999989271164
2017-08-03,0.07400000095367432
2017-08-04,0.07500000298023224
2017-08-07,0.07400000095367432
2017-08-08,0.07500000298023224
2017-08-09,0.07599999755620956
2017-08-10,0.07699999958276749
2017-08-11,0.07900000363588333
2017-08-14,0.07800000160932541
2017-08-15,0.07900000363588333
2017-08-16,0.07900000363588333
2017-08-17,0.07500000298023224
2017-08-18,0.07800000160932541
2017-08-21,0.07599999755620956
2017-08-22,0.07699999958276749
2017-08-23,0.08299999684095383
2017-08-24,0.07900000363588333
2017-08-25,0.07999999821186066
2017-08-28,0.09000000357627869
2017-08-29,0.09200000017881393
2017-08-30,0.0949999988079071
2017-08-31,0.08799999952316284
2017-09-01,0.08799999952316284
2017-09-04,0.08799999952316284
2017-09-05,0.0860000029206276
2017-09-06,0.08500000089406967
2017-09-07,0.08299999684095383
2017-09-08,0.0820000022649765
2017-09-11,0.08500000089406967
2017-09-12,0.08799999952316284
2017-09-13,0.09000000357627869
2017-09-14,0.09000000357627869
2017-09-15,0.08500000089406967
2017-09-18,0.08699999749660492
2017-09-19,0.08699999749660492
2017-09-20,0.08500000089406967
2017-09-21,0.08500000089406967
2017-09-22,0.08500000089406967
2017-09-25,0.08500000089406967
2017-09-26,0.0860000029206276
2017-09-27,0.08500000089406967
2017-09-28,0.0860000029206276
2017-09-29,0.0860000029206276
2017-10-02,0.0860000029206276
2017-10-03,0.08399999886751175
2017-10-04,0.0860000029206276
2017-10-05,0.0860000029206276
2017-10-06,0.08500000089406967
2017-10-09,0.08699999749660492
2017-10-10,0.08699999749660492
2017-10-11,0.08900000154972076
2017-10-12,0.08699999749660492
2017-10-13,0.08900000154972076
2017-10-16,0.08699999749660492
2017-10-17,0.08799999952316284
2017-10-18,0.08799999952316284
2017-10-19,0.08900000154972076
2017-10-20,0.08699999749660492
2017-10-23,0.09099999815225601
2017-10-24,0.09300000220537186
2017-10-25,0.0989999994635582
2017-10-26,0.09600000083446503
2017-10-27,0.10000000149011612
2017-10-30,0.0989999994635582
2017-10-31,0.10000000149011612
2017-11-01,0.10000000149011612
2017-11-02,0.10000000149011612
2017-11-03,0.10000000149011612
2017-11-06,0.10000000149011612
2017-11-07,0.10499999672174454
2017-11-08,0.10199999809265137
2017-11-09,0.10000000149011612
2017-11-10,0.10499999672174454
2017-11-13,0.10000000149011612
2017-11-14,0.10499999672174454
2017-11-15,0.10499999672174454
2017-11-16,0.10499999672174454
2017-11-17,0.10000000149011612
2017-11-20,0.10499999672174454
2017-11-21,0.10499999672174454
2017-11-22,0.10999999940395355
2017-11-23,0.10000000149011612
2017-11-24,0.10499999672174454
2017-11-27,0.10499999672174454
2017-11-28,0.10000000149011612
2017-11-29,0.10499999672174454
2017-11-30,0.10499999672174454
2017-12-01,0.10000000149011612
2017-12-04,0.10499999672174454
2017-12-05,0.10000000149011612
2017-12-06,0.10000000149011612
2017-12-07,0.09600000083446503
2017-12-08,0.09600000083446503
2017-12-11,0.10000000149011612
2017-12-12,0.10000000149011612
2017-12-13,0.09700000286102295
2017-12-14,0.09799999743700027
2017-12-15,0.0989999994635582
2017-12-18,0.09399999678134918
2017-12-19,0.09300000220537186
2017-12-20,0.0949999988079071
2017-12-21,0.09799999743700027
2017-12-22,0.09700000286102295
2017-12-27,0.09600000083446503
2017-12-28,0.0949999988079071
2017-12-29,0.09799999743700027
2018-01-02,0.09799999743700027
2018-01-03,0.09600000083446503
2018-01-04,0.09700000286102295
2018-01-05,0.0989999994635582
2018-01-08,0.10000000149011612
2018-01-09,0.10000000149011612
2018-01-10,0.09700000286102295
2018-01-11,0.10499999672174454
2018-01-12,0.10499999672174454
2018-01-15,0.10000000149011612
2018-01-16,0.10499999672174454
2018-01-17,0.10000000149011612
2018-01-18,0.10000000149011612
2018-01-19,0.10000000149011612
2018-01-22,0.10499999672174454
2018-01-23,0.10499999672174454
2018-01-24,0.10499999672174454
2018-01-25,0.10499999672174454
2018-01-29,0.10999999940395355
2018-01-30,0.10999999940395355
2018-01-31,0.11999999731779099
2018-02-01,0.125
2018-02-02,0.125
2018-02-05,0.11999999731779099
2018-02-06,0.11500000208616257
2018-02-07,0.11999999731779099
2018-02-08,0.125
2018-02-09,0.11999999731779099
2018-02-12,0.125
2018-02-13,0.12999999523162842
2018-02-14,0.13500000536441803
2018-02-15,0.14000000059604645
2018-02-16,0.14000000059604645
2018-02-19,0.13500000536441803
2018-02-20,0.14499999582767487
2018-02-21,0.14000000059604645
2018-02-22,0.13500000536441803
2018-02-23,0.13500000536441803
2018-02-26,0.13500000536441803
2018-02-27,0.14000000059604645
2018-02-28,0.13500000536441803
2018-03-01,0.14000000059604645
2018-03-02,0.13500000536441803
2018-03-05,0.13500000536441803
2018-03-06,0.13500000536441803
2018-03-07,0.13500000536441803
2018-03-08,0.13500000536441803
2018-03-09,0.14000000059604645
2018-03-12,0.13500000536441803
2018-03-13,0.13500000536441803
2018-03-14,0.13500000536441803
2018-03-15,0.13500000536441803
2018-03-16,0.13500000536441803
2018-03-19,0.13500000536441803
2018-03-20,0.12999999523162842
2018-03-21,0.12999999523162842
2018-03-22,0.12999999523162842
2018-03-23,0.13500000536441803
2018-03-26,0.12999999523162842
2018-03-27,0.13500000536441803
2018-03-28,0.12999999523162842
2018-03-29,0.14000000059604645
2018-04-03,0.13500000536441803
2018-04-04,0.14000000059604645
2018-04-05,0.13500000536441803
2018-04-06,0.13500000536441803
2018-04-09,0.14000000059604645
2018-04-10,0.14000000059604645
2018-04-11,0.15000000596046448
2018-04-12,0.14499999582767487
2018-04-13,0.14499999582767487
2018-04-16,0.14499999582767487
2018-04-17,0.14499999582767487
2018-04-18,0.14499999582767487
2018-04-19,0.14499999582767487
2018-04-20,0.14499999582767487
2018-04-23,0.15000000596046448
2018-04-24,0.15000000596046448
2018-04-26,0.14499999582767487
2018-04-27,0.14499999582767487
2018-04-30,0.14499999582767487
2018-05-01,0.15000000596046448
2018-05-02,0.15000000596046448
2018-05-03,0.14499999582767487
2018-05-04,0.1550000011920929
2018-05-07,0.16500000655651093
2018-05-08,0.17000000178813934
2018-05-09,0.17499999701976776
2018-05-10,0.17499999701976776
2018-05-11,0.15000000596046448
2018-05-14,0.1550000011920929
2018-05-15,0.1550000011920929
2018-05-16,0.14000000059604645
2018-05-17,0.14499999582767487
2018-05-18,0.14499999582767487
2018-05-21,0.14000000059604645
2018-05-22,0.14000000059604645
2018-05-23,0.14000000059604645
2018-05-24,0.14000000059604645
2018-05-25,0.13500000536441803
2018-05-28,0.125
2018-05-29,0.12999999523162842
2018-05-30,0.12999999523162842
2018-05-31,0.14000000059604645
2018-06-01,0.12999999523162842
2018-06-04,0.14000000059604645
2018-06-05,0.13500000536441803
2018-06-06,0.14000000059604645
2018-06-07,0.14499999582767487
2018-06-08,0.15000000596046448
2018-06-12,0.14000000059604645
2018-06-13,0.14000000059604645
2018-06-14,0.13500000536441803
2018-06-15,0.14000000059604645
2018-06-18,0.13500000536441803
2018-06-19,0.13500000536441803
2018-06-20,0.13500000536441803
2018-06-21,0.13500000536441803
2018-06-22,0.12999999523162842
2018-06-25,0.13500000536441803
2018-06-26,0.13500000536441803
2018-06-27,0.14000000059604645
2018-06-28,0.13500000536441803
2018-06-29,0.15000000596046448
2018-07-02,0.14499999582767487
2018-07-03,0.14000000059604645
2018-07-04,0.14499999582767487
2018-07-05,0.14000000059604645
2018-07-06,0.14000000059604645
2018-07-09,0.14499999582767487
2018-07-10,0.14499999582767487
2018-07-11,0.14499999582767487
2018-07-12,0.16500000655651093
2018-07-13,0.17499999701976776
2018-07-16,0.17499999701976776
2018-07-17,0.17499999701976776
2018-07-18,0.2750000059604645
2018-07-19,0.3400000035762787
2018-07-20,0.33000001311302185
2018-07-23,0.36000001430511475
2018-07-24,0.44999998807907104
2018-07-25,0.4099999964237213
2018-07-26,0.4399999976158142
2018-07-27,0.46000000834465027
2018-07-30,0.45500001311302185
2018-07-31,0.4950000047683716
2018-08-01,0.4699999988079071
2018-08-02,0.4399999976158142
2018-08-03,0.48500001430511475
2018-08-06,0.48500001430511475
2018-08-07,0.48500001430511475
2018-08-08,0.6299999952316284
2018-08-09,0.6299999952316284
2018-08-10,0.6200000047683716
2018-08-13,0.4050000011920929
2018-08-14,0.4300000071525574
2018-08-15,0.4000000059604645
2018-08-16,0.4000000059604645
2018-08-17,0.41999998688697815
2018-08-20,0.36000001430511475
2018-08-21,0.39500001072883606
2018-08-22,0.38499999046325684
2018-08-23,0.375
2018-08-24,0.38499999046325684
2018-08-27,0.38999998569488525
2018-08-28,0.375
2018-08-29,0.36500000953674316
2018-08-30,0.3700000047683716
2018-08-31,0.3700000047683716
2018-09-03,0.36500000953674316
2018-09-04,0.36500000953674316
2018-09-05,0.3449999988079071
2018-09-06,0.35499998927116394
2018-09-07,0.3499999940395355
2018-09-10,0.3400000035762787
2018-09-11,0.32499998807907104
2018-09-12,0.3199999928474426
2018-09-13,0.3499999940395355
2018-09-14,0.36500000953674316
2018-09-17,0.36500000953674316
2018-09-18,0.3499999940395355
2018-09-19,0.36500000953674316
2018-09-20,0.38999998569488525
2018-09-21,0.3700000047683716
2018-09-24,0.39500001072883606
2018-09-25,0.375
2018-09-26,0.4050000011920929
2018-09-27,0.39500001072883606
2018-09-28,0.4000000059604645
2018-10-01,0.4000000059604645
2018-10-02,0.4050000011920929
2018-10-03,0.4300000071525574
2018-10-04,0.4650000035762787
2018-10-05,0.4449999928474426
2018-10-08,0.41499999165534973
2018-10-09,0.41499999165534973
2018-10-10,0.4099999964237213
2018-10-11,0.38999998569488525
2018-10-12,0.38999998569488525
2018-10-15,0.39500001072883606
2018-10-16,0.4050000011920929
2018-10-17,0.4050000011920929
2018-10-18,0.39500001072883606
2018-10-19,0.4000000059604645
2018-10-22,0.38999998569488525
2018-10-23,0.3799999952316284
2018-10-24,0.375
2018-10-25,0.35499998927116394
2018-10-26,0.36500000953674316
2018-10-29,0.35499998927116394
2018-10-30,0.3499999940395355
2018-10-31,0.3499999940395355
2018-11-01,0.3449999988079071
2018-11-02,0.3499999940395355
2018-11-05,0.35499998927116394
2018-11-06,0.38499999046325684
2018-11-07,0.36500000953674316
2018-11-08,0.3799999952316284
2018-11-09,0.38499999046325684
2018-11-12,0.375
2018-11-13,0.35499998927116394
2018-11-14,0.3499999940395355
2018-11-15,0.3499999940395355
2018-11-16,0.36000001430511475
2018-11-19,0.35499998927116394
2018-11-20,0.3449999988079071
2018-11-21,0.3400000035762787
2018-11-22,0.3400000035762787
2018-11-23,0.3499999940395355
2018-11-26,0.33500000834465027
2018-11-27,0.3400000035762787
2018-11-28,0.3400000035762787
2018-11-29,0.3400000035762787
2018-11-30,0.33000001311302185
2018-12-03,0.3449999988079071
2018-12-04,0.3400000035762787
2018-12-05,0.3400000035762787
2018-12-06,0.33000001311302185
2018-12-07,0.33000001311302185
2018-12-10,0.33000001311302185
2018-12-11,0.3149999976158142
2018-12-12,0.3199999928474426
2018-12-13,0.3199999928474426
2018-12-14,0.3199999928474426
2018-12-17,0.32499998807907104
2018-12-18,0.33000001311302185
2018-12-19,0.3149999976158142
2018-12-20,0.3199999928474426
2018-12-21,0.3149999976158142
2018-12-24,0.3149999976158142
2018-12-27,0.3199999928474426
2018-12-28,0.3199999928474426
2018-12-31,0.32499998807907104
2019-01-02,0.33000001311302185
2019-01-03,0.33000001311302185
2019-01-04,0.3199999928474426
2019-01-07,0.32499998807907104
2019-01-08,0.32499998807907104
2019-01-09,0.3449999988079071
2019-01-10,0.36500000953674316
2019-01-11,0.36500000953674316
2019-01-14,0.35499998927116394
2019-01-15,0.3700000047683716
2019-01-16,0.36000001430511475
2019-01-17,0.36000001430511475
2019-01-18,0.36000001430511475
2019-01-21,0.3700000047683716
2019-01-22,0.36000001430511475
2019-01-23,0.35499998927116394
2019-01-24,0.36500000953674316
2019-01-25,0.36000001430511475
2019-01-29,0.375
2019-01-30,0.38499999046325684
2019-01-31,0.38499999046325684
2019-02-01,0.3799999952316284
2019-02-04,0.38999998569488525
2019-02-05,0.38999998569488525
2019-02-06,0.38499999046325684
2019-02-07,0.3799999952316284
2019-02-08,0.36500000953674316
2019-02-11,0.3700000047683716
2019-02-12,0.3700000047683716
2019-02-13,0.3700000047683716
2019-02-14,0.375
2019-02-15,0.375
2019-02-18,0.3700000047683716
2019-02-19,0.36000001430511475
2019-02-20,0.3799999952316284
2019-02-21,0.4300000071525574
2019-02-22,0.4300000071525574
2019-02-25,0.4350000023841858
2019-02-26,0.4099999964237213
2019-02-27,0.4050000011920929
2019-02-28,0.4050000011920929
2019-03-01,0.4050000011920929
2019-03-04,0.4099999964237213
2019-03-05,0.4050000011920929
2019-03-06,0.4099999964237213
2019-03-07,0.41999998688697815
2019-03-08,0.4300000071525574
2019-03-11,0.46000000834465027
2019-03-12,0.4399999976158142
2019-03-13,0.4399999976158142
2019-03-14,0.44999998807907104
2019-03-15,0.4449999928474426
2019-03-18,0.4650000035762787
2019-03-19,0.45500001311302185
2019-03-20,0.4399999976158142
2019-03-21,0.46000000834465027
2019-03-22,0.4650000035762787
2019-03-25,0.44999998807907104
2019-03-26,0.4300000071525574
2019-03-27,0.4399999976158142
2019-03-28,0.4350000023841858
2019-03-29,0.41499999165534973
2019-04-01,0.4300000071525574
2019-04-02,0.4399999976158142
2019-04-03,0.4300000071525574
2019-04-04,0.41999998688697815
2019-04-05,0.41999998688697815
2019-04-08,0.4350000023841858
2019-04-09,0.4350000023841858
2019-04-10,0.4399999976158142
2019-04-11,0.4300000071525574
2019-04-12,0.4350000023841858
2019-04-15,0.4300000071525574
2019-04-16,0.4399999976158142
2019-04-17,0.4350000023841858
2019-04-18,0.4350000023841858
2019-04-23,0.4449999928474426
2019-04-24,0.4449999928474426
2019-04-26,0.44999998807907104
2019-04-29,0.45500001311302185
2019-04-30,0.4350000023841858
2019-05-01,0.4399999976158142
2019-05-02,0.44999998807907104
2019-05-03,0.4350000023841858
2019-05-06,0.41499999165534973
2019-05-07,0.4099999964237213
2019-05-08,0.4099999964237213
2019-05-09,0.41999998688697815
2019-05-10,0.4399999976158142
2019-05-13,0.4399999976158142
2019-05-14,0.42500001192092896
2019-05-15,0.4300000071525574
2019-05-16,0.4300000071525574
2019-05-17,0.4350000023841858
2019-05-20,0.4399999976158142
2019-05-21,0.41999998688697815
2019-05-22,0.4350000023841858
2019-05-23,0.4449999928474426
2019-05-24,0.41999998688697815
2019-05-27,0.42500001192092896
2019-05-28,0.41999998688697815
2019-05-29,0.5199999809265137
2019-05-30,0.5400000214576721
2019-05-31,0.5299999713897705
2019-06-03,0.5099999904632568
2019-06-04,0.5199999809265137
2019-06-05,0.5400000214576721
2019-06-06,0.5600000023841858
2019-06-07,0.5350000262260437
2019-06-11,0.550000011920929
2019-06-12,0.5550000071525574
2019-06-13,0.5450000166893005
2019-06-14,0.5550000071525574
2019-06-17,0.5299999713897705
2019-06-18,0.5299999713897705
2019-06-19,0.5550000071525574
2019-06-20,0.550000011920929
2019-06-21,0.5849999785423279
2019-06-24,0.5649999976158142
2019-06-25,0.5550000071525574
2019-06-26,0.5699999928474426
2019-06-27,0.5799999833106995
2019-06-28,0.6000000238418579
2019-07-01,0.6100000143051147
2019-07-02,0.5849999785423279
2019-07-03,0.5799999833106995
2019-07-04,0.5799999833106995
2019-07-05,0.5799999833106995
2019-07-08,0.45500001311302185
2019-07-09,0.4449999928474426
2019-07-10,0.4749999940395355
2019-07-11,0.4699999988079071
2019-07-12,0.4650000035762787
2019-07-15,0.4399999976158142
2019-07-16,0.4399999976158142
2019-07-17,0.41999998688697815
2019-07-18,0.4350000023841858
2019-07-19,0.4300000071525574
2019-07-22,0.42500001192092896
2019-07-23,0.42500001192092896
2019-07-24,0.42500001192092896
2019-07-25,0.4050000011920929
2019-07-26,0.4050000011920929
2019-07-29,0.4099999964237213
2019-07-30,0.4099999964237213
2019-07-31,0.4099999964237213
2019-08-01,0.4000000059604645
2019-08-02,0.4000000059604645
2019-08-05,0.38999998569488525
2019-08-06,0.375
2019-08-07,0.3799999952316284
2019-08-08,0.38499999046325684
2019-08-09,0.38999998569488525
2019-08-12,0.38499999046325684
2019-08-13,0.38499999046325684
2019-08-14,0.38499999046325684
2019-08-15,0.3799999952316284
2019-08-16,0.375
2019-08-19,0.38999998569488525
2019-08-20,0.38999998569488525
2019-08-21,0.38999998569488525
2019-08-22,0.39500001072883606
2019-08-23,0.39500001072883606
2019-08-26,0.3700000047683716
2019-08-27,0.36500000953674316
2019-08-28,0.38499999046325684
2019-08-29,0.3799999952316284
2019-08-30,0.36500000953674316
2019-09-02,0.36500000953674316
2019-09-03,0.36500000953674316
2019-09-04,0.36500000953674316
2019-09-05,0.375
2019-09-06,0.375
2019-09-09,0.38499999046325684
2019-09-10,0.3700000047683716
2019-09-11,0.38499999046325684
2019-09-12,0.38499999046325684
2019-09-13,0.3700000047683716
2019-09-16,0.38499999046325684
2019-09-17,0.39500001072883606
2019-09-18,0.38999998569488525
2019-09-19,0.41999998688697815
2019-09-20,0.41499999165534973
2019-09-23,0.4099999964237213
2019-09-24,0.4099999964237213
2019-09-25,0.39500001072883606
2019-09-26,0.38999998569488525
2019-09-27,0.39500001072883606
2019-09-30,0.38999998569488525
2019-10-01,0.38499999046325684
2019-10-02,0.375
2019-10-03,0.375
2019-10-04,0.3799999952316284
2019-10-07,0.3799999952316284
2019-10-08,0.4000000059604645
2019-10-09,0.4000000059604645
2019-10-10,0.4000000059604645
2019-10-11,0.4099999964237213
2019-10-14,0.41499999165534973
2019-10-15,0.4099999964237213
2019-10-16,0.4050000011920929
2019-10-17,0.4000000059604645
2019-10-18,0.4000000059604645
2019-10-21,0.39500001072883606
2019-10-22,0.38999998569488525
2019-10-23,0.375
2019-10-24,0.3799999952316284
2019-10-25,0.3799999952316284
2019-10-28,0.3799999952316284
2019-10-29,0.375
2019-10-30,0.375
2019-10-31,0.3799999952316284
2019-11-01,0.3799999952316284
2019-11-04,0.3700000047683716
2019-11-05,0.375
2019-11-06,0.375
2019-11-07,0.3700000047683716
2019-11-08,0.36000001430511475
2019-11-11,0.36000001430511475
2019-11-12,0.36000001430511475
2019-11-13,0.35499998927116394
2019-11-14,0.36000001430511475
2019-11-15,0.35499998927116394
2019-11-18,0.3449999988079071
2019-11-19,0.3499999940395355
2019-11-20,0.3449999988079071
2019-11-21,0.3400000035762787
2019-11-22,0.3400000035762787
2019-11-25,0.33500000834465027
2019-11-26,0.3400000035762787
2019-11-27,0.3400000035762787
2019-11-28,0.33500000834465027
2019-11-29,0.33000001311302185
2019-12-02,0.3400000035762787
2019-12-03,0.33500000834465027
2019-12-04,0.33000001311302185
2019-12-05,0.32499998807907104
2019-12-06,0.3199999928474426
2019-12-09,0.3149999976158142
2019-12-10,0.3149999976158142
2019-12-11,0.3149999976158142
2019-12-12,0.3100000023841858
2019-12-13,0.3100000023841858
2019-12-16,0.3400000035762787
2019-12-17,0.3400000035762787
2019-12-18,0.3499999940395355
2019-12-19,0.3449999988079071
2019-12-20,0.3449999988079071
2019-12-23,0.3499999940395355
2019-12-24,0.36000001430511475
2019-12-27,0.36000001430511475
2019-12-30,0.36500000953674316
2019-12-31,0.3700000047683716
2020-01-02,0.36000001430511475
2020-01-03,0.375
2020-01-06,0.38999998569488525
2020-01-07,0.3700000047683716
2020-01-08,0.375
2020-01-09,0.36500000953674316
2020-01-10,0.36000001430511475
2020-01-13,0.36000001430511475
2020-01-14,0.35499998927116394
2020-01-15,0.36000001430511475
2020-01-16,0.35499998927116394
2020-01-17,0.36000001430511475
2020-01-20,0.36500000953674316
2020-01-21,0.35499998927116394
2020-01-22,0.35499998927116394
2020-01-23,0.35499998927116394
2020-01-24,0.3400000035762787
2020-01-28,0.3400000035762787
2020-01-29,0.3400000035762787
2020-01-30,0.33000001311302185
2020-01-31,0.3449999988079071
2020-02-03,0.33000001311302185
2020-02-04,0.33000001311302185
2020-02-05,0.32499998807907104
2020-02-06,0.3400000035762787
2020-02-07,0.33000001311302185
2020-02-10,0.32499998807907104
2020-02-11,0.32499998807907104
2020-02-12,0.32499998807907104
2020-02-13,0.32499998807907104
2020-02-14,0.32499998807907104
2020-02-17,0.3149999976158142
2020-02-18,0.3199999928474426
2020-02-19,0.3100000023841858
2020-02-20,0.3149999976158142
2020-02-21,0.30000001192092896
2020-02-24,0.29499998688697815
2020-02-25,0.28999999165534973
2020-02-26,0.27000001072883606
2020-02-27,0.26499998569488525
2020-02-28,0.24500000476837158
2020-03-02,0.25
2020-03-03,0.25999999046325684
2020-03-04,0.2549999952316284
2020-03-05,0.24500000476837158
2020-03-06,0.23499999940395355
2020-03-09,0.17499999701976776
2020-03-10,0.19499999284744263
2020-03-11,0.18000000715255737
2020-03-12,0.17000000178813934
2020-03-13,0.15000000596046448
2020-03-16,0.14499999582767487
2020-03-17,0.15000000596046448
2020-03-18,0.14499999582767487
2020-03-19,0.13500000536441803
2020-03-20,0.15000000596046448
2020-03-23,0.11500000208616257
2020-03-24,0.125
2020-03-25,0.13500000536441803
2020-03-26,0.14499999582767487
2020-03-27,0.14499999582767487
2020-03-30,0.14000000059604645
2020-03-31,0.14499999582767487
2020-04-01,0.15000000596046448
2020-04-02,0.15000000596046448
2020-04-03,0.15000000596046448
2020-04-06,0.1599999964237213
2020-04-07,0.1599999964237213
2020-04-08,0.1550000011920929
2020-04-09,0.1550000011920929
2020-04-14,0.18000000715255737
2020-04-15,0.17000000178813934
2020-04-16,0.16500000655651093
2020-04-17,0.17000000178813934
2020-04-20,0.1599999964237213
2020-04-21,0.16500000655651093
2020-04-22,0.17000000178813934
2020-04-23,0.17499999701976776
2020-04-24,0.17000000178813934
2020-04-27,0.1599999964237213
2020-04-28,0.16500000655651093
2020-04-29,0.17000000178813934
2020-04-30,0.1899999976158142
2020-05-01,0.1899999976158142
2020-05-04,0.18000000715255737
2020-05-05,0.1899999976158142
2020-05-06,0.20000000298023224
2020-05-07,0.19499999284744263
2020-05-08,0.20000000298023224
2020-05-11,0.23499999940395355
2020-05-12,0.23499999940395355
2020-05-13,0.23000000417232513
2020-05-14,0.20999999344348907
2020-05-15,0.20999999344348907
2020-05-18,0.2199999988079071
2020-05-19,0.23499999940395355
2020-05-20,0.23000000417232513
2020-05-21,0.23000000417232513
2020-05-22,0.2199999988079071
2020-05-25,0.22499999403953552
2020-05-26,0.22499999403953552
2020-05-27,0.23000000417232513
2020-05-28,0.22499999403953552
2020-05-29,0.2199999988079071
2020-06-01,0.2150000035762787
2020-06-02,0.2150000035762787
2020-06-03,0.23499999940395355
2020-06-04,0.23000000417232513
2020-06-05,0.23000000417232513
2020-06-09,0.23999999463558197
2020-06-10,0.22499999403953552
2020-06-11,0.2150000035762787
2020-06-12,0.20999999344348907
2020-06-15,0.20000000298023224
2020-06-16,0.20000000298023224
2020-06-17,0.20499999821186066
2020-06-18,0.20499999821186066
2020-06-19,0.20499999821186066
2020-06-22,0.20999999344348907
2020-06-23,0.20499999821186066
2020-06-24,0.19499999284744263
2020-06-25,0.19499999284744263
2020-06-26,0.19499999284744263
2020-06-29,0.1850000023841858
2020-06-30,0.19499999284744263
2020-07-01,0.19499999284744263
2020-07-02,0.1899999976158142
2020-07-03,0.1899999976158142
2020-07-06,0.1899999976158142
2020-07-07,0.19499999284744263
2020-07-08,0.1850000023841858
2020-07-09,0.1899999976158142
2020-07-10,0.19499999284744263
2020-07-13,0.1899999976158142
2020-07-14,0.1850000023841858
2020-07-15,0.1850000023841858
2020-07-16,0.1899999976158142
2020-07-17,0.1850000023841858
2020-07-20,0.19499999284744263
2020-07-21,0.20000000298023224
2020-07-22,0.20000000298023224
2020-07-23,0.20499999821186066
2020-07-24,0.19499999284744263
2020-07-27,0.19499999284744263
2020-07-28,0.1850000023841858
2020-07-29,0.1899999976158142
2020-07-30,0.1899999976158142
2020-07-31,0.1850000023841858
2020-08-03,0.18000000715255737
2020-08-04,0.1850000023841858
2020-08-05,0.1850000023841858
2020-08-06,0.1850000023841858
2020-08-07,0.1850000023841858
2020-08-10,0.19499999284744263
2020-08-11,0.1850000023841858
2020-08-12,0.1850000023841858
2020-08-13,0.1899999976158142
2020-08-14,0.19499999284744263
2020-08-17,0.1899999976158142
2020-08-18,0.19499999284744263
2020-08-19,0.20499999821186066
2020-08-20,0.19499999284744263
2020-08-21,0.20000000298023224
2020-08-24,0.20000000298023224
2020-08-25,0.19499999284744263
2020-08-26,0.19499999284744263
2020-08-27,0.1899999976158142
2020-08-28,0.1850000023841858
2020-08-31,0.19499999284744263
2020-09-01,0.19499999284744263
2020-09-02,0.19499999284744263
2020-09-03,0.1899999976158142
2020-09-04,0.1899999976158142
2020-09-07,0.20000000298023224
2020-09-08,0.20000000298023224
2020-09-09,0.20000000298023224
2020-09-10,0.1899999976158142
2020-09-11,0.19499999284744263
2020-09-14,0.19499999284744263
2020-09-15,0.19499999284744263
2020-09-16,0.20000000298023224
2020-09-17,0.20499999821186066
2020-09-18,0.20000000298023224
2020-09-21,0.19499999284744263
2020-09-22,0.1899999976158142
2020-09-23,0.20499999821186066
2020-09-24,0.20000000298023224
2020-09-25,0.20499999821186066
2020-09-28,0.20499999821186066
2020-09-29,0.2199999988079071
2020-09-30,0.20999999344348907
2020-10-01,0.2150000035762787
2020-10-02,0.2150000035762787
2020-10-05,0.20999999344348907
2020-10-06,0.20499999821186066
2020-10-07,0.20499999821186066
2020-10-08,0.2150000035762787
2020-10-09,0.23000000417232513
2020-10-12,0.23000000417232513
2020-10-13,0.24500000476837158
2020-10-14,0.23000000417232513
2020-10-15,0.24500000476837158
2020-10-16,0.25
2020-10-19,0.24500000476837158
2020-10-20,0.25
2020-10-21,0.2549999952316284
2020-10-22,0.24500000476837158
2020-10-23,0.25999999046325684
2020-10-26,0.25
2020-10-27,0.23999999463558197
2020-10-28,0.23999999463558197
2020-10-29,0.23000000417232513
2020-10-30,0.23000000417232513
2020-11-02,0.22499999403953552
2020-11-03,0.23499999940395355
2020-11-04,0.24500000476837158
2020-11-05,0.25
2020-11-06,0.24500000476837158
2020-11-09,0.25
2020-11-10,0.26499998569488525
2020-11-11,0.2750000059604645
2020-11-12,0.26499998569488525
2020-11-13,0.24500000476837158
2020-11-16,0.2549999952316284
2020-11-17,0.25
2020-11-18,0.2549999952316284
2020-11-19,0.24500000476837158
2020-11-20,0.25
2020-11-23,0.23999999463558197
2020-11-24,0.25
2020-11-25,0.28999999165534973
2020-11-26,0.2849999964237213
2020-11-27,0.2750000059604645
2020-11-30,0.27000001072883606
2020-12-01,0.2800000011920929
2020-12-02,0.2800000011920929
2020-12-03,0.2750000059604645
2020-12-04,0.2800000011920929
2020-12-07,0.2849999964237213
2020-12-08,0.2800000011920929
2020-12-09,0.2849999964237213
2020-12-10,0.2849999964237213
2020-12-11,0.2849999964237213
2020-12-14,0.2849999964237213
2020-12-15,0.2800000011920929
2020-12-16,0.2849999964237213
2020-12-17,0.30000001192092896
2020-12-18,0.3100000023841858
2020-12-21,0.3050000071525574
2020-12-22,0.2849999964237213
2020-12-23,0.2849999964237213
2020-12-24,0.2849999964237213
2020-12-29,0.30000001192092896
2020-12-30,0.30000001192092896
2020-12-31,0.30000001192092896
2021-01-04,0.29499998688697815
2021-01-05,0.28999999165534973
2021-01-06,0.30000001192092896
2021-01-07,0.3050000071525574
2021-01-08,0.3100000023841858
2021-01-11,0.32499998807907104
2021-01-12,0.3050000071525574
2021-01-13,0.3100000023841858
2021-01-14,0.3149999976158142
2021-01-15,0.3100000023841858
2021-01-18,0.3100000023841858
2021-01-19,0.3100000023841858
2021-01-20,0.3149999976158142
2021-01-21,0.3100000023841858
2021-01-22,0.3149999976158142
2021-01-25,0.3050000071525574
2021-01-27,0.29499998688697815
2021-01-28,0.2849999964237213
2021-01-29,0.2750000059604645
2021-02-01,0.2549999952316284
2021-02-02,0.26499998569488525
2021-02-03,0.2750000059604645
2021-02-04,0.27000001072883606
2021-02-05,0.2800000011920929
2021-02-08,0.2750000059604645
2021-02-09,0.2750000059604645
2021-02-10,0.2800000011920929
2021-02-11,0.2750000059604645
2021-02-12,0.2750000059604645
2021-02-15,0.2849999964237213
2021-02-16,0.2849999964237213
2021-02-17,0.2750000059604645
2021-02-18,0.2750000059604645
2021-02-19,0.27000001072883606
2021-02-22,0.27000001072883606
2021-02-23,0.2800000011920929
2021-02-24,0.2750000059604645
2021-02-25,0.2800000011920929
2021-02-26,0.2800000011920929
2021-03-01,0.2800000011920929
2021-03-02,0.2800000011920929
2021-03-03,0.2750000059604645
2021-03-04,0.2750000059604645
2021-03-05,0.27000001072883606
2021-03-08,0.27000001072883606
2021-03-09,0.2750000059604645
2021-03-10,0.27000001072883606
2021-03-11,0.27000001072883606
2021-03-12,0.2800000011920929
2021-03-15,0.2750000059604645
2021-03-16,0.27000001072883606
2021-03-17,0.26499998569488525
2021-03-18,0.26499998569488525
2021-03-19,0.25
2021-03-22,0.25999999046325684
2021-03-23,0.25999999046325684
2021-03-24,0.2549999952316284
2021-03-25,0.26499998569488525
2021-03-26,0.26499998569488525
2021-03-29,0.27000001072883606
2021-03-30,0.2750000059604645
2021-03-31,0.25999999046325684
2021-04-01,0.26499998569488525
2021-04-06,0.25999999046325684
2021-04-07,0.25999999046325684
2021-04-08,0.2549999952316284
2021-04-09,0.2800000011920929
2021-04-12,0.30000001192092896
2021-04-13,0.2800000011920929
2021-04-14,0.28999999165534973
2021-04-15,0.2849999964237213
2021-04-16,0.2849999964237213
2021-04-19,0.2849999964237213
2021-04-20,0.2849999964237213
2021-04-21,0.2750000059604645
2021-04-22,0.26499998569488525
2021-04-23,0.25999999046325684
2021-04-26,0.25999999046325684
2021-04-27,0.27000001072883606
2021-04-28,0.26499998569488525
2021-04-29,0.27000001072883606
2021-04-30,0.25999999046325684
2021-05-03,0.25999999046325684
2021-05-04,0.26499998569488525
2021-05-05,0.2800000011920929
2021-05-06,0.2800000011920929
2021-05-07,0.2800000011920929
2021-05-10,0.2849999964237213
2021-05-11,0.27000001072883606
2021-05-12,0.26499998569488525
2021-05-13,0.26499998569488525
2021-05-14,0.26499998569488525
2021-05-17,0.27000001072883606
2021-05-18,0.26499998569488525
2021-05-19,0.26499998569488525
2021-05-20,0.26499998569488525
2021-05-21,0.2549999952316284
2021-05-24,0.25
2021-05-25,0.25
2021-05-26,0.24500000476837158
2021-05-27,0.24500000476837158
2021-05-28,0.25
2021-05-31,0.23999999463558197
2021-06-01,0.24500000476837158
2021-06-02,0.23999999463558197
2021-06-03,0.24500000476837158
2021-06-04,0.25
2021-06-07,0.2549999952316284
2021-06-08,0.25999999046325684
2021-06-09,0.2549999952316284
2021-06-10,0.25
2021-06-11,0.25999999046325684
2021-06-15,0.2549999952316284
2021-06-16,0.25
2021-06-17,0.25
2021-06-18,0.24500000476837158
2021-06-21,0.23999999463558197
2021-06-22,0.23999999463558197
2021-06-23,0.25
2021-06-24,0.24500000476837158
2021-06-25,0.25
2021-06-28,0.23999999463558197
2021-06-29,0.2549999952316284
2021-06-30,0.25
2021-07-01,0.26499998569488525
2021-07-02,0.2750000059604645
2021-07-05,0.2849999964237213
2021-07-06,0.2800000011920929
2021-07-07,0.2800000011920929
2021-07-08,0.2800000011920929
2021-07-09,0.2849999964237213
2021-07-12,0.2750000059604645
2021-07-13,0.2800000011920929
2021-07-14,0.27000001072883606
2021-07-15,0.2750000059604645
2021-07-16,0.2750000059604645
2021-07-19,0.25
2021-07-20,0.27000001072883606
2021-07-21,0.25999999046325684
2021-07-22,0.26499998569488525
2021-07-23,0.27000001072883606
2021-07-26,0.25
2021-07-27,0.2549999952316284
2021-07-28,0.2549999952316284
2021-07-29,0.2549999952316284
2021-07-30,0.26499998569488525
2021-08-02,0.2549999952316284
2021-08-03,0.25999999046325684
2021-08-04,0.25999999046325684
2021-08-05,0.26499998569488525
2021-08-06,0.25999999046325684
2021-08-09,0.25999999046325684
2021-08-10,0.25999999046325684
2021-08-11,0.26499998569488525
2021-08-12,0.26499998569488525
2021-08-13,0.26499998569488525
2021-08-16,0.25999999046325684
2021-08-17,0.25999999046325684
2021-08-18,0.25999999046325684
2021-08-19,0.25
2021-08-20,0.25
2021-08-23,0.24500000476837158
2021-08-24,0.24500000476837158
2021-08-25,0.24500000476837158
2021-08-26,0.25
2021-08-27,0.25
2021-08-30,0.24500000476837158
2021-08-31,0.2549999952316284
2021-09-01,0.25
2021-09-02,0.25
2021-09-03,0.2549999952316284
2021-09-06,0.25999999046325684
2021-09-07,0.2549999952316284
2021-09-08,0.2549999952316284
2021-09-09,0.2549999952316284
2021-09-10,0.2549999952316284
2021-09-13,0.26499998569488525
2021-09-14,0.2750000059604645
2021-09-15,0.27000001072883606
2021-09-16,0.26499998569488525
2021-09-17,0.26499998569488525
2021-09-20,0.25999999046325684
2021-09-21,0.25
2021-09-22,0.27000001072883606
2021-09-23,0.26499998569488525
2021-09-24,0.27000001072883606
2021-09-27,0.2800000011920929
2021-09-28,0.30000001192092896
2021-09-29,0.30000001192092896
2021-09-30,0.3149999976158142
2021-10-01,0.3100000023841858
2021-10-04,0.3149999976158142
2021-10-05,0.3400000035762787
2021-10-06,0.3400000035762787
2021-10-07,0.3199999928474426
2021-10-08,0.3199999928474426
2021-10-11,0.3149999976158142
2021-10-12,0.33000001311302185
2021-10-13,0.33000001311302185
2021-10-14,0.3199999928474426
2021-10-15,0.3199999928474426
2021-10-18,0.32499998807907104
2021-10-19,0.33000001311302185
2021-10-20,0.33500000834465027
2021-10-21,0.33500000834465027
2021-10-22,0.3199999928474426
2021-10-25,0.33000001311302185
2021-10-26,0.3499999940395355
2021-10-27,0.36000001430511475
2021-10-28,0.36000001430511475
2021-10-29,0.3400000035762787
2021-11-01,0.3400000035762787
2021-11-02,0.33000001311302185
2021-11-03,0.32499998807907104
2021-11-04,0.33500000834465027
2021-11-05,0.3149999976158142
2021-11-08,0.3100000023841858
2021-11-09,0.3149999976158142
2021-11-10,0.3149999976158142
2021-11-11,0.3050000071525574
2021-11-12,0.32499998807907104
2021-11-15,0.32499998807907104
2021-11-16,0.3199999928474426
2021-11-17,0.3149999976158142
2021-11-18,0.3149999976158142
2021-11-19,0.33000001311302185
2021-11-22,0.33000001311302185
2021-11-23,0.3149999976158142
2021-11-24,0.3100000023841858
2021-11-25,0.3100000023841858
2021-11-26,0.30000001192092896
2021-11-29,0.29499998688697815
2021-11-30,0.29499998688697815
2021-12-01,0.30000001192092896
2021-12-02,0.28999999165534973
2021-12-03,0.2849999964237213
2021-12-06,0.28999999165534973
2021-12-07,0.30000001192092896
2021-12-08,0.30000001192092896
2021-12-09,0.3050000071525574
2021-12-10,0.3050000071525574
2021-12-13,0.3149999976158142
2021-12-14,0.29499998688697815
2021-12-15,0.30000001192092896
2021-12-16,0.3100000023841858
2021-12-17,0.3199999928474426
2021-12-20,0.3050000071525574
2021-12-21,0.3050000071525574
2021-12-22,0.3199999928474426
2021-12-23,0.33000001311302185
2021-12-24,0.32499998807907104
2021-12-29,0.3449999988079071
2021-12-30,0.3449999988079071
2021-12-31,0.3400000035762787
2022-01-04,0.3400000035762787
2022-01-05,0.3400000035762787
2022-01-06,0.33000001311302185
2022-01-07,0.3449999988079071
2022-01-10,0.3499999940395355
2022-01-11,0.33500000834465027
2022-01-12,0.3499999940395355
2022-01-13,0.3400000035762787
2022-01-14,0.3499999940395355
2022-01-17,0.3499999940395355
2022-01-18,0.3449999988079071
2022-01-19,0.3449999988079071
2022-01-20,0.3050000071525574
2022-01-21,0.2849999964237213
2022-01-24,0.25999999046325684
2022-01-25,0.23999999463558197
2022-01-27,0.23999999463558197
2022-01-28,0.26499998569488525
2022-01-31,0.26499998569488525
2022-02-01,0.26499998569488525
2022-02-02,0.25999999046325684
2022-02-03,0.27000001072883606
2022-02-04,0.26499998569488525
2022-02-07,0.27000001072883606
2022-02-08,0.25999999046325684
2022-02-09,0.2800000011920929
2022-02-10,0.27000001072883606
2022-02-11,0.25999999046325684
2022-02-14,0.26499998569488525
2022-02-15,0.25
2022-02-16,0.23999999463558197
2022-02-17,0.23000000417232513
2022-02-18,0.23000000417232513
2022-02-21,0.22499999403953552
2022-02-22,0.22499999403953552
2022-02-23,0.23000000417232513
2022-02-24,0.2150000035762787
2022-02-25,0.22499999403953552
2022-02-28,0.26499998569488525
2022-03-01,0.2750000059604645
2022-03-02,0.26499998569488525
2022-03-03,0.27000001072883606
2022-03-04,0.29499998688697815
2022-03-07,0.3050000071525574
2022-03-08,0.2800000011920929
2022-03-09,0.2849999964237213
2022-03-10,0.2849999964237213
2022-03-11,0.3149999976158142
2022-03-14,0.3050000071525574
2022-03-15,0.29499998688697815
2022-03-16,0.29499998688697815
2022-03-17,0.3149999976158142
2022-03-18,0.3199999928474426
2022-03-21,0.3199999928474426
2022-03-22,0.3199999928474426
2022-03-23,0.36500000953674316
2022-03-24,0.3449999988079071
2022-03-25,0.33000001311302185
2022-03-28,0.33000001311302185
2022-03-29,0.3149999976158142
2022-03-30,0.32499998807907104
2022-03-31,0.3149999976158142
2022-04-01,0.3199999928474426
2022-04-04,0.3149999976158142
2022-04-05,0.33500000834465027
2022-04-06,0.3199999928474426
2022-04-07,0.3199999928474426
2022-04-08,0.3199999928474426
2022-04-11,0.3199999928474426
2022-04-12,0.3199999928474426
2022-04-13,0.3199999928474426
2022-04-14,0.33500000834465027
2022-04-19,0.27000001072883606
2022-04-20,0.26499998569488525
2022-04-21,0.24500000476837158
2022-04-22,0.23999999463558197
2022-04-26,0.22499999403953552
2022-04-27,0.22499999403953552
2022-04-28,0.23499999940395355
2022-04-29,0.23499999940395355
2022-05-02,0.23000000417232513
2022-05-03,0.23499999940395355
2022-05-04,0.2199999988079071
2022-05-05,0.23000000417232513
2022-05-06,0.22499999403953552
2022-05-09,0.2199999988079071
2022-05-10,0.2199999988079071
2022-05-11,0.22499999403953552
2022-05-12,0.2199999988079071
2022-05-13,0.2150000035762787
2022-05-16,0.2199999988079071
2022-05-17,0.23000000417232513
2022-05-18,0.23000000417232513
2022-05-19,0.23000000417232513
2022-05-20,0.22499999403953552
2022-05-23,0.22499999403953552
2022-05-24,0.2199999988079071
2022-05-25,0.2199999988079071
2022-05-26,0.22499999403953552
2022-05-27,0.23000000417232513
2022-05-30,0.2199999988079071
2022-05-31,0.2199999988079071
2022-06-01,0.2199999988079071
2022-06-02,0.2199999988079071
2022-06-03,0.23499999940395355
2022-06-06,0.23999999463558197
2022-06-07,0.23000000417232513
2022-06-08,0.23499999940395355
2022-06-09,0.22499999403953552
2022-06-10,0.22499999403953552
2022-06-14,0.20499999821186066
2022-06-15,0.19499999284744263
2022-06-16,0.2150000035762787
2022-06-17,0.20499999821186066
2022-06-20,0.19499999284744263
2022-06-21,0.20000000298023224
2022-06-22,0.20000000298023224
2022-06-23,0.19499999284744263
2022-06-24,0.19499999284744263
2022-06-27,0.1899999976158142
2022-06-28,0.20499999821186066
2022-06-29,0.20499999821186066
2022-06-30,0.19499999284744263
2022-07-01,0.1899999976158142
2022-07-04,0.1899999976158142
2022-07-05,0.19499999284744263
2022-07-06,0.1850000023841858
2022-07-07,0.1850000023841858
2022-07-08,0.1899999976158142
2022-07-11,0.1850000023841858
2022-07-12,0.18000000715255737
2022-07-13,0.18000000715255737
2022-07-14,0.17499999701976776
2022-07-15,0.18000000715255737
2022-07-18,0.1899999976158142
2022-07-19,0.20000000298023224
2022-07-20,0.20000000298023224
2022-07-21,0.20999999344348907
2022-07-22,0.20499999821186066
2022-07-25,0.20999999344348907
2022-07-26,0.20999999344348907
2022-07-27,0.20499999821186066
2022-07-28,0.2150000035762787
2022-07-29,0.20999999344348907
2022-08-01,0.20499999821186066
2022-08-02,0.20000000298023224
2022-08-03,0.20499999821186066
2022-08-04,0.20999999344348907
2022-08-05,0.20499999821186066
2022-08-08,0.20999999344348907
2022-08-09,0.2150000035762787
2022-08-10,0.20999999344348907
2022-08-11,0.20000000298023224
2022-08-12,0.20499999821186066
2022-08-15,0.20000000298023224
2022-08-16,0.20000000298023224
2022-08-17,0.16500000655651093
2022-08-18,0.1599999964237213
2022-08-19,0.16500000655651093
2022-08-22,0.17000000178813934
2022-08-23,0.1599999964237213
2022-08-24,0.1599999964237213
2022-08-25,0.1599999964237213
2022-08-26,0.16500000655651093
2022-08-29,0.1599999964237213
2022-08-30,0.1599999964237213
2022-08-31,0.1550000011920929
2022-09-01,0.15000000596046448
2022-09-02,0.17499999701976776
2022-09-05,0.17000000178813934
2022-09-06,0.17000000178813934
2022-09-07,0.1599999964237213
2022-09-08,0.17000000178813934
2022-09-09,0.17000000178813934
2022-09-12,0.16500000655651093
2022-09-13,0.16500000655651093
2022-09-14,0.1599999964237213
2022-09-15,0.1599999964237213
2022-09-16,0.1599999964237213
2022-09-19,0.14499999582767487
2022-09-20,0.15000000596046448
2022-09-21,0.1599999964237213
2022-09-23,0.15000000596046448
2022-09-26,0.14499999582767487
2022-09-27,0.14499999582767487
2022-09-28,0.14000000059604645
2022-09-29,0.1550000011920929
2022-09-30,0.1550000011920929
2022-10-03,0.15000000596046448
2022-10-04,0.1599999964237213
2022-10-05,0.1599999964237213
2022-10-06,0.17000000178813934
2022-10-07,0.1599999964237213
2022-10-10,0.16500000655651093
2022-10-11,0.17000000178813934
2022-10-12,0.1550000011920929
2022-10-13,0.1599999964237213
2022-10-14,0.15000000596046448
2022-10-17,0.15000000596046448
2022-10-18,0.15000000596046448
2022-10-19,0.15000000596046448
2022-10-20,0.14000000059604645
2022-10-21,0.14000000059604645
2022-10-24,0.14499999582767487
2022-10-25,0.14499999582767487
2022-10-26,0.14499999582767487
2022-10-27,0.15000000596046448
2022-10-28,0.15000000596046448
2022-10-31,0.14499999582767487
2022-11-01,0.1550000011920929
2022-11-02,0.1550000011920929
2022-11-03,0.15000000596046448
2022-11-04,0.1550000011920929
2022-11-07,0.15000000596046448
2022-11-08,0.1550000011920929
2022-11-09,0.1550000011920929
2022-11-10,0.1550000011920929
2022-11-11,0.15000000596046448
2022-11-14,0.15000000596046448
2022-11-15,0.15000000596046448
2022-11-16,0.15000000596046448
2022-11-17,0.1550000011920929
2022-11-18,0.15000000596046448
2022-11-21,0.1550000011920929
2022-11-22,0.1550000011920929
2022-11-23,0.15000000596046448
2022-11-24,0.1550000011920929
2022-11-25,0.1550000011920929
2022-11-28,0.15000000596046448
2022-11-29,0.15000000596046448
2022-11-30,0.15000000596046448
2022-12-01,0.15000000596046448
2022-12-02,0.1550000011920929
2022-12-05,0.1550000011920929
2022-12-06,0.1550000011920929
2022-12-07,0.1599999964237213
2022-12-08,0.15000000596046448
2022-12-09,0.15000000596046448
2022-12-12,0.15000000596046448
2022-12-13,0.14499999582767487
2022-12-14,0.1550000011920929
2022-12-15,0.15000000596046448
2022-12-16,0.1550000011920929
2022-12-19,0.1550000011920929
2022-12-20,0.15000000596046448
2022-12-21,0.14499999582767487
2022-12-22,0.15000000596046448
2022-12-23,0.14499999582767487
2022-12-28,0.14499999582767487
2022-12-29,0.15000000596046448
2022-12-30,0.15000000596046448
2023-01-03,0.14000000059604645
2023-01-04,0.14499999582767487
2023-01-05,0.14499999582767487
2023-01-06,0.14499999582767487
2023-01-09,0.15000000596046448
2023-01-10,0.15000000596046448
2023-01-11,0.15000000596046448
2023-01-12,0.14499999582767487
2023-01-13,0.15000000596046448
2023-01-16,0.1550000011920929
2023-01-17,0.1550000011920929
2023-01-18,0.1550000011920929
2023-01-19,0.1599999964237213
2023-01-20,0.15000000596046448
2023-01-23,0.15000000596046448
2023-01-24,0.15000000596046448
2023-01-25,0.15000000596046448
2023-01-27,0.14499999582767487
2023-01-30,0.1550000011920929
2023-01-31,0.15000000596046448
2023-02-01,0.15000000596046448
2023-02-02,0.14499999582767487
2023-02-03,0.14499999582767487
2023-02-06,0.14000000059604645
2023-02-07,0.14499999582767487
2023-02-08,0.14000000059604645
2023-02-09,0.14499999582767487
2023-02-10,0.15000000596046448
2023-02-13,0.15000000596046448
2023-02-14,0.15000000596046448
2023-02-15,0.1599999964237213
2023-02-16,0.17000000178813934
2023-02-17,0.17499999701976776
2023-02-20,0.1599999964237213
2023-02-21,0.1550000011920929
2023-02-22,0.1550000011920929
2023-02-23,0.15000000596046448
2023-02-24,0.14499999582767487
2023-02-27,0.14499999582767487
2023-02-28,0.13500000536441803
2023-03-01,0.13500000536441803
2023-03-02,0.14000000059604645
2023-03-03,0.12999999523162842
2023-03-06,0.14000000059604645
2023-03-07,0.13500000536441803
2023-03-08,0.12999999523162842
2023-03-09,0.12999999523162842
2023-03-10,0.12999999523162842
2023-03-13,0.13500000536441803
2023-03-14,0.12999999523162842
2023-03-15,0.13500000536441803
2023-03-16,0.12999999523162842
2023-03-17,0.125
2023-03-20,0.125
2023-03-21,0.11999999731779099
2023-03-22,0.12999999523162842
2023-03-23,0.12999999523162842
2023-03-24,0.12999999523162842
2023-03-27,0.12999999523162842
2023-03-28,0.12999999523162842
2023-03-29,0.125
2023-03-30,0.125
2023-03-31,0.13500000536441803
2023-04-03,0.13500000536441803
2023-04-04,0.13500000536441803
2023-04-05,0.13500000536441803
2023-04-06,0.12999999523162842
2023-04-11,0.125
2023-04-12,0.13500000536441803
2023-04-13,0.12999999523162842
2023-04-14,0.12999999523162842
2023-04-17,0.125
2023-04-18,0.125
2023-04-19,0.12999999523162842
2023-04-20,0.125
2023-04-21,0.125
2023-04-24,0.125
2023-04-26,0.12999999523162842
2023-04-27,0.12999999523162842
2023-04-28,0.125
2023-05-01,0.125
2023-05-02,0.125
2023-05-03,0.12999999523162842
2023-05-04,0.125
2023-05-05,0.125
2023-05-08,0.125
2023-05-09,0.11999999731779099
2023-05-10,0.125
2023-05-11,0.125
2023-05-12,0.11999999731779099
2023-05-15,0.11999999731779099
2023-05-16,0.11999999731779099
2023-05-17,0.11999999731779099
2023-05-18,0.11500000208616257
2023-05-19,0.11500000208616257
2023-05-22,0.11500000208616257
2023-05-23,0.11500000208616257
2023-05-24,0.125
2023-05-25,0.12999999523162842
2023-05-26,0.11999999731779099
2023-05-29,0.13500000536441803
2023-05-30,0.125
2023-05-31,0.11999999731779099
2023-06-01,0.12999999523162842
2023-06-02,0.125
2023-06-05,0.12999999523162842
2023-06-06,0.13500000536441803
2023-06-07,0.125
2023-06-08,0.125
2023-06-09,0.12999999523162842
2023-06-13,0.125
2023-06-14,0.125
2023-06-15,0.125
2023-06-16,0.12999999523162842
2023-06-19,0.125
2023-06-20,0.125
2023-06-21,0.125
2023-06-22,0.125
2023-06-23,0.12999999523162842
2023-06-26,0.11999999731779099
2023-06-27,0.11999999731779099
2023-06-28,0.11999999731779099
2023-06-29,0.125
2023-06-30,0.12999999523162842
2023-07-03,0.125
2023-07-04,0.12999999523162842
2023-07-05,0.125
2023-07-06,0.125
2023-07-07,0.125
2023-07-10,0.125
2023-07-11,0.13500000536441803
2023-07-12,0.125
2023-07-13,0.12999999523162842
2023-07-14,0.13500000536441803
2023-07-17,0.13500000536441803
2023-07-18,0.13500000536441803
2023-07-19,0.13500000536441803
2023-07-20,0.125
2023-07-21,0.125
2023-07-24,0.13500000536441803
2023-07-25,0.14000000059604645
2023-07-26,0.14000000059604645
2023-07-27,0.14000000059604645
2023-07-28,0.14000000059604645
2023-07-31,0.14499999582767487
2023-08-01,0.14000000059604645
2023-08-02,0.14000000059604645
2023-08-03,0.13500000536441803
2023-08-04,0.13500000536441803
2023-08-07,0.14000000059604645
2023-08-08,0.12999999523162842
2023-08-09,0.12999999523162842
2023-08-10,0.13500000536441803
2023-08-11,0.12999999523162842
2023-08-14,0.12999999523162842
2023-08-15,0.12999999523162842
2023-08-16,0.12999999523162842
2023-08-17,0.13500000536441803
2023-08-18,0.13500000536441803
2023-08-21,0.15000000596046448
2023-08-22,0.14499999582767487
2023-08-23,0.14499999582767487
2023-08-24,0.14499999582767487
2023-08-25,0.14499999582767487
2023-08-28,0.14499999582767487
2023-08-29,0.14000000059604645
2023-08-30,0.1550000011920929
2023-08-31,0.1599999964237213
2023-09-01,0.1550000011920929
2023-09-04,0.15000000596046448
2023-09-05,0.1550000011920929
2023-09-06,0.1550000011920929
2023-09-07,0.15000000596046448
2023-09-08,0.1550000011920929
2023-09-11,0.15000000596046448
2023-09-12,0.14499999582767487
2023-09-13,0.15000000596046448
2023-09-14,0.15000000596046448
2023-09-15,0.14499999582767487
2023-09-18,0.14499999582767487
2023-09-19,0.1550000011920929
2023-09-20,0.1599999964237213
2023-09-21,0.16500000655651093
2023-09-22,0.17000000178813934
2023-09-25,0.1599999964237213
2023-09-26,0.16500000655651093
2023-09-27,0.1599999964237213
2023-09-28,0.1599999964237213
2023-09-29,0.1599999964237213
2023-10-02,0.16500000655651093
2023-10-03,0.1550000011920929
2023-10-04,0.1550000011920929
2023-10-05,0.1550000011920929
2023-10-06,0.15000000596046448
2023-10-09,0.15000000596046448
2023-10-10,0.15000000596046448
2023-10-11,0.15000000596046448
2023-10-12,0.1550000011920929
2023-10-13,0.14499999582767487
2023-10-16,0.15000000596046448
2023-10-17,0.1550000011920929
2023-10-18,0.1550000011920929
2023-10-19,0.15000000596046448
2023-10-20,0.15000000596046448
2023-10-23,0.15000000596046448
2023-10-24,0.1550000011920929
2023-10-25,0.15000000596046448
2023-10-26,0.1550000011920929
2023-10-27,0.1550000011920929
2023-10-30,0.1550000011920929
2023-10-31,0.15000000596046448
2023-11-01,0.15000000596046448
2023-11-02,0.15000000596046448
2023-11-03,0.14499999582767487
2023-11-06,0.15000000596046448
2023-11-07,0.15000000596046448
2023-11-08,0.15000000596046448
2023-11-09,0.15000000596046448
2023-11-10,0.1599999964237213
2023-11-13,0.1599999964237213
2023-11-14,0.17499999701976776
2023-11-15,0.17000000178813934
2023-11-16,0.17000000178813934
2023-11-17,0.17499999701976776
2023-11-20,0.16500000655651093
2023-11-21,0.16500000655651093
2023-11-22,0.17000000178813934
2023-11-23,0.17000000178813934
2023-11-24,0.17000000178813934
2023-11-27,0.16500000655651093
2023-11-28,0.16500000655651093
2023-11-29,0.16500000655651093
2023-11-30,0.1599999964237213
2023-12-01,0.1599999964237213
2023-12-04,0.16500000655651093
2023-12-05,0.1550000011920929
2023-12-06,0.1599999964237213
2023-12-07,0.1599999964237213
2023-12-08,0.1599999964237213
2023-12-11,0.1599999964237213
2023-12-12,0.17499999701976776
2023-12-13,0.18000000715255737
2023-12-14,0.18000000715255737
2023-12-15,0.17499999701976776
2023-12-18,0.19499999284744263
2023-12-19,0.20499999821186066
2023-12-20,0.20999999344348907
2023-12-21,0.20499999821186066
2023-12-22,0.20999999344348907
2023-12-27,0.2199999988079071
2023-12-28,0.2199999988079071
2023-12-29,0.23000000417232513
2024-01-02,0.2199999988079071
2024-01-03,0.22499999403953552
2024-01-04,0.2199999988079071
2024-01-05,0.2199999988079071
2024-01-08,0.22499999403953552
2024-01-09,0.2150000035762787
2024-01-10,0.2199999988079071
2024-01-11,0.2150000035762787
2024-01-12,0.20499999821186066
2024-01-15,0.2150000035762787
2024-01-16,0.20999999344348907
2024-01-17,0.20999999344348907
2024-01-18,0.20999999344348907
2024-01-19,0.20000000298023224
2024-01-22,0.19499999284744263
2024-01-23,0.19499999284744263
2024-01-24,0.19499999284744263
2024-01-25,0.20499999821186066
2024-01-29,0.20000000298023224
2024-01-30,0.20000000298023224
2024-01-31,0.20000000298023224
2024-02-01,0.20000000298023224
2024-02-02,0.19499999284744263
2024-02-05,0.19499999284744263
2024-02-06,0.20000000298023224
2024-02-07,0.1899999976158142
2024-02-08,0.19499999284744263
2024-02-09,0.19499999284744263
2024-02-12,0.20000000298023224
2024-02-13,0.20999999344348907
2024-02-14,0.20499999821186066
2024-02-15,0.20499999821186066
2024-02-16,0.20499999821186066
2024-02-19,0.20499999821186066
2024-02-20,0.20499999821186066
2024-02-21,0.20000000298023224
2024-02-22,0.19499999284744263
2024-02-23,0.1899999976158142
2024-02-26,0.1899999976158142
2024-02-27,0.1850000023841858
2024-02-28,0.1899999976158142
2024-02-29,0.18000000715255737
2024-03-01,0.1899999976158142
2024-03-04,0.1850000023841858
2024-03-05,0.1850000023841858
2024-03-06,0.1850000023841858
2024-03-07,0.1899999976158142
2024-03-08,0.1899999976158142
2024-03-11,0.1850000023841858
2024-03-12,0.1850000023841858
2024-03-13,0.1850000023841858
2024-03-14,0.1899999976158142
2024-03-15,0.19499999284744263
2024-03-18,0.20000000298023224
2024-03-19,0.1899999976158142
2024-03-20,0.1899999976158142
2024-03-21,0.19499999284744263
2024-03-22,0.1899999976158142
2024-03-25,0.1899999976158142
2024-03-26,0.1899999976158142
2024-03-27,0.1899999976158142
2024-03-28,0.1899999976158142
2024-04-02,0.1899999976158142
2024-04-03,0.19499999284744263
2024-04-04,0.19499999284744263
2024-04-05,0.1899999976158142
2024-04-08,0.19499999284744263
2024-04-09,0.20000000298023224
2024-04-10,0.20000000298023224
2024-04-11,0.19499999284744263
2024-04-12,0.19499999284744263
2024-04-15,0.20000000298023224
2024-04-16,0.20000000298023224
2024-04-17,0.19499999284744263
2024-04-18,0.19499999284744263
2024-04-19,0.1899999976158142
2024-04-22,0.1899999976158142
2024-04-23,0.19499999284744263
2024-04-24,0.1899999976158142
2024-04-26,0.1850000023841858
2024-04-29,0.1899999976158142
2024-04-30,0.19499999284744263
2024-05-01,0.1850000023841858
2024-05-02,0.1899999976158142
2024-05-03,0.1850000023841858
2024-05-06,0.1899999976158142
2024-05-07,0.1899999976158142
2024-05-08,0.19499999284744263
2024-05-09,0.20000000298023224
2024-05-10,0.19499999284744263
2024-05-13,0.20999999344348907
2024-05-14,0.2150000035762787
2024-05-15,0.22499999403953552
2024-05-16,0.2199999988079071
2024-05-17,0.2199999988079071
2024-05-20,0.2150000035762787
2024-05-21,0.2199999988079071
2024-05-22,0.2150000035762787
2024-05-23,0.20999999344348907
2024-05-24,0.20999999344348907
2024-05-27,0.20999999344348907
2024-05-28,0.2199999988079071
2024-05-29,0.2150000035762787
2024-05-30,0.20999999344348907
2024-05-31,0.20499999821186066
2024-06-03,0.20999999344348907
2024-06-04,0.20499999821186066
2024-06-05,0.20000000298023224
2024-06-06,0.20000000298023224
2024-06-07,0.19499999284744263
2024-06-11,0.19499999284744263
2024-06-12,0.1899999976158142
2024-06-13,0.19499999284744263
2024-06-14,0.1899999976158142
2024-06-17,0.1850000023841858
2024-06-18,0.19499999284744263
2024-06-19,0.20499999821186066
2024-06-20,0.20000000298023224
2024-06-21,0.20499999821186066
2024-06-24,0.20000000298023224
2024-06-25,0.20499999821186066
2024-06-26,0.20499999821186066
2024-06-27,0.19499999284744263
2024-06-28,0.19499999284744263
2024-07-01,0.1899999976158142
2024-07-02,0.20000000298023224
2024-07-03,0.20499999821186066
2024-07-04,0.20000000298023224
2024-07-05,0.20000000298023224
2024-07-08,0.19499999284744263
2024-07-09,0.20000000298023224
2024-07-10,0.20000000298023224
2024-07-11,0.19499999284744263
2024-07-12,0.19499999284744263
2024-07-15,0.19499999284744263
2024-07-16,0.1899999976158142
2024-07-17,0.1899999976158142
2024-07-18,0.1850000023841858
2024-07-19,0.16500000655651093
2024-07-22,0.1599999964237213
2024-07-23,0.1599999964237213
2024-07-24,0.1599999964237213
2024-07-25,0.16500000655651093
2024-07-26,0.16500000655651093
2024-07-29,0.1599999964237213
2024-07-30,0.1599999964237213
2024-07-31,0.1599999964237213
2024-08-01,0.17000000178813934
2024-08-02,0.16500000655651093
2024-08-05,0.1550000011920929
2024-08-06,0.1550000011920929
2024-08-07,0.1550000011920929
2024-08-08,0.15000000596046448
2024-08-09,0.1550000011920929
2024-08-12,0.1550000011920929
2024-08-13,0.1550000011920929
2024-08-14,0.17000000178813934
2024-08-15,0.1599999964237213
2024-08-16,0.1599999964237213
2024-08-19,0.1599999964237213
2024-08-20,0.16500000655651093
2024-08-21,0.16500000655651093
2024-08-22,0.16500000655651093
2024-08-23,0.1599999964237213
2024-08-26,0.1550000011920929
2024-08-27,0.1550000011920929
2024-08-28,0.1550000011920929
2024-08-29,0.1550000011920929
2024-08-30,0.1550000011920929
2024-09-02,0.1550000011920929
2024-09-03,0.1550000011920929
2024-09-04,0.15000000596046448
2024-09-05,0.1550000011920929
2024-09-06,0.15000000596046448
2024-09-09,0.14499999582767487
2024-09-10,0.14000000059604645
2024-09-11,0.14000000059604645
2024-09-12,0.15000000596046448
2024-09-13,0.14499999582767487
2024-09-16,0.14499999582767487
2024-09-17,0.14499999582767487
2024-09-18,0.15000000596046448
2024-09-19,0.1550000011920929
2024-09-20,0.1550000011920929
2024-09-23,0.15000000596046448
2024-09-24,0.15000000596046448
2024-09-25,0.1599999964237213
2024-09-26,0.1550000011920929
2024-09-27,0.1599999964237213
2024-09-30,0.1550000011920929
2024-10-01,0.1550000011920929
2024-10-02,0.1599999964237213
2024-10-03,0.16500000655651093
2024-10-04,0.16500000655651093
2024-10-07,0.17499999701976776
2024-10-08,0.17000000178813934
2024-10-09,0.16500000655651093
2024-10-10,0.17000000178813934
2024-10-11,0.1599999964237213
2024-10-14,0.17000000178813934
2024-10-15,0.17000000178813934
2024-10-16,0.17000000178813934
2024-10-17,0.16500000655651093
2024-10-18,0.16500000655651093
2024-10-21,0.16500000655651093
2024-10-22,0.1599999964237213
2024-10-23,0.1599999964237213
2024-10-24,0.16249999403953552
2024-10-25,0.1599999964237213
2024-10-28,0.1550000011920929
2024-10-29,0.1599999964237213
2024-10-30,0.1599999964237213
2024-10-31,0.1550000011920929
2024-11-01,0.16500000655651093
2024-11-04,0.1550000011920929
2024-11-05,0.1599999964237213
2024-11-06,0.1599999964237213
2024-11-07,0.1599999964237213
2024-11-08,0.1599999964237213
2024-11-11,0.16500000655651093
2024-11-12,0.16500000655651093
2024-11-13,0.16500000655651093
2024-11-14,0.1599999964237213
2024-11-15,0.17000000178813934
2024-11-18,0.17000000178813934
2024-11-19,0.16500000655651093
2024-11-20,0.17000000178813934
2024-11-21,0.17000000178813934
2024-11-22,0.16500000655651093
2024-11-25,0.17000000178813934
2024-11-26,0.17000000178813934
2024-11-27,0.16500000655651093
2024-11-28,0.17000000178813934
2024-11-29,0.16500000655651093
2024-12-02,0.16500000655651093
2024-12-03,0.16500000655651093
2024-12-04,0.16500000655651093
2024-12-05,0.16500000655651093
2024-12-06,0.17000000178813934
2024-12-09,0.17000000178813934
2024-12-10,0.16500000655651093
2024-12-11,0.16500000655651093
2024-12-12,0.17000000178813934
2024-12-13,0.1599999964237213
2024-12-16,0.1550000011920929
2024-12-17,0.15000000596046448
2024-12-18,0.1550000011920929
2024-12-19,0.15000000596046448
2024-12-20,0.15000000596046448
2024-12-23,0.15000000596046448
2024-12-24,0.15000000596046448
2024-12-27,0.15000000596046448
2024-12-30,0.15000000596046448
2024-12-31,0.15000000596046448
2025-01-02,0.1550000011920929
2025-01-03,0.15000000596046448
2025-01-06,0.15000000596046448
2025-01-07,0.14499999582767487
2025-01-08,0.1550000011920929
2025-01-09,0.15000000596046448
2025-01-10,0.15000000596046448
2025-01-13,0.1550000011920929
2025-01-14,0.1550000011920929
2025-01-15,0.1550000011920929
2025-01-16,0.1550000011920929
2025-01-17,0.1550000011920929
2025-01-20,0.1550000011920929
2025-01-21,0.11999999731779099
2025-01-22,0.11500000208616257
2025-01-23,0.12999999523162842
2025-01-24,0.125
2025-01-28,0.125
2025-01-29,0.125
2025-01-30,0.12999999523162842
2025-01-31,0.125
2025-02-03,0.125
2025-02-04,0.11999999731779099
2025-02-05,0.125
2025-02-06,0.125
2025-02-07,0.11999999731779099
2025-02-10,0.11999999731779099
2025-02-11,0.125
2025-02-12,0.11999999731779099
2025-02-13,0.11999999731779099
2025-02-14,0.12250000238418579
2025-02-17,0.11999999731779099
2025-02-18,0.11500000208616257
2025-02-19,0.11500000208616257
2025-02-20,0.11999999731779099
2025-02-21,0.11500000208616257
2025-02-24,0.11999999731779099
2025-02-25,0.11500000208616257
2025-02-26,0.11999999731779099
2025-02-27,0.11999999731779099
2025-02-28,0.11999999731779099
2025-03-03,0.11500000208616257
2025-03-04,0.10999999940395355
2025-03-05,0.10999999940395355
2025-03-06,0.10999999940395355
2025-03-07,0.10999999940395355
2025-03-10,0.11500000208616257
2025-03-11,0.10499999672174454
2025-03-12,0.10499999672174454
2025-03-13,0.10999999940395355
2025-03-14,0.10999999940395355
2025-03-17,0.11999999731779099
2025-03-18,0.11500000208616257
2025-03-19,0.11999999731779099
2025-03-20,0.11500000208616257
2025-03-21,0.10999999940395355
2025-03-24,0.11999999731779099
2025-03-25,0.11500000208616257
2025-03-26,0.11999999731779099
2025-03-27,0.11500000208616257
2025-03-28,0.11500000208616257
2025-03-31,0.11999999731779099
2025-04-01,0.11999999731779099
2025-04-02,0.11999999731779099
2025-04-03,0.11500000208616257
2025-04-04,0.10999999940395355
2025-04-07,0.10499999672174454
2025-04-08,0.10499999672174454
2025-04-09,0.10499999672174454
2025-04-10,0.10999999940395355
2025-04-11,0.10499999672174454
2025-04-14,0.10499999672174454
2025-04-15,0.10999999940395355
2025-04-16,0.10999999940395355
2025-04-17,0.10999999940395355
2025-04-22,0.10499999672174454
2025-04-23,0.10999999940395355
2025-04-24,0.10999999940395355
2025-04-28,0.10999999940395355
2025-04-29,0.10999999940395355
2025-04-30,0.10999999940395355
2025-05-01,0.10499999672174454
2025-05-02,0.10499999672174454
2025-05-05,0.10499999672174454
2025-05-06,0.10999999940395355
2025-05-07,0.10999999940395355
2025-05-08,0.10499999672174454
2025-05-09,0.10000000149011612
2025-05-12,0.10499999672174454
2025-05-13,0.10499999672174454
2025-05-14,0.10999999940395355
2025-05-15,0.10999999940395355
2025-05-16,0.10499999672174454
2025-05-19,0.10499999672174454
2025-05-20,0.10499999672174454
2025-05-21,0.10499999672174454
2025-05-22,0.10499999672174454
2025-05-23,0.10499999672174454
2025-05-26,0.10000000149011612
2025-05-27,0.10499999672174454
2025-05-28,0.10499999672174454
2025-05-29,0.10000000149011612
2025-05-30,0.10499999672174454
2025-06-02,0.10000000149011612
2025-06-03,0.10000000149011612
2025-06-04,0.10000000149011612
2025-06-05,0.10499999672174454
2025-06-06,0.10999999940395355
2025-06-10,0.10499999672174454
2025-06-11,0.10499999672174454
2025-06-12,0.10499999672174454
2025-06-13,0.10499999672174454
2025-06-16,0.11500000208616257
2025-06-17,0.11999999731779099
2025-06-18,0.11999999731779099
2025-06-19,0.125
2025-06-20,0.11999999731779099
2025-06-23,0.11500000208616257
2025-06-24,0.11500000208616257
2025-06-25,0.10999999940395355
2025-06-26,0.10499999672174454
2025-06-27,0.10499999672174454
2025-06-30,0.10499999672174454
2025-07-01,0.10999999940395355
2025-07-02,0.10999999940395355
2025-07-03,0.11500000208616257
2025-07-04,0.11500000208616257
2025-07-07,0.11500000208616257
2025-07-08,0.11500000208616257
2025-07-09,0.11500000208616257
2025-07-10,0.11500000208616257
2025-07-11,0.10999999940395355
2025-07-14,0.11500000208616257
2025-07-15,0.10999999940395355
2025-07-16,0.11500000208616257
2025-07-17,0.11500000208616257
2025-07-18,0.11500000208616257
2025-07-21,0.11500000208616257
2025-07-22,0.11500000208616257
2025-07-23,0.10999999940395355
2025-07-24,0.11500000208616257
2025-07-25,0.11500000208616257
2025-07-28,0.10999999940395355
2025-07-29,0.10999999940395355
2025-07-30,0.10999999940395355
2025-07-31,0.10000000149011612
2025-08-01,0.10999999940395355
2025-08-04,0.10499999672174454
2025-08-05,0.10999999940395355
2025-08-06,0.10499999672174454
2025-08-07,0.10499999672174454
2025-08-08,0.10499999672174454
2025-08-11,0.10499999672174454
2025-08-12,0.10499999672174454
2025-08-13,0.10499999672174454
2025-08-14,0.10999999940395355
2025-08-15,0.10499999672174454
2025-08-18,0.10499999672174454
2025-08-19,0.10000000149011612
2025-08-20,0.10499999672174454
2025-08-21,0.10499999672174454
2025-08-22,0.10499999672174454
2025-08-25,0.10000000149011612
2025-08-26,0.10499999672174454
2025-08-27,0.10000000149011612
2025-08-28,0.10000000149011612
2025-08-29,0.10000000149011612
2025-09-01,0.10000000149011612
2025-09-02,0.10000000149011612
2025-09-03,0.10499999672174454
2025-09-04,0.10000000149011612
2025-09-05,0.10000000149011612
2025-09-08,0.10000000149011612
2025-09-09,0.09700000286102295
2025-09-10,0.09799999743700027
2025-09-11,0.09799999743700027
2025-09-12,0.10499999672174454
2025-09-15,0.10000000149011612
2025-09-16,0.10000000149011612
2025-09-17,0.10000000149011612
2025-09-18,0.0989999994635582
2025-09-19,0.09799999743700027
2025-09-22,0.09700000286102295
2025-09-23,0.10000000149011612
2025-09-24,0.09799999743700027
2025-09-25,0.09799999743700027
2025-09-26,0.09700000286102295
2025-09-29,0.09700000286102295
2025-09-30,0.09799999743700027
2025-10-01,0.09799999743700027
2025-10-02,0.0989999994635582
2025-10-03,0.09799999743700027
2025-10-06,0.09799999743700027
2025-10-07,0.0989999994635582
2025-10-08,0.09700000286102295
2025-10-09,0.09799999743700027
2025-10-10,0.09799999743700027
2025-10-13,0.09700000286102295
2025-10-14,0.09799999743700027
2025-10-15,0.09799999743700027
2025-10-16,0.09799999743700027
2025-10-17,0.09799999743700027
2025-10-20,0.0949999988079071
2025-10-21,0.09700000286102295
2025-10-22,0.09700000286102295
2025-10-23,0.0989999994635582
2025-10-24,0.0989999994635582
2025-10-27,0.09600000083446503
2025-10-28,0.0949999988079071
2025-10-29,0.0949999988079071
2025-10-30,0.0949999988079071
2025-10-31,0.09600000083446503
2025-11-03,0.0949999988079071
2025-11-04,0.09600000083446503
2025-11-05,0.0949999988079071
2025-11-06,0.09399999678134918
2025-11-07,0.09200000017881393
2025-11-10,0.09300000220537186
2025-11-11,0.09200000017881393
2025-11-12,0.09399999678134918
2025-11-13,0.09600000083446503
2025-11-14,0.09300000220537186
2025-11-17,0.09099999815225601
2025-11-18,0.09099999815225601
2025-11-19,0.09099999815225601
2025-11-20,0.09300000220537186
2025-11-21,0.09099999815225601
2025-11-24,0.08699999749660492
2025-11-25,0.08799999952316284
2025-11-26,0.0860000029206276
2025-11-27,0.08799999952316284
2025-11-28,0.09200000017881393
2025-12-01,0.09200000017881393
2025-12-02,0.09300000220537186
2025-12-03,0.09399999678134918
2025-12-04,0.09399999678134918
2025-12-05,0.09200000017881393
2025-12-08,0.09099999815225601
2025-12-09,0.09200000017881393
2025-12-10,0.09200000017881393
2025-12-11,0.09000000357627869
2025-12-12,0.08900000154972076
2025-12-15,0.09000000357627869
2025-12-16,0.08900000154972076
2025-12-17,0.08799999952316284
2025-12-18,0.0860000029206276
2025-12-19,0.08699999749660492
2025-12-22,0.08699999749660492
2025-12-23,0.0860000029206276
2025-12-24,0.0860000029206276
2025-12-29,0.08399999886751175
2025-12-30,0.08500000089406967
2025-12-31,0.0860000029206276
2026-01-02,0.08900000154972076
2026-01-05,0.09099999815225601
2026-01-06,0.08799999952316284
2026-01-07,0.08699999749660492
2026-01-08,0.08699999749660492
2026-01-09,0.08799999952316284
2026-01-12,0.08900000154972076
2026-01-13,0.08799999952316284
2026-01-14,0.0949999988079071
2026-01-15,0.09300000220537186
2026-01-16,0.09399999678134918
2026-01-19,0.09200000017881393
2026-01-20,0.09099999815225601
2026-01-21,0.09099999815225601
2026-01-22,0.09099999815225601
2026-01-23,0.09399999678134918
2026-01-27,0.0989999994635582
2026-01-28,0.09799999743700027
2026-01-29,0.09799999743700027
2026-01-30,0.09799999743700027
2026-02-02,0.09399999678134918
2026-02-03,0.0949999988079071
2026-02-04,0.09799999743700027
2026-02-05,0.0949999988079071
2026-02-06,0.09399999678134918
2026-02-09,0.09600000083446503
2026-02-10,0.0949999988079071
2026-02-11,0.09300000220537186
2026-02-12,0.09300000220537186
2026-02-13,0.09099999815225601
2026-02-16,0.0949999988079071
2026-02-17,0.09399999678134918
2026-02-18,0.09700000286102295
2026-02-19,0.0949999988079071
2026-02-20,0.09700000286102295
2026-02-23,0.09399999678134918
2026-02-24,0.09399999678134918
2026-02-25,0.09399999678134918
2026-02-26,0.09000000357627869
2026-02-27,0.08799999952316284
2026-03-02,0.09099999815225601
2026-03-03,0.09200000017881393
2026-03-04,0.09200000017881393
2026-03-05,0.09600000083446503
2026-03-06,0.10000000149011612
2026-03-09,0.10499999672174454
2026-03-10,0.09700000286102295
2026-03-11,0.09700000286102295
2026-03-12,0.09799999743700027
2026-03-13,0.09799999743700027
2026-03-16,0.0989999994635582
2026-03-17,0.09600000083446503
2026-03-18,0.09300000220537186
2026-03-19,0.0949999988079071
2026-03-20,0.09099999815225601
2026-03-23,0.09000000357627869
2026-03-24,0.08900000154972076
2026-03-25,0.09399999678134918
2026-03-26,0.09300000220537186
2026-03-27,0.0949999988079071
2026-03-30,0.0989999994635582
2026-03-31,0.10000000149011612
2026-04-01,0.10000000149011612
2026-04-02,0.10499999672174454
2026-04-07,0.10499999672174454
2026-04-08,0.10000000149011612
2026-04-09,0.10999999940395355
2026-04-10,0.10499999672174454
2026-04-13,0.11999999731779099
2026-04-14,0.11500000208616257
2026-04-15,0.10999999940395355
2026-04-16,0.10999999940395355
2026-04-17,0.11500000208616257
2026-04-20,0.10499999672174454
2026-04-21,0.10999999940395355
2026-04-22,0.10499999672174454
2026-04-23,0.10999999940395355
2026-04-24,0.10999999940395355
2026-04-27,0.10499999672174454
2026-04-28,0.10999999940395355
2026-04-29,0.10999999940395355
2026-04-30,0.10999999940395355
2026-05-01,0.10999999940395355
2026-05-04,0.10999999940395355
2026-05-05,0.10499999672174454
2026-05-06,0.10999999940395355
2026-05-07,0.10999999940395355
2026-05-08,0.11500000208616257
2026-05-11,0.11500000208616257
2026-05-12,0.12999999523162842
2026-05-13,0.125
2026-05-14,0.11999999731779099
2026-05-15,0.11500000208616257
2026-05-18,0.125
2026-05-19,0.11999999731779099
2026-05-20,0.11999999731779099
2026-05-21,0.11999999731779099
2026-05-22,0.125
2026-05-25,0.125
2026-05-26,0.12999999523162842
2026-05-27,0.12999999523162842
2026-05-28,0.12999999523162842
2026-05-29,0.12999999523162842
2026-06-01,0.11999999731779099
2026-06-02,0.125
2026-06-03,0.11999999731779099
2026-06-04,0.125
2026-06-05,0.11999999731779099
2026-06-09,0.11500000208616257
2026-06-10,0.10999999940395355
2026-06-11,0.11500000208616257
2026-06-12,0.10999999940395355
2026-06-15,0.10999999940395355
2026-06-16,0.10999999940395355
2026-06-17,0.10499999672174454
2026-06-18,0.10499999672174454
2026-06-19,0.10999999940395355
2026-06-22,0.10999999940395355
2026-06-23,0.10999999940395355
2026-06-24,0.10999999940395355
2026-06-25,0.10499999672174454
2026-06-26,0.10499999672174454
2026-06-29,0.10499999672174454
2026-06-30,0.10499999672174454
2026-07-01,0.10000000149011612
2026-07-02,0.10499999672174454
2026-07-03,0.10000000149011612
2026-07-06,0.10499999672174454
2026-07-07,0.10000000149011612
2026-07-08,0.10499999672174454
2026-07-09,0.10999999940395355
2026-07-10,0.10000000149011612
2026-07-13,0.10000000149011612
2026-07-14,0.10999999940395355
2026-07-15,0.10000000149011612
2026-07-16,0.10499999672174454
2026-07-17,0.10499999672174454
2026-07-20,0.10000000149011612
2026-07-21,0.10499999672174454
2026-07-22,0.0989999994635582
2026-07-23,0.0989999994635582
2026-07-24,0.10000000149011612
2026-07-27,0.0949999988079071
2026-07-28,0.10000000149011612
2026-07-29,0.09799999743700027
2026-07-30,0.0949999988079071
2026-07-31,0.09600000083446503
2026-08-03,0.09600000083446503
2026-08-04,0.0949999988079071
2026-08-05,0.09600000083446503
2026-08-06,0.0949999988079071
2026-08-07,0.09399999678134918
2026-08-10,0.09700000286102295
2026-08-11,0.10000000149011612
2026-08-12,0.10000000149011612
2026-08-13,0.10499999672174454
2026-08-14,0.10000000149011612
2026-08-17,0.10000000149011612
2026-08-18,0.10499999672174454
2026-08-19,0.10000000149011612
2026-08-20,0.10000000149011612
2026-08-21,0.10499999672174454
2026-08-24,0.10499999672174454
2026-08-25,0.10499999672174454
2026-08-26,0.10499999672174454
2026-08-27,0.10000000149011612
2026-08-28,0.10499999672174454
