Date,close
2004-06-30,7.574389457702637
2004-07-01,7.953108787536621
2004-07-02,7.953108787536621
2004-07-05,7.877364635467529
2004-07-06,7.347157955169678
2004-07-07,7.4229021072387695
2004-07-08,7.65013313293457
2004-07-09,7.574389457702637
2004-07-12,7.574389457702637
2004-07-13,7.574389457702637
2004-07-14,7.574389457702637
2004-07-15,7.8385844230651855
2004-07-16,7.8385844230651855
2004-07-19,7.574389457702637
2004-07-20,7.9185686111450195
2004-07-21,7.9185686111450195
2004-07-22,7.8385844230651855
2004-07-23,6.81695032119751
2004-07-26,6.81695032119751
2004-07-27,6.81695032119751
2004-07-28,6.892692565917969
2004-07-29,6.892692565917969
2004-07-30,6.892692565917969
2004-08-02,6.81695032119751
2004-08-03,6.81695032119751
2004-08-04,6.81695032119751
2004-08-05,6.513975620269775
2004-08-06,6.21099853515625
2004-08-09,5.68079137802124
2004-08-10,6.589718818664551
2004-08-11,6.665462493896484
2004-08-12,6.665462493896484
2004-08-13,6.665462493896484
2004-08-16,6.438230991363525
2004-08-17,6.438230991363525
2004-08-18,5.908023357391357
2004-08-19,5.908023357391357
2004-08-20,6.362486839294434
2004-08-23,6.438230991363525
2004-08-24,6.438230991363525
2004-08-25,6.438230991363525
2004-08-26,6.438230991363525
2004-08-27,6.438230991363525
2004-08-30,6.059512138366699
2004-08-31,5.908023357391357
2004-09-01,6.059512138366699
2004-09-02,6.059512138366699
2004-09-03,6.059512138366699
2004-09-06,5.756535053253174
2004-09-07,5.68079137802124
2004-09-08,5.908023357391357
2004-09-09,5.908023357391357
2004-09-10,5.908023357391357
2004-09-13,6.059512138366699
2004-09-14,6.362486839294434
2004-09-15,6.362486839294434
2004-09-16,6.362486839294434
2004-09-17,6.438230991363525
2004-09-20,6.438230991363525
2004-09-21,6.13525390625
2004-09-22,6.13525390625
2004-09-23,6.438230991363525
2004-09-24,6.438230991363525
2004-09-27,6.438230991363525
2004-09-28,6.665462493896484
2004-09-29,6.665462493896484
2004-09-30,6.589718818664551
2004-10-01,6.741206169128418
2004-10-04,6.892692565917969
2004-10-05,6.81695032119751
2004-10-06,6.81695032119751
2004-10-07,7.574389457702637
2004-10-08,7.574389457702637
2004-10-11,7.65013313293457
2004-10-12,7.65013313293457
2004-10-13,7.574389457702637
2004-10-14,7.574389457702637
2004-10-15,7.574389457702637
2004-10-18,7.574389457702637
2004-10-19,7.574389457702637
2004-10-20,7.574389457702637
2004-10-21,7.574389457702637
2004-10-22,7.953108787536621
2004-10-25,7.877364635467529
2004-10-26,7.877364635467529
2004-10-27,7.498645305633545
2004-10-28,7.498645305633545
2004-10-29,7.498645305633545
2004-11-01,7.498645305633545
2004-11-02,7.498645305633545
2004-11-03,7.498645305633545
2004-11-04,7.498645305633545
2004-11-05,7.498645305633545
2004-11-08,7.498645305633545
2004-11-09,7.574389457702637
2004-11-10,7.498645305633545
2004-11-11,7.498645305633545
2004-11-12,7.574389457702637
2004-11-15,7.574389457702637
2004-11-16,7.574389457702637
2004-11-17,7.877364635467529
2004-11-18,7.953108787536621
2004-11-19,7.953108787536621
2004-11-22,7.725877285003662
2004-11-23,7.953108787536621
2004-11-24,7.574389457702637
2004-11-25,7.801621437072754
2004-11-26,7.953108787536621
2004-11-29,7.953108787536621
2004-11-30,7.953108787536621
2004-12-01,8.104596138000488
2004-12-02,8.483316421508789
2004-12-03,8.407570838928223
2004-12-06,8.331828117370605
2004-12-07,8.331828117370605
2004-12-08,8.331828117370605
2004-12-09,8.331828117370605
2004-12-10,8.483316421508789
2004-12-13,8.331828117370605
2004-12-14,8.331828117370605
2004-12-15,9.089266777038574
2004-12-16,9.089266777038574
2004-12-17,9.089266777038574
2004-12-20,9.240755081176758
2004-12-21,9.240755081176758
2004-12-22,9.240755081176758
2004-12-23,9.467986106872559
2004-12-24,9.77096176147461
2004-12-27,9.77096176147461
2004-12-28,9.77096176147461
2004-12-29,9.77096176147461
2004-12-30,9.240755081176758
2004-12-31,9.240755081176758
2005-01-04,9.240755081176758
2005-01-05,9.467986106872559
2005-01-06,9.392244338989258
2005-01-07,9.392244338989258
2005-01-10,9.543730735778809
2005-01-11,9.695215225219727
2005-01-12,9.695215225219727
2005-01-13,10.225425720214844
2005-01-14,9.922450065612793
2005-01-17,10.528401374816895
2005-01-18,10.225425720214844
2005-01-19,10.225425720214844
2005-01-20,10.528401374816895
2005-01-21,10.755632400512695
2005-01-24,11.513071060180664
2005-01-25,11.891791343688965
2005-01-27,12.119024276733398
2005-01-28,11.740303993225098
2005-01-31,11.740303993225098
2005-02-01,11.36158275604248
2005-02-02,10.528401374816895
2005-02-03,10.528401374816895
2005-02-04,10.528401374816895
2005-02-07,10.528401374816895
2005-02-08,10.528401374816895
2005-02-09,10.225425720214844
2005-02-10,10.225425720214844
2005-02-11,10.225425720214844
2005-02-14,10.225425720214844
2005-02-15,10.225425720214844
2005-02-16,10.225425720214844
2005-02-17,10.225425720214844
2005-02-18,10.225425720214844
2005-02-21,10.225425720214844
2005-02-22,10.225425720214844
2005-02-23,9.846704483032227
2005-02-24,10.225425720214844
2005-02-25,10.225425720214844
2005-02-28,9.846704483032227
2005-03-01,9.467986106872559
2005-03-02,9.165011405944824
2005-03-03,9.165011405944824
2005-03-04,9.089266777038574
2005-03-07,8.786290168762207
2005-03-08,9.089266777038574
2005-03-09,9.089266777038574
2005-03-10,9.089266777038574
2005-03-11,9.089266777038574
2005-03-14,7.953108787536621
2005-03-15,8.256085395812988
2005-03-16,8.256085395812988
2005-03-17,8.710545539855957
2005-03-18,9.089266777038574
2005-03-21,9.316498756408691
2005-03-22,9.467986106872559
2005-03-23,9.089266777038574
2005-03-24,9.089266777038574
2005-03-29,9.089266777038574
2005-03-30,9.089266777038574
2005-03-31,8.559059143066406
2005-04-01,8.559059143066406
2005-04-04,8.483316421508789
2005-04-05,8.483316421508789
2005-04-06,8.786290168762207
2005-04-07,8.937779426574707
2005-04-08,9.392244338989258
2005-04-11,9.089266777038574
2005-04-12,9.089266777038574
2005-04-13,9.316498756408691
2005-04-14,9.089266777038574
2005-04-15,8.407570838928223
2005-04-18,8.407570838928223
2005-04-19,8.331828117370605
2005-04-20,8.331828117370605
2005-04-21,7.953108787536621
2005-04-22,7.725877285003662
2005-04-26,7.498645305633545
2005-04-27,7.498645305633545
2005-04-28,7.498645305633545
2005-04-29,7.498645305633545
2005-05-02,7.498645305633545
2005-05-03,7.4229021072387695
2005-05-04,7.4229021072387695
2005-05-05,7.4229021072387695
2005-05-06,7.4229021072387695
2005-05-09,7.4229021072387695
2005-05-10,7.4229021072387695
2005-05-11,7.574389457702637
2005-05-12,7.574389457702637
2005-05-13,7.574389457702637
2005-05-16,7.574389457702637
2005-05-17,7.574389457702637
2005-05-18,7.574389457702637
2005-05-19,7.574389457702637
2005-05-20,7.574389457702637
2005-05-23,7.574389457702637
2005-05-24,7.195670127868652
2005-05-25,7.195670127868652
2005-05-26,7.195670127868652
2005-05-27,7.195670127868652
2005-05-30,6.362486839294434
2005-05-31,6.059512138366699
2005-06-01,6.059512138366699
2005-06-02,6.059512138366699
2005-06-03,6.059512138366699
2005-06-06,5.302072048187256
2005-06-07,5.302072048187256
2005-06-08,5.302072048187256
2005-06-09,5.302072048187256
2005-06-10,5.302072048187256
2005-06-14,4.923352241516113
2005-06-15,4.165914058685303
2005-06-16,4.165914058685303
2005-06-17,4.923352241516113
2005-06-20,4.923352241516113
2005-06-21,4.923352241516113
2005-06-22,4.771865367889404
2005-06-23,4.771865367889404
2005-06-24,4.544633388519287
2005-06-27,4.544633388519287
2005-06-28,4.923352241516113
2005-06-29,4.923352241516113
2005-06-30,4.696121692657471
2005-07-01,4.696121692657471
2005-07-04,5.718664169311523
2005-07-05,5.150585174560547
2005-07-06,5.150585174560547
2005-07-07,6.059512138366699
2005-07-08,6.059512138366699
2005-07-11,6.059512138366699
2005-07-12,6.059512138366699
2005-07-13,6.059512138366699
2005-07-14,5.453557968139648
2005-07-15,5.453557968139648
2005-07-18,5.453557968139648
2005-07-19,5.756535053253174
2005-07-20,5.453557968139648
2005-07-21,5.453557968139648
2005-07-22,5.453557968139648
2005-07-25,5.453557968139648
2005-07-26,5.453557968139648
2005-07-27,5.074841022491455
2005-07-28,5.074841022491455
2005-07-29,4.923352241516113
2005-08-01,4.733993053436279
2005-08-02,4.733993053436279
2005-08-03,4.733993053436279
2005-08-04,4.733993053436279
2005-08-05,4.733993053436279
2005-08-08,4.733993053436279
2005-08-09,4.733993053436279
2005-08-10,4.733993053436279
2005-08-11,4.544633388519287
2005-08-12,4.544633388519287
2005-08-15,4.544633388519287
2005-08-16,4.544633388519287
2005-08-17,4.4688897132873535
2005-08-18,4.4688897132873535
2005-08-19,4.4688897132873535
2005-08-22,4.4688897132873535
2005-08-23,4.4688897132873535
2005-08-24,4.4688897132873535
2005-08-25,4.4688897132873535
2005-08-26,4.4688897132873535
2005-08-29,4.923352241516113
2005-08-30,4.923352241516113
2005-08-31,4.923352241516113
2005-09-01,4.923352241516113
2005-09-02,4.923352241516113
2005-09-05,5.039089679718018
2005-09-06,4.923352241516113
2005-09-07,4.923352241516113
2005-09-08,4.923352241516113
2005-09-09,4.923352241516113
2005-09-12,4.923352241516113
2005-09-13,4.923352241516113
2005-09-14,3.78719425201416
2005-09-15,3.78719425201416
2005-09-16,3.78719425201416
2005-09-19,3.78719425201416
2005-09-20,3.78719425201416
2005-09-21,4.241657733917236
2005-09-22,4.241657733917236
2005-09-23,4.544633388519287
2005-09-26,4.279529094696045
2005-09-27,4.241657733917236
2005-09-28,4.241657733917236
2005-09-29,4.923352241516113
2005-09-30,5.264200210571289
2005-10-03,5.264200210571289
2005-10-04,5.264200210571289
2005-10-05,5.264200210571289
2005-10-06,5.2263288497924805
2005-10-07,5.2263288497924805
2005-10-10,5.2263288497924805
2005-10-11,5.2263288497924805
2005-10-12,5.2263288497924805
2005-10-13,5.2263288497924805
2005-10-14,5.2263288497924805
2005-10-17,5.2263288497924805
2005-10-18,5.2263288497924805
2005-10-19,5.2263288497924805
2005-10-20,5.453557968139648
2005-10-21,5.453557968139648
2005-10-24,5.453557968139648
2005-10-25,5.074841022491455
2005-10-26,5.074841022491455
2005-10-27,5.150585174560547
2005-10-28,5.150585174560547
2005-10-31,5.150585174560547
2005-11-01,4.885480880737305
2005-11-02,5.150585174560547
2005-11-03,5.150585174560547
2005-11-04,5.150585174560547
2005-11-07,5.150585174560547
2005-11-08,5.150585174560547
2005-11-09,5.150585174560547
2005-11-10,5.150585174560547
2005-11-11,5.150585174560547
2005-11-14,5.302072048187256
2005-11-15,5.150585174560547
2005-11-16,5.150585174560547
2005-11-17,5.150585174560547
2005-11-18,5.150585174560547
2005-11-21,5.302072048187256
2005-11-22,5.68079137802124
2005-11-23,5.68079137802124
2005-11-24,5.68079137802124
2005-11-25,6.81695032119751
2005-11-28,6.81695032119751
2005-11-29,6.741206169128418
2005-11-30,6.741206169128418
2005-12-01,6.438230991363525
2005-12-02,6.059512138366699
2005-12-05,6.059512138366699
2005-12-06,6.059512138366699
2005-12-07,6.438230991363525
2005-12-08,5.983767032623291
2005-12-09,5.983767032623291
2005-12-12,5.68079137802124
2005-12-13,5.302072048187256
2005-12-14,5.302072048187256
2005-12-15,4.847607135772705
2005-12-16,4.923352241516113
2005-12-19,4.923352241516113
2005-12-20,4.923352241516113
2005-12-21,4.923352241516113
2005-12-22,4.923352241516113
2005-12-23,5.302072048187256
2005-12-28,5.302072048187256
2005-12-29,5.302072048187256
2005-12-30,5.302072048187256
2006-01-03,5.302072048187256
2006-01-04,5.302072048187256
2006-01-05,5.908023357391357
2006-01-06,5.908023357391357
2006-01-09,5.908023357391357
2006-01-10,5.377816200256348
2006-01-11,5.68079137802124
2006-01-12,5.68079137802124
2006-01-13,5.68079137802124
2006-01-16,5.68079137802124
2006-01-17,5.68079137802124
2006-01-18,5.68079137802124
2006-01-19,5.68079137802124
2006-01-20,5.68079137802124
2006-01-23,5.68079137802124
2006-01-24,5.302072048187256
2006-01-25,5.302072048187256
2006-01-27,5.302072048187256
2006-01-30,5.302072048187256
2006-01-31,5.302072048187256
2006-02-01,5.302072048187256
2006-02-02,5.302072048187256
2006-02-03,5.68079137802124
2006-02-06,5.68079137802124
2006-02-07,5.68079137802124
2006-02-08,5.68079137802124
2006-02-09,5.302072048187256
2006-02-10,5.302072048187256
2006-02-13,5.302072048187256
2006-02-14,5.68079137802124
2006-02-15,5.68079137802124
2006-02-16,5.68079137802124
2006-02-17,5.68079137802124
2006-02-20,6.059512138366699
2006-02-21,6.059512138366699
2006-02-22,6.059512138366699
2006-02-23,5.68079137802124
2006-02-24,6.059512138366699
2006-02-27,6.059512138366699
2006-02-28,6.059512138366699
2006-03-01,6.059512138366699
2006-03-02,6.059512138366699
2006-03-03,6.059512138366699
2006-03-06,5.68079137802124
2006-03-07,5.68079137802124
2006-03-08,5.68079137802124
2006-03-09,5.68079137802124
2006-03-10,5.68079137802124
2006-03-13,5.68079137802124
2006-03-14,5.68079137802124
2006-03-15,5.68079137802124
2006-03-16,5.68079137802124
2006-03-17,5.68079137802124
2006-03-20,5.983767032623291
2006-03-21,6.059512138366699
2006-03-22,6.059512138366699
2006-03-23,6.059512138366699
2006-03-24,6.059512138366699
2006-03-27,6.059512138366699
2006-03-28,6.059512138366699
2006-03-29,6.059512138366699
2006-03-30,6.059512138366699
2006-03-31,6.059512138366699
2006-04-03,6.059512138366699
2006-04-04,6.059512138366699
2006-04-05,6.059512138366699
2006-04-06,6.059512138366699
2006-04-07,6.059512138366699
2006-04-10,6.059512138366699
2006-04-11,5.756535053253174
2006-04-12,5.68079137802124
2006-04-13,5.68079137802124
2006-04-18,5.68079137802124
2006-04-19,5.68079137802124
2006-04-20,5.68079137802124
2006-04-21,5.918931007385254
2006-04-24,5.302072048187256
2006-04-26,5.302072048187256
2006-04-27,5.302072048187256
2006-04-28,5.302072048187256
2006-05-01,5.605047225952148
2006-05-02,5.605047225952148
2006-05-03,5.598987579345703
2006-05-04,5.598987579345703
2006-05-05,5.519001007080078
2006-05-08,5.519001007080078
2006-05-09,5.519001007080078
2006-05-10,5.519001007080078
2006-05-11,5.519001007080078
2006-05-12,5.519001007080078
2006-05-15,5.519001007080078
2006-05-16,5.519001007080078
2006-05-17,5.519001007080078
2006-05-18,5.150585174560547
2006-05-19,4.847607135772705
2006-05-22,5.150585174560547
2006-05-23,4.923352241516113
2006-05-24,4.923352241516113
2006-05-25,4.582505702972412
2006-05-26,4.582505702972412
2006-05-29,4.582505702972412
2006-05-30,4.771865367889404
2006-05-31,4.544633388519287
2006-06-01,4.544633388519287
2006-06-02,4.696121692657471
2006-06-05,4.696121692657471
2006-06-06,4.696121692657471
2006-06-07,4.696121692657471
2006-06-08,4.696121692657471
2006-06-09,4.544633388519287
2006-06-13,4.241657733917236
2006-06-14,4.165914058685303
2006-06-15,4.165914058685303
2006-06-16,4.165914058685303
2006-06-19,3.78719425201416
2006-06-20,3.78719425201416
2006-06-21,4.090170383453369
2006-06-22,3.78719425201416
2006-06-23,3.78719425201416
2006-06-26,3.78719425201416
2006-06-27,3.408475160598755
2006-06-28,3.105499267578125
2006-06-29,3.1812429428100586
2006-06-30,4.544633388519287
2006-07-03,4.544633388519287
2006-07-04,4.544633388519287
2006-07-05,5.150585174560547
2006-07-06,5.150585174560547
2006-07-07,5.150585174560547
2006-07-10,5.150585174560547
2006-07-11,5.150585174560547
2006-07-12,5.150585174560547
2006-07-13,5.150585174560547
2006-07-14,5.150585174560547
2006-07-17,5.150585174560547
2006-07-18,5.150585174560547
2006-07-19,5.150585174560547
2006-07-20,5.119074821472168
2006-07-21,4.847607135772705
2006-07-24,4.847607135772705
2006-07-25,4.847607135772705
2006-07-26,4.847607135772705
2006-07-27,4.847607135772705
2006-07-28,4.544633388519287
2006-07-31,4.847607135772705
2006-08-01,4.847607135772705
2006-08-02,4.847607135772705
2006-08-03,4.847607135772705
2006-08-04,4.847607135772705
2006-08-07,4.847607135772705
2006-08-08,4.847607135772705
2006-08-09,4.847607135772705
2006-08-10,4.847607135772705
2006-08-11,4.847607135772705
2006-08-14,4.847607135772705
2006-08-15,4.847607135772705
2006-08-16,4.847607135772705
2006-08-17,5.150585174560547
2006-08-18,5.150585174560547
2006-08-21,5.150585174560547
2006-08-22,5.150585174560547
2006-08-23,5.150585174560547
2006-08-24,5.150585174560547
2006-08-25,5.150585174560547
2006-08-28,5.150585174560547
2006-08-29,5.150585174560547
2006-08-30,5.302072048187256
2006-08-31,5.150585174560547
2006-09-01,5.150585174560547
2006-09-04,5.150585174560547
2006-09-05,5.302072048187256
2006-09-06,5.150585174560547
2006-09-07,5.2263288497924805
2006-09-08,5.68079137802124
2006-09-11,5.68079137802124
2006-09-12,6.059512138366699
2006-09-13,6.059512138366699
2006-09-14,6.059512138366699
2006-09-15,5.68079137802124
2006-09-18,5.68079137802124
2006-09-19,5.68079137802124
2006-09-20,5.68079137802124
2006-09-21,5.2263288497924805
2006-09-22,5.2263288497924805
2006-09-25,5.2263288497924805
2006-09-26,5.2263288497924805
2006-09-27,5.2263288497924805
2006-09-28,5.2263288497924805
2006-09-29,5.2263288497924805
2006-10-02,5.2263288497924805
2006-10-03,5.2263288497924805
2006-10-04,5.2263288497924805
2006-10-05,5.2263288497924805
2006-10-06,5.2263288497924805
2006-10-09,5.2263288497924805
2006-10-10,5.2263288497924805
2006-10-11,5.2263288497924805
2006-10-12,5.529304027557373
2006-10-13,5.529304027557373
2006-10-16,5.68079137802124
2006-10-17,5.68079137802124
2006-10-18,5.68079137802124
2006-10-19,5.68079137802124
2006-10-20,6.21099853515625
2006-10-23,6.438230991363525
2006-10-24,6.438230991363525
2006-10-25,6.438230991363525
2006-10-26,5.756535053253174
2006-10-27,5.756535053253174
2006-10-30,5.756535053253174
2006-10-31,6.059512138366699
2006-11-01,6.362486839294434
2006-11-02,6.248871326446533
2006-11-03,6.362486839294434
2006-11-06,6.362486839294434
2006-11-07,6.362486839294434
2006-11-08,6.362486839294434
2006-11-09,6.362486839294434
2006-11-10,6.324614524841309
2006-11-13,6.324614524841309
2006-11-14,6.438230991363525
2006-11-15,6.665462493896484
2006-11-16,6.665462493896484
2006-11-17,6.665462493896484
2006-11-20,6.958743095397949
2006-11-21,6.892692565917969
2006-11-22,6.892692565917969
2006-11-23,7.1986985206604
2006-11-24,7.1986985206604
2006-11-27,7.1986985206604
2006-11-28,6.362486839294434
2006-11-29,6.362486839294434
2006-11-30,5.908023357391357
2006-12-01,6.362486839294434
2006-12-04,6.438230991363525
2006-12-05,6.438230991363525
2006-12-06,6.589718818664551
2006-12-07,6.589718818664551
2006-12-08,6.324614524841309
2006-12-11,6.059512138366699
2006-12-12,6.059512138366699
2006-12-13,6.059512138366699
2006-12-14,6.021638870239258
2006-12-15,6.021638870239258
2006-12-18,5.605047225952148
2006-12-19,6.059512138366699
2006-12-20,6.059512138366699
2006-12-21,6.059512138366699
2006-12-22,6.059512138366699
2006-12-27,6.059512138366699
2006-12-28,6.059512138366699
2006-12-29,6.059512138366699
2007-01-02,6.059512138366699
2007-01-03,6.059512138366699
2007-01-04,6.059512138366699
2007-01-05,6.059512138366699
2007-01-08,6.059512138366699
2007-01-09,6.059512138366699
2007-01-10,6.059512138366699
2007-01-11,6.059512138366699
2007-01-12,6.059512138366699
2007-01-15,5.756535053253174
2007-01-16,5.756535053253174
2007-01-17,5.756535053253174
2007-01-18,5.756535053253174
2007-01-19,6.13525390625
2007-01-22,6.21099853515625
2007-01-23,6.21099853515625
2007-01-24,6.21099853515625
2007-01-25,6.21099853515625
2007-01-29,5.832279682159424
2007-01-30,6.059512138366699
2007-01-31,6.059512138366699
2007-02-01,6.059512138366699
2007-02-02,6.059512138366699
2007-02-05,6.059512138366699
2007-02-06,6.059512138366699
2007-02-07,6.21099853515625
2007-02-08,6.21099853515625
2007-02-09,6.21099853515625
2007-02-12,6.21099853515625
2007-02-13,6.21099853515625
2007-02-14,5.832279682159424
2007-02-15,5.832279682159424
2007-02-16,6.059512138366699
2007-02-19,6.059512138366699
2007-02-20,6.059512138366699
2007-02-21,6.059512138366699
2007-02-22,6.059512138366699
2007-02-23,6.059512138366699
2007-02-26,5.832279682159424
2007-02-27,5.832279682159424
2007-02-28,5.832279682159424
2007-03-01,6.059512138366699
2007-03-02,6.059512138366699
2007-03-05,5.68079137802124
2007-03-06,5.68079137802124
2007-03-07,5.68079137802124
2007-03-08,5.918931007385254
2007-03-09,5.918931007385254
2007-03-12,4.923352241516113
2007-03-13,4.923352241516113
2007-03-14,4.923352241516113
2007-03-15,5.302072048187256
2007-03-16,5.832279682159424
2007-03-19,5.832279682159424
2007-03-20,5.832279682159424
2007-03-21,5.302072048187256
2007-03-22,6.81695032119751
2007-03-23,6.81695032119751
2007-03-26,6.2867431640625
2007-03-27,6.438230991363525
2007-03-28,6.438230991363525
2007-03-29,6.665462493896484
2007-03-30,6.930564880371094
2007-04-02,7.119925022125244
2007-04-03,7.119925022125244
2007-04-04,7.119925022125244
2007-04-05,7.195670127868652
2007-04-10,7.574389457702637
2007-04-11,7.574389457702637
2007-04-12,7.271414756774902
2007-04-13,7.574389457702637
2007-04-16,7.574389457702637
2007-04-17,7.271414756774902
2007-04-18,7.574389457702637
2007-04-19,7.347157955169678
2007-04-20,7.498645305633545
2007-04-23,7.574389457702637
2007-04-24,7.65013313293457
2007-04-26,7.801621437072754
2007-04-27,8.331828117370605
2007-04-30,8.180341720581055
2007-05-01,8.331828117370605
2007-05-02,8.483316421508789
2007-05-03,8.63480281829834
2007-05-04,8.786290168762207
2007-05-07,8.786290168762207
2007-05-08,8.786290168762207
2007-05-09,7.725877285003662
2007-05-10,7.801621437072754
2007-05-11,7.877364635467529
2007-05-14,7.877364635467529
2007-05-15,7.953108787536621
2007-05-16,7.953108787536621
2007-05-17,7.953108787536621
2007-05-18,7.688003063201904
2007-05-21,7.688003063201904
2007-05-22,7.725877285003662
2007-05-23,7.725877285003662
2007-05-24,7.953108787536621
2007-05-25,7.953108787536621
2007-05-28,7.725877285003662
2007-05-29,7.574389457702637
2007-05-30,7.574389457702637
2007-05-31,7.574389457702637
2007-06-01,8.63480281829834
2007-06-04,7.65013313293457
2007-06-05,7.65013313293457
2007-06-06,7.65013313293457
2007-06-07,7.65013313293457
2007-06-08,8.86203384399414
2007-06-12,9.278325080871582
2007-06-13,8.710545539855957
2007-06-14,8.710545539855957
2007-06-15,8.710545539855957
2007-06-18,8.710545539855957
2007-06-19,8.786290168762207
2007-06-20,8.786290168762207
2007-06-21,8.786290168762207
2007-06-22,8.786290168762207
2007-06-25,8.786290168762207
2007-06-26,8.786290168762207
2007-06-27,8.786290168762207
2007-06-28,8.786290168762207
2007-06-29,8.786290168762207
2007-07-02,8.710545539855957
2007-07-03,8.798410415649414
2007-07-04,8.798410415649414
2007-07-05,8.798410415649414
2007-07-06,8.331828117370605
2007-07-09,8.331828117370605
2007-07-10,7.953108787536621
2007-07-11,8.937779426574707
2007-07-12,8.710545539855957
2007-07-13,8.63844108581543
2007-07-16,8.63844108581543
2007-07-17,8.798410415649414
2007-07-18,8.180341720581055
2007-07-19,8.180341720581055
2007-07-20,8.180341720581055
2007-07-23,8.180341720581055
2007-07-24,8.180341720581055
2007-07-25,8.028850555419922
2007-07-26,7.9909796714782715
2007-07-27,7.9909796714782715
2007-07-30,7.9909796714782715
2007-07-31,7.9909796714782715
2007-08-01,7.9909796714782715
2007-08-02,6.968437194824219
2007-08-03,6.968437194824219
2007-08-06,7.044180393218994
2007-08-07,6.81695032119751
2007-08-08,6.81695032119751
2007-08-09,7.195670127868652
2007-08-10,7.195670127868652
2007-08-13,6.968437194824219
2007-08-14,7.0387282371521
2007-08-15,6.665462493896484
2007-08-16,6.665462493896484
2007-08-17,6.665462493896484
2007-08-20,6.968437194824219
2007-08-21,6.81695032119751
2007-08-22,6.665462493896484
2007-08-23,6.665462493896484
2007-08-24,6.81695032119751
2007-08-27,6.968437194824219
2007-08-28,7.118713855743408
2007-08-29,7.0387282371521
2007-08-30,6.665462493896484
2007-08-31,6.551846027374268
2007-09-03,6.81695032119751
2007-09-04,6.878756999969482
2007-09-05,6.968437194824219
2007-09-06,6.81695032119751
2007-09-07,6.665462493896484
2007-09-10,6.878756999969482
2007-09-11,6.878756999969482
2007-09-12,6.878756999969482
2007-09-13,6.81695032119751
2007-09-14,6.81695032119751
2007-09-17,6.81695032119751
2007-09-18,6.81695032119751
2007-09-19,7.0387282371521
2007-09-20,7.118713855743408
2007-09-21,6.81695032119751
2007-09-24,7.044180393218994
2007-09-25,6.741206169128418
2007-09-26,6.741206169128418
2007-09-27,6.741206169128418
2007-09-28,6.81695032119751
2007-10-01,6.741206169128418
2007-10-02,6.703334331512451
2007-10-03,6.665462493896484
2007-10-04,6.21099853515625
2007-10-05,6.513975620269775
2007-10-08,6.513975620269775
2007-10-09,6.513975620269775
2007-10-10,6.513975620269775
2007-10-11,6.638800144195557
2007-10-12,6.638800144195557
2007-10-15,6.513975620269775
2007-10-16,6.551846027374268
2007-10-17,6.638800144195557
2007-10-18,6.438230991363525
2007-10-19,6.513975620269775
2007-10-22,6.741206169128418
2007-10-23,6.81695032119751
2007-10-24,6.81695032119751
2007-10-25,6.81695032119751
2007-10-26,6.81695032119751
2007-10-29,6.81695032119751
2007-10-30,6.81695032119751
2007-10-31,6.81695032119751
2007-11-01,6.878756999969482
2007-11-02,6.638800144195557
2007-11-05,6.665462493896484
2007-11-06,6.798771858215332
2007-11-07,6.798771858215332
2007-11-08,6.798771858215332
2007-11-09,6.438230991363525
2007-11-12,6.438230991363525
2007-11-13,6.438230991363525
2007-11-14,6.438230991363525
2007-11-15,6.438230991363525
2007-11-16,6.438230991363525
2007-11-19,5.908023357391357
2007-11-20,5.908023357391357
2007-11-21,6.078901290893555
2007-11-22,5.908023357391357
2007-11-23,5.264200210571289
2007-11-26,5.264200210571289
2007-11-27,5.264200210571289
2007-11-28,5.264200210571289
2007-11-29,5.264200210571289
2007-11-30,5.264200210571289
2007-12-03,5.302072048187256
2007-12-04,5.302072048187256
2007-12-05,5.302072048187256
2007-12-06,5.302072048187256
2007-12-07,5.302072048187256
2007-12-10,5.908023357391357
2007-12-11,5.758959770202637
2007-12-12,5.758959770202637
2007-12-13,5.758959770202637
2007-12-14,5.758959770202637
2007-12-17,5.264200210571289
2007-12-18,5.377816200256348
2007-12-19,5.558995246887207
2007-12-20,5.558995246887207
2007-12-21,5.377816200256348
2007-12-24,5.377816200256348
2007-12-27,5.377816200256348
2007-12-28,5.377816200256348
2007-12-31,5.377816200256348
2008-01-02,5.377816200256348
2008-01-03,5.377816200256348
2008-01-04,5.377816200256348
2008-01-07,5.377816200256348
2008-01-08,5.377816200256348
2008-01-09,5.377816200256348
2008-01-10,5.377816200256348
2008-01-11,5.377816200256348
2008-01-14,5.377816200256348
2008-01-15,5.377816200256348
2008-01-16,5.377816200256348
2008-01-17,5.377816200256348
2008-01-18,5.377816200256348
2008-01-21,4.165914058685303
2008-01-22,3.78719425201416
2008-01-23,3.78719425201416
2008-01-24,3.679335832595825
2008-01-25,3.78719425201416
2008-01-29,3.484218120574951
2008-01-30,3.484218120574951
2008-01-31,2.9540112018585205
2008-02-01,3.0297555923461914
2008-02-04,2.651035785675049
2008-02-05,2.651035785675049
2008-02-06,2.7646515369415283
2008-02-07,2.7646515369415283
2008-02-08,3.0297555923461914
2008-02-11,2.9194724559783936
2008-02-12,2.9194724559783936
2008-02-13,2.959465503692627
2008-02-14,3.0297555923461914
2008-02-15,2.959465503692627
2008-02-18,2.959465503692627
2008-02-19,2.651035785675049
2008-02-20,2.651035785675049
2008-02-21,2.651035785675049
2008-02-22,1.8935966491699219
2008-02-25,1.8935966491699219
2008-02-26,1.1361578702926636
2008-02-27,0.9089267253875732
2008-02-28,0.7574388980865479
2008-02-29,0.681694507598877
2008-03-03,0.681694507598877
2008-03-04,0.681694507598877
2008-03-05,0.681694507598877
2008-03-06,0.681694507598877
2008-03-07,0.681694507598877
2008-03-10,0.681694507598877
2008-03-11,0.5680785179138184
2008-03-12,0.5680785179138184
2008-03-13,0.5680785179138184
2008-03-14,0.7574388980865479
2008-03-17,0.6059508919715881
2008-03-18,0.6059508919715881
2008-03-19,0.7574388980865479
2008-03-20,0.833182156085968
2008-03-25,0.833182156085968
2008-03-26,0.833182156085968
2008-03-27,0.833182156085968
2008-03-28,0.833182156085968
2008-03-31,0.833182156085968
2008-04-01,0.833182156085968
2008-04-02,0.833182156085968
2008-04-03,0.833182156085968
2008-04-04,0.833182156085968
2008-04-07,0.833182156085968
2008-04-08,0.833182156085968
2008-04-09,0.9089267253875732
2008-04-10,0.9089267253875732
2008-04-11,0.9089267253875732
2008-04-14,1.060414433479309
2008-04-15,1.060414433479309
2008-04-16,1.060414433479309
2008-04-17,1.1361578702926636
2008-04-18,1.666365385055542
2008-04-21,1.8935966491699219
2008-04-22,1.8935966491699219
2008-04-23,1.8935966491699219
2008-04-24,1.8935966491699219
2008-04-28,1.5148777961730957
2008-04-29,1.5148777961730957
2008-04-30,1.5906211137771606
2008-05-01,1.5148777961730957
2008-05-02,1.5906211137771606
2008-05-05,1.5997111797332764
2008-05-06,1.5906211137771606
2008-05-07,1.5906211137771606
2008-05-08,1.5906211137771606
2008-05-09,1.5906211137771606
2008-05-12,1.5906211137771606
2008-05-13,1.5906211137771606
2008-05-14,1.5906211137771606
2008-05-15,1.1361578702926636
2008-05-16,1.1361578702926636
2008-05-19,1.1361578702926636
2008-05-20,1.1361578702926636
2008-05-21,1.1361578702926636
2008-05-22,0.9846699833869934
2008-05-23,0.6059508919715881
2008-05-26,0.6059508919715881
2008-05-27,0.833182156085968
2008-05-28,0.833182156085968
2008-05-29,0.879815936088562
2008-05-30,0.879815936088562
2008-06-02,0.879815936088562
2008-06-03,0.879815936088562
2008-06-04,0.7918339371681213
2008-06-05,0.8398239612579346
2008-06-06,0.879815936088562
2008-06-10,0.879815936088562
2008-06-11,0.9198073148727417
2008-06-12,0.8398239612579346
2008-06-13,0.879815936088562
2008-06-16,0.879815936088562
2008-06-17,0.879815936088562
2008-06-18,0.879815936088562
2008-06-19,0.9597991108894348
2008-06-20,0.9597991108894348
2008-06-23,0.9597991108894348
2008-06-24,0.8398239612579346
2008-06-25,0.6798571348190308
2008-06-26,0.6798571348190308
2008-06-27,0.6798571348190308
2008-06-30,0.4798992872238159
2008-07-01,0.4798992872238159
2008-07-02,0.5198912620544434
2008-07-03,0.4798992872238159
2008-07-04,0.4798992872238159
2008-07-07,0.4798992872238159
2008-07-08,0.4798992872238159
2008-07-09,0.4798992872238159
2008-07-10,0.4798992872238159
2008-07-11,0.4798992872238159
2008-07-14,0.4798992872238159
2008-07-15,0.4798992872238159
2008-07-16,0.4878978133201599
2008-07-17,0.6398658156394958
2008-07-18,0.6398658156394958
2008-07-21,0.5598825216293335
2008-07-22,0.5598825216293335
2008-07-23,0.6398658156394958
2008-07-24,0.6398658156394958
2008-07-25,0.6398658156394958
2008-07-28,0.6398658156394958
2008-07-29,0.6398658156394958
2008-07-30,0.6398658156394958
2008-07-31,0.6398658156394958
2008-08-01,0.6398658156394958
2008-08-04,0.6398658156394958
2008-08-05,0.6398658156394958
2008-08-06,0.6398658156394958
2008-08-07,0.6398658156394958
2008-08-08,0.6398658156394958
2008-08-11,0.6398658156394958
2008-08-12,0.6398658156394958
2008-08-13,0.6398658156394958
2008-08-14,0.6398658156394958
2008-08-15,0.6398658156394958
2008-08-18,0.5198912620544434
2008-08-19,0.5198912620544434
2008-08-20,0.5198912620544434
2008-08-21,0.4958955645561218
2008-08-22,0.4958955645561218
2008-08-25,0.5198912620544434
2008-08-26,0.5198912620544434
2008-08-27,0.5198912620544434
2008-08-28,0.5198912620544434
2008-08-29,0.5198912620544434
2008-09-01,0.5198912620544434
2008-09-02,0.5198912620544434
2008-09-03,0.5198912620544434
2008-09-04,0.5198912620544434
2008-09-05,0.5198912620544434
2008-09-08,0.5198912620544434
2008-09-09,0.5198912620544434
2008-09-10,0.5198912620544434
2008-09-11,0.5198912620544434
2008-09-12,0.4798992872238159
2008-09-15,0.4798992872238159
2008-09-16,0.4798992872238159
2008-09-17,0.4798992872238159
2008-09-18,0.4798992872238159
2008-09-19,0.4798992872238159
2008-09-22,0.4798992872238159
2008-09-23,0.3199325501918793
2008-09-24,0.3199325501918793
2008-09-25,0.3199325501918793
2008-09-26,0.3199325501918793
2008-09-29,0.3199325501918793
2008-09-30,0.3199325501918793
2008-10-01,0.3199325501918793
2008-10-02,0.3199325501918793
2008-10-03,0.3199325501918793
2008-10-06,0.3199325501918793
2008-10-07,0.3199325501918793
2008-10-08,0.3199325501918793
2008-10-09,0.3199325501918793
2008-10-10,0.3199325501918793
2008-10-13,0.3199325501918793
2008-10-14,0.3199325501918793
2008-10-15,0.3999159038066864
2008-10-16,0.3999159038066864
2008-10-17,0.3999159038066864
2008-10-20,0.3999159038066864
2008-10-21,0.3999159038066864
2008-10-22,0.3999159038066864
2008-10-23,0.3999159038066864
2008-10-24,0.3999159038066864
2008-10-27,0.3999159038066864
2008-10-28,0.3199325501918793
2008-10-29,0.3199325501918793
2008-10-30,0.3199325501918793
2008-10-31,0.3199325501918793
2008-11-03,0.3199325501918793
2008-11-04,0.3199325501918793
2008-11-05,0.3199325501918793
2008-11-06,0.3199325501918793
2008-11-07,0.3199325501918793
2008-11-10,0.1999579519033432
2008-11-11,0.1999579519033432
2008-11-12,0.1999579519033432
2008-11-13,0.1999579519033432
2008-11-14,0.1999579519033432
2008-11-17,0.1999579519033432
2008-11-18,0.13597092032432556
2008-11-19,0.13597092032432556
2008-11-20,0.07998252660036087
2008-11-21,0.07998252660036087
2008-11-24,0.055987611413002014
2008-11-25,0.07198476791381836
2008-11-26,0.07198476791381836
2008-11-27,0.07198476791381836
2008-11-28,0.039991263300180435
2008-12-01,0.023994918912649155
2008-12-02,0.01599634438753128
2008-12-03,0.01599634438753128
2008-12-04,0.023994918912649155
2008-12-05,0.023994918912649155
2008-12-08,0.023994918912649155
2008-12-09,0.03199268877506256
2008-12-10,0.03199268877506256
2008-12-11,0.03199268877506256
2008-12-12,0.03199268877506256
2008-12-15,0.04798983782529831
2008-12-16,0.06398619711399078
2008-12-17,0.07998252660036087
2008-12-18,0.07998252660036087
2008-12-19,0.07998252660036087
2008-12-22,0.07998252660036087
2008-12-23,0.07998252660036087
2008-12-24,0.07998252660036087
2008-12-29,0.07998252660036087
2008-12-30,0.07998252660036087
2008-12-31,0.07998252660036087
2009-01-02,0.07998252660036087
2009-01-05,0.07998252660036087
2009-01-06,0.07998252660036087
2009-01-07,0.07998252660036087
2009-01-08,0.07998252660036087
2009-01-09,0.07998252660036087
2009-01-12,0.11997462809085846
2009-01-13,0.11997462809085846
2009-01-14,0.11997462809085846
2009-01-15,0.1599658727645874
2009-01-16,0.1599658727645874
2009-01-19,0.1599658727645874
2009-01-20,0.1519680768251419
2009-01-21,0.1519680768251419
2009-01-22,0.1519680768251419
2009-01-23,0.1519680768251419
2009-01-27,0.1519680768251419
2009-01-28,0.09597967565059662
2009-01-29,0.09597967565059662
2009-01-30,0.09597967565059662
2009-02-02,0.09597967565059662
2009-02-03,0.09597967565059662
2009-02-04,0.11997462809085846
2009-02-05,0.11997462809085846
2009-02-06,0.11997462809085846
2009-02-09,0.11997462809085846
2009-02-10,0.11997462809085846
2009-02-11,0.11997462809085846
2009-02-12,0.11997462809085846
2009-02-13,0.11997462809085846
2009-02-16,0.11997462809085846
2009-02-17,0.11997462809085846
2009-02-18,0.11997462809085846
2009-02-19,0.11997462809085846
2009-02-20,0.12797316908836365
2009-02-23,0.12797316908836365
2009-02-24,0.12797316908836365
2009-02-25,0.12797316908836365
2009-02-26,0.12797316908836365
2009-02-27,0.12797316908836365
2009-03-02,0.12797316908836365
2009-03-03,0.12797316908836365
2009-03-04,0.12797316908836365
2009-03-05,0.12797316908836365
2009-03-06,0.14396953582763672
2009-03-09,0.14396953582763672
2009-03-10,0.14396953582763672
2009-03-11,0.14396953582763672
2009-03-12,0.14396953582763672
2009-03-13,0.14396953582763672
2009-03-16,0.14396953582763672
2009-03-17,0.14396953582763672
2009-03-18,0.14396953582763672
2009-03-19,0.14396953582763672
2009-03-20,0.14396953582763672
2009-03-23,0.1599658727645874
2009-03-24,0.1599658727645874
2009-03-25,0.14396953582763672
2009-03-26,0.14396953582763672
2009-03-27,0.14396953582763672
2009-03-30,0.14396953582763672
2009-03-31,0.14396953582763672
2009-04-01,0.1599658727645874
2009-04-02,0.1599658727645874
2009-04-03,0.1599658727645874
2009-04-06,0.1599658727645874
2009-04-07,0.1599658727645874
2009-04-08,0.1599658727645874
2009-04-09,0.1599658727645874
2009-04-14,0.1599658727645874
2009-04-15,0.1599658727645874
2009-04-16,0.1599658727645874
2009-04-17,0.1599658727645874
2009-04-20,0.1599658727645874
2009-04-21,0.1599658727645874
2009-04-22,0.1599658727645874
2009-04-23,0.1599658727645874
2009-04-24,0.1599658727645874
2009-04-27,0.1599658727645874
2009-04-28,0.1599658727645874
2009-04-29,0.1599658727645874
2009-04-30,0.1599658727645874
2009-05-01,0.1679644137620926
2009-05-04,0.1679644137620926
2009-05-05,0.1679644137620926
2009-05-06,0.1679644137620926
2009-05-07,0.1679644137620926
2009-05-08,0.1679644137620926
2009-05-11,0.1679644137620926
2009-05-12,0.1679644137620926
2009-05-13,0.1679644137620926
2009-05-14,0.1679644137620926
2009-05-15,0.1679644137620926
2009-05-18,0.1679644137620926
2009-05-19,0.1679644137620926
2009-05-20,0.1679644137620926
2009-05-21,0.1599658727645874
2009-05-22,0.1599658727645874
2009-05-25,0.17596301436424255
2009-05-26,0.17596301436424255
2009-05-27,0.17596301436424255
2009-05-28,0.17596301436424255
2009-05-29,0.17596301436424255
2009-06-01,0.17596301436424255
2009-06-02,0.17596301436424255
2009-06-03,0.17596301436424255
2009-06-04,0.17596301436424255
2009-06-05,0.11997462809085846
2009-06-09,0.11997462809085846
2009-06-10,0.11997462809085846
2009-06-11,0.11997462809085846
2009-06-12,0.11997462809085846
2009-06-15,0.11997462809085846
2009-06-16,0.11997462809085846
2009-06-17,0.11997462809085846
2009-06-18,0.11997462809085846
2009-06-19,0.09597967565059662
2009-06-22,0.09597967565059662
2009-06-23,0.09597967565059662
2009-06-24,0.08798110485076904
2009-06-25,0.07998252660036087
2009-06-26,0.06398619711399078
2009-06-29,0.09597967565059662
2009-06-30,0.09597967565059662
2009-07-01,0.09597967565059662
2009-07-02,0.09597967565059662
2009-07-03,0.09597967565059662
2009-07-06,0.09597967565059662
2009-07-07,0.09597967565059662
2009-07-08,0.09597967565059662
2009-07-09,0.09597967565059662
2009-07-10,0.09597967565059662
2009-07-13,0.09597967565059662
2009-07-14,0.09597967565059662
2009-07-15,0.09597967565059662
2009-07-16,0.09597967565059662
2009-07-17,0.11997462809085846
2009-07-20,0.11997462809085846
2009-07-21,0.11997462809085846
2009-07-22,0.11997462809085846
2009-07-23,0.11997462809085846
2009-07-24,0.11997462809085846
2009-07-27,0.1519680768251419
2009-07-28,0.1519680768251419
2009-07-29,0.1519680768251419
2009-07-30,0.1519680768251419
2009-07-31,0.1519680768251419
2009-08-03,0.1519680768251419
2009-08-04,0.1519680768251419
2009-08-05,0.1519680768251419
2009-08-06,0.1519680768251419
2009-08-07,0.1519680768251419
2009-08-10,0.11997462809085846
2009-08-11,0.08798110485076904
2009-08-12,0.08798110485076904
2009-08-13,0.08798110485076904
2009-08-14,0.08798110485076904
2009-08-17,0.08798110485076904
2009-08-18,0.08798110485076904
2009-08-19,0.08798110485076904
2009-08-20,0.08798110485076904
2009-08-21,0.08798110485076904
2009-08-24,0.08798110485076904
2009-08-25,0.14396953582763672
2009-08-26,0.11997462809085846
2009-08-27,0.11997462809085846
2009-08-28,0.11997462809085846
2009-08-31,0.11997462809085846
2009-09-01,0.14396953582763672
2009-09-02,0.14396953582763672
2009-09-03,0.14396953582763672
2009-09-04,0.14396953582763672
2009-09-07,0.14396953582763672
2009-09-08,0.14396953582763672
2009-09-09,0.14396953582763672
2009-09-10,0.14396953582763672
2009-09-11,0.14396953582763672
2009-09-14,0.14396953582763672
2009-09-15,0.14396953582763672
2009-09-16,0.14396953582763672
2009-09-17,0.14396953582763672
2009-09-18,0.14396953582763672
2009-09-21,0.14396953582763672
2009-09-22,0.14396953582763672
2009-09-23,0.14396953582763672
2009-09-24,0.14396953582763672
2009-09-25,0.14396953582763672
2009-09-28,0.14396953582763672
2009-09-29,0.14396953582763672
2009-09-30,0.14396953582763672
2009-10-01,0.14396953582763672
2009-10-02,0.14396953582763672
2009-10-05,0.14396953582763672
2009-10-06,0.11997462809085846
2009-10-07,0.11997462809085846
2009-10-08,0.14396953582763672
2009-10-09,0.14396953582763672
2009-10-12,0.14396953582763672
2009-10-13,0.14396953582763672
2009-10-14,0.14396953582763672
2009-10-15,0.14396953582763672
2009-10-16,0.14396953582763672
2009-10-19,0.14396953582763672
2009-10-20,0.14396953582763672
2009-10-21,0.14396953582763672
2009-10-22,0.14396953582763672
2009-10-23,0.14396953582763672
2009-10-26,0.14396953582763672
2009-10-27,0.14396953582763672
2009-10-28,0.14396953582763672
2009-10-29,0.10397825390100479
2009-10-30,0.09597967565059662
2009-11-02,0.09597967565059662
2009-11-03,0.09597967565059662
2009-11-04,0.09597967565059662
2009-11-05,0.09597967565059662
2009-11-06,0.09597967565059662
2009-11-09,0.10397825390100479
2009-11-10,0.10397825390100479
2009-11-11,0.10397825390100479
2009-11-12,0.10397825390100479
2009-11-13,0.10397825390100479
2009-11-16,0.10397825390100479
2009-11-17,0.11997462809085846
2009-11-18,0.1119760274887085
2009-11-19,0.14396953582763672
2009-11-20,0.11997462809085846
2009-11-23,0.10397825390100479
2009-11-24,0.10397825390100479
2009-11-25,0.10397825390100479
2009-11-26,0.10397825390100479
2009-11-27,0.10397825390100479
2009-11-30,0.12797316908836365
2009-12-01,0.10397825390100479
2009-12-02,0.10397825390100479
2009-12-03,0.10397825390100479
2009-12-04,0.09597967565059662
2009-12-07,0.09597967565059662
2009-12-08,0.1119760274887085
2009-12-09,0.10397825390100479
2009-12-10,0.10397825390100479
2009-12-11,0.09597967565059662
2009-12-14,0.09597967565059662
2009-12-15,0.09597967565059662
2009-12-16,0.09597967565059662
2009-12-17,0.10397825390100479
2009-12-18,0.1119760274887085
2009-12-21,0.09597967565059662
2009-12-22,0.09597967565059662
2009-12-23,0.10397825390100479
2009-12-24,0.10397825390100479
2009-12-29,0.10397825390100479
2009-12-30,0.10397825390100479
2009-12-31,0.10397825390100479
2010-01-04,0.10397825390100479
2010-01-05,0.10397825390100479
2010-01-06,0.1119760274887085
2010-01-07,0.1119760274887085
2010-01-08,0.1119760274887085
2010-01-11,0.11997462809085846
2010-01-12,0.11997462809085846
2010-01-13,0.1119760274887085
2010-01-14,0.1119760274887085
2010-01-15,0.1119760274887085
2010-01-18,0.1119760274887085
2010-01-19,0.11997462809085846
2010-01-20,0.1119760274887085
2010-01-21,0.1119760274887085
2010-01-22,0.1119760274887085
2010-01-25,0.10397825390100479
2010-01-27,0.055987611413002014
2010-01-28,0.055987611413002014
2010-01-29,0.055987611413002014
2010-02-01,0.055987611413002014
2010-02-02,0.055987611413002014
2010-02-03,0.07998252660036087
2010-02-04,0.07198476791381836
2010-02-05,0.04798983782529831
2010-02-08,0.06398619711399078
2010-02-09,0.055987611413002014
2010-02-10,0.06398619711399078
2010-02-11,0.06398619711399078
2010-02-12,0.06398619711399078
2010-02-15,0.07998252660036087
2010-02-16,0.10397825390100479
2010-02-17,0.11997462809085846
2010-02-18,0.10397825390100479
2010-02-19,0.10397825390100479
2010-02-22,0.10397825390100479
2010-02-23,0.10397825390100479
2010-02-24,0.10397825390100479
2010-02-25,0.10397825390100479
2010-02-26,0.11997462809085846
2010-03-01,0.1119760274887085
2010-03-02,0.1119760274887085
2010-03-03,0.12797316908836365
2010-03-04,0.14396953582763672
2010-03-05,0.14396953582763672
2010-03-08,0.14396953582763672
2010-03-09,0.14396953582763672
2010-03-10,0.14396953582763672
2010-03-11,0.14396953582763672
2010-03-12,0.14396953582763672
2010-03-15,0.14396953582763672
2010-03-16,0.14396953582763672
2010-03-17,0.14396953582763672
2010-03-18,0.14396953582763672
2010-03-19,0.14396953582763672
2010-03-22,0.14396953582763672
2010-03-23,0.14396953582763672
2010-03-24,0.14396953582763672
2010-03-25,0.12797316908836365
2010-03-26,0.12797316908836365
2010-03-29,0.12797316908836365
2010-03-30,0.14396953582763672
2010-03-31,0.13597092032432556
2010-04-01,0.11997462809085846
2010-04-06,0.11997462809085846
2010-04-07,0.11997462809085846
2010-04-08,0.11997462809085846
2010-04-09,0.11997462809085846
2010-04-12,0.11997462809085846
2010-04-13,0.13597092032432556
2010-04-14,0.13597092032432556
2010-04-15,0.13597092032432556
2010-04-16,0.13597092032432556
2010-04-19,0.13597092032432556
2010-04-20,0.11997462809085846
2010-04-21,0.11997462809085846
2010-04-22,0.11997462809085846
2010-04-23,0.11997462809085846
2010-04-27,0.11997462809085846
2010-04-28,0.11997462809085846
2010-04-29,0.11997462809085846
2010-04-30,0.1599658727645874
2010-05-03,0.12797316908836365
2010-05-04,0.12797316908836365
2010-05-05,0.12797316908836365
2010-05-06,0.12797316908836365
2010-05-07,0.12797316908836365
2010-05-10,0.12797316908836365
2010-05-11,0.12797316908836365
2010-05-12,0.11997462809085846
2010-05-13,0.11997462809085846
2010-05-14,0.12797316908836365
2010-05-17,0.11997462809085846
2010-05-18,0.11997462809085846
2010-05-19,0.11997462809085846
2010-05-20,0.11997462809085846
2010-05-21,0.11997462809085846
2010-05-24,0.11997462809085846
2010-05-25,0.10397825390100479
2010-05-26,0.1119760274887085
2010-05-27,0.1119760274887085
2010-05-28,0.12797316908836365
2010-05-31,0.1119760274887085
2010-06-01,0.1119760274887085
2010-06-02,0.1119760274887085
2010-06-03,0.11997462809085846
2010-06-04,0.1119760274887085
2010-06-07,0.11997462809085846
2010-06-08,0.13597092032432556
2010-06-09,0.11997462809085846
2010-06-10,0.11997462809085846
2010-06-11,0.14396953582763672
2010-06-15,0.11997462809085846
2010-06-16,0.11997462809085846
2010-06-17,0.11997462809085846
2010-06-18,0.1119760274887085
2010-06-21,0.10397825390100479
2010-06-22,0.10397825390100479
2010-06-23,0.10397825390100479
2010-06-24,0.10397825390100479
2010-06-25,0.10397825390100479
2010-06-28,0.10397825390100479
2010-06-29,0.1119760274887085
2010-06-30,0.10397825390100479
2010-07-01,0.10397825390100479
2010-07-02,0.10397825390100479
2010-07-05,0.10397825390100479
2010-07-06,0.10397825390100479
2010-07-07,0.10397825390100479
2010-07-08,0.10397825390100479
2010-07-09,0.10397825390100479
2010-07-12,0.10397825390100479
2010-07-13,0.10397825390100479
2010-07-14,0.09597967565059662
2010-07-15,0.09597967565059662
2010-07-16,0.09597967565059662
2010-07-19,0.09597967565059662
2010-07-20,0.09597967565059662
2010-07-21,0.09597967565059662
2010-07-22,0.09597967565059662
2010-07-23,0.1119760274887085
2010-07-26,0.13597092032432556
2010-07-27,0.12797316908836365
2010-07-28,0.12797316908836365
2010-07-29,0.12797316908836365
2010-07-30,0.12797316908836365
2010-08-02,0.14396953582763672
2010-08-03,0.14396953582763672
2010-08-04,0.14396953582763672
2010-08-05,0.14396953582763672
2010-08-06,0.14396953582763672
2010-08-09,0.14396953582763672
2010-08-10,0.14396953582763672
2010-08-11,0.14396953582763672
2010-08-12,0.1679644137620926
2010-08-13,0.1679644137620926
2010-08-16,0.14396953582763672
2010-08-17,0.14396953582763672
2010-08-18,0.14396953582763672
2010-08-19,0.14396953582763672
2010-08-20,0.14396953582763672
2010-08-23,0.14396953582763672
2010-08-24,0.14396953582763672
2010-08-25,0.14396953582763672
2010-08-26,0.14396953582763672
2010-08-27,0.14396953582763672
2010-08-30,0.14396953582763672
2010-08-31,0.14396953582763672
2010-09-01,0.11997462809085846
2010-09-02,0.11997462809085846
2010-09-03,0.11997462809085846
2010-09-06,0.1119760274887085
2010-09-07,0.1119760274887085
2010-09-08,0.1119760274887085
2010-09-09,0.1119760274887085
2010-09-10,0.1119760274887085
2010-09-13,0.10797673463821411
2010-09-14,0.10797673463821411
2010-09-15,0.10797673463821411
2010-09-16,0.10797673463821411
2010-09-17,0.10797673463821411
2010-09-20,0.10797673463821411
2010-09-21,0.10797673463821411
2010-09-22,0.1119760274887085
2010-09-23,0.11997462809085846
2010-09-24,0.11997462809085846
2010-09-27,0.11997462809085846
2010-09-28,0.1119760274887085
2010-09-29,0.1119760274887085
2010-09-30,0.1119760274887085
2010-10-01,0.10797673463821411
2010-10-04,0.10797673463821411
2010-10-05,0.10797673463821411
2010-10-06,0.10797673463821411
2010-10-07,0.10797673463821411
2010-10-08,0.10797673463821411
2010-10-11,0.10797673463821411
2010-10-12,0.10797673463821411
2010-10-13,0.10797673463821411
2010-10-14,0.10797673463821411
2010-10-15,0.10797673463821411
2010-10-18,0.10797673463821411
2010-10-19,0.10797673463821411
2010-10-20,0.11997462809085846
2010-10-21,0.11997462809085846
2010-10-22,0.11997462809085846
2010-10-25,0.11997462809085846
2010-10-26,0.0999789759516716
2010-10-27,0.10397825390100479
2010-10-28,0.10397825390100479
2010-10-29,0.10397825390100479
2010-11-01,0.10397825390100479
2010-11-02,0.10397825390100479
2010-11-03,0.0999789759516716
2010-11-04,0.0999789759516716
2010-11-05,0.09198040515184402
2010-11-08,0.09198040515184402
2010-11-09,0.09198040515184402
2010-11-10,0.09198040515184402
2010-11-11,0.09198040515184402
2010-11-12,0.09198040515184402
2010-11-15,0.09198040515184402
2010-11-16,0.09198040515184402
2010-11-17,0.09198040515184402
2010-11-18,0.07518403232097626
2010-11-19,0.07518403232097626
2010-11-22,0.07518403232097626
2010-11-23,0.07518403232097626
2010-11-24,0.07518403232097626
2010-11-25,0.07598403841257095
2010-11-26,0.07598403841257095
2010-11-29,0.07598403841257095
2010-11-30,0.07598403841257095
2010-12-01,0.08398182690143585
2010-12-02,0.08398182690143585
2010-12-03,0.08398182690143585
2010-12-06,0.08398182690143585
2010-12-07,0.08398182690143585
2010-12-08,0.08398182690143585
2010-12-09,0.08398182690143585
2010-12-10,0.08398182690143585
2010-12-13,0.08398182690143585
2010-12-14,0.08398182690143585
2010-12-15,0.08398182690143585
2010-12-16,0.08398182690143585
2010-12-17,0.08398182690143585
2010-12-20,0.08398182690143585
2010-12-21,0.07598403841257095
2010-12-22,0.07598403841257095
2010-12-23,0.07598403841257095
2010-12-24,0.07598403841257095
2010-12-29,0.07598403841257095
2010-12-30,0.08798110485076904
2010-12-31,0.08798110485076904
2011-01-04,0.08798110485076904
2011-01-05,0.08798110485076904
2011-01-06,0.07998252660036087
2011-01-07,0.07998252660036087
2011-01-10,0.07998252660036087
2011-01-11,0.07998252660036087
2011-01-12,0.07998252660036087
2011-01-13,0.07998252660036087
2011-01-14,0.07998252660036087
2011-01-17,0.07998252660036087
2011-01-18,0.07998252660036087
2011-01-19,0.07998252660036087
2011-01-20,0.07998252660036087
2011-01-21,0.07998252660036087
2011-01-24,0.07998252660036087
2011-01-25,0.07998252660036087
2011-01-27,0.07998252660036087
2011-01-28,0.07998252660036087
2011-01-31,0.07998252660036087
2011-02-01,0.07998252660036087
2011-02-02,0.07998252660036087
2011-02-03,0.07998252660036087
2011-02-04,0.07998252660036087
2011-02-07,0.07998252660036087
2011-02-08,0.07998252660036087
2011-02-09,0.08398182690143585
2011-02-10,0.07598403841257095
2011-02-11,0.07598403841257095
2011-02-14,0.07598403841257095
2011-02-15,0.07598403841257095
2011-02-16,0.07598403841257095
2011-02-17,0.07598403841257095
2011-02-18,0.07598403841257095
2011-02-21,0.07598403841257095
2011-02-22,0.07598403841257095
2011-02-23,0.06398619711399078
2011-02-24,0.06398619711399078
2011-02-25,0.06398619711399078
2011-02-28,0.06398619711399078
2011-03-01,0.06398619711399078
2011-03-02,0.06398619711399078
2011-03-03,0.06398619711399078
2011-03-04,0.06398619711399078
2011-03-07,0.06398619711399078
2011-03-08,0.06398619711399078
2011-03-09,0.06398619711399078
2011-03-10,0.06398619711399078
2011-03-11,0.06398619711399078
2011-03-15,0.06398619711399078
2011-03-16,0.06398619711399078
2011-03-17,0.06398619711399078
2011-03-18,0.06398619711399078
2011-03-21,0.06398619711399078
2011-03-22,0.06398619711399078
2011-03-23,0.06398619711399078
2011-03-24,0.06398619711399078
2011-03-25,0.06398619711399078
2011-03-28,0.06398619711399078
2011-03-29,0.06398619711399078
2011-03-30,0.06398619711399078
2011-03-31,0.06398619711399078
2011-04-01,0.06398619711399078
2011-04-04,0.06398619711399078
2011-04-05,0.06398619711399078
2011-04-06,0.06398619711399078
2011-04-07,0.06398619711399078
2011-04-08,0.055987611413002014
2011-04-11,0.055987611413002014
2011-04-12,0.055987611413002014
2011-04-13,0.055987611413002014
2011-04-14,0.055987611413002014
2011-04-15,0.055987611413002014
2011-04-18,0.055987611413002014
2011-04-19,0.055987611413002014
2011-04-20,0.051989126950502396
2011-04-21,0.051989126950502396
2011-04-27,0.051989126950502396
2011-04-28,0.051989126950502396
2011-04-29,0.051989126950502396
2011-05-02,0.051989126950502396
2011-05-03,0.051989126950502396
2011-05-04,0.051989126950502396
2011-05-05,0.051989126950502396
2011-05-06,0.051989126950502396
2011-05-09,0.051989126950502396
2011-05-10,0.051989126950502396
2011-05-11,0.051989126950502396
2011-05-12,0.051989126950502396
2011-05-13,0.055987611413002014
2011-05-16,0.055987611413002014
2011-05-17,0.055987611413002014
2011-05-18,0.055987611413002014
2011-05-19,0.055987611413002014
2011-05-20,0.055987611413002014
2011-05-23,0.055987611413002014
2011-05-24,0.055987611413002014
2011-05-25,0.055987611413002014
2011-05-26,0.055987611413002014
2011-05-27,0.055987611413002014
2011-05-30,0.06398619711399078
2011-05-31,0.06398619711399078
2011-06-01,0.06798546016216278
2011-06-02,0.06798546016216278
2011-06-03,0.06798546016216278
2011-06-06,0.06798546016216278
2011-06-07,0.06798546016216278
2011-06-08,0.06798546016216278
2011-06-09,0.06798546016216278
2011-06-10,0.06798546016216278
2011-06-14,0.06798546016216278
2011-06-15,0.06798546016216278
2011-06-16,0.06798546016216278
2011-06-17,0.06798546016216278
2011-06-20,0.06798546016216278
2011-06-21,0.06798546016216278
2011-06-22,0.06798546016216278
2011-06-23,0.06798546016216278
2011-06-24,0.06798546016216278
2011-06-27,0.06798546016216278
2011-06-28,0.06798546016216278
2011-06-29,0.06798546016216278
2011-06-30,0.06798546016216278
2011-07-01,0.06798546016216278
2011-07-04,0.06798546016216278
2011-07-05,0.06798546016216278
2011-07-06,0.06798546016216278
2011-07-07,0.06798546016216278
2011-07-08,0.0631861761212349
2011-07-11,0.0631861761212349
2011-07-12,0.0631861761212349
2011-07-13,0.0631861761212349
2011-07-14,0.0631861761212349
2011-07-15,0.0631861761212349
2011-07-18,0.0631861761212349
2011-07-19,0.0631861761212349
2011-07-20,0.0631861761212349
2011-07-21,0.0631861761212349
2011-07-22,0.0631861761212349
2011-07-25,0.0631861761212349
2011-07-26,0.0631861761212349
2011-07-27,0.0631861761212349
2011-07-28,0.0631861761212349
2011-07-29,0.0631861761212349
2011-08-02,0.0631861761212349
2011-08-03,0.0631861761212349
2011-08-04,0.0631861761212349
2011-08-05,0.0631861761212349
2011-08-08,0.0631861761212349
2011-08-09,0.0631861761212349
2011-08-10,0.0631861761212349
2011-08-11,0.0631861761212349
2011-08-12,0.0631861761212349
2011-08-15,0.0631861761212349
2011-08-16,0.0631861761212349
2011-08-17,0.0631861761212349
2011-08-18,0.0631861761212349
2011-08-19,0.0631861761212349
2011-08-22,0.0631861761212349
2011-08-23,0.0631861761212349
2011-08-24,0.0631861761212349
2011-08-25,0.0631861761212349
2011-08-26,0.0631861761212349
2011-08-29,0.0631861761212349
2011-08-30,0.0631861761212349
2011-08-31,0.0631861761212349
2011-09-01,0.0631861761212349
2011-09-02,0.0631861761212349
2011-09-05,0.0631861761212349
2011-09-06,0.0631861761212349
2011-09-07,0.0631861761212349
2011-09-08,0.0631861761212349
2011-09-09,0.0631861761212349
2011-09-12,0.0631861761212349
2011-09-13,0.0631861761212349
2011-09-14,0.0631861761212349
2011-09-15,0.0631861761212349
2011-09-16,0.0631861761212349
2011-09-19,0.0631861761212349
2011-09-20,0.0631861761212349
2011-09-21,0.0631861761212349
2011-09-22,0.0631861761212349
2011-09-23,0.0631861761212349
2011-09-26,0.0631861761212349
2011-09-27,0.0631861761212349
2011-09-28,0.0631861761212349
2011-09-29,0.0631861761212349
2011-09-30,0.0631861761212349
2011-10-04,0.0631861761212349
2011-10-05,0.0631861761212349
2011-10-06,0.0631861761212349
2011-10-07,0.0631861761212349
2011-10-10,0.0631861761212349
2011-10-11,0.0631861761212349
2011-10-12,0.0631861761212349
2011-10-13,0.0631861761212349
2011-10-14,0.0631861761212349
2011-10-17,0.0631861761212349
2011-10-18,0.0631861761212349
2011-10-19,0.0631861761212349
2011-10-20,0.0631861761212349
2011-10-21,0.0631861761212349
2011-10-24,0.0631861761212349
2011-10-25,0.0631861761212349
2011-10-26,0.0631861761212349
2011-10-27,0.0631861761212349
2011-10-28,0.0631861761212349
2011-10-31,0.0631861761212349
2011-11-02,0.03199268877506256
2011-11-03,0.03199268877506256
2011-11-04,0.03199268877506256
2011-11-07,0.03199268877506256
2011-11-08,0.03199268877506256
2011-11-09,0.03199268877506256
2011-11-10,0.03199268877506256
2011-11-11,0.03199268877506256
2011-11-14,0.03199268877506256
2011-11-15,0.03199268877506256
2011-11-16,0.03199268877506256
2011-11-17,0.03199268877506256
2011-11-18,0.03199268877506256
2011-11-21,0.03199268877506256
2011-11-22,0.03199268877506256
2011-11-23,0.03199268877506256
2011-11-24,0.03199268877506256
2011-11-25,0.03199268877506256
2011-11-28,0.03199268877506256
2011-11-29,0.03199268877506256
2011-11-30,0.03199268877506256
2011-12-01,0.03199268877506256
2011-12-02,0.03199268877506256
2011-12-05,0.033592723309993744
2011-12-06,0.033592723309993744
2011-12-07,0.033592723309993744
2011-12-08,0.033592723309993744
2011-12-09,0.033592723309993744
2011-12-12,0.033592723309993744
2011-12-13,0.033592723309993744
2011-12-14,0.033592723309993744
2011-12-15,0.033592723309993744
2011-12-16,0.033592723309993744
2011-12-19,0.033592723309993744
2011-12-20,0.033592723309993744
2011-12-21,0.033592723309993744
2011-12-22,0.033592723309993744
2011-12-23,0.033592723309993744
2011-12-28,0.033592723309993744
2011-12-29,0.033592723309993744
2011-12-30,0.033592723309993744
2012-01-03,0.033592723309993744
2012-01-04,0.033592723309993744
2012-01-05,0.033592723309993744
2012-01-06,0.033592723309993744
2012-01-09,0.033592723309993744
2012-01-10,0.033592723309993744
2012-01-11,0.033592723309993744
2012-01-12,0.033592723309993744
2012-01-13,0.033592723309993744
2012-01-16,0.033592723309993744
2012-01-17,0.033592723309993744
2012-01-18,0.033592723309993744
2012-01-19,0.033592723309993744
2012-01-20,0.033592723309993744
2012-01-23,0.033592723309993744
2012-01-24,0.03839121758937836
2012-01-25,0.03839121758937836
2012-01-27,0.03839121758937836
2012-01-30,0.03839121758937836
2012-01-31,0.03839121758937836
2012-02-01,0.03839121758937836
2012-02-02,0.051989126950502396
2012-02-03,0.051989126950502396
2012-02-06,0.051989126950502396
2012-02-07,0.051989126950502396
2012-02-08,0.051989126950502396
2012-02-09,0.051989126950502396
2012-02-10,0.051989126950502396
2012-02-13,0.051989126950502396
2012-02-14,0.051989126950502396
2012-02-15,0.051989126950502396
2012-02-16,0.051989126950502396
2012-02-17,0.051989126950502396
2012-02-20,0.051989126950502396
2012-02-21,0.051989126950502396
2012-02-22,0.051989126950502396
2012-02-23,0.051989126950502396
2012-02-24,0.051989126950502396
2012-02-27,0.04079127684235573
2012-02-28,0.04079127684235573
2012-02-29,0.04079127684235573
2012-03-01,0.039991263300180435
2012-03-02,0.039991263300180435
2012-03-05,0.039991263300180435
2012-03-06,0.039991263300180435
2012-03-07,0.04798983782529831
2012-03-08,0.04798983782529831
2012-03-09,0.04798983782529831
2012-03-12,0.04798983782529831
2012-03-13,0.04798983782529831
2012-03-14,0.04798983782529831
2012-03-15,0.04798983782529831
2012-03-16,0.04798983782529831
2012-03-19,0.04798983782529831
2012-03-20,0.04798983782529831
2012-03-21,0.04798983782529831
2012-03-22,0.04798983782529831
2012-03-23,0.04798983782529831
2012-03-26,0.04399055242538452
2012-03-27,0.04399055242538452
2012-03-28,0.04399055242538452
2012-03-29,0.051989126950502396
2012-03-30,0.059986889362335205
2012-04-02,0.059986889362335205
2012-04-03,0.08398182690143585
2012-04-04,0.07998252660036087
2012-04-05,0.0999789759516716
2012-04-10,0.0999789759516716
2012-04-11,0.0999789759516716
2012-04-12,0.0999789759516716
2012-04-13,0.09597967565059662
2012-04-16,0.09597967565059662
2012-04-17,0.09597967565059662
2012-04-18,0.09597967565059662
2012-04-19,0.09597967565059662
2012-04-20,0.09597967565059662
2012-04-23,0.09597967565059662
2012-04-24,0.09597967565059662
2012-04-26,0.0999789759516716
2012-04-27,0.08798110485076904
2012-04-30,0.08798110485076904
2012-05-01,0.08798110485076904
2012-05-02,0.08798110485076904
2012-05-03,0.08798110485076904
2012-05-04,0.08798110485076904
2012-05-07,0.08798110485076904
2012-05-08,0.08798110485076904
2012-05-09,0.08798110485076904
2012-05-10,0.055987611413002014
2012-05-11,0.05518839880824089
2012-05-14,0.05518839880824089
2012-05-15,0.05518839880824089
2012-05-16,0.06798546016216278
2012-05-17,0.06798546016216278
2012-05-18,0.06798546016216278
2012-05-21,0.06798546016216278
2012-05-22,0.07998252660036087
2012-05-23,0.07998252660036087
2012-05-24,0.07998252660036087
2012-05-25,0.09597967565059662
2012-05-28,0.0999789759516716
2012-05-29,0.10397825390100479
2012-05-30,0.0999789759516716
2012-05-31,0.07998252660036087
2012-06-01,0.07998252660036087
2012-06-04,0.08798110485076904
2012-06-05,0.07998252660036087
2012-06-06,0.07998252660036087
2012-06-07,0.09597967565059662
2012-06-08,0.09597967565059662
2012-06-12,0.07998252660036087
2012-06-13,0.07998252660036087
2012-06-14,0.07198476791381836
2012-06-15,0.07198476791381836
2012-06-18,0.07198476791381836
2012-06-19,0.07198476791381836
2012-06-20,0.07198476791381836
2012-06-21,0.07198476791381836
2012-06-22,0.08798110485076904
2012-06-25,0.08798110485076904
2012-06-26,0.08798110485076904
2012-06-27,0.08798110485076904
2012-06-28,0.07998252660036087
2012-06-29,0.07998252660036087
2012-07-02,0.07998252660036087
2012-07-03,0.07198476791381836
2012-07-04,0.07198476791381836
2012-07-05,0.07998252660036087
2012-07-06,0.07998252660036087
2012-07-09,0.07998252660036087
2012-07-10,0.07998252660036087
2012-07-11,0.07998252660036087
2012-07-12,0.07998252660036087
2012-07-13,0.07998252660036087
2012-07-16,0.07998252660036087
2012-07-17,0.07998252660036087
2012-07-18,0.07998252660036087
2012-07-19,0.07998252660036087
2012-07-20,0.07998252660036087
2012-07-23,0.07998252660036087
2012-07-24,0.07998252660036087
2012-07-25,0.07998252660036087
2012-07-26,0.07998252660036087
2012-07-27,0.07998252660036087
2012-07-30,0.07998252660036087
2012-07-31,0.07998252660036087
2012-08-01,0.07998252660036087
2012-08-02,0.07998252660036087
2012-08-03,0.07998252660036087
2012-08-06,0.07998252660036087
2012-08-07,0.07998252660036087
2012-08-08,0.07998252660036087
2012-08-09,0.07998252660036087
2012-08-10,0.07998252660036087
2012-08-13,0.07998252660036087
2012-08-14,0.07998252660036087
2012-08-15,0.07998252660036087
2012-08-16,0.07998252660036087
2012-08-17,0.07998252660036087
2012-08-20,0.07998252660036087
2012-08-21,0.07998252660036087
2012-08-22,0.07998252660036087
2012-08-23,0.07998252660036087
2012-08-24,0.07998252660036087
2012-08-27,0.07998252660036087
2012-08-28,0.07998252660036087
2012-08-29,0.07998252660036087
2012-08-30,0.07998252660036087
2012-08-31,0.07998252660036087
2012-09-03,0.07998252660036087
2012-09-04,0.07998252660036087
2012-09-05,0.07998252660036087
2012-09-06,0.07998252660036087
2012-09-07,0.07998252660036087
2012-09-10,0.07998252660036087
2012-09-11,0.07998252660036087
2012-09-12,0.07998252660036087
2012-09-13,0.07998252660036087
2012-09-14,0.07998252660036087
2012-09-17,0.07998252660036087
2012-09-18,0.0543883852660656
2012-09-19,0.0543883852660656
2012-09-20,0.051989126950502396
2012-09-21,0.04958907514810562
2012-09-24,0.04958907514810562
2012-09-25,0.04958907514810562
2012-09-26,0.04958907514810562
2012-09-27,0.04798983782529831
2012-09-28,0.04798983782529831
2012-10-01,0.04798983782529831
2012-10-02,0.04798983782529831
2012-10-03,0.04798983782529831
2012-10-04,0.04798983782529831
2012-10-05,0.04399055242538452
2012-10-08,0.04798983782529831
2012-10-09,0.04798983782529831
2012-10-10,0.04798983782529831
2012-10-11,0.04798983782529831
2012-10-12,0.04798983782529831
2012-10-15,0.04798983782529831
2012-10-16,0.04798983782529831
2012-10-17,0.04798983782529831
2012-10-18,0.04798983782529831
2012-10-19,0.04798983782529831
2012-10-22,0.04798983782529831
2012-10-23,0.04798983782529831
2012-10-24,0.04798983782529831
2012-10-25,0.04798983782529831
2012-10-26,0.04798983782529831
2012-10-29,0.04798983782529831
2012-10-30,0.04798983782529831
2012-10-31,0.04798983782529831
2012-11-01,0.04798983782529831
2012-11-02,0.04798983782529831
2012-11-05,0.04798983782529831
2012-11-06,0.04239050671458244
2012-11-07,0.04239050671458244
2012-11-08,0.04239050671458244
2012-11-09,0.04239050671458244
2012-11-12,0.04239050671458244
2012-11-13,0.04239050671458244
2012-11-14,0.04239050671458244
2012-11-15,0.04239050671458244
2012-11-16,0.04239050671458244
2012-11-19,0.03599197417497635
2012-11-20,0.03599197417497635
2012-11-21,0.03599197417497635
2012-11-22,0.03599197417497635
2012-11-23,0.03599197417497635
2012-11-26,0.03599197417497635
2012-11-27,0.03599197417497635
2012-11-28,0.03599197417497635
2012-11-29,0.03599197417497635
2012-11-30,0.03599197417497635
2012-12-03,0.03599197417497635
2012-12-04,0.03599197417497635
2012-12-05,0.03599197417497635
2012-12-06,0.03599197417497635
2012-12-07,0.03599197417497635
2012-12-10,0.03599197417497635
2012-12-11,0.03599197417497635
2012-12-12,0.03599197417497635
2012-12-13,0.039991263300180435
2012-12-14,0.039991263300180435
2012-12-17,0.039991263300180435
2012-12-18,0.039991263300180435
2012-12-19,0.039991263300180435
2012-12-20,0.039991263300180435
2012-12-21,0.039991263300180435
2012-12-24,0.039991263300180435
2012-12-27,0.039991263300180435
2012-12-28,0.039991263300180435
2012-12-31,0.039991263300180435
2013-01-02,0.039991263300180435
2013-01-03,0.039991263300180435
2013-01-04,0.039991263300180435
2013-01-07,0.039991263300180435
2013-01-08,0.039991263300180435
2013-01-09,0.039991263300180435
2013-01-10,0.039991263300180435
2013-01-11,0.039991263300180435
2013-01-14,0.039991263300180435
2013-01-15,0.039991263300180435
2013-01-16,0.04798983782529831
2013-01-17,0.04798983782529831
2013-01-18,0.04798983782529831
2013-01-21,0.04798983782529831
2013-01-22,0.04798983782529831
2013-01-23,0.04798983782529831
2013-01-24,0.04798983782529831
2013-01-25,0.04798983782529831
2013-01-29,0.04798983782529831
2013-01-30,0.04798983782529831
2013-01-31,0.04798983782529831
2013-02-01,0.04798983782529831
2013-02-04,0.04798983782529831
2013-02-05,0.04798983782529831
2013-02-06,0.04798983782529831
2013-02-07,0.04798983782529831
2013-02-08,0.04798983782529831
2013-02-11,0.04798983782529831
2013-02-12,0.04798983782529831
2013-02-13,0.04798983782529831
2013-02-14,0.04798983782529831
2013-02-15,0.04798983782529831
2013-02-18,0.04798983782529831
2013-02-19,0.04798983782529831
2013-02-20,0.04798983782529831
2013-02-21,0.04798983782529831
2013-02-22,0.04798983782529831
2013-02-25,0.04798983782529831
2013-02-26,0.04798983782529831
2013-02-27,0.04798983782529831
2013-02-28,0.04798983782529831
2013-03-01,0.04798983782529831
2013-03-04,0.04798983782529831
2013-03-05,0.04798983782529831
2013-03-06,0.04798983782529831
2013-03-07,0.04798983782529831
2013-03-08,0.04798983782529831
2013-03-11,0.04798983782529831
2013-03-12,0.04798983782529831
2013-03-13,0.04798983782529831
2013-03-14,0.04798983782529831
2013-03-15,0.04798983782529831
2013-03-18,0.04798983782529831
2013-03-19,0.039991263300180435
2013-03-20,0.039991263300180435
2013-03-21,0.039991263300180435
2013-03-22,0.039991263300180435
2013-03-25,0.039991263300180435
2013-03-26,0.039991263300180435
2013-03-27,0.039991263300180435
2013-03-28,0.039991263300180435
2013-04-02,0.039991263300180435
2013-04-03,0.039991263300180435
2013-04-04,0.039991263300180435
2013-04-05,0.039991263300180435
2013-04-08,0.039991263300180435
2013-04-09,0.039991263300180435
2013-04-10,0.039991263300180435
2013-04-11,0.039991263300180435
2013-04-12,0.039991263300180435
2013-04-15,0.039991263300180435
2013-04-16,0.039991263300180435
2013-04-17,0.039991263300180435
2013-04-18,0.039991263300180435
2013-04-19,0.039991263300180435
2013-04-22,0.039991263300180435
2013-04-23,0.039991263300180435
2013-04-24,0.039991263300180435
2013-04-26,0.039991263300180435
2013-04-29,0.039991263300180435
2013-04-30,0.04399055242538452
2013-05-01,0.023994918912649155
2013-05-02,0.04239050671458244
2013-05-03,0.04239050671458244
2013-05-06,0.04239050671458244
2013-05-07,0.04239050671458244
2013-05-08,0.04798983782529831
2013-05-09,0.04798983782529831
2013-05-10,0.04798983782529831
2013-05-13,0.04798983782529831
2013-05-14,0.04798983782529831
2013-05-15,0.04798983782529831
2013-05-16,0.04798983782529831
2013-05-17,0.04798983782529831
2013-05-20,0.04798983782529831
2013-05-21,0.04798983782529831
2013-05-22,0.04399055242538452
2013-05-23,0.03199268877506256
2013-05-24,0.03199268877506256
2013-05-27,0.03199268877506256
2013-05-28,0.032792698591947556
2013-05-29,0.03599197417497635
2013-05-30,0.03599197417497635
2013-05-31,0.03599197417497635
2013-06-03,0.051989126950502396
2013-06-04,0.051989126950502396
2013-06-05,0.051989126950502396
2013-06-06,0.051989126950502396
2013-06-07,0.051989126950502396
2013-06-11,0.051989126950502396
2013-06-12,0.051989126950502396
2013-06-13,0.051989126950502396
2013-06-14,0.051989126950502396
2013-06-17,0.051989126950502396
2013-06-18,0.051989126950502396
2013-06-19,0.051989126950502396
2013-06-20,0.051989126950502396
2013-06-21,0.051989126950502396
2013-06-24,0.051989126950502396
2013-06-25,0.051989126950502396
2013-06-26,0.051989126950502396
2013-06-27,0.051989126950502396
2013-06-28,0.051989126950502396
2013-07-01,0.051989126950502396
2013-07-02,0.051989126950502396
2013-07-03,0.051989126950502396
2013-07-04,0.023994918912649155
2013-07-05,0.023994918912649155
2013-07-08,0.023994918912649155
2013-07-09,0.023994918912649155
2013-07-10,0.023994918912649155
2013-07-11,0.023994918912649155
2013-07-12,0.023994918912649155
2013-07-15,0.023994918912649155
2013-07-16,0.023994918912649155
2013-07-17,0.023994918912649155
2013-07-18,0.02479412592947483
2013-07-19,0.02479412592947483
2013-07-22,0.02479412592947483
2013-07-23,0.02479412592947483
2013-07-24,0.02479412592947483
2013-07-25,0.02479412592947483
2013-07-26,0.02479412592947483
2013-07-29,0.02479412592947483
2013-07-30,0.02479412592947483
2013-07-31,0.02479412592947483
2013-08-01,0.02479412592947483
2013-08-02,0.02479412592947483
2013-08-05,0.02479412592947483
2013-08-06,0.02479412592947483
2013-08-07,0.02479412592947483
2013-08-08,0.02479412592947483
2013-08-09,0.02479412592947483
2013-08-12,0.02479412592947483
2013-08-13,0.02479412592947483
2013-08-14,0.02479412592947483
2013-08-15,0.02479412592947483
2013-08-16,0.02479412592947483
2013-08-19,0.02479412592947483
2013-08-20,0.030393457040190697
2013-08-21,0.030393457040190697
2013-08-22,0.030393457040190697
2013-08-23,0.030393457040190697
2013-08-26,0.030393457040190697
2013-08-27,0.030393457040190697
2013-08-28,0.030393457040190697
2013-08-29,0.030393457040190697
2013-08-30,0.03199268877506256
2013-09-02,0.03199268877506256
2013-09-03,0.03199268877506256
2013-09-04,0.03199268877506256
2013-09-05,0.03199268877506256
2013-09-06,0.03199268877506256
2013-09-09,0.03199268877506256
2013-09-10,0.03199268877506256
2013-09-11,0.03199268877506256
2013-09-12,0.03199268877506256
2013-09-13,0.03199268877506256
2013-09-16,0.03199268877506256
2013-09-17,0.03199268877506256
2013-09-18,0.03199268877506256
2013-09-19,0.03199268877506256
2013-09-20,0.03199268877506256
2013-09-23,0.03199268877506256
2013-09-24,0.03199268877506256
2013-09-25,0.03199268877506256
2013-09-26,0.03199268877506256
2013-09-27,0.03199268877506256
2013-09-30,0.03199268877506256
2013-10-01,0.03199268877506256
2013-10-02,0.03199268877506256
2013-10-03,0.03199268877506256
2013-10-04,0.03199268877506256
2013-10-07,0.03199268877506256
2013-10-08,0.03199268877506256
2013-10-09,0.03199268877506256
2013-10-10,0.03199268877506256
2013-10-11,0.03199268877506256
2013-10-14,0.03199268877506256
2013-10-15,0.03199268877506256
2013-10-16,0.03199268877506256
2013-10-17,0.03199268877506256
2013-10-18,0.04798983782529831
2013-10-21,0.04798983782529831
2013-10-22,0.04798983782529831
2013-10-23,0.04798983782529831
2013-10-24,0.04798983782529831
2013-10-25,0.04798983782529831
2013-10-28,0.04798983782529831
2013-10-29,0.04798983782529831
2013-10-30,0.04798983782529831
2013-10-31,0.051989126950502396
2013-11-01,0.055987611413002014
2013-11-04,0.055987611413002014
2013-11-05,0.055987611413002014
2013-11-06,0.055987611413002014
2013-11-07,0.055987611413002014
2013-11-08,0.055987611413002014
2013-11-11,0.06398619711399078
2013-11-12,0.06398619711399078
2013-11-13,0.06398619711399078
2013-11-14,0.06398619711399078
2013-11-15,0.06398619711399078
2013-11-18,0.06398619711399078
2013-11-19,0.06878549605607986
2013-11-20,0.06398619711399078
2013-11-21,0.059986889362335205
2013-11-22,0.059986889362335205
2013-11-25,0.057587653398513794
2013-11-26,0.051989126950502396
2013-11-27,0.051989126950502396
2013-11-28,0.051989126950502396
2013-11-29,0.055987611413002014
2013-12-02,0.055987611413002014
2013-12-03,0.055987611413002014
2013-12-04,0.055987611413002014
2013-12-05,0.056787632405757904
2013-12-06,0.06398619711399078
2013-12-09,0.06398619711399078
2013-12-10,0.06398619711399078
2013-12-11,0.06398619711399078
2013-12-12,0.057587653398513794
2013-12-13,0.055987611413002014
2013-12-16,0.06398619711399078
2013-12-17,0.06398619711399078
2013-12-18,0.06398619711399078
2013-12-19,0.06398619711399078
2013-12-20,0.06398619711399078
2013-12-23,0.07198476791381836
2013-12-24,0.07198476791381836
2013-12-27,0.07198476791381836
2013-12-30,0.07198476791381836
2013-12-31,0.07198476791381836
2014-01-02,0.07198476791381836
2014-01-03,0.07198476791381836
2014-01-06,0.07198476791381836
2014-01-07,0.06398619711399078
2014-01-08,0.06398619711399078
2014-01-09,0.06398619711399078
2014-01-10,0.06398619711399078
2014-01-13,0.06398619711399078
2014-01-14,0.06398619711399078
2014-01-15,0.06398619711399078
2014-01-16,0.06398619711399078
2014-01-17,0.06398619711399078
2014-01-20,0.06398619711399078
2014-01-21,0.06398619711399078
2014-01-22,0.06398619711399078
2014-01-23,0.06398619711399078
2014-01-24,0.08798110485076904
2014-01-28,0.08798110485076904
2014-01-29,0.09597967565059662
2014-01-30,0.09597967565059662
2014-01-31,0.09597967565059662
2014-02-03,0.09597967565059662
2014-02-04,0.09597967565059662
2014-02-05,0.09597967565059662
2014-02-06,0.09597967565059662
2014-02-07,0.09597967565059662
2014-02-10,0.09597967565059662
2014-02-11,0.09597967565059662
2014-02-12,0.09597967565059662
2014-02-13,0.09597967565059662
2014-02-14,0.09597967565059662
2014-02-17,0.09597967565059662
2014-02-18,0.09597967565059662
2014-02-19,0.09597967565059662
2014-02-20,0.09597967565059662
2014-02-21,0.09597967565059662
2014-02-24,0.09597967565059662
2014-02-25,0.09597967565059662
2014-02-26,0.09597967565059662
2014-02-27,0.09597967565059662
2014-02-28,0.09597967565059662
2014-03-03,0.09597967565059662
2014-03-04,0.09597967565059662
2014-03-05,0.09597967565059662
2014-03-06,0.09597967565059662
2014-03-07,0.09597967565059662
2014-03-10,0.09597967565059662
2014-03-11,0.08798110485076904
2014-03-12,0.08798110485076904
2014-03-13,0.08798110485076904
2014-03-14,0.08798110485076904
2014-03-17,0.08798110485076904
2014-03-18,0.08798110485076904
2014-03-19,0.08798110485076904
2014-03-20,0.08798110485076904
2014-03-21,0.08798110485076904
2014-03-24,0.08798110485076904
2014-03-25,0.08798110485076904
2014-03-26,0.08798110485076904
2014-03-27,0.08798110485076904
2014-03-28,0.08798110485076904
2014-03-31,0.08798110485076904
2014-04-01,0.09198040515184402
2014-04-02,0.09198040515184402
2014-04-03,0.07998252660036087
2014-04-04,0.07998252660036087
2014-04-07,0.08798110485076904
2014-04-08,0.08798110485076904
2014-04-09,0.08798110485076904
2014-04-10,0.08798110485076904
2014-04-11,0.09198040515184402
2014-04-14,0.09198040515184402
2014-04-15,0.09198040515184402
2014-04-16,0.09198040515184402
2014-04-17,0.09198040515184402
2014-04-22,0.09198040515184402
2014-04-23,0.09198040515184402
2014-04-24,0.09198040515184402
2014-04-28,0.09198040515184402
2014-04-29,0.09198040515184402
2014-04-30,0.0999789759516716
2014-05-01,0.0999789759516716
2014-05-02,0.1119760274887085
2014-05-05,0.1119760274887085
2014-05-06,0.1119760274887085
2014-05-07,0.10797673463821411
2014-05-08,0.10797673463821411
2014-05-09,0.10797673463821411
2014-05-12,0.10797673463821411
2014-05-13,0.10797673463821411
2014-05-14,0.0999789759516716
2014-05-15,0.0999789759516716
2014-05-16,0.0999789759516716
2014-05-19,0.0999789759516716
2014-05-20,0.0999789759516716
2014-05-21,0.10397825390100479
2014-05-22,0.10397825390100479
2014-05-23,0.10397825390100479
2014-05-26,0.10397825390100479
2014-05-27,0.0999789759516716
2014-05-28,0.0999789759516716
2014-05-29,0.0999789759516716
2014-05-30,0.0999789759516716
2014-06-02,0.10397825390100479
2014-06-03,0.10397825390100479
2014-06-04,0.10397825390100479
2014-06-05,0.10397825390100479
2014-06-06,0.0999789759516716
2014-06-10,0.0999789759516716
2014-06-11,0.0999789759516716
2014-06-12,0.0999789759516716
2014-06-13,0.0999789759516716
2014-06-16,0.0999789759516716
2014-06-17,0.0999789759516716
2014-06-18,0.0999789759516716
2014-06-19,0.10397825390100479
2014-06-20,0.10397825390100479
2014-06-23,0.10397825390100479
2014-06-24,0.0999789759516716
2014-06-25,0.0999789759516716
2014-06-26,0.0999789759516716
2014-06-27,0.0999789759516716
2014-06-30,0.0999789759516716
2014-07-01,0.0999789759516716
2014-07-02,0.09597967565059662
2014-07-03,0.09597967565059662
2014-07-04,0.09597967565059662
2014-07-07,0.09597967565059662
2014-07-08,0.09597967565059662
2014-07-09,0.09597967565059662
2014-07-10,0.09597967565059662
2014-07-11,0.09597967565059662
2014-07-14,0.08798110485076904
2014-07-15,0.08398182690143585
2014-07-16,0.08398182690143585
2014-07-17,0.08398182690143585
2014-07-18,0.08398182690143585
2014-07-21,0.08398182690143585
2014-07-22,0.08398182690143585
2014-07-23,0.08398182690143585
2014-07-24,0.08398182690143585
2014-07-25,0.08398182690143585
2014-07-28,0.08398182690143585
2014-07-29,0.08398182690143585
2014-07-30,0.08398182690143585
2014-07-31,0.08398182690143585
2014-08-01,0.08398182690143585
2014-08-04,0.08398182690143585
2014-08-05,0.08398182690143585
2014-08-06,0.08398182690143585
2014-08-07,0.08398182690143585
2014-08-08,0.08398182690143585
2014-08-11,0.08798110485076904
2014-08-12,0.08798110485076904
2014-08-13,0.08798110485076904
2014-08-14,0.08798110485076904
2014-08-15,0.08798110485076904
2014-08-18,0.08798110485076904
2014-08-19,0.08798110485076904
2014-08-20,0.08798110485076904
2014-08-21,0.08798110485076904
2014-08-22,0.08798110485076904
2014-08-25,0.08798110485076904
2014-08-26,0.08798110485076904
2014-08-27,0.09597967565059662
2014-08-28,0.09597967565059662
2014-08-29,0.10397825390100479
2014-09-01,0.10797673463821411
2014-09-02,0.10797673463821411
2014-09-03,0.10397825390100479
2014-09-04,0.1119760274887085
2014-09-05,0.10797673463821411
2014-09-08,0.1119760274887085
2014-09-09,0.1119760274887085
2014-09-10,0.10797673463821411
2014-09-11,0.12797316908836365
2014-09-12,0.13197165727615356
2014-09-15,0.11597530543804169
2014-09-16,0.12397389113903046
2014-09-17,0.12797316908836365
2014-09-18,0.12797316908836365
2014-09-19,0.13197165727615356
2014-09-22,0.13197165727615356
2014-09-23,0.13197165727615356
2014-09-24,0.12797316908836365
2014-09-25,0.12797316908836365
2014-09-26,0.12797316908836365
2014-09-29,0.12797316908836365
2014-09-30,0.12797316908836365
2014-10-01,0.12797316908836365
2014-10-02,0.12797316908836365
2014-10-03,0.12797316908836365
2014-10-06,0.1599658727645874
2014-10-07,0.1599658727645874
2014-10-08,0.1599658727645874
2014-10-09,0.1599658727645874
2014-10-10,0.1679644137620926
2014-10-13,0.18396081030368805
2014-10-14,0.17196372151374817
2014-10-15,0.17596301436424255
2014-10-16,0.17596301436424255
2014-10-17,0.17596301436424255
2014-10-20,0.1599658727645874
2014-10-21,0.1599658727645874
2014-10-22,0.1599658727645874
2014-10-23,0.1599658727645874
2014-10-24,0.17996232211589813
2014-10-27,0.17996232211589813
2014-10-28,0.17996232211589813
2014-10-29,0.1999579519033432
2014-10-30,0.1999579519033432
2014-10-31,0.2119550257921219
2014-11-03,0.20795650780200958
2014-11-04,0.20795650780200958
2014-11-05,0.23994925618171692
2014-11-06,0.23594991862773895
2014-11-07,0.22395287454128265
2014-11-10,0.21995355188846588
2014-11-11,0.2039572298526764
2014-11-12,0.20795650780200958
2014-11-13,0.20795650780200958
2014-11-14,0.1999579519033432
2014-11-17,0.20795650780200958
2014-11-18,0.20795650780200958
2014-11-19,0.20795650780200958
2014-11-20,0.20795650780200958
2014-11-21,0.20795650780200958
2014-11-24,0.21595428884029388
2014-11-25,0.21595428884029388
2014-11-26,0.20795650780200958
2014-11-27,0.20795650780200958
2014-11-28,0.20795650780200958
2014-12-01,0.20795650780200958
2014-12-02,0.20795650780200958
2014-12-03,0.20795650780200958
2014-12-04,0.21595428884029388
2014-12-05,0.21595428884029388
2014-12-08,0.22795215249061584
2014-12-09,0.21995355188846588
2014-12-10,0.22795215249061584
2014-12-11,0.22795215249061584
2014-12-12,0.21595428884029388
2014-12-15,0.21595428884029388
2014-12-16,0.21595428884029388
2014-12-17,0.23994925618171692
2014-12-18,0.271942675113678
2014-12-19,0.26794344186782837
2014-12-22,0.23195143043994904
2014-12-23,0.24394847452640533
2014-12-24,0.24394847452640533
2014-12-29,0.24394847452640533
2014-12-30,0.23994925618171692
2014-12-31,0.23994925618171692
2015-01-02,0.271942675113678
2015-01-05,0.2559463381767273
2015-01-06,0.2559463381767273
2015-01-07,0.2479477822780609
2015-01-08,0.23195143043994904
2015-01-09,0.23195143043994904
2015-01-12,0.2559463381767273
2015-01-13,0.25194698572158813
2015-01-14,0.25194698572158813
2015-01-15,0.25194698572158813
2015-01-16,0.2559463381767273
2015-01-19,0.2559463381767273
2015-01-20,0.263944149017334
2015-01-21,0.23994925618171692
2015-01-22,0.23195143043994904
2015-01-23,0.23195143043994904
2015-01-27,0.23195143043994904
2015-01-28,0.23195143043994904
2015-01-29,0.23994925618171692
2015-01-30,0.2479477822780609
2015-02-02,0.23994925618171692
2015-02-03,0.23594991862773895
2015-02-04,0.23195143043994904
2015-02-05,0.23994925618171692
2015-02-06,0.2599456310272217
2015-02-09,0.24394847452640533
2015-02-10,0.24394847452640533
2015-02-11,0.2559463381767273
2015-02-12,0.263944149017334
2015-02-13,0.26794344186782837
2015-02-16,0.26794344186782837
2015-02-17,0.26794344186782837
2015-02-18,0.25194698572158813
2015-02-19,0.263944149017334
2015-02-20,0.2479477822780609
2015-02-23,0.271942675113678
2015-02-24,0.271942675113678
2015-02-25,0.263944149017334
2015-02-26,0.263944149017334
2015-02-27,0.2959376573562622
2015-03-02,0.2959376573562622
2015-03-03,0.28793907165527344
2015-03-04,0.27594199776649475
2015-03-05,0.27594199776649475
2015-03-06,0.27994126081466675
2015-03-09,0.27994126081466675
2015-03-10,0.27594199776649475
2015-03-11,0.27594199776649475
2015-03-12,0.28394055366516113
2015-03-13,0.3039361536502838
2015-03-16,0.3039361536502838
2015-03-17,0.2919383645057678
2015-03-18,0.28394055366516113
2015-03-19,0.3039361536502838
2015-03-20,0.3039361536502838
2015-03-23,0.3039361536502838
2015-03-24,0.2959376573562622
2015-03-25,0.29993686079978943
2015-03-26,0.28793907165527344
2015-03-27,0.27994126081466675
2015-03-30,0.2959376573562622
2015-03-31,0.31193482875823975
2015-04-01,0.29993686079978943
2015-04-02,0.307935506105423
2015-04-07,0.307935506105423
2015-04-08,0.31593331694602966
2015-04-09,0.3479267358779907
2015-04-10,0.35992464423179626
2015-04-13,0.3559253215789795
2015-04-14,0.3479267358779907
2015-04-15,0.34392744302749634
2015-04-16,0.3359297513961792
2015-04-17,0.3359297513961792
2015-04-20,0.31193482875823975
2015-04-21,0.32793110609054565
2015-04-22,0.3479267358779907
2015-04-23,0.34392744302749634
2015-04-24,0.34392744302749634
2015-04-27,0.34392744302749634
2015-04-28,0.3479267358779907
2015-04-29,0.34392744302749634
2015-04-30,0.34392744302749634
2015-05-01,0.3519260287284851
2015-05-04,0.3559253215789795
2015-05-05,0.35992464423179626
2015-05-06,0.3559253215789795
2015-05-07,0.3559253215789795
2015-05-08,0.3559253215789795
2015-05-11,0.35992464423179626
2015-05-12,0.35992464423179626
2015-05-13,0.35992464423179626
2015-05-14,0.35992464423179626
2015-05-15,0.4039152264595032
2015-05-18,0.41591301560401917
2015-05-19,0.4039152264595032
2015-05-20,0.41591301560401917
2015-05-21,0.42391079664230347
2015-05-22,0.4359087347984314
2015-05-25,0.4559043049812317
2015-05-26,0.439907968044281
2015-05-27,0.41591301560401917
2015-05-28,0.3999159038066864
2015-05-29,0.4079144597053528
2015-06-01,0.4079144597053528
2015-06-02,0.4319094121456146
2015-06-03,0.4319094121456146
2015-06-04,0.4319094121456146
2015-06-05,0.4359087347984314
2015-06-09,0.4319094121456146
2015-06-10,0.439907968044281
2015-06-11,0.41991159319877625
2015-06-12,0.42791008949279785
2015-06-15,0.42391079664230347
2015-06-16,0.41991159319877625
2015-06-17,0.41591301560401917
2015-06-18,0.4319094121456146
2015-06-19,0.4359087347984314
2015-06-22,0.42391079664230347
2015-06-23,0.42391079664230347
2015-06-24,0.42391079664230347
2015-06-25,0.42391079664230347
2015-06-26,0.42391079664230347
2015-06-29,0.41591301560401917
2015-06-30,0.4079144597053528
2015-07-01,0.41591301560401917
2015-07-02,0.4079144597053528
2015-07-03,0.39591658115386963
2015-07-06,0.37592098116874695
2015-07-07,0.3679223954677582
2015-07-08,0.35992464423179626
2015-07-09,0.3479267358779907
2015-07-10,0.3479267358779907
2015-07-13,0.3679223954677582
2015-07-14,0.37992027401924133
2015-07-15,0.37992027401924133
2015-07-16,0.39191725850105286
2015-07-17,0.39191725850105286
2015-07-20,0.3679223954677582
2015-07-21,0.39191725850105286
2015-07-22,0.4079144597053528
2015-07-23,0.41591301560401917
2015-07-24,0.41991159319877625
2015-07-27,0.41991159319877625
2015-07-28,0.41991159319877625
2015-07-29,0.41591301560401917
2015-07-30,0.41591301560401917
2015-07-31,0.41591301560401917
2015-08-03,0.41191384196281433
2015-08-04,0.3839195668697357
2015-08-05,0.4079144597053528
2015-08-06,0.3999159038066864
2015-08-07,0.39191725850105286
2015-08-10,0.39191725850105286
2015-08-11,0.37192171812057495
2015-08-12,0.3839195668697357
2015-08-13,0.35992464423179626
2015-08-14,0.34392744302749634
2015-08-17,0.34392744302749634
2015-08-18,0.34392744302749634
2015-08-19,0.3359297513961792
2015-08-20,0.3359297513961792
2015-08-21,0.3519260287284851
2015-08-24,0.3319304287433624
2015-08-25,0.3199325501918793
2015-08-26,0.31593331694602966
2015-08-27,0.3519260287284851
2015-08-28,0.37592098116874695
2015-08-31,0.35992464423179626
2015-09-01,0.3559253215789795
2015-09-02,0.35992464423179626
2015-09-03,0.3559253215789795
2015-09-04,0.37592098116874695
2015-09-07,0.37192171812057495
2015-09-08,0.3879188299179077
2015-09-09,0.3879188299179077
2015-09-10,0.3839195668697357
2015-09-11,0.3839195668697357
2015-09-14,0.3879188299179077
2015-09-15,0.37992027401924133
2015-09-16,0.3879188299179077
2015-09-17,0.3839195668697357
2015-09-18,0.39591658115386963
2015-09-21,0.39591658115386963
2015-09-22,0.41591301560401917
2015-09-23,0.4479057490825653
2015-09-24,0.4359087347984314
2015-09-25,0.4359087347984314
2015-09-28,0.4319094121456146
2015-09-29,0.4359087347984314
2015-09-30,0.4319094121456146
2015-10-01,0.4479057490825653
2015-10-02,0.46390286087989807
2015-10-05,0.4559043049812317
2015-10-06,0.46390286087989807
2015-10-07,0.4359087347984314
2015-10-08,0.4519050419330597
2015-10-09,0.4479057490825653
2015-10-12,0.439907968044281
2015-10-13,0.4319094121456146
2015-10-14,0.4319094121456146
2015-10-15,0.4319094121456146
2015-10-16,0.4559043049812317
2015-10-19,0.4559043049812317
2015-10-20,0.46390286087989807
2015-10-21,0.475899875164032
2015-10-22,0.47190061211586
2015-10-23,0.4998948872089386
2015-10-26,0.4958955645561218
2015-10-27,0.5038939714431763
2015-10-28,0.4958955645561218
2015-10-29,0.4958955645561218
2015-10-30,0.4958955645561218
2015-11-02,0.5038939714431763
2015-11-03,0.5038939714431763
2015-11-04,0.5238898992538452
2015-11-05,0.5198912620544434
2015-11-06,0.5038939714431763
2015-11-09,0.5118926763534546
2015-11-10,0.5118926763534546
2015-11-11,0.5118926763534546
2015-11-12,0.5038939714431763
2015-11-13,0.5078935027122498
2015-11-16,0.5038939714431763
2015-11-17,0.5438862442970276
2015-11-18,0.5438862442970276
2015-11-19,0.5478846430778503
2015-11-20,0.5358877182006836
2015-11-23,0.5358877182006836
2015-11-24,0.5318883657455444
2015-11-25,0.5318883657455444
2015-11-26,0.5238898992538452
2015-11-27,0.5118926763534546
2015-11-30,0.5038939714431763
2015-12-01,0.4878978133201599
2015-12-02,0.4798992872238159
2015-12-03,0.47190061211586
2015-12-04,0.4679023027420044
2015-12-07,0.4479057490825653
2015-12-08,0.439907968044281
2015-12-09,0.4479057490825653
2015-12-10,0.4679023027420044
2015-12-11,0.46390286087989807
2015-12-14,0.45990365743637085
2015-12-15,0.4519050419330597
2015-12-16,0.47190061211586
2015-12-17,0.4798992872238159
2015-12-18,0.4958955645561218
2015-12-21,0.47190061211586
2015-12-22,0.4798992872238159
2015-12-23,0.4878978133201599
2015-12-24,0.4918970465660095
2015-12-28,0.4918970465660095
2015-12-29,0.4798992872238159
2015-12-30,0.4798992872238159
2015-12-31,0.4838985502719879
2016-01-04,0.4798992872238159
2016-01-05,0.475899875164032
2016-01-06,0.4519050419330597
2016-01-07,0.475899875164032
2016-01-08,0.4798992872238159
2016-01-11,0.4798992872238159
2016-01-12,0.46390286087989807
2016-01-13,0.4439064860343933
2016-01-14,0.4479057490825653
2016-01-15,0.4359087347984314
2016-01-18,0.4319094121456146
2016-01-19,0.42791008949279785
2016-01-20,0.42391079664230347
2016-01-21,0.42791008949279785
2016-01-22,0.439907968044281
2016-01-25,0.42791008949279785
2016-01-27,0.42791008949279785
2016-01-28,0.42391079664230347
2016-01-29,0.4079144597053528
2016-02-01,0.41191384196281433
2016-02-02,0.41591301560401917
2016-02-03,0.41591301560401917
2016-02-04,0.42791008949279785
2016-02-05,0.41591301560401917
2016-02-08,0.42391079664230347
2016-02-09,0.41191384196281433
2016-02-10,0.41991159319877625
2016-02-11,0.41991159319877625
2016-02-12,0.4079144597053528
2016-02-15,0.4079144597053528
2016-02-16,0.37592098116874695
2016-02-17,0.39591658115386963
2016-02-18,0.41991159319877625
2016-02-19,0.45990365743637085
2016-02-22,0.4559043049812317
2016-02-23,0.4679023027420044
2016-02-24,0.45990365743637085
2016-02-25,0.45990365743637085
2016-02-26,0.439907968044281
2016-02-29,0.45990365743637085
2016-03-01,0.4559043049812317
2016-03-02,0.4439064860343933
2016-03-03,0.4519050419330597
2016-03-04,0.45990365743637085
2016-03-07,0.46390286087989807
2016-03-08,0.4798992872238159
2016-03-09,0.4918970465660095
2016-03-10,0.4878978133201599
2016-03-11,0.4998948872089386
2016-03-14,0.4958955645561218
2016-03-15,0.4958955645561218
2016-03-16,0.5038939714431763
2016-03-17,0.4998948872089386
2016-03-18,0.5038939714431763
2016-03-21,0.5118926763534546
2016-03-22,0.5198912620544434
2016-03-23,0.5078935027122498
2016-03-24,0.5038939714431763
2016-03-29,0.4958955645561218
2016-03-30,0.4798992872238159
2016-03-31,0.4958955645561218
2016-04-01,0.4918970465660095
2016-04-04,0.5038939714431763
2016-04-05,0.4958955645561218
2016-04-06,0.5198912620544434
2016-04-07,0.4998948872089386
2016-04-08,0.4958955645561218
2016-04-11,0.4958955645561218
2016-04-12,0.4958955645561218
2016-04-13,0.4878978133201599
2016-04-14,0.4878978133201599
2016-04-15,0.4918970465660095
2016-04-18,0.4918970465660095
2016-04-19,0.4998948872089386
2016-04-20,0.4878978133201599
2016-04-21,0.5038939714431763
2016-04-22,0.5038939714431763
2016-04-26,0.5038939714431763
2016-04-27,0.5078935027122498
2016-04-28,0.5198912620544434
2016-04-29,0.5118926763534546
2016-05-02,0.5198912620544434
2016-05-03,0.5318883657455444
2016-05-04,0.5318883657455444
2016-05-05,0.5318883657455444
2016-05-06,0.5278891324996948
2016-05-09,0.5518839955329895
2016-05-10,0.5598825216293335
2016-05-11,0.5358877182006836
2016-05-12,0.5398870706558228
2016-05-13,0.5598825216293335
2016-05-16,0.5558831691741943
2016-05-17,0.5798782706260681
2016-05-18,0.5798782706260681
2016-05-19,0.5918760895729065
2016-05-20,0.5918760895729065
2016-05-23,0.6038730144500732
2016-05-24,0.5998737215995789
2016-05-25,0.5958753824234009
2016-05-26,0.5998737215995789
2016-05-27,0.5958753824234009
2016-05-30,0.5758788585662842
2016-05-31,0.5838775634765625
2016-06-01,0.5918760895729065
2016-06-02,0.5838775634765625
2016-06-03,0.5958753824234009
2016-06-06,0.5878767967224121
2016-06-07,0.5998737215995789
2016-06-08,0.6318672299385071
2016-06-09,0.6318672299385071
2016-06-10,0.6318672299385071
2016-06-14,0.6238696575164795
2016-06-15,0.6238696575164795
2016-06-16,0.6078723073005676
2016-06-17,0.6318672299385071
2016-06-20,0.6318672299385071
2016-06-21,0.6238696575164795
2016-06-22,0.627868115901947
2016-06-23,0.615871012210846
2016-06-24,0.5798782706260681
2016-06-27,0.5918760895729065
2016-06-28,0.5878767967224121
2016-06-29,0.5878767967224121
2016-06-30,0.6318672299385071
2016-07-01,0.615871012210846
2016-07-04,0.615871012210846
2016-07-05,0.615871012210846
2016-07-06,0.615871012210846
2016-07-07,0.615871012210846
2016-07-08,0.6078723073005676
2016-07-11,0.6118716597557068
2016-07-12,0.5998737215995789
2016-07-13,0.6014739274978638
2016-07-14,0.615871012210846
2016-07-15,0.5998737215995789
2016-07-18,0.6038730144500732
2016-07-19,0.6038730144500732
2016-07-20,0.6118716597557068
2016-07-21,0.6118716597557068
2016-07-22,0.6038730144500732
2016-07-25,0.5998737215995789
2016-07-26,0.5918760895729065
2016-07-27,0.5758788585662842
2016-07-28,0.5798782706260681
2016-07-29,0.5798782706260681
2016-08-01,0.5838775634765625
2016-08-02,0.5758788585662842
2016-08-03,0.5758788585662842
2016-08-04,0.5758788585662842
2016-08-05,0.5598825216293335
2016-08-08,0.5598825216293335
2016-08-09,0.5718805193901062
2016-08-10,0.5638819336891174
2016-08-11,0.5598825216293335
2016-08-12,0.5598825216293335
2016-08-15,0.5718805193901062
2016-08-16,0.5838775634765625
2016-08-17,0.5998737215995789
2016-08-18,0.615871012210846
2016-08-19,0.5998737215995789
2016-08-22,0.5998737215995789
2016-08-23,0.5758788585662842
2016-08-24,0.5838775634765625
2016-08-25,0.6318672299385071
2016-08-26,0.615871012210846
2016-08-29,0.615871012210846
2016-08-30,0.6198702454566956
2016-08-31,0.615871012210846
2016-09-01,0.6238696575164795
2016-09-02,0.6238696575164795
2016-09-05,0.627868115901947
2016-09-06,0.5878767967224121
2016-09-07,0.5758788585662842
2016-09-08,0.5678811073303223
2016-09-09,0.5798782706260681
2016-09-12,0.5678811073303223
2016-09-13,0.5678811073303223
2016-09-14,0.5958753824234009
2016-09-15,0.5758788585662842
2016-09-16,0.5758788585662842
2016-09-19,0.5998737215995789
2016-09-20,0.5998737215995789
2016-09-21,0.5998737215995789
2016-09-22,0.5838775634765625
2016-09-23,0.5958753824234009
2016-09-26,0.5998737215995789
2016-09-27,0.5838775634765625
2016-09-28,0.5918760895729065
2016-09-29,0.5878767967224121
2016-09-30,0.5918760895729065
2016-10-03,0.5878767967224121
2016-10-04,0.5718805193901062
2016-10-05,0.5598825216293335
2016-10-06,0.5638819336891174
2016-10-07,0.5678811073303223
2016-10-10,0.5838775634765625
2016-10-11,0.5918760895729065
2016-10-12,0.5958753824234009
2016-10-13,0.5998737215995789
2016-10-14,0.5998737215995789
2016-10-17,0.5718805193901062
2016-10-18,0.5718805193901062
2016-10-19,0.5758788585662842
2016-10-20,0.5918760895729065
2016-10-21,0.5758788585662842
2016-10-24,0.5958753824234009
2016-10-25,0.5838775634765625
2016-10-26,0.5718805193901062
2016-10-27,0.5718805193901062
2016-10-28,0.5838775634765625
2016-10-31,0.5718805193901062
2016-11-01,0.5598825216293335
2016-11-02,0.5598825216293335
2016-11-03,0.5638819336891174
2016-11-04,0.5598825216293335
2016-11-07,0.5678811073303223
2016-11-08,0.5878767967224121
2016-11-09,0.5518839955329895
2016-11-10,0.5358877182006836
2016-11-11,0.5438862442970276
2016-11-14,0.5598825216293335
2016-11-15,0.5438862442970276
2016-11-16,0.5598825216293335
2016-11-17,0.5758788585662842
2016-11-18,0.5598825216293335
2016-11-21,0.5478846430778503
2016-11-22,0.5278891324996948
2016-11-23,0.4998948872089386
2016-11-24,0.5118926763534546
2016-11-25,0.5158920288085938
2016-11-28,0.5238898992538452
2016-11-29,0.5838775634765625
2016-11-30,0.5918760895729065
2016-12-01,0.5518839955329895
2016-12-02,0.5758788585662842
2016-12-05,0.5758788585662842
2016-12-06,0.5718805193901062
2016-12-07,0.5678811073303223
2016-12-08,0.5878767967224121
2016-12-09,0.5918760895729065
2016-12-12,0.5918760895729065
2016-12-13,0.5838775634765625
2016-12-14,0.5838775634765625
2016-12-15,0.5918760895729065
2016-12-16,0.5838775634765625
2016-12-19,0.5838775634765625
2016-12-20,0.5678811073303223
2016-12-21,0.5438862442970276
2016-12-22,0.5438862442970276
2016-12-23,0.5678811073303223
2016-12-28,0.5398870706558228
2016-12-29,0.5398870706558228
2016-12-30,0.5518839955329895
2017-01-03,0.5598825216293335
2017-01-04,0.5438862442970276
2017-01-05,0.5398870706558228
2017-01-06,0.5358877182006836
2017-01-09,0.5398870706558228
2017-01-10,0.5398870706558228
2017-01-11,0.5638819336891174
2017-01-12,0.5398870706558228
2017-01-13,0.5398870706558228
2017-01-16,0.5398870706558228
2017-01-17,0.5398870706558228
2017-01-18,0.5398870706558228
2017-01-19,0.5358877182006836
2017-01-20,0.5358877182006836
2017-01-23,0.5598825216293335
2017-01-24,0.5438862442970276
2017-01-25,0.5598825216293335
2017-01-27,0.5438862442970276
2017-01-30,0.5438862442970276
2017-01-31,0.5438862442970276
2017-02-01,0.5438862442970276
2017-02-02,0.5438862442970276
2017-02-03,0.5438862442970276
2017-02-06,0.5438862442970276
2017-02-07,0.5198912620544434
2017-02-08,0.5198912620544434
2017-02-09,0.5358877182006836
2017-02-10,0.5398870706558228
2017-02-13,0.5198912620544434
2017-02-14,0.5118926763534546
2017-02-15,0.5038939714431763
2017-02-16,0.4679023027420044
2017-02-17,0.4878978133201599
2017-02-20,0.4798992872238159
2017-02-21,0.46390286087989807
2017-02-22,0.4559043049812317
2017-02-23,0.46390286087989807
2017-02-24,0.4479057490825653
2017-02-27,0.3999159038066864
2017-02-28,0.34392744302749634
2017-03-01,0.32793110609054565
2017-03-02,0.32793110609054565
2017-03-03,0.33992817997932434
2017-03-06,0.35992464423179626
2017-03-07,0.36392393708229065
2017-03-08,0.3679223954677582
2017-03-09,0.3479267358779907
2017-03-10,0.3359297513961792
2017-03-13,0.3199325501918793
2017-03-14,0.31193482875823975
2017-03-15,0.29993686079978943
2017-03-16,0.29993686079978943
2017-03-17,0.3039361536502838
2017-03-20,0.31593331694602966
2017-03-21,0.32393184304237366
2017-03-22,0.3199325501918793
2017-03-23,0.32393184304237366
2017-03-24,0.33992817997932434
2017-03-27,0.32793110609054565
2017-03-28,0.3319304287433624
2017-03-29,0.32793110609054565
2017-03-30,0.32793110609054565
2017-03-31,0.32393184304237366
2017-04-03,0.32393184304237366
2017-04-04,0.32153254747390747
2017-04-05,0.3319304287433624
2017-04-06,0.3199325501918793
2017-04-07,0.31193482875823975
2017-04-10,0.3199325501918793
2017-04-11,0.307935506105423
2017-04-12,0.307935506105423
2017-04-13,0.3039361536502838
2017-04-18,0.307935506105423
2017-04-19,0.307935506105423
2017-04-20,0.3039361536502838
2017-04-21,0.3039361536502838
2017-04-24,0.307935506105423
2017-04-26,0.307935506105423
2017-04-27,0.3039361536502838
2017-04-28,0.29993686079978943
2017-05-01,0.28394055366516113
2017-05-02,0.28793907165527344
2017-05-03,0.271942675113678
2017-05-04,0.2559463381767273
2017-05-05,0.28793907165527344
2017-05-08,0.28394055366516113
2017-05-09,0.2959376573562622
2017-05-10,0.3039361536502838
2017-05-11,0.2919383645057678
2017-05-12,0.29993686079978943
2017-05-15,0.29993686079978943
2017-05-16,0.29993686079978943
2017-05-17,0.2959376573562622
2017-05-18,0.29993686079978943
2017-05-19,0.2919383645057678
2017-05-22,0.3039361536502838
2017-05-23,0.3039361536502838
2017-05-24,0.3039361536502838
2017-05-25,0.31193482875823975
2017-05-26,0.3199325501918793
2017-05-29,0.307935506105423
2017-05-30,0.31193482875823975
2017-05-31,0.31593331694602966
2017-06-01,0.307935506105423
2017-06-02,0.3039361536502838
2017-06-05,0.2959376573562622
2017-06-06,0.28793907165527344
2017-06-07,0.28394055366516113
2017-06-08,0.271942675113678
2017-06-09,0.28793907165527344
2017-06-13,0.28394055366516113
2017-06-14,0.28793907165527344
2017-06-15,0.28793907165527344
2017-06-16,0.2919383645057678
2017-06-19,0.28394055366516113
2017-06-20,0.2959376573562622
2017-06-21,0.28793907165527344
2017-06-22,0.2919383645057678
2017-06-23,0.28793907165527344
2017-06-26,0.2919383645057678
2017-06-27,0.28793907165527344
2017-06-28,0.3039361536502838
2017-06-29,0.31193482875823975
2017-06-30,0.2959376573562622
2017-07-03,0.28394055366516113
2017-07-04,0.2959376573562622
2017-07-05,0.29993686079978943
2017-07-06,0.3039361536502838
2017-07-07,0.2959376573562622
2017-07-10,0.2919383645057678
2017-07-11,0.2919383645057678
2017-07-12,0.28793907165527344
2017-07-13,0.28793907165527344
2017-07-14,0.2959376573562622
2017-07-17,0.2959376573562622
2017-07-18,0.28793907165527344
2017-07-19,0.28793907165527344
2017-07-20,0.28793907165527344
2017-07-21,0.28793907165527344
2017-07-24,0.28793907165527344
2017-07-25,0.2919383645057678
2017-07-26,0.28793907165527344
2017-07-27,0.2959376573562622
2017-07-28,0.28793907165527344
2017-07-31,0.29993686079978943
2017-08-01,0.2919383645057678
2017-08-02,0.2959376573562622
2017-08-03,0.3039361536502838
2017-08-04,0.2919383645057678
2017-08-07,0.307935506105423
2017-08-08,0.307935506105423
2017-08-09,0.3039361536502838
2017-08-10,0.3039361536502838
2017-08-11,0.3039361536502838
2017-08-14,0.29993686079978943
2017-08-15,0.3039361536502838
2017-08-16,0.3039361536502838
2017-08-17,0.29993686079978943
2017-08-18,0.3039361536502838
2017-08-21,0.307935506105423
2017-08-22,0.29993686079978943
2017-08-23,0.3039361536502838
2017-08-24,0.2919383645057678
2017-08-25,0.2919383645057678
2017-08-28,0.28394055366516113
2017-08-29,0.27594199776649475
2017-08-30,0.26794344186782837
2017-08-31,0.27994126081466675
2017-09-01,0.27994126081466675
2017-09-04,0.271942675113678
2017-09-05,0.271942675113678
2017-09-06,0.271942675113678
2017-09-07,0.263944149017334
2017-09-08,0.2599456310272217
2017-09-11,0.2479477822780609
2017-09-12,0.2479477822780609
2017-09-13,0.23994925618171692
2017-09-14,0.23994925618171692
2017-09-15,0.2479477822780609
2017-09-18,0.263944149017334
2017-09-19,0.2559463381767273
2017-09-20,0.2599456310272217
2017-09-21,0.2599456310272217
2017-09-22,0.26794344186782837
2017-09-25,0.263944149017334
2017-09-26,0.2599456310272217
2017-09-27,0.263944149017334
2017-09-28,0.263944149017334
2017-09-29,0.263944149017334
2017-10-02,0.263944149017334
2017-10-03,0.2599456310272217
2017-10-04,0.2599456310272217
2017-10-05,0.263944149017334
2017-10-06,0.25194698572158813
2017-10-09,0.2599456310272217
2017-10-10,0.25194698572158813
2017-10-11,0.24394847452640533
2017-10-12,0.25194698572158813
2017-10-13,0.2579460144042969
2017-10-16,0.271942675113678
2017-10-17,0.271942675113678
2017-10-18,0.27994126081466675
2017-10-19,0.27994126081466675
2017-10-20,0.27994126081466675
2017-10-23,0.27594199776649475
2017-10-24,0.271942675113678
2017-10-25,0.271942675113678
2017-10-26,0.271942675113678
2017-10-27,0.271942675113678
2017-10-30,0.271942675113678
2017-10-31,0.271942675113678
2017-11-01,0.2735426723957062
2017-11-02,0.27994126081466675
2017-11-03,0.27994126081466675
2017-11-06,0.27994126081466675
2017-11-07,0.28394055366516113
2017-11-08,0.27594199776649475
2017-11-09,0.27994126081466675
2017-11-10,0.27594199776649475
2017-11-13,0.27594199776649475
2017-11-14,0.27994126081466675
2017-11-15,0.25194698572158813
2017-11-16,0.2559463381767273
2017-11-17,0.263944149017334
2017-11-20,0.26794344186782837
2017-11-21,0.27994126081466675
2017-11-22,0.26794344186782837
2017-11-23,0.26794344186782837
2017-11-24,0.26794344186782837
2017-11-27,0.271942675113678
2017-11-28,0.263944149017334
2017-11-29,0.27994126081466675
2017-11-30,0.27994126081466675
2017-12-01,0.27994126081466675
2017-12-04,0.271942675113678
2017-12-05,0.26794344186782837
2017-12-06,0.2599456310272217
2017-12-07,0.26794344186782837
2017-12-08,0.26794344186782837
2017-12-11,0.26794344186782837
2017-12-12,0.271942675113678
2017-12-13,0.2559463381767273
2017-12-14,0.2599456310272217
2017-12-15,0.2559463381767273
2017-12-18,0.26794344186782837
2017-12-19,0.2559463381767273
2017-12-20,0.25194698572158813
2017-12-21,0.25194698572158813
2017-12-22,0.25194698572158813
2017-12-27,0.2479477822780609
2017-12-28,0.2559463381767273
2017-12-29,0.2559463381767273
2018-01-02,0.2479477822780609
2018-01-03,0.2479477822780609
2018-01-04,0.2479477822780609
2018-01-05,0.2479477822780609
2018-01-08,0.2479477822780609
2018-01-09,0.2479477822780609
2018-01-10,0.2479477822780609
2018-01-11,0.25194698572158813
2018-01-12,0.25194698572158813
2018-01-15,0.25194698572158813
2018-01-16,0.25194698572158813
2018-01-17,0.2479477822780609
2018-01-18,0.2559463381767273
2018-01-19,0.2479477822780609
2018-01-22,0.23994925618171692
2018-01-23,0.23994925618171692
2018-01-24,0.25194698572158813
2018-01-25,0.25194698572158813
2018-01-29,0.25194698572158813
2018-01-30,0.2559463381767273
2018-01-31,0.2559463381767273
2018-02-01,0.25194698572158813
2018-02-02,0.2559463381767273
2018-02-05,0.263944149017334
2018-02-06,0.2479477822780609
2018-02-07,0.2599456310272217
2018-02-08,0.2559463381767273
2018-02-09,0.2559463381767273
2018-02-12,0.2559463381767273
2018-02-13,0.2559463381767273
2018-02-14,0.2559463381767273
2018-02-15,0.2559463381767273
2018-02-16,0.2559463381767273
2018-02-19,0.2559463381767273
2018-02-20,0.25194698572158813
2018-02-21,0.23994925618171692
2018-02-22,0.24394847452640533
2018-02-23,0.2479477822780609
2018-02-26,0.2479477822780609
2018-02-27,0.23594991862773895
2018-02-28,0.23994925618171692
2018-03-01,0.22395287454128265
2018-03-02,0.22795215249061584
2018-03-05,0.22395287454128265
2018-03-06,0.22795215249061584
2018-03-07,0.22395287454128265
2018-03-08,0.21995355188846588
2018-03-09,0.21595428884029388
2018-03-12,0.22395287454128265
2018-03-13,0.21595428884029388
2018-03-14,0.22395287454128265
2018-03-15,0.22395287454128265
2018-03-16,0.22395287454128265
2018-03-19,0.22395287454128265
2018-03-20,0.23195143043994904
2018-03-21,0.22395287454128265
2018-03-22,0.22395287454128265
2018-03-23,0.21995355188846588
2018-03-26,0.2119550257921219
2018-03-27,0.20795650780200958
2018-03-28,0.22395287454128265
2018-03-29,0.23195143043994904
2018-04-03,0.21595428884029388
2018-04-04,0.2119550257921219
2018-04-05,0.20795650780200958
2018-04-06,0.20795650780200958
2018-04-09,0.1999579519033432
2018-04-10,0.20795650780200958
2018-04-11,0.20795650780200958
2018-04-12,0.20795650780200958
2018-04-13,0.1999579519033432
2018-04-16,0.2039572298526764
2018-04-17,0.21595428884029388
2018-04-18,0.21595428884029388
2018-04-19,0.21595428884029388
2018-04-20,0.2119550257921219
2018-04-23,0.21595428884029388
2018-04-24,0.21595428884029388
2018-04-26,0.2119550257921219
2018-04-27,0.2039572298526764
2018-04-30,0.1999579519033432
2018-05-01,0.1999579519033432
2018-05-02,0.1999579519033432
2018-05-03,0.1999579519033432
2018-05-04,0.21595428884029388
2018-05-07,0.21995355188846588
2018-05-08,0.21995355188846588
2018-05-09,0.2119550257921219
2018-05-10,0.2119550257921219
2018-05-11,0.2119550257921219
2018-05-14,0.2119550257921219
2018-05-15,0.22395287454128265
2018-05-16,0.2119550257921219
2018-05-17,0.21995355188846588
2018-05-18,0.21595428884029388
2018-05-21,0.2119550257921219
2018-05-22,0.20795650780200958
2018-05-23,0.21595428884029388
2018-05-24,0.21595428884029388
2018-05-25,0.21595428884029388
2018-05-28,0.2119550257921219
2018-05-29,0.20795650780200958
2018-05-30,0.20795650780200958
2018-05-31,0.2039572298526764
2018-06-01,0.2039572298526764
2018-06-04,0.2039572298526764
2018-06-05,0.2039572298526764
2018-06-06,0.2039572298526764
2018-06-07,0.2039572298526764
2018-06-08,0.21595428884029388
2018-06-12,0.2119550257921219
2018-06-13,0.2119550257921219
2018-06-14,0.20795650780200958
2018-06-15,0.21595428884029388
2018-06-18,0.2119550257921219
2018-06-19,0.2119550257921219
2018-06-20,0.22395287454128265
2018-06-21,0.2119550257921219
2018-06-22,0.21595428884029388
2018-06-25,0.21595428884029388
2018-06-26,0.21595428884029388
2018-06-27,0.21595428884029388
2018-06-28,0.21595428884029388
2018-06-29,0.22395287454128265
2018-07-02,0.21595428884029388
2018-07-03,0.22395287454128265
2018-07-04,0.22395287454128265
2018-07-05,0.22395287454128265
2018-07-06,0.22395287454128265
2018-07-09,0.21595428884029388
2018-07-10,0.22795215249061584
2018-07-11,0.21995355188846588
2018-07-12,0.21995355188846588
2018-07-13,0.21595428884029388
2018-07-16,0.21595428884029388
2018-07-17,0.21595428884029388
2018-07-18,0.22795215249061584
2018-07-19,0.22395287454128265
2018-07-20,0.22395287454128265
2018-07-23,0.22395287454128265
2018-07-24,0.21595428884029388
2018-07-25,0.21595428884029388
2018-07-26,0.22395287454128265
2018-07-27,0.22395287454128265
2018-07-30,0.22395287454128265
2018-07-31,0.22795215249061584
2018-08-01,0.22795215249061584
2018-08-02,0.22795215249061584
2018-08-03,0.22795215249061584
2018-08-06,0.22795215249061584
2018-08-07,0.22795215249061584
2018-08-08,0.22795215249061584
2018-08-09,0.23195143043994904
2018-08-10,0.2339511513710022
2018-08-13,0.23355066776275635
2018-08-14,0.23594991862773895
2018-08-15,0.23594991862773895
2018-08-16,0.23195143043994904
2018-08-17,0.20795650780200958
2018-08-20,0.22795215249061584
2018-08-21,0.22795215249061584
2018-08-22,0.22795215249061584
2018-08-23,0.22795215249061584
2018-08-24,0.22395287454128265
2018-08-27,0.22395287454128265
2018-08-28,0.22395287454128265
2018-08-29,0.21595428884029388
2018-08-30,0.21995355188846588
2018-08-31,0.21595428884029388
2018-09-03,0.2119550257921219
2018-09-04,0.20795650780200958
2018-09-05,0.1999579519033432
2018-09-06,0.1999579519033432
2018-09-07,0.1999579519033432
2018-09-10,0.2039572298526764
2018-09-11,0.2119550257921219
2018-09-12,0.2119550257921219
2018-09-13,0.20795650780200958
2018-09-14,0.21595428884029388
2018-09-17,0.21995355188846588
2018-09-18,0.21995355188846588
2018-09-19,0.21595428884029388
2018-09-20,0.21595428884029388
2018-09-21,0.21995355188846588
2018-09-24,0.22395287454128265
2018-09-25,0.22395287454128265
2018-09-26,0.22395287454128265
2018-09-27,0.21995355188846588
2018-09-28,0.23594991862773895
2018-10-01,0.23594991862773895
2018-10-02,0.23994925618171692
2018-10-03,0.23594991862773895
2018-10-04,0.24394847452640533
2018-10-05,0.24394847452640533
2018-10-08,0.23594991862773895
2018-10-09,0.23994925618171692
2018-10-10,0.23994925618171692
2018-10-11,0.23594991862773895
2018-10-12,0.23994925618171692
2018-10-15,0.23195143043994904
2018-10-16,0.24394847452640533
2018-10-17,0.24394847452640533
2018-10-18,0.23994925618171692
2018-10-19,0.23994925618171692
2018-10-22,0.23994925618171692
2018-10-23,0.2479477822780609
2018-10-24,0.23994925618171692
2018-10-25,0.24394847452640533
2018-10-26,0.23594991862773895
2018-10-29,0.23594991862773895
2018-10-30,0.23594991862773895
2018-10-31,0.23994925618171692
2018-11-01,0.23594991862773895
2018-11-02,0.21995355188846588
2018-11-05,0.23994925618171692
2018-11-06,0.23994925618171692
2018-11-07,0.23594991862773895
2018-11-08,0.23594991862773895
2018-11-09,0.23994925618171692
2018-11-12,0.23994925618171692
2018-11-13,0.23195143043994904
2018-11-14,0.23195143043994904
2018-11-15,0.23994925618171692
2018-11-16,0.23994925618171692
2018-11-19,0.23994925618171692
2018-11-20,0.23994925618171692
2018-11-21,0.23594991862773895
2018-11-22,0.23994925618171692
2018-11-23,0.23994925618171692
2018-11-26,0.23994925618171692
2018-11-27,0.23594991862773895
2018-11-28,0.23994925618171692
2018-11-29,0.23994925618171692
2018-11-30,0.23994925618171692
2018-12-03,0.22795215249061584
2018-12-04,0.22795215249061584
2018-12-05,0.22795215249061584
2018-12-06,0.22395287454128265
2018-12-07,0.22795215249061584
2018-12-10,0.23195143043994904
2018-12-11,0.23195143043994904
2018-12-12,0.23195143043994904
2018-12-13,0.22795215249061584
2018-12-14,0.23195143043994904
2018-12-17,0.22395287454128265
2018-12-18,0.21995355188846588
2018-12-19,0.21595428884029388
2018-12-20,0.21995355188846588
2018-12-21,0.21595428884029388
2018-12-24,0.21595428884029388
2018-12-27,0.21595428884029388
2018-12-28,0.21595428884029388
2018-12-31,0.22395287454128265
2019-01-02,0.22395287454128265
2019-01-03,0.22395287454128265
2019-01-04,0.21995355188846588
2019-01-07,0.21995355188846588
2019-01-08,0.21995355188846588
2019-01-09,0.21995355188846588
2019-01-10,0.21995355188846588
2019-01-11,0.21595428884029388
2019-01-14,0.21595428884029388
2019-01-15,0.21995355188846588
2019-01-16,0.21595428884029388
2019-01-17,0.21595428884029388
2019-01-18,0.21995355188846588
2019-01-21,0.21595428884029388
2019-01-22,0.2039572298526764
2019-01-23,0.20795650780200958
2019-01-24,0.20795650780200958
2019-01-25,0.21995355188846588
2019-01-29,0.21595428884029388
2019-01-30,0.21595428884029388
2019-01-31,0.23195143043994904
2019-02-01,0.23195143043994904
2019-02-04,0.23195143043994904
2019-02-05,0.23195143043994904
2019-02-06,0.23195143043994904
2019-02-07,0.22395287454128265
2019-02-08,0.22395287454128265
2019-02-11,0.22395287454128265
2019-02-12,0.21995355188846588
2019-02-13,0.21995355188846588
2019-02-14,0.21995355188846588
2019-02-15,0.21995355188846588
2019-02-18,0.21995355188846588
2019-02-19,0.21995355188846588
2019-02-20,0.21995355188846588
2019-02-21,0.21595428884029388
2019-02-22,0.21595428884029388
2019-02-25,0.21595428884029388
2019-02-26,0.21595428884029388
2019-02-27,0.20795650780200958
2019-02-28,0.2119550257921219
2019-03-01,0.2039572298526764
2019-03-04,0.21995355188846588
2019-03-05,0.21595428884029388
2019-03-06,0.22395287454128265
2019-03-07,0.21595428884029388
2019-03-08,0.21595428884029388
2019-03-11,0.2119550257921219
2019-03-12,0.2119550257921219
2019-03-13,0.21595428884029388
2019-03-14,0.2119550257921219
2019-03-15,0.2119550257921219
2019-03-18,0.21595428884029388
2019-03-19,0.20795650780200958
2019-03-20,0.20795650780200958
2019-03-21,0.21595428884029388
2019-03-22,0.2119550257921219
2019-03-25,0.2119550257921219
2019-03-26,0.2119550257921219
2019-03-27,0.2119550257921219
2019-03-28,0.20795650780200958
2019-03-29,0.2119550257921219
2019-04-01,0.20795650780200958
2019-04-02,0.20795650780200958
2019-04-03,0.20795650780200958
2019-04-04,0.2119550257921219
2019-04-05,0.2119550257921219
2019-04-08,0.2119550257921219
2019-04-09,0.2119550257921219
2019-04-10,0.2119550257921219
2019-04-11,0.2119550257921219
2019-04-12,0.20795650780200958
2019-04-15,0.20795650780200958
2019-04-16,0.20795650780200958
2019-04-17,0.20795650780200958
2019-04-18,0.20795650780200958
2019-04-23,0.20795650780200958
2019-04-24,0.20795650780200958
2019-04-26,0.2119550257921219
2019-04-29,0.20795650780200958
2019-04-30,0.2099553346633911
2019-05-01,0.2099553346633911
2019-05-02,0.2099553346633911
2019-05-03,0.2099553346633911
2019-05-06,0.2119550257921219
2019-05-07,0.2099553346633911
2019-05-08,0.2119550257921219
2019-05-09,0.20795650780200958
2019-05-10,0.20795650780200958
2019-05-13,0.20795650780200958
2019-05-14,0.20795650780200958
2019-05-15,0.20795650780200958
2019-05-16,0.1999579519033432
2019-05-17,0.2119550257921219
2019-05-20,0.2119550257921219
2019-05-21,0.2119550257921219
2019-05-22,0.21595428884029388
2019-05-23,0.2119550257921219
2019-05-24,0.21595428884029388
2019-05-27,0.21595428884029388
2019-05-28,0.21595428884029388
2019-05-29,0.2119550257921219
2019-05-30,0.21595428884029388
2019-05-31,0.21595428884029388
2019-06-03,0.2119550257921219
2019-06-04,0.2119550257921219
2019-06-05,0.21595428884029388
2019-06-06,0.21595428884029388
2019-06-07,0.21595428884029388
2019-06-11,0.2119550257921219
2019-06-12,0.2119550257921219
2019-06-13,0.20795650780200958
2019-06-14,0.20795650780200958
2019-06-17,0.20795650780200958
2019-06-18,0.20795650780200958
2019-06-19,0.20795650780200958
2019-06-20,0.20795650780200958
2019-06-21,0.20795650780200958
2019-06-24,0.2119550257921219
2019-06-25,0.2039572298526764
2019-06-26,0.20795650780200958
2019-06-27,0.20795650780200958
2019-06-28,0.20795650780200958
2019-07-01,0.2119550257921219
2019-07-02,0.2119550257921219
2019-07-03,0.2119550257921219
2019-07-04,0.2119550257921219
2019-07-05,0.2119550257921219
2019-07-08,0.20795650780200958
2019-07-09,0.20795650780200958
2019-07-10,0.2039572298526764
2019-07-11,0.20795650780200958
2019-07-12,0.2119550257921219
2019-07-15,0.20795650780200958
2019-07-16,0.20795650780200958
2019-07-17,0.2119550257921219
2019-07-18,0.2119550257921219
2019-07-19,0.2119550257921219
2019-07-22,0.20795650780200958
2019-07-23,0.2119550257921219
2019-07-24,0.2119550257921219
2019-07-25,0.2119550257921219
2019-07-26,0.21995355188846588
2019-07-29,0.23195143043994904
2019-07-30,0.23195143043994904
2019-07-31,0.23195143043994904
2019-08-01,0.23195143043994904
2019-08-02,0.23195143043994904
2019-08-05,0.23195143043994904
2019-08-06,0.22795215249061584
2019-08-07,0.22795215249061584
2019-08-08,0.22395287454128265
2019-08-09,0.22395287454128265
2019-08-12,0.22395287454128265
2019-08-13,0.22395287454128265
2019-08-14,0.22395287454128265
2019-08-15,0.22395287454128265
2019-08-16,0.22395287454128265
2019-08-19,0.22395287454128265
2019-08-20,0.22395287454128265
2019-08-21,0.22395287454128265
2019-08-22,0.22395287454128265
2019-08-23,0.21995355188846588
2019-08-26,0.21995355188846588
2019-08-27,0.21995355188846588
2019-08-28,0.21995355188846588
2019-08-29,0.21995355188846588
2019-08-30,0.22395287454128265
2019-09-02,0.22395287454128265
2019-09-03,0.22795215249061584
2019-09-04,0.22795215249061584
2019-09-05,0.22795215249061584
2019-09-06,0.23195143043994904
2019-09-09,0.23195143043994904
2019-09-10,0.23195143043994904
2019-09-11,0.23195143043994904
2019-09-12,0.23195143043994904
2019-09-13,0.22795215249061584
2019-09-16,0.23594991862773895
2019-09-17,0.23594991862773895
2019-09-18,0.23594991862773895
2019-09-19,0.23195143043994904
2019-09-20,0.23195143043994904
2019-09-23,0.23195143043994904
2019-09-24,0.23594991862773895
2019-09-25,0.23594991862773895
2019-09-26,0.23594991862773895
2019-09-27,0.23994925618171692
2019-09-30,0.24803614616394043
2019-10-01,0.2439020723104477
2019-10-02,0.2439020723104477
2019-10-03,0.2439020723104477
2019-10-04,0.2439020723104477
2019-10-07,0.2439020723104477
2019-10-08,0.24803614616394043
2019-10-09,0.24803614616394043
2019-10-10,0.2439020723104477
2019-10-11,0.2356347143650055
2019-10-14,0.2356347143650055
2019-10-15,0.2439020723104477
2019-10-16,0.23976877331733704
2019-10-17,0.23976877331733704
2019-10-18,0.23976877331733704
2019-10-21,0.2439020723104477
2019-10-22,0.23976877331733704
2019-10-23,0.23976877331733704
2019-10-24,0.23976877331733704
2019-10-25,0.2439020723104477
2019-10-28,0.24803614616394043
2019-10-29,0.24803614616394043
2019-10-30,0.23976877331733704
2019-10-31,0.23976877331733704
2019-11-01,0.23976877331733704
2019-11-04,0.24803614616394043
2019-11-05,0.252170205116272
2019-11-06,0.2563042640686035
2019-11-07,0.27283981442451477
2019-11-08,0.27283981442451477
2019-11-11,0.27283981442451477
2019-11-12,0.27283981442451477
2019-11-13,0.27283981442451477
2019-11-14,0.2769738435745239
2019-11-15,0.28110790252685547
2019-11-18,0.28110790252685547
2019-11-19,0.28110790252685547
2019-11-20,0.28110790252685547
2019-11-21,0.28110790252685547
2019-11-22,0.28110790252685547
2019-11-25,0.28110790252685547
2019-11-26,0.28110790252685547
2019-11-27,0.28110790252685547
2019-11-28,0.28110790252685547
2019-11-29,0.28524190187454224
2019-12-02,0.28110790252685547
2019-12-03,0.28110790252685547
2019-12-04,0.28110790252685547
2019-12-05,0.28524190187454224
2019-12-06,0.29764336347579956
2019-12-09,0.30591151118278503
2019-12-10,0.30591151118278503
2019-12-11,0.3017774522304535
2019-12-12,0.3017774522304535
2019-12-13,0.3017774522304535
2019-12-16,0.30591151118278503
2019-12-17,0.30591151118278503
2019-12-18,0.30591151118278503
2019-12-19,0.3017774522304535
2019-12-20,0.3017774522304535
2019-12-23,0.3017774522304535
2019-12-24,0.3017774522304535
2019-12-27,0.30591151118278503
2019-12-30,0.3100455701351166
2019-12-31,0.3141796290874481
2020-01-02,0.30591151118278503
2020-01-03,0.3141796290874481
2020-01-06,0.31831371784210205
2020-01-07,0.3141796290874481
2020-01-08,0.3141796290874481
2020-01-09,0.3141796290874481
2020-01-10,0.3141796290874481
2020-01-13,0.3141796290874481
2020-01-14,0.3141796290874481
2020-01-15,0.3141796290874481
2020-01-16,0.3141796290874481
2020-01-17,0.32658103108406067
2020-01-20,0.3307151198387146
2020-01-21,0.3307151198387146
2020-01-22,0.31831371784210205
2020-01-23,0.3224477767944336
2020-01-24,0.3224477767944336
2020-01-28,0.31831371784210205
2020-01-29,0.31831371784210205
2020-01-30,0.32658103108406067
2020-01-31,0.32658103108406067
2020-02-03,0.31831371784210205
2020-02-04,0.3141796290874481
2020-02-05,0.3224477767944336
2020-02-06,0.31831371784210205
2020-02-07,0.3224477767944336
2020-02-10,0.31831371784210205
2020-02-11,0.31831371784210205
2020-02-12,0.32658103108406067
2020-02-13,0.32658103108406067
2020-02-14,0.3307151198387146
2020-02-17,0.3224477767944336
2020-02-18,0.31831371784210205
2020-02-19,0.31831371784210205
2020-02-20,0.31831371784210205
2020-02-21,0.31831371784210205
2020-02-24,0.3203807473182678
2020-02-25,0.31831371784210205
2020-02-26,0.3141796290874481
2020-02-27,0.31831371784210205
2020-02-28,0.3017774522304535
2020-03-02,0.29764336347579956
2020-03-03,0.3141796290874481
2020-03-04,0.3100455701351166
2020-03-05,0.3061695694923401
2020-03-06,0.3145579695701599
2020-03-09,0.2935876250267029
2020-03-10,0.2768106460571289
2020-03-11,0.2851991355419159
2020-03-12,0.2768106460571289
2020-03-13,0.2684229910373688
2020-03-16,0.24745182693004608
2020-03-17,0.2516460418701172
2020-03-18,0.2516460418701172
2020-03-19,0.23486989736557007
2020-03-20,0.24325840175151825
2020-03-23,0.2306756228208542
2020-03-24,0.24325840175151825
2020-03-25,0.24325840175151825
2020-03-26,0.24325840175151825
2020-03-27,0.2306756228208542
2020-03-30,0.23906411230564117
2020-03-31,0.2306756228208542
2020-04-01,0.23906411230564117
2020-04-02,0.23906411230564117
2020-04-03,0.23906411230564117
2020-04-06,0.23906411230564117
2020-04-07,0.23906411230564117
2020-04-08,0.23906411230564117
2020-04-09,0.23906411230564117
2020-04-14,0.24325840175151825
2020-04-15,0.24325840175151825
2020-04-16,0.23486989736557007
2020-04-17,0.23906411230564117
2020-04-20,0.23906411230564117
2020-04-21,0.23906411230564117
2020-04-22,0.23906411230564117
2020-04-23,0.2306756228208542
2020-04-24,0.23906411230564117
2020-04-27,0.23906411230564117
2020-04-28,0.23906411230564117
2020-04-29,0.23906411230564117
2020-04-30,0.2516460418701172
2020-05-01,0.23906411230564117
2020-05-04,0.23486989736557007
2020-05-05,0.23906411230564117
2020-05-06,0.23906411230564117
2020-05-07,0.2516460418701172
2020-05-08,0.2600345313549042
2020-05-11,0.2642287611961365
2020-05-12,0.2684229910373688
2020-05-13,0.2600345313549042
2020-05-14,0.2684229910373688
2020-05-15,0.2684229910373688
2020-05-18,0.2684229910373688
2020-05-19,0.2642287611961365
2020-05-20,0.2684229910373688
2020-05-21,0.2642287611961365
2020-05-22,0.2558402419090271
2020-05-25,0.2600345313549042
2020-05-26,0.2600345313549042
2020-05-27,0.2642287611961365
2020-05-28,0.2642287611961365
2020-05-29,0.2684229910373688
2020-06-01,0.2621316611766815
2020-06-02,0.2684229910373688
2020-06-03,0.2600345313549042
2020-06-04,0.2684229910373688
2020-06-05,0.2684229910373688
2020-06-09,0.2600345313549042
2020-06-10,0.2726172208786011
2020-06-11,0.2600345313549042
2020-06-12,0.2642287611961365
2020-06-15,0.2684229910373688
2020-06-16,0.2642287611961365
2020-06-17,0.2600345313549042
2020-06-18,0.2600345313549042
2020-06-19,0.2684229910373688
2020-06-22,0.2684229910373688
2020-06-23,0.2684229910373688
2020-06-24,0.2684229910373688
2020-06-25,0.2684229910373688
2020-06-26,0.2684229910373688
2020-06-29,0.2684229910373688
2020-06-30,0.2726172208786011
2020-07-01,0.2684229910373688
2020-07-02,0.2726172208786011
2020-07-03,0.2684229910373688
2020-07-06,0.2768106460571289
2020-07-07,0.2810048758983612
2020-07-08,0.2810048758983612
2020-07-09,0.2726172208786011
2020-07-10,0.2810048758983612
2020-07-13,0.2684229910373688
2020-07-14,0.2684229910373688
2020-07-15,0.2684229910373688
2020-07-16,0.2810048758983612
2020-07-17,0.2726172208786011
2020-07-20,0.2684229910373688
2020-07-21,0.2768106460571289
2020-07-22,0.2726172208786011
2020-07-23,0.2726172208786011
2020-07-24,0.2726172208786011
2020-07-27,0.2768106460571289
2020-07-28,0.2810048758983612
2020-07-29,0.2726172208786011
2020-07-30,0.2768106460571289
2020-07-31,0.2726172208786011
2020-08-03,0.2684229910373688
2020-08-04,0.2768106460571289
2020-08-05,0.2768106460571289
2020-08-06,0.2768106460571289
2020-08-07,0.2810048758983612
2020-08-10,0.2810048758983612
2020-08-11,0.3103637397289276
2020-08-12,0.3103637397289276
2020-08-13,0.3061695694923401
2020-08-14,0.3103637397289276
2020-08-17,0.2977818548679352
2020-08-18,0.3061695694923401
2020-08-19,0.30197522044181824
2020-08-20,0.3145579695701599
2020-08-21,0.33133408427238464
2020-08-24,0.33133408427238464
2020-08-25,0.33133408427238464
2020-08-26,0.33552834391593933
2020-08-27,0.3271406888961792
2020-08-28,0.33133408427238464
2020-08-31,0.33590880036354065
2020-09-01,0.32315319776535034
2020-09-02,0.3316574990749359
2020-09-03,0.33590880036354065
2020-09-04,0.3316574990749359
2020-09-07,0.3316574990749359
2020-09-08,0.3316574990749359
2020-09-09,0.3316574990749359
2020-09-10,0.33590880036354065
2020-09-11,0.32315319776535034
2020-09-14,0.32740533351898193
2020-09-15,0.32740533351898193
2020-09-16,0.3316574990749359
2020-09-17,0.3316574990749359
2020-09-18,0.3316574990749359
2020-09-21,0.32740533351898193
2020-09-22,0.3316574990749359
2020-09-23,0.3316574990749359
2020-09-24,0.32315319776535034
2020-09-25,0.32740533351898193
2020-09-28,0.3316574990749359
2020-09-29,0.3316574990749359
2020-09-30,0.3316574990749359
2020-10-01,0.32740533351898193
2020-10-02,0.32740533351898193
2020-10-05,0.32740533351898193
2020-10-06,0.32315319776535034
2020-10-07,0.32740533351898193
2020-10-08,0.32740533351898193
2020-10-09,0.32740533351898193
2020-10-12,0.32315319776535034
2020-10-13,0.32315319776535034
2020-10-14,0.32740533351898193
2020-10-15,0.3316574990749359
2020-10-16,0.3316574990749359
2020-10-19,0.32315319776535034
2020-10-20,0.32740533351898193
2020-10-21,0.3316574990749359
2020-10-22,0.3316574990749359
2020-10-23,0.3316574990749359
2020-10-26,0.32315319776535034
2020-10-27,0.31890103220939636
2020-10-28,0.31890103220939636
2020-10-29,0.31890103220939636
2020-10-30,0.31890103220939636
2020-11-02,0.31890103220939636
2020-11-03,0.31890103220939636
2020-11-04,0.31890103220939636
2020-11-05,0.32315319776535034
2020-11-06,0.32740533351898193
2020-11-09,0.3316574990749359
2020-11-10,0.34016096591949463
2020-11-11,0.33590880036354065
2020-11-12,0.34016096591949463
2020-11-13,0.34016096591949463
2020-11-16,0.34016096591949463
2020-11-17,0.3529174029827118
2020-11-18,0.35716956853866577
2020-11-19,0.35716956853866577
2020-11-20,0.36992520093917847
2020-11-23,0.37417730689048767
2020-11-24,0.37417730689048767
2020-11-25,0.37417730689048767
2020-11-26,0.37417730689048767
2020-11-27,0.37417730689048767
2020-11-30,0.36992520093917847
2020-12-01,0.36992520093917847
2020-12-02,0.37417730689048767
2020-12-03,0.3656730651855469
2020-12-04,0.36992520093917847
2020-12-07,0.3614208698272705
2020-12-08,0.3656730651855469
2020-12-09,0.37842950224876404
2020-12-10,0.37842950224876404
2020-12-11,0.37842950224876404
2020-12-14,0.38268157839775085
2020-12-15,0.37842950224876404
2020-12-16,0.37417730689048767
2020-12-17,0.37842950224876404
2020-12-18,0.38268157839775085
2020-12-21,0.38268157839775085
2020-12-22,0.3869337737560272
2020-12-23,0.38268157839775085
2020-12-24,0.38268157839775085
2020-12-29,0.38268157839775085
2020-12-30,0.38268157839775085
2020-12-31,0.38268157839775085
2021-01-04,0.38268157839775085
2021-01-05,0.36992520093917847
2021-01-06,0.39118504524230957
2021-01-07,0.39118504524230957
2021-01-08,0.39118504524230957
2021-01-11,0.3996894061565399
2021-01-12,0.4124458432197571
2021-01-13,0.4039415419101715
2021-01-14,0.4081936478614807
2021-01-15,0.4081936478614807
2021-01-18,0.4081936478614807
2021-01-19,0.3996894061565399
2021-01-20,0.3996894061565399
2021-01-21,0.3996894061565399
2021-01-22,0.39118504524230957
2021-01-25,0.39118504524230957
2021-01-27,0.4039415419101715
2021-01-28,0.4039415419101715
2021-01-29,0.4039415419101715
2021-02-01,0.3996894061565399
2021-02-02,0.3996894061565399
2021-02-03,0.3996894061565399
2021-02-04,0.39118504524230957
2021-02-05,0.39543718099594116
2021-02-08,0.3996894061565399
2021-02-09,0.3996894061565399
2021-02-10,0.3996894061565399
2021-02-11,0.39118504524230957
2021-02-12,0.3996894061565399
2021-02-15,0.3996894061565399
2021-02-16,0.3996894061565399
2021-02-17,0.3996894061565399
2021-02-18,0.3996894061565399
2021-02-19,0.4039415419101715
2021-02-22,0.4081936478614807
2021-02-23,0.4081936478614807
2021-02-24,0.43795788288116455
2021-02-25,0.43795788288116455
2021-02-26,0.4337056875228882
2021-03-01,0.4252013862133026
2021-03-02,0.4252013862133026
2021-03-03,0.43795788288116455
2021-03-04,0.4252013862133026
2021-03-05,0.4252013862133026
2021-03-08,0.4294535219669342
2021-03-09,0.4294535219669342
2021-03-10,0.4252013862133026
2021-03-11,0.44221001863479614
2021-03-12,0.4337056875228882
2021-03-15,0.44221001863479614
2021-03-16,0.44646134972572327
2021-03-17,0.44646134972572327
2021-03-18,0.4507134258747101
2021-03-19,0.48472970724105835
2021-03-22,0.4974863529205322
2021-03-23,0.5017375946044922
2021-03-24,0.49381211400032043
2021-03-25,0.49381211400032043
2021-03-26,0.5066937208175659
2021-03-29,0.5238704085350037
2021-03-30,0.5324577689170837
2021-03-31,0.5281644463539124
2021-04-01,0.5281644463539124
2021-04-06,0.5324577689170837
2021-04-07,0.5324577689170837
2021-04-08,0.5238704085350037
2021-04-09,0.5281644463539124
2021-04-12,0.5152820348739624
2021-04-13,0.4981062412261963
2021-04-14,0.5109878182411194
2021-04-15,0.5109878182411194
2021-04-16,0.5066937208175659
2021-04-19,0.5152820348739624
2021-04-20,0.5152820348739624
2021-04-21,0.5024005174636841
2021-04-22,0.5024005174636841
2021-04-23,0.5024005174636841
2021-04-26,0.5109878182411194
2021-04-27,0.5109878182411194
2021-04-28,0.5109878182411194
2021-04-29,0.5066937208175659
2021-04-30,0.5109878182411194
2021-05-03,0.5152820348739624
2021-05-04,0.5152820348739624
2021-05-05,0.4981062412261963
2021-05-06,0.5066937208175659
2021-05-07,0.5152820348739624
2021-05-10,0.4852237403392792
2021-05-11,0.4981062412261963
2021-05-12,0.4809296131134033
2021-05-13,0.48951786756515503
2021-05-14,0.48951786756515503
2021-05-17,0.4981062412261963
2021-05-18,0.5066937208175659
2021-05-19,0.5152820348739624
2021-05-20,0.5152820348739624
2021-05-21,0.5152820348739624
2021-05-24,0.5152820348739624
2021-05-25,0.5152820348739624
2021-05-26,0.5109878182411194
2021-05-27,0.5152820348739624
2021-05-28,0.5152820348739624
2021-05-31,0.5152820348739624
2021-06-01,0.4981062412261963
2021-06-02,0.4981062412261963
2021-06-03,0.4981062412261963
2021-06-04,0.5109878182411194
2021-06-07,0.5066937208175659
2021-06-08,0.5024005174636841
2021-06-09,0.5024005174636841
2021-06-10,0.4981062412261963
2021-06-11,0.4981062412261963
2021-06-15,0.4981062412261963
2021-06-16,0.49381211400032043
2021-06-17,0.4981062412261963
2021-06-18,0.49381211400032043
2021-06-21,0.4981062412261963
2021-06-22,0.49381211400032043
2021-06-23,0.5024005174636841
2021-06-24,0.4981062412261963
2021-06-25,0.4981062412261963
2021-06-28,0.5152820348739624
2021-06-29,0.5152820348739624
2021-06-30,0.5195762515068054
2021-07-01,0.5066937208175659
2021-07-02,0.5109878182411194
2021-07-05,0.5066937208175659
2021-07-06,0.5066937208175659
2021-07-07,0.5152820348739624
2021-07-08,0.5152820348739624
2021-07-09,0.5066937208175659
2021-07-12,0.5066937208175659
2021-07-13,0.5066937208175659
2021-07-14,0.5109878182411194
2021-07-15,0.5152820348739624
2021-07-16,0.5324577689170837
2021-07-19,0.5152820348739624
2021-07-20,0.5066937208175659
2021-07-21,0.536751925945282
2021-07-22,0.5238704085350037
2021-07-23,0.5152820348739624
2021-07-26,0.5281644463539124
2021-07-27,0.5324577689170837
2021-07-28,0.5238704085350037
2021-07-29,0.5238704085350037
2021-07-30,0.536751925945282
2021-08-02,0.5238704085350037
2021-08-03,0.5238704085350037
2021-08-04,0.5195762515068054
2021-08-05,0.5109878182411194
2021-08-06,0.5195762515068054
2021-08-09,0.5195762515068054
2021-08-10,0.5195762515068054
2021-08-11,0.5066937208175659
2021-08-12,0.5152820348739624
2021-08-13,0.4981062412261963
2021-08-16,0.4981062412261963
2021-08-17,0.4981062412261963
2021-08-18,0.5066937208175659
2021-08-19,0.5066937208175659
2021-08-20,0.5152820348739624
2021-08-23,0.4981062412261963
2021-08-24,0.5066937208175659
2021-08-25,0.5152820348739624
2021-08-26,0.545340359210968
2021-08-27,0.5410460829734802
2021-08-30,0.545340359210968
2021-08-31,0.5410460829734802
2021-09-01,0.5410460829734802
2021-09-02,0.536751925945282
2021-09-03,0.5417542457580566
2021-09-06,0.5244184732437134
2021-09-07,0.5244184732437134
2021-09-08,0.5374201536178589
2021-09-09,0.5374201536178589
2021-09-10,0.5330867767333984
2021-09-13,0.5352538824081421
2021-09-14,0.5330867767333984
2021-09-15,0.5330867767333984
2021-09-16,0.5374201536178589
2021-09-17,0.5374201536178589
2021-09-20,0.5374201536178589
2021-09-21,0.5374201536178589
2021-09-22,0.5374201536178589
2021-09-23,0.5460883378982544
2021-09-24,0.5460883378982544
2021-09-27,0.5374201536178589
2021-09-28,0.5504226684570312
2021-09-29,0.5504226684570312
2021-09-30,0.554756760597229
2021-10-01,0.554756760597229
2021-10-04,0.5330867767333984
2021-10-05,0.5330867767333984
2021-10-06,0.5244184732437134
2021-10-07,0.5244184732437134
2021-10-08,0.5200842618942261
2021-10-11,0.5200842618942261
2021-10-12,0.5200842618942261
2021-10-13,0.5460883378982544
2021-10-14,0.5417542457580566
2021-10-15,0.5504226684570312
2021-10-18,0.5504226684570312
2021-10-19,0.539587140083313
2021-10-20,0.554756760597229
2021-10-21,0.5590908527374268
2021-10-22,0.5634250640869141
2021-10-25,0.5634250640869141
2021-10-26,0.5677584409713745
2021-10-27,0.5807609558105469
2021-10-28,0.5915964245796204
2021-10-29,0.5894291996955872
2021-11-01,0.5634250640869141
2021-11-02,0.5850951075553894
2021-11-03,0.5807609558105469
2021-11-04,0.5634250640869141
2021-11-05,0.5937625765800476
2021-11-08,0.5850951075553894
2021-11-09,0.5980967879295349
2021-11-10,0.6024309396743774
2021-11-11,0.6024309396743774
2021-11-12,0.6241008639335632
2021-11-15,0.5894291996955872
2021-11-16,0.6067651510238647
2021-11-17,0.6067651510238647
2021-11-18,0.5720926523208618
2021-11-19,0.6067651510238647
2021-11-22,0.6067651510238647
2021-11-23,0.6067651510238647
2021-11-24,0.5915964245796204
2021-11-25,0.5850951075553894
2021-11-26,0.5980967879295349
2021-11-29,0.5937625765800476
2021-11-30,0.5980967879295349
2021-12-01,0.5937625765800476
2021-12-02,0.5937625765800476
2021-12-03,0.5980967879295349
2021-12-06,0.5980967879295349
2021-12-07,0.5937625765800476
2021-12-08,0.5807609558105469
2021-12-09,0.5980967879295349
2021-12-10,0.5894291996955872
2021-12-13,0.5894291996955872
2021-12-14,0.5894291996955872
2021-12-15,0.5980967879295349
2021-12-16,0.5980967879295349
2021-12-17,0.6002638339996338
2021-12-20,0.6002638339996338
2021-12-21,0.6024309396743774
2021-12-22,0.6067651510238647
2021-12-23,0.6197676658630371
2021-12-24,0.6154334545135498
2021-12-29,0.6154334545135498
2021-12-30,0.6067651510238647
2021-12-31,0.6154334545135498
2022-01-04,0.6154334545135498
2022-01-05,0.6110993027687073
2022-01-06,0.6110993027687073
2022-01-07,0.6110993027687073
2022-01-10,0.6154334545135498
2022-01-11,0.6154334545135498
2022-01-12,0.6154334545135498
2022-01-13,0.6154334545135498
2022-01-14,0.6067651510238647
2022-01-17,0.6110993027687073
2022-01-18,0.6110993027687073
2022-01-19,0.6110993027687073
2022-01-20,0.6110993027687073
2022-01-21,0.6067651510238647
2022-01-24,0.6024309396743774
2022-01-25,0.5894291996955872
2022-01-27,0.5937625765800476
2022-01-28,0.5937625765800476
2022-01-31,0.5980967879295349
2022-02-01,0.5937625765800476
2022-02-02,0.5980967879295349
2022-02-03,0.5980967879295349
2022-02-04,0.5980967879295349
2022-02-07,0.5980967879295349
2022-02-08,0.5980967879295349
2022-02-09,0.5980967879295349
2022-02-10,0.5980967879295349
2022-02-11,0.5980967879295349
2022-02-14,0.5980967879295349
2022-02-15,0.5937625765800476
2022-02-16,0.5937625765800476
2022-02-17,0.5937625765800476
2022-02-18,0.5937625765800476
2022-02-21,0.5937625765800476
2022-02-22,0.5894291996955872
2022-02-23,0.5894291996955872
2022-02-24,0.5720926523208618
2022-02-25,0.5720926523208618
2022-02-28,0.5720926523208618
2022-03-01,0.5556105375289917
2022-03-02,0.5337362289428711
2022-03-03,0.5206111073493958
2022-03-04,0.5337362289428711
2022-03-07,0.5424853563308716
2022-03-08,0.53811115026474
2022-03-09,0.5337362289428711
2022-03-10,0.5337362289428711
2022-03-11,0.5337362289428711
2022-03-14,0.5249860882759094
2022-03-15,0.5249860882759094
2022-03-16,0.5249860882759094
2022-03-17,0.5293611884117126
2022-03-18,0.53811115026474
2022-03-21,0.53811115026474
2022-03-22,0.53811115026474
2022-03-23,0.5512352585792542
2022-03-24,0.5643604397773743
2022-03-25,0.5512352585792542
2022-03-28,0.5687354207038879
2022-03-29,0.599358856678009
2022-03-30,0.599358856678009
2022-03-31,0.5949847102165222
2022-04-01,0.5949847102165222
2022-04-04,0.5949847102165222
2022-04-05,0.5949847102165222
2022-04-06,0.5949847102165222
2022-04-07,0.5862346887588501
2022-04-08,0.599358856678009
2022-04-11,0.599358856678009
2022-04-12,0.5949847102165222
2022-04-13,0.5906096696853638
2022-04-14,0.5949847102165222
2022-04-19,0.5949847102165222
2022-04-20,0.5949847102165222
2022-04-21,0.5862346887588501
2022-04-22,0.5862346887588501
2022-04-26,0.599358856678009
2022-04-27,0.5862346887588501
2022-04-28,0.5862346887588501
2022-04-29,0.599358856678009
2022-05-02,0.5862346887588501
2022-05-03,0.5774846076965332
2022-05-04,0.5818597078323364
2022-05-05,0.5687354207038879
2022-05-06,0.5687354207038879
2022-05-09,0.5687354207038879
2022-05-10,0.5512352585792542
2022-05-11,0.5512352585792542
2022-05-12,0.5512352585792542
2022-05-13,0.5424853563308716
2022-05-16,0.5512352585792542
2022-05-17,0.5468603372573853
2022-05-18,0.5424853563308716
2022-05-19,0.5424853563308716
2022-05-20,0.5468603372573853
2022-05-23,0.5424853563308716
2022-05-24,0.5424853563308716
2022-05-25,0.5424853563308716
2022-05-26,0.5424853563308716
2022-05-27,0.5512352585792542
2022-05-30,0.5512352585792542
2022-05-31,0.5512352585792542
2022-06-01,0.5512352585792542
2022-06-02,0.5424853563308716
2022-06-03,0.5424853563308716
2022-06-06,0.5512352585792542
2022-06-07,0.5206111073493958
2022-06-08,0.5512352585792542
2022-06-09,0.5468603372573853
2022-06-10,0.5424853563308716
2022-06-14,0.5424853563308716
2022-06-15,0.5424853563308716
2022-06-16,0.5249860882759094
2022-06-17,0.5249860882759094
2022-06-20,0.5249860882759094
2022-06-21,0.5249860882759094
2022-06-22,0.5249860882759094
2022-06-23,0.5162361860275269
2022-06-24,0.5162361860275269
2022-06-27,0.5249860882759094
2022-06-28,0.5162361860275269
2022-06-29,0.5249860882759094
2022-06-30,0.5337362289428711
2022-07-01,0.5337362289428711
2022-07-04,0.5162361860275269
2022-07-05,0.5162361860275269
2022-07-06,0.5074869394302368
2022-07-07,0.5074869394302368
2022-07-08,0.48123762011528015
2022-07-11,0.49873676896095276
2022-07-12,0.49873676896095276
2022-07-13,0.49873676896095276
2022-07-14,0.49873676896095276
2022-07-15,0.49436187744140625
2022-07-18,0.4899868369102478
2022-07-19,0.4899868369102478
2022-07-20,0.5074869394302368
2022-07-21,0.49873676896095276
2022-07-22,0.4899868369102478
2022-07-25,0.4899868369102478
2022-07-26,0.49873676896095276
2022-07-27,0.4899868369102478
2022-07-28,0.49873676896095276
2022-07-29,0.5162361860275269
2022-08-01,0.5074869394302368
2022-08-02,0.5074869394302368
2022-08-03,0.5074869394302368
2022-08-04,0.49873676896095276
2022-08-05,0.5074869394302368
2022-08-08,0.5074869394302368
2022-08-09,0.5074869394302368
2022-08-10,0.49873676896095276
2022-08-11,0.49873676896095276
2022-08-12,0.49873676896095276
2022-08-15,0.49873676896095276
2022-08-16,0.49873676896095276
2022-08-17,0.49436187744140625
2022-08-18,0.49436187744140625
2022-08-19,0.49436187744140625
2022-08-22,0.4899868369102478
2022-08-23,0.4899868369102478
2022-08-24,0.4899868369102478
2022-08-25,0.4899868369102478
2022-08-26,0.49873676896095276
2022-08-29,0.5162361860275269
2022-08-30,0.5162361860275269
2022-08-31,0.5337362289428711
2022-09-01,0.5293611884117126
2022-09-02,0.5293611884117126
2022-09-05,0.5293611884117126
2022-09-06,0.5293611884117126
2022-09-07,0.5293611884117126
2022-09-08,0.5249860882759094
2022-09-09,0.5249860882759094
2022-09-12,0.5249860882759094
2022-09-13,0.5074869394302368
2022-09-14,0.51186203956604
2022-09-15,0.5173113942146301
2022-09-16,0.5173113942146301
2022-09-19,0.5173113942146301
2022-09-20,0.5084681510925293
2022-09-21,0.504046618938446
2022-09-23,0.504046618938446
2022-09-26,0.5217321515083313
2022-09-27,0.49520343542099
2022-09-28,0.504046618938446
2022-09-29,0.504046618938446
2022-09-30,0.4863610863685608
2022-10-03,0.4863610863685608
2022-10-04,0.4863610863685608
2022-10-05,0.4863610863685608
2022-10-06,0.4863610863685608
2022-10-07,0.48193952441215515
2022-10-10,0.4686746597290039
2022-10-11,0.4686746597290039
2022-10-12,0.4730963110923767
2022-10-13,0.4598323702812195
2022-10-14,0.4598323702812195
2022-10-17,0.4686746597290039
2022-10-18,0.4686746597290039
2022-10-19,0.4907817542552948
2022-10-20,0.4907817542552948
2022-10-21,0.4907817542552948
2022-10-24,0.5128898024559021
2022-10-25,0.4686746597290039
2022-10-26,0.4598323702812195
2022-10-27,0.4598323702812195
2022-10-28,0.4237671196460724
2022-10-31,0.4192589521408081
2022-11-01,0.4237671196460724
2022-11-02,0.41475072503089905
2022-11-03,0.41024261713027954
2022-11-04,0.40573444962501526
2022-11-07,0.40573444962501526
2022-11-08,0.3967181444168091
2022-11-09,0.3922099769115448
2022-11-10,0.3922099769115448
2022-11-11,0.3922099769115448
2022-11-14,0.3877018094062805
2022-11-15,0.38319361209869385
2022-11-16,0.3922099769115448
2022-11-17,0.3922099769115448
2022-11-18,0.401226282119751
2022-11-21,0.3967181444168091
2022-11-22,0.38319361209869385
2022-11-23,0.41024261713027954
2022-11-24,0.40573444962501526
2022-11-25,0.41475072503089905
2022-11-28,0.41475072503089905
2022-11-29,0.41475072503089905
2022-11-30,0.41475072503089905
2022-12-01,0.3922099769115448
2022-12-02,0.3967181444168091
2022-12-05,0.37868547439575195
2022-12-06,0.37417733669281006
2022-12-07,0.3606528639793396
2022-12-08,0.35163652896881104
2022-12-09,0.3606528639793396
2022-12-12,0.34262022376060486
2022-12-13,0.3922099769115448
2022-12-14,0.4237671196460724
2022-12-15,0.43729159235954285
2022-12-16,0.4327833950519562
2022-12-19,0.44630786776542664
2022-12-20,0.4192589521408081
2022-12-21,0.4237671196460724
2022-12-22,0.4237671196460724
2022-12-23,0.4237671196460724
2022-12-28,0.4282751977443695
2022-12-29,0.4237671196460724
2022-12-30,0.4282751977443695
2023-01-03,0.4282751977443695
2023-01-04,0.4282751977443695
2023-01-05,0.4237671196460724
2023-01-06,0.4237671196460724
2023-01-09,0.4282751977443695
2023-01-10,0.4282751977443695
2023-01-11,0.4237671196460724
2023-01-12,0.41475072503089905
2023-01-13,0.4192589521408081
2023-01-16,0.41475072503089905
2023-01-17,0.4192589521408081
2023-01-18,0.40573444962501526
2023-01-19,0.4192589521408081
2023-01-20,0.41475072503089905
2023-01-23,0.40573444962501526
2023-01-24,0.3967181444168091
2023-01-25,0.3967181444168091
2023-01-27,0.3967181444168091
2023-01-30,0.3922099769115448
2023-01-31,0.3967181444168091
2023-02-01,0.3922099769115448
2023-02-02,0.3967181444168091
2023-02-03,0.401226282119751
2023-02-06,0.401226282119751
2023-02-07,0.401226282119751
2023-02-08,0.40573444962501526
2023-02-09,0.40573444962501526
2023-02-10,0.40573444962501526
2023-02-13,0.3967181444168091
2023-02-14,0.3967181444168091
2023-02-15,0.40573444962501526
2023-02-16,0.3922099769115448
2023-02-17,0.40573444962501526
2023-02-20,0.40573444962501526
2023-02-21,0.401226282119751
2023-02-22,0.40573444962501526
2023-02-23,0.40573444962501526
2023-02-24,0.401226282119751
2023-02-27,0.40573444962501526
2023-02-28,0.41024261713027954
2023-03-01,0.401226282119751
2023-03-02,0.41024261713027954
2023-03-03,0.41024261713027954
2023-03-06,0.41475072503089905
2023-03-07,0.40573444962501526
2023-03-08,0.40573444962501526
2023-03-09,0.41024261713027954
2023-03-10,0.41475072503089905
2023-03-13,0.4192589521408081
2023-03-14,0.41475072503089905
2023-03-15,0.41024261713027954
2023-03-16,0.41623738408088684
2023-03-17,0.41623738408088684
2023-03-20,0.411663293838501
2023-03-21,0.411663293838501
2023-03-22,0.41623738408088684
2023-03-23,0.425385445356369
2023-03-24,0.42081132531166077
2023-03-27,0.42081132531166077
2023-03-28,0.41623738408088684
2023-03-29,0.4025152325630188
2023-03-30,0.4025152325630188
2023-03-31,0.4070892333984375
2023-04-03,0.4025152325630188
2023-04-04,0.4025152325630188
2023-04-05,0.3979412019252777
2023-04-06,0.40022826194763184
2023-04-11,0.3979412019252777
2023-04-12,0.4025152325630188
2023-04-13,0.4025152325630188
2023-04-14,0.4025152325630188
2023-04-17,0.4025152325630188
2023-04-18,0.41623738408088684
2023-04-19,0.42081132531166077
2023-04-20,0.42081132531166077
2023-04-21,0.42081132531166077
2023-04-24,0.41623738408088684
2023-04-26,0.41623738408088684
2023-04-27,0.42081132531166077
2023-04-28,0.42081132531166077
2023-05-01,0.41623738408088684
2023-05-02,0.41623738408088684
2023-05-03,0.42081132531166077
2023-05-04,0.42081132531166077
2023-05-05,0.42081132531166077
2023-05-08,0.41623738408088684
2023-05-09,0.41623738408088684
2023-05-10,0.41623738408088684
2023-05-11,0.42081132531166077
2023-05-12,0.42081132531166077
2023-05-15,0.42081132531166077
2023-05-16,0.425385445356369
2023-05-17,0.42081132531166077
2023-05-18,0.42081132531166077
2023-05-19,0.4299594461917877
2023-05-22,0.4299594461917877
2023-05-23,0.4299594461917877
2023-05-24,0.4345334470272064
2023-05-25,0.4345334470272064
2023-05-26,0.4345334470272064
2023-05-29,0.4299594461917877
2023-05-30,0.4299594461917877
2023-05-31,0.4299594461917877
2023-06-01,0.4299594461917877
2023-06-02,0.425385445356369
2023-06-05,0.4299594461917877
2023-06-06,0.4299594461917877
2023-06-07,0.42081132531166077
2023-06-08,0.42081132531166077
2023-06-09,0.42081132531166077
2023-06-13,0.4299594461917877
2023-06-14,0.42081132531166077
2023-06-15,0.42081132531166077
2023-06-16,0.4299594461917877
2023-06-19,0.4299594461917877
2023-06-20,0.42081132531166077
2023-06-21,0.41623738408088684
2023-06-22,0.42081132531166077
2023-06-23,0.42081132531166077
2023-06-26,0.411663293838501
2023-06-27,0.4299594461917877
2023-06-28,0.411663293838501
2023-06-29,0.42081132531166077
2023-06-30,0.425385445356369
2023-07-03,0.42081132531166077
2023-07-04,0.42081132531166077
2023-07-05,0.41623738408088684
2023-07-06,0.41623738408088684
2023-07-07,0.425385445356369
2023-07-10,0.425385445356369
2023-07-11,0.42081132531166077
2023-07-12,0.42081132531166077
2023-07-13,0.42081132531166077
2023-07-14,0.41623738408088684
2023-07-17,0.411663293838501
2023-07-18,0.41623738408088684
2023-07-19,0.4025152325630188
2023-07-20,0.411663293838501
2023-07-21,0.411663293838501
2023-07-24,0.4025152325630188
2023-07-25,0.411663293838501
2023-07-26,0.411663293838501
2023-07-27,0.411663293838501
2023-07-28,0.411663293838501
2023-07-31,0.411663293838501
2023-08-01,0.4025152325630188
2023-08-02,0.4025152325630188
2023-08-03,0.4025152325630188
2023-08-04,0.4025152325630188
2023-08-07,0.4025152325630188
2023-08-08,0.411663293838501
2023-08-09,0.411663293838501
2023-08-10,0.411663293838501
2023-08-11,0.411663293838501
2023-08-14,0.411663293838501
2023-08-15,0.411663293838501
2023-08-16,0.411663293838501
2023-08-17,0.411663293838501
2023-08-18,0.411663293838501
2023-08-21,0.411663293838501
2023-08-22,0.411663293838501
2023-08-23,0.411663293838501
2023-08-24,0.411663293838501
2023-08-25,0.411663293838501
2023-08-28,0.4070892333984375
2023-08-29,0.4070892333984375
2023-08-30,0.4070892333984375
2023-08-31,0.41623738408088684
2023-09-01,0.41623738408088684
2023-09-04,0.411663293838501
2023-09-05,0.411663293838501
2023-09-06,0.4025152325630188
2023-09-07,0.4025152325630188
2023-09-08,0.411663293838501
2023-09-11,0.411663293838501
2023-09-12,0.411663293838501
2023-09-13,0.411663293838501
2023-09-14,0.4070892333984375
2023-09-15,0.42081132531166077
2023-09-18,0.411663293838501
2023-09-19,0.41623738408088684
2023-09-20,0.41623738408088684
2023-09-21,0.4223196804523468
2023-09-22,0.41303789615631104
2023-09-25,0.41303789615631104
2023-09-26,0.4176787734031677
2023-09-27,0.4176787734031677
2023-09-28,0.4176787734031677
2023-09-29,0.4176787734031677
2023-10-02,0.4176787734031677
2023-10-03,0.4176787734031677
2023-10-04,0.4176787734031677
2023-10-05,0.4176787734031677
2023-10-06,0.4176787734031677
2023-10-09,0.4176787734031677
2023-10-10,0.4176787734031677
2023-10-11,0.4176787734031677
2023-10-12,0.41303789615631104
2023-10-13,0.41303789615631104
2023-10-16,0.4176787734031677
2023-10-17,0.4176787734031677
2023-10-18,0.4176787734031677
2023-10-19,0.4176787734031677
2023-10-20,0.4176787734031677
2023-10-23,0.4176787734031677
2023-10-24,0.4176787734031677
2023-10-25,0.40839701890945435
2023-10-26,0.4176787734031677
2023-10-27,0.40839701890945435
2023-10-30,0.40839701890945435
2023-10-31,0.41303789615631104
2023-11-01,0.40375617146492004
2023-11-02,0.4176787734031677
2023-11-03,0.41303789615631104
2023-11-06,0.4176787734031677
2023-11-07,0.4176787734031677
2023-11-08,0.41303789615631104
2023-11-09,0.4176787734031677
2023-11-10,0.4176787734031677
2023-11-13,0.4176787734031677
2023-11-14,0.41303789615631104
2023-11-15,0.40375617146492004
2023-11-16,0.40839701890945435
2023-11-17,0.39447441697120667
2023-11-20,0.39447441697120667
2023-11-21,0.3805517852306366
2023-11-22,0.39911529421806335
2023-11-23,0.39911529421806335
2023-11-24,0.39911529421806335
2023-11-27,0.39447441697120667
2023-11-28,0.3898335099220276
2023-11-29,0.3805517852306366
2023-11-30,0.39447441697120667
2023-12-01,0.39447441697120667
2023-12-04,0.39447441697120667
2023-12-05,0.3898335099220276
2023-12-06,0.3898335099220276
2023-12-07,0.3898335099220276
2023-12-08,0.3898335099220276
2023-12-11,0.3851926624774933
2023-12-12,0.39447441697120667
2023-12-13,0.3898335099220276
2023-12-14,0.3898335099220276
2023-12-15,0.40839701890945435
2023-12-18,0.4176787734031677
2023-12-19,0.4176787734031677
2023-12-20,0.4176787734031677
2023-12-21,0.4176787734031677
2023-12-22,0.40839701890945435
2023-12-27,0.40839701890945435
2023-12-28,0.4269605576992035
2023-12-29,0.41303789615631104
2024-01-02,0.40839701890945435
2024-01-03,0.40839701890945435
2024-01-04,0.40839701890945435
2024-01-05,0.41303789615631104
2024-01-08,0.40375617146492004
2024-01-09,0.4176787734031677
2024-01-10,0.40375617146492004
2024-01-11,0.41303789615631104
2024-01-12,0.40839701890945435
2024-01-15,0.40375617146492004
2024-01-16,0.4176787734031677
2024-01-17,0.4176787734031677
2024-01-18,0.4176787734031677
2024-01-19,0.4176787734031677
2024-01-22,0.4176787734031677
2024-01-23,0.41303789615631104
2024-01-24,0.4316014349460602
2024-01-25,0.4269605576992035
2024-01-29,0.4269605576992035
2024-01-30,0.4269605576992035
2024-01-31,0.4316014349460602
2024-02-01,0.4316014349460602
2024-02-02,0.4269605576992035
2024-02-05,0.4269605576992035
2024-02-06,0.4269605576992035
2024-02-07,0.4269605576992035
2024-02-08,0.4269605576992035
2024-02-09,0.4269605576992035
2024-02-12,0.4269605576992035
2024-02-13,0.4269605576992035
2024-02-14,0.4269605576992035
2024-02-15,0.4269605576992035
2024-02-16,0.4176787734031677
2024-02-19,0.4176787734031677
2024-02-20,0.4176787734031677
2024-02-21,0.4176787734031677
2024-02-22,0.4176787734031677
2024-02-23,0.4176787734031677
2024-02-26,0.4269605576992035
2024-02-27,0.4269605576992035
2024-02-28,0.4269605576992035
2024-02-29,0.4316014349460602
2024-03-01,0.43624231219291687
2024-03-04,0.45480579137802124
2024-03-05,0.49657368659973145
2024-03-06,0.4919327199459076
2024-03-07,0.5058554410934448
2024-03-08,0.5104962587356567
2024-03-11,0.482651025056839
2024-03-12,0.4780101776123047
2024-03-13,0.4919327199459076
2024-03-14,0.482651025056839
2024-03-15,0.49657368659973145
2024-03-18,0.49657368659973145
2024-03-19,0.482651025056839
2024-03-20,0.4919327199459076
2024-03-21,0.4919327199459076
2024-03-22,0.482651025056839
2024-03-25,0.49657368659973145
2024-03-26,0.4872918426990509
2024-03-27,0.4919327199459076
2024-03-28,0.49657368659973145
2024-04-02,0.49657368659973145
2024-04-03,0.49657368659973145
2024-04-04,0.4983102083206177
2024-04-05,0.5030113458633423
2024-04-08,0.5030113458633423
2024-04-09,0.4983102083206177
2024-04-10,0.5077123641967773
2024-04-11,0.5124133229255676
2024-04-12,0.5124133229255676
2024-04-15,0.5077123641967773
2024-04-16,0.4983102083206177
2024-04-17,0.5030113458633423
2024-04-18,0.5030113458633423
2024-04-19,0.5030113458633423
2024-04-22,0.4983102083206177
2024-04-23,0.5030113458633423
2024-04-24,0.5030113458633423
2024-04-26,0.5030113458633423
2024-04-29,0.5030113458633423
2024-04-30,0.5077123641967773
2024-05-01,0.5077123641967773
2024-05-02,0.5077123641967773
2024-05-03,0.4983102083206177
2024-05-06,0.48890814185142517
2024-05-07,0.4983102083206177
2024-05-08,0.4983102083206177
2024-05-09,0.4983102083206177
2024-05-10,0.49360916018486023
2024-05-13,0.4983102083206177
2024-05-14,0.4983102083206177
2024-05-15,0.4983102083206177
2024-05-16,0.4983102083206177
2024-05-17,0.4983102083206177
2024-05-20,0.4983102083206177
2024-05-21,0.5030113458633423
2024-05-22,0.4983102083206177
2024-05-23,0.4983102083206177
2024-05-24,0.4983102083206177
2024-05-27,0.4983102083206177
2024-05-28,0.5030113458633423
2024-05-29,0.4983102083206177
2024-05-30,0.4983102083206177
2024-05-31,0.4983102083206177
2024-06-03,0.4983102083206177
2024-06-04,0.4983102083206177
2024-06-05,0.49360916018486023
2024-06-06,0.4912586212158203
2024-06-07,0.48890814185142517
2024-06-11,0.48890814185142517
2024-06-12,0.48890814185142517
2024-06-13,0.5030113458633423
2024-06-14,0.49360916018486023
2024-06-17,0.49360916018486023
2024-06-18,0.49360916018486023
2024-06-19,0.4983102083206177
2024-06-20,0.4983102083206177
2024-06-21,0.4842070937156677
2024-06-24,0.4983102083206177
2024-06-25,0.4983102083206177
2024-06-26,0.5030113458633423
2024-06-27,0.4983102083206177
2024-06-28,0.5030113458633423
2024-07-01,0.4983102083206177
2024-07-02,0.5030113458633423
2024-07-03,0.4983102083206177
2024-07-04,0.4983102083206177
2024-07-05,0.49360916018486023
2024-07-08,0.5077123641967773
2024-07-09,0.5077123641967773
2024-07-10,0.5077123641967773
2024-07-11,0.5077123641967773
2024-07-12,0.5030113458633423
2024-07-15,0.5030113458633423
2024-07-16,0.5030113458633423
2024-07-17,0.5030113458633423
2024-07-18,0.5030113458633423
2024-07-19,0.5030113458633423
2024-07-22,0.5030113458633423
2024-07-23,0.5030113458633423
2024-07-24,0.5030113458633423
2024-07-25,0.5030113458633423
2024-07-26,0.5030113458633423
2024-07-29,0.5030113458633423
2024-07-30,0.5030113458633423
2024-07-31,0.5030113458633423
2024-08-01,0.5030113458633423
2024-08-02,0.5030113458633423
2024-08-05,0.48890814185142517
2024-08-06,0.4983102083206177
2024-08-07,0.4983102083206177
2024-08-08,0.4983102083206177
2024-08-09,0.4983102083206177
2024-08-12,0.4983102083206177
2024-08-13,0.4983102083206177
2024-08-14,0.50066077709198
2024-08-15,0.5265164375305176
2024-08-16,0.5641248226165771
2024-08-19,0.5547227263450623
2024-08-20,0.5594237446784973
2024-08-21,0.5594237446784973
2024-08-22,0.568825900554657
2024-08-23,0.5829290151596069
2024-08-26,0.587630033493042
2024-08-27,0.592331051826477
2024-08-28,0.5782279372215271
2024-08-29,0.5782279372215271
2024-08-30,0.6017330884933472
2024-09-02,0.6111351847648621
2024-09-03,0.6017330884933472
2024-09-04,0.6111351847648621
2024-09-05,0.592331051826477
2024-09-06,0.587630033493042
2024-09-09,0.6111351847648621
2024-09-10,0.6111351847648621
2024-09-11,0.6111351847648621
2024-09-12,0.6252383589744568
2024-09-13,0.6017330884933472
2024-09-16,0.6111351847648621
2024-09-17,0.592331051826477
2024-09-18,0.6017330884933472
2024-09-19,0.6017330884933472
2024-09-20,0.6082403659820557
2024-09-23,0.6177440881729126
2024-09-24,0.6177440881729126
2024-09-25,0.6177440881729126
2024-09-26,0.6177440881729126
2024-09-27,0.6177440881729126
2024-09-30,0.6272478699684143
2024-10-01,0.6224959492683411
2024-10-02,0.6272478699684143
2024-10-03,0.6177440881729126
2024-10-04,0.6177440881729126
2024-10-07,0.6177440881729126
2024-10-08,0.6224959492683411
2024-10-09,0.6201200485229492
2024-10-10,0.6177440881729126
2024-10-11,0.6272478699684143
2024-10-14,0.6177440881729126
2024-10-15,0.6177440881729126
2024-10-16,0.6177440881729126
2024-10-17,0.6201200485229492
2024-10-18,0.6272478699684143
2024-10-21,0.6507031321525574
2024-10-22,0.6414065957069397
2024-10-23,0.627463698387146
2024-10-24,0.627463698387146
2024-10-25,0.627463698387146
2024-10-28,0.6177440881729126
2024-10-29,0.6177440881729126
2024-10-30,0.6034885048866272
2024-10-31,0.6034885048866272
2024-11-01,0.5797290802001953
2024-11-04,0.5797290802001953
2024-11-05,0.5702253580093384
2024-11-06,0.5702253580093384
2024-11-07,0.5702253580093384
2024-11-08,0.5797290802001953
2024-11-11,0.5844809412956238
2024-11-12,0.5844809412956238
2024-11-13,0.5702253580093384
2024-11-14,0.5797290802001953
2024-11-15,0.5797290802001953
2024-11-18,0.5607215166091919
2024-11-19,0.5607215166091919
2024-11-20,0.5607215166091919
2024-11-21,0.5607215166091919
2024-11-22,0.5607215166091919
2024-11-25,0.5607215166091919
2024-11-26,0.5607215166091919
2024-11-27,0.5607215166091919
2024-11-28,0.5559696555137634
2024-11-29,0.5607215166091919
2024-12-02,0.5607215166091919
2024-12-03,0.5607215166091919
2024-12-04,0.5607215166091919
2024-12-05,0.5607215166091919
2024-12-06,0.5654734373092651
2024-12-09,0.5559696555137634
2024-12-10,0.5559696555137634
2024-12-11,0.5559696555137634
2024-12-12,0.5559696555137634
2024-12-13,0.5607215166091919
2024-12-16,0.5607215166091919
2024-12-17,0.5607215166091919
2024-12-18,0.5607215166091919
2024-12-19,0.5844809412956238
2024-12-20,0.5844809412956238
2024-12-23,0.5797290802001953
2024-12-24,0.5844809412956238
2024-12-27,0.5844809412956238
2024-12-30,0.5844809412956238
2024-12-31,0.5844809412956238
2025-01-02,0.5892328023910522
2025-01-03,0.5702253580093384
2025-01-06,0.5607215166091919
2025-01-07,0.551217794418335
2025-01-08,0.5749772191047668
2025-01-09,0.5702253580093384
2025-01-10,0.5559696555137634
2025-01-13,0.551217794418335
2025-01-14,0.5607215166091919
2025-01-15,0.5559696555137634
2025-01-16,0.5559696555137634
2025-01-17,0.5702253580093384
2025-01-20,0.5702253580093384
2025-01-21,0.5607215166091919
2025-01-22,0.5702253580093384
2025-01-23,0.5702253580093384
2025-01-24,0.5702253580093384
2025-01-28,0.5797290802001953
2025-01-29,0.5797290802001953
2025-01-30,0.5844809412956238
2025-01-31,0.5844809412956238
2025-02-03,0.5844809412956238
2025-02-04,0.5749772191047668
2025-02-05,0.5749772191047668
2025-02-06,0.5797290802001953
2025-02-07,0.5797290802001953
2025-02-10,0.5797290802001953
2025-02-11,0.5702253580093384
2025-02-12,0.5797290802001953
2025-02-13,0.5797290802001953
2025-02-14,0.5797290802001953
2025-02-17,0.5654734373092651
2025-02-18,0.5654734373092651
2025-02-19,0.5702253580093384
2025-02-20,0.5702253580093384
2025-02-21,0.5607215166091919
2025-02-24,0.5702253580093384
2025-02-25,0.551217794418335
2025-02-26,0.551217794418335
2025-02-27,0.551217794418335
2025-02-28,0.551217794418335
2025-03-03,0.558243989944458
2025-03-04,0.5293692946434021
2025-03-05,0.5293692946434021
2025-03-06,0.5293692946434021
2025-03-07,0.5293692946434021
2025-03-10,0.5389941930770874
2025-03-11,0.5293692946434021
2025-03-12,0.5293692946434021
2025-03-13,0.5197443962097168
2025-03-14,0.5053070187568665
2025-03-17,0.5004945993423462
2025-03-18,0.5004945993423462
2025-03-19,0.5004945993423462
2025-03-20,0.5004945993423462
2025-03-21,0.5101194977760315
2025-03-24,0.5053070187568665
2025-03-25,0.5004945993423462
2025-03-26,0.5004945993423462
2025-03-27,0.5004945993423462
2025-03-28,0.5004945993423462
2025-03-31,0.5101194977760315
2025-04-01,0.5004945993423462
2025-04-02,0.4908697009086609
2025-04-03,0.46680748462677
2025-04-04,0.4571825861930847
2025-04-07,0.43312034010887146
2025-04-08,0.46199503540992737
2025-04-09,0.47161996364593506
2025-04-10,0.5004945993423462
2025-04-11,0.4908697009086609
2025-04-14,0.4908697009086609
2025-04-15,0.5004945993423462
2025-04-16,0.5004945993423462
2025-04-17,0.4908697009086609
2025-04-22,0.481244832277298
2025-04-23,0.481244832277298
2025-04-24,0.481244832277298
2025-04-28,0.481244832277298
2025-04-29,0.481244832277298
2025-04-30,0.481244832277298
2025-05-01,0.46199503540992737
2025-05-02,0.46199503540992737
2025-05-05,0.481244832277298
2025-05-06,0.4764323830604553
2025-05-07,0.47161996364593506
2025-05-08,0.481244832277298
2025-05-09,0.481244832277298
2025-05-12,0.481244832277298
2025-05-13,0.46680748462677
2025-05-14,0.481244832277298
2025-05-15,0.481244832277298
2025-05-16,0.5004945993423462
2025-05-19,0.4908697009086609
2025-05-20,0.481244832277298
2025-05-21,0.5149319767951965
2025-05-22,0.5053070187568665
2025-05-23,0.5053070187568665
2025-05-26,0.5197443962097168
2025-05-27,0.5341817736625671
2025-05-28,0.5293692946434021
2025-05-29,0.5293692946434021
2025-05-30,0.5293692946434021
2025-06-02,0.5389941930770874
2025-06-03,0.5630564093589783
2025-06-04,0.5630564093589783
2025-06-05,0.558243989944458
2025-06-06,0.558243989944458
2025-06-10,0.558243989944458
2025-06-11,0.5486190915107727
2025-06-12,0.5486190915107727
2025-06-13,0.5486190915107727
2025-06-16,0.5293692946434021
2025-06-17,0.5293692946434021
2025-06-18,0.5486190915107727
2025-06-19,0.558243989944458
2025-06-20,0.558243989944458
2025-06-23,0.558243989944458
2025-06-24,0.5630564093589783
2025-06-25,0.5630564093589783
2025-06-26,0.5726813673973083
2025-06-27,0.5726813673973083
2025-06-30,0.5726813673973083
2025-07-01,0.5774938464164734
2025-07-02,0.5678688287734985
2025-07-03,0.5486190915107727
2025-07-04,0.5438066720962524
2025-07-07,0.5389941930770874
2025-07-08,0.5389941930770874
2025-07-09,0.5245568752288818
2025-07-10,0.5341817736625671
2025-07-11,0.5341817736625671
2025-07-14,0.5341817736625671
2025-07-15,0.5245568752288818
2025-07-16,0.5293692946434021
2025-07-17,0.5293692946434021
2025-07-18,0.5293692946434021
2025-07-21,0.5341817736625671
2025-07-22,0.5341817736625671
2025-07-23,0.5245568752288818
2025-07-24,0.5389941930770874
2025-07-25,0.5341817736625671
2025-07-28,0.5389941930770874
2025-07-29,0.5341817736625671
2025-07-30,0.5293692946434021
2025-07-31,0.5389941930770874
2025-08-01,0.5365879535675049
2025-08-04,0.5389941930770874
2025-08-05,0.5389941930770874
2025-08-06,0.5389941930770874
2025-08-07,0.5389941930770874
2025-08-08,0.5389941930770874
2025-08-11,0.5389941930770874
2025-08-12,0.5389941930770874
2025-08-13,0.5389941930770874
2025-08-14,0.5389941930770874
2025-08-15,0.5486190915107727
2025-08-18,0.5486190915107727
2025-08-19,0.5438066720962524
2025-08-20,0.5365879535675049
2025-08-21,0.5389941930770874
2025-08-22,0.5389941930770874
2025-08-25,0.5197443962097168
2025-08-26,0.5073532462120056
2025-08-27,0.5122316479682922
2025-08-28,0.5024749040603638
2025-08-29,0.4878396987915039
2025-09-01,0.5073532462120056
2025-09-02,0.5024749040603638
2025-09-03,0.4878396987915039
2025-09-04,0.5024749040603638
2025-09-05,0.4927181005477905
2025-09-08,0.4878396987915039
2025-09-09,0.4829612970352173
2025-09-10,0.4927181005477905
2025-09-11,0.49759650230407715
2025-09-12,0.5122316479682922
2025-09-15,0.5073532462120056
2025-09-16,0.5073532462120056
2025-09-17,0.5073532462120056
2025-09-18,0.5122316479682922
2025-09-19,0.5171100497245789
2025-09-22,0.5268669128417969
2025-09-23,0.5219885110855103
2025-09-24,0.5122316479682922
2025-09-25,0.5171100497245789
2025-09-26,0.5171100497245789
2025-09-29,0.5268669128417969
2025-09-30,0.5122316479682922
2025-10-01,0.5024749040603638
2025-10-02,0.5049140453338623
2025-10-03,0.5073532462120056
2025-10-06,0.5268669128417969
2025-10-07,0.5268669128417969
2025-10-08,0.5171100497245789
2025-10-09,0.5317452549934387
2025-10-10,0.5219885110855103
2025-10-13,0.5171100497245789
2025-10-14,0.5122316479682922
2025-10-15,0.5268669128417969
2025-10-16,0.5171100497245789
2025-10-17,0.5122316479682922
2025-10-20,0.5073532462120056
2025-10-21,0.5122316479682922
2025-10-22,0.5024749040603638
2025-10-23,0.5024749040603638
2025-10-24,0.5024749040603638
2025-10-27,0.5171100497245789
2025-10-28,0.5219885110855103
2025-10-29,0.5171100497245789
2025-10-30,0.5219885110855103
2025-10-31,0.5171100497245789
2025-11-03,0.5171100497245789
2025-11-04,0.5268669128417969
2025-11-05,0.5073532462120056
2025-11-06,0.5073532462120056
2025-11-07,0.49759650230407715
2025-11-10,0.4927181005477905
2025-11-11,0.4878396987915039
2025-11-12,0.4878396987915039
2025-11-13,0.4927181005477905
2025-11-14,0.4829612970352173
2025-11-17,0.4829612970352173
2025-11-18,0.4634476900100708
2025-11-19,0.47808292508125305
2025-11-20,0.47808292508125305
2025-11-21,0.4829612970352173
2025-11-24,0.4878396987915039
2025-11-25,0.4878396987915039
2025-11-26,0.47808292508125305
2025-11-27,0.4878396987915039
2025-11-28,0.4878396987915039
2025-12-01,0.4829612970352173
2025-12-02,0.47808292508125305
2025-12-03,0.4878396987915039
2025-12-04,0.4829612970352173
2025-12-05,0.47808292508125305
2025-12-08,0.47808292508125305
2025-12-09,0.47320452332496643
2025-12-10,0.47320452332496643
2025-12-11,0.47320452332496643
2025-12-12,0.47808292508125305
2025-12-15,0.45856934785842896
2025-12-16,0.4634476900100708
2025-12-17,0.4683260917663574
2025-12-18,0.4634476900100708
2025-12-19,0.4683260917663574
2025-12-22,0.4634476900100708
2025-12-23,0.45856934785842896
2025-12-24,0.4634476900100708
2025-12-29,0.4634476900100708
2025-12-30,0.4634476900100708
2025-12-31,0.47320452332496643
2026-01-02,0.4683260917663574
2026-01-05,0.4683260917663574
2026-01-06,0.4683260917663574
2026-01-07,0.4683260917663574
2026-01-08,0.4634476900100708
2026-01-09,0.45856934785842896
2026-01-12,0.4634476900100708
2026-01-13,0.4634476900100708
2026-01-14,0.47320452332496643
2026-01-15,0.47808292508125305
2026-01-16,0.485400527715683
2026-01-19,0.47808292508125305
2026-01-20,0.4634476900100708
2026-01-21,0.4683260917663574
2026-01-22,0.4683260917663574
2026-01-23,0.45856934785842896
2026-01-27,0.45856934785842896
2026-01-28,0.47320452332496643
2026-01-29,0.47320452332496643
2026-01-30,0.47808292508125305
2026-02-02,0.45856934785842896
2026-02-03,0.47320452332496643
2026-02-04,0.47320452332496643
2026-02-05,0.4829612970352173
2026-02-06,0.4634476900100708
2026-02-09,0.4634476900100708
2026-02-10,0.4829612970352173
2026-02-11,0.4683260917663574
2026-02-12,0.4829612970352173
2026-02-13,0.45856934785842896
2026-02-16,0.4683260917663574
2026-02-17,0.4488125443458557
2026-02-18,0.4634476900100708
2026-02-19,0.4683260917663574
2026-02-20,0.47320452332496643
2026-02-23,0.4829612970352173
2026-02-24,0.4829612970352173
2026-02-25,0.5024749040603638
2026-02-26,0.5073532462120056
2026-02-27,0.5145771503448486
2026-03-02,0.5244728326797485
2026-03-03,0.5244728326797485
2026-03-04,0.5195249915122986
2026-03-05,0.5244728326797485
2026-03-06,0.5195249915122986
2026-03-09,0.5195249915122986
2026-03-10,0.5294207334518433
2026-03-11,0.5294207334518433
2026-03-12,0.5244728326797485
2026-03-13,0.5244728326797485
2026-03-16,0.5294207334518433
2026-03-17,0.5294207334518433
2026-03-18,0.5145771503448486
2026-03-19,0.5294207334518433
2026-03-20,0.534368634223938
2026-03-23,0.534368634223938
2026-03-24,0.5195249915122986
2026-03-25,0.534368634223938
2026-03-26,0.534368634223938
2026-03-27,0.534368634223938
2026-03-30,0.5294207334518433
2026-03-31,0.5294207334518433
2026-04-01,0.5294207334518433
2026-04-02,0.5294207334518433
2026-04-07,0.5244728326797485
2026-04-08,0.534368634223938
2026-04-09,0.534368634223938
2026-04-10,0.534368634223938
2026-04-13,0.5294207334518433
2026-04-14,0.534368634223938
2026-04-15,0.534368634223938
2026-04-16,0.5442643165588379
2026-04-17,0.5640557408332825
2026-04-20,0.5541599988937378
2026-04-21,0.5640557408332825
2026-04-22,0.5739514231681824
2026-04-23,0.5640557408332825
2026-04-24,0.5492121577262878
2026-04-27,0.5739514231681824
2026-04-28,0.5640557408332825
2026-04-29,0.5739514231681824
2026-04-30,0.5739514231681824
2026-05-01,0.5640557408332825
2026-05-04,0.5739514231681824
2026-05-05,0.5739514231681824
2026-05-06,0.5690035820007324
2026-05-07,0.5690035820007324
2026-05-08,0.5788992643356323
2026-05-11,0.5640557408332825
2026-05-12,0.5739514231681824
2026-05-13,0.5788992643356323
2026-05-14,0.5690035820007324
2026-05-15,0.5640557408332825
2026-05-18,0.5739514231681824
2026-05-19,0.5788992643356323
2026-05-20,0.5739514231681824
2026-05-21,0.5788992643356323
2026-05-22,0.5739514231681824
2026-05-25,0.5788992643356323
2026-05-26,0.5739514231681824
2026-05-27,0.5739514231681824
2026-05-28,0.5788992643356323
2026-05-29,0.5788992643356323
2026-06-01,0.5788992643356323
2026-06-02,0.5788992643356323
2026-06-03,0.5788992643356323
2026-06-04,0.5838471055030823
2026-06-05,0.5838471055030823
2026-06-09,0.5937429070472717
2026-06-10,0.5937429070472717
2026-06-11,0.5887950658798218
2026-06-12,0.5887950658798218
2026-06-15,0.6234300136566162
2026-06-16,0.6135343313217163
2026-06-17,0.6234300136566162
2026-06-18,0.6234300136566162
2026-06-19,0.6432214379310608
2026-06-22,0.6679607629776001
2026-06-23,0.67290860414505
2026-06-24,0.6778564453125
2026-06-25,0.6679607629776001
2026-06-26,0.6580650210380554
2026-06-29,0.6630128622055054
2026-06-30,0.6679607629776001
2026-07-01,0.6630128622055054
2026-07-02,0.6580650210380554
2026-07-03,0.6531171798706055
2026-07-06,0.6432214379310608
2026-07-07,0.6333256959915161
2026-07-08,0.6432214379310608
2026-07-09,0.6481692790985107
2026-07-10,0.6382735967636108
2026-07-13,0.6333256959915161
2026-07-14,0.6333256959915161
2026-07-15,0.6382735967636108
2026-07-16,0.6382735967636108
2026-07-17,0.6382735967636108
2026-07-20,0.6481692790985107
2026-07-21,0.6432214379310608
2026-07-22,0.6432214379310608
2026-07-23,0.6432214379310608
2026-07-24,0.6679607629776001
2026-07-27,0.6778564453125
2026-07-28,0.6630128622055054
2026-07-29,0.68280428647995
2026-07-30,0.7025957107543945
2026-07-31,0.7372307181358337
2026-08-03,0.7273350358009338
2026-08-04,0.7075435519218445
2026-08-05,0.7322828769683838
2026-08-06,0.7322828769683838
2026-08-07,0.7322828769683838
2026-08-10,0.7075435519218445
2026-08-11,0.7075435519218445
2026-08-12,0.6976478695869446
2026-08-13,0.7075435519218445
2026-08-14,0.6580650210380554
2026-08-17,0.6778564453125
2026-08-18,0.68280428647995
2026-08-19,0.6927000284194946
2026-08-20,0.6531171798706055
2026-08-21,0.6580650210380554
2026-08-24,0.6927000284194946
2026-08-25,0.6449999809265137
2026-08-26,0.6549999713897705
2026-08-27,0.6499999761581421
2026-08-28,0.6399999856948853
