Date,close
2001-11-21,1.3546041250228882
2001-11-22,1.4714843034744263
2001-11-23,1.488882303237915
2001-11-26,1.5690699815750122
2001-11-27,1.6505966186523438
2001-11-28,1.6071007251739502
2001-11-29,1.5781035423278809
2001-11-30,1.617138385772705
2001-12-03,1.5847958326339722
2001-12-04,1.56918203830719
2001-12-05,1.5758731365203857
2001-12-06,1.555798888206482
2001-12-07,1.527916669845581
2001-12-10,1.488882303237915
2001-12-11,1.5123032331466675
2001-12-12,1.5078420639038086
2001-12-13,1.539069414138794
2001-12-14,1.539069414138794
2001-12-17,1.5256866216659546
2001-12-18,1.5323779582977295
2001-12-19,1.5446460247039795
2001-12-20,1.5334932804107666
2001-12-21,1.539069414138794
2001-12-24,1.5446460247039795
2001-12-25,1.5446460247039795
2001-12-26,1.5446460247039795
2001-12-27,1.539069414138794
2001-12-28,1.5446460247039795
2001-12-31,1.5334932804107666
2002-01-01,1.5334932804107666
2002-01-02,1.5334932804107666
2002-01-03,1.537954330444336
2002-01-04,1.555798888206482
2002-01-07,1.5435305833816528
2002-01-08,1.4833061695098877
2002-01-09,1.47773015499115
2002-01-10,1.47773015499115
2002-01-11,1.4911131858825684
2002-01-14,1.4944590330123901
2002-01-15,1.51118803024292
2002-01-16,1.516763687133789
2002-01-17,1.5223407745361328
2002-01-18,1.5413001775741577
2002-01-21,1.5502220392227173
2002-01-22,1.5413001775741577
2002-01-23,1.4721534252166748
2002-01-24,1.4554249048233032
2002-01-25,1.4074676036834717
2002-01-28,1.4074676036834717
2002-01-29,1.36062753200531
2002-01-30,1.3539350032806396
2002-01-31,1.3662033081054688
2002-02-01,1.3572808504104614
2002-02-04,1.331629991531372
2002-02-05,1.271405577659607
2002-02-06,1.254676342010498
2002-02-07,1.2100653648376465
2002-02-08,1.2702903747558594
2002-02-11,1.2937109470367432
2002-02-12,1.2825584411621094
2002-02-13,1.28367280960083
2002-02-14,1.037198781967163
2002-02-15,1.0026254653930664
2002-02-18,0.9691675901412964
2002-02-19,0.9758594632148743
2002-02-20,1.009317398071289
2002-02-21,0.9870120286941528
2002-02-22,0.9814356565475464
2002-02-25,1.0104326009750366
2002-02-26,1.0059717893600464
2002-02-27,1.0003951787948608
2002-02-28,0.9758594632148743
2002-03-01,0.9658219218254089
2002-03-04,0.9591302275657654
2002-03-05,0.9435166120529175
2002-03-06,0.9134042859077454
2002-03-07,0.925672709941864
2002-03-08,0.9134042859077454
2002-03-11,0.9078279137611389
2002-03-12,0.8866377472877502
2002-03-13,0.897121250629425
2002-03-14,0.9089430570602417
2002-03-15,0.9212111234664917
2002-03-18,0.9424013495445251
2002-03-19,0.9468625783920288
2002-03-20,0.9368249773979187
2002-03-21,0.9424013495445251
2002-03-22,0.9390553832054138
2002-03-25,0.9401706457138062
2002-03-26,0.9357097148895264
2002-03-27,0.9312484264373779
2002-03-28,0.9033669829368591
2002-03-29,0.9033669829368591
2002-04-01,0.9033669829368591
2002-04-02,0.9145196080207825
2002-04-03,0.9033669829368591
2002-04-04,0.9089430570602417
2002-04-05,0.9200959801673889
2002-04-08,0.9067127108573914
2002-04-09,0.8866377472877502
2002-04-10,0.85764080286026
2002-04-11,0.8107998967170715
2002-04-12,0.8174912333488464
2002-04-15,0.8119152188301086
2002-04-16,0.8085691928863525
2002-04-17,0.8208373188972473
2002-04-18,0.8308743238449097
2002-04-19,0.8252983093261719
2002-04-22,0.8453729152679443
2002-04-23,0.8810616731643677
2002-04-24,0.8810616731643677
2002-04-25,0.8810616731643677
2002-04-26,0.8710243105888367
2002-04-29,0.8643322587013245
2002-04-30,0.8476036190986633
2002-05-01,0.8810616731643677
2002-05-02,0.8699088096618652
2002-05-03,0.8386814594268799
2002-05-06,0.8431424498558044
2002-05-07,0.8386814594268799
2002-05-08,0.8487185835838318
2002-05-09,0.8397966623306274
2002-05-10,0.8431424498558044
2002-05-13,0.853179931640625
2002-05-14,0.8431424498558044
2002-05-15,0.8420272469520569
2002-05-16,0.8252983093261719
2002-05-17,0.8331052660942078
2002-05-20,0.8308743238449097
2002-05-21,0.8163760900497437
2002-05-22,0.8163760900497437
2002-05-23,0.8230677247047424
2002-05-24,0.8252983093261719
2002-05-27,0.814145565032959
2002-05-28,0.8252983093261719
2002-05-29,0.8197219967842102
2002-05-30,0.8252983093261719
2002-05-31,0.853179931640625
2002-06-03,0.8643322587013245
2002-06-04,0.8643322587013245
2002-06-05,0.8476036190986633
2002-06-06,0.8587563037872314
2002-06-07,0.8645200133323669
2002-06-10,0.8645200133323669
2002-06-11,0.8506873846054077
2002-06-12,0.8357024192810059
2002-06-13,0.824175238609314
2002-06-14,0.8518401980400085
2002-06-17,0.8529929518699646
2002-06-18,0.8760467767715454
2002-06-19,0.8760467767715454
2002-06-20,0.8645200133323669
2002-06-21,0.8483822345733643
2002-06-24,0.8403132557868958
2002-06-25,0.824175238609314
2002-06-26,0.8011216521263123
2002-06-27,0.8230227828025818
2002-06-28,0.8299390077590942
2002-07-01,0.8357024192810059
2002-07-02,0.8068851828575134
2002-07-03,0.8057320713996887
2002-07-04,0.7953580617904663
2002-07-05,0.7953580617904663
2002-07-08,0.7895945906639099
2002-07-09,0.8184118866920471
2002-07-10,0.8184118866920471
2002-07-11,0.7942054271697998
2002-07-12,0.8068851828575134
2002-07-15,0.82648104429245
2002-07-16,0.8184118866920471
2002-07-17,0.8184118866920471
2002-07-18,0.8414657711982727
2002-07-19,0.8357024192810059
2002-07-22,0.824175238609314
2002-07-23,0.8184118866920471
2002-07-24,0.8103432655334473
2002-07-25,0.8068851828575134
2002-07-26,0.8011216521263123
2002-07-29,0.8011216521263123
2002-07-30,0.824175238609314
2002-07-31,0.8184118866920471
2002-08-01,0.8299390077590942
2002-08-02,0.8299390077590942
2002-08-05,0.8645200133323669
2002-08-06,0.8645200133323669
2002-08-07,0.8760467767715454
2002-08-08,0.9106276035308838
2002-08-09,0.9325286149978638
2002-08-12,0.9106276035308838
2002-08-13,0.9163907170295715
2002-08-14,0.8991004824638367
2002-08-15,0.9624984264373779
2002-08-16,0.9394446015357971
2002-08-19,0.9279178977012634
2002-08-20,0.9163907170295715
2002-08-21,0.9221547842025757
2002-08-22,0.9394446015357971
2002-08-23,0.9452083110809326
2002-08-26,0.9624984264373779
2002-08-27,0.9233068227767944
2002-08-28,0.9336812496185303
2002-08-29,0.9325286149978638
2002-08-30,0.9452083110809326
2002-09-02,0.9452083110809326
2002-09-03,0.9567356109619141
2002-09-04,0.9336812496185303
2002-09-05,0.9394446015357971
2002-09-06,0.9394446015357971
2002-09-09,0.9405975937843323
2002-09-10,0.950971782207489
2002-09-11,0.950971782207489
2002-09-12,0.9740256667137146
2002-09-13,0.9682620167732239
2002-09-16,0.9740256667137146
2002-09-17,0.9982321262359619
2002-09-18,0.9797890186309814
2002-09-19,0.9832470417022705
2002-09-20,0.9832470417022705
2002-09-23,0.9809415936470032
2002-09-24,0.9797890186309814
2002-09-25,0.9624984264373779
2002-09-26,0.9624984264373779
2002-09-27,0.9590404629707336
2002-09-30,0.950971782207489
2002-10-01,0.950971782207489
2002-10-02,0.9820945262908936
2002-10-03,0.9820945262908936
2002-10-04,0.991316020488739
2002-10-07,0.991316020488739
2002-10-08,0.9797890186309814
2002-10-09,0.9751783013343811
2002-10-10,0.9797890186309814
2002-10-11,0.9936211705207825
2002-10-14,0.991316020488739
2002-10-15,0.991316020488739
2002-10-16,1.0028430223464966
2002-10-17,1.0109117031097412
2002-10-18,1.0189805030822754
2002-10-21,1.0374233722686768
2002-10-22,1.0731573104858398
2002-10-23,1.0892950296401978
2002-10-24,1.0777679681777954
2002-10-25,1.0835312604904175
2002-10-28,1.0835312604904175
2002-10-29,1.0950580835342407
2002-10-30,1.118112325668335
2002-10-31,1.1319446563720703
2002-11-01,1.118112325668335
2002-11-04,1.1515402793884277
2002-11-05,1.1296390295028687
2002-11-06,1.1296390295028687
2002-11-07,1.1296390295028687
2002-11-08,1.1008219718933105
2002-11-11,1.0892950296401978
2002-11-12,1.0720041990280151
2002-11-13,1.106585144996643
2002-11-14,1.0950580835342407
2002-11-15,1.1008219718933105
2002-11-18,1.1102709770202637
2002-11-19,1.1079087257385254
2002-11-20,1.1043652296066284
2002-11-21,1.1043652296066284
2002-11-22,1.0984594821929932
2002-11-25,1.0984594821929932
2002-11-26,1.0984594821929932
2002-11-27,1.0748364925384521
2002-11-28,1.080742597579956
2002-11-29,1.0760177373886108
2002-12-02,1.080742597579956
2002-12-03,1.0795612335205078
2002-12-04,1.063024878501892
2002-12-05,1.0689313411712646
2002-12-06,1.080742597579956
2002-12-09,1.0571194887161255
2002-12-10,1.0571194887161255
2002-12-11,1.0571194887161255
2002-12-12,1.0571194887161255
2002-12-13,1.055938720703125
2002-12-16,1.0453078746795654
2002-12-17,1.0394023656845093
2002-12-18,1.0098739862442017
2002-12-19,0.9862512946128845
2002-12-20,0.9803457856178284
2002-12-23,0.9803457856178284
2002-12-24,0.9803457856178284
2002-12-25,0.9803457856178284
2002-12-26,0.9803457856178284
2002-12-27,0.9803457856178284
2002-12-30,1.0098739862442017
2002-12-31,1.0098739862442017
2003-01-01,1.0098739862442017
2003-01-02,0.9862512946128845
2003-01-03,0.9862512946128845
2003-01-06,1.0193232297897339
2003-01-07,1.0193232297897339
2003-01-08,1.008692979812622
2003-01-09,1.008692979812622
2003-01-10,1.0205044746398926
2003-01-13,1.0051493644714355
2003-01-14,1.0051493644714355
2003-01-15,1.063024878501892
2003-01-16,1.0866481065750122
2003-01-17,1.0925536155700684
2003-01-20,1.0925536155700684
2003-01-21,1.0937353372573853
2003-01-22,1.0925536155700684
2003-01-23,1.063024878501892
2003-01-24,1.0949161052703857
2003-01-27,1.0949161052703857
2003-01-28,1.1008219718933105
2003-01-29,1.0984594821929932
2003-01-30,1.0984594821929932
2003-01-31,1.0949161052703857
2003-02-03,1.1102709770202637
2003-02-04,1.1220821142196655
2003-02-05,1.1220821142196655
2003-02-06,1.1338937282562256
2003-02-07,1.1102709770202637
2003-02-10,1.1397992372512817
2003-02-11,1.1338937282562256
2003-02-12,1.1102709770202637
2003-02-13,1.1102709770202637
2003-02-14,1.0925536155700684
2003-02-17,1.08901047706604
2003-02-18,1.0689313411712646
2003-02-19,1.063024878501892
2003-02-20,1.0712932348251343
2003-02-21,1.0712932348251343
2003-02-24,1.063024878501892
2003-02-25,1.0334968566894531
2003-02-26,1.0370404720306396
2003-02-27,1.0571194887161255
2003-02-28,1.063024878501892
2003-03-03,1.0512138605117798
2003-03-04,1.0334968566894531
2003-03-05,1.0275914669036865
2003-03-06,1.0275914669036865
2003-03-07,1.0252288579940796
2003-03-10,1.0216853618621826
2003-03-11,1.000424861907959
2003-03-12,1.0157796144485474
2003-03-13,0.9980625510215759
2003-03-14,1.0039682388305664
2003-03-17,0.9921571612358093
2003-03-18,1.0039682388305664
2003-03-19,1.0157796144485474
2003-03-20,1.0157796144485474
2003-03-21,1.0157796144485474
2003-03-24,1.0275914669036865
2003-03-25,1.0275914669036865
2003-03-26,1.0039682388305664
2003-03-27,0.9921571612358093
2003-03-28,1.01341712474823
2003-03-31,1.0039682388305664
2003-04-01,1.0039682388305664
2003-04-02,0.9921571612358093
2003-04-03,1.0287721157073975
2003-04-04,1.0464891195297241
2003-04-07,1.0464891195297241
2003-04-08,1.0653879642486572
2003-04-09,1.063024878501892
2003-04-10,1.080742597579956
2003-04-11,1.0984594821929932
2003-04-14,1.1102709770202637
2003-04-15,1.116176724433899
2003-04-16,1.116176724433899
2003-04-17,1.1279882192611694
2003-04-18,1.1279882192611694
2003-04-21,1.1279882192611694
2003-04-22,1.116176724433899
2003-04-23,1.1362557411193848
2003-04-24,1.116176724433899
2003-04-25,1.116176724433899
2003-04-28,1.1279882192611694
2003-04-29,1.124444842338562
2003-04-30,1.1362557411193848
2003-05-01,1.1397992372512817
2003-05-02,1.1457051038742065
2003-05-05,1.1397992372512817
2003-05-06,1.1457051038742065
2003-05-07,1.1516108512878418
2003-05-08,1.1516108512878418
2003-05-09,1.1338937282562256
2003-05-12,1.1457051038742065
2003-05-13,1.1338937282562256
2003-05-14,1.125625729560852
2003-05-15,1.1397992372512817
2003-05-16,1.1516108512878418
2003-05-19,1.1338937282562256
2003-05-20,1.1338937282562256
2003-05-21,1.1185386180877686
2003-05-22,1.1185386180877686
2003-05-23,1.1185386180877686
2003-05-26,1.1220821142196655
2003-05-27,1.1220821142196655
2003-05-28,1.1397992372512817
2003-05-29,1.157516360282898
2003-05-30,1.157516360282898
2003-06-02,1.169327974319458
2003-06-03,1.169327974319458
2003-06-04,1.169327974319458
2003-06-05,1.170508861541748
2003-06-06,1.1899365186691284
2003-06-09,1.1899365186691284
2003-06-10,1.177794337272644
2003-06-11,1.177794337272644
2003-06-12,1.1838654279708862
2003-06-13,1.1899365186691284
2003-06-16,1.1838654279708862
2003-06-17,1.2142210006713867
2003-06-18,1.2142210006713867
2003-06-19,1.2142210006713867
2003-06-20,1.2263635396957397
2003-06-23,1.2336479425430298
2003-06-24,1.2324340343475342
2003-06-25,1.250647783279419
2003-06-26,1.250647783279419
2003-06-27,1.2749321460723877
2003-06-30,1.317429542541504
2003-07-01,1.2882885932922363
2003-07-02,1.299216628074646
2003-07-03,1.2870742082595825
2003-07-04,1.2810032367706299
2003-07-07,1.2567187547683716
2003-07-08,1.2409336566925049
2003-07-09,1.2409336566925049
2003-07-10,1.2421479225158691
2003-07-11,1.2385053634643555
2003-07-14,1.2627898454666138
2003-07-15,1.2385053634643555
2003-07-16,1.2567187547683716
2003-07-17,1.2263635396957397
2003-07-18,1.2263635396957397
2003-07-21,1.2142210006713867
2003-07-22,1.2142210006713867
2003-07-23,1.244576334953308
2003-07-24,1.250647783279419
2003-07-25,1.250647783279419
2003-07-28,1.2810032367706299
2003-07-29,1.2749321460723877
2003-07-30,1.2567187547683716
2003-07-31,1.2409336566925049
2003-08-01,1.2530757188796997
2003-08-04,1.2567187547683716
2003-08-05,1.2567187547683716
2003-08-06,1.2627898454666138
2003-08-07,1.3040735721588135
2003-08-08,1.299216628074646
2003-08-11,1.305287480354309
2003-08-12,1.3004305362701416
2003-08-13,1.327143669128418
2003-08-14,1.33564293384552
2003-08-15,1.329572081565857
2003-08-18,1.33564293384552
2003-08-19,1.338071346282959
2003-08-20,1.327143669128418
2003-08-21,1.3137873411178589
2003-08-22,1.3004305362701416
2003-08-25,1.317429542541504
2003-08-26,1.3344287872314453
2003-08-27,1.347785472869873
2003-08-28,1.33564293384552
2003-08-29,1.3235009908676147
2003-09-01,1.338071346282959
2003-09-02,1.3417141437530518
2003-09-03,1.299216628074646
2003-09-04,1.2870742082595825
2003-09-05,1.2870742082595825
2003-09-08,1.305287480354309
2003-09-09,1.3113588094711304
2003-09-10,1.3113588094711304
2003-09-11,1.2931455373764038
2003-09-12,1.3417141437530518
2003-09-15,1.33564293384552
2003-09-16,1.33564293384552
2003-09-17,1.327143669128418
2003-09-18,1.329572081565857
2003-09-19,1.33564293384552
2003-09-22,1.3417141437530518
2003-09-23,1.33564293384552
2003-09-24,1.3235009908676147
2003-09-25,1.33564293384552
2003-09-26,1.33564293384552
2003-09-29,1.33564293384552
2003-09-30,1.3538559675216675
2003-10-01,1.33564293384552
2003-10-02,1.3623559474945068
2003-10-03,1.3781405687332153
2003-10-06,1.3781405687332153
2003-10-07,1.3599276542663574
2003-10-08,1.3538559675216675
2003-10-09,1.33564293384552
2003-10-10,1.3113588094711304
2003-10-13,1.3235009908676147
2003-10-14,1.329572081565857
2003-10-15,1.3235009908676147
2003-10-16,1.3113588094711304
2003-10-17,1.3137873411178589
2003-10-20,1.3150014877319336
2003-10-21,1.299216628074646
2003-10-22,1.2810032367706299
2003-10-23,1.2870742082595825
2003-10-24,1.27250337600708
2003-10-27,1.2385053634643555
2003-10-28,1.2263635396957397
2003-10-29,1.2640039920806885
2003-10-30,1.251861810684204
2003-10-31,1.2555047273635864
2003-11-03,1.2555047273635864
2003-11-04,1.27250337600708
2003-11-05,1.2555047273635864
2003-11-06,1.2834315299987793
2003-11-07,1.2822176218032837
2003-11-10,1.2980018854141235
2003-11-11,1.2931455373764038
2003-11-12,1.2773603200912476
2003-11-13,1.251861810684204
2003-11-14,1.251861810684204
2003-11-17,1.2627898454666138
2003-11-18,1.244576334953308
2003-11-19,1.2664320468902588
2003-11-20,1.2652183771133423
2003-11-21,1.2627898454666138
2003-11-24,1.2894973754882812
2003-11-25,1.2919771671295166
2003-11-26,1.2919771671295166
2003-11-27,1.2919771671295166
2003-11-28,1.2894973754882812
2003-12-01,1.3018964529037476
2003-12-02,1.3006564378738403
2003-12-03,1.3006564378738403
2003-12-04,1.2894973754882812
2003-12-05,1.2956969738006592
2003-12-08,1.2894973754882812
2003-12-09,1.2832980155944824
2003-12-10,1.2845375537872314
2003-12-11,1.2956969738006592
2003-12-12,1.3018964529037476
2003-12-15,1.339093804359436
2003-12-16,1.339093804359436
2003-12-17,1.3638912439346313
2003-12-18,1.339093804359436
2003-12-19,1.3204950094223022
2003-12-22,1.339093804359436
2003-12-23,1.339093804359436
2003-12-24,1.339093804359436
2003-12-25,1.339093804359436
2003-12-26,1.339093804359436
2003-12-29,1.339093804359436
2003-12-30,1.3663712739944458
2003-12-31,1.3762905597686768
2004-01-01,1.3762905597686768
2004-01-02,1.3762905597686768
2004-01-05,1.3762905597686768
2004-01-06,1.3700908422470093
2004-01-07,1.3700908422470093
2004-01-08,1.3676114082336426
2004-01-09,1.36513090133667
2004-01-12,1.3638912439346313
2004-01-13,1.332893967628479
2004-01-14,1.332893967628479
2004-01-15,1.2646994590759277
2004-01-16,1.319254994392395
2004-01-19,1.3266948461532593
2004-01-20,1.3514924049377441
2004-01-21,1.3514924049377441
2004-01-22,1.3514924049377441
2004-01-23,1.3266948461532593
2004-01-26,1.3266948461532593
2004-01-27,1.3018964529037476
2004-01-28,1.3018964529037476
2004-01-29,1.3142950534820557
2004-01-30,1.332893967628479
2004-02-02,1.345292568206787
2004-02-03,1.3514924049377441
2004-02-04,1.353972315788269
2004-02-05,1.36513090133667
2004-02-06,1.3762905597686768
2004-02-09,1.3824899196624756
2004-02-10,1.3824899196624756
2004-02-11,1.3762905597686768
2004-02-12,1.3638912439346313
2004-02-13,1.3514924049377441
2004-02-16,1.3638912439346313
2004-02-17,1.3514924049377441
2004-02-18,1.339093804359436
2004-02-19,1.339093804359436
2004-02-20,1.3266948461532593
2004-02-23,1.2969368696212769
2004-02-24,1.2894973754882812
2004-02-25,1.2770981788635254
2004-02-26,1.2919771671295166
2004-02-27,1.2919771671295166
2004-03-01,1.2857773303985596
2004-03-02,1.2770981788635254
2004-03-03,1.2770981788635254
2004-03-04,1.2832980155944824
2004-03-05,1.2870173454284668
2004-03-08,1.2770981788635254
2004-03-09,1.270898461341858
2004-03-10,1.270898461341858
2004-03-11,1.2646994590759277
2004-03-12,1.2646994590759277
2004-03-15,1.2597393989562988
2004-03-16,1.2584995031356812
2004-03-17,1.2535405158996582
2004-03-18,1.2646994590759277
2004-03-19,1.2770981788635254
2004-03-22,1.2820581197738647
2004-03-23,1.270898461341858
2004-03-24,1.2584995031356812
2004-03-25,1.2659389972686768
2004-03-26,1.2659389972686768
2004-03-29,1.2684190273284912
2004-03-30,1.27461838722229
2004-03-31,1.2919771671295166
2004-04-01,1.3018964529037476
2004-04-02,1.30685555934906
2004-04-05,1.3018964529037476
2004-04-06,1.3018964529037476
2004-04-07,1.2994163036346436
2004-04-08,1.3031359910964966
2004-04-09,1.3031359910964966
2004-04-12,1.3031359910964966
2004-04-13,1.3130555152893066
2004-04-14,1.3130555152893066
2004-04-15,1.3180153369903564
2004-04-16,1.332893967628479
2004-04-19,1.3266948461532593
2004-04-20,1.3266948461532593
2004-04-21,1.322974681854248
2004-04-22,1.3204950094223022
2004-04-23,1.3440529108047485
2004-04-26,1.3440529108047485
2004-04-27,1.3911691904067993
2004-04-28,1.4072877168655396
2004-04-29,1.4048080444335938
2004-04-30,1.392409324645996
2004-05-03,1.3762905597686768
2004-05-04,1.3948888778686523
2004-05-05,1.3787699937820435
2004-05-06,1.37505042552948
2004-05-07,1.3514924049377441
2004-05-10,1.332893967628479
2004-05-11,1.3316538333892822
2004-05-12,1.3366135358810425
2004-05-13,1.3254542350769043
2004-05-14,1.3254542350769043
2004-05-17,1.3080956935882568
2004-05-18,1.3142950534820557
2004-05-19,1.345292568206787
2004-05-20,1.3837296962738037
2004-05-21,1.3700908422470093
2004-05-24,1.3762905597686768
2004-05-25,1.3638912439346313
2004-05-26,1.3700908422470093
2004-05-27,1.3762905597686768
2004-05-28,1.3824899196624756
2004-05-31,1.388689398765564
2004-06-01,1.4258865118026733
2004-06-02,1.4370452165603638
2004-06-03,1.4630838632583618
2004-06-04,1.4506843090057373
2004-06-07,1.4828898906707764
2004-06-08,1.4626110792160034
2004-06-09,1.4575413465499878
2004-06-10,1.4828898906707764
2004-06-11,1.481622576713562
2004-06-14,1.481622576713562
2004-06-15,1.4955641031265259
2004-06-16,1.4968315362930298
2004-06-17,1.5209126472473145
2004-06-18,1.527249813079834
2004-06-21,1.508238434791565
2004-06-22,1.5019011497497559
2004-06-23,1.5107731819152832
2004-06-24,1.5019011497497559
2004-06-25,1.4955641031265259
2004-06-28,1.5019011497497559
2004-06-29,1.514575481414795
2004-06-30,1.52598237991333
2004-07-01,1.508238434791565
2004-07-02,1.4955641031265259
2004-07-05,1.508238434791565
2004-07-06,1.5196454524993896
2004-07-07,1.5171102285385132
2004-07-08,1.508238434791565
2004-07-09,1.508238434791565
2004-07-12,1.5171102285385132
2004-07-13,1.5019011497497559
2004-07-14,1.5019011497497559
2004-07-15,1.4892266988754272
2004-07-16,1.4892266988754272
2004-07-19,1.4892266988754272
2004-07-20,1.481622576713562
2004-07-21,1.5133085250854492
2004-07-22,1.4892266988754272
2004-07-23,1.4955641031265259
2004-07-26,1.4955641031265259
2004-07-27,1.5044358968734741
2004-07-28,1.514575481414795
2004-07-29,1.527249813079834
2004-07-30,1.5513310432434082
2004-08-02,1.560203194618225
2004-08-03,1.5716098546981812
2004-08-04,1.5652730464935303
2004-08-05,1.5652730464935303
2004-08-06,1.5525985956192017
2004-08-09,1.5462614297866821
2004-08-10,1.5399242639541626
2004-08-11,1.5399242639541626
2004-08-12,1.5538657903671265
2004-08-13,1.5538657903671265
2004-08-16,1.5589354038238525
2004-08-17,1.560203194618225
2004-08-18,1.5652730464935303
2004-08-19,1.5627377033233643
2004-08-20,1.5627377033233643
2004-08-23,1.5462614297866821
2004-08-24,1.5335872173309326
2004-08-25,1.5411913394927979
2004-08-26,1.5462614297866821
2004-08-27,1.5462614297866821
2004-08-30,1.5779470205307007
2004-08-31,1.590620994567871
2004-09-01,1.596958041191101
2004-09-02,1.5994930267333984
2004-09-03,1.596958041191101
2004-09-06,1.6147024631500244
2004-09-07,1.6172373294830322
2004-09-08,1.6147024631500244
2004-09-09,1.6223069429397583
2004-09-10,1.6223069429397583
2004-09-13,1.632446050643921
2004-09-14,1.6476552486419678
2004-09-15,1.6983524560928345
2004-09-16,1.7553868293762207
2004-09-17,1.7553868293762207
2004-09-20,1.7566542625427246
2004-09-21,1.7477821111679077
2004-09-22,1.7617242336273193
2004-09-23,1.736375331878662
2004-09-24,1.773131012916565
2004-09-27,1.773131012916565
2004-09-28,1.773131012916565
2004-09-29,1.8060834407806396
2004-09-30,1.7743985652923584
2004-10-01,1.7997463941574097
2004-10-04,1.8060834407806396
2004-10-05,1.7934094667434692
2004-10-06,1.7997463941574097
2004-10-07,1.7934094667434692
2004-10-08,1.7300381660461426
2004-10-11,1.7427122592926025
2004-10-12,1.7427122592926025
2004-10-13,1.7173635959625244
2004-10-14,1.7743985652923584
2004-10-15,1.7743985652923584
2004-10-18,1.7743985652923584
2004-10-19,1.7743985652923584
2004-10-20,1.7427122592926025
2004-10-21,1.6476552486419678
2004-10-22,1.6920154094696045
2004-10-25,1.6476552486419678
2004-10-26,1.6666672229766846
2004-10-27,1.6793410778045654
2004-10-28,1.6983524560928345
2004-10-29,1.6920154094696045
2004-11-01,1.6983524560928345
2004-11-02,1.7110263109207153
2004-11-03,1.749049425125122
2004-11-04,1.7553868293762207
2004-11-05,1.7997463941574097
2004-11-08,1.7934094667434692
2004-11-09,1.7870720624923706
2004-11-10,1.7173635959625244
2004-11-11,1.7553868293762207
2004-11-12,1.7934094667434692
2004-11-15,1.7743985652923584
2004-11-16,1.7617242336273193
2004-11-17,1.7719048261642456
2004-11-18,1.7654609680175781
2004-11-19,1.7654609680175781
2004-11-22,1.7268015146255493
2004-11-23,1.7203574180603027
2004-11-24,1.7396878004074097
2004-11-25,1.7719048261642456
2004-11-26,1.7396878004074097
2004-11-29,1.707471251487732
2004-11-30,1.7203574180603027
2004-12-01,1.7268015146255493
2004-12-02,1.75257408618927
2004-12-03,1.746131181716919
2004-12-06,1.7654609680175781
2004-12-07,1.804120659828186
2004-12-08,1.7654609680175781
2004-12-09,1.804120659828186
2004-12-10,1.8234502077102661
2004-12-13,1.8685535192489624
2004-12-14,1.8685535192489624
2004-12-15,1.8878836631774902
2004-12-16,1.8814404010772705
2004-12-17,1.8556671142578125
2004-12-20,1.8363372087478638
2004-12-21,1.8427807092666626
2004-12-22,1.8556671142578125
2004-12-23,1.8556671142578125
2004-12-24,1.8621102571487427
2004-12-27,1.8621102571487427
2004-12-28,1.8621102571487427
2004-12-29,1.900769829750061
2004-12-30,1.900769829750061
2004-12-31,1.900769829750061
2005-01-04,1.900769829750061
2005-01-05,1.9329863786697388
2005-01-06,1.900769829750061
2005-01-07,1.8814404010772705
2005-01-10,1.9329863786697388
2005-01-11,1.907213568687439
2005-01-12,1.8878836631774902
2005-01-13,1.900769829750061
2005-01-14,1.9136558771133423
2005-01-17,1.900769829750061
2005-01-18,1.9329863786697388
2005-01-19,1.907213568687439
2005-01-20,1.900769829750061
2005-01-21,1.9265432357788086
2005-01-24,1.9458736181259155
2005-01-25,1.9329863786697388
2005-01-27,1.9200997352600098
2005-01-28,1.9200997352600098
2005-01-31,1.9136558771133423
2005-02-01,1.900769829750061
2005-02-02,1.900769829750061
2005-02-03,1.8749969005584717
2005-02-04,1.8943265676498413
2005-02-07,1.9716463088989258
2005-02-08,1.9716463088989258
2005-02-09,1.9329863786697388
2005-02-10,1.9329863786697388
2005-02-11,1.907213568687439
2005-02-14,1.8814404010772705
2005-02-15,1.8878836631774902
2005-02-16,1.8878836631774902
2005-02-17,1.8749969005584717
2005-02-18,1.8685535192489624
2005-02-21,1.8492239713668823
2005-02-22,1.8492239713668823
2005-02-23,1.7719048261642456
2005-02-24,1.75257408618927
2005-02-25,1.7783472537994385
2005-02-28,1.804120659828186
2005-03-01,1.8363372087478638
2005-03-02,1.900769829750061
2005-03-03,1.8556671142578125
2005-03-04,1.8105638027191162
2005-03-07,1.7719048261642456
2005-03-08,1.7719048261642456
2005-03-09,1.8363372087478638
2005-03-10,1.797677755355835
2005-03-11,1.829893708229065
2005-03-14,1.804120659828186
2005-03-15,1.804120659828186
2005-03-16,1.8170075416564941
2005-03-17,1.804120659828186
2005-03-18,1.8427807092666626
2005-03-21,1.8556671142578125
2005-03-22,1.8427807092666626
2005-03-23,1.804120659828186
2005-03-24,1.8234502077102661
2005-03-29,1.797677755355835
2005-03-30,1.797677755355835
2005-03-31,1.804120659828186
2005-04-01,1.804120659828186
2005-04-04,1.7783472537994385
2005-04-05,1.7590179443359375
2005-04-06,1.7010276317596436
2005-04-07,1.7396878004074097
2005-04-08,1.75257408618927
2005-04-11,1.75257408618927
2005-04-12,1.7203574180603027
2005-04-13,1.7654609680175781
2005-04-14,1.7396878004074097
2005-04-15,1.7203574180603027
2005-04-18,1.707471251487732
2005-04-19,1.7396878004074097
2005-04-20,1.7396878004074097
2005-04-21,1.7396878004074097
2005-04-22,1.75257408618927
2005-04-26,1.7719048261642456
2005-04-27,1.7783472537994385
2005-04-28,1.8363372087478638
2005-04-29,1.804120659828186
2005-05-02,1.8170075416564941
2005-05-03,1.8170075416564941
2005-05-04,1.8170075416564941
2005-05-05,1.804120659828186
2005-05-06,1.8105638027191162
2005-05-09,1.804120659828186
2005-05-10,1.829893708229065
2005-05-11,1.829893708229065
2005-05-12,1.804120659828186
2005-05-13,1.804120659828186
2005-05-16,1.8363372087478638
2005-05-17,1.8105638027191162
2005-05-18,1.8363372087478638
2005-05-19,1.8170075416564941
2005-05-20,1.8105638027191162
2005-05-23,1.8556671142578125
2005-05-24,1.8556671142578125
2005-05-25,1.7783472537994385
2005-05-26,1.7912344932556152
2005-05-27,1.7847908735275269
2005-05-30,1.7847908735275269
2005-05-31,1.804120659828186
2005-06-01,1.7943931818008423
2005-06-02,1.8075389862060547
2005-06-03,1.8075389862060547
2005-06-06,1.761528730392456
2005-06-07,1.761528730392456
2005-06-08,1.787819743156433
2005-06-09,1.8075389862060547
2005-06-10,1.8206844329833984
2005-06-14,1.827257513999939
2005-06-15,1.8404027223587036
2005-06-16,1.8009657859802246
2005-06-17,1.8469756841659546
2005-06-20,1.8469756841659546
2005-06-21,1.8469756841659546
2005-06-22,1.8338303565979004
2005-06-23,1.8009657859802246
2005-06-24,1.8338303565979004
2005-06-27,1.8798404932022095
2005-06-28,1.8666940927505493
2005-06-29,1.8864130973815918
2005-06-30,1.9652873277664185
2005-07-01,1.9981517791748047
2005-07-04,2.050734519958496
2005-07-05,2.0704526901245117
2005-07-06,2.0967445373535156
2005-07-07,2.044161796569824
2005-07-08,2.0704526901245117
2005-07-11,2.1033177375793457
2005-07-12,2.155900716781616
2005-07-13,2.155900716781616
2005-07-14,2.1033177375793457
2005-07-15,2.1033177375793457
2005-07-18,2.050734519958496
2005-07-19,2.0112972259521484
2005-07-20,2.0047249794006348
2005-07-21,1.978432536125183
2005-07-22,1.978432536125183
2005-07-25,2.0244431495666504
2005-07-26,2.0375888347625732
2005-07-27,2.0704526901245117
2005-07-28,2.083599090576172
2005-07-29,2.044161796569824
2005-08-01,2.077026128768921
2005-08-02,2.0047249794006348
2005-08-03,2.0375888347625732
2005-08-04,2.017869710922241
2005-08-05,2.0310161113739014
2005-08-08,2.0375888347625732
2005-08-09,2.0704526901245117
2005-08-10,2.077026128768921
2005-08-11,2.1033177375793457
2005-08-12,2.0967445373535156
2005-08-15,2.0967445373535156
2005-08-16,2.1033177375793457
2005-08-17,2.090172052383423
2005-08-18,2.083599090576172
2005-08-19,2.0638809204101562
2005-08-22,2.077026128768921
2005-08-23,2.1690468788146973
2005-08-24,2.241347551345825
2005-08-25,2.2216296195983887
2005-08-26,2.1953377723693848
2005-08-29,2.1230363845825195
2005-08-30,2.1690468788146973
2005-08-31,2.1296088695526123
2005-09-01,2.1690468788146973
2005-09-02,2.182191848754883
2005-09-05,2.182191848754883
2005-09-06,2.136181116104126
2005-09-07,2.136181116104126
2005-09-08,2.136181116104126
2005-09-09,2.1164631843566895
2005-09-12,2.1033177375793457
2005-09-13,2.0704526901245117
2005-09-14,2.1493279933929443
2005-09-15,2.1493279933929443
2005-09-16,2.188764810562134
2005-09-19,2.2019107341766357
2005-09-20,2.2282023429870605
2005-09-21,2.2019107341766357
2005-09-22,2.1690468788146973
2005-09-23,2.2019107341766357
2005-09-26,2.2084834575653076
2005-09-27,2.254493236541748
2005-09-28,2.254493236541748
2005-09-29,2.215056896209717
2005-09-30,2.2282023429870605
2005-10-03,2.215056896209717
2005-10-04,2.254493236541748
2005-10-05,2.254493236541748
2005-10-06,2.254493236541748
2005-10-07,2.2479207515716553
2005-10-10,2.2347750663757324
2005-10-11,2.215056896209717
2005-10-12,2.1756186485290527
2005-10-13,2.162473440170288
2005-10-14,2.1493279933929443
2005-10-17,2.1493279933929443
2005-10-18,2.155900716781616
2005-10-19,2.155900716781616
2005-10-20,2.155900716781616
2005-10-21,2.1756186485290527
2005-10-24,2.1756186485290527
2005-10-25,2.1427552700042725
2005-10-26,2.1230363845825195
2005-10-27,2.1033177375793457
2005-10-28,2.0967445373535156
2005-10-31,2.162473440170288
2005-11-01,2.162473440170288
2005-11-02,2.2216296195983887
2005-11-03,2.287358045578003
2005-11-04,2.3005034923553467
2005-11-07,2.2807860374450684
2005-11-08,2.2807860374450684
2005-11-09,2.2807860374450684
2005-11-10,2.2939305305480957
2005-11-11,2.287358045578003
2005-11-14,2.3136496543884277
2005-11-15,2.3333680629730225
2005-11-16,2.3333680629730225
2005-11-17,2.3333680629730225
2005-11-18,2.3005034923553467
2005-11-21,2.2939305305480957
2005-11-22,2.0310161113739014
2005-11-23,2.2084834575653076
2005-11-24,2.215056896209717
2005-11-25,2.329460620880127
2005-11-28,2.289411783218384
2005-11-29,2.3027613162994385
2005-11-30,2.35615873336792
2005-12-01,2.2960872650146484
2005-12-02,2.3027613162994385
2005-12-05,2.2627134323120117
2005-12-06,2.135894775390625
2005-12-07,2.135894775390625
2005-12-08,2.155918598175049
2005-12-09,2.1025209426879883
2005-12-12,2.1025209426879883
2005-12-13,2.1225452423095703
2005-12-14,2.1492443084716797
2005-12-15,2.2026422023773193
2005-12-16,2.2760627269744873
2005-12-19,2.3027613162994385
2005-12-20,2.336134672164917
2005-12-21,2.3161115646362305
2005-12-22,2.2627134323120117
2005-12-23,2.2360148429870605
2005-12-28,2.2827372550964355
2005-12-29,2.2827372550964355
2005-12-30,2.289411783218384
2006-01-03,2.289411783218384
2006-01-04,2.329460620880127
2006-01-05,2.209315776824951
2006-01-06,2.195967435836792
2006-01-09,2.222666025161743
2006-01-10,2.2493648529052734
2006-01-11,2.2159905433654785
2006-01-12,2.2426881790161133
2006-01-13,2.2426881790161133
2006-01-16,2.2360148429870605
2006-01-17,2.2159905433654785
2006-01-18,2.1692678928375244
2006-01-19,2.2026422023773193
2006-01-20,2.2026422023773193
2006-01-23,2.1892919540405273
2006-01-24,2.209315776824951
2006-01-25,2.2026422023773193
2006-01-27,2.182617425918579
2006-01-30,2.182617425918579
2006-01-31,2.195967435836792
2006-02-01,2.2360148429870605
2006-02-02,2.269388198852539
2006-02-03,2.289411783218384
2006-02-06,2.2360148429870605
2006-02-07,2.2360148429870605
2006-02-08,2.2426881790161133
2006-02-09,2.222666025161743
2006-02-10,2.222666025161743
2006-02-13,2.2627134323120117
2006-02-14,2.222666025161743
2006-02-15,2.222666025161743
2006-02-16,2.222666025161743
2006-02-17,2.222666025161743
2006-02-20,2.2159905433654785
2006-02-21,2.2293405532836914
2006-02-22,2.2760627269744873
2006-02-23,2.2827372550964355
2006-02-24,2.256039619445801
2006-02-27,2.2426881790161133
2006-02-28,2.2493648529052734
2006-03-01,2.2293405532836914
2006-03-02,2.2293405532836914
2006-03-03,2.2360148429870605
2006-03-06,2.2360148429870605
2006-03-07,2.1492443084716797
2006-03-08,2.2827372550964355
2006-03-09,2.2627134323120117
2006-03-10,2.2760627269744873
2006-03-13,2.256039619445801
2006-03-14,2.289411783218384
2006-03-15,2.269388198852539
2006-03-16,2.269388198852539
2006-03-17,2.269388198852539
2006-03-20,2.269388198852539
2006-03-21,2.2760627269744873
2006-03-22,2.3494842052459717
2006-03-23,2.3161115646362305
2006-03-24,2.3227858543395996
2006-03-27,2.35615873336792
2006-03-28,2.396207094192505
2006-03-29,2.422905921936035
2006-03-30,2.396207094192505
2006-03-31,2.3494842052459717
2006-04-03,2.369508743286133
2006-04-04,2.369508743286133
2006-04-05,2.336134672164917
2006-04-06,2.336134672164917
2006-04-07,2.269388198852539
2006-04-10,2.269388198852539
2006-04-11,2.2426881790161133
2006-04-12,2.2627134323120117
2006-04-13,2.256039619445801
2006-04-18,2.2360148429870605
2006-04-19,2.2493648529052734
2006-04-20,2.2493648529052734
2006-04-21,2.269388198852539
2006-04-24,2.336134672164917
2006-04-26,2.336134672164917
2006-04-27,2.329460620880127
2006-04-28,2.382856845855713
2006-05-01,2.336134672164917
2006-05-02,2.2827372550964355
2006-05-03,2.3027613162994385
2006-05-04,2.289411783218384
2006-05-05,2.369508743286133
2006-05-08,2.3428096771240234
2006-05-09,2.35615873336792
2006-05-10,2.416231155395508
2006-05-11,2.402881622314453
2006-05-12,2.3494842052459717
2006-05-15,2.336134672164917
2006-05-16,2.4295802116394043
2006-05-17,2.4562790393829346
2006-05-18,2.4963269233703613
2006-05-19,2.4963269233703613
2006-05-22,2.4763028621673584
2006-05-23,2.422905921936035
2006-05-24,2.4763028621673584
2006-05-25,2.4095563888549805
2006-05-26,2.4095563888549805
2006-05-29,2.422905921936035
2006-05-30,2.4763028621673584
2006-05-31,2.5230255126953125
2006-06-01,2.5230255126953125
2006-06-02,2.4763028621673584
2006-06-05,2.5030016899108887
2006-06-06,2.556398630142212
2006-06-07,2.596447229385376
2006-06-08,2.6097962856292725
2006-06-09,2.650606155395508
2006-06-13,2.474351167678833
2006-06-14,2.4811296463012695
2006-06-15,2.406560182571411
2006-06-16,2.5421414375305176
2006-06-19,2.406560182571411
2006-06-20,2.4133388996124268
2006-06-21,2.4133388996124268
2006-06-22,2.4879095554351807
2006-06-23,2.440455913543701
2006-06-26,2.440455913543701
2006-06-27,2.4607932567596436
2006-06-28,2.386223077774048
2006-06-29,2.386223077774048
2006-06-30,2.4133388996124268
2006-07-03,2.4336764812469482
2006-07-04,2.3794445991516113
2006-07-05,2.3794445991516113
2006-07-06,2.386223077774048
2006-07-07,2.440455913543701
2006-07-10,2.440455913543701
2006-07-11,2.4607932567596436
2006-07-12,2.4540138244628906
2006-07-13,2.440455913543701
2006-07-14,2.440455913543701
2006-07-17,2.440455913543701
2006-07-18,2.386223077774048
2006-07-19,2.352328062057495
2006-07-20,2.3997812271118164
2006-07-21,2.406560182571411
2006-07-24,2.3591082096099854
2006-07-25,2.386223077774048
2006-07-26,2.406560182571411
2006-07-27,2.3997812271118164
2006-07-28,2.3997812271118164
2006-07-31,2.3658864498138428
2006-08-01,2.3658864498138428
2006-08-02,2.3591082096099854
2006-08-03,2.3591082096099854
2006-08-04,2.3591082096099854
2006-08-07,2.3726656436920166
2006-08-08,2.3794445991516113
2006-08-09,2.3794445991516113
2006-08-10,2.3726656436920166
2006-08-11,2.3997812271118164
2006-08-14,2.3997812271118164
2006-08-15,2.3726656436920166
2006-08-16,2.3387701511383057
2006-08-17,2.3387701511383057
2006-08-18,2.3591082096099854
2006-08-21,2.386223077774048
2006-08-22,2.325212240219116
2006-08-23,2.304875135421753
2006-08-24,2.3726656436920166
2006-08-25,2.3726656436920166
2006-08-28,2.331990957260132
2006-08-29,2.304875135421753
2006-08-30,2.331990957260132
2006-08-31,2.3387701511383057
2006-09-01,2.3387701511383057
2006-09-04,2.3387701511383057
2006-09-05,2.270979881286621
2006-09-06,2.270979881286621
2006-09-07,2.3116543292999268
2006-09-08,2.3116543292999268
2006-09-11,2.298095703125
2006-09-12,2.304875135421753
2006-09-13,2.3387701511383057
2006-09-14,2.3455491065979004
2006-09-15,2.3455491065979004
2006-09-18,2.3387701511383057
2006-09-19,2.3726656436920166
2006-09-20,2.318432569503784
2006-09-21,2.2913177013397217
2006-09-22,2.2913177013397217
2006-09-25,2.2913177013397217
2006-09-26,2.298095703125
2006-09-27,2.352328062057495
2006-09-28,2.406560182571411
2006-09-29,2.440455913543701
2006-10-02,2.440455913543701
2006-10-03,2.4336764812469482
2006-10-04,2.4336764812469482
2006-10-05,2.440455913543701
2006-10-06,2.4675724506378174
2006-10-09,2.4946882724761963
2006-10-10,2.4946882724761963
2006-10-11,2.440455913543701
2006-10-12,2.3726656436920166
2006-10-13,2.3726656436920166
2006-10-16,2.3658864498138428
2006-10-17,2.386223077774048
2006-10-18,2.474351167678833
2006-10-19,2.4879095554351807
2006-10-20,2.4811296463012695
2006-10-23,2.501467227935791
2006-10-24,2.569257974624634
2006-10-25,2.5421414375305176
2006-10-26,2.569257974624634
2006-10-27,2.4811296463012695
2006-10-30,2.4607932567596436
2006-10-31,2.4540138244628906
2006-11-01,2.4946882724761963
2006-11-02,2.4946882724761963
2006-11-03,2.440455913543701
2006-11-06,2.440455913543701
2006-11-07,2.440455913543701
2006-11-08,2.474351167678833
2006-11-09,2.5421414375305176
2006-11-10,2.569257974624634
2006-11-13,2.5421414375305176
2006-11-14,2.521804094314575
2006-11-15,2.521804094314575
2006-11-16,2.5268847942352295
2006-11-17,2.540618419647217
2006-11-20,2.5543510913848877
2006-11-21,2.5543510913848877
2006-11-22,2.574951171875
2006-11-23,2.643616199493408
2006-11-24,2.581817865371704
2006-11-27,2.574951171875
2006-11-28,2.574951171875
2006-11-29,2.574951171875
2006-11-30,2.5474846363067627
2006-12-01,2.561218738555908
2006-12-04,2.568084478378296
2006-12-05,2.5543510913848877
2006-12-06,2.574951171875
2006-12-07,2.540618419647217
2006-12-08,2.5543510913848877
2006-12-11,2.540618419647217
2006-12-12,2.540618419647217
2006-12-13,2.568084478378296
2006-12-14,2.609283924102783
2006-12-15,2.609283924102783
2006-12-18,2.581817865371704
2006-12-19,2.574951171875
2006-12-20,2.5955512523651123
2006-12-21,2.5955512523651123
2006-12-22,2.581817865371704
2006-12-27,2.609283924102783
2006-12-28,2.609283924102783
2006-12-29,2.609283924102783
2007-01-02,2.609283924102783
2007-01-03,2.6230173110961914
2007-01-04,2.540618419647217
2007-01-05,2.643616199493408
2007-01-08,2.609283924102783
2007-01-09,2.609283924102783
2007-01-10,2.5955512523651123
2007-01-11,2.609283924102783
2007-01-12,2.574951171875
2007-01-15,2.568084478378296
2007-01-16,2.5886850357055664
2007-01-17,2.574951171875
2007-01-18,2.581817865371704
2007-01-19,2.581817865371704
2007-01-22,2.643616199493408
2007-01-23,2.643616199493408
2007-01-24,2.6298837661743164
2007-01-25,2.643616199493408
2007-01-29,2.609283924102783
2007-01-30,2.602417469024658
2007-01-31,2.5955512523651123
2007-02-01,2.5955512523651123
2007-02-02,2.568084478378296
2007-02-05,2.5474846363067627
2007-02-06,2.574951171875
2007-02-07,2.561218738555908
2007-02-08,2.5886850357055664
2007-02-09,2.574951171875
2007-02-12,2.574951171875
2007-02-13,2.574951171875
2007-02-14,2.574951171875
2007-02-15,2.5474846363067627
2007-02-16,2.540618419647217
2007-02-19,2.540618419647217
2007-02-20,2.4719536304473877
2007-02-21,2.4719536304473877
2007-02-22,2.437619686126709
2007-02-23,2.437619686126709
2007-02-26,2.4101545810699463
2007-02-27,2.3071558475494385
2007-02-28,2.3826887607574463
2007-03-01,2.3826887607574463
2007-03-02,2.3895552158355713
2007-03-05,2.334622383117676
2007-03-06,2.334622383117676
2007-03-07,2.35522198677063
2007-03-08,2.334622383117676
2007-03-09,2.35522198677063
2007-03-12,2.403287410736084
2007-03-13,2.35522198677063
2007-03-14,2.35522198677063
2007-03-15,2.334622383117676
2007-03-16,2.334622383117676
2007-03-19,2.403287410736084
2007-03-20,2.403287410736084
2007-03-21,2.3895552158355713
2007-03-22,2.3895552158355713
2007-03-23,2.2110254764556885
2007-03-26,2.2590911388397217
2007-03-27,2.2384908199310303
2007-03-28,2.2178919315338135
2007-03-29,2.2247581481933594
2007-03-30,2.2178919315338135
2007-04-02,2.1972920894622803
2007-04-03,2.1972920894622803
2007-04-04,2.2110254764556885
2007-04-05,2.2247581481933594
2007-04-10,2.2178919315338135
2007-04-11,2.2316248416900635
2007-04-12,2.2247581481933594
2007-04-13,2.2178919315338135
2007-04-16,2.2110254764556885
2007-04-17,2.204158306121826
2007-04-18,2.1972920894622803
2007-04-19,2.169825553894043
2007-04-20,2.176692008972168
2007-04-23,2.2659571170806885
2007-04-24,2.190425157546997
2007-04-26,2.2178919315338135
2007-04-27,2.2316248416900635
2007-04-30,2.30029034614563
2007-05-01,2.334622383117676
2007-05-02,2.334622383117676
2007-05-03,2.341489553451538
2007-05-04,2.327755928039551
2007-05-07,2.327755928039551
2007-05-08,2.2865564823150635
2007-05-09,2.2934231758117676
2007-05-10,2.2865564823150635
2007-05-11,2.2865564823150635
2007-05-14,2.2865564823150635
2007-05-15,2.183558702468872
2007-05-16,2.1972920894622803
2007-05-17,2.2316248416900635
2007-05-18,2.183558702468872
2007-05-21,2.190425157546997
2007-05-22,2.190425157546997
2007-05-23,2.245357036590576
2007-05-24,2.2316248416900635
2007-05-25,2.162959098815918
2007-05-28,2.183558702468872
2007-05-29,2.169825553894043
2007-05-30,2.1354925632476807
2007-05-31,2.128627300262451
2007-06-01,2.1217596530914307
2007-06-04,2.156092405319214
2007-06-05,2.1354925632476807
2007-06-06,2.1217596530914307
2007-06-07,2.0805609226226807
2007-06-08,2.1011598110198975
2007-06-12,2.128627300262451
2007-06-13,2.128627300262451
2007-06-14,2.158978223800659
2007-06-15,2.1729979515075684
2007-06-18,2.1729979515075684
2007-06-19,2.165987253189087
2007-06-20,2.1729979515075684
2007-06-21,2.187016725540161
2007-06-22,2.158978223800659
2007-06-25,2.123929977416992
2007-06-26,2.1099109649658203
2007-06-27,2.074862241744995
2007-06-28,2.0958919525146484
2007-06-29,2.1309397220611572
2007-07-02,2.137949228286743
2007-07-03,2.1099109649658203
2007-07-04,2.1029014587402344
2007-07-05,2.0818727016448975
2007-07-06,2.074862241744995
2007-07-09,2.067852020263672
2007-07-10,2.0958919525146484
2007-07-11,2.046823501586914
2007-07-12,2.074862241744995
2007-07-13,2.0818727016448975
2007-07-16,2.067852020263672
2007-07-17,2.088881731033325
2007-07-18,2.0608434677124023
2007-07-19,2.0538337230682373
2007-07-20,2.0328047275543213
2007-07-23,2.0538337230682373
2007-07-24,2.0608434677124023
2007-07-25,2.088881731033325
2007-07-26,2.0328047275543213
2007-07-27,2.0538337230682373
2007-07-30,2.165987253189087
2007-07-31,2.1309397220611572
2007-08-01,2.1099109649658203
2007-08-02,2.0538337230682373
2007-08-03,2.1029014587402344
2007-08-06,2.151968479156494
2007-08-07,2.1029014587402344
2007-08-08,2.123929977416992
2007-08-09,2.151968479156494
2007-08-10,2.194026470184326
2007-08-13,2.1309397220611572
2007-08-14,2.1099109649658203
2007-08-15,2.0818727016448975
2007-08-16,2.088881731033325
2007-08-17,2.067852020263672
2007-08-20,2.14495849609375
2007-08-21,2.1029014587402344
2007-08-22,2.116920232772827
2007-08-23,2.0538337230682373
2007-08-24,2.0538337230682373
2007-08-27,2.1029014587402344
2007-08-28,2.0608434677124023
2007-08-29,2.018784523010254
2007-08-30,2.0328047275543213
2007-08-31,2.0538337230682373
2007-09-03,2.0398144721984863
2007-09-04,2.137949228286743
2007-09-05,2.1099109649658203
2007-09-06,2.074862241744995
2007-09-07,2.1029014587402344
2007-09-10,2.1029014587402344
2007-09-11,2.116920232772827
2007-09-12,2.1029014587402344
2007-09-13,2.116920232772827
2007-09-14,2.137949228286743
2007-09-17,2.137949228286743
2007-09-18,2.1309397220611572
2007-09-19,2.1309397220611572
2007-09-20,2.046823501586914
2007-09-21,2.067852020263672
2007-09-24,2.0328047275543213
2007-09-25,2.004765033721924
2007-09-26,2.0328047275543213
2007-09-27,2.011775493621826
2007-09-28,1.9767274856567383
2007-10-01,1.9697167873382568
2007-10-02,1.9627079963684082
2007-10-03,1.9697167873382568
2007-10-04,1.9556976556777954
2007-10-05,1.9627079963684082
2007-10-08,1.9627079963684082
2007-10-09,1.9627079963684082
2007-10-10,1.9556976556777954
2007-10-11,1.9486888647079468
2007-10-12,1.9977562427520752
2007-10-15,2.011775493621826
2007-10-16,1.9697167873382568
2007-10-17,1.9697167873382568
2007-10-18,1.9837363958358765
2007-10-19,1.9837363958358765
2007-10-22,1.9416788816452026
2007-10-23,1.9837363958358765
2007-10-24,1.9486888647079468
2007-10-25,1.9276589155197144
2007-10-26,1.9276589155197144
2007-10-29,1.9136399030685425
2007-10-30,1.9066299200057983
2007-10-31,1.9136399030685425
2007-11-01,1.850553274154663
2007-11-02,1.808494210243225
2007-11-05,1.808494210243225
2007-11-06,1.8365334272384644
2007-11-07,1.8926105499267578
2007-11-08,1.8575628995895386
2007-11-09,1.8856014013290405
2007-11-12,1.8785911798477173
2007-11-13,1.9276589155197144
2007-11-14,1.9556976556777954
2007-11-15,1.9276589155197144
2007-11-16,1.9697167873382568
2007-11-19,1.9276589155197144
2007-11-20,1.920649766921997
2007-11-21,1.920649766921997
2007-11-22,1.920649766921997
2007-11-23,1.920649766921997
2007-11-26,1.8575628995895386
2007-11-27,1.8575628995895386
2007-11-28,1.808494210243225
2007-11-29,1.8351290225982666
2007-11-30,1.856550693511963
2007-12-03,1.9422378540039062
2007-12-04,1.963659405708313
2007-12-05,1.9279567003250122
2007-12-06,1.9993621110916138
2007-12-07,2.0993313789367676
2007-12-10,2.1278929710388184
2007-12-11,2.1350340843200684
2007-12-12,2.142174482345581
2007-12-13,2.049346923828125
2007-12-14,2.077909469604492
2007-12-17,2.0921902656555176
2007-12-18,2.035065174102783
2007-12-19,2.0636279582977295
2007-12-20,2.077909469604492
2007-12-21,2.1136114597320557
2007-12-24,2.1707372665405273
2007-12-27,2.163595676422119
2007-12-28,2.213580369949341
2007-12-31,2.213580369949341
2008-01-02,1.9779410362243652
2008-01-03,2.1564550399780273
2008-01-04,2.213580369949341
2008-01-07,2.177877187728882
2008-01-08,2.142174482345581
2008-01-09,2.1564550399780273
2008-01-10,2.1350340843200684
2008-01-11,2.1136114597320557
2008-01-14,2.120753049850464
2008-01-15,2.120753049850464
2008-01-16,2.0707688331604004
2008-01-17,2.0707688331604004
2008-01-18,1.9493786096572876
2008-01-21,1.963659405708313
2008-01-22,1.906535029411316
2008-01-23,1.963659405708313
2008-01-24,1.9422378540039062
2008-01-25,1.985081672668457
2008-01-29,1.892254114151001
2008-01-30,1.963659405708313
2008-01-31,1.920816421508789
2008-02-01,1.906535029411316
2008-02-04,1.906535029411316
2008-02-05,1.892254114151001
2008-02-06,1.892254114151001
2008-02-07,1.892254114151001
2008-02-08,1.7708638906478882
2008-02-11,1.7494423389434814
2008-02-12,1.7494423389434814
2008-02-13,1.763723611831665
2008-02-14,1.7280206680297852
2008-02-15,1.7423017024993896
2008-02-18,1.7851450443267822
2008-02-19,1.7851450443267822
2008-02-20,1.7851450443267822
2008-02-21,1.7851450443267822
2008-02-22,1.6423335075378418
2008-02-25,1.6423335075378418
2008-02-26,1.5709272623062134
2008-02-27,1.6066303253173828
2008-02-28,1.5994900465011597
2008-02-29,1.635193109512329
2008-03-03,1.613770842552185
2008-03-04,1.713739275932312
2008-03-05,1.8422696590423584
2008-03-06,1.820847749710083
2008-03-07,1.7994260787963867
2008-03-10,1.7851450443267822
2008-03-11,1.820847749710083
2008-03-12,1.856550693511963
2008-03-13,1.820847749710083
2008-03-14,1.8065673112869263
2008-03-17,1.7280206680297852
2008-03-18,1.7280206680297852
2008-03-19,1.7851450443267822
2008-03-20,1.7851450443267822
2008-03-25,1.7780046463012695
2008-03-26,1.763723611831665
2008-03-27,1.7780046463012695
2008-03-28,1.7208796739578247
2008-03-31,1.8137069940567017
2008-04-01,1.8137069940567017
2008-04-02,1.8708322048187256
2008-04-03,1.8422696590423584
2008-04-04,1.8993946313858032
2008-04-07,1.8993946313858032
2008-04-08,1.8993946313858032
2008-04-09,1.7994260787963867
2008-04-10,1.8065673112869263
2008-04-11,1.7423017024993896
2008-04-14,1.713739275932312
2008-04-15,1.6780363321304321
2008-04-16,1.699458360671997
2008-04-17,1.699458360671997
2008-04-18,1.6423335075378418
2008-04-21,1.6280529499053955
2008-04-22,1.620911717414856
2008-04-23,1.6423335075378418
2008-04-24,1.6280529499053955
2008-04-28,1.6494739055633545
2008-04-29,1.5780681371688843
2008-04-30,1.592349648475647
2008-05-01,1.5852088928222656
2008-05-02,1.5852088928222656
2008-05-05,1.5994900465011597
2008-05-06,1.5994900465011597
2008-05-07,1.5709272623062134
2008-05-08,1.5352249145507812
2008-05-09,1.4852409362792969
2008-05-12,1.5423656702041626
2008-05-13,1.5566470623016357
2008-05-14,1.5423656702041626
2008-05-15,1.5566470623016357
2008-05-16,1.5780681371688843
2008-05-19,1.592349648475647
2008-05-20,1.592349648475647
2008-05-21,1.592349648475647
2008-05-22,1.5994900465011597
2008-05-23,1.5423656702041626
2008-05-26,1.4852409362792969
2008-05-27,1.4352566003799438
2008-05-28,1.4281160831451416
2008-05-29,1.4281160831451416
2008-05-30,1.3781321048736572
2008-06-02,1.3852723836898804
2008-06-03,1.363850474357605
2008-06-04,1.363850474357605
2008-06-05,1.399553894996643
2008-06-06,1.3567101955413818
2008-06-10,1.4209753274917603
2008-06-11,1.3781321048736572
2008-06-12,1.3432658910751343
2008-06-13,1.335925817489624
2008-06-16,1.3249149322509766
2008-06-17,1.3028942346572876
2008-06-18,1.3139045238494873
2008-06-19,1.3212450742721558
2008-06-20,1.2551827430725098
2008-06-23,1.3139045238494873
2008-06-24,1.3432658910751343
2008-06-25,1.368956446647644
2008-06-26,1.3469358682632446
2008-06-27,1.3506062030792236
2008-06-30,1.3946475982666016
2008-07-01,1.3726270198822021
2008-07-02,1.3506062030792236
2008-07-03,1.3506062030792236
2008-07-04,1.3212450742721558
2008-07-07,1.335925817489624
2008-07-08,1.310234546661377
2008-07-09,1.3946475982666016
2008-07-10,1.3652865886688232
2008-07-11,1.3469358682632446
2008-07-14,1.3139045238494873
2008-07-15,1.2992241382598877
2008-07-16,1.3028942346572876
2008-07-17,1.291883945465088
2008-07-18,1.2992241382598877
2008-07-21,1.306564450263977
2008-07-22,1.335925817489624
2008-07-23,1.3946475982666016
2008-07-24,1.4753905534744263
2008-07-25,1.4753905534744263
2008-07-28,1.4313488006591797
2008-07-29,1.4753905534744263
2008-07-30,1.526772379875183
2008-07-31,1.5634735822677612
2008-08-01,1.5634735822677612
2008-08-04,1.5781534910202026
2008-08-05,1.6442161798477173
2008-08-06,1.6075148582458496
2008-08-07,1.6075148582458496
2008-08-08,1.6955976486206055
2008-08-11,1.7469799518585205
2008-08-12,1.724958896636963
2008-08-13,1.7102787494659424
2008-08-14,1.651556134223938
2008-08-15,1.776341199874878
2008-08-18,1.724958896636963
2008-08-19,1.7616603374481201
2008-08-20,1.7910208702087402
2008-08-21,1.7690002918243408
2008-08-22,1.9084649085998535
2008-08-25,1.7983616590499878
2008-08-26,1.7543203830718994
2008-08-27,1.827722191810608
2008-08-28,1.827722191810608
2008-08-29,1.9011245965957642
2008-09-01,1.879103660583496
2008-09-02,1.879103660583496
2008-09-03,1.9965482950210571
2008-09-04,1.959847092628479
2008-09-05,2.0185697078704834
2008-09-08,1.9378262758255005
2008-09-09,2.0185697078704834
2008-09-10,1.9084649085998535
2008-09-11,1.9304858446121216
2008-09-12,1.9451665878295898
2008-09-15,1.879103660583496
2008-09-16,1.8203824758529663
2008-09-17,1.9451665878295898
2008-09-18,1.8497428894042969
2008-09-19,1.9378262758255005
2008-09-22,1.9671865701675415
2008-09-23,1.827722191810608
2008-09-24,1.7910208702087402
2008-09-25,1.776341199874878
2008-09-26,1.7690002918243408
2008-09-29,1.7690002918243408
2008-09-30,1.78368079662323
2008-10-01,1.8644235134124756
2008-10-02,1.9011245965957642
2008-10-03,1.879103660583496
2008-10-06,1.8717637062072754
2008-10-07,1.9158049821853638
2008-10-08,1.9378262758255005
2008-10-09,1.9451665878295898
2008-10-10,1.959847092628479
2008-10-13,1.959847092628479
2008-10-14,1.9304858446121216
2008-10-15,1.9158049821853638
2008-10-16,1.9158049821853638
2008-10-17,2.0038888454437256
2008-10-20,2.047929286956787
2008-10-21,2.1286728382110596
2008-10-22,2.0846309661865234
2008-10-23,2.0332493782043457
2008-10-24,1.9818674325942993
2008-10-27,2.0846309661865234
2008-10-28,1.9084649085998535
2008-10-29,1.9818674325942993
2008-10-30,1.879103660583496
2008-10-31,1.8497428894042969
2008-11-03,1.9378262758255005
2008-11-04,1.9451665878295898
2008-11-05,1.9892082214355469
2008-11-06,1.9451665878295898
2008-11-07,1.9084649085998535
2008-11-10,1.9451665878295898
2008-11-11,2.025909185409546
2008-11-12,2.0332493782043457
2008-11-13,2.0332493782043457
2008-11-14,2.0332493782043457
2008-11-17,2.0038888454437256
2008-11-18,1.9745272397994995
2008-11-19,1.9671865701675415
2008-11-20,1.9304858446121216
2008-11-21,1.9525066614151
2008-11-24,1.9525066614151
2008-11-25,1.9011245965957642
2008-11-26,1.9011245965957642
2008-11-27,1.935500144958496
2008-11-28,1.935500144958496
2008-12-01,1.935500144958496
2008-12-02,1.8981355428695679
2008-12-03,1.8906625509262085
2008-12-04,1.8682430982589722
2008-12-05,1.8682430982589722
2008-12-08,1.8532980680465698
2008-12-09,1.8906625509262085
2008-12-10,1.8981355428695679
2008-12-11,1.8981355428695679
2008-12-12,1.8682430982589722
2008-12-15,1.8308792114257812
2008-12-16,1.8532980680465698
2008-12-17,1.8383519649505615
2008-12-18,1.860770583152771
2008-12-19,1.875717043876648
2008-12-22,1.8906625509262085
2008-12-23,1.9056084156036377
2008-12-24,1.9056084156036377
2008-12-29,1.9952845573425293
2008-12-30,2.032649517059326
2008-12-31,2.032649517059326
2009-01-02,2.032649517059326
2009-01-05,1.9952845573425293
2009-01-06,1.9056084156036377
2009-01-07,1.9056084156036377
2009-01-08,1.9130812883377075
2009-01-09,1.9205552339553833
2009-01-12,1.942973017692566
2009-01-13,1.9579195976257324
2009-01-14,1.980338454246521
2009-01-15,1.9579195976257324
2009-01-16,1.9579195976257324
2009-01-19,1.9205552339553833
2009-01-20,1.9130812883377075
2009-01-21,1.8906625509262085
2009-01-22,1.88318932056427
2009-01-23,1.88318932056427
2009-01-27,1.9205552339553833
2009-01-28,1.9653923511505127
2009-01-29,1.980338454246521
2009-01-30,2.0027568340301514
2009-02-02,2.0550689697265625
2009-02-03,2.0550689697265625
2009-02-04,1.9728655815124512
2009-02-05,1.942973017692566
2009-02-06,1.9878113269805908
2009-02-09,1.9878113269805908
2009-02-10,1.9878113269805908
2009-02-11,2.032649517059326
2009-02-12,2.0475950241088867
2009-02-13,2.0550689697265625
2009-02-16,2.010230302810669
2009-02-17,1.980338454246521
2009-02-18,2.0027568340301514
2009-02-19,1.980338454246521
2009-02-20,1.950446367263794
2009-02-23,1.980338454246521
2009-02-24,1.980338454246521
2009-02-25,1.8906625509262085
2009-02-26,1.9205552339553833
2009-02-27,2.0027568340301514
2009-03-02,1.935500144958496
2009-03-03,1.9205552339553833
2009-03-04,1.9205552339553833
2009-03-05,1.950446367263794
2009-03-06,2.010230302810669
2009-03-09,1.9728655815124512
2009-03-10,1.980338454246521
2009-03-11,2.025176525115967
2009-03-12,1.9653923511505127
2009-03-13,1.9056084156036377
2009-03-16,1.9728655815124512
2009-03-17,1.9056084156036377
2009-03-18,1.9280271530151367
2009-03-19,1.8906625509262085
2009-03-20,1.88318932056427
2009-03-23,1.8682430982589722
2009-03-24,1.88318932056427
2009-03-25,1.8906625509262085
2009-03-26,1.8906625509262085
2009-03-27,1.942973017692566
2009-03-30,1.9878113269805908
2009-03-31,1.942973017692566
2009-04-01,1.8981355428695679
2009-04-02,1.9130812883377075
2009-04-03,1.8308792114257812
2009-04-06,1.8308792114257812
2009-04-07,1.756149172782898
2009-04-08,1.8084607124328613
2009-04-09,1.8084607124328613
2009-04-14,1.7860416173934937
2009-04-15,1.7187846899032593
2009-04-16,1.7187846899032593
2009-04-17,1.7187846899032593
2009-04-20,1.748676061630249
2009-04-21,1.7860416173934937
2009-04-22,1.7187846899032593
2009-04-23,1.7710952758789062
2009-04-24,1.7710952758789062
2009-04-27,1.7710952758789062
2009-04-28,1.7636228799819946
2009-04-29,1.7710952758789062
2009-04-30,1.800986886024475
2009-05-01,1.748676061630249
2009-05-04,1.7710952758789062
2009-05-05,1.8159329891204834
2009-05-06,1.800986886024475
2009-05-07,1.800986886024475
2009-05-08,1.88318932056427
2009-05-11,1.9056084156036377
2009-05-12,1.8682430982589722
2009-05-13,1.8308792114257812
2009-05-14,1.800986886024475
2009-05-15,1.800986886024475
2009-05-18,1.8682430982589722
2009-05-19,1.8084607124328613
2009-05-20,1.8234058618545532
2009-05-21,1.860770583152771
2009-05-22,1.860770583152771
2009-05-25,1.8682430982589722
2009-05-26,1.7187846899032593
2009-05-27,1.7113113403320312
2009-05-28,1.6291087865829468
2009-05-29,1.6739466190338135
2009-06-01,1.7262569665908813
2009-06-02,1.7337299585342407
2009-06-03,1.7860416173934937
2009-06-04,1.800986886024475
2009-06-05,1.8383519649505615
2009-06-09,1.8383519649505615
2009-06-10,1.7935141324996948
2009-06-11,1.7860416173934937
2009-06-12,1.7785685062408447
2009-06-15,1.7295887470245361
2009-06-16,1.7525478601455688
2009-06-17,1.7831602096557617
2009-06-18,1.7219353914260864
2009-06-19,1.6836700439453125
2009-06-22,1.7295887470245361
2009-06-23,1.7295887470245361
2009-06-24,1.7678534984588623
2009-06-25,1.7984654903411865
2009-06-26,1.7908128499984741
2009-06-29,1.806119441986084
2009-06-30,1.813772201538086
2009-07-01,1.7984654903411865
2009-07-02,1.806119441986084
2009-07-03,1.7448948621749878
2009-07-06,1.7602007389068604
2009-07-07,1.7831602096557617
2009-07-08,1.7602007389068604
2009-07-09,1.7602007389068604
2009-07-10,1.7525478601455688
2009-07-13,1.7219353914260864
2009-07-14,1.7372416257858276
2009-07-15,1.7372416257858276
2009-07-16,1.7678534984588623
2009-07-17,1.8214256763458252
2009-07-20,1.7678534984588623
2009-07-21,1.8673431873321533
2009-07-22,1.9132617712020874
2009-07-23,1.9285675287246704
2009-07-24,1.8979560136795044
2009-07-27,1.943873643875122
2009-07-28,1.9285675287246704
2009-07-29,1.9285675287246704
2009-07-30,1.959179162979126
2009-07-31,1.974485993385315
2009-08-03,1.974485993385315
2009-08-04,2.0357110500335693
2009-08-05,1.9515266418457031
2009-08-06,1.9515266418457031
2009-08-07,1.982139229774475
2009-08-10,2.058669328689575
2009-08-11,2.005098342895508
2009-08-12,2.005098342895508
2009-08-13,2.0816290378570557
2009-08-14,2.0816290378570557
2009-08-17,2.0816290378570557
2009-08-18,2.028057813644409
2009-08-19,2.0969347953796387
2009-08-20,1.9897916316986084
2009-08-21,1.9974452257156372
2009-08-24,2.0739760398864746
2009-08-25,2.028057813644409
2009-08-26,2.012752056121826
2009-08-27,2.012752056121826
2009-08-28,2.012752056121826
2009-08-31,2.028057813644409
2009-09-01,2.028057813644409
2009-09-02,2.0739760398864746
2009-09-03,2.142853021621704
2009-09-04,2.142853021621704
2009-09-07,2.142853021621704
2009-09-08,2.0739760398864746
2009-09-09,2.1198947429656982
2009-09-10,2.1198947429656982
2009-09-11,2.0816290378570557
2009-09-14,2.028057813644409
2009-09-15,1.982139229774475
2009-09-16,1.959179162979126
2009-09-17,2.0663228034973145
2009-09-18,1.9897916316986084
2009-09-21,2.043363571166992
2009-09-22,1.9974452257156372
2009-09-23,2.0357110500335693
2009-09-24,2.012752056121826
2009-09-25,2.0204052925109863
2009-09-28,2.043363571166992
2009-09-29,2.0204052925109863
2009-09-30,2.058669328689575
2009-10-01,2.012752056121826
2009-10-02,2.028057813644409
2009-10-05,2.028057813644409
2009-10-06,2.0357110500335693
2009-10-07,2.0357110500335693
2009-10-08,1.9285675287246704
2009-10-09,1.8903026580810547
2009-10-12,1.8443841934204102
2009-10-13,1.8443841934204102
2009-10-14,1.852037787437439
2009-10-15,1.8443841934204102
2009-10-16,1.8596903085708618
2009-10-19,1.8826494216918945
2009-10-20,1.8443841934204102
2009-10-21,1.8443841934204102
2009-10-22,1.7984654903411865
2009-10-23,1.852037787437439
2009-10-26,1.8443841934204102
2009-10-27,1.8903026580810547
2009-10-28,1.8749967813491821
2009-10-29,1.8903026580810547
2009-10-30,1.8903026580810547
2009-11-02,1.8903026580810547
2009-11-03,1.8673431873321533
2009-11-04,1.8979560136795044
2009-11-05,1.9285675287246704
2009-11-06,1.8903026580810547
2009-11-09,1.9362210035324097
2009-11-10,1.9285675287246704
2009-11-11,1.9362210035324097
2009-11-12,1.8903026580810547
2009-11-13,1.8290787935256958
2009-11-16,1.8903026580810547
2009-11-17,1.8673431873321533
2009-11-18,1.8596903085708618
2009-11-19,1.9362210035324097
2009-11-20,1.9362210035324097
2009-11-23,1.9285675287246704
2009-11-24,1.9056084156036377
2009-11-25,1.8979560136795044
2009-11-26,1.920914888381958
2009-11-27,1.9132617712020874
2009-11-30,1.9285675287246704
2009-12-01,1.9285675287246704
2009-12-02,1.943873643875122
2009-12-03,1.9285675287246704
2009-12-04,1.9362210035324097
2009-12-07,2.005098342895508
2009-12-08,2.012752056121826
2009-12-09,2.028057813644409
2009-12-10,2.043363571166992
2009-12-11,2.028057813644409
2009-12-14,1.9132617712020874
2009-12-15,2.0204052925109863
2009-12-16,2.058669328689575
2009-12-17,1.9974452257156372
2009-12-18,2.005098342895508
2009-12-21,2.005098342895508
2009-12-22,2.0510165691375732
2009-12-23,2.058669328689575
2009-12-24,2.058669328689575
2009-12-29,2.0510165691375732
2009-12-30,2.112241268157959
2009-12-31,2.112241268157959
2010-01-04,2.0739760398864746
2010-01-05,2.028057813644409
2010-01-06,2.0969347953796387
2010-01-07,2.0969347953796387
2010-01-08,2.0663228034973145
2010-01-11,1.9974452257156372
2010-01-12,1.9974452257156372
2010-01-13,1.9974452257156372
2010-01-14,2.028057813644409
2010-01-15,2.058669328689575
2010-01-18,2.028057813644409
2010-01-19,2.0204052925109863
2010-01-20,2.012752056121826
2010-01-21,2.0357110500335693
2010-01-22,2.0204052925109863
2010-01-25,1.9897916316986084
2010-01-27,2.028057813644409
2010-01-28,2.043363571166992
2010-01-29,2.0510165691375732
2010-02-01,2.0510165691375732
2010-02-02,2.1045877933502197
2010-02-03,2.0816290378570557
2010-02-04,2.0510165691375732
2010-02-05,2.043363571166992
2010-02-08,2.043363571166992
2010-02-09,2.0204052925109863
2010-02-10,2.0204052925109863
2010-02-11,1.9974452257156372
2010-02-12,1.982139229774475
2010-02-15,1.974485993385315
2010-02-16,1.974485993385315
2010-02-17,1.9362210035324097
2010-02-18,1.9515266418457031
2010-02-19,1.9668333530426025
2010-02-22,2.005098342895508
2010-02-23,1.974485993385315
2010-02-24,2.005098342895508
2010-02-25,1.974485993385315
2010-02-26,2.0204052925109863
2010-03-01,1.9897916316986084
2010-03-02,2.0204052925109863
2010-03-03,1.9897916316986084
2010-03-04,1.9515266418457031
2010-03-05,1.9132617712020874
2010-03-08,1.9132617712020874
2010-03-09,1.9132617712020874
2010-03-10,1.920914888381958
2010-03-11,1.9362210035324097
2010-03-12,1.920914888381958
2010-03-15,1.920914888381958
2010-03-16,1.920914888381958
2010-03-17,1.920914888381958
2010-03-18,1.9132617712020874
2010-03-19,1.9285675287246704
2010-03-22,1.9056084156036377
2010-03-23,1.9132617712020874
2010-03-24,1.9132617712020874
2010-03-25,1.9132617712020874
2010-03-26,1.9132617712020874
2010-03-29,1.9362210035324097
2010-03-30,1.9132617712020874
2010-03-31,1.943873643875122
2010-04-01,1.9056084156036377
2010-04-06,1.920914888381958
2010-04-07,1.9132617712020874
2010-04-08,1.9515266418457031
2010-04-09,1.9515266418457031
2010-04-12,1.9897916316986084
2010-04-13,2.005098342895508
2010-04-14,2.005098342895508
2010-04-15,1.9974452257156372
2010-04-16,1.9897916316986084
2010-04-19,1.9897916316986084
2010-04-20,1.9897916316986084
2010-04-21,1.9897916316986084
2010-04-22,2.028057813644409
2010-04-23,2.028057813644409
2010-04-27,2.0510165691375732
2010-04-28,2.0816290378570557
2010-04-29,2.0816290378570557
2010-04-30,2.0816290378570557
2010-05-03,2.142853021621704
2010-05-04,2.142853021621704
2010-05-05,2.142853021621704
2010-05-06,2.1658122539520264
2010-05-07,2.0816290378570557
2010-05-10,2.0816290378570557
2010-05-11,2.089282274246216
2010-05-12,2.0739760398864746
2010-05-13,2.1045877933502197
2010-05-14,2.1045877933502197
2010-05-17,2.142853021621704
2010-05-18,2.135199546813965
2010-05-19,2.1045877933502197
2010-05-20,2.135199546813965
2010-05-21,2.089282274246216
2010-05-24,2.1045877933502197
2010-05-25,2.0739760398864746
2010-05-26,1.9897916316986084
2010-05-27,2.058669328689575
2010-05-28,1.9897916316986084
2010-05-31,1.9897916316986084
2010-06-01,1.974485993385315
2010-06-02,1.982139229774475
2010-06-03,1.959179162979126
2010-06-04,1.9515266418457031
2010-06-07,1.9132617712020874
2010-06-08,1.959179162979126
2010-06-09,2.0204052925109863
2010-06-10,1.9897916316986084
2010-06-11,1.974485993385315
2010-06-15,1.9897916316986084
2010-06-16,1.982139229774475
2010-06-17,1.982139229774475
2010-06-18,1.974485993385315
2010-06-21,1.9686055183410645
2010-06-22,1.9147768020629883
2010-06-23,1.891707181930542
2010-06-24,1.9609158039093018
2010-06-25,1.9455362558364868
2010-06-28,1.9301564693450928
2010-06-29,1.9609158039093018
2010-06-30,1.9532265663146973
2010-07-01,1.9378464221954346
2010-07-02,1.9147768020629883
2010-07-05,1.9532265663146973
2010-07-06,1.9455362558364868
2010-07-07,1.9455362558364868
2010-07-08,1.9378464221954346
2010-07-09,1.9224662780761719
2010-07-12,1.8993971347808838
2010-07-13,1.9301564693450928
2010-07-14,1.9147768020629883
2010-07-15,1.9147768020629883
2010-07-16,1.8993971347808838
2010-07-19,1.876327395439148
2010-07-20,1.876327395439148
2010-07-21,1.876327395439148
2010-07-22,1.8148086071014404
2010-07-23,1.8148086071014404
2010-07-26,1.8455679416656494
2010-07-27,1.8455679416656494
2010-07-28,1.8455679416656494
2010-07-29,1.8840174674987793
2010-07-30,1.8840174674987793
2010-08-02,1.8840174674987793
2010-08-03,1.8993971347808838
2010-08-04,1.8455679416656494
2010-08-05,1.7994288206100464
2010-08-06,1.7763586044311523
2010-08-09,1.7917393445968628
2010-08-10,1.80711829662323
2010-08-11,1.7840484380722046
2010-08-12,1.7686692476272583
2010-08-13,1.7379097938537598
2010-08-16,1.7379097938537598
2010-08-17,1.7379097938537598
2010-08-18,1.7071506977081299
2010-08-19,1.7071506977081299
2010-08-20,1.6763911247253418
2010-08-23,1.6763911247253418
2010-08-24,1.7071506977081299
2010-08-25,1.714840054512024
2010-08-26,1.7225301265716553
2010-08-27,1.730219841003418
2010-08-30,1.7686692476272583
2010-08-31,1.7686692476272583
2010-09-01,1.7609789371490479
2010-09-02,1.7917393445968628
2010-09-03,1.7994288206100464
2010-09-06,1.7994288206100464
2010-09-07,1.8609477281570435
2010-09-08,1.8301881551742554
2010-09-09,1.80711829662323
2010-09-10,1.7686692476272583
2010-09-13,1.730219841003418
2010-09-14,1.745599627494812
2010-09-15,1.7609789371490479
2010-09-16,1.745599627494812
2010-09-17,1.7686692476272583
2010-09-20,1.7686692476272583
2010-09-21,1.7686692476272583
2010-09-22,1.8609477281570435
2010-09-23,1.80711829662323
2010-09-24,1.80711829662323
2010-09-27,1.80711829662323
2010-09-28,1.7763586044311523
2010-09-29,1.7763586044311523
2010-09-30,1.730219841003418
2010-10-01,1.7763586044311523
2010-10-04,1.7686692476272583
2010-10-05,1.7840484380722046
2010-10-06,1.8455679416656494
2010-10-07,1.8455679416656494
2010-10-08,1.8301881551742554
2010-10-11,1.8301881551742554
2010-10-12,1.8455679416656494
2010-10-13,1.8686373233795166
2010-10-14,1.8609477281570435
2010-10-15,1.8301881551742554
2010-10-18,1.8378779888153076
2010-10-19,1.8378779888153076
2010-10-20,1.8609477281570435
2010-10-21,1.907086730003357
2010-10-22,1.9301564693450928
2010-10-25,1.9301564693450928
2010-10-26,1.9301564693450928
2010-10-27,1.891707181930542
2010-10-28,1.907086730003357
2010-10-29,1.9224662780761719
2010-11-01,1.9224662780761719
2010-11-02,1.9224662780761719
2010-11-03,1.9224662780761719
2010-11-04,1.8609477281570435
2010-11-05,1.8301881551742554
2010-11-08,1.7686692476272583
2010-11-09,1.7686692476272583
2010-11-10,1.8301881551742554
2010-11-11,1.822497844696045
2010-11-12,1.8455679416656494
2010-11-15,1.8609477281570435
2010-11-16,1.8609477281570435
2010-11-17,1.80711829662323
2010-11-18,1.80711829662323
2010-11-19,1.80711829662323
2010-11-22,1.822497844696045
2010-11-23,1.8148086071014404
2010-11-24,1.7840484380722046
2010-11-25,1.745599627494812
2010-11-26,1.7379097938537598
2010-11-29,1.7375457286834717
2010-11-30,1.7452683448791504
2010-12-01,1.783880352973938
2010-12-02,1.8224923610687256
2010-12-03,1.8688271045684814
2010-12-06,1.853381872177124
2010-12-07,1.853381872177124
2010-12-08,1.8765499591827393
2010-12-09,1.853381872177124
2010-12-10,1.8456597328186035
2010-12-13,1.8302152156829834
2010-12-14,1.7916028499603271
2010-12-15,1.783880352973938
2010-12-16,1.7761578559875488
2010-12-17,1.7684357166290283
2010-12-20,1.7761578559875488
2010-12-21,1.783880352973938
2010-12-22,1.8147703409194946
2010-12-23,1.8147703409194946
2010-12-24,1.8147703409194946
2010-12-29,1.8147703409194946
2010-12-30,1.853381872177124
2010-12-31,1.7993254661560059
2011-01-04,1.7993254661560059
2011-01-05,1.7993254661560059
2011-01-06,1.7993254661560059
2011-01-07,1.8302152156829834
2011-01-10,1.8302152156829834
2011-01-11,1.8302152156829834
2011-01-12,1.8302152156829834
2011-01-13,1.853381872177124
2011-01-14,1.8688271045684814
2011-01-17,1.8688271045684814
2011-01-18,1.8688271045684814
2011-01-19,1.8688271045684814
2011-01-20,1.8688271045684814
2011-01-21,1.853381872177124
2011-01-24,1.8919938802719116
2011-01-25,1.8997164964675903
2011-01-27,1.9228839874267578
2011-01-28,1.9228839874267578
2011-01-31,1.8919938802719116
2011-02-01,1.9074400663375854
2011-02-02,1.9306062459945679
2011-02-03,1.9306062459945679
2011-02-04,1.8919938802719116
2011-02-07,1.837937831878662
2011-02-08,1.853381872177124
2011-02-09,1.8456597328186035
2011-02-10,1.8224923610687256
2011-02-11,1.8224923610687256
2011-02-14,1.7761578559875488
2011-02-15,1.7684357166290283
2011-02-16,1.7684357166290283
2011-02-17,1.783880352973938
2011-02-18,1.783880352973938
2011-02-21,1.7684357166290283
2011-02-22,1.7684357166290283
2011-02-23,1.7607136964797974
2011-02-24,1.7529911994934082
2011-02-25,1.7452683448791504
2011-02-28,1.7452683448791504
2011-03-01,1.7298237085342407
2011-03-02,1.7143785953521729
2011-03-03,1.7066562175750732
2011-03-04,1.6989338397979736
2011-03-07,1.6989338397979736
2011-03-08,1.6989338397979736
2011-03-09,1.7066562175750732
2011-03-10,1.691211462020874
2011-03-11,1.691211462020874
2011-03-15,1.6680445671081543
2011-03-16,1.6680445671081543
2011-03-17,1.7066562175750732
2011-03-18,1.7143785953521729
2011-03-21,1.7143785953521729
2011-03-22,1.7761578559875488
2011-03-23,1.7607136964797974
2011-03-24,1.7761578559875488
2011-03-25,1.7452683448791504
2011-03-28,1.7375457286834717
2011-03-29,1.7684357166290283
2011-03-30,1.783880352973938
2011-03-31,1.783880352973938
2011-04-01,1.7684357166290283
2011-04-04,1.8070474863052368
2011-04-05,1.8224923610687256
2011-04-06,1.7916028499603271
2011-04-07,1.7684357166290283
2011-04-08,1.7684357166290283
2011-04-11,1.7375457286834717
2011-04-12,1.7761578559875488
2011-04-13,1.7761578559875488
2011-04-14,1.8456597328186035
2011-04-15,1.853381872177124
2011-04-18,1.837937831878662
2011-04-19,1.783880352973938
2011-04-20,1.783880352973938
2011-04-21,1.7607136964797974
2011-04-27,1.8147703409194946
2011-04-28,1.783880352973938
2011-04-29,1.7684357166290283
2011-05-02,1.7375457286834717
2011-05-03,1.7375457286834717
2011-05-04,1.6989338397979736
2011-05-05,1.7143785953521729
2011-05-06,1.7607136964797974
2011-05-09,1.7529911994934082
2011-05-10,1.6834895610809326
2011-05-11,1.7452683448791504
2011-05-12,1.7143785953521729
2011-05-13,1.7221013307571411
2011-05-16,1.7375457286834717
2011-05-17,1.7375457286834717
2011-05-18,1.7452683448791504
2011-05-19,1.7684357166290283
2011-05-20,1.7684357166290283
2011-05-23,1.7916028499603271
2011-05-24,1.7916028499603271
2011-05-25,1.7529911994934082
2011-05-26,1.7684357166290283
2011-05-27,1.7529911994934082
2011-05-30,1.7452683448791504
2011-05-31,1.7143785953521729
2011-06-01,1.7143785953521729
2011-06-02,1.7375457286834717
2011-06-03,1.7375457286834717
2011-06-06,1.7221013307571411
2011-06-07,1.7375457286834717
2011-06-08,1.7684357166290283
2011-06-09,1.7452683448791504
2011-06-10,1.7529911994934082
2011-06-14,1.7452683448791504
2011-06-15,1.7375457286834717
2011-06-16,1.7375457286834717
2011-06-17,1.7375457286834717
2011-06-20,1.7083104848861694
2011-06-21,1.7083104848861694
2011-06-22,1.7083104848861694
2011-06-23,1.677250623703003
2011-06-24,1.6384252309799194
2011-06-27,1.5995997190475464
2011-06-28,1.6073648929595947
2011-06-29,1.6228952407836914
2011-06-30,1.6461900472640991
2011-07-01,1.6539554595947266
2011-07-04,1.6461900472640991
2011-07-05,1.6306601762771606
2011-07-06,1.5995997190475464
2011-07-07,1.5995997190475464
2011-07-08,1.6073648929595947
2011-07-11,1.5995997190475464
2011-07-12,1.5763049125671387
2011-07-13,1.5840696096420288
2011-07-14,1.591834545135498
2011-07-15,1.591834545135498
2011-07-18,1.5995997190475464
2011-07-19,1.591834545135498
2011-07-20,1.560774803161621
2011-07-21,1.591834545135498
2011-07-22,1.560774803161621
2011-07-25,1.50641930103302
2011-07-26,1.5763049125671387
2011-07-27,1.5297147035598755
2011-07-28,1.5297147035598755
2011-07-29,1.5335969924926758
2011-08-02,1.5530097484588623
2011-08-03,1.5530097484588623
2011-08-04,1.5685398578643799
2011-08-05,1.537479043006897
2011-08-08,1.4442991018295288
2011-08-09,1.436533808708191
2011-08-10,1.490889072418213
2011-08-11,1.490889072418213
2011-08-12,1.4054738283157349
2011-08-15,1.4210039377212524
2011-08-16,1.4248862266540527
2011-08-17,1.4132388830184937
2011-08-18,1.436533808708191
2011-08-19,1.436533808708191
2011-08-22,1.436533808708191
2011-08-23,1.455946445465088
2011-08-24,1.4093563556671143
2011-08-25,1.4015909433364868
2011-08-26,1.3588836193084717
2011-08-29,1.3588836193084717
2011-08-30,1.3666484355926514
2011-08-31,1.351118564605713
2011-09-01,1.351118564605713
2011-09-02,1.3588836193084717
2011-09-05,1.351118564605713
2011-09-06,1.351118564605713
2011-09-07,1.3200583457946777
2011-09-08,1.3200583457946777
2011-09-09,1.3045283555984497
2011-09-12,1.3045283555984497
2011-09-13,1.3317058086395264
2011-09-14,1.3317058086395264
2011-09-15,1.3355885744094849
2011-09-16,1.382178544998169
2011-09-19,1.3705308437347412
2011-09-20,1.4132388830184937
2011-09-21,1.397708535194397
2011-09-22,1.4442991018295288
2011-09-23,1.5258320569992065
2011-09-26,1.4986540079116821
2011-09-27,1.5530097484588623
2011-09-28,1.5530097484588623
2011-09-29,1.5141843557357788
2011-09-30,1.5219494104385376
2011-10-04,1.6073648929595947
2011-10-05,1.615129828453064
2011-10-06,1.5685398578643799
2011-10-07,1.591834545135498
2011-10-10,1.5763049125671387
2011-10-11,1.6073648929595947
2011-10-12,1.5763049125671387
2011-10-13,1.5141843557357788
2011-10-14,1.4831242561340332
2011-10-17,1.4831242561340332
2011-10-18,1.490889072418213
2011-10-19,1.490889072418213
2011-10-20,1.4753592014312744
2011-10-21,1.4598290920257568
2011-10-24,1.436533808708191
2011-10-25,1.3938261270523071
2011-10-26,1.3666484355926514
2011-10-27,1.3666484355926514
2011-10-28,1.3666484355926514
2011-10-31,1.4132388830184937
2011-11-02,1.4132388830184937
2011-11-03,1.4210039377212524
2011-11-04,1.4210039377212524
2011-11-07,1.4054738283157349
2011-11-08,1.4287691116333008
2011-11-09,1.4132388830184937
2011-11-10,1.397708535194397
2011-11-11,1.3899433612823486
2011-11-14,1.4054738283157349
2011-11-15,1.3938261270523071
2011-11-16,1.4132388830184937
2011-11-17,1.397708535194397
2011-11-18,1.397708535194397
2011-11-21,1.417121410369873
2011-11-22,1.4210039377212524
2011-11-23,1.417121410369873
2011-11-24,1.3899433612823486
2011-11-25,1.3899433612823486
2011-11-28,1.397382378578186
2011-11-29,1.4208025932312012
2011-11-30,1.4208025932312012
2011-12-01,1.4051893949508667
2011-12-02,1.4051893949508667
2011-12-05,1.4520286321640015
2011-12-06,1.428609013557434
2011-12-07,1.4208025932312012
2011-12-08,1.4129959344863892
2011-12-09,1.4129959344863892
2011-12-12,1.4051893949508667
2011-12-13,1.428609013557434
2011-12-14,1.4051893949508667
2011-12-15,1.444222331047058
2011-12-16,1.444222331047058
2011-12-19,1.444222331047058
2011-12-20,1.397382378578186
2011-12-21,1.3817689418792725
2011-12-22,1.3817689418792725
2011-12-23,1.3817689418792725
2011-12-28,1.3817689418792725
2011-12-29,1.4520286321640015
2011-12-30,1.4520286321640015
2012-01-03,1.4520286321640015
2012-01-04,1.4832552671432495
2012-01-05,1.4520286321640015
2012-01-06,1.4520286321640015
2012-01-09,1.4520286321640015
2012-01-10,1.4520286321640015
2012-01-11,1.3661562204360962
2012-01-12,1.3661562204360962
2012-01-13,1.3271232843399048
2012-01-16,1.3271232843399048
2012-01-17,1.3544461727142334
2012-01-18,1.3544461727142334
2012-01-19,1.3544461727142334
2012-01-20,1.3661562204360962
2012-01-23,1.3661562204360962
2012-01-24,1.3661562204360962
2012-01-25,1.3271232843399048
2012-01-27,1.299799919128418
2012-01-30,1.299799919128418
2012-01-31,1.2802835702896118
2012-02-01,1.2802835702896118
2012-02-02,1.2802835702896118
2012-02-03,1.2802835702896118
2012-02-06,1.2802835702896118
2012-02-07,1.2802835702896118
2012-02-08,1.2802835702896118
2012-02-09,1.2880899906158447
2012-02-10,1.2802835702896118
2012-02-13,1.3037034273147583
2012-02-14,1.2880899906158447
2012-02-15,1.3271232843399048
2012-02-16,1.2958965301513672
2012-02-17,1.2958965301513672
2012-02-20,1.2880899906158447
2012-02-21,1.3115099668502808
2012-02-22,1.2958965301513672
2012-02-23,1.2958965301513672
2012-02-24,1.2958965301513672
2012-02-27,1.299799919128418
2012-02-28,1.299799919128418
2012-02-29,1.299799919128418
2012-03-01,1.3193168640136719
2012-03-02,1.3193168640136719
2012-03-05,1.3349297046661377
2012-03-06,1.3505429029464722
2012-03-07,1.3817689418792725
2012-03-08,1.3895758390426636
2012-03-09,1.4051893949508667
2012-03-12,1.444222331047058
2012-03-13,1.444222331047058
2012-03-14,1.4832552671432495
2012-03-15,1.467641830444336
2012-03-16,1.467641830444336
2012-03-19,1.467641830444336
2012-03-20,1.4051893949508667
2012-03-21,1.37396240234375
2012-03-22,1.37396240234375
2012-03-23,1.37396240234375
2012-03-26,1.3505429029464722
2012-03-27,1.3778660297393799
2012-03-28,1.3544461727142334
2012-03-29,1.3661562204360962
2012-03-30,1.3700593709945679
2012-04-02,1.3700593709945679
2012-04-03,1.3700593709945679
2012-04-04,1.3661562204360962
2012-04-05,1.3661562204360962
2012-04-10,1.3661562204360962
2012-04-11,1.4051893949508667
2012-04-12,1.3583494424819946
2012-04-13,1.3505429029464722
2012-04-16,1.3271232843399048
2012-04-17,1.3895758390426636
2012-04-18,1.3661562204360962
2012-04-19,1.3661562204360962
2012-04-20,1.3349297046661377
2012-04-23,1.3505429029464722
2012-04-24,1.3427361249923706
2012-04-26,1.3661562204360962
2012-04-27,1.3661562204360962
2012-04-30,1.3583494424819946
2012-05-01,1.3583494424819946
2012-05-02,1.3427361249923706
2012-05-03,1.3427361249923706
2012-05-04,1.3622527122497559
2012-05-07,1.3661562204360962
2012-05-08,1.3661562204360962
2012-05-09,1.3661562204360962
2012-05-10,1.397382378578186
2012-05-11,1.4129959344863892
2012-05-14,1.4129959344863892
2012-05-15,1.401286005973816
2012-05-16,1.4364155530929565
2012-05-17,1.4325124025344849
2012-05-18,1.4325124025344849
2012-05-21,1.4325124025344849
2012-05-22,1.4754488468170166
2012-05-23,1.514481782913208
2012-05-24,1.514481782913208
2012-05-25,1.4051893949508667
2012-05-28,1.3115099668502808
2012-05-29,1.3037034273147583
2012-05-30,1.2880899906158447
2012-05-31,1.2412505149841309
2012-06-01,1.2139270305633545
2012-06-04,1.2412505149841309
2012-06-05,1.2958965301513672
2012-06-06,1.2958965301513672
2012-06-07,1.276380181312561
2012-06-08,1.2724769115447998
2012-06-12,1.2568635940551758
2012-06-13,1.2217340469360352
2012-06-14,1.2568635940551758
2012-06-15,1.2841867208480835
2012-06-18,1.2800679206848145
2012-06-19,1.2800679206848145
2012-06-20,1.1952683925628662
2012-06-21,1.1952683925628662
2012-06-22,1.1952683925628662
2012-06-25,1.2275729179382324
2012-06-26,1.2356493473052979
2012-06-27,1.2356493473052979
2012-06-28,1.2437249422073364
2012-06-29,1.2275729179382324
2012-07-02,1.2275729179382324
2012-07-03,1.267953872680664
2012-07-04,1.2518017292022705
2012-07-05,1.3002580404281616
2012-07-06,1.2921825647354126
2012-07-09,1.2921825647354126
2012-07-10,1.2921825647354126
2012-07-11,1.2598774433135986
2012-07-12,1.2518017292022705
2012-07-13,1.2760297060012817
2012-07-16,1.2760297060012817
2012-07-17,1.2437249422073364
2012-07-18,1.2356493473052979
2012-07-19,1.2356493473052979
2012-07-20,1.2598774433135986
2012-07-23,1.2235350608825684
2012-07-24,1.2194968461990356
2012-07-25,1.2114207744598389
2012-07-26,1.1952683925628662
2012-07-27,1.1952683925628662
2012-07-30,1.1952683925628662
2012-07-31,1.1952683925628662
2012-08-01,1.2194968461990356
2012-08-02,1.179116129875183
2012-08-03,1.179116129875183
2012-08-06,1.1871922016143799
2012-08-07,1.1871922016143799
2012-08-08,1.179116129875183
2012-08-09,1.1871922016143799
2012-08-10,1.1871922016143799
2012-08-13,1.1871922016143799
2012-08-14,1.1952683925628662
2012-08-15,1.179116129875183
2012-08-16,1.1831543445587158
2012-08-17,1.203344464302063
2012-08-20,1.2114207744598389
2012-08-21,1.2235350608825684
2012-08-22,1.2760297060012817
2012-08-23,1.2639158964157104
2012-08-24,1.2841061353683472
2012-08-27,1.3083341121673584
2012-08-28,1.3164106607437134
2012-08-29,1.320448875427246
2012-08-30,1.3285245895385742
2012-08-31,1.3406386375427246
2012-09-03,1.3406386375427246
2012-09-04,1.3527530431747437
2012-09-05,1.3527530431747437
2012-09-06,1.3689054250717163
2012-09-07,1.3810194730758667
2012-09-10,1.4012099504470825
2012-09-11,1.3971723318099976
2012-09-12,1.4214000701904297
2012-09-13,1.429476022720337
2012-09-14,1.3002580404281616
2012-09-17,1.3648673295974731
2012-09-18,1.3890959024429321
2012-09-19,1.3567911386489868
2012-09-20,1.4133244752883911
2012-09-21,1.4133244752883911
2012-09-24,1.37294340133667
2012-09-25,1.37294340133667
2012-09-26,1.3810194730758667
2012-09-27,1.4133244752883911
2012-09-28,1.4860093593597412
2012-10-01,1.453704833984375
2012-10-02,1.453704833984375
2012-10-03,1.4617806673049927
2012-10-04,1.4617806673049927
2012-10-05,1.4617806673049927
2012-10-08,1.4617806673049927
2012-10-09,1.465819239616394
2012-10-10,1.4698573350906372
2012-10-11,1.453704833984375
2012-10-12,1.4617806673049927
2012-10-15,1.4617806673049927
2012-10-16,1.457742691040039
2012-10-17,1.457742691040039
2012-10-18,1.4940853118896484
2012-10-19,1.5263901948928833
2012-10-22,1.5506185293197632
2012-10-23,1.5344665050506592
2012-10-24,1.5506185293197632
2012-10-25,1.5223519802093506
2012-10-26,1.4981236457824707
2012-10-29,1.4940853118896484
2012-10-30,1.5183138847351074
2012-10-31,1.5021613836288452
2012-11-01,1.5021613836288452
2012-11-02,1.510237693786621
2012-11-05,1.4940853118896484
2012-11-06,1.510237693786621
2012-11-07,1.510237693786621
2012-11-08,1.5344665050506592
2012-11-09,1.5344665050506592
2012-11-12,1.5586944818496704
2012-11-13,1.54658043384552
2012-11-14,1.5344665050506592
2012-11-15,1.5425420999526978
2012-11-16,1.5506185293197632
2012-11-19,1.5506185293197632
2012-11-20,1.5425420999526978
2012-11-21,1.5546563863754272
2012-11-22,1.5788851976394653
2012-11-23,1.5667705535888672
2012-11-26,1.582620620727539
2012-11-27,1.6029105186462402
2012-11-28,1.5988523960113525
2012-11-29,1.6069684028625488
2012-11-30,1.6029105186462402
2012-12-03,1.6637800931930542
2012-12-04,1.6718963384628296
2012-12-05,1.6962445974349976
2012-12-06,1.6718963384628296
2012-12-07,1.6881283521652222
2012-12-10,1.6718963384628296
2012-12-11,1.680012583732605
2012-12-12,1.639432668685913
2012-12-13,1.5947941541671753
2012-12-14,1.5947941541671753
2012-12-17,1.5988523960113525
2012-12-18,1.5988523960113525
2012-12-19,1.5866786241531372
2012-12-20,1.6069684028625488
2012-12-21,1.5907363891601562
2012-12-24,1.582620620727539
2012-12-27,1.558272361755371
2012-12-28,1.6069684028625488
2012-12-31,1.6069684028625488
2013-01-02,1.6150844097137451
2013-01-03,1.5907363891601562
2013-01-04,1.5501559972763062
2013-01-07,1.5501559972763062
2013-01-08,1.5501559972763062
2013-01-09,1.5907363891601562
2013-01-10,1.582620620727539
2013-01-11,1.582620620727539
2013-01-14,1.582620620727539
2013-01-15,1.5745044946670532
2013-01-16,1.5745044946670532
2013-01-17,1.5988523960113525
2013-01-18,1.5745044946670532
2013-01-21,1.5988523960113525
2013-01-22,1.5745044946670532
2013-01-23,1.582620620727539
2013-01-24,1.5907363891601562
2013-01-25,1.582620620727539
2013-01-29,1.582620620727539
2013-01-30,1.5907363891601562
2013-01-31,1.5258082151412964
2013-02-01,1.582620620727539
2013-02-04,1.582620620727539
2013-02-05,1.5663883686065674
2013-02-06,1.5663883686065674
2013-02-07,1.5501559972763062
2013-02-08,1.5501559972763062
2013-02-11,1.5176923274993896
2013-02-12,1.5420407056808472
2013-02-13,1.558272361755371
2013-02-14,1.5745044946670532
2013-02-15,1.5745044946670532
2013-02-18,1.558272361755371
2013-02-19,1.5420407056808472
2013-02-20,1.6637800931930542
2013-02-21,1.6637800931930542
2013-02-22,1.6556646823883057
2013-02-25,1.6881283521652222
2013-02-26,1.6556646823883057
2013-02-27,1.6637800931930542
2013-02-28,1.680012583732605
2013-03-01,1.680012583732605
2013-03-04,1.680012583732605
2013-03-05,1.6556646823883057
2013-03-06,1.680012583732605
2013-03-07,1.6718963384628296
2013-03-08,1.6881283521652222
2013-03-11,1.680012583732605
2013-03-12,1.6718963384628296
2013-03-13,1.6881283521652222
2013-03-14,1.736824870109558
2013-03-15,1.7124764919281006
2013-03-18,1.6556646823883057
2013-03-19,1.6313163042068481
2013-03-20,1.639432668685913
2013-03-21,1.639432668685913
2013-03-22,1.6637800931930542
2013-03-25,1.6556646823883057
2013-03-26,1.7287083864212036
2013-03-27,1.736824870109558
2013-03-28,1.7043604850769043
2013-04-02,1.7043604850769043
2013-04-03,1.6962445974349976
2013-04-04,1.6637800931930542
2013-04-05,1.680012583732605
2013-04-08,1.6637800931930542
2013-04-09,1.6637800931930542
2013-04-10,1.6475481986999512
2013-04-11,1.6069684028625488
2013-04-12,1.6475481986999512
2013-04-15,1.6475481986999512
2013-04-16,1.6475481986999512
2013-04-17,1.6881283521652222
2013-04-18,1.7043604850769043
2013-04-19,1.7205922603607178
2013-04-22,1.7530568838119507
2013-04-23,1.7774041891098022
2013-04-24,1.7611726522445679
2013-04-26,1.7774041891098022
2013-04-29,1.785520315170288
2013-04-30,1.785520315170288
2013-05-01,1.793636441230774
2013-05-02,1.793636441230774
2013-05-03,1.7449406385421753
2013-05-06,1.7774041891098022
2013-05-07,1.7611726522445679
2013-05-08,1.8017526865005493
2013-05-09,1.8261003494262695
2013-05-10,1.8261003494262695
2013-05-13,1.8585646152496338
2013-05-14,1.8342162370681763
2013-05-15,1.8991444110870361
2013-05-16,1.9721887111663818
2013-05-17,1.9559565782546997
2013-05-20,2.1020445823669434
2013-05-21,2.061464786529541
2013-05-22,2.0290005207061768
2013-05-23,2.1750881671905518
2013-05-24,2.199436902999878
2013-05-27,2.1913201808929443
2013-05-28,2.1669726371765137
2013-05-29,2.1913201808929443
2013-05-30,2.1913201808929443
2013-05-31,2.118276596069336
2013-06-03,2.134507656097412
2013-06-04,2.150740385055542
2013-06-05,2.134507656097412
2013-06-06,2.1913201808929443
2013-06-07,2.1750881671905518
2013-06-11,2.240016460418701
2013-06-12,2.2805967330932617
2013-06-13,2.3049447536468506
2013-06-14,2.26436448097229
2013-06-17,2.2010657787323
2013-06-18,2.209218740463257
2013-06-19,2.2907392978668213
2013-06-20,2.3559558391571045
2013-06-21,2.364107608795166
2013-06-24,2.364107608795166
2013-06-25,2.2825865745544434
2013-06-26,2.2825865745544434
2013-06-27,2.298891305923462
2013-06-28,2.347803831100464
2013-07-01,2.323347806930542
2013-07-02,2.3396518230438232
2013-07-03,2.3804123401641846
2013-07-04,2.445629596710205
2013-07-05,2.445629596710205
2013-07-08,2.470085859298706
2013-07-09,2.5189976692199707
2013-07-10,2.5271501541137695
2013-07-11,2.5271501541137695
2013-07-12,2.6249749660491943
2013-07-15,2.543454170227051
2013-07-16,2.494541883468628
2013-07-17,2.48638916015625
2013-07-18,2.470085859298706
2013-07-19,2.413020610809326
2013-07-22,2.445629596710205
2013-07-23,2.461933135986328
2013-07-24,2.5026938915252686
2013-07-25,2.48638916015625
2013-07-26,2.5189976692199707
2013-07-29,2.494541883468628
2013-07-30,2.5026938915252686
2013-07-31,2.5026938915252686
2013-08-01,2.567910671234131
2013-08-02,2.6249749660491943
2013-08-05,2.6738879680633545
2013-08-06,2.649430990219116
2013-08-07,2.657583713531494
2013-08-08,2.6168229579925537
2013-08-09,2.584214687347412
2013-08-12,2.5271501541137695
2013-08-13,2.59236741065979
2013-08-14,2.6005189418792725
2013-08-15,2.657583713531494
2013-08-16,2.657583713531494
2013-08-19,2.59236741065979
2013-08-20,2.5597586631774902
2013-08-21,2.543454170227051
2013-08-22,2.535301685333252
2013-08-23,2.48638916015625
2013-08-26,2.5189976692199707
2013-08-27,2.5108449459075928
2013-08-28,2.5108449459075928
2013-08-29,2.5271501541137695
2013-08-30,2.543454170227051
2013-09-02,2.59236741065979
2013-09-03,2.6086716651916504
2013-09-04,2.5597586631774902
2013-09-05,2.584214687347412
2013-09-06,2.5271501541137695
2013-09-09,2.567910671234131
2013-09-10,2.6005189418792725
2013-09-11,2.6086716651916504
2013-09-12,2.657583713531494
2013-09-13,2.682039737701416
2013-09-16,2.665736675262451
2013-09-17,2.6738879680633545
2013-09-18,2.6249749660491943
2013-09-19,2.6005189418792725
2013-09-20,2.633126974105835
2013-09-23,2.633126974105835
2013-09-24,2.6086716651916504
2013-09-25,2.6168229579925537
2013-09-26,2.682039737701416
2013-09-27,2.633126974105835
2013-09-30,2.649430990219116
2013-10-01,2.6005189418792725
2013-10-02,2.6086716651916504
2013-10-03,2.641279458999634
2013-10-04,2.657583713531494
2013-10-07,2.657583713531494
2013-10-08,2.6005189418792725
2013-10-09,2.5271501541137695
2013-10-10,2.584214687347412
2013-10-11,2.567910671234131
2013-10-14,2.5760624408721924
2013-10-15,2.535301685333252
2013-10-16,2.543454170227051
2013-10-17,2.5271501541137695
2013-10-18,2.5026938915252686
2013-10-21,2.48638916015625
2013-10-22,2.470085859298706
2013-10-23,2.461933135986328
2013-10-24,2.5026938915252686
2013-10-25,2.5516066551208496
2013-10-28,2.6086716651916504
2013-10-29,2.494541883468628
2013-10-30,2.5271501541137695
2013-10-31,2.567910671234131
2013-11-01,2.641279458999634
2013-11-04,2.649430990219116
2013-11-05,2.649430990219116
2013-11-06,2.5760624408721924
2013-11-07,2.682039737701416
2013-11-08,2.690192222595215
2013-11-11,2.7472569942474365
2013-11-12,2.7717127799987793
2013-11-13,2.8124735355377197
2013-11-14,2.8450818061828613
2013-11-15,2.7961692810058594
2013-11-18,2.755408763885498
2013-11-19,2.690192222595215
2013-11-20,2.6983437538146973
2013-11-21,2.730952024459839
2013-11-22,2.665736675262451
2013-11-25,2.657583713531494
2013-11-26,2.649430990219116
2013-11-27,2.641279458999634
2013-11-28,2.584214687347412
2013-11-29,2.739104747772217
2013-12-02,2.7959461212158203
2013-12-03,2.8122971057891846
2013-12-04,2.8776986598968506
2013-12-05,2.943101406097412
2013-12-06,2.836822748184204
2013-12-09,2.836822748184204
2013-12-10,2.7959461212158203
2013-12-11,2.8122971057891846
2013-12-12,2.853173017501831
2013-12-13,2.8449976444244385
2013-12-16,2.853173017501831
2013-12-17,2.910400152206421
2013-12-18,2.967628002166748
2013-12-19,2.9512767791748047
2013-12-20,2.9022252559661865
2013-12-23,2.861349105834961
2013-12-24,2.861349105834961
2013-12-27,2.943101406097412
2013-12-30,2.943101406097412
2013-12-31,2.9185757637023926
2014-01-02,2.926751136779785
2014-01-03,2.9022252559661865
2014-01-06,2.9349260330200195
2014-01-07,2.9185757637023926
2014-01-08,2.9022252559661865
2014-01-09,2.9022252559661865
2014-01-10,2.9022252559661865
2014-01-13,2.983978033065796
2014-01-14,2.9022252559661865
2014-01-15,2.926751136779785
2014-01-16,2.9921531677246094
2014-01-17,3.0248539447784424
2014-01-20,2.9921531677246094
2014-01-21,3.049379825592041
2014-01-22,3.1883599758148193
2014-01-23,3.1638333797454834
2014-01-24,3.1229569911956787
2014-01-28,3.1311328411102295
2014-01-29,3.0739052295684814
2014-01-30,3.106607437133789
2014-01-31,3.033029556274414
2014-02-03,3.065730571746826
2014-02-04,2.9758026599884033
2014-02-05,3.049379825592041
2014-02-06,3.033029556274414
2014-02-07,3.0575547218322754
2014-02-10,3.0248539447784424
2014-02-11,3.0085034370422363
2014-02-12,3.049379825592041
2014-02-13,3.065730571746826
2014-02-14,3.0739052295684814
2014-02-17,3.0820810794830322
2014-02-18,3.155658483505249
2014-02-19,3.1638333797454834
2014-02-20,3.1474835872650146
2014-02-21,3.139307975769043
2014-02-24,3.1311328411102295
2014-02-25,3.106607437133789
2014-02-26,3.1229569911956787
2014-02-27,3.1147820949554443
2014-02-28,3.0575547218322754
2014-03-03,3.0575547218322754
2014-03-04,3.0739052295684814
2014-03-05,3.1311328411102295
2014-03-06,3.1801843643188477
2014-03-07,3.1801843643188477
2014-03-10,3.2128851413726807
2014-03-11,3.2864632606506348
2014-03-12,3.3355154991149902
2014-03-13,3.30281400680542
2014-03-14,3.229236364364624
2014-03-17,3.196535587310791
2014-03-18,3.245587110519409
2014-03-19,3.1883599758148193
2014-03-20,3.196535587310791
2014-03-21,3.2128851413726807
2014-03-24,3.1801843643188477
2014-03-25,3.1720094680786133
2014-03-26,3.2210607528686523
2014-03-27,3.2374110221862793
2014-03-28,3.2128851413726807
2014-03-31,3.261937379837036
2014-04-01,3.229236364364624
2014-04-02,3.1720094680786133
2014-04-03,3.2047104835510254
2014-04-04,3.0820810794830322
2014-04-07,3.065730571746826
2014-04-08,3.090256690979004
2014-04-09,3.106607437133789
2014-04-10,3.2047104835510254
2014-04-11,3.1147820949554443
2014-04-14,3.0739052295684814
2014-04-15,3.065730571746826
2014-04-16,3.0575547218322754
2014-04-17,3.0412044525146484
2014-04-22,3.000328540802002
2014-04-23,3.033029556274414
2014-04-24,3.0739052295684814
2014-04-28,2.9921531677246094
2014-04-29,3.0248539447784424
2014-04-30,3.0575547218322754
2014-05-01,3.0820810794830322
2014-05-02,3.1147820949554443
2014-05-05,3.1474835872650146
2014-05-06,3.1801843643188477
2014-05-07,3.229236364364624
2014-05-08,3.1474835872650146
2014-05-09,3.106607437133789
2014-05-12,3.106607437133789
2014-05-13,3.1638333797454834
2014-05-14,3.2047104835510254
2014-05-15,3.2374110221862793
2014-05-16,3.2374110221862793
2014-05-19,3.245587110519409
2014-05-20,3.2128851413726807
2014-05-21,3.1229569911956787
2014-05-22,3.1883599758148193
2014-05-23,3.2210607528686523
2014-05-26,3.2701127529144287
2014-05-27,3.3109893798828125
2014-05-28,3.3191637992858887
2014-05-29,3.351865291595459
2014-05-30,3.4336183071136475
2014-06-02,3.384566068649292
2014-06-03,3.3355154991149902
2014-06-04,3.3191637992858887
2014-06-05,3.409092664718628
2014-06-06,3.4908456802368164
2014-06-10,3.4663190841674805
2014-06-11,3.5317223072052
2014-06-12,3.6052989959716797
2014-06-13,3.63800048828125
2014-06-16,3.6788766384124756
2014-06-17,3.6788766384124756
2014-06-18,3.691319465637207
2014-06-19,3.666433572769165
2014-06-20,3.53371262550354
2014-06-23,3.575188636779785
2014-06-24,3.583483934402466
2014-06-25,3.53371262550354
2014-06-26,3.6166634559631348
2014-06-27,3.649843692779541
2014-06-30,3.674729347229004
2014-07-01,3.633253812789917
2014-07-02,3.6415491104125977
2014-07-03,3.6249587535858154
2014-07-04,3.666433572769165
2014-07-07,3.6415491104125977
2014-07-08,3.591778039932251
2014-07-09,3.5585975646972656
2014-07-10,3.5668935775756836
2014-07-11,3.6166634559631348
2014-07-14,3.633253812789917
2014-07-15,3.575188636779785
2014-07-16,3.591778039932251
2014-07-17,3.575188636779785
2014-07-18,3.5420081615448
2014-07-21,3.5503034591674805
2014-07-22,3.6083686351776123
2014-07-23,3.5503034591674805
2014-07-24,3.4590566158294678
2014-07-25,3.492237091064453
2014-07-28,3.4839422702789307
2014-07-29,3.492237091064453
2014-07-30,3.5420081615448
2014-07-31,3.6000735759735107
2014-08-01,3.5088272094726562
2014-08-04,3.5668935775756836
2014-08-05,3.591778039932251
2014-08-06,3.6249587535858154
2014-08-07,3.649843692779541
2014-08-08,3.6166634559631348
2014-08-11,3.6581389904022217
2014-08-12,3.6581389904022217
2014-08-13,3.6083686351776123
2014-08-14,3.591778039932251
2014-08-15,3.6000735759735107
2014-08-18,3.649843692779541
2014-08-19,3.633253812789917
2014-08-20,3.6166634559631348
2014-08-21,3.583483934402466
2014-08-22,3.583483934402466
2014-08-25,3.666433572769165
2014-08-26,3.666433572769165
2014-08-27,3.7327942848205566
2014-08-28,3.807451009750366
2014-08-29,3.7825655937194824
2014-09-01,3.707909345626831
2014-09-02,3.749385356903076
2014-09-03,3.7327942848205566
2014-09-04,3.724499225616455
2014-09-05,3.691319465637207
2014-09-08,3.7327942848205566
2014-09-09,3.815746545791626
2014-09-10,3.8986964225769043
2014-09-11,3.8821067810058594
2014-09-12,3.8904013633728027
2014-09-15,3.923581600189209
2014-09-16,3.857222318649292
2014-09-17,3.815746545791626
2014-09-18,3.824042320251465
2014-09-19,3.749385356903076
2014-09-22,3.848925828933716
2014-09-23,3.86551570892334
2014-09-24,3.824042320251465
2014-09-25,3.848925828933716
2014-09-26,3.8406314849853516
2014-09-29,3.8323371410369873
2014-09-30,3.8323371410369873
2014-10-01,3.8986964225769043
2014-10-02,3.8821067810058594
2014-10-03,3.8738107681274414
2014-10-06,3.8738107681274414
2014-10-07,3.815746545791626
2014-10-08,3.790860891342163
2014-10-09,3.848925828933716
2014-10-10,3.8738107681274414
2014-10-13,3.8904013633728027
2014-10-14,3.86551570892334
2014-10-15,3.8821067810058594
2014-10-16,3.8986964225769043
2014-10-17,3.9567627906799316
2014-10-20,3.9484670162200928
2014-10-21,4.006533622741699
2014-10-22,4.122663974761963
2014-10-23,4.06459903717041
2014-10-24,4.089483261108398
2014-10-27,4.097779750823975
2014-10-28,4.139255046844482
2014-10-29,4.139255046844482
2014-10-30,4.106074810028076
2014-10-31,4.130959510803223
2014-11-03,4.089483261108398
2014-11-04,4.089483261108398
2014-11-05,4.014827728271484
2014-11-06,4.014827728271484
2014-11-07,4.048009395599365
2014-11-10,4.139255046844482
2014-11-11,4.139255046844482
2014-11-12,4.147549629211426
2014-11-13,4.048009395599365
2014-11-14,4.130959510803223
2014-11-17,4.1143693923950195
2014-11-18,4.247091770172119
2014-11-19,4.247091770172119
2014-11-20,4.338336944580078
2014-11-21,4.296861171722412
2014-11-24,4.230500221252441
2014-11-25,4.180729389190674
2014-11-26,4.238795757293701
2014-11-27,4.288568019866943
2014-11-28,4.230500221252441
2014-12-01,4.305156707763672
2014-12-02,4.412993431091309
2014-12-03,4.558534622192383
2014-12-04,4.608813762664795
2014-12-05,4.633952617645264
2014-12-08,4.608813762664795
2014-12-09,4.600433826446533
2014-12-10,4.70936918258667
2014-12-11,4.759647369384766
2014-12-12,4.835063457489014
2014-12-15,4.835063457489014
2014-12-16,4.876962184906006
2014-12-17,4.918860912322998
2014-12-18,4.960759162902832
2014-12-19,5.011037349700928
2014-12-22,5.011037349700928
2014-12-23,4.994277000427246
2014-12-24,4.977519512176514
2014-12-29,5.002656936645508
2014-12-30,4.985898017883301
2014-12-31,4.960759162902832
2015-01-02,4.95237922668457
2015-01-05,4.893722057342529
2015-01-06,4.818304061889648
2015-01-07,4.960759162902832
2015-01-08,4.92724084854126
2015-01-09,4.9356207847595215
2015-01-12,4.902101039886475
2015-01-13,4.868582725524902
2015-01-14,4.885342597961426
2015-01-15,4.776407241821289
2015-01-16,4.734508037567139
2015-01-19,4.659090995788574
2015-01-20,4.625572681427002
2015-01-21,4.625572681427002
2015-01-22,4.675849914550781
2015-01-23,4.768026828765869
2015-01-27,4.851823329925537
2015-01-28,4.885342597961426
2015-01-29,4.860202789306641
2015-01-30,4.92724084854126
2015-02-02,4.84344482421875
2015-02-03,4.92724084854126
2015-02-04,4.95237922668457
2015-02-05,5.011037349700928
2015-02-06,5.027797222137451
2015-02-09,4.994277000427246
2015-02-10,4.985898017883301
2015-02-11,5.1367316246032715
2015-02-12,5.161870956420898
2015-02-13,5.170251369476318
2015-02-16,5.237287998199463
2015-02-17,5.237287998199463
2015-02-18,5.220528602600098
2015-02-19,5.312705039978027
2015-02-20,5.304324150085449
2015-02-23,5.321084976196289
2015-02-24,5.295945644378662
2015-02-25,5.438399791717529
2015-02-26,5.488677978515625
2015-02-27,5.614372730255127
2015-03-02,5.538956165313721
2015-03-03,5.471917629241943
2015-03-04,5.421640396118164
2015-03-05,5.455159664154053
2015-03-06,5.438399791717529
2015-03-09,5.321084976196289
2015-03-10,5.304324150085449
2015-03-11,5.270806789398193
2015-03-12,5.279186725616455
2015-03-13,5.287566661834717
2015-03-16,5.362982749938965
2015-03-17,5.354602813720703
2015-03-18,5.287566661834717
2015-03-19,5.362982749938965
2015-03-20,5.396501064300537
2015-03-23,5.530576705932617
2015-03-24,5.471917629241943
2015-03-25,5.446778774261475
2015-03-26,5.346222877502441
2015-03-27,5.329464435577393
2015-03-30,5.362982749938965
2015-03-31,5.396501064300537
2015-04-01,5.346222877502441
2015-04-02,5.388121604919434
2015-04-07,5.446778774261475
2015-04-08,5.547334671020508
2015-04-09,5.614372730255127
2015-04-10,5.681410312652588
2015-04-13,5.689789772033691
2015-04-14,5.681410312652588
2015-04-15,5.781966686248779
2015-04-16,5.748446941375732
2015-04-17,5.748446941375732
2015-04-20,5.622752666473389
2015-04-21,5.614372730255127
2015-04-22,5.538956165313721
2015-04-23,5.379741668701172
2015-04-24,5.346222877502441
2015-04-27,5.430019378662109
2015-04-28,5.270806789398193
2015-04-29,5.220528602600098
2015-04-30,5.195390701293945
2015-05-01,5.354602813720703
2015-05-04,5.396501064300537
2015-05-05,5.404880046844482
2015-05-06,5.212148666381836
2015-05-07,5.1199727058410645
2015-05-08,5.094833850860596
2015-05-11,5.103212833404541
2015-05-12,4.943999767303467
2015-05-13,4.943999767303467
2015-05-14,4.860202789306641
2015-05-15,4.95237922668457
2015-05-18,4.868582725524902
2015-05-19,4.851823329925537
2015-05-20,4.835063457489014
2015-05-21,4.860202789306641
2015-05-22,4.960759162902832
2015-05-25,5.061315059661865
2015-05-26,4.977519512176514
2015-05-27,4.994277000427246
2015-05-28,4.977519512176514
2015-05-29,5.128352642059326
2015-06-01,5.170251369476318
2015-06-02,5.153491497039795
2015-06-03,5.220528602600098
2015-06-04,5.354602813720703
2015-06-05,5.413259983062744
2015-06-09,5.362982749938965
2015-06-10,5.362982749938965
2015-06-11,5.312705039978027
2015-06-12,5.430019378662109
2015-06-15,5.371362686157227
2015-06-16,5.379741668701172
2015-06-17,5.363641738891602
2015-06-18,5.270435810089111
2015-06-19,5.236542224884033
2015-06-22,5.253489971160889
2015-06-23,5.270435810089111
2015-06-24,5.219595432281494
2015-06-25,5.228069305419922
2015-06-26,5.253489971160889
2015-06-29,5.211122035980225
2015-06-30,5.160281181335449
2015-07-01,5.245016098022461
2015-07-02,5.406009197235107
2015-07-03,5.3721160888671875
2015-07-06,5.338222980499268
2015-07-07,5.3721160888671875
2015-07-08,5.431429862976074
2015-07-09,5.397536277770996
2015-07-10,5.3721160888671875
2015-07-13,5.3721160888671875
2015-07-14,5.4229559898376465
2015-07-15,5.465322017669678
2015-07-16,5.414482116699219
2015-07-17,5.3721160888671875
2015-07-20,5.5500569343566895
2015-07-21,5.626316547393799
2015-07-22,5.711050033569336
2015-07-23,5.821203708648682
2015-07-24,5.804256916046143
2015-07-27,5.846625328063965
2015-07-28,5.838150978088379
2015-07-29,5.897465229034424
2015-07-30,5.719523906707764
2015-07-31,5.744945049285889
2015-08-03,5.744945049285889
2015-08-04,5.626316547393799
2015-08-05,5.753417491912842
2015-08-06,5.846625328063965
2015-08-07,5.7618913650512695
2015-08-10,5.804256916046143
2015-08-11,5.660211563110352
2015-08-12,5.719523906707764
2015-08-13,5.753417491912842
2015-08-14,5.685630798339844
2015-08-17,5.677157402038574
2015-08-18,5.702577114105225
2015-08-19,5.660211563110352
2015-08-20,5.626316547393799
2015-08-21,5.592424392700195
2015-08-24,5.558530330657959
2015-08-25,5.5500569343566895
2015-08-26,5.583950996398926
2015-08-27,5.634790420532227
2015-08-28,5.626316547393799
2015-08-31,5.5670037269592285
2015-09-01,5.507689476013184
2015-09-02,5.592424392700195
2015-09-03,5.5500569343566895
2015-09-04,5.600897312164307
2015-09-07,5.583950996398926
2015-09-08,5.702577114105225
2015-09-09,5.8635711669921875
2015-09-10,5.804256916046143
2015-09-11,5.787310600280762
2015-09-14,5.736471176147461
2015-09-15,5.660211563110352
2015-09-16,5.778838157653809
2015-09-17,5.81273078918457
2015-09-18,5.744945049285889
2015-09-21,5.711050033569336
2015-09-22,5.736471176147461
2015-09-23,5.753417491912842
2015-09-24,5.81273078918457
2015-09-25,5.778838157653809
2015-09-28,5.736471176147461
2015-09-29,5.533109188079834
2015-09-30,5.507689476013184
2015-10-01,5.4907426834106445
2015-10-02,5.4907426834106445
2015-10-05,5.558530330657959
2015-10-06,5.592424392700195
2015-10-07,5.5500569343566895
2015-10-08,5.4737958908081055
2015-10-09,5.414482116699219
2015-10-12,5.482269763946533
2015-10-13,5.634790420532227
2015-10-14,5.787310600280762
2015-10-15,5.846625328063965
2015-10-16,5.838150978088379
2015-10-19,5.846625328063965
2015-10-20,5.982198238372803
2015-10-21,6.049984455108643
2015-10-22,6.049984455108643
2015-10-23,6.17708683013916
2015-10-26,6.270294189453125
2015-10-27,6.287240028381348
2015-10-28,6.270294189453125
2015-10-29,6.219454288482666
2015-10-30,6.287240028381348
2015-11-02,6.397393226623535
2015-11-03,6.380446434020996
2015-11-04,6.3041863441467285
2015-11-05,6.253347396850586
2015-11-06,6.2025065422058105
2015-11-09,6.312661170959473
2015-11-10,6.329605579376221
2015-11-11,6.3550262451171875
2015-11-12,6.3041863441467285
2015-11-13,6.244873046875
2015-11-16,6.17708683013916
2015-11-17,6.253347396850586
2015-11-18,6.14319372177124
2015-11-19,6.126246929168701
2015-11-20,6.219454288482666
2015-11-23,6.244873046875
2015-11-24,6.18556022644043
2015-11-25,6.109300136566162
2015-11-26,6.14319372177124
2015-11-27,6.312661170959473
2015-11-30,6.465179920196533
2015-12-01,6.660068511962891
2015-12-02,6.600755214691162
2015-12-03,6.634647369384766
2015-12-04,6.465179920196533
2015-12-07,6.405867099761963
2015-12-08,6.532967567443848
2015-12-09,6.60378360748291
2015-12-10,6.60378360748291
2015-12-11,6.612325191497803
2015-12-14,6.646498680114746
2015-12-15,6.731928825378418
2015-12-16,6.7746453285217285
2015-12-17,6.919877529144287
2015-12-18,6.842988967895508
2015-12-21,6.7746453285217285
2015-12-22,6.868618488311768
2015-12-23,6.791730880737305
2015-12-24,6.731928825378418
2015-12-28,6.731928825378418
2015-12-29,6.954048156738281
2015-12-30,7.116366386413574
2015-12-31,7.141993999481201
2016-01-04,7.116366386413574
2016-01-05,6.885704040527344
2016-01-06,6.825903415679932
2016-01-07,6.877162456512451
2016-01-08,6.723385810852051
2016-01-11,6.6208696365356445
2016-01-12,6.697757720947266
2016-01-13,6.689213752746582
2016-01-14,6.8088154792785645
2016-01-15,6.714842796325684
2016-01-18,6.672128200531006
2016-01-19,6.672128200531006
2016-01-20,6.578153610229492
2016-01-21,6.6208696365356445
2016-01-22,6.911333084106445
2016-01-25,6.877162456512451
2016-01-27,6.740471839904785
2016-01-28,6.7746453285217285
2016-01-29,6.731928825378418
2016-02-01,6.791730880737305
2016-02-02,6.791730880737305
2016-02-03,6.834445476531982
2016-02-04,6.877162456512451
2016-02-05,6.919877529144287
2016-02-08,6.842988967895508
2016-02-09,6.7746453285217285
2016-02-10,6.749016284942627
2016-02-11,6.8088154792785645
2016-02-12,6.834445476531982
2016-02-15,6.919877529144287
2016-02-16,6.911333084106445
2016-02-17,6.928417682647705
2016-02-18,6.996764183044434
2016-02-19,6.996764183044434
2016-02-22,7.1249098777771
2016-02-23,7.133453369140625
2016-02-24,7.1249098777771
2016-02-25,7.133453369140625
2016-02-26,6.988221645355225
2016-02-29,6.954048156738281
2016-03-01,7.090737819671631
2016-03-02,7.1249098777771
2016-03-03,7.210339069366455
2016-03-04,7.073651313781738
2016-03-07,7.05656623840332
2016-03-08,6.868618488311768
2016-03-09,7.039480209350586
2016-03-10,6.945505619049072
2016-03-11,6.962591171264648
2016-03-14,7.1676249504089355
2016-03-15,7.082195281982422
2016-03-16,6.954048156738281
2016-03-17,6.996764183044434
2016-03-18,7.253054618835449
2016-03-21,7.235969066619873
2016-03-22,7.065108776092529
2016-03-23,7.090737819671631
2016-03-24,7.364116668701172
2016-03-29,7.347029209136963
2016-03-30,7.4495463371276855
2016-03-31,7.5947794914245605
2016-04-01,7.517890453338623
2016-04-04,7.543519020080566
2016-04-05,7.364116668701172
2016-04-06,7.534977436065674
2016-04-07,7.560606479644775
2016-04-08,7.509347438812256
2016-04-11,7.517890453338623
2016-04-12,7.517890453338623
2016-04-13,7.543519020080566
2016-04-14,7.458086967468262
2016-04-15,7.5947794914245605
2016-04-18,7.543519020080566
2016-04-19,7.4922614097595215
2016-04-20,7.52643346786499
2016-04-21,7.338486194610596
2016-04-22,7.176168441772461
2016-04-26,7.1932549476623535
2016-04-27,7.022393226623535
2016-04-28,7.150538921356201
2016-04-29,7.1249098777771
2016-05-02,7.1847124099731445
2016-05-03,7.304315090179443
2016-05-04,7.261600017547607
2016-05-05,7.372658729553223
2016-05-06,7.4751739501953125
2016-05-09,7.534977436065674
2016-05-10,7.560606479644775
2016-05-11,7.637494087219238
2016-05-12,7.748553276062012
2016-05-13,7.646036624908447
2016-05-16,7.654580593109131
2016-05-17,7.9194159507751465
2016-05-18,8.013385772705078
2016-05-19,7.953587055206299
2016-05-20,8.021930694580078
2016-05-23,8.056102752685547
2016-05-24,8.124445915222168
2016-05-25,8.0988187789917
2016-05-26,8.11590576171875
2016-05-27,8.201334953308105
2016-05-30,8.397826194763184
2016-05-31,8.423454284667969
2016-06-01,8.568686485290527
2016-06-02,8.449084281921387
2016-06-03,8.50034236907959
2016-06-06,8.602858543395996
2016-06-07,8.474716186523438
2016-06-08,8.560144424438477
2016-06-09,8.662660598754883
2016-06-10,8.628487586975098
2016-06-14,8.295309066772461
2016-06-15,8.457625389099121
2016-06-16,8.574502944946289
2016-06-17,8.591756820678711
2016-06-20,8.6090087890625
2016-06-21,8.522746086120605
2016-06-22,8.548625946044922
2016-06-23,8.470989227294922
2016-06-24,8.307088851928711
2016-06-27,8.22082805633545
2016-06-28,8.160442352294922
2016-06-29,8.246707916259766
2016-06-30,8.246707916259766
2016-07-01,8.393350601196289
2016-07-04,8.445110321044922
2016-07-05,8.514121055603027
2016-07-06,8.488241195678711
2016-07-07,8.367472648620605
2016-07-08,8.35022258758545
2016-07-11,8.410603523254395
2016-07-12,8.393350601196289
2016-07-13,8.419232368469238
2016-07-14,8.393350601196289
2016-07-15,8.160442352294922
2016-07-18,8.22082805633545
2016-07-19,8.186323165893555
2016-07-20,8.238080978393555
2016-07-21,8.255331993103027
2016-07-22,8.462363243103027
2016-07-25,8.565879821777344
2016-07-26,8.505494117736816
2016-07-27,8.514121055603027
2016-07-28,8.617633819580078
2016-07-29,8.565879821777344
2016-08-01,8.678018569946289
2016-08-02,8.591756820678711
2016-08-03,8.539999008178711
2016-08-04,8.514121055603027
2016-08-05,8.531373977661133
2016-08-08,8.488241195678711
2016-08-09,8.505494117736816
2016-08-10,8.591756820678711
2016-08-11,8.686644554138184
2016-08-12,8.703899383544922
2016-08-15,8.686644554138184
2016-08-16,8.634888648986816
2016-08-17,8.591756820678711
2016-08-18,8.307088851928711
2016-08-19,8.393350601196289
2016-08-22,8.427860260009766
2016-08-23,8.445110321044922
2016-08-24,8.15181827545166
2016-08-25,8.160442352294922
2016-08-26,7.9275336265563965
2016-08-29,8.056926727294922
2016-08-30,8.160442352294922
2016-08-31,8.01379680633545
2016-09-01,8.22082805633545
2016-09-02,8.194947242736816
2016-09-05,8.28121280670166
2016-09-06,8.160442352294922
2016-09-07,8.186323165893555
2016-09-08,8.07418155670166
2016-09-09,7.987918376922607
2016-09-12,7.944788455963135
2016-09-13,8.212201118469238
2016-09-14,8.307088851928711
2016-09-15,8.27258586883545
2016-09-16,8.358847618103027
2016-09-19,8.384727478027344
2016-09-20,8.341595649719238
2016-09-21,8.186323165893555
2016-09-22,8.194947242736816
2016-09-23,8.100058555603027
2016-09-26,8.022424697875977
2016-09-27,7.970666885375977
2016-09-28,8.04830265045166
2016-09-29,8.194947242736816
2016-09-30,8.255331993103027
2016-10-03,8.238080978393555
2016-10-04,8.358847618103027
2016-10-05,8.27258586883545
2016-10-06,8.28121280670166
2016-10-07,8.27258586883545
2016-10-10,8.09143352508545
2016-10-11,8.005169868469238
2016-10-12,7.93616247177124
2016-10-13,7.780887126922607
2016-10-14,7.832644939422607
2016-10-17,7.522100925445557
2016-10-18,7.470341205596924
2016-10-19,7.496220588684082
2016-10-20,7.504847526550293
2016-10-21,7.392706871032715
2016-10-24,7.349574565887451
2016-10-25,7.392706871032715
2016-10-26,7.228808403015137
2016-10-27,7.289191722869873
2016-10-28,7.280562877655029
2016-10-31,7.125293254852295
2016-11-01,7.09941291809082
2016-11-02,7.0907883644104
2016-11-03,7.125293254852295
2016-11-04,7.116666316986084
2016-11-07,7.358199596405029
2016-11-08,7.315069675445557
2016-11-09,7.185676097869873
2016-11-10,7.453090667724609
2016-11-11,7.539351463317871
2016-11-14,7.453090667724609
2016-11-15,7.478970050811768
2016-11-16,7.41858434677124
2016-11-17,7.315069675445557
2016-11-18,7.194301605224609
2016-11-21,7.159797191619873
2016-11-22,7.185676097869873
2016-11-23,6.702604293823242
2016-11-24,6.840624809265137
2016-11-25,6.745737075805664
2016-11-28,6.771615028381348
2016-11-29,6.6853532791137695
2016-11-30,6.745737075805664
2016-12-01,6.788867473602295
2016-12-02,7.030403137207031
2016-12-05,6.892383098602295
2016-12-06,6.868658542633057
2016-12-07,6.868658542633057
2016-12-08,6.929751873016357
2016-12-09,6.903569221496582
2016-12-12,6.91229772567749
2016-12-13,6.894842624664307
2016-12-14,6.955935001373291
2016-12-15,6.955935001373291
2016-12-16,6.868658542633057
2016-12-19,6.894842624664307
2016-12-20,6.91229772567749
2016-12-21,6.91229772567749
2016-12-22,7.200309753417969
2016-12-23,7.034483909606934
2016-12-28,7.278857707977295
2016-12-29,7.3224968910217285
2016-12-30,7.147942543029785
2017-01-03,7.270130157470703
2017-01-04,7.270130157470703
2017-01-05,7.270130157470703
2017-01-06,7.261402130126953
2017-01-09,7.3574066162109375
2017-01-10,7.3224968910217285
2017-01-11,7.3574066162109375
2017-01-12,7.2963128089904785
2017-01-13,7.278857707977295
2017-01-16,7.287585735321045
2017-01-17,7.278857707977295
2017-01-18,7.313770294189453
2017-01-19,7.3224968910217285
2017-01-20,7.366132736206055
2017-01-23,7.409773826599121
2017-01-24,7.549415588378906
2017-01-25,7.654148101806641
2017-01-27,7.444682598114014
2017-01-30,7.270130157470703
2017-01-31,7.252676010131836
2017-02-01,7.2963128089904785
2017-02-02,7.3224968910217285
2017-02-03,7.470867156982422
2017-02-06,7.374863147735596
2017-02-07,7.3574066162109375
2017-02-08,7.470867156982422
2017-02-09,7.401045322418213
2017-02-10,7.43595552444458
2017-02-13,7.45341157913208
2017-02-14,7.374863147735596
2017-02-15,7.383590221405029
2017-02-16,7.3224968910217285
2017-02-17,7.287585735321045
2017-02-20,7.235219478607178
2017-02-21,7.200309753417969
2017-02-22,7.174127578735352
2017-02-23,7.252676010131836
2017-02-24,7.156671047210693
2017-02-27,7.261402130126953
2017-02-28,7.497049808502197
2017-03-01,7.523231029510498
2017-03-02,7.566871643066406
2017-03-03,7.5406880378723145
2017-03-06,7.497049808502197
2017-03-07,7.5406880378723145
2017-03-08,7.601782321929932
2017-03-09,7.558142185211182
2017-03-10,7.706512928009033
2017-03-13,7.84615421295166
2017-03-14,7.785062313079834
2017-03-15,7.811244487762451
2017-03-16,7.75015115737915
2017-03-17,7.741424083709717
2017-03-20,7.68905782699585
2017-03-21,7.732695579528809
2017-03-22,7.636691570281982
2017-03-23,7.610510349273682
2017-03-24,7.680330276489258
2017-03-27,7.68905782699585
2017-03-28,7.671602249145508
2017-03-29,7.732695579528809
2017-03-30,7.776333808898926
2017-03-31,7.715239524841309
2017-04-03,7.872337341308594
2017-04-04,7.828701019287109
2017-04-05,7.837427616119385
2017-04-06,7.854882717132568
2017-04-07,7.819972515106201
2017-04-10,7.802518367767334
2017-04-11,7.89852237701416
2017-04-12,7.854882717132568
2017-04-13,7.872337341308594
2017-04-18,7.942158222198486
2017-04-19,7.89852237701416
2017-04-20,7.872337341308594
2017-04-21,7.741424083709717
2017-04-24,7.811244487762451
2017-04-26,7.8897929191589355
2017-04-27,7.9596147537231445
2017-04-28,8.055618286132812
2017-05-01,8.116713523864746
2017-05-02,8.064347267150879
2017-05-03,8.142894744873047
2017-05-04,8.081801414489746
2017-05-05,8.055618286132812
2017-05-08,8.317449569702148
2017-05-09,8.308721542358398
2017-05-10,8.413453102111816
2017-05-11,8.535637855529785
2017-05-12,8.317449569702148
2017-05-15,8.221443176269531
2017-05-16,8.125438690185547
2017-05-17,8.317449569702148
2017-05-18,8.18653392791748
2017-05-19,8.23017406463623
2017-05-22,8.195261001586914
2017-05-23,8.282537460327148
2017-05-24,8.413453102111816
2017-05-25,8.492000579833984
2017-05-26,8.771285057067871
2017-05-29,8.902200698852539
2017-05-30,8.823650360107422
2017-05-31,8.867289543151855
2017-06-01,8.945838928222656
2017-06-02,9.120391845703125
2017-06-05,9.216395378112793
2017-06-06,9.024386405944824
2017-06-07,9.076752662658691
2017-06-08,9.085479736328125
2017-06-09,9.137848854064941
2017-06-13,9.18148422241211
2017-06-14,9.329854965209961
2017-06-15,9.257076263427734
2017-06-16,9.371686935424805
2017-06-19,9.451034545898438
2017-06-20,9.371686935424805
2017-06-21,9.309972763061523
2017-06-22,9.380504608154297
2017-06-23,9.424585342407227
2017-06-26,9.512748718261719
2017-06-27,9.65380859375
2017-06-28,9.65380859375
2017-06-29,9.786051750183105
2017-06-30,9.565646171569824
2017-07-03,9.371686935424805
2017-07-04,9.362870216369629
2017-07-05,9.212994575500488
2017-07-06,9.18654727935791
2017-07-07,9.354055404663086
2017-07-10,9.362870216369629
2017-07-11,9.354055404663086
2017-07-12,9.177729606628418
2017-07-13,9.30115795135498
2017-07-14,9.362870216369629
2017-07-17,9.283523559570312
2017-07-18,8.983769416809082
2017-07-19,8.966139793395996
2017-07-20,8.948505401611328
2017-07-21,9.124833106994629
2017-07-24,9.151280403137207
2017-07-25,9.239442825317383
2017-07-26,9.177729606628418
2017-07-27,9.116016387939453
2017-07-28,9.045487403869629
2017-07-31,9.124833106994629
2017-08-01,9.195362091064453
2017-08-02,9.239442825317383
2017-08-03,9.257076263427734
2017-08-04,9.257076263427734
2017-08-07,9.309972763061523
2017-08-08,9.389321327209473
2017-08-09,9.380504608154297
2017-08-10,9.362870216369629
2017-08-11,9.0807523727417
2017-08-14,9.177729606628418
2017-08-15,9.257076263427734
2017-08-16,9.257076263427734
2017-08-17,9.318788528442383
2017-08-18,9.362870216369629
2017-08-21,9.380504608154297
2017-08-22,9.45984935760498
2017-08-23,9.389321327209473
2017-08-24,9.345240592956543
2017-08-25,9.292341232299805
2017-08-28,9.23062801361084
2017-08-29,9.204176902770996
2017-08-30,9.30115795135498
2017-08-31,9.433403015136719
2017-09-01,9.609725952148438
2017-09-04,9.600911140441895
2017-09-05,9.609725952148438
2017-09-06,9.750784873962402
2017-09-07,9.944746017456055
2017-09-08,10.07698917388916
2017-09-11,10.182784080505371
2017-09-12,10.23568058013916
2017-09-13,10.376742362976074
2017-09-14,10.332660675048828
2017-09-15,10.218047142028809
2017-09-18,9.777235984802246
2017-09-19,9.777235984802246
2017-09-20,9.9888277053833
2017-09-21,10.015275955200195
2017-09-22,10.20041561126709
2017-09-25,10.156333923339844
2017-09-26,10.173967361450195
2017-09-27,10.253314018249512
2017-09-28,10.279763221740723
2017-09-29,10.332660675048828
2017-10-02,10.270947456359863
2017-10-03,10.26213264465332
2017-10-04,10.19159984588623
2017-10-05,10.182784080505371
2017-10-06,10.16515064239502
2017-10-09,10.129888534545898
2017-10-10,10.288581848144531
2017-10-11,10.517802238464355
2017-10-12,10.173967361450195
2017-10-13,10.288581848144531
2017-10-16,10.376742362976074
2017-10-17,10.323843002319336
2017-10-18,10.42963981628418
2017-10-19,10.297395706176758
2017-10-20,10.438453674316406
2017-10-23,10.491351127624512
2017-10-24,10.447272300720215
2017-10-25,10.412007331848145
2017-10-26,10.508986473083496
2017-10-27,10.517802238464355
2017-10-30,10.535432815551758
2017-10-31,10.412007331848145
2017-11-01,10.500167846679688
2017-11-02,10.279763221740723
2017-11-03,10.226865768432617
2017-11-06,10.376742362976074
2017-11-07,10.667679786682129
2017-11-08,10.597148895263672
2017-11-09,10.62359619140625
2017-11-10,10.526617050170898
2017-11-13,10.420822143554688
2017-11-14,10.676491737365723
2017-11-15,10.676491737365723
2017-11-16,10.676491737365723
2017-11-17,10.755841255187988
2017-11-20,10.905718803405762
2017-11-21,10.491351127624512
2017-11-22,9.935929298400879
2017-11-23,10.059356689453125
2017-11-24,10.226865768432617
2017-11-27,10.456088066101074
2017-11-28,10.517802238464355
2017-11-29,10.420822143554688
2017-11-30,10.3062105178833
2017-12-01,10.517802238464355
2017-12-04,10.403191566467285
2017-12-05,10.412348747253418
2017-12-06,10.518868446350098
2017-12-07,10.643141746520996
2017-12-08,10.811798095703125
2017-12-11,10.962703704833984
2017-12-12,11.024840354919434
2017-12-13,10.98933219909668
2017-12-14,11.007086753845215
2017-12-15,11.19349479675293
2017-12-18,11.220123291015625
2017-12-19,11.433167457580566
2017-12-20,11.335522651672363
2017-12-21,11.344401359558105
2017-12-22,11.406534194946289
2017-12-27,11.406534194946289
2017-12-28,11.450918197631836
2017-12-29,11.397659301757812
2018-01-02,11.415411949157715
2018-01-03,11.344401359558105
2018-01-04,11.362152099609375
2018-01-05,11.388781547546387
2018-01-08,11.335522651672363
2018-01-09,11.04259204864502
2018-01-10,10.882810592651367
2018-01-11,10.731908798217773
2018-01-12,10.625389099121094
2018-01-15,10.518868446350098
2018-01-16,10.634264945983887
2018-01-17,10.749658584594727
2018-01-18,10.68752384185791
2018-01-19,10.740784645080566
2018-01-22,10.678647994995117
2018-01-23,10.740784645080566
2018-01-24,10.785168647766113
2018-01-25,10.598755836486816
2018-01-29,10.643141746520996
2018-01-30,10.474483489990234
2018-01-31,10.767416000366211
2018-02-01,10.705279350280762
2018-02-02,10.829549789428711
2018-02-05,10.54549789428711
2018-02-06,10.172676086425781
2018-02-07,10.474483489990234
2018-02-08,10.563250541687012
2018-02-09,10.49223518371582
2018-02-12,10.14604663848877
2018-02-13,10.376840591430664
2018-02-14,10.49223518371582
2018-02-15,10.554375648498535
2018-02-16,10.68752384185791
2018-02-19,10.69640064239502
2018-02-20,10.69640064239502
2018-02-21,10.68752384185791
2018-02-22,10.794044494628906
2018-02-23,10.980457305908203
2018-02-26,11.157988548278809
2018-02-27,11.08697509765625
2018-02-28,11.335522651672363
2018-03-01,11.317769050598145
2018-03-02,11.104729652404785
2018-03-05,11.140235900878906
2018-03-06,11.353277206420898
2018-03-07,10.980457305908203
2018-03-08,10.90056324005127
2018-03-09,10.740784645080566
2018-03-12,10.749658584594727
2018-03-13,10.740784645080566
2018-03-14,10.652019500732422
2018-03-15,10.581003189086914
2018-03-16,10.714155197143555
2018-03-19,10.749658584594727
2018-03-20,10.847306251525879
2018-03-21,11.069223403930664
2018-03-22,10.909442901611328
2018-03-23,10.94494915008545
2018-03-26,11.007086753845215
2018-03-27,11.122483253479004
2018-03-28,11.08697509765625
2018-03-29,10.971577644348145
2018-04-03,10.971577644348145
2018-04-04,11.095852851867676
2018-04-05,11.184618949890137
2018-04-06,11.175741195678711
2018-04-09,11.3710298538208
2018-04-10,11.291141510009766
2018-04-11,11.024840354919434
2018-04-12,10.829549789428711
2018-04-13,10.723031044006348
2018-04-16,10.660895347595215
2018-04-17,10.563250541687012
2018-04-18,10.367965698242188
2018-04-19,10.261444091796875
2018-04-20,10.06615924835205
2018-04-23,9.986266136169434
2018-04-24,10.181554794311523
2018-04-26,10.332459449768066
2018-04-27,10.581003189086914
2018-04-30,10.509990692138672
2018-05-01,10.509990692138672
2018-05-02,10.518868446350098
2018-05-03,10.616512298583984
2018-05-04,10.589881896972656
2018-05-07,10.607633590698242
2018-05-08,10.465606689453125
2018-05-09,10.607633590698242
2018-05-10,10.518868446350098
2018-05-11,10.607633590698242
2018-05-14,10.723031044006348
2018-05-15,10.501114845275879
2018-05-16,10.48336124420166
2018-05-17,10.48336124420166
2018-05-18,10.607633590698242
2018-05-21,10.678647994995117
2018-05-22,10.82067584991455
2018-05-23,10.714155197143555
2018-05-24,10.69640064239502
2018-05-25,10.82067584991455
2018-05-28,10.758536338806152
2018-05-29,10.652019500732422
2018-05-30,10.740784645080566
2018-05-31,10.847306251525879
2018-06-01,11.113606452941895
2018-06-04,11.19349479675293
2018-06-05,11.388781547546387
2018-06-06,11.77048110961914
2018-06-07,11.726097106933594
2018-06-08,11.779356956481934
2018-06-12,12.019028663635254
2018-06-13,12.1255464553833
2018-06-14,12.382970809936523
2018-06-15,12.445108413696289
2018-06-18,12.445108413696289
2018-06-19,12.445108413696289
2018-06-20,12.436233520507812
2018-06-21,12.655610084533691
2018-06-22,12.584010124206543
2018-06-25,12.601907730102539
2018-06-26,12.6198091506958
2018-06-27,12.601907730102539
2018-06-28,12.32445240020752
2018-06-29,12.24389934539795
2018-07-02,12.270751953125
2018-07-03,12.405003547668457
2018-07-04,12.351303100585938
2018-07-05,12.485554695129395
2018-07-06,12.601907730102539
2018-07-09,12.440802574157715
2018-07-10,12.261798858642578
2018-07-11,12.136495590209961
2018-07-12,12.24389934539795
2018-07-13,12.14544677734375
2018-07-16,11.894843101501465
2018-07-17,12.118597030639648
2018-07-18,12.029096603393555
2018-07-19,12.002243995666504
2018-07-20,12.127546310424805
2018-07-23,12.002243995666504
2018-07-24,11.975393295288086
2018-07-25,11.993292808532715
2018-07-26,12.118597030639648
2018-07-27,12.199149131774902
2018-07-30,12.18124771118164
2018-07-31,12.136495590209961
2018-08-01,11.903788566589355
2018-08-02,12.127546310424805
2018-08-03,12.234950065612793
2018-08-06,12.163346290588379
2018-08-07,12.073844909667969
2018-08-08,11.948543548583984
2018-08-09,11.876941680908203
2018-08-10,11.95749282836914
2018-08-13,11.912740707397461
2018-08-14,11.993292808532715
2018-08-15,12.082796096801758
2018-08-16,12.073844909667969
2018-08-17,12.064894676208496
2018-08-20,12.279701232910156
2018-08-21,12.369203567504883
2018-08-22,12.405003547668457
2018-08-23,12.906216621398926
2018-08-24,12.96886920928955
2018-08-27,13.049418449401855
2018-08-28,13.219473838806152
2018-08-29,13.24632453918457
2018-08-30,13.407428741455078
2018-08-31,13.416378021240234
2018-09-03,13.004669189453125
2018-09-04,12.807762145996094
2018-09-05,12.46765422821045
2018-09-06,12.136495590209961
2018-09-07,12.279701232910156
2018-09-10,12.1722993850708
2018-09-11,12.387103080749512
2018-09-12,12.32445240020752
2018-09-13,12.387103080749512
2018-09-14,12.41395378112793
2018-09-17,12.306551933288574
2018-09-18,12.557158470153809
2018-09-19,12.449753761291504
2018-09-20,12.485554695129395
2018-09-21,12.405003547668457
2018-09-24,12.494505882263184
2018-09-25,12.369203567504883
2018-09-26,12.217048645019531
2018-09-27,12.199149131774902
2018-09-28,12.333401679992676
2018-10-01,12.431853294372559
2018-10-02,12.369203567504883
2018-10-03,12.333401679992676
2018-10-04,12.369203567504883
2018-10-05,12.18124771118164
2018-10-08,12.118597030639648
2018-10-09,11.697937965393066
2018-10-10,11.921689987182617
2018-10-11,11.330977439880371
2018-10-12,11.66213607788086
2018-10-15,11.74268913269043
2018-10-16,11.545782089233398
2018-10-17,11.706888198852539
2018-10-18,11.680036544799805
2018-10-19,11.599483489990234
2018-10-22,11.366779327392578
2018-10-23,11.089323043823242
2018-10-24,11.151972770690918
2018-10-25,10.865565299987793
2018-10-26,10.883466720581055
2018-10-29,10.946117401123047
2018-10-30,11.241476058959961
2018-10-31,11.214624404907227
2018-11-01,11.42048168182373
2018-11-02,11.635283470153809
2018-11-05,11.357829093933105
2018-11-06,11.37572956085205
2018-11-07,11.492080688476562
2018-11-08,11.688987731933594
2018-11-09,11.572632789611816
2018-11-12,11.760588645935059
2018-11-13,11.313075065612793
2018-11-14,11.098272323608398
2018-11-15,11.187773704528809
2018-11-16,11.044572830200195
2018-11-19,10.964016914367676
2018-11-20,10.820815086364746
2018-11-21,10.785013198852539
2018-11-22,10.910317420959473
2018-11-23,10.990866661071777
2018-11-26,11.187773704528809
2018-11-27,11.241476058959961
2018-11-28,10.964016914367676
2018-11-29,11.160924911499023
2018-11-30,11.160924911499023
2018-12-03,11.151972770690918
2018-12-04,10.892416954040527
2018-12-05,10.614959716796875
2018-12-06,10.614959716796875
2018-12-07,10.598347663879395
2018-12-10,10.517171859741211
2018-12-11,10.67050552368164
2018-12-12,10.688547134399414
2018-12-13,10.535209655761719
2018-12-14,10.219513893127441
2018-12-17,10.598347663879395
2018-12-18,10.517171859741211
2018-12-19,10.724627494812012
2018-12-20,10.517171859741211
2018-12-21,10.769725799560547
2018-12-24,10.905024528503418
2018-12-27,11.211700439453125
2018-12-28,11.229742050170898
2018-12-31,11.148560523986816
2019-01-02,10.923060417175293
2019-01-03,11.15758228302002
2019-01-04,11.23875904083252
2019-01-07,11.292879104614258
2019-01-08,11.17562198638916
2019-01-09,11.37405776977539
2019-01-10,11.518375396728516
2019-01-11,11.509358406066895
2019-01-14,11.752893447875977
2019-01-15,11.825052261352539
2019-01-16,11.951329231262207
2019-01-17,11.978388786315918
2019-01-18,11.843092918395996
2019-01-21,11.825052261352539
2019-01-22,11.85211181640625
2019-01-23,11.933289527893066
2019-01-24,11.779953002929688
2019-01-25,11.599554061889648
2019-01-29,10.823845863342285
2019-01-30,10.706586837768555
2019-01-31,10.805807113647461
2019-02-01,10.85992431640625
2019-02-04,10.85090446472168
2019-02-05,11.031302452087402
2019-02-06,11.17562198638916
2019-02-07,11.37405776977539
2019-02-08,11.527396202087402
2019-02-11,11.725831985473633
2019-02-12,11.788972854614258
2019-02-13,11.906229019165039
2019-02-14,11.797993659973145
2019-02-15,11.689752578735352
2019-02-18,11.500336647033691
2019-02-19,11.590533256530762
2019-02-20,11.545435905456543
2019-02-21,12.384284019470215
2019-02-22,12.447422981262207
2019-02-25,12.483501434326172
2019-02-26,12.582719802856445
2019-02-27,12.447422981262207
2019-02-28,12.690959930419922
2019-03-01,12.952534675598145
2019-03-04,12.573698997497559
2019-03-05,12.736058235168457
2019-03-06,12.93449592590332
2019-03-07,13.123912811279297
2019-03-08,12.970575332641602
2019-03-11,13.01567554473877
2019-03-12,12.862335205078125
2019-03-13,12.754097938537598
2019-03-14,13.141951560974121
2019-03-15,13.114892959594727
2019-03-18,13.32235050201416
2019-03-19,13.169013023376465
2019-03-20,13.105874061584473
2019-03-21,13.340389251708984
2019-03-22,13.41254997253418
2019-03-25,13.42156982421875
2019-03-26,13.304312705993652
2019-03-27,13.448630332946777
2019-03-28,13.48470687866211
2019-03-29,13.457648277282715
2019-04-01,13.48470687866211
2019-04-02,13.71020221710205
2019-04-03,13.656085014343262
2019-04-04,13.430587768554688
2019-04-05,13.159994125366211
2019-04-08,13.096854209899902
2019-04-09,12.907434463500977
2019-04-10,12.916455268859863
2019-04-11,12.898415565490723
2019-04-12,12.853316307067871
2019-04-15,13.006654739379883
2019-04-16,13.19607162475586
2019-04-17,13.1329345703125
2019-04-18,12.997636795043945
2019-04-23,13.304312705993652
2019-04-24,13.556865692138672
2019-04-26,13.556865692138672
2019-04-29,13.466667175292969
2019-04-30,13.511767387390137
2019-05-01,13.187051773071289
2019-05-02,13.304312705993652
2019-05-03,13.565884590148926
2019-05-06,13.1329345703125
2019-05-07,13.250190734863281
2019-05-08,13.277250289916992
2019-05-09,13.439608573913574
2019-05-10,13.565884590148926
2019-05-13,13.809423446655273
2019-05-14,13.791382789611816
2019-05-15,13.89060115814209
2019-05-16,13.809423446655273
2019-05-17,13.944721221923828
2019-05-20,13.908639907836914
2019-05-21,13.845502853393555
2019-05-22,13.935701370239258
2019-05-23,14.098057746887207
2019-05-24,14.251399040222168
2019-05-27,13.800402641296387
2019-05-28,13.078813552856445
2019-05-29,13.114892959594727
2019-05-30,13.051753044128418
2019-05-31,13.051753044128418
2019-06-03,12.862335205078125
2019-06-04,12.763116836547852
2019-06-05,12.889397621154785
2019-06-06,13.178031921386719
2019-06-07,13.349410057067871
2019-06-11,13.150971412658691
2019-06-12,13.114892959594727
2019-06-13,13.122806549072266
2019-06-14,12.95899772644043
2019-06-17,12.913496971130371
2019-06-18,12.9316987991333
2019-06-19,13.341217041015625
2019-06-20,13.304813385009766
2019-06-21,13.095505714416504
2019-06-24,13.232013702392578
2019-06-25,13.404918670654297
2019-06-26,13.259312629699707
2019-06-27,13.341217041015625
2019-06-28,13.495924949645996
2019-07-01,13.814438819885254
2019-07-02,13.823539733886719
2019-07-03,13.923643112182617
2019-07-04,13.96004581451416
2019-07-05,14.096549987792969
2019-07-08,13.823539733886719
2019-07-09,13.714333534240723
2019-07-10,13.79623794555664
2019-07-11,13.787137031555176
2019-07-12,13.768936157226562
2019-07-15,13.605127334594727
2019-07-16,13.423121452331543
2019-07-17,13.614229202270508
2019-07-18,13.805337905883789
2019-07-19,13.923643112182617
2019-07-22,14.19665813446045
2019-07-23,14.314960479736328
2019-07-24,14.187557220458984
2019-07-25,14.469671249389648
2019-07-26,14.205756187438965
2019-07-29,14.396864891052246
2019-07-30,14.597075462341309
2019-07-31,14.351362228393555
2019-08-01,14.223957061767578
2019-08-02,14.251259803771973
2019-08-05,13.969146728515625
2019-08-06,13.759836196899414
2019-08-07,13.887242317199707
2019-08-08,14.0146484375
2019-08-09,13.905442237854004
2019-08-12,13.987345695495605
2019-08-13,13.905442237854004
2019-08-14,14.132952690124512
2019-08-15,13.768936157226562
2019-08-16,13.650630950927734
2019-08-19,13.705233573913574
2019-08-20,13.714333534240723
2019-08-21,13.577827453613281
2019-08-22,13.459522247314453
2019-08-23,13.35031795501709
2019-08-26,13.15010929107666
2019-08-27,12.995401382446289
2019-08-28,13.723434448242188
2019-08-29,13.932744026184082
2019-08-30,14.169355392456055
2019-09-02,14.460569381713867
2019-09-03,14.324061393737793
2019-09-04,14.233057022094727
2019-09-05,14.615275382995605
2019-09-06,15.024794578552246
2019-09-09,14.888290405273438
2019-09-10,14.760881423950195
2019-09-11,14.415066719055176
2019-09-12,14.05104923248291
2019-09-13,14.03284740447998
2019-09-16,14.023748397827148
2019-09-17,14.260356903076172
2019-09-18,14.06925106048584
2019-09-19,14.305862426757812
2019-09-20,14.278559684753418
2019-09-23,14.342262268066406
2019-09-24,14.415066719055176
2019-09-25,14.305862426757812
2019-09-26,14.287659645080566
2019-09-27,14.314960479736328
2019-09-30,14.60617446899414
2019-10-01,14.8245849609375
2019-10-02,14.724483489990234
2019-10-03,14.351362228393555
2019-10-04,14.533371925354004
2019-10-07,14.806386947631836
2019-10-08,14.951990127563477
2019-10-09,14.8245849609375
2019-10-10,14.524272918701172
2019-10-11,14.524272918701172
2019-10-14,15.5435209274292
2019-10-15,15.907536506652832
2019-10-16,16.408058166503906
2019-10-17,16.0804443359375
2019-10-18,15.971240043640137
2019-10-21,16.016740798950195
2019-10-22,16.08954429626465
2019-10-23,15.98944091796875
2019-10-24,16.107746124267578
2019-10-25,16.198749542236328
2019-10-28,16.31705093383789
2019-10-29,16.18054962158203
2019-10-30,16.08954429626465
2019-10-31,16.18054962158203
2019-11-01,16.271554946899414
2019-11-04,16.553665161132812
2019-11-05,16.699270248413086
2019-11-06,16.71747398376465
2019-11-07,16.935880661010742
2019-11-08,17.172494888305664
2019-11-11,17.500110626220703
2019-11-12,17.54561424255371
2019-11-13,17.6184139251709
2019-11-14,17.946029663085938
2019-11-15,17.773120880126953
2019-11-18,17.654817581176758
2019-11-19,17.645713806152344
2019-11-20,17.663915634155273
2019-11-21,17.745820999145508
2019-11-22,17.591108322143555
2019-11-25,17.855022430419922
2019-11-26,17.855022430419922
2019-11-27,18.42835235595703
2019-11-28,18.628562927246094
2019-11-29,19.047182083129883
2019-12-02,18.96527862548828
2019-12-03,18.419248580932617
2019-12-04,18.42835235595703
2019-12-05,18.69226837158203
2019-12-06,18.687519073486328
2019-12-09,18.47703742980957
2019-12-10,18.95291519165039
2019-12-11,18.888853073120117
2019-12-12,19.190858840942383
2019-12-13,18.7515811920166
2019-12-16,19.016979217529297
2019-12-17,19.27322006225586
2019-12-18,19.6209774017334
2019-12-19,19.97789192199707
2019-12-20,19.49285888671875
2019-12-23,19.502010345458984
2019-12-24,19.474557876586914
2019-12-27,19.547771453857422
2019-12-30,19.58437728881836
2019-12-31,19.309829711914062
2020-01-02,19.190858840942383
2020-01-03,19.410493850708008
2020-01-06,19.694194793701172
2020-01-07,19.895526885986328
2020-01-08,19.383041381835938
2020-01-09,19.346431732177734
2020-01-10,19.218313217163086
2020-01-13,19.00782585144043
2020-01-14,19.218313217163086
2020-01-15,19.48370933532715
2020-01-16,19.877227783203125
2020-01-17,19.703344345092773
2020-01-20,19.566072463989258
2020-01-21,19.685043334960938
2020-01-22,19.96874237060547
2020-01-23,20.014501571655273
2020-01-24,20.151775360107422
2020-01-28,19.941286087036133
2020-01-29,19.730796813964844
2020-01-30,20.032800674438477
2020-01-31,20.43547248840332
2020-02-03,20.627655029296875
2020-02-04,21.20420265197754
2020-02-05,21.012022018432617
2020-02-06,21.1401424407959
2020-02-07,21.20420265197754
2020-02-10,20.929655075073242
2020-02-11,21.268266677856445
2020-02-12,21.66178321838379
2020-02-13,21.40553855895996
2020-02-14,21.414691925048828
2020-02-17,21.762451171875
2020-02-18,21.579416275024414
2020-02-19,21.908878326416016
2020-02-20,21.89972496032715
2020-02-21,22.522029876708984
2020-02-24,22.586090087890625
2020-02-25,22.238330841064453
2020-02-26,22.329843521118164
2020-02-27,22.329843521118164
2020-02-28,22.50373077392578
2020-03-02,22.183420181274414
2020-03-03,22.494577407836914
2020-03-04,23.126035690307617
2020-03-05,22.98876190185547
2020-03-06,22.393905639648438
2020-03-09,23.061973571777344
2020-03-10,23.208402633666992
2020-03-11,22.0736026763916
2020-03-12,21.213354110717773
2020-03-13,22.009540557861328
2020-03-16,22.933853149414062
2020-03-17,23.766643524169922
2020-03-18,23.794099807739258
2020-03-19,24.709259033203125
2020-03-20,23.611066818237305
2020-03-23,24.068645477294922
2020-03-24,27.262550354003906
2020-03-25,25.038713455200195
2020-03-26,25.185144424438477
2020-03-27,24.95635414123535
2020-03-30,27.66521644592285
2020-03-31,26.39314842224121
2020-04-01,27.25339698791504
2020-04-02,27.088666915893555
2020-04-03,26.685997009277344
2020-04-06,26.182662963867188
2020-04-07,24.388952255249023
2020-04-08,24.535381317138672
2020-04-09,23.73919105529785
2020-04-14,23.583614349365234
2020-04-15,24.02288818359375
2020-04-16,24.8099308013916
2020-04-17,25.880659103393555
2020-04-20,26.01793098449707
2020-04-21,24.242528915405273
2020-04-22,24.05949592590332
2020-04-23,23.730037689208984
2020-04-24,24.086950302124023
2020-04-27,24.05949592590332
2020-04-28,24.89229393005371
2020-04-29,23.784948348999023
2020-04-30,23.153491973876953
2020-05-01,24.288284301757812
2020-05-04,24.34319496154785
2020-05-05,23.94052505493164
2020-05-06,24.663503646850586
2020-05-07,25.276657104492188
2020-05-08,25.62441635131836
2020-05-11,25.13938331604004
2020-05-12,25.62441635131836
2020-05-13,26.301631927490234
2020-05-14,25.999629974365234
2020-05-15,25.94472312927246
2020-05-18,25.981327056884766
2020-05-19,25.52374839782715
2020-05-20,25.496294021606445
2020-05-21,25.432235717773438
2020-05-22,25.011259078979492
2020-05-25,25.798297882080078
2020-05-26,26.53957748413086
2020-05-27,26.26502799987793
2020-05-28,25.32241439819336
2020-05-29,25.35901641845703
2020-06-01,25.294958114624023
2020-06-02,25.40477752685547
2020-06-03,24.95635414123535
2020-06-04,24.64519500732422
2020-06-05,23.849010467529297
2020-06-09,24.388952255249023
2020-06-10,24.1967716217041
2020-06-11,24.626893997192383
2020-06-12,24.4987735748291
2020-06-15,23.894765853881836
2020-06-16,24.03204345703125
2020-06-17,25.313261032104492
2020-06-18,24.709259033203125
2020-06-19,24.59943962097168
2020-06-22,25.14853286743164
2020-06-23,25.981327056884766
2020-06-24,26.402299880981445
2020-06-25,26.402299880981445
2020-06-26,27.116121292114258
2020-06-29,28.983043670654297
2020-06-30,30.053783416748047
2020-07-01,29.07455825805664
2020-07-02,29.65110969543457
2020-07-03,30.117841720581055
2020-07-06,30.243106842041016
2020-07-07,31.015281677246094
2020-07-08,30.53726577758789
2020-07-09,30.42695426940918
2020-07-10,30.79465675354004
2020-07-13,31.015281677246094
2020-07-14,31.18073272705078
2020-07-15,32.099971771240234
2020-07-16,31.052040100097656
2020-07-17,31.11638832092285
2020-07-20,30.960119247436523
2020-07-21,31.69552230834961
2020-07-22,31.08881378173828
2020-07-23,30.445341110229492
2020-07-24,30.491302490234375
2020-07-27,30.42695426940918
2020-07-28,29.87541389465332
2020-07-29,30.316648483276367
2020-07-30,30.28907012939453
2020-07-31,30.399381637573242
2020-08-03,30.868200302124023
2020-08-04,31.640361785888672
2020-08-05,31.30943489074707
2020-08-06,31.006078720092773
2020-08-07,30.086835861206055
2020-08-10,30.0132999420166
2020-08-11,29.40659523010254
2020-08-12,29.241134643554688
2020-08-13,28.855051040649414
2020-08-14,28.82747459411621
2020-08-17,29.268712997436523
2020-08-18,30.564844131469727
2020-08-19,29.599637985229492
2020-08-20,29.25032615661621
2020-08-21,29.277904510498047
2020-08-24,29.985721588134766
2020-08-25,30.1971435546875
2020-08-26,30.996885299682617
2020-08-27,31.24509048461914
2020-08-28,31.502471923828125
2020-08-31,30.8314208984375
2020-09-01,29.636409759521484
2020-09-02,30.564844131469727
2020-09-03,30.79465675354004
2020-09-04,28.956167221069336
2020-09-07,29.130826950073242
2020-09-08,28.74474334716797
2020-09-09,28.616044998168945
2020-09-10,28.358661651611328
2020-09-11,27.935806274414062
2020-09-14,27.972578048706055
2020-09-15,27.71518898010254
2020-09-16,27.85307502746582
2020-09-17,27.32910919189453
2020-09-18,27.25556755065918
2020-09-21,26.446632385253906
2020-09-22,27.52215003967285
2020-09-23,27.83469009399414
2020-09-24,28.340274810791016
2020-09-25,28.367855072021484
2020-09-28,28.377044677734375
2020-09-29,28.22996711730957
2020-09-30,28.092077255249023
2020-10-01,28.45977783203125
2020-10-02,28.07369613647461
2020-10-05,28.68039321899414
2020-10-06,28.542509078979492
2020-10-07,28.404621124267578
2020-10-08,29.204364776611328
2020-10-09,29.18597984313965
2020-10-12,29.323862075805664
2020-10-13,29.88460350036621
2020-10-14,30.27068519592285
2020-10-15,29.939760208129883
2020-10-16,30.040876388549805
2020-10-19,30.141990661621094
2020-10-20,30.445341110229492
2020-10-21,30.996885299682617
2020-10-22,30.84981346130371
2020-10-23,30.822235107421875
2020-10-26,30.371801376342773
2020-10-27,29.921369552612305
2020-10-28,31.162355422973633
2020-10-29,31.741472244262695
2020-10-30,30.141990661621094
2020-11-02,31.23589324951172
2020-11-03,30.858999252319336
2020-11-04,31.015281677246094
2020-11-05,31.566818237304688
2020-11-06,31.098005294799805
2020-11-09,31.759857177734375
2020-11-10,27.91742706298828
2020-11-11,28.468971252441406
2020-11-12,28.505733489990234
2020-11-13,29.34225082397461
2020-11-16,29.82025146484375
2020-11-17,29.351442337036133
2020-11-18,29.351442337036133
2020-11-19,29.158401489257812
2020-11-20,28.542509078979492
2020-11-23,28.56089210510254
2020-11-24,29.599637985229492
2020-11-25,28.956167221069336
2020-11-26,28.340274810791016
2020-11-27,29.36063575744629
2020-11-30,30.84981346130371
2020-12-01,31.061233520507812
2020-12-02,30.29826545715332
2020-12-03,29.468040466308594
2020-12-04,28.442981719970703
2020-12-07,27.71343994140625
2020-12-08,27.75960922241211
2020-12-09,27.981243133544922
2020-12-10,27.67650032043457
2020-12-11,28.35987091064453
2020-12-14,27.824254989624023
2020-12-15,27.870431900024414
2020-12-16,28.09206199645996
2020-12-17,28.6276798248291
2020-12-18,29.089414596557617
2020-12-21,28.516862869262695
2020-12-22,28.950895309448242
2020-12-23,29.034006118774414
2020-12-24,28.85854721069336
2020-12-29,29.107881546020508
2020-12-30,28.803136825561523
2020-12-31,28.58150291442871
2021-01-04,28.415279388427734
2021-01-05,28.784664154052734
2021-01-06,28.341400146484375
2021-01-07,27.972015380859375
2021-01-08,28.239816665649414
2021-01-11,27.84272575378418
2021-01-12,27.464101791381836
2021-01-13,27.501039505004883
2021-01-14,27.70420265197754
2021-01-15,27.085477828979492
2021-01-18,26.99312973022461
2021-01-19,27.491804122924805
2021-01-20,28.442981719970703
2021-01-21,28.35063362121582
2021-01-22,30.012887954711914
2021-01-25,30.391511917114258
2021-01-27,30.419214248657227
2021-01-28,29.772785186767578
2021-01-29,29.828189849853516
2021-02-01,29.34798812866211
2021-02-02,28.85854721069336
2021-02-03,29.5511531829834
2021-02-04,29.218700408935547
2021-02-05,28.877016067504883
2021-02-08,28.406042098999023
2021-02-09,28.05512237548828
2021-02-10,27.944307327270508
2021-02-11,27.71343994140625
2021-02-12,27.70420265197754
2021-02-15,27.71343994140625
2021-02-16,27.815019607543945
2021-02-17,27.510272979736328
2021-02-18,27.658029556274414
2021-02-19,28.064359664916992
2021-02-22,26.900781631469727
2021-02-23,25.968076705932617
2021-02-24,25.275468826293945
2021-02-25,24.786026000976562
2021-02-26,25.035367965698242
2021-03-01,25.450931549072266
2021-03-02,24.89684295654297
2021-03-03,24.610567092895508
2021-03-04,24.01954460144043
2021-03-05,24.3150577545166
2021-03-08,23.511632919311523
2021-03-09,24.00107765197754
2021-03-10,24.77679443359375
2021-03-11,24.8414363861084
2021-03-12,24.93378257751465
2021-03-15,25.875728607177734
2021-03-16,26.725322723388672
2021-03-17,26.660682678222656
2021-03-18,26.411338806152344
2021-03-19,26.217411041259766
2021-03-22,25.995773315429688
2021-03-23,26.152767181396484
2021-03-24,26.734556198120117
2021-03-25,27.334815979003906
2021-03-26,27.47333335876465
2021-03-29,27.47333335876465
2021-03-30,27.103944778442383
2021-03-31,27.140886306762695
2021-04-01,27.048542022705078
2021-04-06,26.79920196533203
2021-04-07,27.445629119873047
2021-04-08,28.544567108154297
2021-04-09,28.59073829650879
2021-04-12,27.76884651184082
2021-04-13,28.378339767456055
2021-04-14,28.507625579833984
2021-04-15,28.258289337158203
2021-04-16,28.43375015258789
2021-04-19,28.72926139831543
2021-04-20,28.63690948486328
2021-04-21,28.563032150268555
2021-04-22,29.643495559692383
2021-04-23,30.012887954711914
2021-04-26,29.643495559692383
2021-04-27,30.289932250976562
2021-04-28,30.742431640625
2021-04-29,31.499675750732422
2021-04-30,31.056415557861328
2021-05-03,30.391511917114258
2021-05-04,30.3176326751709
2021-05-05,29.578857421875
2021-05-06,29.13558578491211
2021-05-07,28.89548683166504
2021-05-10,29.154056549072266
2021-05-11,28.923189163208008
2021-05-12,28.59073829650879
2021-05-13,28.72926139831543
2021-05-14,28.332162857055664
2021-05-17,28.923189163208008
2021-05-18,28.239816665649414
2021-05-19,27.953542709350586
2021-05-20,28.05512237548828
2021-05-21,28.83084487915039
2021-05-24,29.320283889770508
2021-05-25,28.221343994140625
2021-05-26,27.445629119873047
2021-05-27,25.801847457885742
2021-05-28,25.358577728271484
2021-05-31,25.792613983154297
2021-06-01,25.995773315429688
2021-06-02,25.349348068237305
2021-06-03,25.035367965698242
2021-06-04,25.146183013916016
2021-06-07,25.487869262695312
2021-06-08,25.256999969482422
2021-06-09,25.21082305908203
2021-06-10,25.19235610961914
2021-06-11,25.644861221313477
2021-06-15,26.392868041992188
2021-06-16,26.263586044311523
2021-06-17,26.485218048095703
2021-06-18,26.47598648071289
2021-06-21,26.734556198120117
2021-06-22,27.067007064819336
2021-06-23,27.556446075439453
2021-06-24,27.514192581176758
2021-06-25,27.253835678100586
2021-06-28,27.728057861328125
2021-06-29,27.495595932006836
2021-06-30,26.89119529724121
2021-07-01,26.593639373779297
2021-07-02,26.361181259155273
2021-07-05,26.463459014892578
2021-07-06,26.203105926513672
2021-07-07,26.175207138061523
2021-07-08,26.221704483032227
2021-07-09,26.175207138061523
2021-07-12,26.212406158447266
2021-07-13,26.500659942626953
2021-07-14,26.686628341674805
2021-07-15,26.668027877807617
2021-07-16,26.705223083496094
2021-07-19,27.216642379760742
2021-07-20,27.728057861328125
2021-07-21,27.979116439819336
2021-07-22,27.75595474243164
2021-07-23,28.73229217529297
2021-07-26,28.60211181640625
2021-07-27,28.016311645507812
2021-07-28,27.821043014526367
2021-07-29,28.220874786376953
2021-07-30,27.839635848999023
2021-08-02,28.676498413085938
2021-08-03,28.964752197265625
2021-08-04,29.020545959472656
2021-08-05,29.10423469543457
2021-08-06,29.327392578125
2021-08-09,29.24370574951172
2021-08-10,28.918262481689453
2021-08-11,28.276668548583984
2021-08-12,27.45840072631836
2021-08-13,28.072099685668945
2021-08-16,27.681562423706055
2021-08-17,28.722991943359375
2021-08-18,29.755126953125
2021-08-19,29.99687957763672
2021-08-20,29.9689884185791
2021-08-23,29.848108291625977
2021-08-24,29.262304306030273
2021-08-25,28.890365600585938
2021-08-26,28.704397201538086
2021-08-27,28.704397201538086
2021-08-30,29.12282943725586
2021-08-31,29.559852600097656
2021-09-01,29.355289459228516
2021-09-02,29.93179702758789
2021-09-03,29.885305404663086
2021-09-06,30.22934341430664
2021-09-07,30.145660400390625
2021-09-08,29.476173400878906
2021-09-09,29.550559997558594
2021-09-10,29.401784896850586
2021-09-13,29.2716007232666
2021-09-14,28.211578369140625
2021-09-15,28.2022762298584
2021-09-16,28.39754867553711
2021-09-17,29.29020118713379
2021-09-20,29.187917709350586
2021-09-21,29.476173400878906
2021-09-22,29.755126953125
2021-09-23,29.89459991455078
2021-09-24,29.24370574951172
2021-09-27,28.639307022094727
2021-09-28,27.85823631286621
2021-09-29,27.783843994140625
2021-09-30,28.52772331237793
2021-10-01,28.267370223999023
2021-10-04,28.118595123291016
2021-10-05,27.105060577392578
2021-10-06,26.695920944213867
2021-10-07,26.80750846862793
2021-10-08,26.61223793029785
2021-10-11,26.175207138061523
2021-10-12,26.351882934570312
2021-10-13,26.34258270263672
2021-10-14,26.584348678588867
2021-10-15,26.463459014892578
2021-10-18,26.463459014892578
2021-10-19,27.170146942138672
2021-10-20,27.30032730102539
2021-10-21,26.919090270996094
2021-10-22,27.43980598449707
2021-10-25,27.30032730102539
2021-10-26,27.29102897644043
2021-10-27,27.514192581176758
2021-10-28,27.569982528686523
2021-10-29,27.356117248535156
2021-11-01,27.644371032714844
2021-11-02,27.951217651367188
2021-11-03,28.50912857055664
2021-11-04,28.295265197753906
2021-11-05,28.8996639251709
2021-11-08,28.32316017150879
2021-11-09,28.890365600585938
2021-11-10,28.713695526123047
2021-11-11,28.564918518066406
2021-11-12,27.65366554260254
2021-11-15,28.639307022094727
2021-11-16,28.1464900970459
2021-11-17,28.220874786376953
2021-11-18,28.32316017150879
2021-11-19,28.462635040283203
2021-11-22,28.0349063873291
2021-11-23,28.40684700012207
2021-11-24,28.713695526123047
2021-11-25,30.03407859802246
2021-11-26,28.992650985717773
2021-11-29,29.36458969116211
2021-11-30,29.559852600097656
2021-12-01,29.29020118713379
2021-12-02,29.13905143737793
2021-12-03,28.811748504638672
2021-12-06,29.00813102722168
2021-12-07,28.905261993408203
2021-12-08,29.27931785583496
2021-12-09,28.409637451171875
2021-12-10,28.475099563598633
2021-12-13,28.95201873779297
2021-12-14,29.00813102722168
2021-12-15,28.839799880981445
2021-12-16,28.054283142089844
2021-12-17,27.652172088623047
2021-12-20,28.381582260131836
2021-12-21,29.045530319213867
2021-12-22,29.12034797668457
2021-12-23,29.110994338989258
2021-12-24,28.91461181640625
2021-12-29,29.045530319213867
2021-12-30,29.20450782775879
2021-12-31,28.549909591674805
2022-01-04,29.101640701293945
2022-01-05,28.96137237548828
2022-01-06,28.20390510559082
2022-01-07,28.409637451171875
2022-01-10,28.11974334716797
2022-01-11,27.979473114013672
2022-01-12,28.11974334716797
2022-01-13,28.08233642578125
2022-01-14,27.86725425720215
2022-01-17,27.904661178588867
2022-01-18,27.539955139160156
2022-01-19,26.69832420349121
2022-01-20,26.614158630371094
2022-01-21,26.0250244140625
2022-01-24,26.558053970336914
2022-01-25,26.137243270874023
2022-01-27,25.136638641357422
2022-01-28,25.23015022277832
2022-01-31,24.641008377075195
2022-02-01,25.295610427856445
2022-02-02,25.77253532409668
2022-02-03,25.903457641601562
2022-02-04,25.781885147094727
2022-02-07,25.333017349243164
2022-02-08,25.77253532409668
2022-02-09,26.399080276489258
2022-02-10,26.296215057373047
2022-02-11,25.220800399780273
2022-02-14,24.388521194458008
2022-02-15,24.472686767578125
2022-02-16,25.47328758239746
2022-02-17,25.37977409362793
2022-02-18,24.968313217163086
2022-02-21,24.482040405273438
2022-02-22,24.500741958618164
2022-02-23,24.77193260192871
2022-02-24,24.070573806762695
2022-02-25,24.26695442199707
2022-02-28,23.995759963989258
2022-03-01,24.388521194458008
2022-03-02,24.164087295532227
2022-03-03,24.19214630126953
2022-03-04,24.07992935180664
2022-03-07,23.219594955444336
2022-03-08,22.92970085144043
2022-03-09,23.378568649291992
2022-03-10,23.733919143676758
2022-03-11,23.425325393676758
2022-03-14,23.518844604492188
2022-03-15,23.79938507080078
2022-03-16,24.033166885375977
2022-03-17,24.182790756225586
2022-03-18,24.13603401184082
2022-03-21,24.070573806762695
2022-03-22,24.089277267456055
2022-03-23,22.190937042236328
2022-03-24,21.405418395996094
2022-03-25,21.33995819091797
2022-03-28,20.59184455871582
2022-03-29,20.694705963134766
2022-03-30,21.55504035949707
2022-03-31,20.99395751953125
2022-04-01,21.227739334106445
2022-04-04,21.171634674072266
2022-04-05,21.134227752685547
2022-04-06,21.096818923950195
2022-04-07,20.57314109802246
2022-04-08,20.507680892944336
2022-04-11,20.133623123168945
2022-04-12,19.666053771972656
2022-04-13,19.422914505004883
2022-04-14,19.619295120239258
2022-04-19,19.114316940307617
2022-04-20,19.58188819885254
2022-04-21,19.282644271850586
2022-04-22,19.01145362854004
2022-04-26,18.78702163696289
2022-04-27,18.42231559753418
2022-04-28,18.14177131652832
2022-04-29,18.515823364257812
2022-05-02,18.21657943725586
2022-05-03,17.99214744567871
2022-05-04,17.917335510253906
2022-05-05,18.14177131652832
2022-05-06,18.55323600769043
2022-05-09,17.97344398498535
2022-05-10,17.945388793945312
2022-05-11,17.96409034729004
2022-05-12,17.25338363647461
2022-05-13,17.85187530517578
2022-05-16,17.842525482177734
2022-05-17,17.561981201171875
2022-05-18,17.83316993713379
2022-05-19,17.44976234436035
2022-05-20,17.739660263061523
2022-05-23,17.823820114135742
2022-05-24,17.505874633789062
2022-05-25,17.103761672973633
2022-05-26,16.8886775970459
2022-05-27,16.83256721496582
2022-05-30,17.309494018554688
2022-05-31,17.795766830444336
2022-06-01,17.54327964782715
2022-06-02,17.374954223632812
2022-06-03,17.636795043945312
2022-06-06,17.515222549438477
2022-06-07,17.010250091552734
2022-06-08,17.290788650512695
2022-06-09,17.000892639160156
2022-06-10,17.01959800720215
2022-06-14,16.75775909423828
2022-06-15,16.168617248535156
2022-06-16,16.290185928344727
2022-06-17,16.280834197998047
2022-06-20,16.598783493041992
2022-06-21,16.570728302001953
2022-06-22,16.431560516357422
2022-06-23,16.800491333007812
2022-06-24,17.43429183959961
2022-06-27,17.453210830688477
2022-06-28,17.26401710510254
2022-06-29,16.980224609375
2022-06-30,16.87616729736328
2022-07-01,16.743732452392578
2022-07-04,16.989683151245117
2022-07-05,17.50050926208496
2022-07-06,18.096471786499023
2022-07-07,18.228910446166992
2022-07-08,18.32350730895996
2022-07-11,17.69916343688965
2022-07-12,17.86944007873535
2022-07-13,18.087017059326172
2022-07-14,18.087017059326172
2022-07-15,17.822139739990234
2022-07-18,17.481590270996094
2022-07-19,17.47213363647461
2022-07-20,18.049175262451172
2022-07-21,18.597837448120117
2022-07-22,18.65459442138672
2022-07-25,18.238374710083008
2022-07-26,18.001876831054688
2022-07-27,17.992414474487305
2022-07-28,18.162694931030273
2022-07-29,18.134313583374023
2022-08-01,18.484323501586914
2022-08-02,18.200531005859375
2022-08-03,18.380266189575195
2022-08-04,17.926198959350586
2022-08-05,17.670785903930664
2022-08-08,17.945119857788086
2022-08-09,18.285669326782227
2022-08-10,18.314050674438477
2022-08-11,18.5127010345459
2022-08-12,17.822139739990234
2022-08-15,18.30458641052246
2022-08-16,18.351886749267578
2022-08-17,18.389726638793945
2022-08-18,18.10593605041504
2022-08-19,17.16942024230957
2022-08-22,17.26401710510254
2022-08-23,16.88562774658203
2022-08-24,17.122119903564453
2022-08-25,17.159957885742188
2022-08-26,17.036983489990234
2022-08-29,16.61129379272461
2022-08-30,17.018064498901367
2022-08-31,16.563997268676758
2022-09-01,16.705894470214844
2022-09-02,16.563997268676758
2022-09-05,16.2707462310791
2022-09-06,15.986954689025879
2022-09-07,16.46940040588379
2022-09-08,17.122119903564453
2022-09-09,17.036983489990234
2022-09-12,17.216718673706055
2022-09-13,17.339696884155273
2022-09-14,17.08428192138672
2022-09-15,16.838329315185547
2022-09-16,16.554536819458008
2022-09-19,16.412643432617188
2022-09-20,16.374799728393555
2022-09-21,16.05316925048828
2022-09-23,15.892353057861328
2022-09-26,16.31804084777832
2022-09-27,15.542346000671387
2022-09-28,15.636942863464355
2022-09-29,15.920734405517578
2022-09-30,15.381528854370117
2022-10-03,15.258551597595215
2022-10-04,15.599102973937988
2022-10-05,16.412643432617188
2022-10-06,15.949112892150879
2022-10-07,15.911275863647461
2022-10-10,15.51396656036377
2022-10-11,15.438288688659668
2022-10-12,15.400449752807617
2022-10-13,15.390989303588867
2022-10-14,15.797759056091309
2022-10-17,16.185606002807617
2022-10-18,16.677513122558594
2022-10-19,16.668054580688477
2022-10-20,15.939655303955078
2022-10-21,15.655858993530273
2022-10-24,16.024791717529297
2022-10-25,16.26128578186035
2022-10-26,16.31804084777832
2022-10-27,16.535615921020508
2022-10-28,16.516698837280273
2022-10-31,16.91400909423828
2022-11-01,17.311315536499023
2022-11-02,17.43429183959961
2022-11-03,16.724811553955078
2022-11-04,17.122119903564453
2022-11-07,17.11266326904297
2022-11-08,16.932926177978516
2022-11-09,16.951847076416016
2022-11-10,16.601837158203125
2022-11-11,17.188339233398438
2022-11-14,16.734272003173828
2022-11-15,17.159957885742188
2022-11-16,16.762649536132812
2022-11-17,17.415374755859375
2022-11-18,17.888357162475586
2022-11-21,18.030254364013672
2022-11-22,18.484323501586914
2022-11-23,18.15323257446289
2022-11-24,18.162694931030273
2022-11-25,18.077556610107422
2022-11-28,18.162694931030273
2022-11-29,19.95058250427246
2022-11-30,20.77358055114746
2022-12-01,21.331703186035156
2022-12-02,21.606035232543945
2022-12-05,21.719552993774414
2022-12-06,21.284404754638672
2022-12-07,20.83979606628418
2022-12-08,20.77740478515625
2022-12-09,20.491477966308594
2022-12-12,20.491477966308594
2022-12-13,20.253202438354492
2022-12-14,20.234142303466797
2022-12-15,20.8345890045166
2022-12-16,20.31991958618164
2022-12-19,20.06258201599121
2022-12-20,19.652755737304688
2022-12-21,19.652755737304688
2022-12-22,19.919620513916016
2022-12-23,19.748062133789062
2022-12-28,19.824310302734375
2022-12-29,20.138832092285156
2022-12-30,20.281795501708984
2023-01-03,20.329448699951172
2023-01-04,20.796464920043945
2023-01-05,20.701154708862305
2023-01-06,20.481945037841797
2023-01-09,20.558195114135742
2023-01-10,20.624906539916992
2023-01-11,20.58678436279297
2023-01-12,20.74881362915039
2023-01-13,20.7106876373291
2023-01-16,21.311134338378906
2023-01-17,21.701902389526367
2023-01-18,22.321413040161133
2023-01-19,22.102201461791992
2023-01-20,23.17919158935547
2023-01-23,22.521562576293945
2023-01-24,22.092670440673828
2023-01-25,22.111732482910156
2023-01-27,22.064075469970703
2023-01-30,22.102201461791992
2023-01-31,22.397661209106445
2023-02-01,22.50250244140625
2023-02-02,22.63593292236328
2023-02-03,23.19825553894043
2023-02-06,23.13153839111328
2023-02-07,22.693119049072266
2023-02-08,22.53109359741211
2023-02-09,22.521562576293945
2023-02-10,22.359535217285156
2023-02-13,22.159387588500977
2023-02-14,22.254695892333984
2023-02-15,22.254695892333984
2023-02-16,22.750303268432617
2023-02-17,23.07435417175293
2023-02-20,22.817020416259766
2023-02-21,22.54062271118164
2023-02-22,22.397661209106445
2023-02-23,22.674057006835938
2023-02-24,22.921857833862305
2023-02-27,22.54062271118164
2023-02-28,22.550153732299805
2023-03-01,22.492969512939453
2023-03-02,22.75983238220215
2023-03-03,23.02669906616211
2023-03-06,23.36981201171875
2023-03-07,23.274505615234375
2023-03-08,23.093416213989258
2023-03-09,22.87420654296875
2023-03-10,22.54062271118164
2023-03-13,22.283287048339844
2023-03-14,22.187984466552734
2023-03-15,22.36906623840332
2023-03-16,22.388126373291016
2023-03-17,22.36906623840332
2023-03-20,22.159387588500977
2023-03-21,22.36906623840332
2023-03-22,22.65499496459961
2023-03-23,23.0648250579834
2023-03-24,23.36981201171875
2023-03-27,23.293567657470703
2023-03-28,23.264972686767578
2023-03-29,23.07435417175293
2023-03-30,23.264972686767578
2023-03-31,23.693862915039062
2023-04-03,23.598556518554688
2023-04-04,23.73198890686035
2023-04-05,23.922609329223633
2023-04-06,24.256189346313477
2023-04-11,23.73198890686035
2023-04-12,23.82729721069336
2023-04-13,23.674802780151367
2023-04-14,23.665271759033203
2023-04-17,23.49371337890625
2023-04-18,23.34122085571289
2023-04-19,23.57949447631836
2023-04-20,23.48418426513672
2023-04-21,23.636680603027344
2023-04-24,24.113222122192383
2023-04-26,24.28478240966797
2023-04-27,24.017915725708008
2023-04-28,24.427743911743164
2023-05-01,24.322904586791992
2023-05-02,24.322904586791992
2023-05-03,24.637426376342773
2023-05-04,24.151351928710938
2023-05-05,23.99885368347168
2023-05-08,23.874950408935547
2023-05-09,23.83683204650879
2023-05-10,23.855892181396484
2023-05-11,23.674802780151367
2023-05-12,23.88448143005371
2023-05-15,23.7987003326416
2023-05-16,23.855892181396484
2023-05-17,24.0560359954834
2023-05-18,23.97026252746582
2023-05-19,24.170412063598633
2023-05-22,23.665271759033203
2023-05-23,23.16966438293457
2023-05-24,22.4357852935791
2023-05-25,22.864673614501953
2023-05-26,21.425504684448242
2023-05-29,21.68284034729004
2023-05-30,21.44456672668457
2023-05-31,21.168170928955078
2023-06-01,21.301603317260742
2023-06-02,21.168170928955078
2023-06-05,21.158641815185547
2023-06-06,20.891773223876953
2023-06-07,20.77740478515625
2023-06-08,20.796464920043945
2023-06-09,20.491477966308594
2023-06-13,20.7106876373291
2023-06-14,20.54865837097168
2023-06-15,20.54865837097168
2023-06-16,20.739280700683594
2023-06-19,21.13957977294922
2023-06-20,21.17770004272461
2023-06-21,21.07286262512207
2023-06-22,20.977550506591797
2023-06-23,21.015676498413086
2023-06-26,20.886865615844727
2023-06-27,21.050119400024414
2023-06-28,21.213375091552734
2023-06-29,21.549484252929688
2023-06-30,21.645519256591797
2023-07-03,21.799165725708008
2023-07-04,21.808767318725586
2023-07-05,21.914403915405273
2023-07-06,21.818374633789062
2023-07-07,21.635913848876953
2023-07-10,21.36702537536621
2023-07-11,21.61670684814453
2023-07-12,21.463056564331055
2023-07-13,21.914403915405273
2023-07-14,21.96242332458496
2023-07-17,21.904804229736328
2023-07-18,21.60710334777832
2023-07-19,21.76075553894043
2023-07-20,21.703136444091797
2023-07-21,21.674325942993164
2023-07-24,21.645519256591797
2023-07-25,21.34781837463379
2023-07-26,21.42464256286621
2023-07-27,21.76075553894043
2023-07-28,21.645519256591797
2023-07-31,21.847183227539062
2023-08-01,21.904804229736328
2023-08-02,21.818374633789062
2023-08-03,21.82797622680664
2023-08-04,21.60710334777832
2023-08-07,21.37662696838379
2023-08-08,21.319007873535156
2023-08-09,20.858057022094727
2023-08-10,20.733219146728516
2023-08-11,20.800437927246094
2023-08-14,20.65639305114746
2023-08-15,20.53154945373535
2023-08-16,20.358694076538086
2023-08-17,19.9649658203125
2023-08-18,19.7921085357666
2023-08-21,19.84012222290039
2023-08-22,19.74409294128418
2023-08-23,20.022581100463867
2023-08-24,19.888137817382812
2023-08-25,19.696073532104492
2023-08-28,19.734487533569336
2023-08-29,19.427188873291016
2023-08-30,19.859329223632812
2023-08-31,19.95536231994629
2023-09-01,19.80171012878418
2023-09-04,19.974565505981445
2023-09-05,19.945756912231445
2023-09-06,19.523218154907227
2023-09-07,19.350358963012695
2023-09-08,18.860597610473633
2023-09-11,18.764570236206055
2023-09-12,18.87980842590332
2023-09-13,19.177505493164062
2023-09-14,18.975839614868164
2023-09-15,18.975839614868164
2023-09-18,19.263931274414062
2023-09-19,19.398380279541016
2023-09-20,19.235122680664062
2023-09-21,19.43678855895996
2023-09-22,19.427188873291016
2023-09-25,19.388774871826172
2023-09-26,19.34075927734375
2023-09-27,19.43678855895996
2023-09-28,18.9470272064209
2023-09-29,19.19671058654785
2023-10-02,19.100679397583008
2023-10-03,19.16790008544922
2023-10-04,19.475204467773438
2023-10-05,19.95536231994629
2023-10-06,19.878536224365234
2023-10-09,19.60004425048828
2023-10-10,19.753694534301758
2023-10-11,19.83051872253418
2023-10-12,18.96623420715332
2023-10-13,18.582109451293945
2023-10-16,18.975839614868164
2023-10-17,18.774171829223633
2023-10-18,19.091075897216797
2023-10-19,18.908618927001953
2023-10-20,18.188379287719727
2023-10-23,18.66853904724121
2023-10-24,18.495683670043945
2023-10-25,18.197982788085938
2023-10-26,18.361238479614258
2023-10-27,18.130762100219727
2023-10-30,18.380443572998047
2023-10-31,18.274808883666992
2023-11-01,18.793376922607422
2023-11-02,18.9470272064209
2023-11-03,19.34075927734375
2023-11-06,19.945756912231445
2023-11-07,20.118614196777344
2023-11-08,19.734487533569336
2023-11-09,19.33115577697754
2023-11-10,19.446393966674805
2023-11-13,19.00464630126953
2023-11-14,19.302349090576172
2023-11-15,19.686473846435547
2023-11-16,19.379169464111328
2023-11-17,19.523218154907227
2023-11-20,19.648059844970703
2023-11-21,19.696073532104492
2023-11-22,19.57123374938965
2023-11-23,19.657663345336914
2023-11-24,19.7921085357666
2023-11-27,19.43678855895996
2023-11-28,19.76329803466797
2023-11-29,21.319007873535156
2023-11-30,21.270994186401367
2023-12-01,21.338214874267578
2023-12-04,20.858057022094727
2023-12-05,20.768882751464844
2023-12-06,21.48505210876465
2023-12-07,21.4656982421875
2023-12-08,21.62054443359375
2023-12-11,21.368915557861328
2023-12-12,21.504405975341797
2023-12-13,21.591508865356445
2023-12-14,22.181865692138672
2023-12-15,21.37859535217285
2023-12-18,21.456018447875977
2023-12-19,21.591508865356445
2023-12-20,21.281814575195312
2023-12-21,21.156002044677734
2023-12-22,21.049545288085938
2023-12-27,21.001157760620117
2023-12-28,21.33020782470703
2023-12-29,21.126968383789062
2024-01-02,21.339879989624023
2024-01-03,21.107614517211914
2024-01-04,21.47537612915039
2024-01-05,21.48505210876465
2024-01-08,21.388275146484375
2024-01-09,21.60118865966797
2024-01-10,21.37859535217285
2024-01-11,21.426984786987305
2024-01-12,21.63990020751953
2024-01-15,21.60118865966797
2024-01-16,21.19471549987793
2024-01-17,20.972122192382812
2024-01-18,21.049545288085938
2024-01-19,20.9527645111084
2024-01-22,20.855985641479492
2024-01-23,21.233427047729492
2024-01-24,21.57215690612793
2024-01-25,21.223751068115234
2024-01-29,21.233427047729492
2024-01-30,21.456018447875977
2024-01-31,21.426984786987305
2024-02-01,21.833457946777344
2024-02-02,22.114120483398438
2024-02-05,22.491561889648438
2024-02-06,22.63672637939453
2024-02-07,22.54962730407715
2024-02-08,22.33670997619629
2024-02-09,22.28832244873047
2024-02-12,21.697967529296875
2024-02-13,21.417306900024414
2024-02-14,21.60118865966797
2024-02-15,21.968950271606445
2024-02-16,21.959274291992188
2024-02-19,21.65925407409668
2024-02-20,21.426984786987305
2024-02-21,21.649578094482422
2024-02-22,21.823780059814453
2024-02-23,22.462526321411133
2024-02-26,22.63672637939453
2024-02-27,22.578659057617188
2024-02-28,22.68511962890625
2024-02-29,22.249610900878906
2024-03-01,22.094762802124023
2024-03-04,22.0173397064209
2024-03-05,22.491561889648438
2024-03-06,22.43349266052246
2024-03-07,22.210901260375977
2024-03-08,22.44316864013672
2024-03-11,22.056053161621094
2024-03-12,22.0173397064209
2024-03-13,22.114120483398438
2024-03-14,21.833457946777344
2024-03-15,21.301172256469727
2024-03-18,21.49472999572754
2024-03-19,21.48505210876465
2024-03-20,21.48505210876465
2024-03-21,21.726999282836914
2024-03-22,23.401288986206055
2024-03-25,23.27547264099121
2024-03-26,23.57549285888672
2024-03-27,23.546457290649414
2024-03-28,22.898033142089844
2024-04-02,23.06256103515625
2024-04-03,22.452848434448242
2024-04-04,22.52059555053711
2024-04-05,22.956100463867188
2024-04-08,22.69479751586914
2024-04-09,22.869001388549805
2024-04-10,23.439998626708984
2024-04-11,23.362571716308594
2024-04-12,23.304508209228516
2024-04-15,23.556135177612305
2024-04-16,23.362571716308594
2024-04-17,23.80776023864746
2024-04-18,23.585168838500977
2024-04-19,23.61420249938965
2024-04-22,23.314186096191406
2024-04-23,23.57549285888672
2024-04-24,24.630388259887695
2024-04-26,24.407793045043945
2024-04-29,24.57232093811035
2024-04-30,24.98847007751465
2024-05-01,24.67877769470215
2024-05-02,24.630388259887695
2024-05-03,24.9691162109375
2024-05-06,25.25945281982422
2024-05-07,25.35623550415039
2024-05-08,25.714319229125977
2024-05-09,25.191709518432617
2024-05-10,25.327199935913086
2024-05-13,25.249774932861328
2024-05-14,25.453012466430664
2024-05-15,25.220739364624023
2024-05-16,25.840133666992188
2024-05-17,25.52075958251953
2024-05-20,25.52075958251953
2024-05-21,25.10460662841797
2024-05-22,25.385269165039062
2024-05-23,25.2110652923584
2024-05-24,25.085250854492188
2024-05-27,25.220739364624023
2024-05-28,24.630388259887695
2024-05-29,25.54011344909668
2024-05-30,25.578824996948242
2024-05-31,26.32402801513672
2024-06-03,26.382097244262695
2024-06-04,27.020841598510742
2024-06-05,27.882179260253906
2024-06-06,27.349889755249023
2024-06-07,27.166011810302734
2024-06-11,26.60468864440918
2024-06-12,26.85631561279297
2024-06-13,27.6499080657959
2024-06-14,27.601516723632812
2024-06-17,27.485382080078125
2024-06-18,27.978958129882812
2024-06-19,27.89185905456543
2024-06-20,27.57248306274414
2024-06-21,27.185365676879883
2024-06-24,26.536945343017578
2024-06-25,26.93373680114746
2024-06-26,27.151952743530273
2024-06-27,27.073930740356445
2024-06-28,27.083683013916016
2024-07-01,26.742334365844727
2024-07-02,26.5765323638916
2024-07-03,26.3814754486084
2024-07-04,26.566781997680664
2024-07-05,26.644804000854492
2024-07-08,26.498510360717773
2024-07-09,26.7618408203125
2024-07-10,27.327505111694336
2024-07-11,27.610336303710938
2024-07-12,27.14219856262207
2024-07-15,27.39577293395996
2024-07-16,27.37626838684082
2024-07-17,27.668855667114258
2024-07-18,27.620088577270508
2024-07-19,27.795642852783203
2024-07-22,27.97119140625
2024-07-23,28.761171340942383
2024-07-24,28.995241165161133
2024-07-25,28.54660987854004
2024-07-26,28.078475952148438
2024-07-29,28.097980499267578
2024-07-30,28.351552963256836
2024-07-31,28.77092742919922
2024-08-01,29.04400634765625
2024-08-02,29.200054168701172
2024-08-05,28.234521865844727
2024-08-06,28.3418025970459
2024-08-07,29.3658504486084
2024-08-08,29.385356903076172
2024-08-09,29.14153480529785
2024-08-12,29.20980453491211
2024-08-13,28.81968879699707
2024-08-14,28.61488151550293
2024-08-15,29.15128517150879
2024-08-16,29.239063262939453
2024-08-19,29.21955680847168
2024-08-20,28.868453979492188
2024-08-21,28.702655792236328
2024-08-22,28.61488151550293
2024-08-23,32.01862716674805
2024-08-26,31.94060516357422
2024-08-27,31.589502334594727
2024-08-28,32.233192443847656
2024-08-29,31.852828979492188
2024-08-30,32.19417953491211
2024-09-02,32.67206954956055
2024-09-03,33.237735748291016
2024-09-04,33.39378356933594
2024-09-05,33.58883285522461
2024-09-06,33.822906494140625
2024-09-09,34.07647705078125
2024-09-10,33.7448844909668
2024-09-11,33.90092468261719
2024-09-12,34.7786865234375
2024-09-13,34.495849609375
2024-09-16,34.29104232788086
2024-09-17,34.21302032470703
2024-09-18,33.86191940307617
2024-09-19,33.44255065917969
2024-09-20,32.87688064575195
2024-09-23,32.477012634277344
2024-09-24,31.784561157226562
2024-09-25,31.46271324157715
2024-09-26,32.39899444580078
2024-09-27,32.00887680053711
2024-09-30,31.316423416137695
2024-10-01,31.26766014099121
2024-10-02,31.745548248291016
2024-10-03,31.823570251464844
2024-10-04,31.989368438720703
2024-10-07,30.614213943481445
2024-10-08,31.20914077758789
2024-10-09,32.07714080810547
2024-10-10,32.29170608520508
2024-10-11,32.55503463745117
2024-10-14,32.57453918457031
2024-10-15,32.896385192871094
2024-10-16,32.06739044189453
2024-10-17,32.44775390625
2024-10-18,32.66231918334961
2024-10-21,33.15971374511719
2024-10-22,32.82811737060547
2024-10-23,32.85736846923828
2024-10-24,32.867122650146484
2024-10-25,32.477012634277344
2024-10-28,32.896385192871094
2024-10-29,31.960107803344727
2024-10-30,31.8820858001709
2024-10-31,31.99912452697754
2024-11-01,32.15517044067383
2024-11-04,32.242942810058594
2024-11-05,32.184425354003906
2024-11-06,32.13566207885742
2024-11-07,32.39899444580078
2024-11-08,33.32551193237305
2024-11-11,33.237735748291016
2024-11-12,33.36451721191406
2024-11-13,33.11094665527344
2024-11-14,33.01342010498047
2024-11-15,32.681819915771484
2024-11-18,33.34501647949219
2024-11-19,33.41328430175781
2024-11-20,32.730587005615234
2024-11-21,32.69157028198242
2024-11-22,33.540069580078125
2024-11-25,34.18376159667969
2024-11-26,33.18897247314453
2024-11-27,33.71562576293945
2024-11-28,33.01342010498047
2024-11-29,33.66686248779297
2024-12-02,33.77414321899414
2024-12-03,33.87166976928711
2024-12-04,33.41328430175781
2024-12-05,32.99949264526367
2024-12-06,32.450645446777344
2024-12-09,33.00929260253906
2024-12-10,32.88188171386719
2024-12-11,32.88188171386719
2024-12-12,32.55845642089844
2024-12-13,32.6956672668457
2024-12-16,33.93057632446289
2024-12-17,34.00898361206055
2024-12-18,33.8227653503418
2024-12-19,33.2053108215332
2024-12-20,33.49933624267578
2024-12-23,33.479736328125
2024-12-24,33.88157272338867
2024-12-27,34.03838348388672
2024-12-30,34.62643814086914
2024-12-31,34.254005432128906
2025-01-02,33.95017623901367
2025-01-03,33.49933624267578
2025-01-06,33.656150817871094
2025-01-07,33.685550689697266
2025-01-08,33.616947174072266
2025-01-09,33.656150817871094
2025-01-10,33.616947174072266
2025-01-13,33.3131217956543
2025-01-14,33.852169036865234
2025-01-15,33.273921966552734
2025-01-16,33.342525482177734
2025-01-17,34.21479797363281
2025-01-20,34.430419921875
2025-01-21,33.99917984008789
2025-01-22,34.07758712768555
2025-01-23,34.538230895996094
2025-01-24,34.057987213134766
2025-01-28,33.71495819091797
2025-01-29,34.106990814208984
2025-01-30,33.989383697509766
2025-01-31,33.665950775146484
2025-02-03,31.166732788085938
2025-02-04,31.137331008911133
2025-02-05,30.461071014404297
2025-02-06,30.706092834472656
2025-02-07,30.735496520996094
2025-02-10,30.960914611816406
2025-02-11,30.94131088256836
2025-02-12,30.843303680419922
2025-02-13,30.86290740966797
2025-02-14,31.480358123779297
2025-02-17,31.548967361450195
2025-02-18,31.156932830810547
2025-02-19,31.27454376220703
2025-02-20,31.01972007751465
2025-02-21,30.94131088256836
2025-02-24,30.549278259277344
2025-02-25,30.38266372680664
2025-02-26,30.843303680419922
2025-02-27,30.4904727935791
2025-02-28,29.78481101989746
2025-03-03,30.049434661865234
2025-03-04,29.677001953125
2025-03-05,30.627687454223633
2025-03-06,30.41206932067871
2025-03-07,30.441469192504883
2025-03-10,30.960914611816406
2025-03-11,30.696290969848633
2025-03-12,29.686803817749023
2025-03-13,29.245763778686523
2025-03-14,29.314369201660156
2025-03-17,29.05954933166504
2025-03-18,28.638111114501953
2025-03-19,29.010543823242188
2025-03-20,29.245763778686523
2025-03-21,29.12815284729004
2025-03-24,29.13795280456543
2025-03-25,29.686803817749023
2025-03-26,31.176532745361328
2025-03-27,30.39246368408203
2025-03-28,29.931825637817383
2025-03-31,29.647600173950195
2025-04-01,30.363061904907227
2025-04-02,30.853107452392578
2025-04-03,31.69597816467285
2025-04-04,30.755096435546875
2025-04-07,30.23565101623535
2025-04-08,30.41206932067871
2025-04-09,29.9808292388916
2025-04-10,31.01972007751465
2025-04-11,30.549278259277344
2025-04-14,30.627687454223633
2025-04-15,30.510074615478516
2025-04-16,30.696290969848633
2025-04-17,30.735496520996094
2025-04-22,29.9808292388916
2025-04-23,30.500274658203125
2025-04-24,30.960914611816406
2025-04-28,31.352949142456055
2025-04-29,31.499961853027344
2025-04-30,30.882509231567383
2025-05-01,31.656774520874023
2025-05-02,31.990005493164062
2025-05-05,32.068416595458984
2025-05-06,32.215423583984375
2025-05-07,32.42124557495117
2025-05-08,32.32323455810547
2025-05-09,32.6956672668457
2025-05-12,31.8821964263916
2025-05-13,32.43104553222656
2025-05-14,32.49965286254883
2025-05-15,33.50914001464844
2025-05-16,33.4111328125
2025-05-19,32.82307815551758
2025-05-20,32.17622375488281
2025-05-21,33.16611099243164
2025-05-22,33.33272171020508
2025-05-23,32.725067138671875
2025-05-26,32.666263580322266
2025-05-27,33.440528869628906
2025-05-28,31.842994689941406
2025-05-29,31.58816909790039
2025-05-30,33.25431442260742
2025-06-02,34.14619445800781
2025-06-03,33.665950775146484
2025-06-04,33.71495819091797
2025-06-05,34.028587341308594
2025-06-06,33.39152908325195
2025-06-10,33.420928955078125
2025-06-11,33.117103576660156
2025-06-12,33.62675094604492
2025-06-13,33.244510650634766
2025-06-16,34.01877975463867
2025-06-17,33.26411437988281
2025-06-18,33.616947174072266
2025-06-19,33.12690353393555
2025-06-20,33.538543701171875
2025-06-23,33.46223068237305
2025-06-24,32.96897888183594
2025-06-25,33.34385299682617
2025-06-26,33.333988189697266
2025-06-27,33.25506591796875
2025-06-30,33.176151275634766
2025-07-01,34.221839904785156
2025-07-02,33.90616226196289
2025-07-03,33.245201110839844
2025-07-04,33.363582611083984
2025-07-07,32.85060119628906
2025-07-08,33.37344741821289
2025-07-09,33.146549224853516
2025-07-10,32.751949310302734
2025-07-11,32.209373474121094
2025-07-14,32.04166793823242
2025-07-15,32.021934509277344
2025-07-16,32.327754974365234
2025-07-17,33.107093811035156
2025-07-18,33.028167724609375
2025-07-21,33.452369689941406
2025-07-22,32.92952346801758
2025-07-23,32.78154754638672
2025-07-24,32.76181411743164
2025-07-25,32.56451416015625
2025-07-28,32.85060119628906
2025-07-29,33.32412338256836
2025-07-30,32.97884750366211
2025-07-31,33.629940032958984
2025-08-01,32.44613265991211
2025-08-04,32.337615966796875
2025-08-05,33.245201110839844
2025-08-06,33.4425048828125
2025-08-07,33.49182891845703
2025-08-08,33.34385299682617
2025-08-11,33.31425857543945
2025-08-12,33.15641784667969
2025-08-13,33.41291046142578
2025-08-14,33.32412338256836
2025-08-15,33.54115676879883
2025-08-18,33.39317321777344
2025-08-19,33.4425048828125
2025-08-20,33.80751037597656
2025-08-21,34.25143814086914
2025-08-22,33.610206604003906
2025-08-25,33.37344741821289
2025-08-26,33.097225189208984
2025-08-27,32.76181411743164
2025-08-28,32.49545669555664
2025-08-29,32.406673431396484
2025-09-01,32.870330810546875
2025-09-02,32.554649353027344
2025-09-03,32.63357162475586
2025-09-04,32.83087158203125
2025-09-05,33.432640075683594
2025-09-08,33.80751037597656
2025-09-09,33.9258918762207
2025-09-10,34.03440856933594
2025-09-11,33.76804733276367
2025-09-12,33.68913269042969
2025-09-15,33.333988189697266
2025-09-16,33.087364196777344
2025-09-17,32.89006042480469
2025-09-18,32.77167892456055
2025-09-19,33.54115676879883
2025-09-22,33.32412338256836
2025-09-23,33.166282653808594
2025-09-24,33.07749557495117
2025-09-25,31.439899444580078
2025-09-26,31.420169830322266
2025-09-29,31.64706802368164
2025-09-30,31.933149337768555
2025-10-01,32.09099197387695
2025-10-02,32.337615966796875
2025-10-03,32.751949310302734
2025-10-06,32.77167892456055
2025-10-07,32.99857711791992
2025-10-08,32.73221969604492
2025-10-09,32.337615966796875
2025-10-10,31.25246238708496
2025-10-13,30.9959716796875
2025-10-14,30.778942108154297
2025-10-15,30.867727279663086
2025-10-16,31.538549423217773
2025-10-17,30.8874568939209
2025-10-20,31.005836486816406
2025-10-21,30.9466495513916
2025-10-22,30.4139347076416
2025-10-23,30.847997665405273
2025-10-24,30.976242065429688
2025-10-27,30.374475479125977
2025-10-28,31.558279037475586
2025-10-29,31.23273277282715
2025-10-30,31.331384658813477
2025-10-31,31.893693923950195
2025-11-03,31.706254959106445
2025-11-04,31.75558090209961
2025-11-05,32.258697509765625
2025-11-06,32.56451416015625
2025-11-07,32.81113815307617
2025-11-10,32.45600128173828
2025-11-11,32.525054931640625
2025-11-12,32.603973388671875
2025-11-13,32.485595703125
2025-11-14,32.23896789550781
2025-11-17,31.627336502075195
2025-11-18,31.213003158569336
2025-11-19,31.282058715820312
2025-11-20,31.479358673095703
2025-11-21,31.242597579956055
2025-11-24,31.883825302124023
2025-11-25,31.400440216064453
2025-11-26,32.89992141723633
2025-11-27,32.574378967285156
2025-11-28,32.89006042480469
2025-12-01,32.406673431396484
2025-12-02,32.78154754638672
2025-12-03,32.73712921142578
2025-12-04,32.7569580078125
2025-12-05,32.8065299987793
2025-12-08,32.96516036987305
2025-12-09,32.7966194152832
2025-12-10,32.449615478515625
2025-12-11,32.60824203491211
2025-12-12,32.290985107421875
2025-12-15,32.519012451171875
2025-12-16,32.62807083129883
2025-12-17,31.973726272583008
2025-12-18,31.983638763427734
2025-12-19,32.01338577270508
2025-12-22,32.5289306640625
2025-12-23,32.618160247802734
2025-12-24,32.50910186767578
2025-12-29,32.132354736328125
2025-12-30,32.2612419128418
2025-12-31,32.37030029296875
2026-01-02,32.09269714355469
2026-01-05,32.19184494018555
2026-01-06,32.24141311645508
2026-01-07,32.846187591552734
2026-01-08,33.084129333496094
2026-01-09,32.71730041503906
2026-01-12,32.71730041503906
2026-01-13,33.11387634277344
2026-01-14,33.242759704589844
2026-01-15,33.23284912109375
2026-01-16,33.163448333740234
2026-01-19,32.994903564453125
2026-01-20,33.10395812988281
2026-01-21,32.89575958251953
2026-01-22,33.11387634277344
2026-01-23,33.064300537109375
2026-01-27,33.03456115722656
2026-01-28,32.86601638793945
2026-01-29,32.95524597167969
2026-01-30,33.36173629760742
2026-02-02,33.26258850097656
2026-02-03,33.82770538330078
2026-02-04,33.81779479980469
2026-02-05,33.57984924316406
2026-02-06,32.53884506225586
2026-02-09,33.26258850097656
2026-02-10,33.47079086303711
2026-02-11,33.32207489013672
2026-02-12,32.93541717529297
2026-02-13,30.85340690612793
2026-02-16,30.83357810974121
2026-02-17,30.30811882019043
2026-02-18,30.82366371154785
2026-02-19,31.507753372192383
2026-02-20,31.38878059387207
2026-02-23,32.62807083129883
2026-02-24,32.92550277709961
2026-02-25,33.540191650390625
2026-02-26,34.19453811645508
2026-02-27,34.164794921875
2026-03-02,34.402740478515625
2026-03-03,33.87727737426758
2026-03-04,33.95659255981445
2026-03-05,33.98633575439453
2026-03-06,33.222930908203125
2026-03-09,31.507753372192383
2026-03-10,31.547409057617188
2026-03-11,31.606895446777344
2026-03-12,31.596982955932617
2026-03-13,31.676298141479492
2026-03-16,31.478010177612305
2026-03-17,31.150836944580078
2026-03-18,31.65646743774414
2026-03-19,30.486576080322266
2026-03-20,29.74300193786621
2026-03-23,30.288288116455078
2026-03-24,29.951202392578125
2026-03-25,30.75426483154297
2026-03-26,30.87323570251465
2026-03-27,30.684864044189453
2026-03-30,29.852060317993164
2026-03-31,30.387432098388672
2026-04-01,30.744348526000977
2026-04-02,30.02060317993164
2026-04-07,30.665035247802734
2026-04-08,31.65646743774414
2026-04-09,31.83492660522461
2026-04-10,31.745697021484375
2026-04-13,30.793920516967773
2026-04-14,31.13100814819336
2026-04-15,31.339210510253906
2026-04-16,31.359037399291992
2026-04-17,30.96246337890625
2026-04-20,30.784006118774414
2026-04-21,30.883150100708008
2026-04-22,30.367603302001953
2026-04-23,29.683515548706055
2026-04-24,29.167970657348633
2026-04-27,28.979597091674805
2026-04-28,29.138225555419922
2026-04-29,29.286943435668945
2026-04-30,29.564542770385742
2026-05-01,29.356342315673828
2026-05-04,29.643857955932617
2026-05-05,29.693429946899414
2026-05-06,28.90028190612793
2026-05-07,29.019254684448242
2026-05-08,28.751567840576172
2026-05-11,28.69208335876465
2026-05-12,27.898935317993164
2026-05-13,27.94850730895996
2026-05-14,27.660991668701172
2026-05-15,26.758787155151367
2026-05-18,26.4415283203125
2026-05-19,27.26441764831543
2026-05-20,27.12561798095703
2026-05-21,27.373476028442383
2026-05-22,27.413131713867188
2026-05-25,27.294160842895508
2026-05-26,29.792572021484375
2026-05-27,31.02195167541504
2026-05-28,30.784006118774414
2026-05-29,30.902978897094727
2026-06-01,30.31803321838379
2026-06-02,30.31803321838379
2026-06-03,30.01068878173828
2026-06-04,30.13957405090332
2026-06-05,30.417177200317383
2026-06-09,31.101266860961914
2026-06-10,31.428438186645508
2026-06-11,31.497838973999023
2026-06-12,31.95389747619629
2026-06-15,31.458181381225586
2026-06-16,31.487924575805664
2026-06-17,31.735780715942383
2026-06-18,31.616809844970703
2026-06-19,31.25989532470703
2026-06-22,31.229999542236328
2026-06-23,30.860000610351562
2026-06-24,30.479999542236328
2026-06-25,31.530000686645508
2026-06-26,31.56999969482422
2026-06-29,31.989999771118164
2026-06-30,32.04999923706055
2026-07-01,31.809999465942383
2026-07-02,31.979999542236328
2026-07-03,32.7400016784668
2026-07-06,33.0
2026-07-07,33.4900016784668
2026-07-08,32.9900016784668
2026-07-09,33.0099983215332
2026-07-10,32.93000030517578
2026-07-13,33.150001525878906
2026-07-14,33.08000183105469
2026-07-15,32.83000183105469
2026-07-16,33.189998626708984
2026-07-17,33.310001373291016
2026-07-20,33.220001220703125
2026-07-21,32.869998931884766
2026-07-22,33.06999969482422
2026-07-23,33.02000045776367
2026-07-24,32.68000030517578
2026-07-27,33.119998931884766
2026-07-28,33.56999969482422
2026-07-29,34.66999816894531
2026-07-30,34.2400016784668
2026-07-31,34.02000045776367
2026-08-03,34.47999954223633
2026-08-04,35.130001068115234
2026-08-05,35.56999969482422
2026-08-06,35.279998779296875
2026-08-07,34.939998626708984
2026-08-10,35.0
2026-08-11,35.59000015258789
2026-08-12,35.279998779296875
2026-08-13,35.2599983215332
2026-08-14,35.36000061035156
2026-08-17,35.16999816894531
2026-08-18,34.9900016784668
2026-08-19,35.400001525878906
2026-08-20,35.7400016784668
2026-08-21,36.310001373291016
2026-08-24,37.09000015258789
2026-08-25,37.2400016784668
2026-08-26,37.099998474121094
2026-08-27,36.45000076293945
2026-08-28,36.43000030517578
