Date,close
2000-12-12,0.6406447291374207
2000-12-13,0.48216938972473145
2000-12-14,0.5394905209541321
2000-12-15,0.5192593336105347
2000-12-18,0.5091439485549927
2000-12-19,0.5293748378753662
2000-12-20,0.5394905209541321
2000-12-21,0.5293748378753662
2000-12-22,0.5361185073852539
2000-12-25,0.5361185073852539
2000-12-26,0.5361185073852539
2000-12-27,0.5327467322349548
2000-12-28,0.5293748378753662
2000-12-29,0.5158875584602356
2001-01-01,0.5158875584602356
2001-01-02,0.522631049156189
2001-01-03,0.5057721734046936
2001-01-04,0.5091439485549927
2001-01-05,0.5024003386497498
2001-01-08,0.48216938972473145
2001-01-09,0.4720539152622223
2001-01-10,0.4383358359336853
2001-01-11,0.45182308554649353
2001-01-12,0.45182308554649353
2001-01-15,0.42147669196128845
2001-01-16,0.4079895317554474
2001-01-17,0.4282204210758209
2001-01-18,0.4619385302066803
2001-01-19,0.5057721734046936
2001-01-22,0.5158875584602356
2001-01-23,0.522631049156189
2001-01-24,0.5293748378753662
2001-01-25,0.5361185073852539
2001-01-26,0.5361185073852539
2001-01-29,0.5192593336105347
2001-01-30,0.5293748378753662
2001-01-31,0.5260031223297119
2001-02-01,0.49565666913986206
2001-02-02,0.48891308903694153
2001-02-05,0.4720539152622223
2001-02-06,0.4922848641872406
2001-02-07,0.4720539152622223
2001-02-08,0.48891308903694153
2001-02-09,0.475425660610199
2001-02-12,0.4619385302066803
2001-02-13,0.4551948010921478
2001-02-14,0.45182308554649353
2001-02-15,0.45182308554649353
2001-02-16,0.4653102457523346
2001-02-19,0.45182308554649353
2001-02-20,0.4497999846935272
2001-02-21,0.45182308554649353
2001-02-22,0.4383358359336853
2001-02-23,0.44170770049095154
2001-02-26,0.4079895317554474
2001-02-27,0.4181049168109894
2001-02-28,0.4046177566051483
2001-03-01,0.39113035798072815
2001-03-02,0.4113612771034241
2001-03-05,0.43765464425086975
2001-03-06,0.47497397661209106
2001-03-07,0.4580105245113373
2001-03-08,0.4342619478702545
2001-03-09,0.42747655510902405
2001-03-12,0.4071204960346222
2001-03-13,0.39354994893074036
2001-03-14,0.39354994893074036
2001-03-15,0.39354994893074036
2001-03-16,0.39354994893074036
2001-03-19,0.37319380044937134
2001-03-20,0.3698011338710785
2001-03-21,0.3562304973602295
2001-03-22,0.32230377197265625
2001-03-23,0.32230377197265625
2001-03-26,0.3392671048641205
2001-03-27,0.32230377197265625
2001-03-28,0.3426598012447357
2001-03-29,0.32230377197265625
2001-03-30,0.3392671048641205
2001-04-02,0.31212571263313293
2001-04-03,0.32569634914398193
2001-04-04,0.3087330460548401
2001-04-05,0.3155183494091034
2001-04-06,0.3087330460548401
2001-04-09,0.31212571263313293
2001-04-10,0.30534034967422485
2001-04-11,0.3189111053943634
2001-04-12,0.30534034967422485
2001-04-13,0.30534034967422485
2001-04-16,0.30534034967422485
2001-04-17,0.32230377197265625
2001-04-18,0.39015719294548035
2001-04-19,0.4206911623477936
2001-04-20,0.4139058589935303
2001-04-23,0.4071204960346222
2001-04-24,0.3562304973602295
2001-04-25,0.3562304973602295
2001-04-26,0.37319380044937134
2001-04-27,0.3630158305168152
2001-04-30,0.3630158305168152
2001-05-01,0.3630158305168152
2001-05-02,0.36640846729278564
2001-05-03,0.3426598012447357
2001-05-04,0.3562304973602295
2001-05-07,0.37319380044937134
2001-05-08,0.3562304973602295
2001-05-09,0.3562304973602295
2001-05-10,0.3426598012447357
2001-05-11,0.3392671048641205
2001-05-14,0.32230377197265625
2001-05-15,0.32230377197265625
2001-05-16,0.3189111053943634
2001-05-17,0.3087330460548401
2001-05-18,0.3019477427005768
2001-05-21,0.2951623499393463
2001-05-22,0.28837698698043823
2001-05-23,0.26802101731300354
2001-05-24,0.20016759634017944
2001-05-25,0.22391633689403534
2001-05-28,0.22052359580993652
2001-05-29,0.23409421741962433
2001-05-30,0.22391633689403534
2001-05-31,0.2273089587688446
2001-06-01,0.2035602480173111
2001-06-04,0.2035602480173111
2001-06-05,0.19338221848011017
2001-06-06,0.19677497446537018
2001-06-07,0.19338221848011017
2001-06-08,0.19338221848011017
2001-06-11,0.19338221848011017
2001-06-12,0.19338221848011017
2001-06-13,0.18320423364639282
2001-06-14,0.17641885578632355
2001-06-15,0.18320423364639282
2001-06-18,0.17641885578632355
2001-06-19,0.1730261892080307
2001-06-20,0.1730261892080307
2001-06-21,0.16963355243206024
2001-06-22,0.16963355243206024
2001-06-25,0.17981155216693878
2001-06-26,0.18998956680297852
2001-06-27,0.18998956680297852
2001-06-28,0.19338221848011017
2001-06-29,0.19338221848011017
2001-07-02,0.18998956680297852
2001-07-03,0.21713097393512726
2001-07-04,0.2035602480173111
2001-07-05,0.2035602480173111
2001-07-06,0.2035602480173111
2001-07-09,0.18998956680297852
2001-07-10,0.18998956680297852
2001-07-11,0.18320423364639282
2001-07-12,0.17981155216693878
2001-07-13,0.18998956680297852
2001-07-16,0.18998956680297852
2001-07-17,0.18320423364639282
2001-07-18,0.18320423364639282
2001-07-19,0.18320423364639282
2001-07-20,0.17981155216693878
2001-07-23,0.17981155216693878
2001-07-24,0.1730261892080307
2001-07-25,0.16963355243206024
2001-07-26,0.16963355243206024
2001-07-27,0.16454455256462097
2001-07-30,0.16115188598632812
2001-07-31,0.15606285631656647
2001-08-01,0.16284817457199097
2001-08-02,0.16454455256462097
2001-08-03,0.1662408709526062
2001-08-06,0.1662408709526062
2001-08-07,0.16963355243206024
2001-08-08,0.17641885578632355
2001-08-09,0.18659690022468567
2001-08-10,0.2035602480173111
2001-08-13,0.18998956680297852
2001-08-14,0.18659690022468567
2001-08-15,0.17981155216693878
2001-08-16,0.17641885578632355
2001-08-17,0.17641885578632355
2001-08-20,0.17981155216693878
2001-08-21,0.18659690022468567
2001-08-22,0.17981155216693878
2001-08-23,0.18998956680297852
2001-08-24,0.19338221848011017
2001-08-27,0.19677497446537018
2001-08-28,0.21713097393512726
2001-08-29,0.25105762481689453
2001-08-30,0.2273089587688446
2001-08-31,0.21713097393512726
2001-09-03,0.2035602480173111
2001-09-04,0.2103455811738968
2001-09-05,0.2103455811738968
2001-09-06,0.20016759634017944
2001-09-07,0.21713097393512726
2001-09-10,0.2059740126132965
2001-09-11,0.2059740126132965
2001-09-12,0.1956753134727478
2001-09-13,0.1956753134727478
2001-09-14,0.1750778704881668
2001-09-17,0.16134634613990784
2001-09-18,0.17164501547813416
2001-09-19,0.17164501547813416
2001-09-20,0.15791338682174683
2001-09-21,0.15448051691055298
2001-09-24,0.15791338682174683
2001-09-25,0.15104761719703674
2001-09-26,0.1647791713476181
2001-09-27,0.17164501547813416
2001-09-28,0.1853766292333603
2001-10-01,0.1853766292333603
2001-10-02,0.17164501547813416
2001-10-03,0.1750778704881668
2001-10-04,0.18194369971752167
2001-10-05,0.1750778704881668
2001-10-08,0.1750778704881668
2001-10-09,0.17164501547813416
2001-10-10,0.1853766292333603
2001-10-11,0.18880952894687653
2001-10-12,0.19224238395690918
2001-10-15,0.1956753134727478
2001-10-16,0.19910824298858643
2001-10-17,0.20940694212913513
2001-10-18,0.2059740126132965
2001-10-19,0.20254108309745789
2001-10-22,0.20254108309745789
2001-10-23,0.20254108309745789
2001-10-24,0.20254108309745789
2001-10-25,0.19224238395690918
2001-10-26,0.1956753134727478
2001-10-29,0.1956753134727478
2001-10-30,0.1956753134727478
2001-10-31,0.1956753134727478
2001-11-01,0.20254108309745789
2001-11-02,0.20254108309745789
2001-11-05,0.18880952894687653
2001-11-06,0.18880952894687653
2001-11-07,0.1853766292333603
2001-11-08,0.17164501547813416
2001-11-09,0.1750778704881668
2001-11-12,0.17164501547813416
2001-11-13,0.1750778704881668
2001-11-14,0.17851078510284424
2001-11-15,0.17851078510284424
2001-11-16,0.1853766292333603
2001-11-19,0.1853766292333603
2001-11-20,0.17851078510284424
2001-11-21,0.17851078510284424
2001-11-22,0.17851078510284424
2001-11-23,0.1853766292333603
2001-11-26,0.17851078510284424
2001-11-27,0.1750778704881668
2001-11-28,0.1750778704881668
2001-11-29,0.1750778704881668
2001-11-30,0.17164501547813416
2001-12-03,0.17851078510284424
2001-12-04,0.1750778704881668
2001-12-05,0.1853766292333603
2001-12-06,0.19224238395690918
2001-12-07,0.18880952894687653
2001-12-10,0.18880952894687653
2001-12-11,0.19224238395690918
2001-12-12,0.19910824298858643
2001-12-13,0.18880952894687653
2001-12-14,0.19224238395690918
2001-12-17,0.19224238395690918
2001-12-18,0.18880952894687653
2001-12-19,0.19224238395690918
2001-12-20,0.19224238395690918
2001-12-21,0.18880952894687653
2001-12-24,0.17851078510284424
2001-12-25,0.17851078510284424
2001-12-26,0.17851078510284424
2001-12-27,0.18194369971752167
2001-12-28,0.17851078510284424
2001-12-31,0.1853766292333603
2002-01-01,0.1853766292333603
2002-01-02,0.19224238395690918
2002-01-03,0.18880952894687653
2002-01-04,0.2162727564573288
2002-01-07,0.22313851118087769
2002-01-08,0.21970562636852264
2002-01-09,0.21970562636852264
2002-01-10,0.2059740126132965
2002-01-11,0.20940694212913513
2002-01-14,0.2162727564573288
2002-01-15,0.21970562636852264
2002-01-16,0.21970562636852264
2002-01-17,0.20940694212913513
2002-01-18,0.21283982694149017
2002-01-21,0.20940694212913513
2002-01-22,0.21283982694149017
2002-01-23,0.2162727564573288
2002-01-24,0.22313851118087769
2002-01-25,0.22313851118087769
2002-01-28,0.22313851118087769
2002-01-29,0.23000437021255493
2002-01-30,0.22313851118087769
2002-01-31,0.21283982694149017
2002-02-01,0.2162727564573288
2002-02-04,0.2162727564573288
2002-02-05,0.20940694212913513
2002-02-06,0.20254108309745789
2002-02-07,0.20940694212913513
2002-02-08,0.2059740126132965
2002-02-11,0.22313851118087769
2002-02-12,0.23000437021255493
2002-02-13,0.2334372103214264
2002-02-14,0.21283982694149017
2002-02-15,0.21283982694149017
2002-02-18,0.22313851118087769
2002-02-19,0.2334372103214264
2002-02-20,0.24030303955078125
2002-02-21,0.23687009513378143
2002-02-22,0.23000437021255493
2002-02-25,0.22657138109207153
2002-02-26,0.22657138109207153
2002-02-27,0.21970562636852264
2002-02-28,0.21283982694149017
2002-03-01,0.20940694212913513
2002-03-04,0.21970562636852264
2002-03-05,0.21970562636852264
2002-03-06,0.21970562636852264
2002-03-07,0.2162727564573288
2002-03-08,0.21540412306785583
2002-03-11,0.21887840330600739
2002-03-12,0.21540412306785583
2002-03-13,0.21540412306785583
2002-03-14,0.21887840330600739
2002-03-15,0.21540412306785583
2002-03-18,0.21540412306785583
2002-03-19,0.21887840330600739
2002-03-20,0.21887840330600739
2002-03-21,0.2258269339799881
2002-03-22,0.22235265374183655
2002-03-25,0.22235265374183655
2002-03-26,0.22235265374183655
2002-03-27,0.21887840330600739
2002-03-28,0.21887840330600739
2002-03-29,0.21887840330600739
2002-04-01,0.21887840330600739
2002-04-02,0.21887840330600739
2002-04-03,0.21887840330600739
2002-04-04,0.21887840330600739
2002-04-05,0.21887840330600739
2002-04-08,0.21887840330600739
2002-04-09,0.21887840330600739
2002-04-10,0.2258269339799881
2002-04-11,0.22235265374183655
2002-04-12,0.21887840330600739
2002-04-15,0.21887840330600739
2002-04-16,0.22235265374183655
2002-04-17,0.21887840330600739
2002-04-18,0.22235265374183655
2002-04-19,0.23277553915977478
2002-04-22,0.23277553915977478
2002-04-23,0.23277553915977478
2002-04-24,0.23624972999095917
2002-04-25,0.23624972999095917
2002-04-26,0.23624972999095917
2002-04-29,0.23277553915977478
2002-04-30,0.23277553915977478
2002-05-01,0.2258269339799881
2002-05-02,0.22235265374183655
2002-05-03,0.21887840330600739
2002-05-06,0.22235265374183655
2002-05-07,0.21887840330600739
2002-05-08,0.2258269339799881
2002-05-09,0.2258269339799881
2002-05-10,0.22235265374183655
2002-05-13,0.21887840330600739
2002-05-14,0.21887840330600739
2002-05-15,0.22235265374183655
2002-05-16,0.21540412306785583
2002-05-17,0.21887840330600739
2002-05-20,0.21887840330600739
2002-05-21,0.22235265374183655
2002-05-22,0.21887840330600739
2002-05-23,0.21887840330600739
2002-05-24,0.21887840330600739
2002-05-27,0.21887840330600739
2002-05-28,0.21887840330600739
2002-05-29,0.21540412306785583
2002-05-30,0.21192991733551025
2002-05-31,0.21540412306785583
2002-06-03,0.21540412306785583
2002-06-04,0.21192991733551025
2002-06-05,0.21192991733551025
2002-06-06,0.21540412306785583
2002-06-07,0.21540412306785583
2002-06-10,0.21540412306785583
2002-06-11,0.21887840330600739
2002-06-12,0.21887840330600739
2002-06-13,0.22235265374183655
2002-06-14,0.22235265374183655
2002-06-17,0.21540412306785583
2002-06-18,0.21887840330600739
2002-06-19,0.21887840330600739
2002-06-20,0.2084556519985199
2002-06-21,0.20498132705688477
2002-06-24,0.18761007487773895
2002-06-25,0.18761007487773895
2002-06-26,0.18066154420375824
2002-06-27,0.19455859065055847
2002-06-28,0.19455859065055847
2002-07-01,0.19108432531356812
2002-07-02,0.19455859065055847
2002-07-03,0.19455859065055847
2002-07-04,0.19803287088871002
2002-07-05,0.20150712132453918
2002-07-08,0.19455859065055847
2002-07-09,0.19455859065055847
2002-07-10,0.19803287088871002
2002-07-11,0.19455859065055847
2002-07-12,0.19455859065055847
2002-07-15,0.20498132705688477
2002-07-16,0.19455859065055847
2002-07-17,0.19455859065055847
2002-07-18,0.19803287088871002
2002-07-19,0.19455859065055847
2002-07-22,0.19108432531356812
2002-07-23,0.19108432531356812
2002-07-24,0.19455859065055847
2002-07-25,0.19455859065055847
2002-07-26,0.19108432531356812
2002-07-29,0.19803287088871002
2002-07-30,0.19455859065055847
2002-07-31,0.19108432531356812
2002-08-01,0.18761007487773895
2002-08-02,0.1841358244419098
2002-08-05,0.1841358244419098
2002-08-06,0.18066154420375824
2002-08-07,0.16329026222229004
2002-08-08,0.15981599688529968
2002-08-09,0.17023877799510956
2002-08-12,0.18066154420375824
2002-08-13,0.1841358244419098
2002-08-14,0.1841358244419098
2002-08-15,0.1771872639656067
2002-08-16,0.1737130582332611
2002-08-19,0.1737130582332611
2002-08-20,0.1737130582332611
2002-08-21,0.16676448285579681
2002-08-22,0.1737130582332611
2002-08-23,0.1737130582332611
2002-08-26,0.16676448285579681
2002-08-27,0.16329026222229004
2002-08-28,0.16329026222229004
2002-08-29,0.16329026222229004
2002-08-30,0.16676448285579681
2002-09-02,0.16676448285579681
2002-09-03,0.17197591066360474
2002-09-04,0.16676448285579681
2002-09-05,0.17023877799510956
2002-09-06,0.17023877799510956
2002-09-09,0.17023873329162598
2002-09-10,0.20215855538845062
2002-09-11,0.18442530930042267
2002-09-12,0.21279846131801605
2002-09-13,0.20925180613994598
2002-09-16,0.19506525993347168
2002-09-17,0.18797197937965393
2002-09-18,0.1773320883512497
2002-09-19,0.17555873095989227
2002-09-20,0.19506525993347168
2002-09-23,0.20925180613994598
2002-09-24,0.19506525993347168
2002-09-25,0.18442530930042267
2002-09-26,0.1773320883512497
2002-09-27,0.19506525993347168
2002-09-30,0.17555873095989227
2002-10-01,0.17555873095989227
2002-10-02,0.17555873095989227
2002-10-03,0.17555873095989227
2002-10-04,0.1915186196565628
2002-10-07,0.17555873095989227
2002-10-08,0.17378540337085724
2002-10-09,0.1808786690235138
2002-10-10,0.1773320883512497
2002-10-11,0.1773320883512497
2002-10-14,0.17555873095989227
2002-10-15,0.1773320883512497
2002-10-16,0.17555873095989227
2002-10-17,0.17555873095989227
2002-10-18,0.1720121055841446
2002-10-21,0.1773320883512497
2002-10-22,0.1720121055841446
2002-10-23,0.17023873329162598
2002-10-24,0.17023873329162598
2002-10-25,0.1631454974412918
2002-10-28,0.1631454974412918
2002-10-29,0.15605221688747406
2002-10-30,0.15605221688747406
2002-10-31,0.13477231562137604
2002-11-01,0.13831903040409088
2002-11-04,0.14186567068099976
2002-11-05,0.13831903040409088
2002-11-06,0.13477231562137604
2002-11-07,0.12413246929645538
2002-11-08,0.12235910445451736
2002-11-11,0.12235910445451736
2002-11-12,0.11703914403915405
2002-11-13,0.10639923065900803
2002-11-14,0.08866604417562485
2002-11-15,0.08334606140851974
2002-11-18,0.09930593520402908
2002-11-19,0.09398598968982697
2002-11-20,0.08511936664581299
2002-11-21,0.08866604417562485
2002-11-22,0.09930593520402908
2002-11-25,0.0904393345117569
2002-11-26,0.09221265465021133
2002-11-27,0.0957593098282814
2002-11-28,0.09753262996673584
2002-11-29,0.11349250376224518
2002-12-02,0.11349250376224518
2002-12-03,0.10639923065900803
2002-12-04,0.10639923065900803
2002-12-05,0.09753262996673584
2002-12-06,0.0957593098282814
2002-12-09,0.0957593098282814
2002-12-10,0.0957593098282814
2002-12-11,0.10639923065900803
2002-12-12,0.09930593520402908
2002-12-13,0.10639923065900803
2002-12-16,0.10639923065900803
2002-12-17,0.09930593520402908
2002-12-18,0.09753262996673584
2002-12-19,0.10107927769422531
2002-12-20,0.09930593520402908
2002-12-23,0.09930593520402908
2002-12-24,0.09930593520402908
2002-12-25,0.09930593520402908
2002-12-26,0.09930593520402908
2002-12-27,0.10462590306997299
2002-12-30,0.10285259783267975
2002-12-31,0.10285259783267975
2003-01-01,0.10285259783267975
2003-01-02,0.10107927769422531
2003-01-03,0.10639923065900803
2003-01-06,0.10639923065900803
2003-01-07,0.10639923065900803
2003-01-08,0.10285259783267975
2003-01-09,0.10107927769422531
2003-01-10,0.10285259783267975
2003-01-13,0.10107927769422531
2003-01-14,0.10639923065900803
2003-01-15,0.10639923065900803
2003-01-16,0.10462590306997299
2003-01-17,0.09930593520402908
2003-01-20,0.09930593520402908
2003-01-21,0.10285259783267975
2003-01-22,0.09930593520402908
2003-01-23,0.10107927769422531
2003-01-24,0.10107927769422531
2003-01-27,0.10107927769422531
2003-01-28,0.09930593520402908
2003-01-29,0.0957593098282814
2003-01-30,0.09930593520402908
2003-01-31,0.09753262996673584
2003-02-03,0.0957593098282814
2003-02-04,0.0904393345117569
2003-02-05,0.08511936664581299
2003-02-06,0.07979942113161087
2003-02-07,0.08511936664581299
2003-02-10,0.08511936664581299
2003-02-11,0.0815727487206459
2003-02-12,0.0815727487206459
2003-02-13,0.08334606140851974
2003-02-14,0.0815727487206459
2003-02-17,0.07979942113161087
2003-02-18,0.0815727487206459
2003-02-19,0.0815727487206459
2003-02-20,0.0815727487206459
2003-02-21,0.07979942113161087
2003-02-24,0.0815727487206459
2003-02-25,0.07979942113161087
2003-02-26,0.0815727487206459
2003-02-27,0.08334606140851974
2003-02-28,0.0815727487206459
2003-03-03,0.08334606140851974
2003-03-04,0.07802610844373703
2003-03-05,0.07802610844373703
2003-03-06,0.08334606140851974
2003-03-07,0.084261953830719
2003-03-10,0.084261953830719
2003-03-11,0.07327128201723099
2003-03-12,0.0751030445098877
2003-03-13,0.0769348219037056
2003-03-14,0.0769348219037056
2003-03-17,0.0769348219037056
2003-03-18,0.08059839904308319
2003-03-19,0.0769348219037056
2003-03-20,0.07327128201723099
2003-03-21,0.07143949717283249
2003-03-24,0.07327128201723099
2003-03-25,0.07143949717283249
2003-03-26,0.069607675075531
2003-03-27,0.069607675075531
2003-03-28,0.08059839904308319
2003-03-31,0.08059839904308319
2003-04-01,0.07327128201723099
2003-04-02,0.0659441351890564
2003-04-03,0.069607675075531
2003-04-04,0.0659441351890564
2003-04-07,0.0659441351890564
2003-04-08,0.0659441351890564
2003-04-09,0.0659441351890564
2003-04-10,0.0659441351890564
2003-04-11,0.062280572950839996
2003-04-14,0.0586170069873333
2003-04-15,0.0586170069873333
2003-04-16,0.0567852184176445
2003-04-17,0.0567852184176445
2003-04-18,0.0567852184176445
2003-04-21,0.0567852184176445
2003-04-22,0.0586170069873333
2003-04-23,0.0586170069873333
2003-04-24,0.062280572950839996
2003-04-25,0.062280572950839996
2003-04-28,0.0659441351890564
2003-04-29,0.0677759051322937
2003-04-30,0.06411237269639969
2003-05-01,0.0659441351890564
2003-05-02,0.0659441351890564
2003-05-05,0.062280572950839996
2003-05-06,0.062280572950839996
2003-05-07,0.0604487881064415
2003-05-08,0.0604487881064415
2003-05-09,0.0677759051322937
2003-05-12,0.0751030445098877
2003-05-13,0.08059839904308319
2003-05-14,0.0769348219037056
2003-05-15,0.0769348219037056
2003-05-16,0.0769348219037056
2003-05-19,0.0769348219037056
2003-05-20,0.0769348219037056
2003-05-21,0.0769348219037056
2003-05-22,0.07143949717283249
2003-05-23,0.07327128201723099
2003-05-26,0.07327128201723099
2003-05-27,0.07143949717283249
2003-05-28,0.07143949717283249
2003-05-29,0.07143949717283249
2003-05-30,0.069607675075531
2003-06-02,0.0677759051322937
2003-06-03,0.07143949717283249
2003-06-04,0.069607675075531
2003-06-05,0.0659441351890564
2003-06-06,0.069607675075531
2003-06-09,0.069607675075531
2003-06-10,0.0659441351890564
2003-06-11,0.0659441351890564
2003-06-12,0.06411237269639969
2003-06-13,0.040299199521541595
2003-06-16,0.0439627505838871
2003-06-17,0.045794546604156494
2003-06-18,0.040299199521541595
2003-06-19,0.0421309769153595
2003-06-20,0.040299199521541595
2003-06-23,0.040299199521541595
2003-06-24,0.040299199521541595
2003-06-25,0.0384674109518528
2003-06-26,0.040299199521541595
2003-06-27,0.045794546604156494
2003-06-30,0.0476263165473938
2003-07-01,0.049458105117082596
2003-07-02,0.049458105117082596
2003-07-03,0.045794546604156494
2003-07-04,0.049458105117082596
2003-07-07,0.045794546604156494
2003-07-08,0.0476263165473938
2003-07-09,0.049458105117082596
2003-07-10,0.0512898825109005
2003-07-11,0.049458105117082596
2003-07-14,0.05312167480587959
2003-07-15,0.062280572950839996
2003-07-16,0.07327128201723099
2003-07-17,0.0659441351890564
2003-07-18,0.0659441351890564
2003-07-21,0.06411237269639969
2003-07-22,0.062280572950839996
2003-07-23,0.0677759051322937
2003-07-24,0.069607675075531
2003-07-25,0.069607675075531
2003-07-28,0.0677759051322937
2003-07-29,0.0677759051322937
2003-07-30,0.069607675075531
2003-07-31,0.0677759051322937
2003-08-01,0.069607675075531
2003-08-04,0.07143949717283249
2003-08-05,0.0751030445098877
2003-08-06,0.084261953830719
2003-08-07,0.08609374612569809
2003-08-08,0.08609374612569809
2003-08-11,0.102579765021801
2003-08-12,0.0769348219037056
2003-08-13,0.0751030445098877
2003-08-14,0.0824301689863205
2003-08-15,0.08609374612569809
2003-08-18,0.09158909320831299
2003-08-19,0.08609374612569809
2003-08-20,0.0879255011677742
2003-08-21,0.0824301689863205
2003-08-22,0.0824301689863205
2003-08-25,0.08059839904308319
2003-08-26,0.084261953830719
2003-08-27,0.084261953830719
2003-08-28,0.08609374612569809
2003-08-29,0.08609374612569809
2003-09-01,0.0879255011677742
2003-09-02,0.0879255011677742
2003-09-03,0.0879255011677742
2003-09-04,0.084261953830719
2003-09-05,0.084261953830719
2003-09-08,0.084261953830719
2003-09-09,0.084261953830719
2003-09-10,0.0824301689863205
2003-09-11,0.0824301689863205
2003-09-12,0.0769348219037056
2003-09-15,0.0769348219037056
2003-09-16,0.07327128201723099
2003-09-17,0.07327128201723099
2003-09-18,0.08059839904308319
2003-09-19,0.084261953830719
2003-09-22,0.08609374612569809
2003-09-23,0.08059839904308319
2003-09-24,0.0824301689863205
2003-09-25,0.0824301689863205
2003-09-26,0.0787666067481041
2003-09-29,0.0769348219037056
2003-09-30,0.0787666067481041
2003-10-01,0.0769348219037056
2003-10-02,0.0787666067481041
2003-10-03,0.08059839904308319
2003-10-06,0.0787666067481041
2003-10-07,0.0787666067481041
2003-10-08,0.0787666067481041
2003-10-09,0.08059839904308319
2003-10-10,0.08059839904308319
2003-10-13,0.0824301689863205
2003-10-14,0.08059839904308319
2003-10-15,0.08059839904308319
2003-10-16,0.0824301689863205
2003-10-17,0.084261953830719
2003-10-20,0.0787666067481041
2003-10-21,0.08059839904308319
2003-10-22,0.0769348219037056
2003-10-23,0.0769348219037056
2003-10-24,0.0751030445098877
2003-10-27,0.0769348219037056
2003-10-28,0.0751030445098877
2003-10-29,0.0751030445098877
2003-10-30,0.0787666067481041
2003-10-31,0.08059839904308319
2003-11-03,0.08059839904308319
2003-11-04,0.08059839904308319
2003-11-05,0.0787666067481041
2003-11-06,0.0751030445098877
2003-11-07,0.0769348219037056
2003-11-10,0.0751030445098877
2003-11-11,0.0769348219037056
2003-11-12,0.0769348219037056
2003-11-13,0.0769348219037056
2003-11-14,0.0751030445098877
2003-11-17,0.07327128201723099
2003-11-18,0.07327128201723099
2003-11-19,0.0769348219037056
2003-11-20,0.0769348219037056
2003-11-21,0.08059839904308319
2003-11-24,0.0824301689863205
2003-11-25,0.0824301689863205
2003-11-26,0.0824301689863205
2003-11-27,0.084261953830719
2003-11-28,0.084261953830719
2003-12-01,0.0824301689863205
2003-12-02,0.0787666067481041
2003-12-03,0.0787666067481041
2003-12-04,0.0769348219037056
2003-12-05,0.0769348219037056
2003-12-08,0.0787666067481041
2003-12-09,0.0787666067481041
2003-12-10,0.0787666067481041
2003-12-11,0.0787666067481041
2003-12-12,0.08059839904308319
2003-12-15,0.08059839904308319
2003-12-16,0.0824301689863205
2003-12-17,0.08059839904308319
2003-12-18,0.08059839904308319
2003-12-19,0.08059839904308319
2003-12-22,0.08059839904308319
2003-12-23,0.0787666067481041
2003-12-24,0.0787666067481041
2003-12-25,0.0787666067481041
2003-12-26,0.0787666067481041
2003-12-29,0.0787666067481041
2003-12-30,0.0787666067481041
2003-12-31,0.0787666067481041
2004-01-01,0.0787666067481041
2004-01-02,0.08059839904308319
2004-01-05,0.08059839904308319
2004-01-06,0.0787666067481041
2004-01-07,0.0787666067481041
2004-01-08,0.0769348219037056
2004-01-09,0.08059839904308319
2004-01-12,0.0787666067481041
2004-01-13,0.0787666067481041
2004-01-14,0.0787666067481041
2004-01-15,0.0787666067481041
2004-01-16,0.0787666067481041
2004-01-19,0.0787666067481041
2004-01-20,0.0787666067481041
2004-01-21,0.0787666067481041
2004-01-22,0.0787666067481041
2004-01-23,0.0787666067481041
2004-01-26,0.0787666067481041
2004-01-27,0.0787666067481041
2004-01-28,0.0787666067481041
2004-01-29,0.0787666067481041
2004-01-30,0.0787666067481041
2004-02-02,0.08059839904308319
2004-02-03,0.0787666067481041
2004-02-04,0.0787666067481041
2004-02-05,0.0659441351890564
2004-02-06,0.07327128201723099
2004-02-09,0.07143949717283249
2004-02-10,0.07327128201723099
2004-02-11,0.07327128201723099
2004-02-12,0.09158909320831299
2004-02-13,0.0952526330947876
2004-02-16,0.0934208482503891
2004-02-17,0.08975730091333389
2004-02-18,0.09158909320831299
2004-02-19,0.0879255011677742
2004-02-20,0.08975730091333389
2004-02-23,0.08881250023841858
2004-02-24,0.09070209413766861
2004-02-25,0.09448137134313583
2004-02-26,0.09637099504470825
2004-02-27,0.10203985124826431
2004-03-01,0.11526728421449661
2004-03-02,0.1247154250741005
2004-03-03,0.13794279098510742
2004-03-04,0.1247154250741005
2004-03-05,0.13038425147533417
2004-03-08,0.12093616276979446
2004-03-09,0.11904653161764145
2004-03-10,0.10959840565919876
2004-03-11,0.10959840565919876
2004-03-12,0.113377645611763
2004-03-15,0.113377645611763
2004-03-16,0.113377645611763
2004-03-17,0.10959840565919876
2004-03-18,0.113377645611763
2004-03-19,0.11148800700902939
2004-03-22,0.10770875215530396
2004-03-23,0.10581912100315094
2004-03-24,0.11148800700902939
2004-03-25,0.10581912100315094
2004-03-26,0.10392950475215912
2004-03-29,0.09637099504470825
2004-03-30,0.10392950475215912
2004-03-31,0.10770875215530396
2004-04-01,0.10770875215530396
2004-04-02,0.10770875215530396
2004-04-05,0.10959840565919876
2004-04-06,0.10581912100315094
2004-04-07,0.10392950475215912
2004-04-08,0.10392950475215912
2004-04-09,0.10392950475215912
2004-04-12,0.10392950475215912
2004-04-13,0.10392950475215912
2004-04-14,0.10581912100315094
2004-04-15,0.12282576411962509
2004-04-16,0.12093616276979446
2004-04-19,0.12849465012550354
2004-04-20,0.12849465012550354
2004-04-21,0.13038425147533417
2004-04-22,0.12849465012550354
2004-04-23,0.12849465012550354
2004-04-26,0.13038425147533417
2004-04-27,0.12660503387451172
2004-04-28,0.12660503387451172
2004-04-29,0.1247154250741005
2004-04-30,0.13038425147533417
2004-05-03,0.13794279098510742
2004-05-04,0.134163498878479
2004-05-05,0.13038425147533417
2004-05-06,0.1247154250741005
2004-05-07,0.13227389752864838
2004-05-10,0.134163498878479
2004-05-11,0.12660503387451172
2004-05-12,0.1247154250741005
2004-05-13,0.1247154250741005
2004-05-14,0.12849465012550354
2004-05-17,0.12282576411962509
2004-05-18,0.1247154250741005
2004-05-19,0.12849465012550354
2004-05-20,0.13038425147533417
2004-05-21,0.12849465012550354
2004-05-24,0.12660503387451172
2004-05-25,0.12660503387451172
2004-05-26,0.13038425147533417
2004-05-27,0.1247154250741005
2004-05-28,0.12660503387451172
2004-05-31,0.12849465012550354
2004-06-01,0.13038425147533417
2004-06-02,0.13227389752864838
2004-06-03,0.12849465012550354
2004-06-04,0.12849465012550354
2004-06-07,0.12660503387451172
2004-06-08,0.12660503387451172
2004-06-09,0.1247154250741005
2004-06-10,0.1247154250741005
2004-06-11,0.12093616276979446
2004-06-14,0.12093616276979446
2004-06-15,0.113377645611763
2004-06-16,0.11715687066316605
2004-06-17,0.1247154250741005
2004-06-18,0.12849465012550354
2004-06-21,0.13794279098510742
2004-06-22,0.13983240723609924
2004-06-23,0.13983240723609924
2004-06-24,0.14172209799289703
2004-06-25,0.134163498878479
2004-06-28,0.13038425147533417
2004-06-29,0.134163498878479
2004-06-30,0.12849465012550354
2004-07-01,0.13038425147533417
2004-07-02,0.12849465012550354
2004-07-05,0.13227389752864838
2004-07-06,0.13794279098510742
2004-07-07,0.14172209799289703
2004-07-08,0.14928054809570312
2004-07-09,0.15117017924785614
2004-07-12,0.15872865915298462
2004-07-13,0.1549493968486786
2004-07-14,0.15117017924785614
2004-07-15,0.15117017924785614
2004-07-16,0.15117017924785614
2004-07-19,0.1473909467458725
2004-07-20,0.14928054809570312
2004-07-21,0.15117017924785614
2004-07-22,0.15872865915298462
2004-07-23,0.16250796616077423
2004-07-26,0.16061830520629883
2004-07-27,0.16628718376159668
2004-07-28,0.16817685961723328
2004-07-29,0.16817685961723328
2004-07-30,0.17195606231689453
2004-08-02,0.18140418827533722
2004-08-03,0.18707312643527985
2004-08-04,0.18140418827533722
2004-08-05,0.18329384922981262
2004-08-06,0.18518346548080444
2004-08-09,0.18140418827533722
2004-08-10,0.15683907270431519
2004-08-11,0.17006643116474152
2004-08-12,0.17006643116474152
2004-08-13,0.16439759731292725
2004-08-16,0.15117017924785614
2004-08-17,0.16250796616077423
2004-08-18,0.15683907270431519
2004-08-19,0.16250796616077423
2004-08-20,0.16250796616077423
2004-08-23,0.15872865915298462
2004-08-24,0.16061830520629883
2004-08-25,0.15872865915298462
2004-08-26,0.16061830520629883
2004-08-27,0.16250796616077423
2004-08-30,0.16250795125961304
2004-08-31,0.1663772314786911
2004-09-01,0.16444256901741028
2004-09-02,0.16444256901741028
2004-09-03,0.16250795125961304
2004-09-06,0.16250795125961304
2004-09-07,0.16831183433532715
2004-09-08,0.1663772314786911
2004-09-09,0.16250795125961304
2004-09-10,0.1741156280040741
2004-09-13,0.1663772314786911
2004-09-14,0.1663772314786911
2004-09-15,0.16250795125961304
2004-09-16,0.1702464073896408
2004-09-17,0.1741156280040741
2004-09-20,0.18378877639770508
2004-09-21,0.18378877639770508
2004-09-22,0.18959259986877441
2004-09-23,0.18185417354106903
2004-09-24,0.18765799701213837
2004-09-27,0.18765799701213837
2004-09-28,0.18572334945201874
2004-09-29,0.18572334945201874
2004-09-30,0.18185417354106903
2004-10-01,0.17798493802547455
2004-10-04,0.17798493802547455
2004-10-05,0.18185417354106903
2004-10-06,0.17798493802547455
2004-10-07,0.1741156280040741
2004-10-08,0.1741156280040741
2004-10-11,0.1702464073896408
2004-10-12,0.1702464073896408
2004-10-13,0.17218104004859924
2004-10-14,0.1741156280040741
2004-10-15,0.17798493802547455
2004-10-18,0.17798493802547455
2004-10-19,0.17605027556419373
2004-10-20,0.17605027556419373
2004-10-21,0.18378877639770508
2004-10-22,0.18572334945201874
2004-10-25,0.17798493802547455
2004-10-26,0.18185417354106903
2004-10-27,0.18378877639770508
2004-10-28,0.18378877639770508
2004-10-29,0.18572334945201874
2004-11-01,0.18378877639770508
2004-11-02,0.18572334945201874
2004-11-03,0.20120032131671906
2004-11-04,0.20506957173347473
2004-11-05,0.20506957173347473
2004-11-08,0.2089388072490692
2004-11-09,0.2089388072490692
2004-11-10,0.2321542352437973
2004-11-11,0.22828492522239685
2004-11-12,0.22054645419120789
2004-11-15,0.22054645419120789
2004-11-16,0.22054645419120789
2004-11-17,0.21280795335769653
2004-11-18,0.21280795335769653
2004-11-19,0.2166772484779358
2004-11-22,0.21280795335769653
2004-11-23,0.21280795335769653
2004-11-24,0.20506957173347473
2004-11-25,0.20120032131671906
2004-11-26,0.20120032131671906
2004-11-29,0.21280795335769653
2004-11-30,0.20120032131671906
2004-12-01,0.20506957173347473
2004-12-02,0.2089388072490692
2004-12-03,0.2089388072490692
2004-12-06,0.20120032131671906
2004-12-07,0.2089388072490692
2004-12-08,0.20506957173347473
2004-12-09,0.2089388072490692
2004-12-10,0.2089388072490692
2004-12-13,0.21280795335769653
2004-12-14,0.22054645419120789
2004-12-15,0.22054645419120789
2004-12-16,0.2166772484779358
2004-12-17,0.22054645419120789
2004-12-20,0.22054645419120789
2004-12-21,0.2166772484779358
2004-12-22,0.21280795335769653
2004-12-23,0.2089388072490692
2004-12-24,0.20506957173347473
2004-12-27,0.20506957173347473
2004-12-28,0.20506957173347473
2004-12-29,0.2166772484779358
2004-12-30,0.2089388072490692
2004-12-31,0.21280795335769653
2005-01-04,0.21280795335769653
2005-01-05,0.2166772484779358
2005-01-06,0.2089388072490692
2005-01-07,0.21280795335769653
2005-01-10,0.2089388072490692
2005-01-11,0.2089388072490692
2005-01-12,0.2089388072490692
2005-01-13,0.2089388072490692
2005-01-14,0.2166772484779358
2005-01-17,0.2166772484779358
2005-01-18,0.21280795335769653
2005-01-19,0.21280795335769653
2005-01-20,0.2166772484779358
2005-01-21,0.21280795335769653
2005-01-24,0.2166772484779358
2005-01-25,0.22054645419120789
2005-01-27,0.22054645419120789
2005-01-28,0.2166772484779358
2005-01-31,0.21280795335769653
2005-02-01,0.2089388072490692
2005-02-02,0.2089388072490692
2005-02-03,0.2089388072490692
2005-02-04,0.20120032131671906
2005-02-07,0.18572334945201874
2005-02-08,0.18185417354106903
2005-02-09,0.18185417354106903
2005-02-10,0.1934618204832077
2005-02-11,0.2089388072490692
2005-02-14,0.2089388072490692
2005-02-15,0.20506957173347473
2005-02-16,0.19733107089996338
2005-02-17,0.20506957173347473
2005-02-18,0.21280795335769653
2005-02-21,0.2088671177625656
2005-02-22,0.2088671177625656
2005-02-23,0.1970444619655609
2005-02-24,0.19507405161857605
2005-02-25,0.1852218508720398
2005-02-28,0.1852218508720398
2005-03-01,0.1852218508720398
2005-03-02,0.19113317131996155
2005-03-03,0.17734003067016602
2005-03-04,0.17734003067016602
2005-03-07,0.1812809556722641
2005-03-08,0.1812809556722641
2005-03-09,0.1812809556722641
2005-03-10,0.1812809556722641
2005-03-11,0.1812809556722641
2005-03-14,0.17734003067016602
2005-03-15,0.17142869532108307
2005-03-16,0.17142869532108307
2005-03-17,0.17142869532108307
2005-03-18,0.17142869532108307
2005-03-21,0.17734003067016602
2005-03-22,0.1812809556722641
2005-03-23,0.17734003067016602
2005-03-24,0.17142869532108307
2005-03-29,0.17339913547039032
2005-03-30,0.17536956071853638
2005-03-31,0.17142869532108307
2005-04-01,0.17142869532108307
2005-04-04,0.16945825517177582
2005-04-05,0.17142869532108307
2005-04-06,0.17339913547039032
2005-04-07,0.17734003067016602
2005-04-08,0.1812809556722641
2005-04-11,0.1812809556722641
2005-04-12,0.1812809556722641
2005-04-13,0.1812809556722641
2005-04-14,0.17734003067016602
2005-04-15,0.16945825517177582
2005-04-18,0.16945825517177582
2005-04-19,0.16945825517177582
2005-04-20,0.16551733016967773
2005-04-21,0.16551733016967773
2005-04-22,0.17339913547039032
2005-04-26,0.17339913547039032
2005-04-27,0.17339913547039032
2005-04-28,0.17931047081947327
2005-04-29,0.17339913547039032
2005-05-02,0.17339913547039032
2005-05-03,0.17339913547039032
2005-05-04,0.17142869532108307
2005-05-05,0.17734003067016602
2005-05-06,0.17339913547039032
2005-05-09,0.17339913547039032
2005-05-10,0.17339913547039032
2005-05-11,0.17339913547039032
2005-05-12,0.16551733016967773
2005-05-13,0.16945825517177582
2005-05-16,0.16551733016967773
2005-05-17,0.16551733016967773
2005-05-18,0.16551733016967773
2005-05-19,0.16551733016967773
2005-05-20,0.16551733016967773
2005-05-23,0.16551733016967773
2005-05-24,0.16945825517177582
2005-05-25,0.16551733016967773
2005-05-26,0.16551733016967773
2005-05-27,0.16551733016967773
2005-05-30,0.16551733016967773
2005-05-31,0.16551733016967773
2005-06-01,0.15763556957244873
2005-06-02,0.15369471907615662
2005-06-03,0.14581288397312164
2005-06-06,0.14778341352939606
2005-06-07,0.15566512942314148
2005-06-08,0.16157643496990204
2005-06-09,0.16157643496990204
2005-06-10,0.15566512942314148
2005-06-14,0.15566512942314148
2005-06-15,0.15172423422336578
2005-06-16,0.14975374937057495
2005-06-17,0.15172423422336578
2005-06-20,0.14975374937057495
2005-06-21,0.14975374937057495
2005-06-22,0.15960600972175598
2005-06-23,0.15763556957244873
2005-06-24,0.15763556957244873
2005-06-27,0.15763556957244873
2005-06-28,0.15369471907615662
2005-06-29,0.15369471907615662
2005-06-30,0.15369471907615662
2005-07-01,0.15763556957244873
2005-07-04,0.15369471907615662
2005-07-05,0.15369471907615662
2005-07-06,0.15763556957244873
2005-07-07,0.15369471907615662
2005-07-08,0.15369471907615662
2005-07-11,0.15960600972175598
2005-07-12,0.16748781502246857
2005-07-13,0.16157643496990204
2005-07-14,0.16748781502246857
2005-07-15,0.17734003067016602
2005-07-18,0.1852218508720398
2005-07-19,0.18719226121902466
2005-07-20,0.18916265666484833
2005-07-21,0.1852218508720398
2005-07-22,0.1852218508720398
2005-07-25,0.1852218508720398
2005-07-26,0.18916265666484833
2005-07-27,0.1852218508720398
2005-07-28,0.1812809556722641
2005-07-29,0.1852218508720398
2005-08-01,0.18719226121902466
2005-08-02,0.18916265666484833
2005-08-03,0.19113317131996155
2005-08-04,0.18916265666484833
2005-08-05,0.19113317131996155
2005-08-08,0.20098534226417542
2005-08-09,0.20098534226417542
2005-08-10,0.22068974375724792
2005-08-11,0.2128080129623413
2005-08-12,0.2128080129623413
2005-08-15,0.2088671177625656
2005-08-16,0.20295576751232147
2005-08-17,0.20295576751232147
2005-08-18,0.20492622256278992
2005-08-19,0.1970444619655609
2005-08-22,0.20689669251441956
2005-08-23,0.20689669251441956
2005-08-24,0.20492622256278992
2005-08-25,0.20689669251441956
2005-08-26,0.2088671177625656
2005-08-29,0.19872798025608063
2005-08-30,0.20278362929821014
2005-08-31,0.20278362929821014
2005-09-01,0.20683933794498444
2005-09-02,0.20683933794498444
2005-09-05,0.20683933794498444
2005-09-06,0.208867147564888
2005-09-07,0.21900629997253418
2005-09-08,0.21495062112808228
2005-09-09,0.21900629997253418
2005-09-12,0.21697847545146942
2005-09-13,0.21495062112808228
2005-09-14,0.21495062112808228
2005-09-15,0.21495062112808228
2005-09-16,0.21900629997253418
2005-09-19,0.21292279660701752
2005-09-20,0.21495062112808228
2005-09-21,0.21292279660701752
2005-09-22,0.21495062112808228
2005-09-23,0.21089495718479156
2005-09-26,0.21495062112808228
2005-09-27,0.21292279660701752
2005-09-28,0.208867147564888
2005-09-29,0.20683933794498444
2005-09-30,0.2007557898759842
2005-10-03,0.20278362929821014
2005-10-04,0.20278362929821014
2005-10-05,0.2007557898759842
2005-10-06,0.19264453649520874
2005-10-07,0.19872798025608063
2005-10-10,0.19670015573501587
2005-10-11,0.19670015573501587
2005-10-12,0.19670015573501587
2005-10-13,0.19670015573501587
2005-10-14,0.190616637468338
2005-10-17,0.18858878314495087
2005-10-18,0.18656092882156372
2005-10-19,0.2007557898759842
2005-10-20,0.19872798025608063
2005-10-21,0.19467227160930634
2005-10-24,0.19467227160930634
2005-10-25,0.19670015573501587
2005-10-26,0.20278362929821014
2005-10-27,0.2048114538192749
2005-10-28,0.20278362929821014
2005-10-31,0.21089495718479156
2005-11-01,0.2048114538192749
2005-11-02,0.20278362929821014
2005-11-03,0.20278362929821014
2005-11-04,0.20278362929821014
2005-11-07,0.21089495718479156
2005-11-08,0.20683933794498444
2005-11-09,0.20683933794498444
2005-11-10,0.20278362929821014
2005-11-11,0.20683933794498444
2005-11-14,0.20683933794498444
2005-11-15,0.20683933794498444
2005-11-16,0.21089495718479156
2005-11-17,0.21089495718479156
2005-11-18,0.21495062112808228
2005-11-21,0.21292279660701752
2005-11-22,0.21697847545146942
2005-11-23,0.21697847545146942
2005-11-24,0.2230619192123413
2005-11-25,0.2271176129579544
2005-11-28,0.23522897064685822
2005-11-29,0.22914549708366394
2005-11-30,0.23117338120937347
2005-12-01,0.2271176129579544
2005-12-02,0.22508983314037323
2005-12-05,0.22508983314037323
2005-12-06,0.21900629997253418
2005-12-07,0.2230619192123413
2005-12-08,0.2271176129579544
2005-12-09,0.2230619192123413
2005-12-12,0.2230619192123413
2005-12-13,0.2230619192123413
2005-12-14,0.2230619192123413
2005-12-15,0.2230619192123413
2005-12-16,0.2230619192123413
2005-12-19,0.21900629997253418
2005-12-20,0.21697847545146942
2005-12-21,0.22103416919708252
2005-12-22,0.2048114538192749
2005-12-23,0.21697847545146942
2005-12-28,0.21495062112808228
2005-12-29,0.21495062112808228
2005-12-30,0.21495062112808228
2006-01-03,0.21495062112808228
2006-01-04,0.2007557898759842
2006-01-05,0.19264453649520874
2006-01-06,0.19872798025608063
2006-01-09,0.19467227160930634
2006-01-10,0.19467227160930634
2006-01-11,0.19467227160930634
2006-01-12,0.208867147564888
2006-01-13,0.20683933794498444
2006-01-16,0.20278362929821014
2006-01-17,0.21292279660701752
2006-01-18,0.20278362929821014
2006-01-19,0.20278362929821014
2006-01-20,0.20278362929821014
2006-01-23,0.19872798025608063
2006-01-24,0.20278362929821014
2006-01-25,0.19872798025608063
2006-01-27,0.20278362929821014
2006-01-30,0.2048114538192749
2006-01-31,0.19872798025608063
2006-02-01,0.19264453649520874
2006-02-02,0.19670015573501587
2006-02-03,0.19467227160930634
2006-02-06,0.19264453649520874
2006-02-07,0.19264453649520874
2006-02-08,0.19264453649520874
2006-02-09,0.19264453649520874
2006-02-10,0.19264453649520874
2006-02-13,0.190616637468338
2006-02-14,0.190616637468338
2006-02-15,0.190616637468338
2006-02-16,0.19872798025608063
2006-02-17,0.2048114538192749
2006-02-20,0.2089490443468094
2006-02-21,0.21101783215999603
2006-02-22,0.20688025653362274
2006-02-23,0.21101783215999603
2006-02-24,0.21101783215999603
2006-02-27,0.21101783215999603
2006-02-28,0.20688025653362274
2006-03-01,0.19653627276420593
2006-03-02,0.198605015873909
2006-03-03,0.2006738781929016
2006-03-06,0.2006738781929016
2006-03-07,0.20274268090724945
2006-03-08,0.20274268090724945
2006-03-09,0.20274268090724945
2006-03-10,0.20274268090724945
2006-03-13,0.19653627276420593
2006-03-14,0.19653627276420593
2006-03-15,0.1944674849510193
2006-03-16,0.1944674849510193
2006-03-17,0.2006738781929016
2006-03-20,0.198605015873909
2006-03-21,0.19653627276420593
2006-03-22,0.19653627276420593
2006-03-23,0.19653627276420593
2006-03-24,0.1944674849510193
2006-03-27,0.19239865243434906
2006-03-28,0.19239865243434906
2006-03-29,0.19239865243434906
2006-03-30,0.18619221448898315
2006-03-31,0.18619221448898315
2006-04-03,0.1903298944234848
2006-04-04,0.19653627276420593
2006-04-05,0.1944674849510193
2006-04-06,0.1903298944234848
2006-04-07,0.19239865243434906
2006-04-10,0.1903298944234848
2006-04-11,0.19653627276420593
2006-04-12,0.19239865243434906
2006-04-13,0.19239865243434906
2006-04-18,0.19239865243434906
2006-04-19,0.1944674849510193
2006-04-20,0.19239865243434906
2006-04-21,0.1944674849510193
2006-04-24,0.1903298944234848
2006-04-26,0.1903298944234848
2006-04-27,0.1903298944234848
2006-04-28,0.19239865243434906
2006-05-01,0.19239865243434906
2006-05-02,0.1944674849510193
2006-05-03,0.1903298944234848
2006-05-04,0.188261017203331
2006-05-05,0.188261017203331
2006-05-08,0.1903298944234848
2006-05-09,0.18619221448898315
2006-05-10,0.17998579144477844
2006-05-11,0.17584823071956635
2006-05-12,0.16550418734550476
2006-05-15,0.15929780900478363
2006-05-16,0.17377936840057373
2006-05-17,0.16550418734550476
2006-05-18,0.15929780900478363
2006-05-19,0.17171062529087067
2006-05-22,0.17584823071956635
2006-05-23,0.17377936840057373
2006-05-24,0.17377936840057373
2006-05-25,0.17584823071956635
2006-05-26,0.16964180767536163
2006-05-29,0.16550418734550476
2006-05-30,0.17171062529087067
2006-05-31,0.16964180767536163
2006-06-01,0.16964180767536163
2006-06-02,0.16550418734550476
2006-06-05,0.16550418734550476
2006-06-06,0.16343539953231812
2006-06-07,0.16343539953231812
2006-06-08,0.16757306456565857
2006-06-09,0.16343539953231812
2006-06-13,0.16343539953231812
2006-06-14,0.16757306456565857
2006-06-15,0.15929780900478363
2006-06-16,0.15929780900478363
2006-06-19,0.16136662662029266
2006-06-20,0.16343539953231812
2006-06-21,0.16343539953231812
2006-06-22,0.16136662662029266
2006-06-23,0.16136662662029266
2006-06-26,0.16343539953231812
2006-06-27,0.16343539953231812
2006-06-28,0.15929780900478363
2006-06-29,0.16136662662029266
2006-06-30,0.15929780900478363
2006-07-03,0.17377936840057373
2006-07-04,0.18205463886260986
2006-07-05,0.18205463886260986
2006-07-06,0.17171062529087067
2006-07-07,0.18205463886260986
2006-07-10,0.17377936840057373
2006-07-11,0.17584823071956635
2006-07-12,0.18205463886260986
2006-07-13,0.17584823071956635
2006-07-14,0.17584823071956635
2006-07-17,0.17377936840057373
2006-07-18,0.17377936840057373
2006-07-19,0.17584823071956635
2006-07-20,0.17377936840057373
2006-07-21,0.17171062529087067
2006-07-24,0.17171062529087067
2006-07-25,0.17584823071956635
2006-07-26,0.17584823071956635
2006-07-27,0.18205463886260986
2006-07-28,0.18205463886260986
2006-07-31,0.177917018532753
2006-08-01,0.18619221448898315
2006-08-02,0.18205463886260986
2006-08-03,0.18619221448898315
2006-08-04,0.18619221448898315
2006-08-07,0.18205463886260986
2006-08-08,0.18205463886260986
2006-08-09,0.18619221448898315
2006-08-10,0.18619221448898315
2006-08-11,0.1903298944234848
2006-08-14,0.1944674849510193
2006-08-15,0.1944674849510193
2006-08-16,0.2048114538192749
2006-08-17,0.20688025653362274
2006-08-18,0.20688025653362274
2006-08-21,0.22343076765537262
2006-08-22,0.22343076765537262
2006-08-23,0.22343076765537262
2006-08-24,0.2254994958639145
2006-08-25,0.22343076765537262
2006-08-28,0.20427948236465454
2006-08-29,0.22130268812179565
2006-08-30,0.21279117465019226
2006-08-31,0.2149190455675125
2006-09-01,0.21279117465019226
2006-09-04,0.2149190455675125
2006-09-05,0.21279117465019226
2006-09-06,0.2149190455675125
2006-09-07,0.21279117465019226
2006-09-08,0.21279117465019226
2006-09-11,0.21279117465019226
2006-09-12,0.21279117465019226
2006-09-13,0.21279117465019226
2006-09-14,0.2149190455675125
2006-09-15,0.22130268812179565
2006-09-18,0.22130268812179565
2006-09-19,0.22343069314956665
2006-09-20,0.22343069314956665
2006-09-21,0.22130268812179565
2006-09-22,0.22130268812179565
2006-09-25,0.22343069314956665
2006-09-26,0.2255585491657257
2006-09-27,0.22981449961662292
2006-09-28,0.22981449961662292
2006-09-29,0.2255585491657257
2006-10-02,0.21917487680912018
2006-10-03,0.2255585491657257
2006-10-04,0.21917487680912018
2006-10-05,0.21917487680912018
2006-10-06,0.22130268812179565
2006-10-09,0.22343069314956665
2006-10-10,0.22343069314956665
2006-10-11,0.22343069314956665
2006-10-12,0.22343069314956665
2006-10-13,0.22130268812179565
2006-10-16,0.22130268812179565
2006-10-17,0.22768650949001312
2006-10-18,0.2255585491657257
2006-10-19,0.23407019674777985
2006-10-20,0.22130268812179565
2006-10-23,0.23194237053394318
2006-10-24,0.2255585491657257
2006-10-25,0.23194237053394318
2006-10-26,0.23194237053394318
2006-10-27,0.2383260577917099
2006-10-30,0.2447097897529602
2006-10-31,0.24258188903331757
2006-11-01,0.22768650949001312
2006-11-02,0.22981449961662292
2006-11-03,0.22981449961662292
2006-11-06,0.22130268812179565
2006-11-07,0.22343069314956665
2006-11-08,0.22130268812179565
2006-11-09,0.22130268812179565
2006-11-10,0.22981449961662292
2006-11-13,0.22768650949001312
2006-11-14,0.22768650949001312
2006-11-15,0.21917487680912018
2006-11-16,0.21917487680912018
2006-11-17,0.2255585491657257
2006-11-20,0.22343069314956665
2006-11-21,0.22343069314956665
2006-11-22,0.22343069314956665
2006-11-23,0.22343069314956665
2006-11-24,0.22343069314956665
2006-11-27,0.22343069314956665
2006-11-28,0.2255585491657257
2006-11-29,0.22343069314956665
2006-11-30,0.22130268812179565
2006-12-01,0.21704688668251038
2006-12-04,0.21704688668251038
2006-12-05,0.21279117465019226
2006-12-06,0.20853528380393982
2006-12-07,0.21279117465019226
2006-12-08,0.21704688668251038
2006-12-11,0.21917487680912018
2006-12-12,0.21704688668251038
2006-12-13,0.21704688668251038
2006-12-14,0.21704688668251038
2006-12-15,0.21279117465019226
2006-12-18,0.21279117465019226
2006-12-19,0.21704688668251038
2006-12-20,0.2149190455675125
2006-12-21,0.2149190455675125
2006-12-22,0.21279117465019226
2006-12-27,0.20853528380393982
2006-12-28,0.20853528380393982
2006-12-29,0.21279117465019226
2007-01-02,0.21279117465019226
2007-01-03,0.20853528380393982
2007-01-04,0.20853528380393982
2007-01-05,0.20853528380393982
2007-01-08,0.20427948236465454
2007-01-09,0.21066321432590485
2007-01-10,0.20853528380393982
2007-01-11,0.20853528380393982
2007-01-12,0.21279117465019226
2007-01-15,0.20853528380393982
2007-01-16,0.21066321432590485
2007-01-17,0.21279117465019226
2007-01-18,0.21066321432590485
2007-01-19,0.21279117465019226
2007-01-22,0.20853528380393982
2007-01-23,0.20853528380393982
2007-01-24,0.20640744268894196
2007-01-25,0.21066321432590485
2007-01-29,0.20640744268894196
2007-01-30,0.20640744268894196
2007-01-31,0.20427948236465454
2007-02-01,0.20427948236465454
2007-02-02,0.20427948236465454
2007-02-05,0.19789576530456543
2007-02-06,0.19789576530456543
2007-02-07,0.20002369582653046
2007-02-08,0.20427948236465454
2007-02-09,0.20427948236465454
2007-02-12,0.2021515965461731
2007-02-13,0.2021515965461731
2007-02-14,0.2021515965461731
2007-02-15,0.2021515965461731
2007-02-16,0.2149190455675125
2007-02-19,0.2192608267068863
2007-02-20,0.2214316576719284
2007-02-21,0.2214316576719284
2007-02-22,0.2214316576719284
2007-02-23,0.2214316576719284
2007-02-26,0.2170899212360382
2007-02-27,0.2170899212360382
2007-02-28,0.21274814009666443
2007-03-01,0.20840631425380707
2007-03-02,0.20406457781791687
2007-03-05,0.20623546838760376
2007-03-06,0.20623546838760376
2007-03-07,0.2170899212360382
2007-03-08,0.20406457781791687
2007-03-09,0.20840631425380707
2007-03-12,0.2170899212360382
2007-03-13,0.2170899212360382
2007-03-14,0.2170899212360382
2007-03-15,0.21274814009666443
2007-03-16,0.21057727932929993
2007-03-19,0.2149190455675125
2007-03-20,0.21274814009666443
2007-03-21,0.22360266745090485
2007-03-22,0.2149190455675125
2007-03-23,0.2214316576719284
2007-03-26,0.2214316576719284
2007-03-27,0.2214316576719284
2007-03-28,0.21274814009666443
2007-03-29,0.21274814009666443
2007-03-30,0.21274814009666443
2007-04-02,0.21274814009666443
2007-04-03,0.21057727932929993
2007-04-04,0.21274814009666443
2007-04-05,0.21057727932929993
2007-04-10,0.21274814009666443
2007-04-11,0.20406457781791687
2007-04-12,0.21274814009666443
2007-04-13,0.20623546838760376
2007-04-16,0.21274814009666443
2007-04-17,0.21057727932929993
2007-04-18,0.20840631425380707
2007-04-19,0.20840631425380707
2007-04-20,0.20840631425380707
2007-04-23,0.20623546838760376
2007-04-24,0.20623546838760376
2007-04-26,0.2018936574459076
2007-04-27,0.1997227817773819
2007-04-30,0.20406457781791687
2007-05-01,0.1997227817773819
2007-05-02,0.20406457781791687
2007-05-03,0.19755183160305023
2007-05-04,0.2018936574459076
2007-05-07,0.2018936574459076
2007-05-08,0.2018936574459076
2007-05-09,0.20406457781791687
2007-05-10,0.2018936574459076
2007-05-11,0.1997227817773819
2007-05-14,0.1997227817773819
2007-05-15,0.19538092613220215
2007-05-16,0.1997227817773819
2007-05-17,0.19538092613220215
2007-05-18,0.1997227817773819
2007-05-21,0.19538092613220215
2007-05-22,0.19538092613220215
2007-05-23,0.2018936574459076
2007-05-24,0.1997227817773819
2007-05-25,0.2018936574459076
2007-05-28,0.20406457781791687
2007-05-29,0.20623546838760376
2007-05-30,0.20840631425380707
2007-05-31,0.20406457781791687
2007-06-01,0.20406457781791687
2007-06-04,0.20406457781791687
2007-06-05,0.20406457781791687
2007-06-06,0.20840631425380707
2007-06-07,0.1997227817773819
2007-06-08,0.1997227817773819
2007-06-12,0.21057727932929993
2007-06-13,0.21057727932929993
2007-06-14,0.20840631425380707
2007-06-15,0.20406457781791687
2007-06-18,0.20840631425380707
2007-06-19,0.21274814009666443
2007-06-20,0.20406457781791687
2007-06-21,0.20840631425380707
2007-06-22,0.2322862297296524
2007-06-25,0.22577343881130219
2007-06-26,0.23879890143871307
2007-06-27,0.2474825084209442
2007-06-28,0.2453116476535797
2007-06-29,0.2474825084209442
2007-07-02,0.22360266745090485
2007-07-03,0.23445717990398407
2007-07-04,0.23011529445648193
2007-07-05,0.23879890143871307
2007-07-06,0.20406457781791687
2007-07-09,0.1997227817773819
2007-07-10,0.19538092613220215
2007-07-11,0.19321003556251526
2007-07-12,0.1845264434814453
2007-07-13,0.1845264434814453
2007-07-16,0.1866973489522934
2007-07-17,0.18886823952198029
2007-07-18,0.19321003556251526
2007-07-19,0.1997227817773819
2007-07-20,0.19103911519050598
2007-07-23,0.18886823952198029
2007-07-24,0.19103911519050598
2007-07-25,0.19103911519050598
2007-07-26,0.19538092613220215
2007-07-27,0.18886823952198029
2007-07-30,0.1866973489522934
2007-07-31,0.1866973489522934
2007-08-01,0.1866973489522934
2007-08-02,0.18235550820827484
2007-08-03,0.18235550820827484
2007-08-06,0.17801374197006226
2007-08-07,0.18018464744091034
2007-08-08,0.1866973489522934
2007-08-09,0.17801374197006226
2007-08-10,0.17584286630153656
2007-08-13,0.17801374197006226
2007-08-14,0.17801374197006226
2007-08-15,0.16715925931930542
2007-08-16,0.16064658761024475
2007-08-17,0.16498833894729614
2007-08-20,0.1845264434814453
2007-08-21,0.19103911519050598
2007-08-22,0.17801374197006226
2007-08-23,0.17801374197006226
2007-08-24,0.1866973489522934
2007-08-27,0.18214376270771027
2007-08-28,0.18214376270771027
2007-08-29,0.18214376270771027
2007-08-30,0.1866973489522934
2007-08-31,0.1912509649991989
2007-09-03,0.1912509649991989
2007-09-04,0.1912509649991989
2007-09-05,0.18214376270771027
2007-09-06,0.1912509649991989
2007-09-07,0.1912509649991989
2007-09-10,0.1912509649991989
2007-09-11,0.18442055583000183
2007-09-12,0.1912509649991989
2007-09-13,0.1912509649991989
2007-09-14,0.1912509649991989
2007-09-17,0.18442055583000183
2007-09-18,0.18442055583000183
2007-09-19,0.18214376270771027
2007-09-20,0.1798669546842575
2007-09-21,0.1980813592672348
2007-09-24,0.1935277283191681
2007-09-25,0.1935277283191681
2007-09-26,0.1935277283191681
2007-09-27,0.18214376270771027
2007-09-28,0.175313338637352
2007-10-01,0.1798669546842575
2007-10-02,0.17759016156196594
2007-10-03,0.18442055583000183
2007-10-04,0.1798669546842575
2007-10-05,0.18214376270771027
2007-10-08,0.17759016156196594
2007-10-09,0.17759016156196594
2007-10-10,0.17759016156196594
2007-10-11,0.175313338637352
2007-10-12,0.1798669546842575
2007-10-15,0.18442055583000183
2007-10-16,0.18442055583000183
2007-10-17,0.175313338637352
2007-10-18,0.17303656041622162
2007-10-19,0.18214376270771027
2007-10-22,0.18214376270771027
2007-10-23,0.18442055583000183
2007-10-24,0.1866973489522934
2007-10-25,0.1866973489522934
2007-10-26,0.17759016156196594
2007-10-29,0.1798669546842575
2007-10-30,0.18214376270771027
2007-10-31,0.18214376270771027
2007-11-01,0.1798669546842575
2007-11-02,0.18214376270771027
2007-11-05,0.18214376270771027
2007-11-06,0.1798669546842575
2007-11-07,0.1798669546842575
2007-11-08,0.18214376270771027
2007-11-09,0.1866973489522934
2007-11-12,0.18214376270771027
2007-11-13,0.18214376270771027
2007-11-14,0.1866973489522934
2007-11-15,0.1935277283191681
2007-11-16,0.18442055583000183
2007-11-19,0.18214376270771027
2007-11-20,0.18214376270771027
2007-11-21,0.1798669546842575
2007-11-22,0.1798669546842575
2007-11-23,0.17303656041622162
2007-11-26,0.175313338637352
2007-11-27,0.18214376270771027
2007-11-28,0.17759016156196594
2007-11-29,0.17759016156196594
2007-11-30,0.17759016156196594
2007-12-03,0.175313338637352
2007-12-04,0.175313338637352
2007-12-05,0.18214376270771027
2007-12-06,0.1866973489522934
2007-12-07,0.1866973489522934
2007-12-10,0.1912509649991989
2007-12-11,0.1866973489522934
2007-12-12,0.1866973489522934
2007-12-13,0.18897411227226257
2007-12-14,0.18897411227226257
2007-12-17,0.1866973489522934
2007-12-18,0.18442055583000183
2007-12-19,0.1798669546842575
2007-12-20,0.18214376270771027
2007-12-21,0.1798669546842575
2007-12-24,0.1866973489522934
2007-12-27,0.18214376270771027
2007-12-28,0.1866973489522934
2007-12-31,0.1866973489522934
2008-01-02,0.18442055583000183
2008-01-03,0.1798669546842575
2008-01-04,0.1912509649991989
2008-01-07,0.17075975239276886
2008-01-08,0.18214376270771027
2008-01-09,0.18214376270771027
2008-01-10,0.18214376270771027
2008-01-11,0.18214376270771027
2008-01-14,0.20946532487869263
2008-01-15,0.21401889622211456
2008-01-16,0.21857251226902008
2008-01-17,0.21857251226902008
2008-01-18,0.21174214780330658
2008-01-21,0.21857251226902008
2008-01-22,0.20263491570949554
2008-01-23,0.21857251226902008
2008-01-24,0.20946532487869263
2008-01-25,0.21401889622211456
2008-01-29,0.21629571914672852
2008-01-30,0.21629571914672852
2008-01-31,0.20718851685523987
2008-02-01,0.20946532487869263
2008-02-04,0.20491176843643188
2008-02-05,0.20491176843643188
2008-02-06,0.20946532487869263
2008-02-07,0.20946532487869263
2008-02-08,0.20946532487869263
2008-02-11,0.20946532487869263
2008-02-12,0.21174214780330658
2008-02-13,0.20946532487869263
2008-02-14,0.21857251226902008
2008-02-15,0.21174214780330658
2008-02-18,0.21409481763839722
2008-02-19,0.20938944816589355
2008-02-20,0.20703673362731934
2008-02-21,0.19762593507766724
2008-02-22,0.20938944816589355
2008-02-25,0.211742103099823
2008-02-26,0.20938944816589355
2008-02-27,0.19762593507766724
2008-02-28,0.19762593507766724
2008-02-29,0.19527330994606018
2008-03-03,0.18821518123149872
2008-03-04,0.18350978195667267
2008-03-05,0.18350978195667267
2008-03-06,0.18821518123149872
2008-03-07,0.20703673362731934
2008-03-10,0.19292061030864716
2008-03-11,0.18821518123149872
2008-03-12,0.18350978195667267
2008-03-13,0.18115714192390442
2008-03-14,0.18350978195667267
2008-03-17,0.18115714192390442
2008-03-18,0.18350978195667267
2008-03-19,0.1858624815940857
2008-03-20,0.1788044422864914
2008-03-25,0.17409908771514893
2008-03-26,0.1788044422864914
2008-03-27,0.1788044422864914
2008-03-28,0.17645178735256195
2008-03-31,0.17645178735256195
2008-04-01,0.1717464178800583
2008-04-02,0.17409908771514893
2008-04-03,0.1717464178800583
2008-04-04,0.1788044422864914
2008-04-07,0.18350978195667267
2008-04-08,0.17645178735256195
2008-04-09,0.17645178735256195
2008-04-10,0.17645178735256195
2008-04-11,0.17409908771514893
2008-04-14,0.17645178735256195
2008-04-15,0.1788044422864914
2008-04-16,0.1788044422864914
2008-04-17,0.18115714192390442
2008-04-18,0.17645178735256195
2008-04-21,0.18350978195667267
2008-04-22,0.19056794047355652
2008-04-23,0.18350978195667267
2008-04-24,0.1788044422864914
2008-04-28,0.1788044422864914
2008-04-29,0.17409908771514893
2008-04-30,0.17409908771514893
2008-05-01,0.1858624815940857
2008-05-02,0.17645178735256195
2008-05-05,0.16939367353916168
2008-05-06,0.16468830406665802
2008-05-07,0.16468830406665802
2008-05-08,0.16468830406665802
2008-05-09,0.17409908771514893
2008-05-12,0.1788044422864914
2008-05-13,0.16939367353916168
2008-05-14,0.1788044422864914
2008-05-15,0.1858624815940857
2008-05-16,0.17409908771514893
2008-05-19,0.17645178735256195
2008-05-20,0.16704101860523224
2008-05-21,0.1717464178800583
2008-05-22,0.1717464178800583
2008-05-23,0.1717464178800583
2008-05-26,0.17409908771514893
2008-05-27,0.17409908771514893
2008-05-28,0.1717464178800583
2008-05-29,0.16939367353916168
2008-05-30,0.1717464178800583
2008-06-02,0.1717464178800583
2008-06-03,0.16939367353916168
2008-06-04,0.16939367353916168
2008-06-05,0.1717464178800583
2008-06-06,0.16939367353916168
2008-06-10,0.16939367353916168
2008-06-11,0.16704101860523224
2008-06-12,0.162335604429245
2008-06-13,0.162335604429245
2008-06-16,0.16468830406665802
2008-06-17,0.15998291969299316
2008-06-18,0.15998291969299316
2008-06-19,0.15998291969299316
2008-06-20,0.15998291969299316
2008-06-23,0.162335604429245
2008-06-24,0.16468830406665802
2008-06-25,0.1458667814731598
2008-06-26,0.15998291969299316
2008-06-27,0.15998291969299316
2008-06-30,0.15998291969299316
2008-07-01,0.15057216584682465
2008-07-02,0.15292486548423767
2008-07-03,0.15057216584682465
2008-07-04,0.14821946620941162
2008-07-07,0.14821946620941162
2008-07-08,0.15292486548423767
2008-07-09,0.15292486548423767
2008-07-10,0.15292486548423767
2008-07-11,0.15292486548423767
2008-07-14,0.16468830406665802
2008-07-15,0.18350978195667267
2008-07-16,0.18350978195667267
2008-07-17,0.19762593507766724
2008-07-18,0.19997867941856384
2008-07-21,0.19762593507766724
2008-07-22,0.19292061030864716
2008-07-23,0.19762593507766724
2008-07-24,0.20938944816589355
2008-07-25,0.20938944816589355
2008-07-28,0.20703673362731934
2008-07-29,0.19292061030864716
2008-07-30,0.19292061030864716
2008-07-31,0.19292061030864716
2008-08-01,0.18821518123149872
2008-08-04,0.19292061030864716
2008-08-05,0.19527330994606018
2008-08-06,0.19527330994606018
2008-08-07,0.19056794047355652
2008-08-08,0.2023313343524933
2008-08-11,0.2023313343524933
2008-08-12,0.211742103099823
2008-08-13,0.211742103099823
2008-08-14,0.20703673362731934
2008-08-15,0.1788044422864914
2008-08-18,0.18821518123149872
2008-08-19,0.17409908771514893
2008-08-20,0.16468830406665802
2008-08-21,0.16468830406665802
2008-08-22,0.16468830406665802
2008-08-25,0.18681061267852783
2008-08-26,0.1769784688949585
2008-08-27,0.17206242680549622
2008-08-28,0.17452046275138855
2008-08-29,0.1769784688949585
2008-09-01,0.16714638471603394
2008-09-02,0.1769784688949585
2008-09-03,0.1769784688949585
2008-09-04,0.1769784688949585
2008-09-05,0.17452046275138855
2008-09-08,0.1769784688949585
2008-09-09,0.1769784688949585
2008-09-10,0.16714638471603394
2008-09-11,0.16714638471603394
2008-09-12,0.16223028302192688
2008-09-15,0.15485620498657227
2008-09-16,0.15485620498657227
2008-09-17,0.16714638471603394
2008-09-18,0.15731419622898102
2008-09-19,0.17206242680549622
2008-09-22,0.16223028302192688
2008-09-23,0.16223028302192688
2008-09-24,0.16714638471603394
2008-09-25,0.16714638471603394
2008-09-26,0.16223028302192688
2008-09-29,0.16714638471603394
2008-09-30,0.16223028302192688
2008-10-01,0.15731419622898102
2008-10-02,0.15731419622898102
2008-10-03,0.16223028302192688
2008-10-06,0.15239812433719635
2008-10-07,0.15731419622898102
2008-10-08,0.15731419622898102
2008-10-09,0.16223028302192688
2008-10-10,0.1474820226430893
2008-10-13,0.1474820226430893
2008-10-14,0.15485620498657227
2008-10-15,0.1499401479959488
2008-10-16,0.1474820226430893
2008-10-17,0.14502403140068054
2008-10-20,0.13764992356300354
2008-10-21,0.1425660401582718
2008-10-22,0.13764992356300354
2008-10-23,0.13764992356300354
2008-10-24,0.13764992356300354
2008-10-27,0.13273386657238007
2008-10-28,0.1278178095817566
2008-10-29,0.13764992356300354
2008-10-30,0.12290173768997192
2008-10-31,0.12290173768997192
2008-11-03,0.13273386657238007
2008-11-04,0.1351918876171112
2008-11-05,0.14010797441005707
2008-11-06,0.13764992356300354
2008-11-07,0.13027581572532654
2008-11-10,0.13764992356300354
2008-11-11,0.12535972893238068
2008-11-12,0.11798566579818726
2008-11-13,0.11798566579818726
2008-11-14,0.11798566579818726
2008-11-17,0.11798566579818726
2008-11-18,0.10323742032051086
2008-11-19,0.10323742032051086
2008-11-20,0.10323742032051086
2008-11-21,0.09832137078046799
2008-11-24,0.09832137078046799
2008-11-25,0.09832137078046799
2008-11-26,0.09832137078046799
2008-11-27,0.10323742032051086
2008-11-28,0.09832137078046799
2008-12-01,0.09832137078046799
2008-12-02,0.09586334973573685
2008-12-03,0.09832137078046799
2008-12-04,0.09832137078046799
2008-12-05,0.08848923444747925
2008-12-08,0.10323742032051086
2008-12-09,0.11306959390640259
2008-12-10,0.12044369429349899
2008-12-11,0.12290173768997192
2008-12-12,0.12290173768997192
2008-12-15,0.11306959390640259
2008-12-16,0.12044369429349899
2008-12-17,0.1474820226430893
2008-12-18,0.13764992356300354
2008-12-19,0.13764992356300354
2008-12-22,0.1425660401582718
2008-12-23,0.1278178095817566
2008-12-24,0.1278178095817566
2008-12-29,0.1278178095817566
2008-12-30,0.1278178095817566
2008-12-31,0.1278178095817566
2009-01-02,0.1278178095817566
2009-01-05,0.13273386657238007
2009-01-06,0.13273386657238007
2009-01-07,0.13273386657238007
2009-01-08,0.13273386657238007
2009-01-09,0.1278178095817566
2009-01-12,0.12290173768997192
2009-01-13,0.12290173768997192
2009-01-14,0.12290173768997192
2009-01-15,0.12290173768997192
2009-01-16,0.12290173768997192
2009-01-19,0.1278178095817566
2009-01-20,0.12290173768997192
2009-01-21,0.12290173768997192
2009-01-22,0.12290173768997192
2009-01-23,0.1278178095817566
2009-01-27,0.12290173768997192
2009-01-28,0.12290173768997192
2009-01-29,0.11798566579818726
2009-01-30,0.11798566579818726
2009-02-02,0.11798566579818726
2009-02-03,0.11552762240171432
2009-02-04,0.11552762240171432
2009-02-05,0.11552762240171432
2009-02-06,0.11552762240171432
2009-02-09,0.11552762240171432
2009-02-10,0.11552762240171432
2009-02-11,0.11552762240171432
2009-02-12,0.11552762240171432
2009-02-13,0.12290173768997192
2009-02-16,0.11552762240171432
2009-02-17,0.12340451031923294
2009-02-18,0.12340451031923294
2009-02-19,0.12340451031923294
2009-02-20,0.1207788810133934
2009-02-23,0.1207788810133934
2009-02-24,0.1207788810133934
2009-02-25,0.11815325170755386
2009-02-26,0.11815325170755386
2009-02-27,0.11552762240171432
2009-03-02,0.1207788810133934
2009-03-03,0.11552762240171432
2009-03-04,0.11552762240171432
2009-03-05,0.1207788810133934
2009-03-06,0.10765071213245392
2009-03-09,0.09977385401725769
2009-03-10,0.1207788810133934
2009-03-11,0.1207788810133934
2009-03-12,0.1207788810133934
2009-03-13,0.11815325170755386
2009-03-16,0.12603016197681427
2009-03-17,0.13128136098384857
2009-03-18,0.12865576148033142
2009-03-19,0.12603016197681427
2009-03-20,0.13128136098384857
2009-03-23,0.12865576148033142
2009-03-24,0.12865576148033142
2009-03-25,0.13128136098384857
2009-03-26,0.13128136098384857
2009-03-27,0.1339069902896881
2009-03-30,0.13653264939785004
2009-03-31,0.13653264939785004
2009-04-01,0.13653264939785004
2009-04-02,0.1339069902896881
2009-04-03,0.13915827870368958
2009-04-06,0.1470351666212082
2009-04-07,0.14966078102588654
2009-04-08,0.1470351666212082
2009-04-09,0.15228642523288727
2009-04-14,0.16541454195976257
2009-04-15,0.17066578567028046
2009-04-16,0.15753771364688873
2009-04-17,0.15753771364688873
2009-04-20,0.15753771364688873
2009-04-21,0.15228642523288727
2009-04-22,0.16278891265392303
2009-04-23,0.16278891265392303
2009-04-24,0.16278891265392303
2009-04-27,0.16278891265392303
2009-04-28,0.16278891265392303
2009-04-29,0.16278891265392303
2009-04-30,0.1470351666212082
2009-05-01,0.1470351666212082
2009-05-04,0.1417839080095291
2009-05-05,0.13128136098384857
2009-05-06,0.1417839080095291
2009-05-07,0.1417839080095291
2009-05-08,0.14440953731536865
2009-05-11,0.15228642523288727
2009-05-12,0.15753771364688873
2009-05-13,0.1601632684469223
2009-05-14,0.1601632684469223
2009-05-15,0.1601632684469223
2009-05-18,0.16278891265392303
2009-05-19,0.16278891265392303
2009-05-20,0.16278891265392303
2009-05-21,0.16278891265392303
2009-05-22,0.16278891265392303
2009-05-25,0.1601632684469223
2009-05-26,0.16541454195976257
2009-05-27,0.16278891265392303
2009-05-28,0.1601632684469223
2009-05-29,0.15753771364688873
2009-06-01,0.15753771364688873
2009-06-02,0.15753771364688873
2009-06-03,0.15753771364688873
2009-06-04,0.15753771364688873
2009-06-05,0.16278891265392303
2009-06-09,0.15753771364688873
2009-06-10,0.15753771364688873
2009-06-11,0.15491199493408203
2009-06-12,0.15753771364688873
2009-06-15,0.1601632684469223
2009-06-16,0.15491199493408203
2009-06-17,0.15491199493408203
2009-06-18,0.14966078102588654
2009-06-19,0.15491199493408203
2009-06-22,0.14966078102588654
2009-06-23,0.1470351666212082
2009-06-24,0.1470351666212082
2009-06-25,0.1470351666212082
2009-06-26,0.14966078102588654
2009-06-29,0.1417839080095291
2009-06-30,0.14440953731536865
2009-07-01,0.1470351666212082
2009-07-02,0.1417839080095291
2009-07-03,0.1417839080095291
2009-07-06,0.13653264939785004
2009-07-07,0.13653264939785004
2009-07-08,0.1417839080095291
2009-07-09,0.1417839080095291
2009-07-10,0.19692212343215942
2009-07-13,0.20742462575435638
2009-07-14,0.21005025506019592
2009-07-15,0.22317835688591003
2009-07-16,0.20479896664619446
2009-07-17,0.20742462575435638
2009-07-20,0.21005025506019592
2009-07-21,0.21005025506019592
2009-07-22,0.21005025506019592
2009-07-23,0.2205527424812317
2009-07-24,0.22580398619174957
2009-07-27,0.2205527424812317
2009-07-28,0.21792711317539215
2009-07-29,0.21267586946487427
2009-07-30,0.21267586946487427
2009-07-31,0.20742462575435638
2009-08-03,0.21005025506019592
2009-08-04,0.2021733671426773
2009-08-05,0.21005025506019592
2009-08-06,0.20742462575435638
2009-08-07,0.21792711317539215
2009-08-10,0.2021733671426773
2009-08-11,0.20479896664619446
2009-08-12,0.21005025506019592
2009-08-13,0.21005025506019592
2009-08-14,0.22842960059642792
2009-08-17,0.22317835688591003
2009-08-18,0.2205527424812317
2009-08-19,0.21792711317539215
2009-08-20,0.21792714297771454
2009-08-21,0.22910283505916595
2009-08-24,0.22351498901844025
2009-08-25,0.22351498901844025
2009-08-26,0.22351498901844025
2009-08-27,0.22351498901844025
2009-08-28,0.22351498901844025
2009-08-31,0.20675131678581238
2009-09-01,0.20395740866661072
2009-09-02,0.20395740866661072
2009-09-03,0.20395740866661072
2009-09-04,0.20675131678581238
2009-09-07,0.20395740866661072
2009-09-08,0.20675131678581238
2009-09-09,0.20675131678581238
2009-09-10,0.20116348564624786
2009-09-11,0.198369562625885
2009-09-14,0.20675131678581238
2009-09-15,0.20954529941082
2009-09-16,0.20954529941082
2009-09-17,0.22351498901844025
2009-09-18,0.22351498901844025
2009-09-21,0.24027854204177856
2009-09-22,0.24027854204177856
2009-09-23,0.2318967878818512
2009-09-24,0.23469075560569763
2009-09-25,0.23469075560569763
2009-09-28,0.24027854204177856
2009-09-29,0.22351498901844025
2009-09-30,0.23469075560569763
2009-10-01,0.23469075560569763
2009-10-02,0.22910283505916595
2009-10-05,0.23469075560569763
2009-10-06,0.2318967878818512
2009-10-07,0.22910283505916595
2009-10-08,0.23469075560569763
2009-10-09,0.2318967878818512
2009-10-12,0.24027854204177856
2009-10-13,0.2514543831348419
2009-10-14,0.2570422291755676
2009-10-15,0.2626301050186157
2009-10-16,0.27659985423088074
2009-10-19,0.2849816381931305
2009-10-20,0.2793937623500824
2009-10-21,0.28218770027160645
2009-10-22,0.3073331415653229
2009-10-23,0.2961574196815491
2009-10-26,0.3017452657222748
2009-10-27,0.2933633625507355
2009-10-28,0.2738058865070343
2009-10-29,0.24027854204177856
2009-10-30,0.2514543831348419
2009-11-02,0.24586652219295502
2009-11-03,0.2570422291755676
2009-11-04,0.2626301050186157
2009-11-05,0.23748467862606049
2009-11-06,0.2626301050186157
2009-11-09,0.2682179808616638
2009-11-10,0.2682179808616638
2009-11-11,0.2738058865070343
2009-11-12,0.28218770027160645
2009-11-13,0.28218770027160645
2009-11-16,0.28218770027160645
2009-11-17,0.2793937623500824
2009-11-18,0.2961574196815491
2009-11-19,0.2933633625507355
2009-11-20,0.2905694246292114
2009-11-23,0.2905694246292114
2009-11-24,0.28218770027160645
2009-11-25,0.28218770027160645
2009-11-26,0.2849816381931305
2009-11-27,0.2738058865070343
2009-11-30,0.2793937623500824
2009-12-01,0.2793937623500824
2009-12-02,0.2793937623500824
2009-12-03,0.2793937623500824
2009-12-04,0.2738058865070343
2009-12-07,0.2598361372947693
2009-12-08,0.2682179808616638
2009-12-09,0.2793937623500824
2009-12-10,0.2793937623500824
2009-12-11,0.2738058865070343
2009-12-14,0.2738058865070343
2009-12-15,0.2793937623500824
2009-12-16,0.27659985423088074
2009-12-17,0.27659985423088074
2009-12-18,0.2738058865070343
2009-12-21,0.2710118889808655
2009-12-22,0.27659985423088074
2009-12-23,0.2738058865070343
2009-12-24,0.27659985423088074
2009-12-29,0.27659985423088074
2009-12-30,0.2849816381931305
2009-12-31,0.28218770027160645
2010-01-04,0.28777560591697693
2010-01-05,0.2933633625507355
2010-01-06,0.2933633625507355
2010-01-07,0.2793937623500824
2010-01-08,0.2905694246292114
2010-01-11,0.2933633625507355
2010-01-12,0.27659985423088074
2010-01-13,0.2793937623500824
2010-01-14,0.2793937623500824
2010-01-15,0.27659985423088074
2010-01-18,0.2849816381931305
2010-01-19,0.2905694246292114
2010-01-20,0.2989513874053955
2010-01-21,0.2961574196815491
2010-01-22,0.28777560591697693
2010-01-25,0.2793937623500824
2010-01-27,0.2849816381931305
2010-01-28,0.28218770027160645
2010-01-29,0.28218770027160645
2010-02-01,0.2793937623500824
2010-02-02,0.28777560591697693
2010-02-03,0.2905694246292114
2010-02-04,0.28218770027160645
2010-02-05,0.2682179808616638
2010-02-08,0.28777560591697693
2010-02-09,0.28777560591697693
2010-02-10,0.2905694246292114
2010-02-11,0.2989513874053955
2010-02-12,0.28218770027160645
2010-02-15,0.2710118889808655
2010-02-16,0.27659985423088074
2010-02-17,0.2738058865070343
2010-02-18,0.2738058865070343
2010-02-19,0.2738058865070343
2010-02-22,0.27884864807128906
2010-02-23,0.2700428366661072
2010-02-24,0.27297812700271606
2010-02-25,0.2700428366661072
2010-02-26,0.27884864807128906
2010-03-01,0.26417240500450134
2010-03-02,0.25243133306503296
2010-03-03,0.2553666830062866
2010-03-04,0.2553666830062866
2010-03-05,0.2553666830062866
2010-03-08,0.24949613213539124
2010-03-09,0.25243133306503296
2010-03-10,0.25243133306503296
2010-03-11,0.25243133306503296
2010-03-12,0.24949613213539124
2010-03-15,0.24949613213539124
2010-03-16,0.23775513470172882
2010-03-17,0.24069036543369293
2010-03-18,0.23775513470172882
2010-03-19,0.23775513470172882
2010-03-22,0.24069036543369293
2010-03-23,0.23775513470172882
2010-03-24,0.23481988906860352
2010-03-25,0.23481988906860352
2010-03-26,0.23775513470172882
2010-03-29,0.23188462853431702
2010-03-30,0.23188462853431702
2010-03-31,0.23481988906860352
2010-04-01,0.23481988906860352
2010-04-06,0.23188462853431702
2010-04-07,0.24362559616565704
2010-04-08,0.24362559616565704
2010-04-09,0.24362559616565704
2010-04-12,0.23481988906860352
2010-04-13,0.23775513470172882
2010-04-14,0.24069036543369293
2010-04-15,0.23481988906860352
2010-04-16,0.23481988906860352
2010-04-19,0.24949613213539124
2010-04-20,0.24069036543369293
2010-04-21,0.23775513470172882
2010-04-22,0.24069036543369293
2010-04-23,0.23775513470172882
2010-04-27,0.24656088650226593
2010-04-28,0.24069036543369293
2010-04-29,0.24069036543369293
2010-04-30,0.23481988906860352
2010-05-03,0.24656088650226593
2010-05-04,0.23481988906860352
2010-05-05,0.23481988906860352
2010-05-06,0.2289493978023529
2010-05-07,0.2289493978023529
2010-05-10,0.2201436460018158
2010-05-11,0.21720834076404572
2010-05-12,0.2230788767337799
2010-05-13,0.2230788767337799
2010-05-14,0.2260141372680664
2010-05-17,0.2289493978023529
2010-05-18,0.21720834076404572
2010-05-19,0.2230788767337799
2010-05-20,0.21720834076404572
2010-05-21,0.21720834076404572
2010-05-24,0.2201436460018158
2010-05-25,0.21720834076404572
2010-05-26,0.21720834076404572
2010-05-27,0.2054673582315445
2010-05-28,0.20840266346931458
2010-05-31,0.21720834076404572
2010-06-01,0.21133790910243988
2010-06-02,0.20840266346931458
2010-06-03,0.21133790910243988
2010-06-04,0.21133790910243988
2010-06-07,0.20840266346931458
2010-06-08,0.21720834076404572
2010-06-09,0.21720834076404572
2010-06-10,0.2230788767337799
2010-06-11,0.23188462853431702
2010-06-15,0.24656088650226593
2010-06-16,0.25243133306503296
2010-06-17,0.24949613213539124
2010-06-18,0.24656088650226593
2010-06-21,0.25830188393592834
2010-06-22,0.24656088650226593
2010-06-23,0.25243133306503296
2010-06-24,0.25830188393592834
2010-06-25,0.24656088650226593
2010-06-28,0.25243133306503296
2010-06-29,0.24656088650226593
2010-06-30,0.23481988906860352
2010-07-01,0.2289493978023529
2010-07-02,0.23775513470172882
2010-07-05,0.2201436460018158
2010-07-06,0.2289493978023529
2010-07-07,0.2289493978023529
2010-07-08,0.2289493978023529
2010-07-09,0.2230788767337799
2010-07-12,0.2289493978023529
2010-07-13,0.2289493978023529
2010-07-14,0.2230788767337799
2010-07-15,0.2230788767337799
2010-07-16,0.21720834076404572
2010-07-19,0.2289493978023529
2010-07-20,0.2289493978023529
2010-07-21,0.2230788767337799
2010-07-22,0.2289493978023529
2010-07-23,0.2260141372680664
2010-07-26,0.2289493978023529
2010-07-27,0.23775513470172882
2010-07-28,0.23481988906860352
2010-07-29,0.23188462853431702
2010-07-30,0.23188462853431702
2010-08-02,0.24656088650226593
2010-08-03,0.23481988906860352
2010-08-04,0.23481988906860352
2010-08-05,0.23775513470172882
2010-08-06,0.24069036543369293
2010-08-09,0.24069036543369293
2010-08-10,0.23775513470172882
2010-08-11,0.24069036543369293
2010-08-12,0.23481988906860352
2010-08-13,0.2230788767337799
2010-08-16,0.2230788767337799
2010-08-17,0.2289493978023529
2010-08-18,0.23481988906860352
2010-08-19,0.24084089696407318
2010-08-20,0.24084089696407318
2010-08-23,0.24084089696407318
2010-08-24,0.24084089696407318
2010-08-25,0.22879891097545624
2010-08-26,0.21675680577754974
2010-08-27,0.21374627947807312
2010-08-30,0.21374627947807312
2010-08-31,0.21675680577754974
2010-09-01,0.21675680577754974
2010-09-02,0.20772528648376465
2010-09-03,0.20772528648376465
2010-09-06,0.20772528648376465
2010-09-07,0.20170429348945618
2010-09-08,0.19568324089050293
2010-09-09,0.19568324089050293
2010-09-10,0.19568324089050293
2010-09-13,0.19568324089050293
2010-09-14,0.19568324089050293
2010-09-15,0.19869375228881836
2010-09-16,0.19568324089050293
2010-09-17,0.19568324089050293
2010-09-20,0.2107357233762741
2010-09-21,0.222777858376503
2010-09-22,0.21675680577754974
2010-09-23,0.21675680577754974
2010-09-24,0.21675680577754974
2010-09-27,0.21675680577754974
2010-09-28,0.21675680577754974
2010-09-29,0.222777858376503
2010-09-30,0.2107357233762741
2010-10-01,0.2107357233762741
2010-10-04,0.20170429348945618
2010-10-05,0.20471476018428802
2010-10-06,0.19869375228881836
2010-10-07,0.19869375228881836
2010-10-08,0.1806306391954422
2010-10-11,0.1926727443933487
2010-10-12,0.1926727443933487
2010-10-13,0.20471476018428802
2010-10-14,0.20471476018428802
2010-10-15,0.20471476018428802
2010-10-18,0.20471476018428802
2010-10-19,0.20170429348945618
2010-10-20,0.20471476018428802
2010-10-21,0.20471476018428802
2010-10-22,0.19869375228881836
2010-10-25,0.20471476018428802
2010-10-26,0.19869375228881836
2010-10-27,0.19869375228881836
2010-10-28,0.19869375228881836
2010-10-29,0.20471476018428802
2010-11-01,0.20471476018428802
2010-11-02,0.20471476018428802
2010-11-03,0.19869375228881836
2010-11-04,0.19869375228881836
2010-11-05,0.19568324089050293
2010-11-08,0.19869375228881836
2010-11-09,0.20471476018428802
2010-11-10,0.20471476018428802
2010-11-11,0.222777858376503
2010-11-12,0.21374627947807312
2010-11-15,0.21675680577754974
2010-11-16,0.2107357233762741
2010-11-17,0.2107357233762741
2010-11-18,0.21675680577754974
2010-11-19,0.21675680577754974
2010-11-22,0.2107357233762741
2010-11-23,0.2107357233762741
2010-11-24,0.2107357233762741
2010-11-25,0.21675680577754974
2010-11-26,0.21675680577754974
2010-11-29,0.2107357233762741
2010-11-30,0.20471476018428802
2010-12-01,0.20471476018428802
2010-12-02,0.20471476018428802
2010-12-03,0.21374627947807312
2010-12-06,0.21374627947807312
2010-12-07,0.21374627947807312
2010-12-08,0.21675680577754974
2010-12-09,0.21374627947807312
2010-12-10,0.21374627947807312
2010-12-13,0.21374627947807312
2010-12-14,0.21675680577754974
2010-12-15,0.21675680577754974
2010-12-16,0.2107357233762741
2010-12-17,0.2107357233762741
2010-12-20,0.2107357233762741
2010-12-21,0.21675680577754974
2010-12-22,0.21675680577754974
2010-12-23,0.21675680577754974
2010-12-24,0.21675680577754974
2010-12-29,0.20471476018428802
2010-12-30,0.20471476018428802
2010-12-31,0.2107357233762741
2011-01-04,0.20471476018428802
2011-01-05,0.20471476018428802
2011-01-06,0.20471476018428802
2011-01-07,0.20471476018428802
2011-01-10,0.20471476018428802
2011-01-11,0.20471476018428802
2011-01-12,0.20170429348945618
2011-01-13,0.20170429348945618
2011-01-14,0.20170429348945618
2011-01-17,0.20170429348945618
2011-01-18,0.20471476018428802
2011-01-19,0.20471476018428802
2011-01-20,0.19869375228881836
2011-01-21,0.19869375228881836
2011-01-24,0.1926727443933487
2011-01-25,0.1926727443933487
2011-01-27,0.18966220319271088
2011-01-28,0.18966220319271088
2011-01-31,0.18966220319271088
2011-02-01,0.18966220319271088
2011-02-02,0.18966220319271088
2011-02-03,0.1926727443933487
2011-02-04,0.18966220319271088
2011-02-07,0.1806306391954422
2011-02-08,0.19568324089050293
2011-02-09,0.18364115059375763
2011-02-10,0.18665172159671783
2011-02-11,0.18966220319271088
2011-02-14,0.18966220319271088
2011-02-15,0.18665172159671783
2011-02-16,0.18665172159671783
2011-02-17,0.18966220319271088
2011-02-18,0.18966220319271088
2011-02-21,0.1926727443933487
2011-02-22,0.1926727443933487
2011-02-23,0.1926727443933487
2011-02-24,0.20471476018428802
2011-02-25,0.19526639580726624
2011-02-28,0.19526639580726624
2011-03-01,0.21101371943950653
2011-03-02,0.21101371943950653
2011-03-03,0.21101371943950653
2011-03-04,0.21101371943950653
2011-03-07,0.21101371943950653
2011-03-08,0.21101371943950653
2011-03-09,0.1984158456325531
2011-03-10,0.1984158456325531
2011-03-11,0.20156532526016235
2011-03-15,0.1984158456325531
2011-03-16,0.19526639580726624
2011-03-17,0.214163139462471
2011-03-18,0.20786422491073608
2011-03-21,0.19526639580726624
2011-03-22,0.1984158456325531
2011-03-23,0.1984158456325531
2011-03-24,0.20156532526016235
2011-03-25,0.20156532526016235
2011-03-28,0.20156532526016235
2011-03-29,0.19526639580726624
2011-03-30,0.1984158456325531
2011-03-31,0.20156532526016235
2011-04-01,0.19526639580726624
2011-04-04,0.19526639580726624
2011-04-05,0.1984158456325531
2011-04-06,0.1984158456325531
2011-04-07,0.1984158456325531
2011-04-08,0.19526639580726624
2011-04-11,0.19526639580726624
2011-04-12,0.19526639580726624
2011-04-13,0.1984158456325531
2011-04-14,0.20156532526016235
2011-04-15,0.1921168714761734
2011-04-18,0.18896746635437012
2011-04-19,0.18896746635437012
2011-04-20,0.1921168714761734
2011-04-21,0.1921168714761734
2011-04-27,0.20156532526016235
2011-04-28,0.20156532526016235
2011-04-29,0.19526639580726624
2011-05-02,0.1921168714761734
2011-05-03,0.18896746635437012
2011-05-04,0.1826685518026352
2011-05-05,0.1826685518026352
2011-05-06,0.18896746635437012
2011-05-09,0.18581797182559967
2011-05-10,0.18896746635437012
2011-05-11,0.1826685518026352
2011-05-12,0.1826685518026352
2011-05-13,0.17951908707618713
2011-05-16,0.17636963725090027
2011-05-17,0.1826685518026352
2011-05-18,0.1826685518026352
2011-05-19,0.17951908707618713
2011-05-20,0.17007073760032654
2011-05-23,0.17007073760032654
2011-05-24,0.17007073760032654
2011-05-25,0.1732201725244522
2011-05-26,0.17007073760032654
2011-05-27,0.19526639580726624
2011-05-30,0.19526639580726624
2011-05-31,0.19526639580726624
2011-06-01,0.1826685518026352
2011-06-02,0.1826685518026352
2011-06-03,0.1826685518026352
2011-06-06,0.1732201725244522
2011-06-07,0.1732201725244522
2011-06-08,0.1732201725244522
2011-06-09,0.1732201725244522
2011-06-10,0.1574729084968567
2011-06-14,0.17007073760032654
2011-06-15,0.1826685518026352
2011-06-16,0.17951908707618713
2011-06-17,0.17951908707618713
2011-06-20,0.1826685518026352
2011-06-21,0.18581797182559967
2011-06-22,0.1826685518026352
2011-06-23,0.17636963725090027
2011-06-24,0.17636963725090027
2011-06-27,0.17636963725090027
2011-06-28,0.17636963725090027
2011-06-29,0.18581797182559967
2011-06-30,0.1732201725244522
2011-07-01,0.17007073760032654
2011-07-04,0.17007073760032654
2011-07-05,0.17636963725090027
2011-07-06,0.17951908707618713
2011-07-07,0.22046197950839996
2011-07-08,0.23620934784412384
2011-07-11,0.2393588423728943
2011-07-12,0.24250824749469757
2011-07-13,0.24250824749469757
2011-07-14,0.24250824749469757
2011-07-15,0.23305991291999817
2011-07-18,0.23305991291999817
2011-07-19,0.22991043329238892
2011-07-20,0.23305991291999817
2011-07-21,0.23305991291999817
2011-07-22,0.22676092386245728
2011-07-25,0.22676092386245728
2011-07-26,0.22676092386245728
2011-07-27,0.22676092386245728
2011-07-28,0.23305991291999817
2011-07-29,0.23305991291999817
2011-08-02,0.23305991291999817
2011-08-03,0.23305991291999817
2011-08-04,0.23305991291999817
2011-08-05,0.21731261909008026
2011-08-08,0.21101371943950653
2011-08-09,0.20786422491073608
2011-08-10,0.21731261909008026
2011-08-11,0.214163139462471
2011-08-12,0.21101371943950653
2011-08-15,0.22046197950839996
2011-08-16,0.22046197950839996
2011-08-17,0.22046197950839996
2011-08-18,0.22046197950839996
2011-08-19,0.25195661187171936
2011-08-22,0.25195661187171936
2011-08-23,0.24523775279521942
2011-08-24,0.24859726428985596
2011-08-25,0.2553160786628723
2011-08-26,0.2553160786628723
2011-08-29,0.2553160786628723
2011-08-30,0.2553160786628723
2011-08-31,0.24859726428985596
2011-09-01,0.2553160786628723
2011-09-02,0.2586754262447357
2011-09-05,0.2586754262447357
2011-09-06,0.24859726428985596
2011-09-07,0.2553160786628723
2011-09-08,0.2553160786628723
2011-09-09,0.24859726428985596
2011-09-12,0.24859726428985596
2011-09-13,0.28219136595726013
2011-09-14,0.28891026973724365
2011-09-15,0.29226967692375183
2011-09-16,0.3090667426586151
2011-09-19,0.2989884614944458
2011-09-20,0.28891026973724365
2011-09-21,0.28555089235305786
2011-09-22,0.28555089235305786
2011-09-23,0.28219136595726013
2011-09-26,0.2687537372112274
2011-09-27,0.27547258138656616
2011-09-28,0.27547258138656616
2011-09-29,0.28219136595726013
2011-09-30,0.28219136595726013
2011-10-04,0.27547258138656616
2011-10-05,0.28555089235305786
2011-10-06,0.28891026973724365
2011-10-07,0.28891026973724365
2011-10-10,0.28891026973724365
2011-10-11,0.28891026973724365
2011-10-12,0.28891026973724365
2011-10-13,0.29226967692375183
2011-10-14,0.30234795808792114
2011-10-17,0.3090667426586151
2011-10-18,0.2956291437149048
2011-10-19,0.3057073652744293
2011-10-20,0.31242620944976807
2011-10-21,0.3325827121734619
2011-10-24,0.32250455021858215
2011-10-25,0.3292233645915985
2011-10-26,0.31242620944976807
2011-10-27,0.3292233645915985
2011-10-28,0.32250455021858215
2011-10-31,0.3325827121734619
2011-11-02,0.32250455021858215
2011-11-03,0.32250455021858215
2011-11-04,0.3292233645915985
2011-11-07,0.32250455021858215
2011-11-08,0.3191451132297516
2011-11-09,0.31578561663627625
2011-11-10,0.31578561663627625
2011-11-11,0.31242620944976807
2011-11-14,0.31578561663627625
2011-11-15,0.31578561663627625
2011-11-16,0.31578561663627625
2011-11-17,0.32250455021858215
2011-11-18,0.32250455021858215
2011-11-21,0.31578561663627625
2011-11-22,0.3090667426586151
2011-11-23,0.3090667426586151
2011-11-24,0.30234795808792114
2011-11-25,0.2956291437149048
2011-11-28,0.2956291437149048
2011-11-29,0.28891026973724365
2011-11-30,0.2956291437149048
2011-12-01,0.30234795808792114
2011-12-02,0.2956291437149048
2011-12-05,0.28891026973724365
2011-12-06,0.32250455021858215
2011-12-07,0.32250455021858215
2011-12-08,0.32250455021858215
2011-12-09,0.32586392760276794
2011-12-12,0.3191451132297516
2011-12-13,0.32250455021858215
2011-12-14,0.32586392760276794
2011-12-15,0.32250455021858215
2011-12-16,0.31578561663627625
2011-12-19,0.3090667426586151
2011-12-20,0.3090667426586151
2011-12-21,0.3191451132297516
2011-12-22,0.3090667426586151
2011-12-23,0.31242620944976807
2011-12-28,0.31578561663627625
2011-12-29,0.3191451132297516
2011-12-30,0.31578561663627625
2012-01-03,0.3191451132297516
2012-01-04,0.3191451132297516
2012-01-05,0.3191451132297516
2012-01-06,0.3191451132297516
2012-01-09,0.32250455021858215
2012-01-10,0.34937986731529236
2012-01-11,0.342661052942276
2012-01-12,0.342661052942276
2012-01-13,0.33930158615112305
2012-01-16,0.342661052942276
2012-01-17,0.3460204005241394
2012-01-18,0.3359421491622925
2012-01-19,0.342661052942276
2012-01-20,0.342661052942276
2012-01-23,0.33930158615112305
2012-01-24,0.3460204005241394
2012-01-25,0.3695363998413086
2012-01-27,0.3829740583896637
2012-01-30,0.38969287276268005
2012-01-31,0.3829740583896637
2012-02-01,0.3796146512031555
2012-02-02,0.38969287276268005
2012-02-03,0.38633352518081665
2012-02-06,0.39977118372917175
2012-02-07,0.39977118372917175
2012-02-08,0.39977118372917175
2012-02-09,0.38969287276268005
2012-02-10,0.38969287276268005
2012-02-13,0.38633352518081665
2012-02-14,0.396411657333374
2012-02-15,0.40313056111335754
2012-02-16,0.40313056111335754
2012-02-17,0.43672478199005127
2012-02-20,0.4300059974193573
2012-02-21,0.45774832367897034
2012-02-22,0.4646839499473572
2012-02-23,0.48202288150787354
2012-02-24,0.45774832367897034
2012-02-27,0.4854905903339386
2012-02-28,0.48202288150787354
2012-02-29,0.49242621660232544
2012-03-01,0.4854905903339386
2012-03-02,0.5062972903251648
2012-03-05,0.509765088558197
2012-03-06,0.47161951661109924
2012-03-07,0.4646839499473572
2012-03-08,0.48202288150787354
2012-03-09,0.47508737444877625
2012-03-12,0.48202288150787354
2012-03-13,0.4889584481716156
2012-03-14,0.49242621660232544
2012-03-15,0.4993617534637451
2012-03-16,0.4993617534637451
2012-03-19,0.48202288150787354
2012-03-20,0.4646839499473572
2012-03-21,0.4646839499473572
2012-03-22,0.4646839499473572
2012-03-23,0.4542804956436157
2012-03-26,0.4542804956436157
2012-03-27,0.4438771903514862
2012-03-28,0.4438771903514862
2012-03-29,0.4438771903514862
2012-03-30,0.43347376585006714
2012-04-02,0.43347376585006714
2012-04-03,0.43347376585006714
2012-04-04,0.4300059676170349
2012-04-05,0.4438771903514862
2012-04-10,0.45774832367897034
2012-04-11,0.46121612191200256
2012-04-12,0.4542804956436157
2012-04-13,0.4508126974105835
2012-04-16,0.4646839499473572
2012-04-17,0.47161951661109924
2012-04-18,0.4646839499473572
2012-04-19,0.45774832367897034
2012-04-20,0.4508126974105835
2012-04-23,0.4542804956436157
2012-04-24,0.440409392118454
2012-04-26,0.4473450183868408
2012-04-27,0.4508126974105835
2012-04-30,0.45774832367897034
2012-05-01,0.47508737444877625
2012-05-02,0.46815159916877747
2012-05-03,0.4646839499473572
2012-05-04,0.45774832367897034
2012-05-07,0.4646839499473572
2012-05-08,0.47508737444877625
2012-05-09,0.47161951661109924
2012-05-10,0.47508737444877625
2012-05-11,0.4785550832748413
2012-05-14,0.4854905903339386
2012-05-15,0.47161951661109924
2012-05-16,0.46815159916877747
2012-05-17,0.46815159916877747
2012-05-18,0.4646839499473572
2012-05-21,0.4542804956436157
2012-05-22,0.4438771903514862
2012-05-23,0.440409392118454
2012-05-24,0.4369415044784546
2012-05-25,0.42653822898864746
2012-05-28,0.42653822898864746
2012-05-29,0.4438771903514862
2012-05-30,0.4542804956436157
2012-05-31,0.4542804956436157
2012-06-01,0.4542804956436157
2012-06-04,0.440409392118454
2012-06-05,0.4230703115463257
2012-06-06,0.4369415044784546
2012-06-07,0.4369415044784546
2012-06-08,0.43347376585006714
2012-06-12,0.4300059676170349
2012-06-13,0.4438771903514862
2012-06-14,0.4369415044784546
2012-06-15,0.45774832367897034
2012-06-18,0.4508126974105835
2012-06-19,0.4438771903514862
2012-06-20,0.4508126974105835
2012-06-21,0.4508126974105835
2012-06-22,0.45774832367897034
2012-06-25,0.4438771903514862
2012-06-26,0.4542804956436157
2012-06-27,0.4438771903514862
2012-06-28,0.4508126974105835
2012-06-29,0.46121612191200256
2012-07-02,0.4508126974105835
2012-07-03,0.4508126974105835
2012-07-04,0.46815159916877747
2012-07-05,0.46121612191200256
2012-07-06,0.4854905903339386
2012-07-09,0.4993617534637451
2012-07-10,0.49242621660232544
2012-07-11,0.4993617534637451
2012-07-12,0.5201685428619385
2012-07-13,0.5271041989326477
2012-07-16,0.5340396165847778
2012-07-17,0.5201685428619385
2012-07-18,0.5201685428619385
2012-07-19,0.5340396165847778
2012-07-20,0.5375075340270996
2012-07-23,0.5236364006996155
2012-07-24,0.5409752130508423
2012-07-25,0.5409752130508423
2012-07-26,0.5479109287261963
2012-07-27,0.5687175393104553
2012-07-30,0.5825886726379395
2012-07-31,0.6068632006645203
2012-08-01,0.5825886726379395
2012-08-02,0.5895244479179382
2012-08-03,0.610331118106842
2012-08-06,0.6242022514343262
2012-08-07,0.5999277830123901
2012-08-08,0.5964599251747131
2012-08-09,0.5825886726379395
2012-08-10,0.5791209936141968
2012-08-13,0.5687175393104553
2012-08-14,0.5548464059829712
2012-08-15,0.5617820024490356
2012-08-16,0.5548464059829712
2012-08-17,0.6033955216407776
2012-08-20,0.5895244479179382
2012-08-21,0.6033955216407776
2012-08-22,0.6033955216407776
2012-08-23,0.6033955216407776
2012-08-24,0.621353805065155
2012-08-27,0.6033954620361328
2012-08-28,0.6393117904663086
2012-08-29,0.6500868201255798
2012-08-30,0.6464951634407043
2012-08-31,0.6716367602348328
2012-09-03,0.6608617305755615
2012-09-04,0.6716367602348328
2012-09-05,0.6608617305755615
2012-09-06,0.6177621483802795
2012-09-07,0.6321286559104919
2012-09-10,0.6249454021453857
2012-09-11,0.6500868201255798
2012-09-12,0.6500868201255798
2012-09-13,0.6464951634407043
2012-09-14,0.6500868201255798
2012-09-17,0.6500868201255798
2012-09-18,0.761427640914917
2012-09-19,0.7470610737800598
2012-09-20,0.7865692377090454
2012-09-21,0.775794267654419
2012-09-24,0.7793859839439392
2012-09-25,0.775794267654419
2012-09-26,0.775794267654419
2012-09-27,0.7865692377090454
2012-09-28,0.7901607155799866
2012-10-01,0.8188937902450562
2012-10-02,0.8045272827148438
2012-10-03,0.8009356260299683
2012-10-04,0.7793859839439392
2012-10-05,0.765019416809082
2012-10-08,0.7901607155799866
2012-10-09,0.7901607155799866
2012-10-10,0.8224855065345764
2012-10-11,0.8763598799705505
2012-10-12,0.851218581199646
2012-10-15,0.8619934916496277
2012-10-16,0.8619934916496277
2012-10-17,0.8871352076530457
2012-10-18,0.9661511182785034
2012-10-19,0.9912926554679871
2012-10-22,0.9661511182785034
2012-10-23,0.9266431331634521
2012-10-24,0.8691767454147339
2012-10-25,0.8224855065345764
2012-10-26,0.8260771632194519
2012-10-29,0.8619934916496277
2012-10-30,0.8619934916496277
2012-10-31,0.8584020733833313
2012-11-01,0.8691767454147339
2012-11-02,0.8727684020996094
2012-11-05,0.844035267829895
2012-11-06,0.8619934916496277
2012-11-07,0.8584020733833313
2012-11-08,0.8691767454147339
2012-11-09,0.8619934916496277
2012-11-12,0.854810357093811
2012-11-13,0.8619934916496277
2012-11-14,0.8619934916496277
2012-11-15,0.8655853271484375
2012-11-16,0.9446013569831848
2012-11-19,0.9877011775970459
2012-11-20,1.027208924293518
2012-11-21,1.027208924293518
2012-11-22,1.0200258493423462
2012-11-23,1.009250521659851
2012-11-26,1.0200258493423462
2012-11-27,1.0200258493423462
2012-11-28,0.9841094017028809
2012-11-29,0.9769260883331299
2012-11-30,0.919459879398346
2012-12-03,0.8763598799705505
2012-12-04,0.847626805305481
2012-12-05,0.844035267829895
2012-12-06,0.8763598799705505
2012-12-07,0.919459879398346
2012-12-10,0.9266431331634521
2012-12-11,0.8943182826042175
2012-12-12,0.8763598799705505
2012-12-13,0.9302347898483276
2012-12-14,0.9410095810890198
2012-12-17,0.9661511182785034
2012-12-18,0.9661511182785034
2012-12-19,0.9769260883331299
2012-12-20,0.9266431331634521
2012-12-21,0.9338263273239136
2012-12-24,0.9769260883331299
2012-12-27,1.0200258493423462
2012-12-28,0.998475968837738
2012-12-31,0.9841094017028809
2013-01-02,1.0200258493423462
2013-01-03,1.0415754318237305
2013-01-04,1.0631256103515625
2013-01-07,1.1062250137329102
2013-01-08,0.9841094017028809
2013-01-09,0.9015015363693237
2013-01-10,0.854810357093811
2013-01-11,0.9050931334495544
2013-01-14,0.9553762674331665
2013-01-15,1.0020674467086792
2013-01-16,1.0056589841842651
2013-01-17,0.9841094017028809
2013-01-18,0.9877011775970459
2013-01-21,0.998475968837738
2013-01-22,0.9912926554679871
2013-01-23,0.9374181032180786
2013-01-24,0.919459879398346
2013-01-25,0.9050931334495544
2013-01-29,0.9266431331634521
2013-01-30,0.9481929540634155
2013-01-31,0.9266431331634521
2013-02-01,0.9302347898483276
2013-02-04,0.9302347898483276
2013-02-05,0.9158681035041809
2013-02-06,0.8727684020996094
2013-02-07,0.844035267829895
2013-02-08,0.8727684020996094
2013-02-11,0.8619934916496277
2013-02-12,0.8655853271484375
2013-02-13,0.854810357093811
2013-02-14,0.8368521332740784
2013-02-15,0.8332604765892029
2013-02-18,0.8045272827148438
2013-02-19,0.8009356260299683
2013-02-20,0.775794267654419
2013-02-21,0.754244327545166
2013-02-22,0.8224855065345764
2013-02-25,0.8763598799705505
2013-02-26,0.8727684020996094
2013-02-27,0.8979099988937378
2013-02-28,0.9052101969718933
2013-03-01,0.8833097219467163
2013-03-04,0.8833097219467163
2013-03-05,0.9052101969718933
2013-03-06,0.8833097219467163
2013-03-07,0.8541094660758972
2013-03-08,0.8468093872070312
2013-03-11,0.8723598122596741
2013-03-12,0.8650593757629395
2013-03-13,0.8468093872070312
2013-03-14,0.8358592391014099
2013-03-15,0.8176090717315674
2013-03-18,0.8176090717315674
2013-03-19,0.8103088736534119
2013-03-20,0.8249091506004333
2013-03-21,0.8103088736534119
2013-03-22,0.8103088736534119
2013-03-25,0.8176090717315674
2013-03-26,0.8030088543891907
2013-03-27,0.788408637046814
2013-03-28,0.7738085389137268
2013-04-02,0.7446083426475525
2013-04-03,0.7081078290939331
2013-04-04,0.6789075136184692
2013-04-05,0.7446083426475525
2013-04-08,0.7555583119392395
2013-04-09,0.8030088543891907
2013-04-10,0.8176090717315674
2013-04-11,0.8650593757629395
2013-04-12,0.8468093872070312
2013-04-15,0.8176090717315674
2013-04-16,0.8358592391014099
2013-04-17,0.8614094257354736
2013-04-18,0.8285591006278992
2013-04-19,0.8212591409683228
2013-04-22,0.8066588640213013
2013-04-23,0.8066588640213013
2013-04-24,0.8176090717315674
2013-04-26,0.8030088543891907
2013-04-29,0.8139590620994568
2013-04-30,0.8103088736534119
2013-05-01,0.7993589043617249
2013-05-02,0.8103088736534119
2013-05-03,0.7811087369918823
2013-05-06,0.8030088543891907
2013-05-07,0.7993589043617249
2013-05-08,0.7811087369918823
2013-05-09,0.788408637046814
2013-05-10,0.8030088543891907
2013-05-13,0.788408637046814
2013-05-14,0.7738085389137268
2013-05-15,0.788408637046814
2013-05-16,0.8139590620994568
2013-05-17,0.8212591409683228
2013-05-20,0.7920588850975037
2013-05-21,0.8322091102600098
2013-05-22,0.8504593968391418
2013-05-23,0.8358592391014099
2013-05-24,0.8322091102600098
2013-05-27,0.8030088543891907
2013-05-28,0.8322091102600098
2013-05-29,0.8358592391014099
2013-05-30,0.8176090717315674
2013-05-31,0.8103088736534119
2013-06-03,0.788408637046814
2013-06-04,0.788408637046814
2013-06-05,0.7847587466239929
2013-06-06,0.7920588850975037
2013-06-07,0.7811087369918823
2013-06-11,0.7738085389137268
2013-06-12,0.7519082427024841
2013-06-13,0.7373082041740417
2013-06-14,0.730008065700531
2013-06-17,0.7446083426475525
2013-06-18,0.730008065700531
2013-06-19,0.7592084407806396
2013-06-20,0.7519082427024841
2013-06-21,0.7592084407806396
2013-06-24,0.7519082427024841
2013-06-25,0.730008065700531
2013-06-26,0.7446083426475525
2013-06-27,0.7628583312034607
2013-06-28,0.7555583119392395
2013-07-01,0.7519082427024841
2013-07-02,0.7592084407806396
2013-07-03,0.7482584118843079
2013-07-04,0.7665085792541504
2013-07-05,0.777458667755127
2013-07-08,0.7628583312034607
2013-07-09,0.7665085792541504
2013-07-10,0.7665085792541504
2013-07-11,0.7665085792541504
2013-07-12,0.7665085792541504
2013-07-15,0.7665085792541504
2013-07-16,0.7446083426475525
2013-07-17,0.7446083426475525
2013-07-18,0.7446083426475525
2013-07-19,0.7555583119392395
2013-07-22,0.7592084407806396
2013-07-23,0.7519082427024841
2013-07-24,0.7446083426475525
2013-07-25,0.7446083426475525
2013-07-26,0.7665085792541504
2013-07-29,0.7592084407806396
2013-07-30,0.7519082427024841
2013-07-31,0.7555583119392395
2013-08-01,0.7336580753326416
2013-08-02,0.7628583312034607
2013-08-05,0.7446083426475525
2013-08-06,0.7628583312034607
2013-08-07,0.7446083426475525
2013-08-08,0.7409580945968628
2013-08-09,0.7373082041740417
2013-08-12,0.7446083426475525
2013-08-13,0.7446083426475525
2013-08-14,0.8103088736534119
2013-08-15,0.8212591409683228
2013-08-16,0.788408637046814
2013-08-19,0.7738085389137268
2013-08-20,0.7738085389137268
2013-08-21,0.8103088736534119
2013-08-22,0.8358592391014099
2013-08-23,0.8433558344841003
2013-08-26,0.802125096321106
2013-08-27,0.7833837866783142
2013-08-28,0.7796356081962585
2013-08-29,0.7646426558494568
2013-08-30,0.7496495842933655
2013-09-02,0.7571460604667664
2013-09-03,0.7309083938598633
2013-09-04,0.7271600365638733
2013-09-05,0.7084188461303711
2013-09-06,0.734656572341919
2013-09-09,0.7121670842170715
2013-09-10,0.697174072265625
2013-09-11,0.697174072265625
2013-09-12,0.7084188461303711
2013-09-13,0.697174072265625
2013-09-16,0.7121670842170715
2013-09-17,0.7009223699569702
2013-09-18,0.7009223699569702
2013-09-19,0.6784329414367676
2013-09-20,0.6784329414367676
2013-09-23,0.697174072265625
2013-09-24,0.682181179523468
2013-09-25,0.682181179523468
2013-09-26,0.6859294176101685
2013-09-27,0.6896775364875793
2013-09-30,0.6934258341789246
2013-10-01,0.6784329414367676
2013-10-02,0.6784329414367676
2013-10-03,0.6784329414367676
2013-10-04,0.6746845841407776
2013-10-07,0.6709364056587219
2013-10-08,0.6709364056587219
2013-10-09,0.6746845841407776
2013-10-10,0.6671881079673767
2013-10-11,0.6746845841407776
2013-10-14,0.6671881079673767
2013-10-15,0.6634398698806763
2013-10-16,0.659691572189331
2013-10-17,0.6634398698806763
2013-10-18,0.6859294176101685
2013-10-21,0.7271600365638733
2013-10-22,0.7084188461303711
2013-10-23,0.7196635603904724
2013-10-24,0.7196635603904724
2013-10-25,0.7084188461303711
2013-10-28,0.7084188461303711
2013-10-29,0.682181179523468
2013-10-30,0.6859294176101685
2013-10-31,0.6859294176101685
2013-11-01,0.6746845841407776
2013-11-04,0.6746845841407776
2013-11-05,0.6709364056587219
2013-11-06,0.697174072265625
2013-11-07,0.7234117984771729
2013-11-08,0.7046706080436707
2013-11-11,0.7159152626991272
2013-11-12,0.7121670842170715
2013-11-13,0.7196635603904724
2013-11-14,0.734656572341919
2013-11-15,0.8096215128898621
2013-11-18,0.802125096321106
2013-11-19,0.7871320843696594
2013-11-20,0.7833837866783142
2013-11-21,0.7758872509002686
2013-11-22,0.7796356081962585
2013-11-25,0.7946285009384155
2013-11-26,0.802125096321106
2013-11-27,0.7946285009384155
2013-11-28,0.7871320843696594
2013-11-29,0.8058733344078064
2013-12-02,0.7871320843696594
2013-12-03,0.7871320843696594
2013-12-04,0.760894238948822
2013-12-05,0.7758872509002686
2013-12-06,0.7833837866783142
2013-12-09,0.7796356081962585
2013-12-10,0.7796356081962585
2013-12-11,0.7871320843696594
2013-12-12,0.7571460604667664
2013-12-13,0.760894238948822
2013-12-16,0.7496495842933655
2013-12-17,0.7533978223800659
2013-12-18,0.7496495842933655
2013-12-19,0.7496495842933655
2013-12-20,0.7421530485153198
2013-12-23,0.7496495842933655
2013-12-24,0.7533978223800659
2013-12-27,0.7646426558494568
2013-12-30,0.7721389532089233
2013-12-31,0.7721389532089233
2014-01-02,0.7796356081962585
2014-01-03,0.7721389532089233
2014-01-06,0.7721389532089233
2014-01-07,0.7833837866783142
2014-01-08,0.7721389532089233
2014-01-09,0.7908802628517151
2014-01-10,0.8733417987823486
2014-01-13,0.8658453226089478
2014-01-14,0.8546004891395569
2014-01-15,0.8583487272262573
2014-01-16,0.847104012966156
2014-01-17,0.8620970249176025
2014-01-20,0.8695934414863586
2014-01-21,0.8658453226089478
2014-01-22,0.8883345723152161
2014-01-23,0.8770900368690491
2014-01-24,0.8995794653892517
2014-01-28,0.892082929611206
2014-01-29,0.8845863938331604
2014-01-30,0.8770900368690491
2014-01-31,0.8770900368690491
2014-02-03,0.8695934414863586
2014-02-04,0.8620970249176025
2014-02-05,0.8208664059638977
2014-02-06,0.8321108818054199
2014-02-07,0.8546004891395569
2014-02-10,0.8695934414863586
2014-02-11,0.8433558344841003
2014-02-12,0.8583487272262573
2014-02-13,0.8658453226089478
2014-02-14,0.8620970249176025
2014-02-17,0.8620970249176025
2014-02-18,0.8508521914482117
2014-02-19,0.8583487272262573
2014-02-20,0.892082929611206
2014-02-21,0.8695934414863586
2014-02-24,0.8695934414863586
2014-02-25,0.8695934414863586
2014-02-26,0.8658453226089478
2014-02-27,0.8620970249176025
2014-02-28,0.8733417987823486
2014-03-03,0.8808380961418152
2014-03-04,0.8846680521965027
2014-03-05,0.8923274874687195
2014-03-06,0.8884976506233215
2014-03-07,0.8808382749557495
2014-03-10,0.8961572051048279
2014-03-11,0.8961572051048279
2014-03-12,0.8961572051048279
2014-03-13,0.9038165211677551
2014-03-14,0.8846680521965027
2014-03-17,0.8616896271705627
2014-03-18,0.8578598499298096
2014-03-19,0.86934894323349
2014-03-20,0.8808382749557495
2014-03-21,0.8808382749557495
2014-03-24,0.8884976506233215
2014-03-25,0.8770084381103516
2014-03-26,0.8808382749557495
2014-03-27,0.8770084381103516
2014-03-28,0.8808382749557495
2014-03-31,0.8655193448066711
2014-04-01,0.8731787204742432
2014-04-02,0.8578598499298096
2014-04-03,0.8502002954483032
2014-04-04,0.8540301322937012
2014-04-07,0.8502002954483032
2014-04-08,0.819562554359436
2014-04-09,0.8425409197807312
2014-04-10,0.819562554359436
2014-04-11,0.8042436242103577
2014-04-14,0.8004138469696045
2014-04-15,0.819562554359436
2014-04-16,0.8157328963279724
2014-04-17,0.819562554359436
2014-04-22,0.7927544116973877
2014-04-23,0.819562554359436
2014-04-24,0.8119030594825745
2014-04-28,0.8119030594825745
2014-04-29,0.7965841889381409
2014-04-30,0.819562554359436
2014-05-01,0.8042436242103577
2014-05-02,0.8042436242103577
2014-05-05,0.8042436242103577
2014-05-06,0.8042436242103577
2014-05-07,0.8004138469696045
2014-05-08,0.8004138469696045
2014-05-09,0.8119030594825745
2014-05-12,0.7889245748519897
2014-05-13,0.7965841889381409
2014-05-14,0.7965841889381409
2014-05-15,0.8119030594825745
2014-05-16,0.8157328963279724
2014-05-19,0.8157328963279724
2014-05-20,0.8425409197807312
2014-05-21,0.8425409197807312
2014-05-22,0.8348815441131592
2014-05-23,0.8042436242103577
2014-05-26,0.8042436242103577
2014-05-27,0.7965841889381409
2014-05-28,0.7965841889381409
2014-05-29,0.8080733418464661
2014-05-30,0.8042436242103577
2014-06-02,0.8080733418464661
2014-06-03,0.8080733418464661
2014-06-04,0.8080733418464661
2014-06-05,0.8119030594825745
2014-06-06,0.7965841889381409
2014-06-10,0.7927544116973877
2014-06-11,0.7965841889381409
2014-06-12,0.8042436242103577
2014-06-13,0.7889245748519897
2014-06-16,0.8004138469696045
2014-06-17,0.8004138469696045
2014-06-18,0.7659462690353394
2014-06-19,0.7774354219436646
2014-06-20,0.7582867741584778
2014-06-23,0.7506273984909058
2014-06-24,0.7812653183937073
2014-06-25,0.7659462690353394
2014-06-26,0.7659462690353394
2014-06-27,0.7659462690353394
2014-06-30,0.762116551399231
2014-07-01,0.7850950360298157
2014-07-02,0.7736057639122009
2014-07-03,0.7774354219436646
2014-07-04,0.7659462690353394
2014-07-07,0.7889245748519897
2014-07-08,0.7889245748519897
2014-07-09,0.7889245748519897
2014-07-10,0.7889245748519897
2014-07-11,0.8080733418464661
2014-07-14,0.8348815441131592
2014-07-15,0.86934894323349
2014-07-16,0.8578598499298096
2014-07-17,0.8923274874687195
2014-07-18,0.8808382749557495
2014-07-21,0.8846680521965027
2014-07-22,0.8731787204742432
2014-07-23,0.8731787204742432
2014-07-24,0.8770084381103516
2014-07-25,0.8655193448066711
2014-07-28,0.8770084381103516
2014-07-29,0.8770084381103516
2014-07-30,0.8616896271705627
2014-07-31,0.86934894323349
2014-08-01,0.8961572051048279
2014-08-04,0.919135570526123
2014-08-05,0.919135570526123
2014-08-06,0.9306247234344482
2014-08-07,0.7659462690353394
2014-08-08,0.8042436242103577
2014-08-11,0.7774354219436646
2014-08-12,0.8080733418464661
2014-08-13,0.7850950360298157
2014-08-14,0.8042436242103577
2014-08-15,0.7965841889381409
2014-08-18,0.7889245748519897
2014-08-19,0.7850950360298157
2014-08-20,0.7889245748519897
2014-08-21,0.7736057639122009
2014-08-22,0.7812653183937073
2014-08-25,0.7659462690353394
2014-08-26,0.7738020420074463
2014-08-27,0.7620183229446411
2014-08-28,0.7659462690353394
2014-08-29,0.7502344250679016
2014-09-01,0.7463065981864929
2014-09-02,0.7620183229446411
2014-09-03,0.7463065981864929
2014-09-04,0.7738020420074463
2014-09-05,0.7620183229446411
2014-09-08,0.7777300477027893
2014-09-09,0.7620183229446411
2014-09-10,0.7463065981864929
2014-09-11,0.726667046546936
2014-09-12,0.7855859398841858
2014-09-15,0.7855859398841858
2014-09-16,0.7659462690353394
2014-09-17,0.7659462690353394
2014-09-18,0.7698742151260376
2014-09-19,0.7620183229446411
2014-09-22,0.7659462690353394
2014-09-23,0.7698742151260376
2014-09-24,0.7698742151260376
2014-09-25,0.7934417724609375
2014-09-26,0.7934417724609375
2014-09-29,0.7855859398841858
2014-09-30,0.7855859398841858
2014-10-01,0.7777300477027893
2014-10-02,0.7855859398841858
2014-10-03,0.7777300477027893
2014-10-06,0.7934417724609375
2014-10-07,0.7855859398841858
2014-10-08,0.7855859398841858
2014-10-09,0.7816580533981323
2014-10-10,0.7738020420074463
2014-10-13,0.7738020420074463
2014-10-14,0.7738020420074463
2014-10-15,0.7659462690353394
2014-10-16,0.7541624903678894
2014-10-17,0.7738020420074463
2014-10-20,0.7541624903678894
2014-10-21,0.7384507656097412
2014-10-22,0.7384507656097412
2014-10-23,0.7659462690353394
2014-10-24,0.7384507656097412
2014-10-27,0.734522819519043
2014-10-28,0.7423787713050842
2014-10-29,0.7541624903678894
2014-10-30,0.7541624903678894
2014-10-31,0.7698742151260376
2014-11-03,0.7659462690353394
2014-11-04,0.7659462690353394
2014-11-05,0.7620183229446411
2014-11-06,0.7620183229446411
2014-11-07,0.7698742151260376
2014-11-10,0.7620183229446411
2014-11-11,0.7698742151260376
2014-11-12,0.7580904364585876
2014-11-13,0.7541624903678894
2014-11-14,0.7541624903678894
2014-11-17,0.7463065981864929
2014-11-18,0.7463065981864929
2014-11-19,0.7463065981864929
2014-11-20,0.7502344250679016
2014-11-21,0.7423787713050842
2014-11-24,0.7384507656097412
2014-11-25,0.7305949330329895
2014-11-26,0.7698742151260376
2014-11-27,0.7698742151260376
2014-11-28,0.7659462690353394
2014-12-01,0.7463065981864929
2014-12-02,0.7659462690353394
2014-12-03,0.7541624903678894
2014-12-04,0.7541624903678894
2014-12-05,0.7620183229446411
2014-12-08,0.7620183229446411
2014-12-09,0.7620183229446411
2014-12-10,0.7502344250679016
2014-12-11,0.7384507656097412
2014-12-12,0.7423787713050842
2014-12-15,0.7384507656097412
2014-12-16,0.7384507656097412
2014-12-17,0.7384507656097412
2014-12-18,0.7384507656097412
2014-12-19,0.7384507656097412
2014-12-22,0.7305949330329895
2014-12-23,0.7305949330329895
2014-12-24,0.7305949330329895
2014-12-29,0.7463065981864929
2014-12-30,0.7384507656097412
2014-12-31,0.7384507656097412
2015-01-02,0.7384507656097412
2015-01-05,0.7305949330329895
2015-01-06,0.7305949330329895
2015-01-07,0.7305949330329895
2015-01-08,1.0134057998657227
2015-01-09,0.9976942539215088
2015-01-12,0.9937663674354553
2015-01-13,0.9898383021354675
2015-01-14,0.9937663674354553
2015-01-15,0.9937663674354553
2015-01-16,1.0016223192214966
2015-01-19,1.044829249382019
2015-01-20,1.0409013032913208
2015-01-21,0.9976942539215088
2015-01-22,0.9937663674354553
2015-01-23,0.9976942539215088
2015-01-27,0.9937663674354553
2015-01-28,0.9976942539215088
2015-01-29,1.0134057998657227
2015-01-30,1.0212618112564087
2015-02-02,1.036973476409912
2015-02-03,1.044829249382019
2015-02-04,1.0880364179611206
2015-02-05,1.0841087102890015
2015-02-06,1.0801805257797241
2015-02-09,1.0998203754425049
2015-02-10,1.076252818107605
2015-02-11,1.0841087102890015
2015-02-12,1.095892310142517
2015-02-13,1.0998203754425049
2015-02-16,1.0998203754425049
2015-02-17,1.0998203754425049
2015-02-18,1.1194599866867065
2015-02-19,1.1076759099960327
2015-02-20,1.1744509935379028
2015-02-23,1.1705230474472046
2015-02-24,1.201946496963501
2015-02-25,1.2726491689682007
2015-02-26,1.2726491689682007
2015-02-27,1.2490817308425903
2015-03-02,1.3747750520706177
2015-03-03,1.3276402950286865
2015-03-04,1.311928629875183
2015-03-05,1.3600728511810303
2015-03-06,1.3560608625411987
2015-03-09,1.3319885730743408
2015-03-10,1.3319885730743408
2015-03-11,1.3560608625411987
2015-03-12,1.3640846014022827
2015-03-13,1.380132794380188
2015-03-16,1.4042047262191772
2015-03-17,1.4683971405029297
2015-03-18,1.4042047262191772
2015-03-19,1.3721085786819458
2015-03-20,1.4042047262191772
2015-03-23,1.424264907836914
2015-03-24,1.428276777267456
2015-03-25,1.4443247318267822
2015-03-26,1.4001927375793457
2015-03-27,1.428276777267456
2015-03-30,1.460373044013977
2015-03-31,1.5325891971588135
2015-04-01,1.528577208518982
2015-04-02,1.5606733560562134
2015-04-07,1.5887576341629028
2015-04-08,1.5807335376739502
2015-04-09,1.564685344696045
2015-04-10,1.5847454071044922
2015-04-13,1.5566612482070923
2015-04-14,1.564685344696045
2015-04-15,1.5325891971588135
2015-04-16,1.4363008737564087
2015-04-17,1.4322888851165771
2015-04-20,1.3961806297302246
2015-04-21,1.4122288227081299
2015-04-22,1.428276777267456
2015-04-23,1.3961806297302246
2015-04-24,1.38414466381073
2015-04-27,1.3640846014022827
2015-04-28,1.38414466381073
2015-04-29,1.315940499305725
2015-04-30,1.2918684482574463
2015-05-01,1.3319885730743408
2015-05-04,1.380132794380188
2015-05-05,1.4322888851165771
2015-05-06,1.4162406921386719
2015-05-07,1.408216953277588
2015-05-08,1.4443247318267822
2015-05-11,1.5165411233901978
2015-05-12,1.4683971405029297
2015-05-13,1.456360936164856
2015-05-14,1.380132794380188
2015-05-15,1.424264907836914
2015-05-18,1.4683971405029297
2015-05-19,1.4001927375793457
2015-05-20,1.4322888851165771
2015-05-21,1.4042047262191772
2015-05-22,1.4001927375793457
2015-05-25,1.3961806297302246
2015-05-26,1.3921687602996826
2015-05-27,1.4162406921386719
2015-05-28,1.4162406921386719
2015-05-29,1.428276777267456
2015-06-01,1.424264907836914
2015-06-02,1.4042047262191772
2015-06-03,1.4042047262191772
2015-06-04,1.3680965900421143
2015-06-05,1.3961806297302246
2015-06-09,1.4042047262191772
2015-06-10,1.4042047262191772
2015-06-11,1.4122288227081299
2015-06-12,1.3640846014022827
2015-06-15,1.3761205673217773
2015-06-16,1.3721085786819458
2015-06-17,1.3721085786819458
2015-06-18,1.3640846014022827
2015-06-19,1.3640846014022827
2015-06-22,1.3961806297302246
2015-06-23,1.3721085786819458
2015-06-24,1.380132794380188
2015-06-25,1.3640846014022827
2015-06-26,1.3961806297302246
2015-06-29,1.3640846014022827
2015-06-30,1.3560608625411987
2015-07-01,1.315940499305725
2015-07-02,1.3600728511810303
2015-07-03,1.3440245389938354
2015-07-06,1.3239644765853882
2015-07-07,1.3079164028167725
2015-07-08,1.3039045333862305
2015-07-09,1.267796277999878
2015-07-10,1.4363008737564087
2015-07-13,1.4844449758529663
2015-07-14,1.5125291347503662
2015-07-15,1.5004931688308716
2015-07-16,1.5085171461105347
2015-07-17,1.5566612482070923
2015-07-20,1.6128294467926025
2015-07-21,1.6770217418670654
2015-07-22,1.7010936737060547
2015-07-23,1.652949571609497
2015-07-24,1.6609735488891602
2015-07-27,1.7652857303619385
2015-07-28,1.7492378950119019
2015-07-29,1.7733100652694702
2015-07-30,1.7733100652694702
2015-07-31,1.789358139038086
2015-08-03,1.877622365951538
2015-08-04,1.9177426099777222
2015-08-05,1.8856462240219116
2015-08-06,1.7973822355270386
2015-08-07,1.7171419858932495
2015-08-10,1.7652857303619385
2015-08-11,1.7652857303619385
2015-08-12,1.7091177701950073
2015-08-13,1.636901617050171
2015-08-14,1.7171419858932495
2015-08-17,1.7331898212432861
2015-08-18,1.7171419858932495
2015-08-19,1.6930696964263916
2015-08-20,1.7652857303619385
2015-08-21,1.685045838356018
2015-08-24,1.6128294467926025
2015-08-25,1.6930696964263916
2015-08-26,1.7492378950119019
2015-08-27,1.789358139038086
2015-08-28,1.829478144645691
2015-08-31,1.7733100652694702
2015-09-01,1.829478144645691
2015-09-02,1.789358139038086
2015-09-03,1.7566756010055542
2015-09-04,1.7158229351043701
2015-09-07,1.7566756010055542
2015-09-08,1.7648462057113647
2015-09-09,1.9854520559310913
2015-09-10,2.001793384552002
2015-09-11,2.0426464080810547
2015-09-14,2.0589873790740967
2015-09-15,2.0834991931915283
2015-09-16,2.124351739883423
2015-09-17,2.140693426132202
2015-09-18,2.2223994731903076
2015-09-21,2.2387404441833496
2015-09-22,2.2714226245880127
2015-09-23,2.2223994731903076
2015-09-24,2.2387404441833496
2015-09-25,2.2060577869415283
2015-09-28,2.246910810470581
2015-09-29,2.2550814151763916
2015-09-30,2.23056960105896
2015-10-01,2.246910810470581
2015-10-02,2.1652050018310547
2015-10-05,2.246910810470581
2015-10-06,2.2387404441833496
2015-10-07,2.0834991931915283
2015-10-08,2.1652050018310547
2015-10-09,2.157034397125244
2015-10-12,2.0834991931915283
2015-10-13,2.091669797897339
2015-10-14,2.0753285884857178
2015-10-15,2.0263049602508545
2015-10-16,1.8302111625671387
2015-10-19,1.9364286661148071
2015-10-20,1.9445992708206177
2015-10-21,1.9200873374938965
2015-10-22,1.8792345523834229
2015-10-23,1.9609407186508179
2015-10-26,2.1652050018310547
2015-10-27,2.0508170127868652
2015-10-28,2.124351739883423
2015-10-29,2.0671579837799072
2015-10-30,2.0426464080810547
2015-11-02,2.034475326538086
2015-11-03,1.993622899055481
2015-11-04,1.9527698755264282
2015-11-05,1.9691112041473389
2015-11-06,1.9119168519973755
2015-11-09,1.9364286661148071
2015-11-10,1.9527698755264282
2015-11-11,1.8710639476776123
2015-11-12,1.8710639476776123
2015-11-13,1.8628933429718018
2015-11-16,1.7975283861160278
2015-11-17,1.7975283861160278
2015-11-18,1.8792345523834229
2015-11-19,1.8547228574752808
2015-11-20,1.8628933429718018
2015-11-23,1.7566756010055542
2015-11-24,1.7811875343322754
2015-11-25,1.7648462057113647
2015-11-26,1.7158229351043701
2015-11-27,1.7321640253067017
2015-11-30,1.6667993068695068
2015-12-01,1.7403346300125122
2015-12-02,1.7648462057113647
2015-12-03,1.7403346300125122
2015-12-04,1.7403346300125122
2015-12-07,1.7566756010055542
2015-12-08,1.7648462057113647
2015-12-09,1.7485053539276123
2015-12-10,1.6749697923660278
2015-12-11,1.70765221118927
2015-12-14,1.7158229351043701
2015-12-15,1.6913111209869385
2015-12-16,1.70765221118927
2015-12-17,1.699481725692749
2015-12-18,1.6667993068695068
2015-12-21,1.6913111209869385
2015-12-22,1.6749697923660278
2015-12-23,1.7321640253067017
2015-12-24,1.7239933013916016
2015-12-28,1.7239933013916016
2015-12-29,1.70765221118927
2015-12-30,1.70765221118927
2015-12-31,1.7811875343322754
2016-01-04,1.7566756010055542
2016-01-05,1.7730170488357544
2016-01-06,1.7648462057113647
2016-01-07,1.7975283861160278
2016-01-08,1.7648462057113647
2016-01-11,1.789358139038086
2016-01-12,1.7403346300125122
2016-01-13,1.6586288213729858
2016-01-14,1.6667993068695068
2016-01-15,1.7485053539276123
2016-01-18,1.699481725692749
2016-01-19,1.7239933013916016
2016-01-20,1.6913111209869385
2016-01-21,1.70765221118927
2016-01-22,1.7403346300125122
2016-01-25,1.7158229351043701
2016-01-27,1.7403346300125122
2016-01-28,1.70765221118927
2016-01-29,1.7566756010055542
2016-02-01,1.70765221118927
2016-02-02,1.7485053539276123
2016-02-03,1.7403346300125122
2016-02-04,1.7239933013916016
2016-02-05,1.699481725692749
2016-02-08,1.6667993068695068
2016-02-09,1.6014348268508911
2016-02-10,1.5605818033218384
2016-02-11,1.5932642221450806
2016-02-12,1.576923131942749
2016-02-15,1.5360699892044067
2016-02-16,1.5605818033218384
2016-02-17,1.5932642221450806
2016-02-18,1.568752408027649
2016-02-19,1.4707051515579224
2016-02-22,1.5646668672561646
2016-02-23,1.683140516281128
2016-02-24,1.683140516281128
2016-02-25,1.6913111209869385
2016-02-26,1.683140516281128
2016-02-29,1.6913111209869385
2016-03-01,1.6749697923660278
2016-03-02,1.6504584550857544
2016-03-03,1.6504584550857544
2016-03-04,1.6504584550857544
2016-03-07,1.6422876119613647
2016-03-08,1.5966684818267822
2016-03-09,1.5593438148498535
2016-03-10,1.6091101169586182
2016-03-11,1.5593438148498535
2016-03-14,1.6091101169586182
2016-03-15,1.5842269659042358
2016-03-16,1.5966684818267822
2016-03-17,1.5676381587982178
2016-03-18,1.5676381587982178
2016-03-21,1.617404580116272
2016-03-22,1.6339932680130005
2016-03-23,1.617404580116272
2016-03-24,1.604962944984436
2016-03-29,1.5925213098526
2016-03-30,1.5634909868240356
2016-03-31,1.5800796747207642
2016-04-01,1.5759326219558716
2016-04-04,1.617404580116272
2016-04-05,1.604962944984436
2016-04-06,1.6339932680130005
2016-04-07,1.6588764190673828
2016-04-08,1.7335257530212402
2016-04-11,1.8081752061843872
2016-04-12,1.8579416275024414
2016-04-13,1.7832918167114258
2016-04-14,1.8247636556625366
2016-04-15,1.8413527011871338
2016-04-18,1.849647045135498
2016-04-19,1.8662359714508057
2016-04-20,1.9077078104019165
2016-04-21,1.9077078104019165
2016-04-22,1.8828246593475342
2016-04-26,1.8911190032958984
2016-04-27,1.8952661752700806
2016-04-28,1.849647045135498
2016-04-29,1.8164695501327515
2016-05-02,1.7832918167114258
2016-05-03,1.741820216178894
2016-05-04,1.7169370651245117
2016-05-05,1.725231409072876
2016-05-06,1.7832918167114258
2016-05-09,1.725231409072876
2016-05-10,1.7335257530212402
2016-05-11,1.7915862798690796
2016-05-12,1.7915862798690796
2016-05-13,1.7915862798690796
2016-05-16,1.7915862798690796
2016-05-17,1.7749978303909302
2016-05-18,1.7584089040756226
2016-05-19,1.6920537948608398
2016-05-20,1.708642601966858
2016-05-23,1.700348138809204
2016-05-24,1.700348138809204
2016-05-25,1.7335257530212402
2016-05-26,1.741820216178894
2016-05-27,1.7335257530212402
2016-05-30,1.6754653453826904
2016-05-31,1.667170763015747
2016-06-01,1.667170763015747
2016-06-02,1.6754653453826904
2016-06-03,1.6422877311706543
2016-06-06,1.6754653453826904
2016-06-07,1.6754653453826904
2016-06-08,1.700348138809204
2016-06-09,1.8081752061843872
2016-06-10,1.799880862236023
2016-06-14,1.741820216178894
2016-06-15,1.700348138809204
2016-06-16,1.7667033672332764
2016-06-17,1.8081752061843872
2016-06-20,1.8828246593475342
2016-06-21,1.8745301961898804
2016-06-22,1.8579416275024414
2016-06-23,1.9077078104019165
2016-06-24,1.8413527011871338
2016-06-27,1.8081752061843872
2016-06-28,1.8745301961898804
2016-06-29,1.8247636556625366
2016-06-30,1.8662359714508057
2016-07-01,1.9077078104019165
2016-07-04,1.8330583572387695
2016-07-05,1.8828246593475342
2016-07-06,1.8911190032958984
2016-07-07,1.8247636556625366
2016-07-08,1.799880862236023
2016-07-11,1.8330583572387695
2016-07-12,1.924296498298645
2016-07-13,1.8247636556625366
2016-07-14,1.849647045135498
2016-07-15,1.8247636556625366
2016-07-18,1.799880862236023
2016-07-19,1.700348138809204
2016-07-20,1.741820216178894
2016-07-21,1.849647045135498
2016-07-22,1.8662359714508057
2016-07-25,1.8662359714508057
2016-07-26,1.8247636556625366
2016-07-27,1.7915862798690796
2016-07-28,1.8828246593475342
2016-07-29,1.8662359714508057
2016-08-01,1.8662359714508057
2016-08-02,1.8330583572387695
2016-08-03,1.8247636556625366
2016-08-04,1.8247636556625366
2016-08-05,1.8579416275024414
2016-08-08,1.8994133472442627
2016-08-09,1.9740629196166992
2016-08-10,2.023829221725464
2016-08-11,1.9657684564590454
2016-08-12,1.8828246593475342
2016-08-15,1.9740629196166992
2016-08-16,1.940885305404663
2016-08-17,1.9740629196166992
2016-08-18,1.957473635673523
2016-08-19,1.940885305404663
2016-08-22,1.8662359714508057
2016-08-23,1.9491795301437378
2016-08-24,1.957473635673523
2016-08-25,1.957473635673523
2016-08-26,1.9906519651412964
2016-08-29,1.9740629196166992
2016-08-30,2.065300703048706
2016-08-31,1.9823572635650635
2016-09-01,1.9906519651412964
2016-09-02,1.957473635673523
2016-09-05,1.9740629196166992
2016-09-06,1.957473635673523
2016-09-07,1.957473635673523
2016-09-08,1.957473635673523
2016-09-09,1.9111683368682861
2016-09-12,1.9111683368682861
2016-09-13,1.9111683368682861
2016-09-14,1.8943300247192383
2016-09-15,1.9111683368682861
2016-09-16,2.0206186771392822
2016-09-19,2.0206186771392822
2016-09-20,1.94484543800354
2016-09-21,1.9364261627197266
2016-09-22,1.961683750152588
2016-09-23,1.9532644748687744
2016-09-26,1.9364261627197266
2016-09-27,1.94484543800354
2016-09-28,1.961683750152588
2016-09-29,1.94484543800354
2016-09-30,1.9364261627197266
2016-10-03,1.9532644748687744
2016-10-04,1.9785218238830566
2016-10-05,1.9532644748687744
2016-10-06,1.9364261627197266
2016-10-07,1.9364261627197266
2016-10-10,1.9364261627197266
2016-10-11,1.9364261627197266
2016-10-12,1.94484543800354
2016-10-13,1.94484543800354
2016-10-14,1.94484543800354
2016-10-17,1.961683750152588
2016-10-18,1.9364261627197266
2016-10-19,1.94484543800354
2016-10-20,1.961683750152588
2016-10-21,1.9785218238830566
2016-10-24,1.9532644748687744
2016-10-25,1.961683750152588
2016-10-26,1.9532644748687744
2016-10-27,1.9532644748687744
2016-10-28,1.9364261627197266
2016-10-31,1.94484543800354
2016-11-01,1.94484543800354
2016-11-02,1.8943300247192383
2016-11-03,1.9111683368682861
2016-11-04,1.9111683368682861
2016-11-07,1.9027490615844727
2016-11-08,1.9195873737335205
2016-11-09,1.8017182350158691
2016-11-10,1.8774911165237427
2016-11-11,1.8774911165237427
2016-11-14,1.9027490615844727
2016-11-15,1.8353949785232544
2016-11-16,1.8522332906723022
2016-11-17,1.82697594165802
2016-11-18,1.8353949785232544
2016-11-21,1.8353949785232544
2016-11-22,1.8943300247192383
2016-11-23,1.8606528043746948
2016-11-24,1.8185564279556274
2016-11-25,1.8353949785232544
2016-11-28,1.9785218238830566
2016-11-29,1.9953607320785522
2016-11-30,2.0206186771392822
2016-12-01,2.0795531272888184
2016-12-02,2.096391439437866
2016-12-05,2.096391439437866
2016-12-06,2.214261054992676
2016-12-07,2.146907091140747
2016-12-08,2.1890032291412354
2016-12-09,2.214261054992676
2016-12-12,2.3573882579803467
2016-12-13,2.2310993671417236
2016-12-14,2.3152918815612793
2016-12-15,2.2226803302764893
2016-12-16,2.2647762298583984
2016-12-19,2.3237111568450928
2016-12-20,2.365807294845581
2016-12-21,2.306872844696045
2016-12-22,2.306872844696045
2016-12-23,2.2984533309936523
2016-12-28,2.3573882579803467
2016-12-29,2.3573882579803467
2016-12-30,2.3573882579803467
2017-01-03,2.3237111568450928
2017-01-04,2.3237111568450928
2017-01-05,2.306872844696045
2017-01-06,2.2479379177093506
2017-01-09,2.2647762298583984
2017-01-10,2.256357192993164
2017-01-11,2.273195743560791
2017-01-12,2.273195743560791
2017-01-13,2.256357192993164
2017-01-16,2.273195743560791
2017-01-17,2.2816150188446045
2017-01-18,2.4668383598327637
2017-01-19,2.45841908454895
2017-01-20,2.4836771488189697
2017-01-23,2.3910651206970215
2017-01-24,2.433161497116089
2017-01-25,2.4415807723999023
2017-01-27,2.45841908454895
2017-01-30,2.4668383598327637
2017-01-31,2.5510306358337402
2017-02-01,2.525773048400879
2017-02-02,2.450000286102295
2017-02-03,2.5426113605499268
2017-02-06,2.4668383598327637
2017-02-07,2.4836771488189697
2017-02-08,2.399484157562256
2017-02-09,2.3910651206970215
2017-02-10,2.450000286102295
2017-02-13,2.450000286102295
2017-02-14,2.416322946548462
2017-02-15,2.3742263317108154
2017-02-16,2.3742263317108154
2017-02-17,2.273195743560791
2017-02-20,2.3321304321289062
2017-02-21,2.3321304321289062
2017-02-22,2.3321304321289062
2017-02-23,2.290034532546997
2017-02-24,2.214261054992676
2017-02-27,2.3152918815612793
2017-02-28,2.365807294845581
2017-03-01,2.2984533309936523
2017-03-02,2.3321304321289062
2017-03-03,2.3321304321289062
2017-03-06,2.290034532546997
2017-03-07,2.255981683731079
2017-03-08,2.2815208435058594
2017-03-09,2.255981683731079
2017-03-10,2.238955497741699
2017-03-13,2.238955497741699
2017-03-14,2.238955497741699
2017-03-15,2.2815208435058594
2017-03-16,2.307060718536377
2017-03-17,2.2985475063323975
2017-03-20,2.2815208435058594
2017-03-21,2.2985475063323975
2017-03-22,2.3921916484832764
2017-03-23,2.366652250289917
2017-03-24,2.4007046222686768
2017-03-27,2.5028629302978516
2017-03-28,2.4177310466766357
2017-03-29,2.383678674697876
2017-03-30,2.434757709503174
2017-03-31,2.4092180728912354
2017-04-03,2.4688100814819336
2017-04-04,2.4858365058898926
2017-04-05,2.4688100814819336
2017-04-06,2.434757709503174
2017-04-07,2.434757709503174
2017-04-10,2.460297107696533
2017-04-11,2.451784133911133
2017-04-12,2.5539417266845703
2017-04-13,2.5794808864593506
2017-04-18,2.605020523071289
2017-04-19,2.5624544620513916
2017-04-20,2.5624544620513916
2017-04-21,2.5965075492858887
2017-04-24,2.545428514480591
2017-04-26,2.5539417266845703
2017-04-27,2.545428514480591
2017-04-28,2.5539417266845703
2017-05-01,2.4688100814819336
2017-05-02,2.528402090072632
2017-05-03,2.511375904083252
2017-05-04,2.460297107696533
2017-05-05,2.434757709503174
2017-05-08,2.451784133911133
2017-05-09,2.451784133911133
2017-05-10,2.4858365058898926
2017-05-11,2.4688100814819336
2017-05-12,2.5369153022766113
2017-05-15,2.5369153022766113
2017-05-16,2.545428514480591
2017-05-17,2.494349479675293
2017-05-18,2.528402090072632
2017-05-19,2.511375904083252
2017-05-22,2.494349479675293
2017-05-23,2.5198888778686523
2017-05-24,2.511375904083252
2017-05-25,2.511375904083252
2017-05-26,2.511375904083252
2017-05-29,2.494349479675293
2017-05-30,2.477323532104492
2017-05-31,2.494349479675293
2017-06-01,2.511375904083252
2017-06-02,2.511375904083252
2017-06-05,2.511375904083252
2017-06-06,2.477323532104492
2017-06-07,2.451784133911133
2017-06-08,2.5028629302978516
2017-06-09,2.477323532104492
2017-06-13,2.494349479675293
2017-06-14,2.494349479675293
2017-06-15,2.477323532104492
2017-06-16,2.4688100814819336
2017-06-19,2.4858365058898926
2017-06-20,2.605020523071289
2017-06-21,2.605020523071289
2017-06-22,2.605020523071289
2017-06-23,2.6305596828460693
2017-06-26,2.6731252670288086
2017-06-27,2.732717514038086
2017-06-28,2.7752833366394043
2017-06-29,2.7582569122314453
2017-06-30,2.7412307262420654
2017-07-03,2.749743938446045
2017-07-04,2.7412307262420654
2017-07-05,2.749743938446045
2017-07-06,2.749743938446045
2017-07-07,2.8519015312194824
2017-07-10,2.8859541416168213
2017-07-11,2.8859541416168213
2017-07-12,2.8604142665863037
2017-07-13,2.8519015312194824
2017-07-14,2.920006513595581
2017-07-17,2.9114933013916016
2017-07-18,2.8604142665863037
2017-07-19,2.9795982837677
2017-07-20,2.9625720977783203
2017-07-21,2.8689279556274414
2017-07-24,2.8008227348327637
2017-07-25,2.809335470199585
2017-07-26,2.7752833366394043
2017-07-27,2.8519015312194824
2017-07-28,2.8604142665863037
2017-07-31,2.8519015312194824
2017-08-01,2.7752833366394043
2017-08-02,2.792309522628784
2017-08-03,2.8348751068115234
2017-08-04,2.8178489208221436
2017-08-07,2.809335470199585
2017-08-08,2.877441167831421
2017-08-09,2.792309522628784
2017-08-10,2.681638717651367
2017-08-11,2.5794808864593506
2017-08-14,2.681638717651367
2017-08-15,2.7837963104248047
2017-08-16,2.766770124435425
2017-08-17,2.8008227348327637
2017-08-18,2.8178489208221436
2017-08-21,2.8689279556274414
2017-08-22,2.9285199642181396
2017-08-23,2.9114933013916016
2017-08-24,2.8348751068115234
2017-08-25,2.9625720977783203
2017-08-28,2.902980327606201
2017-08-29,2.9795982837677
2017-08-30,2.8859541416168213
2017-08-31,2.809335470199585
2017-09-01,2.9082863330841064
2017-09-04,2.8050334453582764
2017-09-05,2.8222427368164062
2017-09-06,2.641550064086914
2017-09-07,2.79642915725708
2017-09-08,2.770615816116333
2017-09-11,2.8308465480804443
2017-09-12,2.8308465480804443
2017-09-13,2.8308465480804443
2017-09-14,2.8222427368164062
2017-09-15,2.8394508361816406
2017-09-18,2.8222427368164062
2017-09-19,2.873868703842163
2017-09-20,2.9427037239074707
2017-09-21,2.9943299293518066
2017-09-22,2.9857261180877686
2017-09-25,2.9857261180877686
2017-09-26,2.8824729919433594
2017-09-27,2.8910775184631348
2017-09-28,3.054560899734497
2017-09-29,2.968517303466797
2017-10-02,3.028747797012329
2017-10-03,3.002934455871582
2017-10-04,2.916891098022461
2017-10-05,2.9857261180877686
2017-10-06,3.0889782905578613
2017-10-09,3.054560899734497
2017-10-10,3.0975828170776367
2017-10-11,3.0717697143554688
2017-10-12,3.1922311782836914
2017-10-13,3.200835704803467
2017-10-16,3.2180445194244385
2017-10-17,3.2524619102478027
2017-10-18,3.2180445194244385
2017-10-19,3.2868800163269043
2017-10-20,3.3040883541107178
2017-10-23,3.2696709632873535
2017-10-24,3.2610666751861572
2017-10-25,3.2524619102478027
2017-10-26,3.2696709632873535
2017-10-27,3.2438578605651855
2017-10-30,3.2438578605651855
2017-10-31,3.3040883541107178
2017-11-01,3.3212971687316895
2017-11-02,3.312692880630493
2017-11-03,3.3729233741760254
2017-11-06,3.3643195629119873
2017-11-07,3.3901326656341553
2017-11-08,3.4245502948760986
2017-11-09,3.5450117588043213
2017-11-10,3.4245502948760986
2017-11-13,3.433154821395874
2017-11-14,3.312692880630493
2017-11-15,3.3987371921539307
2017-11-16,3.4503633975982666
2017-11-17,3.2438578605651855
2017-11-20,3.3212971687316895
2017-11-21,3.3471105098724365
2017-11-22,3.2868800163269043
2017-11-23,3.2696709632873535
2017-11-24,3.183626890182495
2017-11-27,3.226649045944214
2017-11-28,3.2524619102478027
2017-11-29,3.329901933670044
2017-11-30,3.175023078918457
2017-12-01,3.175023078918457
2017-12-04,3.175023078918457
2017-12-05,3.2352538108825684
2017-12-06,3.183626890182495
2017-12-07,3.200835704803467
2017-12-08,3.1664183139801025
2017-12-11,3.123396158218384
2017-12-12,3.1664183139801025
2017-12-13,3.1406052112579346
2017-12-14,3.1406052112579346
2017-12-15,3.1406052112579346
2017-12-18,3.2352538108825684
2017-12-19,3.3471105098724365
2017-12-20,3.3901326656341553
2017-12-21,3.433154821395874
2017-12-22,3.433154821395874
2017-12-27,3.355715036392212
2017-12-28,3.4159457683563232
2017-12-29,3.355715036392212
2018-01-02,3.3643195629119873
2018-01-03,3.3987371921539307
2018-01-04,3.4245502948760986
2018-01-05,3.38152813911438
2018-01-08,3.3729233741760254
2018-01-09,3.3729233741760254
2018-01-10,3.3987371921539307
2018-01-11,3.4245502948760986
2018-01-12,3.3987371921539307
2018-01-15,3.433154821395874
2018-01-16,3.4245502948760986
2018-01-17,3.433154821395874
2018-01-18,3.4159457683563232
2018-01-19,3.3987371921539307
2018-01-22,3.433154821395874
2018-01-23,3.5191988945007324
2018-01-24,3.441758632659912
2018-01-25,3.2954840660095215
2018-01-29,3.3385064601898193
2018-01-30,3.2868800163269043
2018-01-31,3.2180445194244385
2018-02-01,3.2524619102478027
2018-02-02,3.2868800163269043
2018-02-05,3.157813787460327
2018-02-06,2.968517303466797
2018-02-07,3.0631654262542725
2018-02-08,3.200835704803467
2018-02-09,3.157813787460327
2018-02-12,3.2180445194244385
2018-02-13,3.200835704803467
2018-02-14,3.132000684738159
2018-02-15,3.2696709632873535
2018-02-16,3.183626890182495
2018-02-19,3.2438578605651855
2018-02-20,3.329901933670044
2018-02-21,3.27827525138855
2018-02-22,3.3471105098724365
2018-02-23,3.329901933670044
2018-02-26,3.441758632659912
2018-02-27,3.3463950157165527
2018-02-28,3.33772611618042
2018-03-01,3.363734483718872
2018-03-02,3.381072998046875
2018-03-05,3.3463950157165527
2018-03-06,3.389742374420166
2018-03-07,3.3290562629699707
2018-03-08,3.407081127166748
2018-03-09,3.4504282474517822
2018-03-12,3.4330894947052
2018-03-13,3.381072998046875
2018-03-14,3.4504282474517822
2018-03-15,3.415750741958618
2018-03-16,3.33772611618042
2018-03-19,3.415750741958618
2018-03-20,3.424420118331909
2018-03-21,3.407081127166748
2018-03-22,3.398411750793457
2018-03-23,3.355064630508423
2018-03-26,3.381072998046875
2018-03-27,3.407081127166748
2018-03-28,3.4330894947052
2018-03-29,3.372403621673584
2018-04-03,3.355064630508423
2018-04-04,3.33772611618042
2018-04-05,3.355064630508423
2018-04-06,3.372403621673584
2018-04-09,3.355064630508423
2018-04-10,3.33772611618042
2018-04-11,3.355064630508423
2018-04-12,3.3463950157165527
2018-04-13,3.3117177486419678
2018-04-16,3.3203868865966797
2018-04-17,3.2510318756103516
2018-04-18,3.2683703899383545
2018-04-19,3.372403621673584
2018-04-20,3.381072998046875
2018-04-23,3.363734483718872
2018-04-24,3.363734483718872
2018-04-26,3.3117177486419678
2018-04-27,3.33772611618042
2018-04-30,3.3290562629699707
2018-05-01,3.2857096195220947
2018-05-02,3.33772611618042
2018-05-03,3.381072998046875
2018-05-04,3.381072998046875
2018-05-07,3.372403621673584
2018-05-08,3.415750741958618
2018-05-09,3.381072998046875
2018-05-10,3.33772611618042
2018-05-11,3.3117177486419678
2018-05-14,3.2597014904022217
2018-05-15,3.3203868865966797
2018-05-16,3.33772611618042
2018-05-17,3.2943787574768066
2018-05-18,3.2943787574768066
2018-05-21,3.33772611618042
2018-05-22,3.2943787574768066
2018-05-23,3.3290562629699707
2018-05-24,3.2943787574768066
2018-05-25,3.2597014904022217
2018-05-28,3.2510318756103516
2018-05-29,3.155668258666992
2018-05-30,3.1816763877868652
2018-05-31,3.0342965126037598
2018-06-01,2.904254913330078
2018-06-04,2.7395362854003906
2018-06-05,2.9476025104522705
2018-06-06,3.0082881450653076
2018-06-07,2.8002216815948486
2018-06-08,2.6875195503234863
2018-06-12,2.6875195503234863
2018-06-13,2.782883644104004
2018-06-14,2.7655441761016846
2018-06-15,2.886916160583496
2018-06-18,2.782883644104004
2018-06-19,2.7135279178619385
2018-06-20,2.6961886882781982
2018-06-21,2.7482054233551025
2018-06-22,2.7308666706085205
2018-06-25,2.600825071334839
2018-06-26,2.635503053665161
2018-06-27,2.7135279178619385
2018-06-28,2.6875195503234863
2018-06-29,2.6961886882781982
2018-07-02,2.6875195503234863
2018-07-03,2.7395362854003906
2018-07-04,2.670180320739746
2018-07-05,2.670180320739746
2018-07-06,2.7048583030700684
2018-07-09,2.6615114212036133
2018-07-10,2.644172191619873
2018-07-11,2.6615114212036133
2018-07-12,2.618164300918579
2018-07-13,2.132676601409912
2018-07-16,2.124007225036621
2018-07-17,2.2193710803985596
2018-07-18,2.2280404567718506
2018-07-19,2.2107014656066895
2018-07-20,2.1846933364868164
2018-07-23,2.297395706176758
2018-07-24,2.297395706176758
2018-07-25,2.288726329803467
2018-07-26,2.288726329803467
2018-07-27,2.2540483474731445
2018-07-30,2.297395706176758
2018-07-31,2.2107014656066895
2018-08-01,2.2453792095184326
2018-08-02,2.2107014656066895
2018-08-03,2.375420331954956
2018-08-06,2.401428699493408
2018-08-07,2.314734697341919
2018-08-08,2.280056953430176
2018-08-09,2.288726329803467
2018-08-10,2.288726329803467
2018-08-13,2.32340407371521
2018-08-14,2.306065082550049
2018-08-15,2.332073450088501
2018-08-16,2.288726329803467
2018-08-17,2.280056953430176
2018-08-20,2.1846933364868164
2018-08-21,2.106668710708618
2018-08-22,2.115338087081909
2018-08-23,2.1413464546203613
2018-08-24,2.1760239601135254
2018-08-27,2.106668710708618
2018-08-28,2.071990966796875
2018-08-29,2.1413464546203613
2018-08-30,2.1673548221588135
2018-08-31,2.150015354156494
2018-09-03,2.2071733474731445
2018-09-04,2.1544125080108643
2018-09-05,2.110445022583008
2018-09-06,2.092857837677002
2018-09-07,2.0664772987365723
2018-09-10,2.0576837062835693
2018-09-11,2.084064245223999
2018-09-12,2.1280319690704346
2018-09-13,2.1544125080108643
2018-09-14,2.1544125080108643
2018-09-17,2.2863152027130127
2018-09-18,2.2247605323791504
2018-09-19,2.2071733474731445
2018-09-20,2.163205862045288
2018-09-21,2.2247605323791504
2018-09-24,2.268728017807007
2018-09-25,2.444598436355591
2018-09-26,2.409424066543579
2018-09-27,2.356663227081299
2018-09-28,2.4006309509277344
2018-10-01,2.347870111465454
2018-10-02,2.3830437660217285
2018-10-03,2.339076519012451
2018-10-04,2.339076519012451
2018-10-05,2.2951083183288574
2018-10-08,2.2951083183288574
2018-10-09,2.268728017807007
2018-10-10,2.259934425354004
2018-10-11,2.1368255615234375
2018-10-12,2.1456189155578613
2018-10-15,2.163205862045288
2018-10-16,2.1983799934387207
2018-10-17,2.3039021492004395
2018-10-18,2.242347478866577
2018-10-19,2.171999454498291
2018-10-22,2.1368255615234375
2018-10-23,2.101651430130005
2018-10-24,2.013715982437134
2018-10-25,1.899399995803833
2018-10-26,1.8906067609786987
2018-10-29,1.8554325103759766
2018-10-30,1.8466389179229736
2018-10-31,1.8642261028289795
2018-11-01,1.9785418510437012
2018-11-02,1.9785418510437012
2018-11-05,2.0225095748901367
2018-11-06,2.013715982437134
2018-11-07,2.0400967597961426
2018-11-08,2.0664772987365723
2018-11-09,2.0664772987365723
2018-11-12,2.013715982437134
2018-11-13,1.943367838859558
2018-11-14,1.996128797531128
2018-11-15,1.996128797531128
2018-11-16,2.084064245223999
2018-11-19,2.1544125080108643
2018-11-20,1.916987419128418
2018-11-21,1.7938779592514038
2018-11-22,1.8466389179229736
2018-11-23,1.741117000579834
2018-11-26,1.6619751453399658
2018-11-27,1.657578468322754
2018-11-28,1.6795622110366821
2018-11-29,1.6751655340194702
2018-11-30,1.6180076599121094
2018-12-03,1.6355947256088257
2018-12-04,1.556452989578247
2018-12-05,1.4729145765304565
2018-12-06,1.5388660430908203
2018-12-07,1.486104965209961
2018-12-10,1.4465340375900269
2018-12-11,1.4069629907608032
2018-12-12,1.4069629907608032
2018-12-13,1.512485384941101
2018-12-14,1.4992952346801758
2018-12-17,1.4465340375900269
2018-12-18,1.4421372413635254
2018-12-19,1.468517780303955
2018-12-20,1.4025663137435913
2018-12-21,1.3190280199050903
2018-12-24,1.5036920309066772
2018-12-27,1.5036920309066772
2018-12-28,1.4948985576629639
2018-12-31,1.5520563125610352
2019-01-02,1.5388660430908203
2019-01-03,1.5344692468643188
2019-01-04,1.4948985576629639
2019-01-07,1.486104965209961
2019-01-08,1.468517780303955
2019-01-09,1.4597240686416626
2019-01-10,2.00492262840271
2019-01-11,1.8906067609786987
2019-01-14,1.916987419128418
2019-01-15,1.943367838859558
2019-01-16,1.9257811307907104
2019-01-17,2.0225095748901367
2019-01-18,2.1895861625671387
2019-01-21,2.3302829265594482
2019-01-22,2.171999454498291
2019-01-23,2.1456189155578613
2019-01-24,2.1544125080108643
2019-01-25,2.1456189155578613
2019-01-29,2.084064245223999
2019-01-30,2.1280319690704346
2019-01-31,2.1456189155578613
2019-02-01,2.1280319690704346
2019-02-04,2.1983799934387207
2019-02-05,2.2159671783447266
2019-02-06,2.2863152027130127
2019-02-07,2.25114107131958
2019-02-08,2.1983799934387207
2019-02-11,2.1895861625671387
2019-02-12,2.1983799934387207
2019-02-13,2.3214893341064453
2019-02-14,2.3039021492004395
2019-02-15,2.268728017807007
2019-02-18,2.1280319690704346
2019-02-19,2.180792808532715
2019-02-20,2.163205862045288
2019-02-21,2.075270414352417
2019-02-22,2.101651430130005
2019-02-25,2.084064245223999
2019-02-26,2.084064245223999
2019-02-27,2.079601526260376
2019-02-28,2.079601526260376
2019-03-01,2.0349748134613037
2019-03-04,2.0260493755340576
2019-03-05,2.0081989765167236
2019-03-06,2.088526964187622
2019-03-07,2.1331539154052734
2019-03-08,2.1956310272216797
2019-03-11,2.1777801513671875
2019-03-12,2.2045562267303467
2019-03-13,2.1331539154052734
2019-03-14,2.1510045528411865
2019-03-15,2.1599295139312744
2019-03-18,2.2134816646575928
2019-03-19,2.1688549518585205
2019-03-20,2.1688549518585205
2019-03-21,2.2224068641662598
2019-03-22,2.1777801513671875
2019-03-25,2.115302801132202
2019-03-26,2.1688549518585205
2019-03-27,2.1956310272216797
2019-03-28,2.1777801513671875
2019-03-29,2.3205854892730713
2019-04-01,2.258108139038086
2019-04-02,2.311660051345825
2019-04-03,2.24918270111084
2019-04-04,2.275958776473999
2019-04-05,2.231332302093506
2019-04-08,2.240257501602173
2019-04-09,2.1867055892944336
2019-04-10,2.1599295139312744
2019-04-11,2.052825450897217
2019-04-12,2.1242284774780273
2019-04-15,2.302734613418579
2019-04-16,2.400913715362549
2019-04-17,2.4098386764526367
2019-04-18,2.4098386764526367
2019-04-23,2.4187638759613037
2019-04-24,2.3741376399993896
2019-04-26,2.3562867641448975
2019-04-29,2.231332302093506
2019-04-30,2.2134816646575928
2019-05-01,2.3205854892730713
2019-05-02,2.3384358882904053
2019-05-03,2.3741376399993896
2019-05-06,2.3652119636535645
2019-05-07,2.293809652328491
2019-05-08,2.293809652328491
2019-05-09,2.3384358882904053
2019-05-10,2.3205854892730713
2019-05-13,2.258108139038086
2019-05-14,2.1599295139312744
2019-05-15,2.231332302093506
2019-05-16,2.240257501602173
2019-05-17,2.2224068641662598
2019-05-20,2.267033576965332
2019-05-21,2.3205854892730713
2019-05-22,2.3919880390167236
2019-05-23,2.454465389251709
2019-05-24,2.445539712905884
2019-05-27,2.42768931388855
2019-05-28,2.624046802520752
2019-05-29,2.7400755882263184
2019-05-30,2.7400755882263184
2019-05-31,2.677598476409912
2019-06-03,2.5526440143585205
2019-06-04,2.5437188148498535
2019-06-05,2.5437188148498535
2019-06-06,2.5615694522857666
2019-06-07,2.7043745517730713
2019-06-11,2.6954493522644043
2019-06-12,2.7043745517730713
2019-06-13,2.677598476409912
2019-06-14,2.677598476409912
2019-06-17,2.811478614807129
2019-06-18,2.793627977371216
2019-06-19,2.873955726623535
2019-06-20,2.873955726623535
2019-06-21,3.0613880157470703
2019-06-24,3.0346121788024902
2019-06-25,2.9007315635681152
2019-06-26,2.9542839527130127
2019-06-27,2.9899849891662598
2019-06-28,2.9453582763671875
2019-07-01,2.9899849891662598
2019-07-02,2.9364330768585205
2019-07-03,2.8828811645507812
2019-07-04,2.9721343517303467
2019-07-05,2.9542839527130127
2019-07-08,2.9275078773498535
2019-07-09,2.9007315635681152
2019-07-10,2.9453582763671875
2019-07-11,3.0346121788024902
2019-07-12,3.0792384147644043
2019-07-15,2.5972707271575928
2019-07-16,2.499091863632202
2019-07-17,2.650822401046753
2019-07-18,2.606196165084839
2019-07-19,2.5615694522857666
2019-07-22,2.5437188148498535
2019-07-23,2.5169425010681152
2019-07-24,2.5437188148498535
2019-07-25,2.499091863632202
2019-07-26,2.463390827178955
2019-07-29,2.5169425010681152
2019-07-30,2.508017063140869
2019-07-31,2.463390827178955
2019-08-01,2.5169425010681152
2019-08-02,2.463390827178955
2019-08-05,2.432152032852173
2019-08-06,2.3562867641448975
2019-08-07,2.311660051345825
2019-08-08,2.3384358882904053
2019-08-09,2.4187638759613037
2019-08-12,2.400913715362549
2019-08-13,2.3205854892730713
2019-08-14,2.3473615646362305
2019-08-15,2.302734613418579
2019-08-16,2.3205854892730713
2019-08-19,2.284883975982666
2019-08-20,2.311660051345825
2019-08-21,2.311660051345825
2019-08-22,2.490166425704956
2019-08-23,2.606196165084839
2019-08-26,2.615121364593506
2019-08-27,2.624046802520752
2019-08-28,2.624046802520752
2019-08-29,2.588345527648926
2019-08-30,2.624046802520752
2019-09-02,2.666989803314209
2019-09-03,2.612746000289917
2019-09-04,2.621786594390869
2019-09-05,2.7573962211608887
2019-09-06,2.6941115856170654
2019-09-09,2.7121927738189697
2019-09-10,2.7393147945404053
2019-09-11,2.820680618286133
2019-09-12,2.7483553886413574
2019-09-13,2.8025991916656494
2019-09-16,2.7664365768432617
2019-09-17,2.874924421310425
2019-09-18,2.983412027359009
2019-09-19,2.93820858001709
2019-09-20,2.8568429946899414
2019-09-23,2.8568429946899414
2019-09-24,2.893005847930908
2019-09-25,2.829721450805664
2019-09-26,2.8025991916656494
2019-09-27,2.7573962211608887
2019-09-30,2.793558359146118
2019-10-01,2.8025991916656494
2019-10-02,2.784518003463745
2019-10-03,2.7483553886413574
2019-10-04,2.8025991916656494
2019-10-07,2.7664365768432617
2019-10-08,2.8116397857666016
2019-10-09,2.793558359146118
2019-10-10,2.7483553886413574
2019-10-11,2.7121927738189697
2019-10-14,2.5404202938079834
2019-10-15,2.6308271884918213
2019-10-16,2.657949209213257
2019-10-17,2.657949209213257
2019-10-18,2.676030397415161
2019-10-21,2.6398680210113525
2019-10-22,2.6308271884918213
2019-10-23,2.6398680210113525
2019-10-24,2.5494611263275146
2019-10-25,2.5404202938079834
2019-10-28,2.558501958847046
2019-10-29,2.567542552947998
2019-10-30,2.5946645736694336
2019-10-31,2.676030397415161
2019-11-01,2.621786594390869
2019-11-04,2.6398680210113525
2019-11-05,2.567542552947998
2019-11-06,2.621786594390869
2019-11-07,2.6308271884918213
2019-11-08,2.6308271884918213
2019-11-11,2.621786594390869
2019-11-12,2.666989803314209
2019-11-13,2.6941115856170654
2019-11-14,2.730274200439453
2019-11-15,2.7031524181365967
2019-11-18,2.676030397415161
2019-11-19,2.730274200439453
2019-11-20,2.7664365768432617
2019-11-21,2.7664365768432617
2019-11-22,2.7393147945404053
2019-11-25,2.829721450805664
2019-11-26,2.8116397857666016
2019-11-27,2.893005847930908
2019-11-28,2.9201276302337646
2019-11-29,2.893005847930908
2019-12-02,2.9201276302337646
2019-12-03,2.947249412536621
2019-12-04,2.9020464420318604
2019-12-05,2.9743714332580566
2019-12-06,2.93820858001709
2019-12-09,2.9562902450561523
2019-12-10,2.93820858001709
2019-12-11,2.9020464420318604
2019-12-12,2.9201276302337646
2019-12-13,2.9653308391571045
2019-12-16,2.9110870361328125
2019-12-17,2.883965015411377
2019-12-18,2.829721450805664
2019-12-19,2.829721450805664
2019-12-20,2.8658838272094727
2019-12-23,2.8478026390075684
2019-12-24,2.8478026390075684
2019-12-27,2.838762044906616
2019-12-30,2.893005847930908
2019-12-31,2.947249412536621
2020-01-02,3.001493215560913
2020-01-03,2.93820858001709
2020-01-06,2.9110870361328125
2020-01-07,2.9201276302337646
2020-01-08,2.9110870361328125
2020-01-09,2.9201276302337646
2020-01-10,2.9020464420318604
2020-01-13,2.8568429946899414
2020-01-14,2.8025991916656494
2020-01-15,2.7483553886413574
2020-01-16,2.730274200439453
2020-01-17,2.6489083766937256
2020-01-20,2.6398680210113525
2020-01-21,2.567542552947998
2020-01-22,2.6489083766937256
2020-01-23,2.5765833854675293
2020-01-24,2.6489083766937256
2020-01-28,2.6037051677703857
2020-01-29,2.666989803314209
2020-01-30,2.6489083766937256
2020-01-31,2.676030397415161
2020-02-03,2.6308271884918213
2020-02-04,2.685070753097534
2020-02-05,2.657949209213257
2020-02-06,2.6398680210113525
2020-02-07,2.558501958847046
2020-02-10,2.5765833854675293
2020-02-11,2.621786594390869
2020-02-12,2.6398680210113525
2020-02-13,2.6489083766937256
2020-02-14,2.676030397415161
2020-02-17,2.666989803314209
2020-02-18,2.666989803314209
2020-02-19,2.666989803314209
2020-02-20,2.657949209213257
2020-02-21,2.7664365768432617
2020-02-24,2.721233606338501
2020-02-25,2.721233606338501
2020-02-26,2.7573962211608887
2020-02-27,2.6522216796875
2020-02-28,2.5607657432556152
2020-03-02,2.6064937114715576
2020-03-03,2.6522216796875
2020-03-04,2.5607657432556152
2020-03-05,2.569911479949951
2020-03-06,2.4601640701293945
2020-03-09,2.3778538703918457
2020-03-10,2.5607657432556152
2020-03-11,2.569911479949951
2020-03-12,2.505892276763916
2020-03-13,2.5333290100097656
2020-03-16,2.3778538703918457
2020-03-17,2.3778538703918457
2020-03-18,2.432727575302124
2020-03-19,2.3138349056243896
2020-03-20,2.359562635421753
2020-03-23,2.1766510009765625
2020-03-24,2.149214029312134
2020-03-25,2.140068531036377
2020-03-26,2.2589612007141113
2020-03-27,2.2589612007141113
2020-03-30,2.3869996070861816
2020-03-31,2.3778538703918457
2020-04-01,2.496746778488159
2020-04-02,2.5424747467041016
2020-04-03,2.5333290100097656
2020-04-06,2.6064937114715576
2020-04-07,2.6888041496276855
2020-04-08,2.643076181411743
2020-04-09,2.6064937114715576
2020-04-14,2.6522216796875
2020-04-15,2.6705129146575928
2020-04-16,2.6522216796875
2020-04-17,2.6064937114715576
2020-04-20,2.6156392097473145
2020-04-21,2.6522216796875
2020-04-22,2.6888041496276855
2020-04-23,2.6888041496276855
2020-04-24,2.6522216796875
2020-04-27,2.8442788124084473
2020-04-28,2.798551082611084
2020-04-29,2.798551082611084
2020-04-30,2.880861520767212
2020-05-01,2.789405584335327
2020-05-04,2.871716260910034
2020-05-05,2.8900070190429688
2020-05-06,2.9082982540130615
2020-05-07,2.9265894889831543
2020-05-08,2.9357352256774902
2020-05-11,2.9357352256774902
2020-05-12,2.954026222229004
2020-05-13,2.9174439907073975
2020-05-14,2.880861520767212
2020-05-15,2.9265894889831543
2020-05-18,2.9357352256774902
2020-05-19,2.9082982540130615
2020-05-20,2.9723172187805176
2020-05-21,2.9814629554748535
2020-05-22,2.9723172187805176
2020-05-25,2.954026222229004
2020-05-26,3.008899688720703
2020-05-27,3.008899688720703
2020-05-28,3.008899688720703
2020-05-29,3.109501361846924
2020-06-01,3.155229330062866
2020-06-02,3.1460835933685303
2020-06-03,3.319849967956543
2020-06-04,3.3564324378967285
2020-06-05,3.2924132347106934
2020-06-09,3.2924132347106934
2020-06-10,3.2832674980163574
2020-06-11,3.2832674980163574
2020-06-12,3.2009570598602295
2020-06-15,3.1186470985412598
2020-06-16,3.109501361846924
2020-06-17,3.164375066757202
2020-06-18,3.2192482948303223
2020-06-19,3.164375066757202
2020-06-22,3.173520565032959
2020-06-23,3.246685266494751
2020-06-24,3.4936161041259766
2020-06-25,3.3381412029266357
2020-06-26,3.3381412029266357
2020-06-29,3.402160167694092
2020-06-30,3.521052837371826
2020-07-01,3.521052837371826
2020-07-02,3.6582367420196533
2020-07-03,3.7679836750030518
2020-07-06,3.7314016819000244
2020-07-07,3.7314016819000244
2020-07-08,3.61250901222229
2020-07-09,3.6308000087738037
2020-07-10,3.6582367420196533
2020-07-13,3.5576353073120117
2020-07-14,3.539344072341919
2020-07-15,3.475324869155884
2020-07-16,3.539344072341919
2020-07-17,3.6582367420196533
2020-07-20,3.5576353073120117
2020-07-21,3.5667808055877686
2020-07-22,3.5027618408203125
2020-07-23,3.5667808055877686
2020-07-24,3.5576353073120117
2020-07-27,3.676528215408325
2020-07-28,3.6490912437438965
2020-07-29,3.6948189735412598
2020-07-30,3.749692678451538
2020-07-31,3.7222559452056885
2020-08-03,3.8045663833618164
2020-08-04,4.0149149894714355
2020-08-05,4.106370449066162
2020-08-06,4.3898844718933105
2020-08-07,4.3898844718933105
2020-08-10,4.335010051727295
2020-08-11,4.399029731750488
2020-08-12,4.197827339172363
2020-08-13,4.252700328826904
2020-08-14,4.270991802215576
2020-08-17,4.234408855438232
2020-08-18,4.380738258361816
2020-08-19,4.481340408325195
2020-08-20,3.8137118816375732
2020-08-21,3.9326045513153076
2020-08-24,3.923459053039551
2020-08-25,3.8960225582122803
2020-08-26,3.9691872596740723
2020-08-27,3.9966237545013428
2020-08-28,3.914313554763794
2020-08-31,3.8137118816375732
2020-09-01,3.8960225582122803
2020-09-02,3.8199009895324707
2020-09-03,3.6999526023864746
2020-09-04,3.552323341369629
2020-09-07,3.552323341369629
2020-09-08,3.496962547302246
2020-09-09,3.358560562133789
2020-09-10,3.377013921737671
2020-09-11,3.321653127670288
2020-09-14,3.1924777030944824
2020-09-15,3.2109313011169434
2020-09-16,3.1740241050720215
2020-09-17,3.164797306060791
2020-09-18,3.1740241050720215
2020-09-21,3.14634370803833
2020-09-22,3.220158338546753
2020-09-23,3.377013921737671
2020-09-24,3.303199529647827
2020-09-25,3.321653127670288
2020-09-28,3.358560562133789
2020-09-29,3.3308796882629395
2020-09-30,3.2662923336029053
2020-10-01,3.2662923336029053
2020-10-02,3.183250904083252
2020-10-05,3.321653127670288
2020-10-06,3.3308796882629395
2020-10-07,3.395467758178711
2020-10-08,3.377013921737671
2020-10-09,3.4416017532348633
2020-10-12,3.4323747158050537
2020-10-13,3.4877357482910156
2020-10-14,3.4323747158050537
2020-10-15,3.460055351257324
2020-10-16,3.533869743347168
2020-10-19,3.5061893463134766
2020-10-20,3.5061893463134766
2020-10-21,3.5246429443359375
2020-10-22,3.5246429443359375
2020-10-23,3.413921356201172
2020-10-26,3.4231481552124023
2020-10-27,3.3493335247039795
2020-10-28,3.358560562133789
2020-10-29,3.284745693206787
2020-10-30,3.2386116981506348
2020-11-02,3.201704502105713
2020-11-03,3.201704502105713
2020-11-04,3.2939724922180176
2020-11-05,3.3677873611450195
2020-11-06,3.2939724922180176
2020-11-09,3.3862407207489014
2020-11-10,3.2570652961730957
2020-11-11,3.2293848991394043
2020-11-12,3.284745693206787
2020-11-13,3.3493335247039795
2020-11-16,3.2755188941955566
2020-11-17,3.3493335247039795
2020-11-18,3.2570652961730957
2020-11-19,3.2755188941955566
2020-11-20,3.284745693206787
2020-11-23,3.3493335247039795
2020-11-24,3.413921356201172
2020-11-25,3.34010648727417
2020-11-26,3.0540754795074463
2020-11-27,3.072528839111328
2020-11-30,3.007941484451294
2020-12-01,3.1186630725860596
2020-12-02,3.127890110015869
2020-12-03,3.0540754795074463
2020-12-04,3.044848680496216
2020-12-07,3.090982675552368
2020-12-08,3.0633022785186768
2020-12-09,3.1186630725860596
2020-12-10,3.0171680450439453
2020-12-11,2.9802608489990234
2020-12-14,3.026394844055176
2020-12-15,2.8879928588867188
2020-12-16,2.9249000549316406
2020-12-17,2.91567325592041
2020-12-18,2.814178228378296
2020-12-21,2.878765821456909
2020-12-22,2.7495906352996826
2020-12-23,2.740363836288452
2020-12-24,2.721910238265991
2020-12-29,2.7864978313446045
2020-12-30,2.4174251556396484
2020-12-31,2.4543325901031494
2021-01-04,2.46355938911438
2021-01-05,2.426652193069458
2021-01-06,2.408198356628418
2021-01-07,2.352837562561035
2021-01-08,2.3436107635498047
2021-01-11,2.352837562561035
2021-01-12,2.3251571655273438
2021-01-13,2.352837562561035
2021-01-14,2.288249969482422
2021-01-15,2.306703567504883
2021-01-18,2.3159303665161133
2021-01-19,2.3805179595947266
2021-01-20,2.3989715576171875
2021-01-21,2.3436107635498047
2021-01-22,2.3436107635498047
2021-01-25,2.3805179595947266
2021-01-27,2.3251571655273438
2021-01-28,2.3620643615722656
2021-01-29,2.352837562561035
2021-02-01,2.334383964538574
2021-02-02,2.3251571655273438
2021-02-03,2.334383964538574
2021-02-04,2.3251571655273438
2021-02-05,2.371291160583496
2021-02-08,2.352837562561035
2021-02-09,2.3159303665161133
2021-02-10,2.3620643615722656
2021-02-11,2.3251571655273438
2021-02-12,2.288249969482422
2021-02-15,2.288249969482422
2021-02-16,2.3251571655273438
2021-02-17,2.334383964538574
2021-02-18,2.3620643615722656
2021-02-19,2.4543325901031494
2021-02-22,2.177528142929077
2021-02-23,1.9837652444839478
2021-02-24,1.9837652444839478
2021-02-25,2.02067232131958
2021-02-26,1.9560844898223877
2021-03-01,1.9653115272521973
2021-03-02,2.0114455223083496
2021-03-03,1.9653115272521973
2021-03-04,1.9653115272521973
2021-03-05,2.002218723297119
2021-03-08,2.1129403114318848
2021-03-09,2.076033353805542
2021-03-10,2.0668063163757324
2021-03-11,2.0483527183532715
2021-03-12,2.057579517364502
2021-03-15,2.1221673488616943
2021-03-16,2.0483527183532715
2021-03-17,2.039125919342041
2021-03-18,2.0483527183532715
2021-03-19,2.0298993587493896
2021-03-22,2.02067232131958
2021-03-23,2.1129403114318848
2021-03-24,2.076033353805542
2021-03-25,2.0852601528167725
2021-03-26,2.0483527183532715
2021-03-29,2.2052085399627686
2021-03-30,2.159074306488037
2021-03-31,2.140620708465576
2021-04-01,2.214435577392578
2021-04-06,2.2974765300750732
2021-04-07,2.1867549419403076
2021-04-08,2.232889175415039
2021-04-09,2.2605695724487305
2021-04-12,2.2790231704711914
2021-04-13,2.288249969482422
2021-04-14,2.3159303665161133
2021-04-15,2.445106029510498
2021-04-16,2.445106029510498
2021-04-19,2.546600818634033
2021-04-20,2.4543325901031494
2021-04-21,2.334383964538574
2021-04-22,2.3436107635498047
2021-04-23,2.46355938911438
2021-04-26,2.334383964538574
2021-04-27,2.371291160583496
2021-04-28,2.3805179595947266
2021-04-29,2.3989715576171875
2021-04-30,2.3436107635498047
2021-05-03,2.2605695724487305
2021-05-04,2.2052085399627686
2021-05-05,2.2052085399627686
2021-05-06,2.2052085399627686
2021-05-07,2.214435577392578
2021-05-10,2.1498475074768066
2021-05-11,2.0483527183532715
2021-05-12,2.057579517364502
2021-05-13,1.9837652444839478
2021-05-14,2.039125919342041
2021-05-17,2.057579517364502
2021-05-18,2.0298993587493896
2021-05-19,2.0483527183532715
2021-05-20,1.9929920434951782
2021-05-21,2.131394147872925
2021-05-24,2.1867549419403076
2021-05-25,2.159074306488037
2021-05-26,2.306703567504883
2021-05-27,2.269796371459961
2021-05-28,2.140620708465576
2021-05-31,2.131394147872925
2021-06-01,2.1129403114318848
2021-06-02,2.076033353805542
2021-06-03,2.002218723297119
2021-06-04,2.002218723297119
2021-06-07,2.02067232131958
2021-06-08,1.9376310110092163
2021-06-09,1.8453627824783325
2021-06-10,1.8914968967437744
2021-06-11,1.9653115272521973
2021-06-15,1.863816499710083
2021-06-16,1.8361361026763916
2021-06-17,1.7715482711791992
2021-06-18,1.7530946731567383
2021-06-21,1.9007235765457153
2021-06-22,1.9376310110092163
2021-06-23,1.8176823854446411
2021-06-24,1.8038421869277954
2021-06-25,1.8453627824783325
2021-06-28,1.8130691051483154
2021-06-29,1.7807750701904297
2021-06-30,1.794615387916565
2021-07-01,1.8315225839614868
2021-07-02,1.8176823854446411
2021-07-05,1.730027675628662
2021-07-06,1.6423728466033936
2021-07-07,1.6885069608688354
2021-07-08,1.6469862461090088
2021-07-09,1.7023472785949707
2021-07-12,1.730027675628662
2021-07-13,1.7254142761230469
2021-07-14,1.766934871673584
2021-07-15,1.8084555864334106
2021-07-16,1.9653115272521973
2021-07-19,1.8914968967437744
2021-07-20,1.8453627824783325
2021-07-21,1.863816499710083
2021-07-22,1.7807750701904297
2021-07-23,1.8315225839614868
2021-07-26,1.8084555864334106
2021-07-27,1.7761616706848145
2021-07-28,1.748481273651123
2021-07-29,1.7254142761230469
2021-07-30,1.6977338790893555
2021-08-02,1.7715482711791992
2021-08-03,1.7438678741455078
2021-08-04,1.7023472785949707
2021-08-05,1.6977338790893555
2021-08-06,1.6885069608688354
2021-08-09,1.6792802810668945
2021-08-10,1.706960678100586
2021-08-11,1.766934871673584
2021-08-12,1.7161873579025269
2021-08-13,1.706960678100586
2021-08-16,1.730027675628662
2021-08-17,1.7208008766174316
2021-08-18,1.7392544746398926
2021-08-19,1.706960678100586
2021-08-20,1.882270097732544
2021-08-23,1.854589581489563
2021-08-24,1.8453627824783325
2021-08-25,1.8222957849502563
2021-08-26,1.9284039735794067
2021-08-27,1.9099504947662354
2021-08-30,1.8130691051483154
2021-08-31,1.7715482711791992
2021-09-01,1.8084555864334106
2021-09-02,1.854589581489563
2021-09-03,1.9376310110092163
2021-09-06,1.8176823854446411
2021-09-07,1.7623214721679688
2021-09-08,1.785388469696045
2021-09-09,1.706960678100586
2021-09-10,1.7161873579025269
2021-09-13,1.7208008766174316
2021-09-14,1.7161873579025269
2021-09-15,1.670053243637085
2021-09-16,1.6931203603744507
2021-09-17,1.6931203603744507
2021-09-20,1.6562131643295288
2021-09-21,1.5777852535247803
2021-09-22,1.5870120525360107
2021-09-23,1.545491337776184
2021-09-24,1.522424340248108
2021-09-27,1.591625452041626
2021-09-28,1.5547181367874146
2021-09-29,1.4809037446975708
2021-09-30,1.522424340248108
2021-10-01,1.5593315362930298
2021-10-04,1.5777852535247803
2021-10-05,1.4855170249938965
2021-10-06,1.4347695112228394
2021-10-07,1.4439964294433594
2021-10-08,1.4762903451919556
2021-10-11,1.4762903451919556
2021-10-12,1.457836627960205
2021-10-13,1.4670634269714355
2021-10-14,1.4670634269714355
2021-10-15,1.4993573427200317
2021-10-18,1.4532233476638794
2021-10-19,1.4393829107284546
2021-10-20,1.5547181367874146
2021-10-21,1.4855170249938965
2021-10-22,1.4855170249938965
2021-10-25,1.4762903451919556
2021-10-26,1.4901304244995117
2021-10-27,1.4347695112228394
2021-10-28,1.4301562309265137
2021-10-29,1.3978623151779175
2021-11-01,1.407089114189148
2021-11-02,1.4762903451919556
2021-11-03,1.4117025136947632
2021-11-04,1.3563417196273804
2021-11-05,1.4486099481582642
2021-11-08,1.388635516166687
2021-11-09,1.3240478038787842
2021-11-10,1.3378881216049194
2021-11-11,1.3148210048675537
2021-11-12,1.3378881216049194
2021-11-15,1.3102076053619385
2021-11-16,1.2594600915908813
2021-11-17,1.23177969455719
2021-11-18,1.2179394960403442
2021-11-19,1.2179394960403442
2021-11-22,1.2363930940628052
2021-11-23,1.2087125778198242
2021-11-24,1.213326096534729
2021-11-25,1.144124984741211
2021-11-26,1.107217788696289
2021-11-29,1.1487382650375366
2021-11-30,1.1164445877075195
2021-12-01,1.2548466920852661
2021-12-02,1.1994857788085938
2021-12-03,1.1902589797973633
2021-12-06,1.1764187812805176
2021-12-07,1.1764187812805176
2021-12-08,1.167191982269287
2021-12-09,1.1764187812805176
2021-12-10,1.1164445877075195
2021-12-13,1.1348981857299805
2021-12-14,1.1718053817749023
2021-12-15,1.1395115852355957
2021-12-16,1.1164445877075195
2021-12-17,1.0887640714645386
2021-12-20,1.107217788696289
2021-12-21,1.097990870475769
2021-12-22,1.0841506719589233
2021-12-23,1.097990870475769
2021-12-24,1.1256712675094604
2021-12-29,1.1487382650375366
2021-12-30,1.1625785827636719
2021-12-31,1.1533517837524414
2022-01-04,1.1902589797973633
2022-01-05,1.1210578680038452
2022-01-06,1.0795371532440186
2022-01-07,1.0656970739364624
2022-01-10,1.0656970739364624
2022-01-11,1.0334031581878662
2022-01-12,1.070310354232788
2022-01-13,1.0334031581878662
2022-01-14,1.0241763591766357
2022-01-17,1.028789758682251
2022-01-18,1.0057227611541748
2022-01-19,0.941135048866272
2022-01-20,0.9595886468887329
2022-01-21,0.8996143937110901
2022-01-24,0.8950010538101196
2022-01-25,0.8580936789512634
2022-01-27,0.8211864233016968
2022-01-28,0.8673205375671387
2022-01-31,0.8857741355895996
2022-02-01,0.9134545922279358
2022-02-02,0.9319082498550415
2022-02-03,0.9134545922279358
2022-02-04,0.9134545922279358
2022-02-07,0.8673205375671387
2022-02-08,0.8396401405334473
2022-02-09,0.830413281917572
2022-02-10,0.8719339370727539
2022-02-11,0.8211864233016968
2022-02-14,0.8488669395446777
2022-02-15,0.8765473365783691
2022-02-16,0.8996143937110901
2022-02-17,0.8165730834007263
2022-02-18,0.6966244578361511
2022-02-21,0.6412635445594788
2022-02-22,0.6320367455482483
2022-02-23,0.6458770036697388
2022-02-24,0.6089697480201721
2022-02-25,0.5859026908874512
2022-02-28,0.6366502046585083
2022-03-01,0.6827842593193054
2022-03-02,0.673557460308075
2022-03-03,0.6873976588249207
2022-03-04,0.6597172021865845
2022-03-07,0.650490403175354
2022-03-08,0.6551038026809692
2022-03-09,0.6920110583305359
2022-03-10,0.6551038026809692
2022-03-11,0.673557460308075
2022-03-14,0.6827842593193054
2022-03-15,0.6920110583305359
2022-03-16,0.7058512568473816
2022-03-17,0.7196914553642273
2022-03-18,0.7381451725959778
2022-03-21,0.7104646563529968
2022-03-22,0.7104646563529968
2022-03-23,0.6920110583305359
2022-03-24,0.6920110583305359
2022-03-25,0.6966244578361511
2022-03-28,0.6689440608024597
2022-03-29,0.7012379169464111
2022-03-30,0.6873976588249207
2022-03-31,0.673557460308075
2022-04-01,0.6827842593193054
2022-04-04,0.7058512568473816
2022-04-05,0.7658255696296692
2022-04-06,0.7796657681465149
2022-04-07,0.7381451725959778
2022-04-08,0.7519853711128235
2022-04-11,0.7473719716072083
2022-04-12,0.7381451725959778
2022-04-13,0.7104646563529968
2022-04-14,0.7427585124969482
2022-04-19,0.7243049740791321
2022-04-20,0.7473719716072083
2022-04-21,0.7196914553642273
2022-04-22,0.7058512568473816
2022-04-26,0.7012379169464111
2022-04-27,0.7058512568473816
2022-04-28,0.7012379169464111
2022-04-29,0.7012379169464111
2022-05-02,0.6873976588249207
2022-05-03,0.6873976588249207
2022-05-04,0.673557460308075
2022-05-05,0.6827842593193054
2022-05-06,0.6827842593193054
2022-05-09,0.673557460308075
2022-05-10,0.6689440608024597
2022-05-11,0.6689440608024597
2022-05-12,0.6458770036697388
2022-05-13,0.6274233460426331
2022-05-16,0.535155177116394
2022-05-17,0.5536088943481445
2022-05-18,0.5443820357322693
2022-05-19,0.5305418372154236
2022-05-20,0.5259283781051636
2022-05-23,0.5443820357322693
2022-05-24,0.5489954352378845
2022-05-25,0.535155177116394
2022-05-26,0.5259283781051636
2022-05-27,0.5213150382041931
2022-05-30,0.5443820357322693
2022-05-31,0.5259283781051636
2022-06-01,0.5074748396873474
2022-06-02,0.47979432344436646
2022-06-03,0.470567524433136
2022-06-06,0.45211389660835266
2022-06-07,0.41982007026672363
2022-06-08,0.415206640958786
2022-06-09,0.3967530131340027
2022-06-10,0.38752618432044983
2022-06-14,0.36445915699005127
2022-06-15,0.35984572768211365
2022-06-16,0.34600552916526794
2022-06-17,0.3552323281764984
2022-06-20,0.3552323281764984
2022-06-21,0.35984572768211365
2022-06-22,0.3690725862979889
2022-06-23,0.39213961362838745
2022-06-24,0.3829127848148346
2022-06-27,0.36445915699005127
2022-06-28,0.35984572768211365
2022-06-29,0.3690725862979889
2022-06-30,0.38752618432044983
2022-07-01,0.43827366828918457
2022-07-04,0.4290468394756317
2022-07-05,0.41982007026672363
2022-07-06,0.46595412492752075
2022-07-07,0.43827366828918457
2022-07-08,0.40597981214523315
2022-07-11,0.41982007026672363
2022-07-12,0.4290468394756317
2022-07-13,0.40597981214523315
2022-07-14,0.41982007026672363
2022-07-15,0.4105932116508484
2022-07-18,0.46134069561958313
2022-07-19,0.41982007026672363
2022-07-20,0.4290468394756317
2022-07-21,0.43366026878356934
2022-07-22,0.45211389660835266
2022-07-25,0.46595412492752075
2022-07-26,0.46134069561958313
2022-07-27,0.4475005269050598
2022-07-28,0.470567524433136
2022-07-29,0.470567524433136
2022-08-01,0.4290468394756317
2022-08-02,0.470567524433136
2022-08-03,0.470567524433136
2022-08-04,0.5305418372154236
2022-08-05,0.5397685766220093
2022-08-08,0.535155177116394
2022-08-09,0.5536088943481445
2022-08-10,0.5536088943481445
2022-08-11,0.5766758918762207
2022-08-12,0.5812892913818359
2022-08-15,0.5812892913818359
2022-08-16,0.5536088943481445
2022-08-17,0.5213150382041931
2022-08-18,0.4890211224555969
2022-08-19,0.47979432344436646
2022-08-22,0.4890211224555969
2022-08-23,0.46595412492752075
2022-08-24,0.45211389660835266
2022-08-25,0.4567272961139679
2022-08-26,0.46595412492752075
2022-08-29,0.43827366828918457
2022-08-30,0.43827366828918457
2022-08-31,0.46134069561958313
2022-09-01,0.46134069561958313
2022-09-02,0.43827366828918457
2022-09-05,0.43827366828918457
2022-09-06,0.40597981214523315
2022-09-07,0.40597981214523315
2022-09-08,0.415206640958786
2022-09-09,0.40597981214523315
2022-09-12,0.3967530131340027
2022-09-13,0.39213961362838745
2022-09-14,0.378299355506897
2022-09-15,0.36445915699005127
2022-09-16,0.3552323281764984
2022-09-19,0.3690725862979889
2022-09-20,0.3690725862979889
2022-09-21,0.378299355506897
2022-09-23,0.35984572768211365
2022-09-26,0.3690725862979889
2022-09-27,0.34600552916526794
2022-09-28,0.34600552916526794
2022-09-29,0.378299355506897
2022-09-30,0.3575390577316284
2022-10-03,0.36445915699005127
2022-10-04,0.35984572768211365
2022-10-05,0.3690725862979889
2022-10-06,0.3690725862979889
2022-10-07,0.34600552916526794
2022-10-10,0.3552323281764984
2022-10-11,0.35061895847320557
2022-10-12,0.3413921296596527
2022-10-13,0.3690725862979889
2022-10-14,0.3552323281764984
2022-10-17,0.3367787301540375
2022-10-18,0.35061895847320557
2022-10-19,0.3413921296596527
2022-10-20,0.34600552916526794
2022-10-21,0.34600552916526794
2022-10-24,0.3413921296596527
2022-10-25,0.3413921296596527
2022-10-26,0.35061895847320557
2022-10-27,0.3367787301540375
2022-10-28,0.3367787301540375
2022-10-31,0.3413921296596527
2022-11-01,0.3275519013404846
2022-11-02,0.3275519013404846
2022-11-03,0.31371167302131653
2022-11-04,0.30448487401008606
2022-11-07,0.3090982735157013
2022-11-08,0.2952580451965332
2022-11-09,0.29987144470214844
2022-11-10,0.30448487401008606
2022-11-11,0.34600552916526794
2022-11-14,0.3367787301540375
2022-11-15,0.3275519013404846
2022-11-16,0.3229385018348694
2022-11-17,0.31371167302131653
2022-11-18,0.31371167302131653
2022-11-21,0.31371167302131653
2022-11-22,0.31832510232925415
2022-11-23,0.3367787301540375
2022-11-24,0.45211389660835266
2022-11-25,0.4890211224555969
2022-11-28,0.4567272961139679
2022-11-29,0.4475005269050598
2022-11-30,0.4428870677947998
2022-12-01,0.49824801087379456
2022-12-02,0.5259283781051636
2022-12-05,0.46595412492752075
2022-12-06,0.46595412492752075
2022-12-07,0.4475005269050598
2022-12-08,0.43366026878356934
2022-12-09,0.4290468394756317
2022-12-12,0.43827366828918457
2022-12-13,0.43366026878356934
2022-12-14,0.42443346977233887
2022-12-15,0.43366026878356934
2022-12-16,0.42443346977233887
2022-12-19,0.4290468394756317
2022-12-20,0.4013664126396179
2022-12-21,0.4013664126396179
2022-12-22,0.415206640958786
2022-12-23,0.42443346977233887
2022-12-28,0.415206640958786
2022-12-29,0.415206640958786
2022-12-30,0.415206640958786
2023-01-03,0.415206640958786
2023-01-04,0.415206640958786
2023-01-05,0.42443346977233887
2023-01-06,0.43366026878356934
2023-01-09,0.4428870677947998
2023-01-10,0.4475005269050598
2023-01-11,0.46134069561958313
2023-01-12,0.5074748396873474
2023-01-13,0.4844077527523041
2023-01-16,0.4890211224555969
2023-01-17,0.47979432344436646
2023-01-18,0.47979432344436646
2023-01-19,0.49363455176353455
2023-01-20,0.4890211224555969
2023-01-23,0.47979432344436646
2023-01-24,0.5167015790939331
2023-01-25,0.5259283781051636
2023-01-27,0.535155177116394
2023-01-30,0.5997428894042969
2023-01-31,0.5674490928649902
2023-02-01,0.5766758918762207
2023-02-02,0.5766758918762207
2023-02-03,0.5628356337547302
2023-02-06,0.5720624923706055
2023-02-07,0.5489954352378845
2023-02-08,0.5536088943481445
2023-02-09,0.535155177116394
2023-02-10,0.535155177116394
2023-02-13,0.5074748396873474
2023-02-14,0.5120881795883179
2023-02-15,0.5074748396873474
2023-02-16,0.5443820357322693
2023-02-17,0.5328485369682312
2023-02-20,0.5074748396873474
2023-02-21,0.49824801087379456
2023-02-22,0.49363455176353455
2023-02-23,0.4844077527523041
2023-02-24,0.47979432344436646
2023-02-27,0.470567524433136
2023-02-28,0.4567272961139679
2023-03-01,0.46134069561958313
2023-03-02,0.4567272961139679
2023-03-03,0.46134069561958313
2023-03-06,0.47979432344436646
2023-03-07,0.46134069561958313
2023-03-08,0.45211389660835266
2023-03-09,0.415206640958786
2023-03-10,0.415206640958786
2023-03-13,0.4290468394756317
2023-03-14,0.38752618432044983
2023-03-15,0.3829127848148346
2023-03-16,0.3736859858036041
2023-03-17,0.3552323281764984
2023-03-20,0.35061895847320557
2023-03-21,0.38752618432044983
2023-03-22,0.4013664126396179
2023-03-23,0.415206640958786
2023-03-24,0.3967530131340027
2023-03-27,0.38752618432044983
2023-03-28,0.40597981214523315
2023-03-29,0.38752618432044983
2023-03-30,0.38752618432044983
2023-03-31,0.39213961362838745
2023-04-03,0.3829127848148346
2023-04-04,0.36445915699005127
2023-04-05,0.3552323281764984
2023-04-06,0.36445915699005127
2023-04-11,0.3690725862979889
2023-04-12,0.378299355506897
2023-04-13,0.3736859858036041
2023-04-14,0.36445915699005127
2023-04-17,0.3690725862979889
2023-04-18,0.3552323281764984
2023-04-19,0.34600552916526794
2023-04-20,0.34600552916526794
2023-04-21,0.3413921296596527
2023-04-24,0.3413921296596527
2023-04-26,0.34600552916526794
2023-04-27,0.3413921296596527
2023-04-28,0.3690725862979889
2023-05-01,0.3829127848148346
2023-05-02,0.36445915699005127
2023-05-03,0.3829127848148346
2023-05-04,0.36445915699005127
2023-05-05,0.378299355506897
2023-05-08,0.378299355506897
2023-05-09,0.3690725862979889
2023-05-10,0.3736859858036041
2023-05-11,0.35061895847320557
2023-05-12,0.3367787301540375
2023-05-15,0.3229385018348694
2023-05-16,0.31371167302131653
2023-05-17,0.3229385018348694
2023-05-18,0.31371167302131653
2023-05-19,0.31832510232925415
2023-05-22,0.325245201587677
2023-05-23,0.3275519013404846
2023-05-24,0.31371167302131653
2023-05-25,0.3090982735157013
2023-05-26,0.31371167302131653
2023-05-29,0.30448487401008606
2023-05-30,0.31371167302131653
2023-05-31,0.31832510232925415
2023-06-01,0.3229385018348694
2023-06-02,0.3229385018348694
2023-06-05,0.31371167302131653
2023-06-06,0.3229385018348694
2023-06-07,0.3229385018348694
2023-06-08,0.31371167302131653
2023-06-09,0.31832510232925415
2023-06-13,0.3275519013404846
2023-06-14,0.31832510232925415
2023-06-15,0.3229385018348694
2023-06-16,0.33216530084609985
2023-06-19,0.34600552916526794
2023-06-20,0.3275519013404846
2023-06-21,0.3229385018348694
2023-06-22,0.3229385018348694
2023-06-23,0.31832510232925415
2023-06-26,0.33216530084609985
2023-06-27,0.3275519013404846
2023-06-28,0.3275519013404846
2023-06-29,0.3552323281764984
2023-06-30,0.3552323281764984
2023-07-03,0.3413921296596527
2023-07-04,0.36445915699005127
2023-07-05,0.36445915699005127
2023-07-06,0.3736859858036041
2023-07-07,0.35984572768211365
2023-07-10,0.36445915699005127
2023-07-11,0.3736859858036041
2023-07-12,0.415206640958786
2023-07-13,0.4105932116508484
2023-07-14,0.4290468394756317
2023-07-17,0.415206640958786
2023-07-18,0.40597981214523315
2023-07-19,0.39213961362838745
2023-07-20,0.38752618432044983
2023-07-21,0.38752618432044983
2023-07-24,0.38752618432044983
2023-07-25,0.4105932116508484
2023-07-26,0.39213961362838745
2023-07-27,0.39213961362838745
2023-07-28,0.3967530131340027
2023-07-31,0.4013664126396179
2023-08-01,0.415206640958786
2023-08-02,0.4013664126396179
2023-08-03,0.415206640958786
2023-08-04,0.39213961362838745
2023-08-07,0.3690725862979889
2023-08-08,0.4105932116508484
2023-08-09,0.3967530131340027
2023-08-10,0.40597981214523315
2023-08-11,0.38752618432044983
2023-08-14,0.38752618432044983
2023-08-15,0.38752618432044983
2023-08-16,0.39213961362838745
2023-08-17,0.40597981214523315
2023-08-18,0.4105932116508484
2023-08-21,0.43366026878356934
2023-08-22,0.42443346977233887
2023-08-23,0.41982007026672363
2023-08-24,0.46595412492752075
2023-08-25,0.3736859858036041
2023-08-28,0.3229385018348694
2023-08-29,0.3413921296596527
2023-08-30,0.3413921296596527
2023-08-31,0.3367787301540375
2023-09-01,0.34600552916526794
2023-09-04,0.3690725862979889
2023-09-05,0.35984572768211365
2023-09-06,0.35984572768211365
2023-09-07,0.35984572768211365
2023-09-08,0.35061895847320557
2023-09-11,0.3552323281764984
2023-09-12,0.3413921296596527
2023-09-13,0.3275519013404846
2023-09-14,0.33216530084609985
2023-09-15,0.3275519013404846
2023-09-18,0.3229385018348694
2023-09-19,0.3229385018348694
2023-09-20,0.31832510232925415
2023-09-21,0.3090982735157013
2023-09-22,0.31371167302131653
2023-09-25,0.31371167302131653
2023-09-26,0.3090982735157013
2023-09-27,0.30448487401008606
2023-09-28,0.31832510232925415
2023-09-29,0.30448487401008606
2023-10-02,0.30448487401008606
2023-10-03,0.3090982735157013
2023-10-04,0.3275519013404846
2023-10-05,0.30448487401008606
2023-10-06,0.31371167302131653
2023-10-09,0.29987144470214844
2023-10-10,0.30448487401008606
2023-10-11,0.31371167302131653
2023-10-12,0.30448487401008606
2023-10-13,0.30448487401008606
2023-10-16,0.29064464569091797
2023-10-17,0.29987144470214844
2023-10-18,0.30448487401008606
2023-10-19,0.29064464569091797
2023-10-20,0.2952580451965332
2023-10-23,0.28603124618530273
2023-10-24,0.3090982735157013
2023-10-25,0.28603124618530273
2023-10-26,0.2814178168773651
2023-10-27,0.29064464569091797
2023-10-30,0.3090982735157013
2023-10-31,0.29064464569091797
2023-11-01,0.2952580451965332
2023-11-02,0.29064464569091797
2023-11-03,0.29064464569091797
2023-11-06,0.29064464569091797
2023-11-07,0.29064464569091797
2023-11-08,0.28603124618530273
2023-11-09,0.29064464569091797
2023-11-10,0.29064464569091797
2023-11-13,0.29064464569091797
2023-11-14,0.31371167302131653
2023-11-15,0.29064464569091797
2023-11-16,0.28603124618530273
2023-11-17,0.28603124618530273
2023-11-20,0.27680444717407227
2023-11-21,0.27680444717407227
2023-11-22,0.2952580451965332
2023-11-23,0.3090982735157013
2023-11-24,0.2952580451965332
2023-11-27,0.28603124618530273
2023-11-28,0.2814178168773651
2023-11-29,0.27680444717407227
2023-11-30,0.27219101786613464
2023-12-01,0.2952580451965332
2023-12-04,0.2952580451965332
2023-12-05,0.29987144470214844
2023-12-06,0.28603124618530273
2023-12-07,0.29064464569091797
2023-12-08,0.29064464569091797
2023-12-11,0.29987144470214844
2023-12-12,0.2952580451965332
2023-12-13,0.29064464569091797
2023-12-14,0.29064464569091797
2023-12-15,0.30448487401008606
2023-12-18,0.28603124618530273
2023-12-19,0.2814178168773651
2023-12-20,0.29064464569091797
2023-12-21,0.31371167302131653
2023-12-22,0.3090982735157013
2023-12-27,0.3229385018348694
2023-12-28,0.33216530084609985
2023-12-29,0.33216530084609985
2024-01-02,0.33216530084609985
2024-01-03,0.33216530084609985
2024-01-04,0.3229385018348694
2024-01-05,0.31371167302131653
2024-01-08,0.33216530084609985
2024-01-09,0.3229385018348694
2024-01-10,0.3275519013404846
2024-01-11,0.3275519013404846
2024-01-12,0.31371167302131653
2024-01-15,0.31371167302131653
2024-01-16,0.31832510232925415
2024-01-17,0.31832510232925415
2024-01-18,0.3090982735157013
2024-01-19,0.29987144470214844
2024-01-22,0.29987144470214844
2024-01-23,0.29064464569091797
2024-01-24,0.2814178168773651
2024-01-25,0.27680444717407227
2024-01-29,0.2814178168773651
2024-01-30,0.28603124618530273
2024-01-31,0.28603124618530273
2024-02-01,0.2814178168773651
2024-02-02,0.28603124618530273
2024-02-05,0.28603124618530273
2024-02-06,0.28603124618530273
2024-02-07,0.27680444717407227
2024-02-08,0.2814178168773651
2024-02-09,0.2814178168773651
2024-02-12,0.27680444717407227
2024-02-13,0.2814178168773651
2024-02-14,0.29064464569091797
2024-02-15,0.2814178168773651
2024-02-16,0.28603124618530273
2024-02-19,0.27680444717407227
2024-02-20,0.28603124618530273
2024-02-21,0.28603124618530273
2024-02-22,0.30448487401008606
2024-02-23,0.30448487401008606
2024-02-26,0.2952580451965332
2024-02-27,0.2952580451965332
2024-02-28,0.29987144470214844
2024-02-29,0.31832510232925415
2024-03-01,0.3367787301540375
2024-03-04,0.3552323281764984
2024-03-05,0.3367787301540375
2024-03-06,0.3367787301540375
2024-03-07,0.3367787301540375
2024-03-08,0.3367787301540375
2024-03-11,0.34600552916526794
2024-03-12,0.36445915699005127
2024-03-13,0.36445915699005127
2024-03-14,0.3552323281764984
2024-03-15,0.35061895847320557
2024-03-18,0.35061895847320557
2024-03-19,0.33216530084609985
2024-03-20,0.3413921296596527
2024-03-21,0.3413921296596527
2024-03-22,0.3413921296596527
2024-03-25,0.3413921296596527
2024-03-26,0.34600552916526794
2024-03-27,0.3552323281764984
2024-03-28,0.3552323281764984
2024-04-02,0.34600552916526794
2024-04-03,0.3367787301540375
2024-04-04,0.35061895847320557
2024-04-05,0.3413921296596527
2024-04-08,0.35061895847320557
2024-04-09,0.35984572768211365
2024-04-10,0.35984572768211365
2024-04-11,0.3552323281764984
2024-04-12,0.35984572768211365
2024-04-15,0.35061895847320557
2024-04-16,0.3275519013404846
2024-04-17,0.3275519013404846
2024-04-18,0.3275519013404846
2024-04-19,0.3229385018348694
2024-04-22,0.3413921296596527
2024-04-23,0.35061895847320557
2024-04-24,0.3552323281764984
2024-04-26,0.378299355506897
2024-04-29,0.3967530131340027
2024-04-30,0.3967530131340027
2024-05-01,0.3690725862979889
2024-05-02,0.378299355506897
2024-05-03,0.3690725862979889
2024-05-06,0.3736859858036041
2024-05-07,0.38752618432044983
2024-05-08,0.3690725862979889
2024-05-09,0.5674490928649902
2024-05-10,0.6320367455482483
2024-05-13,0.7289183139801025
2024-05-14,0.7289183139801025
2024-05-15,0.7243049740791321
2024-05-16,0.6920110583305359
2024-05-17,0.6781708598136902
2024-05-20,0.673557460308075
2024-05-21,0.6827842593193054
2024-05-22,0.673557460308075
2024-05-23,0.6643306016921997
2024-05-24,0.6827842593193054
2024-05-27,0.673557460308075
2024-05-28,0.6320367455482483
2024-05-29,0.6458770036697388
2024-05-30,0.6458770036697388
2024-05-31,0.6551038026809692
2024-06-03,0.6920110583305359
2024-06-04,0.6643306016921997
2024-06-05,0.6827842593193054
2024-06-06,0.6643306016921997
2024-06-07,0.650490403175354
2024-06-11,0.5859026908874512
2024-06-12,0.5951294898986816
2024-06-13,0.5997428894042969
2024-06-14,0.6458770036697388
2024-06-17,0.673557460308075
2024-06-18,0.6873976588249207
2024-06-19,0.6920110583305359
2024-06-20,0.6920110583305359
2024-06-21,0.7104646563529968
2024-06-24,0.756598711013794
2024-06-25,0.7842792272567749
2024-06-26,0.8211864233016968
2024-06-27,0.8073462247848511
2024-06-28,0.8580936789512634
2024-07-01,0.7935060262680054
2024-07-02,0.8119596242904663
2024-07-03,0.8488669395446777
2024-07-04,0.8350266218185425
2024-07-05,0.8211864233016968
2024-07-08,0.7473719716072083
2024-07-09,0.8165730834007263
2024-07-10,0.7796657681465149
2024-07-11,0.7658255696296692
2024-07-12,0.761212170124054
2024-07-15,0.7796657681465149
2024-07-16,0.830413281917572
2024-07-17,0.853480339050293
2024-07-18,0.8857741355895996
2024-07-19,0.8673205375671387
2024-07-22,0.853480339050293
2024-07-23,0.8765473365783691
2024-07-24,0.8488669395446777
2024-07-25,0.8119596242904663
2024-07-26,0.7935060262680054
2024-07-29,0.7658255696296692
2024-07-30,0.7842792272567749
2024-07-31,0.8073462247848511
2024-08-01,0.8627071380615234
2024-08-02,0.8580936789512634
2024-08-05,0.7704389691352844
2024-08-06,0.7519853711128235
2024-08-07,0.6966244578361511
2024-08-08,0.6781708598136902
2024-08-09,0.6966244578361511
2024-08-12,0.6781708598136902
2024-08-13,0.7196914553642273
2024-08-14,0.6873976588249207
2024-08-15,0.7104646563529968
2024-08-16,0.7012379169464111
2024-08-19,0.7012379169464111
2024-08-20,0.5997428894042969
2024-08-21,0.535155177116394
2024-08-22,0.5766758918762207
2024-08-23,0.5536088943481445
2024-08-26,0.5213150382041931
2024-08-27,0.5028613805770874
2024-08-28,0.5028613805770874
2024-08-29,0.5120881795883179
2024-08-30,0.5443820357322693
2024-09-02,0.5443820357322693
2024-09-03,0.5348314642906189
2024-09-04,0.5443820357322693
2024-09-05,0.5491573214530945
2024-09-06,0.5587078332901001
2024-09-09,0.6112359762191772
2024-09-10,0.6207864880561829
2024-09-11,0.5921348333358765
2024-09-12,0.6160112023353577
2024-09-13,0.5969101190567017
2024-09-16,0.5825842618942261
2024-09-17,0.5682584643363953
2024-09-18,0.5539325475692749
2024-09-19,0.5730337500572205
2024-09-20,0.5634831190109253
2024-09-23,0.5634831190109253
2024-09-24,0.5587078332901001
2024-09-25,0.5634831190109253
2024-09-26,0.6160112023353577
2024-09-27,0.5778090357780457
2024-09-30,0.5969101190567017
2024-10-01,0.6398876905441284
2024-10-02,0.6255617737770081
2024-10-03,0.6351124048233032
2024-10-04,0.6016854047775269
2024-10-07,0.6255617737770081
2024-10-08,0.6016854047775269
2024-10-09,0.6446629166603088
2024-10-10,0.6589887738227844
2024-10-11,0.7115168571472168
2024-10-14,0.7306180000305176
2024-10-15,0.697191059589386
2024-10-16,0.6876404881477356
2024-10-17,0.6685393452644348
2024-10-18,0.6589887738227844
2024-10-21,0.6255617737770081
2024-10-22,0.606460690498352
2024-10-23,0.6207864880561829
2024-10-24,0.5921348333358765
2024-10-25,0.5825842618942261
2024-10-28,0.6398876905441284
2024-10-29,0.6398876905441284
2024-10-30,0.6016854047775269
2024-10-31,0.6112359762191772
2024-11-01,0.5873595476150513
2024-11-04,0.6016854047775269
2024-11-05,0.5587078332901001
2024-11-06,0.5825842618942261
2024-11-07,0.5825842618942261
2024-11-08,0.5825842618942261
2024-11-11,0.5825842618942261
2024-11-12,0.5921348333358765
2024-11-13,0.5682584643363953
2024-11-14,0.5634831190109253
2024-11-15,0.5969101190567017
2024-11-18,0.5778090357780457
2024-11-19,0.5730337500572205
2024-11-20,0.5825842618942261
2024-11-21,0.5634831190109253
2024-11-22,0.5587078332901001
2024-11-25,0.5730337500572205
2024-11-26,0.5205056667327881
2024-11-27,0.4918539226055145
2024-11-28,0.5014044642448425
2024-11-29,0.5109550952911377
2024-12-02,0.5061797499656677
2024-12-03,0.5061797499656677
2024-12-04,0.4966292083263397
2024-12-05,0.5157303810119629
2024-12-06,0.5014044642448425
2024-12-09,0.48707863688468933
2024-12-10,0.4918539226055145
2024-12-11,0.5061797499656677
2024-12-12,0.5014044642448425
2024-12-13,0.5014044642448425
2024-12-16,0.5109550952911377
2024-12-17,0.5014044642448425
2024-12-18,0.5205056667327881
2024-12-19,0.5205056667327881
2024-12-20,0.5205056667327881
2024-12-23,0.43932586908340454
2024-12-24,0.42977526783943176
2024-12-27,0.42022472620010376
2024-12-30,0.42022472620010376
2024-12-31,0.42977526783943176
2025-01-02,0.42500001192092896
2025-01-03,0.41544944047927856
2025-01-06,0.42500001192092896
2025-01-07,0.42500001192092896
2025-01-08,0.391573041677475
2025-01-09,0.44887641072273254
2025-01-10,0.42022472620010376
2025-01-13,0.40589889883995056
2025-01-14,0.401123583316803
2025-01-15,0.3963482975959778
2025-01-16,0.43932586908340454
2025-01-17,0.42022472620010376
2025-01-20,0.41544944047927856
2025-01-21,0.401123583316803
2025-01-22,0.40589889883995056
2025-01-23,0.401123583316803
2025-01-24,0.401123583316803
2025-01-28,0.3867977559566498
2025-01-29,0.3820224702358246
2025-01-30,0.3867977559566498
2025-01-31,0.391573041677475
2025-02-03,0.391573041677475
2025-02-04,0.42022472620010376
2025-02-05,0.401123583316803
2025-02-06,0.42022472620010376
2025-02-07,0.3963482975959778
2025-02-10,0.40589889883995056
2025-02-11,0.40589889883995056
2025-02-12,0.41067415475845337
2025-02-13,0.42500001192092896
2025-02-14,0.42022472620010376
2025-02-17,0.42977526783943176
2025-02-18,0.42977526783943176
2025-02-19,0.44410112500190735
2025-02-20,0.42022472620010376
2025-02-21,0.401123583316803
2025-02-24,0.391573041677475
2025-02-25,0.3820224702358246
2025-02-26,0.3867977559566498
2025-02-27,0.3533707857131958
2025-02-28,0.3629213571548462
2025-03-03,0.3629213571548462
2025-03-04,0.348595529794693
2025-03-05,0.3533707857131958
2025-03-06,0.3629213571548462
2025-03-07,0.3533707857131958
2025-03-10,0.3533707857131958
2025-03-11,0.3438202440738678
2025-03-12,0.358146071434021
2025-03-13,0.3533707857131958
2025-03-14,0.367696613073349
2025-03-17,0.3772472143173218
2025-03-18,0.3772472143173218
2025-03-19,0.3724718987941742
2025-03-20,0.391573041677475
2025-03-21,0.3867977559566498
2025-03-24,0.3724718987941742
2025-03-25,0.367696613073349
2025-03-26,0.3629213571548462
2025-03-27,0.391573041677475
2025-03-28,0.42022472620010376
2025-03-31,0.40589889883995056
2025-04-01,0.45842695236206055
2025-04-02,0.42977526783943176
2025-04-03,0.42977526783943176
2025-04-04,0.42022472620010376
2025-04-07,0.3963482975959778
2025-04-08,0.401123583316803
2025-04-09,0.3772472143173218
2025-04-10,0.3963482975959778
2025-04-11,0.41067415475845337
2025-04-14,0.3963482975959778
2025-04-15,0.3963482975959778
2025-04-16,0.41544944047927856
2025-04-17,0.42022472620010376
2025-04-22,0.41544944047927856
2025-04-23,0.41067415475845337
2025-04-24,0.41544944047927856
2025-04-28,0.41544944047927856
2025-04-29,0.391573041677475
2025-04-30,0.391573041677475
2025-05-01,0.40589889883995056
2025-05-02,0.401123583316803
2025-05-05,0.43932586908340454
2025-05-06,0.43932586908340454
2025-05-07,0.45365169644355774
2025-05-08,0.44410112500190735
2025-05-09,0.48707863688468933
2025-05-12,0.44410112500190735
2025-05-13,0.4679775536060333
2025-05-14,0.44887641072273254
2025-05-15,0.45365169644355774
2025-05-16,0.43455058336257935
2025-05-19,0.43455058336257935
2025-05-20,0.43932586908340454
2025-05-21,0.43932586908340454
2025-05-22,0.42977526783943176
2025-05-23,0.43932586908340454
2025-05-26,0.43932586908340454
2025-05-27,0.43932586908340454
2025-05-28,0.42977526783943176
2025-05-29,0.42022472620010376
2025-05-30,0.42022472620010376
2025-06-02,0.42977526783943176
2025-06-03,0.401123583316803
2025-06-04,0.401123583316803
2025-06-05,0.42977526783943176
2025-06-06,0.42977526783943176
2025-06-10,0.41544944047927856
2025-06-11,0.40589889883995056
2025-06-12,0.401123583316803
2025-06-13,0.391573041677475
2025-06-16,0.3867977559566498
2025-06-17,0.3867977559566498
2025-06-18,0.3820224702358246
2025-06-19,0.3867977559566498
2025-06-20,0.3820224702358246
2025-06-23,0.3820224702358246
2025-06-24,0.3820224702358246
2025-06-25,0.391573041677475
2025-06-26,0.391573041677475
2025-06-27,0.41067415475845337
2025-06-30,0.3963482975959778
2025-07-01,0.40589889883995056
2025-07-02,0.42500001192092896
2025-07-03,0.41067415475845337
2025-07-04,0.40589889883995056
2025-07-07,0.41067415475845337
2025-07-08,0.41544944047927856
2025-07-09,0.41544944047927856
2025-07-10,0.42977526783943176
2025-07-11,0.44887641072273254
2025-07-14,0.47275280952453613
2025-07-15,0.47275280952453613
2025-07-16,0.4679775536060333
2025-07-17,0.401123583316803
2025-07-18,0.41067415475845337
2025-07-21,0.42500001192092896
2025-07-22,0.41067415475845337
2025-07-23,0.401123583316803
2025-07-24,0.41544944047927856
2025-07-25,0.401123583316803
2025-07-28,0.3963482975959778
2025-07-29,0.3963482975959778
2025-07-30,0.3963482975959778
2025-07-31,0.3963482975959778
2025-08-01,0.3867977559566498
2025-08-04,0.3867977559566498
2025-08-05,0.3963482975959778
2025-08-06,0.3867977559566498
2025-08-07,0.3963482975959778
2025-08-08,0.3963482975959778
2025-08-11,0.43932586908340454
2025-08-12,0.47275280952453613
2025-08-13,0.45842695236206055
2025-08-14,0.46320226788520813
2025-08-15,0.45842695236206055
2025-08-18,0.44410112500190735
2025-08-19,0.44887641072273254
2025-08-20,0.43455058336257935
2025-08-21,0.43932586908340454
2025-08-22,0.43455058336257935
2025-08-25,0.43455058336257935
2025-08-26,0.41067415475845337
2025-08-27,0.41544944047927856
2025-08-28,0.42022472620010376
2025-08-29,0.42022472620010376
2025-09-01,0.42977526783943176
2025-09-02,0.42500001192092896
2025-09-03,0.41999998688697815
2025-09-04,0.41999998688697815
2025-09-05,0.4300000071525574
2025-09-08,0.4300000071525574
2025-09-09,0.41999998688697815
2025-09-10,0.4099999964237213
2025-09-11,0.41499999165534973
2025-09-12,0.39500001072883606
2025-09-15,0.38999998569488525
2025-09-16,0.39500001072883606
2025-09-17,0.4099999964237213
2025-09-18,0.38999998569488525
2025-09-19,0.38999998569488525
2025-09-22,0.38499999046325684
2025-09-23,0.38499999046325684
2025-09-24,0.38499999046325684
2025-09-25,0.375
2025-09-26,0.375
2025-09-29,0.3799999952316284
2025-09-30,0.3799999952316284
2025-10-01,0.375
2025-10-02,0.3799999952316284
2025-10-03,0.375
2025-10-06,0.3700000047683716
2025-10-07,0.3700000047683716
2025-10-08,0.36500000953674316
2025-10-09,0.375
2025-10-10,0.3700000047683716
2025-10-13,0.36500000953674316
2025-10-14,0.3700000047683716
2025-10-15,0.36000001430511475
2025-10-16,0.36000001430511475
2025-10-17,0.36000001430511475
2025-10-20,0.36000001430511475
2025-10-21,0.36500000953674316
2025-10-22,0.36500000953674316
2025-10-23,0.375
2025-10-24,0.38499999046325684
2025-10-27,0.375
2025-10-28,0.38499999046325684
2025-10-29,0.375
2025-10-30,0.375
2025-10-31,0.375
2025-11-03,0.375
2025-11-04,0.3700000047683716
2025-11-05,0.36500000953674316
2025-11-06,0.3700000047683716
2025-11-07,0.36500000953674316
2025-11-10,0.375
2025-11-11,0.36500000953674316
2025-11-12,0.36500000953674316
2025-11-13,0.36000001430511475
2025-11-14,0.3050000071525574
2025-11-17,0.2750000059604645
2025-11-18,0.27000001072883606
2025-11-19,0.29499998688697815
2025-11-20,0.33000001311302185
2025-11-21,0.28999999165534973
2025-11-24,0.29499998688697815
2025-11-25,0.3050000071525574
2025-11-26,0.3149999976158142
2025-11-27,0.3100000023841858
2025-11-28,0.3050000071525574
2025-12-01,0.3199999928474426
2025-12-02,0.3449999988079071
2025-12-03,0.33500000834465027
2025-12-04,0.3449999988079071
2025-12-05,0.3400000035762787
2025-12-08,0.3449999988079071
2025-12-09,0.3449999988079071
2025-12-10,0.35499998927116394
2025-12-11,0.33500000834465027
2025-12-12,0.3449999988079071
2025-12-15,0.35499998927116394
2025-12-16,0.32499998807907104
2025-12-17,0.33000001311302185
2025-12-18,0.33500000834465027
2025-12-19,0.33000001311302185
2025-12-22,0.33500000834465027
2025-12-23,0.3400000035762787
2025-12-24,0.33500000834465027
2025-12-29,0.35499998927116394
2025-12-30,0.3499999940395355
2025-12-31,0.3499999940395355
2026-01-02,0.3400000035762787
2026-01-05,0.3499999940395355
2026-01-06,0.33000001311302185
2026-01-07,0.3199999928474426
2026-01-08,0.33000001311302185
2026-01-09,0.32499998807907104
2026-01-12,0.33000001311302185
2026-01-13,0.33000001311302185
2026-01-14,0.32499998807907104
2026-01-15,0.33500000834465027
2026-01-16,0.3400000035762787
2026-01-19,0.33500000834465027
2026-01-20,0.33000001311302185
2026-01-21,0.32499998807907104
2026-01-22,0.32499998807907104
2026-01-23,0.3199999928474426
2026-01-27,0.3400000035762787
2026-01-28,0.3400000035762787
2026-01-29,0.33500000834465027
2026-01-30,0.33500000834465027
2026-02-02,0.3400000035762787
2026-02-03,0.33500000834465027
2026-02-04,0.33000001311302185
2026-02-05,0.3199999928474426
2026-02-06,0.30000001192092896
2026-02-09,0.33500000834465027
2026-02-10,0.33000001311302185
2026-02-11,0.3199999928474426
2026-02-12,0.3199999928474426
2026-02-13,0.32499998807907104
2026-02-16,0.3199999928474426
2026-02-17,0.3149999976158142
2026-02-18,0.3149999976158142
2026-02-19,0.3149999976158142
2026-02-20,0.3100000023841858
2026-02-23,0.3100000023841858
2026-02-24,0.3149999976158142
2026-02-25,0.3199999928474426
2026-02-26,0.28999999165534973
2026-02-27,0.29499998688697815
2026-03-02,0.29499998688697815
2026-03-03,0.29499998688697815
2026-03-04,0.30000001192092896
2026-03-05,0.28999999165534973
2026-03-06,0.3050000071525574
2026-03-09,0.29499998688697815
2026-03-10,0.3050000071525574
2026-03-11,0.3100000023841858
2026-03-12,0.30000001192092896
2026-03-13,0.29499998688697815
2026-03-16,0.29499998688697815
2026-03-17,0.30000001192092896
2026-03-18,0.3149999976158142
2026-03-19,0.3149999976158142
2026-03-20,0.3100000023841858
2026-03-23,0.3050000071525574
2026-03-24,0.30000001192092896
2026-03-25,0.30000001192092896
2026-03-26,0.30000001192092896
2026-03-27,0.30000001192092896
2026-03-30,0.3050000071525574
2026-03-31,0.3050000071525574
2026-04-01,0.3050000071525574
2026-04-02,0.30000001192092896
2026-04-07,0.30250000953674316
2026-04-08,0.30000001192092896
2026-04-09,0.30000001192092896
2026-04-10,0.30000001192092896
2026-04-13,0.3100000023841858
2026-04-14,0.3050000071525574
2026-04-15,0.3100000023841858
2026-04-16,0.30000001192092896
2026-04-17,0.30000001192092896
2026-04-20,0.3050000071525574
2026-04-21,0.3050000071525574
2026-04-22,0.3050000071525574
2026-04-23,0.30000001192092896
2026-04-24,0.29499998688697815
2026-04-27,0.30000001192092896
2026-04-28,0.29750001430511475
2026-04-29,0.29499998688697815
2026-04-30,0.29499998688697815
2026-05-01,0.3050000071525574
2026-05-04,0.3050000071525574
2026-05-05,0.3050000071525574
2026-05-06,0.3050000071525574
2026-05-07,0.30000001192092896
2026-05-08,0.3050000071525574
2026-05-11,0.30000001192092896
2026-05-12,0.3050000071525574
2026-05-13,0.30000001192092896
2026-05-14,0.30000001192092896
2026-05-15,0.30000001192092896
2026-05-18,0.30000001192092896
2026-05-19,0.30000001192092896
2026-05-20,0.30000001192092896
2026-05-21,0.30000001192092896
2026-05-22,0.30000001192092896
2026-05-25,0.30000001192092896
2026-05-26,0.30000001192092896
2026-05-27,0.30000001192092896
2026-05-28,0.30000001192092896
2026-05-29,0.30000001192092896
2026-06-01,0.29499998688697815
2026-06-02,0.29499998688697815
2026-06-03,0.28999999165534973
2026-06-04,0.28999999165534973
2026-06-05,0.28999999165534973
2026-06-09,0.28999999165534973
2026-06-10,0.29499998688697815
2026-06-11,0.2849999964237213
2026-06-12,0.2849999964237213
2026-06-15,0.2750000059604645
2026-06-16,0.2800000011920929
2026-06-17,0.2849999964237213
2026-06-18,0.2800000011920929
2026-06-19,0.2800000011920929
2026-06-22,0.2800000011920929
2026-06-23,0.2800000011920929
2026-06-24,0.2800000011920929
2026-06-25,0.2800000011920929
2026-06-26,0.2800000011920929
2026-06-29,0.2800000011920929
2026-06-30,0.27000001072883606
2026-07-01,0.27000001072883606
2026-07-02,0.28999999165534973
2026-07-03,0.2750000059604645
2026-07-06,0.27000001072883606
2026-07-07,0.27000001072883606
2026-07-08,0.27000001072883606
2026-07-09,0.2800000011920929
2026-07-10,0.27000001072883606
2026-07-13,0.2750000059604645
2026-07-14,0.30000001192092896
2026-07-15,0.29499998688697815
2026-07-16,0.28999999165534973
2026-07-17,0.2849999964237213
2026-07-20,0.30000001192092896
2026-07-21,0.29499998688697815
2026-07-22,0.3050000071525574
2026-07-23,0.3050000071525574
2026-07-24,0.29499998688697815
2026-07-27,0.29499998688697815
2026-07-28,0.29499998688697815
2026-07-29,0.29499998688697815
2026-07-30,0.29750001430511475
2026-07-31,0.29499998688697815
2026-08-03,0.29499998688697815
2026-08-04,0.29499998688697815
2026-08-05,0.30000001192092896
2026-08-06,0.30000001192092896
2026-08-07,0.30000001192092896
2026-08-10,0.30000001192092896
2026-08-11,0.30000001192092896
2026-08-12,0.30000001192092896
2026-08-13,0.30000001192092896
2026-08-14,0.29499998688697815
2026-08-17,0.28999999165534973
2026-08-18,0.3199999928474426
2026-08-19,0.29499998688697815
2026-08-20,0.29499998688697815
2026-08-21,0.29499998688697815
2026-08-24,0.28999999165534973
2026-08-25,0.28999999165534973
2026-08-26,0.29499998688697815
2026-08-27,0.33500000834465027
2026-08-28,0.3400000035762787
