Date,close
1988-04-29,0.09737921506166458
1988-05-02,0.09737921506166458
1988-05-03,0.09737921506166458
1988-05-04,0.09737921506166458
1988-05-05,0.09737921506166458
1988-05-06,0.09737921506166458
1988-05-09,0.09737921506166458
1988-05-10,0.09737921506166458
1988-05-11,0.09737921506166458
1988-05-12,0.09737921506166458
1988-05-13,0.09737921506166458
1988-05-16,0.09737921506166458
1988-05-17,0.09737921506166458
1988-05-18,0.09737921506166458
1988-05-19,0.09737921506166458
1988-05-20,0.09737921506166458
1988-05-23,0.09737921506166458
1988-05-24,0.09737921506166458
1988-05-25,0.09737921506166458
1988-05-26,0.09737921506166458
1988-05-27,0.09737921506166458
1988-05-30,0.09737921506166458
1988-05-31,0.09737921506166458
1988-06-01,0.09737921506166458
1988-06-02,0.09737921506166458
1988-06-03,0.09737921506166458
1988-06-06,0.09737921506166458
1988-06-07,0.09737921506166458
1988-06-08,0.09737921506166458
1988-06-09,0.09737921506166458
1988-06-10,0.09737921506166458
1988-06-13,0.09737921506166458
1988-06-14,0.09737921506166458
1988-06-15,0.09737921506166458
1988-06-16,0.09737921506166458
1988-06-17,0.09737921506166458
1988-06-20,0.09737921506166458
1988-06-21,0.09737921506166458
1988-06-22,0.09737921506166458
1988-06-23,0.09737921506166458
1988-06-24,0.09737921506166458
1988-06-27,0.09737921506166458
1988-06-28,0.09737921506166458
1988-06-29,0.09737921506166458
1988-06-30,0.11563771218061447
1988-07-01,0.11563771218061447
1988-07-04,0.11563771218061447
1988-07-05,0.11563771218061447
1988-07-06,0.11563771218061447
1988-07-07,0.11563771218061447
1988-07-08,0.11563771218061447
1988-07-11,0.11563771218061447
1988-07-12,0.11563771218061447
1988-07-13,0.11563771218061447
1988-07-14,0.11563771218061447
1988-07-15,0.11563771218061447
1988-07-18,0.11563771218061447
1988-07-19,0.11563771218061447
1988-07-20,0.11563771218061447
1988-07-21,0.11563771218061447
1988-07-22,0.11563771218061447
1988-07-25,0.11563771218061447
1988-07-26,0.11563771218061447
1988-07-27,0.11563771218061447
1988-07-28,0.11563771218061447
1988-07-29,0.10346536338329315
1988-08-01,0.10346536338329315
1988-08-02,0.10346536338329315
1988-08-03,0.10346536338329315
1988-08-04,0.10346536338329315
1988-08-05,0.10346536338329315
1988-08-08,0.10346536338329315
1988-08-09,0.10346536338329315
1988-08-10,0.10346536338329315
1988-08-11,0.10346536338329315
1988-08-12,0.10346536338329315
1988-08-15,0.10346536338329315
1988-08-16,0.10346536338329315
1988-08-17,0.10346536338329315
1988-08-18,0.10346536338329315
1988-08-19,0.10346536338329315
1988-08-22,0.10346536338329315
1988-08-23,0.10346536338329315
1988-08-24,0.10346536338329315
1988-08-25,0.10346536338329315
1988-08-26,0.10346536338329315
1988-08-29,0.10346536338329315
1988-08-30,0.10346536338329315
1988-08-31,0.10346536338329315
1988-09-01,0.10346536338329315
1988-09-02,0.10346536338329315
1988-09-05,0.10346536338329315
1988-09-06,0.10346536338329315
1988-09-07,0.10346536338329315
1988-09-08,0.10346536338329315
1988-09-09,0.10346536338329315
1988-09-12,0.10346536338329315
1988-09-13,0.10346536338329315
1988-09-14,0.10346536338329315
1988-09-15,0.10346536338329315
1988-09-16,0.10346536338329315
1988-09-19,0.10346536338329315
1988-09-20,0.10346536338329315
1988-09-21,0.10346536338329315
1988-09-22,0.10346536338329315
1988-09-23,0.10346536338329315
1988-09-26,0.10346536338329315
1988-09-27,0.10346536338329315
1988-09-28,0.10346536338329315
1988-09-29,0.10346536338329315
1988-09-30,0.09129304438829422
1988-10-03,0.09129304438829422
1988-10-04,0.09129304438829422
1988-10-05,0.09129304438829422
1988-10-06,0.09129304438829422
1988-10-07,0.09129304438829422
1988-10-10,0.09129304438829422
1988-10-11,0.09129304438829422
1988-10-12,0.09129304438829422
1988-10-13,0.09129304438829422
1988-10-14,0.09129304438829422
1988-10-17,0.09129304438829422
1988-10-18,0.09129304438829422
1988-10-19,0.09129304438829422
1988-10-20,0.09129304438829422
1988-10-21,0.09129304438829422
1988-10-24,0.09129304438829422
1988-10-25,0.09129304438829422
1988-10-26,0.09129304438829422
1988-10-27,0.09129304438829422
1988-10-28,0.09129304438829422
1988-10-31,0.048689257353544235
1988-11-01,0.048689257353544235
1988-11-02,0.048689257353544235
1988-11-03,0.048689257353544235
1988-11-04,0.048689257353544235
1988-11-07,0.048689257353544235
1988-11-08,0.048689257353544235
1988-11-09,0.048689257353544235
1988-11-10,0.048689257353544235
1988-11-11,0.048689257353544235
1988-11-14,0.048689257353544235
1988-11-15,0.048689257353544235
1988-11-16,0.048689257353544235
1988-11-17,0.048689257353544235
1988-11-18,0.048689257353544235
1988-11-21,0.048689257353544235
1988-11-22,0.048689257353544235
1988-11-23,0.048689257353544235
1988-11-24,0.048689257353544235
1988-11-25,0.048689257353544235
1988-11-28,0.048689257353544235
1988-11-29,0.048689257353544235
1988-11-30,0.048689257353544235
1988-12-01,0.048689257353544235
1988-12-02,0.048689257353544235
1988-12-05,0.048689257353544235
1988-12-06,0.048689257353544235
1988-12-07,0.048689257353544235
1988-12-08,0.048689257353544235
1988-12-09,0.048689257353544235
1988-12-12,0.048689257353544235
1988-12-13,0.048689257353544235
1988-12-14,0.048689257353544235
1988-12-15,0.048689257353544235
1988-12-16,0.048689257353544235
1988-12-19,0.048689257353544235
1988-12-20,0.048689257353544235
1988-12-21,0.048689257353544235
1988-12-22,0.048689257353544235
1988-12-23,0.048689257353544235
1988-12-26,0.048689257353544235
1988-12-27,0.048689257353544235
1988-12-28,0.048689257353544235
1988-12-29,0.048689257353544235
1988-12-30,0.048689257353544235
1989-01-02,0.048689257353544235
1989-01-03,0.048689257353544235
1989-01-04,0.048689257353544235
1989-01-05,0.048689257353544235
1989-01-06,0.048689257353544235
1989-01-09,0.048689257353544235
1989-01-10,0.048689257353544235
1989-01-11,0.048689257353544235
1989-01-12,0.048689257353544235
1989-01-13,0.048689257353544235
1989-01-16,0.048689257353544235
1989-01-17,0.048689257353544235
1989-01-18,0.048689257353544235
1989-01-19,0.048689257353544235
1989-01-20,0.048689257353544235
1989-01-23,0.048689257353544235
1989-01-24,0.048689257353544235
1989-01-25,0.048689257353544235
1989-01-26,0.048689257353544235
1989-01-27,0.048689257353544235
1989-01-30,0.048689257353544235
1989-01-31,0.048689257353544235
1989-02-01,0.048689257353544235
1989-02-02,0.048689257353544235
1989-02-03,0.048689257353544235
1989-02-06,0.048689257353544235
1989-02-07,0.048689257353544235
1989-02-08,0.048689257353544235
1989-02-09,0.048689257353544235
1989-02-10,0.048689257353544235
1989-02-13,0.048689257353544235
1989-02-14,0.048689257353544235
1989-02-15,0.048689257353544235
1989-02-16,0.048689257353544235
1989-02-17,0.048689257353544235
1989-02-20,0.048689257353544235
1989-02-21,0.048689257353544235
1989-02-22,0.048689257353544235
1989-02-23,0.048689257353544235
1989-02-24,0.048689257353544235
1989-02-27,0.048689257353544235
1989-02-28,0.036516934633255005
1989-03-01,0.036516934633255005
1989-03-02,0.036516934633255005
1989-03-03,0.036516934633255005
1989-03-06,0.036516934633255005
1989-03-07,0.036516934633255005
1989-03-08,0.036516934633255005
1989-03-09,0.036516934633255005
1989-03-10,0.036516934633255005
1989-03-13,0.036516934633255005
1989-03-14,0.036516934633255005
1989-03-15,0.036516934633255005
1989-03-16,0.036516934633255005
1989-03-17,0.036516934633255005
1989-03-20,0.036516934633255005
1989-03-21,0.036516934633255005
1989-03-22,0.036516934633255005
1989-03-23,0.036516934633255005
1989-03-24,0.036516934633255005
1989-03-27,0.036516934633255005
1989-03-28,0.036516934633255005
1989-03-29,0.036516934633255005
1989-03-30,0.036516934633255005
1989-03-31,0.036516934633255005
1989-04-03,0.036516934633255005
1989-04-04,0.036516934633255005
1989-04-05,0.036516934633255005
1989-04-06,0.036516934633255005
1989-04-07,0.036516934633255005
1989-04-10,0.036516934633255005
1989-04-11,0.036516934633255005
1989-04-12,0.036516934633255005
1989-04-13,0.036516934633255005
1989-04-14,0.036516934633255005
1989-04-17,0.036516934633255005
1989-04-18,0.036516934633255005
1989-04-19,0.036516934633255005
1989-04-20,0.036516934633255005
1989-04-21,0.036516934633255005
1989-04-24,0.036516934633255005
1989-04-25,0.036516934633255005
1989-04-26,0.036516934633255005
1989-04-27,0.036516934633255005
1989-04-28,0.060861580073833466
1989-05-01,0.060861580073833466
1989-05-02,0.060861580073833466
1989-05-03,0.060861580073833466
1989-05-04,0.060861580073833466
1989-05-05,0.060861580073833466
1989-05-08,0.060861580073833466
1989-05-09,0.060861580073833466
1989-05-10,0.060861580073833466
1989-05-11,0.060861580073833466
1989-05-12,0.060861580073833466
1989-05-15,0.060861580073833466
1989-05-16,0.060861580073833466
1989-05-17,0.060861580073833466
1989-05-18,0.060861580073833466
1989-05-19,0.060861580073833466
1989-05-22,0.060861580073833466
1989-05-23,0.060861580073833466
1989-05-24,0.060861580073833466
1989-05-25,0.060861580073833466
1989-05-26,0.060861580073833466
1989-05-29,0.060861580073833466
1989-05-30,0.060861580073833466
1989-05-31,0.07303457707166672
1989-06-01,0.07303457707166672
1989-06-02,0.07303457707166672
1989-06-05,0.07303457707166672
1989-06-06,0.07303457707166672
1989-06-07,0.07303457707166672
1989-06-08,0.07303457707166672
1989-06-09,0.07303457707166672
1989-06-12,0.07303457707166672
1989-06-13,0.07303457707166672
1989-06-14,0.07303457707166672
1989-06-15,0.07303457707166672
1989-06-16,0.07303457707166672
1989-06-19,0.07303457707166672
1989-06-20,0.07303457707166672
1989-06-21,0.07303457707166672
1989-06-22,0.07303457707166672
1989-06-23,0.07303457707166672
1989-06-26,0.07303457707166672
1989-06-27,0.07303457707166672
1989-06-28,0.07303457707166672
1989-06-29,0.07303457707166672
1989-06-30,0.06694774329662323
1989-07-03,0.06694774329662323
1989-07-04,0.06694774329662323
1989-07-05,0.06694774329662323
1989-07-06,0.06694774329662323
1989-07-07,0.06694774329662323
1989-07-10,0.06694774329662323
1989-07-11,0.06694774329662323
1989-07-12,0.06694774329662323
1989-07-13,0.06694774329662323
1989-07-14,0.06694774329662323
1989-07-17,0.06694774329662323
1989-07-18,0.06694774329662323
1989-07-19,0.06694774329662323
1989-07-20,0.06694774329662323
1989-07-21,0.06694774329662323
1989-07-24,0.06694774329662323
1989-07-25,0.06694774329662323
1989-07-26,0.06694774329662323
1989-07-27,0.06694774329662323
1989-07-28,0.06694774329662323
1989-07-31,0.07303457707166672
1989-08-01,0.07303457707166672
1989-08-02,0.07303457707166672
1989-08-03,0.07303457707166672
1989-08-04,0.07303457707166672
1989-08-07,0.07303457707166672
1989-08-08,0.07303457707166672
1989-08-09,0.07303457707166672
1989-08-10,0.07303457707166672
1989-08-11,0.07303457707166672
1989-08-14,0.07303457707166672
1989-08-15,0.07303457707166672
1989-08-16,0.07303457707166672
1989-08-17,0.07303457707166672
1989-08-18,0.07303457707166672
1989-08-21,0.07303457707166672
1989-08-22,0.07303457707166672
1989-08-23,0.07303457707166672
1989-08-24,0.07303457707166672
1989-08-25,0.07303457707166672
1989-08-28,0.07303457707166672
1989-08-29,0.07303457707166672
1989-08-30,0.07303457707166672
1989-08-31,0.09129304438829422
1989-09-01,0.09129304438829422
1989-09-04,0.09129304438829422
1989-09-05,0.09129304438829422
1989-09-06,0.09129304438829422
1989-09-07,0.09129304438829422
1989-09-08,0.09129304438829422
1989-09-11,0.09129304438829422
1989-09-12,0.09129304438829422
1989-09-13,0.09129304438829422
1989-09-14,0.09129304438829422
1989-09-15,0.09129304438829422
1989-09-18,0.09129304438829422
1989-09-19,0.09129304438829422
1989-09-20,0.09129304438829422
1989-09-21,0.09129304438829422
1989-09-22,0.09129304438829422
1989-09-25,0.09129304438829422
1989-09-26,0.09129304438829422
1989-09-27,0.09129304438829422
1989-09-28,0.09129304438829422
1989-09-29,0.07303457707166672
1989-10-02,0.07303457707166672
1989-10-03,0.07303457707166672
1989-10-04,0.07303457707166672
1989-10-05,0.07303457707166672
1989-10-06,0.07303457707166672
1989-10-09,0.07303457707166672
1989-10-10,0.07303457707166672
1989-10-11,0.07303457707166672
1989-10-12,0.07303457707166672
1989-10-13,0.07303457707166672
1989-10-16,0.07303457707166672
1989-10-17,0.07303457707166672
1989-10-18,0.07303457707166672
1989-10-19,0.07303457707166672
1989-10-20,0.07303457707166672
1989-10-23,0.07303457707166672
1989-10-24,0.07303457707166672
1989-10-25,0.07303457707166672
1989-10-26,0.07303457707166672
1989-10-27,0.07303457707166672
1989-10-30,0.07303457707166672
1989-10-31,0.060861580073833466
1989-11-01,0.060861580073833466
1989-11-02,0.060861580073833466
1989-11-03,0.060861580073833466
1989-11-06,0.060861580073833466
1989-11-07,0.060861580073833466
1989-11-08,0.060861580073833466
1989-11-09,0.060861580073833466
1989-11-10,0.060861580073833466
1989-11-13,0.060861580073833466
1989-11-14,0.060861580073833466
1989-11-15,0.060861580073833466
1989-11-16,0.060861580073833466
1989-11-17,0.060861580073833466
1989-11-20,0.060861580073833466
1989-11-21,0.060861580073833466
1989-11-22,0.060861580073833466
1989-11-23,0.060861580073833466
1989-11-24,0.060861580073833466
1989-11-27,0.060861580073833466
1989-11-28,0.060861580073833466
1989-11-29,0.060861580073833466
1989-11-30,0.10955152660608292
1989-12-01,0.10955152660608292
1989-12-04,0.10955152660608292
1989-12-05,0.10955152660608292
1989-12-06,0.10955152660608292
1989-12-07,0.10955152660608292
1989-12-08,0.10955152660608292
1989-12-11,0.10955152660608292
1989-12-12,0.10955152660608292
1989-12-13,0.10955152660608292
1989-12-14,0.10955152660608292
1989-12-15,0.10955152660608292
1989-12-18,0.10955152660608292
1989-12-19,0.10955152660608292
1989-12-20,0.10955152660608292
1989-12-21,0.10955152660608292
1989-12-22,0.10955152660608292
1989-12-25,0.10955152660608292
1989-12-26,0.10955152660608292
1989-12-27,0.10955152660608292
1989-12-28,0.10955152660608292
1989-12-29,0.07912075519561768
1990-01-01,0.07912075519561768
1990-01-02,0.07912075519561768
1990-01-03,0.07912075519561768
1990-01-04,0.07912075519561768
1990-01-05,0.07912075519561768
1990-01-08,0.07912075519561768
1990-01-09,0.07912075519561768
1990-01-10,0.07912075519561768
1990-01-11,0.07912075519561768
1990-01-12,0.07912075519561768
1990-01-15,0.07912075519561768
1990-01-16,0.07912075519561768
1990-01-17,0.07912075519561768
1990-01-18,0.07912075519561768
1990-01-19,0.07912075519561768
1990-01-22,0.07912075519561768
1990-01-23,0.07912075519561768
1990-01-24,0.07912075519561768
1990-01-25,0.07912075519561768
1990-01-26,0.07912075519561768
1990-01-29,0.07912075519561768
1990-01-30,0.07912075519561768
1990-01-31,0.07912075519561768
1990-02-01,0.07912075519561768
1990-02-02,0.07912075519561768
1990-02-05,0.07912075519561768
1990-02-06,0.07912075519561768
1990-02-07,0.07912075519561768
1990-02-08,0.07912075519561768
1990-02-09,0.07912075519561768
1990-02-12,0.07912075519561768
1990-02-13,0.07912075519561768
1990-02-14,0.07912075519561768
1990-02-15,0.07912075519561768
1990-02-16,0.07912075519561768
1990-02-19,0.07912075519561768
1990-02-20,0.07912075519561768
1990-02-21,0.07912075519561768
1990-02-22,0.07912075519561768
1990-02-23,0.07912075519561768
1990-02-26,0.07912075519561768
1990-02-27,0.07912075519561768
1990-02-28,0.07912075519561768
1990-03-01,0.07912075519561768
1990-03-02,0.07912075519561768
1990-03-05,0.07912075519561768
1990-03-06,0.07912075519561768
1990-03-07,0.07912075519561768
1990-03-08,0.07912075519561768
1990-03-09,0.07912075519561768
1990-03-12,0.07912075519561768
1990-03-13,0.07912075519561768
1990-03-14,0.07912075519561768
1990-03-15,0.07912075519561768
1990-03-16,0.07912075519561768
1990-03-19,0.07912075519561768
1990-03-20,0.07912075519561768
1990-03-21,0.07912075519561768
1990-03-22,0.07912075519561768
1990-03-23,0.07912075519561768
1990-03-26,0.07912075519561768
1990-03-27,0.07912075519561768
1990-03-28,0.07912075519561768
1990-03-29,0.07912075519561768
1990-03-30,0.08520689606666565
1990-04-02,0.08520689606666565
1990-04-03,0.08520689606666565
1990-04-04,0.08520689606666565
1990-04-05,0.08520689606666565
1990-04-06,0.08520689606666565
1990-04-09,0.08520689606666565
1990-04-10,0.08520689606666565
1990-04-11,0.08520689606666565
1990-04-12,0.08520689606666565
1990-04-13,0.08520689606666565
1990-04-16,0.08520689606666565
1990-04-17,0.08520689606666565
1990-04-18,0.08520689606666565
1990-04-19,0.08520689606666565
1990-04-20,0.08520689606666565
1990-04-23,0.08520689606666565
1990-04-24,0.08520689606666565
1990-04-25,0.08520689606666565
1990-04-26,0.08520689606666565
1990-04-27,0.08520689606666565
1990-04-30,0.07912075519561768
1990-05-01,0.07912075519561768
1990-05-02,0.07912075519561768
1990-05-03,0.07912075519561768
1990-05-04,0.07912075519561768
1990-05-07,0.07912075519561768
1990-05-08,0.07912075519561768
1990-05-09,0.07912075519561768
1990-05-10,0.07912075519561768
1990-05-11,0.07912075519561768
1990-05-14,0.07912075519561768
1990-05-15,0.07912075519561768
1990-05-16,0.07912075519561768
1990-05-17,0.07912075519561768
1990-05-18,0.07912075519561768
1990-05-21,0.07912075519561768
1990-05-22,0.07912075519561768
1990-05-23,0.07912075519561768
1990-05-24,0.07912075519561768
1990-05-25,0.07912075519561768
1990-05-28,0.07912075519561768
1990-05-29,0.07912075519561768
1990-05-30,0.07912075519561768
1990-05-31,0.07912075519561768
1990-06-01,0.07912075519561768
1990-06-04,0.07912075519561768
1990-06-05,0.07912075519561768
1990-06-06,0.07912075519561768
1990-06-07,0.07912075519561768
1990-06-08,0.07912075519561768
1990-06-11,0.07912075519561768
1990-06-12,0.07912075519561768
1990-06-13,0.07912075519561768
1990-06-14,0.07912075519561768
1990-06-15,0.07912075519561768
1990-06-18,0.07912075519561768
1990-06-19,0.07912075519561768
1990-06-20,0.07912075519561768
1990-06-21,0.07912075519561768
1990-06-22,0.07912075519561768
1990-06-25,0.07912075519561768
1990-06-26,0.07912075519561768
1990-06-27,0.07912075519561768
1990-06-28,0.07912075519561768
1990-06-29,0.048689257353544235
1990-07-02,0.048689257353544235
1990-07-03,0.048689257353544235
1990-07-04,0.048689257353544235
1990-07-05,0.048689257353544235
1990-07-06,0.048689257353544235
1990-07-09,0.048689257353544235
1990-07-10,0.048689257353544235
1990-07-11,0.048689257353544235
1990-07-12,0.048689257353544235
1990-07-13,0.048689257353544235
1990-07-16,0.048689257353544235
1990-07-17,0.048689257353544235
1990-07-18,0.048689257353544235
1990-07-19,0.048689257353544235
1990-07-20,0.048689257353544235
1990-07-23,0.048689257353544235
1990-07-24,0.048689257353544235
1990-07-25,0.048689257353544235
1990-07-26,0.048689257353544235
1990-07-27,0.048689257353544235
1990-07-30,0.048689257353544235
1990-07-31,0.033473871648311615
1990-08-01,0.033473871648311615
1990-08-02,0.033473871648311615
1990-08-03,0.033473871648311615
1990-08-06,0.033473871648311615
1990-08-07,0.033473871648311615
1990-08-08,0.033473871648311615
1990-08-09,0.033473871648311615
1990-08-10,0.033473871648311615
1990-08-13,0.033473871648311615
1990-08-14,0.033473871648311615
1990-08-15,0.033473871648311615
1990-08-16,0.033473871648311615
1990-08-17,0.033473871648311615
1990-08-20,0.033473871648311615
1990-08-21,0.033473871648311615
1990-08-22,0.033473871648311615
1990-08-23,0.033473871648311615
1990-08-24,0.033473871648311615
1990-08-27,0.033473871648311615
1990-08-28,0.033473871648311615
1990-08-29,0.033473871648311615
1990-08-30,0.033473871648311615
1990-08-31,0.033473871648311615
1990-09-03,0.033473871648311615
1990-09-04,0.033473871648311615
1990-09-05,0.033473871648311615
1990-09-06,0.033473871648311615
1990-09-07,0.033473871648311615
1990-09-10,0.033473871648311615
1990-09-11,0.033473871648311615
1990-09-12,0.033473871648311615
1990-09-13,0.033473871648311615
1990-09-14,0.033473871648311615
1990-09-17,0.033473871648311615
1990-09-18,0.033473871648311615
1990-09-19,0.033473871648311615
1990-09-20,0.033473871648311615
1990-09-21,0.033473871648311615
1990-09-24,0.033473871648311615
1990-09-25,0.033473871648311615
1990-09-26,0.033473871648311615
1990-09-27,0.033473871648311615
1990-09-28,0.033473871648311615
1990-10-01,0.033473871648311615
1990-10-02,0.033473871648311615
1990-10-03,0.033473871648311615
1990-10-04,0.033473871648311615
1990-10-05,0.033473871648311615
1990-10-08,0.033473871648311615
1990-10-09,0.033473871648311615
1990-10-10,0.033473871648311615
1990-10-11,0.033473871648311615
1990-10-12,0.033473871648311615
1990-10-15,0.033473871648311615
1990-10-16,0.033473871648311615
1990-10-17,0.033473871648311615
1990-10-18,0.033473871648311615
1990-10-19,0.033473871648311615
1990-10-22,0.033473871648311615
1990-10-23,0.033473871648311615
1990-10-24,0.033473871648311615
1990-10-25,0.033473871648311615
1990-10-26,0.033473871648311615
1990-10-29,0.033473871648311615
1990-10-30,0.033473871648311615
1990-10-31,0.033473871648311615
1990-11-01,0.033473871648311615
1990-11-02,0.033473871648311615
1990-11-05,0.033473871648311615
1990-11-06,0.033473871648311615
1990-11-07,0.033473871648311615
1990-11-08,0.033473871648311615
1990-11-09,0.033473871648311615
1990-11-12,0.033473871648311615
1990-11-13,0.033473871648311615
1990-11-14,0.033473871648311615
1990-11-15,0.033473871648311615
1990-11-16,0.033473871648311615
1990-11-19,0.033473871648311615
1990-11-20,0.033473871648311615
1990-11-21,0.033473871648311615
1990-11-22,0.033473871648311615
1990-11-23,0.033473871648311615
1990-11-26,0.033473871648311615
1990-11-27,0.033473871648311615
1990-11-28,0.033473871648311615
1990-11-29,0.033473871648311615
1990-11-30,0.033473871648311615
1990-12-03,0.033473871648311615
1990-12-04,0.033473871648311615
1990-12-05,0.033473871648311615
1990-12-06,0.033473871648311615
1990-12-07,0.033473871648311615
1990-12-10,0.033473871648311615
1990-12-11,0.033473871648311615
1990-12-12,0.033473871648311615
1990-12-13,0.033473871648311615
1990-12-14,0.033473871648311615
1990-12-17,0.033473871648311615
1990-12-18,0.033473871648311615
1990-12-19,0.033473871648311615
1990-12-20,0.033473871648311615
1990-12-21,0.033473871648311615
1990-12-24,0.033473871648311615
1990-12-25,0.033473871648311615
1990-12-26,0.033473871648311615
1990-12-27,0.033473871648311615
1990-12-28,0.033473871648311615
1990-12-31,0.033473871648311615
1991-01-01,0.033473871648311615
1991-01-02,0.033473871648311615
1991-01-03,0.033473871648311615
1991-01-04,0.033473871648311615
1991-01-07,0.033473871648311615
1991-01-08,0.033473871648311615
1991-01-09,0.033473871648311615
1991-01-10,0.033473871648311615
1991-01-11,0.033473871648311615
1991-01-14,0.033473871648311615
1991-01-15,0.033473871648311615
1991-01-16,0.033473871648311615
1991-01-17,0.033473871648311615
1991-01-18,0.033473871648311615
1991-01-21,0.033473871648311615
1991-01-22,0.033473871648311615
1991-01-23,0.033473871648311615
1991-01-24,0.033473871648311615
1991-01-25,0.033473871648311615
1991-01-28,0.033473871648311615
1991-01-29,0.033473871648311615
1991-01-30,0.033473871648311615
1991-01-31,0.033473871648311615
1991-02-01,0.033473871648311615
1991-02-04,0.033473871648311615
1991-02-05,0.033473871648311615
1991-02-06,0.033473871648311615
1991-02-07,0.033473871648311615
1991-02-08,0.033473871648311615
1991-02-11,0.033473871648311615
1991-02-12,0.033473871648311615
1991-02-13,0.033473871648311615
1991-02-14,0.033473871648311615
1991-02-15,0.033473871648311615
1991-02-18,0.033473871648311615
1991-02-19,0.033473871648311615
1991-02-20,0.033473871648311615
1991-02-21,0.033473871648311615
1991-02-22,0.033473871648311615
1991-02-25,0.033473871648311615
1991-02-26,0.033473871648311615
1991-02-27,0.033473871648311615
1991-02-28,0.033473871648311615
1991-03-01,0.033473871648311615
1991-03-04,0.033473871648311615
1991-03-05,0.033473871648311615
1991-03-06,0.033473871648311615
1991-03-07,0.033473871648311615
1991-03-08,0.033473871648311615
1991-03-11,0.033473871648311615
1991-03-12,0.033473871648311615
1991-03-13,0.033473871648311615
1991-03-14,0.033473871648311615
1991-03-15,0.033473871648311615
1991-03-18,0.033473871648311615
1991-03-19,0.033473871648311615
1991-03-20,0.033473871648311615
1991-03-21,0.033473871648311615
1991-03-22,0.033473871648311615
1991-03-25,0.033473871648311615
1991-03-26,0.033473871648311615
1991-03-27,0.033473871648311615
1991-03-28,0.033473871648311615
1991-03-29,0.033473871648311615
1991-04-01,0.033473871648311615
1991-04-02,0.033473871648311615
1991-04-03,0.033473871648311615
1991-04-04,0.033473871648311615
1991-04-05,0.033473871648311615
1991-04-08,0.033473871648311615
1991-04-09,0.033473871648311615
1991-04-10,0.033473871648311615
1991-04-11,0.033473871648311615
1991-04-12,0.033473871648311615
1991-04-15,0.033473871648311615
1991-04-16,0.033473871648311615
1991-04-17,0.033473871648311615
1991-04-18,0.033473871648311615
1991-04-19,0.033473871648311615
1991-04-22,0.033473871648311615
1991-04-23,0.033473871648311615
1991-04-24,0.033473871648311615
1991-04-25,0.033473871648311615
1991-04-26,0.033473871648311615
1991-04-29,0.033473871648311615
1991-04-30,0.018258467316627502
1991-05-01,0.018258467316627502
1991-05-02,0.018258467316627502
1991-05-03,0.018258467316627502
1991-05-06,0.018258467316627502
1991-05-07,0.018258467316627502
1991-05-08,0.018258467316627502
1991-05-09,0.018258467316627502
1991-05-10,0.018258467316627502
1991-05-13,0.018258467316627502
1991-05-14,0.018258467316627502
1991-05-15,0.018258467316627502
1991-05-16,0.018258467316627502
1991-05-17,0.018258467316627502
1991-05-20,0.018258467316627502
1991-05-21,0.018258467316627502
1991-05-22,0.018258467316627502
1991-05-23,0.018258467316627502
1991-05-24,0.018258467316627502
1991-05-27,0.018258467316627502
1991-05-28,0.018258467316627502
1991-05-29,0.018258467316627502
1991-05-30,0.018258467316627502
1991-05-31,0.021301548928022385
1991-06-03,0.021301548928022385
1991-06-04,0.021301548928022385
1991-06-05,0.021301548928022385
1991-06-06,0.021301548928022385
1991-06-07,0.021301548928022385
1991-06-10,0.021301548928022385
1991-06-11,0.021301548928022385
1991-06-12,0.021301548928022385
1991-06-13,0.021301548928022385
1991-06-14,0.021301548928022385
1991-06-17,0.021301548928022385
1991-06-18,0.021301548928022385
1991-06-19,0.021301548928022385
1991-06-20,0.021301548928022385
1991-06-21,0.021301548928022385
1991-06-24,0.021301548928022385
1991-06-25,0.021301548928022385
1991-06-26,0.021301548928022385
1991-06-27,0.021301548928022385
1991-06-28,0.021301548928022385
1991-07-01,0.021301548928022385
1991-07-02,0.021301548928022385
1991-07-03,0.021301548928022385
1991-07-04,0.021301548928022385
1991-07-05,0.021301548928022385
1991-07-08,0.021301548928022385
1991-07-09,0.021301548928022385
1991-07-10,0.021301548928022385
1991-07-11,0.021301548928022385
1991-07-12,0.021301548928022385
1991-07-15,0.021301548928022385
1991-07-16,0.021301548928022385
1991-07-17,0.021301548928022385
1991-07-18,0.021301548928022385
1991-07-19,0.021301548928022385
1991-07-22,0.021301548928022385
1991-07-23,0.021301548928022385
1991-07-24,0.021301548928022385
1991-07-25,0.021301548928022385
1991-07-26,0.021301548928022385
1991-07-29,0.021301548928022385
1991-07-30,0.021301548928022385
1991-07-31,0.027387704700231552
1991-08-01,0.027387704700231552
1991-08-02,0.027387704700231552
1991-08-05,0.027387704700231552
1991-08-06,0.027387704700231552
1991-08-07,0.027387704700231552
1991-08-08,0.027387704700231552
1991-08-09,0.027387704700231552
1991-08-12,0.027387704700231552
1991-08-13,0.027387704700231552
1991-08-14,0.027387704700231552
1991-08-15,0.027387704700231552
1991-08-16,0.027387704700231552
1991-08-19,0.027387704700231552
1991-08-20,0.027387704700231552
1991-08-21,0.027387704700231552
1991-08-22,0.027387704700231552
1991-08-23,0.027387704700231552
1991-08-26,0.027387704700231552
1991-08-27,0.027387704700231552
1991-08-28,0.027387704700231552
1991-08-29,0.027387704700231552
1991-08-30,0.027387704700231552
1991-09-02,0.027387704700231552
1991-09-03,0.027387704700231552
1991-09-04,0.027387704700231552
1991-09-05,0.027387704700231552
1991-09-06,0.027387704700231552
1991-09-09,0.027387704700231552
1991-09-10,0.027387704700231552
1991-09-11,0.027387704700231552
1991-09-12,0.027387704700231552
1991-09-13,0.027387704700231552
1991-09-16,0.027387704700231552
1991-09-17,0.027387704700231552
1991-09-18,0.027387704700231552
1991-09-19,0.027387704700231552
1991-09-20,0.027387704700231552
1991-09-23,0.027387704700231552
1991-09-24,0.027387704700231552
1991-09-25,0.027387704700231552
1991-09-26,0.027387704700231552
1991-09-27,0.027387704700231552
1991-09-30,0.027387704700231552
1991-10-01,0.027387704700231552
1991-10-02,0.027387704700231552
1991-10-03,0.027387704700231552
1991-10-04,0.027387704700231552
1991-10-07,0.027387704700231552
1991-10-08,0.027387704700231552
1991-10-09,0.027387704700231552
1991-10-10,0.027387704700231552
1991-10-11,0.027387704700231552
1991-10-14,0.027387704700231552
1991-10-15,0.027387704700231552
1991-10-16,0.027387704700231552
1991-10-17,0.027387704700231552
1991-10-18,0.027387704700231552
1991-10-21,0.027387704700231552
1991-10-22,0.027387704700231552
1991-10-23,0.027387704700231552
1991-10-24,0.027387704700231552
1991-10-25,0.027387704700231552
1991-10-28,0.027387704700231552
1991-10-29,0.027387704700231552
1991-10-30,0.027387704700231552
1991-10-31,0.036516934633255005
1991-11-01,0.036516934633255005
1991-11-04,0.036516934633255005
1991-11-05,0.036516934633255005
1991-11-06,0.036516934633255005
1991-11-07,0.036516934633255005
1991-11-08,0.036516934633255005
1991-11-11,0.036516934633255005
1991-11-12,0.036516934633255005
1991-11-13,0.036516934633255005
1991-11-14,0.036516934633255005
1991-11-15,0.036516934633255005
1991-11-18,0.036516934633255005
1991-11-19,0.036516934633255005
1991-11-20,0.036516934633255005
1991-11-21,0.036516934633255005
1991-11-22,0.036516934633255005
1991-11-25,0.036516934633255005
1991-11-26,0.036516934633255005
1991-11-27,0.036516934633255005
1991-11-28,0.036516934633255005
1991-11-29,0.04260309785604477
1991-12-02,0.04260309785604477
1991-12-03,0.04260309785604477
1991-12-04,0.04260309785604477
1991-12-05,0.04260309785604477
1991-12-06,0.04260309785604477
1991-12-09,0.04260309785604477
1991-12-10,0.04260309785604477
1991-12-11,0.04260309785604477
1991-12-12,0.04260309785604477
1991-12-13,0.04260309785604477
1991-12-16,0.04260309785604477
1991-12-17,0.04260309785604477
1991-12-18,0.04260309785604477
1991-12-19,0.04260309785604477
1991-12-20,0.04260309785604477
1991-12-23,0.04260309785604477
1991-12-24,0.04260309785604477
1991-12-25,0.04260309785604477
1991-12-26,0.04260309785604477
1991-12-27,0.04260309785604477
1991-12-30,0.04260309785604477
1991-12-31,0.04260309785604477
1992-01-01,0.04260309785604477
1992-01-02,0.04260309785604477
1992-01-03,0.04260309785604477
1992-01-06,0.04260309785604477
1992-01-07,0.04260309785604477
1992-01-08,0.04260309785604477
1992-01-09,0.04260309785604477
1992-01-10,0.04260309785604477
1992-01-13,0.04260309785604477
1992-01-14,0.04260309785604477
1992-01-15,0.04260309785604477
1992-01-16,0.04260309785604477
1992-01-17,0.04260309785604477
1992-01-20,0.04260309785604477
1992-01-21,0.04260309785604477
1992-01-22,0.04260309785604477
1992-01-23,0.04260309785604477
1992-01-24,0.04260309785604477
1992-01-27,0.04260309785604477
1992-01-28,0.04260309785604477
1992-01-29,0.04260309785604477
1992-01-30,0.04260309785604477
1992-01-31,0.05173233896493912
1992-02-03,0.05173233896493912
1992-02-04,0.05173233896493912
1992-02-05,0.05173233896493912
1992-02-06,0.05173233896493912
1992-02-07,0.05173233896493912
1992-02-10,0.05173233896493912
1992-02-11,0.05173233896493912
1992-02-12,0.05173233896493912
1992-02-13,0.05173233896493912
1992-02-14,0.05173233896493912
1992-02-17,0.05173233896493912
1992-02-18,0.05173233896493912
1992-02-19,0.05173233896493912
1992-02-20,0.05173233896493912
1992-02-21,0.05173233896493912
1992-02-24,0.05173233896493912
1992-02-25,0.05173233896493912
1992-02-26,0.05173233896493912
1992-02-27,0.05173233896493912
1992-02-28,0.054775409400463104
1992-03-02,0.054775409400463104
1992-03-03,0.054775409400463104
1992-03-04,0.054775409400463104
1992-03-05,0.054775409400463104
1992-03-06,0.054775409400463104
1992-03-09,0.054775409400463104
1992-03-10,0.054775409400463104
1992-03-11,0.054775409400463104
1992-03-12,0.054775409400463104
1992-03-13,0.054775409400463104
1992-03-16,0.054775409400463104
1992-03-17,0.054775409400463104
1992-03-18,0.054775409400463104
1992-03-19,0.054775409400463104
1992-03-20,0.054775409400463104
1992-03-23,0.054775409400463104
1992-03-24,0.054775409400463104
1992-03-25,0.054775409400463104
1992-03-26,0.054775409400463104
1992-03-27,0.054775409400463104
1992-03-30,0.054775409400463104
1992-03-31,0.04564617946743965
1992-04-01,0.04564617946743965
1992-04-02,0.04564617946743965
1992-04-03,0.04564617946743965
1992-04-06,0.04564617946743965
1992-04-07,0.04564617946743965
1992-04-08,0.04564617946743965
1992-04-09,0.04564617946743965
1992-04-10,0.04564617946743965
1992-04-13,0.04564617946743965
1992-04-14,0.04564617946743965
1992-04-15,0.04564617946743965
1992-04-16,0.04564617946743965
1992-04-17,0.04564617946743965
1992-04-20,0.04564617946743965
1992-04-21,0.04564617946743965
1992-04-22,0.04564617946743965
1992-04-23,0.04564617946743965
1992-04-24,0.04564617946743965
1992-04-27,0.04564617946743965
1992-04-28,0.04564617946743965
1992-04-29,0.04564617946743965
1992-04-30,0.04564617946743965
1992-05-01,0.04564617946743965
1992-05-04,0.04564617946743965
1992-05-05,0.04564617946743965
1992-05-06,0.04564617946743965
1992-05-07,0.04564617946743965
1992-05-08,0.04564617946743965
1992-05-11,0.04564617946743965
1992-05-12,0.04564617946743965
1992-05-13,0.04564617946743965
1992-05-14,0.04564617946743965
1992-05-15,0.04564617946743965
1992-05-18,0.04564617946743965
1992-05-19,0.04564617946743965
1992-05-20,0.04564617946743965
1992-05-21,0.04564617946743965
1992-05-22,0.04564617946743965
1992-05-25,0.04564617946743965
1992-05-26,0.04564617946743965
1992-05-27,0.04564617946743965
1992-05-28,0.04564617946743965
1992-05-29,0.04564617946743965
1992-06-01,0.04564617946743965
1992-06-02,0.04564617946743965
1992-06-03,0.04564617946743965
1992-06-04,0.04564617946743965
1992-06-05,0.04564617946743965
1992-06-08,0.04564617946743965
1992-06-09,0.04564617946743965
1992-06-10,0.04564617946743965
1992-06-11,0.04564617946743965
1992-06-12,0.04564617946743965
1992-06-15,0.04564617946743965
1992-06-16,0.04564617946743965
1992-06-17,0.04564617946743965
1992-06-18,0.04564617946743965
1992-06-19,0.04564617946743965
1992-06-22,0.04564617946743965
1992-06-23,0.04564617946743965
1992-06-24,0.04564617946743965
1992-06-25,0.04564617946743965
1992-06-26,0.04564617946743965
1992-06-29,0.04564617946743965
1992-06-30,0.036516934633255005
1992-07-01,0.036516934633255005
1992-07-02,0.036516934633255005
1992-07-03,0.036516934633255005
1992-07-06,0.036516934633255005
1992-07-07,0.036516934633255005
1992-07-08,0.036516934633255005
1992-07-09,0.036516934633255005
1992-07-10,0.036516934633255005
1992-07-13,0.036516934633255005
1992-07-14,0.036516934633255005
1992-07-15,0.036516934633255005
1992-07-16,0.036516934633255005
1992-07-17,0.036516934633255005
1992-07-20,0.036516934633255005
1992-07-21,0.036516934633255005
1992-07-22,0.036516934633255005
1992-07-23,0.036516934633255005
1992-07-24,0.036516934633255005
1992-07-27,0.036516934633255005
1992-07-28,0.036516934633255005
1992-07-29,0.036516934633255005
1992-07-30,0.036516934633255005
1992-07-31,0.036516934633255005
1992-08-03,0.036516934633255005
1992-08-04,0.036516934633255005
1992-08-05,0.036516934633255005
1992-08-06,0.036516934633255005
1992-08-07,0.036516934633255005
1992-08-10,0.036516934633255005
1992-08-11,0.036516934633255005
1992-08-12,0.036516934633255005
1992-08-13,0.036516934633255005
1992-08-14,0.036516934633255005
1992-08-17,0.036516934633255005
1992-08-18,0.036516934633255005
1992-08-19,0.036516934633255005
1992-08-20,0.036516934633255005
1992-08-21,0.036516934633255005
1992-08-24,0.036516934633255005
1992-08-25,0.036516934633255005
1992-08-26,0.036516934633255005
1992-08-27,0.036516934633255005
1992-08-28,0.036516934633255005
1992-08-31,0.04260309785604477
1992-09-01,0.04260309785604477
1992-09-02,0.04260309785604477
1992-09-03,0.04260309785604477
1992-09-04,0.04260309785604477
1992-09-07,0.04260309785604477
1992-09-08,0.04260309785604477
1992-09-09,0.04260309785604477
1992-09-10,0.04260309785604477
1992-09-11,0.04260309785604477
1992-09-14,0.04260309785604477
1992-09-15,0.04260309785604477
1992-09-16,0.04260309785604477
1992-09-17,0.04260309785604477
1992-09-18,0.04260309785604477
1992-09-21,0.04260309785604477
1992-09-22,0.04260309785604477
1992-09-23,0.04260309785604477
1992-09-24,0.04260309785604477
1992-09-25,0.04260309785604477
1992-09-28,0.04260309785604477
1992-09-29,0.04260309785604477
1992-09-30,0.036516934633255005
1992-10-01,0.036516934633255005
1992-10-02,0.036516934633255005
1992-10-05,0.036516934633255005
1992-10-06,0.036516934633255005
1992-10-07,0.036516934633255005
1992-10-08,0.036516934633255005
1992-10-09,0.036516934633255005
1992-10-12,0.036516934633255005
1992-10-13,0.036516934633255005
1992-10-14,0.036516934633255005
1992-10-15,0.036516934633255005
1992-10-16,0.036516934633255005
1992-10-19,0.036516934633255005
1992-10-20,0.036516934633255005
1992-10-21,0.036516934633255005
1992-10-22,0.036516934633255005
1992-10-23,0.036516934633255005
1992-10-26,0.036516934633255005
1992-10-27,0.036516934633255005
1992-10-28,0.036516934633255005
1992-10-29,0.036516934633255005
1992-10-30,0.04260309785604477
1992-11-02,0.04260309785604477
1992-11-03,0.04260309785604477
1992-11-04,0.04260309785604477
1992-11-05,0.04260309785604477
1992-11-06,0.04260309785604477
1992-11-09,0.04260309785604477
1992-11-10,0.04260309785604477
1992-11-11,0.04260309785604477
1992-11-12,0.04260309785604477
1992-11-13,0.04260309785604477
1992-11-16,0.04260309785604477
1992-11-17,0.04260309785604477
1992-11-18,0.04260309785604477
1992-11-19,0.04260309785604477
1992-11-20,0.04260309785604477
1992-11-23,0.04260309785604477
1992-11-24,0.04260309785604477
1992-11-25,0.04260309785604477
1992-11-26,0.04260309785604477
1992-11-27,0.04260309785604477
1992-11-30,0.07303457707166672
1992-12-01,0.07303457707166672
1992-12-02,0.07303457707166672
1992-12-03,0.07303457707166672
1992-12-04,0.07303457707166672
1992-12-07,0.07303457707166672
1992-12-08,0.07303457707166672
1992-12-09,0.07303457707166672
1992-12-10,0.07303457707166672
1992-12-11,0.07303457707166672
1992-12-14,0.07303457707166672
1992-12-15,0.07303457707166672
1992-12-16,0.07303457707166672
1992-12-17,0.07303457707166672
1992-12-18,0.07303457707166672
1992-12-21,0.07303457707166672
1992-12-22,0.07303457707166672
1992-12-23,0.07303457707166672
1992-12-24,0.07303457707166672
1992-12-25,0.07303457707166672
1992-12-28,0.07303457707166672
1992-12-29,0.07303457707166672
1992-12-30,0.07303457707166672
1992-12-31,0.07303457707166672
1993-01-01,0.07303457707166672
1993-01-04,0.07303457707166672
1993-01-05,0.07303457707166672
1993-01-06,0.07303457707166672
1993-01-07,0.07303457707166672
1993-01-08,0.07303457707166672
1993-01-11,0.07303457707166672
1993-01-12,0.07303457707166672
1993-01-13,0.07303457707166672
1993-01-14,0.07303457707166672
1993-01-15,0.07303457707166672
1993-01-18,0.07303457707166672
1993-01-19,0.07303457707166672
1993-01-20,0.07303457707166672
1993-01-21,0.07303457707166672
1993-01-22,0.07303457707166672
1993-01-25,0.07303457707166672
1993-01-26,0.07303457707166672
1993-01-27,0.07303457707166672
1993-01-28,0.07303457707166672
1993-01-29,0.07303457707166672
1993-02-01,0.07303457707166672
1993-02-02,0.07303457707166672
1993-02-03,0.07303457707166672
1993-02-04,0.07303457707166672
1993-02-05,0.07303457707166672
1993-02-08,0.07303457707166672
1993-02-09,0.07303457707166672
1993-02-10,0.07303457707166672
1993-02-11,0.07303457707166672
1993-02-12,0.07303457707166672
1993-02-15,0.07303457707166672
1993-02-16,0.07303457707166672
1993-02-17,0.07303457707166672
1993-02-18,0.07303457707166672
1993-02-19,0.07303457707166672
1993-02-22,0.07303457707166672
1993-02-23,0.07303457707166672
1993-02-24,0.07303457707166672
1993-02-25,0.07303457707166672
1993-02-26,0.07303457707166672
1993-03-01,0.07303457707166672
1993-03-02,0.07303457707166672
1993-03-03,0.07303457707166672
1993-03-04,0.07303457707166672
1993-03-05,0.07303457707166672
1993-03-08,0.07303457707166672
1993-03-09,0.07303457707166672
1993-03-10,0.07303457707166672
1993-03-11,0.07303457707166672
1993-03-12,0.07303457707166672
1993-03-15,0.07303457707166672
1993-03-16,0.07303457707166672
1993-03-17,0.07303457707166672
1993-03-18,0.07303457707166672
1993-03-19,0.07303457707166672
1993-03-22,0.07303457707166672
1993-03-23,0.07303457707166672
1993-03-24,0.07303457707166672
1993-03-25,0.07303457707166672
1993-03-26,0.07303457707166672
1993-03-29,0.07303457707166672
1993-03-30,0.07303457707166672
1993-03-31,0.09129304438829422
1993-04-01,0.09129304438829422
1993-04-02,0.09129304438829422
1993-04-05,0.09129304438829422
1993-04-06,0.09129304438829422
1993-04-07,0.09129304438829422
1993-04-08,0.09129304438829422
1993-04-09,0.09129304438829422
1993-04-12,0.09129304438829422
1993-04-13,0.09129304438829422
1993-04-14,0.09129304438829422
1993-04-15,0.09129304438829422
1993-04-16,0.09129304438829422
1993-04-19,0.09129304438829422
1993-04-20,0.09129304438829422
1993-04-21,0.09129304438829422
1993-04-22,0.09129304438829422
1993-04-23,0.09129304438829422
1993-04-26,0.09129304438829422
1993-04-27,0.09129304438829422
1993-04-28,0.09129304438829422
1993-04-29,0.09129304438829422
1993-04-30,0.10346536338329315
1993-05-03,0.10346536338329315
1993-05-04,0.10346536338329315
1993-05-05,0.10346536338329315
1993-05-06,0.10346536338329315
1993-05-07,0.10346536338329315
1993-05-10,0.10346536338329315
1993-05-11,0.10346536338329315
1993-05-12,0.10346536338329315
1993-05-13,0.10346536338329315
1993-05-14,0.10346536338329315
1993-05-17,0.10346536338329315
1993-05-18,0.10346536338329315
1993-05-19,0.10346536338329315
1993-05-20,0.10346536338329315
1993-05-21,0.10346536338329315
1993-05-24,0.10346536338329315
1993-05-25,0.10346536338329315
1993-05-26,0.10346536338329315
1993-05-27,0.10346536338329315
1993-05-28,0.10346536338329315
1993-05-31,0.08520689606666565
1993-06-01,0.08520689606666565
1993-06-02,0.08520689606666565
1993-06-03,0.08520689606666565
1993-06-04,0.08520689606666565
1993-06-07,0.08520689606666565
1993-06-08,0.08520689606666565
1993-06-09,0.08520689606666565
1993-06-10,0.08520689606666565
1993-06-11,0.08520689606666565
1993-06-14,0.08520689606666565
1993-06-15,0.08520689606666565
1993-06-16,0.08520689606666565
1993-06-17,0.08520689606666565
1993-06-18,0.08520689606666565
1993-06-21,0.08520689606666565
1993-06-22,0.08520689606666565
1993-06-23,0.08520689606666565
1993-06-24,0.08520689606666565
1993-06-25,0.08520689606666565
1993-06-28,0.08520689606666565
1993-06-29,0.08520689606666565
1993-06-30,0.09737921506166458
1993-07-01,0.09737921506166458
1993-07-02,0.09737921506166458
1993-07-05,0.09737921506166458
1993-07-06,0.09737921506166458
1993-07-07,0.09737921506166458
1993-07-08,0.09737921506166458
1993-07-09,0.09737921506166458
1993-07-12,0.09737921506166458
1993-07-13,0.09737921506166458
1993-07-14,0.09737921506166458
1993-07-15,0.09737921506166458
1993-07-16,0.09737921506166458
1993-07-19,0.09737921506166458
1993-07-20,0.09737921506166458
1993-07-21,0.09737921506166458
1993-07-22,0.09737921506166458
1993-07-23,0.09737921506166458
1993-07-26,0.09737921506166458
1993-07-27,0.09737921506166458
1993-07-28,0.09737921506166458
1993-07-29,0.09737921506166458
1993-07-30,0.1521553099155426
1993-08-02,0.1521553099155426
1993-08-03,0.1521553099155426
1993-08-04,0.1521553099155426
1993-08-05,0.1521553099155426
1993-08-06,0.1521553099155426
1993-08-09,0.1521553099155426
1993-08-10,0.1521553099155426
1993-08-11,0.1521553099155426
1993-08-12,0.1521553099155426
1993-08-13,0.1521553099155426
1993-08-16,0.1521553099155426
1993-08-17,0.1521553099155426
1993-08-18,0.1521553099155426
1993-08-19,0.1521553099155426
1993-08-20,0.1521553099155426
1993-08-23,0.1521553099155426
1993-08-24,0.1521553099155426
1993-08-25,0.1521553099155426
1993-08-26,0.1521553099155426
1993-08-27,0.1521553099155426
1993-08-30,0.1521553099155426
1993-08-31,0.18258608877658844
1993-09-01,0.18258608877658844
1993-09-02,0.18258608877658844
1993-09-03,0.18258608877658844
1993-09-06,0.18258608877658844
1993-09-07,0.18258608877658844
1993-09-08,0.18258608877658844
1993-09-09,0.18258608877658844
1993-09-10,0.18258608877658844
1993-09-13,0.18258608877658844
1993-09-14,0.18258608877658844
1993-09-15,0.18258608877658844
1993-09-16,0.18258608877658844
1993-09-17,0.18258608877658844
1993-09-20,0.18258608877658844
1993-09-21,0.18258608877658844
1993-09-22,0.18258608877658844
1993-09-23,0.18258608877658844
1993-09-24,0.18258608877658844
1993-09-27,0.18258608877658844
1993-09-28,0.18258608877658844
1993-09-29,0.18258608877658844
1993-09-30,0.15824151039123535
1993-10-01,0.15824151039123535
1993-10-04,0.15824151039123535
1993-10-05,0.15824151039123535
1993-10-06,0.15824151039123535
1993-10-07,0.15824151039123535
1993-10-08,0.15824151039123535
1993-10-11,0.15824151039123535
1993-10-12,0.15824151039123535
1993-10-13,0.15824151039123535
1993-10-14,0.15824151039123535
1993-10-15,0.15824151039123535
1993-10-18,0.15824151039123535
1993-10-19,0.15824151039123535
1993-10-20,0.15824151039123535
1993-10-21,0.15824151039123535
1993-10-22,0.15824151039123535
1993-10-25,0.15824151039123535
1993-10-26,0.15824151039123535
1993-10-27,0.15824151039123535
1993-10-28,0.15824151039123535
1993-10-29,0.19475843012332916
1993-11-01,0.19475843012332916
1993-11-02,0.19475843012332916
1993-11-03,0.19475843012332916
1993-11-04,0.19475843012332916
1993-11-05,0.19475843012332916
1993-11-08,0.19475843012332916
1993-11-09,0.19475843012332916
1993-11-10,0.19475843012332916
1993-11-11,0.19475843012332916
1993-11-12,0.19475843012332916
1993-11-15,0.19475843012332916
1993-11-16,0.19475843012332916
1993-11-17,0.19475843012332916
1993-11-18,0.19475843012332916
1993-11-19,0.19475843012332916
1993-11-22,0.19475843012332916
1993-11-23,0.19475843012332916
1993-11-24,0.19475843012332916
1993-11-25,0.19475843012332916
1993-11-26,0.19475843012332916
1993-11-29,0.19475843012332916
1993-11-30,0.18258608877658844
1993-12-01,0.18258608877658844
1993-12-02,0.18258608877658844
1993-12-03,0.18258608877658844
1993-12-06,0.18258608877658844
1993-12-07,0.18258608877658844
1993-12-08,0.18258608877658844
1993-12-09,0.18258608877658844
1993-12-10,0.18258608877658844
1993-12-13,0.18258608877658844
1993-12-14,0.18258608877658844
1993-12-15,0.18258608877658844
1993-12-16,0.18258608877658844
1993-12-17,0.18258608877658844
1993-12-20,0.18258608877658844
1993-12-21,0.18258608877658844
1993-12-22,0.18258608877658844
1993-12-23,0.18258608877658844
1993-12-24,0.18258608877658844
1993-12-27,0.18258608877658844
1993-12-28,0.18258608877658844
1993-12-29,0.18258608877658844
1993-12-30,0.18258608877658844
1993-12-31,0.21301758289337158
1994-01-03,0.21301758289337158
1994-01-04,0.21301758289337158
1994-01-05,0.21301758289337158
1994-01-06,0.21301758289337158
1994-01-07,0.21301758289337158
1994-01-10,0.21301758289337158
1994-01-11,0.21301758289337158
1994-01-12,0.21301758289337158
1994-01-13,0.21301758289337158
1994-01-14,0.21301758289337158
1994-01-17,0.21301758289337158
1994-01-18,0.21301758289337158
1994-01-19,0.21301758289337158
1994-01-20,0.21301758289337158
1994-01-21,0.21301758289337158
1994-01-24,0.21301758289337158
1994-01-25,0.21301758289337158
1994-01-26,0.21301758289337158
1994-01-27,0.21301758289337158
1994-01-28,0.21301758289337158
1994-01-31,0.2069314569234848
1994-02-01,0.2069314569234848
1994-02-02,0.2069314569234848
1994-02-03,0.2069314569234848
1994-02-04,0.2069314569234848
1994-02-07,0.2069314569234848
1994-02-08,0.2069314569234848
1994-02-09,0.2069314569234848
1994-02-10,0.2069314569234848
1994-02-11,0.2069314569234848
1994-02-14,0.2069314569234848
1994-02-15,0.2069314569234848
1994-02-16,0.2069314569234848
1994-02-17,0.2069314569234848
1994-02-18,0.2069314569234848
1994-02-21,0.2069314569234848
1994-02-22,0.2069314569234848
1994-02-23,0.2069314569234848
1994-02-24,0.2069314569234848
1994-02-25,0.2069314569234848
1994-02-28,0.1886722445487976
1994-03-01,0.1886722445487976
1994-03-02,0.1886722445487976
1994-03-03,0.1886722445487976
1994-03-04,0.1886722445487976
1994-03-07,0.1886722445487976
1994-03-08,0.1886722445487976
1994-03-09,0.1886722445487976
1994-03-10,0.1886722445487976
1994-03-11,0.1886722445487976
1994-03-14,0.1886722445487976
1994-03-15,0.1886722445487976
1994-03-16,0.1886722445487976
1994-03-17,0.1886722445487976
1994-03-18,0.1886722445487976
1994-03-21,0.1886722445487976
1994-03-22,0.1886722445487976
1994-03-23,0.1886722445487976
1994-03-24,0.1886722445487976
1994-03-25,0.1886722445487976
1994-03-28,0.1886722445487976
1994-03-29,0.1886722445487976
1994-03-30,0.1886722445487976
1994-03-31,0.1704137921333313
1994-04-01,0.1704137921333313
1994-04-04,0.1704137921333313
1994-04-05,0.1704137921333313
1994-04-06,0.1704137921333313
1994-04-07,0.1704137921333313
1994-04-08,0.1704137921333313
1994-04-11,0.1704137921333313
1994-04-12,0.1704137921333313
1994-04-13,0.1704137921333313
1994-04-14,0.1704137921333313
1994-04-15,0.1704137921333313
1994-04-18,0.1704137921333313
1994-04-19,0.1704137921333313
1994-04-20,0.1704137921333313
1994-04-21,0.1704137921333313
1994-04-22,0.1704137921333313
1994-04-25,0.1704137921333313
1994-04-26,0.1704137921333313
1994-04-27,0.1704137921333313
1994-04-28,0.1704137921333313
1994-04-29,0.12172383815050125
1994-05-02,0.12172383815050125
1994-05-03,0.12172383815050125
1994-05-04,0.12172383815050125
1994-05-05,0.12172383815050125
1994-05-06,0.12172383815050125
1994-05-09,0.12172383815050125
1994-05-10,0.12172383815050125
1994-05-11,0.12172383815050125
1994-05-12,0.12172383815050125
1994-05-13,0.12172383815050125
1994-05-16,0.12172383815050125
1994-05-17,0.12172383815050125
1994-05-18,0.12172383815050125
1994-05-19,0.12172383815050125
1994-05-20,0.12172383815050125
1994-05-23,0.12172383815050125
1994-05-24,0.12172383815050125
1994-05-25,0.12172383815050125
1994-05-26,0.12172383815050125
1994-05-27,0.12172383815050125
1994-05-30,0.12172383815050125
1994-05-31,0.10955152660608292
1994-06-01,0.10955152660608292
1994-06-02,0.10955152660608292
1994-06-03,0.10955152660608292
1994-06-06,0.10955152660608292
1994-06-07,0.10955152660608292
1994-06-08,0.10955152660608292
1994-06-09,0.10955152660608292
1994-06-10,0.10955152660608292
1994-06-13,0.10955152660608292
1994-06-14,0.10955152660608292
1994-06-15,0.10955152660608292
1994-06-16,0.10955152660608292
1994-06-17,0.10955152660608292
1994-06-20,0.10955152660608292
1994-06-21,0.10955152660608292
1994-06-22,0.10955152660608292
1994-06-23,0.10955152660608292
1994-06-24,0.10955152660608292
1994-06-27,0.10955152660608292
1994-06-28,0.10955152660608292
1994-06-29,0.10955152660608292
1994-06-30,0.09129304438829422
1994-07-01,0.09129304438829422
1994-07-04,0.09129304438829422
1994-07-05,0.09129304438829422
1994-07-06,0.09129304438829422
1994-07-07,0.09129304438829422
1994-07-08,0.09129304438829422
1994-07-11,0.09129304438829422
1994-07-12,0.09129304438829422
1994-07-13,0.09129304438829422
1994-07-14,0.09129304438829422
1994-07-15,0.09129304438829422
1994-07-18,0.09129304438829422
1994-07-19,0.09129304438829422
1994-07-20,0.09129304438829422
1994-07-21,0.09129304438829422
1994-07-22,0.09129304438829422
1994-07-25,0.09129304438829422
1994-07-26,0.09129304438829422
1994-07-27,0.09129304438829422
1994-07-28,0.09129304438829422
1994-07-29,0.10955152660608292
1994-08-01,0.10955152660608292
1994-08-02,0.10955152660608292
1994-08-03,0.10955152660608292
1994-08-04,0.10955152660608292
1994-08-05,0.10955152660608292
1994-08-08,0.10955152660608292
1994-08-09,0.10955152660608292
1994-08-10,0.10955152660608292
1994-08-11,0.10955152660608292
1994-08-12,0.10955152660608292
1994-08-15,0.10955152660608292
1994-08-16,0.10955152660608292
1994-08-17,0.10955152660608292
1994-08-18,0.10955152660608292
1994-08-19,0.10955152660608292
1994-08-22,0.10955152660608292
1994-08-23,0.10955152660608292
1994-08-24,0.10955152660608292
1994-08-25,0.10955152660608292
1994-08-26,0.10955152660608292
1994-08-29,0.10955152660608292
1994-08-30,0.10955152660608292
1994-08-31,0.08520689606666565
1994-09-01,0.08520689606666565
1994-09-02,0.08520689606666565
1994-09-05,0.08520689606666565
1994-09-06,0.08520689606666565
1994-09-07,0.08520689606666565
1994-09-08,0.08520689606666565
1994-09-09,0.08520689606666565
1994-09-12,0.08520689606666565
1994-09-13,0.08520689606666565
1994-09-14,0.08520689606666565
1994-09-15,0.08520689606666565
1994-09-16,0.08520689606666565
1994-09-19,0.08520689606666565
1994-09-20,0.08520689606666565
1994-09-21,0.08520689606666565
1994-09-22,0.08520689606666565
1994-09-23,0.08520689606666565
1994-09-26,0.08520689606666565
1994-09-27,0.08520689606666565
1994-09-28,0.08520689606666565
1994-09-29,0.08520689606666565
1994-09-30,0.09737921506166458
1994-10-03,0.09737921506166458
1994-10-04,0.09737921506166458
1994-10-05,0.09737921506166458
1994-10-06,0.09737921506166458
1994-10-07,0.09737921506166458
1994-10-10,0.09737921506166458
1994-10-11,0.09737921506166458
1994-10-12,0.09737921506166458
1994-10-13,0.09737921506166458
1994-10-14,0.09737921506166458
1994-10-17,0.09737921506166458
1994-10-18,0.09737921506166458
1994-10-19,0.09737921506166458
1994-10-20,0.09737921506166458
1994-10-21,0.09737921506166458
1994-10-24,0.09737921506166458
1994-10-25,0.09737921506166458
1994-10-26,0.09737921506166458
1994-10-27,0.09737921506166458
1994-10-28,0.09737921506166458
1994-10-31,0.09737921506166458
1994-11-01,0.09737921506166458
1994-11-02,0.09737921506166458
1994-11-03,0.09737921506166458
1994-11-04,0.09737921506166458
1994-11-07,0.09737921506166458
1994-11-08,0.09737921506166458
1994-11-09,0.09737921506166458
1994-11-10,0.09737921506166458
1994-11-11,0.09737921506166458
1994-11-14,0.09737921506166458
1994-11-15,0.09737921506166458
1994-11-16,0.09737921506166458
1994-11-17,0.09737921506166458
1994-11-18,0.09737921506166458
1994-11-21,0.09737921506166458
1994-11-22,0.09737921506166458
1994-11-23,0.09737921506166458
1994-11-24,0.09737921506166458
1994-11-25,0.09737921506166458
1994-11-28,0.09737921506166458
1994-11-29,0.09737921506166458
1994-11-30,0.07303457707166672
1994-12-01,0.07303457707166672
1994-12-02,0.07303457707166672
1994-12-05,0.07303457707166672
1994-12-06,0.07303457707166672
1994-12-07,0.07303457707166672
1994-12-08,0.07303457707166672
1994-12-09,0.07303457707166672
1994-12-12,0.07303457707166672
1994-12-13,0.07303457707166672
1994-12-14,0.07303457707166672
1994-12-15,0.07303457707166672
1994-12-16,0.07303457707166672
1994-12-19,0.07303457707166672
1994-12-20,0.07303457707166672
1994-12-21,0.07303457707166672
1994-12-22,0.07303457707166672
1994-12-23,0.07303457707166672
1994-12-26,0.07303457707166672
1994-12-27,0.07303457707166672
1994-12-28,0.07303457707166672
1994-12-29,0.07303457707166672
1994-12-30,0.07303457707166672
1995-01-02,0.07303457707166672
1995-01-03,0.07303457707166672
1995-01-04,0.07303457707166672
1995-01-05,0.07303457707166672
1995-01-06,0.07303457707166672
1995-01-09,0.07303457707166672
1995-01-10,0.07303457707166672
1995-01-11,0.07303457707166672
1995-01-12,0.07303457707166672
1995-01-13,0.07303457707166672
1995-01-16,0.07303457707166672
1995-01-17,0.07303457707166672
1995-01-18,0.07303457707166672
1995-01-19,0.07303457707166672
1995-01-20,0.07303457707166672
1995-01-23,0.07303457707166672
1995-01-24,0.07303457707166672
1995-01-25,0.07303457707166672
1995-01-26,0.07303457707166672
1995-01-27,0.07303457707166672
1995-01-30,0.07303457707166672
1995-01-31,0.054775409400463104
1995-02-01,0.054775409400463104
1995-02-02,0.054775409400463104
1995-02-03,0.054775409400463104
1995-02-06,0.054775409400463104
1995-02-07,0.054775409400463104
1995-02-08,0.054775409400463104
1995-02-09,0.054775409400463104
1995-02-10,0.054775409400463104
1995-02-13,0.054775409400463104
1995-02-14,0.054775409400463104
1995-02-15,0.054775409400463104
1995-02-16,0.054775409400463104
1995-02-17,0.054775409400463104
1995-02-20,0.054775409400463104
1995-02-21,0.054775409400463104
1995-02-22,0.054775409400463104
1995-02-23,0.054775409400463104
1995-02-24,0.054775409400463104
1995-02-27,0.054775409400463104
1995-02-28,0.09129304438829422
1995-03-01,0.09129304438829422
1995-03-02,0.09129304438829422
1995-03-03,0.09129304438829422
1995-03-06,0.09129304438829422
1995-03-07,0.09129304438829422
1995-03-08,0.09129304438829422
1995-03-09,0.09129304438829422
1995-03-10,0.09129304438829422
1995-03-13,0.09129304438829422
1995-03-14,0.09129304438829422
1995-03-15,0.09129304438829422
1995-03-16,0.09129304438829422
1995-03-17,0.09129304438829422
1995-03-20,0.09129304438829422
1995-03-21,0.09129304438829422
1995-03-22,0.09129304438829422
1995-03-23,0.09129304438829422
1995-03-24,0.09129304438829422
1995-03-27,0.09129304438829422
1995-03-28,0.09129304438829422
1995-03-29,0.09129304438829422
1995-03-30,0.09129304438829422
1995-03-31,0.1278100311756134
1995-04-03,0.1278100311756134
1995-04-04,0.1278100311756134
1995-04-05,0.1278100311756134
1995-04-06,0.1278100311756134
1995-04-07,0.1278100311756134
1995-04-10,0.1278100311756134
1995-04-11,0.1278100311756134
1995-04-12,0.1278100311756134
1995-04-13,0.1278100311756134
1995-04-14,0.1278100311756134
1995-04-17,0.1278100311756134
1995-04-18,0.1278100311756134
1995-04-19,0.1278100311756134
1995-04-20,0.1278100311756134
1995-04-21,0.1278100311756134
1995-04-24,0.1278100311756134
1995-04-25,0.1278100311756134
1995-04-26,0.1278100311756134
1995-04-27,0.1278100311756134
1995-04-28,0.14606915414333344
1995-05-01,0.14606915414333344
1995-05-02,0.14606915414333344
1995-05-03,0.14606915414333344
1995-05-04,0.14606915414333344
1995-05-05,0.14606915414333344
1995-05-08,0.14606915414333344
1995-05-09,0.14606915414333344
1995-05-10,0.14606915414333344
1995-05-11,0.14606915414333344
1995-05-12,0.14606915414333344
1995-05-15,0.14606915414333344
1995-05-16,0.14606915414333344
1995-05-17,0.14606915414333344
1995-05-18,0.14606915414333344
1995-05-19,0.14606915414333344
1995-05-22,0.14606915414333344
1995-05-23,0.14606915414333344
1995-05-24,0.14606915414333344
1995-05-25,0.14606915414333344
1995-05-26,0.14606915414333344
1995-05-29,0.14606915414333344
1995-05-30,0.14606915414333344
1995-05-31,0.15824151039123535
1995-06-01,0.15824151039123535
1995-06-02,0.15824151039123535
1995-06-05,0.15824151039123535
1995-06-06,0.15824151039123535
1995-06-07,0.15824151039123535
1995-06-08,0.15824151039123535
1995-06-09,0.15824151039123535
1995-06-12,0.15824151039123535
1995-06-13,0.15824151039123535
1995-06-14,0.15824151039123535
1995-06-15,0.15824151039123535
1995-06-16,0.15824151039123535
1995-06-19,0.15824151039123535
1995-06-20,0.15824151039123535
1995-06-21,0.15824151039123535
1995-06-22,0.15824151039123535
1995-06-23,0.15824151039123535
1995-06-26,0.15824151039123535
1995-06-27,0.15824151039123535
1995-06-28,0.15824151039123535
1995-06-29,0.15824151039123535
1995-06-30,0.2251899093389511
1995-07-03,0.2251899093389511
1995-07-04,0.2251899093389511
1995-07-05,0.2251899093389511
1995-07-06,0.2251899093389511
1995-07-07,0.2251899093389511
1995-07-10,0.2251899093389511
1995-07-11,0.2251899093389511
1995-07-12,0.2251899093389511
1995-07-13,0.2251899093389511
1995-07-14,0.2251899093389511
1995-07-17,0.2251899093389511
1995-07-18,0.2251899093389511
1995-07-19,0.2251899093389511
1995-07-20,0.2251899093389511
1995-07-21,0.2251899093389511
1995-07-24,0.2251899093389511
1995-07-25,0.2251899093389511
1995-07-26,0.2251899093389511
1995-07-27,0.2251899093389511
1995-07-28,0.2251899093389511
1995-07-31,0.17649997770786285
1995-08-01,0.17649997770786285
1995-08-02,0.17649997770786285
1995-08-03,0.17649997770786285
1995-08-04,0.17649997770786285
1995-08-07,0.17649997770786285
1995-08-08,0.17649997770786285
1995-08-09,0.17649997770786285
1995-08-10,0.17649997770786285
1995-08-11,0.17649997770786285
1995-08-14,0.17649997770786285
1995-08-15,0.17649997770786285
1995-08-16,0.17649997770786285
1995-08-17,0.17649997770786285
1995-08-18,0.17649997770786285
1995-08-21,0.17649997770786285
1995-08-22,0.17649997770786285
1995-08-23,0.17649997770786285
1995-08-24,0.17649997770786285
1995-08-25,0.17649997770786285
1995-08-28,0.17649997770786285
1995-08-29,0.17649997770786285
1995-08-30,0.17649997770786285
1995-08-31,0.17649997770786285
1995-09-01,0.17649997770786285
1995-09-04,0.17649997770786285
1995-09-05,0.17649997770786285
1995-09-06,0.17649997770786285
1995-09-07,0.17649997770786285
1995-09-08,0.17649997770786285
1995-09-11,0.17649997770786285
1995-09-12,0.17649997770786285
1995-09-13,0.17649997770786285
1995-09-14,0.17649997770786285
1995-09-15,0.17649997770786285
1995-09-18,0.17649997770786285
1995-09-19,0.17649997770786285
1995-09-20,0.17649997770786285
1995-09-21,0.17649997770786285
1995-09-22,0.17649997770786285
1995-09-25,0.17649997770786285
1995-09-26,0.17649997770786285
1995-09-27,0.17649997770786285
1995-09-28,0.17649997770786285
1995-09-29,0.243448406457901
1995-10-02,0.243448406457901
1995-10-03,0.243448406457901
1995-10-04,0.243448406457901
1995-10-05,0.243448406457901
1995-10-06,0.243448406457901
1995-10-09,0.243448406457901
1995-10-10,0.243448406457901
1995-10-11,0.243448406457901
1995-10-12,0.243448406457901
1995-10-13,0.243448406457901
1995-10-16,0.243448406457901
1995-10-17,0.243448406457901
1995-10-18,0.243448406457901
1995-10-19,0.243448406457901
1995-10-20,0.243448406457901
1995-10-23,0.243448406457901
1995-10-24,0.243448406457901
1995-10-25,0.243448406457901
1995-10-26,0.243448406457901
1995-10-27,0.243448406457901
1995-10-30,0.243448406457901
1995-10-31,0.23127605020999908
1995-11-01,0.23127605020999908
1995-11-02,0.23127605020999908
1995-11-03,0.23127605020999908
1995-11-06,0.23127605020999908
1995-11-07,0.23127605020999908
1995-11-08,0.23127605020999908
1995-11-09,0.23127605020999908
1995-11-10,0.23127605020999908
1995-11-13,0.23127605020999908
1995-11-14,0.23127605020999908
1995-11-15,0.23127605020999908
1995-11-16,0.23127605020999908
1995-11-17,0.23127605020999908
1995-11-20,0.23127605020999908
1995-11-21,0.23127605020999908
1995-11-22,0.23127605020999908
1995-11-23,0.23127605020999908
1995-11-24,0.23127605020999908
1995-11-27,0.23127605020999908
1995-11-28,0.23127605020999908
1995-11-29,0.23127605020999908
1995-11-30,0.1886722445487976
1995-12-01,0.1886722445487976
1995-12-04,0.1886722445487976
1995-12-05,0.1886722445487976
1995-12-06,0.1886722445487976
1995-12-07,0.1886722445487976
1995-12-08,0.1886722445487976
1995-12-11,0.1886722445487976
1995-12-12,0.1886722445487976
1995-12-13,0.1886722445487976
1995-12-14,0.1886722445487976
1995-12-15,0.1886722445487976
1995-12-18,0.1886722445487976
1995-12-19,0.1886722445487976
1995-12-20,0.1886722445487976
1995-12-21,0.1886722445487976
1995-12-22,0.1886722445487976
1995-12-25,0.1886722445487976
1995-12-26,0.1886722445487976
1995-12-27,0.1886722445487976
1995-12-28,0.1886722445487976
1995-12-29,0.15519839525222778
1996-01-01,0.15519839525222778
1996-01-02,0.15519839525222778
1996-01-03,0.15519839525222778
1996-01-04,0.15519839525222778
1996-01-05,0.15519839525222778
1996-01-08,0.15519839525222778
1996-01-09,0.15519839525222778
1996-01-10,0.15519839525222778
1996-01-11,0.15519839525222778
1996-01-12,0.15519839525222778
1996-01-15,0.15519839525222778
1996-01-16,0.15519839525222778
1996-01-17,0.15519839525222778
1996-01-18,0.15519839525222778
1996-01-19,0.15519839525222778
1996-01-22,0.15519839525222778
1996-01-23,0.15519839525222778
1996-01-24,0.15519839525222778
1996-01-25,0.15519839525222778
1996-01-26,0.15519839525222778
1996-01-29,0.15519839525222778
1996-01-30,0.15519839525222778
1996-01-31,0.19475843012332916
1996-02-01,0.19475843012332916
1996-02-02,0.19475843012332916
1996-02-05,0.19475843012332916
1996-02-06,0.19475843012332916
1996-02-07,0.19475843012332916
1996-02-08,0.19475843012332916
1996-02-09,0.19475843012332916
1996-02-12,0.19475843012332916
1996-02-13,0.19475843012332916
1996-02-14,0.19475843012332916
1996-02-15,0.19475843012332916
1996-02-16,0.19475843012332916
1996-02-19,0.19475843012332916
1996-02-20,0.19475843012332916
1996-02-21,0.19475843012332916
1996-02-22,0.19475843012332916
1996-02-23,0.19475843012332916
1996-02-26,0.19475843012332916
1996-02-27,0.19475843012332916
1996-02-28,0.19475843012332916
1996-02-29,0.16432762145996094
1996-03-01,0.16432762145996094
1996-03-04,0.16432762145996094
1996-03-05,0.16432762145996094
1996-03-06,0.16432762145996094
1996-03-07,0.16432762145996094
1996-03-08,0.16432762145996094
1996-03-11,0.16432762145996094
1996-03-12,0.16432762145996094
1996-03-13,0.16432762145996094
1996-03-14,0.16432762145996094
1996-03-15,0.16432762145996094
1996-03-18,0.16432762145996094
1996-03-19,0.16432762145996094
1996-03-20,0.16432762145996094
1996-03-21,0.16432762145996094
1996-03-22,0.16432762145996094
1996-03-25,0.16432762145996094
1996-03-26,0.16432762145996094
1996-03-27,0.16432762145996094
1996-03-28,0.16432762145996094
1996-03-29,0.1704137921333313
1996-04-01,0.1704137921333313
1996-04-02,0.1704137921333313
1996-04-03,0.1704137921333313
1996-04-04,0.1704137921333313
1996-04-05,0.1704137921333313
1996-04-08,0.1704137921333313
1996-04-09,0.1704137921333313
1996-04-10,0.1704137921333313
1996-04-11,0.1704137921333313
1996-04-12,0.1704137921333313
1996-04-15,0.1704137921333313
1996-04-16,0.1704137921333313
1996-04-17,0.1704137921333313
1996-04-18,0.1704137921333313
1996-04-19,0.1704137921333313
1996-04-22,0.1704137921333313
1996-04-23,0.1704137921333313
1996-04-24,0.1704137921333313
1996-04-25,0.1704137921333313
1996-04-26,0.1704137921333313
1996-04-29,0.1704137921333313
1996-04-30,0.3164830207824707
1996-05-01,0.3164830207824707
1996-05-02,0.3164830207824707
1996-05-03,0.3164830207824707
1996-05-06,0.3164830207824707
1996-05-07,0.3164830207824707
1996-05-08,0.3164830207824707
1996-05-09,0.3164830207824707
1996-05-10,0.3164830207824707
1996-05-13,0.3164830207824707
1996-05-14,0.3164830207824707
1996-05-15,0.3164830207824707
1996-05-16,0.3164830207824707
1996-05-17,0.3164830207824707
1996-05-20,0.3164830207824707
1996-05-21,0.3164830207824707
1996-05-22,0.3164830207824707
1996-05-23,0.3164830207824707
1996-05-24,0.3164830207824707
1996-05-27,0.3164830207824707
1996-05-28,0.3164830207824707
1996-05-29,0.3164830207824707
1996-05-30,0.3164830207824707
1996-05-31,0.3408275842666626
1996-06-03,0.3408275842666626
1996-06-04,0.3408275842666626
1996-06-05,0.3408275842666626
1996-06-06,0.3408275842666626
1996-06-07,0.3408275842666626
1996-06-10,0.3408275842666626
1996-06-11,0.3408275842666626
1996-06-12,0.3408275842666626
1996-06-13,0.3408275842666626
1996-06-14,0.3408275842666626
1996-06-17,0.3408275842666626
1996-06-18,0.3408275842666626
1996-06-19,0.3408275842666626
1996-06-20,0.3408275842666626
1996-06-21,0.3408275842666626
1996-06-24,0.3408275842666626
1996-06-25,0.3408275842666626
1996-06-26,0.3408275842666626
1996-06-27,0.3408275842666626
1996-06-28,0.35300055146217346
1996-07-01,0.35300055146217346
1996-07-02,0.35300055146217346
1996-07-03,0.35300055146217346
1996-07-04,0.35300055146217346
1996-07-05,0.35300055146217346
1996-07-08,0.35300055146217346
1996-07-09,0.35300055146217346
1996-07-10,0.35300055146217346
1996-07-11,0.35300055146217346
1996-07-12,0.35300055146217346
1996-07-15,0.35300055146217346
1996-07-16,0.35300055146217346
1996-07-17,0.35300055146217346
1996-07-18,0.35300055146217346
1996-07-19,0.35300055146217346
1996-07-22,0.35300055146217346
1996-07-23,0.35300055146217346
1996-07-24,0.35300055146217346
1996-07-25,0.35300055146217346
1996-07-26,0.35300055146217346
1996-07-29,0.35300055146217346
1996-07-30,0.35300055146217346
1996-07-31,0.3286552429199219
1996-08-01,0.3286552429199219
1996-08-02,0.3286552429199219
1996-08-05,0.3286552429199219
1996-08-06,0.3286552429199219
1996-08-07,0.3286552429199219
1996-08-08,0.3286552429199219
1996-08-09,0.3286552429199219
1996-08-12,0.3286552429199219
1996-08-13,0.3286552429199219
1996-08-14,0.3286552429199219
1996-08-15,0.3286552429199219
1996-08-16,0.3286552429199219
1996-08-19,0.3286552429199219
1996-08-20,0.3286552429199219
1996-08-21,0.3286552429199219
1996-08-22,0.3286552429199219
1996-08-23,0.3286552429199219
1996-08-26,0.3286552429199219
1996-08-27,0.3286552429199219
1996-08-28,0.3286552429199219
1996-08-29,0.3286552429199219
1996-08-30,0.3043106198310852
1996-09-02,0.3043106198310852
1996-09-03,0.3043106198310852
1996-09-04,0.3043106198310852
1996-09-05,0.3043106198310852
1996-09-06,0.3043106198310852
1996-09-09,0.3043106198310852
1996-09-10,0.3043106198310852
1996-09-11,0.3043106198310852
1996-09-12,0.3043106198310852
1996-09-13,0.3043106198310852
1996-09-16,0.3043106198310852
1996-09-17,0.3043106198310852
1996-09-18,0.3043106198310852
1996-09-19,0.3043106198310852
1996-09-20,0.3043106198310852
1996-09-23,0.3043106198310852
1996-09-24,0.3043106198310852
1996-09-25,0.3043106198310852
1996-09-26,0.3043106198310852
1996-09-27,0.3043106198310852
1996-09-30,0.2617068886756897
1996-10-01,0.2617068886756897
1996-10-02,0.2617068886756897
1996-10-03,0.2617068886756897
1996-10-04,0.2617068886756897
1996-10-07,0.2617068886756897
1996-10-08,0.2617068886756897
1996-10-09,0.2617068886756897
1996-10-10,0.2617068886756897
1996-10-11,0.2617068886756897
1996-10-14,0.2617068886756897
1996-10-15,0.2617068886756897
1996-10-16,0.2617068886756897
1996-10-17,0.2617068886756897
1996-10-18,0.2617068886756897
1996-10-21,0.2617068886756897
1996-10-22,0.2617068886756897
1996-10-23,0.2617068886756897
1996-10-24,0.2617068886756897
1996-10-25,0.2617068886756897
1996-10-28,0.2617068886756897
1996-10-29,0.2617068886756897
1996-10-30,0.2617068886756897
1996-10-31,0.3590867817401886
1996-11-01,0.3590867817401886
1996-11-04,0.3590867817401886
1996-11-05,0.3590867817401886
1996-11-06,0.3590867817401886
1996-11-07,0.3590867817401886
1996-11-08,0.3590867817401886
1996-11-11,0.3590867817401886
1996-11-12,0.3590867817401886
1996-11-13,0.3590867817401886
1996-11-14,0.3590867817401886
1996-11-15,0.3590867817401886
1996-11-18,0.3590867817401886
1996-11-19,0.3590867817401886
1996-11-20,0.3590867817401886
1996-11-21,0.3590867817401886
1996-11-22,0.3590867817401886
1996-11-25,0.3590867817401886
1996-11-26,0.3590867817401886
1996-11-27,0.3590867817401886
1996-11-28,0.3590867817401886
1996-11-29,0.3469144105911255
1996-12-02,0.3469144105911255
1996-12-03,0.3469144105911255
1996-12-04,0.3469144105911255
1996-12-05,0.3469144105911255
1996-12-06,0.3469144105911255
1996-12-09,0.3469144105911255
1996-12-10,0.3469144105911255
1996-12-11,0.3469144105911255
1996-12-12,0.3469144105911255
1996-12-13,0.3469144105911255
1996-12-16,0.3469144105911255
1996-12-17,0.3469144105911255
1996-12-18,0.3469144105911255
1996-12-19,0.3469144105911255
1996-12-20,0.3469144105911255
1996-12-23,0.3469144105911255
1996-12-24,0.3469144105911255
1996-12-25,0.3469144105911255
1996-12-26,0.3469144105911255
1996-12-27,0.3469144105911255
1996-12-30,0.3469144105911255
1996-12-31,0.37734517455101013
1997-01-01,0.37734517455101013
1997-01-02,0.37734517455101013
1997-01-03,0.37734517455101013
1997-01-06,0.37734517455101013
1997-01-07,0.37734517455101013
1997-01-08,0.37734517455101013
1997-01-09,0.37734517455101013
1997-01-10,0.37734517455101013
1997-01-13,0.37734517455101013
1997-01-14,0.37734517455101013
1997-01-15,0.37734517455101013
1997-01-16,0.37734517455101013
1997-01-17,0.37734517455101013
1997-01-20,0.37734517455101013
1997-01-21,0.37734517455101013
1997-01-22,0.37734517455101013
1997-01-23,0.37734517455101013
1997-01-24,0.37734517455101013
1997-01-27,0.37734517455101013
1997-01-28,0.37734517455101013
1997-01-29,0.37734517455101013
1997-01-30,0.37734517455101013
1997-01-31,0.5599321722984314
1997-02-03,0.5599321722984314
1997-02-04,0.5599321722984314
1997-02-05,0.5599321722984314
1997-02-06,0.5599321722984314
1997-02-07,0.5599321722984314
1997-02-10,0.5599321722984314
1997-02-11,0.5599321722984314
1997-02-12,0.5599321722984314
1997-02-13,0.5599321722984314
1997-02-14,0.5599321722984314
1997-02-17,0.5599321722984314
1997-02-18,0.5599321722984314
1997-02-19,0.5599321722984314
1997-02-20,0.5599321722984314
1997-02-21,0.5599321722984314
1997-02-24,0.5599321722984314
1997-02-25,0.5599321722984314
1997-02-26,0.5599321722984314
1997-02-27,0.5599321722984314
1997-02-28,1.8867274522781372
1997-03-03,1.8867274522781372
1997-03-04,1.8867274522781372
1997-03-05,1.8867274522781372
1997-03-06,1.8867274522781372
1997-03-07,1.8867274522781372
1997-03-10,1.8867274522781372
1997-03-11,1.8867274522781372
1997-03-12,1.8867274522781372
1997-03-13,1.8867274522781372
1997-03-14,1.8867274522781372
1997-03-17,1.8867274522781372
1997-03-18,1.8867274522781372
1997-03-19,1.8867274522781372
1997-03-20,1.8867274522781372
1997-03-21,1.8867274522781372
1997-03-24,1.8867274522781372
1997-03-25,1.8867274522781372
1997-03-26,1.8867274522781372
1997-03-27,1.6493653059005737
1997-03-28,1.6493653059005737
1997-03-31,1.6493653059005737
1997-04-01,1.6493653059005737
1997-04-02,1.6493653059005737
1997-04-03,1.6493653059005737
1997-04-04,1.6493653059005737
1997-04-07,1.6493653059005737
1997-04-08,1.6493653059005737
1997-04-09,1.6493653059005737
1997-04-10,1.6493653059005737
1997-04-11,1.6493653059005737
1997-04-14,1.6493653059005737
1997-04-15,1.6493653059005737
1997-04-16,1.6493653059005737
1997-04-17,1.6493653059005737
1997-04-18,1.6493653059005737
1997-04-21,1.6493653059005737
1997-04-22,1.6493653059005737
1997-04-23,1.6493653059005737
1997-04-24,1.6493653059005737
1997-04-25,1.6493653059005737
1997-04-28,1.6493653059005737
1997-04-29,1.6493653059005737
1997-04-30,1.3693983554840088
1997-05-01,1.3693983554840088
1997-05-02,1.3693983554840088
1997-05-05,1.3693983554840088
1997-05-06,1.3693983554840088
1997-05-07,1.3693983554840088
1997-05-08,1.3693983554840088
1997-05-09,1.3693983554840088
1997-05-12,1.3693983554840088
1997-05-13,1.3693983554840088
1997-05-14,1.3693983554840088
1997-05-15,1.3693983554840088
1997-05-16,1.3693983554840088
1997-05-19,1.3693983554840088
1997-05-20,1.3693983554840088
1997-05-21,1.3693983554840088
1997-05-22,1.3693983554840088
1997-05-23,1.3693983554840088
1997-05-26,1.3693983554840088
1997-05-27,1.3693983554840088
1997-05-28,1.3693983554840088
1997-05-29,1.3693983554840088
1997-05-30,1.1259502172470093
1997-06-02,1.1259502172470093
1997-06-03,1.1259502172470093
1997-06-04,1.1259502172470093
1997-06-05,1.1259502172470093
1997-06-06,1.1259502172470093
1997-06-09,1.1259502172470093
1997-06-10,1.1259502172470093
1997-06-11,1.1259502172470093
1997-06-12,1.1259502172470093
1997-06-13,1.1259502172470093
1997-06-16,1.1259502172470093
1997-06-17,1.1259502172470093
1997-06-18,1.1259502172470093
1997-06-19,1.1259502172470093
1997-06-20,1.1259502172470093
1997-06-23,1.1259502172470093
1997-06-24,1.1259502172470093
1997-06-25,1.1259502172470093
1997-06-26,1.1259502172470093
1997-06-27,1.1259502172470093
1997-06-30,1.0346571207046509
1997-07-01,1.0346571207046509
1997-07-02,1.0346571207046509
1997-07-03,1.0346571207046509
1997-07-04,1.0346571207046509
1997-07-07,1.0346571207046509
1997-07-08,1.0346571207046509
1997-07-09,1.0346571207046509
1997-07-10,1.0346571207046509
1997-07-11,1.0346571207046509
1997-07-14,1.0346571207046509
1997-07-15,1.0346571207046509
1997-07-16,1.0346571207046509
1997-07-17,1.0346571207046509
1997-07-18,1.0346571207046509
1997-07-21,1.0346571207046509
1997-07-22,1.0346571207046509
1997-07-23,1.0346571207046509
1997-07-24,1.0346571207046509
1997-07-25,1.0346571207046509
1997-07-28,1.0346571207046509
1997-07-29,1.0346571207046509
1997-07-30,1.0346571207046509
1997-07-31,0.6390528082847595
1997-08-01,0.6390528082847595
1997-08-04,0.6390528082847595
1997-08-05,0.6390528082847595
1997-08-06,0.6390528082847595
1997-08-07,0.6390528082847595
1997-08-08,0.6390528082847595
1997-08-11,0.6390528082847595
1997-08-12,0.6390528082847595
1997-08-13,0.6390528082847595
1997-08-14,0.6390528082847595
1997-08-15,0.6390528082847595
1997-08-18,0.6390528082847595
1997-08-19,0.6390528082847595
1997-08-20,0.6390528082847595
1997-08-21,0.6390528082847595
1997-08-22,0.6390528082847595
1997-08-25,0.6390528082847595
1997-08-26,0.6390528082847595
1997-08-27,0.6390528082847595
1997-08-28,0.6390528082847595
1997-08-29,0.5173282623291016
1997-09-01,0.5173282623291016
1997-09-02,0.5173282623291016
1997-09-03,0.5173282623291016
1997-09-04,0.5173282623291016
1997-09-05,0.5173282623291016
1997-09-08,0.5173282623291016
1997-09-09,0.5173282623291016
1997-09-10,0.5173282623291016
1997-09-11,0.5173282623291016
1997-09-12,0.5173282623291016
1997-09-15,0.5173282623291016
1997-09-16,0.5173282623291016
1997-09-17,0.5173282623291016
1997-09-18,0.5173282623291016
1997-09-19,0.5173282623291016
1997-09-22,0.5173282623291016
1997-09-23,0.5173282623291016
1997-09-24,0.5173282623291016
1997-09-25,0.5173282623291016
1997-09-26,0.5173282623291016
1997-09-29,0.5173282623291016
1997-09-30,0.5477590560913086
1997-10-01,0.5477590560913086
1997-10-02,0.5477590560913086
1997-10-03,0.5477590560913086
1997-10-06,0.5477590560913086
1997-10-07,0.5477590560913086
1997-10-08,0.5477590560913086
1997-10-09,0.5477590560913086
1997-10-10,0.5477590560913086
1997-10-13,0.5477590560913086
1997-10-14,0.5477590560913086
1997-10-15,0.5477590560913086
1997-10-16,0.5477590560913086
1997-10-17,0.5477590560913086
1997-10-20,0.5477590560913086
1997-10-21,0.5477590560913086
1997-10-22,0.5477590560913086
1997-10-23,0.5477590560913086
1997-10-24,0.5477590560913086
1997-10-27,0.5477590560913086
1997-10-28,0.5477590560913086
1997-10-29,0.5477590560913086
1997-10-30,0.5477590560913086
1997-10-31,0.5660180449485779
1997-11-03,0.5660180449485779
1997-11-04,0.5660180449485779
1997-11-05,0.5660180449485779
1997-11-06,0.5660180449485779
1997-11-07,0.5660180449485779
1997-11-10,0.5660180449485779
1997-11-11,0.5660180449485779
1997-11-12,0.5660180449485779
1997-11-13,0.5660180449485779
1997-11-14,0.5660180449485779
1997-11-17,0.5660180449485779
1997-11-18,0.5660180449485779
1997-11-19,0.5660180449485779
1997-11-20,0.5660180449485779
1997-11-21,0.5660180449485779
1997-11-24,0.5660180449485779
1997-11-25,0.5660180449485779
1997-11-26,0.5660180449485779
1997-11-27,0.5660180449485779
1997-11-28,0.42603516578674316
1997-12-01,0.42603516578674316
1997-12-02,0.42603516578674316
1997-12-03,0.42603516578674316
1997-12-04,0.42603516578674316
1997-12-05,0.42603516578674316
1997-12-08,0.42603516578674316
1997-12-09,0.42603516578674316
1997-12-10,0.42603516578674316
1997-12-11,0.42603516578674316
1997-12-12,0.42603516578674316
1997-12-15,0.42603516578674316
1997-12-16,0.42603516578674316
1997-12-17,0.42603516578674316
1997-12-18,0.42603516578674316
1997-12-19,0.42603516578674316
1997-12-22,0.42603516578674316
1997-12-23,0.42603516578674316
1997-12-24,0.42603516578674316
1997-12-25,0.42603516578674316
1997-12-26,0.42603516578674316
1997-12-29,0.42603516578674316
1997-12-30,0.42603516578674316
1997-12-31,0.35300055146217346
1998-01-01,0.35300055146217346
1998-01-02,0.35300055146217346
1998-01-05,0.35300055146217346
1998-01-06,0.35300055146217346
1998-01-07,0.35300055146217346
1998-01-08,0.35300055146217346
1998-01-09,0.35300055146217346
1998-01-12,0.35300055146217346
1998-01-13,0.35300055146217346
1998-01-14,0.35300055146217346
1998-01-15,0.35300055146217346
1998-01-16,0.35300055146217346
1998-01-19,0.35300055146217346
1998-01-20,0.35300055146217346
1998-01-21,0.35300055146217346
1998-01-22,0.35300055146217346
1998-01-23,0.35300055146217346
1998-01-26,0.35300055146217346
1998-01-27,0.35300055146217346
1998-01-28,0.35300055146217346
1998-01-29,0.35300055146217346
1998-01-30,0.4686383306980133
1998-02-02,0.4686383306980133
1998-02-03,0.4686383306980133
1998-02-04,0.4686383306980133
1998-02-05,0.4686383306980133
1998-02-06,0.4686383306980133
1998-02-09,0.4686383306980133
1998-02-10,0.4686383306980133
1998-02-11,0.4686383306980133
1998-02-12,0.4686383306980133
1998-02-13,0.4686383306980133
1998-02-16,0.4686383306980133
1998-02-17,0.4686383306980133
1998-02-18,0.4686383306980133
1998-02-19,0.4686383306980133
1998-02-20,0.4686383306980133
1998-02-23,0.4686383306980133
1998-02-24,0.4686383306980133
1998-02-25,0.4686383306980133
1998-02-26,0.4686383306980133
1998-02-27,0.3834313750267029
1998-03-02,0.3834313750267029
1998-03-03,0.3834313750267029
1998-03-04,0.3834313750267029
1998-03-05,0.3834313750267029
1998-03-06,0.3834313750267029
1998-03-09,0.3834313750267029
1998-03-10,0.3834313750267029
1998-03-11,0.3834313750267029
1998-03-12,0.3834313750267029
1998-03-13,0.3834313750267029
1998-03-16,0.3834313750267029
1998-03-17,0.3834313750267029
1998-03-18,0.3834313750267029
1998-03-19,0.3834313750267029
1998-03-20,0.3834313750267029
1998-03-23,0.3834313750267029
1998-03-24,0.3834313750267029
1998-03-25,0.3834313750267029
1998-03-26,0.3834313750267029
1998-03-27,0.3834313750267029
1998-03-30,0.3834313750267029
1998-03-31,0.35300055146217346
1998-04-01,0.35300055146217346
1998-04-02,0.35300055146217346
1998-04-03,0.35300055146217346
1998-04-06,0.35300055146217346
1998-04-07,0.35300055146217346
1998-04-08,0.35300055146217346
1998-04-09,0.35300055146217346
1998-04-10,0.35300055146217346
1998-04-13,0.35300055146217346
1998-04-14,0.35300055146217346
1998-04-15,0.35300055146217346
1998-04-16,0.35300055146217346
1998-04-17,0.35300055146217346
1998-04-20,0.35300055146217346
1998-04-21,0.35300055146217346
1998-04-22,0.35300055146217346
1998-04-23,0.35300055146217346
1998-04-24,0.35300055146217346
1998-04-27,0.35300055146217346
1998-04-28,0.35300055146217346
1998-04-29,0.35300055146217346
1998-04-30,0.39560365676879883
1998-05-01,0.39560365676879883
1998-05-04,0.39560365676879883
1998-05-05,0.39560365676879883
1998-05-06,0.39560365676879883
1998-05-07,0.39560365676879883
1998-05-08,0.39560365676879883
1998-05-11,0.39560365676879883
1998-05-12,0.39560365676879883
1998-05-13,0.39560365676879883
1998-05-14,0.39560365676879883
1998-05-15,0.39560365676879883
1998-05-18,0.39560365676879883
1998-05-19,0.39560365676879883
1998-05-20,0.39560365676879883
1998-05-21,0.39560365676879883
1998-05-22,0.39560365676879883
1998-05-25,0.39560365676879883
1998-05-26,0.39560365676879883
1998-05-27,0.39560365676879883
1998-05-28,0.39560365676879883
1998-05-29,0.36517295241355896
1998-06-01,0.36517295241355896
1998-06-02,0.36517295241355896
1998-06-03,0.36517295241355896
1998-06-04,0.36517295241355896
1998-06-05,0.36517295241355896
1998-06-08,0.36517295241355896
1998-06-09,0.36517295241355896
1998-06-10,0.36517295241355896
1998-06-11,0.36517295241355896
1998-06-12,0.36517295241355896
1998-06-15,0.36517295241355896
1998-06-16,0.36517295241355896
1998-06-17,0.36517295241355896
1998-06-18,0.36517295241355896
1998-06-19,0.36517295241355896
1998-06-22,0.36517295241355896
1998-06-23,0.36517295241355896
1998-06-24,0.36517295241355896
1998-06-25,0.36517295241355896
1998-06-26,0.36517295241355896
1998-06-29,0.36517295241355896
1998-06-30,0.243448406457901
1998-07-01,0.243448406457901
1998-07-02,0.243448406457901
1998-07-03,0.243448406457901
1998-07-06,0.243448406457901
1998-07-07,0.243448406457901
1998-07-08,0.243448406457901
1998-07-09,0.243448406457901
1998-07-10,0.243448406457901
1998-07-13,0.243448406457901
1998-07-14,0.243448406457901
1998-07-15,0.243448406457901
1998-07-16,0.243448406457901
1998-07-17,0.243448406457901
1998-07-20,0.243448406457901
1998-07-21,0.243448406457901
1998-07-22,0.243448406457901
1998-07-23,0.243448406457901
1998-07-24,0.243448406457901
1998-07-27,0.243448406457901
1998-07-28,0.243448406457901
1998-07-29,0.243448406457901
1998-07-30,0.243448406457901
1998-07-31,0.2617068886756897
1998-08-03,0.2617068886756897
1998-08-04,0.2617068886756897
1998-08-05,0.2617068886756897
1998-08-06,0.2617068886756897
1998-08-07,0.2617068886756897
1998-08-10,0.2617068886756897
1998-08-11,0.2617068886756897
1998-08-12,0.2617068886756897
1998-08-13,0.2617068886756897
1998-08-14,0.2617068886756897
1998-08-17,0.2617068886756897
1998-08-18,0.2617068886756897
1998-08-19,0.2617068886756897
1998-08-20,0.2617068886756897
1998-08-21,0.2617068886756897
1998-08-24,0.2617068886756897
1998-08-25,0.2617068886756897
1998-08-26,0.2617068886756897
1998-08-27,0.2617068886756897
1998-08-28,0.2617068886756897
1998-08-31,0.21301758289337158
1998-09-01,0.21301758289337158
1998-09-02,0.21301758289337158
1998-09-03,0.21301758289337158
1998-09-04,0.21301758289337158
1998-09-07,0.21301758289337158
1998-09-08,0.21301758289337158
1998-09-09,0.21301758289337158
1998-09-10,0.21301758289337158
1998-09-11,0.21301758289337158
1998-09-14,0.21301758289337158
1998-09-15,0.21301758289337158
1998-09-16,0.21301758289337158
1998-09-17,0.21301758289337158
1998-09-18,0.21301758289337158
1998-09-21,0.21301758289337158
1998-09-22,0.21301758289337158
1998-09-23,0.21301758289337158
1998-09-24,0.21301758289337158
1998-09-25,0.21301758289337158
1998-09-28,0.21301758289337158
1998-09-29,0.21301758289337158
1998-09-30,0.2099745273590088
1998-10-01,0.2099745273590088
1998-10-02,0.2099745273590088
1998-10-05,0.2099745273590088
1998-10-06,0.2099745273590088
1998-10-07,0.2099745273590088
1998-10-08,0.2099745273590088
1998-10-09,0.2099745273590088
1998-10-12,0.2099745273590088
1998-10-13,0.2099745273590088
1998-10-14,0.2099745273590088
1998-10-15,0.2099745273590088
1998-10-16,0.2099745273590088
1998-10-19,0.2099745273590088
1998-10-20,0.2099745273590088
1998-10-21,0.2099745273590088
1998-10-22,0.2099745273590088
1998-10-23,0.2099745273590088
1998-10-26,0.2099745273590088
1998-10-27,0.2099745273590088
1998-10-28,0.2099745273590088
1998-10-29,0.2099745273590088
1998-10-30,0.24040527641773224
1998-11-02,0.24040527641773224
1998-11-03,0.24040527641773224
1998-11-04,0.24040527641773224
1998-11-05,0.24040527641773224
1998-11-06,0.24040527641773224
1998-11-09,0.24040527641773224
1998-11-10,0.24040527641773224
1998-11-11,0.24040527641773224
1998-11-12,0.24040527641773224
1998-11-13,0.24040527641773224
1998-11-16,0.24040527641773224
1998-11-17,0.24040527641773224
1998-11-18,0.24040527641773224
1998-11-19,0.24040527641773224
1998-11-20,0.24040527641773224
1998-11-23,0.24040527641773224
1998-11-24,0.24040527641773224
1998-11-25,0.24040527641773224
1998-11-26,0.24040527641773224
1998-11-27,0.24040527641773224
1998-11-30,0.2799660861492157
1998-12-01,0.2799660861492157
1998-12-02,0.2799660861492157
1998-12-03,0.2799660861492157
1998-12-04,0.2799660861492157
1998-12-07,0.2799660861492157
1998-12-08,0.2799660861492157
1998-12-09,0.2799660861492157
1998-12-10,0.2799660861492157
1998-12-11,0.2799660861492157
1998-12-14,0.2799660861492157
1998-12-15,0.2799660861492157
1998-12-16,0.2799660861492157
1998-12-17,0.2799660861492157
1998-12-18,0.2799660861492157
1998-12-21,0.2799660861492157
1998-12-22,0.2799660861492157
1998-12-23,0.2799660861492157
1998-12-24,0.2799660861492157
1998-12-25,0.2799660861492157
1998-12-28,0.2799660861492157
1998-12-29,0.2799653112888336
1998-12-30,0.2799653112888336
1998-12-31,0.2906188666820526
1999-01-01,0.2906188666820526
1999-01-04,0.2906188666820526
1999-01-05,0.29449406266212463
1999-01-06,0.30353525280952454
1999-01-07,0.29707711935043335
1999-01-08,0.29707711935043335
1999-01-11,0.30999353528022766
1999-01-12,0.3164518177509308
1999-01-13,0.3164518177509308
1999-01-14,0.30999353528022766
1999-01-15,0.2906188666820526
1999-01-18,0.2906188666820526
1999-01-19,0.2906188666820526
1999-01-20,0.2906188666820526
1999-01-21,0.28416067361831665
1999-01-22,0.2906188666820526
1999-01-25,0.2906188666820526
1999-01-26,0.2906188666820526
1999-01-27,0.2906188666820526
1999-01-28,0.2906188666820526
1999-01-29,0.2906188666820526
1999-02-01,0.2906188666820526
1999-02-02,0.2906188666820526
1999-02-03,0.28416067361831665
1999-02-04,0.28416067361831665
1999-02-05,0.2906188666820526
1999-02-08,0.2906188666820526
1999-02-09,0.30353525280952454
1999-02-10,0.30353525280952454
1999-02-11,0.30353525280952454
1999-02-12,0.30353525280952454
1999-02-15,0.30353525280952454
1999-02-16,0.30353525280952454
1999-02-17,0.30353525280952454
1999-02-18,0.2906188666820526
1999-02-19,0.2906188666820526
1999-02-22,0.28416067361831665
1999-02-23,0.28416067361831665
1999-02-24,0.28416067361831665
1999-02-25,0.28416067361831665
1999-02-26,0.28416067361831665
1999-03-01,0.2906188666820526
1999-03-02,0.2777024805545807
1999-03-03,0.2777024805545807
1999-03-04,0.2906188666820526
1999-03-05,0.2906188666820526
1999-03-08,0.2906188666820526
1999-03-09,0.2906188666820526
1999-03-10,0.2906188666820526
1999-03-11,0.29707711935043335
1999-03-12,0.30999353528022766
1999-03-15,0.30999353528022766
1999-03-16,0.3067648112773895
1999-03-17,0.3067648112773895
1999-03-18,0.2906188666820526
1999-03-19,0.2906188666820526
1999-03-22,0.2906188666820526
1999-03-23,0.2906188666820526
1999-03-24,0.2906188666820526
1999-03-25,0.2906188666820526
1999-03-26,0.2906188666820526
1999-03-29,0.2906188666820526
1999-03-30,0.2777024805545807
1999-03-31,0.2777024805545807
1999-04-01,0.2777024805545807
1999-04-02,0.2777024805545807
1999-04-05,0.2777024805545807
1999-04-06,0.2906188666820526
1999-04-07,0.322909951210022
1999-04-08,0.30999353528022766
1999-04-09,0.30999353528022766
1999-04-12,0.30999353528022766
1999-04-13,0.322909951210022
1999-04-14,0.30999353528022766
1999-04-15,0.3164518177509308
1999-04-16,0.322909951210022
1999-04-19,0.37457576394081116
1999-04-20,0.37457576394081116
1999-04-21,0.36165937781333923
1999-04-22,0.3552011251449585
1999-04-23,0.3681176006793976
1999-04-26,0.37457576394081116
1999-04-27,0.40686699748039246
1999-04-28,0.37457576394081116
1999-04-29,0.38749220967292786
1999-04-30,0.40686699748039246
1999-05-03,0.38749220967292786
1999-05-04,0.38749220967292786
1999-05-05,0.3810340166091919
1999-05-06,0.3810340166091919
1999-05-07,0.40686699748039246
1999-05-10,0.36165937781333923
1999-05-11,0.33582645654678345
1999-05-12,0.3552011251449585
1999-05-13,0.34874293208122253
1999-05-14,0.3681176006793976
1999-05-17,0.34874293208122253
1999-05-18,0.34874293208122253
1999-05-19,0.3293682336807251
1999-05-20,0.322909951210022
1999-05-21,0.322909951210022
1999-05-24,0.322909951210022
1999-05-25,0.322909951210022
1999-05-26,0.322909951210022
1999-05-27,0.322909951210022
1999-05-28,0.2906188666820526
1999-05-31,0.29384833574295044
1999-06-01,0.29384833574295044
1999-06-02,0.2906188666820526
1999-06-03,0.2906188666820526
1999-06-04,0.322909951210022
1999-06-07,0.322909951210022
1999-06-08,0.322909951210022
1999-06-09,0.3293682336807251
1999-06-10,0.30999353528022766
1999-06-11,0.3552011251449585
1999-06-14,0.3552011251449585
1999-06-15,0.33582645654678345
1999-06-16,0.3164518177509308
1999-06-17,0.3164518177509308
1999-06-18,0.322909951210022
1999-06-21,0.322909951210022
1999-06-22,0.322909951210022
1999-06-23,0.322909951210022
1999-06-24,0.322909951210022
1999-06-25,0.322909951210022
1999-06-28,0.322909951210022
1999-06-29,0.36165937781333923
1999-06-30,0.3552011251449585
1999-07-01,0.3552011251449585
1999-07-02,0.3552011251449585
1999-07-05,0.3681176006793976
1999-07-06,0.3681176006793976
1999-07-07,0.33582645654678345
1999-07-08,0.33582645654678345
1999-07-09,0.3552011251449585
1999-07-12,0.3552011251449585
1999-07-13,0.33582645654678345
1999-07-14,0.3422847092151642
1999-07-15,0.322909951210022
1999-07-16,0.322909951210022
1999-07-19,0.322909951210022
1999-07-20,0.322909951210022
1999-07-21,0.33582645654678345
1999-07-22,0.33582645654678345
1999-07-23,0.33582645654678345
1999-07-26,0.3552011251449585
1999-07-27,0.3552011251449585
1999-07-28,0.3293682336807251
1999-07-29,0.3552011251449585
1999-07-30,0.3422847092151642
1999-08-02,0.40040871500968933
1999-08-03,0.3810340166091919
1999-08-04,0.38749220967292786
1999-08-05,0.40686699748039246
1999-08-06,0.40686699748039246
1999-08-09,0.40686699748039246
1999-08-10,0.40686699748039246
1999-08-11,0.40686699748039246
1999-08-12,0.4133252799510956
1999-08-13,0.4520746171474457
1999-08-16,0.43269988894462585
1999-08-17,0.43269988894462585
1999-08-18,0.4520746171474457
1999-08-19,0.4520746171474457
1999-08-20,0.4391580820083618
1999-08-23,0.4391580820083618
1999-08-24,0.4262416660785675
1999-08-25,0.4262416660785675
1999-08-26,0.4262416660785675
1999-08-27,0.4262416660785675
1999-08-30,0.41978344321250916
1999-08-31,0.38749220967292786
1999-09-01,0.40686699748039246
1999-09-02,0.38749220967292786
1999-09-03,0.38749220967292786
1999-09-06,0.38749220967292786
1999-09-07,0.38749220967292786
1999-09-08,0.37457576394081116
1999-09-09,0.38749220967292786
1999-09-10,0.38749220967292786
1999-09-13,0.38749220967292786
1999-09-14,0.38749220967292786
1999-09-15,0.38749220967292786
1999-09-16,0.38749220967292786
1999-09-17,0.3810340166091919
1999-09-20,0.37457576394081116
1999-09-21,0.38749220967292786
1999-09-22,0.38749220967292786
1999-09-23,0.4133252799510956
1999-09-24,0.40686699748039246
1999-09-27,0.41978344321250916
1999-09-28,0.43269988894462585
1999-09-29,0.4649910032749176
1999-09-30,0.4843650162220001
1999-10-01,0.4908231794834137
1999-10-04,0.4972814619541168
1999-10-05,0.5037396550178528
1999-10-06,0.4843650162220001
1999-10-07,0.4649910032749176
1999-10-08,0.4714486002922058
1999-10-11,0.4843650162220001
1999-10-12,0.548947274684906
1999-10-13,0.548947274684906
1999-10-14,0.5683220624923706
1999-10-15,0.5812384486198425
1999-10-18,0.5360308885574341
1999-10-19,0.5360308885574341
1999-10-20,0.5424891114234924
1999-10-21,0.5360308885574341
1999-10-22,0.5424891114234924
1999-10-25,0.5037396550178528
1999-10-26,0.548947274684906
1999-10-27,0.5231143236160278
1999-10-28,0.5231143236160278
1999-10-29,0.5231143236160278
1999-11-01,0.5166561007499695
1999-11-02,0.5166561007499695
1999-11-03,0.5101978778839111
1999-11-04,0.5166561007499695
1999-11-05,0.5037396550178528
1999-11-08,0.4908231794834137
1999-11-09,0.4908231794834137
1999-11-10,0.4972814619541168
1999-11-11,0.4843650162220001
1999-11-12,0.5037396550178528
1999-11-15,0.4972814619541168
1999-11-16,0.5295725464820862
1999-11-17,0.5101978778839111
1999-11-18,0.4908231794834137
1999-11-19,0.5166561007499695
1999-11-22,0.5166561007499695
1999-11-23,0.5101978778839111
1999-11-24,0.4843650162220001
1999-11-25,0.4843650162220001
1999-11-26,0.5424891114234924
1999-11-29,0.5424891114234924
1999-11-30,0.5101978778839111
1999-12-01,0.5166561007499695
1999-12-02,0.5295725464820862
1999-12-03,0.5166561007499695
1999-12-06,0.5166561007499695
1999-12-07,0.5166561007499695
1999-12-08,0.5037396550178528
1999-12-09,0.5101978778839111
1999-12-10,0.5101978778839111
1999-12-13,0.5037396550178528
1999-12-14,0.5037396550178528
1999-12-15,0.5037396550178528
1999-12-16,0.4908231794834137
1999-12-17,0.4908231794834137
1999-12-20,0.4714486002922058
1999-12-21,0.4520746171474457
1999-12-22,0.4843650162220001
1999-12-23,0.4779067635536194
1999-12-24,0.4714486002922058
1999-12-27,0.4714486002922058
1999-12-28,0.4714486002922058
1999-12-29,0.4714486002922058
1999-12-30,0.4520746171474457
1999-12-31,0.4520746171474457
2000-01-03,0.4520746171474457
2000-01-04,0.5101978778839111
2000-01-05,0.5166561007499695
2000-01-06,0.5166561007499695
2000-01-07,0.4843650162220001
2000-01-10,0.4843650162220001
2000-01-11,0.4843650162220001
2000-01-12,0.4843650162220001
2000-01-13,0.4843650162220001
2000-01-14,0.4649910032749176
2000-01-17,0.4649910032749176
2000-01-18,0.4649910032749176
2000-01-19,0.45853278040885925
2000-01-20,0.45853278040885925
2000-01-21,0.4843650162220001
2000-01-24,0.4779067635536194
2000-01-25,0.4714486002922058
2000-01-26,0.4813946783542633
2000-01-27,0.4779067635536194
2000-01-28,0.4843650162220001
2000-01-31,0.4779067635536194
2000-02-01,0.4779067635536194
2000-02-02,0.4843650162220001
2000-02-03,0.4843650162220001
2000-02-04,0.4843650162220001
2000-02-07,0.5166561007499695
2000-02-08,0.5166561007499695
2000-02-09,0.4520746171474457
2000-02-10,0.45853278040885925
2000-02-11,0.4843650162220001
2000-02-14,0.4843650162220001
2000-02-15,0.4843650162220001
2000-02-16,0.5101978778839111
2000-02-17,0.5101978778839111
2000-02-18,0.5457186102867126
2000-02-21,0.5166561007499695
2000-02-22,0.5101978778839111
2000-02-23,0.5101978778839111
2000-02-24,0.5037396550178528
2000-02-25,0.5037396550178528
2000-02-28,0.5037396550178528
2000-02-29,0.4843650162220001
2000-03-01,0.4843650162220001
2000-03-02,0.5037396550178528
2000-03-03,0.4714486002922058
2000-03-06,0.4714486002922058
2000-03-07,0.4779067635536194
2000-03-08,0.4779067635536194
2000-03-09,0.4714486002922058
2000-03-10,0.4714486002922058
2000-03-13,0.4714486002922058
2000-03-14,0.4714486002922058
2000-03-15,0.4714486002922058
2000-03-16,0.4714486002922058
2000-03-17,0.4843650162220001
2000-03-20,0.5037396550178528
2000-03-21,0.5037396550178528
2000-03-22,0.4972814619541168
2000-03-23,0.4843650162220001
2000-03-24,0.4843650162220001
2000-03-27,0.4649910032749176
2000-03-28,0.4520746171474457
2000-03-29,0.45853278040885925
2000-03-30,0.4249493181705475
2000-03-31,0.40040871500968933
2000-04-03,0.4843650162220001
2000-04-04,0.43269988894462585
2000-04-05,0.4262416660785675
2000-04-06,0.4262416660785675
2000-04-07,0.4262416660785675
2000-04-10,0.4262416660785675
2000-04-11,0.40040871500968933
2000-04-12,0.40040871500968933
2000-04-13,0.41978344321250916
2000-04-14,0.43269988894462585
2000-04-17,0.38749220967292786
2000-04-18,0.38749220967292786
2000-04-19,0.38749220967292786
2000-04-20,0.38749220967292786
2000-04-21,0.395668089389801
2000-04-24,0.395668089389801
2000-04-25,0.395668089389801
2000-04-26,0.41978344321250916
2000-04-27,0.41978344321250916
2000-04-28,0.38749220967292786
2000-05-01,0.38749220967292786
2000-05-02,0.38749220967292786
2000-05-03,0.3552011251449585
2000-05-04,0.3810340166091919
2000-05-05,0.37457576394081116
2000-05-08,0.38749220967292786
2000-05-09,0.38749220967292786
2000-05-10,0.40040871500968933
2000-05-11,0.40040871500968933
2000-05-12,0.40040871500968933
2000-05-15,0.4520746171474457
2000-05-16,0.4520746171474457
2000-05-17,0.41978344321250916
2000-05-18,0.41978344321250916
2000-05-19,0.41978344321250916
2000-05-22,0.4520746171474457
2000-05-23,0.4391580820083618
2000-05-24,0.40686699748039246
2000-05-25,0.38749220967292786
2000-05-26,0.3810340166091919
2000-05-29,0.3810340166091919
2000-05-30,0.3810340166091919
2000-05-31,0.38749220967292786
2000-06-01,0.38749220967292786
2000-06-02,0.38749220967292786
2000-06-05,0.38749220967292786
2000-06-06,0.40040871500968933
2000-06-07,0.40040871500968933
2000-06-08,0.40040871500968933
2000-06-09,0.40040871500968933
2000-06-12,0.40885621309280396
2000-06-13,0.41978344321250916
2000-06-14,0.40686699748039246
2000-06-15,0.39395052194595337
2000-06-16,0.39395052194595337
2000-06-19,0.40040871500968933
2000-06-20,0.38749220967292786
2000-06-21,0.37457576394081116
2000-06-22,0.4649910032749176
2000-06-23,0.4520746171474457
2000-06-26,0.41978344321250916
2000-06-27,0.4262416660785675
2000-06-28,0.4262416660785675
2000-06-29,0.4520746171474457
2000-06-30,0.4520746171474457
2000-07-03,0.4779067635536194
2000-07-04,0.4649910032749176
2000-07-05,0.4649910032749176
2000-07-06,0.4714486002922058
2000-07-07,0.4779067635536194
2000-07-10,0.5037396550178528
2000-07-11,0.4843650162220001
2000-07-12,0.4779067635536194
2000-07-13,0.4649910032749176
2000-07-14,0.45853278040885925
2000-07-17,0.45853278040885925
2000-07-18,0.45853278040885925
2000-07-19,0.45853278040885925
2000-07-20,0.45853278040885925
2000-07-21,0.45853278040885925
2000-07-24,0.4520746171474457
2000-07-25,0.44561639428138733
2000-07-26,0.44561639428138733
2000-07-27,0.4649910032749176
2000-07-28,0.4520746171474457
2000-07-31,0.4520746171474457
2000-08-01,0.4520746171474457
2000-08-02,0.4779067635536194
2000-08-03,0.4649910032749176
2000-08-04,0.4779067635536194
2000-08-07,0.4843650162220001
2000-08-08,0.4843650162220001
2000-08-09,0.4843650162220001
2000-08-10,0.4908231794834137
2000-08-11,0.4972814619541168
2000-08-14,0.4908231794834137
2000-08-15,0.4843650162220001
2000-08-16,0.4972814619541168
2000-08-17,0.4843650162220001
2000-08-18,0.4843650162220001
2000-08-21,0.4714486002922058
2000-08-22,0.4649910032749176
2000-08-23,0.4649910032749176
2000-08-24,0.4391580820083618
2000-08-25,0.44561639428138733
2000-08-28,0.4520746171474457
2000-08-29,0.4520746171474457
2000-08-30,0.4391580820083618
2000-08-31,0.4391580820083618
2000-09-01,0.4391580820083618
2000-09-04,0.4391580820083618
2000-09-05,0.44561639428138733
2000-09-06,0.44561639428138733
2000-09-07,0.44561639428138733
2000-09-08,0.4391580820083618
2000-09-11,0.4391580820083618
2000-09-12,0.4391580820083618
2000-09-13,0.43269988894462585
2000-09-14,0.41978344321250916
2000-09-15,0.4262416660785675
2000-09-18,0.44561639428138733
2000-09-19,0.44561639428138733
2000-09-20,0.41978344321250916
2000-09-21,0.41978344321250916
2000-09-22,0.41978344321250916
2000-09-25,0.41978344321250916
2000-09-26,0.4133252799510956
2000-09-27,0.4133252799510956
2000-09-28,0.4133252799510956
2000-09-29,0.4133252799510956
2000-10-02,0.4133252799510956
2000-10-03,0.4133252799510956
2000-10-04,0.40040871500968933
2000-10-05,0.40040871500968933
2000-10-06,0.40040871500968933
2000-10-09,0.40040871500968933
2000-10-10,0.4133252799510956
2000-10-11,0.41978344321250916
2000-10-12,0.4391580820083618
2000-10-13,0.4391580820083618
2000-10-16,0.4391580820083618
2000-10-17,0.41978344321250916
2000-10-18,0.4262416660785675
2000-10-19,0.4262416660785675
2000-10-20,0.4262416660785675
2000-10-23,0.44561639428138733
2000-10-24,0.43269988894462585
2000-10-25,0.4391580820083618
2000-10-26,0.43269988894462585
2000-10-27,0.41978344321250916
2000-10-30,0.40686699748039246
2000-10-31,0.40686699748039246
2000-11-01,0.4391580820083618
2000-11-02,0.41978344321250916
2000-11-03,0.4262416660785675
2000-11-06,0.4262416660785675
2000-11-07,0.4262416660785675
2000-11-08,0.4520746171474457
2000-11-09,0.4520746171474457
2000-11-10,0.4714486002922058
2000-11-13,0.4714486002922058
2000-11-14,0.4714486002922058
2000-11-15,0.4520746171474457
2000-11-16,0.4391580820083618
2000-11-17,0.4184918999671936
2000-11-20,0.41978344321250916
2000-11-21,0.4391580820083618
2000-11-22,0.4520746171474457
2000-11-23,0.4843650162220001
2000-11-24,0.4843650162220001
2000-11-27,0.5618637800216675
2000-11-28,0.5166561007499695
2000-11-29,0.5231143236160278
2000-11-30,0.4972814619541168
2000-12-01,0.4779067635536194
2000-12-04,0.4520746171474457
2000-12-05,0.4908231794834137
2000-12-06,0.5101978778839111
2000-12-07,0.5101978778839111
2000-12-08,0.4972814619541168
2000-12-11,0.4649910032749176
2000-12-12,0.4649910032749176
2000-12-13,0.4649910032749176
2000-12-14,0.4649910032749176
2000-12-15,0.4649910032749176
2000-12-18,0.4520746171474457
2000-12-19,0.4649910032749176
2000-12-20,0.4649910032749176
2000-12-21,0.4649910032749176
2000-12-22,0.4908231794834137
2000-12-25,0.4908231794834137
2000-12-26,0.4908231794834137
2000-12-27,0.4908231794834137
2000-12-28,0.4908231794834137
2000-12-29,0.5037396550178528
2001-01-01,0.514370322227478
2001-01-02,0.5360308885574341
2001-01-03,0.4908231794834137
2001-01-04,0.5166561007499695
2001-01-05,0.5166561007499695
2001-01-08,0.4972814619541168
2001-01-09,0.4908231794834137
2001-01-10,0.4972814619541168
2001-01-11,0.4972814619541168
2001-01-12,0.5037396550178528
2001-01-15,0.5166561007499695
2001-01-16,0.5037396550178528
2001-01-17,0.5037396550178528
2001-01-18,0.5037396550178528
2001-01-19,0.5166561007499695
2001-01-22,0.5101978778839111
2001-01-23,0.5166561007499695
2001-01-24,0.5231143236160278
2001-01-25,0.5360308885574341
2001-01-26,0.5360308885574341
2001-01-29,0.5360308885574341
2001-01-30,0.5360308885574341
2001-01-31,0.5166561007499695
2001-02-01,0.5101978778839111
2001-02-02,0.5166561007499695
2001-02-05,0.5101978778839111
2001-02-06,0.5166561007499695
2001-02-07,0.5231143236160278
2001-02-08,0.5166561007499695
2001-02-09,0.5166561007499695
2001-02-12,0.5166561007499695
2001-02-13,0.5037396550178528
2001-02-14,0.5037396550178528
2001-02-15,0.5166561007499695
2001-02-16,0.5166561007499695
2001-02-19,0.5166561007499695
2001-02-20,0.5101978778839111
2001-02-21,0.5166561007499695
2001-02-22,0.5037396550178528
2001-02-23,0.5037396550178528
2001-02-26,0.5037396550178528
2001-02-27,0.548947274684906
2001-02-28,0.548947274684906
2001-03-01,0.5166561007499695
2001-03-02,0.5166561007499695
2001-03-05,0.5166561007499695
2001-03-06,0.5166561007499695
2001-03-07,0.4972814619541168
2001-03-08,0.4972814619541168
2001-03-09,0.4972814619541168
2001-03-12,0.4972814619541168
2001-03-13,0.4972814619541168
2001-03-14,0.5295725464820862
2001-03-15,0.5295725464820862
2001-03-16,0.5231143236160278
2001-03-19,0.5166561007499695
2001-03-20,0.4972814619541168
2001-03-21,0.4972814619541168
2001-03-22,0.5166561007499695
2001-03-23,0.5166561007499695
2001-03-26,0.4843650162220001
2001-03-27,0.5037396550178528
2001-03-28,0.4714486002922058
2001-03-29,0.4714486002922058
2001-03-30,0.4843650162220001
2001-04-02,0.4843650162220001
2001-04-03,0.5166561007499695
2001-04-04,0.5166561007499695
2001-04-05,0.5166561007499695
2001-04-06,0.5166561007499695
2001-04-09,0.4843650162220001
2001-04-10,0.5166561007499695
2001-04-11,0.4843650162220001
2001-04-12,0.4843650162220001
2001-04-13,0.5011823177337646
2001-04-16,0.5011823177337646
2001-04-17,0.4714486002922058
2001-04-18,0.4843650162220001
2001-04-19,0.4843650162220001
2001-04-20,0.4843650162220001
2001-04-23,0.4843650162220001
2001-04-24,0.4779067635536194
2001-04-25,0.4879879951477051
2001-04-26,0.4843650162220001
2001-04-27,0.4843650162220001
2001-04-30,0.4843650162220001
2001-05-01,0.5166561007499695
2001-05-02,0.5101978778839111
2001-05-03,0.4972814619541168
2001-05-04,0.4843650162220001
2001-05-07,0.4908231794834137
2001-05-08,0.4908231794834137
2001-05-09,0.4972814619541168
2001-05-10,0.5166561007499695
2001-05-11,0.5683220624923706
2001-05-14,0.5683220624923706
2001-05-15,0.5166561007499695
2001-05-16,0.5747802257537842
2001-05-17,0.5747802257537842
2001-05-18,0.5747802257537842
2001-05-21,0.6006131768226624
2001-05-22,0.5812384486198425
2001-05-23,0.5618637800216675
2001-05-24,0.548947274684906
2001-05-25,0.548947274684906
2001-05-28,0.548947274684906
2001-05-29,0.5360308885574341
2001-05-30,0.5360308885574341
2001-05-31,0.5166561007499695
2001-06-01,0.5166561007499695
2001-06-04,0.5424891114234924
2001-06-05,0.5295725464820862
2001-06-06,0.5424891114234924
2001-06-07,0.5424891114234924
2001-06-08,0.548947274684906
2001-06-11,0.5605334043502808
2001-06-12,0.5424891114234924
2001-06-13,0.5424891114234924
2001-06-14,0.5360308885574341
2001-06-15,0.5037396550178528
2001-06-18,0.5231143236160278
2001-06-19,0.5231143236160278
2001-06-20,0.5166561007499695
2001-06-21,0.5166561007499695
2001-06-22,0.5166561007499695
2001-06-25,0.5166561007499695
2001-06-26,0.548947274684906
2001-06-27,0.548947274684906
2001-06-28,0.548947274684906
2001-06-29,0.5747802257537842
2001-07-02,0.5747802257537842
2001-07-03,0.5747802257537842
2001-07-04,0.5747802257537842
2001-07-05,0.5424891114234924
2001-07-06,0.5747802257537842
2001-07-09,0.5683220624923706
2001-07-10,0.548947274684906
2001-07-11,0.5424891114234924
2001-07-12,0.5424891114234924
2001-07-13,0.5424891114234924
2001-07-16,0.5424891114234924
2001-07-17,0.5424891114234924
2001-07-18,0.548947274684906
2001-07-19,0.548947274684906
2001-07-20,0.5554055571556091
2001-07-23,0.5554055571556091
2001-07-24,0.5554055571556091
2001-07-25,0.5554055571556091
2001-07-26,0.548947274684906
2001-07-27,0.548947274684906
2001-07-30,0.548947274684906
2001-07-31,0.548947274684906
2001-08-01,0.5812384486198425
2001-08-02,0.5812384486198425
2001-08-03,0.5812384486198425
2001-08-06,0.5747802257537842
2001-08-07,0.5812384486198425
2001-08-08,0.548947274684906
2001-08-09,0.5618637800216675
2001-08-10,0.5747802257537842
2001-08-13,0.5747802257537842
2001-08-14,0.5554055571556091
2001-08-15,0.5554055571556091
2001-08-16,0.5360308885574341
2001-08-17,0.5360308885574341
2001-08-20,0.548947274684906
2001-08-21,0.548947274684906
2001-08-22,0.5295725464820862
2001-08-23,0.548947274684906
2001-08-24,0.548947274684906
2001-08-27,0.5231143236160278
2001-08-28,0.5295725464820862
2001-08-29,0.5295725464820862
2001-08-30,0.5295725464820862
2001-08-31,0.5037396550178528
2001-09-03,0.5231143236160278
2001-09-04,0.5101978778839111
2001-09-05,0.5101978778839111
2001-09-06,0.5101978778839111
2001-09-07,0.5295725464820862
2001-09-10,0.5295725464820862
2001-09-11,0.5037396550178528
2001-09-12,0.4908231794834137
2001-09-13,0.5011982917785645
2001-09-14,0.46822458505630493
2001-09-17,0.4814141094684601
2001-09-18,0.4814141094684601
2001-09-19,0.48800888657569885
2001-09-20,0.49460363388061523
2001-09-21,0.5275771617889404
2001-09-24,0.5275771617889404
2001-09-25,0.5143877267837524
2001-09-26,0.5143877267837524
2001-09-27,0.5209823846817017
2001-09-28,0.49460363388061523
2001-10-01,0.5275771617889404
2001-10-02,0.5011982917785645
2001-10-03,0.5143877267837524
2001-10-04,0.5275771617889404
2001-10-05,0.5407665371894836
2001-10-08,0.5935243964195251
2001-10-09,0.5935243964195251
2001-10-10,0.5935243964195251
2001-10-11,0.6067138314247131
2001-10-12,0.5935243964195251
2001-10-15,0.5605507493019104
2001-10-16,0.5935243964195251
2001-10-17,0.6396874189376831
2001-10-18,0.6726610064506531
2001-10-19,0.6330927610397339
2001-10-22,0.6858505010604858
2001-10-23,0.6726610064506531
2001-10-24,0.6594716310501099
2001-10-25,0.6594716310501099
2001-10-26,0.6396874189376831
2001-10-29,0.6660662889480591
2001-10-30,0.7122293710708618
2001-10-31,0.6924450993537903
2001-11-01,0.7254188060760498
2001-11-02,0.751797616481781
2001-11-05,0.7386082410812378
2001-11-06,0.7452030181884766
2001-11-07,0.7452030181884766
2001-11-08,0.7386082410812378
2001-11-09,0.7254188060760498
2001-11-12,0.7583923935890198
2001-11-13,0.7649871706962585
2001-11-14,0.7847713828086853
2001-11-15,0.7847713828086853
2001-11-16,0.7649871706962585
2001-11-19,0.7715818285942078
2001-11-20,0.7781764268875122
2001-11-21,0.7847713828086853
2001-11-22,0.7649871706962585
2001-11-23,0.7386082410812378
2001-11-26,0.7649871706962585
2001-11-27,0.7781764268875122
2001-11-28,0.8045554757118225
2001-11-29,0.857313334941864
2001-11-30,0.8836922645568848
2001-12-03,0.844123899936676
2001-12-04,0.8111501336097717
2001-12-05,0.8243396282196045
2001-12-06,0.7913659811019897
2001-12-07,0.8045554757118225
2001-12-10,0.7913659811019897
2001-12-11,0.7913659811019897
2001-12-12,0.7649871706962585
2001-12-13,0.7649871706962585
2001-12-14,0.7715818285942078
2001-12-17,0.7649871706962585
2001-12-18,0.7847713828086853
2001-12-19,0.7847713828086853
2001-12-20,0.7847713828086853
2001-12-21,0.7979608178138733
2001-12-24,0.8243396282196045
2001-12-25,0.8243396282196045
2001-12-26,0.8243396282196045
2001-12-27,0.8045554757118225
2001-12-28,0.8045554757118225
2001-12-31,0.8309345245361328
2002-01-01,0.8309345245361328
2002-01-02,0.844123899936676
2002-01-03,0.844123899936676
2002-01-04,0.844123899936676
2002-01-07,0.844123899936676
2002-01-08,0.844123899936676
2002-01-09,0.844123899936676
2002-01-10,0.857313334941864
2002-01-11,0.870502769947052
2002-01-14,0.857313334941864
2002-01-15,0.857313334941864
2002-01-16,0.8375290036201477
2002-01-17,0.8770973682403564
2002-01-18,0.870502769947052
2002-01-21,0.8836922645568848
2002-01-22,0.8770973682403564
2002-01-23,0.8639078736305237
2002-01-24,0.9034765362739563
2002-01-25,0.9562341570854187
2002-01-28,0.9562341570854187
2002-01-29,0.929855465888977
2002-01-30,0.9232603907585144
2002-01-31,0.9232603907585144
2002-02-01,0.9232603907585144
2002-02-04,0.9364498257637024
2002-02-05,1.0287762880325317
2002-02-06,1.0419654846191406
2002-02-07,1.0353707075119019
2002-02-08,1.0551549196243286
2002-02-11,1.0221812725067139
2002-02-12,1.0551549196243286
2002-02-13,1.0749393701553345
2002-02-14,1.0617496967315674
2002-02-15,1.0881285667419434
2002-02-18,1.0551549196243286
2002-02-19,1.0551549196243286
2002-02-20,0.9892077445983887
2002-02-21,1.0089919567108154
2002-02-22,1.0287762880325317
2002-02-25,1.0419654846191406
2002-02-26,1.0584524869918823
2002-02-27,1.0881285667419434
2002-02-28,1.1145074367523193
2002-03-01,1.0881285667419434
2002-03-04,1.101318120956421
2002-03-05,1.0683443546295166
2002-03-06,1.0419654846191406
2002-03-07,1.0419654846191406
2002-03-08,1.0089919567108154
2002-03-11,1.0419654846191406
2002-03-12,0.9892077445983887
2002-03-13,1.0551549196243286
2002-03-14,1.0419654846191406
2002-03-15,1.0155867338180542
2002-03-18,1.0155867338180542
2002-03-19,1.0551549196243286
2002-03-20,1.0815337896347046
2002-03-21,1.1145074367523193
2002-03-22,1.1211020946502686
2002-03-25,1.1342915296554565
2002-03-26,1.1079126596450806
2002-03-27,1.0881285667419434
2002-03-28,1.1870496273040771
2002-03-29,1.1870496273040771
2002-04-01,1.1870496273040771
2002-04-02,1.206833839416504
2002-04-03,1.2200231552124023
2002-04-04,1.1870496273040771
2002-04-05,1.2464019060134888
2002-04-08,1.2002389430999756
2002-04-09,1.2002389430999756
2002-04-10,1.17385995388031
2002-04-11,1.2398072481155396
2002-04-12,1.2464019060134888
2002-04-15,1.2002389430999756
2002-04-16,1.1870496273040771
2002-04-17,1.17385995388031
2002-04-18,1.1870496273040771
2002-04-19,1.2200231552124023
2002-04-22,1.17385995388031
2002-04-23,1.206833839416504
2002-04-24,1.292564868927002
2002-04-25,1.292564868927002
2002-04-26,1.345322847366333
2002-04-29,1.3519175052642822
2002-04-30,1.3189440965652466
2002-05-01,1.2859703302383423
2002-05-02,1.2991596460342407
2002-05-03,1.30575430393219
2002-05-06,1.4178647994995117
2002-05-07,1.516785740852356
2002-05-08,1.5827325582504272
2002-05-09,1.6157065629959106
2002-05-10,1.5629488229751587
2002-05-13,1.549759030342102
2002-05-14,1.5629488229751587
2002-05-15,1.5827325582504272
2002-05-16,1.6420854330062866
2002-05-17,1.6157065629959106
2002-05-20,1.6157065629959106
2002-05-21,1.6157065629959106
2002-05-22,1.7476011514663696
2002-05-23,1.7476011514663696
2002-05-24,1.7805745601654053
2002-05-27,1.8267372846603394
2002-05-28,1.7937641143798828
2002-05-29,1.8465214967727661
2002-05-30,1.80695378780365
2002-05-31,1.7476011514663696
2002-06-03,1.7937641143798828
2002-06-04,1.839926838874817
2002-06-05,1.879495620727539
2002-06-06,1.8267372846603394
2002-06-07,1.8465214967727661
2002-06-10,1.8465214967727661
2002-06-11,1.813547968864441
2002-06-12,1.7344117164611816
2002-06-13,1.7541953325271606
2002-06-14,1.80695378780365
2002-06-17,1.813547968864441
2002-06-18,1.7607905864715576
2002-06-19,1.7278165817260742
2002-06-20,1.7146273851394653
2002-06-21,1.7607905864715576
2002-06-24,1.7739797830581665
2002-06-25,1.7673852443695068
2002-06-26,1.7410062551498413
2002-06-27,1.7080323696136475
2002-06-28,1.6486799716949463
2002-07-01,1.549759030342102
2002-07-02,1.5563536882400513
2002-07-03,1.516785740852356
2002-07-04,1.503596305847168
2002-07-05,1.503596305847168
2002-07-08,1.549759030342102
2002-07-09,1.661869764328003
2002-07-10,1.7476011514663696
2002-07-11,1.6816534996032715
2002-07-12,1.655274748802185
2002-07-15,1.701438069343567
2002-07-16,1.694843053817749
2002-07-17,1.6157065629959106
2002-07-18,1.6157065629959106
2002-07-19,1.6157065629959106
2002-07-22,1.6816534996032715
2002-07-23,1.6486799716949463
2002-07-24,1.516785740852356
2002-07-25,1.5761382579803467
2002-07-26,1.5827325582504272
2002-07-29,1.4904066324234009
2002-07-30,1.5101908445358276
2002-07-31,1.536569595336914
2002-08-01,1.5827325582504272
2002-08-02,1.7476011514663696
2002-08-05,1.7212218046188354
2002-08-06,1.7146273851394653
2002-08-07,1.701438069343567
2002-08-08,1.7937641143798828
2002-08-09,1.7607905864715576
2002-08-12,1.7476011514663696
2002-08-13,1.7871692180633545
2002-08-14,1.813547968864441
2002-08-15,1.7541953325271606
2002-08-16,1.8201425075531006
2002-08-19,1.7805745601654053
2002-08-20,1.7607905864715576
2002-08-21,1.7476011514663696
2002-08-22,1.80695378780365
2002-08-23,1.7805745601654053
2002-08-26,1.8003584146499634
2002-08-27,1.879495620727539
2002-08-28,1.9586318731307983
2002-08-29,2.0245792865753174
2002-08-30,2.01798415184021
2002-09-02,1.9784159660339355
2002-09-03,2.0773370265960693
2002-09-04,2.1037158966064453
2002-09-05,2.0773370265960693
2002-09-06,2.1366896629333496
2002-09-09,2.20923113822937
2002-09-10,2.20923113822937
2002-09-11,2.1432840824127197
2002-09-12,2.0773370265960693
2002-09-13,2.1696629524230957
2002-09-16,2.1300947666168213
2002-09-17,2.095515251159668
2002-09-18,2.199253797531128
2002-09-19,2.2476649284362793
2002-09-20,2.2200019359588623
2002-09-23,2.213085651397705
2002-09-24,2.102431535720825
2002-09-25,2.1715903282165527
2002-09-26,2.109346866607666
2002-09-27,2.074767827987671
2002-09-30,2.074767827987671
2002-10-01,2.095515251159668
2002-10-02,2.0194408893585205
2002-10-03,2.0678515434265137
2002-10-04,2.012524366378784
2002-10-07,1.9502819776535034
2002-10-08,1.9157023429870605
2002-10-09,1.8534592390060425
2002-10-10,1.9018703699111938
2002-10-11,1.936449646949768
2002-10-14,1.9710294008255005
2002-10-15,2.005608558654785
2002-10-16,1.936449646949768
2002-10-17,1.8327114582061768
2002-10-18,1.7773840427398682
2002-10-21,1.8050475120544434
2002-10-22,1.825795292854309
2002-10-23,1.7981321811676025
2002-10-24,1.8119635581970215
2002-10-25,1.867290735244751
2002-10-28,1.9571975469589233
2002-10-29,1.9502819776535034
2002-10-30,2.0540199279785156
2002-10-31,2.2476649284362793
2002-11-01,2.1370108127593994
2002-11-04,2.199253797531128
2002-11-05,2.199253797531128
2002-11-06,2.1785058975219727
2002-11-07,2.199253797531128
2002-11-08,2.199253797531128
2002-11-11,2.199253797531128
2002-11-12,2.199253797531128
2002-11-13,2.2545812129974365
2002-11-14,2.233833074569702
2002-11-15,2.2269175052642822
2002-11-18,2.2545812129974365
2002-11-19,2.2269175052642822
2002-11-20,2.275329113006592
2002-11-21,2.275329113006592
2002-11-22,2.2614967823028564
2002-11-25,2.2684123516082764
2002-11-26,2.19233775138855
2002-11-27,2.1715903282165527
2002-11-28,2.1715903282165527
2002-11-29,2.1646742820739746
2002-12-02,2.1785058975219727
2002-12-03,2.1715903282165527
2002-12-04,2.213085651397705
2002-12-05,2.2200019359588623
2002-12-06,2.199253797531128
2002-12-09,2.199253797531128
2002-12-10,2.2476649284362793
2002-12-11,2.240748882293701
2002-12-12,2.233833074569702
2002-12-13,2.337571620941162
2002-12-16,2.351402997970581
2002-12-17,2.3444879055023193
2002-12-18,2.3583197593688965
2002-12-19,2.5173845291137695
2002-12-20,2.5727126598358154
2002-12-23,2.4966371059417725
2002-12-24,2.565796375274658
2002-12-25,2.565796375274658
2002-12-26,2.565796375274658
2002-12-27,2.524301052093506
2002-12-30,2.641871213912964
2002-12-31,2.5934596061706543
2003-01-01,2.5934596061706543
2003-01-02,2.6280388832092285
2003-01-03,2.6072912216186523
2003-01-06,2.6280388832092285
2003-01-07,2.7179458141326904
2003-01-08,2.7110300064086914
2003-01-09,2.7594411373138428
2003-01-10,2.7179458141326904
2003-01-13,2.7317771911621094
2003-01-14,2.6211235523223877
2003-01-15,2.6072912216186523
2003-01-16,2.662618637084961
2003-01-17,2.7317771911621094
2003-01-20,2.7317771911621094
2003-01-21,2.8009369373321533
2003-01-22,2.849348306655884
2003-01-23,3.0360770225524902
2003-01-24,2.9392545223236084
2003-01-27,2.9392545223236084
2003-01-28,2.655702829360962
2003-01-29,2.6003758907318115
2003-01-30,2.6280388832092285
2003-01-31,2.890843152999878
2003-02-03,2.849348306655884
2003-02-04,2.9876656532287598
2003-02-05,3.022245168685913
2003-02-06,2.9738340377807617
2003-02-07,2.904675006866455
2003-02-10,2.78018856048584
2003-02-11,2.7110300064086914
2003-02-12,2.794020652770996
2003-02-13,2.7317771911621094
2003-02-14,2.78018856048584
2003-02-17,2.641871213912964
2003-02-18,2.7110300064086914
2003-02-19,2.8009369373321533
2003-02-20,2.8355159759521484
2003-02-21,2.8355159759521484
2003-02-24,2.794020652770996
2003-02-25,2.7386932373046875
2003-02-26,2.690282106399536
2003-02-27,2.676450252532959
2003-02-28,2.538132429122925
2003-03-03,2.558879852294922
2003-03-04,2.5727126598358154
2003-03-05,2.6003758907318115
2003-03-06,2.7179458141326904
2003-03-07,2.669534921646118
2003-03-10,2.662618637084961
2003-03-11,2.676450252532959
2003-03-12,2.6349551677703857
2003-03-13,2.531216859817505
2003-03-14,2.45514178276062
2003-03-17,2.565796375274658
2003-03-18,2.524301052093506
2003-03-19,2.4758894443511963
2003-03-20,2.45514178276062
2003-03-21,2.4897217750549316
2003-03-24,2.427478551864624
2003-03-25,2.524301052093506
2003-03-26,2.524301052093506
2003-03-27,2.45514178276062
2003-03-28,2.5304088592529297
2003-03-31,2.559082269668579
2003-04-01,2.580587148666382
2003-04-02,2.487399101257324
2003-04-03,2.437221050262451
2003-04-04,2.408547878265381
2003-04-07,2.422884464263916
2003-04-08,2.3583695888519287
2003-04-09,2.3583695888519287
2003-04-10,2.3942110538482666
2003-04-11,2.437221050262451
2003-04-14,2.544745683670044
2003-04-15,2.444389581680298
2003-04-16,2.3798747062683105
2003-04-17,2.437221050262451
2003-04-18,2.437221050262451
2003-04-21,2.437221050262451
2003-04-22,2.437221050262451
2003-04-23,2.4013798236846924
2003-04-24,2.437221050262451
2003-04-25,2.437221050262451
2003-04-28,2.508904218673706
2003-04-29,2.4945671558380127
2003-04-30,2.444389581680298
2003-05-01,2.437221050262451
2003-05-02,2.444389581680298
2003-05-05,2.544745683670044
2003-05-06,2.5375773906707764
2003-05-07,2.444389581680298
2003-05-08,2.437221050262451
2003-05-09,2.4802308082580566
2003-05-12,2.580587148666382
2003-05-13,2.544745683670044
2003-05-14,2.473062515258789
2003-05-15,2.437221050262451
2003-05-16,2.473062515258789
2003-05-19,2.5304088592529297
2003-05-20,2.609260082244873
2003-05-21,2.6379332542419434
2003-05-22,2.623596668243408
2003-05-23,2.623596668243408
2003-05-26,2.6737747192382812
2003-05-27,2.6737747192382812
2003-05-28,2.716785192489624
2003-05-29,2.458726167678833
2003-05-30,2.2221720218658447
2003-06-02,2.1218159198760986
2003-06-03,2.2078356742858887
2003-06-04,2.2651820182800293
2003-06-05,2.1361522674560547
2003-06-06,2.0573012828826904
2003-06-09,2.0573012828826904
2003-06-10,2.150489091873169
2003-06-11,2.1074793338775635
2003-06-12,2.114647626876831
2003-06-13,2.1361522674560547
2003-06-16,2.1863303184509277
2003-06-17,2.1576578617095947
2003-06-18,2.2580134868621826
2003-06-19,2.32252836227417
2003-06-20,2.2938547134399414
2003-06-23,2.250845193862915
2003-06-24,2.1863303184509277
2003-06-25,2.0859744548797607
2003-06-26,2.2078356742858887
2003-06-27,2.1791627407073975
2003-06-30,2.1074793338775635
2003-07-01,2.1074793338775635
2003-07-02,2.1074793338775635
2003-07-03,2.0573012828826904
2003-07-04,1.9712815284729004
2003-07-07,1.9712815284729004
2003-07-08,1.9927862882614136
2003-07-09,2.0429651737213135
2003-07-10,2.128983974456787
2003-07-11,2.150489091873169
2003-07-14,2.2580134868621826
2003-07-15,2.508904218673706
2003-07-16,2.2795186042785645
2003-07-17,2.2938547134399414
2003-07-18,2.3296966552734375
2003-07-21,2.336864948272705
2003-07-22,2.3655378818511963
2003-07-23,2.3583695888519287
2003-07-24,2.437221050262451
2003-07-25,2.4515581130981445
2003-07-28,2.5017356872558594
2003-07-29,2.580587148666382
2003-07-30,2.5160725116729736
2003-07-31,2.473062515258789
2003-08-01,2.473062515258789
2003-08-04,2.4802308082580566
2003-08-05,2.4945671558380127
2003-08-06,2.5519139766693115
2003-08-07,2.5519139766693115
2003-08-08,2.573418378829956
2003-08-11,2.6881115436553955
2003-08-12,2.6881115436553955
2003-08-13,2.6881115436553955
2003-08-14,2.680943489074707
2003-08-15,2.7239527702331543
2003-08-18,2.745457887649536
2003-08-19,2.8601512908935547
2003-08-20,2.7597944736480713
2003-08-21,2.8601512908935547
2003-08-22,2.766963005065918
2003-08-25,2.616428852081299
2003-08-26,2.766963005065918
2003-08-27,2.7597944736480713
2003-08-28,2.852405071258545
2003-08-29,2.726454734802246
2003-09-01,2.7634990215301514
2003-09-02,2.859813928604126
2003-09-03,2.8227698802948
2003-09-04,2.7709078788757324
2003-09-05,2.756089687347412
2003-09-08,2.8227698802948
2003-09-09,2.8005433082580566
2003-09-10,2.9264934062957764
2003-09-11,2.88944935798645
2003-09-12,2.8375871181488037
2003-09-15,2.7709078788757324
2003-09-16,2.7709078788757324
2003-09-17,2.7634990215301514
2003-09-18,2.7783167362213135
2003-09-19,2.7783167362213135
2003-09-22,2.8375871181488037
2003-09-23,2.8079519271850586
2003-09-24,2.8079519271850586
2003-09-25,2.88944935798645
2003-09-26,2.8968582153320312
2003-09-29,2.9264934062957764
2003-09-30,2.882040500640869
2003-10-01,2.88944935798645
2003-10-02,2.88944935798645
2003-10-03,2.88944935798645
2003-10-06,2.6820015907287598
2003-10-07,2.6968190670013428
2003-10-08,2.6745927333831787
2003-10-09,2.6523666381835938
2003-10-10,2.5190072059631348
2003-10-13,2.54864239692688
2003-10-14,2.563460111618042
2003-10-15,2.5264158248901367
2003-10-16,2.570868968963623
2003-10-17,2.6449575424194336
2003-10-20,2.6449575424194336
2003-10-21,2.726454734802246
2003-10-22,2.9116761684417725
2003-10-23,2.9264934062957764
2003-10-24,2.852405071258545
2003-10-27,2.8153610229492188
2003-10-28,2.7412726879119873
2003-10-29,2.874631881713867
2003-10-30,2.7857253551483154
2003-10-31,2.8153610229492188
2003-11-03,2.830178737640381
2003-11-04,2.8005433082580566
2003-11-05,2.8153610229492188
2003-11-06,2.8005433082580566
2003-11-07,2.7857253551483154
2003-11-10,2.7783167362213135
2003-11-11,2.8153610229492188
2003-11-12,2.8005433082580566
2003-11-13,2.9190850257873535
2003-11-14,2.874631881713867
2003-11-17,2.9709465503692627
2003-11-18,2.985764503479004
2003-11-19,3.1117148399353027
2003-11-20,3.022808313369751
2003-11-21,3.007990598678589
2003-11-24,2.993173122406006
2003-11-25,2.9487199783325195
2003-11-26,2.9487199783325195
2003-11-27,3.0894885063171387
2003-11-28,3.0746707916259766
2003-12-01,3.0746707916259766
2003-12-02,3.1043059825897217
2003-12-03,3.0894885063171387
2003-12-04,3.0746707916259766
2003-12-05,3.007990598678589
2003-12-08,3.0302178859710693
2003-12-09,2.9709465503692627
2003-12-10,2.9635379314422607
2003-12-11,2.852405071258545
2003-12-12,2.844996452331543
2003-12-15,2.8375871181488037
2003-12-16,2.882040500640869
2003-12-17,2.9190850257873535
2003-12-18,2.9264934062957764
2003-12-19,2.9264934062957764
2003-12-22,2.882040500640869
2003-12-23,2.867222547531128
2003-12-24,2.8375871181488037
2003-12-25,2.8375871181488037
2003-12-26,2.8375871181488037
2003-12-29,2.852405071258545
2003-12-30,2.852405071258545
2003-12-31,2.844996452331543
2004-01-01,2.844996452331543
2004-01-02,2.844996452331543
2004-01-05,2.852405071258545
2004-01-06,2.9264934062957764
2004-01-07,2.867222547531128
2004-01-08,2.8153610229492188
2004-01-09,2.859813928604126
2004-01-12,2.8153610229492188
2004-01-13,2.7783167362213135
2004-01-14,2.7857253551483154
2004-01-15,2.7709078788757324
2004-01-16,2.6894102096557617
2004-01-19,2.563460111618042
2004-01-20,2.54864239692688
2004-01-21,2.600503921508789
2004-01-22,2.6449575424194336
2004-01-23,2.6523666381835938
2004-01-26,2.6523666381835938
2004-01-27,2.6597752571105957
2004-01-28,2.6671836376190186
2004-01-29,2.6671836376190186
2004-01-30,2.593095541000366
2004-02-02,2.578278064727783
2004-02-03,2.444918632507324
2004-02-04,2.437509775161743
2004-02-05,2.444918632507324
2004-02-06,2.4893717765808105
2004-02-09,2.600503921508789
2004-02-10,2.6597752571105957
2004-02-11,2.6745927333831787
2004-02-12,2.7486813068389893
2004-02-13,2.7634990215301514
2004-02-16,2.704227924346924
2004-02-17,2.7412726879119873
2004-02-18,2.7857253551483154
2004-02-19,2.726454734802246
2004-02-20,2.7783167362213135
2004-02-23,2.6671836376190186
2004-02-24,2.6301395893096924
2004-02-25,2.585686445236206
2004-02-26,2.5115981101989746
2004-02-27,2.444918632507324
2004-03-01,2.4597363471984863
2004-03-02,2.4819629192352295
2004-03-03,2.437509775161743
2004-03-04,2.4819629192352295
2004-03-05,2.430100679397583
2004-03-08,2.5190072059631348
2004-03-09,2.55605149269104
2004-03-10,2.5264158248901367
2004-03-11,2.55605149269104
2004-03-12,2.593095541000366
2004-03-15,2.6846165657043457
2004-03-16,2.6998696327209473
2004-03-17,2.6846165657043457
2004-03-18,2.676989793777466
2004-03-19,2.738003730773926
2004-03-22,2.738003730773926
2004-03-23,2.783764362335205
2004-03-24,2.844778537750244
2004-03-25,2.905792713165283
2004-03-26,2.8676586151123047
2004-03-29,2.9362993240356445
2004-03-30,2.913419008255005
2004-03-31,2.8676586151123047
2004-04-01,2.9515533447265625
2004-04-02,2.9515533447265625
2004-04-05,2.928673028945923
2004-04-06,2.8371517658233643
2004-04-07,2.9210455417633057
2004-04-08,2.905792713165283
2004-04-09,2.905792713165283
2004-04-12,2.905792713165283
2004-04-13,2.9591801166534424
2004-04-14,2.8752853870391846
2004-04-15,2.9591801166534424
2004-04-16,2.8752853870391846
2004-04-19,2.8752853870391846
2004-04-20,2.8905386924743652
2004-04-21,2.715123176574707
2004-04-22,2.669363021850586
2004-04-23,2.6998696327209473
2004-04-26,2.730377197265625
2004-04-27,2.8295252323150635
2004-04-28,2.8295252323150635
2004-04-29,2.5702157020568848
2004-04-30,2.547335147857666
2004-05-03,2.593095541000366
2004-05-04,2.7456302642822266
2004-05-05,2.806644916534424
2004-05-06,2.6922430992126465
2004-05-07,2.661736011505127
2004-05-10,2.5854687690734863
2004-05-11,2.5549614429473877
2004-05-12,2.615975856781006
2004-05-13,2.547335147857666
2004-05-14,2.5015745162963867
2004-05-17,2.6312291622161865
2004-05-18,2.6464831829071045
2004-05-19,2.676989793777466
2004-05-20,2.7532572746276855
2004-05-21,2.7456302642822266
2004-05-24,2.730377197265625
2004-05-25,2.730377197265625
2004-05-26,2.806644916534424
2004-05-27,2.7990176677703857
2004-05-28,2.8371517658233643
2004-05-31,2.7456302642822266
2004-06-01,2.676989793777466
2004-06-02,2.669363021850586
2004-06-03,2.7074968814849854
2004-06-04,2.6922430992126465
2004-06-07,2.7074968814849854
2004-06-08,2.738003730773926
2004-06-09,2.738003730773926
2004-06-10,2.669363021850586
2004-06-11,2.669363021850586
2004-06-14,2.669363021850586
2004-06-15,2.5244545936584473
2004-06-16,2.600722312927246
2004-06-17,2.6998696327209473
2004-06-18,2.7074968814849854
2004-06-21,2.7456302642822266
2004-06-22,2.783764362335205
2004-06-23,2.7608840465545654
2004-06-24,2.7456302642822266
2004-06-25,2.715123176574707
2004-06-28,2.730377197265625
2004-06-29,2.730377197265625
2004-06-30,2.676989793777466
2004-07-01,2.6312291622161865
2004-07-02,2.6922430992126465
2004-07-05,2.669363021850586
2004-07-06,2.6464831829071045
2004-07-07,2.661736011505127
2004-07-08,2.661736011505127
2004-07-09,2.6541099548339844
2004-07-12,2.669363021850586
2004-07-13,2.7074968814849854
2004-07-14,2.6541099548339844
2004-07-15,2.6541099548339844
2004-07-16,2.661736011505127
2004-07-19,2.669363021850586
2004-07-20,2.6388559341430664
2004-07-21,2.669363021850586
2004-07-22,2.6541099548339844
2004-07-23,2.661736011505127
2004-07-26,2.6312291622161865
2004-07-27,2.6312291622161865
2004-07-28,2.5625884532928467
2004-07-29,2.5168278217315674
2004-07-30,2.5549614429473877
2004-08-02,2.600722312927246
2004-08-03,2.5778419971466064
2004-08-04,2.5625884532928467
2004-08-05,2.5549614429473877
2004-08-06,2.532081365585327
2004-08-09,2.4939475059509277
2004-08-10,2.5168278217315674
2004-08-11,2.5168278217315674
2004-08-12,2.5092012882232666
2004-08-13,2.5092012882232666
2004-08-16,2.478694200515747
2004-08-17,2.5168278217315674
2004-08-18,2.539708375930786
2004-08-19,2.532081365585327
2004-08-20,2.539708375930786
2004-08-23,2.6464831829071045
2004-08-24,2.5702157020568848
2004-08-25,2.471067428588867
2004-08-26,2.4481871128082275
2004-08-27,2.432933807373047
2004-08-30,2.5092012882232666
2004-08-31,2.486320972442627
2004-09-01,2.5168278217315674
2004-09-02,2.4939475059509277
2004-09-03,2.4939475059509277
2004-09-06,2.5018649101257324
2004-09-07,2.4860305786132812
2004-09-08,2.4306092262268066
2004-09-09,2.4543609619140625
2004-09-10,2.493947744369507
2004-09-13,2.557285785675049
2004-09-14,2.509782075881958
2004-09-15,2.4701955318450928
2004-09-16,2.5414514541625977
2004-09-17,2.509782075881958
2004-09-20,2.4781134128570557
2004-09-21,2.4385266304016113
2004-09-22,2.4701955318450928
2004-09-23,2.375188112258911
2004-09-24,2.3435189723968506
2004-09-27,2.3910226821899414
2004-09-28,2.446444034576416
2004-09-29,2.4543609619140625
2004-09-30,2.375188112258911
2004-10-01,2.4147746562957764
2004-10-04,2.4781134128570557
2004-10-05,2.4147746562957764
2004-10-06,2.4543609619140625
2004-10-07,2.4543609619140625
2004-10-08,2.4701955318450928
2004-10-11,2.533533811569214
2004-10-12,2.533533811569214
2004-10-13,2.509782075881958
2004-10-14,2.4860305786132812
2004-10-15,2.573120594024658
2004-10-18,2.628541946411133
2004-10-19,2.6602108478546143
2004-10-20,2.691880226135254
2004-10-21,2.707714796066284
2004-10-22,2.668128728866577
2004-10-25,2.707714796066284
2004-10-26,2.3039321899414062
2004-10-27,2.2405941486358643
2004-10-28,2.1930904388427734
2004-10-29,2.272263288497925
2004-11-01,2.2405941486358643
2004-11-02,2.296015501022339
2004-11-03,2.2326769828796387
2004-11-04,2.2168421745300293
2004-11-05,2.2089247703552246
2004-11-08,2.296015501022339
2004-11-09,2.2326769828796387
2004-11-10,2.2564287185668945
2004-11-11,2.2089247703552246
2004-11-12,2.2564287185668945
2004-11-15,2.224759340286255
2004-11-16,2.2168421745300293
2004-11-17,2.248511552810669
2004-11-18,2.2564287185668945
2004-11-19,2.248511552810669
2004-11-22,2.1376688480377197
2004-11-23,2.0980825424194336
2004-11-24,2.0109925270080566
2004-11-25,2.0743308067321777
2004-11-26,2.113917589187622
2004-11-29,2.113917589187622
2004-11-30,2.0743308067321777
2004-12-01,2.105999708175659
2004-12-02,2.1376688480377197
2004-12-03,2.105999708175659
2004-12-06,2.0822482109069824
2004-12-07,2.050579309463501
2004-12-08,1.900150179862976
2004-12-09,1.8922330141067505
2004-12-10,1.86056387424469
2004-12-13,1.8368117809295654
2004-12-14,1.8684813976287842
2004-12-15,2.026827335357666
2004-12-16,2.0584964752197266
2004-12-17,1.9634888172149658
2004-12-20,1.9634888172149658
2004-12-21,1.900150179862976
2004-12-22,1.9239020347595215
2004-12-23,1.9080675840377808
2004-12-24,1.9239020347595215
2004-12-27,1.9239020347595215
2004-12-28,1.9239020347595215
2004-12-29,1.900150179862976
2004-12-30,1.9634888172149658
2004-12-31,1.9397368431091309
2005-01-04,1.9555714130401611
2005-01-05,1.8922330141067505
2005-01-06,1.900150179862976
2005-01-07,1.9555714130401611
2005-01-10,2.105999708175659
2005-01-11,2.1218349933624268
2005-01-12,2.113917589187622
2005-01-13,2.0426619052886963
2005-01-14,2.0980825424194336
2005-01-17,2.0980825424194336
2005-01-18,2.0980825424194336
2005-01-19,2.0980825424194336
2005-01-20,2.1930904388427734
2005-01-21,2.1693389415740967
2005-01-24,2.161421060562134
2005-01-25,2.0822482109069824
2005-01-27,2.050579309463501
2005-01-28,2.0189101696014404
2005-01-31,2.0980825424194336
2005-02-01,2.026827335357666
2005-02-02,1.9397368431091309
2005-02-03,1.9397368431091309
2005-02-04,1.9555714130401611
2005-02-07,1.9634888172149658
2005-02-08,1.9159849882125854
2005-02-09,1.900150179862976
2005-02-10,1.8368117809295654
2005-02-11,1.8288947343826294
2005-02-14,1.852646827697754
2005-02-15,1.86056387424469
2005-02-16,1.8447294235229492
2005-02-17,1.8368117809295654
2005-02-18,1.8288947343826294
2005-02-21,1.852646827697754
2005-02-22,1.8447294235229492
2005-02-23,1.852646827697754
2005-02-24,1.8209772109985352
2005-02-25,1.8209772109985352
2005-02-28,1.7734737396240234
2005-03-01,1.7576390504837036
2005-03-02,1.7813912630081177
2005-03-03,1.637601613998413
2005-03-04,1.7334612607955933
2005-03-07,1.7973675727844238
2005-03-08,1.7734026908874512
2005-03-09,1.7973675727844238
2005-03-10,1.7254724502563477
2005-03-11,1.6615666151046753
2005-03-14,1.7414494752883911
2005-03-15,1.7893791198730469
2005-03-16,1.7494375705718994
2005-03-17,1.7893791198730469
2005-03-18,1.9810981750488281
2005-03-21,1.997075080871582
2005-03-22,1.8852391242980957
2005-03-23,1.933168888092041
2005-03-24,1.9411569833755493
2005-03-29,1.8852391242980957
2005-03-30,1.8532854318618774
2005-03-31,1.8053557872772217
2005-04-01,1.8452974557876587
2005-04-04,1.8373087644577026
2005-04-05,1.8053557872772217
2005-04-06,1.7813912630081177
2005-04-07,1.8213326930999756
2005-04-08,1.7414494752883911
2005-04-11,1.7574262619018555
2005-04-12,1.7414494752883911
2005-04-13,1.7015079259872437
2005-04-14,1.6855313777923584
2005-04-15,1.7174845933914185
2005-04-18,1.6535780429840088
2005-04-19,1.6695547103881836
2005-04-20,1.677542805671692
2005-04-21,1.7015079259872437
2005-04-22,1.7574262619018555
2005-04-26,1.81334388256073
2005-04-27,1.81334388256073
2005-04-28,1.8293209075927734
2005-04-29,1.8053557872772217
2005-05-02,1.8213326930999756
2005-05-03,1.8213326930999756
2005-05-04,1.7734026908874512
2005-05-05,1.8213326930999756
2005-05-06,1.8213326930999756
2005-05-09,1.9171918630599976
2005-05-10,2.0210399627685547
2005-05-11,1.997075080871582
2005-05-12,2.0609819889068604
2005-05-13,1.9491454362869263
2005-05-16,2.0210399627685547
2005-05-17,2.005063533782959
2005-05-18,2.0609819889068604
2005-05-19,2.140864610671997
2005-05-20,2.1488523483276367
2005-05-23,2.1248881816864014
2005-05-24,2.1728177070617676
2005-05-25,2.236724376678467
2005-05-26,2.1488523483276367
2005-05-27,2.1089119911193848
2005-05-30,2.1728177070617676
2005-05-31,2.1728177070617676
2005-06-01,2.276665687561035
2005-06-02,2.3325839042663574
2005-06-03,2.3245956897735596
2005-06-06,2.3325839042663574
2005-06-07,2.3325839042663574
2005-06-08,2.3245956897735596
2005-06-09,2.308619260787964
2005-06-10,2.3166074752807617
2005-06-14,2.276665687561035
2005-06-15,2.1967825889587402
2005-06-16,2.156841278076172
2005-06-17,2.276665687561035
2005-06-20,2.2527010440826416
2005-06-21,2.2606892585754395
2005-06-22,2.276665687561035
2005-06-23,2.356549024581909
2005-06-24,2.372525215148926
2005-06-27,2.3485608100891113
2005-06-28,2.3325839042663574
2005-06-29,2.284654140472412
2005-06-30,2.268677234649658
2005-07-01,2.2447123527526855
2005-07-04,2.220747470855713
2005-07-05,2.2527010440826416
2005-07-06,2.276665687561035
2005-07-07,2.2527010440826416
2005-07-08,2.308619260787964
2005-07-11,2.29264235496521
2005-07-12,2.300630807876587
2005-07-13,2.308619260787964
2005-07-14,2.356549024581909
2005-07-15,2.3166074752807617
2005-07-18,2.3325839042663574
2005-07-19,2.3245956897735596
2005-07-20,2.3245956897735596
2005-07-21,2.4923501014709473
2005-07-22,2.5322916507720947
2005-07-25,2.5562565326690674
2005-07-26,2.6840696334838867
2005-07-27,2.6281516551971436
2005-07-28,2.6201629638671875
2005-07-29,2.5482680797576904
2005-08-01,2.5562565326690674
2005-08-02,2.51631498336792
2005-08-03,2.508326768875122
2005-08-04,2.508326768875122
2005-08-05,2.5562565326690674
2005-08-08,2.5243031978607178
2005-08-09,2.5562565326690674
2005-08-10,2.64412784576416
2005-08-11,2.676081418991089
2005-08-12,2.795905351638794
2005-08-15,2.787917137145996
2005-08-16,2.676081418991089
2005-08-17,2.676081418991089
2005-08-18,2.636139392852783
2005-08-19,2.6121747493743896
2005-08-22,2.7559640407562256
2005-08-23,2.5562565326690674
2005-08-24,2.6281516551971436
2005-08-25,2.588209629058838
2005-08-26,2.5402796268463135
2005-08-29,2.4763731956481934
2005-08-30,2.4524085521698
2005-08-31,2.428443670272827
2005-09-01,2.5243031978607178
2005-09-02,2.6201629638671875
2005-09-05,2.555267095565796
2005-09-06,2.5958266258239746
2005-09-07,2.5958266258239746
2005-09-08,2.612051010131836
2005-09-09,2.5633790493011475
2005-09-12,2.6363866329193115
2005-09-13,2.7499539852142334
2005-09-14,2.782402515411377
2005-09-15,2.8067378997802734
2005-09-16,2.839186191558838
2005-09-19,2.9040815830230713
2005-09-20,2.9527533054351807
2005-09-21,2.9203054904937744
2005-09-22,2.9608654975891113
2005-09-23,2.928417682647705
2005-09-26,2.94464111328125
2005-09-27,2.9770891666412354
2005-09-28,3.001424789428711
2005-09-29,3.017648935317993
2005-09-30,3.017648935317993
2005-10-03,2.985200881958008
2005-10-04,2.985200881958008
2005-10-05,2.9770891666412354
2005-10-06,2.9040815830230713
2005-10-07,2.9365291595458984
2005-10-10,2.9770891666412354
2005-10-11,2.9608654975891113
2005-10-12,3.041985034942627
2005-10-13,3.041985034942627
2005-10-14,3.155552387237549
2005-10-17,3.1961121559143066
2005-10-18,3.3259036540985107
2005-10-19,3.2123360633850098
2005-10-20,3.2204482555389404
2005-10-21,3.2123360633850098
2005-10-24,3.2123360633850098
2005-10-25,3.1231048107147217
2005-10-26,3.2691197395324707
2005-10-27,3.2366719245910645
2005-10-28,3.2123360633850098
2005-10-31,3.3259036540985107
2005-11-01,3.3664634227752686
2005-11-02,3.2772319316864014
2005-11-03,3.3664634227752686
2005-11-04,3.3259036540985107
2005-11-07,3.2691197395324707
2005-11-08,3.1636641025543213
2005-11-09,3.2204482555389404
2005-11-10,3.285343885421753
2005-11-11,3.1636641025543213
2005-11-14,3.171776533126831
2005-11-15,3.285343885421753
2005-11-16,3.3340156078338623
2005-11-17,3.358351230621338
2005-11-18,3.3664634227752686
2005-11-21,3.3259036540985107
2005-11-22,3.285343885421753
2005-11-23,3.4475831985473633
2005-11-24,3.317791700363159
2005-11-25,3.285343885421753
2005-11-28,3.3826873302459717
2005-11-29,3.3826873302459717
2005-11-30,3.3826873302459717
2005-12-01,3.204223871231079
2005-12-02,3.301567554473877
2005-12-05,3.1068801879882812
2005-12-06,3.11499285697937
2005-12-07,3.0906567573547363
2005-12-08,3.131216526031494
2005-12-09,3.074432611465454
2005-12-12,3.1393284797668457
2005-12-13,3.11499285697937
2005-12-14,3.131216526031494
2005-12-15,3.204223871231079
2005-12-16,3.155552387237549
2005-12-19,3.1636641025543213
2005-12-20,3.1636641025543213
2005-12-21,3.2123360633850098
2005-12-22,3.3664634227752686
2005-12-23,3.398911476135254
2005-12-28,3.674717426300049
2005-12-29,3.715277671813965
2005-12-30,3.731501340866089
2006-01-03,3.9505250453948975
2006-01-04,4.007308006286621
2006-01-05,3.861292839050293
2006-01-06,3.90185284614563
2006-01-09,4.055980205535889
2006-01-10,4.18577241897583
2006-01-11,4.096540451049805
2006-01-12,4.177659034729004
2006-01-13,4.088428497314453
2006-01-16,4.242554664611816
2006-01-17,4.331786632537842
2006-01-18,4.169548034667969
2006-01-19,4.153323650360107
2006-01-20,4.193882942199707
2006-01-23,4.153323650360107
2006-01-24,4.494026184082031
2006-01-25,4.3723464012146
2006-01-27,4.786056995391846
2006-01-30,4.5183610916137695
2006-01-31,4.826616287231445
2006-02-01,4.923960208892822
2006-02-02,4.74549674987793
2006-02-03,4.583257675170898
2006-02-06,4.891511917114258
2006-02-07,4.85906457901001
2006-02-08,4.461578369140625
2006-02-09,4.502137660980225
2006-02-10,4.542697429656982
2006-02-13,4.315562725067139
2006-02-14,4.380457878112793
2006-02-15,4.348010540008545
2006-02-16,4.242554664611816
2006-02-17,4.315562725067139
2006-02-20,4.558921813964844
2006-02-21,4.761721134185791
2006-02-22,4.761721134185791
2006-02-23,4.48591423034668
2006-02-24,4.299339771270752
2006-02-27,4.356123447418213
2006-02-28,4.429129600524902
2006-03-01,4.421017646789551
2006-03-02,4.380457878112793
2006-03-03,4.291226863861084
2006-03-06,4.080316066741943
2006-03-07,4.128988265991211
2006-03-08,4.177659034729004
2006-03-09,4.218218803405762
2006-03-10,4.080316066741943
2006-03-13,4.299339771270752
2006-03-14,4.315562725067139
2006-03-15,4.348010540008545
2006-03-16,4.3723464012146
2006-03-17,4.453465938568115
2006-03-20,4.453465938568115
2006-03-21,4.421017646789551
2006-03-22,4.631929397583008
2006-03-23,4.69682502746582
2006-03-24,4.777944564819336
2006-03-27,4.875288486480713
2006-03-28,5.061862945556641
2006-03-29,5.069975852966309
2006-03-30,5.094311237335205
2006-03-31,5.22410249710083
2006-04-03,5.22410249710083
2006-04-04,5.3701171875
2006-04-05,5.22410249710083
2006-04-06,5.167319297790527
2006-04-07,5.11864709854126
2006-04-10,4.810392379760742
2006-04-11,4.988855838775635
2006-04-12,5.005079746246338
2006-04-13,4.980544567108154
2006-04-18,5.119575500488281
2006-04-19,5.185000896453857
2006-04-20,5.119575500488281
2006-04-21,5.193179130554199
2006-04-24,5.152287006378174
2006-04-26,5.005080223083496
2006-04-27,5.0132575035095215
2006-04-28,4.776088714599609
2006-05-01,4.751554012298584
2006-05-02,4.448959827423096
2006-05-03,4.514385223388672
2006-05-04,4.3753557205200195
2006-05-05,4.293572902679443
2006-05-08,4.09729528427124
2006-05-09,4.4162468910217285
2006-05-10,4.743376731872559
2006-05-11,4.661593914031982
2006-05-12,4.399889945983887
2006-05-15,4.219968318939209
2006-05-16,4.09729528427124
2006-05-17,4.228146076202393
2006-05-18,4.023691177368164
2006-05-19,4.09729528427124
2006-05-22,3.7210965156555176
2006-05-23,3.7619872093200684
2006-05-24,4.080938816070557
2006-05-25,4.007335186004639
2006-05-26,4.040048122406006
2006-05-29,3.9255523681640625
2006-05-30,4.113651752471924
2006-05-31,4.031868934631348
2006-06-01,4.048226356506348
2006-06-02,4.089117050170898
2006-06-05,4.031868934631348
2006-06-06,3.982800245285034
2006-06-07,3.9746222496032715
2006-06-08,3.6883833408355713
2006-06-09,3.712918758392334
2006-06-13,3.4348583221435547
2006-06-14,3.304006576538086
2006-06-15,3.6474926471710205
2006-06-16,3.9582653045654297
2006-06-19,3.622957706451416
2006-06-20,3.5984230041503906
2006-06-21,3.6802055835723877
2006-06-22,3.819235324859619
2006-06-23,3.8846616744995117
2006-06-26,3.8846616744995117
2006-06-27,3.9991567134857178
2006-06-28,3.819235324859619
2006-06-29,3.8846616744995117
2006-06-30,4.203612804412842
2006-07-03,4.203612804412842
2006-07-04,4.154542922973633
2006-07-05,4.121830463409424
2006-07-06,4.09729528427124
2006-07-07,4.187256813049316
2006-07-10,4.146364212036133
2006-07-11,4.007335186004639
2006-07-12,4.105474948883057
2006-07-13,4.211790561676025
2006-07-14,4.056404113769531
2006-07-17,3.819235324859619
2006-07-18,3.7210965156555176
2006-07-19,3.7619872093200684
2006-07-20,3.794700860977173
2006-07-21,3.7210965156555176
2006-07-24,3.6883833408355713
2006-07-25,3.7210965156555176
2006-07-26,3.6802055835723877
2006-07-27,3.8437700271606445
2006-07-28,3.7701656818389893
2006-07-31,3.6720268726348877
2006-08-01,3.5248186588287354
2006-08-02,3.6474926471710205
2006-08-03,3.6883833408355713
2006-08-04,3.6393141746520996
2006-08-07,3.704739809036255
2006-08-08,3.712918758392334
2006-08-09,3.663849353790283
2006-08-10,3.655670404434204
2006-08-11,3.622957706451416
2006-08-14,3.5902445316314697
2006-08-15,3.4348583221435547
2006-08-16,3.4348583221435547
2006-08-17,4.015512943267822
2006-08-18,4.007335186004639
2006-08-21,4.138186454772949
2006-08-22,4.228146076202393
2006-08-23,4.244503974914551
2006-08-24,4.089117050170898
2006-08-25,4.170899391174316
2006-08-28,4.179078102111816
2006-08-29,4.1954345703125
2006-08-30,4.252681732177734
2006-08-31,4.350820541381836
2006-09-01,4.236325263977051
2006-09-04,4.3344645500183105
2006-09-05,4.326286315917969
2006-09-06,4.293572902679443
2006-09-07,4.236325263977051
2006-09-08,4.130008697509766
2006-09-11,3.8846616744995117
2006-09-12,3.712918758392334
2006-09-13,3.737452983856201
2006-09-14,3.8519480228424072
2006-09-15,3.653564691543579
2006-09-18,3.843682289123535
2006-09-19,3.992469549179077
2006-09-20,3.992469549179077
2006-09-21,3.992469549179077
2006-09-22,3.7279582023620605
2006-09-25,3.7775542736053467
2006-09-26,3.6370325088500977
2006-09-27,3.736225128173828
2006-09-28,3.8767471313476562
2006-09-29,3.7940869331359863
2006-10-02,3.802351951599121
2006-10-03,3.6205012798309326
2006-10-04,3.413851261138916
2006-10-05,3.4551808834075928
2006-10-06,3.413851261138916
2006-10-09,3.6122348308563232
2006-10-10,3.5957021713256836
2006-10-11,3.6122348308563232
2006-10-12,3.5957021713256836
2006-10-13,3.5957021713256836
2006-10-16,3.562638759613037
2006-10-17,3.4717133045196533
2006-10-18,3.3477234840393066
2006-10-19,3.2650630474090576
2006-10-20,3.2072014808654785
2006-10-23,3.3063933849334717
2006-10-24,3.149339437484741
2006-10-25,3.504776954650879
2006-10-26,3.4717133045196533
2006-10-27,3.4386489391326904
2006-10-30,3.4717133045196533
2006-10-31,3.314659357070923
2006-11-01,3.3973193168640137
2006-11-02,3.3477234840393066
2006-11-03,3.372521162033081
2006-11-06,3.3559892177581787
2006-11-07,3.3063933849334717
2006-11-08,3.2898612022399902
2006-11-09,3.3559892177581787
2006-11-10,3.4303834438323975
2006-11-13,3.4303834438323975
2006-11-14,3.3063933849334717
2006-11-15,3.182403802871704
2006-11-16,3.2072014808654785
2006-11-17,3.240265369415283
2006-11-20,3.1080095767974854
2006-11-21,3.132807493209839
2006-11-22,3.2154674530029297
2006-11-23,3.2898612022399902
2006-11-24,3.4055850505828857
2006-11-27,3.496511220932007
2006-11-28,3.504776954650879
2006-11-29,3.4386489391326904
2006-11-30,3.4717133045196533
2006-12-01,3.4717133045196533
2006-12-04,3.5378408432006836
2006-12-05,3.463446855545044
2006-12-06,3.4717133045196533
2006-12-07,3.4717133045196533
2006-12-08,3.314659357070923
2006-12-11,3.3477234840393066
2006-12-12,3.3559892177581787
2006-12-13,3.3063933849334717
2006-12-14,3.2981274127960205
2006-12-15,3.3807876110076904
2006-12-18,3.36425518989563
2006-12-19,3.3477234840393066
2006-12-20,3.422117233276367
2006-12-21,3.3890535831451416
2006-12-22,3.3890535831451416
2006-12-27,3.413851261138916
2006-12-28,3.4303834438323975
2006-12-29,3.4717133045196533
2007-01-02,3.5295746326446533
2007-01-03,3.6122348308563232
2007-01-04,3.4055850505828857
2007-01-05,3.5295746326446533
2007-01-08,3.4055850505828857
2007-01-09,3.322925329208374
2007-01-10,3.1576058864593506
2007-01-11,3.2154674530029297
2007-01-12,3.2898612022399902
2007-01-15,3.2898612022399902
2007-01-16,3.3477234840393066
2007-01-17,3.331191062927246
2007-01-18,3.2981274127960205
2007-01-19,3.174137830734253
2007-01-22,3.0749456882476807
2007-01-23,3.0336155891418457
2007-01-24,3.050147771835327
2007-01-25,2.9757537841796875
2007-01-29,2.8848280906677246
2007-01-30,3.2237331867218018
2007-01-31,3.058413505554199
2007-02-01,3.099743604660034
2007-02-02,3.2237331867218018
2007-02-05,3.1080095767974854
2007-02-06,3.124541997909546
2007-02-07,3.1576058864593506
2007-02-08,3.1080095767974854
2007-02-09,3.124541997909546
2007-02-12,3.1576058864593506
2007-02-13,3.231999397277832
2007-02-14,3.231999397277832
2007-02-15,3.240265369415283
2007-02-16,3.231999397277832
2007-02-19,3.231999397277832
2007-02-20,3.2237331867218018
2007-02-21,3.2237331867218018
2007-02-22,3.240265369415283
2007-02-23,3.174137830734253
2007-02-26,3.273329257965088
2007-02-27,3.1906697750091553
2007-02-28,3.041882038116455
2007-03-01,3.0749456882476807
2007-03-02,3.083211898803711
2007-03-05,2.9757537841796875
2007-03-06,3.132807493209839
2007-03-07,3.2650630474090576
2007-03-08,3.554373025894165
2007-03-09,3.5378408432006836
2007-03-12,3.8602139949798584
2007-03-13,3.4386489391326904
2007-03-14,3.4386489391326904
2007-03-15,3.785820722579956
2007-03-16,3.8684804439544678
2007-03-19,3.843682289123535
2007-03-20,3.843682289123535
2007-03-21,3.967672109603882
2007-03-22,4.04206657409668
2007-03-23,4.0833964347839355
2007-03-26,4.066864013671875
2007-03-27,4.04206657409668
2007-03-28,3.9511404037475586
2007-03-29,3.9428744316101074
2007-03-30,3.926342248916626
2007-04-02,3.7775542736053467
2007-04-03,3.8932783603668213
2007-04-04,3.885011672973633
2007-04-05,3.9594063758850098
2007-04-10,3.967672109603882
2007-04-11,3.885011672973633
2007-04-12,4.447099208831787
2007-04-13,4.662014961242676
2007-04-16,4.670280933380127
2007-04-17,4.521492958068848
2007-04-18,4.6372175216674805
2007-04-19,4.546291828155518
2007-04-20,4.752941131591797
2007-04-23,4.90172815322876
2007-04-24,4.752941131591797
2007-04-26,4.695078372955322
2007-04-27,4.587620735168457
2007-04-30,4.595887184143066
2007-05-01,4.438833236694336
2007-05-02,4.546291828155518
2007-05-03,4.496695518493652
2007-05-04,4.521492958068848
2007-05-07,4.5132269859313965
2007-05-08,4.6868133544921875
2007-05-09,4.752941131591797
2007-05-10,4.736408710479736
2007-05-11,4.728142261505127
2007-05-14,4.645483016967773
2007-05-15,4.587620735168457
2007-05-16,4.670280933380127
2007-05-17,4.595887184143066
2007-05-18,4.711610794067383
2007-05-21,4.70334529876709
2007-05-22,4.6289520263671875
2007-05-23,4.604153156280518
2007-05-24,4.587620735168457
2007-05-25,4.670280933380127
2007-05-28,4.546291828155518
2007-05-29,4.571088790893555
2007-05-30,4.5545573234558105
2007-05-31,4.463631629943848
2007-06-01,4.4057698249816895
2007-06-04,4.463631629943848
2007-06-05,4.455365180969238
2007-06-06,4.430567264556885
2007-06-07,4.314843654632568
2007-06-08,4.25698184967041
2007-06-12,4.372705459594727
2007-06-13,4.414036273956299
2007-06-14,4.455365180969238
2007-06-15,4.728142261505127
2007-06-18,4.6372175216674805
2007-06-19,4.62068510055542
2007-06-20,4.719876766204834
2007-06-21,4.6289520263671875
2007-06-22,4.529759407043457
2007-06-25,4.612419605255127
2007-06-26,4.546291828155518
2007-06-27,4.463631629943848
2007-06-28,4.6289520263671875
2007-06-29,4.587620735168457
2007-07-02,4.5545573234558105
2007-07-03,4.711610794067383
2007-07-04,4.62068510055542
2007-07-05,4.612419605255127
2007-07-06,4.612419605255127
2007-07-09,4.529759407043457
2007-07-10,4.438833236694336
2007-07-11,4.496695518493652
2007-07-12,4.455365180969238
2007-07-13,4.496695518493652
2007-07-16,4.504960536956787
2007-07-17,4.438833236694336
2007-07-18,4.397502899169922
2007-07-19,4.422301769256592
2007-07-20,4.422301769256592
2007-07-23,4.414036273956299
2007-07-24,4.248715400695801
2007-07-25,4.25698184967041
2007-07-26,4.240450382232666
2007-07-27,3.885011672973633
2007-07-30,3.926342248916626
2007-07-31,4.09992790222168
2007-08-01,4.0338006019592285
2007-08-02,3.926342248916626
2007-08-03,3.967672109603882
2007-08-06,3.802351951599121
2007-08-07,3.926342248916626
2007-08-08,4.174322605133057
2007-08-09,4.504960536956787
2007-08-10,4.174322605133057
2007-08-13,4.1412577629089355
2007-08-14,4.132991313934326
2007-08-15,3.8684804439544678
2007-08-16,3.8684804439544678
2007-08-17,3.8932783603668213
2007-08-20,3.9098105430603027
2007-08-21,4.0503315925598145
2007-08-22,3.926342248916626
2007-08-23,3.8602139949798584
2007-08-24,3.8932783603668213
2007-08-27,3.967672109603882
2007-08-28,3.7196927070617676
2007-08-29,3.6287662982940674
2007-08-30,3.7196927070617676
2007-08-31,3.802351951599121
2007-09-03,3.885011672973633
2007-09-04,3.785820722579956
2007-09-05,3.8188843727111816
2007-09-06,3.7527568340301514
2007-09-07,3.843682289123535
2007-09-10,3.8684804439544678
2007-09-11,3.8932783603668213
2007-09-12,4.0833964347839355
2007-09-13,4.000736236572266
2007-09-14,4.04206657409668
2007-09-17,4.232183933258057
2007-09-18,4.4057698249816895
2007-09-19,4.380971431732178
2007-09-20,4.339641571044922
2007-09-21,4.422301769256592
2007-09-24,4.463631629943848
2007-09-25,4.339641571044922
2007-09-26,4.248715400695801
2007-09-27,4.397502899169922
2007-09-28,4.438833236694336
2007-10-01,4.4057698249816895
2007-10-02,4.480163097381592
2007-10-03,4.389237403869629
2007-10-04,4.53802490234375
2007-10-05,4.546291828155518
2007-10-08,4.488429546356201
2007-10-09,4.504960536956787
2007-10-10,4.587620735168457
2007-10-11,4.579355239868164
2007-10-12,4.653748512268066
2007-10-15,4.711610794067383
2007-10-16,4.653748512268066
2007-10-17,4.521492958068848
2007-10-18,4.447099208831787
2007-10-19,4.571088790893555
2007-10-22,4.471897125244141
2007-10-23,4.3313751220703125
2007-10-24,4.380971431732178
2007-10-25,4.182587623596191
2007-10-26,4.240450382232666
2007-10-29,4.504960536956787
2007-10-30,4.389237403869629
2007-10-31,4.397502899169922
2007-11-01,4.463631629943848
2007-11-02,4.182587623596191
2007-11-05,4.339641571044922
2007-11-06,4.166055679321289
2007-11-07,4.339641571044922
2007-11-08,4.248715400695801
2007-11-09,4.281779766082764
2007-11-12,4.174322605133057
2007-11-13,4.380971431732178
2007-11-14,4.380971431732178
2007-11-15,4.2239179611206055
2007-11-16,4.207386016845703
2007-11-19,4.190852642059326
2007-11-20,4.132991313934326
2007-11-21,4.190852642059326
2007-11-22,4.0338006019592285
2007-11-23,4.0833964347839355
2007-11-26,4.149524211883545
2007-11-27,4.157789707183838
2007-11-28,4.091662406921387
2007-11-29,4.091662406921387
2007-11-30,4.0503315925598145
2007-12-03,3.2650630474090576
2007-12-04,3.2650630474090576
2007-12-05,3.3890535831451416
2007-12-06,3.3890535831451416
2007-12-07,3.3890535831451416
2007-12-10,3.7196927070617676
2007-12-11,3.7031612396240234
2007-12-12,3.661830425262451
2007-12-13,3.843682289123535
2007-12-14,3.744490385055542
2007-12-17,3.7527568340301514
2007-12-18,3.554373025894165
2007-12-19,3.5378408432006836
2007-12-20,3.7196927070617676
2007-12-21,3.7610223293304443
2007-12-24,3.7940869331359863
2007-12-27,3.835416316986084
2007-12-28,3.736225128173828
2007-12-31,3.843682289123535
2008-01-02,3.8932783603668213
2008-01-03,3.926342248916626
2008-01-04,4.009002208709717
2008-01-07,4.09992790222168
2008-01-08,4.091662406921387
2008-01-09,4.248715400695801
2008-01-10,4.149524211883545
2008-01-11,4.0503315925598145
2008-01-14,4.09992790222168
2008-01-15,4.0503315925598145
2008-01-16,4.463631629943848
2008-01-17,4.199119567871094
2008-01-18,4.116459846496582
2008-01-21,3.9428744316101074
2008-01-22,3.2981274127960205
2008-01-23,3.5295746326446533
2008-01-24,3.51304292678833
2008-01-25,3.711426258087158
2008-01-29,3.802351951599121
2008-01-30,3.7692885398864746
2008-01-31,3.827150821685791
2008-02-01,3.711426258087158
2008-02-04,3.562638759613037
2008-02-05,3.5295746326446533
2008-02-06,3.1576058864593506
2008-02-07,3.3063933849334717
2008-02-08,3.3063933849334717
2008-02-11,3.3477234840393066
2008-02-12,3.3477234840393066
2008-02-13,3.372521162033081
2008-02-14,3.51304292678833
2008-02-15,3.372521162033081
2008-02-18,3.2815957069396973
2008-02-19,3.2567973136901855
2008-02-20,3.2815957069396973
2008-02-21,3.2237331867218018
2008-02-22,3.2237331867218018
2008-02-25,3.041882038116455
2008-02-26,3.182403802871704
2008-02-27,3.240265369415283
2008-02-28,3.2815957069396973
2008-02-29,3.231999397277832
2008-03-03,3.141073703765869
2008-03-04,3.083211898803711
2008-03-05,3.091477870941162
2008-03-06,3.132807493209839
2008-03-07,3.1080095767974854
2008-03-10,3.0088179111480713
2008-03-11,2.9178922176361084
2008-03-12,2.950955867767334
2008-03-13,2.984020233154297
2008-03-14,3.2072014808654785
2008-03-17,3.3063933849334717
2008-03-18,3.4717133045196533
2008-03-19,3.5957021713256836
2008-03-20,3.554373025894165
2008-03-25,3.5461065769195557
2008-03-26,3.6700968742370605
2008-03-27,3.7031612396240234
2008-03-28,3.6783626079559326
2008-03-31,3.6370325088500977
2008-04-01,3.331191062927246
2008-04-02,3.6122348308563232
2008-04-03,3.36425518989563
2008-04-04,3.3477234840393066
2008-04-07,3.413851261138916
2008-04-08,3.4303834438323975
2008-04-09,3.3890535831451416
2008-04-10,3.322925329208374
2008-04-11,3.2650630474090576
2008-04-14,3.141073703765869
2008-04-15,3.099743604660034
2008-04-16,3.141073703765869
2008-04-17,3.2154674530029297
2008-04-18,3.3890535831451416
2008-04-21,3.554373025894165
2008-04-22,3.562638759613037
2008-04-23,3.4717133045196533
2008-04-24,3.3973193168640137
2008-04-28,3.4055850505828857
2008-04-29,3.422117233276367
2008-04-30,3.843682289123535
2008-05-01,3.9428744316101074
2008-05-02,4.298311233520508
2008-05-05,4.273513317108154
2008-05-06,4.132991313934326
2008-05-07,4.298311233520508
2008-05-08,4.389237403869629
2008-05-09,4.488429546356201
2008-05-12,4.422301769256592
2008-05-13,4.380971431732178
2008-05-14,4.372705459594727
2008-05-15,4.463631629943848
2008-05-16,4.53802490234375
2008-05-19,4.53802490234375
2008-05-20,4.6289520263671875
2008-05-21,4.670280933380127
2008-05-22,4.67854642868042
2008-05-23,4.70334529876709
2008-05-26,4.463631629943848
2008-05-27,4.645483016967773
2008-05-28,4.546291828155518
2008-05-29,4.546291828155518
2008-05-30,4.6289520263671875
2008-06-02,4.579355239868164
2008-06-03,4.546291828155518
2008-06-04,4.504960536956787
2008-06-05,4.670280933380127
2008-06-06,4.587620735168457
2008-06-10,4.447099208831787
2008-06-11,4.422301769256592
2008-06-12,4.430567264556885
2008-06-13,4.463631629943848
2008-06-16,4.521492958068848
2008-06-17,4.546291828155518
2008-06-18,4.463631629943848
2008-06-19,4.380971431732178
2008-06-20,4.372705459594727
2008-06-23,4.372705459594727
2008-06-24,4.364439010620117
2008-06-25,4.182587623596191
2008-06-26,4.091662406921387
2008-06-27,4.25698184967041
2008-06-30,4.3231096267700195
2008-07-01,4.091662406921387
2008-07-02,4.157789707183838
2008-07-03,4.009002208709717
2008-07-04,4.132991313934326
2008-07-07,4.207386016845703
2008-07-08,4.132991313934326
2008-07-09,3.975938081741333
2008-07-10,3.8932783603668213
2008-07-11,4.025533676147461
2008-07-14,4.0503315925598145
2008-07-15,4.0503315925598145
2008-07-16,4.0338006019592285
2008-07-17,3.9594063758850098
2008-07-18,3.8767471313476562
2008-07-21,3.8767471313476562
2008-07-22,4.992654800415039
2008-07-23,4.918260097503662
2008-07-24,4.934792518615723
2008-07-25,4.752941131591797
2008-07-28,4.76120662689209
2008-07-29,4.711610794067383
2008-07-30,4.695078372955322
2008-07-31,4.711610794067383
2008-08-01,4.6868133544921875
2008-08-04,4.728142261505127
2008-08-05,4.6289520263671875
2008-08-06,4.480163097381592
2008-08-07,4.438833236694336
2008-08-08,4.414036273956299
2008-08-11,4.215651512145996
2008-08-12,3.967672109603882
2008-08-13,3.9594063758850098
2008-08-14,3.984204053878784
2008-08-15,3.9098105430603027
2008-08-18,4.0503315925598145
2008-08-19,4.000736236572266
2008-08-20,3.7279582023620605
2008-08-21,3.6370325088500977
2008-08-22,3.7196927070617676
2008-08-25,3.6287662982940674
2008-08-26,3.6700968742370605
2008-08-27,3.8684804439544678
2008-08-28,3.9594063758850098
2008-08-29,4.108193874359131
2008-09-01,3.9511404037475586
2008-09-02,3.802351951599121
2008-09-03,3.7610223293304443
2008-09-04,3.7196927070617676
2008-09-05,3.6700968742370605
2008-09-08,3.843682289123535
2008-09-09,3.694894552230835
2008-09-10,3.5461065769195557
2008-09-11,3.3063933849334717
2008-09-12,3.4799795150756836
2008-09-15,3.5378408432006836
2008-09-16,3.7196927070617676
2008-09-17,3.7940869331359863
2008-09-18,4.075129985809326
2008-09-19,4.496695518493652
2008-09-22,4.719876766204834
2008-09-23,4.579355239868164
2008-09-24,4.430567264556885
2008-09-25,4.504960536956787
2008-09-26,4.339641571044922
2008-09-29,4.0338006019592285
2008-09-30,3.835416316986084
2008-10-01,3.885011672973633
2008-10-02,3.7279582023620605
2008-10-03,3.926342248916626
2008-10-06,3.4799795150756836
2008-10-07,3.3477234840393066
2008-10-08,3.231999397277832
2008-10-09,3.5709047317504883
2008-10-10,3.2567973136901855
2008-10-13,3.3063933849334717
2008-10-14,3.3890535831451416
2008-10-15,3.51304292678833
2008-10-16,3.1989357471466064
2008-10-17,3.0666794776916504
2008-10-20,3.182403802871704
2008-10-21,2.901360273361206
2008-10-22,2.438464879989624
2008-10-23,2.0995595455169678
2008-10-24,1.8185158967971802
2008-10-27,1.8929100036621094
2008-10-28,1.9094418287277222
2008-10-29,2.016900062561035
2008-10-30,2.0334315299987793
2008-10-31,2.149155378341675
2008-11-03,2.4301986694335938
2008-11-04,2.4219329357147217
2008-11-05,3.0170836448669434
2008-11-06,2.860030174255371
2008-11-07,2.6864442825317383
2008-11-10,2.8848280906677246
2008-11-11,2.760838508605957
2008-11-12,2.826965808868408
2008-11-13,2.9674878120422363
2008-11-14,2.7939021587371826
2008-11-17,2.3640706539154053
2008-11-18,2.1904852390289307
2008-11-19,2.008633613586426
2008-11-20,1.9094418287277222
2008-11-21,1.9590373039245605
2008-11-24,2.1822192668914795
2008-11-25,2.3144755363464355
2008-11-26,2.149155378341675
2008-11-27,2.2318153381347656
2008-11-28,2.207017660140991
2008-12-01,2.2318153381347656
2008-12-02,1.8763779401779175
2008-12-03,2.149155378341675
2008-12-04,1.9011754989624023
2008-12-05,1.9590373039245605
2008-12-08,2.165687084197998
2008-12-09,2.2152833938598633
2008-12-10,2.3723366260528564
2008-12-11,2.3144755363464355
2008-12-12,2.4219329357147217
2008-12-15,2.4301986694335938
2008-12-16,2.3558051586151123
2008-12-17,2.488060712814331
2008-12-18,2.446730852127075
2008-12-19,2.3144755363464355
2008-12-22,2.4632627964019775
2008-12-23,2.5541884899139404
2008-12-24,2.5541884899139404
2008-12-29,2.6947102546691895
2008-12-30,2.9261579513549805
2008-12-31,2.9261579513549805
2009-01-02,3.141073703765869
2009-01-05,3.0170836448669434
2009-01-06,2.9178922176361084
2009-01-07,2.769104242324829
2009-01-08,2.760838508605957
2009-01-09,2.909626007080078
2009-01-12,2.851764440536499
2009-01-13,2.7773702144622803
2009-01-14,2.860030174255371
2009-01-15,2.7773702144622803
2009-01-16,2.8848280906677246
2009-01-19,2.901360273361206
2009-01-20,2.8434979915618896
2009-01-21,2.959221839904785
2009-01-22,2.8848280906677246
2009-01-23,2.851764440536499
2009-01-27,3.0088179111480713
2009-01-28,3.000551700592041
2009-01-29,3.0253498554229736
2009-01-30,3.1080095767974854
2009-02-02,3.132807493209839
2009-02-03,3.0749456882476807
2009-02-04,2.893094301223755
2009-02-05,2.8352320194244385
2009-02-06,2.9674878120422363
2009-02-09,2.9674878120422363
2009-02-10,2.9674878120422363
2009-02-11,3.132807493209839
2009-02-12,3.182403802871704
2009-02-13,3.2981274127960205
2009-02-16,3.2898612022399902
2009-02-17,3.4717133045196533
2009-02-18,3.5709047317504883
2009-02-19,3.7940869331359863
2009-02-20,3.6370325088500977
2009-02-23,3.967672109603882
2009-02-24,4.025533676147461
2009-02-25,3.967672109603882
2009-02-26,3.9511404037475586
2009-02-27,4.000736236572266
2009-03-02,4.132991313934326
2009-03-03,4.075129985809326
2009-03-04,4.124725818634033
2009-03-05,3.835416316986084
2009-03-06,3.967672109603882
2009-03-09,3.843682289123535
2009-03-10,3.843682289123535
2009-03-11,3.5957021713256836
2009-03-12,3.4469149112701416
2009-03-13,3.744490385055542
2009-03-16,3.711426258087158
2009-03-17,3.7692885398864746
2009-03-18,3.686628818511963
2009-03-19,4.066864013671875
2009-03-20,4.108193874359131
2009-03-23,4.1412577629089355
2009-03-24,4.132991313934326
2009-03-25,4.157789707183838
2009-03-26,4.166055679321289
2009-03-27,4.290045738220215
2009-03-30,4.298311233520508
2009-03-31,4.314843654632568
2009-04-01,4.290045738220215
2009-04-02,4.471897125244141
2009-04-03,4.504960536956787
2009-04-06,4.298311233520508
2009-04-07,4.347907543182373
2009-04-08,4.273513317108154
2009-04-09,4.298311233520508
2009-04-14,4.132991313934326
2009-04-15,4.298311233520508
2009-04-16,4.496695518493652
2009-04-17,4.306578159332275
2009-04-20,4.339641571044922
2009-04-21,4.298311233520508
2009-04-22,4.463631629943848
2009-04-23,4.612419605255127
2009-04-24,4.810802459716797
2009-04-27,5.025719165802002
2009-04-28,4.992654800415039
2009-04-29,4.959590435028076
2009-04-30,4.9843878746032715
2009-05-01,4.90172815322876
2009-05-04,4.951324462890625
2009-05-05,5.00092077255249
2009-05-06,4.711610794067383
2009-05-07,4.819068908691406
2009-05-08,4.777738094329834
2009-05-11,4.612419605255127
2009-05-12,4.612419605255127
2009-05-13,4.587620735168457
2009-05-14,4.604153156280518
2009-05-15,4.670280933380127
2009-05-18,4.835600852966309
2009-05-19,4.612419605255127
2009-05-20,4.6372175216674805
2009-05-21,4.827334403991699
2009-05-22,5.042250156402588
2009-05-25,4.8769307136535645
2009-05-26,5.083580493927002
2009-05-27,5.083580493927002
2009-05-28,5.042250156402588
2009-05-29,5.00092077255249
2009-06-01,5.207569122314453
2009-06-02,5.290229320526123
2009-06-03,5.620869159698486
2009-06-04,5.496880054473877
2009-06-05,5.4472832679748535
2009-06-09,5.331559658050537
2009-06-10,5.596071243286133
2009-06-11,5.538209438323975
2009-06-12,5.7035298347473145
2009-06-15,5.695263385772705
2009-06-16,5.248899936676025
2009-06-17,5.207569122314453
2009-06-18,5.240633964538574
2009-06-19,5.273697853088379
2009-06-22,5.339825630187988
2009-06-23,5.124909400939941
2009-06-24,5.257165908813477
2009-06-25,5.612603664398193
2009-06-26,5.794454574584961
2009-06-29,5.472081661224365
2009-06-30,5.538209438323975
2009-07-01,5.521677494049072
2009-07-02,5.695263385772705
2009-07-03,5.620869159698486
2009-07-06,5.612603664398193
2009-07-07,5.496880054473877
2009-07-08,5.290229320526123
2009-07-09,5.323293209075928
2009-07-10,5.290229320526123
2009-07-13,5.513411045074463
2009-07-14,5.496880054473877
2009-07-15,5.521677494049072
2009-07-16,5.480347633361816
2009-07-17,5.414219379425049
2009-07-20,5.521677494049072
2009-07-21,5.8605828285217285
2009-07-22,5.662198543548584
2009-07-23,5.786189556121826
2009-07-24,5.678731441497803
2009-07-27,5.563007354736328
2009-07-28,5.513411045074463
2009-07-29,5.496880054473877
2009-07-30,5.538209438323975
2009-07-31,5.744858741760254
2009-08-03,5.579539775848389
2009-08-04,5.496880054473877
2009-08-05,5.563007354736328
2009-08-06,5.579539775848389
2009-08-07,5.4472832679748535
2009-08-10,5.455549240112305
2009-08-11,5.414219379425049
2009-08-12,5.315027713775635
2009-08-13,5.422485828399658
2009-08-14,5.604337692260742
2009-08-17,5.554741382598877
2009-08-18,5.3894219398498535
2009-08-19,5.331559658050537
2009-08-20,5.4472832679748535
2009-08-21,5.331559658050537
2009-08-24,5.455549240112305
2009-08-25,5.653932571411133
2009-08-26,5.472081661224365
2009-08-27,5.678731441497803
2009-08-28,5.844051837921143
2009-08-31,6.323477745056152
2009-09-01,6.240818023681641
2009-09-02,6.182956218719482
2009-09-03,6.41070556640625
2009-09-04,6.38539981842041
2009-09-07,6.52036190032959
2009-09-08,6.452880859375
2009-09-09,6.503491401672363
2009-09-10,6.756546497344971
2009-09-11,6.748110771179199
2009-09-14,6.866203308105469
2009-09-15,6.790286064147949
2009-09-16,6.9083781242370605
2009-09-17,7.051775932312012
2009-09-18,6.8577680587768555
2009-09-21,6.680629730224609
2009-09-22,6.663759231567383
2009-09-23,6.705934524536133
2009-09-24,6.537232398986816
2009-09-25,6.596278667449951
2009-09-28,6.469751834869385
2009-09-29,6.54566764831543
2009-09-30,6.866203308105469
2009-10-01,6.933683395385742
2009-10-02,6.984294414520264
2009-10-05,6.798721790313721
2009-10-06,6.992729187011719
2009-10-07,7.169867992401123
2009-10-08,7.220478534698486
2009-10-09,7.144562244415283
2009-10-12,7.212043285369873
2009-10-13,7.254220008850098
2009-10-14,7.228913307189941
2009-10-15,7.287960052490234
2009-10-16,7.127692699432373
2009-10-19,7.06864595413208
2009-10-20,7.169867992401123
2009-10-21,7.085515975952148
2009-10-22,6.967424392700195
2009-10-23,6.621583461761475
2009-10-26,6.452880859375
2009-10-27,6.537232398986816
2009-10-28,6.613148212432861
2009-10-29,6.343224048614502
2009-10-30,6.41070556640625
2009-11-02,6.157650470733643
2009-11-03,6.41070556640625
2009-11-04,7.077081203460693
2009-11-05,7.161432266235352
2009-11-06,7.1951727867126465
2009-11-09,7.591625213623047
2009-11-10,7.87841796875
2009-11-11,7.853113651275635
2009-11-12,7.7181525230407715
2009-11-13,7.920596122741699
2009-11-16,8.106168746948242
2009-11-17,8.080863952636719
2009-11-18,8.215824127197266
2009-11-19,8.198956489562988
2009-11-20,8.148343086242676
2009-11-23,8.392962455749512
2009-11-24,8.266436576843262
2009-11-25,8.241129875183105
2009-11-26,8.274870872497559
2009-11-27,8.207390785217285
2009-11-30,8.215824127197266
2009-12-01,8.317046165466309
2009-12-02,8.536360740661621
2009-12-03,8.603840827941895
2009-12-04,8.224260330200195
2009-12-07,7.88685417175293
2009-12-08,7.75189208984375
2009-12-09,7.541015148162842
2009-12-10,7.591625213623047
2009-12-11,7.785633563995361
2009-12-14,7.667541980743408
2009-12-15,7.507274150848389
2009-12-16,7.465097427368164
2009-12-17,7.422922611236572
2009-12-18,7.169867992401123
2009-12-21,7.212043285369873
2009-12-22,7.254220008850098
2009-12-23,7.321700096130371
2009-12-24,7.583189964294434
2009-12-29,7.726585865020752
2009-12-30,7.456662178039551
2009-12-31,7.768764019012451
2010-01-04,7.591625213623047
2010-01-05,7.726585865020752
2010-01-06,8.013381958007812
2010-01-07,8.139907836914062
2010-01-08,7.77719783782959
2010-01-11,7.954336643218994
2010-01-12,8.097733497619629
2010-01-13,8.097733497619629
2010-01-14,8.013381958007812
2010-01-15,8.030252456665039
2010-01-18,7.954336643218994
2010-01-19,8.266436576843262
2010-01-20,8.435137748718262
2010-01-21,8.080863952636719
2010-01-22,7.929032325744629
2010-01-25,8.0049467086792
2010-01-27,7.853113651275635
2010-01-28,7.88685417175293
2010-01-29,7.81093692779541
2010-02-01,7.347005844116211
2010-02-02,7.532578945159912
2010-02-03,7.557884216308594
2010-02-04,7.321700096130371
2010-02-05,7.178302764892578
2010-02-08,7.00116491317749
2010-02-09,7.338571071624756
2010-02-10,7.186738014221191
2010-02-11,7.380746364593506
2010-02-12,7.583189964294434
2010-02-15,7.4482269287109375
2010-02-16,7.465097427368164
2010-02-17,7.726585865020752
2010-02-18,7.633800029754639
2010-02-19,7.406050682067871
2010-02-22,7.583189964294434
2010-02-23,7.406050682067871
2010-02-24,7.76032829284668
2010-02-25,7.338571071624756
2010-02-26,7.431357383728027
2010-03-01,7.465097427368164
2010-03-02,7.568064212799072
2010-03-03,7.722515106201172
2010-03-04,7.842644214630127
2010-03-05,7.851223945617676
2010-03-08,8.09148120880127
2010-03-09,7.937028884887695
2010-03-10,7.9970927238464355
2010-03-11,7.8340630531311035
2010-03-12,7.791158676147461
2010-03-15,7.773999214172363
2010-03-16,7.713935375213623
2010-03-17,7.765417575836182
2010-03-18,7.791158676147461
2010-03-19,7.662451267242432
2010-03-22,7.50800085067749
2010-03-23,7.645289421081543
2010-03-24,7.619548320770264
2010-03-25,7.447936534881592
2010-03-26,7.327808856964111
2010-03-29,7.370711326599121
2010-03-30,7.4736785888671875
2010-03-31,7.302067756652832
2010-04-01,7.336389064788818
2010-04-06,7.799740791320801
2010-04-07,7.808320999145508
2010-04-08,7.919869422912598
2010-04-09,7.842644214630127
2010-04-12,7.748257160186768
2010-04-13,7.542322635650635
2010-04-14,7.4136152267456055
2010-04-15,7.525161266326904
2010-04-16,7.482259273529053
2010-04-19,7.59380578994751
2010-04-20,7.59380578994751
2010-04-21,7.713935375213623
2010-04-22,7.576644420623779
2010-04-23,7.439355373382568
2010-04-27,7.645289421081543
2010-04-28,7.5337419509887695
2010-04-29,7.439355373382568
2010-04-30,7.370711326599121
2010-05-03,7.310647487640381
2010-05-04,7.173357963562012
2010-05-05,7.147616863250732
2010-05-06,6.984586238861084
2010-05-07,7.250584125518799
2010-05-10,7.173357963562012
2010-05-11,7.1132941246032715
2010-05-12,7.59380578994751
2010-05-13,7.816901206970215
2010-05-14,7.679611682891846
2010-05-17,7.688191890716553
2010-05-18,7.602386951446533
2010-05-19,7.628129959106445
2010-05-20,7.379292964935303
2010-05-21,7.207680702209473
2010-05-24,7.1561970710754395
2010-05-25,7.036068916320801
2010-05-26,7.130456447601318
2010-05-27,7.327808856964111
2010-05-28,7.259163856506348
2010-05-31,7.181939601898193
2010-06-01,7.379292964935303
2010-06-02,7.284906387329102
2010-06-03,7.405033588409424
2010-06-04,7.387872695922852
2010-06-07,7.216261386871338
2010-06-08,7.293486595153809
2010-06-09,7.456517696380615
2010-06-10,8.194446563720703
2010-06-11,8.554831504821777
2010-06-15,8.795084953308105
2010-06-16,8.692120552062988
2010-06-17,8.777923583984375
2010-06-18,9.009600639343262
2010-06-21,9.258437156677246
2010-06-22,9.198373794555664
2010-06-23,8.95811653137207
2010-06-24,8.966697692871094
2010-06-25,8.949536323547363
2010-06-28,8.932374954223633
2010-06-29,8.194446563720703
2010-06-30,8.125802993774414
2010-07-01,8.09148120880127
2010-07-02,8.194446563720703
2010-07-05,8.177285194396973
2010-07-06,8.323155403137207
2010-07-07,8.151542663574219
2010-07-08,8.30599308013916
2010-07-09,8.194446563720703
2010-07-12,8.511927604675293
2010-07-13,8.263092041015625
2010-07-14,8.426122665405273
2010-07-15,8.30599308013916
2010-07-16,8.211606979370117
2010-07-19,8.005674362182617
2010-07-20,8.065739631652832
2010-07-21,8.160124778747559
2010-07-22,8.228768348693848
2010-07-23,8.348896980285645
2010-07-26,8.494766235351562
2010-07-27,8.348896980285645
2010-07-28,8.348896980285645
2010-07-29,8.366057395935059
2010-07-30,8.391799926757812
2010-08-02,8.443283081054688
2010-08-03,8.477604866027832
2010-08-04,8.400381088256836
2010-08-05,8.580572128295898
2010-08-06,8.511927604675293
2010-08-09,8.66637897491455
2010-08-10,8.520508766174316
2010-08-11,8.426122665405273
2010-08-12,8.263092041015625
2010-08-13,8.408961296081543
2010-08-16,8.469025611877441
2010-08-17,8.494766235351562
2010-08-18,8.503347396850586
2010-08-19,8.554831504821777
2010-08-20,8.41754150390625
2010-08-23,8.503347396850586
2010-08-24,8.237350463867188
2010-08-25,8.082898139953613
2010-08-26,8.366057395935059
2010-08-27,8.280251502990723
2010-08-30,8.511927604675293
2010-08-31,8.597734451293945
2010-09-01,8.700699806213379
2010-09-02,8.64063549041748
2010-09-03,9.078243255615234
2010-09-06,9.375605583190918
2010-09-07,9.174449920654297
2010-09-08,9.331875801086426
2010-09-09,9.55052375793457
2010-09-10,9.410590171813965
2010-09-13,9.725441932678223
2010-09-14,9.760424613952637
2010-09-15,9.979073524475098
2010-09-16,10.075278282165527
2010-09-17,10.232704162597656
2010-09-20,10.521319389343262
2010-09-21,10.171483039855957
2010-09-22,10.355148315429688
2010-09-23,10.565047264099121
2010-09-24,10.54755687713623
2010-09-27,10.495081901550293
2010-09-28,9.996563911437988
2010-09-29,10.092769622802734
2010-09-30,10.145246505737305
2010-10-01,10.005311012268066
2010-10-04,10.276433944702148
2010-10-05,10.241449356079102
2010-10-06,10.503827095031738
2010-10-07,10.538810729980469
2010-10-08,10.4513521194458
2010-10-11,10.486335754394531
2010-10-12,10.407623291015625
2010-10-13,10.468842506408691
2010-10-14,10.626270294189453
2010-10-15,10.626270294189453
2010-10-18,10.267687797546387
2010-10-19,10.241449356079102
2010-10-20,10.241449356079102
2010-10-21,9.279400825500488
2010-10-22,9.121973991394043
2010-10-25,9.104482650756836
2010-10-26,8.982040405273438
2010-10-27,8.815868377685547
2010-10-28,8.745901107788086
2010-10-29,8.772138595581055
2010-11-01,8.964547157287598
2010-11-02,9.183196067810059
2010-11-03,9.235671997070312
2010-11-04,9.32313060760498
2010-11-05,9.751679420471191
2010-11-08,9.865376472473145
2010-11-09,9.90910530090332
2010-11-10,9.664219856262207
2010-11-11,9.602998733520508
2010-11-12,9.786662101745605
2010-11-15,9.734187126159668
2010-11-16,9.533031463623047
2010-11-17,9.017023086547852
2010-11-18,9.156957626342773
2010-11-19,9.253161430358887
2010-11-22,9.226924896240234
2010-11-23,9.017023086547852
2010-11-24,9.052006721496582
2010-11-25,8.850852966308594
2010-11-26,8.807122230529785
2010-11-29,8.780884742736816
2010-11-30,8.772138595581055
2010-12-01,8.868343353271484
2010-12-02,8.859598159790039
2010-12-03,8.763394355773926
2010-12-06,8.920818328857422
2010-12-07,9.069499015808105
2010-12-08,9.340621948242188
2010-12-09,9.130721092224121
2010-12-10,8.877087593078613
2010-12-13,8.903327941894531
2010-12-14,9.07824420928955
2010-12-15,9.139467239379883
2010-12-16,9.183196067810059
2010-12-17,9.139467239379883
2010-12-20,9.174449920654297
2010-12-21,9.51554012298584
2010-12-22,9.279400825500488
2010-12-23,9.375605583190918
2010-12-24,9.244416236877441
2010-12-29,9.620491027832031
2010-12-30,9.629237174987793
2010-12-31,9.51554012298584
2011-01-04,9.489302635192871
2011-01-05,9.340621948242188
2011-01-06,9.218179702758789
2011-01-07,9.209433555603027
2011-01-10,8.97329330444336
2011-01-11,8.990785598754883
2011-01-12,9.261908531188965
2011-01-13,9.340621948242188
2011-01-14,9.261908531188965
2011-01-17,9.04326057434082
2011-01-18,9.008277893066406
2011-01-19,9.04326057434082
2011-01-20,9.104482650756836
2011-01-21,8.745901107788086
2011-01-24,8.579730033874512
2011-01-25,8.614712715148926
2011-01-27,8.562238693237305
2011-01-28,7.9937543869018555
2011-01-31,8.133687973022461
2011-02-01,8.037483215332031
2011-02-02,8.256131172180176
2011-02-03,8.22989273071289
2011-02-04,8.396065711975098
2011-02-07,8.291114807128906
2011-02-08,8.264875411987305
2011-02-09,8.396065711975098
2011-02-10,8.448539733886719
2011-02-11,8.396065711975098
2011-02-14,8.466032028198242
2011-02-15,8.431049346923828
2011-02-16,8.588475227355957
2011-02-17,8.431049346923828
2011-02-18,8.448539733886719
2011-02-21,8.70217227935791
2011-02-22,8.754647254943848
2011-02-23,8.457286834716797
2011-02-24,8.308606147766113
2011-02-25,8.177417755126953
2011-02-28,8.221148490905762
2011-03-01,8.04623031616211
2011-03-02,8.107450485229492
2011-03-03,7.983673572540283
2011-03-04,8.116291999816895
2011-03-07,7.930624485015869
2011-03-08,7.683070182800293
2011-03-09,7.656545639038086
2011-03-10,7.276371002197266
2011-03-11,7.143752098083496
2011-03-15,6.586750507354736
2011-03-16,6.807782173156738
2011-03-17,6.781259059906006
2011-03-18,7.515085220336914
2011-03-21,7.585814952850342
2011-03-22,7.568131923675537
2011-03-23,7.444355010986328
2011-03-24,7.833371162414551
2011-03-25,7.948307514190674
2011-03-28,7.851053714752197
2011-03-29,7.630021095275879
2011-03-30,7.88641881942749
2011-03-31,7.683070182800293
2011-04-01,7.815688610076904
2011-04-04,7.736116886138916
2011-04-05,7.806846618652344
2011-04-06,8.010196685791016
2011-04-07,7.877577304840088
2011-04-08,7.904101848602295
2011-04-11,7.877577304840088
2011-04-12,7.603498458862305
2011-04-13,7.276371002197266
2011-04-14,6.913878440856934
2011-04-15,6.630957126617432
2011-04-18,6.675163745880127
2011-04-19,6.666322708129883
2011-04-20,6.763576507568359
2011-04-21,6.9050374031066895
2011-04-27,6.666322708129883
2011-04-28,6.79010009765625
2011-04-29,6.860830783843994
2011-05-02,6.692846298217773
2011-05-03,6.259624004364014
2011-05-04,6.763576507568359
2011-05-05,7.099544525146484
2011-05-06,6.984608173370361
2011-05-09,7.037656307220459
2011-05-10,7.108386516571045
2011-05-11,7.205639839172363
2011-05-12,6.993450164794922
2011-05-13,6.966925621032715
2011-05-16,6.763576507568359
2011-05-17,6.834306716918945
2011-05-18,6.79010009765625
2011-05-19,6.896195411682129
2011-05-20,6.834306716918945
2011-05-23,6.763576507568359
2011-05-24,6.887354850769043
2011-05-25,6.79010009765625
2011-05-26,7.046497344970703
2011-05-27,7.0199737548828125
2011-05-30,6.887354850769043
2011-05-31,6.931560516357422
2011-06-01,7.09070348739624
2011-06-02,6.8431477546691895
2011-06-03,6.781259059906006
2011-06-06,6.71052885055542
2011-06-07,7.621181011199951
2011-06-08,7.214482307434082
2011-06-09,7.161433696746826
2011-06-10,7.249846458435059
2011-06-14,7.3205766677856445
2011-06-15,7.294052600860596
2011-06-16,7.214482307434082
2011-06-17,7.161433696746826
2011-06-20,6.825465679168701
2011-06-21,7.099544525146484
2011-06-22,7.2410054206848145
2011-06-23,6.975767135620117
2011-06-24,6.984608173370361
2011-06-27,6.7989420890808105
2011-06-28,6.816624164581299
2011-06-29,6.825465679168701
2011-06-30,7.073020935058594
2011-07-01,7.01113224029541
2011-07-04,7.0553388595581055
2011-07-05,6.958085060119629
2011-07-06,7.285211563110352
2011-07-07,7.3559417724609375
2011-07-08,7.462037086486816
2011-07-11,7.408989429473877
2011-07-12,7.143752098083496
2011-07-13,7.214482307434082
2011-07-14,7.364783763885498
2011-07-15,7.603498458862305
2011-07-18,7.939466953277588
2011-07-19,7.957149982452393
2011-07-20,8.045561790466309
2011-07-21,8.036721229553223
2011-07-22,8.1339750289917
2011-07-25,8.116291999816895
2011-07-26,8.301959037780762
2011-07-27,8.24891185760498
2011-07-28,8.107450485229492
2011-07-29,7.851053714752197
2011-08-02,7.736116886138916
2011-08-03,7.594656944274902
2011-08-04,7.338259220123291
2011-08-05,6.958085060119629
2011-08-08,6.781259059906006
2011-08-09,7.073020935058594
2011-08-10,6.922719478607178
2011-08-11,7.426672458648682
2011-08-12,7.515085220336914
2011-08-15,7.470879077911377
2011-08-16,7.435513973236084
2011-08-17,7.868736743927002
2011-08-18,7.877577304840088
2011-08-19,7.983673572540283
2011-08-22,8.1339750289917
2011-08-23,8.275435447692871
2011-08-24,8.09860897064209
2011-08-25,8.036721229553223
2011-08-26,8.142815589904785
2011-08-29,8.063243865966797
2011-08-30,8.010196685791016
2011-08-31,8.063243865966797
2011-09-01,7.8422112464904785
2011-09-02,7.718433856964111
2011-09-05,7.7537994384765625
2011-09-06,7.736015319824219
2011-09-07,7.958314895629883
2011-09-08,7.780475616455078
2011-09-09,7.780475616455078
2011-09-12,7.727123260498047
2011-09-13,7.549283981323242
2011-09-14,7.229173183441162
2011-09-15,6.962413787841797
2011-09-16,7.1580376625061035
2011-09-19,7.006874084472656
2011-09-20,6.962413787841797
2011-09-21,7.14025354385376
2011-09-22,6.909062385559082
2011-09-23,6.668978214263916
2011-09-26,5.984296798706055
2011-09-27,6.597842693328857
2011-09-28,6.526707172393799
2011-09-29,6.339975833892822
2011-09-30,6.384435176849365
2011-10-04,6.2777323722839355
2011-10-05,6.437787055969238
2011-10-06,6.615626811981201
2011-10-07,6.89127779006958
2011-10-10,6.971305847167969
2011-10-11,7.0869011878967285
2011-10-12,6.855710506439209
2011-10-13,6.8734941482543945
2011-10-14,6.713438510894775
2011-10-17,6.784574031829834
2011-10-18,6.740114212036133
2011-10-19,6.8734941482543945
2011-10-20,6.686762809753418
2011-10-21,6.508923053741455
2011-10-24,6.615626811981201
2011-10-25,6.615626811981201
2011-10-26,6.917954444885254
2011-10-27,7.0869011878967285
2011-10-28,6.917954444885254
2011-10-31,6.6600871086120605
2011-11-02,6.099892616271973
2011-11-03,6.0465407371521
2011-11-04,6.197704792022705
2011-11-07,6.135460376739502
2011-11-08,6.179920196533203
2011-11-09,6.242164134979248
2011-11-10,6.099892616271973
2011-11-11,5.984296798706055
2011-11-14,6.12656831741333
2011-11-15,6.099892616271973
2011-11-16,6.135460376739502
2011-11-17,6.0554327964782715
2011-11-18,5.806457042694092
2011-11-21,5.619726181030273
2011-11-22,5.673077583312988
2011-11-23,5.521914005279541
2011-11-24,5.575265407562256
2011-11-25,5.539697647094727
2011-11-28,5.788673400878906
2011-11-29,5.904269218444824
2011-11-30,5.815349578857422
2011-12-01,6.082108974456787
2011-12-02,6.313300132751465
2011-12-05,6.259948253631592
2011-12-06,6.037648677825928
2011-12-07,6.117677211761475
2011-12-08,6.162136554718018
2011-12-09,6.117677211761475
2011-12-12,6.153244495391846
2011-12-13,5.877593040466309
2011-12-14,5.60194206237793
2011-12-15,5.290722846984863
2011-12-16,5.415210247039795
2011-12-19,5.23737096786499
2011-12-20,5.0595316886901855
2011-12-21,5.539697647094727
2011-12-22,5.210695743560791
2011-12-23,5.450778484344482
2011-12-28,5.264047145843506
2011-12-29,5.077315330505371
2011-12-30,5.068423748016357
2012-01-03,5.326291084289551
2012-01-04,5.424101829528809
2012-01-05,5.2462639808654785
2012-01-06,5.28183126449585
2012-01-09,5.272939205169678
2012-01-10,5.379642009735107
2012-01-11,5.610833644866943
2012-01-12,5.68196964263916
2012-01-13,5.619726181030273
2012-01-16,5.415210247039795
2012-01-17,5.584157943725586
2012-01-18,5.690861225128174
2012-01-19,6.037648677825928
2012-01-20,6.135460376739502
2012-01-23,6.002080917358398
2012-01-24,5.957620620727539
2012-01-25,5.993188381195068
2012-01-27,6.508923053741455
2012-01-30,6.686762809753418
2012-01-31,6.802358627319336
2012-02-01,6.917954444885254
2012-02-02,6.811250686645508
2012-02-03,7.006874084472656
2012-02-06,7.033549785614014
2012-02-07,6.793466091156006
2012-02-08,6.989089488983154
2012-02-09,7.149145126342773
2012-02-10,7.024657726287842
2012-02-13,7.024657726287842
2012-02-14,6.935737609863281
2012-02-15,6.8734941482543945
2012-02-16,6.651195049285889
2012-02-17,6.8201422691345215
2012-02-20,6.962413787841797
2012-02-21,6.89127779006958
2012-02-22,6.89127779006958
2012-02-23,6.339975833892822
2012-02-24,6.375543594360352
2012-02-27,6.215487957000732
2012-02-28,6.01097297668457
2012-02-29,6.1914825439453125
2012-03-01,6.001947402954102
2012-03-02,6.038049221038818
2012-03-05,5.857539653778076
2012-03-06,5.63190221786499
2012-03-07,5.478468894958496
2012-03-08,5.658978462219238
2012-03-09,5.776310443878174
2012-03-12,6.047074794769287
2012-03-13,6.01097297668457
2012-03-14,6.2185587882995605
2012-03-15,5.9387688636779785
2012-03-16,6.065124988555908
2012-03-19,5.803386211395264
2012-03-20,5.713131904602051
2012-03-21,5.749233722686768
2012-03-22,5.803386211395264
2012-03-23,5.677030086517334
2012-03-26,5.821437835693359
2012-03-27,5.902667045593262
2012-03-28,5.821437835693359
2012-03-29,5.704106330871582
2012-03-30,5.776310443878174
2012-04-02,5.857539653778076
2012-04-03,5.6860551834106445
2012-04-04,5.460418224334717
2012-04-05,5.343087196350098
2012-04-10,5.42431640625
2012-04-11,5.42431640625
2012-04-12,5.532622337341309
2012-04-13,5.658978462219238
2012-04-16,5.4694437980651855
2012-04-17,5.3791890144348145
2012-04-18,5.613851547241211
2012-04-19,5.613851547241211
2012-04-20,5.785335540771484
2012-04-23,5.722157001495361
2012-04-24,5.640927791595459
2012-04-26,5.550673007965088
2012-04-27,5.451392650604248
2012-04-30,5.595800399780273
2012-05-01,5.613851547241211
2012-05-02,5.6048264503479
2012-05-03,5.559698581695557
2012-05-04,5.505545616149902
2012-05-07,5.4062652587890625
2012-05-08,5.343087196350098
2012-05-09,4.991092681884766
2012-05-10,5.135500431060791
2012-05-11,5.081347942352295
2012-05-14,5.081347942352295
2012-05-15,4.9008378982543945
2012-05-16,4.575920581817627
2012-05-17,4.630073547363281
2012-05-18,4.612022399902344
2012-05-21,4.557869911193848
2012-05-22,4.666175365447998
2012-05-23,4.512742042541504
2012-05-24,4.476640224456787
2012-05-25,4.503716468811035
2012-05-28,4.774481296539307
2012-05-29,4.711303234100342
2012-05-30,4.602997303009033
2012-05-31,4.729353904724121
2012-06-01,4.63909912109375
2012-06-04,4.819608688354492
2012-06-05,5.099398612976074
2012-06-06,5.261857509613037
2012-06-07,5.334061145782471
2012-06-08,5.063297271728516
2012-06-12,5.0903730392456055
2012-06-13,5.108424663543701
2012-06-14,5.099398612976074
2012-06-15,4.9008378982543945
2012-06-18,4.991092681884766
2012-06-19,5.072321891784668
2012-06-20,4.991092681884766
2012-06-21,4.855710983276367
2012-06-22,4.657149314880371
2012-06-25,4.548843860626221
2012-06-26,4.494691371917725
2012-06-27,4.467614650726318
2012-06-28,4.449563980102539
2012-06-29,4.377359867095947
2012-07-02,4.612022399902344
2012-07-03,4.557869911193848
2012-07-04,4.819608688354492
2012-07-05,4.765455722808838
2012-07-06,4.7474045753479
2012-07-09,4.630073547363281
2012-07-10,4.56689453125
2012-07-11,4.56689453125
2012-07-12,4.395410537719727
2012-07-13,4.386385917663574
2012-07-16,4.395410537719727
2012-07-17,4.467614650726318
2012-07-18,4.323207378387451
2012-07-19,4.35930871963501
2012-07-20,4.413462162017822
2012-07-23,4.278079509735107
2012-07-24,4.223926544189453
2012-07-25,4.070493221282959
2012-07-26,3.8990089893341064
2012-07-27,3.9621875286102295
2012-07-30,3.7455759048461914
2012-07-31,3.66434645652771
2012-08-01,3.56506609916687
2012-08-02,3.691422939300537
2012-08-03,3.574091672897339
2012-08-06,3.66434645652771
2012-08-07,3.7094738483428955
2012-08-08,3.6462957859039307
2012-08-09,3.5921425819396973
2012-08-10,3.56506609916687
2012-08-13,3.6192188262939453
2012-08-14,3.727524995803833
2012-08-15,3.66434645652771
2012-08-16,3.7094738483428955
2012-08-17,3.95316219329834
2012-08-20,3.9712133407592773
2012-08-21,3.9982893466949463
2012-08-22,4.115621089935303
2012-08-23,4.666175365447998
2012-08-24,4.575920581817627
2012-08-27,4.693252086639404
2012-08-28,4.503716468811035
2012-08-29,4.503716468811035
2012-08-30,4.169773578643799
2012-08-31,3.8629069328308105
2012-09-03,3.8990089893341064
2012-09-04,4.016340255737305
2012-09-05,3.9080348014831543
2012-09-06,3.9260854721069336
2012-09-07,4.061468124389648
2012-09-10,4.3845391273498535
2012-09-11,4.43992280960083
2012-09-12,4.495306015014648
2012-09-13,4.4768452644348145
2012-09-14,4.919914722442627
2012-09-17,5.0768351554870605
2012-09-18,5.095296382904053
2012-09-19,5.418367862701416
2012-09-20,5.519904136657715
2012-09-21,5.62144136428833
2012-09-24,5.556827068328857
2012-09-25,5.501443386077881
2012-09-26,5.427598476409912
2012-09-27,5.399906158447266
2012-09-28,5.575287818908691
2012-10-01,5.510673522949219
2012-10-02,5.64913272857666
2012-10-03,5.538365840911865
2012-10-04,5.344522953033447
2012-10-05,5.5845184326171875
2012-10-08,5.43682861328125
2012-10-09,5.446059226989746
2012-10-10,5.418367862701416
2012-10-11,5.510673522949219
2012-10-12,5.630671501159668
2012-10-15,5.593749046325684
2012-10-16,5.492212772369385
2012-10-17,5.60297966003418
2012-10-18,5.492212772369385
2012-10-19,5.3629841804504395
2012-10-22,5.242985725402832
2012-10-23,5.27067756652832
2012-10-24,5.261447429656982
2012-10-25,5.122987747192383
2012-10-26,4.947606563568115
2012-10-29,4.993759632110596
2012-10-30,4.993759632110596
2012-10-31,5.0676045417785645
2012-11-01,5.021451473236084
2012-11-02,5.049143314361572
2012-11-05,5.021451473236084
2012-11-06,4.966067790985107
2012-11-07,5.141449451446533
2012-11-08,5.0676045417785645
2012-11-09,5.095296382904053
2012-11-12,5.03068208694458
2012-11-13,4.707610130310059
2012-11-14,4.615304470062256
2012-11-15,4.310694217681885
2012-11-16,4.393770217895508
2012-11-19,4.449153423309326
2012-11-20,4.541460037231445
2012-11-21,4.467614650726318
2012-11-22,4.338386058807373
2012-11-23,4.236849308013916
2012-11-26,4.375308513641357
2012-11-27,4.504537105560303
2012-11-28,4.403000354766846
2012-11-29,4.513767719268799
2012-11-30,4.486076354980469
2012-12-03,4.504537105560303
2012-12-04,4.329155445098877
2012-12-05,4.329155445098877
2012-12-06,4.264541149139404
2012-12-07,4.319924831390381
2012-12-10,4.504537105560303
2012-12-11,4.3845391273498535
2012-12-12,4.375308513641357
2012-12-13,4.329155445098877
2012-12-14,4.375308513641357
2012-12-17,4.218388080596924
2012-12-18,4.255310535430908
2012-12-19,4.236849308013916
2012-12-20,4.1814656257629395
2012-12-21,4.024545192718506
2012-12-24,4.070698261260986
2012-12-27,4.024545192718506
2012-12-28,4.0891594886779785
2012-12-31,4.061468124389648
2013-01-02,4.218388080596924
2013-01-03,4.338386058807373
2013-01-04,4.24608039855957
2013-01-07,4.209157943725586
2013-01-08,4.292232990264893
2013-01-09,4.24608039855957
2013-01-10,4.24608039855957
2013-01-11,4.273772239685059
2013-01-14,4.375308513641357
2013-01-15,4.495306015014648
2013-01-16,4.596843242645264
2013-01-17,4.559920310974121
2013-01-18,4.596843242645264
2013-01-21,4.670688152313232
2013-01-22,4.532228946685791
2013-01-23,4.624535083770752
2013-01-24,4.319924831390381
2013-01-25,4.061468124389648
2013-01-29,3.738396406173706
2013-01-30,3.6922435760498047
2013-01-31,3.719935178756714
2013-02-01,3.738396406173706
2013-02-04,3.738396406173706
2013-02-05,3.6922435760498047
2013-02-06,3.6645514965057373
2013-02-07,3.7014737129211426
2013-02-08,3.8583943843841553
2013-02-11,3.8676247596740723
2013-02-12,3.8030107021331787
2013-02-13,3.913778305053711
2013-02-14,3.830702781677246
2013-02-15,3.6922435760498047
2013-02-18,3.313788414001465
2013-02-19,3.332249402999878
2013-02-20,3.323019027709961
2013-02-21,3.0645618438720703
2013-02-22,3.2860965728759766
2013-02-25,3.221482276916504
2013-02-26,3.341480016708374
2013-02-27,3.4153249263763428
2013-02-28,3.3045578002929688
2013-03-01,3.2768659591674805
2013-03-04,3.221482276916504
2013-03-05,3.3784027099609375
2013-03-06,3.2676351070404053
2013-03-07,3.2768659591674805
2013-03-08,3.473478078842163
2013-03-11,3.8011646270751953
2013-03-12,3.7356274127960205
2013-03-13,3.75435209274292
2013-03-14,3.688814878463745
2013-03-15,3.85733962059021
2013-03-18,3.6981773376464844
2013-03-19,3.688814878463745
2013-03-20,3.7356274127960205
2013-03-21,3.75435209274292
2013-03-22,3.8760643005371094
2013-03-25,3.829252004623413
2013-03-26,3.6981773376464844
2013-03-27,3.651365041732788
2013-03-28,3.642002582550049
2013-04-02,3.7449898719787598
2013-04-03,3.4828402996063232
2013-04-04,3.1364288330078125
2013-04-05,3.2768659591674805
2013-04-08,3.4266655445098877
2013-04-09,3.445390462875366
2013-04-10,3.5577402114868164
2013-04-11,3.3517658710479736
2013-04-12,3.267503261566162
2013-04-15,2.771292209625244
2013-04-16,2.621492624282837
2013-04-17,2.5372302532196045
2013-04-18,2.24699330329895
2013-04-19,2.452967882156372
2013-04-22,2.406155586242676
2013-04-23,2.415518045425415
2013-04-24,2.4248805046081543
2013-04-26,2.5091428756713867
2013-04-29,2.1252810955047607
2013-04-30,2.022294044494629
2013-05-01,1.9567567110061646
2013-05-02,1.8444068431854248
2013-05-03,1.7086509466171265
2013-05-06,1.7367385625839233
2013-05-07,1.77886962890625
2013-05-08,1.7695070505142212
2013-05-09,1.9380316734313965
2013-05-10,1.9099442958831787
2013-05-13,1.7835508584976196
2013-05-14,1.7601447105407715
2013-05-15,1.7180135250091553
2013-05-16,1.5401264429092407
2013-05-17,1.465226650238037
2013-05-20,1.371601939201355
2013-05-21,1.4605454206466675
2013-05-22,1.352876901626587
2013-05-23,1.3341518640518188
2013-05-24,1.4511829614639282
2013-05-27,1.4043705463409424
2013-05-28,1.4277766942977905
2013-05-29,1.4418203830718994
2013-05-30,1.479270339012146
2013-05-31,1.5260827541351318
2013-06-03,1.7601447105407715
2013-06-04,1.835044503211975
2013-06-05,1.8069570064544678
2013-06-06,1.7554633617401123
2013-06-07,1.6899261474609375
2013-06-11,1.6150263547897339
2013-06-12,1.6150263547897339
2013-06-13,1.5588513612747192
2013-06-14,1.535445213317871
2013-06-17,1.5448076725006104
2013-06-18,1.4558640718460083
2013-06-19,1.5448076725006104
2013-06-20,1.4277766942977905
2013-06-21,1.4043705463409424
2013-06-24,1.3481956720352173
2013-06-25,1.301383376121521
2013-06-26,1.2545709609985352
2013-06-27,1.2732957601547241
2013-06-28,1.1843522787094116
2013-07-01,1.2498897314071655
2013-07-02,1.3435144424438477
2013-07-03,1.282658338546753
2013-07-04,1.2732957601547241
2013-07-05,1.3107458353042603
2013-07-08,1.2171210050582886
2013-07-09,1.2218022346496582
2013-07-10,1.1983959674835205
2013-07-11,1.4043705463409424
2013-07-12,1.4886327981948853
2013-07-15,1.4324580430984497
2013-07-16,1.4324580430984497
2013-07-17,1.5588513612747192
2013-07-18,1.4933141469955444
2013-07-19,1.4886327981948853
2013-07-22,1.6009825468063354
2013-07-23,1.6431137323379517
2013-07-24,1.7133322954177856
2013-07-25,1.5963013172149658
2013-07-26,1.5963013172149658
2013-07-29,1.5869388580322266
2013-07-30,1.5541702508926392
2013-07-31,1.4933141469955444
2013-08-01,1.5214015245437622
2013-08-02,1.4371392726898193
2013-08-05,1.465226650238037
2013-08-06,1.4418203830718994
2013-08-07,1.4324580430984497
2013-08-08,1.409051775932312
2013-08-09,1.4699078798294067
2013-08-12,1.605663776397705
2013-08-13,1.6805635690689087
2013-08-14,1.6477949619293213
2013-08-15,1.6992886066436768
2013-08-16,1.849088191986084
2013-08-19,2.172093629837036
2013-08-20,2.162731170654297
2013-08-21,2.312530755996704
2013-08-22,2.2938058376312256
2013-08-23,2.481055498123169
2013-08-26,2.630855083465576
2013-08-27,2.518505096435547
2013-08-28,2.5653176307678223
2013-08-29,1.9848442077636719
2013-08-30,2.087831497192383
2013-09-02,2.031656503677368
2013-09-03,2.031656503677368
2013-09-04,2.0410189628601074
2013-09-05,1.975481629371643
2013-09-06,1.8256820440292358
2013-09-09,1.9286692142486572
2013-09-10,1.8537694215774536
2013-09-11,1.8256820440292358
2013-09-12,1.7086509466171265
2013-09-13,1.5869388580322266
2013-09-16,1.6758824586868286
2013-09-17,1.5963013172149658
2013-09-18,1.535445213317871
2013-09-19,1.7882320880889893
2013-09-20,1.6805635690689087
2013-09-23,1.5916200876235962
2013-09-24,1.619707465171814
2013-09-25,1.6103450059890747
2013-09-26,1.605663776397705
2013-09-27,1.582257628440857
2013-09-30,1.5869388580322266
2013-10-01,1.5916200876235962
2013-10-02,1.5307639837265015
2013-10-03,1.54948890209198
2013-10-04,1.512039065361023
2013-10-07,1.4558640718460083
2013-10-08,1.465226650238037
2013-10-09,1.4745891094207764
2013-10-10,1.4277766942977905
2013-10-11,1.4137330055236816
2013-10-14,1.3669205904006958
2013-10-15,1.338833212852478
2013-10-16,1.3341518640518188
2013-10-17,1.371601939201355
2013-10-18,1.4511829614639282
2013-10-21,1.423095464706421
2013-10-22,1.4184142351150513
2013-10-23,1.4933141469955444
2013-10-24,1.465226650238037
2013-10-25,1.5073578357696533
2013-10-28,1.4324580430984497
2013-10-29,1.4324580430984497
2013-10-30,1.3762831687927246
2013-10-31,1.3435144424438477
2013-11-01,1.3154270648956299
2013-11-04,1.306064486503601
2013-11-05,1.3669205904006958
2013-11-06,1.4043705463409424
2013-11-07,1.3762831687927246
2013-11-08,1.3762831687927246
2013-11-11,1.2967020273208618
2013-11-12,1.287339687347412
2013-11-13,1.2545709609985352
2013-11-14,1.287339687347412
2013-11-15,1.301383376121521
2013-11-18,1.2592520713806152
2013-11-19,1.2030773162841797
2013-11-20,1.2124396562576294
2013-11-21,1.1328587532043457
2013-11-22,1.123496174812317
2013-11-25,1.109452486038208
2013-11-26,1.1609461307525635
2013-11-27,1.057958960533142
2013-11-28,1.0111465454101562
2013-11-29,0.9736966490745544
2013-12-02,1.0111465454101562
2013-12-03,0.8894343376159668
2013-12-04,0.842621922492981
2013-12-05,0.8379406929016113
2013-12-06,0.8613469004631042
2013-12-09,0.8566656112670898
2013-12-10,0.819215714931488
2013-12-11,0.922203004360199
2013-12-12,0.898796796798706
2013-12-13,0.9315654635429382
2013-12-16,0.9456091523170471
2013-12-17,0.9409279227256775
2013-12-18,0.9128405451774597
2013-12-19,0.8894343376159668
2013-12-20,0.8613469004631042
2013-12-23,0.8847531080245972
2013-12-24,0.8753905892372131
2013-12-27,0.8800718188285828
2013-12-30,0.8800718188285828
2013-12-31,0.8707093596458435
2014-01-02,0.9643341302871704
2014-01-03,1.0251902341842651
2014-01-06,1.0158277750015259
2014-01-07,0.9877403378486633
2014-01-08,0.9128405451774597
2014-01-09,0.9362466931343079
2014-01-10,0.9409279227256775
2014-01-13,0.9830591082572937
2014-01-14,0.9877403378486633
2014-01-15,0.9596529006958008
2014-01-16,0.96901535987854
2014-01-17,0.9924215078353882
2014-01-20,1.0954087972640991
2014-01-21,1.1141337156295776
2014-01-22,1.0813651084899902
2014-01-23,1.0485963821411133
2014-01-24,1.1141337156295776
2014-01-28,1.057958960533142
2014-01-29,1.057958960533142
2014-01-30,1.0485963821411133
2014-01-31,1.053277611732483
2014-02-03,1.0158277750015259
2014-02-04,1.053277611732483
2014-02-05,1.0439152717590332
2014-02-06,1.039233922958374
2014-02-07,1.0860463380813599
2014-02-10,1.123496174812317
2014-02-11,1.2077585458755493
2014-02-12,1.2264835834503174
2014-02-13,1.2171210050582886
2014-02-14,1.301383376121521
2014-02-17,1.4465017318725586
2014-02-18,1.2639334201812744
2014-02-19,1.2077585458755493
2014-02-20,1.1188150644302368
2014-02-21,1.2030773162841797
2014-02-24,1.1796711683273315
2014-02-25,1.2124396562576294
2014-02-26,1.2124396562576294
2014-02-27,1.1328587532043457
2014-02-28,1.142221212387085
2014-03-03,1.2498897314071655
2014-03-04,1.1983959674835205
2014-03-05,1.1703085899353027
2014-03-06,1.1937148571014404
2014-03-07,1.1937148571014404
2014-03-10,1.1515836715698242
2014-03-11,1.1375398635864258
2014-03-12,1.1937148571014404
2014-03-13,1.2498897314071655
2014-03-14,1.1562649011611938
2014-03-17,1.2077585458755493
2014-03-18,1.2077585458755493
2014-03-19,1.2077585458755493
2014-03-20,0.9590685963630676
2014-03-21,1.1066175699234009
2014-03-24,1.0623528957366943
2014-03-25,0.9984149932861328
2014-03-26,0.9934967160224915
2014-03-27,0.9738234877586365
2014-03-28,0.9738234877586365
2014-03-31,0.983660101890564
2014-04-01,0.9639869332313538
2014-04-02,0.9738234877586365
2014-04-03,0.9639869332313538
2014-04-04,0.9738234877586365
2014-04-07,0.9885783791542053
2014-04-08,1.003333330154419
2014-04-09,1.0230064392089844
2014-04-10,1.0131698846817017
2014-04-11,1.003333330154419
2014-04-14,1.0230064392089844
2014-04-15,0.983660101890564
2014-04-16,0.983660101890564
2014-04-17,0.9689052104949951
2014-04-22,0.9246404767036438
2014-04-23,0.9295588135719299
2014-04-24,0.9541503190994263
2014-04-28,0.9541503190994263
2014-04-29,0.9148039221763611
2014-04-30,0.8803757429122925
2014-05-01,0.8508660197257996
2014-05-02,0.8361111283302307
2014-05-05,0.8656209111213684
2014-05-06,0.8803757429122925
2014-05-07,0.8754574656486511
2014-05-08,0.8607025742530823
2014-05-09,0.8656209111213684
2014-05-12,0.8262744545936584
2014-05-13,0.816437840461731
2014-05-14,0.8262744545936584
2014-05-15,0.816437840461731
2014-05-16,0.8066012859344482
2014-05-19,0.7967646718025208
2014-05-20,0.7820097804069519
2014-05-21,0.786928117275238
2014-05-22,0.786928117275238
2014-05-23,0.7770915031433105
2014-05-26,0.7426633834838867
2014-05-27,0.7426633834838867
2014-05-28,0.7377450466156006
2014-05-29,0.7328267693519592
2014-05-30,0.7279084920883179
2014-06-02,0.713153600692749
2014-06-03,0.7033169269561768
2014-06-04,0.7524999380111694
2014-06-05,0.7229902148246765
2014-06-06,0.7672548294067383
2014-06-10,0.786928117275238
2014-06-11,0.7475816607475281
2014-06-12,0.7574182748794556
2014-06-13,0.7967646718025208
2014-06-16,0.89021235704422
2014-06-17,0.8607025742530823
2014-06-18,0.8557842969894409
2014-06-19,0.8803757429122925
2014-06-20,0.9393953680992126
2014-06-23,0.9393953680992126
2014-06-24,0.9344770908355713
2014-06-25,0.8656209111213684
2014-06-26,0.8754574656486511
2014-06-27,0.8754574656486511
2014-06-30,0.8459476828575134
2014-07-01,0.89021235704422
2014-07-02,0.8607025742530823
2014-07-03,0.8803757429122925
2014-07-04,0.8754574656486511
2014-07-07,0.8361111283302307
2014-07-08,0.8557842969894409
2014-07-09,0.9049673080444336
2014-07-10,0.9344770908355713
2014-07-11,0.9246404767036438
2014-07-14,0.8951306939125061
2014-07-15,0.8656209111213684
2014-07-16,0.8607025742530823
2014-07-17,0.8852940797805786
2014-07-18,0.909885585308075
2014-07-21,0.9246404767036438
2014-07-22,0.9246404767036438
2014-07-23,0.909885585308075
2014-07-24,0.8705391883850098
2014-07-25,0.89021235704422
2014-07-28,0.9049673080444336
2014-07-29,0.9049673080444336
2014-07-30,0.8951306939125061
2014-07-31,0.9000490307807922
2014-08-01,0.9000490307807922
2014-08-04,0.9148039221763611
2014-08-05,0.8754574656486511
2014-08-06,0.89021235704422
2014-08-07,0.9295588135719299
2014-08-08,0.9590685963630676
2014-08-11,0.9197221994400024
2014-08-12,0.9443137049674988
2014-08-13,0.9246404767036438
2014-08-14,0.9295588135719299
2014-08-15,0.9049673080444336
2014-08-18,0.9000490307807922
2014-08-19,0.89021235704422
2014-08-20,0.8951306939125061
2014-08-21,0.8754574656486511
2014-08-22,0.8951306939125061
2014-08-25,0.8754574656486511
2014-08-26,0.8852940797805786
2014-08-27,0.9148039221763611
2014-08-28,0.9000490307807922
2014-08-29,0.8951306939125061
2014-09-01,0.8754574656486511
2014-09-02,0.8852940797805786
2014-09-03,0.8459476828575134
2014-09-04,0.8459476828575134
2014-09-05,0.8016830086708069
2014-09-08,0.8115195631980896
2014-09-09,0.786928117275238
2014-09-10,0.7967646718025208
2014-09-11,0.7721732258796692
2014-09-12,0.8066012859344482
2014-09-15,0.816437840461731
2014-09-16,0.8115195631980896
2014-09-17,0.8066012859344482
2014-09-18,0.7770915031433105
2014-09-19,0.7623365521430969
2014-09-22,0.7377450466156006
2014-09-23,0.7377450466156006
2014-09-24,0.7574182748794556
2014-09-25,0.7279084920883179
2014-09-26,0.7475816607475281
2014-09-29,0.713153600692749
2014-09-30,0.7082353234291077
2014-10-01,0.6983986496925354
2014-10-02,0.713153600692749
2014-10-03,0.6983986496925354
2014-10-06,0.6738071441650391
2014-10-07,0.7033169269561768
2014-10-08,0.6836437582969666
2014-10-09,0.7082353234291077
2014-10-10,0.6787254810333252
2014-10-13,0.6688888669013977
2014-10-14,0.693480372428894
2014-10-15,0.6836437582969666
2014-10-16,0.6639705896377563
2014-10-17,0.6983986496925354
2014-10-20,0.7180718779563904
2014-10-21,0.7180718779563904
2014-10-22,0.7623365521430969
2014-10-23,0.7524999380111694
2014-10-24,0.7475816607475281
2014-10-27,0.7229902148246765
2014-10-28,0.7180718779563904
2014-10-29,0.7377450466156006
2014-10-30,0.7377450466156006
2014-10-31,0.713153600692749
2014-11-03,0.659052312374115
2014-11-04,0.6639705896377563
2014-11-05,0.6098692417144775
2014-11-06,0.6098692417144775
2014-11-07,0.6098692417144775
2014-11-10,0.6639705896377563
2014-11-11,0.6246241331100464
2014-11-12,0.6295424699783325
2014-11-13,0.6246241331100464
2014-11-14,0.6246241331100464
2014-11-17,0.659052312374115
2014-11-18,0.6639705896377563
2014-11-19,0.7180718779563904
2014-11-20,0.6983986496925354
2014-11-21,0.6836437582969666
2014-11-24,0.6983986496925354
2014-11-25,0.693480372428894
2014-11-26,0.7229902148246765
2014-11-27,0.7082353234291077
2014-11-28,0.6885620355606079
2014-12-01,0.6098692417144775
2014-12-02,0.659052312374115
2014-12-03,0.6393790245056152
2014-12-04,0.6688888669013977
2014-12-05,0.6492156982421875
2014-12-08,0.659052312374115
2014-12-09,0.6442973613739014
2014-12-10,0.6787254810333252
2014-12-11,0.6442973613739014
2014-12-12,0.659052312374115
2014-12-15,0.6492156982421875
2014-12-16,0.6442973613739014
2014-12-17,0.6147875785827637
2014-12-18,0.619705855846405
2014-12-19,0.6246241331100464
2014-12-22,0.6688888669013977
2014-12-23,0.6295424699783325
2014-12-24,0.6295424699783325
2014-12-29,0.6541339755058289
2014-12-30,0.659052312374115
2014-12-31,0.6492156982421875
2015-01-02,0.6688888669013977
2015-01-05,0.7229902148246765
2015-01-06,0.7377450466156006
2015-01-07,0.7623365521430969
2015-01-08,0.7180718779563904
2015-01-09,0.7377450466156006
2015-01-12,0.7524999380111694
2015-01-13,0.7770915031433105
2015-01-14,0.7770915031433105
2015-01-15,0.7770915031433105
2015-01-16,0.7770915031433105
2015-01-19,0.7770915031433105
2015-01-20,0.7770915031433105
2015-01-21,0.7770915031433105
2015-01-22,0.7770915031433105
2015-01-23,0.7770915031433105
2015-01-27,0.7770915031433105
2015-01-28,0.7770915031433105
2015-01-29,0.7770915031433105
2015-01-30,0.7770915031433105
2015-02-02,0.7770915031433105
2015-02-03,0.7770915031433105
2015-02-04,0.7770915031433105
2015-02-05,0.7770915031433105
2015-02-06,0.7770915031433105
2015-02-09,0.7770915031433105
2015-02-10,0.7770915031433105
2015-02-11,0.7770915031433105
2015-02-12,0.7770915031433105
2015-02-13,0.7770915031433105
2015-02-16,0.7770915031433105
2015-02-17,0.7770915031433105
2015-02-18,0.7770915031433105
2015-02-19,0.7770915031433105
2015-02-20,0.7770915031433105
2015-02-23,0.7770915031433105
2015-02-24,0.7770915031433105
2015-02-25,0.7770915031433105
2015-02-26,0.7770915031433105
2015-02-27,0.7770915031433105
2015-03-02,0.7672548294067383
2015-03-03,0.6983986496925354
2015-03-04,0.693480372428894
2015-03-05,0.7770915031433105
2015-03-06,0.7574182748794556
2015-03-09,0.7082353234291077
2015-03-10,0.693480372428894
2015-03-11,0.6492156982421875
2015-03-12,0.619705855846405
2015-03-13,0.6344607472419739
2015-03-16,0.6492156982421875
2015-03-17,0.659052312374115
2015-03-18,0.6442973613739014
2015-03-19,0.659052312374115
2015-03-20,0.6393790245056152
2015-03-23,0.6787254810333252
2015-03-24,0.6836437582969666
2015-03-25,0.6836437582969666
2015-03-26,0.6738071441650391
2015-03-27,0.6787254810333252
2015-03-30,0.659052312374115
2015-03-31,0.6787254810333252
2015-04-01,0.6738071441650391
2015-04-02,0.6983986496925354
2015-04-07,0.7082353234291077
2015-04-08,0.6983986496925354
2015-04-09,0.693480372428894
2015-04-10,0.693480372428894
2015-04-13,0.693480372428894
2015-04-14,0.6836437582969666
2015-04-15,0.6639705896377563
2015-04-16,0.6885620355606079
2015-04-17,0.6738071441650391
2015-04-20,0.6738071441650391
2015-04-21,0.6738071441650391
2015-04-22,0.6885620355606079
2015-04-23,0.6688888669013977
2015-04-24,0.693480372428894
2015-04-27,0.6738071441650391
2015-04-28,0.693480372428894
2015-04-29,0.7180718779563904
2015-04-30,0.693480372428894
2015-05-01,0.713153600692749
2015-05-04,0.7229902148246765
2015-05-05,0.713153600692749
2015-05-06,0.7279084920883179
2015-05-07,0.7180718779563904
2015-05-08,0.7229902148246765
2015-05-11,0.7475816607475281
2015-05-12,0.7524999380111694
2015-05-13,0.7672548294067383
2015-05-14,0.8115195631980896
2015-05-15,0.7918463945388794
2015-05-18,0.7967646718025208
2015-05-19,0.7967646718025208
2015-05-20,0.8016830086708069
2015-05-21,0.8066012859344482
2015-05-22,0.8508660197257996
2015-05-25,0.8361111283302307
2015-05-26,0.8115195631980896
2015-05-27,0.816437840461731
2015-05-28,0.786928117275238
2015-05-29,0.7967646718025208
2015-06-01,0.7770915031433105
2015-06-02,0.7524999380111694
2015-06-03,0.7279084920883179
2015-06-04,0.7574182748794556
2015-06-05,0.7328267693519592
2015-06-09,0.7377450466156006
2015-06-10,0.7475816607475281
2015-06-11,0.7623365521430969
2015-06-12,0.7524999380111694
2015-06-15,0.7180718779563904
2015-06-16,0.6983986496925354
2015-06-17,0.7082353234291077
2015-06-18,0.7229902148246765
2015-06-19,0.713153600692749
2015-06-22,0.7082353234291077
2015-06-23,0.6983986496925354
2015-06-24,0.7229902148246765
2015-06-25,0.7033169269561768
2015-06-26,0.6983986496925354
2015-06-29,0.6885620355606079
2015-06-30,0.6836437582969666
2015-07-01,0.713153600692749
2015-07-02,0.7033169269561768
2015-07-03,0.6885620355606079
2015-07-06,0.6885620355606079
2015-07-07,0.693480372428894
2015-07-08,0.6836437582969666
2015-07-09,0.6688888669013977
2015-07-10,0.6492156982421875
2015-07-13,0.659052312374115
2015-07-14,0.6688888669013977
2015-07-15,0.6885620355606079
2015-07-16,0.6885620355606079
2015-07-17,0.7180718779563904
2015-07-20,0.659052312374115
2015-07-21,0.659052312374115
2015-07-22,0.693480372428894
2015-07-23,0.6639705896377563
2015-07-24,0.6147875785827637
2015-07-27,0.6295424699783325
2015-07-28,0.6147875785827637
2015-07-29,0.6246241331100464
2015-07-30,0.6541339755058289
2015-07-31,0.6295424699783325
2015-08-03,0.619705855846405
2015-08-04,0.6393790245056152
2015-08-05,0.6295424699783325
2015-08-06,0.6393790245056152
2015-08-07,0.6246241331100464
2015-08-10,0.6246241331100464
2015-08-11,0.5951144099235535
2015-08-12,0.6492156982421875
2015-08-13,0.6688888669013977
2015-08-14,0.619705855846405
2015-08-17,0.6344607472419739
2015-08-18,0.6492156982421875
2015-08-19,0.6393790245056152
2015-08-20,0.6442973613739014
2015-08-21,0.713153600692749
2015-08-24,0.6738071441650391
2015-08-25,0.6442973613739014
2015-08-26,0.6738071441650391
2015-08-27,0.6295424699783325
2015-08-28,0.6147875785827637
2015-08-31,0.6295424699783325
2015-09-01,0.619705855846405
2015-09-02,0.6295424699783325
2015-09-03,0.619705855846405
2015-09-04,0.6147875785827637
2015-09-07,0.6295424699783325
2015-09-08,0.6049509644508362
2015-09-09,0.6295424699783325
2015-09-10,0.6295424699783325
2015-09-11,0.6344607472419739
2015-09-14,0.659052312374115
2015-09-15,0.6393790245056152
2015-09-16,0.6688888669013977
2015-09-17,0.6983986496925354
2015-09-18,0.7033169269561768
2015-09-21,0.693480372428894
2015-09-22,0.6983986496925354
2015-09-23,0.659052312374115
2015-09-24,0.7180718779563904
2015-09-25,0.7328267693519592
2015-09-28,0.7279084920883179
2015-09-29,0.7082353234291077
2015-09-30,0.7082353234291077
2015-10-01,0.7082353234291077
2015-10-02,0.6885620355606079
2015-10-05,0.6344607472419739
2015-10-06,0.6393790245056152
2015-10-07,0.6639705896377563
2015-10-08,0.6541339755058289
2015-10-09,0.6541339755058289
2015-10-12,0.6492156982421875
2015-10-13,0.6492156982421875
2015-10-14,0.6492156982421875
2015-10-15,0.659052312374115
2015-10-16,0.6885620355606079
2015-10-19,0.7180718779563904
2015-10-20,0.7082353234291077
2015-10-21,0.713153600692749
2015-10-22,0.6738071441650391
2015-10-23,0.6688888669013977
2015-10-26,0.6787254810333252
2015-10-27,0.6885620355606079
2015-10-28,0.7082353234291077
2015-10-29,0.6738071441650391
2015-10-30,0.6492156982421875
2015-11-02,0.619705855846405
2015-11-03,0.6246241331100464
2015-11-04,0.713153600692749
2015-11-05,0.6688888669013977
2015-11-06,0.6836437582969666
2015-11-09,0.6639705896377563
2015-11-10,0.6983986496925354
2015-11-11,0.6787254810333252
2015-11-12,0.6885620355606079
2015-11-13,0.6688888669013977
2015-11-16,0.6885620355606079
2015-11-17,0.6688888669013977
2015-11-18,0.659052312374115
2015-11-19,0.659052312374115
2015-11-20,0.6688888669013977
2015-11-23,0.6492156982421875
2015-11-24,0.619705855846405
2015-11-25,0.6246241331100464
2015-11-26,0.6246241331100464
2015-11-27,0.619705855846405
2015-11-30,0.6000326871871948
2015-12-01,0.6000326871871948
2015-12-02,0.5606862306594849
2015-12-03,0.5115032196044922
2015-12-04,0.491830050945282
2015-12-07,0.46723854541778564
2015-12-08,0.4426470398902893
2015-12-09,0.4082189202308655
2015-12-10,0.3787091374397278
2015-12-11,0.37379083037376404
2015-12-14,0.38362741470336914
2015-12-15,0.37379083037376404
2015-12-16,0.37379083037376404
2015-12-17,0.38362741470336914
2015-12-18,0.38362741470336914
2015-12-21,0.34428101778030396
2015-12-22,0.34428101778030396
2015-12-23,0.32460784912109375
2015-12-24,0.3196895122528076
2015-12-28,0.3196895122528076
2015-12-29,0.3688725233078003
2015-12-30,0.35411766171455383
2015-12-31,0.36395424604415894
2016-01-04,0.3491993248462677
2016-01-05,0.3393627405166626
2016-01-06,0.32460784912109375
2016-01-07,0.3098529279232025
2016-01-08,0.29509803652763367
2016-01-11,0.2852614223957062
2016-01-12,0.29509803652763367
2016-01-13,0.27050653100013733
2016-01-14,0.28034311532974243
2016-01-15,0.2655882239341736
2016-01-18,0.2655882239341736
2016-01-19,0.27050653100013733
2016-01-20,0.27050653100013733
2016-01-21,0.2557516098022461
2016-01-22,0.2360784262418747
2016-01-25,0.24099673330783844
2016-01-27,0.2360784262418747
2016-01-28,0.2360784262418747
2016-01-29,0.22132351994514465
2016-02-01,0.23116011917591095
2016-02-02,0.23116011917591095
2016-02-03,0.23116011917591095
2016-02-04,0.245915025472641
2016-02-05,0.245915025472641
2016-02-08,0.245915025472641
2016-02-09,0.2852614223957062
2016-02-10,0.31477123498916626
2016-02-11,0.31477123498916626
2016-02-12,0.4524836540222168
2016-02-15,0.393464058637619
2016-02-16,0.35411766171455383
2016-02-17,0.3983823359012604
2016-02-18,0.4426470398902893
2016-02-19,0.48691174387931824
2016-02-22,0.46723854541778564
2016-02-23,0.46723854541778564
2016-02-24,0.4524836540222168
2016-02-25,0.4819934666156769
2016-02-26,0.4623202383518219
2016-02-29,0.4229738414287567
2016-03-01,0.46723854541778564
2016-03-02,0.43772873282432556
2016-03-03,0.4229738414287567
2016-03-04,0.4426470398902893
2016-03-07,0.4328104555606842
2016-03-08,0.4426470398902893
2016-03-09,0.3885457515716553
2016-03-10,0.393464058637619
2016-03-11,0.3983823359012604
2016-03-14,0.3885457515716553
2016-03-15,0.36395424604415894
2016-03-16,0.37379083037376404
2016-03-17,0.393464058637619
2016-03-18,0.4131372272968292
2016-03-21,0.42789214849472046
2016-03-22,0.4131372272968292
2016-03-23,0.3787091374397278
2016-03-24,0.3688725233078003
2016-03-29,0.3491993248462677
2016-03-30,0.36395424604415894
2016-03-31,0.3000163435935974
2016-04-01,0.31477123498916626
2016-04-04,0.30198365449905396
2016-04-05,0.31477123498916626
2016-04-06,0.31477123498916626
2016-04-07,0.30493462085723877
2016-04-08,0.32460784912109375
2016-04-11,0.34428101778030396
2016-04-12,0.35411766171455383
2016-04-13,0.35411766171455383
2016-04-14,0.3590359389781952
2016-04-15,0.3590359389781952
2016-04-18,0.3688725233078003
2016-04-19,0.3491993248462677
2016-04-20,0.3688725233078003
2016-04-21,0.3688725233078003
2016-04-22,0.38362741470336914
2016-04-26,0.3885457515716553
2016-04-27,0.4229738414287567
2016-04-28,0.41805556416511536
2016-04-29,0.44756534695625305
2016-05-02,0.47707515954971313
2016-05-03,0.47707515954971313
2016-05-04,0.4623202383518219
2016-05-05,0.4524836540222168
2016-05-06,0.4426470398902893
2016-05-09,0.45740196108818054
2016-05-10,0.4033006429672241
2016-05-11,0.4033006429672241
2016-05-12,0.4033006429672241
2016-05-13,0.4033006429672241
2016-05-16,0.4033006429672241
2016-05-17,0.4033006429672241
2016-05-18,0.4033006429672241
2016-05-19,0.4033006429672241
2016-05-20,0.4033006429672241
2016-05-23,0.4033006429672241
2016-05-24,0.4033006429672241
2016-05-25,0.4033006429672241
2016-05-26,0.4033006429672241
2016-05-27,0.4033006429672241
2016-05-30,0.4033006429672241
2016-05-31,0.4033006429672241
2016-06-01,0.4033006429672241
2016-06-02,0.4033006429672241
2016-06-03,0.4033006429672241
2016-06-06,0.4033006429672241
2016-06-07,0.4033006429672241
2016-06-08,0.4033006429672241
2016-06-09,0.4033006429672241
2016-06-10,0.4033006429672241
2016-06-14,0.4033006429672241
2016-06-15,0.4033006429672241
2016-06-16,0.4033006429672241
2016-06-17,0.4033006429672241
2016-06-20,0.4033006429672241
2016-06-21,0.4033006429672241
2016-06-22,0.4033006429672241
2016-06-23,0.4033006429672241
2016-06-24,0.4033006429672241
2016-06-27,0.4033006429672241
2016-06-28,0.4033006429672241
2016-06-29,0.4033006429672241
2016-06-30,0.4033006429672241
2016-07-01,0.4033006429672241
2016-07-04,0.4033006429672241
2016-07-05,0.4033006429672241
2016-07-06,0.4033006429672241
2016-07-07,0.4033006429672241
2016-07-08,0.4033006429672241
2016-07-11,0.4033006429672241
2016-07-12,0.4033006429672241
2016-07-13,0.4033006429672241
2016-07-14,0.4033006429672241
2016-07-15,0.4033006429672241
2016-07-18,0.4033006429672241
2016-07-19,0.4033006429672241
2016-07-20,0.4033006429672241
2016-07-21,0.4033006429672241
2016-07-22,0.4033006429672241
2016-07-25,0.4033006429672241
2016-07-26,0.4033006429672241
2016-07-27,0.4033006429672241
2016-07-28,0.4033006429672241
2016-07-29,0.4033006429672241
2016-08-01,0.4033006429672241
2016-08-02,0.4033006429672241
2016-08-03,0.4033006429672241
2016-08-04,0.4033006429672241
2016-08-05,0.4033006429672241
2016-08-08,0.4033006429672241
2016-08-09,0.4033006429672241
2016-08-10,0.4033006429672241
2016-08-11,0.4033006429672241
2016-08-12,0.4033006429672241
2016-08-15,0.4033006429672241
2016-08-16,0.4033006429672241
2016-08-17,0.4033006429672241
2016-08-18,0.4033006429672241
2016-08-19,0.4033006429672241
2016-08-22,0.4033006429672241
2016-08-23,0.4033006429672241
2016-08-24,0.4033006429672241
2016-08-25,0.4033006429672241
2016-08-26,0.4033006429672241
2016-08-29,0.4033006429672241
2016-08-30,0.4033006429672241
2016-08-31,0.4033006429672241
2016-09-01,0.4033006429672241
2016-09-02,0.4033006429672241
2016-09-05,0.4033006429672241
2016-09-06,0.4033006429672241
2016-09-07,0.4033006429672241
2016-09-08,0.4033006429672241
2016-09-09,0.4033006429672241
2016-09-12,0.4033006429672241
2016-09-13,0.4033006429672241
2016-09-14,0.4033006429672241
2016-09-15,0.4033006429672241
2016-09-16,0.4033006429672241
2016-09-19,0.4033006429672241
2016-09-20,0.4033006429672241
2016-09-21,0.4033006429672241
2016-09-22,0.4033006429672241
2016-09-23,0.4033006429672241
2016-09-26,0.4033006429672241
2016-09-27,0.4033006429672241
2016-09-28,0.4033006429672241
2016-09-29,0.4033006429672241
2016-09-30,0.4033006429672241
2016-10-03,0.4033006429672241
2016-10-04,0.4033006429672241
2016-10-05,0.4033006429672241
2016-10-06,0.4033006429672241
2016-10-07,0.4033006429672241
2016-10-10,0.4033006429672241
2016-10-11,0.4033006429672241
2016-10-12,0.4033006429672241
2016-10-13,0.4033006429672241
2016-10-14,0.4033006429672241
2016-10-17,0.2754248380661011
2016-10-18,0.25083333253860474
2016-10-19,0.2557516098022461
2016-10-20,0.2655882239341736
2016-10-21,0.26066991686820984
2016-10-24,0.245915025472641
2016-10-25,0.2262418270111084
2016-10-26,0.22132351994514465
2016-10-27,0.2065686136484146
2016-10-28,0.1967320293188095
2016-10-31,0.1967320293188095
2016-11-01,0.22132351994514465
2016-11-02,0.23116011917591095
2016-11-03,0.2262418270111084
2016-11-04,0.22132351994514465
2016-11-07,0.22132351994514465
2016-11-08,0.23116011917591095
2016-11-09,0.2557516098022461
2016-11-10,0.25083333253860474
2016-11-11,0.2360784262418747
2016-11-14,0.23116011917591095
2016-11-15,0.23116011917591095
2016-11-16,0.23116011917591095
2016-11-17,0.2262418270111084
2016-11-18,0.2164052277803421
2016-11-21,0.2164052277803421
2016-11-22,0.22132351994514465
2016-11-23,0.2164052277803421
2016-11-24,0.245915025472641
2016-11-25,0.2754248380661011
2016-11-28,0.2655882239341736
2016-11-29,0.25083333253860474
2016-11-30,0.24099673330783844
2016-12-01,0.245915025472641
2016-12-02,0.24099673330783844
2016-12-05,0.24099673330783844
2016-12-06,0.23116011917591095
2016-12-07,0.2262418270111084
2016-12-08,0.245915025472641
2016-12-09,0.23116011917591095
2016-12-12,0.2655882239341736
2016-12-13,0.2557516098022461
2016-12-14,0.2360784262418747
2016-12-15,0.24099673330783844
2016-12-16,0.22132351994514465
2016-12-19,0.23116011917591095
2016-12-20,0.23116011917591095
2016-12-21,0.23116011917591095
2016-12-22,0.2360784262418747
2016-12-23,0.23116011917591095
2016-12-28,0.2655882239341736
2016-12-29,0.2754248380661011
2016-12-30,0.28034311532974243
2017-01-03,0.27050653100013733
2017-01-04,0.2852614223957062
2017-01-05,0.2901797294616699
2017-01-06,0.2852614223957062
2017-01-09,0.28034311532974243
2017-01-10,0.2852614223957062
2017-01-11,0.2852614223957062
2017-01-12,0.2754248380661011
2017-01-13,0.27050653100013733
2017-01-16,0.2754248380661011
2017-01-17,0.27050653100013733
2017-01-18,0.2655882239341736
2017-01-19,0.27050653100013733
2017-01-20,0.2754248380661011
2017-01-23,0.2901797294616699
2017-01-24,0.2852614223957062
2017-01-25,0.28034311532974243
2017-01-27,0.2754248380661011
2017-01-30,0.2754248380661011
2017-01-31,0.2754248380661011
2017-02-01,0.28034311532974243
2017-02-02,0.2852614223957062
2017-02-03,0.2852614223957062
2017-02-06,0.2901797294616699
2017-02-07,0.31477123498916626
2017-02-08,0.29509803652763367
2017-02-09,0.29509803652763367
2017-02-10,0.29509803652763367
2017-02-13,0.2901797294616699
2017-02-14,0.2901797294616699
2017-02-15,0.2852614223957062
2017-02-16,0.29509803652763367
2017-02-17,0.2852614223957062
2017-02-20,0.28034311532974243
2017-02-21,0.2655882239341736
2017-02-22,0.27050653100013733
2017-02-23,0.2754248380661011
2017-02-24,0.2852614223957062
2017-02-27,0.2852614223957062
2017-02-28,0.28034311532974243
2017-03-01,0.2754248380661011
2017-03-02,0.2852614223957062
2017-03-03,0.2754248380661011
2017-03-06,0.2754248380661011
2017-03-07,0.2655882239341736
2017-03-08,0.27050653100013733
2017-03-09,0.2655882239341736
2017-03-10,0.26066991686820984
2017-03-13,0.26066991686820984
2017-03-14,0.27050653100013733
2017-03-15,0.27050653100013733
2017-03-16,0.27050653100013733
2017-03-17,0.2655882239341736
2017-03-20,0.2655882239341736
2017-03-21,0.26066991686820984
2017-03-22,0.26066991686820984
2017-03-23,0.26066991686820984
2017-03-24,0.2557516098022461
2017-03-27,0.2557516098022461
2017-03-28,0.25083333253860474
2017-03-29,0.25083333253860474
2017-03-30,0.245915025472641
2017-03-31,0.24099673330783844
2017-04-03,0.245915025472641
2017-04-04,0.245915025472641
2017-04-05,0.24099673330783844
2017-04-06,0.245915025472641
2017-04-07,0.245915025472641
2017-04-10,0.2262418270111084
2017-04-11,0.2164052277803421
2017-04-12,0.2164052277803421
2017-04-13,0.2164052277803421
2017-04-18,0.1967320293188095
2017-04-19,0.1967320293188095
2017-04-20,0.2065686136484146
2017-04-21,0.1967320293188095
2017-04-24,0.20165032148361206
2017-04-26,0.2164052277803421
2017-04-27,0.22132351994514465
2017-04-28,0.22132351994514465
2017-05-01,0.2262418270111084
2017-05-02,0.22132351994514465
2017-05-03,0.1967320293188095
2017-05-04,0.20165032148361206
2017-05-05,0.1967320293188095
2017-05-08,0.2065686136484146
2017-05-09,0.2065686136484146
2017-05-10,0.20165032148361206
2017-05-11,0.19181370735168457
2017-05-12,0.20165032148361206
2017-05-15,0.21148692071437836
2017-05-16,0.2065686136484146
2017-05-17,0.21148692071437836
2017-05-18,0.20165032148361206
2017-05-19,0.20165032148361206
2017-05-22,0.2065686136484146
2017-05-23,0.20165032148361206
2017-05-24,0.20165032148361206
2017-05-25,0.19181370735168457
2017-05-26,0.1967320293188095
2017-05-29,0.20165032148361206
2017-05-30,0.1967320293188095
2017-05-31,0.18689541518688202
2017-06-01,0.19181370735168457
2017-06-02,0.1967320293188095
2017-06-05,0.19181370735168457
2017-06-06,0.19181370735168457
2017-06-07,0.20165032148361206
2017-06-08,0.1967320293188095
2017-06-09,0.19181370735168457
2017-06-13,0.1967320293188095
2017-06-14,0.20165032148361206
2017-06-15,0.20165032148361206
2017-06-16,0.20165032148361206
2017-06-19,0.20165032148361206
2017-06-20,0.1967320293188095
2017-06-21,0.1967320293188095
2017-06-22,0.2065686136484146
2017-06-23,0.2065686136484146
2017-06-26,0.20165032148361206
2017-06-27,0.20165032148361206
2017-06-28,0.20165032148361206
2017-06-29,0.20165032148361206
2017-06-30,0.1967320293188095
2017-07-03,0.20165032148361206
2017-07-04,0.20165032148361206
2017-07-05,0.2164052277803421
2017-07-06,0.22132351994514465
2017-07-07,0.2164052277803421
2017-07-10,0.2164052277803421
2017-07-11,0.22132351994514465
2017-07-12,0.22132351994514465
2017-07-13,0.2164052277803421
2017-07-14,0.2164052277803421
2017-07-17,0.22132351994514465
2017-07-18,0.22132351994514465
2017-07-19,0.2164052277803421
2017-07-20,0.22132351994514465
2017-07-21,0.22132351994514465
2017-07-24,0.2164052277803421
2017-07-25,0.22132351994514465
2017-07-26,0.22132351994514465
2017-07-27,0.22132351994514465
2017-07-28,0.2262418270111084
2017-07-31,0.2262418270111084
2017-08-01,0.22132351994514465
2017-08-02,0.2164052277803421
2017-08-03,0.21148692071437836
2017-08-04,0.2164052277803421
2017-08-07,0.22132351994514465
2017-08-08,0.22132351994514465
2017-08-09,0.22132351994514465
2017-08-10,0.2262418270111084
2017-08-11,0.23116011917591095
2017-08-14,0.22132351994514465
2017-08-15,0.2164052277803421
2017-08-16,0.2164052277803421
2017-08-17,0.2164052277803421
2017-08-18,0.29509803652763367
2017-08-21,0.2754248380661011
2017-08-22,0.28034311532974243
2017-08-23,0.27050653100013733
2017-08-24,0.28034311532974243
2017-08-25,0.27050653100013733
2017-08-28,0.26066991686820984
2017-08-29,0.2655882239341736
2017-08-30,0.2655882239341736
2017-08-31,0.26066991686820984
2017-09-01,0.27050653100013733
2017-09-04,0.2754248380661011
2017-09-05,0.26066991686820984
2017-09-06,0.27050653100013733
2017-09-07,0.27050653100013733
2017-09-08,0.2655882239341736
2017-09-11,0.2754248380661011
2017-09-12,0.27050653100013733
2017-09-13,0.27050653100013733
2017-09-14,0.2655882239341736
2017-09-15,0.2754248380661011
2017-09-18,0.27050653100013733
2017-09-19,0.28034311532974243
2017-09-20,0.28034311532974243
2017-09-21,0.28034311532974243
2017-09-22,0.27050653100013733
2017-09-25,0.2754248380661011
2017-09-26,0.2754248380661011
2017-09-27,0.27050653100013733
2017-09-28,0.2655882239341736
2017-09-29,0.2754248380661011
2017-10-02,0.2754248380661011
2017-10-03,0.28034311532974243
2017-10-04,0.27050653100013733
2017-10-05,0.27050653100013733
2017-10-06,0.2655882239341736
2017-10-09,0.2754248380661011
2017-10-10,0.2852614223957062
2017-10-11,0.2852614223957062
2017-10-12,0.3000163435935974
2017-10-13,0.32460784912109375
2017-10-16,0.33444443345069885
2017-10-17,0.35411766171455383
2017-10-18,0.3787091374397278
2017-10-19,0.44756534695625305
2017-10-20,0.4721568524837494
2017-10-23,0.41805556416511536
2017-10-24,0.43772873282432556
2017-10-25,0.4229738414287567
2017-10-26,0.4229738414287567
2017-10-27,0.43772873282432556
2017-10-30,0.41805556416511536
2017-10-31,0.3983823359012604
2017-11-01,0.4229738414287567
2017-11-02,0.4328104555606842
2017-11-03,0.4623202383518219
2017-11-06,0.48691174387931824
2017-11-07,0.47707515954971313
2017-11-08,0.45740196108818054
2017-11-09,0.46723854541778564
2017-11-10,0.4623202383518219
2017-11-13,0.45740196108818054
2017-11-14,0.45740196108818054
2017-11-15,0.44756534695625305
2017-11-16,0.4328104555606842
2017-11-17,0.4328104555606842
2017-11-20,0.4623202383518219
2017-11-21,0.4623202383518219
2017-11-22,0.4426470398902893
2017-11-23,0.4328104555606842
2017-11-24,0.4229738414287567
2017-11-27,0.4131372272968292
2017-11-28,0.41805556416511536
2017-11-29,0.41805556416511536
2017-11-30,0.41805556416511536
2017-12-01,0.4229738414287567
2017-12-04,0.41805556416511536
2017-12-05,0.4229738414287567
2017-12-06,0.4082189202308655
2017-12-07,0.4033006429672241
2017-12-08,0.393464058637619
2017-12-11,0.3983823359012604
2017-12-12,0.41805556416511536
2017-12-13,0.4131372272968292
2017-12-14,0.41805556416511536
2017-12-15,0.4082189202308655
2017-12-18,0.4033006429672241
2017-12-19,0.4082189202308655
2017-12-20,0.4131372272968292
2017-12-21,0.4082189202308655
2017-12-22,0.4082189202308655
2017-12-27,0.4082189202308655
2017-12-28,0.3983823359012604
2017-12-29,0.393464058637619
2018-01-02,0.4131372272968292
2018-01-03,0.42789214849472046
2018-01-04,0.42789214849472046
2018-01-05,0.4131372272968292
2018-01-08,0.4033006429672241
2018-01-09,0.3885457515716553
2018-01-10,0.3688725233078003
2018-01-11,0.35411766171455383
2018-01-12,0.35411766171455383
2018-01-15,0.3491993248462677
2018-01-16,0.35411766171455383
2018-01-17,0.3491993248462677
2018-01-18,0.34428101778030396
2018-01-19,0.3295261561870575
2018-01-22,0.29509803652763367
2018-01-23,0.3196895122528076
2018-01-24,0.3295261561870575
2018-01-25,0.3393627405166626
2018-01-29,0.3196895122528076
2018-01-30,0.30493462085723877
2018-01-31,0.3196895122528076
2018-02-01,0.36395424604415894
2018-02-02,0.36395424604415894
2018-02-05,0.34428101778030396
2018-02-06,0.35411766171455383
2018-02-07,0.3787091374397278
2018-02-08,0.3983823359012604
2018-02-09,0.4131372272968292
2018-02-12,0.3983823359012604
2018-02-13,0.4082189202308655
2018-02-14,0.3983823359012604
2018-02-15,0.4229738414287567
2018-02-16,0.42789214849472046
2018-02-19,0.42789214849472046
2018-02-20,0.4131372272968292
2018-02-21,0.4131372272968292
2018-02-22,0.4033006429672241
2018-02-23,0.393464058637619
2018-02-26,0.393464058637619
2018-02-27,0.393464058637619
2018-02-28,0.3688725233078003
2018-03-01,0.35411766171455383
2018-03-02,0.34428101778030396
2018-03-05,0.3590359389781952
2018-03-06,0.35411766171455383
2018-03-07,0.35411766171455383
2018-03-08,0.35411766171455383
2018-03-09,0.3590359389781952
2018-03-12,0.3491993248462677
2018-03-13,0.3590359389781952
2018-03-14,0.34428101778030396
2018-03-15,0.34428101778030396
2018-03-16,0.33444443345069885
2018-03-19,0.3196895122528076
2018-03-20,0.30493462085723877
2018-03-21,0.32460784912109375
2018-03-22,0.3295261561870575
2018-03-23,0.3295261561870575
2018-03-26,0.34428101778030396
2018-03-27,0.3295261561870575
2018-03-28,0.33444443345069885
2018-03-29,0.32460784912109375
2018-04-03,0.32460784912109375
2018-04-04,0.31477123498916626
2018-04-05,0.3196895122528076
2018-04-06,0.3098529279232025
2018-04-09,0.3000163435935974
2018-04-10,0.3098529279232025
2018-04-11,0.31477123498916626
2018-04-12,0.3098529279232025
2018-04-13,0.3098529279232025
2018-04-16,0.3000163435935974
2018-04-17,0.30493462085723877
2018-04-18,0.3098529279232025
2018-04-19,0.3000163435935974
2018-04-20,0.2852614223957062
2018-04-23,0.28034311532974243
2018-04-24,0.28034311532974243
2018-04-26,0.28034311532974243
2018-04-27,0.27050653100013733
2018-04-30,0.28034311532974243
2018-05-01,0.2852614223957062
2018-05-02,0.28034311532974243
2018-05-03,0.28034311532974243
2018-05-04,0.2901797294616699
2018-05-07,0.30493462085723877
2018-05-08,0.3000163435935974
2018-05-09,0.3000163435935974
2018-05-10,0.29509803652763367
2018-05-11,0.29509803652763367
2018-05-14,0.3098529279232025
2018-05-15,0.29509803652763367
2018-05-16,0.30493462085723877
2018-05-17,0.29509803652763367
2018-05-18,0.2901797294616699
2018-05-21,0.2901797294616699
2018-05-22,0.2901797294616699
2018-05-23,0.2901797294616699
2018-05-24,0.2901797294616699
2018-05-25,0.2901797294616699
2018-05-28,0.2901797294616699
2018-05-29,0.29509803652763367
2018-05-30,0.2852614223957062
2018-05-31,0.2852614223957062
2018-06-01,0.2754248380661011
2018-06-04,0.28034311532974243
2018-06-05,0.28034311532974243
2018-06-06,0.29509803652763367
2018-06-07,0.29509803652763367
2018-06-08,0.2901797294616699
2018-06-12,0.29509803652763367
2018-06-13,0.2901797294616699
2018-06-14,0.2754248380661011
2018-06-15,0.2852614223957062
2018-06-18,0.2754248380661011
2018-06-19,0.2754248380661011
2018-06-20,0.2754248380661011
2018-06-21,0.28034311532974243
2018-06-22,0.2754248380661011
2018-06-25,0.2754248380661011
2018-06-26,0.2754248380661011
2018-06-27,0.27050653100013733
2018-06-28,0.2754248380661011
2018-06-29,0.2754248380661011
2018-07-02,0.28034311532974243
2018-07-03,0.2754248380661011
2018-07-04,0.2754248380661011
2018-07-05,0.2754248380661011
2018-07-06,0.27050653100013733
2018-07-09,0.2754248380661011
2018-07-10,0.27050653100013733
2018-07-11,0.27050653100013733
2018-07-12,0.2655882239341736
2018-07-13,0.2655882239341736
2018-07-16,0.26066991686820984
2018-07-17,0.245915025472641
2018-07-18,0.25083333253860474
2018-07-19,0.25083333253860474
2018-07-20,0.2557516098022461
2018-07-23,0.2557516098022461
2018-07-24,0.2557516098022461
2018-07-25,0.25083333253860474
2018-07-26,0.2557516098022461
2018-07-27,0.26066991686820984
2018-07-30,0.25083333253860474
2018-07-31,0.24099673330783844
2018-08-01,0.24099673330783844
2018-08-02,0.24099673330783844
2018-08-03,0.2360784262418747
2018-08-06,0.23116011917591095
2018-08-07,0.22132351994514465
2018-08-08,0.2262418270111084
2018-08-09,0.22132351994514465
2018-08-10,0.22132351994514465
2018-08-13,0.22132351994514465
2018-08-14,0.22132351994514465
2018-08-15,0.21148692071437836
2018-08-16,0.20165032148361206
2018-08-17,0.1967320293188095
2018-08-20,0.2065686136484146
2018-08-21,0.2065686136484146
2018-08-22,0.2065686136484146
2018-08-23,0.20165032148361206
2018-08-24,0.2065686136484146
2018-08-27,0.20165032148361206
2018-08-28,0.20165032148361206
2018-08-29,0.2065686136484146
2018-08-30,0.20165032148361206
2018-08-31,0.21148692071437836
2018-09-03,0.2262418270111084
2018-09-04,0.2262418270111084
2018-09-05,0.2164052277803421
2018-09-06,0.20165032148361206
2018-09-07,0.2065686136484146
2018-09-10,0.21148692071437836
2018-09-11,0.2065686136484146
2018-09-12,0.2065686136484146
2018-09-13,0.20165032148361206
2018-09-14,0.2065686136484146
2018-09-17,0.2065686136484146
2018-09-18,0.20165032148361206
2018-09-19,0.20165032148361206
2018-09-20,0.20165032148361206
2018-09-21,0.20165032148361206
2018-09-24,0.20165032148361206
2018-09-25,0.2065686136484146
2018-09-26,0.20165032148361206
2018-09-27,0.2065686136484146
2018-09-28,0.21148692071437836
2018-10-01,0.20165032148361206
2018-10-02,0.20165032148361206
2018-10-03,0.20165032148361206
2018-10-04,0.20165032148361206
2018-10-05,0.20165032148361206
2018-10-08,0.20165032148361206
2018-10-09,0.1967320293188095
2018-10-10,0.1967320293188095
2018-10-11,0.1967320293188095
2018-10-12,0.1967320293188095
2018-10-15,0.2065686136484146
2018-10-16,0.1967320293188095
2018-10-17,0.19181370735168457
2018-10-18,0.18689541518688202
2018-10-19,0.18689541518688202
2018-10-22,0.18689541518688202
2018-10-23,0.18689541518688202
2018-10-24,0.18197712302207947
2018-10-25,0.17705883085727692
2018-10-26,0.17705883085727692
2018-10-29,0.17214050889015198
2018-10-30,0.17214050889015198
2018-10-31,0.16230392456054688
2018-11-01,0.16722221672534943
2018-11-02,0.17705883085727692
2018-11-05,0.17214050889015198
2018-11-06,0.17214050889015198
2018-11-07,0.17214050889015198
2018-11-08,0.17214050889015198
2018-11-09,0.16722221672534943
2018-11-12,0.16722221672534943
2018-11-13,0.15738561749458313
2018-11-14,0.15246731042861938
2018-11-15,0.15738561749458313
2018-11-16,0.15246731042861938
2018-11-19,0.16230392456054688
2018-11-20,0.15738561749458313
2018-11-21,0.15738561749458313
2018-11-22,0.15246731042861938
2018-11-23,0.15738561749458313
2018-11-26,0.16230392456054688
2018-11-27,0.15738561749458313
2018-11-28,0.15738561749458313
2018-11-29,0.15738561749458313
2018-11-30,0.16722221672534943
2018-12-03,0.16230392456054688
2018-12-04,0.16230392456054688
2018-12-05,0.16722221672534943
2018-12-06,0.16230392456054688
2018-12-07,0.16230392456054688
2018-12-10,0.16230392456054688
2018-12-11,0.16230392456054688
2018-12-12,0.16230392456054688
2018-12-13,0.16722221672534943
2018-12-14,0.16230392456054688
2018-12-17,0.16230392456054688
2018-12-18,0.16230392456054688
2018-12-19,0.16230392456054688
2018-12-20,0.16722221672534943
2018-12-21,0.15738561749458313
2018-12-24,0.15738561749458313
2018-12-27,0.15738561749458313
2018-12-28,0.16230392456054688
2018-12-31,0.15738561749458313
2019-01-02,0.17705883085727692
2019-01-03,0.17705883085727692
2019-01-04,0.17705883085727692
2019-01-07,0.17214050889015198
2019-01-08,0.17214050889015198
2019-01-09,0.17705883085727692
2019-01-10,0.18197712302207947
2019-01-11,0.18197712302207947
2019-01-14,0.16722221672534943
2019-01-15,0.16427123546600342
2019-01-16,0.15738561749458313
2019-01-17,0.15246731042861938
2019-01-18,0.15246731042861938
2019-01-21,0.15246731042861938
2019-01-22,0.15246731042861938
2019-01-23,0.15738561749458313
2019-01-24,0.15738561749458313
2019-01-25,0.15738561749458313
2019-01-29,0.15738561749458313
2019-01-30,0.15246731042861938
2019-01-31,0.15246731042861938
2019-02-01,0.15246731042861938
2019-02-04,0.15246731042861938
2019-02-05,0.15246731042861938
2019-02-06,0.14754901826381683
2019-02-07,0.15246731042861938
2019-02-08,0.14754901826381683
2019-02-11,0.1426307111978531
2019-02-12,0.1426307111978531
2019-02-13,0.14754901826381683
2019-02-14,0.15246731042861938
2019-02-15,0.16230392456054688
2019-02-18,0.16230392456054688
2019-02-19,0.17705883085727692
2019-02-20,0.16230392456054688
2019-02-21,0.16722221672534943
2019-02-22,0.16230392456054688
2019-02-25,0.16230392456054688
2019-02-26,0.16722221672534943
2019-02-27,0.16230392456054688
2019-02-28,0.15738561749458313
2019-03-01,0.15246731042861938
2019-03-04,0.15246731042861938
2019-03-05,0.15246731042861938
2019-03-06,0.16230392456054688
2019-03-07,0.15246731042861938
2019-03-08,0.15738561749458313
2019-03-11,0.15738561749458313
2019-03-12,0.15246731042861938
2019-03-13,0.14754901826381683
2019-03-14,0.14754901826381683
2019-03-15,0.14754901826381683
2019-03-18,0.21148692071437836
2019-03-19,0.22132351994514465
2019-03-20,0.2360784262418747
2019-03-21,0.2360784262418747
2019-03-22,0.22132351994514465
2019-03-25,0.2164052277803421
2019-03-26,0.20165032148361206
2019-03-27,0.22132351994514465
2019-03-28,0.22132351994514465
2019-03-29,0.2262418270111084
2019-04-01,0.2360784262418747
2019-04-02,0.245915025472641
2019-04-03,0.24099673330783844
2019-04-04,0.26066991686820984
2019-04-05,0.25083333253860474
2019-04-08,0.2655882239341736
2019-04-09,0.2655882239341736
2019-04-10,0.26066991686820984
2019-04-11,0.2754248380661011
2019-04-12,0.2655882239341736
2019-04-15,0.2655882239341736
2019-04-16,0.2557516098022461
2019-04-17,0.26066991686820984
2019-04-18,0.26066991686820984
2019-04-23,0.2655882239341736
2019-04-24,0.26066991686820984
2019-04-26,0.26066991686820984
2019-04-29,0.26066991686820984
2019-04-30,0.26066991686820984
2019-05-01,0.26066991686820984
2019-05-02,0.26066991686820984
2019-05-03,0.2655882239341736
2019-05-06,0.26066991686820984
2019-05-07,0.26066991686820984
2019-05-08,0.27050653100013733
2019-05-09,0.2655882239341736
2019-05-10,0.26066991686820984
2019-05-13,0.26066991686820984
2019-05-14,0.2655882239341736
2019-05-15,0.26066991686820984
2019-05-16,0.2655882239341736
2019-05-17,0.26066991686820984
2019-05-20,0.2655882239341736
2019-05-21,0.26066991686820984
2019-05-22,0.2557516098022461
2019-05-23,0.2557516098022461
2019-05-24,0.2557516098022461
2019-05-27,0.2557516098022461
2019-05-28,0.2557516098022461
2019-05-29,0.2557516098022461
2019-05-30,0.2557516098022461
2019-05-31,0.25083333253860474
2019-06-03,0.24099673330783844
2019-06-04,0.24099673330783844
2019-06-05,0.2360784262418747
2019-06-06,0.2360784262418747
2019-06-07,0.2360784262418747
2019-06-11,0.24099673330783844
2019-06-12,0.24099673330783844
2019-06-13,0.24099673330783844
2019-06-14,0.245915025472641
2019-06-17,0.2360784262418747
2019-06-18,0.245915025472641
2019-06-19,0.2557516098022461
2019-06-20,0.245915025472641
2019-06-21,0.245915025472641
2019-06-24,0.25083333253860474
2019-06-25,0.245915025472641
2019-06-26,0.245915025472641
2019-06-27,0.24099673330783844
2019-06-28,0.24099673330783844
2019-07-01,0.2655882239341736
2019-07-02,0.26066991686820984
2019-07-03,0.2557516098022461
2019-07-04,0.26066991686820984
2019-07-05,0.2655882239341736
2019-07-08,0.2655882239341736
2019-07-09,0.26066991686820984
2019-07-10,0.2557516098022461
2019-07-11,0.25083333253860474
2019-07-12,0.25083333253860474
2019-07-15,0.245915025472641
2019-07-16,0.2557516098022461
2019-07-17,0.25083333253860474
2019-07-18,0.25083333253860474
2019-07-19,0.25083333253860474
2019-07-22,0.2655882239341736
2019-07-23,0.26066991686820984
2019-07-24,0.25083333253860474
2019-07-25,0.2557516098022461
2019-07-26,0.25083333253860474
2019-07-29,0.2557516098022461
2019-07-30,0.2852614223957062
2019-07-31,0.33444443345069885
2019-08-01,0.3196895122528076
2019-08-02,0.3196895122528076
2019-08-05,0.32460784912109375
2019-08-06,0.31477123498916626
2019-08-07,0.3196895122528076
2019-08-08,0.3196895122528076
2019-08-09,0.32460784912109375
2019-08-12,0.3196895122528076
2019-08-13,0.33444443345069885
2019-08-14,0.3393627405166626
2019-08-15,0.33444443345069885
2019-08-16,0.3590359389781952
2019-08-19,0.37379083037376404
2019-08-20,0.35411766171455383
2019-08-21,0.3590359389781952
2019-08-22,0.3688725233078003
2019-08-23,0.3688725233078003
2019-08-26,0.3688725233078003
2019-08-27,0.3688725233078003
2019-08-28,0.3787091374397278
2019-08-29,0.3787091374397278
2019-08-30,0.3590359389781952
2019-09-02,0.3590359389781952
2019-09-03,0.34428101778030396
2019-09-04,0.3787091374397278
2019-09-05,0.393464058637619
2019-09-06,0.4328104555606842
2019-09-09,0.4131372272968292
2019-09-10,0.38362741470336914
2019-09-11,0.3885457515716553
2019-09-12,0.38362741470336914
2019-09-13,0.38362741470336914
2019-09-16,0.4033006429672241
2019-09-17,0.4131372272968292
2019-09-18,0.41805556416511536
2019-09-19,0.4229738414287567
2019-09-20,0.4131372272968292
2019-09-23,0.4131372272968292
2019-09-24,0.4131372272968292
2019-09-25,0.4229738414287567
2019-09-26,0.4229738414287567
2019-09-27,0.4229738414287567
2019-09-30,0.4131372272968292
2019-10-01,0.3983823359012604
2019-10-02,0.4131372272968292
2019-10-03,0.4131372272968292
2019-10-04,0.4131372272968292
2019-10-07,0.4082189202308655
2019-10-08,0.4033006429672241
2019-10-09,0.4082189202308655
2019-10-10,0.4082189202308655
2019-10-11,0.41805556416511536
2019-10-14,0.41805556416511536
2019-10-15,0.4229738414287567
2019-10-16,0.41805556416511536
2019-10-17,0.4229738414287567
2019-10-18,0.4229738414287567
2019-10-21,0.4623202383518219
2019-10-22,0.4623202383518219
2019-10-23,0.45740196108818054
2019-10-24,0.45740196108818054
2019-10-25,0.4524836540222168
2019-10-28,0.4328104555606842
2019-10-29,0.4229738414287567
2019-10-30,0.41805556416511536
2019-10-31,0.4131372272968292
2019-11-01,0.4328104555606842
2019-11-04,0.42789214849472046
2019-11-05,0.4328104555606842
2019-11-06,0.4229738414287567
2019-11-07,0.41805556416511536
2019-11-08,0.4131372272968292
2019-11-11,0.41805556416511536
2019-11-12,0.41805556416511536
2019-11-13,0.4131372272968292
2019-11-14,0.4033006429672241
2019-11-15,0.3885457515716553
2019-11-18,0.393464058637619
2019-11-19,0.37379083037376404
2019-11-20,0.393464058637619
2019-11-21,0.393464058637619
2019-11-22,0.3983823359012604
2019-11-25,0.3885457515716553
2019-11-26,0.393464058637619
2019-11-27,0.3885457515716553
2019-11-28,0.3885457515716553
2019-11-29,0.3983823359012604
2019-12-02,0.3983823359012604
2019-12-03,0.3983823359012604
2019-12-04,0.4033006429672241
2019-12-05,0.4033006429672241
2019-12-06,0.4033006429672241
2019-12-09,0.4082189202308655
2019-12-10,0.4131372272968292
2019-12-11,0.41805556416511536
2019-12-12,0.41805556416511536
2019-12-13,0.4082189202308655
2019-12-16,0.4082189202308655
2019-12-17,0.4033006429672241
2019-12-18,0.4082189202308655
2019-12-19,0.4033006429672241
2019-12-20,0.4131372272968292
2019-12-23,0.4082189202308655
2019-12-24,0.4131372272968292
2019-12-27,0.4229738414287567
2019-12-30,0.4131372272968292
2019-12-31,0.4131372272968292
2020-01-02,0.4131372272968292
2020-01-03,0.4082189202308655
2020-01-06,0.4131372272968292
2020-01-07,0.4229738414287567
2020-01-08,0.4328104555606842
2020-01-09,0.4426470398902893
2020-01-10,0.4328104555606842
2020-01-13,0.43772873282432556
2020-01-14,0.43772873282432556
2020-01-15,0.46723854541778564
2020-01-16,0.46723854541778564
2020-01-17,0.4721568524837494
2020-01-20,0.4623202383518219
2020-01-21,0.46723854541778564
2020-01-22,0.47707515954971313
2020-01-23,0.46723854541778564
2020-01-24,0.46723854541778564
2020-01-28,0.5115032196044922
2020-01-29,0.565604567527771
2020-01-30,0.5360947847366333
2020-01-31,0.5557679533958435
2020-02-03,0.5410130620002747
2020-02-04,0.5410130620002747
2020-02-05,0.5508496761322021
2020-02-06,0.5410130620002747
2020-02-07,0.5311764478683472
2020-02-10,0.5262581706047058
2020-02-11,0.5508496761322021
2020-02-12,0.545931339263916
2020-02-13,0.5164215564727783
2020-02-14,0.5262581706047058
2020-02-17,0.5311764478683472
2020-02-18,0.5311764478683472
2020-02-19,0.5410130620002747
2020-02-20,0.5311764478683472
2020-02-21,0.5311764478683472
2020-02-24,0.5115032196044922
2020-02-25,0.491830050945282
2020-02-26,0.4819934666156769
2020-02-27,0.47707515954971313
2020-02-28,0.4426470398902893
2020-03-02,0.44756534695625305
2020-03-03,0.44510617852211
2020-03-04,0.4524836540222168
2020-03-05,0.4623202383518219
2020-03-06,0.44756534695625305
2020-03-09,0.4131372272968292
2020-03-10,0.4229738414287567
2020-03-11,0.4033006429672241
2020-03-12,0.3688725233078003
2020-03-13,0.3491993248462677
2020-03-16,0.3295261561870575
2020-03-17,0.36395424604415894
2020-03-18,0.37379083037376404
2020-03-19,0.34428101778030396
2020-03-20,0.34428101778030396
2020-03-23,0.33444443345069885
2020-03-24,0.34428101778030396
2020-03-25,0.32460784912109375
2020-03-26,0.34428101778030396
2020-03-27,0.36395424604415894
2020-03-30,0.35411766171455383
2020-03-31,0.3516584634780884
2020-04-01,0.34428101778030396
2020-04-02,0.3590359389781952
2020-04-03,0.37379083037376404
2020-04-06,0.37379083037376404
2020-04-07,0.393464058637619
2020-04-08,0.3983823359012604
2020-04-09,0.4131372272968292
2020-04-14,0.4328104555606842
2020-04-15,0.4524836540222168
2020-04-16,0.4328104555606842
2020-04-17,0.4328104555606842
2020-04-20,0.4426470398902893
2020-04-21,0.4328104555606842
2020-04-22,0.41805556416511536
2020-04-23,0.4229738414287567
2020-04-24,0.42789214849472046
2020-04-27,0.44756534695625305
2020-04-28,0.4082189202308655
2020-04-29,0.393464058637619
2020-04-30,0.3983823359012604
2020-05-01,0.4082189202308655
2020-05-04,0.3983823359012604
2020-05-05,0.4033006429672241
2020-05-06,0.3885457515716553
2020-05-07,0.3885457515716553
2020-05-08,0.393464058637619
2020-05-11,0.393464058637619
2020-05-12,0.393464058637619
2020-05-13,0.393464058637619
2020-05-14,0.3787091374397278
2020-05-15,0.38362741470336914
2020-05-18,0.41805556416511536
2020-05-19,0.4229738414287567
2020-05-20,0.4328104555606842
2020-05-21,0.4426470398902893
2020-05-22,0.41805556416511536
2020-05-25,0.42789214849472046
2020-05-26,0.43772873282432556
2020-05-27,0.4229738414287567
2020-05-28,0.41805556416511536
2020-05-29,0.41805556416511536
2020-06-01,0.4082189202308655
2020-06-02,0.393464058637619
2020-06-03,0.4082189202308655
2020-06-04,0.393464058637619
2020-06-05,0.3983823359012604
2020-06-09,0.4033006429672241
2020-06-10,0.4131372272968292
2020-06-11,0.393464058637619
2020-06-12,0.3885457515716553
2020-06-15,0.393464058637619
2020-06-16,0.38362741470336914
2020-06-17,0.3787091374397278
2020-06-18,0.37379083037376404
2020-06-19,0.38362741470336914
2020-06-22,0.3885457515716553
2020-06-23,0.38362741470336914
2020-06-24,0.393464058637619
2020-06-25,0.3787091374397278
2020-06-26,0.38362741470336914
2020-06-29,0.393464058637619
2020-06-30,0.393464058637619
2020-07-01,0.4082189202308655
2020-07-02,0.3983823359012604
2020-07-03,0.4033006429672241
2020-07-06,0.3983823359012604
2020-07-07,0.4033006429672241
2020-07-08,0.4131372272968292
2020-07-09,0.41805556416511536
2020-07-10,0.4033006429672241
2020-07-13,0.4082189202308655
2020-07-14,0.42789214849472046
2020-07-15,0.4426470398902893
2020-07-16,0.5262581706047058
2020-07-17,0.5410130620002747
2020-07-20,0.5262581706047058
2020-07-21,0.5360947847366333
2020-07-22,0.5754411220550537
2020-07-23,0.5705228447914124
2020-07-24,0.5557679533958435
2020-07-27,0.5557679533958435
2020-07-28,0.5311764478683472
2020-07-29,0.5360947847366333
2020-07-30,0.5410130620002747
2020-07-31,0.5557679533958435
2020-08-03,0.5213398337364197
2020-08-04,0.5311764478683472
2020-08-05,0.545931339263916
2020-08-06,0.5557679533958435
2020-08-07,0.6393790245056152
2020-08-10,0.6639705896377563
2020-08-11,0.619705855846405
2020-08-12,0.565604567527771
2020-08-13,0.5803594589233398
2020-08-14,0.5951144099235535
2020-08-17,0.6098692417144775
2020-08-18,0.6295424699783325
2020-08-19,0.6246241331100464
2020-08-20,0.5951144099235535
2020-08-21,0.5951144099235535
2020-08-24,0.585277795791626
2020-08-25,0.565604567527771
2020-08-26,0.565604567527771
2020-08-27,0.5803594589233398
2020-08-28,0.5705228447914124
2020-08-31,0.5951144099235535
2020-09-01,0.5901960730552673
2020-09-02,0.5901960730552673
2020-09-03,0.659052312374115
2020-09-04,0.7180718779563904
2020-09-07,0.8066012859344482
2020-09-08,0.7721732258796692
2020-09-09,0.7967646718025208
2020-09-10,0.8705391883850098
2020-09-11,0.8852940797805786
2020-09-14,0.9393953680992126
2020-09-15,0.9787418246269226
2020-09-16,1.0771077871322632
2020-09-17,1.0180882215499878
2020-09-18,0.9984149932861328
2020-09-21,1.003333330154419
2020-09-22,0.9197221994400024
2020-09-23,0.8951306939125061
2020-09-24,0.8262744545936584
2020-09-25,0.8951306939125061
2020-09-28,0.8705391883850098
2020-09-29,0.8607025742530823
2020-09-30,0.8410294055938721
2020-10-01,0.8459476828575134
2020-10-02,0.8066012859344482
2020-10-05,0.8557842969894409
2020-10-06,0.8361111283302307
2020-10-07,0.8262744545936584
2020-10-08,0.8115195631980896
2020-10-09,0.8361111283302307
2020-10-12,0.9197221994400024
2020-10-13,0.8803757429122925
2020-10-14,0.8508660197257996
2020-10-15,0.8213561773300171
2020-10-16,0.816437840461731
2020-10-19,0.8066012859344482
2020-10-20,0.8066012859344482
2020-10-21,0.8016830086708069
2020-10-22,0.8557842969894409
2020-10-23,0.8459476828575134
2020-10-26,0.8361111283302307
2020-10-27,0.816437840461731
2020-10-28,0.8262744545936584
2020-10-29,0.7820097804069519
2020-10-30,0.7524999380111694
2020-11-02,0.7475816607475281
2020-11-03,0.8016830086708069
2020-11-04,0.7918463945388794
2020-11-05,0.7524999380111694
2020-11-06,0.7721732258796692
2020-11-09,0.786928117275238
2020-11-10,0.7721732258796692
2020-11-11,0.7328267693519592
2020-11-12,0.7475816607475281
2020-11-13,0.786928117275238
2020-11-16,0.7672548294067383
2020-11-17,0.7426633834838867
2020-11-18,0.7377450466156006
2020-11-19,0.6836437582969666
2020-11-20,0.6688888669013977
2020-11-23,0.6885620355606079
2020-11-24,0.6688888669013977
2020-11-25,0.659052312374115
2020-11-26,0.7574182748794556
2020-11-27,0.7574182748794556
2020-11-30,0.7967646718025208
2020-12-01,0.7721732258796692
2020-12-02,0.7672548294067383
2020-12-03,0.7721732258796692
2020-12-04,0.7770915031433105
2020-12-07,0.786928117275238
2020-12-08,0.7918463945388794
2020-12-09,0.786928117275238
2020-12-10,0.7967646718025208
2020-12-11,0.8016830086708069
2020-12-14,0.8066012859344482
2020-12-15,0.7918463945388794
2020-12-16,0.786928117275238
2020-12-17,0.8410294055938721
2020-12-18,0.8410294055938721
2020-12-21,0.8213561773300171
2020-12-22,0.786928117275238
2020-12-23,0.8213561773300171
2020-12-24,0.8508660197257996
2020-12-29,0.9393953680992126
2020-12-30,0.909885585308075
2020-12-31,0.9000490307807922
2021-01-04,0.9639869332313538
2021-01-05,0.9639869332313538
2021-01-06,1.0131698846817017
2021-01-07,1.0131698846817017
2021-01-08,0.9885783791542053
2021-01-11,0.9443137049674988
2021-01-12,0.909885585308075
2021-01-13,0.9344770908355713
2021-01-14,0.9246404767036438
2021-01-15,0.9443137049674988
2021-01-18,0.9443137049674988
2021-01-19,0.9492319822311401
2021-01-20,0.983660101890564
2021-01-21,1.003333330154419
2021-01-22,1.0525163412094116
2021-01-25,1.0082515478134155
2021-01-27,0.9639869332313538
2021-01-28,0.9492319822311401
2021-01-29,0.8852940797805786
2021-02-01,0.9639869332313538
2021-02-02,0.9246404767036438
2021-02-03,0.8951306939125061
2021-02-04,0.89021235704422
2021-02-05,0.8852940797805786
2021-02-08,0.8754574656486511
2021-02-09,0.909885585308075
2021-02-10,0.909885585308075
2021-02-11,0.8951306939125061
2021-02-12,0.9197221994400024
2021-02-15,0.9393953680992126
2021-02-16,0.9590685963630676
2021-02-17,0.9197221994400024
2021-02-18,0.9934967160224915
2021-02-19,0.9934967160224915
2021-02-22,0.9492319822311401
2021-02-23,0.983660101890564
2021-02-24,0.9639869332313538
2021-02-25,0.9492319822311401
2021-02-26,0.9393953680992126
2021-03-01,0.909885585308075
2021-03-02,0.909885585308075
2021-03-03,0.9000490307807922
2021-03-04,0.8852940797805786
2021-03-05,0.8803757429122925
2021-03-08,0.8656209111213684
2021-03-09,0.8754574656486511
2021-03-10,0.8951306939125061
2021-03-11,0.8705391883850098
2021-03-12,0.8705391883850098
2021-03-15,0.8361111283302307
2021-03-16,0.8459476828575134
2021-03-17,0.8311927914619446
2021-03-18,0.8459476828575134
2021-03-19,0.8508660197257996
2021-03-22,0.8459476828575134
2021-03-23,0.8459476828575134
2021-03-24,0.8410294055938721
2021-03-25,0.8459476828575134
2021-03-26,0.8459476828575134
2021-03-29,0.8410294055938721
2021-03-30,0.8459476828575134
2021-03-31,0.8410294055938721
2021-04-01,0.9049673080444336
2021-04-06,0.8852940797805786
2021-04-07,0.8803757429122925
2021-04-08,0.8803757429122925
2021-04-09,0.8754574656486511
2021-04-12,0.8852940797805786
2021-04-13,0.8656209111213684
2021-04-14,0.8803757429122925
2021-04-15,0.909885585308075
2021-04-16,0.9246404767036438
2021-04-19,0.9197221994400024
2021-04-20,0.9049673080444336
2021-04-21,0.8852940797805786
2021-04-22,0.8656209111213684
2021-04-23,0.8508660197257996
2021-04-26,0.8754574656486511
2021-04-27,0.8508660197257996
2021-04-28,0.8607025742530823
2021-04-29,0.8508660197257996
2021-04-30,0.8311927914619446
2021-05-03,0.8213561773300171
2021-05-04,0.8115195631980896
2021-05-05,0.8066012859344482
2021-05-06,0.8262744545936584
2021-05-07,0.8262744545936584
2021-05-10,0.8361111283302307
2021-05-11,0.8311927914619446
2021-05-12,0.8262744545936584
2021-05-13,0.8115195631980896
2021-05-14,0.8361111283302307
2021-05-17,0.8803757429122925
2021-05-18,0.8951306939125061
2021-05-19,0.9246404767036438
2021-05-20,0.8951306939125061
2021-05-21,0.909885585308075
2021-05-24,0.9049673080444336
2021-05-25,0.9000490307807922
2021-05-26,0.8852940797805786
2021-05-27,0.8852940797805786
2021-05-28,0.8754574656486511
2021-05-31,0.8852940797805786
2021-06-01,0.89021235704422
2021-06-02,0.8852940797805786
2021-06-03,0.8705391883850098
2021-06-04,0.8656209111213684
2021-06-07,0.8656209111213684
2021-06-08,0.8656209111213684
2021-06-09,0.8656209111213684
2021-06-10,0.8557842969894409
2021-06-11,0.8951306939125061
2021-06-15,0.8852940797805786
2021-06-16,0.8754574656486511
2021-06-17,0.8459476828575134
2021-06-18,0.8656209111213684
2021-06-21,0.8410294055938721
2021-06-22,0.8459476828575134
2021-06-23,0.8311927914619446
2021-06-24,0.8508660197257996
2021-06-25,0.816437840461731
2021-06-28,0.8459476828575134
2021-06-29,0.8557842969894409
2021-06-30,0.8262744545936584
2021-07-01,0.8410294055938721
2021-07-02,0.8361111283302307
2021-07-05,0.8115195631980896
2021-07-06,0.7475816607475281
2021-07-07,0.8016830086708069
2021-07-08,0.816437840461731
2021-07-09,0.8115195631980896
2021-07-12,0.8066012859344482
2021-07-13,0.7967646718025208
2021-07-14,0.8262744545936584
2021-07-15,0.8361111283302307
2021-07-16,0.8361111283302307
2021-07-19,0.8361111283302307
2021-07-20,0.816437840461731
2021-07-21,0.8115195631980896
2021-07-22,0.816437840461731
2021-07-23,0.8262744545936584
2021-07-26,0.8115195631980896
2021-07-27,0.8016830086708069
2021-07-28,0.7623365521430969
2021-07-29,0.786928117275238
2021-07-30,0.786928117275238
2021-08-02,0.7820097804069519
2021-08-03,0.786928117275238
2021-08-04,0.8066012859344482
2021-08-05,0.786928117275238
2021-08-06,0.7918463945388794
2021-08-09,0.7672548294067383
2021-08-10,0.7524999380111694
2021-08-11,0.7721732258796692
2021-08-12,0.7623365521430969
2021-08-13,0.7574182748794556
2021-08-16,0.7328267693519592
2021-08-17,0.7377450466156006
2021-08-18,0.7377450466156006
2021-08-19,0.713153600692749
2021-08-20,0.7082353234291077
2021-08-23,0.7082353234291077
2021-08-24,0.6885620355606079
2021-08-25,0.6738071441650391
2021-08-26,0.693480372428894
2021-08-27,0.7229902148246765
2021-08-30,0.7574182748794556
2021-08-31,0.7623365521430969
2021-09-01,0.7623365521430969
2021-09-02,0.7082353234291077
2021-09-03,0.7328267693519592
2021-09-06,0.7229902148246765
2021-09-07,0.7279084920883179
2021-09-08,0.7229902148246765
2021-09-09,0.7082353234291077
2021-09-10,0.7180718779563904
2021-09-13,0.7328267693519592
2021-09-14,0.7475816607475281
2021-09-15,0.7770915031433105
2021-09-16,0.8410294055938721
2021-09-17,0.9344770908355713
2021-09-20,0.8656209111213684
2021-09-21,0.8361111283302307
2021-09-22,0.8066012859344482
2021-09-23,1.1607189178466797
2021-09-24,1.0771077871322632
2021-09-27,1.2000653743743896
2021-09-28,1.441062092781067
2021-09-29,1.6476305723190308
2021-09-30,1.554183006286621
2021-10-01,1.554183006286621
2021-10-04,1.573856234550476
2021-10-05,1.5787744522094727
2021-10-06,1.6230391263961792
2021-10-07,1.696813702583313
2021-10-08,1.7214051485061646
2021-10-11,1.677140474319458
2021-10-12,1.6033660173416138
2021-10-13,1.5836927890777588
2021-10-14,1.6230391263961792
2021-10-15,1.652548909187317
2021-10-18,1.6230391263961792
2021-10-19,1.6279574632644653
2021-10-20,1.7410783767700195
2021-10-21,1.637794017791748
2021-10-22,1.5640195608139038
2021-10-25,1.6033660173416138
2021-10-26,1.947646975517273
2021-10-27,1.7017320394515991
2021-10-28,1.6427123546600342
2021-10-29,1.588611125946045
2021-11-01,1.3918789625167847
2021-11-02,1.3574509620666504
2021-11-03,1.367287516593933
2021-11-04,1.3574509620666504
2021-11-05,1.3574509620666504
2021-11-08,1.3279411792755127
2021-11-09,1.401715636253357
2021-11-10,1.3279411792755127
2021-11-11,1.3476142883300781
2021-11-12,1.4115521907806396
2021-11-15,1.4164706468582153
2021-11-16,1.367287516593933
2021-11-17,1.3722058534622192
2021-11-18,1.441062092781067
2021-11-19,1.4361437559127808
2021-11-22,1.445980429649353
2021-11-23,1.4164706468582153
2021-11-24,1.3967972993850708
2021-11-25,1.386960744857788
2021-11-26,1.4656535387039185
2021-11-29,1.4312255382537842
2021-11-30,1.4853267669677734
2021-12-01,1.509918212890625
2021-12-02,1.4951633214950562
2021-12-03,1.5049998760223389
2021-12-06,1.5836927890777588
2021-12-07,1.6869771480560303
2021-12-08,1.6476305723190308
2021-12-09,1.6673039197921753
2021-12-10,1.760751485824585
2021-12-13,1.7312418222427368
2021-12-14,1.7361600399017334
2021-12-15,1.7214051485061646
2021-12-16,1.805016279220581
2021-12-17,1.9279738664627075
2021-12-20,1.8591176271438599
2021-12-21,1.844362735748291
2021-12-22,1.78042471408844
2021-12-23,1.8000980615615845
2021-12-24,1.8886274099349976
2021-12-29,1.9132189750671387
2021-12-30,1.8345260620117188
2021-12-31,1.9083006381988525
2022-01-04,1.8591176271438599
2022-01-05,1.9132189750671387
2022-01-06,1.8492809534072876
2022-01-07,1.8099346160888672
2022-01-10,1.8886274099349976
2022-01-11,1.8787907361984253
2022-01-12,2.09519624710083
2022-01-13,2.144379138946533
2022-01-14,2.1247057914733887
2022-01-17,2.1050326824188232
2022-01-18,2.183725357055664
2022-01-19,2.1542155742645264
2022-01-20,2.2525815963745117
2022-01-21,2.1935620307922363
2022-01-24,2.09519624710083
2022-01-25,1.9279738664627075
2022-01-27,1.7853431701660156
2022-01-28,1.8492809534072876
2022-01-31,1.696813702583313
2022-02-01,1.7558332681655884
2022-02-02,1.7410783767700195
2022-02-03,1.6132025718688965
2022-02-04,1.554183006286621
2022-02-07,1.652548909187317
2022-02-08,1.6033660173416138
2022-02-09,1.6722222566604614
2022-02-10,1.637794017791748
2022-02-11,1.4607353210449219
2022-02-14,1.4754900932312012
2022-02-15,1.4754900932312012
2022-02-16,1.382042407989502
2022-02-17,1.4312255382537842
2022-02-18,1.445980429649353
2022-02-21,1.367287516593933
2022-02-22,1.2689214944839478
2022-02-23,1.31810462474823
2022-02-24,1.23941171169281
2022-02-25,1.2148202657699585
2022-02-28,1.190228819847107
2022-03-01,1.1853104829788208
2022-03-02,1.1262907981872559
2022-03-03,1.1558005809783936
2022-03-04,1.4705718755722046
2022-03-07,1.3328595161437988
2022-03-08,1.573856234550476
2022-03-09,1.573856234550476
2022-03-10,1.52959144115448
2022-03-11,1.445980429649353
2022-03-14,1.441062092781067
2022-03-15,1.2787580490112305
2022-03-16,1.3230228424072266
2022-03-17,1.3771240711212158
2022-03-18,1.426307201385498
2022-03-21,1.441062092781067
2022-03-22,1.4754900932312012
2022-03-23,1.4558169841766357
2022-03-24,1.4115521907806396
2022-03-25,1.509918212890625
2022-03-28,1.4705718755722046
2022-03-29,1.4312255382537842
2022-03-30,1.49024498462677
2022-03-31,1.5345096588134766
2022-04-01,1.5935293436050415
2022-04-04,1.6722222566604614
2022-04-05,1.7066502571105957
2022-04-06,1.6722222566604614
2022-04-07,1.8099346160888672
2022-04-08,1.765669822692871
2022-04-11,1.7558332681655884
2022-04-12,1.7705881595611572
2022-04-13,1.765669822692871
2022-04-14,1.7853431701660156
2022-04-19,1.8000980615615845
2022-04-20,1.6427123546600342
2022-04-21,1.677140474319458
2022-04-22,1.6230391263961792
2022-04-26,1.4705718755722046
2022-04-27,1.4361437559127808
2022-04-28,1.3771240711212158
2022-04-29,1.4115521907806396
2022-05-02,1.3476142883300781
2022-05-03,1.3574509620666504
2022-05-04,1.3525326251983643
2022-05-05,1.4115521907806396
2022-05-06,1.3525326251983643
2022-05-09,1.2689214944839478
2022-05-10,1.3230228424072266
2022-05-11,1.3377777338027954
2022-05-12,1.3033497333526611
2022-05-13,1.362369179725647
2022-05-16,1.3525326251983643
2022-05-17,1.421388864517212
2022-05-18,1.4361437559127808
2022-05-19,1.4754900932312012
2022-05-20,1.5394281148910522
2022-05-23,1.5345096588134766
2022-05-24,1.49024498462677
2022-05-25,1.554183006286621
2022-05-26,1.5000816583633423
2022-05-27,1.554183006286621
2022-05-30,1.6132025718688965
2022-05-31,1.7214051485061646
2022-06-01,1.652548909187317
2022-06-02,1.6132025718688965
2022-06-03,1.6230391263961792
2022-06-06,1.6132025718688965
2022-06-07,1.554183006286621
2022-06-08,1.549264669418335
2022-06-09,1.4951633214950562
2022-06-10,1.4754900932312012
2022-06-14,1.3967972993850708
2022-06-15,1.382042407989502
2022-06-16,1.3771240711212158
2022-06-17,1.382042407989502
2022-06-20,1.3377777338027954
2022-06-21,1.3082679510116577
2022-06-22,1.3574509620666504
2022-06-23,1.4115521907806396
2022-06-24,1.4558169841766357
2022-06-27,1.3967972993850708
2022-06-28,1.3771240711212158
2022-06-29,1.31810462474823
2022-06-30,1.3082679510116577
2022-07-01,1.3131862878799438
2022-07-04,1.3377777338027954
2022-07-05,1.31810462474823
2022-07-06,1.3033497333526611
2022-07-07,1.2787580490112305
2022-07-08,1.3279411792755127
2022-07-11,1.2935130596160889
2022-07-12,1.2492482662200928
2022-07-13,1.2787580490112305
2022-07-14,1.3279411792755127
2022-07-15,1.3033497333526611
2022-07-18,1.3230228424072266
2022-07-19,1.3279411792755127
2022-07-20,1.3279411792755127
2022-07-21,1.3082679510116577
2022-07-22,1.3230228424072266
2022-07-25,1.426307201385498
2022-07-26,1.4164706468582153
2022-07-27,1.5049998760223389
2022-07-28,1.573856234550476
2022-07-29,1.6230391263961792
2022-08-01,1.6722222566604614
2022-08-02,1.6673039197921753
2022-08-03,1.81977117061615
2022-08-04,1.7558332681655884
2022-08-05,1.7705881595611572
2022-08-08,1.8591176271438599
2022-08-09,1.8345260620117188
2022-08-10,1.8099346160888672
2022-08-11,1.7361600399017334
2022-08-12,1.6820588111877441
2022-08-15,1.6820588111877441
2022-08-16,1.7459967136383057
2022-08-17,1.677140474319458
2022-08-18,1.652548909187317
2022-08-19,1.6427123546600342
2022-08-22,1.5345096588134766
2022-08-23,1.5246731042861938
2022-08-24,1.5246731042861938
2022-08-25,1.6230391263961792
2022-08-26,1.6033660173416138
2022-08-29,1.549264669418335
2022-08-30,1.549264669418335
2022-08-31,1.5935293436050415
2022-09-01,1.5049998760223389
2022-09-02,1.4951633214950562
2022-09-05,1.5345096588134766
2022-09-06,1.5345096588134766
2022-09-07,1.588611125946045
2022-09-08,1.6033660173416138
2022-09-09,1.6918953657150269
2022-09-12,1.6279574632644653
2022-09-13,1.6623855829238892
2022-09-14,1.5836927890777588
2022-09-15,1.573856234550476
2022-09-16,1.5148365497589111
2022-09-19,1.4754900932312012
2022-09-20,1.52959144115448
2022-09-21,1.4804084300994873
2022-09-23,1.5443464517593384
2022-09-26,1.5246731042861938
2022-09-27,1.549264669418335
2022-09-28,1.554183006286621
2022-09-29,1.588611125946045
2022-09-30,1.5443464517593384
2022-10-03,1.554183006286621
2022-10-04,1.6132025718688965
2022-10-05,1.5443464517593384
2022-10-06,1.52959144115448
2022-10-07,1.5246731042861938
2022-10-10,1.5246731042861938
2022-10-11,1.4705718755722046
2022-10-12,1.49024498462677
2022-10-13,1.4607353210449219
2022-10-14,1.4508986473083496
2022-10-17,1.401715636253357
2022-10-18,1.4361437559127808
2022-10-19,1.445980429649353
2022-10-20,1.5049998760223389
2022-10-21,1.4754900932312012
2022-10-24,1.5394281148910522
2022-10-25,1.549264669418335
2022-10-26,1.6230391263961792
2022-10-27,1.6820588111877441
2022-10-28,1.6623855829238892
2022-10-31,1.657467246055603
2022-11-01,1.632875680923462
2022-11-02,1.6722222566604614
2022-11-03,1.6033660173416138
2022-11-04,1.6230391263961792
2022-11-07,1.657467246055603
2022-11-08,1.6722222566604614
2022-11-09,1.7902613878250122
2022-11-10,1.8000980615615845
2022-11-11,1.8345260620117188
2022-11-14,1.8837090730667114
2022-11-15,1.9083006381988525
2022-11-16,1.8689541816711426
2022-11-17,1.844362735748291
2022-11-18,1.8394443988800049
2022-11-21,1.8099346160888672
2022-11-22,1.8492809534072876
2022-11-23,1.9427287578582764
2022-11-24,1.9427287578582764
2022-11-25,1.8787907361984253
2022-11-28,1.78042471408844
2022-11-29,1.81977117061615
2022-11-30,1.7459967136383057
2022-12-01,1.6918953657150269
2022-12-02,1.7558332681655884
2022-12-05,1.696813702583313
2022-12-06,1.657467246055603
2022-12-07,1.5836927890777588
2022-12-08,1.6427123546600342
2022-12-09,1.652548909187317
2022-12-12,1.6427123546600342
2022-12-13,1.6132025718688965
2022-12-14,1.6820588111877441
2022-12-15,1.6476305723190308
2022-12-16,1.7214051485061646
2022-12-19,1.7017320394515991
2022-12-20,1.6673039197921753
2022-12-21,1.716486930847168
2022-12-22,1.7115685939788818
2022-12-23,1.7509149312973022
2022-12-28,1.7410783767700195
2022-12-29,1.677140474319458
2022-12-30,1.696813702583313
2023-01-03,1.716486930847168
2023-01-04,1.78042471408844
2023-01-05,1.78042471408844
2023-01-06,1.78042471408844
2023-01-09,1.7902613878250122
2023-01-10,1.7705881595611572
2023-01-11,1.765669822692871
2023-01-12,1.7509149312973022
2023-01-13,1.78042471408844
2023-01-16,1.7902613878250122
2023-01-17,1.7312418222427368
2023-01-18,1.7312418222427368
2023-01-19,1.7263234853744507
2023-01-20,1.7263234853744507
2023-01-23,1.7509149312973022
2023-01-24,1.7705881595611572
2023-01-25,1.8148529529571533
2023-01-27,1.7755063772201538
2023-01-30,1.7361600399017334
2023-01-31,1.573856234550476
2023-02-01,1.652548909187317
2023-02-02,1.6722222566604614
2023-02-03,1.6033660173416138
2023-02-06,1.5443464517593384
2023-02-07,1.549264669418335
2023-02-08,1.5591013431549072
2023-02-09,1.5148365497589111
2023-02-10,1.5148365497589111
2023-02-13,1.4853267669677734
2023-02-14,1.4754900932312012
2023-02-15,1.4558169841766357
2023-02-16,1.49024498462677
2023-02-17,1.4656535387039185
2023-02-20,1.49024498462677
2023-02-21,1.5148365497589111
2023-02-22,1.49024498462677
2023-02-23,1.49024498462677
2023-02-24,1.4804084300994873
2023-02-27,1.49024498462677
2023-02-28,1.5443464517593384
2023-03-01,1.5443464517593384
2023-03-02,1.5246731042861938
2023-03-03,1.5000816583633423
2023-03-06,1.4853267669677734
2023-03-07,1.4754900932312012
2023-03-08,1.4508986473083496
2023-03-09,1.4754900932312012
2023-03-10,1.4361437559127808
2023-03-13,1.4361437559127808
2023-03-14,1.5640195608139038
2023-03-15,1.5246731042861938
2023-03-16,1.4853267669677734
2023-03-17,1.6820588111877441
2023-03-20,1.7263234853744507
2023-03-21,1.7902613878250122
2023-03-22,1.7312418222427368
2023-03-23,1.7705881595611572
2023-03-24,1.9771567583084106
2023-03-27,1.9771567583084106
2023-03-28,1.4754900932312012
2023-03-29,1.4804084300994873
2023-03-30,1.4656535387039185
2023-03-31,1.4754900932312012
2023-04-03,1.4558169841766357
2023-04-04,1.441062092781067
2023-04-05,1.4951633214950562
2023-04-06,1.4705718755722046
2023-04-11,1.56893789768219
2023-04-12,1.5394281148910522
2023-04-13,1.5148365497589111
2023-04-14,1.5640195608139038
2023-04-17,1.509918212890625
2023-04-18,1.5246731042861938
2023-04-19,1.4951633214950562
2023-04-20,1.4754900932312012
2023-04-21,1.4754900932312012
2023-04-24,1.4164706468582153
2023-04-26,1.3967972993850708
2023-04-27,1.4164706468582153
2023-04-28,1.386960744857788
2023-05-01,1.31810462474823
2023-05-02,1.3377777338027954
2023-05-03,1.3967972993850708
2023-05-04,1.445980429649353
2023-05-05,1.4656535387039185
2023-05-08,1.4115521907806396
2023-05-09,1.3574509620666504
2023-05-10,1.362369179725647
2023-05-11,1.3967972993850708
2023-05-12,1.3722058534622192
2023-05-15,1.3771240711212158
2023-05-16,1.3377777338027954
2023-05-17,1.254166603088379
2023-05-18,1.2640031576156616
2023-05-19,1.2787580490112305
2023-05-22,1.259084939956665
2023-05-23,1.2689214944839478
2023-05-24,1.2935130596160889
2023-05-25,1.23941171169281
2023-05-26,1.2000653743743896
2023-05-29,1.2295751571655273
2023-05-30,1.190228819847107
2023-05-31,1.219738483428955
2023-06-01,1.254166603088379
2023-06-02,1.2689214944839478
2023-06-05,1.2443300485610962
2023-06-06,1.254166603088379
2023-06-07,1.2640031576156616
2023-06-08,1.234493374824524
2023-06-09,1.219738483428955
2023-06-13,1.2738398313522339
2023-06-14,1.2443300485610962
2023-06-15,1.2492482662200928
2023-06-16,1.3574509620666504
2023-06-19,1.3476142883300781
2023-06-20,1.3918789625167847
2023-06-21,1.426307201385498
2023-06-22,1.421388864517212
2023-06-23,1.4164706468582153
2023-06-26,1.4853267669677734
2023-06-27,1.4705718755722046
2023-06-28,1.4705718755722046
2023-06-29,1.4804084300994873
2023-06-30,1.4804084300994873
2023-07-03,1.4656535387039185
2023-07-04,1.4804084300994873
2023-07-05,1.4951633214950562
2023-07-06,1.4754900932312012
2023-07-07,1.426307201385498
2023-07-10,1.4164706468582153
2023-07-11,1.4558169841766357
2023-07-12,1.4066338539123535
2023-07-13,1.426307201385498
2023-07-14,1.4164706468582153
2023-07-17,1.401715636253357
2023-07-18,1.3771240711212158
2023-07-19,1.367287516593933
2023-07-20,1.4066338539123535
2023-07-21,1.3771240711212158
2023-07-24,1.3476142883300781
2023-07-25,1.31810462474823
2023-07-26,1.2836763858795166
2023-07-27,1.2787580490112305
2023-07-28,1.2935130596160889
2023-07-31,1.2000653743743896
2023-08-01,1.2246568202972412
2023-08-02,1.23941171169281
2023-08-03,1.2246568202972412
2023-08-04,1.2148202657699585
2023-08-07,1.1853104829788208
2023-08-08,1.1951470375061035
2023-08-09,1.1951470375061035
2023-08-10,1.1853104829788208
2023-08-11,1.219738483428955
2023-08-14,1.2000653743743896
2023-08-15,1.1951470375061035
2023-08-16,1.190228819847107
2023-08-17,1.1656371355056763
2023-08-18,1.2000653743743896
2023-08-21,1.1607189178466797
2023-08-22,1.1558005809783936
2023-08-23,1.2443300485610962
2023-08-24,1.23941171169281
2023-08-25,1.254166603088379
2023-08-28,1.259084939956665
2023-08-29,1.2935130596160889
2023-08-30,1.3279411792755127
2023-08-31,1.2935130596160889
2023-09-01,1.2787580490112305
2023-09-04,1.3230228424072266
2023-09-05,1.3574509620666504
2023-09-06,1.3377777338027954
2023-09-07,1.2885947227478027
2023-09-08,1.2640031576156616
2023-09-11,1.1853104829788208
2023-09-12,1.2000653743743896
2023-09-13,1.1508822441101074
2023-09-14,1.1558005809783936
2023-09-15,1.170555591583252
2023-09-18,1.1951470375061035
2023-09-19,1.190228819847107
2023-09-20,1.1853104829788208
2023-09-21,1.1803921461105347
2023-09-22,1.1853104829788208
2023-09-25,1.1656371355056763
2023-09-26,1.1607189178466797
2023-09-27,1.175473928451538
2023-09-28,1.1459640264511108
2023-09-29,1.190228819847107
2023-10-02,1.1361273527145386
2023-10-03,1.1164542436599731
2023-10-04,1.111535906791687
2023-10-05,1.1459640264511108
2023-10-06,1.111535906791687
2023-10-09,1.1558005809783936
2023-10-10,1.1213724613189697
2023-10-11,1.1164542436599731
2023-10-12,1.131209135055542
2023-10-13,1.1066175699234009
2023-10-16,1.1558005809783936
2023-10-17,1.1803921461105347
2023-10-18,1.1853104829788208
2023-10-19,1.131209135055542
2023-10-20,1.131209135055542
2023-10-23,1.0967810153961182
2023-10-24,1.1164542436599731
2023-10-25,1.091862678527832
2023-10-26,1.0623528957366943
2023-10-27,1.0377613306045532
2023-10-30,1.091862678527832
2023-10-31,1.1361273527145386
2023-11-01,1.1066175699234009
2023-11-02,1.1213724613189697
2023-11-03,1.111535906791687
2023-11-06,1.1213724613189697
2023-11-07,1.111535906791687
2023-11-08,1.1213724613189697
2023-11-09,1.1262907981872559
2023-11-10,1.111535906791687
2023-11-13,1.1066175699234009
2023-11-14,1.131209135055542
2023-11-15,1.131209135055542
2023-11-16,1.091862678527832
2023-11-17,1.1459640264511108
2023-11-20,1.1508822441101074
2023-11-21,1.170555591583252
2023-11-22,1.2148202657699585
2023-11-23,1.2148202657699585
2023-11-24,1.2295751571655273
2023-11-27,1.2689214944839478
2023-11-28,1.3525326251983643
2023-11-29,1.401715636253357
2023-11-30,1.4164706468582153
2023-12-01,1.3967972993850708
2023-12-04,1.421388864517212
2023-12-05,1.3771240711212158
2023-12-06,1.362369179725647
2023-12-07,1.3574509620666504
2023-12-08,1.3476142883300781
2023-12-11,1.3279411792755127
2023-12-12,1.31810462474823
2023-12-13,1.2738398313522339
2023-12-14,1.31810462474823
2023-12-15,1.3082679510116577
2023-12-18,1.31810462474823
2023-12-19,1.3082679510116577
2023-12-20,1.3426960706710815
2023-12-21,1.3377777338027954
2023-12-22,1.3574509620666504
2023-12-27,1.3574509620666504
2023-12-28,1.3918789625167847
2023-12-29,1.3525326251983643
2024-01-02,1.3131862878799438
2024-01-03,1.2640031576156616
2024-01-04,1.23941171169281
2024-01-05,1.2443300485610962
2024-01-08,1.2443300485610962
2024-01-09,1.2640031576156616
2024-01-10,1.23941171169281
2024-01-11,1.23941171169281
2024-01-12,1.23941171169281
2024-01-15,1.2517075538635254
2024-01-16,1.219738483428955
2024-01-17,1.190228819847107
2024-01-18,1.2049835920333862
2024-01-19,1.2049835920333862
2024-01-22,1.1853104829788208
2024-01-23,1.175473928451538
2024-01-24,1.23941171169281
2024-01-25,1.259084939956665
2024-01-29,1.426307201385498
2024-01-30,1.4066338539123535
2024-01-31,1.4066338539123535
2024-02-01,1.3279411792755127
2024-02-02,1.2492482662200928
2024-02-05,1.1803921461105347
2024-02-06,1.1508822441101074
2024-02-07,1.175473928451538
2024-02-08,1.1656371355056763
2024-02-09,1.175473928451538
2024-02-12,1.1656371355056763
2024-02-13,1.2000653743743896
2024-02-14,1.1607189178466797
2024-02-15,1.2295751571655273
2024-02-16,1.23941171169281
2024-02-19,1.23941171169281
2024-02-20,1.2099019289016724
2024-02-21,1.1853104829788208
2024-02-22,1.1803921461105347
2024-02-23,1.1853104829788208
2024-02-26,1.190228819847107
2024-02-27,1.1803921461105347
2024-02-28,1.170555591583252
2024-02-29,1.1853104829788208
2024-03-01,1.190228819847107
2024-03-04,1.259084939956665
2024-03-05,1.3328595161437988
2024-03-06,1.3426960706710815
2024-03-07,1.367287516593933
2024-03-08,1.3722058534622192
2024-03-11,1.3476142883300781
2024-03-12,1.3033497333526611
2024-03-13,1.2836763858795166
2024-03-14,1.3377777338027954
2024-03-15,1.3033497333526611
2024-03-18,1.2148202657699585
2024-03-19,1.2148202657699585
2024-03-20,1.1853104829788208
2024-03-21,1.234493374824524
2024-03-22,1.1853104829788208
2024-03-25,1.170555591583252
2024-03-26,1.1656371355056763
2024-03-27,1.1410456895828247
2024-03-28,1.2000653743743896
2024-04-02,1.2885947227478027
2024-04-03,1.31810462474823
2024-04-04,1.445980429649353
2024-04-05,1.3426960706710815
2024-04-08,1.362369179725647
2024-04-09,1.3967972993850708
2024-04-10,1.445980429649353
2024-04-11,1.4164706468582153
2024-04-12,1.4853267669677734
2024-04-15,1.426307201385498
2024-04-16,1.445980429649353
2024-04-17,1.4853267669677734
2024-04-18,1.5394281148910522
2024-04-19,1.6033660173416138
2024-04-22,1.5443464517593384
2024-04-23,1.4951633214950562
2024-04-24,1.588611125946045
2024-04-26,1.588611125946045
2024-04-29,1.6623855829238892
2024-04-30,1.6033660173416138
2024-05-01,1.5394281148910522
2024-05-02,1.52959144115448
2024-05-03,1.5246731042861938
2024-05-06,1.52959144115448
2024-05-07,1.5640195608139038
2024-05-08,1.5640195608139038
2024-05-09,1.554183006286621
2024-05-10,1.7558332681655884
2024-05-13,1.760751485824585
2024-05-14,1.7705881595611572
2024-05-15,1.765669822692871
2024-05-16,1.824689507484436
2024-05-17,1.765669822692871
2024-05-20,1.8492809534072876
2024-05-21,1.8000980615615845
2024-05-22,1.8099346160888672
2024-05-23,1.7214051485061646
2024-05-24,1.7410783767700195
2024-05-27,1.760751485824585
2024-05-28,1.765669822692871
2024-05-29,1.78042471408844
2024-05-30,1.7263234853744507
2024-05-31,1.7902613878250122
2024-06-03,1.716486930847168
2024-06-04,1.7459967136383057
2024-06-05,1.7312418222427368
2024-06-06,1.7410783767700195
2024-06-07,1.7902613878250122
2024-06-11,1.6279574632644653
2024-06-12,1.588611125946045
2024-06-13,1.554183006286621
2024-06-14,1.5345096588134766
2024-06-17,1.5591013431549072
2024-06-18,1.6132025718688965
2024-06-19,1.6623855829238892
2024-06-20,1.637794017791748
2024-06-21,1.6427123546600342
2024-06-24,1.554183006286621
2024-06-25,1.52959144115448
2024-06-26,1.5345096588134766
2024-06-27,1.573856234550476
2024-06-28,1.5935293436050415
2024-07-01,1.554183006286621
2024-07-02,1.549264669418335
2024-07-03,1.5591013431549072
2024-07-04,1.5640195608139038
2024-07-05,1.549264669418335
2024-07-08,1.5787744522094727
2024-07-09,1.52959144115448
2024-07-10,1.554183006286621
2024-07-11,1.554183006286621
2024-07-12,1.6230391263961792
2024-07-15,1.6230391263961792
2024-07-16,1.6279574632644653
2024-07-17,1.6476305723190308
2024-07-18,1.652548909187317
2024-07-19,1.5984476804733276
2024-07-22,1.549264669418335
2024-07-23,1.5246731042861938
2024-07-24,1.5787744522094727
2024-07-25,1.509918212890625
2024-07-26,1.49024498462677
2024-07-29,1.49024498462677
2024-07-30,1.49024498462677
2024-07-31,1.4853267669677734
2024-08-01,1.426307201385498
2024-08-02,1.401715636253357
2024-08-05,1.3328595161437988
2024-08-06,1.3328595161437988
2024-08-07,1.3525326251983643
2024-08-08,1.2689214944839478
2024-08-09,1.3279411792755127
2024-08-12,1.3328595161437988
2024-08-13,1.3525326251983643
2024-08-14,1.31810462474823
2024-08-15,1.3476142883300781
2024-08-16,1.3328595161437988
2024-08-19,1.3771240711212158
2024-08-20,1.3426960706710815
2024-08-21,1.367287516593933
2024-08-22,1.3033497333526611
2024-08-23,1.2640031576156616
2024-08-26,1.3082679510116577
2024-08-27,1.3377777338027954
2024-08-28,1.3131862878799438
2024-08-29,1.2885947227478027
2024-08-30,1.3082679510116577
2024-09-02,1.2689214944839478
2024-09-03,1.298431396484375
2024-09-04,1.254166603088379
2024-09-05,1.23941171169281
2024-09-06,1.234493374824524
2024-09-09,1.2246568202972412
2024-09-10,1.2787580490112305
2024-09-11,1.259084939956665
2024-09-12,1.259084939956665
2024-09-13,1.3476142883300781
2024-09-16,1.3328595161437988
2024-09-17,1.3328595161437988
2024-09-18,1.3328595161437988
2024-09-19,1.2689214944839478
2024-09-20,1.234493374824524
2024-09-23,1.3279411792755127
2024-09-24,1.367287516593933
2024-09-25,1.367287516593933
2024-09-26,1.4361437559127808
2024-09-27,1.3574509620666504
2024-09-30,1.367287516593933
2024-10-01,1.3525326251983643
2024-10-02,1.362369179725647
2024-10-03,1.3377777338027954
2024-10-04,1.3476142883300781
2024-10-07,1.3279411792755127
2024-10-08,1.3279411792755127
2024-10-09,1.3082679510116577
2024-10-10,1.3574509620666504
2024-10-11,1.445980429649353
2024-10-14,1.4853267669677734
2024-10-15,1.4754900932312012
2024-10-16,1.49024498462677
2024-10-17,1.5049998760223389
2024-10-18,1.5197547674179077
2024-10-21,1.6279574632644653
2024-10-22,1.588611125946045
2024-10-23,1.5787744522094727
2024-10-24,1.5345096588134766
2024-10-25,1.5197547674179077
2024-10-28,1.5148365497589111
2024-10-29,1.5787744522094727
2024-10-30,1.618120789527893
2024-10-31,1.573856234550476
2024-11-01,1.56893789768219
2024-11-04,1.52959144115448
2024-11-05,1.4705718755722046
2024-11-06,1.445980429649353
2024-11-07,1.3328595161437988
2024-11-08,1.3771240711212158
2024-11-11,1.23941171169281
2024-11-12,1.2492482662200928
2024-11-13,1.254166603088379
2024-11-14,1.2246568202972412
2024-11-15,1.190228819847107
2024-11-18,1.2689214944839478
2024-11-19,1.2935130596160889
2024-11-20,1.31810462474823
2024-11-21,1.31810462474823
2024-11-22,1.4312255382537842
2024-11-25,1.367287516593933
2024-11-26,1.382042407989502
2024-11-27,1.4508986473083496
2024-11-28,1.386960744857788
2024-11-29,1.401715636253357
2024-12-02,1.367287516593933
2024-12-03,1.382042407989502
2024-12-04,1.3918789625167847
2024-12-05,1.4361437559127808
2024-12-06,1.4508986473083496
2024-12-09,1.3918789625167847
2024-12-10,1.386960744857788
2024-12-11,1.3967972993850708
2024-12-12,1.3967972993850708
2024-12-13,1.3722058534622192
2024-12-16,1.3230228424072266
2024-12-17,1.3426960706710815
2024-12-18,1.3476142883300781
2024-12-19,1.3082679510116577
2024-12-20,1.2640031576156616
2024-12-23,1.2836763858795166
2024-12-24,1.259084939956665
2024-12-27,1.2689214944839478
2024-12-30,1.2689214944839478
2024-12-31,1.2640031576156616
2025-01-02,1.2689214944839478
2025-01-03,1.298431396484375
2025-01-06,1.298431396484375
2025-01-07,1.2787580490112305
2025-01-08,1.2935130596160889
2025-01-09,1.298431396484375
2025-01-10,1.298431396484375
2025-01-13,1.298431396484375
2025-01-14,1.2935130596160889
2025-01-15,1.3328595161437988
2025-01-16,1.362369179725647
2025-01-17,1.3328595161437988
2025-01-20,1.2935130596160889
2025-01-21,1.3476142883300781
2025-01-22,1.401715636253357
2025-01-23,1.4164706468582153
2025-01-24,1.3967972993850708
2025-01-28,1.3476142883300781
2025-01-29,1.382042407989502
2025-01-30,1.234493374824524
2025-01-31,1.23941171169281
2025-02-03,1.2295751571655273
2025-02-04,1.2640031576156616
2025-02-05,1.2689214944839478
2025-02-06,1.3377777338027954
2025-02-07,1.2787580490112305
2025-02-10,1.2935130596160889
2025-02-11,1.3279411792755127
2025-02-12,1.2787580490112305
2025-02-13,1.298431396484375
2025-02-14,1.3082679510116577
2025-02-17,1.3279411792755127
2025-02-18,1.3230228424072266
2025-02-19,1.3722058534622192
2025-02-20,1.3230228424072266
2025-02-21,1.3476142883300781
2025-02-24,1.2935130596160889
2025-02-25,1.3082679510116577
2025-02-26,1.254166603088379
2025-02-27,1.31810462474823
2025-02-28,1.2787580490112305
2025-03-03,1.3230228424072266
2025-03-04,1.3279411792755127
2025-03-05,1.3082679510116577
2025-03-06,1.3476142883300781
2025-03-07,1.3476142883300781
2025-03-10,1.421388864517212
2025-03-11,1.3476142883300781
2025-03-12,1.3771240711212158
2025-03-13,1.4312255382537842
2025-03-14,1.4754900932312012
2025-03-17,1.4754900932312012
2025-03-18,1.4558169841766357
2025-03-19,1.445980429649353
2025-03-20,1.4656535387039185
2025-03-21,1.4508986473083496
2025-03-24,1.445980429649353
2025-03-25,1.426307201385498
2025-03-26,1.445980429649353
2025-03-27,1.4607353210449219
2025-03-28,1.509918212890625
2025-03-31,1.4853267669677734
2025-04-01,1.5000816583633423
2025-04-02,1.4607353210449219
2025-04-03,1.441062092781067
2025-04-04,1.421388864517212
2025-04-07,1.3230228424072266
2025-04-08,1.386960744857788
2025-04-09,1.3279411792755127
2025-04-10,1.426307201385498
2025-04-11,1.5246731042861938
2025-04-14,1.554183006286621
2025-04-15,1.5049998760223389
2025-04-16,1.5935293436050415
2025-04-17,1.6427123546600342
2025-04-22,1.7263234853744507
2025-04-23,1.573856234550476
2025-04-24,1.573856234550476
2025-04-28,1.549264669418335
2025-04-29,1.5984476804733276
2025-04-30,1.652548909187317
2025-05-01,1.637794017791748
2025-05-02,1.7509149312973022
2025-05-05,1.7705881595611572
2025-05-06,1.8541992902755737
2025-05-07,1.9427287578582764
2025-05-08,2.0263397693634033
2025-05-09,2.0460128784179688
2025-05-12,2.055849552154541
2025-05-13,1.9771567583084106
2025-05-14,1.9771567583084106
2025-05-15,1.8492809534072876
2025-05-16,1.9083006381988525
2025-05-19,1.8394443988800049
2025-05-20,1.8886274099349976
2025-05-21,1.9427287578582764
2025-05-22,1.986993432044983
2025-05-23,1.967320203781128
2025-05-26,1.986993432044983
2025-05-27,1.9574836492538452
2025-05-28,1.9771567583084106
2025-05-29,2.016503095626831
2025-05-30,2.0361764430999756
2025-06-02,2.0853593349456787
2025-06-03,2.09519624710083
2025-06-04,2.1542155742645264
2025-06-05,2.134542465209961
2025-06-06,2.144379138946533
2025-06-10,2.1050326824188232
2025-06-11,2.1148693561553955
2025-06-12,2.1935620307922363
2025-06-13,2.3706209659576416
2025-06-16,2.4001307487487793
2025-06-17,2.4001307487487793
2025-06-18,2.4001307487487793
2025-06-19,2.262418270111084
2025-06-20,2.2820913791656494
2025-06-23,2.173888921737671
2025-06-24,2.173888921737671
2025-06-25,2.2033987045288086
2025-06-26,2.223071813583374
2025-06-27,2.223071813583374
2025-06-30,2.223071813583374
2025-07-01,2.3706209659576416
2025-07-02,2.3312742710113525
2025-07-03,2.350947856903076
2025-07-04,2.380457639694214
2025-07-07,2.3214378356933594
2025-07-08,2.47882342338562
2025-07-09,2.350947856903076
2025-07-10,2.4591503143310547
2025-07-11,2.508333206176758
2025-07-14,2.557516098022461
2025-07-15,2.429640531539917
2025-07-16,2.4099671840667725
2025-07-17,2.350947856903076
2025-07-18,2.4198038578033447
2025-07-21,2.3706209659576416
2025-07-22,2.468986749649048
2025-07-23,2.468986749649048
2025-07-24,2.4493136405944824
2025-07-25,2.3607842922210693
2025-07-28,2.3706209659576416
2025-07-29,2.3312742710113525
2025-07-30,2.3607842922210693
2025-07-31,2.183725357055664
2025-08-01,2.183725357055664
2025-08-04,2.4591503143310547
2025-08-05,2.63620924949646
2025-08-06,2.685392141342163
2025-08-07,2.685392141342163
2025-08-08,2.7050652503967285
2025-08-11,2.852614402770996
2025-08-12,2.764084815979004
2025-08-13,2.773921489715576
2025-08-14,2.7837579250335693
2025-08-15,2.8624510765075684
2025-08-18,2.8624510765075684
2025-08-19,2.8624510765075684
2025-08-20,2.773921489715576
2025-08-21,2.931307077407837
2025-08-22,2.8624510765075684
2025-08-25,2.9608168601989746
2025-08-26,2.8624510765075684
2025-08-27,2.882124185562134
2025-08-28,2.7935945987701416
2025-08-29,2.813267707824707
2025-09-01,2.9903266429901123
2025-09-02,3.09852933883667
2025-09-03,3.0788562297821045
2025-09-04,2.941143751144409
2025-09-05,2.9608168601989746
2025-09-08,3.0001633167266846
2025-09-09,3.108366012573242
2025-09-10,3.0493462085723877
2025-09-11,3.0001633167266846
2025-09-12,2.9903266429901123
2025-09-15,2.8722875118255615
2025-09-16,2.882124185562134
2025-09-17,2.813267707824707
2025-09-18,2.813267707824707
2025-09-19,3.0099997520446777
2025-09-22,3.1673855781555176
2025-09-23,3.482156753540039
2025-09-24,3.4526469707489014
2025-09-25,3.3739542961120605
2025-09-26,3.6788887977600098
2025-09-29,3.895293951034546
2025-09-30,3.777254819869995
2025-10-01,3.767418146133423
2025-10-02,3.767418146133423
2025-10-03,3.7083985805511475
2025-10-06,3.7870912551879883
2025-10-07,3.9641504287719727
2025-10-08,4.072352886199951
2025-10-09,3.9543135166168213
2025-10-10,3.905130624771118
2025-10-13,3.905130624771118
2025-10-14,4.013333320617676
2025-10-15,3.9543135166168213
2025-10-16,4.0034966468811035
2025-10-17,3.983823537826538
2025-10-20,3.816601276397705
2025-10-21,3.983823537826538
2025-10-22,3.737908363342285
2025-10-23,3.8067643642425537
2025-10-24,3.698561906814575
2025-10-27,3.600196123123169
2025-10-28,3.344444513320923
2025-10-29,3.4231371879577637
2025-10-30,3.4526469707489014
2025-10-31,3.855947732925415
2025-11-03,3.9936599731445312
2025-11-04,4.249411582946777
2025-11-05,4.269084930419922
2025-11-06,4.337940692901611
2025-11-07,4.278921127319336
2025-11-10,4.436307430267334
2025-11-11,4.554346561431885
2025-11-12,4.505163192749023
2025-11-13,4.574019432067871
2025-11-14,4.564182758331299
2025-11-17,4.200228691101074
2025-11-18,4.229738712310791
2025-11-19,4.131372451782227
2025-11-20,4.151045322418213
2025-11-21,3.865784168243408
2025-11-24,3.8756208419799805
2025-11-25,4.082189559936523
2025-11-26,4.042843341827393
2025-11-27,4.141209125518799
2025-11-28,4.2199015617370605
2025-12-01,4.337940692901611
2025-12-02,4.544509410858154
2025-12-03,4.662548542022705
2025-12-04,4.593692779541016
2025-12-05,4.554346561431885
2025-12-08,4.396960258483887
2025-12-09,4.446143627166748
2025-12-10,4.770751476287842
2025-12-11,4.937973499298096
2025-12-12,5.046176433563232
2025-12-15,4.780588150024414
2025-12-16,4.692058563232422
2025-12-17,4.869117259979248
2025-12-18,4.947810649871826
2025-12-19,5.370784282684326
2025-12-22,5.429803848266602
2025-12-23,5.439640522003174
2025-12-24,5.528169631958008
2025-12-29,5.5970258712768555
2025-12-30,5.665882587432861
2025-12-31,5.53800630569458
2026-01-02,5.675718784332275
2026-01-05,5.646208763122559
2026-01-06,5.715065002441406
2026-01-07,5.774084568023682
2026-01-08,5.862614154815674
2026-01-09,5.852777481079102
2026-01-12,5.872450828552246
2026-01-13,5.823267936706543
2026-01-14,5.921633720397949
2026-01-15,6.088856220245361
2026-01-16,6.413464069366455
2026-01-19,6.708561897277832
2026-01-20,6.728235244750977
2026-01-21,6.767581462860107
2026-01-22,6.747908592224121
2026-01-23,6.718398571014404
2026-01-27,6.787254810333252
2026-01-28,6.787254810333252
2026-01-29,6.590522289276123
2026-01-30,6.413464069366455
2026-02-02,5.69539213180542
2026-02-03,5.626535415649414
2026-02-04,5.5970258712768555
2026-02-05,5.233071804046631
2026-02-06,4.751078128814697
2026-02-09,5.252745151519775
2026-02-10,5.449476718902588
2026-02-11,5.508496284484863
2026-02-12,5.478986740112305
2026-02-13,5.311764717102051
2026-02-16,5.528169631958008
2026-02-17,5.705228805541992
2026-02-18,5.754411697387695
2026-02-19,5.734738349914551
2026-02-20,5.724902153015137
2026-02-23,6.226568222045898
2026-02-24,6.2659149169921875
2026-02-25,6.452810287475586
2026-02-26,6.69872522354126
2026-02-27,6.9348039627075195
2026-03-02,7.210228443145752
2026-03-03,7.062679290771484
2026-03-04,6.865947723388672
2026-03-05,6.885620594024658
2026-03-06,6.590522289276123
2026-03-09,6.1773858070373535
2026-03-10,6.383954048156738
2026-03-11,6.570849418640137
2026-03-12,6.423300743103027
2026-03-13,6.0199995040893555
2026-03-16,5.829999923706055
2026-03-17,6.380000114440918
2026-03-18,6.409999847412109
2026-03-19,5.679999828338623
2026-03-20,5.139999866485596
2026-03-23,4.300000190734863
2026-03-24,4.360000133514404
2026-03-25,4.619999885559082
2026-03-26,4.309999942779541
2026-03-27,4.099999904632568
2026-03-30,4.269999980926514
2026-03-31,4.400000095367432
2026-04-01,4.579999923706055
2026-04-02,4.369999885559082
2026-04-07,4.5
2026-04-08,5.199999809265137
2026-04-09,5.03000020980835
2026-04-10,5.21999979019165
2026-04-13,5.130000114440918
2026-04-14,5.380000114440918
2026-04-15,5.75
2026-04-16,5.849999904632568
2026-04-17,5.590000152587891
2026-04-20,5.739999771118164
2026-04-21,5.739999771118164
2026-04-22,6.079999923706055
2026-04-23,6.210000038146973
2026-04-24,6.079999923706055
2026-04-27,6.28000020980835
2026-04-28,6.340000152587891
2026-04-29,6.420000076293945
2026-04-30,6.150000095367432
2026-05-01,6.329999923706055
2026-05-04,6.110000133514404
2026-05-05,6.090000152587891
2026-05-06,6.480000019073486
2026-05-07,6.900000095367432
2026-05-08,6.940000057220459
2026-05-11,6.820000171661377
2026-05-12,6.619999885559082
2026-05-13,6.869999885559082
2026-05-14,6.820000171661377
2026-05-15,6.110000133514404
2026-05-18,5.869999885559082
2026-05-19,5.929999828338623
2026-05-20,5.849999904632568
2026-05-21,6.0
2026-05-22,5.96999979019165
2026-05-25,6.239999771118164
2026-05-26,6.460000038146973
2026-05-27,6.550000190734863
2026-05-28,5.860000133514404
2026-05-29,6.079999923706055
2026-06-01,6.320000171661377
2026-06-02,5.989999771118164
2026-06-03,5.449999809265137
2026-06-04,5.300000190734863
2026-06-05,5.010000228881836
2026-06-09,4.900000095367432
2026-06-10,4.75
2026-06-11,4.829999923706055
2026-06-12,5.119999885559082
2026-06-15,5.53000020980835
2026-06-16,5.699999809265137
2026-06-17,5.929999828338623
2026-06-18,5.590000152587891
2026-06-19,5.599999904632568
2026-06-22,5.860000133514404
2026-06-23,5.800000190734863
2026-06-24,5.53000020980835
2026-06-25,5.159999847412109
2026-06-26,5.389999866485596
2026-06-29,5.21999979019165
2026-06-30,4.949999809265137
2026-07-01,4.730000019073486
2026-07-02,4.909999847412109
2026-07-03,5.239999771118164
2026-07-06,5.119999885559082
2026-07-07,5.070000171661377
2026-07-08,4.909999847412109
2026-07-09,4.78000020980835
2026-07-10,4.989999771118164
2026-07-13,4.349999904632568
2026-07-14,3.6500000953674316
2026-07-15,4.230000019073486
2026-07-16,4.099999904632568
2026-07-17,3.9200000762939453
2026-07-20,3.940000057220459
2026-07-21,3.9700000286102295
2026-07-22,4.269999980926514
2026-07-23,4.380000114440918
2026-07-24,4.079999923706055
2026-07-27,4.25
2026-07-28,4.110000133514404
2026-07-29,3.9200000762939453
2026-07-30,3.75
2026-07-31,4.039999961853027
2026-08-03,4.090000152587891
2026-08-04,4.090000152587891
2026-08-05,4.230000019073486
2026-08-06,4.320000171661377
2026-08-07,4.480000019073486
2026-08-10,4.679999828338623
2026-08-11,4.710000038146973
2026-08-12,4.739999771118164
2026-08-13,4.809999942779541
2026-08-14,4.78000020980835
2026-08-17,5.0
2026-08-18,4.840000152587891
2026-08-19,4.860000133514404
2026-08-20,5.25
2026-08-21,5.329999923706055
2026-08-24,5.349999904632568
2026-08-25,5.309999942779541
2026-08-26,5.409999847412109
2026-08-27,5.300000190734863
2026-08-28,5.309999942779541
