Date,close
1994-06-30,0.3008083403110504
1994-07-01,0.3008083403110504
1994-07-04,0.3008083403110504
1994-07-05,0.3008083403110504
1994-07-06,0.3008083403110504
1994-07-07,0.3008083403110504
1994-07-08,0.3008083403110504
1994-07-11,0.3008083403110504
1994-07-12,0.3008083403110504
1994-07-13,0.3008083403110504
1994-07-14,0.3008083403110504
1994-07-15,0.3008083403110504
1994-07-18,0.3008083403110504
1994-07-19,0.3008083403110504
1994-07-20,0.3008083403110504
1994-07-21,0.3008083403110504
1994-07-22,0.3008083403110504
1994-07-25,0.3008083403110504
1994-07-26,0.3008083403110504
1994-07-27,0.3008083403110504
1994-07-28,0.3008083403110504
1994-07-29,0.3008083403110504
1994-08-01,0.3008083403110504
1994-08-02,0.3008083403110504
1994-08-03,0.3008083403110504
1994-08-04,0.3008083403110504
1994-08-05,0.3008083403110504
1994-08-08,0.3008083403110504
1994-08-09,0.3008083403110504
1994-08-10,0.3008083403110504
1994-08-11,0.3008083403110504
1994-08-12,0.3008083403110504
1994-08-15,0.3008083403110504
1994-08-16,0.3008083403110504
1994-08-17,0.3008083403110504
1994-08-18,0.3008083403110504
1994-08-19,0.31211692094802856
1994-08-22,0.31211692094802856
1994-08-23,0.31211692094802856
1994-08-24,0.31211692094802856
1994-08-25,0.31211692094802856
1994-08-26,0.31211692094802856
1994-08-29,0.31211692094802856
1994-08-30,0.31211692094802856
1994-08-31,0.3369959890842438
1994-09-01,0.3369959890842438
1994-09-02,0.3369959890842438
1994-09-05,0.3369959890842438
1994-09-06,0.3369959890842438
1994-09-07,0.3369959890842438
1994-09-08,0.3369959890842438
1994-09-09,0.3369959890842438
1994-09-12,0.3369959890842438
1994-09-13,0.3369959890842438
1994-09-14,0.3369959890842438
1994-09-15,0.3369959890842438
1994-09-16,0.3369959890842438
1994-09-19,0.3369959890842438
1994-09-20,0.3369959890842438
1994-09-21,0.3369959890842438
1994-09-22,0.3369959890842438
1994-09-23,0.3369959890842438
1994-09-26,0.3369959890842438
1994-09-27,0.3369959890842438
1994-09-28,0.3369959890842438
1994-09-29,0.3369959890842438
1994-09-30,0.33925771713256836
1994-10-03,0.33925771713256836
1994-10-04,0.33925771713256836
1994-10-05,0.33925771713256836
1994-10-06,0.33925771713256836
1994-10-07,0.33925771713256836
1994-10-10,0.33925771713256836
1994-10-11,0.33925771713256836
1994-10-12,0.33925771713256836
1994-10-13,0.33925771713256836
1994-10-14,0.33925771713256836
1994-10-17,0.33925771713256836
1994-10-18,0.33925771713256836
1994-10-19,0.33925771713256836
1994-10-20,0.33925771713256836
1994-10-21,0.33925771713256836
1994-10-24,0.33925771713256836
1994-10-25,0.33925771713256836
1994-10-26,0.33925771713256836
1994-10-27,0.33925771713256836
1994-10-28,0.33925771713256836
1994-10-31,0.3008083701133728
1994-11-01,0.3008083701133728
1994-11-02,0.3008083701133728
1994-11-03,0.3008083701133728
1994-11-04,0.3008083701133728
1994-11-07,0.3008083701133728
1994-11-08,0.3008083701133728
1994-11-09,0.3008083701133728
1994-11-10,0.3008083701133728
1994-11-11,0.3008083701133728
1994-11-14,0.3008083701133728
1994-11-15,0.3008083701133728
1994-11-16,0.3008083701133728
1994-11-17,0.3008083701133728
1994-11-18,0.3008083701133728
1994-11-21,0.3008083701133728
1994-11-22,0.3008083701133728
1994-11-23,0.3008083701133728
1994-11-24,0.3008083701133728
1994-11-25,0.3008083701133728
1994-11-28,0.3008083701133728
1994-11-29,0.3008083701133728
1994-11-30,0.2827146649360657
1994-12-01,0.2827146649360657
1994-12-02,0.2827146649360657
1994-12-05,0.2827146649360657
1994-12-06,0.2827146649360657
1994-12-07,0.2827146649360657
1994-12-08,0.2827146649360657
1994-12-09,0.2827146649360657
1994-12-12,0.2827146649360657
1994-12-13,0.2827146649360657
1994-12-14,0.2827146649360657
1994-12-15,0.2827146649360657
1994-12-16,0.2827146649360657
1994-12-19,0.2827146649360657
1994-12-20,0.2827146649360657
1994-12-21,0.2827146649360657
1994-12-22,0.2827146649360657
1994-12-23,0.2827146649360657
1994-12-26,0.2827146649360657
1994-12-27,0.2827146649360657
1994-12-28,0.2827146649360657
1994-12-29,0.2827146649360657
1994-12-30,0.27592942118644714
1995-01-02,0.27592942118644714
1995-01-03,0.27592942118644714
1995-01-04,0.27592942118644714
1995-01-05,0.27592942118644714
1995-01-06,0.27592942118644714
1995-01-09,0.27592942118644714
1995-01-10,0.27592942118644714
1995-01-11,0.27592942118644714
1995-01-12,0.27592942118644714
1995-01-13,0.27592942118644714
1995-01-16,0.27592942118644714
1995-01-17,0.27592942118644714
1995-01-18,0.27592942118644714
1995-01-19,0.27592942118644714
1995-01-20,0.27592942118644714
1995-01-23,0.27592942118644714
1995-01-24,0.27592942118644714
1995-01-25,0.27592942118644714
1995-01-26,0.27592942118644714
1995-01-27,0.27592942118644714
1995-01-30,0.27592942118644714
1995-01-31,0.24652715027332306
1995-02-01,0.24652715027332306
1995-02-02,0.24652715027332306
1995-02-03,0.24652715027332306
1995-02-06,0.24652715027332306
1995-02-07,0.24652715027332306
1995-02-08,0.24652715027332306
1995-02-09,0.24652715027332306
1995-02-10,0.24652715027332306
1995-02-13,0.24652715027332306
1995-02-14,0.24652715027332306
1995-02-15,0.24652715027332306
1995-02-16,0.24652715027332306
1995-02-17,0.24652715027332306
1995-02-20,0.24652715027332306
1995-02-21,0.24652715027332306
1995-02-22,0.24652715027332306
1995-02-23,0.24652715027332306
1995-02-24,0.24652715027332306
1995-02-27,0.24652715027332306
1995-02-28,0.25783589482307434
1995-03-01,0.25783589482307434
1995-03-02,0.25783589482307434
1995-03-03,0.25783589482307434
1995-03-06,0.25783589482307434
1995-03-07,0.25783589482307434
1995-03-08,0.25783589482307434
1995-03-09,0.25783589482307434
1995-03-10,0.25783589482307434
1995-03-13,0.25783589482307434
1995-03-14,0.25783589482307434
1995-03-15,0.25783589482307434
1995-03-16,0.2696632444858551
1995-03-17,0.2696632444858551
1995-03-20,0.2696632444858551
1995-03-21,0.2696632444858551
1995-03-22,0.2696632444858551
1995-03-23,0.2696632444858551
1995-03-24,0.2696632444858551
1995-03-27,0.2696632444858551
1995-03-28,0.2696632444858551
1995-03-29,0.2696632444858551
1995-03-30,0.2696632444858551
1995-03-31,0.29568326473236084
1995-04-03,0.29568326473236084
1995-04-04,0.29568326473236084
1995-04-05,0.29568326473236084
1995-04-06,0.29568326473236084
1995-04-07,0.29568326473236084
1995-04-10,0.29568326473236084
1995-04-11,0.29568326473236084
1995-04-12,0.29568326473236084
1995-04-13,0.29568326473236084
1995-04-14,0.29568326473236084
1995-04-17,0.29568326473236084
1995-04-18,0.29568326473236084
1995-04-19,0.29568326473236084
1995-04-20,0.29568326473236084
1995-04-21,0.29568326473236084
1995-04-24,0.29568326473236084
1995-04-25,0.29568326473236084
1995-04-26,0.29568326473236084
1995-04-27,0.29568326473236084
1995-04-28,0.3122415840625763
1995-05-01,0.3122415840625763
1995-05-02,0.3122415840625763
1995-05-03,0.3122415840625763
1995-05-04,0.3122415840625763
1995-05-05,0.3122415840625763
1995-05-08,0.3122415840625763
1995-05-09,0.3122415840625763
1995-05-10,0.3122415840625763
1995-05-11,0.3122415840625763
1995-05-12,0.3122415840625763
1995-05-15,0.3122415840625763
1995-05-16,0.3122415840625763
1995-05-17,0.3122415840625763
1995-05-18,0.3122415840625763
1995-05-19,0.3122415840625763
1995-05-22,0.3122415840625763
1995-05-23,0.3122415840625763
1995-05-24,0.3122415840625763
1995-05-25,0.3122415840625763
1995-05-26,0.3122415840625763
1995-05-29,0.3122415840625763
1995-05-30,0.3122415840625763
1995-05-31,0.3027796447277069
1995-06-01,0.3027796447277069
1995-06-02,0.3027796447277069
1995-06-05,0.3027796447277069
1995-06-06,0.3027796447277069
1995-06-07,0.3027796447277069
1995-06-08,0.3027796447277069
1995-06-09,0.3027796447277069
1995-06-12,0.3027796447277069
1995-06-13,0.3027796447277069
1995-06-14,0.3027796447277069
1995-06-15,0.3027796447277069
1995-06-16,0.3027796447277069
1995-06-19,0.3027796447277069
1995-06-20,0.3027796447277069
1995-06-21,0.3027796447277069
1995-06-22,0.3027796447277069
1995-06-23,0.3027796447277069
1995-06-26,0.3027796447277069
1995-06-27,0.3027796447277069
1995-06-28,0.3027796447277069
1995-06-29,0.3027796447277069
1995-06-30,0.2885867655277252
1995-07-03,0.2885867655277252
1995-07-04,0.2885867655277252
1995-07-05,0.2885867655277252
1995-07-06,0.2885867655277252
1995-07-07,0.2885867655277252
1995-07-10,0.2885867655277252
1995-07-11,0.2885867655277252
1995-07-12,0.2885867655277252
1995-07-13,0.2885867655277252
1995-07-14,0.2885867655277252
1995-07-17,0.2885867655277252
1995-07-18,0.2885867655277252
1995-07-19,0.2885867655277252
1995-07-20,0.2885867655277252
1995-07-21,0.2885867655277252
1995-07-24,0.2885867655277252
1995-07-25,0.2885867655277252
1995-07-26,0.2885867655277252
1995-07-27,0.2885867655277252
1995-07-28,0.2885867655277252
1995-07-31,0.2743940055370331
1995-08-01,0.2743940055370331
1995-08-02,0.2743940055370331
1995-08-03,0.2743940055370331
1995-08-04,0.2743940055370331
1995-08-07,0.2743940055370331
1995-08-08,0.2743940055370331
1995-08-09,0.2743940055370331
1995-08-10,0.2743940055370331
1995-08-11,0.2743940055370331
1995-08-14,0.2743940055370331
1995-08-15,0.2743940055370331
1995-08-16,0.2743940055370331
1995-08-17,0.2743940055370331
1995-08-18,0.2743940055370331
1995-08-21,0.2743940055370331
1995-08-22,0.2743940055370331
1995-08-23,0.2743940055370331
1995-08-24,0.2743940055370331
1995-08-25,0.2743940055370331
1995-08-28,0.2743940055370331
1995-08-29,0.2743940055370331
1995-08-30,0.2743940055370331
1995-08-31,0.3193378448486328
1995-09-01,0.3193378448486328
1995-09-04,0.3193378448486328
1995-09-05,0.3193378448486328
1995-09-06,0.3193378448486328
1995-09-07,0.3193378448486328
1995-09-08,0.3193378448486328
1995-09-11,0.3193378448486328
1995-09-12,0.3193378448486328
1995-09-13,0.3193378448486328
1995-09-14,0.3193378448486328
1995-09-15,0.33162009716033936
1995-09-18,0.33162009716033936
1995-09-19,0.33162009716033936
1995-09-20,0.33162009716033936
1995-09-21,0.33162009716033936
1995-09-22,0.33162009716033936
1995-09-25,0.33162009716033936
1995-09-26,0.33162009716033936
1995-09-27,0.33162009716033936
1995-09-28,0.33162009716033936
1995-09-29,0.3389895260334015
1995-10-02,0.3389895260334015
1995-10-03,0.3389895260334015
1995-10-04,0.3389895260334015
1995-10-05,0.3389895260334015
1995-10-06,0.3389895260334015
1995-10-09,0.3389895260334015
1995-10-10,0.3389895260334015
1995-10-11,0.3389895260334015
1995-10-12,0.3389895260334015
1995-10-13,0.3389895260334015
1995-10-16,0.3389895260334015
1995-10-17,0.3389895260334015
1995-10-18,0.3389895260334015
1995-10-19,0.3389895260334015
1995-10-20,0.3389895260334015
1995-10-23,0.3389895260334015
1995-10-24,0.3389895260334015
1995-10-25,0.3389895260334015
1995-10-26,0.3389895260334015
1995-10-27,0.3389895260334015
1995-10-30,0.3389895260334015
1995-10-31,0.35372817516326904
1995-11-01,0.35372817516326904
1995-11-02,0.35372817516326904
1995-11-03,0.35372817516326904
1995-11-06,0.35372817516326904
1995-11-07,0.35372817516326904
1995-11-08,0.35372817516326904
1995-11-09,0.35372817516326904
1995-11-10,0.35372817516326904
1995-11-13,0.35372817516326904
1995-11-14,0.35372817516326904
1995-11-15,0.35372817516326904
1995-11-16,0.35372817516326904
1995-11-17,0.35372817516326904
1995-11-20,0.35372817516326904
1995-11-21,0.35372817516326904
1995-11-22,0.35372817516326904
1995-11-23,0.35372817516326904
1995-11-24,0.35372817516326904
1995-11-27,0.35372817516326904
1995-11-28,0.35372817516326904
1995-11-29,0.35372817516326904
1995-11-30,0.3684670031070709
1995-12-01,0.3684670031070709
1995-12-04,0.3684670031070709
1995-12-05,0.3684670031070709
1995-12-06,0.3684670031070709
1995-12-07,0.3684670031070709
1995-12-08,0.3684670031070709
1995-12-11,0.3684670031070709
1995-12-12,0.3684670031070709
1995-12-13,0.3684670031070709
1995-12-14,0.3684670031070709
1995-12-15,0.3684670031070709
1995-12-18,0.3684670031070709
1995-12-19,0.3684670031070709
1995-12-20,0.3684670031070709
1995-12-21,0.3684670031070709
1995-12-22,0.3684670031070709
1995-12-25,0.3684670031070709
1995-12-26,0.3684670031070709
1995-12-27,0.3684670031070709
1995-12-28,0.3684670031070709
1995-12-29,0.40040063858032227
1996-01-01,0.40040063858032227
1996-01-02,0.40040063858032227
1996-01-03,0.40040063858032227
1996-01-04,0.40040063858032227
1996-01-05,0.40040063858032227
1996-01-08,0.40040063858032227
1996-01-09,0.40040063858032227
1996-01-10,0.40040063858032227
1996-01-11,0.40040063858032227
1996-01-12,0.40040063858032227
1996-01-15,0.40040063858032227
1996-01-16,0.40040063858032227
1996-01-17,0.40040063858032227
1996-01-18,0.40040063858032227
1996-01-19,0.40040063858032227
1996-01-22,0.40040063858032227
1996-01-23,0.40040063858032227
1996-01-24,0.40040063858032227
1996-01-25,0.40040063858032227
1996-01-26,0.40040063858032227
1996-01-29,0.40040063858032227
1996-01-30,0.40040063858032227
1996-01-31,0.4102265238761902
1996-02-01,0.4102265238761902
1996-02-02,0.4102265238761902
1996-02-05,0.4102265238761902
1996-02-06,0.4102265238761902
1996-02-07,0.4102265238761902
1996-02-08,0.4102265238761902
1996-02-09,0.4102265238761902
1996-02-12,0.4102265238761902
1996-02-13,0.4102265238761902
1996-02-14,0.4102265238761902
1996-02-15,0.4102265238761902
1996-02-16,0.4102265238761902
1996-02-19,0.4102265238761902
1996-02-20,0.4102265238761902
1996-02-21,0.4102265238761902
1996-02-22,0.4102265238761902
1996-02-23,0.4102265238761902
1996-02-26,0.4102265238761902
1996-02-27,0.4102265238761902
1996-02-28,0.4102265238761902
1996-02-29,0.4077701270580292
1996-03-01,0.4077701270580292
1996-03-04,0.4077701270580292
1996-03-05,0.4077701270580292
1996-03-06,0.4077701270580292
1996-03-07,0.4077701270580292
1996-03-08,0.4077701270580292
1996-03-11,0.4077701270580292
1996-03-12,0.4077701270580292
1996-03-13,0.4077701270580292
1996-03-14,0.4077701270580292
1996-03-15,0.4077701270580292
1996-03-18,0.4077701270580292
1996-03-19,0.4077701270580292
1996-03-20,0.4077701270580292
1996-03-21,0.4077701270580292
1996-03-22,0.4077701270580292
1996-03-25,0.4077701270580292
1996-03-26,0.4077701270580292
1996-03-27,0.4077701270580292
1996-03-28,0.4077701270580292
1996-03-29,0.429877907037735
1996-04-01,0.429877907037735
1996-04-02,0.429877907037735
1996-04-03,0.429877907037735
1996-04-04,0.429877907037735
1996-04-05,0.429877907037735
1996-04-08,0.429877907037735
1996-04-09,0.429877907037735
1996-04-10,0.44252148270606995
1996-04-11,0.44252148270606995
1996-04-12,0.44252148270606995
1996-04-15,0.44252148270606995
1996-04-16,0.44252148270606995
1996-04-17,0.44252148270606995
1996-04-18,0.44252148270606995
1996-04-19,0.44252148270606995
1996-04-22,0.44252148270606995
1996-04-23,0.44252148270606995
1996-04-24,0.44252148270606995
1996-04-25,0.44252148270606995
1996-04-26,0.44252148270606995
1996-04-29,0.44252148270606995
1996-04-30,0.49562421441078186
1996-05-01,0.49562421441078186
1996-05-02,0.49562421441078186
1996-05-03,0.49562421441078186
1996-05-06,0.49562421441078186
1996-05-07,0.49562421441078186
1996-05-08,0.49562421441078186
1996-05-09,0.49562421441078186
1996-05-10,0.49562421441078186
1996-05-13,0.49562421441078186
1996-05-14,0.49562421441078186
1996-05-15,0.49562421441078186
1996-05-16,0.49562421441078186
1996-05-17,0.49562421441078186
1996-05-20,0.49562421441078186
1996-05-21,0.49562421441078186
1996-05-22,0.49562421441078186
1996-05-23,0.49562421441078186
1996-05-24,0.49562421441078186
1996-05-27,0.49562421441078186
1996-05-28,0.49562421441078186
1996-05-29,0.49562421441078186
1996-05-30,0.49562421441078186
1996-05-31,0.488038033246994
1996-06-03,0.488038033246994
1996-06-04,0.488038033246994
1996-06-05,0.488038033246994
1996-06-06,0.488038033246994
1996-06-07,0.488038033246994
1996-06-10,0.488038033246994
1996-06-11,0.488038033246994
1996-06-12,0.488038033246994
1996-06-13,0.488038033246994
1996-06-14,0.488038033246994
1996-06-17,0.488038033246994
1996-06-18,0.488038033246994
1996-06-19,0.488038033246994
1996-06-20,0.488038033246994
1996-06-21,0.488038033246994
1996-06-24,0.488038033246994
1996-06-25,0.488038033246994
1996-06-26,0.488038033246994
1996-06-27,0.488038033246994
1996-06-28,0.4602222442626953
1996-07-01,0.4602222442626953
1996-07-02,0.4602222442626953
1996-07-03,0.4602222442626953
1996-07-04,0.4602222442626953
1996-07-05,0.4602222442626953
1996-07-08,0.4602222442626953
1996-07-09,0.4602222442626953
1996-07-10,0.4602222442626953
1996-07-11,0.4602222442626953
1996-07-12,0.4602222442626953
1996-07-15,0.4602222442626953
1996-07-16,0.4602222442626953
1996-07-17,0.4602222442626953
1996-07-18,0.4602222442626953
1996-07-19,0.4602222442626953
1996-07-22,0.4602222442626953
1996-07-23,0.4602222442626953
1996-07-24,0.4602222442626953
1996-07-25,0.4602222442626953
1996-07-26,0.4602222442626953
1996-07-29,0.4602222442626953
1996-07-30,0.4602222442626953
1996-07-31,0.4248206913471222
1996-08-01,0.4248206913471222
1996-08-02,0.4248206913471222
1996-08-05,0.4248206913471222
1996-08-06,0.4248206913471222
1996-08-07,0.4248206913471222
1996-08-08,0.4248206913471222
1996-08-09,0.4248206913471222
1996-08-12,0.4248206913471222
1996-08-13,0.4248206913471222
1996-08-14,0.4248206913471222
1996-08-15,0.4248206913471222
1996-08-16,0.4248206913471222
1996-08-19,0.4248206913471222
1996-08-20,0.4248206913471222
1996-08-21,0.4248206913471222
1996-08-22,0.4248206913471222
1996-08-23,0.4248206913471222
1996-08-26,0.4248206913471222
1996-08-27,0.4248206913471222
1996-08-28,0.4248206913471222
1996-08-29,0.4248206913471222
1996-08-30,0.42734935879707336
1996-09-02,0.42734935879707336
1996-09-03,0.42734935879707336
1996-09-04,0.42734935879707336
1996-09-05,0.42734935879707336
1996-09-06,0.42734935879707336
1996-09-09,0.42734935879707336
1996-09-10,0.42734935879707336
1996-09-11,0.42734935879707336
1996-09-12,0.42734935879707336
1996-09-13,0.42734935879707336
1996-09-16,0.42734935879707336
1996-09-17,0.42734935879707336
1996-09-18,0.42734935879707336
1996-09-19,0.42734935879707336
1996-09-20,0.42734935879707336
1996-09-23,0.42734935879707336
1996-09-24,0.42734935879707336
1996-09-25,0.42734935879707336
1996-09-26,0.42734935879707336
1996-09-27,0.4403783082962036
1996-09-30,0.4586189389228821
1996-10-01,0.4586189389228821
1996-10-02,0.4586189389228821
1996-10-03,0.4586189389228821
1996-10-04,0.4586189389228821
1996-10-07,0.4586189389228821
1996-10-08,0.4586189389228821
1996-10-09,0.4586189389228821
1996-10-10,0.4586189389228821
1996-10-11,0.4586189389228821
1996-10-14,0.4586189389228821
1996-10-15,0.4586189389228821
1996-10-16,0.4586189389228821
1996-10-17,0.4586189389228821
1996-10-18,0.4586189389228821
1996-10-21,0.4586189389228821
1996-10-22,0.4586189389228821
1996-10-23,0.4586189389228821
1996-10-24,0.4586189389228821
1996-10-25,0.4586189389228821
1996-10-28,0.4586189389228821
1996-10-29,0.4586189389228821
1996-10-30,0.4586189389228821
1996-10-31,0.4351669251918793
1996-11-01,0.4351669251918793
1996-11-04,0.4351669251918793
1996-11-05,0.4351669251918793
1996-11-06,0.4351669251918793
1996-11-07,0.4351669251918793
1996-11-08,0.4351669251918793
1996-11-11,0.4351669251918793
1996-11-12,0.4351669251918793
1996-11-13,0.4351669251918793
1996-11-14,0.4351669251918793
1996-11-15,0.4351669251918793
1996-11-18,0.4351669251918793
1996-11-19,0.4351669251918793
1996-11-20,0.4351669251918793
1996-11-21,0.4351669251918793
1996-11-22,0.4351669251918793
1996-11-25,0.4351669251918793
1996-11-26,0.4351669251918793
1996-11-27,0.4351669251918793
1996-11-28,0.4351669251918793
1996-11-29,0.43777257204055786
1996-12-02,0.43777257204055786
1996-12-03,0.43777257204055786
1996-12-04,0.43777257204055786
1996-12-05,0.43777257204055786
1996-12-06,0.43777257204055786
1996-12-09,0.43777257204055786
1996-12-10,0.43777257204055786
1996-12-11,0.43777257204055786
1996-12-12,0.43777257204055786
1996-12-13,0.43777257204055786
1996-12-16,0.43777257204055786
1996-12-17,0.43777257204055786
1996-12-18,0.43777257204055786
1996-12-19,0.43777257204055786
1996-12-20,0.43777257204055786
1996-12-23,0.43777257204055786
1996-12-24,0.43777257204055786
1996-12-25,0.43777257204055786
1996-12-26,0.43777257204055786
1996-12-27,0.43777257204055786
1996-12-30,0.43777257204055786
1996-12-31,0.46122467517852783
1997-01-01,0.46122467517852783
1997-01-02,0.46122467517852783
1997-01-03,0.46122467517852783
1997-01-06,0.46122467517852783
1997-01-07,0.46122467517852783
1997-01-08,0.46122467517852783
1997-01-09,0.46122467517852783
1997-01-10,0.46122467517852783
1997-01-13,0.46122467517852783
1997-01-14,0.46122467517852783
1997-01-15,0.46122467517852783
1997-01-16,0.46122467517852783
1997-01-17,0.46122467517852783
1997-01-20,0.46122467517852783
1997-01-21,0.46122467517852783
1997-01-22,0.46122467517852783
1997-01-23,0.46122467517852783
1997-01-24,0.46122467517852783
1997-01-27,0.46122467517852783
1997-01-28,0.46122467517852783
1997-01-29,0.46122467517852783
1997-01-30,0.46122467517852783
1997-01-31,0.4638306796550751
1997-02-03,0.4638306796550751
1997-02-04,0.4638306796550751
1997-02-05,0.4638306796550751
1997-02-06,0.4638306796550751
1997-02-07,0.4638306796550751
1997-02-10,0.4638306796550751
1997-02-11,0.4638306796550751
1997-02-12,0.4638306796550751
1997-02-13,0.4638306796550751
1997-02-14,0.4638306796550751
1997-02-17,0.4638306796550751
1997-02-18,0.4638306796550751
1997-02-19,0.4638306796550751
1997-02-20,0.4638306796550751
1997-02-21,0.4638306796550751
1997-02-24,0.4638306796550751
1997-02-25,0.4638306796550751
1997-02-26,0.4638306796550751
1997-02-27,0.4638306796550751
1997-02-28,0.4091089963912964
1997-03-03,0.4091089963912964
1997-03-04,0.4091089963912964
1997-03-05,0.4091089963912964
1997-03-06,0.4091089963912964
1997-03-07,0.4091089963912964
1997-03-10,0.4091089963912964
1997-03-11,0.4091089963912964
1997-03-12,0.4091089963912964
1997-03-13,0.4091089963912964
1997-03-14,0.4091089963912964
1997-03-17,0.4091089963912964
1997-03-18,0.4091089963912964
1997-03-19,0.4091089963912964
1997-03-20,0.4091089963912964
1997-03-21,0.4091089963912964
1997-03-24,0.4091089963912964
1997-03-25,0.4091089963912964
1997-03-26,0.4091089963912964
1997-03-27,0.3752336800098419
1997-03-28,0.3752336800098419
1997-03-31,0.3752336800098419
1997-04-01,0.3752336800098419
1997-04-02,0.3752336800098419
1997-04-03,0.3752336800098419
1997-04-04,0.3752336800098419
1997-04-07,0.3752336800098419
1997-04-08,0.3752336800098419
1997-04-09,0.3752336800098419
1997-04-10,0.3752336800098419
1997-04-11,0.3752336800098419
1997-04-14,0.3887313902378082
1997-04-15,0.3887313902378082
1997-04-16,0.3887313902378082
1997-04-17,0.3887313902378082
1997-04-18,0.3887313902378082
1997-04-21,0.3887313902378082
1997-04-22,0.3887313902378082
1997-04-23,0.3887313902378082
1997-04-24,0.3887313902378082
1997-04-25,0.3887313902378082
1997-04-28,0.3887313902378082
1997-04-29,0.3887313902378082
1997-04-30,0.33474069833755493
1997-05-01,0.33474069833755493
1997-05-02,0.33474069833755493
1997-05-05,0.33474069833755493
1997-05-06,0.33474069833755493
1997-05-07,0.33474069833755493
1997-05-08,0.33474069833755493
1997-05-09,0.33474069833755493
1997-05-12,0.33474069833755493
1997-05-13,0.33474069833755493
1997-05-14,0.33474069833755493
1997-05-15,0.33474069833755493
1997-05-16,0.33474069833755493
1997-05-19,0.33474069833755493
1997-05-20,0.33474069833755493
1997-05-21,0.33474069833755493
1997-05-22,0.33474069833755493
1997-05-23,0.33474069833755493
1997-05-26,0.33474069833755493
1997-05-27,0.33474069833755493
1997-05-28,0.33474069833755493
1997-05-29,0.33474069833755493
1997-05-30,0.33474069833755493
1997-06-02,0.33474069833755493
1997-06-03,0.33474069833755493
1997-06-04,0.33474069833755493
1997-06-05,0.33474069833755493
1997-06-06,0.33474069833755493
1997-06-09,0.33474069833755493
1997-06-10,0.33474069833755493
1997-06-11,0.33474069833755493
1997-06-12,0.33474069833755493
1997-06-13,0.33474069833755493
1997-06-16,0.33474069833755493
1997-06-17,0.33474069833755493
1997-06-18,0.33474069833755493
1997-06-19,0.33474069833755493
1997-06-20,0.33474069833755493
1997-06-23,0.33474069833755493
1997-06-24,0.33474069833755493
1997-06-25,0.33474069833755493
1997-06-26,0.33474069833755493
1997-06-27,0.33474069833755493
1997-06-30,0.3131445348262787
1997-07-01,0.3131445348262787
1997-07-02,0.3131445348262787
1997-07-03,0.3131445348262787
1997-07-04,0.3131445348262787
1997-07-07,0.3131445348262787
1997-07-08,0.3131445348262787
1997-07-09,0.3131445348262787
1997-07-10,0.3131445348262787
1997-07-11,0.3131445348262787
1997-07-14,0.3131445348262787
1997-07-15,0.3131445348262787
1997-07-16,0.3131445348262787
1997-07-17,0.3131445348262787
1997-07-18,0.3131445348262787
1997-07-21,0.3131445348262787
1997-07-22,0.3131445348262787
1997-07-23,0.3131445348262787
1997-07-24,0.3131445348262787
1997-07-25,0.3131445348262787
1997-07-28,0.3131445348262787
1997-07-29,0.3131445348262787
1997-07-30,0.3131445348262787
1997-07-31,0.23485833406448364
1997-08-01,0.23485833406448364
1997-08-04,0.23485833406448364
1997-08-05,0.23485833406448364
1997-08-06,0.23485833406448364
1997-08-07,0.23485833406448364
1997-08-08,0.23485833406448364
1997-08-11,0.23485833406448364
1997-08-12,0.23485833406448364
1997-08-13,0.23485833406448364
1997-08-14,0.23485833406448364
1997-08-15,0.23485833406448364
1997-08-18,0.23485833406448364
1997-08-19,0.23485833406448364
1997-08-20,0.23485833406448364
1997-08-21,0.23485833406448364
1997-08-22,0.23485833406448364
1997-08-25,0.23485833406448364
1997-08-26,0.23485833406448364
1997-08-27,0.23485833406448364
1997-08-28,0.23485833406448364
1997-08-29,0.191665917634964
1997-09-01,0.191665917634964
1997-09-02,0.191665917634964
1997-09-03,0.191665917634964
1997-09-04,0.191665917634964
1997-09-05,0.191665917634964
1997-09-08,0.191665917634964
1997-09-09,0.191665917634964
1997-09-10,0.191665917634964
1997-09-11,0.191665917634964
1997-09-12,0.191665917634964
1997-09-15,0.191665917634964
1997-09-16,0.191665917634964
1997-09-17,0.191665917634964
1997-09-18,0.191665917634964
1997-09-19,0.191665917634964
1997-09-22,0.191665917634964
1997-09-23,0.191665917634964
1997-09-24,0.191665917634964
1997-09-25,0.191665917634964
1997-09-26,0.191665917634964
1997-09-29,0.191665917634964
1997-09-30,0.20246411859989166
1997-10-01,0.20246411859989166
1997-10-02,0.20246411859989166
1997-10-03,0.20246411859989166
1997-10-06,0.20246411859989166
1997-10-07,0.20246411859989166
1997-10-08,0.20246411859989166
1997-10-09,0.20246411859989166
1997-10-10,0.20246411859989166
1997-10-13,0.20246411859989166
1997-10-14,0.20246411859989166
1997-10-15,0.20246411859989166
1997-10-16,0.20246411859989166
1997-10-17,0.20246411859989166
1997-10-20,0.20246411859989166
1997-10-21,0.20246411859989166
1997-10-22,0.20246411859989166
1997-10-23,0.20246411859989166
1997-10-24,0.20246411859989166
1997-10-27,0.20246411859989166
1997-10-28,0.20246411859989166
1997-10-29,0.20246411859989166
1997-10-30,0.20246411859989166
1997-10-31,0.17276924848556519
1997-11-03,0.17276924848556519
1997-11-04,0.17276924848556519
1997-11-05,0.17276924848556519
1997-11-06,0.17276924848556519
1997-11-07,0.17276924848556519
1997-11-10,0.17276924848556519
1997-11-11,0.17276924848556519
1997-11-12,0.17276924848556519
1997-11-13,0.17276924848556519
1997-11-14,0.17276924848556519
1997-11-17,0.17276924848556519
1997-11-18,0.17276924848556519
1997-11-19,0.17276924848556519
1997-11-20,0.17276924848556519
1997-11-21,0.17276924848556519
1997-11-24,0.17276924848556519
1997-11-25,0.17276924848556519
1997-11-26,0.17276924848556519
1997-11-27,0.17276924848556519
1997-11-28,0.20516358315944672
1997-12-01,0.20516358315944672
1997-12-02,0.20516358315944672
1997-12-03,0.20516358315944672
1997-12-04,0.20516358315944672
1997-12-05,0.20516358315944672
1997-12-08,0.20516358315944672
1997-12-09,0.20516358315944672
1997-12-10,0.20516358315944672
1997-12-11,0.20516358315944672
1997-12-12,0.20516358315944672
1997-12-15,0.20516358315944672
1997-12-16,0.20516358315944672
1997-12-17,0.20516358315944672
1997-12-18,0.20516358315944672
1997-12-19,0.20516358315944672
1997-12-22,0.20516358315944672
1997-12-23,0.20516358315944672
1997-12-24,0.20516358315944672
1997-12-25,0.20516358315944672
1997-12-26,0.20516358315944672
1997-12-29,0.20516358315944672
1997-12-30,0.20516358315944672
1997-12-31,0.28344979882240295
1998-01-01,0.28344979882240295
1998-01-02,0.28344979882240295
1998-01-05,0.28344979882240295
1998-01-06,0.28344979882240295
1998-01-07,0.28344979882240295
1998-01-08,0.28344979882240295
1998-01-09,0.28344979882240295
1998-01-12,0.28344979882240295
1998-01-13,0.28344979882240295
1998-01-14,0.28344979882240295
1998-01-15,0.28344979882240295
1998-01-16,0.28344979882240295
1998-01-19,0.28344979882240295
1998-01-20,0.28344979882240295
1998-01-21,0.28344979882240295
1998-01-22,0.28344979882240295
1998-01-23,0.28344979882240295
1998-01-26,0.28344979882240295
1998-01-27,0.28344979882240295
1998-01-28,0.28344979882240295
1998-01-29,0.28344979882240295
1998-01-30,0.2807503044605255
1998-02-02,0.2807503044605255
1998-02-03,0.2807503044605255
1998-02-04,0.2807503044605255
1998-02-05,0.2807503044605255
1998-02-06,0.2807503044605255
1998-02-09,0.2807503044605255
1998-02-10,0.2807503044605255
1998-02-11,0.2807503044605255
1998-02-12,0.2807503044605255
1998-02-13,0.2807503044605255
1998-02-16,0.2807503044605255
1998-02-17,0.2807503044605255
1998-02-18,0.2807503044605255
1998-02-19,0.2807503044605255
1998-02-20,0.2807503044605255
1998-02-23,0.2807503044605255
1998-02-24,0.2807503044605255
1998-02-25,0.2807503044605255
1998-02-26,0.2807503044605255
1998-02-27,0.29964688420295715
1998-03-02,0.29964688420295715
1998-03-03,0.29964688420295715
1998-03-04,0.29964688420295715
1998-03-05,0.29964688420295715
1998-03-06,0.29964688420295715
1998-03-09,0.29964688420295715
1998-03-10,0.29964688420295715
1998-03-11,0.29964688420295715
1998-03-12,0.29964688420295715
1998-03-13,0.29964688420295715
1998-03-16,0.29964688420295715
1998-03-17,0.29964688420295715
1998-03-18,0.29964688420295715
1998-03-19,0.29964688420295715
1998-03-20,0.29964688420295715
1998-03-23,0.29964688420295715
1998-03-24,0.29964688420295715
1998-03-25,0.29964688420295715
1998-03-26,0.29964688420295715
1998-03-27,0.29964688420295715
1998-03-30,0.29964688420295715
1998-03-31,0.28344979882240295
1998-04-01,0.28344979882240295
1998-04-02,0.28344979882240295
1998-04-03,0.28344979882240295
1998-04-06,0.28344979882240295
1998-04-07,0.28344979882240295
1998-04-08,0.28344979882240295
1998-04-09,0.28344979882240295
1998-04-10,0.28344979882240295
1998-04-13,0.28344979882240295
1998-04-14,0.28344979882240295
1998-04-15,0.28344979882240295
1998-04-16,0.28344979882240295
1998-04-17,0.28344979882240295
1998-04-20,0.28344979882240295
1998-04-21,0.28344979882240295
1998-04-22,0.28344979882240295
1998-04-23,0.28344979882240295
1998-04-24,0.28344979882240295
1998-04-27,0.28344979882240295
1998-04-28,0.28344979882240295
1998-04-29,0.28344979882240295
1998-04-30,0.24025766551494598
1998-05-01,0.24025766551494598
1998-05-04,0.24025766551494598
1998-05-05,0.24025766551494598
1998-05-06,0.24025766551494598
1998-05-07,0.24025766551494598
1998-05-08,0.24025766551494598
1998-05-11,0.24025766551494598
1998-05-12,0.24025766551494598
1998-05-13,0.24025766551494598
1998-05-14,0.24025766551494598
1998-05-15,0.24025766551494598
1998-05-18,0.24025766551494598
1998-05-19,0.24025766551494598
1998-05-20,0.24025766551494598
1998-05-21,0.24025766551494598
1998-05-22,0.24025766551494598
1998-05-25,0.24025766551494598
1998-05-26,0.24025766551494598
1998-05-27,0.24025766551494598
1998-05-28,0.24025766551494598
1998-05-29,0.19085633754730225
1998-06-01,0.19085633754730225
1998-06-02,0.19085633754730225
1998-06-03,0.19085633754730225
1998-06-04,0.19085633754730225
1998-06-05,0.19085633754730225
1998-06-08,0.19085633754730225
1998-06-09,0.19085633754730225
1998-06-10,0.19085633754730225
1998-06-11,0.19085633754730225
1998-06-12,0.19085633754730225
1998-06-15,0.19085633754730225
1998-06-16,0.19085633754730225
1998-06-17,0.19085633754730225
1998-06-18,0.19085633754730225
1998-06-19,0.19085633754730225
1998-06-22,0.19085633754730225
1998-06-23,0.19085633754730225
1998-06-24,0.19085633754730225
1998-06-25,0.19085633754730225
1998-06-26,0.19085633754730225
1998-06-29,0.19085633754730225
1998-06-30,0.1052812784910202
1998-07-01,0.1052812784910202
1998-07-02,0.1052812784910202
1998-07-03,0.1052812784910202
1998-07-06,0.1052812784910202
1998-07-07,0.1052812784910202
1998-07-08,0.1052812784910202
1998-07-09,0.1052812784910202
1998-07-10,0.1052812784910202
1998-07-13,0.1052812784910202
1998-07-14,0.1052812784910202
1998-07-15,0.1052812784910202
1998-07-16,0.1052812784910202
1998-07-17,0.1052812784910202
1998-07-20,0.1052812784910202
1998-07-21,0.1052812784910202
1998-07-22,0.1052812784910202
1998-07-23,0.1052812784910202
1998-07-24,0.1052812784910202
1998-07-27,0.1052812784910202
1998-07-28,0.1052812784910202
1998-07-29,0.1052812784910202
1998-07-30,0.1052812784910202
1998-07-31,0.12417785823345184
1998-08-03,0.12417785823345184
1998-08-04,0.12417785823345184
1998-08-05,0.12417785823345184
1998-08-06,0.12417785823345184
1998-08-07,0.12417785823345184
1998-08-10,0.12417785823345184
1998-08-11,0.12417785823345184
1998-08-12,0.12417785823345184
1998-08-13,0.12417785823345184
1998-08-14,0.12417785823345184
1998-08-17,0.12417785823345184
1998-08-18,0.12417785823345184
1998-08-19,0.12417785823345184
1998-08-20,0.12417785823345184
1998-08-21,0.12417785823345184
1998-08-24,0.12417785823345184
1998-08-25,0.12417785823345184
1998-08-26,0.12417785823345184
1998-08-27,0.12417785823345184
1998-08-28,0.12417785823345184
1998-08-31,0.08773422986268997
1998-09-01,0.08773422986268997
1998-09-02,0.08773422986268997
1998-09-03,0.08773422986268997
1998-09-04,0.08773422986268997
1998-09-07,0.08773422986268997
1998-09-08,0.08773422986268997
1998-09-09,0.08773422986268997
1998-09-10,0.08773422986268997
1998-09-11,0.08773422986268997
1998-09-14,0.08773422986268997
1998-09-15,0.08773422986268997
1998-09-16,0.08773422986268997
1998-09-17,0.08773422986268997
1998-09-18,0.08773422986268997
1998-09-21,0.08773422986268997
1998-09-22,0.08773422986268997
1998-09-23,0.08773422986268997
1998-09-24,0.08773422986268997
1998-09-25,0.08773422986268997
1998-09-28,0.08773422986268997
1998-09-29,0.08773422986268997
1998-09-30,0.11068019270896912
1998-10-01,0.11068019270896912
1998-10-02,0.11068019270896912
1998-10-05,0.11068019270896912
1998-10-06,0.11068019270896912
1998-10-07,0.11068019270896912
1998-10-08,0.11068019270896912
1998-10-09,0.11068019270896912
1998-10-12,0.11068019270896912
1998-10-13,0.11068019270896912
1998-10-14,0.11068019270896912
1998-10-15,0.11068019270896912
1998-10-16,0.11068019270896912
1998-10-19,0.11068019270896912
1998-10-20,0.11068019270896912
1998-10-21,0.11068019270896912
1998-10-22,0.11068019270896912
1998-10-23,0.11068019270896912
1998-10-26,0.11068019270896912
1998-10-27,0.11068019270896912
1998-10-28,0.11068019270896912
1998-10-29,0.11068019270896912
1998-10-30,0.10933060199022293
1998-11-02,0.10933060199022293
1998-11-03,0.10933060199022293
1998-11-04,0.10933060199022293
1998-11-05,0.10933060199022293
1998-11-06,0.10933060199022293
1998-11-09,0.10933060199022293
1998-11-10,0.10933060199022293
1998-11-11,0.10933060199022293
1998-11-12,0.10933060199022293
1998-11-13,0.10933060199022293
1998-11-16,0.10933060199022293
1998-11-17,0.10933060199022293
1998-11-18,0.10933060199022293
1998-11-19,0.10933060199022293
1998-11-20,0.10933060199022293
1998-11-23,0.10933060199022293
1998-11-24,0.10933060199022293
1998-11-25,0.10933060199022293
1998-11-26,0.10933060199022293
1998-11-27,0.10933060199022293
1998-11-30,0.14037497341632843
1998-12-01,0.14037497341632843
1998-12-02,0.14037497341632843
1998-12-03,0.14037497341632843
1998-12-04,0.14037497341632843
1998-12-07,0.14037497341632843
1998-12-08,0.14037497341632843
1998-12-09,0.14037497341632843
1998-12-10,0.14037497341632843
1998-12-11,0.14037497341632843
1998-12-14,0.14037497341632843
1998-12-15,0.14037497341632843
1998-12-16,0.14037497341632843
1998-12-17,0.14037497341632843
1998-12-18,0.14037497341632843
1998-12-21,0.14037497341632843
1998-12-22,0.14037497341632843
1998-12-23,0.14037497341632843
1998-12-24,0.14037497341632843
1998-12-25,0.14037497341632843
1998-12-28,0.14037497341632843
1998-12-29,0.14037497341632843
1998-12-30,0.14037497341632843
1998-12-31,0.1349760740995407
1999-07-26,0.1808679848909378
1999-07-27,0.1808679848909378
1999-07-28,0.18356749415397644
1999-07-29,0.18356749415397644
1999-07-30,0.17546875774860382
1999-08-02,0.17276924848556519
1999-08-03,0.17276924848556519
1999-08-04,0.17006979882717133
1999-08-05,0.17006979882717133
1999-08-06,0.16737034916877747
1999-08-09,0.16737034916877747
1999-08-10,0.17276924848556519
1999-08-11,0.17276924848556519
1999-08-12,0.17816855013370514
1999-08-13,0.18356749415397644
1999-08-16,0.18626700341701508
1999-08-17,0.18356749415397644
1999-08-18,0.17276924848556519
1999-08-19,0.17276924848556519
1999-08-20,0.17546875774860382
1999-08-23,0.17816855013370514
1999-08-24,0.17816855013370514
1999-08-25,0.17546875774860382
1999-08-26,0.17843838036060333
1999-08-27,0.17546875774860382
1999-08-30,0.17546875774860382
1999-08-31,0.17816855013370514
1999-09-01,0.1808679848909378
1999-09-02,0.17816855013370514
1999-09-03,0.1808679848909378
1999-09-06,0.17816855013370514
1999-09-07,0.18356749415397644
1999-09-08,0.17816855013370514
1999-09-09,0.1808679848909378
1999-09-10,0.1808679848909378
1999-09-13,0.17816855013370514
1999-09-14,0.17546875774860382
1999-09-15,0.17411920428276062
1999-09-16,0.16737034916877747
1999-09-17,0.16467086970806122
1999-09-20,0.16467086970806122
1999-09-21,0.16737034916877747
1999-09-22,0.16467086970806122
1999-09-23,0.16737034916877747
1999-09-24,0.16197140514850616
1999-09-27,0.15927159786224365
1999-09-28,0.15387269854545593
1999-09-29,0.14847372472286224
1999-09-30,0.14604412019252777
1999-10-01,0.14307449758052826
1999-10-04,0.14847372472286224
1999-10-05,0.16197140514850616
1999-10-06,0.16197140514850616
1999-10-07,0.15927159786224365
1999-10-08,0.16197140514850616
1999-10-11,0.16737034916877747
1999-10-12,0.16197140514850616
1999-10-13,0.16197140514850616
1999-10-14,0.17006979882717133
1999-10-15,0.16467086970806122
1999-10-18,0.156572163105011
1999-10-19,0.16197140514850616
1999-10-20,0.16197140514850616
1999-10-21,0.16197140514850616
1999-10-22,0.16737034916877747
1999-10-25,0.16197140514850616
1999-10-26,0.16197140514850616
1999-10-27,0.16197140514850616
1999-10-28,0.16197140514850616
1999-10-29,0.16197140514850616
1999-11-01,0.16197140514850616
1999-11-02,0.16467086970806122
1999-11-03,0.16467086970806122
1999-11-04,0.16197140514850616
1999-11-05,0.16197140514850616
1999-11-08,0.16197140514850616
1999-11-09,0.16197140514850616
1999-11-10,0.16467086970806122
1999-11-11,0.17816855013370514
1999-11-12,0.1808679848909378
1999-11-15,0.17546875774860382
1999-11-16,0.17546875774860382
1999-11-17,0.17816855013370514
1999-11-18,0.17006979882717133
1999-11-19,0.17276924848556519
1999-11-22,0.18356749415397644
1999-11-23,0.18356749415397644
1999-11-24,0.18626700341701508
1999-11-25,0.17546875774860382
1999-11-26,0.17276924848556519
1999-11-29,0.18356749415397644
1999-11-30,0.1808679848909378
1999-12-01,0.17816855013370514
1999-12-02,0.17006979882717133
1999-12-03,0.16197140514850616
1999-12-06,0.16467086970806122
1999-12-07,0.17006979882717133
1999-12-08,0.16197140514850616
1999-12-09,0.16467086970806122
1999-12-10,0.15927159786224365
1999-12-13,0.156572163105011
1999-12-14,0.15387269854545593
1999-12-15,0.156572163105011
1999-12-16,0.15387269854545593
1999-12-17,0.156572163105011
1999-12-20,0.156572163105011
1999-12-21,0.16467086970806122
1999-12-22,0.16467086970806122
1999-12-23,0.156572163105011
1999-12-24,0.16197140514850616
1999-12-27,0.16197140514850616
1999-12-28,0.16197140514850616
1999-12-29,0.16197140514850616
1999-12-30,0.15927159786224365
1999-12-31,0.15927159786224365
2000-01-03,0.15927159786224365
2000-01-04,0.15927159786224365
2000-01-05,0.1511731892824173
2000-01-06,0.156572163105011
2000-01-07,0.15927159786224365
2000-01-10,0.156572163105011
2000-01-11,0.156572163105011
2000-01-12,0.1511731892824173
2000-01-13,0.15387269854545593
2000-01-14,0.1511731892824173
2000-01-17,0.14307449758052826
2000-01-18,0.145774245262146
2000-01-19,0.14847372472286224
2000-01-20,0.15387269854545593
2000-01-21,0.14847372472286224
2000-01-24,0.14307449758052826
2000-01-25,0.14307449758052826
2000-01-26,0.14307449758052826
2000-01-27,0.14307449758052826
2000-01-28,0.14307449758052826
2000-01-31,0.1511731892824173
2000-02-01,0.14307449758052826
2000-02-02,0.14307449758052826
2000-02-03,0.13767555356025696
2000-02-04,0.13767555356025696
2000-02-07,0.14307449758052826
2000-02-08,0.145774245262146
2000-02-09,0.13767555356025696
2000-02-10,0.14307449758052826
2000-02-11,0.13767555356025696
2000-02-14,0.1349760740995407
2000-02-15,0.13767555356025696
2000-02-16,0.14037497341632843
2000-02-17,0.14037497341632843
2000-02-18,0.13362614810466766
2000-02-21,0.13227657973766327
2000-02-22,0.14037497341632843
2000-02-23,0.1349760740995407
2000-02-24,0.13227657973766327
2000-02-25,0.13227657973766327
2000-02-28,0.13227657973766327
2000-02-29,0.12687736749649048
2000-03-01,0.14037497341632843
2000-03-02,0.14307449758052826
2000-03-03,0.14307449758052826
2000-03-06,0.13227657973766327
2000-03-07,0.13767555356025696
2000-03-08,0.13227657973766327
2000-03-09,0.1295771449804306
2000-03-10,0.12687736749649048
2000-03-13,0.12687736749649048
2000-03-14,0.13227657973766327
2000-03-15,0.12822721898555756
2000-03-16,0.13227657973766327
2000-03-17,0.13227657973766327
2000-03-20,0.1295771449804306
2000-03-21,0.12687736749649048
2000-03-22,0.12417785823345184
2000-03-23,0.12417785823345184
2000-03-24,0.12552772462368011
2000-03-27,0.12687736749649048
2000-03-28,0.12417785823345184
2000-03-29,0.1214783638715744
2000-03-30,0.11742903292179108
2000-03-31,0.11257010698318481
2000-04-03,0.11607949435710907
2000-04-04,0.11337999999523163
2000-04-05,0.10798073559999466
2000-04-06,0.11203011870384216
2000-04-07,0.11068019270896912
2000-04-10,0.11068019270896912
2000-04-11,0.11203011870384216
2000-04-12,0.11337999999523163
2000-04-13,0.11068019270896912
2000-04-14,0.11203011870384216
2000-04-17,0.10798073559999466
2000-04-18,0.11203011870384216
2000-04-19,0.11203011870384216
2000-04-20,0.11068019270896912
2000-04-21,0.11068019270896912
2000-04-24,0.11068019270896912
2000-04-25,0.11068019270896912
2000-04-26,0.11472956091165543
2000-04-27,0.11877892911434174
2000-04-28,0.11877892911434174
2000-05-01,0.1214783638715744
2000-05-02,0.11607949435710907
2000-05-03,0.11337999999523163
2000-05-04,0.11607949435710907
2000-05-05,0.1349760740995407
2000-05-08,0.12687736749649048
2000-05-09,0.12282827496528625
2000-05-10,0.11337999999523163
2000-05-11,0.11607949435710907
2000-05-12,0.11337999999523163
2000-05-15,0.11068019270896912
2000-05-16,0.11742903292179108
2000-05-17,0.11742903292179108
2000-05-18,0.11607949435710907
2000-05-19,0.11877892911434174
2000-05-22,0.11203011870384216
2000-05-23,0.11607949435710907
2000-05-24,0.11607949435710907
2000-05-25,0.11607949435710907
2000-05-26,0.11607949435710907
2000-05-29,0.11607949435710907
2000-05-30,0.11203011870384216
2000-05-31,0.11337999999523163
2000-06-01,0.11877892911434174
2000-06-02,0.11472956091165543
2000-06-05,0.11472956091165543
2000-06-06,0.11068019270896912
2000-06-07,0.10798073559999466
2000-06-08,0.10933060199022293
2000-06-09,0.11607949435710907
2000-06-12,0.11607949435710907
2000-06-13,0.11203011870384216
2000-06-14,0.11203011870384216
2000-06-15,0.11203011870384216
2000-06-16,0.11472956091165543
2000-06-19,0.11068019270896912
2000-06-20,0.10933060199022293
2000-06-21,0.11068019270896912
2000-06-22,0.1052812784910202
2000-06-23,0.1012318879365921
2000-06-26,0.09712812304496765
2000-06-27,0.09849625080823898
2000-06-28,0.10123225301504135
2000-06-29,0.09712812304496765
2000-06-30,0.09576001763343811
2000-07-03,0.09849625080823898
2000-07-04,0.09849625080823898
2000-07-05,0.10123225301504135
2000-07-06,0.10944003611803055
2000-07-07,0.11217603832483292
2000-07-10,0.11080816388130188
2000-07-11,0.10807224363088608
2000-07-12,0.10533598810434341
2000-07-13,0.10123225301504135
2000-07-14,0.10260000824928284
2000-07-17,0.10396819561719894
2000-07-18,0.10396819561719894
2000-07-19,0.10396819561719894
2000-07-20,0.10670414566993713
2000-07-21,0.10807224363088608
2000-07-24,0.10670414566993713
2000-07-25,0.10670414566993713
2000-07-26,0.10807224363088608
2000-07-27,0.10807224363088608
2000-07-28,0.10670414566993713
2000-07-31,0.10396819561719894
2000-08-01,0.11080816388130188
2000-08-02,0.10944003611803055
2000-08-03,0.11080816388130188
2000-08-04,0.10944003611803055
2000-08-07,0.10670414566993713
2000-08-08,0.10944003611803055
2000-08-09,0.11217603832483292
2000-08-10,0.11628012359142303
2000-08-11,0.12175232917070389
2000-08-14,0.12312014400959015
2000-08-15,0.12038423866033554
2000-08-16,0.12175232917070389
2000-08-17,0.12065771222114563
2000-08-18,0.11491228640079498
2000-08-21,0.11491228640079498
2000-08-22,0.12038423866033554
2000-08-23,0.12038423866033554
2000-08-24,0.11901602894067764
2000-08-25,0.11764828115701675
2000-08-28,0.12038423866033554
2000-08-29,0.11901602894067764
2000-08-30,0.12312014400959015
2000-08-31,0.13269618153572083
2000-09-01,0.13132834434509277
2000-09-04,0.13953620195388794
2000-09-05,0.13680028915405273
2000-09-06,0.13680028915405273
2000-09-07,0.13406428694725037
2000-09-08,0.13132834434509277
2000-09-11,0.1285920888185501
2000-09-12,0.12722422182559967
2000-09-13,0.11764828115701675
2000-09-14,0.10944003611803055
2000-09-15,0.11217603832483292
2000-09-18,0.11217603832483292
2000-09-19,0.11217603832483292
2000-09-20,0.11217603832483292
2000-09-21,0.12312014400959015
2000-09-22,0.11491228640079498
2000-09-25,0.11491228640079498
2000-09-26,0.11491228640079498
2000-09-27,0.11217603832483292
2000-09-28,0.11217603832483292
2000-09-29,0.11491228640079498
2000-10-02,0.11491228640079498
2000-10-03,0.11217603832483292
2000-10-04,0.10944003611803055
2000-10-05,0.10670414566993713
2000-10-06,0.11217603832483292
2000-10-09,0.11217603832483292
2000-10-10,0.11080816388130188
2000-10-11,0.11217603832483292
2000-10-12,0.10944003611803055
2000-10-13,0.10807224363088608
2000-10-16,0.11491228640079498
2000-10-17,0.11217603832483292
2000-10-18,0.10944003611803055
2000-10-19,0.11354416608810425
2000-10-20,0.10944003611803055
2000-10-23,0.11217603832483292
2000-10-24,0.11354416608810425
2000-10-25,0.11135523021221161
2000-10-26,0.11354416608810425
2000-10-27,0.11354416608810425
2000-10-30,0.11354416608810425
2000-10-31,0.11080816388130188
2000-11-01,0.10807224363088608
2000-11-02,0.10123225301504135
2000-11-03,0.10123225301504135
2000-11-06,0.10396819561719894
2000-11-07,0.10670414566993713
2000-11-08,0.10260000824928284
2000-11-09,0.10396819561719894
2000-11-10,0.10396819561719894
2000-11-13,0.10123225301504135
2000-11-14,0.09986405819654465
2000-11-15,0.09849625080823898
2000-11-16,0.10123225301504135
2000-11-17,0.10123225301504135
2000-11-20,0.10123225301504135
2000-11-21,0.09986405819654465
2000-11-22,0.10260000824928284
2000-11-23,0.10260000824928284
2000-11-24,0.10670414566993713
2000-11-27,0.10396819561719894
2000-11-28,0.10944003611803055
2000-11-29,0.10944003611803055
2000-11-30,0.10944003611803055
2000-12-01,0.10670414566993713
2000-12-04,0.10260000824928284
2000-12-05,0.10670414566993713
2000-12-06,0.10944003611803055
2000-12-07,0.11217603832483292
2000-12-08,0.11217603832483292
2000-12-11,0.10944003611803055
2000-12-12,0.11217603832483292
2000-12-13,0.12312014400959015
2000-12-14,0.12448829412460327
2000-12-15,0.12312014400959015
2000-12-18,0.12038423866033554
2000-12-19,0.11491228640079498
2000-12-20,0.11217603832483292
2000-12-21,0.10533598810434341
2000-12-22,0.10396819561719894
2000-12-25,0.10396819561719894
2000-12-26,0.10396819561719894
2000-12-27,0.11491228640079498
2000-12-28,0.11491228640079498
2000-12-29,0.10944003611803055
2001-01-01,0.10944003611803055
2001-01-02,0.10944003611803055
2001-01-03,0.10944003611803055
2001-01-04,0.11491228640079498
2001-01-05,0.11491228640079498
2001-01-08,0.11354416608810425
2001-01-09,0.10944003611803055
2001-01-10,0.10944003611803055
2001-01-11,0.10670414566993713
2001-01-12,0.10807224363088608
2001-01-15,0.10944003611803055
2001-01-16,0.11080816388130188
2001-01-17,0.11080816388130188
2001-01-18,0.11080816388130188
2001-01-19,0.11080816388130188
2001-01-22,0.11764828115701675
2001-01-23,0.11764828115701675
2001-01-24,0.11628012359142303
2001-01-25,0.11628012359142303
2001-01-26,0.11628012359142303
2001-01-29,0.11628012359142303
2001-01-30,0.10670414566993713
2001-01-31,0.10670414566993713
2001-02-01,0.10670414566993713
2001-02-02,0.11628012359142303
2001-02-05,0.10944003611803055
2001-02-06,0.11491228640079498
2001-02-07,0.11628012359142303
2001-02-08,0.10944003611803055
2001-02-09,0.10944003611803055
2001-02-12,0.11628012359142303
2001-02-13,0.12038423866033554
2001-02-14,0.11901602894067764
2001-02-15,0.12448829412460327
2001-02-16,0.12312014400959015
2001-02-19,0.12585607171058655
2001-02-20,0.12312014400959015
2001-02-21,0.12312014400959015
2001-02-22,0.12038423866033554
2001-02-23,0.12312014400959015
2001-02-26,0.11764828115701675
2001-02-27,0.12312014400959015
2001-02-28,0.12312014400959015
2001-03-01,0.11901602894067764
2001-03-02,0.12038423866033554
2001-03-05,0.12312014400959015
2001-03-06,0.12038423866033554
2001-03-07,0.12038423866033554
2001-03-08,0.12038423866033554
2001-03-09,0.12448829412460327
2001-03-12,0.12312014400959015
2001-03-13,0.12038423866033554
2001-03-14,0.11764828115701675
2001-03-15,0.12038423866033554
2001-03-16,0.12038423866033554
2001-03-19,0.12312014400959015
2001-03-20,0.12312014400959015
2001-03-21,0.12038423866033554
2001-03-22,0.1285920888185501
2001-03-23,0.12585607171058655
2001-03-26,0.12585607171058655
2001-03-27,0.1285920888185501
2001-03-28,0.12585607171058655
2001-03-29,0.12722422182559967
2001-03-30,0.12996020913124084
2001-04-02,0.13132834434509277
2001-04-03,0.13132834434509277
2001-04-04,0.1285920888185501
2001-04-05,0.12996020913124084
2001-04-06,0.13132834434509277
2001-04-09,0.13269618153572083
2001-04-10,0.13953620195388794
2001-04-11,0.15595223009586334
2001-04-12,0.1586882323026657
2001-04-13,0.1586882323026657
2001-04-16,0.1586882323026657
2001-04-17,0.15595223009586334
2001-04-18,0.17236825823783875
2001-04-19,0.2052004039287567
2001-04-20,0.18878434598445892
2001-04-23,0.1942562460899353
2001-04-24,0.1942562460899353
2001-04-25,0.1942562460899353
2001-04-26,0.21340858936309814
2001-04-27,0.21340858936309814
2001-04-30,0.2024645060300827
2001-05-01,0.1942562460899353
2001-05-02,0.1915203034877777
2001-05-03,0.19699250161647797
2001-05-04,0.2106723040342331
2001-05-07,0.2079363912343979
2001-05-08,0.21614448726177216
2001-05-09,0.2106723040342331
2001-05-10,0.2052004039287567
2001-05-11,0.21614448726177216
2001-05-14,0.2079363912343979
2001-05-15,0.2024645060300827
2001-05-16,0.21340858936309814
2001-05-17,0.2106723040342331
2001-05-18,0.2270883321762085
2001-05-21,0.23256053030490875
2001-05-22,0.26539257168769836
2001-05-23,0.2517125904560089
2001-05-24,0.2517125904560089
2001-05-25,0.26539257168769836
2001-05-28,0.2599206864833832
2001-05-29,0.2818087041378021
2001-05-30,0.2900165915489197
2001-05-31,0.2872806489467621
2001-06-01,0.31464070081710815
2001-06-04,0.31464070081710815
2001-06-05,0.29412055015563965
2001-06-06,0.3064326047897339
2001-06-07,0.3064326047897339
2001-06-08,0.30369657278060913
2001-06-11,0.30369657278060913
2001-06-12,0.31464070081710815
2001-06-13,0.32832080125808716
2001-06-14,0.3433687090873718
2001-06-15,0.3658040463924408
2001-06-18,0.37209683656692505
2001-06-19,0.32832080125808716
2001-06-20,0.3365286886692047
2001-06-21,0.3529447019100189
2001-06-22,0.3337927460670471
2001-06-25,0.33794793486595154
2001-06-26,0.3407179117202759
2001-06-27,0.3407179117202759
2001-06-28,0.34625837206840515
2001-06-29,0.36287862062454224
2001-07-02,0.36564862728118896
2001-07-03,0.36564862728118896
2001-07-04,0.36287862062454224
2001-07-05,0.36564862728118896
2001-07-06,0.3490282893180847
2001-07-09,0.35179826617240906
2001-07-10,0.3545682728290558
2001-07-11,0.36010828614234924
2001-07-12,0.3545682728290558
2001-07-13,0.34625837206840515
2001-07-16,0.3324078917503357
2001-07-17,0.3351778984069824
2001-07-18,0.3324078917503357
2001-07-19,0.34348800778388977
2001-07-20,0.3407179117202759
2001-07-23,0.34625837206840515
2001-07-24,0.34625837206840515
2001-07-25,0.34625837206840515
2001-07-26,0.3351778984069824
2001-07-27,0.3185574412345886
2001-07-30,0.2963971495628357
2001-07-31,0.3185574412345886
2001-08-01,0.3185574412345886
2001-08-02,0.3240976333618164
2001-08-03,0.3240976333618164
2001-08-06,0.3296377956867218
2001-08-07,0.32686755061149597
2001-08-08,0.3324078917503357
2001-08-09,0.3324078917503357
2001-08-10,0.3324078917503357
2001-08-13,0.3351778984069824
2001-08-14,0.34625837206840515
2001-08-15,0.35179826617240906
2001-08-16,0.3545682728290558
2001-08-17,0.3573382496833801
2001-08-20,0.35179826617240906
2001-08-21,0.3573382496833801
2001-08-22,0.36010828614234924
2001-08-23,0.36841869354248047
2001-08-24,0.3767288327217102
2001-08-27,0.3850390315055847
2001-08-28,0.3711886703968048
2001-08-29,0.3573382496833801
2001-08-30,0.3490282893180847
2001-08-31,0.3520752191543579
2001-09-03,0.3573382496833801
2001-09-04,0.35179826617240906
2001-09-05,0.36841869354248047
2001-09-06,0.3822689950466156
2001-09-07,0.3767288327217102
2001-09-10,0.36287862062454224
2001-09-11,0.3711886703968048
2001-09-12,0.36010828614234924
2001-09-13,0.36010828614234924
2001-09-14,0.36010828614234924
2001-09-17,0.3351778984069824
2001-09-18,0.3573382496833801
2001-09-19,0.36010828614234924
2001-09-20,0.35179826617240906
2001-09-21,0.34348800778388977
2001-09-24,0.3490282893180847
2001-09-25,0.35179826617240906
2001-09-26,0.3490282893180847
2001-09-27,0.34459608793258667
2001-09-28,0.3490282893180847
2001-10-01,0.34348800778388977
2001-10-02,0.34625837206840515
2001-10-03,0.34625837206840515
2001-10-04,0.35179826617240906
2001-10-05,0.3573382496833801
2001-10-08,0.3545682728290558
2001-10-09,0.36010828614234924
2001-10-10,0.36564862728118896
2001-10-11,0.36010828614234924
2001-10-12,0.36564862728118896
2001-10-15,0.3711886703968048
2001-10-16,0.3988894820213318
2001-10-17,0.3988894820213318
2001-10-18,0.3988894820213318
2001-10-19,0.40442949533462524
2001-10-22,0.42104995250701904
2001-10-23,0.3988894820213318
2001-10-24,0.3878090977668762
2001-10-25,0.3905791938304901
2001-10-26,0.3933490812778473
2001-10-29,0.40165945887565613
2001-10-30,0.3988894820213318
2001-10-31,0.3878090977668762
2001-11-01,0.4094156324863434
2001-11-02,0.4127398729324341
2001-11-05,0.4293603301048279
2001-11-06,0.44321030378341675
2001-11-07,0.4487505257129669
2001-11-08,0.44321030378341675
2001-11-09,0.44321030378341675
2001-11-12,0.44321030378341675
2001-11-13,0.45706069469451904
2001-11-14,0.45706069469451904
2001-11-15,0.45152053236961365
2001-11-16,0.45152053236961365
2001-11-19,0.44598081707954407
2001-11-20,0.45152053236961365
2001-11-21,0.45152053236961365
2001-11-22,0.498611718416214
2001-11-23,0.4792214334011078
2001-11-26,0.49883872270584106
2001-11-27,0.5212581753730774
2001-11-28,0.5044435262680054
2001-11-29,0.49883872270584106
2001-11-30,0.5111690163612366
2001-12-03,0.5044435262680054
2001-12-04,0.5044435262680054
2001-12-05,0.4792211055755615
2001-12-06,0.49043115973472595
2001-12-07,0.4848261773586273
2001-12-10,0.48762866854667664
2001-12-11,0.46240630745887756
2001-12-12,0.4596039950847626
2001-12-13,0.4596039950847626
2001-12-14,0.4596039950847626
2001-12-17,0.44839397072792053
2001-12-18,0.4377446472644806
2001-12-19,0.4427891671657562
2001-12-20,0.4315792918205261
2001-12-21,0.4091596007347107
2001-12-24,0.4315792918205261
2001-12-25,0.4315792918205261
2001-12-26,0.4315792918205261
2001-12-27,0.4455915689468384
2001-12-28,0.43438196182250977
2001-12-31,0.43438196182250977
2002-01-01,0.43438196182250977
2002-01-02,0.4455915689468384
2002-01-03,0.4680114984512329
2002-01-04,0.4652087688446045
2002-01-07,0.4539991617202759
2002-01-08,0.4511967897415161
2002-01-09,0.4596039950847626
2002-01-10,0.4511967897415161
2002-01-11,0.44839397072792053
2002-01-14,0.4511967897415161
2002-01-15,0.4427891671657562
2002-01-16,0.4287768304347992
2002-01-17,0.43718424439430237
2002-01-18,0.4455915689468384
2002-01-21,0.4511967897415161
2002-01-22,0.4596039950847626
2002-01-23,0.4596039950847626
2002-01-24,0.4596039950847626
2002-01-25,0.4680114984512329
2002-01-28,0.4680114984512329
2002-01-29,0.47081393003463745
2002-01-30,0.48762866854667664
2002-01-31,0.5044435262680054
2002-02-01,0.49883872270584106
2002-02-04,0.5184559226036072
2002-02-05,0.5352705121040344
2002-02-06,0.5296655297279358
2002-02-07,0.509207546710968
2002-02-08,0.5268630385398865
2002-02-11,0.5265828371047974
2002-02-12,0.5380730032920837
2002-02-13,0.5380730032920837
2002-02-14,0.5296655297279358
2002-02-15,0.5268630385398865
2002-02-18,0.5268630385398865
2002-02-19,0.5156534314155579
2002-02-20,0.5044435262680054
2002-02-21,0.512850821018219
2002-02-22,0.5156534314155579
2002-02-25,0.512850821018219
2002-02-26,0.512850821018219
2002-02-27,0.5156534314155579
2002-02-28,0.5072460174560547
2002-03-01,0.5100480914115906
2002-03-04,0.5212581753730774
2002-03-05,0.5240604877471924
2002-03-06,0.5156534314155579
2002-03-07,0.5156534314155579
2002-03-08,0.5072460174560547
2002-03-11,0.5100480914115906
2002-03-12,0.512850821018219
2002-03-13,0.5089274048805237
2002-03-14,0.5156534314155579
2002-03-15,0.5156534314155579
2002-03-18,0.5380730032920837
2002-03-19,0.5324680805206299
2002-03-20,0.5268630385398865
2002-03-21,0.5184559226036072
2002-03-22,0.5212581753730774
2002-03-25,0.5296655297279358
2002-03-26,0.5156534314155579
2002-03-27,0.5156534314155579
2002-03-28,0.5184559226036072
2002-03-29,0.5184559226036072
2002-04-01,0.5184559226036072
2002-04-02,0.5212581753730774
2002-04-03,0.512850821018219
2002-04-04,0.512850821018219
2002-04-05,0.512850821018219
2002-04-08,0.512850821018219
2002-04-09,0.512850821018219
2002-04-10,0.4960359036922455
2002-04-11,0.4848261773586273
2002-04-12,0.49883872270584106
2002-04-15,0.501641035079956
2002-04-16,0.5380730032920837
2002-04-17,0.5576901435852051
2002-04-18,0.5717024803161621
2002-04-19,0.580109715461731
2002-04-22,0.6109369993209839
2002-04-23,0.5997273921966553
2002-04-24,0.6809984445571899
2002-04-25,0.6809984445571899
2002-04-26,0.6866035461425781
2002-04-29,0.6922082901000977
2002-04-30,0.6697888374328613
2002-05-01,0.6725913882255554
2002-05-02,0.6781958341598511
2002-05-03,0.6613812446594238
2002-05-06,0.6641837358474731
2002-05-07,0.6809984445571899
2002-05-08,0.6809984445571899
2002-05-09,0.7062209248542786
2002-05-10,0.717430830001831
2002-05-13,0.7426530122756958
2002-05-14,0.725838303565979
2002-05-15,0.725838303565979
2002-05-16,0.7202332019805908
2002-05-17,0.717430830001831
2002-05-20,0.6922082901000977
2002-05-21,0.717430830001831
2002-05-22,0.6809984445571899
2002-05-23,0.6809984445571899
2002-05-24,0.6613812446594238
2002-05-27,0.6417640447616577
2002-05-28,0.6249493956565857
2002-05-29,0.6165422797203064
2002-05-30,0.6585789322853088
2002-05-31,0.6473689675331116
2002-06-03,0.6894060373306274
2002-06-04,0.6781958341598511
2002-06-05,0.6753935217857361
2002-06-06,0.6809984445571899
2002-06-07,0.6697888374328613
2002-06-10,0.6697888374328613
2002-06-11,0.6725913882255554
2002-06-12,0.6866035461425781
2002-06-13,0.7090231776237488
2002-06-14,0.7090231776237488
2002-06-17,0.6922082901000977
2002-06-18,0.6950107216835022
2002-06-19,0.6781958341598511
2002-06-20,0.6613812446594238
2002-06-21,0.6361592411994934
2002-06-24,0.6418396234512329
2002-06-25,0.6304795145988464
2002-06-26,0.6446793079376221
2002-06-27,0.6389994025230408
2002-06-28,0.6276395916938782
2002-07-01,0.61911940574646
2002-07-02,0.6077595949172974
2002-07-03,0.6247996687889099
2002-07-04,0.6503593325614929
2002-07-05,0.6389994025230408
2002-07-08,0.6389994025230408
2002-07-09,0.6361592411994934
2002-07-10,0.6333192586898804
2002-07-11,0.6475193500518799
2002-07-12,0.6418396234512329
2002-07-15,0.6560392379760742
2002-07-16,0.6418396234512329
2002-07-17,0.6304795145988464
2002-07-18,0.6276395916938782
2002-07-19,0.6276395916938782
2002-07-22,0.6276395916938782
2002-07-23,0.6361592411994934
2002-07-24,0.5963993668556213
2002-07-25,0.5907195806503296
2002-07-26,0.5594794750213623
2002-07-29,0.5821994543075562
2002-07-30,0.6049193143844604
2002-07-31,0.6247996687889099
2002-08-01,0.653199315071106
2002-08-02,0.6304795145988464
2002-08-05,0.6361592411994934
2002-08-06,0.6333192586898804
2002-08-07,0.6333192586898804
2002-08-08,0.6588795781135559
2002-08-09,0.653199315071106
2002-08-12,0.6475193500518799
2002-08-13,0.6333192586898804
2002-08-14,0.6162793040275574
2002-08-15,0.6276395916938782
2002-08-16,0.6361592411994934
2002-08-19,0.6304795145988464
2002-08-20,0.6304795145988464
2002-08-21,0.6361592411994934
2002-08-22,0.6446793079376221
2002-08-23,0.6503593325614929
2002-08-26,0.6361592411994934
2002-08-27,0.6361592411994934
2002-08-28,0.6333192586898804
2002-08-29,0.6219593286514282
2002-08-30,0.6304795145988464
2002-09-02,0.6588795781135559
2002-09-03,0.6389994025230408
2002-09-04,0.6389994025230408
2002-09-05,0.6446793079376221
2002-09-06,0.6361592411994934
2002-09-09,0.6588795781135559
2002-09-10,0.653199315071106
2002-09-11,0.6503593325614929
2002-09-12,0.6475193500518799
2002-09-13,0.6446793079376221
2002-09-16,0.653199315071106
2002-09-17,0.6560392379760742
2002-09-18,0.6503593325614929
2002-09-19,0.6503593325614929
2002-09-20,0.6475193500518799
2002-09-23,0.6333192586898804
2002-09-24,0.6333192586898804
2002-09-25,0.6134395003318787
2002-09-26,0.6247996687889099
2002-09-27,0.6389994025230408
2002-09-30,0.6418396234512329
2002-10-01,0.6418396234512329
2002-10-02,0.653199315071106
2002-10-03,0.653199315071106
2002-10-04,0.6247996687889099
2002-10-07,0.6105995774269104
2002-10-08,0.5963993668556213
2002-10-09,0.5594794750213623
2002-10-10,0.5736795663833618
2002-10-11,0.5935594439506531
2002-10-14,0.5992394685745239
2002-10-15,0.5963993668556213
2002-10-16,0.6105995774269104
2002-10-17,0.61911940574646
2002-10-18,0.6276395916938782
2002-10-21,0.6162793040275574
2002-10-22,0.6105995774269104
2002-10-23,0.6105995774269104
2002-10-24,0.6020792126655579
2002-10-25,0.6049193143844604
2002-10-28,0.5963993668556213
2002-10-29,0.5992394685745239
2002-10-30,0.5935594439506531
2002-10-31,0.5992394685745239
2002-11-01,0.6105995774269104
2002-11-04,0.6105995774269104
2002-11-05,0.6077595949172974
2002-11-06,0.6077595949172974
2002-11-07,0.5992394685745239
2002-11-08,0.5992394685745239
2002-11-11,0.5935594439506531
2002-11-12,0.5793593525886536
2002-11-13,0.5708394646644592
2002-11-14,0.5651594996452332
2002-11-15,0.5821994543075562
2002-11-18,0.5679994821548462
2002-11-19,0.5566396117210388
2002-11-20,0.5850392580032349
2002-11-21,0.5907195806503296
2002-11-22,0.5935594439506531
2002-11-25,0.5736795663833618
2002-11-26,0.5794742703437805
2002-11-27,0.5823716521263123
2002-11-28,0.5794742703437805
2002-11-29,0.5939610600471497
2002-12-02,0.5823716521263123
2002-12-03,0.5823716521263123
2002-12-04,0.5678849220275879
2002-12-05,0.5707822442054749
2002-12-06,0.5678849220275879
2002-12-09,0.5707822442054749
2002-12-10,0.573679506778717
2002-12-11,0.573679506778717
2002-12-12,0.573679506778717
2002-12-13,0.5852692127227783
2002-12-16,0.5852692127227783
2002-12-17,0.5997556447982788
2002-12-18,0.5939610600471497
2002-12-19,0.5910637378692627
2002-12-20,0.5881662964820862
2002-12-23,0.5852692127227783
2002-12-24,0.5939610600471497
2002-12-25,0.5939610600471497
2002-12-26,0.5939610600471497
2002-12-27,0.5939610600471497
2002-12-30,0.5939610600471497
2002-12-31,0.5910637378692627
2003-01-01,0.5910637378692627
2003-01-02,0.5939610600471497
2003-01-03,0.5881662964820862
2003-01-06,0.6026533842086792
2003-01-07,0.6084479093551636
2003-01-08,0.6026533842086792
2003-01-09,0.6026533842086792
2003-01-10,0.5939610600471497
2003-01-13,0.5939610600471497
2003-01-14,0.5939610600471497
2003-01-15,0.5881662964820862
2003-01-16,0.5852692127227783
2003-01-17,0.5823716521263123
2003-01-20,0.5881662964820862
2003-01-21,0.5910637378692627
2003-01-22,0.5939610600471497
2003-01-23,0.5881662964820862
2003-01-24,0.5881662964820862
2003-01-27,0.5881662964820862
2003-01-28,0.5997556447982788
2003-01-29,0.6142426133155823
2003-01-30,0.6200376749038696
2003-01-31,0.5939610600471497
2003-02-03,0.5881662964820862
2003-02-04,0.5910637378692627
2003-02-05,0.5910637378692627
2003-02-06,0.5881662964820862
2003-02-07,0.5997556447982788
2003-02-10,0.5997556447982788
2003-02-11,0.5939610600471497
2003-02-12,0.6055505871772766
2003-02-13,0.5968583822250366
2003-02-14,0.6229351162910461
2003-02-17,0.6142426133155823
2003-02-18,0.6084479093551636
2003-02-19,0.6200376749038696
2003-02-20,0.6055505871772766
2003-02-21,0.6142426133155823
2003-02-24,0.6084479093551636
2003-02-25,0.6026533842086792
2003-02-26,0.6055505871772766
2003-02-27,0.6026533842086792
2003-02-28,0.5968583822250366
2003-03-03,0.5968583822250366
2003-03-04,0.5968583822250366
2003-03-05,0.5939610600471497
2003-03-06,0.5881662964820862
2003-03-07,0.5852692127227783
2003-03-10,0.5649873614311218
2003-03-11,0.5620901584625244
2003-03-12,0.5707822442054749
2003-03-13,0.5620901584625244
2003-03-14,0.5620901584625244
2003-03-17,0.550500750541687
2003-03-18,0.5707822442054749
2003-03-19,0.5649873614311218
2003-03-20,0.5649873614311218
2003-03-21,0.5649873614311218
2003-03-24,0.550500750541687
2003-03-25,0.5649873614311218
2003-03-26,0.5649873614311218
2003-03-27,0.5649873614311218
2003-03-28,0.5649873614311218
2003-03-31,0.5678849220275879
2003-04-01,0.5707822442054749
2003-04-02,0.5794742703437805
2003-04-03,0.5794742703437805
2003-04-04,0.5765770077705383
2003-04-07,0.5910637378692627
2003-04-08,0.5939610600471497
2003-04-09,0.5910637378692627
2003-04-10,0.5939610600471497
2003-04-11,0.5939610600471497
2003-04-14,0.6026533842086792
2003-04-15,0.6026533842086792
2003-04-16,0.6084479093551636
2003-04-17,0.6084479093551636
2003-04-18,0.6084479093551636
2003-04-21,0.6084479093551636
2003-04-22,0.6113454699516296
2003-04-23,0.6142426133155823
2003-04-24,0.617139995098114
2003-04-25,0.617139995098114
2003-04-28,0.6200376749038696
2003-04-29,0.628729522228241
2003-04-30,0.628729522228241
2003-05-01,0.6345242857933044
2003-05-02,0.6345242857933044
2003-05-05,0.6374219655990601
2003-05-06,0.6374219655990601
2003-05-07,0.6374219655990601
2003-05-08,0.6316268444061279
2003-05-09,0.643216609954834
2003-05-12,0.6374219655990601
2003-05-13,0.6403192281723022
2003-05-14,0.6374219655990601
2003-05-15,0.6316268444061279
2003-05-16,0.6229351162910461
2003-05-19,0.6519085764884949
2003-05-20,0.6548062562942505
2003-05-21,0.6461137533187866
2003-05-22,0.6403192281723022
2003-05-23,0.6490110754966736
2003-05-26,0.6634979844093323
2003-05-27,0.669292688369751
2003-05-28,0.669292688369751
2003-05-29,0.6750872731208801
2003-05-30,0.6750872731208801
2003-06-02,0.666395366191864
2003-06-03,0.6634979844093323
2003-06-04,0.6490110754966736
2003-06-05,0.6490110754966736
2003-06-06,0.6548062562942505
2003-06-09,0.6548062562942505
2003-06-10,0.6606007218360901
2003-06-11,0.6606007218360901
2003-06-12,0.6779849529266357
2003-06-13,0.6837794184684753
2003-06-16,0.6808821558952332
2003-06-17,0.6721903681755066
2003-06-18,0.6490110754966736
2003-06-19,0.6519085764884949
2003-06-20,0.6577032208442688
2003-06-23,0.6577032208442688
2003-06-24,0.6565205454826355
2003-06-25,0.6594778299331665
2003-06-26,0.6476483941078186
2003-06-27,0.6565205454826355
2003-06-30,0.6565205454826355
2003-07-01,0.6565205454826355
2003-07-02,0.6535632610321045
2003-07-03,0.6565205454826355
2003-07-04,0.662434995174408
2003-07-07,0.6594778299331665
2003-07-08,0.6594778299331665
2003-07-09,0.6535632610321045
2003-07-10,0.6535632610321045
2003-07-11,0.6594778299331665
2003-07-14,0.6653924584388733
2003-07-15,0.6653924584388733
2003-07-16,0.6565205454826355
2003-07-17,0.6565205454826355
2003-07-18,0.6653924584388733
2003-07-21,0.6683499813079834
2003-07-22,0.6565205454826355
2003-07-23,0.6653924584388733
2003-07-24,0.662434995174408
2003-07-25,0.6594778299331665
2003-07-28,0.6594778299331665
2003-07-29,0.662434995174408
2003-07-30,0.6594778299331665
2003-07-31,0.6653924584388733
2003-08-01,0.662434995174408
2003-08-04,0.6594778299331665
2003-08-05,0.6535632610321045
2003-08-06,0.6565205454826355
2003-08-07,0.6565205454826355
2003-08-08,0.6535632610321045
2003-08-11,0.6565205454826355
2003-08-12,0.6446912288665771
2003-08-13,0.6358196139335632
2003-08-14,0.6358196139335632
2003-08-15,0.6417338848114014
2003-08-18,0.6476483941078186
2003-08-19,0.6594778299331665
2003-08-20,0.6594778299331665
2003-08-21,0.6683499813079834
2003-08-22,0.6683499813079834
2003-08-25,0.6653924584388733
2003-08-26,0.6535632610321045
2003-08-27,0.6476483941078186
2003-08-28,0.6387767791748047
2003-08-29,0.6476483941078186
2003-09-01,0.6446912288665771
2003-09-02,0.6387767791748047
2003-09-03,0.6387767791748047
2003-09-04,0.6417338848114014
2003-09-05,0.6476483941078186
2003-09-08,0.6446912288665771
2003-09-09,0.6476483941078186
2003-09-10,0.6565205454826355
2003-09-11,0.6535632610321045
2003-09-12,0.6476483941078186
2003-09-15,0.6535632610321045
2003-09-16,0.6476483941078186
2003-09-17,0.6446912288665771
2003-09-18,0.6476483941078186
2003-09-19,0.6565205454826355
2003-09-22,0.6476483941078186
2003-09-23,0.6594778299331665
2003-09-24,0.6653924584388733
2003-09-25,0.662434995174408
2003-09-26,0.6772216558456421
2003-09-29,0.6801788210868835
2003-09-30,0.6742643713951111
2003-10-01,0.6653924584388733
2003-10-02,0.6565205454826355
2003-10-03,0.6594778299331665
2003-10-06,0.6594778299331665
2003-10-07,0.6653924584388733
2003-10-08,0.6801788210868835
2003-10-09,0.6772216558456421
2003-10-10,0.6772216558456421
2003-10-13,0.6742643713951111
2003-10-14,0.6801788210868835
2003-10-15,0.6831361651420593
2003-10-16,0.6801788210868835
2003-10-17,0.6742643713951111
2003-10-20,0.6890507936477661
2003-10-21,0.6949652433395386
2003-10-22,0.6801788210868835
2003-10-23,0.6920081377029419
2003-10-24,0.686093807220459
2003-10-27,0.6801788210868835
2003-10-28,0.686093807220459
2003-10-29,0.6831361651420593
2003-10-30,0.686093807220459
2003-10-31,0.686093807220459
2003-11-03,0.6890507936477661
2003-11-04,0.686093807220459
2003-11-05,0.6979224681854248
2003-11-06,0.6949652433395386
2003-11-07,0.6949652433395386
2003-11-10,0.6949652433395386
2003-11-11,0.7186236381530762
2003-11-12,0.7215811610221863
2003-11-13,0.7274956107139587
2003-11-14,0.7245383262634277
2003-11-17,0.7156663537025452
2003-11-18,0.7422822713851929
2003-11-19,0.736367404460907
2003-11-20,0.7245383262634277
2003-11-21,0.7304528951644897
2003-11-24,0.736367404460907
2003-11-25,0.7242959141731262
2003-11-26,0.7303314805030823
2003-11-27,0.7242959141731262
2003-11-28,0.7393856644630432
2003-12-01,0.754474937915802
2003-12-02,0.76352858543396
2003-12-03,0.7574928402900696
2003-12-04,0.769564688205719
2003-12-05,0.76352858543396
2003-12-08,0.769564688205719
2003-12-09,0.7605108618736267
2003-12-10,0.7484390735626221
2003-12-11,0.7484390735626221
2003-12-12,0.7605108618736267
2003-12-15,0.7725825309753418
2003-12-16,0.7846540212631226
2003-12-17,0.7846540212631226
2003-12-18,0.781636118888855
2003-12-19,0.790690004825592
2003-12-22,0.7846540212631226
2003-12-23,0.781636118888855
2003-12-24,0.7846540212631226
2003-12-25,0.7846540212631226
2003-12-26,0.7846540212631226
2003-12-29,0.7967256903648376
2003-12-30,0.8087974190711975
2003-12-31,0.8148329854011536
2004-01-01,0.8148329854011536
2004-01-02,0.8238868117332458
2004-01-05,0.8148329854011536
2004-01-06,0.8238868117332458
2004-01-07,0.8208686709403992
2004-01-08,0.8148329854011536
2004-01-09,0.8118155002593994
2004-01-12,0.817851185798645
2004-01-13,0.8148329854011536
2004-01-14,0.8118155002593994
2004-01-15,0.8299227356910706
2004-01-16,0.8299227356910706
2004-01-19,0.8057795166969299
2004-01-20,0.8148329854011536
2004-01-21,0.8087974190711975
2004-01-22,0.8148329854011536
2004-01-23,0.8148329854011536
2004-01-26,0.8148329854011536
2004-01-27,0.8057795166969299
2004-01-28,0.7846540212631226
2004-01-29,0.754474937915802
2004-01-30,0.7424033284187317
2004-02-02,0.7303314805030823
2004-02-03,0.7393856644630432
2004-02-04,0.7454211115837097
2004-02-05,0.7574928402900696
2004-02-06,0.7484390735626221
2004-02-09,0.7514570951461792
2004-02-10,0.7454211115837097
2004-02-11,0.7303314805030823
2004-02-12,0.7333495616912842
2004-02-13,0.7092064619064331
2004-02-16,0.7212783098220825
2004-02-17,0.7273138761520386
2004-02-18,0.7273138761520386
2004-02-19,0.7273138761520386
2004-02-20,0.7273138761520386
2004-02-23,0.7303314805030823
2004-02-24,0.7303314805030823
2004-02-25,0.7303314805030823
2004-02-26,0.7273138761520386
2004-02-27,0.7303314805030823
2004-03-01,0.7454211115837097
2004-03-02,0.7393856644630432
2004-03-03,0.7333495616912842
2004-03-04,0.7363676428794861
2004-03-05,0.7363676428794861
2004-03-08,0.7393856644630432
2004-03-09,0.7454211115837097
2004-03-10,0.7514570951461792
2004-03-11,0.7514570951461792
2004-03-12,0.7424033284187317
2004-03-15,0.7514570951461792
2004-03-16,0.754474937915802
2004-03-17,0.769564688205719
2004-03-18,0.76352858543396
2004-03-19,0.7605108618736267
2004-03-22,0.754474937915802
2004-03-23,0.754474937915802
2004-03-24,0.754474937915802
2004-03-25,0.76352858543396
2004-03-26,0.7665466070175171
2004-03-29,0.7605108618736267
2004-03-30,0.7605108618736267
2004-03-31,0.754474937915802
2004-04-01,0.754474937915802
2004-04-02,0.7484390735626221
2004-04-05,0.7484390735626221
2004-04-06,0.7484390735626221
2004-04-07,0.7393856644630432
2004-04-08,0.7424033284187317
2004-04-09,0.7424033284187317
2004-04-12,0.7424033284187317
2004-04-13,0.7393856644630432
2004-04-14,0.7393856644630432
2004-04-15,0.7393856644630432
2004-04-16,0.7605108618736267
2004-04-19,0.754474937915802
2004-04-20,0.7424033284187317
2004-04-21,0.7424033284187317
2004-04-22,0.7454211115837097
2004-04-23,0.7484390735626221
2004-04-26,0.754474937915802
2004-04-27,0.7484390735626221
2004-04-28,0.7574928402900696
2004-04-29,0.7514570951461792
2004-04-30,0.7484390735626221
2004-05-03,0.7484390735626221
2004-05-04,0.7424033284187317
2004-05-05,0.7454211115837097
2004-05-06,0.7514570951461792
2004-05-07,0.754474937915802
2004-05-10,0.7574928402900696
2004-05-11,0.769564688205719
2004-05-12,0.7756004333496094
2004-05-13,0.754474937915802
2004-05-14,0.754474937915802
2004-05-17,0.76352858543396
2004-05-18,0.7514570951461792
2004-05-19,0.7574928402900696
2004-05-20,0.7574928402900696
2004-05-21,0.769564688205719
2004-05-24,0.7756004333496094
2004-05-25,0.7756004333496094
2004-05-26,0.7756004333496094
2004-05-27,0.7876718044281006
2004-05-28,0.7876718044281006
2004-05-31,0.7876718044281006
2004-06-01,0.790690004825592
2004-06-02,0.790690004825592
2004-06-03,0.790690004825592
2004-06-04,0.790690004825592
2004-06-07,0.7846540212631226
2004-06-08,0.781636118888855
2004-06-09,0.7876718044281006
2004-06-10,0.7937079668045044
2004-06-11,0.7997437119483948
2004-06-14,0.7997437119483948
2004-06-15,0.7967256903648376
2004-06-16,0.8057795166969299
2004-06-17,0.8118155002593994
2004-06-18,0.8238868117332458
2004-06-21,0.817851185798645
2004-06-22,0.8148329854011536
2004-06-23,0.8148329854011536
2004-06-24,0.8210058808326721
2004-06-25,0.8333518505096436
2004-06-28,0.8302658796310425
2004-06-29,0.8395247459411621
2004-06-30,0.8302658796310425
2004-07-01,0.8302658796310425
2004-07-02,0.8302658796310425
2004-07-05,0.8333518505096436
2004-07-06,0.8395247459411621
2004-07-07,0.8487846255302429
2004-07-08,0.8364387154579163
2004-07-09,0.8086602091789246
2004-07-12,0.8148330450057983
2004-07-13,0.8148330450057983
2004-07-14,0.8179196715354919
2004-07-15,0.8210058808326721
2004-07-16,0.8240926861763
2004-07-19,0.8210058808326721
2004-07-20,0.8179196715354919
2004-07-21,0.8179196715354919
2004-07-22,0.8179196715354919
2004-07-23,0.8240926861763
2004-07-26,0.8364387154579163
2004-07-27,0.8673033118247986
2004-07-28,0.885822594165802
2004-07-29,0.8765627145767212
2004-07-30,0.8703900575637817
2004-08-02,0.885822594165802
2004-08-03,0.8796494007110596
2004-08-04,0.8642170429229736
2004-08-05,0.8611304759979248
2004-08-06,0.8549575209617615
2004-08-09,0.8549575209617615
2004-08-10,0.8487846255302429
2004-08-11,0.8549575209617615
2004-08-12,0.8333518505096436
2004-08-13,0.8395247459411621
2004-08-16,0.8395247459411621
2004-08-17,0.8302658796310425
2004-08-18,0.8240926861763
2004-08-19,0.8333518505096436
2004-08-20,0.8271791934967041
2004-08-23,0.8302658796310425
2004-08-24,0.8271791934967041
2004-08-25,0.8364387154579163
2004-08-26,0.8333518505096436
2004-08-27,0.8364387154579163
2004-08-30,0.8364387154579163
2004-08-31,0.8333518505096436
2004-09-01,0.8364387154579163
2004-09-02,0.8487846255302429
2004-09-03,0.8487846255302429
2004-09-06,0.8456979990005493
2004-09-07,0.8456979990005493
2004-09-08,0.8333518505096436
2004-09-09,0.8364387154579163
2004-09-10,0.8518712520599365
2004-09-13,0.8703900575637817
2004-09-14,0.8642170429229736
2004-09-15,0.8518712520599365
2004-09-16,0.8487846255302429
2004-09-17,0.8456979990005493
2004-09-20,0.8364387154579163
2004-09-21,0.8426114916801453
2004-09-22,0.8611304759979248
2004-09-23,0.8611304759979248
2004-09-24,0.8580439686775208
2004-09-27,0.8580439686775208
2004-09-28,0.8580439686775208
2004-09-29,0.8611304759979248
2004-09-30,0.8580439686775208
2004-10-01,0.8580439686775208
2004-10-04,0.8580439686775208
2004-10-05,0.8673033118247986
2004-10-06,0.8734763860702515
2004-10-07,0.8765627145767212
2004-10-08,0.8703900575637817
2004-10-11,0.8611304759979248
2004-10-12,0.8703900575637817
2004-10-13,0.8981683850288391
2004-10-14,0.9228600859642029
2004-10-15,0.9105145335197449
2004-10-18,0.9043412208557129
2004-10-19,0.8981683850288391
2004-10-20,0.885822594165802
2004-10-21,0.8827360272407532
2004-10-22,0.8919957280158997
2004-10-25,0.9043412208557129
2004-10-26,0.9012547731399536
2004-10-27,0.9043412208557129
2004-10-28,0.9166874289512634
2004-10-29,0.9321197867393494
2004-11-01,0.9290332198143005
2004-11-02,0.919774055480957
2004-11-03,0.935206413269043
2004-11-04,0.9568114876747131
2004-11-05,0.9506385922431946
2004-11-08,0.9413794279098511
2004-11-09,0.9475520253181458
2004-11-10,0.935206413269043
2004-11-11,0.935206413269043
2004-11-12,0.9568114876747131
2004-11-15,0.9815035462379456
2004-11-16,0.9815035462379456
2004-11-17,0.978417158126831
2004-11-18,0.9876763820648193
2004-11-19,0.978417158126831
2004-11-22,0.9660710096359253
2004-11-23,0.9629846215248108
2004-11-24,0.9722440242767334
2004-11-25,0.8889089822769165
2004-11-26,0.9321197867393494
2004-11-29,0.935206413269043
2004-11-30,0.935206413269043
2004-12-01,0.924203634262085
2004-12-02,0.9367781281471252
2004-12-03,0.924203634262085
2004-12-06,0.924203634262085
2004-12-07,1.0593761205673218
2004-12-08,1.075094223022461
2004-12-09,1.062519907951355
2004-12-10,1.0656635761260986
2004-12-13,1.046802282333374
2004-12-14,1.034227967262268
2004-12-15,1.034227967262268
2004-12-16,1.0405150651931763
2004-12-17,1.0562326908111572
2004-12-20,1.0405150651931763
2004-12-21,1.0499458312988281
2004-12-22,1.0562326908111572
2004-12-23,1.0436582565307617
2004-12-24,1.0499458312988281
2004-12-27,1.0499458312988281
2004-12-28,1.0499458312988281
2004-12-29,1.0405150651931763
2004-12-30,1.053088903427124
2004-12-31,1.053088903427124
2005-01-04,1.0436582565307617
2005-01-05,1.0593761205673218
2005-01-06,1.053088903427124
2005-01-07,1.0562326908111572
2005-01-10,1.0688068866729736
2005-01-11,1.0782372951507568
2005-01-12,1.075094223022461
2005-01-13,1.075094223022461
2005-01-14,1.0719504356384277
2005-01-17,1.075094223022461
2005-01-18,1.0719504356384277
2005-01-19,1.0845251083374023
2005-01-20,1.0719504356384277
2005-01-21,1.0656635761260986
2005-01-24,1.0656635761260986
2005-01-25,1.0656635761260986
2005-01-27,1.0688068866729736
2005-01-28,1.0688068866729736
2005-01-31,1.062519907951355
2005-02-01,1.0688068866729736
2005-02-02,1.0656635761260986
2005-02-03,1.0688068866729736
2005-02-04,1.0719504356384277
2005-02-07,1.0656635761260986
2005-02-08,1.053088903427124
2005-02-09,1.053088903427124
2005-02-10,1.034227967262268
2005-02-11,1.0185102224349976
2005-02-14,1.005935549736023
2005-02-15,1.037371277809143
2005-02-16,1.0673755407333374
2005-02-17,1.0533310174942017
2005-02-18,1.049820065498352
2005-02-21,1.060353398323059
2005-02-22,1.0463091135025024
2005-02-23,1.0392866134643555
2005-02-24,1.0392866134643555
2005-02-25,1.0357753038406372
2005-02-28,1.0357753038406372
2005-03-01,1.0392866134643555
2005-03-02,1.0287532806396484
2005-03-03,1.0287532806396484
2005-03-04,1.0182201862335205
2005-03-07,1.0147088766098022
2005-03-08,1.0182201862335205
2005-03-09,1.0147088766098022
2005-03-10,1.011197805404663
2005-03-11,1.0147088766098022
2005-03-14,1.011197805404663
2005-03-15,1.011197805404663
2005-03-16,1.0182201862335205
2005-03-17,1.0289006233215332
2005-03-18,1.0253403186798096
2005-03-21,1.0431416034698486
2005-03-22,1.0502619743347168
2005-03-23,1.0680630207061768
2005-03-24,1.0680630207061768
2005-03-29,1.078743577003479
2005-03-30,1.0716233253479004
2005-03-31,1.0716233253479004
2005-04-01,1.0823038816452026
2005-04-04,1.1143454313278198
2005-04-05,1.1214661598205566
2005-04-06,1.1285864114761353
2005-04-07,1.1641883850097656
2005-04-08,1.1997908353805542
2005-04-11,1.1926699876785278
2005-04-12,1.1926699876785278
2005-04-13,1.1926699876785278
2005-04-14,1.1819897890090942
2005-04-15,1.1499475240707397
2005-04-18,1.135707139968872
2005-04-19,1.1535078287124634
2005-04-20,1.1428272724151611
2005-04-21,1.110785722732544
2005-04-22,1.1285864114761353
2005-04-26,1.1179059743881226
2005-04-27,1.1179059743881226
2005-04-28,1.1179059743881226
2005-04-29,1.135707139968872
2005-05-02,1.1677489280700684
2005-05-03,1.1962302923202515
2005-05-04,1.1926699876785278
2005-05-05,1.1748692989349365
2005-05-06,1.1677489280700684
2005-05-09,1.1535078287124634
2005-05-10,1.1463872194290161
2005-05-11,1.1463872194290161
2005-05-12,1.1535078287124634
2005-05-13,1.1499475240707397
2005-05-16,1.1641883850097656
2005-05-17,1.1784296035766602
2005-05-18,1.2033510208129883
2005-05-19,1.2069110870361328
2005-05-20,1.2033510208129883
2005-05-23,1.2033510208129883
2005-05-24,1.2033510208129883
2005-05-25,1.2745550870895386
2005-05-26,1.2994766235351562
2005-05-27,1.3065968751907349
2005-05-30,1.3208377361297607
2005-05-31,1.335078477859497
2005-06-01,1.3172775506973267
2005-06-02,1.3172775506973267
2005-06-03,1.3208377361297607
2005-06-06,1.3101575374603271
2005-06-07,1.3172775506973267
2005-06-08,1.3137174844741821
2005-06-09,1.3065968751907349
2005-06-10,1.3137174844741821
2005-06-14,1.3030366897583008
2005-06-15,1.2959165573120117
2005-06-16,1.3137174844741821
2005-06-17,1.3101575374603271
2005-06-20,1.3065968751907349
2005-06-21,1.2994766235351562
2005-06-22,1.3101575374603271
2005-06-23,1.3101575374603271
2005-06-24,1.3172775506973267
2005-06-27,1.3421992063522339
2005-06-28,1.3742409944534302
2005-06-29,1.3920421600341797
2005-06-30,1.3956022262573242
2005-07-01,1.388481855392456
2005-07-04,1.3920421600341797
2005-07-05,1.388481855392456
2005-07-06,1.367120623588562
2005-07-07,1.3600000143051147
2005-07-08,1.3493194580078125
2005-07-11,1.3564399480819702
2005-07-12,1.3956022262573242
2005-07-13,1.4098427295684814
2005-07-14,1.402722716331482
2005-07-15,1.402722716331482
2005-07-18,1.406282663345337
2005-07-19,1.3956022262573242
2005-07-20,1.3956022262573242
2005-07-21,1.416963815689087
2005-07-22,1.481047511100769
2005-07-25,1.498848557472229
2005-07-26,1.477487564086914
2005-07-27,1.4596856832504272
2005-07-28,1.4490054845809937
2005-07-29,1.4596856832504272
2005-08-01,1.4596856832504272
2005-08-02,1.4881677627563477
2005-08-03,1.4596856832504272
2005-08-04,1.4418854713439941
2005-08-05,1.4596856832504272
2005-08-08,1.4739272594451904
2005-08-09,1.4561254978179932
2005-08-10,1.4525657892227173
2005-08-11,1.4632461071014404
2005-08-12,1.4668065309524536
2005-08-15,1.4632461071014404
2005-08-16,1.4525657892227173
2005-08-17,1.4490054845809937
2005-08-18,1.4561254978179932
2005-08-19,1.4454450607299805
2005-08-22,1.4490054845809937
2005-08-23,1.4454450607299805
2005-08-24,1.4205241203308105
2005-08-25,1.406282663345337
2005-08-26,1.424083948135376
2005-08-29,1.424083948135376
2005-08-30,1.4454450607299805
2005-08-31,1.4490054845809937
2005-09-01,1.4383249282836914
2005-09-02,1.424083948135376
2005-09-05,1.424083948135376
2005-09-06,1.406282663345337
2005-09-07,1.3778008222579956
2005-09-08,1.4205241203308105
2005-09-09,1.424083948135376
2005-09-12,1.424083948135376
2005-09-13,1.416963815689087
2005-09-14,1.3849220275878906
2005-09-15,1.3920421600341797
2005-09-16,1.4418854713439941
2005-09-19,1.4383249282836914
2005-09-20,1.4312043190002441
2005-09-21,1.4525657892227173
2005-09-22,1.4525657892227173
2005-09-23,1.4632461071014404
2005-09-26,1.4952884912490845
2005-09-27,1.5095291137695312
2005-09-28,1.5024086236953735
2005-09-29,1.477487564086914
2005-09-30,1.4952884912490845
2005-10-03,1.5273300409317017
2005-10-04,1.4952884912490845
2005-10-05,1.4632461071014404
2005-10-06,1.4383249282836914
2005-10-07,1.4454450607299805
2005-10-10,1.4525657892227173
2005-10-11,1.4454450607299805
2005-10-12,1.424083948135376
2005-10-13,1.406282663345337
2005-10-14,1.4098427295684814
2005-10-17,1.4418854713439941
2005-10-18,1.4454450607299805
2005-10-19,1.416963815689087
2005-10-20,1.388481855392456
2005-10-21,1.3991624116897583
2005-10-24,1.3956022262573242
2005-10-25,1.424083948135376
2005-10-26,1.4347648620605469
2005-10-27,1.4525657892227173
2005-10-28,1.413403034210205
2005-10-31,1.4383249282836914
2005-11-01,1.4347648620605469
2005-11-02,1.4418854713439941
2005-11-03,1.4436897039413452
2005-11-04,1.4509080648422241
2005-11-07,1.4581265449523926
2005-11-08,1.4545176029205322
2005-11-09,1.4797816276550293
2005-11-10,1.5050466060638428
2005-11-11,1.5519661903381348
2005-11-14,1.5447478294372559
2005-11-15,1.5303109884262085
2005-11-16,1.570012092590332
2005-11-17,1.5591850280761719
2005-11-18,1.5844491720199585
2005-11-21,1.5591850280761719
2005-11-22,1.5519661903381348
2005-11-23,1.5772308111190796
2005-11-24,1.6241509914398193
2005-11-25,1.6133228540420532
2005-11-28,1.6277601718902588
2005-11-29,1.6277601718902588
2005-11-30,1.634978175163269
2005-12-01,1.6241509914398193
2005-12-02,1.6421974897384644
2005-12-05,1.6133228540420532
2005-12-06,1.6169326305389404
2005-12-07,1.6385877132415771
2005-12-08,1.6205410957336426
2005-12-09,1.602495789527893
2005-12-12,1.5952770709991455
2005-12-13,1.5952770709991455
2005-12-14,1.5808403491973877
2005-12-15,1.570012092590332
2005-12-16,1.5627937316894531
2005-12-19,1.5411385297775269
2005-12-20,1.5664036273956299
2005-12-21,1.5664036273956299
2005-12-22,1.570012092590332
2005-12-23,1.591667652130127
2005-12-28,1.602495789527893
2005-12-29,1.602495789527893
2005-12-30,1.6241509914398193
2006-01-03,1.6061044931411743
2006-01-04,1.6133228540420532
2006-01-05,1.6241509914398193
2006-01-06,1.6169326305389404
2006-01-09,1.634978175163269
2006-01-10,1.6241509914398193
2006-01-11,1.6313692331314087
2006-01-12,1.634978175163269
2006-01-13,1.634978175163269
2006-01-16,1.634978175163269
2006-01-17,1.6458059549331665
2006-01-18,1.6458059549331665
2006-01-19,1.6746797561645508
2006-01-20,1.6746797561645508
2006-01-23,1.6602433919906616
2006-01-24,1.6710706949234009
2006-01-25,1.6927258968353271
2006-01-27,1.6782894134521484
2006-01-30,1.6746797561645508
2006-01-31,1.6746797561645508
2006-02-01,1.6674612760543823
2006-02-02,1.6530245542526245
2006-02-03,1.663852334022522
2006-02-06,1.663852334022522
2006-02-07,1.6530245542526245
2006-02-08,1.6674612760543823
2006-02-09,1.696334958076477
2006-02-10,1.6891169548034668
2006-02-13,1.6999446153640747
2006-02-14,1.696334958076477
2006-02-15,1.6855080127716064
2006-02-16,1.6818983554840088
2006-02-17,1.6530245542526245
2006-02-20,1.6927258968353271
2006-02-21,1.6674612760543823
2006-02-22,1.6818983554840088
2006-02-23,1.6710706949234009
2006-02-24,1.6458059549331665
2006-02-27,1.6313692331314087
2006-02-28,1.6313692331314087
2006-03-01,1.6602433919906616
2006-03-02,1.696334958076477
2006-03-03,1.7324275970458984
2006-03-06,1.6566338539123535
2006-03-07,1.6855080127716064
2006-03-08,1.6855080127716064
2006-03-09,1.6818983554840088
2006-03-10,1.6674612760543823
2006-03-13,1.6782894134521484
2006-03-14,1.6782894134521484
2006-03-15,1.6674612760543823
2006-03-16,1.6855080127716064
2006-03-17,1.6530245542526245
2006-03-20,1.6530245542526245
2006-03-21,1.6385877132415771
2006-03-22,1.6710706949234009
2006-03-23,1.6421974897384644
2006-03-24,1.6313692331314087
2006-03-27,1.6530245542526245
2006-03-28,1.6061044931411743
2006-03-29,1.5880584716796875
2006-03-30,1.5772308111190796
2006-03-31,1.609714388847351
2006-04-03,1.6133228540420532
2006-04-04,1.591667652130127
2006-04-05,1.602495789527893
2006-04-06,1.6169326305389404
2006-04-07,1.6061044931411743
2006-04-10,1.5880584716796875
2006-04-11,1.5988860130310059
2006-04-12,1.602495789527893
2006-04-13,1.5952770709991455
2006-04-18,1.602495789527893
2006-04-19,1.602495789527893
2006-04-20,1.602495789527893
2006-04-21,1.6385877132415771
2006-04-24,1.649415373802185
2006-04-26,1.6818983554840088
2006-04-27,1.6927258968353271
2006-04-28,1.6602433919906616
2006-05-01,1.6855080127716064
2006-05-02,1.6421974897384644
2006-05-03,1.6241509914398193
2006-05-04,1.609714388847351
2006-05-05,1.649415373802185
2006-05-08,1.6458059549331665
2006-05-09,1.6746797561645508
2006-05-10,1.6818983554840088
2006-05-11,1.6746797561645508
2006-05-12,1.6674612760543823
2006-05-15,1.6530245542526245
2006-05-16,1.6530245542526245
2006-05-17,1.6530245542526245
2006-05-18,1.6277601718902588
2006-05-19,1.6385877132415771
2006-05-22,1.649415373802185
2006-05-23,1.6313692331314087
2006-05-24,1.5519661903381348
2006-05-25,1.5086559057235718
2006-05-26,1.537529468536377
2006-05-29,1.537529468536377
2006-05-30,1.5194834470748901
2006-05-31,1.5086559057235718
2006-06-01,1.4978281259536743
2006-06-02,1.5014373064041138
2006-06-05,1.5230927467346191
2006-06-06,1.5158742666244507
2006-06-07,1.5158742666244507
2006-06-08,1.5122649669647217
2006-06-09,1.533920168876648
2006-06-13,1.5194834470748901
2006-06-14,1.4978281259536743
2006-06-15,1.5122649669647217
2006-06-16,1.537529468536377
2006-06-19,1.5194834470748901
2006-06-20,1.5158742666244507
2006-06-21,1.490609884262085
2006-06-22,1.4978281259536743
2006-06-23,1.4797816276550293
2006-06-26,1.4834449291229248
2006-06-27,1.4724562168121338
2006-06-28,1.4468162059783936
2006-06-29,1.4028624296188354
2006-06-30,1.3698968887329102
2006-07-03,1.4028624296188354
2006-07-04,1.3882112503051758
2006-07-05,1.3808857202529907
2006-07-06,1.4211769104003906
2006-07-07,1.4175134897232056
2006-07-10,1.4211769104003906
2006-07-11,1.4211769104003906
2006-07-12,1.4394910335540771
2006-07-13,1.4248396158218384
2006-07-14,1.4028624296188354
2006-07-17,1.41018807888031
2006-07-18,1.41018807888031
2006-07-19,1.3955367803573608
2006-07-20,1.4175134897232056
2006-07-21,1.4431536197662354
2006-07-24,1.4431536197662354
2006-07-25,1.4578051567077637
2006-07-26,1.4248396158218384
2006-07-27,1.4285024404525757
2006-07-28,1.4138507843017578
2006-07-31,1.4358280897140503
2006-08-01,1.4431536197662354
2006-08-02,1.4285024404525757
2006-08-03,1.4468162059783936
2006-08-04,1.4504791498184204
2006-08-07,1.4651304483413696
2006-08-08,1.4834449291229248
2006-08-09,1.4504791498184204
2006-08-10,1.4614678621292114
2006-08-11,1.4431536197662354
2006-08-14,1.4651304483413696
2006-08-15,1.468793272972107
2006-08-16,1.4651304483413696
2006-08-17,1.4944334030151367
2006-08-18,1.5164103507995605
2006-08-21,1.5237361192703247
2006-08-22,1.4944334030151367
2006-08-23,1.4944334030151367
2006-08-24,1.5127475261688232
2006-08-25,1.50542151927948
2006-08-28,1.4907705783843994
2006-08-29,1.5200732946395874
2006-08-30,1.534724235534668
2006-08-31,1.5567011833190918
2006-09-01,1.5420502424240112
2006-09-04,1.5640268325805664
2006-09-05,1.5933294296264648
2006-09-06,1.5823414325714111
2006-09-07,1.5567011833190918
2006-09-08,1.5750153064727783
2006-09-11,1.5200732946395874
2006-09-12,1.545712947845459
2006-09-13,1.5383870601654053
2006-09-14,1.5530383586883545
2006-09-15,1.5750153064727783
2006-09-18,1.5530383586883545
2006-09-19,1.5567011833190918
2006-09-20,1.5567011833190918
2006-09-21,1.5383870601654053
2006-09-22,1.5200732946395874
2006-09-25,1.5127475261688232
2006-09-26,1.560364007949829
2006-09-27,1.560364007949829
2006-09-28,1.5420502424240112
2006-09-29,1.5896668434143066
2006-10-02,1.6079806089401245
2006-10-03,1.6043179035186768
2006-10-04,1.6189693212509155
2006-10-05,1.6555975675582886
2006-10-06,1.6189693212509155
2006-10-09,1.6043179035186768
2006-10-10,1.6153063774108887
2006-10-11,1.6079806089401245
2006-10-12,1.5823414325714111
2006-10-13,1.611643671989441
2006-10-16,1.6006548404693604
2006-10-17,1.6006548404693604
2006-10-18,1.6043179035186768
2006-10-19,1.5676895380020142
2006-10-20,1.5750153064727783
2006-10-23,1.6006548404693604
2006-10-24,1.5860036611557007
2006-10-25,1.5676895380020142
2006-10-26,1.5640268325805664
2006-10-27,1.5567011833190918
2006-10-30,1.560364007949829
2006-10-31,1.5676895380020142
2006-11-01,1.5750153064727783
2006-11-02,1.5750153064727783
2006-11-03,1.5640268325805664
2006-11-06,1.5383870601654053
2006-11-07,1.5567011833190918
2006-11-08,1.5383870601654053
2006-11-09,1.6006548404693604
2006-11-10,1.6372833251953125
2006-11-13,1.6519349813461304
2006-11-14,1.5860036611557007
2006-11-15,1.6153063774108887
2006-11-16,1.6079806089401245
2006-11-17,1.6153063774108887
2006-11-20,1.5567011833190918
2006-11-21,1.5676895380020142
2006-11-22,1.6006548404693604
2006-11-23,1.648272156715393
2006-11-24,1.6372833251953125
2006-11-27,1.6372833251953125
2006-11-28,1.5896668434143066
2006-11-29,1.6079806089401245
2006-11-30,1.6665862798690796
2006-12-01,1.6446086168289185
2006-12-04,1.6594926118850708
2006-12-05,1.6334463357925415
2006-12-06,1.6334463357925415
2006-12-07,1.648329496383667
2006-12-08,1.644608974456787
2006-12-11,1.6594926118850708
2006-12-12,1.6743758916854858
2006-12-13,1.6967005729675293
2006-12-14,1.733909010887146
2006-12-15,1.722746729850769
2006-12-18,1.719025731086731
2006-12-19,1.7860007286071777
2006-12-20,1.7599550485610962
2006-12-21,1.7599550485610962
2006-12-22,1.741350769996643
2006-12-27,1.7562341690063477
2006-12-28,1.7636754512786865
2006-12-29,1.7376301288604736
2007-01-02,1.7376301288604736
2007-01-03,1.741350769996643
2007-01-04,1.7264676094055176
2007-01-05,1.7301886081695557
2007-01-08,1.7115843296051025
2007-01-09,1.7115843296051025
2007-01-10,1.6855382919311523
2007-01-11,1.704142451286316
2007-01-12,1.722746729850769
2007-01-15,1.741350769996643
2007-01-16,1.7450714111328125
2007-01-17,1.7376301288604736
2007-01-18,1.7301886081695557
2007-01-19,1.7301886081695557
2007-01-22,1.7376301288604736
2007-01-23,1.7301886081695557
2007-01-24,1.7264676094055176
2007-01-25,1.7301886081695557
2007-01-29,1.7115843296051025
2007-01-30,1.722746729850769
2007-01-31,1.7153047323226929
2007-02-01,1.733909010887146
2007-02-02,1.7636754512786865
2007-02-05,1.741350769996643
2007-02-06,1.741350769996643
2007-02-07,1.7673966884613037
2007-02-08,1.7599550485610962
2007-02-09,1.7636754512786865
2007-02-12,1.8008840084075928
2007-02-13,1.7711178064346313
2007-02-14,1.774838924407959
2007-02-15,1.7860007286071777
2007-02-16,1.7822797298431396
2007-02-19,1.7934421300888062
2007-02-20,1.7562341690063477
2007-02-21,1.722746729850769
2007-02-22,1.733909010887146
2007-02-23,1.7711178064346313
2007-02-26,1.7860007286071777
2007-02-27,1.7822797298431396
2007-02-28,1.7487918138504028
2007-03-01,1.7450714111328125
2007-03-02,1.7153047323226929
2007-03-05,1.6780967712402344
2007-03-06,1.7301886081695557
2007-03-07,1.7525132894515991
2007-03-08,1.7599550485610962
2007-03-09,1.7897217273712158
2007-03-12,1.7934421300888062
2007-03-13,1.8232090473175049
2007-03-14,1.8232090473175049
2007-03-15,1.8232090473175049
2007-03-16,1.8939052820205688
2007-03-19,1.856696605682373
2007-03-20,1.8343719244003296
2007-03-21,1.8194884061813354
2007-03-22,1.8120465278625488
2007-03-23,1.7971630096435547
2007-03-26,1.8046046495437622
2007-03-27,1.8046046495437622
2007-03-28,1.7934421300888062
2007-03-29,1.8343719244003296
2007-03-30,1.8343719244003296
2007-04-02,1.8083258867263794
2007-04-03,1.8343719244003296
2007-04-04,1.8939052820205688
2007-04-05,1.856696605682373
2007-04-10,1.852975845336914
2007-04-11,1.8641383647918701
2007-04-12,1.9125088453292847
2007-04-13,1.9162297248840332
2007-04-16,1.9050674438476562
2007-04-17,1.9311134815216064
2007-04-18,1.9422757625579834
2007-04-19,1.9162297248840332
2007-04-20,1.9050674438476562
2007-04-23,1.9571589231491089
2007-04-24,1.972042441368103
2007-04-26,1.9869259595870972
2007-04-27,1.9497178792953491
2007-04-30,1.9497178792953491
2007-05-01,1.9459967613220215
2007-05-02,1.9646010398864746
2007-05-03,1.9646010398864746
2007-05-04,1.9311134815216064
2007-05-07,1.9534385204315186
2007-05-08,1.9534385204315186
2007-05-09,1.9534385204315186
2007-05-10,1.9273921251296997
2007-05-11,1.9273921251296997
2007-05-14,1.9087884426116943
2007-05-15,1.9125088453292847
2007-05-16,1.9162297248840332
2007-05-17,1.9273921251296997
2007-05-18,1.9162297248840332
2007-05-21,1.9311134815216064
2007-05-22,1.9311134815216064
2007-05-23,1.9273921251296997
2007-05-24,1.9125088453292847
2007-05-25,1.9273921251296997
2007-05-28,1.9311134815216064
2007-05-29,1.938555121421814
2007-05-30,1.9087884426116943
2007-05-31,1.923672080039978
2007-06-01,1.934834361076355
2007-06-04,1.9273921251296997
2007-06-05,1.7897217273712158
2007-06-06,1.8008840084075928
2007-06-07,1.7487918138504028
2007-06-08,1.7264676094055176
2007-06-12,1.704142451286316
2007-06-13,1.6855382919311523
2007-06-14,1.6967005729675293
2007-06-15,1.7153047323226929
2007-06-18,1.7004215717315674
2007-06-19,1.7301886081695557
2007-06-20,1.7153047323226929
2007-06-21,1.704142451286316
2007-06-22,1.704142451286316
2007-06-25,1.7345728874206543
2007-06-26,1.7193580865859985
2007-06-27,1.7193580865859985
2007-06-28,1.7231619358062744
2007-06-29,1.7117505073547363
2007-07-02,1.7650046348571777
2007-07-03,1.7992401123046875
2007-07-04,1.787827730178833
2007-07-05,1.7992401123046875
2007-07-06,1.7992401123046875
2007-07-09,1.8220633268356323
2007-07-10,1.8030438423156738
2007-07-11,1.7840244770050049
2007-07-12,1.818259358406067
2007-07-13,1.7992401123046875
2007-07-16,1.7992401123046875
2007-07-17,1.791631817817688
2007-07-18,1.7802202701568604
2007-07-19,1.791631817817688
2007-07-20,1.8068475723266602
2007-07-23,1.7764161825180054
2007-07-24,1.7840244770050049
2007-07-25,1.7459852695465088
2007-07-26,1.6965351104736328
2007-07-27,1.6851224899291992
2007-07-30,1.6699074506759644
2007-07-31,1.7003382444381714
2007-08-01,1.6470842361450195
2007-08-02,1.6737114191055298
2007-08-03,1.6622997522354126
2007-08-06,1.6356724500656128
2007-08-07,1.6622997522354126
2007-08-08,1.7117505073547363
2007-08-09,1.7003382444381714
2007-08-10,1.6166529655456543
2007-08-13,1.6394765377044678
2007-08-14,1.6508883237838745
2007-08-15,1.654691457748413
2007-08-16,1.6584957838058472
2007-08-17,1.6508883237838745
2007-08-20,1.7231619358062744
2007-08-21,1.7497892379760742
2007-08-22,1.7421809434890747
2007-08-23,1.7764161825180054
2007-08-24,1.7612009048461914
2007-08-27,1.7802202701568604
2007-08-28,1.772612452507019
2007-08-29,1.7421809434890747
2007-08-30,1.7688086032867432
2007-08-31,1.8106520175933838
2007-09-03,1.8030438423156738
2007-09-04,1.8144553899765015
2007-09-05,1.7764161825180054
2007-09-06,1.791631817817688
2007-09-07,1.7992401123046875
2007-09-10,1.8144553899765015
2007-09-11,1.818259358406067
2007-09-12,1.8030438423156738
2007-09-13,1.7688086032867432
2007-09-14,1.787827730178833
2007-09-17,1.7802202701568604
2007-09-18,1.738377332687378
2007-09-19,1.772612452507019
2007-09-20,1.7764161825180054
2007-09-21,1.7459852695465088
2007-09-24,1.7688086032867432
2007-09-25,1.7954356670379639
2007-09-26,1.791631817817688
2007-09-27,1.8068475723266602
2007-09-28,1.7954356670379639
2007-10-01,1.791631817817688
2007-10-02,1.7764161825180054
2007-10-03,1.787827730178833
2007-10-04,1.7764161825180054
2007-10-05,1.7650046348571777
2007-10-08,1.7307699918746948
2007-10-09,1.7497892379760742
2007-10-10,1.7497892379760742
2007-10-11,1.7612009048461914
2007-10-12,1.7497892379760742
2007-10-15,1.7573963403701782
2007-10-16,1.7764161825180054
2007-10-17,1.7688086032867432
2007-10-18,1.787827730178833
2007-10-19,1.772612452507019
2007-10-22,1.7459852695465088
2007-10-23,1.7840244770050049
2007-10-24,1.772612452507019
2007-10-25,1.7840244770050049
2007-10-26,1.791631817817688
2007-10-29,1.7764161825180054
2007-10-30,1.8068475723266602
2007-10-31,1.7764161825180054
2007-11-01,1.7992401123046875
2007-11-02,1.7802202701568604
2007-11-05,1.7231619358062744
2007-11-06,1.738377332687378
2007-11-07,1.7459852695465088
2007-11-08,1.7307699918746948
2007-11-09,1.681318998336792
2007-11-12,1.6508883237838745
2007-11-13,1.7117505073547363
2007-11-14,1.7269657850265503
2007-11-15,1.7117505073547363
2007-11-16,1.6699074506759644
2007-11-19,1.7079464197158813
2007-11-20,1.681318998336792
2007-11-21,1.6622997522354126
2007-11-22,1.6622997522354126
2007-11-23,1.6470842361450195
2007-11-26,1.6622997522354126
2007-11-27,1.6508883237838745
2007-11-28,1.6622997522354126
2007-11-29,1.6661038398742676
2007-11-30,1.6622997522354126
2007-12-03,1.654691457748413
2007-12-04,1.6584957838058472
2007-12-05,1.6737114191055298
2007-12-06,1.704142451286316
2007-12-07,1.7313157320022583
2007-12-10,1.7157881259918213
2007-12-11,1.6963788270950317
2007-12-12,1.688614845275879
2007-12-13,1.6769696474075317
2007-12-14,1.657559871673584
2007-12-17,1.6497963666915894
2007-12-18,1.6808513402938843
2007-12-19,1.6924967765808105
2007-12-20,1.688614845275879
2007-12-21,1.7080241441726685
2007-12-24,1.7235513925552368
2007-12-27,1.7235513925552368
2007-12-28,1.700260877609253
2007-12-31,1.688614845275879
2008-01-02,1.7119057178497314
2008-01-03,1.6730875968933105
2008-01-04,1.684733271598816
2008-01-07,1.669205665588379
2008-01-08,1.6459144353866577
2008-01-09,1.6265050172805786
2008-01-10,1.6303868293762207
2008-01-11,1.6265050172805786
2008-01-14,1.6730875968933105
2008-01-15,1.6303868293762207
2008-01-16,1.5682770013809204
2008-01-17,1.5799224376678467
2008-01-18,1.6032135486602783
2008-01-21,1.5915679931640625
2008-01-22,1.5294582843780518
2008-01-23,1.6226228475570679
2008-01-24,1.6614412069320679
2008-01-25,1.6808513402938843
2008-01-29,1.6963788270950317
2008-01-30,1.653678297996521
2008-01-31,1.6109775304794312
2008-02-01,1.688614845275879
2008-02-04,1.704142451286316
2008-02-05,1.6769696474075317
2008-02-06,1.6420326232910156
2008-02-07,1.6303868293762207
2008-02-08,1.6497963666915894
2008-02-11,1.6109775304794312
2008-02-12,1.6148591041564941
2008-02-13,1.6187410354614258
2008-02-14,1.6497963666915894
2008-02-15,1.5993319749832153
2008-02-18,1.5915679931640625
2008-02-19,1.5838038921356201
2008-02-20,1.541103482246399
2008-02-21,1.576040506362915
2008-02-22,1.5527491569519043
2008-02-25,1.5605133771896362
2008-02-26,1.6032135486602783
2008-02-27,1.6187410354614258
2008-02-28,1.5915679931640625
2008-02-29,1.6187410354614258
2008-03-03,1.576040506362915
2008-03-04,1.5605133771896362
2008-03-05,1.60709547996521
2008-03-06,1.6265050172805786
2008-03-07,1.5915679931640625
2008-03-10,1.5876864194869995
2008-03-11,1.5838038921356201
2008-03-12,1.5527491569519043
2008-03-13,1.525576114654541
2008-03-14,1.5022848844528198
2008-03-17,1.4634664058685303
2008-03-18,1.4867573976516724
2008-03-19,1.5333399772644043
2008-03-20,1.5022848844528198
2008-03-25,1.6226228475570679
2008-03-26,1.6226228475570679
2008-03-27,1.5954499244689941
2008-03-28,1.5954499244689941
2008-03-31,1.5838038921356201
2008-04-01,1.5876864194869995
2008-04-02,1.5993319749832153
2008-04-03,1.6497963666915894
2008-04-04,1.6497963666915894
2008-04-07,1.657559871673584
2008-04-08,1.6459144353866577
2008-04-09,1.657559871673584
2008-04-10,1.6148591041564941
2008-04-11,1.5954499244689941
2008-04-14,1.5643951892852783
2008-04-15,1.5876864194869995
2008-04-16,1.5682770013809204
2008-04-17,1.5993319749832153
2008-04-18,1.5915679931640625
2008-04-21,1.5993319749832153
2008-04-22,1.5915679931640625
2008-04-23,1.6032135486602783
2008-04-24,1.5838038921356201
2008-04-28,1.572158694267273
2008-04-29,1.5954499244689941
2008-04-30,1.6381503343582153
2008-05-01,1.6148591041564941
2008-05-02,1.5915679931640625
2008-05-05,1.5954499244689941
2008-05-06,1.5838038921356201
2008-05-07,1.60709547996521
2008-05-08,1.6032135486602783
2008-05-09,1.5799224376678467
2008-05-12,1.576040506362915
2008-05-13,1.5605133771896362
2008-05-14,1.6148591041564941
2008-05-15,1.6032135486602783
2008-05-16,1.6459144353866577
2008-05-19,1.669205665588379
2008-05-20,1.669205665588379
2008-05-21,1.669205665588379
2008-05-22,1.657559871673584
2008-05-23,1.669205665588379
2008-05-26,1.6653233766555786
2008-05-27,1.653678297996521
2008-05-28,1.6614412069320679
2008-05-29,1.6420326232910156
2008-05-30,1.5954499244689941
2008-06-02,1.5838038921356201
2008-06-03,1.6303868293762207
2008-06-04,1.6497963666915894
2008-06-05,1.6303868293762207
2008-06-06,1.6497963666915894
2008-06-10,1.6303868293762207
2008-06-11,1.6459144353866577
2008-06-12,1.5954499244689941
2008-06-13,1.5993319749832153
2008-06-16,1.5799224376678467
2008-06-17,1.576040506362915
2008-06-18,1.576040506362915
2008-06-19,1.5682770013809204
2008-06-20,1.5333399772644043
2008-06-23,1.525333046913147
2008-06-24,1.4893014430999756
2008-06-25,1.4812943935394287
2008-06-26,1.4933050870895386
2008-06-27,1.4812943935394287
2008-06-30,1.4812943935394287
2008-07-01,1.5093193054199219
2008-07-02,1.4812943935394287
2008-07-03,1.497308611869812
2008-07-04,1.4812943935394287
2008-07-07,1.521329402923584
2008-07-08,1.5413469076156616
2008-07-09,1.5333399772644043
2008-07-10,1.5333399772644043
2008-07-11,1.581381916999817
2008-07-14,1.5853856801986694
2008-07-15,1.5573612451553345
2008-07-16,1.5653679370880127
2008-07-17,1.581381916999817
2008-07-18,1.581381916999817
2008-07-21,1.637431025505066
2008-07-22,1.6094067096710205
2008-07-23,1.577378749847412
2008-07-24,1.637431025505066
2008-07-25,1.597395896911621
2008-07-28,1.597395896911621
2008-07-29,1.5933927297592163
2008-07-30,1.5853856801986694
2008-07-31,1.597395896911621
2008-08-01,1.5853856801986694
2008-08-04,1.581381916999817
2008-08-05,1.553357481956482
2008-08-06,1.5893889665603638
2008-08-07,1.5893889665603638
2008-08-08,1.6214168071746826
2008-08-11,1.6214168071746826
2008-08-12,1.597395896911621
2008-08-13,1.577378749847412
2008-08-14,1.5653679370880127
2008-08-15,1.5613646507263184
2008-08-18,1.581381916999817
2008-08-19,1.5693717002868652
2008-08-20,1.5613646507263184
2008-08-21,1.525333046913147
2008-08-22,1.5333399772644043
2008-08-25,1.5453506708145142
2008-08-26,1.553357481956482
2008-08-27,1.5413469076156616
2008-08-28,1.5493539571762085
2008-08-29,1.577378749847412
2008-09-01,1.597395896911621
2008-09-02,1.62942373752594
2008-09-03,1.6214168071746826
2008-09-04,1.6694592237472534
2008-09-05,1.62942373752594
2008-09-08,1.6694592237472534
2008-09-09,1.6934797763824463
2008-09-10,1.681469440460205
2008-09-11,1.6694592237472534
2008-09-12,1.7094939947128296
2008-09-15,1.6894762516021729
2008-09-16,1.681469440460205
2008-09-17,1.7255080938339233
2008-09-18,1.7175008058547974
2008-09-19,1.6854732036590576
2008-09-22,1.6854732036590576
2008-09-23,1.7094939947128296
2008-09-24,1.7014869451522827
2008-09-25,1.6894762516021729
2008-09-26,1.6854732036590576
2008-09-29,1.6214168071746826
2008-09-30,1.5893889665603638
2008-10-01,1.7215044498443604
2008-10-02,1.6934797763824463
2008-10-03,1.7134969234466553
2008-10-06,1.7014869451522827
2008-10-07,1.7615392208099365
2008-10-08,1.7134969234466553
2008-10-09,1.6894762516021729
2008-10-10,1.5453506708145142
2008-10-13,1.5893889665603638
2008-10-14,1.637431025505066
2008-10-15,1.6414345502853394
2008-10-16,1.6013990640640259
2008-10-17,1.657448410987854
2008-10-20,1.7575360536575317
2008-10-21,1.7255080938339233
2008-10-22,1.62942373752594
2008-10-23,1.6854732036590576
2008-10-24,1.681469440460205
2008-10-27,1.5933927297592163
2008-10-28,1.657448410987854
2008-10-29,1.6494412422180176
2008-10-30,1.6494412422180176
2008-10-31,1.6134101152420044
2008-11-03,1.6854732036590576
2008-11-04,1.7255080938339233
2008-11-05,1.7134969234466553
2008-11-06,1.6414345502853394
2008-11-07,1.6414345502853394
2008-11-10,1.6694592237472534
2008-11-11,1.681469440460205
2008-11-12,1.681469440460205
2008-11-13,1.6414345502853394
2008-11-14,1.6494412422180176
2008-11-17,1.6614519357681274
2008-11-18,1.6414345502853394
2008-11-19,1.6214168071746826
2008-11-20,1.6054033041000366
2008-11-21,1.5933927297592163
2008-11-24,1.6174135208129883
2008-11-25,1.6494412422180176
2008-11-26,1.6094067096710205
2008-11-27,1.62942373752594
2008-11-28,1.5893889665603638
2008-12-01,1.6013990640640259
2008-12-02,1.6614519357681274
2008-12-03,1.6494412422180176
2008-12-04,1.6614519357681274
2008-12-05,1.6694592237472534
2008-12-08,1.7215044498443604
2008-12-09,1.7695462703704834
2008-12-10,1.7367771863937378
2008-12-11,1.7244887351989746
2008-12-12,1.7081040143966675
2008-12-15,1.7367771863937378
2008-12-16,1.7081040143966675
2008-12-17,1.6999114751815796
2008-12-18,1.7490655183792114
2008-12-19,1.7613539695739746
2008-12-22,1.7367771863937378
2008-12-23,1.7367771863937378
2008-12-24,1.7326809167861938
2008-12-29,1.7490655183792114
2008-12-30,1.7941237688064575
2008-12-31,1.7941237688064575
2009-01-02,1.7613539695739746
2009-01-05,1.7203919887542725
2009-01-06,1.7244887351989746
2009-01-07,1.7285845279693604
2009-01-08,1.7408732175827026
2009-01-09,1.7490655183792114
2009-01-12,1.7449696063995361
2009-01-13,1.7531615495681763
2009-01-14,1.7941237688064575
2009-01-15,1.7203919887542725
2009-01-16,1.7449696063995361
2009-01-19,1.7162961959838867
2009-01-20,1.6835267543792725
2009-01-21,1.6794307231903076
2009-01-22,1.6917191743850708
2009-01-23,1.6589497327804565
2009-01-27,1.7449696063995361
2009-01-28,1.7081040143966675
2009-01-29,1.6958152055740356
2009-01-30,1.7244887351989746
2009-02-02,1.7285845279693604
2009-02-03,1.7081040143966675
2009-02-04,1.7040072679519653
2009-02-05,1.6753344535827637
2009-02-06,1.6794307231903076
2009-02-09,1.6507574319839478
2009-02-10,1.6589497327804565
2009-02-11,1.6794307231903076
2009-02-12,1.7040072679519653
2009-02-13,1.6917191743850708
2009-02-16,1.6794307231903076
2009-02-17,1.7081040143966675
2009-02-18,1.6876227855682373
2009-02-19,1.7040072679519653
2009-02-20,1.6876227855682373
2009-02-23,1.7040072679519653
2009-02-24,1.6630457639694214
2009-02-25,1.7162961959838867
2009-02-26,1.7040072679519653
2009-02-27,1.7122000455856323
2009-03-02,1.6753344535827637
2009-03-03,1.6548537015914917
2009-03-04,1.6179879903793335
2009-03-05,1.5811223983764648
2009-03-06,1.597507357597351
2009-03-09,1.597507357597351
2009-03-10,1.6179879903793335
2009-03-11,1.6589497327804565
2009-03-12,1.597507357597351
2009-03-13,1.6261801719665527
2009-03-16,1.5934112071990967
2009-03-17,1.6056995391845703
2009-03-18,1.6179879903793335
2009-03-19,1.6179879903793335
2009-03-20,1.601603388786316
2009-03-23,1.6343724727630615
2009-03-24,1.5934112071990967
2009-03-25,1.6179879903793335
2009-03-26,1.6179879903793335
2009-03-27,1.6056995391845703
2009-03-30,1.6179879903793335
2009-03-31,1.6630457639694214
2009-04-01,1.6343724727630615
2009-04-02,1.6179879903793335
2009-04-03,1.601603388786316
2009-04-06,1.6384687423706055
2009-04-07,1.6958152055740356
2009-04-08,1.6794307231903076
2009-04-09,1.7040072679519653
2009-04-14,1.642565369606018
2009-04-15,1.6876227855682373
2009-04-16,1.642565369606018
2009-04-17,1.6589497327804565
2009-04-20,1.6630457639694214
2009-04-21,1.6343724727630615
2009-04-22,1.642565369606018
2009-04-23,1.6630457639694214
2009-04-24,1.6876227855682373
2009-04-27,1.7203919887542725
2009-04-28,1.6876227855682373
2009-04-29,1.6876227855682373
2009-04-30,1.7040072679519653
2009-05-01,1.7572576999664307
2009-05-04,1.7244887351989746
2009-05-05,1.6712380647659302
2009-05-06,1.6548537015914917
2009-05-07,1.6302769184112549
2009-05-08,1.6466615200042725
2009-05-11,1.642565369606018
2009-05-12,1.6671417951583862
2009-05-13,1.6589497327804565
2009-05-14,1.6712380647659302
2009-05-15,1.6999114751815796
2009-05-18,1.6958152055740356
2009-05-19,1.6999114751815796
2009-05-20,1.6753344535827637
2009-05-21,1.6917191743850708
2009-05-22,1.6876227855682373
2009-05-25,1.6671417951583862
2009-05-26,1.6589497327804565
2009-05-27,1.6753344535827637
2009-05-28,1.6917191743850708
2009-05-29,1.7122000455856323
2009-06-01,1.7244887351989746
2009-06-02,1.7326809167861938
2009-06-03,1.7449696063995361
2009-06-04,1.7613539695739746
2009-06-05,1.7490655183792114
2009-06-09,1.7531615495681763
2009-06-10,1.7613539695739746
2009-06-11,1.7203919887542725
2009-06-12,1.7408732175827026
2009-06-15,1.7408732175827026
2009-06-16,1.7408732175827026
2009-06-17,1.7367771863937378
2009-06-18,1.7490655183792114
2009-06-19,1.7660058736801147
2009-06-22,1.7363605499267578
2009-06-23,1.7363605499267578
2009-06-24,1.7321257591247559
2009-06-25,1.7321257591247559
2009-06-26,1.7448303699493408
2009-06-29,1.8083558082580566
2009-06-30,1.8252960443496704
2009-07-01,1.7787104845046997
2009-07-02,1.7998863458633423
2009-07-03,1.8083558082580566
2009-07-06,1.8041211366653442
2009-07-07,1.7787104845046997
2009-07-08,1.8125908374786377
2009-07-09,1.8125908374786377
2009-07-10,1.8168261051177979
2009-07-13,1.8041211366653442
2009-07-14,1.8252960443496704
2009-07-15,1.8083558082580566
2009-07-16,1.8041211366653442
2009-07-17,1.821061372756958
2009-07-20,1.821061372756958
2009-07-21,1.7998863458633423
2009-07-22,1.8125908374786377
2009-07-23,1.8252960443496704
2009-07-24,1.8168261051177979
2009-07-27,1.8125908374786377
2009-07-28,1.8083558082580566
2009-07-29,1.7871803045272827
2009-07-30,1.8168261051177979
2009-07-31,1.8125908374786377
2009-08-03,1.7787104845046997
2009-08-04,1.7533005475997925
2009-08-05,1.7871803045272827
2009-08-06,1.7744760513305664
2009-08-07,1.7871803045272827
2009-08-10,1.7744760513305664
2009-08-11,1.7660058736801147
2009-08-12,1.7702405452728271
2009-08-13,1.7787104845046997
2009-08-14,1.7533005475997925
2009-08-17,1.7575355768203735
2009-08-18,1.7575355768203735
2009-08-19,1.7702405452728271
2009-08-20,1.7914159297943115
2009-08-21,1.7575355768203735
2009-08-24,1.7660058736801147
2009-08-25,1.7829456329345703
2009-08-26,1.8041211366653442
2009-08-27,1.8422361612319946
2009-08-28,1.8168261051177979
2009-08-31,1.8125908374786377
2009-09-01,1.8337658643722534
2009-09-02,1.8549413681030273
2009-09-03,1.8422361612319946
2009-09-04,1.8507061004638672
2009-09-07,1.846470832824707
2009-09-08,1.8549413681030273
2009-09-09,1.8507061004638672
2009-09-10,1.8972914218902588
2009-09-11,1.8930563926696777
2009-09-14,1.8930563926696777
2009-09-15,1.9184664487838745
2009-09-16,1.9354066848754883
2009-09-17,1.9735221862792969
2009-09-18,1.9481117725372314
2009-09-21,1.9269371032714844
2009-09-22,1.9735221862792969
2009-09-23,1.9438766241073608
2009-09-24,1.9311717748641968
2009-09-25,1.9142316579818726
2009-09-28,1.9227018356323242
2009-09-29,1.9311717748641968
2009-09-30,1.9057618379592896
2009-10-01,1.9057618379592896
2009-10-02,1.8676459789276123
2009-10-05,1.8676459789276123
2009-10-06,1.8676459789276123
2009-10-07,1.8888217210769653
2009-10-08,1.8888217210769653
2009-10-09,1.8845864534378052
2009-10-12,1.8803516626358032
2009-10-13,1.9099962711334229
2009-10-14,1.9227018356323242
2009-10-15,1.956581473350525
2009-10-16,1.9311717748641968
2009-10-19,1.9311717748641968
2009-10-20,1.9311717748641968
2009-10-21,1.956581473350525
2009-10-22,1.9608170986175537
2009-10-23,1.9481117725372314
2009-10-26,1.9523475170135498
2009-10-27,1.9608170986175537
2009-10-28,1.9819921255111694
2009-10-29,1.9862275123596191
2009-10-30,1.990462303161621
2009-11-02,1.9396415948867798
2009-11-03,1.9650517702102661
2009-11-04,1.9396415948867798
2009-11-05,1.9142316579818726
2009-11-06,1.9099962711334229
2009-11-09,1.9396415948867798
2009-11-10,1.9438766241073608
2009-11-11,1.9438766241073608
2009-11-12,1.9396415948867798
2009-11-13,1.9523475170135498
2009-11-16,1.9777568578720093
2009-11-17,1.9777568578720093
2009-11-18,1.9819921255111694
2009-11-19,1.9735221862792969
2009-11-20,1.956581473350525
2009-11-23,1.9777568578720093
2009-11-24,1.956581473350525
2009-11-25,1.956581473350525
2009-11-26,1.9608170986175537
2009-11-27,1.9311717748641968
2009-11-30,1.9819921255111694
2009-12-01,1.9438766241073608
2009-12-02,1.9311717748641968
2009-12-03,1.9099962711334229
2009-12-04,1.8718812465667725
2009-12-07,1.9099962711334229
2009-12-08,1.8803516626358032
2009-12-09,1.8634113073349
2009-12-10,1.893816351890564
2009-12-11,1.8894728422164917
2009-12-14,1.8981603384017944
2009-12-15,1.8894728422164917
2009-12-16,1.9025037288665771
2009-12-17,1.8894728422164917
2009-12-18,1.854724407196045
2009-12-21,1.8677546977996826
2009-12-22,1.8851293325424194
2009-12-23,1.893816351890564
2009-12-24,1.8981603384017944
2009-12-29,1.928565502166748
2009-12-30,1.9329091310501099
2009-12-31,1.9415960311889648
2010-01-04,1.9546277523040771
2010-01-05,1.950283408164978
2010-01-06,1.928565502166748
2010-01-07,1.9068468809127808
2010-01-08,1.928565502166748
2010-01-11,1.9415960311889648
2010-01-12,1.9111913442611694
2010-01-13,1.9372528791427612
2010-01-14,1.9068468809127808
2010-01-15,1.9329091310501099
2010-01-18,1.9111913442611694
2010-01-19,1.8894728422164917
2010-01-20,1.9025037288665771
2010-01-21,1.9068468809127808
2010-01-22,1.915534496307373
2010-01-25,1.9329091310501099
2010-01-27,1.9111913442611694
2010-01-28,1.893816351890564
2010-01-29,1.846036672592163
2010-02-01,1.8416929244995117
2010-02-02,1.8590673208236694
2010-02-03,1.8373494148254395
2010-02-04,1.8416929244995117
2010-02-05,1.824318766593933
2010-02-08,1.8069440126419067
2010-02-09,1.7982569932937622
2010-02-10,1.7895694971084595
2010-02-11,1.7765390872955322
2010-02-12,1.7765390872955322
2010-02-15,1.7808825969696045
2010-02-16,1.7721953392028809
2010-02-17,1.7721953392028809
2010-02-18,1.7765390872955322
2010-02-19,1.7678519487380981
2010-02-22,1.7765390872955322
2010-02-23,1.8069440126419067
2010-02-24,1.7939133644104004
2010-02-25,1.7721953392028809
2010-02-26,1.7895694971084595
2010-03-01,1.802600383758545
2010-03-02,1.8069440126419067
2010-03-03,1.7895694971084595
2010-03-04,1.7982569932937622
2010-03-05,1.7982569932937622
2010-03-08,1.7982569932937622
2010-03-09,1.7721953392028809
2010-03-10,1.7721953392028809
2010-03-11,1.7678519487380981
2010-03-12,1.7678519487380981
2010-03-15,1.7808825969696045
2010-03-16,1.7852258682250977
2010-03-17,1.7852258682250977
2010-03-18,1.802600383758545
2010-03-19,1.7895694971084595
2010-03-22,1.8112878799438477
2010-03-23,1.8069440126419067
2010-03-24,1.8069440126419067
2010-03-25,1.7895694971084595
2010-03-26,1.7852258682250977
2010-03-29,1.7939133644104004
2010-03-30,1.824318766593933
2010-03-31,1.7982569932937622
2010-04-01,1.8199748992919922
2010-04-06,1.8199748992919922
2010-04-07,1.828662633895874
2010-04-08,1.8373494148254395
2010-04-09,1.8373494148254395
2010-04-12,1.8199748992919922
2010-04-13,1.824318766593933
2010-04-14,1.8112878799438477
2010-04-15,1.8069440126419067
2010-04-16,1.8112878799438477
2010-04-19,1.8069440126419067
2010-04-20,1.8069440126419067
2010-04-21,1.8069440126419067
2010-04-22,1.802600383758545
2010-04-23,1.7982569932937622
2010-04-27,1.802600383758545
2010-04-28,1.7895694971084595
2010-04-29,1.7721953392028809
2010-04-30,1.7635083198547363
2010-05-03,1.7548209428787231
2010-05-04,1.7504770755767822
2010-05-05,1.7504770755767822
2010-05-06,1.733102798461914
2010-05-07,1.7026973962783813
2010-05-10,1.7461332082748413
2010-05-11,1.715728521347046
2010-05-12,1.7374464273452759
2010-05-13,1.7461332082748413
2010-05-14,1.7504770755767822
2010-05-17,1.7461332082748413
2010-05-18,1.7374464273452759
2010-05-19,1.7113850116729736
2010-05-20,1.7244154214859009
2010-05-21,1.7113850116729736
2010-05-24,1.715728521347046
2010-05-25,1.689666986465454
2010-05-26,1.6940104961395264
2010-05-27,1.698353886604309
2010-05-28,1.715728521347046
2010-05-31,1.6722921133041382
2010-06-01,1.7113850116729736
2010-06-02,1.7461332082748413
2010-06-03,1.7852258682250977
2010-06-04,1.7765390872955322
2010-06-07,1.7808825969696045
2010-06-08,1.7982569932937622
2010-06-09,1.824318766593933
2010-06-10,1.8416929244995117
2010-06-11,1.850380539894104
2010-06-15,1.8677546977996826
2010-06-16,1.850380539894104
2010-06-17,1.8590673208236694
2010-06-18,1.868070363998413
2010-06-21,1.8635690212249756
2010-06-22,1.8500648736953735
2010-06-23,1.8455634117126465
2010-06-24,1.8725714683532715
2010-06-25,1.9040817022323608
2010-06-28,1.8860760927200317
2010-06-29,1.8860760927200317
2010-06-30,1.8860760927200317
2010-07-01,1.9445937871932983
2010-07-02,1.9355909824371338
2010-07-05,1.9355909824371338
2010-07-06,1.9490948915481567
2010-07-07,1.9625990390777588
2010-07-08,1.9806045293807983
2010-07-09,1.9806045293807983
2010-07-12,1.9896076917648315
2010-07-13,1.9806045293807983
2010-07-14,1.9896076917648315
2010-07-15,1.9851058721542358
2010-07-16,1.9851058721542358
2010-07-19,1.9625990390777588
2010-07-20,1.9851058721542358
2010-07-21,1.9625990390777588
2010-07-22,1.9490948915481567
2010-07-23,1.97610342502594
2010-07-26,1.9625990390777588
2010-07-27,2.00761342048645
2010-07-28,2.0301201343536377
2010-07-29,2.0301201343536377
2010-07-30,2.0031111240386963
2010-08-02,2.0031111240386963
2010-08-03,1.9851058721542358
2010-08-04,1.9806045293807983
2010-08-05,1.9941085577011108
2010-08-06,1.9896076917648315
2010-08-09,1.9896076917648315
2010-08-10,1.9535969495773315
2010-08-11,1.9625990390777588
2010-08-12,1.9580978155136108
2010-08-13,1.97610342502594
2010-08-16,1.9671003818511963
2010-08-17,1.9625990390777588
2010-08-18,1.9535969495773315
2010-08-19,1.97610342502594
2010-08-20,1.9671003818511963
2010-08-23,1.97610342502594
2010-08-24,1.9490948915481567
2010-08-25,1.9220874309539795
2010-08-26,1.9490948915481567
2010-08-27,1.971602201461792
2010-08-30,1.9806045293807983
2010-08-31,1.97610342502594
2010-09-01,1.9851058721542358
2010-09-02,1.9445937871932983
2010-09-03,1.9625990390777588
2010-09-06,1.9671003818511963
2010-09-07,1.9535969495773315
2010-09-08,1.9445937871932983
2010-09-09,1.9490948915481567
2010-09-10,1.9806045293807983
2010-09-13,1.9806045293807983
2010-09-14,1.9806045293807983
2010-09-15,1.9941085577011108
2010-09-16,2.0121142864227295
2010-09-17,1.97610342502594
2010-09-20,1.971602201461792
2010-09-21,1.97610342502594
2010-09-22,1.9896076917648315
2010-09-23,1.9400924444198608
2010-09-24,1.9400924444198608
2010-09-27,1.9535969495773315
2010-09-28,1.9625990390777588
2010-09-29,1.971602201461792
2010-09-30,1.9671003818511963
2010-10-01,1.971602201461792
2010-10-04,1.9851058721542358
2010-10-05,1.97610342502594
2010-10-06,1.9625990390777588
2010-10-07,1.9625990390777588
2010-10-08,1.9535969495773315
2010-10-11,1.9671003818511963
2010-10-12,1.9671003818511963
2010-10-13,1.9851058721542358
2010-10-14,1.998610496520996
2010-10-15,1.998610496520996
2010-10-18,1.9941085577011108
2010-10-19,1.9671003818511963
2010-10-20,1.9806045293807983
2010-10-21,1.9580978155136108
2010-10-22,1.971602201461792
2010-10-25,1.97610342502594
2010-10-26,1.9671003818511963
2010-10-27,1.9625990390777588
2010-10-28,1.9625990390777588
2010-10-29,1.9671003818511963
2010-11-01,1.9490948915481567
2010-11-02,1.971602201461792
2010-11-03,1.9671003818511963
2010-11-04,1.97610342502594
2010-11-05,1.9896076917648315
2010-11-08,1.97610342502594
2010-11-09,2.0121142864227295
2010-11-10,2.0301201343536377
2010-11-11,2.016616106033325
2010-11-12,2.0301201343536377
2010-11-15,2.0391225814819336
2010-11-16,2.0301201343536377
2010-11-17,2.0256187915802
2010-11-18,1.9941085577011108
2010-11-19,1.97610342502594
2010-11-22,1.9671003818511963
2010-11-23,1.9671003818511963
2010-11-24,1.9535969495773315
2010-11-25,1.9445937871932983
2010-11-26,1.9445937871932983
2010-11-29,1.9265880584716797
2010-11-30,1.8770734071731567
2010-12-01,1.9130843877792358
2010-12-02,1.8770734071731567
2010-12-03,1.8905775547027588
2010-12-06,1.8905775547027588
2010-12-07,1.8815746307373047
2010-12-08,1.868070363998413
2010-12-09,1.863446593284607
2010-12-10,1.8495750427246094
2010-12-13,1.8449509143829346
2010-12-14,1.8449509143829346
2010-12-15,1.8495750427246094
2010-12-16,1.895814061164856
2010-12-17,1.8819422721862793
2010-12-20,1.8726943731307983
2010-12-21,1.8911901712417603
2010-12-22,1.8819422721862793
2010-12-23,1.8819422721862793
2010-12-24,1.8911901712417603
2010-12-29,1.9004383087158203
2010-12-30,1.9004383087158203
2010-12-31,1.9004383087158203
2011-01-04,1.8911901712417603
2011-01-05,1.9096858501434326
2011-01-06,1.895814061164856
2011-01-07,1.895814061164856
2011-01-10,1.9004383087158203
2011-01-11,1.8911901712417603
2011-01-12,1.905061960220337
2011-01-13,1.9096858501434326
2011-01-14,1.9420535564422607
2011-01-17,1.960548996925354
2011-01-18,1.974421501159668
2011-01-19,1.9882926940917969
2011-01-20,1.9929168224334717
2011-01-21,1.9790445566177368
2011-01-24,1.974421501159668
2011-01-25,1.974421501159668
2011-01-27,1.960548996925354
2011-01-28,1.960548996925354
2011-01-31,1.9466769695281982
2011-02-01,1.9420535564422607
2011-02-02,1.9328054189682007
2011-02-03,1.9189337491989136
2011-02-04,1.9374291896820068
2011-02-07,1.9328054189682007
2011-02-08,1.9235574007034302
2011-02-09,1.9143092632293701
2011-02-10,1.9235574007034302
2011-02-11,1.895814061164856
2011-02-14,1.9096858501434326
2011-02-15,1.9096858501434326
2011-02-16,1.9096858501434326
2011-02-17,1.9143092632293701
2011-02-18,1.9143092632293701
2011-02-21,1.9096858501434326
2011-02-22,1.9004383087158203
2011-02-23,1.863446593284607
2011-02-24,1.8773181438446045
2011-02-25,1.8773181438446045
2011-02-28,1.8773181438446045
2011-03-01,1.8588225841522217
2011-03-02,1.8495750427246094
2011-03-03,1.8726943731307983
2011-03-04,1.905061960220337
2011-03-07,1.863446593284607
2011-03-08,1.8588225841522217
2011-03-09,1.8449509143829346
2011-03-10,1.8403270244598389
2011-03-11,1.8125827312469482
2011-03-15,1.784839153289795
2011-03-16,1.789463758468628
2011-03-17,1.8125827312469482
2011-03-18,1.8403270244598389
2011-03-21,1.8495750427246094
2011-03-22,1.8310794830322266
2011-03-23,1.8541983366012573
2011-03-24,1.8819422721862793
2011-03-25,1.8541983366012573
2011-03-28,1.8541983366012573
2011-03-29,1.8541983366012573
2011-03-30,1.9143092632293701
2011-03-31,1.9235574007034302
2011-04-01,1.9328054189682007
2011-04-04,1.928181529045105
2011-04-05,1.9374291896820068
2011-04-06,1.9374291896820068
2011-04-07,1.9328054189682007
2011-04-08,1.9374291896820068
2011-04-11,1.9143092632293701
2011-04-12,1.9004383087158203
2011-04-13,1.905061960220337
2011-04-14,1.9189337491989136
2011-04-15,1.9189337491989136
2011-04-18,1.9189337491989136
2011-04-19,1.9143092632293701
2011-04-20,1.9189337491989136
2011-04-21,1.951301097869873
2011-04-27,1.9189337491989136
2011-04-28,1.905061960220337
2011-04-29,1.8773181438446045
2011-05-02,1.8819422721862793
2011-05-03,1.8588225841522217
2011-05-04,1.8588225841522217
2011-05-05,1.868070363998413
2011-05-06,1.8588225841522217
2011-05-09,1.8588225841522217
2011-05-10,1.8541983366012573
2011-05-11,1.8357030153274536
2011-05-12,1.8218311071395874
2011-05-13,1.8495750427246094
2011-05-16,1.8310794830322266
2011-05-17,1.8357030153274536
2011-05-18,1.8449509143829346
2011-05-19,1.8541983366012573
2011-05-20,1.8588225841522217
2011-05-23,1.8449509143829346
2011-05-24,1.8264552354812622
2011-05-25,1.8310794830322266
2011-05-26,1.8495750427246094
2011-05-27,1.8541983366012573
2011-05-30,1.8310794830322266
2011-05-31,1.8125827312469482
2011-06-01,1.8449509143829346
2011-06-02,1.8218311071395874
2011-06-03,1.8125827312469482
2011-06-06,1.7940874099731445
2011-06-07,1.8033356666564941
2011-06-08,1.8541983366012573
2011-06-09,1.868070363998413
2011-06-10,1.8726943731307983
2011-06-14,1.8911901712417603
2011-06-15,1.8819422721862793
2011-06-16,1.8819422721862793
2011-06-17,1.9004383087158203
2011-06-20,1.905249834060669
2011-06-21,1.9629842042922974
2011-06-22,1.9870401620864868
2011-06-23,1.9918513298034668
2011-06-24,2.001473903656006
2011-06-27,1.9870401620864868
2011-06-28,1.9726064205169678
2011-06-29,1.9870401620864868
2011-06-30,1.9966628551483154
2011-07-01,1.9966628551483154
2011-07-04,1.9966628551483154
2011-07-05,1.9870401620864868
2011-07-06,1.9870401620864868
2011-07-07,1.9870401620864868
2011-07-08,1.9870401620864868
2011-07-11,1.9870401620864868
2011-07-12,1.9870401620864868
2011-07-13,1.9870401620864868
2011-07-14,1.9870401620864868
2011-07-15,1.9918513298034668
2011-07-18,1.9822291135787964
2011-07-19,1.9870401620864868
2011-07-20,2.0159077644348145
2011-07-21,2.025529623031616
2011-07-22,2.025529623031616
2011-07-25,1.9918513298034668
2011-07-26,1.9966628551483154
2011-07-27,1.9966628551483154
2011-07-28,1.9870401620864868
2011-07-29,2.001473903656006
2011-08-02,2.011096477508545
2011-08-03,1.9774184226989746
2011-08-04,1.9437391757965088
2011-08-05,1.8908153772354126
2011-08-08,1.857136607170105
2011-08-09,1.8090248107910156
2011-08-10,1.847514033317566
2011-08-11,1.837891697883606
2011-08-12,1.847514033317566
2011-08-15,1.8715709447860718
2011-08-16,1.8763824701309204
2011-08-17,1.9437391757965088
2011-08-18,1.905249834060669
2011-08-19,1.8667594194412231
2011-08-22,1.8811933994293213
2011-08-23,1.9437391757965088
2011-08-24,1.9533612728118896
2011-08-25,1.9774184226989746
2011-08-26,1.9437391757965088
2011-08-29,1.9485504627227783
2011-08-30,1.9341164827346802
2011-08-31,1.9533612728118896
2011-09-01,1.9822291135787964
2011-09-02,1.9341164827346802
2011-09-05,1.9437391757965088
2011-09-06,1.9629842042922974
2011-09-07,2.001473903656006
2011-09-08,2.0303409099578857
2011-09-09,2.0159077644348145
2011-09-12,1.9822291135787964
2011-09-13,1.9966628551483154
2011-09-14,1.9918513298034668
2011-09-15,1.9918513298034668
2011-09-16,1.9822291135787964
2011-09-19,1.9629842042922974
2011-09-20,1.9822291135787964
2011-09-21,1.9918513298034668
2011-09-22,1.9726064205169678
2011-09-23,1.9677951335906982
2011-09-26,1.9870401620864868
2011-09-27,1.9726064205169678
2011-09-28,1.9677951335906982
2011-09-29,1.9726064205169678
2011-09-30,1.9774184226989746
2011-10-04,1.9485504627227783
2011-10-05,1.9533612728118896
2011-10-06,1.9726064205169678
2011-10-07,2.001473903656006
2011-10-10,2.011096477508545
2011-10-11,2.039963722229004
2011-10-12,2.0303409099578857
2011-10-13,2.020719051361084
2011-10-14,2.011096477508545
2011-10-17,2.0351524353027344
2011-10-18,2.0062856674194336
2011-10-19,2.011096477508545
2011-10-20,1.9918513298034668
2011-10-21,1.9966628551483154
2011-10-24,2.025529623031616
2011-10-25,2.0159077644348145
2011-10-26,2.020719051361084
2011-10-27,2.039963722229004
2011-10-28,2.025529623031616
2011-10-31,2.0062856674194336
2011-11-02,1.9966628551483154
2011-11-03,1.9822291135787964
2011-11-04,1.9822291135787964
2011-11-07,1.9966628551483154
2011-11-08,1.9966628551483154
2011-11-09,2.001473903656006
2011-11-10,2.0303409099578857
2011-11-11,2.0640199184417725
2011-11-14,2.0928874015808105
2011-11-15,2.078453779220581
2011-11-16,2.0351524353027344
2011-11-17,2.0062856674194336
2011-11-18,1.9774184226989746
2011-11-21,1.9774184226989746
2011-11-22,1.9533612728118896
2011-11-23,1.9341164827346802
2011-11-24,1.9533612728118896
2011-11-25,1.9293053150177002
2011-11-28,1.9196832180023193
2011-11-29,1.910061001777649
2011-11-30,1.9389275312423706
2011-12-01,1.9581726789474487
2011-12-02,2.039963722229004
2011-12-05,2.0447757244110107
2011-12-06,2.025529623031616
2011-12-07,2.059208631515503
2011-12-08,2.0159077644348145
2011-12-09,2.0084872245788574
2011-12-12,2.0480635166168213
2011-12-13,2.0678513050079346
2011-12-14,2.0826923847198486
2011-12-15,2.043116807937622
2011-12-16,2.0826923847198486
2011-12-19,2.003539800643921
2011-12-20,1.9985932111740112
2011-12-21,2.057957172393799
2011-12-22,2.0480635166168213
2011-12-23,2.0678513050079346
2011-12-28,2.0332226753234863
2011-12-29,2.0084872245788574
2011-12-30,1.9985932111740112
2012-01-03,1.988698959350586
2012-01-04,2.0332226753234863
2012-01-05,2.018381118774414
2012-01-06,2.0381693840026855
2012-01-09,2.028275489807129
2012-01-10,2.0530104637145996
2012-01-11,2.057957172393799
2012-01-12,2.0084872245788574
2012-01-13,2.0084872245788574
2012-01-16,2.003539800643921
2012-01-17,2.0233280658721924
2012-01-18,2.018381118774414
2012-01-19,2.003539800643921
2012-01-20,2.018381118774414
2012-01-23,2.028275489807129
2012-01-24,2.028275489807129
2012-01-25,2.003539800643921
2012-01-27,2.018381118774414
2012-01-30,2.0084872245788574
2012-01-31,1.9985932111740112
2012-02-01,1.993646264076233
2012-02-02,1.983751893043518
2012-02-03,1.9738579988479614
2012-02-06,1.983751893043518
2012-02-07,1.993646264076233
2012-02-08,1.983751893043518
2012-02-09,1.9788050651550293
2012-02-10,1.9788050651550293
2012-02-13,2.013434648513794
2012-02-14,2.0084872245788574
2012-02-15,2.018381118774414
2012-02-16,1.993646264076233
2012-02-17,2.013434648513794
2012-02-20,2.0233280658721924
2012-02-21,2.0381693840026855
2012-02-22,2.0480635166168213
2012-02-23,2.057957172393799
2012-02-24,2.077745199203491
2012-02-27,2.0678513050079346
2012-02-28,2.0975329875946045
2012-02-29,2.0975329875946045
2012-03-01,2.062904119491577
2012-03-02,2.0530104637145996
2012-03-05,2.062904119491577
2012-03-06,2.0530104637145996
2012-03-07,2.0381693840026855
2012-03-08,2.013434648513794
2012-03-09,2.0084872245788574
2012-03-12,2.0084872245788574
2012-03-13,2.0332226753234863
2012-03-14,2.0332226753234863
2012-03-15,2.0332226753234863
2012-03-16,2.0233280658721924
2012-03-19,2.0381693840026855
2012-03-20,2.028275489807129
2012-03-21,2.0381693840026855
2012-03-22,2.0530104637145996
2012-03-23,2.057957172393799
2012-03-26,2.057957172393799
2012-03-27,2.0925867557525635
2012-03-28,2.117321252822876
2012-03-29,2.127215623855591
2012-03-30,2.127215623855591
2012-04-02,2.127215623855591
2012-04-03,2.028275489807129
2012-04-04,1.988698959350586
2012-04-05,1.9738579988479614
2012-04-10,1.9342821836471558
2012-04-11,1.9194409847259521
2012-04-12,1.9342821836471558
2012-04-13,1.9392290115356445
2012-04-16,1.929335355758667
2012-04-17,1.9194409847259521
2012-04-18,1.9392290115356445
2012-04-19,1.9738579988479614
2012-04-20,1.9738579988479614
2012-04-23,1.9689114093780518
2012-04-24,1.9590173959732056
2012-04-26,1.9788050651550293
2012-04-27,1.9689114093780518
2012-04-30,1.9590173959732056
2012-05-01,1.988698959350586
2012-05-02,1.988698959350586
2012-05-03,1.9985932111740112
2012-05-04,1.988698959350586
2012-05-07,1.9738579988479614
2012-05-08,2.013434648513794
2012-05-09,2.003539800643921
2012-05-10,2.0084872245788574
2012-05-11,1.9788050651550293
2012-05-14,1.9689114093780518
2012-05-15,1.9590173959732056
2012-05-16,1.9342821836471558
2012-05-17,1.9342821836471558
2012-05-18,1.944176197052002
2012-05-21,1.9392290115356445
2012-05-22,1.983751893043518
2012-05-23,1.9392290115356445
2012-05-24,1.9540698528289795
2012-05-25,1.944176197052002
2012-05-28,1.944176197052002
2012-05-29,1.9540698528289795
2012-05-30,1.944176197052002
2012-05-31,1.8897590637207031
2012-06-01,1.904599666595459
2012-06-04,1.9144941568374634
2012-06-05,1.9194409847259521
2012-06-06,1.944176197052002
2012-06-07,1.9689114093780518
2012-06-08,1.9738579988479614
2012-06-12,2.003539800643921
2012-06-13,2.013434648513794
2012-06-14,1.9788050651550293
2012-06-15,1.9689114093780518
2012-06-18,1.988698959350586
2012-06-19,1.9639642238616943
2012-06-20,1.8897590637207031
2012-06-21,1.8699709177017212
2012-06-22,1.8699709177017212
2012-06-25,1.8699709177017212
2012-06-26,1.8501825332641602
2012-06-27,1.8501825332641602
2012-06-28,1.8501825332641602
2012-06-29,1.6671433448791504
2012-07-02,1.6968250274658203
2012-07-03,1.7150150537490845
2012-07-04,1.7254092693328857
2012-07-05,1.6734384298324585
2012-07-06,1.6578480005264282
2012-07-09,1.6838326454162598
2012-07-10,1.6630449295043945
2012-07-11,1.6578480005264282
2012-07-12,1.6474541425704956
2012-07-13,1.6474541425704956
2012-07-16,1.6630449295043945
2012-07-17,1.7046207189559937
2012-07-18,1.6838326454162598
2012-07-19,1.6838326454162598
2012-07-20,1.6734384298324585
2012-07-23,1.6630449295043945
2012-07-24,1.6734384298324585
2012-07-25,1.6630449295043945
2012-07-26,1.678635597229004
2012-07-27,1.7150150537490845
2012-07-30,1.7410001754760742
2012-07-31,1.7721821069717407
2012-08-01,1.7410001754760742
2012-08-02,1.7513940334320068
2012-08-03,1.7669849395751953
2012-08-06,1.7877733707427979
2012-08-07,1.7721821069717407
2012-08-08,1.7825757265090942
2012-08-09,1.792970061302185
2012-08-10,1.8033642768859863
2012-08-13,1.8189555406570435
2012-08-14,1.8033642768859863
2012-08-15,1.7825757265090942
2012-08-16,1.8189555406570435
2012-08-17,1.8137582540512085
2012-08-20,1.834546446800232
2012-08-21,1.844940423965454
2012-08-22,1.8813197612762451
2012-08-23,1.870924949645996
2012-08-24,1.886516809463501
2012-08-27,1.870924949645996
2012-08-28,1.886516809463501
2012-08-29,1.9021081924438477
2012-08-30,1.896910548210144
2012-08-31,1.9021081924438477
2012-09-03,1.922895908355713
2012-09-04,1.9125016927719116
2012-09-05,1.9021081924438477
2012-09-06,1.9280925989151
2012-09-07,1.9280925989151
2012-09-10,1.922895908355713
2012-09-11,1.886516809463501
2012-09-12,1.896910548210144
2012-09-13,1.917698621749878
2012-09-14,1.8917136192321777
2012-09-17,1.8553342819213867
2012-09-18,1.8657279014587402
2012-09-19,1.870924949645996
2012-09-20,1.8501378297805786
2012-09-21,1.8657279014587402
2012-09-24,1.870924949645996
2012-09-25,1.876122236251831
2012-09-26,1.896910548210144
2012-09-27,1.8553342819213867
2012-09-28,1.8397431373596191
2012-10-01,1.8397431373596191
2012-10-02,1.8813197612762451
2012-10-03,1.886516809463501
2012-10-04,1.876122236251831
2012-10-05,1.9073044061660767
2012-10-08,1.9125016927719116
2012-10-09,1.922895908355713
2012-10-10,1.922895908355713
2012-10-11,1.9280925989151
2012-10-12,1.917698621749878
2012-10-15,1.9125016927719116
2012-10-16,1.9332895278930664
2012-10-17,1.9540776014328003
2012-10-18,1.9280925989151
2012-10-19,1.9332895278930664
2012-10-22,1.922895908355713
2012-10-23,1.922895908355713
2012-10-24,1.922895908355713
2012-10-25,1.917698621749878
2012-10-26,1.917698621749878
2012-10-29,1.917698621749878
2012-10-30,1.8917136192321777
2012-10-31,1.9021081924438477
2012-11-01,1.860531210899353
2012-11-02,1.8657279014587402
2012-11-05,1.8813197612762451
2012-11-06,1.876122236251831
2012-11-07,1.8657279014587402
2012-11-08,1.8397431373596191
2012-11-09,1.8397431373596191
2012-11-12,1.844940423965454
2012-11-13,1.8137582540512085
2012-11-14,1.7877733707427979
2012-11-15,1.7773791551589966
2012-11-16,1.7825757265090942
2012-11-19,1.8137582540512085
2012-11-20,1.8137582540512085
2012-11-21,1.7981675863265991
2012-11-22,1.7981675863265991
2012-11-23,1.8189555406570435
2012-11-26,1.8501378297805786
2012-11-27,1.8501378297805786
2012-11-28,1.834546446800232
2012-11-29,1.8241524696350098
2012-11-30,1.7825757265090942
2012-12-03,1.7358027696609497
2012-12-04,1.7513940334320068
2012-12-05,1.7358027696609497
2012-12-06,1.7410001754760742
2012-12-07,1.7150150537490845
2012-12-10,1.7284765243530273
2012-12-11,1.7284765243530273
2012-12-12,1.7015533447265625
2012-12-13,1.7177073955535889
2012-12-14,1.7177073955535889
2012-12-17,1.7338612079620361
2012-12-18,1.7392456531524658
2012-12-19,1.7715539932250977
2012-12-20,1.7553999423980713
2012-12-21,1.8038618564605713
2012-12-24,1.8092470169067383
2012-12-27,1.8200161457061768
2012-12-28,1.8200161457061768
2012-12-31,1.7877079248428345
2013-01-02,1.8146312236785889
2013-01-03,1.8146312236785889
2013-01-04,1.8254003524780273
2013-01-07,1.836169958114624
2013-01-08,1.8469390869140625
2013-01-09,1.8307852745056152
2013-01-10,1.8092470169067383
2013-01-11,1.8200161457061768
2013-01-14,1.8415544033050537
2013-01-15,1.884631633758545
2013-01-16,1.9061706066131592
2013-01-17,1.922324299812317
2013-01-18,1.9330936670303345
2013-01-21,1.9707860946655273
2013-01-22,1.9761714935302734
2013-01-23,1.9654016494750977
2013-01-24,1.9761714935302734
2013-01-25,2.003094434738159
2013-01-29,2.0407872200012207
2013-01-30,2.0623257160186768
2013-01-31,2.05155611038208
2013-02-01,2.0623257160186768
2013-02-04,2.05155611038208
2013-02-05,2.0461719036102295
2013-02-06,2.105403184890747
2013-02-07,2.126941680908203
2013-02-08,2.1323258876800537
2013-02-11,2.1484806537628174
2013-02-12,2.1484806537628174
2013-02-13,2.159249782562256
2013-02-14,2.196942090988159
2013-02-15,2.1861729621887207
2013-02-18,2.1700193881988525
2013-02-19,2.126941680908203
2013-02-20,2.175403356552124
2013-02-21,2.1646344661712646
2013-02-22,2.1861729621887207
2013-02-25,2.256174087524414
2013-02-26,2.175403356552124
2013-02-27,2.1700193881988525
2013-02-28,2.196942090988159
2013-03-01,2.2238657474517822
2013-03-04,2.2130961418151855
2013-03-05,2.2238657474517822
2013-03-06,2.2669432163238525
2013-03-07,2.256174087524414
2013-03-08,2.277712345123291
2013-03-11,2.2884814739227295
2013-03-12,2.2669432163238525
2013-03-13,2.250788927078247
2013-03-14,2.229250431060791
2013-03-15,2.2669432163238525
2013-03-18,2.202326774597168
2013-03-19,2.1861729621887207
2013-03-20,2.202326774597168
2013-03-21,2.196942090988159
2013-03-22,2.196942090988159
2013-03-25,2.2184808254241943
2013-03-26,2.207711696624756
2013-03-27,2.229250431060791
2013-03-28,2.229250431060791
2013-04-02,2.234635353088379
2013-04-03,2.207711696624756
2013-04-04,2.1915576457977295
2013-04-05,2.1646344661712646
2013-04-08,2.1700193881988525
2013-04-09,2.180788278579712
2013-04-10,2.1915576457977295
2013-04-11,2.2130961418151855
2013-04-12,2.2130961418151855
2013-04-15,2.2238657474517822
2013-04-16,2.196942090988159
2013-04-17,2.202326774597168
2013-04-18,2.1700193881988525
2013-04-19,2.180788278579712
2013-04-22,2.1700193881988525
2013-04-23,2.207711696624756
2013-04-24,2.2130961418151855
2013-04-26,2.207711696624756
2013-04-29,2.202326774597168
2013-04-30,2.202326774597168
2013-05-01,2.2184808254241943
2013-05-02,2.2454042434692383
2013-05-03,2.229250431060791
2013-05-06,2.2184808254241943
2013-05-07,2.234635353088379
2013-05-08,2.207711696624756
2013-05-09,2.2669432163238525
2013-05-10,2.277712345123291
2013-05-13,2.2669432163238525
2013-05-14,2.2400193214416504
2013-05-15,2.234635353088379
2013-05-16,2.250788927078247
2013-05-17,2.1915576457977295
2013-05-20,2.2130961418151855
2013-05-21,2.229250431060791
2013-05-22,2.180788278579712
2013-05-23,2.196942090988159
2013-05-24,2.126941680908203
2013-05-27,2.0946335792541504
2013-05-28,2.1484806537628174
2013-05-29,2.1215569972991943
2013-05-30,2.089249610900879
2013-05-31,2.0838639736175537
2013-06-03,2.0246329307556152
2013-06-04,2.089249610900879
2013-06-05,2.05155611038208
2013-06-06,1.9977095127105713
2013-06-07,2.0138635635375977
2013-06-11,1.9815555810928345
2013-06-12,1.9869402647018433
2013-06-13,1.9384785890579224
2013-06-14,1.9115550518035889
2013-06-17,1.9438631534576416
2013-06-18,1.8900165557861328
2013-06-19,1.9384785890579224
2013-06-20,1.8954010009765625
2013-06-21,1.8523240089416504
2013-06-24,1.9438631534576416
2013-06-25,1.949248194694519
2013-06-26,1.9654016494750977
2013-06-27,1.9815555810928345
2013-06-28,1.9843744039535522
2013-07-01,1.956187129020691
2013-07-02,1.9956494569778442
2013-07-03,1.9392751455307007
2013-07-04,1.9674619436264038
2013-07-05,1.9730995893478394
2013-07-08,1.961824655532837
2013-07-09,1.9900121688842773
2013-07-10,2.057661294937134
2013-07-11,2.057661294937134
2013-07-12,2.0181992053985596
2013-07-15,2.001286745071411
2013-07-16,2.0294740200042725
2013-07-17,2.0238358974456787
2013-07-18,2.0294740200042725
2013-07-19,2.046386241912842
2013-07-22,2.074573278427124
2013-07-23,2.035111427307129
2013-07-24,2.0407488346099854
2013-07-25,2.0802109241485596
2013-07-26,2.085848093032837
2013-07-29,2.0689358711242676
2013-07-30,1.9730995893478394
2013-07-31,1.9449125528335571
2013-08-01,1.9730995893478394
2013-08-02,1.9900121688842773
2013-08-05,1.9674619436264038
2013-08-06,1.9449125528335571
2013-08-07,1.950549840927124
2013-08-08,1.9900121688842773
2013-08-09,1.9674619436264038
2013-08-12,1.9843744039535522
2013-08-13,2.0181992053985596
2013-08-14,2.0181992053985596
2013-08-15,1.9787371158599854
2013-08-16,1.956187129020691
2013-08-19,1.9787371158599854
2013-08-20,1.961824655532837
2013-08-21,1.9730995893478394
2013-08-22,1.961824655532837
2013-08-23,1.961824655532837
2013-08-26,1.956187129020691
2013-08-27,1.9449125528335571
2013-08-28,1.8321638107299805
2013-08-29,1.787064552307129
2013-08-30,1.8321638107299805
2013-09-02,1.843438744544983
2013-09-03,1.8716259002685547
2013-09-04,1.837801456451416
2013-09-05,1.8096141815185547
2013-09-06,1.8152515888214111
2013-09-09,1.843438744544983
2013-09-10,1.8659887313842773
2013-09-11,1.888538122177124
2013-09-12,1.89417564868927
2013-09-13,1.888538122177124
2013-09-16,1.888538122177124
2013-09-17,1.888538122177124
2013-09-18,1.8547139167785645
2013-09-19,1.837801456451416
2013-09-20,1.8603508472442627
2013-09-23,1.8208891153335571
2013-09-24,1.8039767742156982
2013-09-25,1.8096141815185547
2013-09-26,1.826526403427124
2013-09-27,1.8208891153335571
2013-09-30,1.8039767742156982
2013-10-01,1.787064552307129
2013-10-02,1.8208891153335571
2013-10-03,1.8208891153335571
2013-10-04,1.8152515888214111
2013-10-07,1.8152515888214111
2013-10-08,1.8039767742156982
2013-10-09,1.8321638107299805
2013-10-10,1.8096141815185547
2013-10-11,1.8208891153335571
2013-10-14,1.8208891153335571
2013-10-15,1.8152515888214111
2013-10-16,1.787064552307129
2013-10-17,1.8152515888214111
2013-10-18,1.826526403427124
2013-10-21,1.8208891153335571
2013-10-22,1.8152515888214111
2013-10-23,1.8208891153335571
2013-10-24,1.8208891153335571
2013-10-25,1.8096141815185547
2013-10-28,1.8096141815185547
2013-10-29,1.8659887313842773
2013-10-30,1.8659887313842773
2013-10-31,1.888538122177124
2013-11-01,1.8998126983642578
2013-11-04,1.8716259002685547
2013-11-05,1.8603508472442627
2013-11-06,1.8603508472442627
2013-11-07,1.8829002380371094
2013-11-08,1.8659887313842773
2013-11-11,1.8547139167785645
2013-11-12,1.843438744544983
2013-11-13,1.826526403427124
2013-11-14,1.8321638107299805
2013-11-15,1.8321638107299805
2013-11-18,1.8208891153335571
2013-11-19,1.8039767742156982
2013-11-20,1.8039767742156982
2013-11-21,1.7814271450042725
2013-11-22,1.8152515888214111
2013-11-25,1.7814271450042725
2013-11-26,1.7757898569107056
2013-11-27,1.7306902408599854
2013-11-28,1.725052833557129
2013-11-29,1.7194154262542725
2013-12-02,1.8490760326385498
2013-12-03,1.7757898569107056
2013-12-04,1.7476027011871338
2013-12-05,1.713777780532837
2013-12-06,1.7025030851364136
2013-12-09,1.7757898569107056
2013-12-10,1.764514684677124
2013-12-11,1.764514684677124
2013-12-12,1.7476027011871338
2013-12-13,1.7419651746749878
2013-12-16,1.826526403427124
2013-12-17,1.8490760326385498
2013-12-18,1.8321638107299805
2013-12-19,1.8490760326385498
2013-12-20,1.826526403427124
2013-12-23,1.843438744544983
2013-12-24,1.8603508472442627
2013-12-27,1.8516441583633423
2013-12-30,1.8400352001190186
2013-12-31,1.834230661392212
2014-01-02,1.834230661392212
2014-01-03,1.8110122680664062
2014-01-06,1.7994036674499512
2014-01-07,1.7994036674499512
2014-01-08,1.8226215839385986
2014-01-09,1.80520761013031
2014-01-10,1.80520761013031
2014-01-13,1.7994036674499512
2014-01-14,1.776185393333435
2014-01-15,1.7645761966705322
2014-01-16,1.793599009513855
2014-01-17,1.8110122680664062
2014-01-20,1.7819899320602417
2014-01-21,1.7994036674499512
2014-01-22,1.7877944707870483
2014-01-23,1.7645761966705322
2014-01-24,1.7645761966705322
2014-01-28,1.7529672384262085
2014-01-29,1.7587721347808838
2014-01-30,1.7355536222457886
2014-01-31,1.7529672384262085
2014-02-03,1.7413582801818848
2014-02-04,1.7239444255828857
2014-02-05,1.6833128929138184
2014-02-06,1.729749321937561
2014-02-07,1.7471622228622437
2014-02-10,1.7413582801818848
2014-02-11,1.7413582801818848
2014-02-12,1.7413582801818848
2014-02-13,1.7413582801818848
2014-02-14,1.7355536222457886
2014-02-17,1.7413582801818848
2014-02-18,1.7355536222457886
2014-02-19,1.7471622228622437
2014-02-20,1.7413582801818848
2014-02-21,1.7529672384262085
2014-02-24,1.7877944707870483
2014-02-25,1.8110122680664062
2014-02-26,1.80520761013031
2014-02-27,1.793599009513855
2014-02-28,1.7994036674499512
2014-03-03,1.8226215839385986
2014-03-04,1.8284262418746948
2014-03-05,1.857448697090149
2014-03-06,1.8632532358169556
2014-03-07,1.8748623132705688
2014-03-10,1.8748623132705688
2014-03-11,1.857448697090149
2014-03-12,1.8516441583633423
2014-03-13,1.8516441583633423
2014-03-14,1.8284262418746948
2014-03-17,1.80520761013031
2014-03-18,1.8110122680664062
2014-03-19,1.8110122680664062
2014-03-20,1.8284262418746948
2014-03-21,1.6542903184890747
2014-03-24,1.567221999168396
2014-03-25,1.5498087406158447
2014-03-26,1.5440038442611694
2014-03-27,1.5265909433364868
2014-03-28,1.5498087406158447
2014-03-31,1.5207862854003906
2014-04-01,1.4859590530395508
2014-04-02,1.4917634725570679
2014-04-03,1.4975682497024536
2014-04-04,1.514981746673584
2014-04-07,1.5091769695281982
2014-04-08,1.5207862854003906
2014-04-09,1.567221999168396
2014-04-10,1.567221999168396
2014-04-11,1.5440038442611694
2014-04-14,1.5440038442611694
2014-04-15,1.567221999168396
2014-04-16,1.5788313150405884
2014-04-17,1.5962450504302979
2014-04-22,1.590440273284912
2014-04-23,1.5962450504302979
2014-04-24,1.6078543663024902
2014-04-28,1.6136583089828491
2014-04-29,1.602049469947815
2014-04-30,1.6136583089828491
2014-05-01,1.5962450504302979
2014-05-02,1.590440273284912
2014-05-05,1.602049469947815
2014-05-06,1.6136583089828491
2014-05-07,1.5962450504302979
2014-05-08,1.6194630861282349
2014-05-09,1.6136583089828491
2014-05-12,1.602049469947815
2014-05-13,1.6078543663024902
2014-05-14,1.6368768215179443
2014-05-15,1.6368768215179443
2014-05-16,1.6600950956344604
2014-05-19,1.6136583089828491
2014-05-20,1.631071925163269
2014-05-21,1.631071925163269
2014-05-22,1.631071925163269
2014-05-23,1.5962450504302979
2014-05-26,1.6484858989715576
2014-05-27,1.6717039346694946
2014-05-28,1.6775082349777222
2014-05-29,1.6600950956344604
2014-05-30,1.6542903184890747
2014-06-02,1.6717039346694946
2014-06-03,1.6426814794540405
2014-06-04,1.6717039346694946
2014-06-05,1.7065311670303345
2014-06-06,1.70072603225708
2014-06-10,1.70072603225708
2014-06-11,1.7181404829025269
2014-06-12,1.729749321937561
2014-06-13,1.6542903184890747
2014-06-16,1.6484858989715576
2014-06-17,1.631071925163269
2014-06-18,1.6136583089828491
2014-06-19,1.6484858989715576
2014-06-20,1.6078543663024902
2014-06-23,1.6542903184890747
2014-06-24,1.5962450504302979
2014-06-25,1.6194630861282349
2014-06-26,1.6542903184890747
2014-06-27,1.6123340129852295
2014-06-30,1.582364797592163
2014-07-01,1.5883582830429077
2014-07-02,1.6183273792266846
2014-07-03,1.6123340129852295
2014-07-04,1.6243213415145874
2014-07-07,1.6063401699066162
2014-07-08,1.6243213415145874
2014-07-09,1.594352126121521
2014-07-10,1.594352126121521
2014-07-11,1.5883582830429077
2014-07-14,1.6063401699066162
2014-07-15,1.6183273792266846
2014-07-16,1.6303149461746216
2014-07-17,1.6243213415145874
2014-07-18,1.6423026323318481
2014-07-21,1.6243213415145874
2014-07-22,1.6303149461746216
2014-07-23,1.6542903184890747
2014-07-24,1.6782654523849487
2014-07-25,1.672271490097046
2014-07-28,1.696246862411499
2014-07-29,1.7322100400924683
2014-07-30,1.7142282724380493
2014-07-31,1.7441976070404053
2014-08-01,1.7382034063339233
2014-08-04,1.7382034063339233
2014-08-05,1.7501912117004395
2014-08-06,1.7382034063339233
2014-08-07,1.7202221155166626
2014-08-08,1.7142282724380493
2014-08-11,1.7022405862808228
2014-08-12,1.7082343101501465
2014-08-13,1.7142282724380493
2014-08-14,1.7202221155166626
2014-08-15,1.7202221155166626
2014-08-18,1.726216197013855
2014-08-19,1.7322100400924683
2014-08-20,1.7322100400924683
2014-08-21,1.7501912117004395
2014-08-22,1.696246862411499
2014-08-25,1.7202221155166626
2014-08-26,1.7082343101501465
2014-08-27,1.7202221155166626
2014-08-28,1.6782654523849487
2014-08-29,1.684259057044983
2014-09-01,1.684259057044983
2014-09-02,1.7082343101501465
2014-09-03,1.7082343101501465
2014-09-04,1.7142282724380493
2014-09-05,1.7022405862808228
2014-09-08,1.6782654523849487
2014-09-09,1.6782654523849487
2014-09-10,1.690252661705017
2014-09-11,1.696246862411499
2014-09-12,1.672271490097046
2014-09-15,1.6363086700439453
2014-09-16,1.6423026323318481
2014-09-17,1.6243213415145874
2014-09-18,1.6423026323318481
2014-09-19,1.6003460884094238
2014-09-22,1.6243213415145874
2014-09-23,1.6782654523849487
2014-09-24,1.6183273792266846
2014-09-25,1.6003460884094238
2014-09-26,1.5523955821990967
2014-09-29,1.5703767538070679
2014-09-30,1.5763708353042603
2014-10-01,1.6183273792266846
2014-10-02,1.5883582830429077
2014-10-03,1.5523955821990967
2014-10-06,1.5703767538070679
2014-10-07,1.5883582830429077
2014-10-08,1.5643829107284546
2014-10-09,1.5883582830429077
2014-10-10,1.5344140529632568
2014-10-13,1.5404077768325806
2014-10-14,1.5523955821990967
2014-10-15,1.582364797592163
2014-10-16,1.582364797592163
2014-10-17,1.582364797592163
2014-10-20,1.5763708353042603
2014-10-21,1.6003460884094238
2014-10-22,1.6363086700439453
2014-10-23,1.6423026323318481
2014-10-24,1.6662774085998535
2014-10-27,1.6423026323318481
2014-10-28,1.6243213415145874
2014-10-29,1.6542903184890747
2014-10-30,1.6782654523849487
2014-10-31,1.696246862411499
2014-11-03,1.672271490097046
2014-11-04,1.7022405862808228
2014-11-05,1.684259057044983
2014-11-06,1.6782654523849487
2014-11-07,1.7082343101501465
2014-11-10,1.7382034063339233
2014-11-11,1.7441976070404053
2014-11-12,1.726216197013855
2014-11-13,1.7202221155166626
2014-11-14,1.7382034063339233
2014-11-17,1.7202221155166626
2014-11-18,1.684259057044983
2014-11-19,1.7142282724380493
2014-11-20,1.690252661705017
2014-11-21,1.6183273792266846
2014-11-24,1.6363086700439453
2014-11-25,1.582364797592163
2014-11-26,1.6003460884094238
2014-11-27,1.5703767538070679
2014-11-28,1.5643829107284546
2014-12-01,1.3066494464874268
2014-12-02,1.1388230323791504
2014-12-03,1.1987611055374146
2014-12-04,1.1956634521484375
2014-12-05,1.1522974967956543
2014-12-08,1.1337121725082397
2014-12-09,1.1182243824005127
2014-12-10,1.0903459787368774
2014-12-11,1.1058340072631836
2014-12-12,1.0903459787368774
2014-12-15,1.0903459787368774
2014-12-16,1.0624678134918213
2014-12-17,1.0655653476715088
2014-12-18,1.0655653476715088
2014-12-19,1.1089314222335815
2014-12-22,1.1584926843643188
2014-12-23,1.1182243824005127
2014-12-24,1.1213217973709106
2014-12-29,1.1584926843643188
2014-12-30,1.1337121725082397
2014-12-31,1.1491999626159668
2015-01-02,1.1430048942565918
2015-01-05,1.1027363538742065
2015-01-06,1.0098090171813965
2015-01-07,1.0098090171813965
2015-01-08,0.9726383090019226
2015-01-09,1.0067113637924194
2015-01-12,1.0067113637924194
2015-01-13,0.9881261587142944
2015-01-14,0.9819308519363403
2015-01-15,0.9726383090019226
2015-01-16,0.9540526270866394
2015-01-19,0.9447599053382874
2015-01-20,0.9354673624038696
2015-01-21,0.9137842655181885
2015-01-22,0.9013940095901489
2015-01-23,0.9230768084526062
2015-01-27,0.9416624307632446
2015-01-28,0.9416624307632446
2015-01-29,0.9168819189071655
2015-01-30,0.9044914245605469
2015-02-02,0.8797110319137573
2015-02-03,0.9013940095901489
2015-02-04,0.9323698282241821
2015-02-05,0.9571505188941956
2015-02-06,0.9292723536491394
2015-02-09,0.9447599053382874
2015-02-10,0.9261746406555176
2015-02-11,0.9137842655181885
2015-02-12,0.9075890183448792
2015-02-13,0.9106865525245667
2015-02-16,0.9354673624038696
2015-02-17,1.0036139488220215
2015-02-18,0.9540526270866394
2015-02-19,0.9788334369659424
2015-02-20,1.0283946990966797
2015-02-23,1.000516414642334
2015-02-24,0.9726383090019226
2015-02-25,1.0345896482467651
2015-02-26,0.9695405960083008
2015-02-27,0.9726383090019226
2015-03-02,0.9044914245605469
2015-03-03,0.9199793934822083
2015-03-04,0.9106865525245667
2015-03-05,0.9137842655181885
2015-03-06,0.9137842655181885
2015-03-09,0.8797110319137573
2015-03-10,0.8487352728843689
2015-03-11,0.8332474827766418
2015-03-12,0.8735157251358032
2015-03-13,0.8704181909561157
2015-03-16,0.8859060406684875
2015-03-17,0.9261746406555176
2015-03-18,0.9106865525245667
2015-03-19,0.9137842655181885
2015-03-20,0.9385647177696228
2015-03-23,0.9323698282241821
2015-03-24,0.9385647177696228
2015-03-25,0.9292723536491394
2015-03-26,0.9168819189071655
2015-03-27,0.9106865525245667
2015-03-30,0.9354673624038696
2015-03-31,0.9602478742599487
2015-04-01,0.9137842655181885
2015-04-02,0.9044914245605469
2015-04-07,0.8982962965965271
2015-04-08,0.9013940095901489
2015-04-09,0.8921014070510864
2015-04-10,0.9044914245605469
2015-04-13,0.8951990008354187
2015-04-14,0.8921014070510864
2015-04-15,0.8673208355903625
2015-04-16,0.8797110319137573
2015-04-17,0.8642231225967407
2015-04-20,0.8487352728843689
2015-04-21,0.8332474827766418
2015-04-22,0.8301500082015991
2015-04-23,0.8301500082015991
2015-04-24,0.8115643858909607
2015-04-27,0.8270522952079773
2015-04-28,0.8456373810768127
2015-04-29,0.8301500082015991
2015-04-30,0.820857048034668
2015-05-01,0.8146620988845825
2015-05-04,0.8084665536880493
2015-05-05,0.8115643858909607
2015-05-06,0.8022716045379639
2015-05-07,0.771295964717865
2015-05-08,0.7836862206459045
2015-05-11,0.7681983113288879
2015-05-12,0.7867839336395264
2015-05-13,0.8084665536880493
2015-05-14,0.7960763573646545
2015-05-15,0.8921014070510864
2015-05-18,0.8673208355903625
2015-05-19,0.8425401449203491
2015-05-20,0.820857048034668
2015-05-21,0.8425401449203491
2015-05-22,0.8518328666687012
2015-05-25,0.8549306392669678
2015-05-26,0.8642231225967407
2015-05-27,0.8394425511360168
2015-05-28,0.8549306392669678
2015-05-29,0.8549306392669678
2015-06-01,0.8859060406684875
2015-06-02,0.8921014070510864
2015-06-03,0.8580277562141418
2015-06-04,0.7062467336654663
2015-06-05,0.6938565969467163
2015-06-09,0.6907589435577393
2015-06-10,0.6845638751983643
2015-06-11,0.6814662218093872
2015-06-12,0.6845638751983643
2015-06-15,0.7000516653060913
2015-06-16,0.7000516653060913
2015-06-17,0.7031492590904236
2015-06-18,0.7031492590904236
2015-06-19,0.72483229637146
2015-06-22,0.7434177398681641
2015-06-23,0.7217347025871277
2015-06-24,0.7186370491981506
2015-06-25,0.7000516653060913
2015-06-26,0.6845638751983643
2015-06-29,0.6690760254859924
2015-06-30,0.6845638751983643
2015-07-01,0.6876612901687622
2015-07-02,0.7186370491981506
2015-07-03,0.6938565969467163
2015-07-06,0.6597832441329956
2015-07-07,0.653588056564331
2015-07-08,0.6473929286003113
2015-07-09,0.653588056564331
2015-07-10,0.653588056564331
2015-07-13,0.6473929286003113
2015-07-14,0.6628807783126831
2015-07-15,0.653588056564331
2015-07-16,0.653588056564331
2015-07-17,0.7217347025871277
2015-07-20,0.7031492590904236
2015-07-21,0.7124419808387756
2015-07-22,0.6814662218093872
2015-07-23,0.6566855907440186
2015-07-24,0.650490403175354
2015-07-27,0.653588056564331
2015-07-28,0.650490403175354
2015-07-29,0.6876612901687622
2015-07-30,0.7062467336654663
2015-07-31,0.7124419808387756
2015-08-03,0.7155395150184631
2015-08-04,0.7279298305511475
2015-08-05,0.7434177398681641
2015-08-06,0.7310273051261902
2015-08-07,0.7217347025871277
2015-08-10,0.7310273051261902
2015-08-11,0.7279298305511475
2015-08-12,0.7341248393058777
2015-08-13,0.6876612901687622
2015-08-14,0.6566855907440186
2015-08-17,0.6690760254859924
2015-08-18,0.6628807783126831
2015-08-19,0.6659783124923706
2015-08-20,0.6659783124923706
2015-08-21,0.6597832441329956
2015-08-24,0.6473929286003113
2015-08-25,0.6690760254859924
2015-08-26,0.6721736788749695
2015-08-27,0.6721736788749695
2015-08-28,0.6845638751983643
2015-08-31,0.6721736788749695
2015-09-01,0.650490403175354
2015-09-02,0.6473929286003113
2015-09-03,0.653588056564331
2015-09-04,0.653588056564331
2015-09-07,0.6442953944206238
2015-09-08,0.6566855907440186
2015-09-09,0.6628807783126831
2015-09-10,0.6721736788749695
2015-09-11,0.6628807783126831
2015-09-14,0.6659783124923706
2015-09-15,0.6473929286003113
2015-09-16,0.6659783124923706
2015-09-17,0.650490403175354
2015-09-18,0.6288074851036072
2015-09-21,0.6071245670318604
2015-09-22,0.6164172887802124
2015-09-23,0.6133196353912354
2015-09-24,0.6442953944206238
2015-09-25,0.6690760254859924
2015-09-28,0.6690760254859924
2015-09-29,0.650490403175354
2015-09-30,0.650490403175354
2015-10-01,0.6721736788749695
2015-10-02,0.6876612901687622
2015-10-05,0.7031492590904236
2015-10-06,0.72483229637146
2015-10-07,0.7372226119041443
2015-10-08,0.7558079957962036
2015-10-09,0.7836862206459045
2015-10-12,0.8115643858909607
2015-10-13,0.8363450765609741
2015-10-14,0.8580277562141418
2015-10-15,0.8487352728843689
2015-10-16,0.8766133189201355
2015-10-19,0.8456373810768127
2015-10-20,0.8332474827766418
2015-10-21,0.8456373810768127
2015-10-22,0.8146620988845825
2015-10-23,0.8239545822143555
2015-10-26,0.8270522952079773
2015-10-27,0.8239545822143555
2015-10-28,0.8301500082015991
2015-10-29,0.7434177398681641
2015-10-30,0.7372226119041443
2015-11-02,0.7279298305511475
2015-11-03,0.7496129274368286
2015-11-04,0.7836862206459045
2015-11-05,0.8115643858909607
2015-11-06,0.8332474827766418
2015-11-09,0.8332474827766418
2015-11-10,0.8363450765609741
2015-11-11,0.8332474827766418
2015-11-12,0.8425401449203491
2015-11-13,0.7991740703582764
2015-11-16,0.77749103307724
2015-11-17,0.7991740703582764
2015-11-18,0.8270522952079773
2015-11-19,0.8518328666687012
2015-11-20,0.8115643858909607
2015-11-23,0.820857048034668
2015-11-24,0.81775963306427
2015-11-25,0.8084665536880493
2015-11-26,0.8270522952079773
2015-11-27,0.81775963306427
2015-11-30,0.9168819189071655
2015-12-01,1.0407848358154297
2015-12-02,0.9664430022239685
2015-12-03,0.9819308519363403
2015-12-04,1.000516414642334
2015-12-07,0.9850285053253174
2015-12-08,0.9695405960083008
2015-12-09,0.9664430022239685
2015-12-10,0.9695405960083008
2015-12-11,0.9447599053382874
2015-12-14,0.9199793934822083
2015-12-15,0.9199793934822083
2015-12-16,0.9292723536491394
2015-12-17,0.9137842655181885
2015-12-18,0.9168819189071655
2015-12-21,0.9199793934822083
2015-12-22,0.9292723536491394
2015-12-23,0.9385647177696228
2015-12-24,0.9912238121032715
2015-12-28,0.9912238121032715
2015-12-29,1.0098090171813965
2015-12-30,1.0160043239593506
2015-12-31,1.000516414642334
2016-01-04,1.012906789779663
2016-01-05,1.0098090171813965
2016-01-06,1.0098090171813965
2016-01-07,1.0036139488220215
2016-01-08,0.9726383090019226
2016-01-11,0.9850285053253174
2016-01-12,0.9602478742599487
2016-01-13,0.9695405960083008
2016-01-14,0.9788334369659424
2016-01-15,0.9385647177696228
2016-01-18,1.012906789779663
2016-01-19,0.9974187612533569
2016-01-20,0.9912238121032715
2016-01-21,1.0407848358154297
2016-01-22,1.0934436321258545
2016-01-25,1.1151264905929565
2016-01-27,1.1058340072631836
2016-01-28,1.112028956413269
2016-01-29,1.0841506719589233
2016-02-01,1.0903459787368774
2016-02-02,1.0903459787368774
2016-02-03,1.0407848358154297
2016-02-04,1.0469797849655151
2016-02-05,1.0562728643417358
2016-02-08,1.0841506719589233
2016-02-09,1.0500773191452026
2016-02-10,1.0036139488220215
2016-02-11,1.0376873016357422
2016-02-12,1.0252971649169922
2016-02-15,1.059370517730713
2016-02-16,1.0841506719589233
2016-02-17,1.0841506719589233
2016-02-18,1.1213217973709106
2016-02-19,1.1275169849395752
2016-02-22,1.1244193315505981
2016-02-23,1.1089314222335815
2016-02-24,1.0748580694198608
2016-02-25,1.0407848358154297
2016-02-26,1.012906789779663
2016-02-29,1.0376873016357422
2016-03-01,1.019101858139038
2016-03-02,1.0345896482467651
2016-03-03,1.0500773191452026
2016-03-04,0.9943211078643799
2016-03-07,1.0376873016357422
2016-03-08,1.0531752109527588
2016-03-09,1.077955722808838
2016-03-10,1.0748580694198608
2016-03-11,1.1058340072631836
2016-03-14,1.1151264905929565
2016-03-15,1.1182243824005127
2016-03-16,1.0748580694198608
2016-03-17,1.0624678134918213
2016-03-18,1.077955722808838
2016-03-21,1.0965410470962524
2016-03-22,1.0903459787368774
2016-03-23,1.081053376197815
2016-03-24,1.0872483253479004
2016-03-29,1.0748580694198608
2016-03-30,1.0500773191452026
2016-03-31,1.077955722808838
2016-04-01,1.0748580694198608
2016-04-04,1.0872483253479004
2016-04-05,1.059370517730713
2016-04-06,1.0376873016357422
2016-04-07,1.0345896482467651
2016-04-08,1.0283946990966797
2016-04-11,1.000516414642334
2016-04-12,0.9850285053253174
2016-04-13,1.012906789779663
2016-04-14,1.0407848358154297
2016-04-15,1.0407848358154297
2016-04-18,1.0252971649169922
2016-04-19,1.0376873016357422
2016-04-20,1.0407848358154297
2016-04-21,1.0500773191452026
2016-04-22,1.0438822507858276
2016-04-26,1.0376873016357422
2016-04-27,1.0407848358154297
2016-04-28,1.081053376197815
2016-04-29,1.0903459787368774
2016-05-02,1.0965410470962524
2016-05-03,1.09963858127594
2016-05-04,1.077955722808838
2016-05-05,1.0872483253479004
2016-05-06,1.1058340072631836
2016-05-09,1.1213217973709106
2016-05-10,1.1151264905929565
2016-05-11,1.0872483253479004
2016-05-12,1.0655653476715088
2016-05-13,1.077955722808838
2016-05-16,1.1089314222335815
2016-05-17,1.1461023092269897
2016-05-18,1.19256591796875
2016-05-19,1.1739803552627563
2016-05-20,1.2452247142791748
2016-05-23,1.2111514806747437
2016-05-24,1.2235417366027832
2016-05-25,1.2266392707824707
2016-05-26,1.2266392707824707
2016-05-27,1.2390296459197998
2016-05-30,1.2576149702072144
2016-05-31,1.2700051069259644
2016-06-01,1.1956634521484375
2016-06-02,1.1956634521484375
2016-06-03,1.2204439640045166
2016-06-06,1.2359319925308228
2016-06-07,1.2297369241714478
2016-06-08,1.2576149702072144
2016-06-09,1.2452247142791748
2016-06-10,1.2947858572006226
2016-06-14,1.356737494468689
2016-06-15,1.3877131938934326
2016-06-16,1.3195664882659912
2016-06-17,1.313371181488037
2016-06-20,1.1491999626159668
2016-06-21,1.1956634521484375
2016-06-22,1.1461023092269897
2016-06-23,1.1182243824005127
2016-06-24,1.1089314222335815
2016-06-27,1.1430048942565918
2016-06-28,1.1306146383285522
2016-06-29,1.155395269393921
2016-06-30,1.1770778894424438
2016-07-01,1.2297369241714478
2016-07-04,1.2390296459197998
2016-07-05,1.1801756620407104
2016-07-06,1.1956634521484375
2016-07-07,1.2018588781356812
2016-07-08,1.189468502998352
2016-07-11,1.1832735538482666
2016-07-12,1.1801756620407104
2016-07-13,1.1956634521484375
2016-07-14,1.1739803552627563
2016-07-15,1.198760986328125
2016-07-18,1.204956293106079
2016-07-19,1.2328345775604248
2016-07-20,1.2823954820632935
2016-07-21,1.313371181488037
2016-07-22,1.2638102769851685
2016-07-25,1.3257615566253662
2016-07-26,1.307176113128662
2016-07-27,1.3195664882659912
2016-07-28,1.313371181488037
2016-07-29,1.3381520509719849
2016-08-01,1.344347357749939
2016-08-02,1.3257615566253662
2016-08-03,1.313371181488037
2016-08-04,1.344347357749939
2016-08-05,1.3629324436187744
2016-08-08,1.3381520509719849
2016-08-09,1.3257615566253662
2016-08-10,1.2700051069259644
2016-08-11,1.2576149702072144
2016-08-12,1.2514199018478394
2016-08-15,1.2638102769851685
2016-08-16,1.2514199018478394
2016-08-17,1.2514199018478394
2016-08-18,1.2638102769851685
2016-08-19,1.2576149702072144
2016-08-22,1.2452247142791748
2016-08-23,1.276200294494629
2016-08-24,1.276200294494629
2016-08-25,1.356737494468689
2016-08-26,1.3815178871154785
2016-08-29,1.3815178871154785
2016-08-30,1.3753225803375244
2016-08-31,1.356737494468689
2016-09-01,1.300980806350708
2016-09-02,1.2947858572006226
2016-09-05,1.307176113128662
2016-09-06,1.3195664882659912
2016-09-07,1.3257615566253662
2016-09-08,1.307176113128662
2016-09-09,1.2947858572006226
2016-09-12,1.2328345775604248
2016-09-13,1.2700051069259644
2016-09-14,1.2638102769851685
2016-09-15,1.2947858572006226
2016-09-16,1.2885907888412476
2016-09-19,1.2731029987335205
2016-09-20,1.2390296459197998
2016-09-21,1.276200294494629
2016-09-22,1.2700051069259644
2016-09-23,1.2885907888412476
2016-09-26,1.307176113128662
2016-09-27,1.2885907888412476
2016-09-28,1.300980806350708
2016-09-29,1.307176113128662
2016-09-30,1.2947858572006226
2016-10-03,1.313371181488037
2016-10-04,1.300980806350708
2016-10-05,1.2947858572006226
2016-10-06,1.307176113128662
2016-10-07,1.300980806350708
2016-10-10,1.313371181488037
2016-10-11,1.313371181488037
2016-10-12,1.307176113128662
2016-10-13,1.313371181488037
2016-10-14,1.3195664882659912
2016-10-17,1.313371181488037
2016-10-18,1.313371181488037
2016-10-19,1.3381520509719849
2016-10-20,1.3195664882659912
2016-10-21,1.3319566249847412
2016-10-24,1.3195664882659912
2016-10-25,1.3195664882659912
2016-10-26,1.276200294494629
2016-10-27,1.2452247142791748
2016-10-28,1.2235417366027832
2016-10-31,1.2328345775604248
2016-11-01,1.2266392707824707
2016-11-02,1.198760986328125
2016-11-03,1.198760986328125
2016-11-04,1.1832735538482666
2016-11-07,1.1708829402923584
2016-11-08,1.155395269393921
2016-11-09,1.1368095874786377
2016-11-10,1.161590337753296
2016-11-11,1.1461023092269897
2016-11-14,1.1491999626159668
2016-11-15,1.1430048942565918
2016-11-16,1.1677855253219604
2016-11-17,1.155395269393921
2016-11-18,1.1739803552627563
2016-11-21,1.161590337753296
2016-11-22,1.186370849609375
2016-11-23,1.198760986328125
2016-11-24,1.208053708076477
2016-11-25,1.2235417366027832
2016-11-28,1.276200294494629
2016-11-29,1.313371181488037
2016-11-30,1.276200294494629
2016-12-01,1.300980806350708
2016-12-02,1.2885907888412476
2016-12-05,1.2885907888412476
2016-12-06,1.2700051069259644
2016-12-07,1.2700051069259644
2016-12-08,1.3257615566253662
2016-12-09,1.3195664882659912
2016-12-12,1.3381520509719849
2016-12-13,1.3629324436187744
2016-12-14,1.3753225803375244
2016-12-15,1.3629324436187744
2016-12-16,1.3691277503967285
2016-12-19,1.356737494468689
2016-12-20,1.3629324436187744
2016-12-21,1.3691277503967285
2016-12-22,1.3877131938934326
2016-12-23,1.3753225803375244
2016-12-28,1.4124934673309326
2016-12-29,1.4186890125274658
2016-12-30,1.4124934673309326
2017-01-03,1.4620546102523804
2017-01-04,1.4434694051742554
2017-01-05,1.4372740983963013
2017-01-06,1.4124934673309326
2017-01-09,1.4062985181808472
2017-01-10,1.3939082622528076
2017-01-11,1.3939082622528076
2017-01-12,1.3939082622528076
2017-01-13,1.3815178871154785
2017-01-16,1.3815178871154785
2017-01-17,1.3629324436187744
2017-01-18,1.356737494468689
2017-01-19,1.3505421876907349
2017-01-20,1.3319566249847412
2017-01-23,1.313371181488037
2017-01-24,1.3195664882659912
2017-01-25,1.3319566249847412
2017-01-27,1.3381520509719849
2017-01-30,1.3195664882659912
2017-01-31,1.307176113128662
2017-02-01,1.3257615566253662
2017-02-02,1.3195664882659912
2017-02-03,1.3195664882659912
2017-02-06,1.3257615566253662
2017-02-07,1.3381520509719849
2017-02-08,1.344347357749939
2017-02-09,1.3381520509719849
2017-02-10,1.356737494468689
2017-02-13,1.3691277503967285
2017-02-14,1.3629324436187744
2017-02-15,1.3877131938934326
2017-02-16,1.356737494468689
2017-02-17,1.3505421876907349
2017-02-20,1.3319566249847412
2017-02-21,1.3257615566253662
2017-02-22,1.3381520509719849
2017-02-23,1.3505421876907349
2017-02-24,1.3319566249847412
2017-02-27,1.3381520509719849
2017-02-28,1.3381520509719849
2017-03-01,1.313371181488037
2017-03-02,1.3691277503967285
2017-03-03,1.3505421876907349
2017-03-06,1.3505421876907349
2017-03-07,1.3629324436187744
2017-03-08,1.3629324436187744
2017-03-09,1.3505421876907349
2017-03-10,1.3939082622528076
2017-03-13,1.3877131938934326
2017-03-14,1.4124934673309326
2017-03-15,1.4062985181808472
2017-03-16,1.4062985181808472
2017-03-17,1.4001033306121826
2017-03-20,1.3815178871154785
2017-03-21,1.4062985181808472
2017-03-22,1.4186890125274658
2017-03-23,1.4372740983963013
2017-03-24,1.4682496786117554
2017-03-27,1.4682496786117554
2017-03-28,1.4744452238082886
2017-03-29,1.5116159915924072
2017-03-30,1.5054208040237427
2017-03-31,1.5302015542984009
2017-04-03,1.5240063667297363
2017-04-04,1.5054208040237427
2017-04-05,1.4310790300369263
2017-04-06,1.4248839616775513
2017-04-07,1.3939082622528076
2017-04-10,1.3939082622528076
2017-04-11,1.4001033306121826
2017-04-12,1.4062985181808472
2017-04-13,1.3753225803375244
2017-04-18,1.344347357749939
2017-04-19,1.344347357749939
2017-04-20,1.3381520509719849
2017-04-21,1.344347357749939
2017-04-24,1.3505421876907349
2017-04-26,1.344347357749939
2017-04-27,1.344347357749939
2017-04-28,1.3319566249847412
2017-05-01,1.356737494468689
2017-05-02,1.3939082622528076
2017-05-03,1.3629324436187744
2017-05-04,1.3629324436187744
2017-05-05,1.356737494468689
2017-05-08,1.3629324436187744
2017-05-09,1.3691277503967285
2017-05-10,1.3753225803375244
2017-05-11,1.3815178871154785
2017-05-12,1.3877131938934326
2017-05-15,1.313371181488037
2017-05-16,1.2947858572006226
2017-05-17,1.276200294494629
2017-05-18,1.2638102769851685
2017-05-19,1.2638102769851685
2017-05-22,1.2638102769851685
2017-05-23,1.2514199018478394
2017-05-24,1.276200294494629
2017-05-25,1.2514199018478394
2017-05-26,1.2514199018478394
2017-05-29,1.2638102769851685
2017-05-30,1.2390296459197998
2017-05-31,1.2700051069259644
2017-06-01,1.300980806350708
2017-06-02,1.3381520509719849
2017-06-05,1.2576149702072144
2017-06-06,1.2452247142791748
2017-06-07,1.2514199018478394
2017-06-08,1.2823954820632935
2017-06-09,1.2823954820632935
2017-06-13,1.2823954820632935
2017-06-14,1.3257615566253662
2017-06-15,1.307176113128662
2017-06-16,1.3319566249847412
2017-06-19,1.300980806350708
2017-06-20,1.2885907888412476
2017-06-21,1.2885907888412476
2017-06-22,1.344347357749939
2017-06-23,1.356737494468689
2017-06-26,1.4248839616775513
2017-06-27,1.3691277503967285
2017-06-28,1.4186890125274658
2017-06-29,1.455859661102295
2017-06-30,1.4868354797363281
2017-07-03,1.4930305480957031
2017-07-04,1.4992258548736572
2017-07-05,1.5116159915924072
2017-07-06,1.508460283279419
2017-07-07,1.4769023656845093
2017-07-10,1.5147716999053955
2017-07-11,1.5589525699615479
2017-07-12,1.5147716999053955
2017-07-13,1.5273947715759277
2017-07-14,1.5589525699615479
2017-07-17,1.5905102491378784
2017-07-18,1.5778871774673462
2017-07-19,1.5463292598724365
2017-07-20,1.565264344215393
2017-07-21,1.5463292598724365
2017-07-24,1.533706784248352
2017-07-25,1.565264344215393
2017-07-26,1.6283793449401855
2017-07-27,1.6599376201629639
2017-07-28,1.641002893447876
2017-07-31,1.6536262035369873
2017-08-01,1.6599376201629639
2017-08-02,1.6914952993392944
2017-08-03,1.672560453414917
2017-08-04,1.6662490367889404
2017-08-07,1.6914952993392944
2017-08-08,1.6788718700408936
2017-08-09,1.6851836442947388
2017-08-10,1.6599376201629639
2017-08-11,1.622068166732788
2017-08-14,1.615756869316101
2017-08-15,1.641002893447876
2017-08-16,1.641002893447876
2017-08-17,1.641002893447876
2017-08-18,1.641002893447876
2017-08-21,1.6283793449401855
2017-08-22,1.641002893447876
2017-08-23,1.641002893447876
2017-08-24,1.641002893447876
2017-08-25,1.6851836442947388
2017-08-28,1.6914952993392944
2017-08-29,1.6914952993392944
2017-08-30,1.6914952993392944
2017-08-31,1.7167414426803589
2017-09-01,1.7419875860214233
2017-09-04,1.754610538482666
2017-09-05,1.7356761693954468
2017-09-06,1.7419875860214233
2017-09-07,1.729364275932312
2017-09-08,1.7356761693954468
2017-09-11,1.754610538482666
2017-09-12,1.7482987642288208
2017-09-13,1.7356761693954468
2017-09-14,1.7356761693954468
2017-09-15,1.7104300260543823
2017-09-18,1.7482987642288208
2017-09-19,1.7419875860214233
2017-09-20,1.7482987642288208
2017-09-21,1.7167414426803589
2017-09-22,1.7356761693954468
2017-09-25,1.6788718700408936
2017-09-26,1.6599376201629639
2017-09-27,1.622068166732788
2017-09-28,1.6283793449401855
2017-09-29,1.615756869316101
2017-10-02,1.5905102491378784
2017-10-03,1.5778871774673462
2017-10-04,1.5463292598724365
2017-10-05,1.5715759992599487
2017-10-06,1.565264344215393
2017-10-09,1.5589525699615479
2017-10-10,1.5589525699615479
2017-10-11,1.5526410341262817
2017-10-12,1.6031336784362793
2017-10-13,1.6031336784362793
2017-10-16,1.622068166732788
2017-10-17,1.6346912384033203
2017-10-18,1.6031336784362793
2017-10-19,1.622068166732788
2017-10-20,1.6662490367889404
2017-10-23,1.6283793449401855
2017-10-24,1.6283793449401855
2017-10-25,1.6599376201629639
2017-10-26,1.647314429283142
2017-10-27,1.6599376201629639
2017-10-30,1.672560453414917
2017-10-31,1.6978068351745605
2017-11-01,1.7230528593063354
2017-11-02,1.6914952993392944
2017-11-03,1.6978068351745605
2017-11-06,1.7104300260543823
2017-11-07,1.7041183710098267
2017-11-08,1.7041183710098267
2017-11-09,1.7356761693954468
2017-11-10,1.729364275932312
2017-11-13,1.7167414426803589
2017-11-14,1.754610538482666
2017-11-15,1.7482987642288208
2017-11-16,1.7419875860214233
2017-11-17,1.7419875860214233
2017-11-20,1.729364275932312
2017-11-21,1.7419875860214233
2017-11-22,1.773545265197754
2017-11-23,1.7987911701202393
2017-11-24,1.7419875860214233
2017-11-27,1.729364275932312
2017-11-28,1.7356761693954468
2017-11-29,1.7356761693954468
2017-11-30,1.7356761693954468
2017-12-01,1.7356761693954468
2017-12-04,1.8934649229049683
2017-12-05,1.9502687454223633
2017-12-06,1.981826663017273
2017-12-07,2.000761032104492
2017-12-08,1.956580400466919
2017-12-11,2.038630723953247
2017-12-12,2.0133843421936035
2017-12-13,2.0133843421936035
2017-12-14,1.987654209136963
2017-12-15,1.981221318244934
2017-12-18,1.994086503982544
2017-12-19,1.974788784980774
2017-12-20,1.987654209136963
2017-12-21,2.032681941986084
2017-12-22,2.0262491703033447
2017-12-27,2.0133845806121826
2017-12-28,2.0262491703033447
2017-12-29,2.0069518089294434
2018-01-02,1.994086503982544
2018-01-03,2.0133845806121826
2018-01-04,2.0133845806121826
2018-01-05,2.0262491703033447
2018-01-08,2.032681941986084
2018-01-09,2.0198166370391846
2018-01-10,2.032681941986084
2018-01-11,2.0198166370391846
2018-01-12,1.994086503982544
2018-01-15,2.000519275665283
2018-01-16,2.032681941986084
2018-01-17,2.0648446083068848
2018-01-18,2.0648446083068848
2018-01-19,2.0519797801971436
2018-01-22,2.0584123134613037
2018-01-23,2.0198166370391846
2018-01-24,2.0198166370391846
2018-01-25,2.032681941986084
2018-01-29,2.077709436416626
2018-01-30,2.077709436416626
2018-01-31,2.0584123134613037
2018-02-01,2.071277379989624
2018-02-02,2.0584123134613037
2018-02-05,2.0262491703033447
2018-02-06,1.974788784980774
2018-02-07,1.974788784980774
2018-02-08,2.0262491703033447
2018-02-09,1.994086503982544
2018-02-12,2.000519275665283
2018-02-13,2.032681941986084
2018-02-14,2.045546770095825
2018-02-15,2.1034395694732666
2018-02-16,2.077709436416626
2018-02-19,2.0905745029449463
2018-02-20,2.071277379989624
2018-02-21,2.0584123134613037
2018-02-22,2.0648446083068848
2018-02-23,2.0841424465179443
2018-02-26,2.0905745029449463
2018-02-27,2.161332607269287
2018-02-28,2.0841424465179443
2018-03-01,2.0584123134613037
2018-03-02,2.0198166370391846
2018-03-05,2.0133845806121826
2018-03-06,2.045546770095825
2018-03-07,1.981221318244934
2018-03-08,2.0133845806121826
2018-03-09,2.039114475250244
2018-03-12,2.045546770095825
2018-03-13,2.0584123134613037
2018-03-14,2.0198166370391846
2018-03-15,2.039114475250244
2018-03-16,1.9297614097595215
2018-03-19,1.9619237184524536
2018-03-20,1.981221318244934
2018-03-21,2.0069518089294434
2018-03-22,2.0069518089294434
2018-03-23,1.987654209136963
2018-03-26,1.994086503982544
2018-03-27,2.0198166370391846
2018-03-28,2.0198166370391846
2018-03-29,2.0133845806121826
2018-04-03,1.9683566093444824
2018-04-04,1.974788784980774
2018-04-05,1.994086503982544
2018-04-06,2.0198166370391846
2018-04-09,2.0069518089294434
2018-04-10,2.0262491703033447
2018-04-11,2.0262491703033447
2018-04-12,2.0262491703033447
2018-04-13,2.045546770095825
2018-04-16,2.0519797801971436
2018-04-17,2.039114475250244
2018-04-18,2.0519797801971436
2018-04-19,2.0841424465179443
2018-04-20,2.0905745029449463
2018-04-23,2.116305112838745
2018-04-24,2.1741976737976074
2018-04-26,2.2706856727600098
2018-04-27,2.315713405609131
2018-04-30,2.315713405609131
2018-05-01,2.3028483390808105
2018-05-02,2.2899835109710693
2018-05-03,2.3092808723449707
2018-05-04,2.25138783454895
2018-05-07,2.238523006439209
2018-05-08,2.2192254066467285
2018-05-09,2.2256581783294678
2018-05-10,2.199927806854248
2018-05-11,2.2063605785369873
2018-05-14,2.2063605785369873
2018-05-15,2.199927806854248
2018-05-16,2.199927806854248
2018-05-17,2.193495512008667
2018-05-18,2.2063605785369873
2018-05-21,2.2063605785369873
2018-05-22,2.199927806854248
2018-05-23,2.1741976737976074
2018-05-24,2.3414440155029297
2018-05-25,2.367173671722412
2018-05-28,1.9490586519241333
2018-05-29,1.9361941814422607
2018-05-30,1.8718682527542114
2018-05-31,1.8654359579086304
2018-06-01,1.8654359579086304
2018-06-04,1.8268405199050903
2018-06-05,1.7753801345825195
2018-06-06,1.7367852926254272
2018-06-07,1.7046223878860474
2018-06-08,1.7367852926254272
2018-06-12,1.7367852926254272
2018-06-13,1.794677495956421
2018-06-14,1.768947720527649
2018-06-15,1.7818127870559692
2018-06-18,1.7882452011108398
2018-06-19,1.768947720527649
2018-06-20,1.7560826539993286
2018-06-21,1.794677495956421
2018-06-22,1.794677495956421
2018-06-25,1.833272933959961
2018-06-26,1.8011105060577393
2018-06-27,1.6981898546218872
2018-06-28,1.640297293663025
2018-06-29,1.6788924932479858
2018-07-02,1.6660270690917969
2018-07-03,1.7110549211502075
2018-07-04,1.7110549211502075
2018-07-05,1.7174874544143677
2018-07-06,1.7174874544143677
2018-07-09,1.685325026512146
2018-07-10,1.6787158250808716
2018-07-11,1.685325026512146
2018-07-12,1.6456702947616577
2018-07-13,1.6390610933303833
2018-07-16,1.7051517963409424
2018-07-17,1.698542833328247
2018-07-18,1.7117611169815063
2018-07-19,1.7051517963409424
2018-07-20,1.7315889596939087
2018-07-23,1.7448067665100098
2018-07-24,1.7448067665100098
2018-07-25,1.7249796390533447
2018-07-26,1.7183704376220703
2018-07-27,1.7381978034973145
2018-07-30,1.7381978034973145
2018-07-31,1.7381978034973145
2018-08-01,1.7448067665100098
2018-08-02,1.7249796390533447
2018-08-03,1.7183704376220703
2018-08-06,1.7315889596939087
2018-08-07,1.7381978034973145
2018-08-08,1.7381978034973145
2018-08-09,1.7381978034973145
2018-08-10,1.7976795434951782
2018-08-13,1.8108978271484375
2018-08-14,1.8439431190490723
2018-08-15,1.8307251930236816
2018-08-16,1.8571618795394897
2018-08-17,1.8769891262054443
2018-08-20,1.8769891262054443
2018-08-21,1.8835980892181396
2018-08-22,1.8571618795394897
2018-08-23,1.8769891262054443
2018-08-24,1.8835980892181396
2018-08-27,1.8241161108016968
2018-08-28,1.7712432146072388
2018-08-29,1.956298589706421
2018-08-30,1.9100348949432373
2018-08-31,1.8241161108016968
2018-09-03,1.817507028579712
2018-09-04,1.8373342752456665
2018-09-05,1.8108978271484375
2018-09-06,1.7778525352478027
2018-09-07,1.7844617366790771
2018-09-10,1.8373342752456665
2018-09-11,1.8108978271484375
2018-09-12,1.8108978271484375
2018-09-13,1.791070818901062
2018-09-14,1.8108978271484375
2018-09-17,1.8703800439834595
2018-09-18,1.9298620223999023
2018-09-19,1.989344596862793
2018-09-20,1.9430803060531616
2018-09-21,1.9298620223999023
2018-09-24,1.989344596862793
2018-09-25,2.009171485900879
2018-09-26,1.976125717163086
2018-09-27,1.9695165157318115
2018-09-28,1.982735276222229
2018-10-01,1.956298589706421
2018-10-02,1.956298589706421
2018-10-03,1.9959535598754883
2018-10-04,1.989344596862793
2018-10-05,1.949689269065857
2018-10-08,1.9298620223999023
2018-10-09,1.923252820968628
2018-10-10,1.949689269065857
2018-10-11,1.8835980892181396
2018-10-12,1.8505526781082153
2018-10-15,1.8505526781082153
2018-10-16,1.8769891262054443
2018-10-17,1.9430803060531616
2018-10-18,1.9166439771652222
2018-10-19,1.9430803060531616
2018-10-22,1.9364711046218872
2018-10-23,1.9364711046218872
2018-10-24,1.9364711046218872
2018-10-25,1.8505526781082153
2018-10-26,1.7976795434951782
2018-10-29,1.7976795434951782
2018-10-30,1.7976795434951782
2018-10-31,1.817507028579712
2018-11-01,1.8505526781082153
2018-11-02,1.8637710809707642
2018-11-05,1.8703800439834595
2018-11-06,1.8637710809707642
2018-11-07,1.9166439771652222
2018-11-08,1.8968162536621094
2018-11-09,1.9298620223999023
2018-11-12,1.949689269065857
2018-11-13,1.9695165157318115
2018-11-14,1.9100348949432373
2018-11-15,1.8968162536621094
2018-11-16,1.8835980892181396
2018-11-19,1.8373342752456665
2018-11-20,1.7778525352478027
2018-11-21,1.8108978271484375
2018-11-22,1.8108978271484375
2018-11-23,1.8042888641357422
2018-11-26,1.8373342752456665
2018-11-27,1.8637710809707642
2018-11-28,1.8571618795394897
2018-11-29,1.8769891262054443
2018-11-30,1.8307251930236816
2018-12-03,1.7381978034973145
2018-12-04,1.6126246452331543
2018-12-05,1.6324516534805298
2018-12-06,1.6060154438018799
2018-12-07,1.6126246452331543
2018-12-10,1.5861881971359253
2018-12-11,1.572969913482666
2018-12-12,1.5663607120513916
2018-12-13,1.5765538215637207
2018-12-14,1.569758415222168
2018-12-17,1.5901448726654053
2018-12-18,1.5289855003356934
2018-12-19,1.596940279006958
2018-12-20,1.644508719444275
2018-12-21,1.6309179067611694
2018-12-24,1.6309179067611694
2018-12-27,1.6648952960968018
2018-12-28,1.658099889755249
2018-12-31,1.6648952960968018
2019-01-02,1.6173269748687744
2019-01-03,1.5765538215637207
2019-01-04,1.5493718385696411
2019-01-07,1.6037359237670898
2019-01-08,1.6037359237670898
2019-01-09,1.5901448726654053
2019-01-10,1.583349347114563
2019-01-11,1.5901448726654053
2019-01-14,1.6105314493179321
2019-01-15,1.6173269748687744
2019-01-16,1.6105314493179321
2019-01-17,1.6377133131027222
2019-01-18,1.6716909408569336
2019-01-21,1.6988730430603027
2019-01-22,1.7260549068450928
2019-01-23,1.7532364130020142
2019-01-24,1.719259262084961
2019-01-25,1.7124637365341187
2019-01-29,1.6784861087799072
2019-01-30,1.644508719444275
2019-01-31,1.6852818727493286
2019-02-01,1.6716909408569336
2019-02-04,1.6852818727493286
2019-02-05,1.6988730430603027
2019-02-06,1.732850432395935
2019-02-07,1.7396459579467773
2019-02-08,1.7260549068450928
2019-02-11,1.746441125869751
2019-02-12,1.7396459579467773
2019-02-13,1.7260549068450928
2019-02-14,1.7260549068450928
2019-02-15,1.7396459579467773
2019-02-18,1.7940096855163574
2019-02-19,1.8008052110671997
2019-02-20,1.746441125869751
2019-02-21,1.705668330192566
2019-02-22,1.7600321769714355
2019-02-25,1.7396459579467773
2019-02-26,1.732850432395935
2019-02-27,1.7804189920425415
2019-02-28,1.7736233472824097
2019-03-01,1.7668278217315674
2019-03-04,1.8143960237503052
2019-03-05,1.9027374982833862
2019-03-06,1.8619645833969116
2019-03-07,1.8687599897384644
2019-03-08,1.8008052110671997
2019-03-11,1.7668278217315674
2019-03-12,1.7600321769714355
2019-03-13,1.7668278217315674
2019-03-14,1.8008052110671997
2019-03-15,1.7940096855163574
2019-03-18,1.7872142791748047
2019-03-19,1.7668278217315674
2019-03-20,1.7804189920425415
2019-03-21,1.7736233472824097
2019-03-22,1.7736233472824097
2019-03-25,1.7600321769714355
2019-03-26,1.7736233472824097
2019-03-27,1.7736233472824097
2019-03-28,1.7736233472824097
2019-03-29,1.8008052110671997
2019-04-01,1.8279873132705688
2019-04-02,1.8415782451629639
2019-04-03,1.834782600402832
2019-04-04,1.834782600402832
2019-04-05,1.7736233472824097
2019-04-08,1.7804189920425415
2019-04-09,1.7600321769714355
2019-04-10,1.7872142791748047
2019-04-11,1.7600321769714355
2019-04-12,1.7940096855163574
2019-04-15,1.8008052110671997
2019-04-16,1.807600498199463
2019-04-17,1.8143960237503052
2019-04-18,1.8619645833969116
2019-04-23,1.9163286685943604
2019-04-24,1.950305700302124
2019-04-26,1.9367146492004395
2019-04-29,1.9231239557266235
2019-04-30,1.950305700302124
2019-05-01,1.957101583480835
2019-05-02,1.957101583480835
2019-05-03,1.9638971090316772
2019-05-06,1.950305700302124
2019-05-07,1.9435104131698608
2019-05-08,1.9367146492004395
2019-05-09,1.9367146492004395
2019-05-10,1.957101583480835
2019-05-13,1.9774876832962036
2019-05-14,1.9978744983673096
2019-05-15,2.0250561237335205
2019-05-16,2.0318517684936523
2019-05-17,2.0522384643554688
2019-05-20,2.0590338706970215
2019-05-21,2.065829277038574
2019-05-22,2.099806785583496
2019-05-23,2.106602191925049
2019-05-24,2.106602191925049
2019-05-27,2.0522384643554688
2019-05-28,2.038647413253784
2019-05-29,2.038647413253784
2019-05-30,2.011465311050415
2019-05-31,2.0046699047088623
2019-06-03,2.011465311050415
2019-06-04,2.0794200897216797
2019-06-05,2.0862154960632324
2019-06-06,2.093010902404785
2019-06-07,2.0862154960632324
2019-06-11,2.154170513153076
2019-06-12,2.154170513153076
2019-06-13,2.0590338706970215
2019-06-14,2.0794200897216797
2019-06-17,2.038647413253784
2019-06-18,2.093010902404785
2019-06-19,2.1201934814453125
2019-06-20,2.1405794620513916
2019-06-21,2.1405794620513916
2019-06-24,1.9299193620681763
2019-06-25,1.807600498199463
2019-06-26,1.7600321769714355
2019-06-27,1.7532364130020142
2019-06-28,1.746441125869751
2019-07-01,1.7600321769714355
2019-07-02,1.7940096855163574
2019-07-03,1.8279873132705688
2019-07-04,1.8551690578460693
2019-07-05,1.8823509216308594
2019-07-08,1.875555396080017
2019-07-09,1.9104169607162476
2019-07-10,1.9592236280441284
2019-07-11,1.9731682538986206
2019-07-12,1.9592236280441284
2019-07-15,1.9731682538986206
2019-07-16,1.9801400899887085
2019-07-17,2.0010573863983154
2019-07-18,1.9871125221252441
2019-07-19,2.0080296993255615
2019-07-22,2.0080296993255615
2019-07-23,2.0010573863983154
2019-07-24,1.9940849542617798
2019-07-25,1.9940849542617798
2019-07-26,1.9313342571258545
2019-07-29,1.9383063316345215
2019-07-30,1.9452786445617676
2019-07-31,1.966196060180664
2019-08-01,1.9522509574890137
2019-08-02,1.9871125221252441
2019-08-05,1.969681739807129
2019-08-06,1.9243617057800293
2019-08-07,2.0010573863983154
2019-08-08,1.9940849542617798
2019-08-09,2.0010573863983154
2019-08-12,2.0010573863983154
2019-08-13,2.0080296993255615
2019-08-14,2.021974563598633
2019-08-15,2.0010573863983154
2019-08-16,1.9871125221252441
2019-08-19,2.0080296993255615
2019-08-20,2.021974563598633
2019-08-21,2.021974563598633
2019-08-22,2.056835889816284
2019-08-23,2.049863576889038
2019-08-26,1.9731682538986206
2019-08-27,1.9801400899887085
2019-08-28,1.9104169607162476
2019-08-29,1.9731682538986206
2019-08-30,2.021974563598633
2019-09-02,1.9801400899887085
2019-09-03,1.9731682538986206
2019-09-04,2.042891263961792
2019-09-05,2.0707809925079346
2019-09-06,2.042891263961792
2019-09-09,2.049863576889038
2019-09-10,2.056835889816284
2019-09-11,2.0847253799438477
2019-09-12,2.1265594959259033
2019-09-13,2.105642318725586
2019-09-16,2.1265594959259033
2019-09-17,2.1195871829986572
2019-09-18,2.0916974544525146
2019-09-19,2.0916974544525146
2019-09-20,2.0916974544525146
2019-09-23,2.105642318725586
2019-09-24,2.112614870071411
2019-09-25,2.112614870071411
2019-09-26,2.0707809925079346
2019-09-27,2.0916974544525146
2019-09-30,2.0847253799438477
2019-10-01,2.0847253799438477
2019-10-02,2.042891263961792
2019-10-03,2.0150022506713867
2019-10-04,2.021974563598633
2019-10-07,2.0150022506713867
2019-10-08,2.049863576889038
2019-10-09,2.021974563598633
2019-10-10,1.9383063316345215
2019-10-11,1.9452786445617676
2019-10-14,1.9592236280441284
2019-10-15,1.9801400899887085
2019-10-16,2.0150022506713867
2019-10-17,2.0150022506713867
2019-10-18,1.9940849542617798
2019-10-21,1.9871125221252441
2019-10-22,1.9801400899887085
2019-10-23,1.9522509574890137
2019-10-24,1.9731682538986206
2019-10-25,1.966196060180664
2019-10-28,1.9731682538986206
2019-10-29,1.9801400899887085
2019-10-30,1.9522509574890137
2019-10-31,1.966196060180664
2019-11-01,1.9801400899887085
2019-11-04,1.9801400899887085
2019-11-05,1.9522509574890137
2019-11-06,1.9592236280441284
2019-11-07,2.056835889816284
2019-11-08,2.0707809925079346
2019-11-11,2.1195871829986572
2019-11-12,2.112614870071411
2019-11-13,2.1405041217803955
2019-11-14,2.0847253799438477
2019-11-15,2.105642318725586
2019-11-18,2.105642318725586
2019-11-19,2.112614870071411
2019-11-20,2.0707809925079346
2019-11-21,2.1195871829986572
2019-11-22,1.9731682538986206
2019-11-25,1.9871125221252441
2019-11-26,2.042891263961792
2019-11-27,2.1335318088531494
2019-11-28,2.1265594959259033
2019-11-29,2.0916974544525146
2019-12-02,2.056835889816284
2019-12-03,2.028946876525879
2019-12-04,1.9313342571258545
2019-12-05,1.9243617057800293
2019-12-06,1.9313342571258545
2019-12-09,1.9104169607162476
2019-12-10,1.83372163772583
2019-12-11,1.8406938314437866
2019-12-12,1.8476665019989014
2019-12-13,1.8476665019989014
2019-12-16,1.875555396080017
2019-12-17,1.93260657787323
2019-12-18,1.9040814638137817
2019-12-19,1.8826868534088135
2019-12-20,1.8541615009307861
2019-12-23,1.8541615009307861
2019-12-24,1.8755556344985962
2019-12-27,1.8755556344985962
2019-12-30,1.8898186683654785
2019-12-31,1.8327670097351074
2020-01-02,1.8185042142868042
2020-01-03,1.8327670097351074
2020-01-06,1.7899788618087769
2020-01-07,1.8470301628112793
2020-01-08,1.8113731145858765
2020-01-09,1.8185042142868042
2020-01-10,1.7971104383468628
2020-01-13,1.8470301628112793
2020-01-14,1.8684239387512207
2020-01-15,1.8470301628112793
2020-01-16,1.8684239387512207
2020-01-17,1.8541615009307861
2020-01-20,1.8898186683654785
2020-01-21,1.8898186683654785
2020-01-22,1.8898186683654785
2020-01-23,1.8898186683654785
2020-01-24,1.8898186683654785
2020-01-28,1.861292839050293
2020-01-29,1.8826868534088135
2020-01-30,1.8256354331970215
2020-01-31,1.8684239387512207
2020-02-03,1.8327670097351074
2020-02-04,1.8684239387512207
2020-02-05,1.8684239387512207
2020-02-06,1.8826868534088135
2020-02-07,1.8684239387512207
2020-02-10,1.8969498872756958
2020-02-11,1.925475001335144
2020-02-12,1.9397380352020264
2020-02-13,1.982526183128357
2020-02-14,1.9611326456069946
2020-02-17,1.9611326456069946
2020-02-18,1.9682636260986328
2020-02-19,1.982526183128357
2020-02-20,2.011052370071411
2020-02-21,2.011052370071411
2020-02-24,1.982526183128357
2020-02-25,1.93260657787323
2020-02-26,1.8684239387512207
2020-02-27,1.8256354331970215
2020-02-28,1.7614532709121704
2020-03-02,1.7614532709121704
2020-03-03,1.8541615009307861
2020-03-04,1.9040814638137817
2020-03-05,1.9753949642181396
2020-03-06,1.8826868534088135
2020-03-09,1.7828474044799805
2020-03-10,1.839898943901062
2020-03-11,1.8113731145858765
2020-03-12,1.675876259803772
2020-03-13,1.7329277992248535
2020-03-16,1.7186646461486816
2020-03-17,2.1822054386138916
2020-03-18,2.2321252822875977
2020-03-19,2.317702054977417
2020-03-20,2.2820451259613037
2020-03-23,2.3462274074554443
2020-03-24,2.296307325363159
2020-03-25,2.360490322113037
2020-03-26,2.260650873184204
2020-03-27,2.217862367630005
2020-03-30,2.3319647312164307
2020-03-31,2.2463877201080322
2020-04-01,2.253519296646118
2020-04-02,2.146548271179199
2020-04-03,2.0395772457122803
2020-04-06,2.118022918701172
2020-04-07,2.018183469772339
2020-04-08,1.9967889785766602
2020-04-09,2.003920555114746
2020-04-14,2.0823657512664795
2020-04-15,2.103760004043579
2020-04-16,2.167942762374878
2020-04-17,2.167942762374878
2020-04-20,2.167942762374878
2020-04-21,1.8755556344985962
2020-04-22,1.8113731145858765
2020-04-23,1.7757160663604736
2020-04-24,1.7971104383468628
2020-04-27,1.8185042142868042
2020-04-28,1.7685846090316772
2020-04-29,1.7543221712112427
2020-04-30,1.7757160663604736
2020-05-01,1.7400596141815186
2020-05-04,1.7614532709121704
2020-05-05,1.7400596141815186
2020-05-06,1.6901391744613647
2020-05-07,1.6687450408935547
2020-05-08,1.6544826030731201
2020-05-11,1.63308846950531
2020-05-12,1.6544826030731201
2020-05-13,1.6901391744613647
2020-05-14,1.675876259803772
2020-05-15,1.7257959842681885
2020-05-18,1.7543221712112427
2020-05-19,1.7757160663604736
2020-05-20,1.7685846090316772
2020-05-21,1.7757160663604736
2020-05-22,1.7899788618087769
2020-05-25,1.839898943901062
2020-05-26,1.8826868534088135
2020-05-27,1.8969498872756958
2020-05-28,1.925475001335144
2020-05-29,1.925475001335144
2020-06-01,1.9183436632156372
2020-06-02,1.925475001335144
2020-06-03,1.9611326456069946
2020-06-04,1.9468696117401123
2020-06-05,1.9611326456069946
2020-06-09,2.018183469772339
2020-06-10,2.0253143310546875
2020-06-11,2.060971975326538
2020-06-12,1.9682636260986328
2020-06-15,1.911212682723999
2020-06-16,1.9896576404571533
2020-06-17,2.053840398788452
2020-06-18,2.0324459075927734
2020-06-19,2.018183469772339
2020-06-22,2.0395772457122803
2020-06-23,2.046708822250366
2020-06-24,1.9896576404571533
2020-06-25,1.95400071144104
2020-06-26,1.9611326456069946
2020-06-29,1.925475001335144
2020-06-30,1.9397380352020264
2020-07-01,1.9967889785766602
2020-07-02,2.018183469772339
2020-07-03,2.003920555114746
2020-07-06,1.9753949642181396
2020-07-07,1.986349105834961
2020-07-08,2.030165672302246
2020-07-09,2.0009543895721436
2020-07-10,2.0009543895721436
2020-07-13,2.022862672805786
2020-07-14,2.022862672805786
2020-07-15,2.0520737171173096
2020-07-16,2.0739822387695312
2020-07-17,2.022862672805786
2020-07-20,1.993652105331421
2020-07-21,2.0009543895721436
2020-07-22,2.0082576274871826
2020-07-23,1.993652105331421
2020-07-24,2.0082576274871826
2020-07-27,2.0082576274871826
2020-07-28,2.022862672805786
2020-07-29,2.0593769550323486
2020-07-30,2.037468194961548
2020-07-31,1.979046106338501
2020-08-03,2.022862672805786
2020-08-04,2.081284761428833
2020-08-05,2.044771194458008
2020-08-06,2.0593769550323486
2020-08-07,2.0739822387695312
2020-08-10,2.1251015663146973
2020-08-11,2.1616151332855225
2020-08-12,2.1689183712005615
2020-08-13,2.183523416519165
2020-08-14,2.2200372219085693
2020-08-17,2.190825939178467
2020-08-18,2.1616151332855225
2020-08-19,2.1616151332855225
2020-08-20,2.1543123722076416
2020-08-21,2.1543123722076416
2020-08-24,2.1616151332855225
2020-08-25,2.132404327392578
2020-08-26,2.183523416519165
2020-08-27,2.190825939178467
2020-08-28,2.1616151332855225
2020-08-31,2.132404327392578
2020-09-01,2.081284761428833
2020-09-02,2.1470096111297607
2020-09-03,2.176220655441284
2020-09-04,2.139707088470459
2020-09-07,2.1470096111297607
2020-09-08,2.132404327392578
2020-09-09,2.0885870456695557
2020-09-10,2.1177985668182373
2020-09-11,2.0958902835845947
2020-09-14,2.1031932830810547
2020-09-15,2.0520737171173096
2020-09-16,2.0885870456695557
2020-09-17,2.081284761428833
2020-09-18,2.081284761428833
2020-09-21,2.0885870456695557
2020-09-22,2.1031932830810547
2020-09-23,2.1689183712005615
2020-09-24,2.139707088470459
2020-09-25,2.0958902835845947
2020-09-28,2.081284761428833
2020-09-29,2.044771194458008
2020-09-30,2.0155606269836426
2020-10-01,2.0155606269836426
2020-10-02,1.979046106338501
2020-10-05,2.022862672805786
2020-10-06,2.022862672805786
2020-10-07,2.0885870456695557
2020-10-08,2.0958902835845947
2020-10-09,2.1177985668182373
2020-10-12,2.1177985668182373
2020-10-13,2.1689183712005615
2020-10-14,2.190825939178467
2020-10-15,2.205432176589966
2020-10-16,2.2200372219085693
2020-10-19,2.234642744064331
2020-10-20,2.22733998298645
2020-10-21,2.2492480278015137
2020-10-22,2.2638537883758545
2020-10-23,2.278459310531616
2020-10-26,2.278459310531616
2020-10-27,2.234642744064331
2020-10-28,2.2565512657165527
2020-10-29,2.190825939178467
2020-10-30,2.1543123722076416
2020-11-02,2.139707088470459
2020-11-03,2.2127344608306885
2020-11-04,2.190825939178467
2020-11-05,2.241945743560791
2020-11-06,2.2492480278015137
2020-11-09,2.3149731159210205
2020-11-10,2.1543123722076416
2020-11-11,2.1470096111297607
2020-11-12,2.176220655441284
2020-11-13,2.183523416519165
2020-11-16,2.198129415512085
2020-11-17,2.198129415512085
2020-11-18,2.2565512657165527
2020-11-19,2.2200372219085693
2020-11-20,2.22733998298645
2020-11-23,2.234642744064331
2020-11-24,2.2492480278015137
2020-11-25,2.205432176589966
2020-11-26,2.190825939178467
2020-11-27,2.2200372219085693
2020-11-30,2.1543123722076416
2020-12-01,2.176220655441284
2020-12-02,2.205432176589966
2020-12-03,2.2638537883758545
2020-12-04,2.351486921310425
2020-12-07,2.592478036880493
2020-12-08,2.5267529487609863
2020-12-09,2.5267529487609863
2020-12-10,2.512147903442383
2020-12-11,2.5267529487609863
2020-12-14,2.5851752758026123
2020-12-15,2.5778722763061523
2020-12-16,2.5778722763061523
2020-12-17,2.592478036880493
2020-12-18,2.6070830821990967
2020-12-21,2.6143860816955566
2020-12-22,2.6143863201141357
2020-12-23,2.577037811279297
2020-12-24,2.562098503112793
2020-12-29,2.569568395614624
2020-12-30,2.569568395614624
2020-12-31,2.524750232696533
2021-01-04,2.569568395614624
2021-01-05,2.554628849029541
2021-01-06,2.547159194946289
2021-01-07,2.577037811279297
2021-01-08,2.5919768810272217
2021-01-11,2.562098503112793
2021-01-12,2.562098503112793
2021-01-13,2.524750232696533
2021-01-14,2.5023412704467773
2021-01-15,2.517280101776123
2021-01-18,2.5023412704467773
2021-01-19,2.5023412704467773
2021-01-20,2.517280101776123
2021-01-21,2.6069164276123047
2021-01-22,2.5919768810272217
2021-01-25,2.6069164276123047
2021-01-27,2.5919768810272217
2021-01-28,2.547159194946289
2021-01-29,2.554628849029541
2021-02-01,2.554628849029541
2021-02-02,2.532219886779785
2021-02-03,2.569568395614624
2021-02-04,2.554628849029541
2021-02-05,2.5845072269439697
2021-02-08,2.6517345905303955
2021-02-09,2.6293253898620605
2021-02-10,2.6442649364471436
2021-02-11,2.6592042446136475
2021-02-12,2.6293253898620605
2021-02-15,2.6592042446136475
2021-02-16,2.6293253898620605
2021-02-17,2.547159194946289
2021-02-18,2.532219886779785
2021-02-19,2.50981068611145
2021-02-22,2.487401247024536
2021-02-23,2.494871139526367
2021-02-24,2.5023412704467773
2021-02-25,2.577037811279297
2021-02-26,2.517280101776123
2021-03-01,2.524750232696533
2021-03-02,2.547159194946289
2021-03-03,2.569568395614624
2021-03-04,2.562098503112793
2021-03-05,2.6592042446136475
2021-03-08,2.6517345905303955
2021-03-09,2.696552038192749
2021-03-10,2.681612968444824
2021-03-11,2.6890833377838135
2021-03-12,2.6592042446136475
2021-03-15,2.6367950439453125
2021-03-16,2.532219886779785
2021-03-17,2.532219886779785
2021-03-18,2.547159194946289
2021-03-19,2.5919768810272217
2021-03-22,2.6069164276123047
2021-03-23,2.6517345905303955
2021-03-24,2.6741435527801514
2021-03-25,2.7189619541168213
2021-03-26,2.763779878616333
2021-03-29,2.748840093612671
2021-03-30,2.733900785446167
2021-03-31,2.748840093612671
2021-04-01,2.793658494949341
2021-04-06,2.7712490558624268
2021-04-07,2.793658494949341
2021-04-08,2.8310065269470215
2021-04-09,2.741370439529419
2021-04-12,2.7712490558624268
2021-04-13,2.7712490558624268
2021-04-14,2.8235368728637695
2021-04-15,2.8608853816986084
2021-04-16,2.8459458351135254
2021-04-19,2.8459458351135254
2021-04-20,2.8085975646972656
2021-04-21,2.8085975646972656
2021-04-22,2.8683547973632812
2021-04-23,2.8608853816986084
2021-04-26,2.8459458351135254
2021-04-27,2.8235368728637695
2021-04-28,2.8011279106140137
2021-04-29,2.7189619541168213
2021-04-30,2.6517345905303955
2021-05-03,2.6367950439453125
2021-05-04,2.5845072269439697
2021-05-05,2.6143863201141357
2021-05-06,2.577037811279297
2021-05-07,2.5845072269439697
2021-05-10,2.577037811279297
2021-05-11,2.577037811279297
2021-05-12,2.5845072269439697
2021-05-13,2.5919768810272217
2021-05-14,2.6143863201141357
2021-05-17,2.6069164276123047
2021-05-18,2.6293253898620605
2021-05-19,2.6069164276123047
2021-05-20,2.5994465351104736
2021-05-21,2.577037811279297
2021-05-24,2.5919768810272217
2021-05-25,2.6442649364471436
2021-05-26,2.6592042446136475
2021-05-27,2.6666736602783203
2021-05-28,2.6293253898620605
2021-05-31,2.6442649364471436
2021-06-01,2.6367950439453125
2021-06-02,2.6666736602783203
2021-06-03,2.6666736602783203
2021-06-04,2.6890833377838135
2021-06-07,2.7189619541168213
2021-06-08,2.6666736602783203
2021-06-09,2.6442649364471436
2021-06-10,2.6367950439453125
2021-06-11,2.6517345905303955
2021-06-15,2.696552038192749
2021-06-16,2.7189619541168213
2021-06-17,2.6293253898620605
2021-06-18,2.6367950439453125
2021-06-21,2.6890833377838135
2021-06-22,2.748840093612671
2021-06-23,2.726431131362915
2021-06-24,2.726431131362915
2021-06-25,2.733900785446167
2021-06-28,2.756309986114502
2021-06-29,2.913173198699951
2021-06-30,2.9804000854492188
2021-07-01,2.9153590202331543
2021-07-02,2.945967197418213
2021-07-05,2.9536187648773193
2021-07-06,2.9077072143554688
2021-07-07,2.976574420928955
2021-07-08,2.9842262268066406
2021-07-09,2.9842262268066406
2021-07-12,2.961270570755005
2021-07-13,2.976574420928955
2021-07-14,2.9995298385620117
2021-07-15,3.0377893447875977
2021-07-16,2.9842262268066406
2021-07-19,2.9995298385620117
2021-07-20,3.014833450317383
2021-07-21,3.0760486125946045
2021-07-22,3.045441150665283
2021-07-23,3.068397045135498
2021-07-26,3.0913522243499756
2021-07-27,3.121959686279297
2021-07-28,3.1066558361053467
2021-07-29,3.1143078804016113
2021-07-30,3.068397045135498
2021-08-02,3.083700656890869
2021-08-03,3.1296117305755615
2021-08-04,3.152566909790039
2021-08-05,3.175522804260254
2021-08-06,3.1831743717193604
2021-08-09,3.175522804260254
2021-08-10,3.137263298034668
2021-08-11,3.137263298034668
2021-08-12,3.083700656890869
2021-08-13,3.1296117305755615
2021-08-16,3.1984784603118896
2021-08-17,3.2061305046081543
2021-08-18,3.2367372512817383
2021-08-19,3.175522804260254
2021-08-20,3.1831743717193604
2021-08-23,3.1831743717193604
2021-08-24,3.121959686279297
2021-08-25,3.0913522243499756
2021-08-26,3.1143078804016113
2021-08-27,3.0224857330322266
2021-08-30,3.0990045070648193
2021-08-31,3.121959686279297
2021-09-01,3.045441150665283
2021-09-02,3.068397045135498
2021-09-03,3.0913522243499756
2021-09-06,3.0913522243499756
2021-09-07,3.083700656890869
2021-09-08,3.0760486125946045
2021-09-09,3.060744285583496
2021-09-10,3.083700656890869
2021-09-13,3.083700656890869
2021-09-14,3.030137538909912
2021-09-15,2.991878032684326
2021-09-16,3.014833450317383
2021-09-17,2.991878032684326
2021-09-20,2.9536187648773193
2021-09-21,2.9842262268066406
2021-09-22,2.991878032684326
2021-09-23,3.0224857330322266
2021-09-24,3.014833450317383
2021-09-27,2.9995298385620117
2021-09-28,2.923011064529419
2021-09-29,2.945967197418213
2021-09-30,3.0071818828582764
2021-10-01,3.0224857330322266
2021-10-04,3.0760486125946045
2021-10-05,3.030137538909912
2021-10-06,3.030137538909912
2021-10-07,3.083700656890869
2021-10-08,3.060744285583496
2021-10-11,3.060744285583496
2021-10-12,3.0530927181243896
2021-10-13,3.1143078804016113
2021-10-14,3.160219192504883
2021-10-15,3.152566909790039
2021-10-18,3.1449153423309326
2021-10-19,3.1296117305755615
2021-10-20,3.167870283126831
2021-10-21,3.167870283126831
2021-10-22,3.2290854454040527
2021-10-25,3.2520415782928467
2021-10-26,3.2290854454040527
2021-10-27,3.2290854454040527
2021-10-28,3.1831743717193604
2021-10-29,3.1143078804016113
2021-11-01,3.1449153423309326
2021-11-02,3.167870283126831
2021-11-03,3.1831743717193604
2021-11-04,3.1984784603118896
2021-11-05,3.190826416015625
2021-11-08,3.1831743717193604
2021-11-09,3.1449153423309326
2021-11-10,3.1449153423309326
2021-11-11,3.152566909790039
2021-11-12,3.1831743717193604
2021-11-15,3.190826416015625
2021-11-16,3.137263298034668
2021-11-17,3.152566909790039
2021-11-18,3.160219192504883
2021-11-19,3.167870283126831
2021-11-22,3.160219192504883
2021-11-23,3.175522804260254
2021-11-24,3.152566909790039
2021-11-25,3.1449153423309326
2021-11-26,3.137263298034668
2021-11-29,3.137263298034668
2021-11-30,3.1143078804016113
2021-12-01,3.068397045135498
2021-12-02,2.9995298385620117
2021-12-03,3.0224857330322266
2021-12-06,3.244389057159424
2021-12-07,3.3056044578552246
2021-12-08,3.420382022857666
2021-12-09,3.389774799346924
2021-12-10,3.4433376789093018
2021-12-13,3.4433376789093018
2021-12-14,3.4662935733795166
2021-12-15,3.4280338287353516
2021-12-16,3.473944902420044
2021-12-17,3.389774799346924
2021-12-20,3.4433376789093018
2021-12-21,3.423750638961792
2021-12-22,3.415916681289673
2021-12-23,3.40024733543396
2021-12-24,3.408081293106079
2021-12-29,3.4629244804382324
2021-12-30,3.4629244804382324
2021-12-31,3.525601863861084
2022-01-04,3.5020976066589355
2022-01-05,3.5177664756774902
2022-01-06,3.4315857887268066
2022-01-07,3.408081293106079
2022-01-10,3.415916681289673
2022-01-11,3.345404624938965
2022-01-12,3.2670578956604004
2022-01-13,3.3062310218811035
2022-01-14,3.3219003677368164
2022-01-17,3.3219003677368164
2022-01-18,3.368908166885376
2022-01-19,3.3062310218811035
2022-01-20,3.227883815765381
2022-01-21,3.2513885498046875
2022-01-24,3.2357189655303955
2022-01-25,3.173041820526123
2022-01-27,3.0555214881896973
2022-01-28,3.1338679790496826
2022-01-31,3.0946948528289795
2022-02-01,3.1417031288146973
2022-02-02,3.2200496196746826
2022-02-03,3.2357189655303955
2022-02-04,3.2670578956604004
2022-02-07,3.2592227458953857
2022-02-08,3.2905616760253906
2022-02-09,3.314065456390381
2022-02-10,3.314065456390381
2022-02-11,3.2357189655303955
2022-02-14,3.2435531616210938
2022-02-15,3.2513885498046875
2022-02-16,3.298396110534668
2022-02-17,3.2357189655303955
2022-02-18,3.2043802738189697
2022-02-21,3.2513885498046875
2022-02-22,3.2748923301696777
2022-02-23,3.298396110534668
2022-02-24,3.282727003097534
2022-02-25,3.212214946746826
2022-02-28,3.227883815765381
2022-03-01,3.188711166381836
2022-03-02,3.2043802738189697
2022-03-03,3.188711166381836
2022-03-04,3.2200496196746826
2022-03-07,3.2513885498046875
2022-03-08,3.2748923301696777
2022-03-09,3.2670578956604004
2022-03-10,3.2748923301696777
2022-03-11,3.314065456390381
2022-03-14,3.4472551345825195
2022-03-15,3.4629244804382324
2022-03-16,3.5177664756774902
2022-03-17,3.4707589149475098
2022-03-18,3.494263172149658
2022-03-21,3.525601863861084
2022-03-22,3.5726096630096436
2022-03-23,3.549105644226074
2022-03-24,3.5334360599517822
2022-03-25,3.5647754669189453
2022-03-28,3.5177664756774902
2022-03-29,3.5334360599517822
2022-03-30,3.4864284992218018
2022-03-31,3.5569400787353516
2022-04-01,3.5020976066589355
2022-04-04,3.509932518005371
2022-04-05,3.5177664756774902
2022-04-06,3.5177664756774902
2022-04-07,3.494263172149658
2022-04-08,3.5412709712982178
2022-04-11,3.6196181774139404
2022-04-12,3.666625499725342
2022-04-13,3.6431219577789307
2022-04-14,3.6979641914367676
2022-04-19,3.7293033599853516
2022-04-20,3.6744606494903564
2022-04-21,3.7606418132781982
2022-04-22,3.73713755607605
2022-04-26,3.6979641914367676
2022-04-27,3.6822941303253174
2022-04-28,3.721467971801758
2022-04-29,3.752807378768921
2022-05-02,3.7293033599853516
2022-05-03,3.7606418132781982
2022-05-04,3.7136335372924805
2022-05-05,3.6744606494903564
2022-05-06,3.6744606494903564
2022-05-09,3.7136335372924805
2022-05-10,3.7449729442596436
2022-05-11,3.752807378768921
2022-05-12,3.6744606494903564
2022-05-13,3.6979641914367676
2022-05-16,3.627452850341797
2022-05-17,3.6901299953460693
2022-05-18,3.596114158630371
2022-05-19,3.3610737323760986
2022-05-20,3.345404624938965
2022-05-23,3.3219003677368164
2022-05-24,3.3219003677368164
2022-05-25,3.3924121856689453
2022-05-26,3.329735517501831
2022-05-27,3.314065456390381
2022-05-30,3.353239059448242
2022-05-31,3.3767428398132324
2022-06-01,3.314065456390381
2022-06-02,3.2748923301696777
2022-06-03,3.3062310218811035
2022-06-06,3.298396110534668
2022-06-07,3.2200496196746826
2022-06-08,3.1965458393096924
2022-06-09,3.188711166381836
2022-06-10,3.1338679790496826
2022-06-14,3.0398523807525635
2022-06-15,3.0946948528289795
2022-06-16,3.047687292098999
2022-06-17,3.0555214881896973
2022-06-20,3.032017469406128
2022-06-21,3.07119083404541
2022-06-22,3.118198871612549
2022-06-23,3.2357189655303955
2022-06-24,3.2357189655303955
2022-06-27,3.368908166885376
2022-06-28,3.2748923301696777
2022-06-29,3.329735517501831
2022-06-30,3.3219003677368164
2022-07-01,3.314065456390381
2022-07-04,3.3610737323760986
2022-07-05,3.314065456390381
2022-07-06,3.353239059448242
2022-07-07,3.3767428398132324
2022-07-08,3.3767428398132324
2022-07-11,3.384577751159668
2022-07-12,3.400656223297119
2022-07-13,3.3524203300476074
2022-07-14,3.3283019065856934
2022-07-15,3.4167351722717285
2022-07-18,3.376538038253784
2022-07-19,3.360459327697754
2022-07-20,3.376538038253784
2022-07-21,3.376538038253784
2022-07-22,3.3684990406036377
2022-07-25,3.3283019065856934
2022-07-26,3.336341381072998
2022-07-27,3.360459327697754
2022-07-28,3.336341381072998
2022-07-29,3.3283019065856934
2022-08-01,3.3443808555603027
2022-08-02,3.3443808555603027
2022-08-03,3.3283019065856934
2022-08-04,3.3443808555603027
2022-08-05,3.400656223297119
2022-08-08,3.3524203300476074
2022-08-09,3.3524203300476074
2022-08-10,3.3202626705169678
2022-08-11,3.3202626705169678
2022-08-12,3.3041839599609375
2022-08-15,3.2800660133361816
2022-08-16,3.312223434448242
2022-08-17,3.4086954593658447
2022-08-18,3.400656223297119
2022-08-19,3.456932306289673
2022-08-22,3.4408533573150635
2022-08-23,3.3283019065856934
2022-08-24,3.272026777267456
2022-08-25,3.2639870643615723
2022-08-26,3.312223434448242
2022-08-29,3.2559478282928467
2022-08-30,3.272026777267456
2022-08-31,3.312223434448242
2022-09-01,3.336341381072998
2022-09-02,3.3443808555603027
2022-09-05,3.360459327697754
2022-09-06,3.312223434448242
2022-09-07,3.3283019065856934
2022-09-08,3.3041839599609375
2022-09-09,3.3041839599609375
2022-09-12,3.3041839599609375
2022-09-13,3.360459327697754
2022-09-14,3.296144723892212
2022-09-15,3.2157509326934814
2022-09-16,3.1916327476501465
2022-09-19,3.199672222137451
2022-09-20,3.247908353805542
2022-09-21,3.223790168762207
2022-09-23,3.183593273162842
2022-09-26,3.2157509326934814
2022-09-27,3.199672222137451
2022-09-28,3.175554037094116
2022-09-29,3.159475326538086
2022-09-30,3.111238718032837
2022-10-03,3.111238718032837
2022-10-04,3.175554037094116
2022-10-05,3.159475326538086
2022-10-06,3.159475326538086
2022-10-07,3.175554037094116
2022-10-10,3.135357141494751
2022-10-11,3.1273176670074463
2022-10-12,3.0710418224334717
2022-10-13,3.038884401321411
2022-10-14,3.1031997203826904
2022-10-17,3.0549631118774414
2022-10-18,3.135357141494751
2022-10-19,3.175554037094116
2022-10-20,3.183593273162842
2022-10-21,3.135357141494751
2022-10-24,3.175554037094116
2022-10-25,3.183593273162842
2022-10-26,3.1675148010253906
2022-10-27,3.2077114582061768
2022-10-28,3.223790168762207
2022-10-31,3.296144723892212
2022-11-01,3.2881052494049072
2022-11-02,3.247908353805542
2022-11-03,3.199672222137451
2022-11-04,3.183593273162842
2022-11-07,3.199672222137451
2022-11-08,3.223790168762207
2022-11-09,3.231829881668091
2022-11-10,3.223790168762207
2022-11-11,3.296144723892212
2022-11-14,3.1675148010253906
2022-11-15,3.175554037094116
2022-11-16,3.1916327476501465
2022-11-17,3.272026777267456
2022-11-18,3.2881052494049072
2022-11-21,3.336341381072998
2022-11-22,3.3283019065856934
2022-11-23,3.360459327697754
2022-11-24,3.3283019065856934
2022-11-25,3.3524203300476074
2022-11-28,3.376538038253784
2022-11-29,3.384577751159668
2022-11-30,3.3684990406036377
2022-12-01,3.3926172256469727
2022-12-02,3.400656223297119
2022-12-05,3.4086954593658447
2022-12-06,3.4408533573150635
2022-12-07,3.4086954593658447
2022-12-08,3.4167351722717285
2022-12-09,3.4810502529144287
2022-12-12,3.4649717807769775
2022-12-13,3.448892831802368
2022-12-14,3.448892831802368
2022-12-15,3.4649717807769775
2022-12-16,3.4649717807769775
2022-12-19,3.432813882827759
2022-12-20,3.3543262481689453
2022-12-21,3.3625881671905518
2022-12-22,3.412158966064453
2022-12-23,3.3625881671905518
2022-12-28,3.313016891479492
2022-12-29,3.271707534790039
2022-12-30,3.2882308959960938
2023-01-03,3.213874101638794
2023-01-04,3.2221362590789795
2023-01-05,3.2056121826171875
2023-01-06,3.1890883445739746
2023-01-09,3.2964928150177
2023-01-10,3.2882308959960938
2023-01-11,3.329540491104126
2023-01-12,3.346064567565918
2023-01-13,3.3047547340393066
2023-01-16,3.3212785720825195
2023-01-17,3.412158966064453
2023-01-18,3.461730718612671
2023-01-19,3.461730718612671
2023-01-20,3.4369447231292725
2023-01-23,3.4534683227539062
2023-01-24,3.445206880569458
2023-01-25,3.461730718612671
2023-01-27,3.4699923992156982
2023-01-30,3.403897285461426
2023-01-31,3.4534683227539062
2023-02-01,3.4204208850860596
2023-02-02,3.4534683227539062
2023-02-03,3.4204208850860596
2023-02-06,3.428683042526245
2023-02-07,3.346064567565918
2023-02-08,3.3212785720825195
2023-02-09,3.2882308959960938
2023-02-10,3.329540491104126
2023-02-13,3.337801933288574
2023-02-14,3.370849609375
2023-02-15,3.337801933288574
2023-02-16,3.403897285461426
2023-02-17,3.4204208850860596
2023-02-20,3.3956356048583984
2023-02-21,3.370849609375
2023-02-22,3.3543262481689453
2023-02-23,3.3791117668151855
2023-02-24,3.403897285461426
2023-02-27,3.3625881671905518
2023-02-28,3.3625881671905518
2023-03-01,3.3543262481689453
2023-03-02,3.3047547340393066
2023-03-03,3.3212785720825195
2023-03-06,3.3212785720825195
2023-03-07,3.346064567565918
2023-03-08,3.346064567565918
2023-03-09,3.3543262481689453
2023-03-10,3.2469215393066406
2023-03-13,3.1890883445739746
2023-03-14,3.139517068862915
2023-03-15,3.156040668487549
2023-03-16,3.114731550216675
2023-03-17,3.139517068862915
2023-03-20,3.098207712173462
2023-03-21,3.1312553882598877
2023-03-22,3.139517068862915
2023-03-23,3.122993230819702
2023-03-24,3.1312553882598877
2023-03-27,3.2056121826171875
2023-03-28,3.2386600971221924
2023-03-29,3.2469215393066406
2023-03-30,3.213874101638794
2023-03-31,3.1808266639709473
2023-04-03,3.1808266639709473
2023-04-04,3.2221362590789795
2023-04-05,3.2056121826171875
2023-04-06,3.213874101638794
2023-04-11,3.2799692153930664
2023-04-12,3.3047547340393066
2023-04-13,3.2964928150177
2023-04-14,3.3047547340393066
2023-04-17,3.2964928150177
2023-04-18,3.2799692153930664
2023-04-19,3.2634453773498535
2023-04-20,3.3047547340393066
2023-04-21,3.271707534790039
2023-04-24,3.3047547340393066
2023-04-26,3.2882308959960938
2023-04-27,3.255183696746826
2023-04-28,3.2221362590789795
2023-05-01,3.2221362590789795
2023-05-02,3.2221362590789795
2023-05-03,3.2056121826171875
2023-05-04,3.230397939682007
2023-05-05,3.255183696746826
2023-05-08,3.2634453773498535
2023-05-09,3.2799692153930664
2023-05-10,3.271707534790039
2023-05-11,3.2634453773498535
2023-05-12,3.2799692153930664
2023-05-15,3.2469215393066406
2023-05-16,3.1890883445739746
2023-05-17,3.1312553882598877
2023-05-18,3.098207712173462
2023-05-19,3.122993230819702
2023-05-22,3.0321125984191895
2023-05-23,2.9825408458709717
2023-05-24,2.9908032417297363
2023-05-25,3.00732684135437
2023-05-26,2.9412314891815186
2023-05-29,3.0155887603759766
2023-05-30,3.0155887603759766
2023-05-31,2.932969808578491
2023-06-01,2.9577555656433105
2023-06-02,2.9247076511383057
2023-06-05,2.949493646621704
2023-06-06,2.875136613845825
2023-06-07,2.8833987712860107
2023-06-08,2.9577555656433105
2023-06-09,2.9247076511383057
2023-06-13,2.9577555656433105
2023-06-14,2.966017007827759
2023-06-15,2.9742791652679443
2023-06-16,2.9908032417297363
2023-06-19,3.0321125984191895
2023-06-20,3.0321125984191895
2023-06-21,3.0155887603759766
2023-06-22,2.9742791652679443
2023-06-23,2.966017007827759
2023-06-26,3.1064696311950684
2023-06-27,3.0321125984191895
2023-06-28,3.081683874130249
2023-06-29,3.156040668487549
2023-06-30,3.1064696311950684
2023-07-03,3.1477789878845215
2023-07-04,3.1477789878845215
2023-07-05,3.139517068862915
2023-07-06,3.0899457931518555
2023-07-07,3.065160036087036
2023-07-10,3.0568981170654297
2023-07-11,3.0568981170654297
2023-07-12,3.0568981170654297
2023-07-13,3.098207712173462
2023-07-14,3.0734217166900635
2023-07-17,3.098207712173462
2023-07-18,3.0726726055145264
2023-07-19,3.089696168899536
2023-07-20,3.089696168899536
2023-07-21,3.089696168899536
2023-07-24,3.098207712173462
2023-07-25,3.0811846256256104
2023-07-26,3.0641613006591797
2023-07-27,3.1237423419952393
2023-07-28,3.1152307987213135
2023-07-31,3.0641613006591797
2023-08-01,3.098207712173462
2023-08-02,3.0641613006591797
2023-08-03,3.1067192554473877
2023-08-04,3.132253885269165
2023-08-07,3.1237423419952393
2023-08-08,3.089696168899536
2023-08-09,3.1152307987213135
2023-08-10,3.098207712173462
2023-08-11,3.089696168899536
2023-08-14,3.0726726055145264
2023-08-15,3.098207712173462
2023-08-16,3.098207712173462
2023-08-17,3.0811846256256104
2023-08-18,3.1067192554473877
2023-08-21,3.0811846256256104
2023-08-22,3.098207712173462
2023-08-23,3.1067192554473877
2023-08-24,3.089696168899536
2023-08-25,3.1067192554473877
2023-08-28,3.132253885269165
2023-08-29,3.132253885269165
2023-08-30,3.183323383331299
2023-08-31,3.174811840057373
2023-09-01,3.166299819946289
2023-09-04,3.1577885150909424
2023-09-05,3.1577885150909424
2023-09-06,3.1237423419952393
2023-09-07,3.1237423419952393
2023-09-08,3.132253885269165
2023-09-11,3.166299819946289
2023-09-12,3.183323383331299
2023-09-13,3.1577885150909424
2023-09-14,3.166299819946289
2023-09-15,3.1492769718170166
2023-09-18,3.140765428543091
2023-09-19,3.1237423419952393
2023-09-20,3.1492769718170166
2023-09-21,3.132253885269165
2023-09-22,3.140765428543091
2023-09-25,3.2003464698791504
2023-09-26,3.174811840057373
2023-09-27,3.166299819946289
2023-09-28,3.174811840057373
2023-09-29,3.217369556427002
2023-10-02,3.174811840057373
2023-10-03,3.1492769718170166
2023-10-04,3.1237423419952393
2023-10-05,3.174811840057373
2023-10-06,3.174811840057373
2023-10-09,3.1577885150909424
2023-10-10,3.2003464698791504
2023-10-11,3.2003464698791504
2023-10-12,3.217369556427002
2023-10-13,3.2343926429748535
2023-10-16,3.2343926429748535
2023-10-17,3.208858013153076
2023-10-18,3.1918349266052246
2023-10-19,3.1577885150909424
2023-10-20,3.1152307987213135
2023-10-23,3.1492769718170166
2023-10-24,3.1492769718170166
2023-10-25,3.1152307987213135
2023-10-26,3.098207712173462
2023-10-27,3.1237423419952393
2023-10-30,3.098207712173462
2023-10-31,3.132253885269165
2023-11-01,3.132253885269165
2023-11-02,3.166299819946289
2023-11-03,3.183323383331299
2023-11-06,3.166299819946289
2023-11-07,3.1492769718170166
2023-11-08,3.140765428543091
2023-11-09,3.174811840057373
2023-11-10,3.166299819946289
2023-11-13,3.1577885150909424
2023-11-14,3.2003464698791504
2023-11-15,3.2003464698791504
2023-11-16,3.2003464698791504
2023-11-17,3.132253885269165
2023-11-20,3.132253885269165
2023-11-21,3.1237423419952393
2023-11-22,3.1577885150909424
2023-11-23,3.1237423419952393
2023-11-24,3.132253885269165
2023-11-27,3.089696168899536
2023-11-28,3.1067192554473877
2023-11-29,3.0641613006591797
2023-11-30,3.0811846256256104
2023-12-01,3.021603584289551
2023-12-04,3.055649518966675
2023-12-05,2.9960689544677734
2023-12-06,3.0641613006591797
2023-12-07,3.021603584289551
2023-12-08,3.0471384525299072
2023-12-11,3.0471384525299072
2023-12-12,3.055649518966675
2023-12-13,3.0471384525299072
2023-12-14,3.0471384525299072
2023-12-15,3.0734825134277344
2023-12-18,3.0383570194244385
2023-12-19,3.055919647216797
2023-12-20,3.082263946533203
2023-12-21,3.0734825134277344
2023-12-22,3.055919647216797
2023-12-27,3.0734825134277344
2023-12-28,3.0647010803222656
2023-12-29,3.0647010803222656
2024-01-02,3.0734825134277344
2024-01-03,3.0910451412200928
2024-01-04,3.055919647216797
2024-01-05,3.0734825134277344
2024-01-08,3.117389440536499
2024-01-09,3.178858995437622
2024-01-10,3.170077323913574
2024-01-11,3.170077323913574
2024-01-12,3.1349520683288574
2024-01-15,3.1261703968048096
2024-01-16,3.0910451412200928
2024-01-17,3.1349520683288574
2024-01-18,3.082263946533203
2024-01-19,3.0734825134277344
2024-01-22,3.117389440536499
2024-01-23,3.1612961292266846
2024-01-24,3.1261703968048096
2024-01-25,3.152514696121216
2024-01-29,3.152514696121216
2024-01-30,3.152514696121216
2024-01-31,3.1964218616485596
2024-02-01,3.1964218616485596
2024-02-02,3.1964218616485596
2024-02-05,3.1964218616485596
2024-02-06,3.143733263015747
2024-02-07,3.170077323913574
2024-02-08,3.2227659225463867
2024-02-09,3.2578914165496826
2024-02-12,3.284235715866089
2024-02-13,3.213984489440918
2024-02-14,3.143733263015747
2024-02-15,3.117389440536499
2024-02-16,3.108607769012451
2024-02-19,3.1349520683288574
2024-02-20,3.1876401901245117
2024-02-21,3.170077323913574
2024-02-22,3.1612961292266846
2024-02-23,3.1876401901245117
2024-02-26,3.1876401901245117
2024-02-27,3.2578914165496826
2024-02-28,3.2315471172332764
2024-02-29,3.2578914165496826
2024-03-01,3.2578914165496826
2024-03-04,3.275454044342041
2024-03-05,3.284235715866089
2024-03-06,3.3017985820770264
2024-03-07,3.3281424045562744
2024-03-08,3.3193609714508057
2024-03-11,3.345705509185791
2024-03-12,3.4510817527770996
2024-03-13,3.4862072467803955
2024-03-14,3.503769874572754
2024-03-15,3.4159562587738037
2024-03-18,3.4335193634033203
2024-03-19,3.407174825668335
2024-03-20,3.4159562587738037
2024-03-21,3.398393392562866
2024-03-22,3.407174825668335
2024-03-25,3.3896121978759766
2024-03-26,3.3896121978759766
2024-03-27,3.4335193634033203
2024-03-28,3.4335193634033203
2024-04-02,3.4510817527770996
2024-04-03,3.407174825668335
2024-04-04,3.4159562587738037
2024-04-05,3.4159562587738037
2024-04-08,3.4335193634033203
2024-04-09,3.442300319671631
2024-04-10,3.4247376918792725
2024-04-11,3.4335193634033203
2024-04-12,3.4247376918792725
2024-04-15,3.442300319671631
2024-04-16,3.4335193634033203
2024-04-17,3.4247376918792725
2024-04-18,3.442300319671631
2024-04-19,3.398393392562866
2024-04-22,3.4335193634033203
2024-04-23,3.4598629474639893
2024-04-24,3.4247376918792725
2024-04-26,3.4159562587738037
2024-04-29,3.4247376918792725
2024-04-30,3.4598629474639893
2024-05-01,3.372049331665039
2024-05-02,3.336923837661743
2024-05-03,3.336923837661743
2024-05-06,3.3544864654541016
2024-05-07,3.407174825668335
2024-05-08,3.4247376918792725
2024-05-09,3.398393392562866
2024-05-10,3.3632678985595703
2024-05-13,3.380830764770508
2024-05-14,3.3544864654541016
2024-05-15,3.380830764770508
2024-05-16,3.4159562587738037
2024-05-17,3.380830764770508
2024-05-20,3.398393392562866
2024-05-21,3.3896121978759766
2024-05-22,3.3017985820770264
2024-05-23,3.3193609714508057
2024-05-24,3.2666728496551514
2024-05-27,3.3544864654541016
2024-05-28,3.3193609714508057
2024-05-29,3.275454044342041
2024-05-30,3.240328550338745
2024-05-31,3.240328550338745
2024-06-03,3.310579776763916
2024-06-04,3.3017985820770264
2024-06-05,3.3193609714508057
2024-06-06,3.372049331665039
2024-06-07,3.3632678985595703
2024-06-11,3.3193609714508057
2024-06-12,3.3193609714508057
2024-06-13,3.3193609714508057
2024-06-14,3.2666728496551514
2024-06-17,3.2666728496551514
2024-06-18,3.3017985820770264
2024-06-19,3.3632678985595703
2024-06-20,3.372049331665039
2024-06-21,3.3193609714508057
2024-06-24,3.240328550338745
2024-06-25,3.2666728496551514
2024-06-26,3.178858995437622
2024-06-27,3.152514696121216
2024-06-28,3.108607769012451
2024-07-01,3.1261703968048096
2024-07-02,3.1349520683288574
2024-07-03,3.1349520683288574
2024-07-04,3.152514696121216
2024-07-05,3.1964218616485596
2024-07-08,3.2315471172332764
2024-07-09,3.2578914165496826
2024-07-10,3.2666728496551514
2024-07-11,3.249109983444214
2024-07-12,3.2315471172332764
2024-07-15,3.240328550338745
2024-07-16,3.208868980407715
2024-07-17,3.2538108825683594
2024-07-18,3.2448225021362305
2024-07-19,3.199880361557007
2024-07-22,3.2627997398376465
2024-07-23,3.2717883586883545
2024-07-24,3.208868980407715
2024-07-25,3.199880361557007
2024-07-26,3.199880361557007
2024-07-29,3.2268459796905518
2024-07-30,3.2178573608398438
2024-07-31,3.289764881134033
2024-08-01,3.2807767391204834
2024-08-02,3.2538108825683594
2024-08-05,3.181903839111328
2024-08-06,3.1369616985321045
2024-08-07,3.1549384593963623
2024-08-08,3.1459500789642334
2024-08-09,3.181903839111328
2024-08-12,3.199880361557007
2024-08-13,3.181903839111328
2024-08-14,3.208868980407715
2024-08-15,3.2268459796905518
2024-08-16,3.2268459796905518
2024-08-19,3.2268459796905518
2024-08-20,3.2358343601226807
2024-08-21,3.2268459796905518
2024-08-22,3.2358343601226807
2024-08-23,3.2538108825683594
2024-08-26,3.2538108825683594
2024-08-27,3.2627997398376465
2024-08-28,3.2448225021362305
2024-08-29,3.2358343601226807
2024-08-30,3.2178573608398438
2024-09-02,3.2358343601226807
2024-09-03,3.199880361557007
2024-09-04,3.181903839111328
2024-09-05,3.208868980407715
2024-09-06,3.2268459796905518
2024-09-09,3.199880361557007
2024-09-10,3.2178573608398438
2024-09-11,3.172915458679199
2024-09-12,3.2178573608398438
2024-09-13,3.2268459796905518
2024-09-16,3.2268459796905518
2024-09-17,3.208868980407715
2024-09-18,3.199880361557007
2024-09-19,3.208868980407715
2024-09-20,3.208868980407715
2024-09-23,3.172915458679199
2024-09-24,3.1459500789642334
2024-09-25,3.1189849376678467
2024-09-26,3.208868980407715
2024-09-27,3.2268459796905518
2024-09-30,3.2178573608398438
2024-10-01,3.2538108825683594
2024-10-02,3.2268459796905518
2024-10-03,3.199880361557007
2024-10-04,3.172915458679199
2024-10-07,3.208868980407715
2024-10-08,3.172915458679199
2024-10-09,3.172915458679199
2024-10-10,3.199880361557007
2024-10-11,3.163926839828491
2024-10-14,3.172915458679199
2024-10-15,3.190892219543457
2024-10-16,3.1549384593963623
2024-10-17,3.181903839111328
2024-10-18,3.181903839111328
2024-10-21,3.190892219543457
2024-10-22,2.9931468963623047
2024-10-23,2.984158515930176
2024-10-24,2.966181516647339
2024-10-25,2.8673088550567627
2024-10-28,2.7954013347625732
2024-10-29,2.7864129543304443
2024-10-30,2.7774245738983154
2024-10-31,2.7504591941833496
2024-11-01,2.723493814468384
2024-11-04,2.7504591941833496
2024-11-05,2.732482433319092
2024-11-06,2.7864129543304443
2024-11-07,2.7684361934661865
2024-11-08,2.7954013347625732
2024-11-11,2.732482433319092
2024-11-12,2.732482433319092
2024-11-13,2.7414708137512207
2024-11-14,2.732482433319092
2024-11-15,2.7504591941833496
2024-11-18,2.81337833404541
2024-11-19,2.804389715194702
2024-11-20,2.7684361934661865
2024-11-21,2.7864129543304443
2024-11-22,2.7864129543304443
2024-11-25,2.7414708137512207
2024-11-26,2.7864129543304443
2024-11-27,2.822366952896118
2024-11-28,2.804389715194702
2024-11-29,2.804389715194702
2024-12-02,2.8673088550567627
2024-12-03,3.083031177520752
2024-12-04,3.0111234188079834
2024-12-05,2.9751698970794678
2024-12-06,3.0111234188079834
2024-12-09,2.939216375350952
2024-12-10,2.9751698970794678
2024-12-11,2.9751698970794678
2024-12-12,3.0021352767944336
2024-12-13,2.9790775775909424
2024-12-16,2.9606311321258545
2024-12-17,2.9421846866607666
2024-12-18,2.932961940765381
2024-12-19,2.8776228427886963
2024-12-20,2.8868460655212402
2024-12-23,2.905292272567749
2024-12-24,2.914515495300293
2024-12-27,2.914515495300293
2024-12-30,2.8868460655212402
2024-12-31,2.8591763973236084
2025-01-02,2.8868460655212402
2025-01-03,2.896069049835205
2025-01-06,2.8591763973236084
2025-01-07,2.8683996200561523
2025-01-08,2.8868460655212402
2025-01-09,2.8683996200561523
2025-01-10,2.8407299518585205
2025-01-13,2.8407299518585205
2025-01-14,2.8407299518585205
2025-01-15,2.8499531745910645
2025-01-16,2.8407299518585205
2025-01-17,2.8591763973236084
2025-01-20,2.8683996200561523
2025-01-21,2.8868460655212402
2025-01-22,2.8776228427886963
2025-01-23,2.8407299518585205
2025-01-24,2.8683996200561523
2025-01-28,2.8683996200561523
2025-01-29,2.8868460655212402
2025-01-30,2.932961940765381
2025-01-31,2.923738718032837
2025-02-03,2.8776228427886963
2025-02-04,2.8591763973236084
2025-02-05,2.896069049835205
2025-02-06,2.8868460655212402
2025-02-07,2.8591763973236084
2025-02-10,2.8776228427886963
2025-02-11,2.8683996200561523
2025-02-12,2.905292272567749
2025-02-13,2.8776228427886963
2025-02-14,2.932961940765381
2025-02-17,2.9421846866607666
2025-02-18,2.9514079093933105
2025-02-19,2.905292272567749
2025-02-20,2.8868460655212402
2025-02-21,2.923738718032837
2025-02-24,2.896069049835205
2025-02-25,2.923738718032837
2025-02-26,2.9421846866607666
2025-02-27,2.9514079093933105
2025-02-28,2.896069049835205
2025-03-03,2.932961940765381
2025-03-04,2.8776228427886963
2025-03-05,2.822283983230591
2025-03-06,2.8499531745910645
2025-03-07,2.8591763973236084
2025-03-10,2.8591763973236084
2025-03-11,2.905292272567749
2025-03-12,2.813060760498047
2025-03-13,2.7577216625213623
2025-03-14,2.785391092300415
2025-03-17,2.822283983230591
2025-03-18,2.8315069675445557
2025-03-19,2.8315069675445557
2025-03-20,2.8407299518585205
2025-03-21,2.9421846866607666
2025-03-24,2.8868460655212402
2025-03-25,2.8683996200561523
2025-03-26,2.8868460655212402
2025-03-27,2.896069049835205
2025-03-28,2.932961940765381
2025-03-31,2.914515495300293
2025-04-01,2.923738718032837
2025-04-02,2.914515495300293
2025-04-03,2.9421846866607666
2025-04-04,3.006746768951416
2025-04-07,2.7484984397888184
2025-04-08,2.8683996200561523
2025-04-09,2.8315069675445557
2025-04-10,2.896069049835205
2025-04-11,2.896069049835205
2025-04-14,2.914515495300293
2025-04-15,2.914515495300293
2025-04-16,2.914515495300293
2025-04-17,2.9421846866607666
2025-04-22,2.932961940765381
2025-04-23,2.9698543548583984
2025-04-24,2.9883005619049072
2025-04-28,2.997523546218872
2025-04-29,2.9883005619049072
2025-04-30,2.9698543548583984
2025-05-01,3.01596999168396
2025-05-02,3.025193214416504
2025-05-05,2.9790775775909424
2025-05-06,2.9790775775909424
2025-05-07,3.01596999168396
2025-05-08,3.0344161987304688
2025-05-09,3.0620856285095215
2025-05-12,3.0713088512420654
2025-05-13,3.0436394214630127
2025-05-14,3.025193214416504
2025-05-15,3.0528624057769775
2025-05-16,3.089755058288574
2025-05-19,3.0805320739746094
2025-05-20,3.089755058288574
2025-05-21,3.145094156265259
2025-05-22,3.145094156265259
2025-05-23,3.117424726486206
2025-05-26,3.117424726486206
2025-05-27,3.108201265335083
2025-05-28,3.135870933532715
2025-05-29,3.12664794921875
2025-05-30,3.117424726486206
2025-06-02,3.145094156265259
2025-06-03,3.1635403633117676
2025-06-04,3.145094156265259
2025-06-05,3.135870933532715
2025-06-06,3.12664794921875
2025-06-10,3.237325429916382
2025-06-11,3.357226610183716
2025-06-12,3.4217886924743652
2025-06-13,3.440234899520874
2025-06-16,3.357226610183716
2025-06-17,3.32033371925354
2025-06-18,3.3756725788116455
2025-06-19,3.4033422470092773
2025-06-20,3.4125654697418213
2025-06-23,3.5047969818115234
2025-06-24,3.6154749393463135
2025-06-25,3.661590576171875
2025-06-26,3.661590576171875
2025-06-27,3.6062517166137695
2025-06-30,3.6062517166137695
2025-07-01,3.6339211463928223
2025-07-02,3.643144130706787
2025-07-03,3.6984832286834717
2025-07-04,3.753822088241577
2025-07-07,3.8183839321136475
2025-07-08,3.753822088241577
2025-07-09,3.7169294357299805
2025-07-10,3.7169294357299805
2025-07-11,3.7077062129974365
2025-07-14,3.7077062129974365
2025-07-15,3.7218756675720215
2025-07-16,3.6746439933776855
2025-07-17,3.7124292850494385
2025-07-18,3.7313220500946045
2025-07-21,3.6935367584228516
2025-07-22,3.6746439933776855
2025-07-23,3.6085188388824463
2025-07-24,3.6085188388824463
2025-07-25,3.6179652214050293
2025-07-28,3.6463046073913574
2025-07-29,3.6840903759002686
2025-07-30,3.7029829025268555
2025-07-31,3.6840903759002686
2025-08-01,3.6746439933776855
2025-08-04,3.7029829025268555
2025-08-05,3.7502148151397705
2025-08-06,3.7596611976623535
2025-08-07,3.7785539627075195
2025-08-08,3.7880005836486816
2025-08-11,3.7880005836486816
2025-08-12,3.8352322578430176
2025-08-13,3.8446788787841797
2025-08-14,3.8730175495147705
2025-08-15,3.9296960830688477
2025-08-18,3.9674813747406006
2025-08-19,3.9296960830688477
2025-08-20,3.9108033180236816
2025-08-21,3.958035469055176
2025-08-22,3.9391424655914307
2025-08-25,3.9296960830688477
2025-08-26,3.9485886096954346
2025-08-27,3.9296960830688477
2025-08-28,3.976928234100342
2025-08-29,3.9674813747406006
2025-09-01,3.995820999145508
2025-09-02,3.9674813747406006
2025-09-03,3.8919105529785156
2025-09-04,3.8824641704559326
2025-09-05,3.9013569355010986
2025-09-08,3.8257861137390137
2025-09-09,3.8068933486938477
2025-09-10,3.8068933486938477
2025-09-11,3.7029829025268555
2025-09-12,3.7124292850494385
2025-09-15,3.7124292850494385
2025-09-16,3.7218756675720215
2025-09-17,3.6935367584228516
2025-09-18,3.6935367584228516
2025-09-19,3.6840903759002686
2025-09-22,3.6935367584228516
2025-09-23,3.6935367584228516
2025-09-24,3.6935367584228516
2025-09-25,3.6746439933776855
2025-09-26,3.6274118423461914
2025-09-29,3.6368582248687744
2025-09-30,3.5896260738372803
2025-10-01,3.5990724563598633
2025-10-02,3.5896260738372803
2025-10-03,3.5612869262695312
2025-10-06,3.5329480171203613
2025-10-07,3.5329480171203613
2025-10-08,3.5140552520751953
2025-10-09,3.5707333087921143
2025-10-10,3.5801796913146973
2025-10-13,3.5801796913146973
2025-10-14,3.5707333087921143
2025-10-15,3.5707333087921143
2025-10-16,3.5801796913146973
2025-10-17,3.5801796913146973
2025-10-20,3.6179652214050293
2025-10-21,3.5801796913146973
2025-10-22,3.5612869262695312
2025-10-23,3.6274118423461914
2025-10-24,3.5990724563598633
2025-10-27,3.6179652214050293
2025-10-28,3.6274118423461914
2025-10-29,3.6368582248687744
2025-10-30,3.6557509899139404
2025-10-31,3.5990724563598633
2025-11-03,3.6368582248687744
2025-11-04,3.6179652214050293
2025-11-05,3.6274118423461914
2025-11-06,3.6651976108551025
2025-11-07,3.7029829025268555
2025-11-10,3.6935367584228516
2025-11-11,3.7313220500946045
2025-11-12,3.7502148151397705
2025-11-13,3.6557509899139404
2025-11-14,3.6274118423461914
2025-11-17,3.6085188388824463
2025-11-18,3.6085188388824463
2025-11-19,3.6368582248687744
2025-11-20,3.6274118423461914
2025-11-21,3.5518405437469482
2025-11-24,3.6368582248687744
2025-11-25,3.6179652214050293
2025-11-26,3.5518405437469482
2025-11-27,3.5423941612243652
2025-11-28,3.4951624870300293
2025-12-01,3.173985242843628
2025-12-02,3.145646095275879
2025-12-03,3.230663537979126
2025-12-04,3.164538860321045
2025-12-05,3.192878246307373
2025-12-08,3.221217393875122
2025-12-09,3.192878246307373
2025-12-10,3.155092477798462
2025-12-11,3.173985242843628
2025-12-12,3.1594481468200684
2025-12-15,3.1400649547576904
2025-12-16,3.1691396236419678
2025-12-17,3.1400649547576904
2025-12-18,3.1885228157043457
2025-12-19,3.178831100463867
2025-12-22,3.198214292526245
2025-12-23,3.236980438232422
2025-12-24,3.1885228157043457
2025-12-29,3.2272889614105225
2025-12-30,3.2079057693481445
2025-12-31,3.198214292526245
2026-01-02,3.2079057693481445
2026-01-05,3.1885228157043457
2026-01-06,3.14975643157959
2026-01-07,3.1885228157043457
2026-01-08,3.2079057693481445
2026-01-09,3.2079057693481445
2026-01-12,3.198214292526245
2026-01-13,3.1885228157043457
2026-01-14,3.2272889614105225
2026-01-15,3.198214292526245
2026-01-16,3.2272889614105225
2026-01-19,3.217597246170044
2026-01-20,3.2466719150543213
2026-01-21,3.2466719150543213
2026-01-22,3.2466719150543213
2026-01-23,3.217597246170044
2026-01-27,3.2563636302948
2026-01-28,3.236980438232422
2026-01-29,3.236980438232422
2026-01-30,3.217597246170044
2026-02-02,3.2563636302948
2026-02-03,3.236980438232422
2026-02-04,3.2079057693481445
2026-02-05,3.217597246170044
2026-02-06,3.1012988090515137
2026-02-09,3.1691396236419678
2026-02-10,3.1691396236419678
2026-02-11,3.217597246170044
2026-02-12,3.236980438232422
2026-02-13,3.1691396236419678
2026-02-16,3.14975643157959
2026-02-17,3.1691396236419678
2026-02-18,3.198214292526245
2026-02-19,3.198214292526245
2026-02-20,3.1691396236419678
2026-02-23,3.1885228157043457
2026-02-24,3.178831100463867
2026-02-25,3.2079057693481445
2026-02-26,3.2466719150543213
2026-02-27,3.198214292526245
2026-03-02,3.2272889614105225
2026-03-03,3.1885228157043457
2026-03-04,3.1206817626953125
2026-03-05,3.110990285873413
2026-03-06,3.0140745639801025
2026-03-09,2.9268505573272705
2026-03-10,2.9268505573272705
2026-03-11,2.9268505573272705
2026-03-12,2.868701457977295
2026-03-13,2.8783929347991943
2026-03-16,2.849318265914917
2026-03-17,2.8590097427368164
2026-03-18,2.8396267890930176
2026-03-19,2.781477212905884
2026-03-20,2.781477212905884
2026-03-23,2.7717857360839844
2026-03-24,2.781477212905884
2026-03-25,2.8783929347991943
2026-03-26,2.9074676036834717
2026-03-27,2.9462337493896484
2026-03-30,2.9462337493896484
2026-03-31,2.868701457977295
2026-04-01,2.8880844116210938
2026-04-02,2.8783929347991943
2026-04-07,2.8783929347991943
2026-04-08,2.9074676036834717
2026-04-09,2.9656169414520264
2026-04-10,2.9462337493896484
2026-04-13,2.9074676036834717
2026-04-14,2.9268505573272705
2026-04-15,2.9074676036834717
2026-04-16,2.917159080505371
2026-04-17,2.8105521202087402
2026-04-20,2.7911689281463623
2026-04-21,2.8105521202087402
2026-04-22,2.8105521202087402
2026-04-23,2.7717857360839844
2026-04-24,2.7330193519592285
2026-04-27,2.7330193519592285
2026-04-28,2.6942532062530518
2026-04-29,2.6942532062530518
2026-04-30,2.636103868484497
2026-05-01,2.6167209148406982
2026-05-04,2.568263053894043
2026-05-05,2.636103868484497
2026-05-06,2.655487060546875
2026-05-07,2.6845617294311523
2026-05-08,2.655487060546875
2026-05-11,2.829935073852539
2026-05-12,2.849318265914917
2026-05-13,2.8783929347991943
2026-05-14,2.8202435970306396
2026-05-15,2.8590097427368164
2026-05-18,2.829935073852539
2026-05-19,2.9074676036834717
2026-05-20,2.897775888442993
2026-05-21,2.897775888442993
2026-05-22,2.955925226211548
2026-05-25,2.975308418273926
2026-05-26,2.955925226211548
2026-05-27,2.9946913719177246
2026-05-28,2.975308418273926
2026-05-29,2.975308418273926
2026-06-01,2.975308418273926
2026-06-02,2.917159080505371
2026-06-03,2.849318265914917
2026-06-04,2.936542272567749
2026-06-05,2.9462337493896484
2026-06-09,2.8783929347991943
2026-06-10,3.043149471282959
2026-06-11,3.062532663345337
2026-06-12,3.110990285873413
2026-06-15,3.091607093811035
2026-06-16,3.1400649547576904
2026-06-17,3.1400649547576904
2026-06-18,3.1012988090515137
2026-06-19,3.0819156169891357
2026-06-22,3.023766040802002
2026-06-23,2.936542272567749
2026-06-24,2.9462337493896484
2026-06-25,2.955925226211548
2026-06-26,2.9074676036834717
2026-06-29,2.897775888442993
2026-06-30,2.8590097427368164
2026-07-01,2.868701457977295
2026-07-02,2.8590097427368164
2026-07-03,2.9074676036834717
2026-07-06,2.936542272567749
2026-07-07,2.936542272567749
2026-07-08,2.975308418273926
2026-07-09,2.955925226211548
2026-07-10,2.9656169414520264
2026-07-13,2.984999895095825
2026-07-14,2.9600000381469727
2026-07-15,2.9200000762939453
2026-07-16,2.9100000858306885
2026-07-17,2.940000057220459
2026-07-20,2.9800000190734863
2026-07-21,2.9600000381469727
2026-07-22,2.950000047683716
2026-07-23,2.9700000286102295
2026-07-24,2.9700000286102295
2026-07-27,2.9700000286102295
2026-07-28,3.049999952316284
2026-07-29,3.109999895095825
2026-07-30,3.0999999046325684
2026-07-31,3.0399999618530273
2026-08-03,3.0899999141693115
2026-08-04,3.0999999046325684
2026-08-05,3.0999999046325684
2026-08-06,3.119999885559082
2026-08-07,3.1500000953674316
2026-08-10,3.1600000858306885
2026-08-11,3.140000104904175
2026-08-12,3.119999885559082
2026-08-13,3.0999999046325684
2026-08-14,3.0899999141693115
2026-08-17,3.0799999237060547
2026-08-18,3.049999952316284
2026-08-19,3.069999933242798
2026-08-20,2.9800000190734863
2026-08-21,2.9800000190734863
2026-08-24,2.950000047683716
2026-08-25,2.9800000190734863
2026-08-26,3.0199999809265137
2026-08-27,2.950000047683716
2026-08-28,2.940000057220459
