Date,close
1994-03-31,0.15988300740718842
1994-04-01,0.15988300740718842
1994-04-04,0.15988300740718842
1994-04-05,0.15988300740718842
1994-04-06,0.15988300740718842
1994-04-07,0.15988300740718842
1994-04-08,0.15988300740718842
1994-04-11,0.15988300740718842
1994-04-12,0.15988300740718842
1994-04-13,0.15988300740718842
1994-04-14,0.15988300740718842
1994-04-15,0.15988300740718842
1994-04-18,0.15988300740718842
1994-04-19,0.15988300740718842
1994-04-20,0.15988300740718842
1994-04-21,0.15988300740718842
1994-04-22,0.15988300740718842
1994-04-25,0.15988300740718842
1994-04-26,0.15988300740718842
1994-04-27,0.15988300740718842
1994-04-28,0.15988300740718842
1994-04-29,0.1438950002193451
1994-05-02,0.1438950002193451
1994-05-03,0.1438950002193451
1994-05-04,0.1438950002193451
1994-05-05,0.1438950002193451
1994-05-06,0.1438950002193451
1994-05-09,0.1438950002193451
1994-05-10,0.1438950002193451
1994-05-11,0.1438950002193451
1994-05-12,0.1438950002193451
1994-05-13,0.1438950002193451
1994-05-16,0.1438950002193451
1994-05-17,0.1438950002193451
1994-05-18,0.1438950002193451
1994-05-19,0.1438950002193451
1994-05-20,0.1438950002193451
1994-05-23,0.1438950002193451
1994-05-24,0.1438950002193451
1994-05-25,0.1438950002193451
1994-05-26,0.1438950002193451
1994-05-27,0.1438950002193451
1994-05-30,0.1438950002193451
1994-05-31,0.11991199851036072
1994-06-01,0.11991199851036072
1994-06-02,0.11991199851036072
1994-06-03,0.11991199851036072
1994-06-06,0.11991199851036072
1994-06-07,0.11991199851036072
1994-06-08,0.11991199851036072
1994-06-09,0.11991199851036072
1994-06-10,0.11991199851036072
1994-06-13,0.11991199851036072
1994-06-14,0.11991199851036072
1994-06-15,0.11991199851036072
1994-06-16,0.11991199851036072
1994-06-17,0.11991199851036072
1994-06-20,0.11991199851036072
1994-06-21,0.11991199851036072
1994-06-22,0.11991199851036072
1994-06-23,0.11991199851036072
1994-06-24,0.11991199851036072
1994-06-27,0.11991199851036072
1994-06-28,0.11991199851036072
1994-06-29,0.11991199851036072
1994-06-30,0.10392399877309799
1994-07-01,0.10392399877309799
1994-07-04,0.10392399877309799
1994-07-05,0.10392399877309799
1994-07-06,0.10392399877309799
1994-07-07,0.10392399877309799
1994-07-08,0.10392399877309799
1994-07-11,0.10392399877309799
1994-07-12,0.10392399877309799
1994-07-13,0.10392399877309799
1994-07-14,0.10392399877309799
1994-07-15,0.10392399877309799
1994-07-18,0.10392399877309799
1994-07-19,0.10392399877309799
1994-07-20,0.10392399877309799
1994-07-21,0.10392399877309799
1994-07-22,0.10392399877309799
1994-07-25,0.10392399877309799
1994-07-26,0.10392399877309799
1994-07-27,0.10392399877309799
1994-07-28,0.10392399877309799
1994-07-29,0.11191800236701965
1994-08-01,0.11191800236701965
1994-08-02,0.11191800236701965
1994-08-03,0.11191800236701965
1994-08-04,0.11191800236701965
1994-08-05,0.11191800236701965
1994-08-08,0.11191800236701965
1994-08-09,0.11191800236701965
1994-08-10,0.11191800236701965
1994-08-11,0.11191800236701965
1994-08-12,0.11191800236701965
1994-08-15,0.11191800236701965
1994-08-16,0.11191800236701965
1994-08-17,0.11191800236701965
1994-08-18,0.11191800236701965
1994-08-19,0.11191800236701965
1994-08-22,0.11191800236701965
1994-08-23,0.11191800236701965
1994-08-24,0.11191800236701965
1994-08-25,0.11191800236701965
1994-08-26,0.11191800236701965
1994-08-29,0.11191800236701965
1994-08-30,0.11191800236701965
1994-08-31,0.11191800236701965
1994-09-01,0.11191800236701965
1994-09-02,0.11191800236701965
1994-09-05,0.11191800236701965
1994-09-06,0.11191800236701965
1994-09-07,0.11191800236701965
1994-09-08,0.11191800236701965
1994-09-09,0.11191800236701965
1994-09-12,0.11191800236701965
1994-09-13,0.11191800236701965
1994-09-14,0.11191800236701965
1994-09-15,0.11191800236701965
1994-09-16,0.11191800236701965
1994-09-19,0.11191800236701965
1994-09-20,0.11191800236701965
1994-09-21,0.11191800236701965
1994-09-22,0.11191800236701965
1994-09-23,0.11191800236701965
1994-09-26,0.11191800236701965
1994-09-27,0.11191800236701965
1994-09-28,0.11191800236701965
1994-09-29,0.11191800236701965
1994-09-30,0.11191800236701965
1994-10-03,0.11191800236701965
1994-10-04,0.11191800236701965
1994-10-05,0.11191800236701965
1994-10-06,0.11191800236701965
1994-10-07,0.11191800236701965
1994-10-10,0.11191800236701965
1994-10-11,0.11191800236701965
1994-10-12,0.11191800236701965
1994-10-13,0.11191800236701965
1994-10-14,0.11191800236701965
1994-10-17,0.11191800236701965
1994-10-18,0.11191800236701965
1994-10-19,0.11191800236701965
1994-10-20,0.11191800236701965
1994-10-21,0.11191800236701965
1994-10-24,0.11191800236701965
1994-10-25,0.11191800236701965
1994-10-26,0.11191800236701965
1994-10-27,0.11191800236701965
1994-10-28,0.11191800236701965
1994-10-31,0.10392399877309799
1994-11-01,0.10392399877309799
1994-11-02,0.10392399877309799
1994-11-03,0.10392399877309799
1994-11-04,0.10392399877309799
1994-11-07,0.10392399877309799
1994-11-08,0.10392399877309799
1994-11-09,0.10392399877309799
1994-11-10,0.10392399877309799
1994-11-11,0.10392399877309799
1994-11-14,0.10392399877309799
1994-11-15,0.10392399877309799
1994-11-16,0.10392399877309799
1994-11-17,0.10392399877309799
1994-11-18,0.10392399877309799
1994-11-21,0.10392399877309799
1994-11-22,0.10392399877309799
1994-11-23,0.10392399877309799
1994-11-24,0.10392399877309799
1994-11-25,0.10392399877309799
1994-11-28,0.10392399877309799
1994-11-29,0.10392399877309799
1994-11-30,0.09593000262975693
1994-12-01,0.09593000262975693
1994-12-02,0.09593000262975693
1994-12-05,0.09593000262975693
1994-12-06,0.09593000262975693
1994-12-07,0.09593000262975693
1994-12-08,0.09593000262975693
1994-12-09,0.09593000262975693
1994-12-12,0.09593000262975693
1994-12-13,0.09593000262975693
1994-12-14,0.09593000262975693
1994-12-15,0.09593000262975693
1994-12-16,0.09593000262975693
1994-12-19,0.09593000262975693
1994-12-20,0.09593000262975693
1994-12-21,0.09593000262975693
1994-12-22,0.09593000262975693
1994-12-23,0.09593000262975693
1994-12-26,0.09593000262975693
1994-12-27,0.09593000262975693
1994-12-28,0.09593000262975693
1994-12-29,0.09593000262975693
1994-12-30,0.08793599903583527
1995-01-02,0.08793599903583527
1995-01-03,0.08793599903583527
1995-01-04,0.08793599903583527
1995-01-05,0.08793599903583527
1995-01-06,0.08793599903583527
1995-01-09,0.08793599903583527
1995-01-10,0.08793599903583527
1995-01-11,0.08793599903583527
1995-01-12,0.08793599903583527
1995-01-13,0.08793599903583527
1995-01-16,0.08793599903583527
1995-01-17,0.08793599903583527
1995-01-18,0.08793599903583527
1995-01-19,0.08793599903583527
1995-01-20,0.08793599903583527
1995-01-23,0.08793599903583527
1995-01-24,0.08793599903583527
1995-01-25,0.08793599903583527
1995-01-26,0.08793599903583527
1995-01-27,0.08793599903583527
1995-01-30,0.08793599903583527
1995-01-31,0.08793599903583527
1995-02-01,0.08793599903583527
1995-02-02,0.08793599903583527
1995-02-03,0.08793599903583527
1995-02-06,0.08793599903583527
1995-02-07,0.08793599903583527
1995-02-08,0.08793599903583527
1995-02-09,0.08793599903583527
1995-02-10,0.08793599903583527
1995-02-13,0.08793599903583527
1995-02-14,0.08793599903583527
1995-02-15,0.08793599903583527
1995-02-16,0.08793599903583527
1995-02-17,0.08793599903583527
1995-02-20,0.08793599903583527
1995-02-21,0.08793599903583527
1995-02-22,0.08793599903583527
1995-02-23,0.08793599903583527
1995-02-24,0.08793599903583527
1995-02-27,0.08793599903583527
1995-02-28,0.07594399899244308
1995-03-01,0.07594399899244308
1995-03-02,0.07594399899244308
1995-03-03,0.07594399899244308
1995-03-06,0.07594399899244308
1995-03-07,0.07594399899244308
1995-03-08,0.07594399899244308
1995-03-09,0.07594399899244308
1995-03-10,0.07594399899244308
1995-03-13,0.07594399899244308
1995-03-14,0.07594399899244308
1995-03-15,0.07594399899244308
1995-03-16,0.07594399899244308
1995-03-17,0.07594399899244308
1995-03-20,0.07594399899244308
1995-03-21,0.07594399899244308
1995-03-22,0.07594399899244308
1995-03-23,0.07594399899244308
1995-03-24,0.07594399899244308
1995-03-27,0.07594399899244308
1995-03-28,0.07594399899244308
1995-03-29,0.07594399899244308
1995-03-30,0.07594399899244308
1995-03-31,0.06395299732685089
1995-04-03,0.06395299732685089
1995-04-04,0.06395299732685089
1995-04-05,0.06395299732685089
1995-04-06,0.06395299732685089
1995-04-07,0.06395299732685089
1995-04-10,0.06395299732685089
1995-04-11,0.06395299732685089
1995-04-12,0.06395299732685089
1995-04-13,0.06395299732685089
1995-04-14,0.06395299732685089
1995-04-17,0.06395299732685089
1995-04-18,0.06395299732685089
1995-04-19,0.06395299732685089
1995-04-20,0.06395299732685089
1995-04-21,0.06395299732685089
1995-04-24,0.06395299732685089
1995-04-25,0.06395299732685089
1995-04-26,0.06395299732685089
1995-04-27,0.06395299732685089
1995-04-28,0.07194700092077255
1995-05-01,0.07194700092077255
1995-05-02,0.07194700092077255
1995-05-03,0.07194700092077255
1995-05-04,0.07194700092077255
1995-05-05,0.07194700092077255
1995-05-08,0.07194700092077255
1995-05-09,0.07194700092077255
1995-05-10,0.07194700092077255
1995-05-11,0.07194700092077255
1995-05-12,0.07194700092077255
1995-05-15,0.07194700092077255
1995-05-16,0.07194700092077255
1995-05-17,0.07194700092077255
1995-05-18,0.07194700092077255
1995-05-19,0.07194700092077255
1995-05-22,0.07194700092077255
1995-05-23,0.07194700092077255
1995-05-24,0.07194700092077255
1995-05-25,0.07194700092077255
1995-05-26,0.07194700092077255
1995-05-29,0.07194700092077255
1995-05-30,0.07194700092077255
1995-05-31,0.07994099706411362
1995-06-01,0.07994099706411362
1995-06-02,0.07994099706411362
1995-06-05,0.07994099706411362
1995-06-06,0.07994099706411362
1995-06-07,0.07994099706411362
1995-06-08,0.07994099706411362
1995-06-09,0.07994099706411362
1995-06-12,0.07994099706411362
1995-06-13,0.07994099706411362
1995-06-14,0.07994099706411362
1995-06-15,0.07994099706411362
1995-06-16,0.07994099706411362
1995-06-19,0.07994099706411362
1995-06-20,0.07994099706411362
1995-06-21,0.07994099706411362
1995-06-22,0.07994099706411362
1995-06-23,0.07994099706411362
1995-06-26,0.07994099706411362
1995-06-27,0.07994099706411362
1995-06-28,0.07994099706411362
1995-06-29,0.07994099706411362
1995-06-30,0.07994099706411362
1995-07-03,0.07994099706411362
1995-07-04,0.07994099706411362
1995-07-05,0.07994099706411362
1995-07-06,0.07994099706411362
1995-07-07,0.07994099706411362
1995-07-10,0.07994099706411362
1995-07-11,0.07994099706411362
1995-07-12,0.07994099706411362
1995-07-13,0.07994099706411362
1995-07-14,0.07994099706411362
1995-07-17,0.07994099706411362
1995-07-18,0.07994099706411362
1995-07-19,0.07994099706411362
1995-07-20,0.07994099706411362
1995-07-21,0.07994099706411362
1995-07-24,0.07994099706411362
1995-07-25,0.07994099706411362
1995-07-26,0.07994099706411362
1995-07-27,0.07994099706411362
1995-07-28,0.07994099706411362
1995-07-31,0.07994099706411362
1995-08-01,0.07994099706411362
1995-08-02,0.07994099706411362
1995-08-03,0.07994099706411362
1995-08-04,0.07994099706411362
1995-08-07,0.07994099706411362
1995-08-08,0.07994099706411362
1995-08-09,0.07994099706411362
1995-08-10,0.07994099706411362
1995-08-11,0.07994099706411362
1995-08-14,0.07994099706411362
1995-08-15,0.07994099706411362
1995-08-16,0.07994099706411362
1995-08-17,0.07994099706411362
1995-08-18,0.07994099706411362
1995-08-21,0.07994099706411362
1995-08-22,0.07994099706411362
1995-08-23,0.07994099706411362
1995-08-24,0.07994099706411362
1995-08-25,0.07994099706411362
1995-08-28,0.07994099706411362
1995-08-29,0.07994099706411362
1995-08-30,0.07994099706411362
1995-08-31,0.10392399877309799
1995-09-01,0.10392399877309799
1995-09-04,0.10392399877309799
1995-09-05,0.10392399877309799
1995-09-06,0.10392399877309799
1995-09-07,0.10392399877309799
1995-09-08,0.10392399877309799
1995-09-11,0.10392399877309799
1995-09-12,0.10392399877309799
1995-09-13,0.10392399877309799
1995-09-14,0.10392399877309799
1995-09-15,0.10392399877309799
1995-09-18,0.10392399877309799
1995-09-19,0.10392399877309799
1995-09-20,0.10392399877309799
1995-09-21,0.10392399877309799
1995-09-22,0.10392399877309799
1995-09-25,0.10392399877309799
1995-09-26,0.10392399877309799
1995-09-27,0.10392399877309799
1995-09-28,0.10392399877309799
1995-09-29,0.07994099706411362
1995-10-02,0.07994099706411362
1995-10-03,0.07994099706411362
1995-10-04,0.07994099706411362
1995-10-05,0.07994099706411362
1995-10-06,0.07994099706411362
1995-10-09,0.07994099706411362
1995-10-10,0.07994099706411362
1995-10-11,0.07994099706411362
1995-10-12,0.07994099706411362
1995-10-13,0.07994099706411362
1995-10-16,0.07994099706411362
1995-10-17,0.07994099706411362
1995-10-18,0.07994099706411362
1995-10-19,0.07994099706411362
1995-10-20,0.07994099706411362
1995-10-23,0.07994099706411362
1995-10-24,0.07994099706411362
1995-10-25,0.07994099706411362
1995-10-26,0.07994099706411362
1995-10-27,0.07994099706411362
1995-10-30,0.07994099706411362
1995-10-31,0.08793599903583527
1995-11-01,0.08793599903583527
1995-11-02,0.08793599903583527
1995-11-03,0.08793599903583527
1995-11-06,0.08793599903583527
1995-11-07,0.08793599903583527
1995-11-08,0.08793599903583527
1995-11-09,0.08793599903583527
1995-11-10,0.08793599903583527
1995-11-13,0.08793599903583527
1995-11-14,0.08793599903583527
1995-11-15,0.08793599903583527
1995-11-16,0.08793599903583527
1995-11-17,0.08793599903583527
1995-11-20,0.08793599903583527
1995-11-21,0.08793599903583527
1995-11-22,0.08793599903583527
1995-11-23,0.08793599903583527
1995-11-24,0.08793599903583527
1995-11-27,0.08793599903583527
1995-11-28,0.08793599903583527
1995-11-29,0.08793599903583527
1995-11-30,0.07194700092077255
1995-12-01,0.07194700092077255
1995-12-04,0.07194700092077255
1995-12-05,0.07194700092077255
1995-12-06,0.07194700092077255
1995-12-07,0.07194700092077255
1995-12-08,0.07194700092077255
1995-12-11,0.07194700092077255
1995-12-12,0.07194700092077255
1995-12-13,0.07194700092077255
1995-12-14,0.07194700092077255
1995-12-15,0.07194700092077255
1995-12-18,0.07194700092077255
1995-12-19,0.07194700092077255
1995-12-20,0.07194700092077255
1995-12-21,0.07194700092077255
1995-12-22,0.07194700092077255
1995-12-25,0.07194700092077255
1995-12-26,0.07194700092077255
1995-12-27,0.07194700092077255
1995-12-28,0.07194700092077255
1995-12-29,0.07194700092077255
1996-01-01,0.07194700092077255
1996-01-02,0.07194700092077255
1996-01-03,0.07194700092077255
1996-01-04,0.07194700092077255
1996-01-05,0.07194700092077255
1996-01-08,0.07194700092077255
1996-01-09,0.07194700092077255
1996-01-10,0.07194700092077255
1996-01-11,0.07194700092077255
1996-01-12,0.07194700092077255
1996-01-15,0.07194700092077255
1996-01-16,0.07194700092077255
1996-01-17,0.07194700092077255
1996-01-18,0.07194700092077255
1996-01-19,0.07194700092077255
1996-01-22,0.07194700092077255
1996-01-23,0.07194700092077255
1996-01-24,0.07194700092077255
1996-01-25,0.07194700092077255
1996-01-26,0.07194700092077255
1996-01-29,0.07194700092077255
1996-01-30,0.07194700092077255
1996-01-31,0.08793599903583527
1996-02-01,0.08793599903583527
1996-02-02,0.08793599903583527
1996-02-05,0.08793599903583527
1996-02-06,0.08793599903583527
1996-02-07,0.08793599903583527
1996-02-08,0.08793599903583527
1996-02-09,0.08793599903583527
1996-02-12,0.08793599903583527
1996-02-13,0.08793599903583527
1996-02-14,0.08793599903583527
1996-02-15,0.08793599903583527
1996-02-16,0.08793599903583527
1996-02-19,0.08793599903583527
1996-02-20,0.08793599903583527
1996-02-21,0.08793599903583527
1996-02-22,0.08793599903583527
1996-02-23,0.08793599903583527
1996-02-26,0.08793599903583527
1996-02-27,0.08793599903583527
1996-02-28,0.08793599903583527
1996-02-29,0.09593000262975693
1996-03-01,0.09593000262975693
1996-03-04,0.09593000262975693
1996-03-05,0.09593000262975693
1996-03-06,0.09593000262975693
1996-03-07,0.09593000262975693
1996-03-08,0.09593000262975693
1996-03-11,0.09593000262975693
1996-03-12,0.09593000262975693
1996-03-13,0.09593000262975693
1996-03-14,0.09593000262975693
1996-03-15,0.09593000262975693
1996-03-18,0.09593000262975693
1996-03-19,0.09593000262975693
1996-03-20,0.09593000262975693
1996-03-21,0.09593000262975693
1996-03-22,0.09593000262975693
1996-03-25,0.09593000262975693
1996-03-26,0.09593000262975693
1996-03-27,0.09593000262975693
1996-03-28,0.09593000262975693
1996-03-29,0.07594399899244308
1996-04-01,0.07594399899244308
1996-04-02,0.07594399899244308
1996-04-03,0.07594399899244308
1996-04-04,0.07594399899244308
1996-04-05,0.07594399899244308
1996-04-08,0.07594399899244308
1996-04-09,0.07594399899244308
1996-04-10,0.07594399899244308
1996-04-11,0.07594399899244308
1996-04-12,0.07594399899244308
1996-04-15,0.07594399899244308
1996-04-16,0.07594399899244308
1996-04-17,0.07594399899244308
1996-04-18,0.07594399899244308
1996-04-19,0.07594399899244308
1996-04-22,0.07594399899244308
1996-04-23,0.07594399899244308
1996-04-24,0.07594399899244308
1996-04-25,0.07594399899244308
1996-04-26,0.07594399899244308
1996-04-29,0.07594399899244308
1996-04-30,0.07274699956178665
1996-05-01,0.07274699956178665
1996-05-02,0.07274699956178665
1996-05-03,0.07274699956178665
1996-05-06,0.07274699956178665
1996-05-07,0.07274699956178665
1996-05-08,0.07274699956178665
1996-05-09,0.07274699956178665
1996-05-10,0.07274699956178665
1996-05-13,0.07274699956178665
1996-05-14,0.07274699956178665
1996-05-15,0.07274699956178665
1996-05-16,0.07274699956178665
1996-05-17,0.07274699956178665
1996-05-20,0.07274699956178665
1996-05-21,0.07274699956178665
1996-05-22,0.07274699956178665
1996-05-23,0.07274699956178665
1996-05-24,0.07274699956178665
1996-05-27,0.07274699956178665
1996-05-28,0.07274699956178665
1996-05-29,0.07274699956178665
1996-05-30,0.07274699956178665
1996-05-31,0.08393800258636475
1996-06-03,0.08393800258636475
1996-06-04,0.08393800258636475
1996-06-05,0.08393800258636475
1996-06-06,0.08393800258636475
1996-06-07,0.08393800258636475
1996-06-10,0.08393800258636475
1996-06-11,0.08393800258636475
1996-06-12,0.08393800258636475
1996-06-13,0.08393800258636475
1996-06-14,0.08393800258636475
1996-06-17,0.08393800258636475
1996-06-18,0.08393800258636475
1996-06-19,0.08393800258636475
1996-06-20,0.08393800258636475
1996-06-21,0.08393800258636475
1996-06-24,0.08393800258636475
1996-06-25,0.08393800258636475
1996-06-26,0.08393800258636475
1996-06-27,0.08393800258636475
1996-06-28,0.0655520036816597
1996-07-01,0.0655520036816597
1996-07-02,0.0655520036816597
1996-07-03,0.0655520036816597
1996-07-04,0.0655520036816597
1996-07-05,0.0655520036816597
1996-07-08,0.0655520036816597
1996-07-09,0.0655520036816597
1996-07-10,0.0655520036816597
1996-07-11,0.0655520036816597
1996-07-12,0.0655520036816597
1996-07-15,0.0655520036816597
1996-07-16,0.0655520036816597
1996-07-17,0.0655520036816597
1996-07-18,0.0655520036816597
1996-07-19,0.0655520036816597
1996-07-22,0.0655520036816597
1996-07-23,0.0655520036816597
1996-07-24,0.0655520036816597
1996-07-25,0.0655520036816597
1996-07-26,0.0655520036816597
1996-07-29,0.0655520036816597
1996-07-30,0.0655520036816597
1996-07-31,0.06395299732685089
1996-08-01,0.06395299732685089
1996-08-02,0.06395299732685089
1996-08-05,0.06395299732685089
1996-08-06,0.06395299732685089
1996-08-07,0.06395299732685089
1996-08-08,0.06395299732685089
1996-08-09,0.06395299732685089
1996-08-12,0.06395299732685089
1996-08-13,0.06395299732685089
1996-08-14,0.06395299732685089
1996-08-15,0.06395299732685089
1996-08-16,0.06395299732685089
1996-08-19,0.06395299732685089
1996-08-20,0.06395299732685089
1996-08-21,0.06395299732685089
1996-08-22,0.06395299732685089
1996-08-23,0.06395299732685089
1996-08-26,0.06395299732685089
1996-08-27,0.06395299732685089
1996-08-28,0.06395299732685089
1996-08-29,0.06395299732685089
1996-08-30,0.05755800008773804
1996-09-02,0.05755800008773804
1996-09-03,0.05755800008773804
1996-09-04,0.05755800008773804
1996-09-05,0.05755800008773804
1996-09-06,0.05755800008773804
1996-09-09,0.05755800008773804
1996-09-10,0.05755800008773804
1996-09-11,0.05755800008773804
1996-09-12,0.05755800008773804
1996-09-13,0.05755800008773804
1996-09-16,0.05755800008773804
1996-09-17,0.05755800008773804
1996-09-18,0.05755800008773804
1996-09-19,0.05755800008773804
1996-09-20,0.05755800008773804
1996-09-23,0.05755800008773804
1996-09-24,0.05755800008773804
1996-09-25,0.05755800008773804
1996-09-26,0.05755800008773804
1996-09-27,0.05755800008773804
1996-09-30,0.051961999386548996
1996-10-01,0.051961999386548996
1996-10-02,0.051961999386548996
1996-10-03,0.051961999386548996
1996-10-04,0.051961999386548996
1996-10-07,0.051961999386548996
1996-10-08,0.051961999386548996
1996-10-09,0.051961999386548996
1996-10-10,0.051961999386548996
1996-10-11,0.051961999386548996
1996-10-14,0.051961999386548996
1996-10-15,0.051961999386548996
1996-10-16,0.051961999386548996
1996-10-17,0.051961999386548996
1996-10-18,0.051961999386548996
1996-10-21,0.051961999386548996
1996-10-22,0.051961999386548996
1996-10-23,0.051961999386548996
1996-10-24,0.051961999386548996
1996-10-25,0.051961999386548996
1996-10-28,0.051961999386548996
1996-10-29,0.051961999386548996
1996-10-30,0.051961999386548996
1996-10-31,0.07994099706411362
1996-11-01,0.07994099706411362
1996-11-04,0.07994099706411362
1996-11-05,0.07994099706411362
1996-11-06,0.07994099706411362
1996-11-07,0.07994099706411362
1996-11-08,0.07994099706411362
1996-11-11,0.07994099706411362
1996-11-12,0.07994099706411362
1996-11-13,0.07994099706411362
1996-11-14,0.07994099706411362
1996-11-15,0.07994099706411362
1996-11-18,0.07994099706411362
1996-11-19,0.07994099706411362
1996-11-20,0.07994099706411362
1996-11-21,0.07994099706411362
1996-11-22,0.07994099706411362
1996-11-25,0.07994099706411362
1996-11-26,0.07994099706411362
1996-11-27,0.07994099706411362
1996-11-28,0.07994099706411362
1996-11-29,0.08793599903583527
1996-12-02,0.08793599903583527
1996-12-03,0.08793599903583527
1996-12-04,0.08793599903583527
1996-12-05,0.08793599903583527
1996-12-06,0.08793599903583527
1996-12-09,0.08793599903583527
1996-12-10,0.08793599903583527
1996-12-11,0.08793599903583527
1996-12-12,0.08793599903583527
1996-12-13,0.08793599903583527
1996-12-16,0.08793599903583527
1996-12-17,0.08793599903583527
1996-12-18,0.08793599903583527
1996-12-19,0.08793599903583527
1996-12-20,0.08793599903583527
1996-12-23,0.08793599903583527
1996-12-24,0.08793599903583527
1996-12-25,0.08793599903583527
1996-12-26,0.08793599903583527
1996-12-27,0.08793599903583527
1996-12-30,0.08793599903583527
1996-12-31,0.0919329971075058
1997-01-01,0.0919329971075058
1997-01-02,0.0919329971075058
1997-01-03,0.0919329971075058
1997-01-06,0.0919329971075058
1997-01-07,0.0919329971075058
1997-01-08,0.0919329971075058
1997-01-09,0.0919329971075058
1997-01-10,0.0919329971075058
1997-01-13,0.0919329971075058
1997-01-14,0.0919329971075058
1997-01-15,0.0919329971075058
1997-01-16,0.0919329971075058
1997-01-17,0.0919329971075058
1997-01-20,0.0919329971075058
1997-01-21,0.0919329971075058
1997-01-22,0.0919329971075058
1997-01-23,0.0919329971075058
1997-01-24,0.0919329971075058
1997-01-27,0.0919329971075058
1997-01-28,0.0919329971075058
1997-01-29,0.0919329971075058
1997-01-30,0.0919329971075058
1997-01-31,0.19985400140285492
1997-02-03,0.19985400140285492
1997-02-04,0.19985400140285492
1997-02-05,0.19985400140285492
1997-02-06,0.19985400140285492
1997-02-07,0.19985400140285492
1997-02-10,0.19985400140285492
1997-02-11,0.19985400140285492
1997-02-12,0.19985400140285492
1997-02-13,0.19985400140285492
1997-02-14,0.19985400140285492
1997-02-17,0.19985400140285492
1997-02-18,0.19985400140285492
1997-02-19,0.19985400140285492
1997-02-20,0.19985400140285492
1997-02-21,0.19985400140285492
1997-02-24,0.19985400140285492
1997-02-25,0.19985400140285492
1997-02-26,0.19985400140285492
1997-02-27,0.19985400140285492
1997-02-28,0.1958570033311844
1997-03-03,0.1958570033311844
1997-03-04,0.1958570033311844
1997-03-05,0.1958570033311844
1997-03-06,0.1958570033311844
1997-03-07,0.1958570033311844
1997-03-10,0.1958570033311844
1997-03-11,0.1958570033311844
1997-03-12,0.1958570033311844
1997-03-13,0.1958570033311844
1997-03-14,0.1958570033311844
1997-03-17,0.1958570033311844
1997-03-18,0.1958570033311844
1997-03-19,0.1958570033311844
1997-03-20,0.1958570033311844
1997-03-21,0.1958570033311844
1997-03-24,0.1958570033311844
1997-03-25,0.1958570033311844
1997-03-26,0.1958570033311844
1997-03-27,0.12790599465370178
1997-03-28,0.12790599465370178
1997-03-31,0.12790599465370178
1997-04-01,0.12790599465370178
1997-04-02,0.12790599465370178
1997-04-03,0.12790599465370178
1997-04-04,0.12790599465370178
1997-04-07,0.12790599465370178
1997-04-08,0.12790599465370178
1997-04-09,0.12790599465370178
1997-04-10,0.12790599465370178
1997-04-11,0.12790599465370178
1997-04-14,0.12790599465370178
1997-04-15,0.12790599465370178
1997-04-16,0.12790599465370178
1997-04-17,0.12790599465370178
1997-04-18,0.12790599465370178
1997-04-21,0.12790599465370178
1997-04-22,0.12790599465370178
1997-04-23,0.12790599465370178
1997-04-24,0.12790599465370178
1997-04-25,0.12790599465370178
1997-04-28,0.12790599465370178
1997-04-29,0.12790599465370178
1997-04-30,0.11191800236701965
1997-05-01,0.11191800236701965
1997-05-02,0.11191800236701965
1997-05-05,0.11191800236701965
1997-05-06,0.11191800236701965
1997-05-07,0.11191800236701965
1997-05-08,0.11191800236701965
1997-05-09,0.11191800236701965
1997-05-12,0.11191800236701965
1997-05-13,0.11191800236701965
1997-05-14,0.11191800236701965
1997-05-15,0.11191800236701965
1997-05-16,0.11191800236701965
1997-05-19,0.11191800236701965
1997-05-20,0.11191800236701965
1997-05-21,0.11191800236701965
1997-05-22,0.11191800236701965
1997-05-23,0.11191800236701965
1997-05-26,0.11191800236701965
1997-05-27,0.11191800236701965
1997-05-28,0.11191800236701965
1997-05-29,0.11191800236701965
1997-05-30,0.10392399877309799
1997-06-02,0.10392399877309799
1997-06-03,0.10392399877309799
1997-06-04,0.10392399877309799
1997-06-05,0.10392399877309799
1997-06-06,0.10392399877309799
1997-06-09,0.10392399877309799
1997-06-10,0.10392399877309799
1997-06-11,0.10392399877309799
1997-06-12,0.10392399877309799
1997-06-13,0.10392399877309799
1997-06-16,0.10392399877309799
1997-06-17,0.10392399877309799
1997-06-18,0.10392399877309799
1997-06-19,0.10392399877309799
1997-06-20,0.10392399877309799
1997-06-23,0.10392399877309799
1997-06-24,0.10392399877309799
1997-06-25,0.10392399877309799
1997-06-26,0.10392399877309799
1997-06-27,0.10392399877309799
1997-06-30,0.07994099706411362
1997-07-01,0.07994099706411362
1997-07-02,0.07994099706411362
1997-07-03,0.07994099706411362
1997-07-04,0.07994099706411362
1997-07-07,0.07994099706411362
1997-07-08,0.07994099706411362
1997-07-09,0.07994099706411362
1997-07-10,0.07994099706411362
1997-07-11,0.07994099706411362
1997-07-14,0.07994099706411362
1997-07-15,0.07994099706411362
1997-07-16,0.07994099706411362
1997-07-17,0.07994099706411362
1997-07-18,0.07994099706411362
1997-07-21,0.07994099706411362
1997-07-22,0.07994099706411362
1997-07-23,0.07994099706411362
1997-07-24,0.07994099706411362
1997-07-25,0.07994099706411362
1997-07-28,0.07994099706411362
1997-07-29,0.07994099706411362
1997-07-30,0.07994099706411362
1997-07-31,0.08697400242090225
1997-08-01,0.08697400242090225
1997-08-04,0.08697400242090225
1997-08-05,0.08697400242090225
1997-08-06,0.08697400242090225
1997-08-07,0.08697400242090225
1997-08-08,0.08697400242090225
1997-08-11,0.08697400242090225
1997-08-12,0.08697400242090225
1997-08-13,0.08697400242090225
1997-08-14,0.08697400242090225
1997-08-15,0.08697400242090225
1997-08-18,0.08697400242090225
1997-08-19,0.08697400242090225
1997-08-20,0.08697400242090225
1997-08-21,0.08697400242090225
1997-08-22,0.08697400242090225
1997-08-25,0.08697400242090225
1997-08-26,0.08697400242090225
1997-08-27,0.08697400242090225
1997-08-28,0.08697400242090225
1997-08-29,0.07040700316429138
1997-09-01,0.07040700316429138
1997-09-02,0.07040700316429138
1997-09-03,0.07040700316429138
1997-09-04,0.07040700316429138
1997-09-05,0.07040700316429138
1997-09-08,0.07040700316429138
1997-09-09,0.07040700316429138
1997-09-10,0.07040700316429138
1997-09-11,0.07040700316429138
1997-09-12,0.07040700316429138
1997-09-15,0.07040700316429138
1997-09-16,0.07040700316429138
1997-09-17,0.07040700316429138
1997-09-18,0.07040700316429138
1997-09-19,0.07040700316429138
1997-09-22,0.07040700316429138
1997-09-23,0.07040700316429138
1997-09-24,0.07040700316429138
1997-09-25,0.07040700316429138
1997-09-26,0.07040700316429138
1997-09-29,0.07040700316429138
1997-09-30,0.07786200195550919
1997-10-01,0.07786200195550919
1997-10-02,0.07786200195550919
1997-10-03,0.07786200195550919
1997-10-06,0.07786200195550919
1997-10-07,0.07786200195550919
1997-10-08,0.07786200195550919
1997-10-09,0.07786200195550919
1997-10-10,0.07786200195550919
1997-10-13,0.07786200195550919
1997-10-14,0.07786200195550919
1997-10-15,0.07786200195550919
1997-10-16,0.07786200195550919
1997-10-17,0.07786200195550919
1997-10-20,0.07786200195550919
1997-10-21,0.07786200195550919
1997-10-22,0.07786200195550919
1997-10-23,0.07786200195550919
1997-10-24,0.07786200195550919
1997-10-27,0.07786200195550919
1997-10-28,0.07786200195550919
1997-10-29,0.07786200195550919
1997-10-30,0.07786200195550919
1997-10-31,0.0662660002708435
1997-11-03,0.0662660002708435
1997-11-04,0.0662660002708435
1997-11-05,0.0662660002708435
1997-11-06,0.0662660002708435
1997-11-07,0.0662660002708435
1997-11-10,0.0662660002708435
1997-11-11,0.0662660002708435
1997-11-12,0.0662660002708435
1997-11-13,0.0662660002708435
1997-11-14,0.0662660002708435
1997-11-17,0.0662660002708435
1997-11-18,0.0662660002708435
1997-11-19,0.0662660002708435
1997-11-20,0.0662660002708435
1997-11-21,0.0662660002708435
1997-11-24,0.0662660002708435
1997-11-25,0.0662660002708435
1997-11-26,0.0662660002708435
1997-11-27,0.0662660002708435
1997-11-28,0.05798200145363808
1997-12-01,0.05798200145363808
1997-12-02,0.05798200145363808
1997-12-03,0.05798200145363808
1997-12-04,0.05798200145363808
1997-12-05,0.05798200145363808
1997-12-08,0.05798200145363808
1997-12-09,0.05798200145363808
1997-12-10,0.05798200145363808
1997-12-11,0.05798200145363808
1997-12-12,0.05798200145363808
1997-12-15,0.05798200145363808
1997-12-16,0.05798200145363808
1997-12-17,0.05798200145363808
1997-12-18,0.05798200145363808
1997-12-19,0.05798200145363808
1997-12-22,0.05798200145363808
1997-12-23,0.05798200145363808
1997-12-24,0.05798200145363808
1997-12-25,0.05798200145363808
1997-12-26,0.05798200145363808
1997-12-29,0.05798200145363808
1997-12-30,0.05798200145363808
1997-12-31,0.09111499786376953
1998-01-01,0.09111499786376953
1998-01-02,0.09111499786376953
1998-01-05,0.09111499786376953
1998-01-06,0.09111499786376953
1998-01-07,0.09111499786376953
1998-01-08,0.09111499786376953
1998-01-09,0.09111499786376953
1998-01-12,0.09111499786376953
1998-01-13,0.09111499786376953
1998-01-14,0.09111499786376953
1998-01-15,0.09111499786376953
1998-01-16,0.09111499786376953
1998-01-19,0.09111499786376953
1998-01-20,0.09111499786376953
1998-01-21,0.09111499786376953
1998-01-22,0.09111499786376953
1998-01-23,0.09111499786376953
1998-01-26,0.09111499786376953
1998-01-27,0.09111499786376953
1998-01-28,0.09111499786376953
1998-01-29,0.09111499786376953
1998-01-30,0.08200400322675705
1998-02-02,0.08200400322675705
1998-02-03,0.08200400322675705
1998-02-04,0.08200400322675705
1998-02-05,0.08200400322675705
1998-02-06,0.08200400322675705
1998-02-09,0.08200400322675705
1998-02-10,0.08200400322675705
1998-02-11,0.08200400322675705
1998-02-12,0.08200400322675705
1998-02-13,0.08200400322675705
1998-02-16,0.08200400322675705
1998-02-17,0.08200400322675705
1998-02-18,0.08200400322675705
1998-02-19,0.08200400322675705
1998-02-20,0.08200400322675705
1998-02-23,0.08200400322675705
1998-02-24,0.08200400322675705
1998-02-25,0.08200400322675705
1998-02-26,0.08200400322675705
1998-02-27,0.12424799799919128
1998-03-02,0.12424799799919128
1998-03-03,0.12424799799919128
1998-03-04,0.12424799799919128
1998-03-05,0.12424799799919128
1998-03-06,0.12424799799919128
1998-03-09,0.12424799799919128
1998-03-10,0.12424799799919128
1998-03-11,0.12424799799919128
1998-03-12,0.12424799799919128
1998-03-13,0.12424799799919128
1998-03-16,0.12424799799919128
1998-03-17,0.12424799799919128
1998-03-18,0.12424799799919128
1998-03-19,0.12424799799919128
1998-03-20,0.12424799799919128
1998-03-23,0.12424799799919128
1998-03-24,0.12424799799919128
1998-03-25,0.12424799799919128
1998-03-26,0.12424799799919128
1998-03-27,0.12424799799919128
1998-03-30,0.12424799799919128
1998-03-31,0.09939900040626526
1998-04-01,0.09939900040626526
1998-04-02,0.09939900040626526
1998-04-03,0.09939900040626526
1998-04-06,0.09939900040626526
1998-04-07,0.09939900040626526
1998-04-08,0.09939900040626526
1998-04-09,0.09939900040626526
1998-04-10,0.09939900040626526
1998-04-13,0.09939900040626526
1998-04-14,0.09939900040626526
1998-04-15,0.09939900040626526
1998-04-16,0.09939900040626526
1998-04-17,0.09939900040626526
1998-04-20,0.09939900040626526
1998-04-21,0.09939900040626526
1998-04-22,0.09939900040626526
1998-04-23,0.09939900040626526
1998-04-24,0.09939900040626526
1998-04-27,0.09939900040626526
1998-04-28,0.09939900040626526
1998-04-29,0.09939900040626526
1998-04-30,0.11596500128507614
1998-05-01,0.11596500128507614
1998-05-04,0.11596500128507614
1998-05-05,0.11596500128507614
1998-05-06,0.11596500128507614
1998-05-07,0.11596500128507614
1998-05-08,0.11596500128507614
1998-05-11,0.11596500128507614
1998-05-12,0.11596500128507614
1998-05-13,0.11596500128507614
1998-05-14,0.11596500128507614
1998-05-15,0.11596500128507614
1998-05-18,0.11596500128507614
1998-05-19,0.11596500128507614
1998-05-20,0.11596500128507614
1998-05-21,0.11596500128507614
1998-05-22,0.11596500128507614
1998-05-25,0.11596500128507614
1998-05-26,0.11596500128507614
1998-05-27,0.11596500128507614
1998-05-28,0.11596500128507614
1998-05-29,0.12838999927043915
1998-06-01,0.12838999927043915
1998-06-02,0.12838999927043915
1998-06-03,0.12838999927043915
1998-06-04,0.12838999927043915
1998-06-05,0.12838999927043915
1998-06-08,0.12838999927043915
1998-06-09,0.12838999927043915
1998-06-10,0.12838999927043915
1998-06-11,0.12838999927043915
1998-06-12,0.12838999927043915
1998-06-15,0.12838999927043915
1998-06-16,0.12838999927043915
1998-06-17,0.12838999927043915
1998-06-18,0.12838999927043915
1998-06-19,0.12838999927043915
1998-06-22,0.12838999927043915
1998-06-23,0.12838999927043915
1998-06-24,0.12838999927043915
1998-06-25,0.12838999927043915
1998-06-26,0.12838999927043915
1998-06-29,0.12838999927043915
1998-06-30,0.11596500128507614
1998-07-01,0.11596500128507614
1998-07-02,0.11596500128507614
1998-07-03,0.11596500128507614
1998-07-06,0.11596500128507614
1998-07-07,0.11596500128507614
1998-07-08,0.11596500128507614
1998-07-09,0.11596500128507614
1998-07-10,0.11596500128507614
1998-07-13,0.11596500128507614
1998-07-14,0.11596500128507614
1998-07-15,0.11596500128507614
1998-07-16,0.11596500128507614
1998-07-17,0.11596500128507614
1998-07-20,0.11596500128507614
1998-07-21,0.11596500128507614
1998-07-22,0.11596500128507614
1998-07-23,0.11596500128507614
1998-07-24,0.11596500128507614
1998-07-27,0.11596500128507614
1998-07-28,0.11596500128507614
1998-07-29,0.11596500128507614
1998-07-30,0.11596500128507614
1998-07-31,0.11596500128507614
1998-08-03,0.11596500128507614
1998-08-04,0.11596500128507614
1998-08-05,0.11596500128507614
1998-08-06,0.11596500128507614
1998-08-07,0.11596500128507614
1998-08-10,0.11596500128507614
1998-08-11,0.11596500128507614
1998-08-12,0.11596500128507614
1998-08-13,0.11596500128507614
1998-08-14,0.11596500128507614
1998-08-17,0.11596500128507614
1998-08-18,0.11596500128507614
1998-08-19,0.11596500128507614
1998-08-20,0.11596500128507614
1998-08-21,0.11596500128507614
1998-08-24,0.11596500128507614
1998-08-25,0.11596500128507614
1998-08-26,0.11596500128507614
1998-08-27,0.11596500128507614
1998-08-28,0.11596500128507614
1998-08-31,0.0952569991350174
1998-09-01,0.0952569991350174
1998-09-02,0.0952569991350174
1998-09-03,0.0952569991350174
1998-09-04,0.0952569991350174
1998-09-07,0.0952569991350174
1998-09-08,0.0952569991350174
1998-09-09,0.0952569991350174
1998-09-10,0.0952569991350174
1998-09-11,0.0952569991350174
1998-09-14,0.0952569991350174
1998-09-15,0.0952569991350174
1998-09-16,0.0952569991350174
1998-09-17,0.0952569991350174
1998-09-18,0.0952569991350174
1998-09-21,0.0952569991350174
1998-09-22,0.0952569991350174
1998-09-23,0.0952569991350174
1998-09-24,0.0952569991350174
1998-09-25,0.0952569991350174
1998-09-28,0.0952569991350174
1998-09-29,0.0952569991350174
1998-09-30,0.08283200114965439
1998-10-01,0.08283200114965439
1998-10-02,0.08283200114965439
1998-10-05,0.08283200114965439
1998-10-06,0.08283200114965439
1998-10-07,0.08283200114965439
1998-10-08,0.08283200114965439
1998-10-09,0.08283200114965439
1998-10-12,0.08283200114965439
1998-10-13,0.08283200114965439
1998-10-14,0.08283200114965439
1998-10-15,0.08283200114965439
1998-10-16,0.08283200114965439
1998-10-19,0.08283200114965439
1998-10-20,0.08283200114965439
1998-10-21,0.08283200114965439
1998-10-22,0.08283200114965439
1998-10-23,0.08283200114965439
1998-10-26,0.08283200114965439
1998-10-27,0.08283200114965439
1998-10-28,0.08283200114965439
1998-10-29,0.08283200114965439
1998-10-30,0.09111499786376953
1998-11-02,0.09111499786376953
1998-11-03,0.09111499786376953
1998-11-04,0.09111499786376953
1998-11-05,0.09111499786376953
1998-11-06,0.09111499786376953
1998-11-09,0.09111499786376953
1998-11-10,0.09111499786376953
1998-11-11,0.09111499786376953
1998-11-12,0.09111499786376953
1998-11-13,0.09111499786376953
1998-11-16,0.09111499786376953
1998-11-17,0.09111499786376953
1998-11-18,0.09111499786376953
1998-11-19,0.09111499786376953
1998-11-20,0.09111499786376953
1998-11-23,0.09111499786376953
1998-11-24,0.09111499786376953
1998-11-25,0.09111499786376953
1998-11-26,0.09111499786376953
1998-11-27,0.09111499786376953
1998-11-30,0.09939900040626526
1998-12-01,0.09939900040626526
1998-12-02,0.09939900040626526
1998-12-03,0.09939900040626526
1998-12-04,0.09939900040626526
1998-12-07,0.09939900040626526
1998-12-08,0.09939900040626526
1998-12-09,0.09939900040626526
1998-12-10,0.09939900040626526
1998-12-11,0.09939900040626526
1998-12-14,0.09939900040626526
1998-12-15,0.09939900040626526
1998-12-16,0.09939900040626526
1998-12-17,0.09939900040626526
1998-12-18,0.09939900040626526
1998-12-21,0.09939900040626526
1998-12-22,0.09939900040626526
1998-12-23,0.09939900040626526
1998-12-24,0.09939900040626526
1998-12-25,0.09939900040626526
1998-12-28,0.09939900040626526
1998-12-29,0.09939900040626526
1998-12-30,0.09939900040626526
1998-12-31,0.12424799799919128
1999-01-04,1.1347160339355469
1999-01-05,1.1347160339355469
1999-01-06,1.094190001487732
1999-01-07,1.094190001487732
1999-01-08,1.094190001487732
1999-01-11,1.094190001487732
1999-01-12,1.053665041923523
1999-01-13,1.094190001487732
1999-01-14,1.053665041923523
1999-01-15,1.1347160339355469
1999-01-18,1.094190001487732
1999-01-19,1.094190001487732
1999-01-20,1.094190001487732
1999-01-21,1.053665041923523
1999-01-22,1.053665041923523
1999-01-25,1.094190001487732
1999-01-26,1.094190001487732
1999-01-27,1.094190001487732
1999-01-28,1.1347160339355469
1999-01-29,1.094190001487732
1999-02-01,1.1752419471740723
1999-02-02,1.1347160339355469
1999-02-03,1.1347160339355469
1999-02-04,1.1347160339355469
1999-02-05,1.013139009475708
1999-02-08,1.053665041923523
1999-02-09,1.1752419471740723
1999-02-10,1.094190001487732
1999-02-11,0.9726139903068542
1999-02-12,0.9726139903068542
1999-02-15,0.9726139903068542
1999-02-16,0.9726139903068542
1999-02-17,0.9726139903068542
1999-02-18,0.9320880174636841
1999-02-19,0.9320880174636841
1999-02-22,0.8915619850158691
1999-02-23,0.8915619850158691
1999-02-24,0.9320880174636841
1999-02-25,0.9726139903068542
1999-02-26,0.9726139903068542
1999-03-01,0.9726139903068542
1999-03-02,0.8915619850158691
1999-03-03,0.8915619850158691
1999-03-04,0.8915619850158691
1999-03-05,0.8915619850158691
1999-03-08,0.8915619850158691
1999-03-09,0.8915619850158691
1999-03-10,0.8105109930038452
1999-03-11,0.8915619850158691
1999-03-12,0.9726139903068542
1999-03-15,0.8915619850158691
1999-03-16,0.8510370254516602
1999-03-17,0.8510370254516602
1999-03-18,0.8510370254516602
1999-03-19,0.8510370254516602
1999-03-22,0.8510370254516602
1999-03-23,0.8510370254516602
1999-03-24,0.8510370254516602
1999-03-25,0.8105109930038452
1999-03-26,0.8105109930038452
1999-03-29,0.7537750005722046
1999-03-30,0.7294600009918213
1999-03-31,0.8024060130119324
1999-04-01,0.7699859738349915
1999-04-02,0.7699859738349915
1999-04-05,0.7699859738349915
1999-04-06,0.7294600009918213
1999-04-07,0.7294600009918213
1999-04-08,0.6484090089797974
1999-04-09,0.5673580169677734
1999-04-12,0.627007007598877
1999-04-13,0.6688079833984375
1999-04-14,0.6437280178070068
1999-04-15,0.6688079833984375
1999-04-16,0.6688079833984375
1999-04-19,0.6520879864692688
1999-04-20,0.6688079833984375
1999-04-21,0.6437280178070068
1999-04-22,0.6688079833984375
1999-04-23,0.7106080055236816
1999-04-26,0.7106080055236816
1999-04-27,0.7356889843940735
1999-04-28,0.7356889843940735
1999-04-29,0.7106080055236816
1999-04-30,0.7524089813232422
1999-05-03,0.8360099792480469
1999-05-04,0.8276500105857849
1999-05-05,0.7942090034484863
1999-05-06,0.8192899823188782
1999-05-07,0.7942090034484863
1999-05-10,0.8109300136566162
1999-05-11,0.7942090034484863
1999-05-12,0.7942090034484863
1999-05-13,0.7942090034484863
1999-05-14,0.8192899823188782
1999-05-17,0.7942090034484863
1999-05-18,0.627007007598877
1999-05-19,0.627007007598877
1999-05-20,0.627007007598877
1999-05-21,0.6688079833984375
1999-05-24,0.7022479772567749
1999-05-25,0.6353669762611389
1999-05-26,0.6520879864692688
1999-05-27,0.627007007598877
1999-05-28,0.5852069854736328
1999-05-31,0.5852069854736328
1999-06-01,0.6019269824028015
1999-06-02,0.6520879864692688
1999-06-03,0.5935670137405396
1999-06-04,0.6353669762611389
1999-06-07,0.627007007598877
1999-06-08,0.627007007598877
1999-06-09,0.6102870106697083
1999-06-10,0.5434060096740723
1999-06-11,0.5852069854736328
1999-06-14,0.5852069854736328
1999-06-15,0.5434060096740723
1999-06-16,0.5434060096740723
1999-06-17,0.5434060096740723
1999-06-18,0.5099660158157349
1999-06-21,0.4765250086784363
1999-06-22,0.5016059875488281
1999-06-23,0.5016059875488281
1999-06-24,0.5099660158157349
1999-06-25,0.5099660158157349
1999-06-28,0.46816501021385193
1999-06-29,0.46816501021385193
1999-06-30,0.46816501021385193
1999-07-01,0.46816501021385193
1999-07-02,0.5016059875488281
1999-07-05,0.5434060096740723
1999-07-06,0.5434060096740723
1999-07-07,0.5350459814071655
1999-07-08,0.5434060096740723
1999-07-09,0.5434060096740723
1999-07-12,0.5434060096740723
1999-07-13,0.5852069854736328
1999-07-14,0.5852069854736328
1999-07-15,0.5852069854736328
1999-07-16,0.5852069854736328
1999-07-19,0.6688079833984375
1999-07-20,0.6688079833984375
1999-07-21,0.6688079833984375
1999-07-22,0.6688079833984375
1999-07-23,0.627007007598877
1999-07-26,0.627007007598877
1999-07-27,0.627007007598877
1999-07-28,0.5768470168113708
1999-07-29,0.5016059875488281
1999-07-30,0.4598050117492676
1999-08-02,0.46816501021385193
1999-08-03,0.5935670137405396
1999-08-04,0.6186469793319702
1999-08-05,0.5517659783363342
1999-08-06,0.5434060096740723
1999-08-09,0.5684869885444641
1999-08-10,0.5601270198822021
1999-08-11,0.5350459814071655
1999-08-12,0.5350459814071655
1999-08-13,0.5434060096740723
1999-08-16,0.5684869885444641
1999-08-17,0.5768470168113708
1999-08-18,0.5768470168113708
1999-08-19,0.5266860127449036
1999-08-20,0.5183259844779968
1999-08-23,0.5099660158157349
1999-08-24,0.5434060096740723
1999-08-25,0.5935670137405396
1999-08-26,0.5852069854736328
1999-08-27,0.5852069854736328
1999-08-30,0.5852069854736328
1999-08-31,0.5183259844779968
1999-09-01,0.5183259844779968
1999-09-02,0.46816501021385193
1999-09-03,0.4932459890842438
1999-09-06,0.5684869885444641
1999-09-07,0.5684869885444641
1999-09-08,0.5434060096740723
1999-09-09,0.5517659783363342
1999-09-10,0.5183259844779968
1999-09-13,0.5183259844779968
1999-09-14,0.4848859906196594
1999-09-15,0.4848859906196594
1999-09-16,0.4848859906196594
1999-09-17,0.4848859906196594
1999-09-20,0.5016059875488281
1999-09-21,0.46816501021385193
1999-09-22,0.46816501021385193
1999-09-23,0.46816501021385193
1999-09-24,0.5016059875488281
1999-09-27,0.5016059875488281
1999-09-28,0.5266860127449036
1999-09-29,0.5434060096740723
1999-09-30,0.5350459814071655
1999-10-01,0.5434060096740723
1999-10-04,0.5183259844779968
1999-10-05,0.5183259844779968
1999-10-06,0.5183259844779968
1999-10-07,0.4848859906196594
1999-10-08,0.46816501021385193
1999-10-11,0.4848859906196594
1999-10-12,0.4848859906196594
1999-10-13,0.4848859906196594
1999-10-14,0.46816501021385193
1999-10-15,0.46816501021385193
1999-10-18,0.46816501021385193
1999-10-19,0.46816501021385193
1999-10-20,0.4765250086784363
1999-10-21,0.4932459890842438
1999-10-22,0.5434060096740723
1999-10-25,0.4932459890842438
1999-10-26,0.4765250086784363
1999-10-27,0.4765250086784363
1999-10-28,0.4765250086784363
1999-10-29,0.4765250086784363
1999-11-01,0.4932459890842438
1999-11-02,0.5016059875488281
1999-11-03,0.5183259844779968
1999-11-04,0.5183259844779968
1999-11-05,0.5016059875488281
1999-11-08,0.5016059875488281
1999-11-09,0.4263649880886078
1999-11-10,0.4263649880886078
1999-11-11,0.4263649880886078
1999-11-12,0.4598050117492676
1999-11-15,0.4514450132846832
1999-11-16,0.4514450132846832
1999-11-17,0.46816501021385193
1999-11-18,0.5016059875488281
1999-11-19,0.5099660158157349
1999-11-22,0.5350459814071655
1999-11-23,0.5434060096740723
1999-11-24,0.5434060096740723
1999-11-25,0.5434060096740723
1999-11-26,0.5183259844779968
1999-11-29,0.5266860127449036
1999-11-30,0.5183259844779968
1999-12-01,0.5183259844779968
1999-12-02,0.5266860127449036
1999-12-03,0.5434060096740723
1999-12-06,0.5935670137405396
1999-12-07,0.5935670137405396
1999-12-08,0.5601270198822021
1999-12-09,0.5016059875488281
1999-12-10,0.5016059875488281
1999-12-13,0.5016059875488281
1999-12-14,0.5016059875488281
1999-12-15,0.5434060096740723
1999-12-16,0.5434060096740723
1999-12-17,0.5434060096740723
1999-12-20,0.5434060096740723
1999-12-21,0.5099660158157349
1999-12-22,0.5434060096740723
1999-12-23,0.5434060096740723
1999-12-24,0.5601270198822021
1999-12-27,0.5601270198822021
1999-12-28,0.5601270198822021
1999-12-29,0.5601270198822021
1999-12-30,0.5601270198822021
1999-12-31,0.5601270198822021
2000-01-03,0.5601270198822021
2000-01-04,0.4848859906196594
2000-01-05,0.5016059875488281
2000-01-06,0.5016059875488281
2000-01-07,0.5016059875488281
2000-01-10,0.5016059875488281
2000-01-11,0.5601270198822021
2000-01-12,0.5016059875488281
2000-01-13,0.5016059875488281
2000-01-14,0.5768470168113708
2000-01-17,0.6186469793319702
2000-01-18,0.6186469793319702
2000-01-19,0.6102870106697083
2000-01-20,0.6102870106697083
2000-01-21,0.5935670137405396
2000-01-24,0.5684869885444641
2000-01-25,0.5434060096740723
2000-01-26,0.5690720081329346
2000-01-27,0.5852069854736328
2000-01-28,0.6688079833984375
2000-01-31,0.7022479772567749
2000-02-01,1.0032119750976562
2000-02-02,0.7942090034484863
2000-02-03,0.7524089813232422
2000-02-04,0.7524089813232422
2000-02-07,0.8360099792480469
2000-02-08,0.9614120125770569
2000-02-09,1.4630179405212402
2000-02-10,1.3794169425964355
2000-02-11,1.2122149467468262
2000-02-14,1.5048179626464844
2000-02-15,1.4630179405212402
2000-02-16,1.4212169647216797
2000-02-17,1.2958159446716309
2000-02-18,1.337615966796875
2000-02-21,1.2540149688720703
2000-02-22,1.220574975013733
2000-02-23,1.2958159446716309
2000-02-24,1.3794169425964355
2000-02-25,1.2958159446716309
2000-02-28,1.2122149467468262
2000-02-29,1.2122149467468262
2000-03-01,1.2958159446716309
2000-03-02,1.2540149688720703
2000-03-03,1.2540149688720703
2000-03-06,1.2540149688720703
2000-03-07,1.2122149467468262
2000-03-08,1.2540149688720703
2000-03-09,1.2122149467468262
2000-03-10,1.1286139488220215
2000-03-13,1.2122149467468262
2000-03-14,1.1704139709472656
2000-03-15,1.1286139488220215
2000-03-16,1.1286139488220215
2000-03-17,1.1704139709472656
2000-03-20,1.337615966796875
2000-03-21,1.2958159446716309
2000-03-22,1.2958159446716309
2000-03-23,1.2122149467468262
2000-03-24,1.2122149467468262
2000-03-27,1.1704139709472656
2000-03-28,1.2540149688720703
2000-03-29,1.2540149688720703
2000-03-30,1.2958159446716309
2000-03-31,1.3794169425964355
2000-04-03,1.2540149688720703
2000-04-04,1.0032119750976562
2000-04-05,0.9196109771728516
2000-04-06,1.0032119750976562
2000-04-07,1.0032119750976562
2000-04-10,1.0032119750976562
2000-04-11,0.8778110146522522
2000-04-12,0.9196109771728516
2000-04-13,0.8360099792480469
2000-04-14,0.8360099792480469
2000-04-17,0.5517659783363342
2000-04-18,0.5434060096740723
2000-04-19,0.6520879864692688
2000-04-20,0.6520879864692688
2000-04-21,0.6828529834747314
2000-04-24,0.6828529834747314
2000-04-25,0.6828529834747314
2000-04-26,0.6688079833984375
2000-04-27,0.5852069854736328
2000-04-28,0.5852069854736328
2000-05-01,0.5601270198822021
2000-05-02,0.5852069854736328
2000-05-03,0.5768470168113708
2000-05-04,0.5183259844779968
2000-05-05,0.5350459814071655
2000-05-08,0.5517659783363342
2000-05-09,0.5517659783363342
2000-05-10,0.5350459814071655
2000-05-11,0.5016059875488281
2000-05-12,0.5099660158157349
2000-05-15,0.5016059875488281
2000-05-16,0.4932459890842438
2000-05-17,0.4848859906196594
2000-05-18,0.4263649880886078
2000-05-19,0.41800498962402344
2000-05-22,0.4430850148200989
2000-05-23,0.4765250086784363
2000-05-24,0.40128499269485474
2000-05-25,0.4096449911594391
2000-05-26,0.40128499269485474
2000-05-29,0.38456401228904724
2000-05-30,0.3594839870929718
2000-05-31,0.36784398555755615
2000-06-01,0.3427639901638031
2000-06-02,0.3427639901638031
2000-06-05,0.36784398555755615
2000-06-06,0.3762040138244629
2000-06-07,0.3929240107536316
2000-06-08,0.40128499269485474
2000-06-09,0.41800498962402344
2000-06-12,0.437734991312027
2000-06-13,0.40128499269485474
2000-06-14,0.40128499269485474
2000-06-15,0.40128499269485474
2000-06-16,0.36784398555755615
2000-06-19,0.36784398555755615
2000-06-20,0.33440399169921875
2000-06-21,0.30096301436424255
2000-06-22,0.33440399169921875
2000-06-23,0.3427639901638031
2000-06-26,0.33440399169921875
2000-06-27,0.3260439932346344
2000-06-28,0.3260439932346344
2000-06-29,0.35112398862838745
2000-06-30,0.3260439932346344
2000-07-03,0.3762040138244629
2000-07-04,0.4096449911594391
2000-07-05,0.4114820063114166
2000-07-06,0.42899200320243835
2000-07-07,0.42899200320243835
2000-07-10,0.48152199387550354
2000-07-11,0.5165420174598694
2000-07-12,0.5077869892120361
2000-07-13,0.48152199387550354
2000-07-14,0.4902769923210144
2000-07-17,0.48152199387550354
2000-07-18,0.4902769923210144
2000-07-19,0.5077869892120361
2000-07-20,0.4902769923210144
2000-07-21,0.45525699853897095
2000-07-24,0.45525699853897095
2000-07-25,0.4465020000934601
2000-07-26,0.45525699853897095
2000-07-27,0.45525699853897095
2000-07-28,0.4377470016479492
2000-07-31,0.40272700786590576
2000-08-01,0.42899200320243835
2000-08-02,0.3939720094203949
2000-08-03,0.40272700786590576
2000-08-04,0.42899200320243835
2000-08-07,0.4377470016479492
2000-08-08,0.3677079975605011
2000-08-09,0.35895299911499023
2000-08-10,0.40272700786590576
2000-08-11,0.3939720094203949
2000-08-14,0.3939720094203949
2000-08-15,0.4202370047569275
2000-08-16,0.4202370047569275
2000-08-17,0.4202370047569275
2000-08-18,0.4377470016479492
2000-08-21,0.4202370047569275
2000-08-22,0.3939720094203949
2000-08-23,0.37646201252937317
2000-08-24,0.38521701097488403
2000-08-25,0.40272700786590576
2000-08-28,0.40272700786590576
2000-08-29,0.4465020000934601
2000-08-30,0.48152199387550354
2000-08-31,0.49903199076652527
2000-09-01,0.4727669954299927
2000-09-04,0.4377470016479492
2000-09-05,0.45525699853897095
2000-09-06,0.45525699853897095
2000-09-07,0.45525699853897095
2000-09-08,0.5340520143508911
2000-09-11,0.6128460168838501
2000-09-12,0.656620979309082
2000-09-13,0.5865809917449951
2000-09-14,0.5690709948539734
2000-09-15,0.5778260231018066
2000-09-18,0.6128460168838501
2000-09-19,0.5690709948539734
2000-09-20,0.5865809917449951
2000-09-21,0.5603160262107849
2000-09-22,0.5340520143508911
2000-09-25,0.5690709948539734
2000-09-26,0.5690709948539734
2000-09-27,0.6303560137748718
2000-09-28,0.6478660106658936
2000-09-29,0.6741309762001038
2000-10-02,0.682886004447937
2000-10-03,0.682886004447937
2000-10-04,0.6741309762001038
2000-10-05,0.656620979309082
2000-10-06,0.6741309762001038
2000-10-09,0.656620979309082
2000-10-10,0.6653760075569153
2000-10-11,0.5865809917449951
2000-10-12,0.5252969861030579
2000-10-13,0.5252969861030579
2000-10-16,0.5603160262107849
2000-10-17,0.5603160262107849
2000-10-18,0.5603160262107849
2000-10-19,0.5603160262107849
2000-10-20,0.5690709948539734
2000-10-23,0.5603160262107849
2000-10-24,0.5603160262107849
2000-10-25,0.5252969861030579
2000-10-26,0.49903199076652527
2000-10-27,0.5077869892120361
2000-10-30,0.49903199076652527
2000-10-31,0.5252969861030579
2000-11-01,0.5515620112419128
2000-11-02,0.5690709948539734
2000-11-03,0.5690709948539734
2000-11-06,0.5603160262107849
2000-11-07,0.5778260231018066
2000-11-08,0.5603160262107849
2000-11-09,0.5690709948539734
2000-11-10,0.5603160262107849
2000-11-13,0.5778260231018066
2000-11-14,0.5690709948539734
2000-11-15,0.5690709948539734
2000-11-16,0.5690709948539734
2000-11-17,0.5778260231018066
2000-11-20,0.5077869892120361
2000-11-21,0.5690709948539734
2000-11-22,0.5603160262107849
2000-11-23,0.5252969861030579
2000-11-24,0.5428069829940796
2000-11-27,0.5690709948539734
2000-11-28,0.5252969861030579
2000-11-29,0.5252969861030579
2000-11-30,0.5165420174598694
2000-12-01,0.4727669954299927
2000-12-04,0.5428069829940796
2000-12-05,0.5165420174598694
2000-12-06,0.5252969861030579
2000-12-07,0.5252969861030579
2000-12-08,0.5165420174598694
2000-12-11,0.5252969861030579
2000-12-12,0.5165420174598694
2000-12-13,0.4902769923210144
2000-12-14,0.48152199387550354
2000-12-15,0.48152199387550354
2000-12-18,0.48152199387550354
2000-12-19,0.48152199387550354
2000-12-20,0.3939720094203949
2000-12-21,0.3939720094203949
2000-12-22,0.3939720094203949
2000-12-25,0.3939720094203949
2000-12-26,0.3939720094203949
2000-12-27,0.4377470016479492
2000-12-28,0.4377470016479492
2000-12-29,0.4377470016479492
2001-01-01,0.4377470016479492
2001-01-02,0.4377470016479492
2001-01-03,0.4727669954299927
2001-01-04,0.45525699853897095
2001-01-05,0.4377470016479492
2001-01-08,0.4377470016479492
2001-01-09,0.40272700786590576
2001-01-10,0.4727669954299927
2001-01-11,0.4640119969844818
2001-01-12,0.4377470016479492
2001-01-15,0.45525699853897095
2001-01-16,0.4202370047569275
2001-01-17,0.4377470016479492
2001-01-18,0.4377470016479492
2001-01-19,0.4114820063114166
2001-01-22,0.3939720094203949
2001-01-23,0.38521701097488403
2001-01-24,0.3939720094203949
2001-01-25,0.40272700786590576
2001-01-26,0.40272700786590576
2001-01-29,0.35019800066947937
2001-01-30,0.35895299911499023
2001-01-31,0.3939720094203949
2001-02-01,0.38521701097488403
2001-02-02,0.3677079975605011
2001-02-05,0.3677079975605011
2001-02-06,0.37646201252937317
2001-02-07,0.37646201252937317
2001-02-08,0.3677079975605011
2001-02-09,0.37646201252937317
2001-02-12,0.37646201252937317
2001-02-13,0.37646201252937317
2001-02-14,0.37646201252937317
2001-02-15,0.3677079975605011
2001-02-16,0.37646201252937317
2001-02-19,0.3677079975605011
2001-02-20,0.3939720094203949
2001-02-21,0.40272700786590576
2001-02-22,0.4727669954299927
2001-02-23,0.5165420174598694
2001-02-26,0.45525699853897095
2001-02-27,0.5077869892120361
2001-02-28,0.4727669954299927
2001-03-01,0.4727669954299927
2001-03-02,0.4465020000934601
2001-03-05,0.3939720094203949
2001-03-06,0.40272700786590576
2001-03-07,0.4377470016479492
2001-03-08,0.4114820063114166
2001-03-09,0.4202370047569275
2001-03-12,0.40272700786590576
2001-03-13,0.3939720094203949
2001-03-14,0.37646201252937317
2001-03-15,0.35895299911499023
2001-03-16,0.35895299911499023
2001-03-19,0.37646201252937317
2001-03-20,0.37646201252937317
2001-03-21,0.35019800066947937
2001-03-22,0.35019800066947937
2001-03-23,0.35019800066947937
2001-03-26,0.33268800377845764
2001-03-27,0.33268800377845764
2001-03-28,0.30642300844192505
2001-03-29,0.30642300844192505
2001-03-30,0.3151780068874359
2001-04-02,0.3151780068874359
2001-04-03,0.3151780068874359
2001-04-04,0.2976680099964142
2001-04-05,0.2976680099964142
2001-04-06,0.30642300844192505
2001-04-09,0.30642300844192505
2001-04-10,0.2976680099964142
2001-04-11,0.2889130115509033
2001-04-12,0.2976680099964142
2001-04-13,0.2976680099964142
2001-04-16,0.2976680099964142
2001-04-17,0.3414430022239685
2001-04-18,0.30642300844192505
2001-04-19,0.3239330053329468
2001-04-20,0.2976680099964142
2001-04-23,0.2976680099964142
2001-04-24,0.2889130115509033
2001-04-25,0.2889130115509033
2001-04-26,0.28015801310539246
2001-04-27,0.2889130115509033
2001-04-30,0.2889130115509033
2001-05-01,0.3414430022239685
2001-05-02,0.3414430022239685
2001-05-03,0.3414430022239685
2001-05-04,0.3414430022239685
2001-05-07,0.3414430022239685
2001-05-08,0.3239330053329468
2001-05-09,0.3239330053329468
2001-05-10,0.35019800066947937
2001-05-11,0.30642300844192505
2001-05-14,0.30642300844192505
2001-05-15,0.30642300844192505
2001-05-16,0.3414430022239685
2001-05-17,0.26264798641204834
2001-05-18,0.28015801310539246
2001-05-21,0.30642300844192505
2001-05-22,0.3239330053329468
2001-05-23,0.3414430022239685
2001-05-24,0.3414430022239685
2001-05-25,0.33268800377845764
2001-05-28,0.33268800377845764
2001-05-29,0.33268800377845764
2001-05-30,0.3151780068874359
2001-05-31,0.2889130115509033
2001-06-01,0.3151780068874359
2001-06-04,0.2714030146598816
2001-06-05,0.28015801310539246
2001-06-06,0.2889130115509033
2001-06-07,0.2889130115509033
2001-06-08,0.2889130115509033
2001-06-11,0.2889130115509033
2001-06-12,0.26264798641204834
2001-06-13,0.2976680099964142
2001-06-14,0.2976680099964142
2001-06-15,0.2714030146598816
2001-06-18,0.26264798641204834
2001-06-19,0.2451380044221878
2001-06-20,0.2714030146598816
2001-06-21,0.28015801310539246
2001-06-22,0.28015801310539246
2001-06-25,0.2538929879665375
2001-06-26,0.2538929879665375
2001-06-27,0.2451380044221878
2001-06-28,0.2538929879665375
2001-06-29,0.2538929879665375
2001-07-02,0.26264798641204834
2001-07-03,0.26264798641204834
2001-07-04,0.26264798641204834
2001-07-05,0.26264798641204834
2001-07-06,0.2538929879665375
2001-07-09,0.2451380044221878
2001-07-10,0.2714030146598816
2001-07-11,0.2714030146598816
2001-07-12,0.2714030146598816
2001-07-13,0.2714030146598816
2001-07-16,0.2714030146598816
2001-07-17,0.26264798641204834
2001-07-18,0.2451380044221878
2001-07-19,0.22762799263000488
2001-07-20,0.2538929879665375
2001-07-23,0.2538929879665375
2001-07-24,0.21887299418449402
2001-07-25,0.21887299418449402
2001-07-26,0.21887299418449402
2001-07-27,0.19260799884796143
2001-07-30,0.2451380044221878
2001-07-31,0.26264798641204834
2001-08-01,0.26264798641204834
2001-08-02,0.26264798641204834
2001-08-03,0.21887299418449402
2001-08-06,0.26264798641204834
2001-08-07,0.26264798641204834
2001-08-08,0.26264798641204834
2001-08-09,0.21887299418449402
2001-08-10,0.21887299418449402
2001-08-13,0.21887299418449402
2001-08-14,0.2013629972934723
2001-08-15,0.2013629972934723
2001-08-16,0.2013629972934723
2001-08-17,0.22762799263000488
2001-08-20,0.22762799263000488
2001-08-21,0.22762799263000488
2001-08-22,0.22762799263000488
2001-08-23,0.22762799263000488
2001-08-24,0.22762799263000488
2001-08-27,0.21887299418449402
2001-08-28,0.21887299418449402
2001-08-29,0.21887299418449402
2001-08-30,0.21887299418449402
2001-08-31,0.21887299418449402
2001-09-03,0.21011799573898315
2001-09-04,0.21011799573898315
2001-09-05,0.21011799573898315
2001-09-06,0.22762799263000488
2001-09-07,0.21887299418449402
2001-09-10,0.21887299418449402
2001-09-11,0.21887299418449402
2001-09-12,0.17509900033473969
2001-09-13,0.17509900033473969
2001-09-14,0.17509900033473969
2001-09-17,0.17509900033473969
2001-09-18,0.17509900033473969
2001-09-19,0.17509900033473969
2001-09-20,0.14007900655269623
2001-09-21,0.14007900655269623
2001-09-24,0.1488340049982071
2001-09-25,0.1488340049982071
2001-09-26,0.1488340049982071
2001-09-27,0.1488340049982071
2001-09-28,0.16634400188922882
2001-10-01,0.16634400188922882
2001-10-02,0.17509900033473969
2001-10-03,0.18385399878025055
2001-10-04,0.17509900033473969
2001-10-05,0.17509900033473969
2001-10-08,0.17509900033473969
2001-10-09,0.26264798641204834
2001-10-10,0.2013629972934723
2001-10-11,0.26264798641204834
2001-10-12,0.26264798641204834
2001-10-15,0.2538929879665375
2001-10-16,0.2538929879665375
2001-10-17,0.2538929879665375
2001-10-18,0.2451380044221878
2001-10-19,0.23638300597667694
2001-10-22,0.23638300597667694
2001-10-23,0.2451380044221878
2001-10-24,0.2013629972934723
2001-10-25,0.2013629972934723
2001-10-26,0.2013629972934723
2001-10-29,0.2013629972934723
2001-10-30,0.2451380044221878
2001-10-31,0.2451380044221878
2001-11-01,0.21887299418449402
2001-11-02,0.2013629972934723
2001-11-05,0.2013629972934723
2001-11-06,0.2013629972934723
2001-11-07,0.2013629972934723
2001-11-08,0.16634400188922882
2001-11-09,0.15758900344371796
2001-11-12,0.15758900344371796
2001-11-13,0.17509900033473969
2001-11-14,0.17509900033473969
2001-11-15,0.19260799884796143
2001-11-16,0.22762799263000488
2001-11-19,0.21887299418449402
2001-11-20,0.21887299418449402
2001-11-21,0.18385399878025055
2001-11-22,0.22762799263000488
2001-11-23,0.22762799263000488
2001-11-26,0.21887299418449402
2001-11-27,0.21887299418449402
2001-11-28,0.21887299418449402
2001-11-29,0.21011799573898315
2001-11-30,0.23638300597667694
2001-12-03,0.21887299418449402
2001-12-04,0.26264798641204834
2001-12-05,0.22762799263000488
2001-12-06,0.2538929879665375
2001-12-07,0.21011799573898315
2001-12-10,0.21011799573898315
2001-12-11,0.22762799263000488
2001-12-12,0.21887299418449402
2001-12-13,0.22762799263000488
2001-12-14,0.21011799573898315
2001-12-17,0.21011799573898315
2001-12-18,0.21011799573898315
2001-12-19,0.21887299418449402
2001-12-20,0.2013629972934723
2001-12-21,0.2013629972934723
2001-12-24,0.2013629972934723
2001-12-25,0.2013629972934723
2001-12-26,0.2013629972934723
2001-12-27,0.2013629972934723
2001-12-28,0.2013629972934723
2001-12-31,0.2013629972934723
2002-01-01,0.2013629972934723
2002-01-02,0.2451380044221878
2002-01-03,0.3239330053329468
2002-01-04,0.33268800377845764
2002-01-07,0.35019800066947937
2002-01-08,0.33268800377845764
2002-01-09,0.3414430022239685
2002-01-10,0.3239330053329468
2002-01-11,0.3239330053329468
2002-01-14,0.33268800377845764
2002-01-15,0.3239330053329468
2002-01-16,0.3239330053329468
2002-01-17,0.3151780068874359
2002-01-18,0.33268800377845764
2002-01-21,0.3414430022239685
2002-01-22,0.3677079975605011
2002-01-23,0.38521701097488403
2002-01-24,0.40272700786590576
2002-01-25,0.4114820063114166
2002-01-28,0.4114820063114166
2002-01-29,0.40272700786590576
2002-01-30,0.4114820063114166
2002-01-31,0.40272700786590576
2002-02-01,0.3939720094203949
2002-02-04,0.35019800066947937
2002-02-05,0.38521701097488403
2002-02-06,0.4114820063114166
2002-02-07,0.40272700786590576
2002-02-08,0.40272700786590576
2002-02-11,0.38521701097488403
2002-02-12,0.37646201252937317
2002-02-13,0.3677079975605011
2002-02-14,0.3414430022239685
2002-02-15,0.35019800066947937
2002-02-18,0.35019800066947937
2002-02-19,0.35019800066947937
2002-02-20,0.3677079975605011
2002-02-21,0.35895299911499023
2002-02-22,0.38521701097488403
2002-02-25,0.40272700786590576
2002-02-26,0.40272700786590576
2002-02-27,0.40272700786590576
2002-02-28,0.38521701097488403
2002-03-01,0.3677079975605011
2002-03-04,0.38521701097488403
2002-03-05,0.3939720094203949
2002-03-06,0.3939720094203949
2002-03-07,0.3939720094203949
2002-03-08,0.38521701097488403
2002-03-11,0.3677079975605011
2002-03-12,0.35895299911499023
2002-03-13,0.35019800066947937
2002-03-14,0.33268800377845764
2002-03-15,0.35019800066947937
2002-03-18,0.3414430022239685
2002-03-19,0.35895299911499023
2002-03-20,0.35895299911499023
2002-03-21,0.35895299911499023
2002-03-22,0.3677079975605011
2002-03-25,0.35019800066947937
2002-03-26,0.35019800066947937
2002-03-27,0.38521701097488403
2002-03-28,0.3939720094203949
2002-03-29,0.3939720094203949
2002-04-01,0.3939720094203949
2002-04-02,0.37646201252937317
2002-04-03,0.37646201252937317
2002-04-04,0.37646201252937317
2002-04-05,0.3939720094203949
2002-04-08,0.37646201252937317
2002-04-09,0.37646201252937317
2002-04-10,0.35895299911499023
2002-04-11,0.37646201252937317
2002-04-12,0.37646201252937317
2002-04-15,0.38521701097488403
2002-04-16,0.3677079975605011
2002-04-17,0.38521701097488403
2002-04-18,0.37646201252937317
2002-04-19,0.35895299911499023
2002-04-22,0.35895299911499023
2002-04-23,0.35895299911499023
2002-04-24,0.35895299911499023
2002-04-25,0.35895299911499023
2002-04-26,0.35895299911499023
2002-04-29,0.35895299911499023
2002-04-30,0.35895299911499023
2002-05-01,0.35019800066947937
2002-05-02,0.35019800066947937
2002-05-03,0.35019800066947937
2002-05-06,0.35019800066947937
2002-05-07,0.35019800066947937
2002-05-08,0.35019800066947937
2002-05-09,0.35895299911499023
2002-05-10,0.37646201252937317
2002-05-13,0.3939720094203949
2002-05-14,0.38521701097488403
2002-05-15,0.38521701097488403
2002-05-16,0.3939720094203949
2002-05-17,0.3677079975605011
2002-05-20,0.40272700786590576
2002-05-21,0.3151780068874359
2002-05-22,0.3151780068874359
2002-05-23,0.2976680099964142
2002-05-24,0.30642300844192505
2002-05-27,0.2976680099964142
2002-05-28,0.30642300844192505
2002-05-29,0.2976680099964142
2002-05-30,0.2889130115509033
2002-05-31,0.28015801310539246
2002-06-03,0.2889130115509033
2002-06-04,0.2889130115509033
2002-06-05,0.28015801310539246
2002-06-06,0.26264798641204834
2002-06-07,0.26264798641204834
2002-06-10,0.26264798641204834
2002-06-11,0.2451380044221878
2002-06-12,0.2538929879665375
2002-06-13,0.26264798641204834
2002-06-14,0.2451380044221878
2002-06-17,0.2451380044221878
2002-06-18,0.23638300597667694
2002-06-19,0.23638300597667694
2002-06-20,0.23638300597667694
2002-06-21,0.21887299418449402
2002-06-24,0.21887299418449402
2002-06-25,0.21887299418449402
2002-06-26,0.2451380044221878
2002-06-27,0.2451380044221878
2002-06-28,0.26264798641204834
2002-07-01,0.28015801310539246
2002-07-02,0.26264798641204834
2002-07-03,0.28015801310539246
2002-07-04,0.26264798641204834
2002-07-05,0.2538929879665375
2002-07-08,0.2451380044221878
2002-07-09,0.22762799263000488
2002-07-10,0.22762799263000488
2002-07-11,0.22762799263000488
2002-07-12,0.22762799263000488
2002-07-15,0.22762799263000488
2002-07-16,0.22762799263000488
2002-07-17,0.22762799263000488
2002-07-18,0.21887299418449402
2002-07-19,0.23638300597667694
2002-07-22,0.21887299418449402
2002-07-23,0.21887299418449402
2002-07-24,0.18385399878025055
2002-07-25,0.18385399878025055
2002-07-26,0.18385399878025055
2002-07-29,0.2013629972934723
2002-07-30,0.2013629972934723
2002-07-31,0.21011799573898315
2002-08-01,0.21011799573898315
2002-08-02,0.21011799573898315
2002-08-05,0.21011799573898315
2002-08-06,0.21011799573898315
2002-08-07,0.17509900033473969
2002-08-08,0.18385399878025055
2002-08-09,0.17509900033473969
2002-08-12,0.17509900033473969
2002-08-13,0.19260799884796143
2002-08-14,0.19260799884796143
2002-08-15,0.2013629972934723
2002-08-16,0.2013629972934723
2002-08-19,0.17509900033473969
2002-08-20,0.17509900033473969
2002-08-21,0.2013629972934723
2002-08-22,0.2013629972934723
2002-08-23,0.21887299418449402
2002-08-26,0.21887299418449402
2002-08-27,0.22762799263000488
2002-08-28,0.23638300597667694
2002-08-29,0.22762799263000488
2002-08-30,0.21887299418449402
2002-09-02,0.22762799263000488
2002-09-03,0.22762799263000488
2002-09-04,0.21887299418449402
2002-09-05,0.21887299418449402
2002-09-06,0.21011799573898315
2002-09-09,0.21011799573898315
2002-09-10,0.19260799884796143
2002-09-11,0.19260799884796143
2002-09-12,0.19260799884796143
2002-09-13,0.19260799884796143
2002-09-16,0.19260799884796143
2002-09-17,0.19260799884796143
2002-09-18,0.19260799884796143
2002-09-19,0.19260799884796143
2002-09-20,0.19260799884796143
2002-09-23,0.19260799884796143
2002-09-24,0.19260799884796143
2002-09-25,0.19260799884796143
2002-09-26,0.19260799884796143
2002-09-27,0.19260799884796143
2002-09-30,0.19260799884796143
2002-10-01,0.2013629972934723
2002-10-02,0.2013629972934723
2002-10-03,0.2013629972934723
2002-10-04,0.2013629972934723
2002-10-07,0.2013629972934723
2002-10-08,0.2013629972934723
2002-10-09,0.2013629972934723
2002-10-10,0.15758900344371796
2002-10-11,0.15758900344371796
2002-10-14,0.15758900344371796
2002-10-15,0.15758900344371796
2002-10-16,0.1488340049982071
2002-10-17,0.1488340049982071
2002-10-18,0.1488340049982071
2002-10-21,0.13132399320602417
2002-10-22,0.13132399320602417
2002-10-23,0.17509900033473969
2002-10-24,0.17509900033473969
2002-10-25,0.17509900033473969
2002-10-28,0.17509900033473969
2002-10-29,0.17509900033473969
2002-10-30,0.17509900033473969
2002-10-31,0.17509900033473969
2002-11-01,0.17509900033473969
2002-11-04,0.1488340049982071
2002-11-05,0.1488340049982071
2002-11-06,0.1488340049982071
2002-11-07,0.1488340049982071
2002-11-08,0.14007900655269623
2002-11-11,0.1225690022110939
2002-11-12,0.1225690022110939
2002-11-13,0.1225690022110939
2002-11-14,0.1225690022110939
2002-11-15,0.1225690022110939
2002-11-18,0.17509900033473969
2002-11-19,0.13132399320602417
2002-11-20,0.1225690022110939
2002-11-21,0.1225690022110939
2002-11-22,0.1225690022110939
2002-11-25,0.14007900655269623
2002-11-26,0.14007900655269623
2002-11-27,0.1488340049982071
2002-11-28,0.13132399320602417
2002-11-29,0.1488340049982071
2002-12-02,0.14007900655269623
2002-12-03,0.1488340049982071
2002-12-04,0.1488340049982071
2002-12-05,0.1488340049982071
2002-12-06,0.1488340049982071
2002-12-09,0.14007900655269623
2002-12-10,0.11381399631500244
2002-12-11,0.11381399631500244
2002-12-12,0.11381399631500244
2002-12-13,0.11381399631500244
2002-12-16,0.1225690022110939
2002-12-17,0.1225690022110939
2002-12-18,0.1225690022110939
2002-12-19,0.11381399631500244
2002-12-20,0.1225690022110939
2002-12-23,0.1225690022110939
2002-12-24,0.13132399320602417
2002-12-25,0.13132399320602417
2002-12-26,0.13132399320602417
2002-12-27,0.13132399320602417
2002-12-30,0.13132399320602417
2002-12-31,0.14007900655269623
2003-01-01,0.14007900655269623
2003-01-02,0.14007900655269623
2003-01-03,0.17509900033473969
2003-01-06,0.17509900033473969
2003-01-07,0.17509900033473969
2003-01-08,0.17509900033473969
2003-01-09,0.17509900033473969
2003-01-10,0.13132399320602417
2003-01-13,0.13132399320602417
2003-01-14,0.13132399320602417
2003-01-15,0.15758900344371796
2003-01-16,0.1488340049982071
2003-01-17,0.1488340049982071
2003-01-20,0.1488340049982071
2003-01-21,0.1488340049982071
2003-01-22,0.14007900655269623
2003-01-23,0.13132399320602417
2003-01-24,0.13132399320602417
2003-01-27,0.13132399320602417
2003-01-28,0.13132399320602417
2003-01-29,0.15758900344371796
2003-01-30,0.15758900344371796
2003-01-31,0.13132399320602417
2003-02-03,0.13132399320602417
2003-02-04,0.13132399320602417
2003-02-05,0.1225690022110939
2003-02-06,0.14007900655269623
2003-02-07,0.1225690022110939
2003-02-10,0.11381399631500244
2003-02-11,0.14007900655269623
2003-02-12,0.14007900655269623
2003-02-13,0.14007900655269623
2003-02-14,0.14007900655269623
2003-02-17,0.1225690022110939
2003-02-18,0.1225690022110939
2003-02-19,0.14007900655269623
2003-02-20,0.1225690022110939
2003-02-21,0.13132399320602417
2003-02-24,0.1225690022110939
2003-02-25,0.1225690022110939
2003-02-26,0.1225690022110939
2003-02-27,0.1225690022110939
2003-02-28,0.1225690022110939
2003-03-03,0.11381399631500244
2003-03-04,0.10505899786949158
2003-03-05,0.1225690022110939
2003-03-06,0.1225690022110939
2003-03-07,0.1225690022110939
2003-03-10,0.1225690022110939
2003-03-11,0.1225690022110939
2003-03-12,0.1225690022110939
2003-03-13,0.1225690022110939
2003-03-14,0.10505899786949158
2003-03-17,0.07879400253295898
2003-03-18,0.08754900097846985
2003-03-19,0.08754900097846985
2003-03-20,0.09630399942398071
2003-03-21,0.09630399942398071
2003-03-24,0.09630399942398071
2003-03-25,0.08754900097846985
2003-03-26,0.1225690022110939
2003-03-27,0.09630399942398071
2003-03-28,0.08754900097846985
2003-03-31,0.08754900097846985
2003-04-01,0.08754900097846985
2003-04-02,0.08754900097846985
2003-04-03,0.07879400253295898
2003-04-04,0.08754900097846985
2003-04-07,0.08754900097846985
2003-04-08,0.07003899663686752
2003-04-09,0.07003899663686752
2003-04-10,0.08754900097846985
2003-04-11,0.08754900097846985
2003-04-14,0.08754900097846985
2003-04-15,0.08754900097846985
2003-04-16,0.07879400253295898
2003-04-17,0.07879400253295898
2003-04-18,0.07879400253295898
2003-04-21,0.07879400253295898
2003-04-22,0.07003899663686752
2003-04-23,0.07003899663686752
2003-04-24,0.07003899663686752
2003-04-25,0.07003899663686752
2003-04-28,0.07879400253295898
2003-04-29,0.07879400253295898
2003-04-30,0.08754900097846985
2003-05-01,0.09630399942398071
2003-05-02,0.09630399942398071
2003-05-05,0.08754900097846985
2003-05-06,0.08754900097846985
2003-05-07,0.08754900097846985
2003-05-08,0.08754900097846985
2003-05-09,0.07879400253295898
2003-05-12,0.07879400253295898
2003-05-13,0.08754900097846985
2003-05-14,0.08754900097846985
2003-05-15,0.09630399942398071
2003-05-16,0.09630399942398071
2003-05-19,0.08754900097846985
2003-05-20,0.08754900097846985
2003-05-21,0.08754900097846985
2003-05-22,0.07879400253295898
2003-05-23,0.07879400253295898
2003-05-26,0.08754900097846985
2003-05-27,0.08754900097846985
2003-05-28,0.08754900097846985
2003-05-29,0.07879400253295898
2003-05-30,0.07879400253295898
2003-06-02,0.07879400253295898
2003-06-03,0.07879400253295898
2003-06-04,0.07879400253295898
2003-06-05,0.07879400253295898
2003-06-06,0.07879400253295898
2003-06-09,0.07879400253295898
2003-06-10,0.08754900097846985
2003-06-11,0.08754900097846985
2003-06-12,0.08754900097846985
2003-06-13,0.08754900097846985
2003-06-16,0.08754900097846985
2003-06-17,0.07879400253295898
2003-06-18,0.08754900097846985
2003-06-19,0.07879400253295898
2003-06-20,0.07879400253295898
2003-06-23,0.07879400253295898
2003-06-24,0.08754900097846985
2003-06-25,0.09630399942398071
2003-06-26,0.09630399942398071
2003-06-27,0.08754900097846985
2003-06-30,0.09630399942398071
2003-07-01,0.09630399942398071
2003-07-02,0.09630399942398071
2003-07-03,0.09630399942398071
2003-07-04,0.09630399942398071
2003-07-07,0.09630399942398071
2003-07-08,0.09630399942398071
2003-07-09,0.09630399942398071
2003-07-10,0.11381399631500244
2003-07-11,0.11381399631500244
2003-07-14,0.10505899786949158
2003-07-15,0.10505899786949158
2003-07-16,0.10505899786949158
2003-07-17,0.09630399942398071
2003-07-18,0.09630399942398071
2003-07-21,0.09630399942398071
2003-07-22,0.09630399942398071
2003-07-23,0.09630399942398071
2003-07-24,0.09630399942398071
2003-07-25,0.10505899786949158
2003-07-28,0.10505899786949158
2003-07-29,0.10505899786949158
2003-07-30,0.11381399631500244
2003-07-31,0.11381399631500244
2003-08-01,0.11381399631500244
2003-08-04,0.1225690022110939
2003-08-05,0.11381399631500244
2003-08-06,0.1225690022110939
2003-08-07,0.14007900655269623
2003-08-08,0.1488340049982071
2003-08-11,0.1488340049982071
2003-08-12,0.13132399320602417
2003-08-13,0.1225690022110939
2003-08-14,0.13132399320602417
2003-08-15,0.1225690022110939
2003-08-18,0.13132399320602417
2003-08-19,0.1225690022110939
2003-08-20,0.11381399631500244
2003-08-21,0.11381399631500244
2003-08-22,0.11381399631500244
2003-08-25,0.10505899786949158
2003-08-26,0.11381399631500244
2003-08-27,0.11381399631500244
2003-08-28,0.09630399942398071
2003-08-29,0.09630399942398071
2003-09-01,0.11381399631500244
2003-09-02,0.11381399631500244
2003-09-03,0.1225690022110939
2003-09-04,0.1225690022110939
2003-09-05,0.1225690022110939
2003-09-08,0.10505899786949158
2003-09-09,0.11381399631500244
2003-09-10,0.10505899786949158
2003-09-11,0.11381399631500244
2003-09-12,0.11381399631500244
2003-09-15,0.11381399631500244
2003-09-16,0.11381399631500244
2003-09-17,0.11381399631500244
2003-09-18,0.1225690022110939
2003-09-19,0.1225690022110939
2003-09-22,0.1225690022110939
2003-09-23,0.14007900655269623
2003-09-24,0.1225690022110939
2003-09-25,0.1225690022110939
2003-09-26,0.1488340049982071
2003-09-29,0.15758900344371796
2003-09-30,0.1488340049982071
2003-10-01,0.1488340049982071
2003-10-02,0.14007900655269623
2003-10-03,0.1488340049982071
2003-10-06,0.1488340049982071
2003-10-07,0.15758900344371796
2003-10-08,0.15758900344371796
2003-10-09,0.2013629972934723
2003-10-10,0.26264798641204834
2003-10-13,0.26264798641204834
2003-10-14,0.2451380044221878
2003-10-15,0.2451380044221878
2003-10-16,0.26264798641204834
2003-10-17,0.2538929879665375
2003-10-20,0.23638300597667694
2003-10-21,0.21011799573898315
2003-10-22,0.22762799263000488
2003-10-23,0.22762799263000488
2003-10-24,0.21011799573898315
2003-10-27,0.22762799263000488
2003-10-28,0.21011799573898315
2003-10-29,0.21887299418449402
2003-10-30,0.22762799263000488
2003-10-31,0.21011799573898315
2003-11-03,0.17509900033473969
2003-11-04,0.17509900033473969
2003-11-05,0.2013629972934723
2003-11-06,0.17509900033473969
2003-11-07,0.2013629972934723
2003-11-10,0.17509900033473969
2003-11-11,0.17509900033473969
2003-11-12,0.17509900033473969
2003-11-13,0.16634400188922882
2003-11-14,0.16634400188922882
2003-11-17,0.15758900344371796
2003-11-18,0.15758900344371796
2003-11-19,0.15758900344371796
2003-11-20,0.13132399320602417
2003-11-21,0.1488340049982071
2003-11-24,0.14007900655269623
2003-11-25,0.1488340049982071
2003-11-26,0.18385399878025055
2003-11-27,0.21011799573898315
2003-11-28,0.21887299418449402
2003-12-01,0.2889130115509033
2003-12-02,0.28015801310539246
2003-12-03,0.2889130115509033
2003-12-04,0.28015801310539246
2003-12-05,0.2714030146598816
2003-12-08,0.26264798641204834
2003-12-09,0.2714030146598816
2003-12-10,0.2976680099964142
2003-12-11,0.2976680099964142
2003-12-12,0.2889130115509033
2003-12-15,0.2889130115509033
2003-12-16,0.26264798641204834
2003-12-17,0.26264798641204834
2003-12-18,0.30642300844192505
2003-12-19,0.35019800066947937
2003-12-22,0.35895299911499023
2003-12-23,0.3677079975605011
2003-12-24,0.35895299911499023
2003-12-25,0.35895299911499023
2003-12-26,0.35895299911499023
2003-12-29,0.42899200320243835
2003-12-30,0.4202370047569275
2003-12-31,0.4377470016479492
2004-01-01,0.4377470016479492
2004-01-02,0.4727669954299927
2004-01-05,0.4377470016479492
2004-01-06,0.4377470016479492
2004-01-07,0.4202370047569275
2004-01-08,0.42899200320243835
2004-01-09,0.35895299911499023
2004-01-12,0.40272700786590576
2004-01-13,0.3939720094203949
2004-01-14,0.40272700786590576
2004-01-15,0.4114820063114166
2004-01-16,0.40272700786590576
2004-01-19,0.4640119969844818
2004-01-20,0.4465020000934601
2004-01-21,0.45525699853897095
2004-01-22,0.5252969861030579
2004-01-23,0.5165420174598694
2004-01-26,0.5165420174598694
2004-01-27,0.5165420174598694
2004-01-28,0.5515620112419128
2004-01-29,0.5252969861030579
2004-01-30,0.6128460168838501
2004-02-02,0.682886004447937
2004-02-03,0.7791900038719177
2004-02-04,0.656620979309082
2004-02-05,0.682886004447937
2004-02-06,0.6916409730911255
2004-02-09,0.6478660106658936
2004-02-10,0.6128460168838501
2004-02-11,0.6741309762001038
2004-02-12,0.6741309762001038
2004-02-13,0.682886004447937
2004-02-16,0.6653760075569153
2004-02-17,0.6653760075569153
2004-02-18,0.6653760075569153
2004-02-19,0.7441700100898743
2004-02-20,0.7529249787330627
2004-02-23,0.7441700100898743
2004-02-24,0.7529249787330627
2004-02-25,0.7179059982299805
2004-02-26,0.761680006980896
2004-02-27,0.8317199945449829
2004-03-01,1.0068190097808838
2004-03-02,0.9192699790000916
2004-03-03,0.8754950165748596
2004-03-04,0.8579850196838379
2004-03-05,0.9192699790000916
2004-03-08,0.9630439877510071
2004-03-09,1.0505939722061157
2004-03-10,1.1819180250167847
2004-03-11,1.2256929874420166
2004-03-12,1.1381429433822632
2004-03-15,1.1819180250167847
2004-03-16,1.3570170402526855
2004-03-17,1.2694679498672485
2004-03-18,1.313241958618164
2004-03-19,1.2694679498672485
2004-03-22,1.2694679498672485
2004-03-23,1.1381429433822632
2004-03-24,1.1819180250167847
2004-03-25,1.2694679498672485
2004-03-26,1.2256929874420166
2004-03-29,1.1819180250167847
2004-03-30,1.1381429433822632
2004-03-31,1.1819180250167847
2004-04-01,1.2256929874420166
2004-04-02,1.2256929874420166
2004-04-05,1.1819180250167847
2004-04-06,1.2256929874420166
2004-04-07,1.1381429433822632
2004-04-08,1.1819180250167847
2004-04-09,1.1819180250167847
2004-04-12,1.1819180250167847
2004-04-13,1.0505939722061157
2004-04-14,0.9630439877510071
2004-04-15,0.9630439877510071
2004-04-16,1.0068190097808838
2004-04-19,1.0068190097808838
2004-04-20,1.0943690538406372
2004-04-21,1.0068190097808838
2004-04-22,1.0068190097808838
2004-04-23,0.9630439877510071
2004-04-26,0.9192699790000916
2004-04-27,0.8754950165748596
2004-04-28,0.9192699790000916
2004-04-29,0.8492299914360046
2004-04-30,0.7967000007629395
2004-05-03,0.7791900038719177
2004-05-04,0.761680006980896
2004-05-05,0.8054550290107727
2004-05-06,0.9630439877510071
2004-05-07,0.8754950165748596
2004-05-10,0.8754950165748596
2004-05-11,0.7967000007629395
2004-05-12,0.8142099976539612
2004-05-13,0.8754950165748596
2004-05-14,0.8754950165748596
2004-05-17,0.9630439877510071
2004-05-18,0.9630439877510071
2004-05-19,0.9630439877510071
2004-05-20,1.0505939722061157
2004-05-21,1.0068190097808838
2004-05-24,1.0505939722061157
2004-05-25,1.0068190097808838
2004-05-26,1.0068190097808838
2004-05-27,1.0068190097808838
2004-05-28,1.0068190097808838
2004-05-31,0.9630439877510071
2004-06-01,0.9630439877510071
2004-06-02,1.0068190097808838
2004-06-03,0.9630439877510071
2004-06-04,1.0505939722061157
2004-06-07,1.0068190097808838
2004-06-08,1.1381429433822632
2004-06-09,1.1819180250167847
2004-06-10,1.0505939722061157
2004-06-11,1.0943690538406372
2004-06-14,1.0943690538406372
2004-06-15,1.0943690538406372
2004-06-16,1.1381429433822632
2004-06-17,1.2256929874420166
2004-06-18,1.2256929874420166
2004-06-21,1.2694679498672485
2004-06-22,1.313241958618164
2004-06-23,1.2256929874420166
2004-06-24,1.2694679498672485
2004-06-25,1.2694679498672485
2004-06-28,1.2694679498672485
2004-06-29,1.2256929874420166
2004-06-30,1.1819180250167847
2004-07-01,1.1819180250167847
2004-07-02,1.1381429433822632
2004-07-05,1.1819180250167847
2004-07-06,1.1819180250167847
2004-07-07,1.2256929874420166
2004-07-08,1.2694679498672485
2004-07-09,1.2694679498672485
2004-07-12,1.313241958618164
2004-07-13,1.4007920026779175
2004-07-14,1.4007920026779175
2004-07-15,1.4007920026779175
2004-07-16,1.4007920026779175
2004-07-19,1.4445669651031494
2004-07-20,1.3570170402526855
2004-07-21,1.313241958618164
2004-07-22,1.313241958618164
2004-07-23,1.313241958618164
2004-07-26,1.313241958618164
2004-07-27,1.4007920026779175
2004-07-28,1.4007920026779175
2004-07-29,1.4007920026779175
2004-07-30,1.4007920026779175
2004-08-02,1.3570170402526855
2004-08-03,1.313241958618164
2004-08-04,1.2256929874420166
2004-08-05,1.3570170402526855
2004-08-06,1.488340973854065
2004-08-09,1.488340973854065
2004-08-10,1.4007920026779175
2004-08-11,1.4007920026779175
2004-08-12,1.4007920026779175
2004-08-13,1.313241958618164
2004-08-16,1.4007920026779175
2004-08-17,1.488340973854065
2004-08-18,1.4007920026779175
2004-08-19,1.5321160554885864
2004-08-20,1.7072149515151978
2004-08-23,1.7947649955749512
2004-08-24,1.6634399890899658
2004-08-25,1.6634399890899658
2004-08-26,1.7509900331497192
2004-08-27,1.7509900331497192
2004-08-30,1.5758910179138184
2004-08-31,1.6634399890899658
2004-09-01,1.838539958000183
2004-09-02,2.144963026046753
2004-09-03,2.9329090118408203
2004-09-06,2.670259952545166
2004-09-07,2.757810115814209
2004-09-08,3.283107042312622
2004-09-09,3.283107042312622
2004-09-10,3.1080079078674316
2004-09-13,2.9766829013824463
2004-09-14,2.801584005355835
2004-09-15,2.757810115814209
2004-09-16,2.9766829013824463
2004-09-17,3.5895299911499023
2004-09-20,3.633305072784424
2004-09-21,3.7208540439605713
2004-09-22,3.8521790504455566
2004-09-23,3.808403968811035
2004-09-24,3.808403968811035
2004-09-27,3.808403968811035
2004-09-28,4.7276740074157715
2004-09-29,5.077871799468994
2004-09-30,5.077871799468994
2004-10-01,5.077871799468994
2004-10-04,4.815223217010498
2004-10-05,4.902772903442383
2004-10-06,4.990322113037109
2004-10-07,4.7276740074157715
2004-10-08,4.202376842498779
2004-10-11,4.7276740074157715
2004-10-12,4.902772903442383
2004-10-13,4.55257511138916
2004-10-14,4.377476215362549
2004-10-15,5.077871799468994
2004-10-18,6.1284661293029785
2004-10-19,5.428070068359375
2004-10-20,5.603168964385986
2004-10-21,5.690719127655029
2004-10-22,5.603168964385986
2004-10-25,5.603168964385986
2004-10-26,5.428070068359375
2004-10-27,5.252971172332764
2004-10-28,5.603168964385986
2004-10-29,5.252971172332764
2004-11-01,5.252971172332764
2004-11-02,4.990322113037109
2004-11-03,4.6401238441467285
2004-11-04,5.077871799468994
2004-11-05,4.902772903442383
2004-11-08,4.902772903442383
2004-11-09,4.7276740074157715
2004-11-10,4.55257511138916
2004-11-11,4.7276740074157715
2004-11-12,4.902772903442383
2004-11-15,5.077871799468994
2004-11-16,4.815223217010498
2004-11-17,4.815223217010498
2004-11-18,5.077871799468994
2004-11-19,4.815223217010498
2004-11-22,4.815223217010498
2004-11-23,5.077871799468994
2004-11-24,4.815223217010498
2004-11-25,4.7276740074157715
2004-11-26,4.6401238441467285
2004-11-29,4.6401238441467285
2004-11-30,4.55257511138916
2004-12-01,4.377476215362549
2004-12-02,4.377476215362549
2004-12-03,4.333701133728027
2004-12-06,4.377476215362549
2004-12-07,4.377476215362549
2004-12-08,4.377476215362549
2004-12-09,4.158602237701416
2004-12-10,4.1148271560668945
2004-12-13,4.377476215362549
2004-12-14,4.377476215362549
2004-12-15,4.465024948120117
2004-12-16,4.377476215362549
2004-12-17,4.377476215362549
2004-12-20,4.377476215362549
2004-12-21,4.465024948120117
2004-12-22,4.289926052093506
2004-12-23,4.158602237701416
2004-12-24,4.246150970458984
2004-12-27,4.246150970458984
2004-12-28,4.246150970458984
2004-12-29,3.9835031032562256
2004-12-30,4.071052074432373
2004-12-31,4.1148271560668945
2005-01-04,4.158602237701416
2005-01-05,4.071052074432373
2005-01-06,4.158602237701416
2005-01-07,4.202376842498779
2005-01-10,4.902772903442383
2005-01-11,6.391115188598633
2005-01-12,5.690719127655029
2005-01-13,5.340520858764648
2005-01-14,5.690719127655029
2005-01-17,6.216015815734863
2005-01-18,6.391115188598633
2005-01-19,7.61680793762207
2005-01-20,7.00396203994751
2005-01-21,6.7413129806518555
2005-01-24,7.179060935974121
2005-01-25,7.179060935974121
2005-01-27,7.791906833648682
2005-01-28,7.354159832000732
2005-01-31,7.354159832000732
2005-02-01,7.529259204864502
2005-02-02,7.441709041595459
2005-02-03,7.441709041595459
2005-02-04,8.579853057861328
2005-02-07,8.842501640319824
2005-02-08,9.367798805236816
2005-02-09,9.455348014831543
2005-02-10,8.93005084991455
2005-02-11,8.754952430725098
2005-02-14,9.455348014831543
2005-02-15,9.893095970153809
2005-02-16,10.068195343017578
2005-02-17,9.893095970153809
2005-02-18,9.980645179748535
2005-02-21,10.330843925476074
2005-02-22,10.330843925476074
2005-02-23,9.630447387695312
2005-02-24,9.630447387695312
2005-02-25,9.717996597290039
2005-02-28,10.155743598937988
2005-03-01,10.155743598937988
2005-03-02,10.155743598937988
2005-03-03,9.893095970153809
2005-03-04,9.980645179748535
2005-03-07,10.155743598937988
2005-03-08,10.068195343017578
2005-03-09,10.4183931350708
2005-03-10,10.068195343017578
2005-03-11,9.805545806884766
2005-03-14,9.455348014831543
2005-03-15,9.805545806884766
2005-03-16,9.893095970153809
2005-03-17,9.717996597290039
2005-03-18,9.805545806884766
2005-03-21,10.505943298339844
2005-03-22,10.155743598937988
2005-03-23,9.717996597290039
2005-03-24,8.93005084991455
2005-03-29,8.579853057861328
2005-03-30,8.229655265808105
2005-03-31,8.142105102539062
2005-04-01,9.148924827575684
2005-04-04,9.23647403717041
2005-04-05,8.667403221130371
2005-04-06,8.142105102539062
2005-04-07,8.142105102539062
2005-04-08,8.054555892944336
2005-04-11,7.748133182525635
2005-04-12,7.266610145568848
2005-04-13,7.660583019256592
2005-04-14,7.704358100891113
2005-04-15,7.1352858543396
2005-04-18,6.872636795043945
2005-04-19,6.566214084625244
2005-04-20,7.529259204864502
2005-04-21,7.529259204864502
2005-04-22,8.229655265808105
2005-04-26,8.317204475402832
2005-04-27,8.404753684997559
2005-04-28,8.667403221130371
2005-04-29,8.667403221130371
2005-05-02,9.017601013183594
2005-05-03,9.41157341003418
2005-05-04,9.674221992492676
2005-05-05,9.41157341003418
2005-05-06,9.06137466430664
2005-05-09,10.287069320678711
2005-05-10,10.111969947814941
2005-05-11,9.280248641967773
2005-05-12,9.542898178100586
2005-05-13,8.97382640838623
2005-05-16,8.93005084991455
2005-05-17,9.148924827575684
2005-05-18,8.842501640319824
2005-05-19,8.93005084991455
2005-05-20,9.06137466430664
2005-05-23,8.842501640319824
2005-05-24,8.93005084991455
2005-05-25,8.754952430725098
2005-05-26,8.754952430725098
2005-05-27,8.667403221130371
2005-05-30,8.579853057861328
2005-05-31,8.754952430725098
2005-06-01,8.536078453063965
2005-06-02,8.404753684997559
2005-06-03,9.017601013183594
2005-06-06,9.630447387695312
2005-06-07,9.805545806884766
2005-06-08,9.499122619628906
2005-06-09,9.324024200439453
2005-06-10,9.761772155761719
2005-06-14,10.330843925476074
2005-06-15,10.068195343017578
2005-06-16,10.155743598937988
2005-06-17,9.849321365356445
2005-06-20,9.761772155761719
2005-06-21,9.805545806884766
2005-06-22,9.805545806884766
2005-06-23,9.805545806884766
2005-06-24,9.324024200439453
2005-06-27,9.936870574951172
2005-06-28,10.54971694946289
2005-06-29,10.505943298339844
2005-06-30,10.287069320678711
2005-07-01,10.287069320678711
2005-07-04,10.593491554260254
2005-07-05,11.468987464904785
2005-07-06,11.293888092041016
2005-07-07,10.943690299987793
2005-07-08,11.775410652160645
2005-07-11,11.556536674499512
2005-07-12,11.293888092041016
2005-07-13,11.075014114379883
2005-07-14,11.250114440917969
2005-07-15,12.169384002685547
2005-07-18,12.65090560913086
2005-07-19,12.256933212280273
2005-07-20,12.51958179473877
2005-07-21,12.782230377197266
2005-07-22,13.920373916625977
2005-07-25,15.233616828918457
2005-07-26,15.58381462097168
2005-07-27,14.795868873596191
2005-07-28,14.489445686340332
2005-07-29,14.839644432067871
2005-08-01,15.102293014526367
2005-08-02,14.708319664001465
2005-08-03,13.395076751708984
2005-08-04,12.869779586791992
2005-08-05,13.65772533416748
2005-08-08,14.314347267150879
2005-08-09,13.65772533416748
2005-08-10,14.00792407989502
2005-08-11,13.920373916625977
2005-08-12,13.83282470703125
2005-08-15,13.570176124572754
2005-08-16,13.263752937316895
2005-08-17,13.65772533416748
2005-08-18,13.395076751708984
2005-08-19,13.395076751708984
2005-08-22,13.83282470703125
2005-08-23,14.533221244812012
2005-08-24,14.358121871948242
2005-08-25,14.620770454406738
2005-08-26,15.277392387390137
2005-08-29,15.189842224121094
2005-08-30,15.49626636505127
2005-08-31,15.189842224121094
2005-09-01,16.72195816040039
2005-09-02,15.846464157104492
2005-09-05,16.327985763549805
2005-09-06,16.853282928466797
2005-09-07,16.72195816040039
2005-09-08,16.546859741210938
2005-09-09,16.45931053161621
2005-09-12,17.159706115722656
2005-09-13,17.159706115722656
2005-09-14,18.035202026367188
2005-09-15,18.122751235961914
2005-09-16,20.04884147644043
2005-09-19,19.435993194580078
2005-09-20,21.712282180786133
2005-09-21,20.574138641357422
2005-09-22,21.44963264465332
2005-09-23,21.974929809570312
2005-09-26,22.150028228759766
2005-09-27,21.274534225463867
2005-09-28,19.69864273071289
2005-09-29,19.873741149902344
2005-09-30,21.53718376159668
2005-10-03,20.66168785095215
2005-10-04,20.31148910522461
2005-10-05,20.66168785095215
2005-10-06,18.735597610473633
2005-10-07,19.085796356201172
2005-10-10,19.611093521118164
2005-10-11,18.91069793701172
2005-10-12,18.648048400878906
2005-10-13,17.94765281677246
2005-10-14,17.07215690612793
2005-10-17,17.860103607177734
2005-10-18,17.509904861450195
2005-10-19,16.021562576293945
2005-10-20,15.540040016174316
2005-10-21,16.109111785888672
2005-10-24,16.065336227416992
2005-10-25,16.634408950805664
2005-10-26,17.68500328063965
2005-10-27,17.509904861450195
2005-10-28,17.02838134765625
2005-10-31,17.334806442260742
2005-11-01,16.984607696533203
2005-11-02,17.247255325317383
2005-11-03,17.94765281677246
2005-11-04,19.435993194580078
2005-11-07,19.873741149902344
2005-11-08,19.69864273071289
2005-11-09,20.136390686035156
2005-11-10,18.998247146606445
2005-11-11,19.260894775390625
2005-11-14,19.523544311523438
2005-11-15,19.1733455657959
2005-11-16,17.94765281677246
2005-11-17,17.94765281677246
2005-11-18,17.94765281677246
2005-11-21,18.735597610473633
2005-11-22,18.91069793701172
2005-11-23,19.260894775390625
2005-11-24,18.735597610473633
2005-11-25,18.385400772094727
2005-11-28,18.297849655151367
2005-11-29,18.648048400878906
2005-11-30,18.56049919128418
2005-12-01,17.597454071044922
2005-12-02,17.860103607177734
2005-12-05,17.37858009338379
2005-12-06,16.678184509277344
2005-12-07,18.035202026367188
2005-12-08,17.247255325317383
2005-12-09,17.247255325317383
2005-12-12,16.76573371887207
2005-12-13,16.45931053161621
2005-12-14,16.021562576293945
2005-12-15,15.671364784240723
2005-12-16,15.49626636505127
2005-12-19,15.75891399383545
2005-12-20,16.327985763549805
2005-12-21,16.546859741210938
2005-12-22,17.509904861450195
2005-12-23,17.509904861450195
2005-12-28,18.035202026367188
2005-12-29,17.94765281677246
2005-12-30,17.291030883789062
2006-01-03,17.334806442260742
2006-01-04,19.085796356201172
2006-01-05,18.91069793701172
2006-01-06,18.122751235961914
2006-01-09,18.735597610473633
2006-01-10,19.1733455657959
2006-01-11,19.873741149902344
2006-01-12,20.04884147644043
2006-01-13,20.136390686035156
2006-01-16,21.624731063842773
2006-01-17,22.32512855529785
2006-01-18,20.223939895629883
2006-01-19,22.58777618408203
2006-01-20,22.93797492980957
2006-01-23,24.251218795776367
2006-01-24,24.601415634155273
2006-01-25,26.002208709716797
2006-01-27,25.03916358947754
2006-01-30,27.227901458740234
2006-01-31,29.941936492919922
2006-02-01,29.066442489624023
2006-02-02,27.40300178527832
2006-02-03,28.01584815979004
2006-02-06,27.6656494140625
2006-02-07,28.453594207763672
2006-02-08,27.140352249145508
2006-02-09,27.490549087524414
2006-02-10,26.702604293823242
2006-02-13,25.56446075439453
2006-02-14,25.03916358947754
2006-02-15,26.439956665039062
2006-02-16,26.089757919311523
2006-02-17,26.702604293823242
2006-02-20,27.578100204467773
2006-02-21,28.190946578979492
2006-02-22,27.753198623657227
2006-02-23,27.840749740600586
2006-02-24,28.453594207763672
2006-02-27,29.76683807373047
2006-02-28,31.51782989501953
2006-03-01,33.79411697387695
2006-03-02,34.582061767578125
2006-03-03,34.49451446533203
2006-03-06,33.00617218017578
2006-03-07,33.26881790161133
2006-03-08,33.6190185546875
2006-03-09,33.00617218017578
2006-03-10,32.04312515258789
2006-03-13,34.14431381225586
2006-03-14,33.969215393066406
2006-03-15,33.44391632080078
2006-03-16,33.53146743774414
2006-03-17,33.26881790161133
2006-03-20,35.72020721435547
2006-03-21,37.64629364013672
2006-03-22,37.64629364013672
2006-03-23,36.683250427246094
2006-03-24,39.659934997558594
2006-03-27,43.337013244628906
2006-03-28,42.72416687011719
2006-03-29,45.9635009765625
2006-03-30,44.124961853027344
2006-03-31,45.35065460205078
2006-04-03,47.10164260864258
2006-04-04,46.57634735107422
2006-04-05,42.549068450927734
2006-04-06,41.410926818847656
2006-04-07,43.24946594238281
2006-04-10,42.023773193359375
2006-04-11,43.16191482543945
2006-04-12,42.72416687011719
2006-04-13,41.76112365722656
2006-04-18,43.07436752319336
2006-04-19,45.08800506591797
2006-04-20,45.438201904296875
2006-04-21,44.73780822753906
2006-04-24,44.73780822753906
2006-04-26,44.124961853027344
2006-04-27,42.28641891479492
2006-04-28,39.74748229980469
2006-05-01,41.410926818847656
2006-05-02,41.58602523803711
2006-05-03,40.71052932739258
2006-05-04,39.572383880615234
2006-05-05,39.39728546142578
2006-05-08,40.535430908203125
2006-05-09,41.410926818847656
2006-05-10,42.89926528930664
2006-05-11,45.35065460205078
2006-05-12,44.47515869140625
2006-05-15,42.28641891479492
2006-05-16,42.28641891479492
2006-05-17,41.58602523803711
2006-05-18,39.39728546142578
2006-05-19,38.60934066772461
2006-05-22,32.39332580566406
2006-05-23,32.218223571777344
2006-05-24,34.75716018676758
2006-05-25,33.181270599365234
2006-05-26,36.070404052734375
2006-05-29,37.38364791870117
2006-05-30,39.659934997558594
2006-05-31,42.461517333984375
2006-06-01,40.88562774658203
2006-06-02,39.74748229980469
2006-06-05,39.39728546142578
2006-06-06,37.73384475708008
2006-06-07,37.558746337890625
2006-06-08,35.982852935791016
2006-06-09,35.194908142089844
2006-06-13,33.093719482421875
2006-06-14,31.605377197265625
2006-06-15,33.53146743774414
2006-06-16,35.80775451660156
2006-06-19,33.706565856933594
2006-06-20,32.83107376098633
2006-06-21,32.91862106323242
2006-06-22,35.01980972290039
2006-06-23,34.49451446533203
2006-06-26,34.49451446533203
2006-06-27,35.10736083984375
2006-06-28,34.23186492919922
2006-06-29,35.194908142089844
2006-06-30,35.982852935791016
2006-07-03,37.471195220947266
2006-07-04,38.52178955078125
2006-07-05,38.69689178466797
2006-07-06,40.09768295288086
2006-07-07,40.09768295288086
2006-07-10,40.09768295288086
2006-07-11,38.434242248535156
2006-07-12,40.79807662963867
2006-07-13,40.62297821044922
2006-07-14,37.64629364013672
2006-07-17,35.982852935791016
2006-07-18,35.89530563354492
2006-07-19,35.72020721435547
2006-07-20,36.42060089111328
2006-07-21,35.545108795166016
2006-07-24,34.93225860595703
2006-07-25,36.85834884643555
2006-07-26,37.82139587402344
2006-07-27,37.99649429321289
2006-07-28,37.20854949951172
2006-07-31,39.572383880615234
2006-08-01,41.148277282714844
2006-08-02,41.76112365722656
2006-08-03,42.72416687011719
2006-08-04,40.09768295288086
2006-08-07,40.18523025512695
2006-08-08,41.23582458496094
2006-08-09,39.572383880615234
2006-08-10,40.0101318359375
2006-08-11,39.922584533691406
2006-08-14,39.39728546142578
2006-08-15,37.99649429321289
2006-08-16,38.171592712402344
2006-08-17,40.71052932739258
2006-08-18,39.74748229980469
2006-08-21,40.27278137207031
2006-08-22,40.27278137207031
2006-08-23,40.18523025512695
2006-08-24,39.922584533691406
2006-08-25,39.659934997558594
2006-08-28,42.461517333984375
2006-08-29,42.461517333984375
2006-08-30,43.68721389770508
2006-08-31,46.401248931884766
2006-09-01,44.825355529785156
2006-09-04,45.26310348510742
2006-09-05,44.56270980834961
2006-09-06,45.08800506591797
2006-09-07,44.56270980834961
2006-09-08,43.16191482543945
2006-09-11,42.19887161254883
2006-09-12,38.52178955078125
2006-09-13,39.572383880615234
2006-09-14,40.88562774658203
2006-09-15,40.0101318359375
2006-09-18,41.060726165771484
2006-09-19,39.83503341674805
2006-09-20,37.73384475708008
2006-09-21,36.945899963378906
2006-09-22,36.33305358886719
2006-09-25,38.434242248535156
2006-09-26,38.2591438293457
2006-09-27,42.636619567871094
2006-09-28,41.49847412109375
2006-09-29,41.58602523803711
2006-10-02,42.37397003173828
2006-10-03,43.16191482543945
2006-10-04,42.37397003173828
2006-10-05,42.89926528930664
2006-10-06,42.37397003173828
2006-10-09,44.3000602722168
2006-10-10,45.525753021240234
2006-10-11,44.6502571105957
2006-10-12,44.21250915527344
2006-10-13,45.08800506591797
2006-10-16,45.08800506591797
2006-10-17,45.438201904296875
2006-10-18,45.000457763671875
2006-10-19,43.424564361572266
2006-10-20,43.07436752319336
2006-10-23,42.81171798706055
2006-10-24,47.97713851928711
2006-10-25,51.916866302490234
2006-10-26,50.6911735534668
2006-10-27,47.802040100097656
2006-10-30,49.55303192138672
2006-10-31,50.516075134277344
2006-11-01,50.778724670410156
2006-11-02,50.07832717895508
2006-11-03,51.65422058105469
2006-11-06,56.03169631958008
2006-11-07,59.09592819213867
2006-11-08,56.469444274902344
2006-11-09,56.55699157714844
2006-11-10,58.04533386230469
2006-11-13,55.769046783447266
2006-11-14,54.63090133666992
2006-11-15,50.95382308959961
2006-11-16,51.304019927978516
2006-11-17,52.792362213134766
2006-11-20,53.492759704589844
2006-11-21,56.03169631958008
2006-11-22,58.13288497924805
2006-11-23,58.745731353759766
2006-11-24,60.49672317504883
2006-11-27,62.335262298583984
2006-11-28,61.372215270996094
2006-11-29,63.91115188598633
2006-11-30,61.722415924072266
2006-12-01,59.9714241027832
2006-12-04,61.634864807128906
2006-12-05,62.77301025390625
2006-12-06,64.6115493774414
2006-12-07,65.22439575195312
2006-12-08,61.45976638793945
2006-12-11,63.123207092285156
2006-12-12,59.53367614746094
2006-12-13,61.634864807128906
2006-12-14,63.210758209228516
2006-12-15,63.823604583740234
2006-12-18,67.41313171386719
2006-12-19,67.5882339477539
2006-12-20,69.60187530517578
2006-12-21,69.77696990966797
2006-12-22,69.68942260742188
2006-12-27,72.31591033935547
2006-12-28,77.91907501220703
2006-12-29,77.91907501220703
2007-01-02,76.43073272705078
2007-01-03,75.81788635253906
2007-01-04,70.91511535644531
2007-01-05,71.52796173095703
2007-01-08,71.35285949707031
2007-01-09,73.10385131835938
2007-01-10,70.03961944580078
2007-01-11,70.3022689819336
2007-01-12,74.50464630126953
2007-01-15,75.29258728027344
2007-01-16,78.18172454833984
2007-01-17,75.81788635253906
2007-01-18,75.20503997802734
2007-01-19,71.35285949707031
2007-01-22,72.84120178222656
2007-01-23,75.38014221191406
2007-01-24,78.35682678222656
2007-01-25,77.56887817382812
2007-01-29,76.16808319091797
2007-01-30,75.55523681640625
2007-01-31,75.90544128417969
2007-02-01,78.09417724609375
2007-02-02,78.61947631835938
2007-02-05,77.65642547607422
2007-02-06,79.9327163696289
2007-02-07,81.85880279541016
2007-02-08,83.43470001220703
2007-02-09,85.09813690185547
2007-02-12,86.41138458251953
2007-02-13,90.26355743408203
2007-02-14,87.54952239990234
2007-02-15,87.54952239990234
2007-02-16,86.67402648925781
2007-02-19,89.91336059570312
2007-02-20,92.97759246826172
2007-02-21,92.80249786376953
2007-02-22,90.61375427246094
2007-02-23,91.40170288085938
2007-02-26,90.17601013183594
2007-02-27,87.63707733154297
2007-02-28,79.6700668334961
2007-03-01,78.44437408447266
2007-03-02,77.65642547607422
2007-03-05,66.01234436035156
2007-03-06,71.70306396484375
2007-03-07,77.48133087158203
2007-03-08,76.86848449707031
2007-03-09,76.08053588867188
2007-03-12,77.13113403320312
2007-03-13,78.70702362060547
2007-03-14,78.70702362060547
2007-03-15,79.31986999511719
2007-03-16,79.6700668334961
2007-03-19,79.6700668334961
2007-03-20,80.54556274414062
2007-03-21,79.14476776123047
2007-03-22,80.63311004638672
2007-03-23,80.3704605102539
2007-03-26,82.03390502929688
2007-03-27,84.48529052734375
2007-03-28,83.3471450805664
2007-03-29,84.74794006347656
2007-03-30,85.18568420410156
2007-04-02,83.52224731445312
2007-04-03,85.79853057861328
2007-04-04,87.02423095703125
2007-04-05,88.6001205444336
2007-04-10,93.67799377441406
2007-04-11,90.87640380859375
2007-04-12,87.54952239990234
2007-04-13,87.81217193603516
2007-04-16,91.05150604248047
2007-04-17,86.0611801147461
2007-04-18,83.25959777832031
2007-04-19,80.54556274414062
2007-04-20,83.0844955444336
2007-04-23,85.09813690185547
2007-04-24,83.95999145507812
2007-04-26,87.54952239990234
2007-04-27,84.48529052734375
2007-04-30,84.04754638671875
2007-05-01,81.07086181640625
2007-05-02,80.45801544189453
2007-05-03,82.2090072631836
2007-05-04,83.43470001220703
2007-05-07,84.39774322509766
2007-05-08,83.60979461669922
2007-05-09,82.82185363769531
2007-05-10,81.42105865478516
2007-05-11,79.31986999511719
2007-05-14,80.10781860351562
2007-05-15,75.46768951416016
2007-05-16,78.18172454833984
2007-05-17,77.0435791015625
2007-05-18,73.9793472290039
2007-05-21,76.6933822631836
2007-05-22,80.98331451416016
2007-05-23,81.77125549316406
2007-05-24,77.56887817382812
2007-05-25,76.6058349609375
2007-05-28,77.13113403320312
2007-05-29,77.91907501220703
2007-05-30,76.08053588867188
2007-05-31,76.6058349609375
2007-06-01,75.29258728027344
2007-06-04,78.26927185058594
2007-06-05,78.70702362060547
2007-06-06,79.2323226928711
2007-06-07,77.0435791015625
2007-06-08,74.41709899902344
2007-06-12,74.67974853515625
2007-06-13,70.91511535644531
2007-06-14,71.61550903320312
2007-06-15,72.66610717773438
2007-06-18,74.15444946289062
2007-06-19,77.13113403320312
2007-06-20,80.19536590576172
2007-06-21,79.6700668334961
2007-06-22,79.05722045898438
2007-06-25,78.09417724609375
2007-06-26,74.85484313964844
2007-06-27,70.82756805419922
2007-06-28,73.01630401611328
2007-06-29,72.31591033935547
2007-07-02,71.35285949707031
2007-07-03,72.22835540771484
2007-07-04,69.95207214355469
2007-07-05,71.09021759033203
2007-07-06,68.11353302001953
2007-07-09,70.7400131225586
2007-07-10,69.60187530517578
2007-07-11,68.46372985839844
2007-07-12,73.36650085449219
2007-07-13,74.94239044189453
2007-07-16,72.49100494384766
2007-07-17,74.59219360351562
2007-07-18,71.87815856933594
2007-07-19,74.15444946289062
2007-07-20,75.02994537353516
2007-07-23,74.85484313964844
2007-07-24,72.14080810546875
2007-07-25,70.12716674804688
2007-07-26,68.98902893066406
2007-07-27,65.66214752197266
2007-07-30,65.0492935180664
2007-07-31,62.860557556152344
2007-08-01,57.257389068603516
2007-08-02,57.782684326171875
2007-08-03,56.90719223022461
2007-08-06,53.05501174926758
2007-08-07,52.17951583862305
2007-08-08,54.54335403442383
2007-08-09,56.90719223022461
2007-08-10,53.31766128540039
2007-08-13,53.492759704589844
2007-08-14,51.65422058105469
2007-08-15,48.32733917236328
2007-08-16,49.290382385253906
2007-08-17,48.15223693847656
2007-08-20,53.405208587646484
2007-08-21,52.17951583862305
2007-08-22,53.14256286621094
2007-08-23,56.81964111328125
2007-08-24,53.93050765991211
2007-08-27,56.55699157714844
2007-08-28,55.41884994506836
2007-08-29,53.492759704589844
2007-08-30,53.84295654296875
2007-08-31,53.05501174926758
2007-09-03,55.41884994506836
2007-09-04,52.44216537475586
2007-09-05,52.17951583862305
2007-09-06,50.778724670410156
2007-09-07,52.09196853637695
2007-09-10,51.65422058105469
2007-09-11,50.866275787353516
2007-09-12,52.52971649169922
2007-09-13,53.405208587646484
2007-09-14,54.893550872802734
2007-09-17,58.658180236816406
2007-09-18,60.05897521972656
2007-09-19,63.56095504760742
2007-09-20,63.56095504760742
2007-09-21,61.722415924072266
2007-09-24,64.2613525390625
2007-09-25,61.89751434326172
2007-09-26,62.77301025390625
2007-09-27,66.36254119873047
2007-09-28,67.7633285522461
2007-10-01,66.27498626708984
2007-10-02,64.52400207519531
2007-10-03,63.99870300292969
2007-10-04,59.53367614746094
2007-10-05,59.70877456665039
2007-10-08,59.88387680053711
2007-10-09,58.745731353759766
2007-10-10,61.54731750488281
2007-10-11,60.58427047729492
2007-10-12,59.271026611328125
2007-10-15,64.43644714355469
2007-10-16,64.43644714355469
2007-10-17,65.31194305419922
2007-10-18,66.45008850097656
2007-10-19,66.09989166259766
2007-10-22,63.210758209228516
2007-10-23,64.3488998413086
2007-10-24,67.06293487548828
2007-10-25,66.8878402709961
2007-10-26,68.63882446289062
2007-10-29,68.98902893066406
2007-10-30,67.67578125
2007-10-31,71.70306396484375
2007-11-01,78.09417724609375
2007-11-02,74.85484313964844
2007-11-05,74.06689453125
2007-11-06,75.29258728027344
2007-11-07,79.40741729736328
2007-11-08,73.5416030883789
2007-11-09,76.86848449707031
2007-11-12,72.49100494384766
2007-11-13,69.77696990966797
2007-11-14,69.07657623291016
2007-11-15,66.53763580322266
2007-11-16,62.77301025390625
2007-11-19,65.31194305419922
2007-11-20,61.98506546020508
2007-11-21,59.09592819213867
2007-11-22,57.782684326171875
2007-11-23,56.381893157958984
2007-11-26,61.634864807128906
2007-11-27,59.53367614746094
2007-11-28,56.9947395324707
2007-11-29,59.271026611328125
2007-11-30,59.53367614746094
2007-12-03,58.3079833984375
2007-12-04,59.88387680053711
2007-12-05,59.09592819213867
2007-12-06,62.07261276245117
2007-12-07,64.3488998413086
2007-12-10,63.38585662841797
2007-12-11,63.56095504760742
2007-12-12,62.5979118347168
2007-12-13,61.02201843261719
2007-12-14,58.39553451538086
2007-12-17,53.93050765991211
2007-12-18,53.84295654296875
2007-12-19,52.96746063232422
2007-12-20,53.5803108215332
2007-12-21,53.05501174926758
2007-12-24,56.381893157958984
2007-12-27,56.9947395324707
2007-12-28,58.57063293457031
2007-12-31,59.446128845214844
2008-01-02,58.658180236816406
2008-01-03,59.9714241027832
2008-01-04,61.45976638793945
2008-01-07,59.09592819213867
2008-01-08,59.18347930908203
2008-01-09,57.69513702392578
2008-01-10,56.381893157958984
2008-01-11,52.61726379394531
2008-01-14,52.09196853637695
2008-01-15,55.856597900390625
2008-01-16,52.879913330078125
2008-01-17,51.12892150878906
2008-01-18,47.18919372558594
2008-01-21,43.512115478515625
2008-01-22,34.49451446533203
2008-01-23,40.71052932739258
2008-01-24,42.98681640625
2008-01-25,44.38760757446289
2008-01-29,42.28641891479492
2008-01-30,39.572383880615234
2008-01-31,38.78443908691406
2008-02-01,41.410926818847656
2008-02-04,44.73780822753906
2008-02-05,45.08800506591797
2008-02-06,42.023773193359375
2008-02-07,42.89926528930664
2008-02-08,42.89926528930664
2008-02-11,41.23582458496094
2008-02-12,43.77476119995117
2008-02-13,46.401248931884766
2008-02-14,52.52971649169922
2008-02-15,52.09196853637695
2008-02-18,50.866275787353516
2008-02-19,51.916866302490234
2008-02-20,49.903228759765625
2008-02-21,48.940185546875
2008-02-22,51.65422058105469
2008-02-25,50.42852783203125
2008-02-26,50.6036262512207
2008-02-27,51.304019927978516
2008-02-28,50.6911735534668
2008-02-29,54.71845245361328
2008-03-03,52.267066955566406
2008-03-04,53.5803108215332
2008-03-05,53.405208587646484
2008-03-06,55.50639724731445
2008-03-07,53.23011016845703
2008-03-10,50.07832717895508
2008-03-11,47.10164260864258
2008-03-12,50.07832717895508
2008-03-13,51.04137420654297
2008-03-14,51.21647262573242
2008-03-17,46.66389846801758
2008-03-18,46.401248931884766
2008-03-19,48.23978805541992
2008-03-20,44.3000602722168
2008-03-25,45.438201904296875
2008-03-26,45.9635009765625
2008-03-27,46.13859939575195
2008-03-28,45.70085144042969
2008-03-31,44.56270980834961
2008-04-01,42.98681640625
2008-04-02,42.636619567871094
2008-04-03,42.28641891479492
2008-04-04,43.59966278076172
2008-04-07,45.08800506591797
2008-04-08,43.512115478515625
2008-04-09,43.07436752319336
2008-04-10,42.28641891479492
2008-04-11,40.27278137207031
2008-04-14,37.64629364013672
2008-04-15,39.30973434448242
2008-04-16,39.659934997558594
2008-04-17,41.410926818847656
2008-04-18,40.62297821044922
2008-04-21,41.936222076416016
2008-04-22,39.48483657836914
2008-04-23,39.30973434448242
2008-04-24,37.64629364013672
2008-04-28,38.171592712402344
2008-04-29,36.24550247192383
2008-04-30,37.20854949951172
2008-05-01,38.2591438293457
2008-05-02,37.99649429321289
2008-05-05,39.48483657836914
2008-05-06,39.047088623046875
2008-05-07,41.23582458496094
2008-05-08,42.89926528930664
2008-05-09,46.83899688720703
2008-05-12,44.56270980834961
2008-05-13,44.21250915527344
2008-05-14,43.949859619140625
2008-05-15,46.401248931884766
2008-05-16,47.2767448425293
2008-05-19,51.916866302490234
2008-05-20,51.916866302490234
2008-05-21,51.391571044921875
2008-05-22,50.6036262512207
2008-05-23,51.391571044921875
2008-05-26,52.52971649169922
2008-05-27,54.10560607910156
2008-05-28,51.304019927978516
2008-05-29,53.405208587646484
2008-05-30,51.12892150878906
2008-06-02,50.16587829589844
2008-06-03,50.16587829589844
2008-06-04,49.11528396606445
2008-06-05,46.83899688720703
2008-06-06,47.2767448425293
2008-06-10,47.014095306396484
2008-06-11,45.9635009765625
2008-06-12,47.2767448425293
2008-06-13,47.2767448425293
2008-06-16,46.83899688720703
2008-06-17,44.912906646728516
2008-06-18,46.48879623413086
2008-06-19,48.76508331298828
2008-06-20,47.97713851928711
2008-06-23,47.539390563964844
2008-06-24,51.74176788330078
2008-06-25,52.17951583862305
2008-06-26,52.879913330078125
2008-06-27,56.469444274902344
2008-06-30,56.11924362182617
2008-07-01,57.16984176635742
2008-07-02,58.39553451538086
2008-07-03,56.90719223022461
2008-07-04,56.9947395324707
2008-07-07,57.52003860473633
2008-07-08,56.90719223022461
2008-07-09,55.59394836425781
2008-07-10,56.20679473876953
2008-07-11,55.50639724731445
2008-07-14,55.769046783447266
2008-07-15,56.55699157714844
2008-07-16,55.59394836425781
2008-07-17,50.866275787353516
2008-07-18,47.014095306396484
2008-07-21,45.9635009765625
2008-07-22,48.502437591552734
2008-07-23,48.85263442993164
2008-07-24,46.13859939575195
2008-07-25,45.87594985961914
2008-07-28,46.13859939575195
2008-07-29,46.401248931884766
2008-07-30,46.22615051269531
2008-07-31,47.71449279785156
2008-08-01,47.539390563964844
2008-08-04,45.9635009765625
2008-08-05,42.28641891479492
2008-08-06,41.58602523803711
2008-08-07,42.19887161254883
2008-08-08,43.24946594238281
2008-08-11,41.58602523803711
2008-08-12,40.36033248901367
2008-08-13,43.512115478515625
2008-08-14,46.83899688720703
2008-08-15,46.313697814941406
2008-08-18,47.10164260864258
2008-08-19,44.912906646728516
2008-08-20,45.35065460205078
2008-08-21,45.9635009765625
2008-08-22,48.32733917236328
2008-08-25,49.027732849121094
2008-08-26,47.97713851928711
2008-08-27,46.57634735107422
2008-08-28,49.903228759765625
2008-08-29,51.04137420654297
2008-09-01,50.778724670410156
2008-09-02,50.34097671508789
2008-09-03,48.15223693847656
2008-09-04,45.26310348510742
2008-09-05,43.949859619140625
2008-09-08,47.71449279785156
2008-09-09,44.56270980834961
2008-09-10,41.148277282714844
2008-09-11,40.97317886352539
2008-09-12,41.3233757019043
2008-09-15,41.148277282714844
2008-09-16,37.471195220947266
2008-09-17,36.85834884643555
2008-09-18,32.83107376098633
2008-09-19,36.33305358886719
2008-09-22,38.52178955078125
2008-09-23,37.99649429321289
2008-09-24,40.447879791259766
2008-09-25,38.3466911315918
2008-09-26,37.558746337890625
2008-09-29,36.33305358886719
2008-09-30,34.14431381225586
2008-10-01,35.457557678222656
2008-10-02,33.181270599365234
2008-10-03,33.35636901855469
2008-10-06,30.99253273010254
2008-10-07,28.716243743896484
2008-10-08,23.638370513916016
2008-10-09,22.062480926513672
2008-10-10,17.94765281677246
2008-10-13,19.348445892333984
2008-10-14,22.762876510620117
2008-10-15,19.348445892333984
2008-10-16,16.897058486938477
2008-10-17,15.671364784240723
2008-10-20,16.897058486938477
2008-10-21,19.523544311523438
2008-10-22,19.1733455657959
2008-10-23,16.897058486938477
2008-10-24,17.509904861450195
2008-10-27,17.247255325317383
2008-10-28,17.509904861450195
2008-10-29,18.035202026367188
2008-10-30,20.136390686035156
2008-10-31,19.873741149902344
2008-11-03,22.762876510620117
2008-11-04,21.624731063842773
2008-11-05,24.251218795776367
2008-11-06,21.274534225463867
2008-11-07,21.44963264465332
2008-11-10,22.150028228759766
2008-11-11,22.762876510620117
2008-11-12,22.237579345703125
2008-11-13,18.735597610473633
2008-11-14,20.136390686035156
2008-11-17,21.099435806274414
2008-11-18,20.749237060546875
2008-11-19,19.348445892333984
2008-11-20,16.19666290283203
2008-11-21,16.371761322021484
2008-11-24,17.509904861450195
2008-11-25,17.597454071044922
2008-11-26,16.809507369995117
2008-11-27,19.69864273071289
2008-11-28,20.749237060546875
2008-12-01,21.887380599975586
2008-12-02,19.1733455657959
2008-12-03,19.611093521118164
2008-12-04,20.31148910522461
2008-12-05,20.31148910522461
2008-12-08,20.8367862701416
2008-12-09,21.099435806274414
2008-12-10,21.44963264465332
2008-12-11,23.988569259643555
2008-12-12,22.58777618408203
2008-12-15,24.776514053344727
2008-12-16,23.113073348999023
2008-12-17,22.850425720214844
2008-12-18,22.32512855529785
2008-12-19,20.924335479736328
2008-12-22,20.136390686035156
2008-12-23,20.924335479736328
2008-12-24,20.924335479736328
2008-12-29,19.873741149902344
2008-12-30,21.712282180786133
2008-12-31,21.712282180786133
2009-01-02,22.062480926513672
2009-01-05,23.200624465942383
2009-01-06,26.264856338500977
2009-01-07,28.27849578857422
2009-01-08,26.089757919311523
2009-01-09,25.91465950012207
2009-01-12,24.864065170288086
2009-01-13,24.864065170288086
2009-01-14,26.352407455444336
2009-01-15,24.513866424560547
2009-01-16,25.476911544799805
2009-01-19,27.140352249145508
2009-01-20,25.652009963989258
2009-01-21,26.002208709716797
2009-01-22,26.702604293823242
2009-01-23,26.264856338500977
2009-01-27,25.91465950012207
2009-01-28,27.05280303955078
2009-01-29,26.702604293823242
2009-01-30,27.140352249145508
2009-02-02,26.089757919311523
2009-02-03,25.03916358947754
2009-02-04,25.03916358947754
2009-02-05,25.476911544799805
2009-02-06,26.52750587463379
2009-02-09,27.31545066833496
2009-02-10,28.01584815979004
2009-02-11,28.891342163085938
2009-02-12,28.27849578857422
2009-02-13,26.439956665039062
2009-02-16,28.01584815979004
2009-02-17,27.578100204467773
2009-02-18,25.827110290527344
2009-02-19,27.6656494140625
2009-02-20,26.615055084228516
2009-02-23,25.214263916015625
2009-02-24,24.07611846923828
2009-02-25,23.988569259643555
2009-02-26,24.07611846923828
2009-02-27,26.264856338500977
2009-03-02,25.126712799072266
2009-03-03,23.988569259643555
2009-03-04,23.8134708404541
2009-03-05,24.338768005371094
2009-03-06,24.776514053344727
2009-03-09,24.776514053344727
2009-03-10,25.476911544799805
2009-03-11,25.652009963989258
2009-03-12,25.214263916015625
2009-03-13,27.490549087524414
2009-03-16,27.6656494140625
2009-03-17,30.467233657836914
2009-03-18,28.716243743896484
2009-03-19,30.642332077026367
2009-03-20,29.241540908813477
2009-03-23,30.379684448242188
2009-03-24,29.41663932800293
2009-03-25,30.02948760986328
2009-03-26,31.342729568481445
2009-03-27,31.25518035888672
2009-03-30,30.642332077026367
2009-03-31,29.76683807373047
2009-04-01,30.29213523864746
2009-04-02,31.605377197265625
2009-04-03,32.568424224853516
2009-04-06,33.6190185546875
2009-04-07,33.181270599365234
2009-04-08,31.342729568481445
2009-04-09,31.692928314208984
2009-04-14,30.99253273010254
2009-04-15,30.554784774780273
2009-04-16,32.3057746887207
2009-04-17,32.568424224853516
2009-04-20,35.89530563354492
2009-04-21,34.14431381225586
2009-04-22,35.457557678222656
2009-04-23,38.434242248535156
2009-04-24,35.2824592590332
2009-04-27,36.50815200805664
2009-04-28,38.084041595458984
2009-04-29,40.88562774658203
2009-04-30,40.36033248901367
2009-05-01,37.12099838256836
2009-05-04,39.74748229980469
2009-05-05,40.0101318359375
2009-05-06,38.959537506103516
2009-05-07,39.39728546142578
2009-05-08,40.0101318359375
2009-05-11,40.0101318359375
2009-05-12,41.148277282714844
2009-05-13,41.6735725402832
2009-05-14,39.74748229980469
2009-05-15,41.410926818847656
2009-05-18,40.535430908203125
2009-05-19,42.636619567871094
2009-05-20,42.98681640625
2009-05-21,43.59966278076172
2009-05-22,43.424564361572266
2009-05-25,43.337013244628906
2009-05-26,45.17555618286133
2009-05-27,45.000457763671875
2009-05-28,44.124961853027344
2009-05-29,43.949859619140625
2009-06-01,45.9635009765625
2009-06-02,47.539390563964844
2009-06-03,47.889591217041016
2009-06-04,44.825355529785156
2009-06-05,45.87594985961914
2009-06-09,43.77476119995117
2009-06-10,44.124961853027344
2009-06-11,45.35065460205078
2009-06-12,46.48879623413086
2009-06-15,45.525753021240234
2009-06-16,42.461517333984375
2009-06-17,43.68721389770508
2009-06-18,39.74748229980469
2009-06-19,37.99649429321289
2009-06-22,41.148277282714844
2009-06-23,38.084041595458984
2009-06-24,38.60934066772461
2009-06-25,41.148277282714844
2009-06-26,42.28641891479492
2009-06-29,41.58602523803711
2009-06-30,43.16191482543945
2009-07-01,44.124961853027344
2009-07-02,43.337013244628906
2009-07-03,41.410926818847656
2009-07-06,40.36033248901367
2009-07-07,38.434242248535156
2009-07-08,38.3466911315918
2009-07-09,38.959537506103516
2009-07-10,38.52178955078125
2009-07-13,37.99649429321289
2009-07-14,39.30973434448242
2009-07-15,40.18523025512695
2009-07-16,41.76112365722656
2009-07-17,41.76112365722656
2009-07-20,43.424564361572266
2009-07-21,43.424564361572266
2009-07-22,42.549068450927734
2009-07-23,42.549068450927734
2009-07-24,43.59966278076172
2009-07-27,43.59966278076172
2009-07-28,43.24946594238281
2009-07-29,41.936222076416016
2009-07-30,40.71052932739258
2009-07-31,39.922584533691406
2009-08-03,40.447879791259766
2009-08-04,41.84867477416992
2009-08-05,40.79807662963867
2009-08-06,39.922584533691406
2009-08-07,40.09768295288086
2009-08-10,39.922584533691406
2009-08-11,38.87199020385742
2009-08-12,38.434242248535156
2009-08-13,39.74748229980469
2009-08-14,40.27278137207031
2009-08-17,39.48483657836914
2009-08-18,38.959537506103516
2009-08-19,39.48483657836914
2009-08-20,38.78443908691406
2009-08-21,38.87199020385742
2009-08-24,40.79807662963867
2009-08-25,40.535430908203125
2009-08-26,40.27278137207031
2009-08-27,39.22218704223633
2009-08-28,40.0101318359375
2009-08-31,40.27278137207031
2009-09-01,42.461517333984375
2009-09-02,39.83503341674805
2009-09-03,39.48483657836914
2009-09-04,38.959537506103516
2009-09-07,40.36033248901367
2009-09-08,42.89926528930664
2009-09-09,42.89926528930664
2009-09-10,41.58602523803711
2009-09-11,40.0101318359375
2009-09-14,39.047088623046875
2009-09-15,39.22218704223633
2009-09-16,39.30973434448242
2009-09-17,40.71052932739258
2009-09-18,41.060726165771484
2009-09-21,40.535430908203125
2009-09-22,39.922584533691406
2009-09-23,40.62297821044922
2009-09-24,40.09768295288086
2009-09-25,39.30973434448242
2009-09-28,39.047088623046875
2009-09-29,39.047088623046875
2009-09-30,39.39728546142578
2009-10-01,39.48483657836914
2009-10-02,37.99649429321289
2009-10-05,37.12099838256836
2009-10-06,37.12099838256836
2009-10-07,39.22218704223633
2009-10-08,41.148277282714844
2009-10-09,41.936222076416016
2009-10-12,40.88562774658203
2009-10-13,41.6735725402832
2009-10-14,42.19887161254883
2009-10-15,42.11132049560547
2009-10-16,42.11132049560547
2009-10-19,42.023773193359375
2009-10-20,42.023773193359375
2009-10-21,44.3000602722168
2009-10-22,42.89926528930664
2009-10-23,42.19887161254883
2009-10-26,41.76112365722656
2009-10-27,40.18523025512695
2009-10-28,39.39728546142578
2009-10-29,37.471195220947266
2009-10-30,36.42060089111328
2009-11-02,34.93225860595703
2009-11-03,35.63265609741211
2009-11-04,36.157955169677734
2009-11-05,35.80775451660156
2009-11-06,35.982852935791016
2009-11-09,36.683250427246094
2009-11-10,37.38364791870117
2009-11-11,37.12099838256836
2009-11-12,37.033447265625
2009-11-13,36.070404052734375
2009-11-16,37.64629364013672
2009-11-17,38.69689178466797
2009-11-18,38.52178955078125
2009-11-19,37.033447265625
2009-11-20,36.945899963378906
2009-11-23,36.683250427246094
2009-11-24,36.24550247192383
2009-11-25,36.33305358886719
2009-11-26,35.982852935791016
2009-11-27,34.93225860595703
2009-11-30,36.070404052734375
2009-12-01,36.070404052734375
2009-12-02,36.77080154418945
2009-12-03,36.595699310302734
2009-12-04,36.595699310302734
2009-12-07,35.63265609741211
2009-12-08,35.63265609741211
2009-12-09,35.457557678222656
2009-12-10,34.84471130371094
2009-12-11,33.79411697387695
2009-12-14,33.26881790161133
2009-12-15,35.194908142089844
2009-12-16,34.84471130371094
2009-12-17,35.89530563354492
2009-12-18,35.63265609741211
2009-12-21,35.3700065612793
2009-12-22,35.10736083984375
2009-12-23,35.2824592590332
2009-12-24,35.2824592590332
2009-12-29,35.89530563354492
2009-12-30,36.595699310302734
2009-12-31,36.595699310302734
2010-01-04,37.38364791870117
2010-01-05,39.047088623046875
2010-01-06,37.90894317626953
2010-01-07,37.82139587402344
2010-01-08,38.3466911315918
2010-01-11,38.60934066772461
2010-01-12,37.20854949951172
2010-01-13,36.595699310302734
2010-01-14,36.683250427246094
2010-01-15,36.070404052734375
2010-01-18,35.63265609741211
2010-01-19,35.545108795166016
2010-01-20,35.63265609741211
2010-01-21,34.75716018676758
2010-01-22,34.40696334838867
2010-01-25,33.969215393066406
2010-01-27,32.480873107910156
2010-01-28,32.568424224853516
2010-01-29,31.868026733398438
2010-02-01,32.04312515258789
2010-02-02,33.093719482421875
2010-02-03,33.181270599365234
2010-02-04,33.00617218017578
2010-02-05,30.817432403564453
2010-02-08,30.90498161315918
2010-02-09,30.554784774780273
2010-02-10,30.729883193969727
2010-02-11,31.692928314208984
2010-02-12,30.99253273010254
2010-02-15,30.817432403564453
2010-02-16,30.29213523864746
2010-02-17,32.13067626953125
2010-02-18,32.83107376098633
2010-02-19,33.6190185546875
2010-02-22,34.31941223144531
2010-02-23,34.49451446533203
2010-02-24,32.480873107910156
2010-02-25,31.692928314208984
2010-02-26,31.605377197265625
2010-03-01,32.3057746887207
2010-03-02,32.568424224853516
2010-03-03,32.74352264404297
2010-03-04,31.692928314208984
2010-03-05,31.167631149291992
2010-03-08,32.74352264404297
2010-03-09,33.093719482421875
2010-03-10,32.3057746887207
2010-03-11,32.568424224853516
2010-03-12,32.39332580566406
2010-03-15,32.218223571777344
2010-03-16,33.26881790161133
2010-03-17,34.582061767578125
2010-03-18,34.669612884521484
2010-03-19,35.545108795166016
2010-03-22,35.01980972290039
2010-03-23,34.49451446533203
2010-03-24,35.545108795166016
2010-03-25,34.75716018676758
2010-03-26,33.969215393066406
2010-03-29,34.669612884521484
2010-03-30,35.01980972290039
2010-03-31,34.582061767578125
2010-04-01,36.77080154418945
2010-04-06,38.52178955078125
2010-04-07,38.084041595458984
2010-04-08,37.38364791870117
2010-04-09,38.084041595458984
2010-04-12,37.99649429321289
2010-04-13,36.683250427246094
2010-04-14,36.33305358886719
2010-04-15,36.50815200805664
2010-04-16,35.545108795166016
2010-04-19,34.40696334838867
2010-04-20,34.40696334838867
2010-04-21,35.194908142089844
2010-04-22,34.23186492919922
2010-04-23,33.6190185546875
2010-04-27,33.79411697387695
2010-04-28,32.91862106323242
2010-04-29,32.218223571777344
2010-04-30,35.01980972290039
2010-05-03,33.706565856933594
2010-05-04,34.31941223144531
2010-05-05,32.568424224853516
2010-05-06,31.955575942993164
2010-05-07,32.39332580566406
2010-05-10,34.582061767578125
2010-05-11,35.01980972290039
2010-05-12,35.194908142089844
2010-05-13,36.33305358886719
2010-05-14,35.72020721435547
2010-05-17,33.88166427612305
2010-05-18,33.79411697387695
2010-05-19,33.35636901855469
2010-05-20,33.00617218017578
2010-05-21,32.83107376098633
2010-05-24,33.181270599365234
2010-05-25,31.78047752380371
2010-05-26,32.74352264404297
2010-05-27,33.53146743774414
2010-05-28,33.88166427612305
2010-05-31,34.582061767578125
2010-06-01,34.056766510009766
2010-06-02,33.706565856933594
2010-06-03,34.31941223144531
2010-06-04,34.056766510009766
2010-06-07,33.00617218017578
2010-06-08,33.00617218017578
2010-06-09,33.093719482421875
2010-06-10,33.6190185546875
2010-06-11,34.582061767578125
2010-06-15,34.49451446533203
2010-06-16,34.49451446533203
2010-06-17,34.40696334838867
2010-06-18,35.01980972290039
2010-06-21,35.3700065612793
2010-06-22,34.14431381225586
2010-06-23,33.181270599365234
2010-06-24,33.181270599365234
2010-06-25,32.91862106323242
2010-06-28,32.13067626953125
2010-06-29,31.868026733398438
2010-06-30,31.430278778076172
2010-07-01,30.02948760986328
2010-07-02,30.204586029052734
2010-07-05,29.854387283325195
2010-07-06,30.554784774780273
2010-07-07,30.29213523864746
2010-07-08,31.080081939697266
2010-07-09,32.04312515258789
2010-07-12,32.74352264404297
2010-07-13,32.3057746887207
2010-07-14,32.91862106323242
2010-07-15,32.218223571777344
2010-07-16,32.65597152709961
2010-07-19,31.605377197265625
2010-07-20,31.342729568481445
2010-07-21,30.99253273010254
2010-07-22,30.99253273010254
2010-07-23,32.04312515258789
2010-07-26,32.39332580566406
2010-07-27,33.093719482421875
2010-07-28,34.23186492919922
2010-07-29,34.056766510009766
2010-07-30,33.706565856933594
2010-08-02,33.88166427612305
2010-08-03,33.969215393066406
2010-08-04,33.44391632080078
2010-08-05,35.80775451660156
2010-08-06,35.01980972290039
2010-08-09,35.10736083984375
2010-08-10,35.01980972290039
2010-08-11,34.582061767578125
2010-08-12,33.6190185546875
2010-08-13,34.49451446533203
2010-08-16,34.582061767578125
2010-08-17,34.84471130371094
2010-08-18,34.84471130371094
2010-08-19,35.01980972290039
2010-08-20,33.88166427612305
2010-08-23,34.056766510009766
2010-08-24,33.79411697387695
2010-08-25,32.74352264404297
2010-08-26,32.65597152709961
2010-08-27,32.480873107910156
2010-08-30,33.181270599365234
2010-08-31,32.480873107910156
2010-09-01,33.26881790161133
2010-09-02,33.6190185546875
2010-09-03,33.88166427612305
2010-09-06,34.056766510009766
2010-09-07,34.23186492919922
2010-09-08,33.35636901855469
2010-09-09,33.44391632080078
2010-09-10,33.181270599365234
2010-09-13,33.35636901855469
2010-09-14,33.44391632080078
2010-09-15,32.83107376098633
2010-09-16,32.218223571777344
2010-09-17,32.91862106323242
2010-09-20,32.83107376098633
2010-09-21,32.74352264404297
2010-09-22,32.83107376098633
2010-09-23,32.83107376098633
2010-09-24,32.3057746887207
2010-09-27,32.568424224853516
2010-09-28,32.39332580566406
2010-09-29,32.39332580566406
2010-09-30,31.430278778076172
2010-10-01,32.91862106323242
2010-10-04,31.342729568481445
2010-10-05,30.817432403564453
2010-10-06,32.04312515258789
2010-10-07,32.04312515258789
2010-10-08,32.04312515258789
2010-10-11,33.093719482421875
2010-10-12,31.868026733398438
2010-10-13,33.181270599365234
2010-10-14,34.75716018676758
2010-10-15,35.89530563354492
2010-10-18,35.194908142089844
2010-10-19,34.75716018676758
2010-10-20,34.40696334838867
2010-10-21,34.93225860595703
2010-10-22,36.945899963378906
2010-10-25,37.12099838256836
2010-10-26,38.171592712402344
2010-10-27,38.171592712402344
2010-10-28,36.50815200805664
2010-10-29,35.89530563354492
2010-11-01,36.33305358886719
2010-11-02,36.683250427246094
2010-11-03,37.29609680175781
2010-11-04,37.558746337890625
2010-11-05,39.22218704223633
2010-11-08,40.71052932739258
2010-11-09,40.97317886352539
2010-11-10,40.71052932739258
2010-11-11,42.19887161254883
2010-11-12,42.28641891479492
2010-11-15,41.23582458496094
2010-11-16,40.18523025512695
2010-11-17,38.2591438293457
2010-11-18,40.0101318359375
2010-11-19,40.447879791259766
2010-11-22,40.97317886352539
2010-11-23,40.79807662963867
2010-11-24,40.09768295288086
2010-11-25,42.549068450927734
2010-11-26,43.07436752319336
2010-11-29,43.16191482543945
2010-11-30,42.72416687011719
2010-12-01,43.77476119995117
2010-12-02,43.59966278076172
2010-12-03,44.124961853027344
2010-12-06,43.59966278076172
2010-12-07,44.3000602722168
2010-12-08,43.512115478515625
2010-12-09,44.037410736083984
2010-12-10,43.77476119995117
2010-12-13,43.68721389770508
2010-12-14,42.89926528930664
2010-12-15,43.16191482543945
2010-12-16,44.037410736083984
2010-12-17,42.98681640625
2010-12-20,44.037410736083984
2010-12-21,43.512115478515625
2010-12-22,43.424564361572266
2010-12-23,43.24946594238281
2010-12-24,42.98681640625
2010-12-29,43.59966278076172
2010-12-30,43.16191482543945
2010-12-31,43.16191482543945
2011-01-04,43.77476119995117
2011-01-05,43.337013244628906
2011-01-06,44.124961853027344
2011-01-07,43.949859619140625
2011-01-10,44.037410736083984
2011-01-11,43.77476119995117
2011-01-12,45.525753021240234
2011-01-13,46.83899688720703
2011-01-14,47.36429214477539
2011-01-17,46.926544189453125
2011-01-18,46.926544189453125
2011-01-19,48.76508331298828
2011-01-20,47.802040100097656
2011-01-21,44.124961853027344
2011-01-24,43.59966278076172
2011-01-25,43.24946594238281
2011-01-27,43.07436752319336
2011-01-28,42.28641891479492
2011-01-31,42.81171798706055
2011-02-01,45.000457763671875
2011-02-02,47.6269416809082
2011-02-03,46.75144577026367
2011-02-04,45.61330032348633
2011-02-07,45.61330032348633
2011-02-08,45.78840255737305
2011-02-09,46.22615051269531
2011-02-10,46.75144577026367
2011-02-11,46.57634735107422
2011-02-14,46.83899688720703
2011-02-15,47.36429214477539
2011-02-16,45.61330032348633
2011-02-17,44.47515869140625
2011-02-18,44.47515869140625
2011-02-21,43.337013244628906
2011-02-22,42.72416687011719
2011-02-23,42.19887161254883
2011-02-24,43.24946594238281
2011-02-25,42.81171798706055
2011-02-28,43.38079071044922
2011-03-01,43.337013244628906
2011-03-02,42.81171798706055
2011-03-03,42.636619567871094
2011-03-04,43.68721389770508
2011-03-07,43.59966278076172
2011-03-08,43.77476119995117
2011-03-09,43.77476119995117
2011-03-10,42.28641891479492
2011-03-11,41.410926818847656
2011-03-15,28.54114532470703
2011-03-16,32.39332580566406
2011-03-17,29.329090118408203
2011-03-18,31.51782989501953
2011-03-21,32.3057746887207
2011-03-22,31.430278778076172
2011-03-23,31.955575942993164
2011-03-24,32.480873107910156
2011-03-25,33.706565856933594
2011-03-28,32.83107376098633
2011-03-29,31.868026733398438
2011-03-30,31.605377197265625
2011-03-31,31.605377197265625
2011-04-01,32.218223571777344
2011-04-04,33.181270599365234
2011-04-05,34.14431381225586
2011-04-06,33.44391632080078
2011-04-07,32.480873107910156
2011-04-08,32.74352264404297
2011-04-11,32.480873107910156
2011-04-12,30.90498161315918
2011-04-13,31.342729568481445
2011-04-14,31.080081939697266
2011-04-15,31.868026733398438
2011-04-18,33.26881790161133
2011-04-19,32.480873107910156
2011-04-20,32.39332580566406
2011-04-21,32.04312515258789
2011-04-27,31.167631149291992
2011-04-28,30.204586029052734
2011-04-29,28.891342163085938
2011-05-02,28.453594207763672
2011-05-03,29.15399169921875
2011-05-04,29.241540908813477
2011-05-05,29.50419044494629
2011-05-06,28.716243743896484
2011-05-09,29.854387283325195
2011-05-10,29.854387283325195
2011-05-11,30.117036819458008
2011-05-12,29.241540908813477
2011-05-13,28.80379295349121
2011-05-16,26.965253829956055
2011-05-17,27.578100204467773
2011-05-18,27.928298950195312
2011-05-19,28.27849578857422
2011-05-20,28.27849578857422
2011-05-23,27.578100204467773
2011-05-24,27.40300178527832
2011-05-25,27.05280303955078
2011-05-26,28.453594207763672
2011-05-27,28.453594207763672
2011-05-30,27.753198623657227
2011-05-31,27.578100204467773
2011-06-01,28.01584815979004
2011-06-02,27.31545066833496
2011-06-03,26.52750587463379
2011-06-06,26.17730712890625
2011-06-07,25.739559173583984
2011-06-08,24.951614379882812
2011-06-09,23.725921630859375
2011-06-10,24.42631721496582
2011-06-14,22.850425720214844
2011-06-15,21.79983139038086
2011-06-16,20.66168785095215
2011-06-17,21.18698501586914
2011-06-20,20.223939895629883
2011-06-21,20.04884147644043
2011-06-22,21.099435806274414
2011-06-23,23.28817367553711
2011-06-24,22.412677764892578
2011-06-27,21.099435806274414
2011-06-28,20.924335479736328
2011-06-29,21.274534225463867
2011-06-30,22.062480926513672
2011-07-01,22.762876510620117
2011-07-04,23.113073348999023
2011-07-05,22.93797492980957
2011-07-06,23.55082130432129
2011-07-07,23.28817367553711
2011-07-08,23.463272094726562
2011-07-11,22.500228881835938
2011-07-12,21.53718376159668
2011-07-13,22.062480926513672
2011-07-14,22.150028228759766
2011-07-15,21.974929809570312
2011-07-18,21.274534225463867
2011-07-19,20.749237060546875
2011-07-20,20.749237060546875
2011-07-21,22.062480926513672
2011-07-22,23.55082130432129
2011-07-25,23.200624465942383
2011-07-26,23.463272094726562
2011-07-27,23.901020050048828
2011-07-28,23.113073348999023
2011-07-29,22.93797492980957
2011-08-02,23.025524139404297
2011-08-03,22.237579345703125
2011-08-04,21.44963264465332
2011-08-05,19.435993194580078
2011-08-08,19.085796356201172
2011-08-09,18.91069793701172
2011-08-10,19.260894775390625
2011-08-11,18.998247146606445
2011-08-12,19.435993194580078
2011-08-15,19.786191940307617
2011-08-16,19.96129035949707
2011-08-17,19.348445892333984
2011-08-18,18.47294807434082
2011-08-19,17.247255325317383
2011-08-22,17.334806442260742
2011-08-23,18.297849655151367
2011-08-24,17.466129302978516
2011-08-25,17.860103607177734
2011-08-26,18.035202026367188
2011-08-29,18.82314682006836
2011-08-30,18.82314682006836
2011-08-31,18.385400772094727
2011-09-01,17.772552490234375
2011-09-02,17.466129302978516
2011-09-05,16.546859741210938
2011-09-06,15.715139389038086
2011-09-07,15.846464157104492
2011-09-08,15.890237808227539
2011-09-09,15.977787971496582
2011-09-12,14.576994895935059
2011-09-13,14.445671081542969
2011-09-14,13.920373916625977
2011-09-15,13.701499938964844
2011-09-16,14.445671081542969
2011-09-19,13.789050102233887
2011-09-20,12.869779586791992
2011-09-21,13.701499938964844
2011-09-22,12.475807189941406
2011-09-23,12.563356399536133
2011-09-26,10.593491554260254
2011-09-27,11.468987464904785
2011-09-28,11.468987464904785
2011-09-29,10.243293762207031
2011-09-30,10.637267112731934
2011-10-04,9.717996597290039
2011-10-05,10.243293762207031
2011-10-06,11.90673542022705
2011-10-07,13.570176124572754
2011-10-10,14.970968246459961
2011-10-11,14.576994895935059
2011-10-12,14.708319664001465
2011-10-13,14.970968246459961
2011-10-14,14.314347267150879
2011-10-17,14.445671081542969
2011-10-18,13.307526588439941
2011-10-19,13.482625961303711
2011-10-20,13.482625961303711
2011-10-21,13.570176124572754
2011-10-24,14.13924789428711
2011-10-25,13.482625961303711
2011-10-26,12.957328796386719
2011-10-27,13.482625961303711
2011-10-28,13.701499938964844
2011-10-31,13.132428169250488
2011-11-02,12.081833839416504
2011-11-03,11.862959861755371
2011-11-04,12.169384002685547
2011-11-07,12.169384002685547
2011-11-08,12.432031631469727
2011-11-09,12.957328796386719
2011-11-10,12.65090560913086
2011-11-11,13.044878959655762
2011-11-14,14.095473289489746
2011-11-15,14.533221244812012
2011-11-16,14.2705717086792
2011-11-17,13.789050102233887
2011-11-18,13.132428169250488
2011-11-21,13.044878959655762
2011-11-22,12.738454818725586
2011-11-23,12.51958179473877
2011-11-24,12.563356399536133
2011-11-25,12.344483375549316
2011-11-28,12.694681167602539
2011-11-29,13.570176124572754
2011-11-30,13.570176124572754
2011-12-01,14.576994895935059
2011-12-02,14.620770454406738
2011-12-05,14.970968246459961
2011-12-06,14.445671081542969
2011-12-07,14.708319664001465
2011-12-08,14.576994895935059
2011-12-09,14.183023452758789
2011-12-12,14.314347267150879
2011-12-13,13.964149475097656
2011-12-14,13.876599311828613
2011-12-15,13.745274543762207
2011-12-16,13.307526588439941
2011-12-19,12.475807189941406
2011-12-20,12.51958179473877
2011-12-21,12.65090560913086
2011-12-22,12.169384002685547
2011-12-23,12.344483375549316
2011-12-28,12.388257026672363
2011-12-29,11.950510025024414
2011-12-30,11.994283676147461
2012-01-03,12.125609397888184
2012-01-04,12.563356399536133
2012-01-05,12.213157653808594
2012-01-06,11.950510025024414
2012-01-09,11.90673542022705
2012-01-10,12.125609397888184
2012-01-11,12.782230377197266
2012-01-12,12.869779586791992
2012-01-13,13.263752937316895
2012-01-16,13.395076751708984
2012-01-17,14.970968246459961
2012-01-18,14.839644432067871
2012-01-19,15.715139389038086
2012-01-20,15.62759017944336
2012-01-23,15.890237808227539
2012-01-24,16.109111785888672
2012-01-25,15.58381462097168
2012-01-27,15.146066665649414
2012-01-30,16.021562576293945
2012-01-31,16.109111785888672
2012-02-01,15.934013366699219
2012-02-02,15.890237808227539
2012-02-03,15.671364784240723
2012-02-06,16.19666290283203
2012-02-07,16.634408950805664
2012-02-08,16.284210205078125
2012-02-09,15.977787971496582
2012-02-10,15.58381462097168
2012-02-13,15.75891399383545
2012-02-14,14.883419036865234
2012-02-15,14.576994895935059
2012-02-16,14.358121871948242
2012-02-17,14.883419036865234
2012-02-20,15.49626636505127
2012-02-21,15.408716201782227
2012-02-22,15.277392387390137
2012-02-23,16.45931053161621
2012-02-24,16.415536880493164
2012-02-27,16.240436553955078
2012-02-28,16.15288734436035
2012-02-29,16.371761322021484
2012-03-01,15.715139389038086
2012-03-02,15.934013366699219
2012-03-05,15.802688598632812
2012-03-06,15.321166038513184
2012-03-07,14.795868873596191
2012-03-08,15.233616828918457
2012-03-09,15.62759017944336
2012-03-12,16.109111785888672
2012-03-13,16.634408950805664
2012-03-14,17.42235565185547
2012-03-15,17.02838134765625
2012-03-16,16.897058486938477
2012-03-19,17.159706115722656
2012-03-20,16.678184509277344
2012-03-21,16.809507369995117
2012-03-22,17.07215690612793
2012-03-23,16.984607696533203
2012-03-26,16.809507369995117
2012-03-27,16.809507369995117
2012-03-28,16.809507369995117
2012-03-29,16.45931053161621
2012-03-30,16.065336227416992
2012-04-02,15.715139389038086
2012-04-03,15.408716201782227
2012-04-04,14.927193641662598
2012-04-05,14.752095222473145
2012-04-10,15.189842224121094
2012-04-11,15.014742851257324
2012-04-12,15.45249080657959
2012-04-13,15.802688598632812
2012-04-16,15.540040016174316
2012-04-17,14.795868873596191
2012-04-18,14.927193641662598
2012-04-19,14.752095222473145
2012-04-20,14.708319664001465
2012-04-23,14.708319664001465
2012-04-24,13.789050102233887
2012-04-26,14.358121871948242
2012-04-27,14.13924789428711
2012-04-30,13.964149475097656
2012-05-01,13.876599311828613
2012-05-02,14.00792407989502
2012-05-03,13.876599311828613
2012-05-04,13.570176124572754
2012-05-07,12.65090560913086
2012-05-08,12.607131004333496
2012-05-09,12.081833839416504
2012-05-10,12.300707817077637
2012-05-11,12.213157653808594
2012-05-14,11.644085884094238
2012-05-15,11.250114440917969
2012-05-16,10.199519157409668
2012-05-17,11.162564277648926
2012-05-18,10.54971694946289
2012-05-21,10.593491554260254
2012-05-22,10.943690299987793
2012-05-23,10.4183931350708
2012-05-24,10.505943298339844
2012-05-25,10.374617576599121
2012-05-28,11.075014114379883
2012-05-29,11.644085884094238
2012-05-30,11.600312232971191
2012-05-31,11.468987464904785
2012-06-01,11.118788719177246
2012-06-04,10.4183931350708
2012-06-05,10.812365531921387
2012-06-06,10.943690299987793
2012-06-07,10.987464904785156
2012-06-08,10.637267112731934
2012-06-12,10.374617576599121
2012-06-13,10.4183931350708
2012-06-14,10.243293762207031
2012-06-15,10.4183931350708
2012-06-18,11.293888092041016
2012-06-19,10.856141090393066
2012-06-20,10.681041717529297
2012-06-21,10.330843925476074
2012-06-22,10.155743598937988
2012-06-25,10.72481632232666
2012-06-26,10.330843925476074
2012-06-27,10.54971694946289
2012-06-28,10.243293762207031
2012-06-29,10.943690299987793
2012-07-02,11.206338882446289
2012-07-03,11.162564277648926
2012-07-04,11.250114440917969
2012-07-05,11.381438255310059
2012-07-06,11.118788719177246
2012-07-09,10.681041717529297
2012-07-10,10.505943298339844
2012-07-11,10.330843925476074
2012-07-12,10.155743598937988
2012-07-13,10.374617576599121
2012-07-16,10.155743598937988
2012-07-17,9.805545806884766
2012-07-18,9.324024200439453
2012-07-19,10.199519157409668
2012-07-20,10.330843925476074
2012-07-23,10.243293762207031
2012-07-24,10.155743598937988
2012-07-25,9.936870574951172
2012-07-26,10.068195343017578
2012-07-27,10.155743598937988
2012-07-30,9.980645179748535
2012-07-31,10.243293762207031
2012-08-01,10.111969947814941
2012-08-02,10.4183931350708
2012-08-03,10.155743598937988
2012-08-06,10.199519157409668
2012-08-07,10.330843925476074
2012-08-08,10.812365531921387
2012-08-09,10.987464904785156
2012-08-10,10.856141090393066
2012-08-13,11.075014114379883
2012-08-14,11.031240463256836
2012-08-15,12.169384002685547
2012-08-16,12.51958179473877
2012-08-17,12.65090560913086
2012-08-20,12.256933212280273
2012-08-21,12.256933212280273
2012-08-22,12.344483375549316
2012-08-23,12.432031631469727
2012-08-24,12.256933212280273
2012-08-27,12.388257026672363
2012-08-28,12.03805923461914
2012-08-29,11.950510025024414
2012-08-30,11.819185256958008
2012-08-31,11.512762069702148
2012-09-03,11.337662696838379
2012-09-04,11.337662696838379
2012-09-05,10.681041717529297
2012-09-06,10.768590927124023
2012-09-07,11.118788719177246
2012-09-10,11.206338882446289
2012-09-11,11.293888092041016
2012-09-12,11.687861442565918
2012-09-13,11.862959861755371
2012-09-14,12.432031631469727
2012-09-17,12.694681167602539
2012-09-18,12.388257026672363
2012-09-19,12.607131004333496
2012-09-20,12.300707817077637
2012-09-21,12.213157653808594
2012-09-24,11.994283676147461
2012-09-25,11.556536674499512
2012-09-26,11.206338882446289
2012-09-27,11.250114440917969
2012-09-28,10.899914741516113
2012-10-01,11.075014114379883
2012-10-02,10.943690299987793
2012-10-03,11.250114440917969
2012-10-04,11.512762069702148
2012-10-05,11.381438255310059
2012-10-08,11.206338882446289
2012-10-09,11.250114440917969
2012-10-10,11.031240463256836
2012-10-11,10.899914741516113
2012-10-12,10.856141090393066
2012-10-15,10.72481632232666
2012-10-16,10.768590927124023
2012-10-17,10.768590927124023
2012-10-18,10.287069320678711
2012-10-19,10.374617576599121
2012-10-22,10.768590927124023
2012-10-23,10.505943298339844
2012-10-24,10.374617576599121
2012-10-25,10.505943298339844
2012-10-26,10.199519157409668
2012-10-29,10.287069320678711
2012-10-30,10.068195343017578
2012-10-31,9.936870574951172
2012-11-01,9.630447387695312
2012-11-02,9.58667278289795
2012-11-05,9.58667278289795
2012-11-06,9.367798805236816
2012-11-07,9.23647403717041
2012-11-08,9.06137466430664
2012-11-09,8.623627662658691
2012-11-12,8.404753684997559
2012-11-13,7.791906833648682
2012-11-14,7.3979339599609375
2012-11-15,7.047736167907715
2012-11-16,6.697537899017334
2012-11-19,7.266610145568848
2012-11-20,7.923232078552246
2012-11-21,7.660583019256592
2012-11-22,7.704358100891113
2012-11-23,7.704358100891113
2012-11-26,7.835681915283203
2012-11-27,7.704358100891113
2012-11-28,7.266610145568848
2012-11-29,7.660583019256592
2012-11-30,7.61680793762207
2012-12-03,7.266610145568848
2012-12-04,7.179060935974121
2012-12-05,7.091510772705078
2012-12-06,7.00396203994751
2012-12-07,7.266610145568848
2012-12-10,7.047736167907715
2012-12-11,7.310385227203369
2012-12-12,7.879456996917725
2012-12-13,7.835681915283203
2012-12-14,7.791906833648682
2012-12-17,8.448529243469238
2012-12-18,9.499122619628906
2012-12-19,9.148924827575684
2012-12-20,9.367798805236816
2012-12-21,9.017601013183594
2012-12-24,8.798727035522461
2012-12-27,9.148924827575684
2012-12-28,9.06137466430664
2012-12-31,9.017601013183594
2013-01-02,9.936870574951172
2013-01-03,9.805545806884766
2013-01-04,9.499122619628906
2013-01-07,9.324024200439453
2013-01-08,9.148924827575684
2013-01-09,8.97382640838623
2013-01-10,8.97382640838623
2013-01-11,9.148924827575684
2013-01-14,9.367798805236816
2013-01-15,9.805545806884766
2013-01-16,10.111969947814941
2013-01-17,10.287069320678711
2013-01-18,10.505943298339844
2013-01-21,10.4183931350708
2013-01-22,10.243293762207031
2013-01-23,10.330843925476074
2013-01-24,9.980645179748535
2013-01-25,9.805545806884766
2013-01-29,10.111969947814941
2013-01-30,10.024419784545898
2013-01-31,9.980645179748535
2013-02-01,9.849321365356445
2013-02-04,9.980645179748535
2013-02-05,9.717996597290039
2013-02-06,9.630447387695312
2013-02-07,9.41157341003418
2013-02-08,9.542898178100586
2013-02-11,9.849321365356445
2013-02-12,9.761772155761719
2013-02-13,10.024419784545898
2013-02-14,10.681041717529297
2013-02-15,10.593491554260254
2013-02-18,10.462167739868164
2013-02-19,10.593491554260254
2013-02-20,10.856141090393066
2013-02-21,10.199519157409668
2013-02-22,10.330843925476074
2013-02-25,10.330843925476074
2013-02-26,10.111969947814941
2013-02-27,10.024419784545898
2013-02-28,10.287069320678711
2013-03-01,10.155743598937988
2013-03-04,9.542898178100586
2013-03-05,9.324024200439453
2013-03-06,9.280248641967773
2013-03-07,9.017601013183594
2013-03-08,9.23647403717041
2013-03-11,8.886276245117188
2013-03-12,8.754952430725098
2013-03-13,8.93005084991455
2013-03-14,8.754952430725098
2013-03-15,8.97382640838623
2013-03-18,8.667403221130371
2013-03-19,8.711176872253418
2013-03-20,8.579853057861328
2013-03-21,8.492302894592285
2013-03-22,8.579853057861328
2013-03-25,8.842501640319824
2013-03-26,8.623627662658691
2013-03-27,8.798727035522461
2013-03-28,8.667403221130371
2013-04-02,8.754952430725098
2013-04-03,8.536078453063965
2013-04-04,8.229655265808105
2013-04-05,8.010781288146973
2013-04-08,8.054555892944336
2013-04-09,8.360979080200195
2013-04-10,8.054555892944336
2013-04-11,7.835681915283203
2013-04-12,8.185879707336426
2013-04-15,7.573032855987549
2013-04-16,7.00396203994751
2013-04-17,6.785088062286377
2013-04-18,6.1722412109375
2013-04-19,6.347340106964111
2013-04-22,6.566214084625244
2013-04-23,6.566214084625244
2013-04-24,6.6537628173828125
2013-04-26,6.6537628173828125
2013-04-29,6.6537628173828125
2013-04-30,6.609989166259766
2013-05-01,6.566214084625244
2013-05-02,6.478663921356201
2013-05-03,6.566214084625244
2013-05-06,6.916411876678467
2013-05-07,7.441709041595459
2013-05-08,7.441709041595459
2013-05-09,7.967006206512451
2013-05-10,7.967006206512451
2013-05-13,8.010781288146973
2013-05-14,7.879456996917725
2013-05-15,7.879456996917725
2013-05-16,7.879456996917725
2013-05-17,8.229655265808105
2013-05-20,8.404753684997559
2013-05-21,8.492302894592285
2013-05-22,8.273429870605469
2013-05-23,8.054555892944336
2013-05-24,7.923232078552246
2013-05-27,8.142105102539062
2013-05-28,8.098331451416016
2013-05-29,8.536078453063965
2013-05-30,8.579853057861328
2013-05-31,8.97382640838623
2013-06-03,8.536078453063965
2013-06-04,8.842501640319824
2013-06-05,8.711176872253418
2013-06-06,8.667403221130371
2013-06-07,8.229655265808105
2013-06-11,8.623627662658691
2013-06-12,8.579853057861328
2013-06-13,8.273429870605469
2013-06-14,8.273429870605469
2013-06-17,8.667403221130371
2013-06-18,8.711176872253418
2013-06-19,8.711176872253418
2013-06-20,8.404753684997559
2013-06-21,8.360979080200195
2013-06-24,7.967006206512451
2013-06-25,7.704358100891113
2013-06-26,7.179060935974121
2013-06-27,7.179060935974121
2013-06-28,7.660583019256592
2013-07-01,8.273429870605469
2013-07-02,8.185879707336426
2013-07-03,8.142105102539062
2013-07-04,8.360979080200195
2013-07-05,8.229655265808105
2013-07-08,8.229655265808105
2013-07-09,8.229655265808105
2013-07-10,8.317204475402832
2013-07-11,8.404753684997559
2013-07-12,8.142105102539062
2013-07-15,8.404753684997559
2013-07-16,9.017601013183594
2013-07-17,9.06137466430664
2013-07-18,9.06137466430664
2013-07-19,9.280248641967773
2013-07-22,9.10515022277832
2013-07-23,9.455348014831543
2013-07-24,9.367798805236816
2013-07-25,9.10515022277832
2013-07-26,9.06137466430664
2013-07-29,8.142105102539062
2013-07-30,8.536078453063965
2013-07-31,8.754952430725098
2013-08-01,8.754952430725098
2013-08-02,8.754952430725098
2013-08-05,6.347340106964111
2013-08-06,6.216015815734863
2013-08-07,5.778267860412598
2013-08-08,5.603168964385986
2013-08-09,5.734492778778076
2013-08-12,5.953367233276367
2013-08-13,5.909592151641846
2013-08-14,5.646944046020508
2013-08-15,5.646944046020508
2013-08-16,5.559393882751465
2013-08-19,5.3842949867248535
2013-08-20,5.165421962738037
2013-08-21,5.165421962738037
2013-08-22,5.252971172332764
2013-08-23,5.121646881103516
2013-08-26,5.165421962738037
2013-08-27,5.034097194671631
2013-08-28,4.815223217010498
2013-08-29,4.6401238441467285
2013-08-30,4.902772903442383
2013-09-02,5.077871799468994
2013-09-03,5.077871799468994
2013-09-04,4.815223217010498
2013-09-05,4.815223217010498
2013-09-06,4.815223217010498
2013-09-09,4.902772903442383
2013-09-10,4.990322113037109
2013-09-11,5.077871799468994
2013-09-12,5.209196090698242
2013-09-13,4.990322113037109
2013-09-16,4.902772903442383
2013-09-17,4.771449089050293
2013-09-18,4.465024948120117
2013-09-19,4.6401238441467285
2013-09-20,4.6401238441467285
2013-09-23,4.771449089050293
2013-09-24,4.55257511138916
2013-09-25,4.55257511138916
2013-09-26,4.465024948120117
2013-09-27,4.465024948120117
2013-09-30,4.246150970458984
2013-10-01,4.202376842498779
2013-10-02,4.6401238441467285
2013-10-03,4.377476215362549
2013-10-04,4.1148271560668945
2013-10-07,4.246150970458984
2013-10-08,4.027277946472168
2013-10-09,3.808403968811035
2013-10-10,3.7646288871765137
2013-10-11,3.7208540439605713
2013-10-14,3.633305072784424
2013-10-15,3.501981019973755
2013-10-16,3.414431095123291
2013-10-17,3.501981019973755
2013-10-18,3.8521790504455566
2013-10-21,3.9835031032562256
2013-10-22,3.939728021621704
2013-10-23,3.8959529399871826
2013-10-24,3.7208540439605713
2013-10-25,3.7646288871765137
2013-10-28,3.7646288871765137
2013-10-29,3.633305072784424
2013-10-30,3.3706560134887695
2013-10-31,3.677079916000366
2013-11-01,3.501981019973755
2013-11-04,3.4582059383392334
2013-11-05,3.414431095123291
2013-11-06,3.3706560134887695
2013-11-07,3.3706560134887695
2013-11-08,3.545754909515381
2013-11-11,3.4582059383392334
2013-11-12,3.5895299911499023
2013-11-13,3.4582059383392334
2013-11-14,3.501981019973755
2013-11-15,3.545754909515381
2013-11-18,3.545754909515381
2013-11-19,3.414431095123291
2013-11-20,3.3706560134887695
2013-11-21,3.414431095123291
2013-11-22,3.3706560134887695
2013-11-25,3.4582059383392334
2013-11-26,3.8521790504455566
2013-11-27,3.545754909515381
2013-11-28,3.633305072784424
2013-11-29,3.5895299911499023
2013-12-02,3.8521790504455566
2013-12-03,3.808403968811035
2013-12-04,4.202376842498779
2013-12-05,4.1148271560668945
2013-12-06,4.1148271560668945
2013-12-09,4.071052074432373
2013-12-10,3.808403968811035
2013-12-11,3.8959529399871826
2013-12-12,3.8959529399871826
2013-12-13,3.939728021621704
2013-12-16,4.027277946472168
2013-12-17,3.8959529399871826
2013-12-18,3.7646288871765137
2013-12-19,3.8521790504455566
2013-12-20,3.939728021621704
2013-12-23,3.9835031032562256
2013-12-24,3.939728021621704
2013-12-27,4.071052074432373
2013-12-30,4.158602237701416
2013-12-31,4.071052074432373
2014-01-02,4.027277946472168
2014-01-03,4.027277946472168
2014-01-06,3.8959529399871826
2014-01-07,3.939728021621704
2014-01-08,3.8521790504455566
2014-01-09,3.939728021621704
2014-01-10,3.8959529399871826
2014-01-13,3.8959529399871826
2014-01-14,3.939728021621704
2014-01-15,4.289926052093506
2014-01-16,4.333701133728027
2014-01-17,4.902772903442383
2014-01-20,4.946547985076904
2014-01-21,4.902772903442383
2014-01-22,4.858997821807861
2014-01-23,4.902772903442383
2014-01-24,4.815223217010498
2014-01-28,4.68389892578125
2014-01-29,4.6401238441467285
2014-01-30,4.508800029754639
2014-01-31,4.421250820159912
2014-02-03,4.333701133728027
2014-02-04,4.158602237701416
2014-02-05,4.1148271560668945
2014-02-06,4.158602237701416
2014-02-07,4.289926052093506
2014-02-10,4.508800029754639
2014-02-11,4.377476215362549
2014-02-12,4.246150970458984
2014-02-13,4.158602237701416
2014-02-14,4.158602237701416
2014-02-17,4.246150970458984
2014-02-18,4.158602237701416
2014-02-19,4.202376842498779
2014-02-20,3.7646288871765137
2014-02-21,3.677079916000366
2014-02-24,3.7208540439605713
2014-02-25,3.8959529399871826
2014-02-26,4.7276740074157715
2014-02-27,4.7276740074157715
2014-02-28,4.55257511138916
2014-03-03,4.377476215362549
2014-03-04,4.421250820159912
2014-03-05,4.946547985076904
2014-03-06,4.990322113037109
2014-03-07,5.296745777130127
2014-03-10,5.034097194671631
2014-03-11,4.858997821807861
2014-03-12,4.596350193023682
2014-03-13,4.68389892578125
2014-03-14,4.508800029754639
2014-03-17,4.465024948120117
2014-03-18,4.68389892578125
2014-03-19,4.596350193023682
2014-03-20,4.55257511138916
2014-03-21,4.465024948120117
2014-03-24,4.465024948120117
2014-03-25,4.377476215362549
2014-03-26,4.333701133728027
2014-03-27,4.071052074432373
2014-03-28,4.027277946472168
2014-03-31,4.071052074432373
2014-04-01,3.8521790504455566
2014-04-02,3.9835031032562256
2014-04-03,3.939728021621704
2014-04-04,3.9835031032562256
2014-04-07,3.808403968811035
2014-04-08,3.7646288871765137
2014-04-09,3.7208540439605713
2014-04-10,3.7646288871765137
2014-04-11,3.939728021621704
2014-04-14,3.8959529399871826
2014-04-15,4.071052074432373
2014-04-16,3.939728021621704
2014-04-17,3.939728021621704
2014-04-22,3.9835031032562256
2014-04-23,3.9835031032562256
2014-04-24,4.027277946472168
2014-04-28,3.8959529399871826
2014-04-29,3.8521790504455566
2014-04-30,3.808403968811035
2014-05-01,3.939728021621704
2014-05-02,3.7208540439605713
2014-05-05,3.808403968811035
2014-05-06,3.7208540439605713
2014-05-07,3.677079916000366
2014-05-08,3.633305072784424
2014-05-09,3.5895299911499023
2014-05-12,3.7208540439605713
2014-05-13,3.8521790504455566
2014-05-14,3.677079916000366
2014-05-15,3.808403968811035
2014-05-16,3.7208540439605713
2014-05-19,3.501981019973755
2014-05-20,3.4582059383392334
2014-05-21,3.3706560134887695
2014-05-22,3.3706560134887695
2014-05-23,3.4582059383392334
2014-05-26,3.4582059383392334
2014-05-27,3.3706560134887695
2014-05-28,3.501981019973755
2014-05-29,3.4582059383392334
2014-05-30,3.414431095123291
2014-06-02,3.414431095123291
2014-06-03,3.326880931854248
2014-06-04,3.195557117462158
2014-06-05,3.0642330646514893
2014-06-06,3.195557117462158
2014-06-10,3.0204579830169678
2014-06-11,2.9329090118408203
2014-06-12,2.889133930206299
2014-06-13,2.801584005355835
2014-06-16,2.8453590869903564
2014-06-17,2.757810115814209
2014-06-18,2.757810115814209
2014-06-19,2.757810115814209
2014-06-20,2.6264851093292236
2014-06-23,2.538935899734497
2014-06-24,2.538935899734497
2014-06-25,2.451385974884033
2014-06-26,2.5827109813690186
2014-06-27,2.670259952545166
2014-06-30,2.5827109813690186
2014-07-01,2.7140350341796875
2014-07-02,2.889133930206299
2014-07-03,2.889133930206299
2014-07-04,3.0204579830169678
2014-07-07,3.0642330646514893
2014-07-08,2.9766829013824463
2014-07-09,2.889133930206299
2014-07-10,2.801584005355835
2014-07-11,2.757810115814209
2014-07-14,2.7140350341796875
2014-07-15,2.801584005355835
2014-07-16,3.0204579830169678
2014-07-17,3.0204579830169678
2014-07-18,3.1080079078674316
2014-07-21,3.2393319606781006
2014-07-22,3.283107042312622
2014-07-23,3.195557117462158
2014-07-24,3.326880931854248
2014-07-25,3.326880931854248
2014-07-28,3.545754909515381
2014-07-29,3.414431095123291
2014-07-30,3.414431095123291
2014-07-31,3.283107042312622
2014-08-01,3.195557117462158
2014-08-04,3.1517820358276367
2014-08-05,3.1080079078674316
2014-08-06,3.0204579830169678
2014-08-07,3.195557117462158
2014-08-08,3.2393319606781006
2014-08-11,3.1517820358276367
2014-08-12,3.326880931854248
2014-08-13,3.326880931854248
2014-08-14,3.501981019973755
2014-08-15,3.414431095123291
2014-08-18,3.501981019973755
2014-08-19,3.7646288871765137
2014-08-20,3.677079916000366
2014-08-21,3.677079916000366
2014-08-22,3.7208540439605713
2014-08-25,3.677079916000366
2014-08-26,3.5895299911499023
2014-08-27,3.633305072784424
2014-08-28,3.545754909515381
2014-08-29,3.7208540439605713
2014-09-01,3.677079916000366
2014-09-02,3.8959529399871826
2014-09-03,3.808403968811035
2014-09-04,3.8959529399871826
2014-09-05,3.8521790504455566
2014-09-08,3.7208540439605713
2014-09-09,3.7646288871765137
2014-09-10,3.7646288871765137
2014-09-11,3.7208540439605713
2014-09-12,3.677079916000366
2014-09-15,3.4582059383392334
2014-09-16,3.283107042312622
2014-09-17,3.501981019973755
2014-09-18,3.677079916000366
2014-09-19,3.677079916000366
2014-09-22,3.3706560134887695
2014-09-23,3.501981019973755
2014-09-24,3.501981019973755
2014-09-25,3.4582059383392334
2014-09-26,3.501981019973755
2014-09-29,3.3706560134887695
2014-09-30,3.326880931854248
2014-10-01,3.414431095123291
2014-10-02,3.2393319606781006
2014-10-03,3.195557117462158
2014-10-06,3.3706560134887695
2014-10-07,3.326880931854248
2014-10-08,3.2393319606781006
2014-10-09,3.2393319606781006
2014-10-10,3.1080079078674316
2014-10-13,2.9766829013824463
2014-10-14,2.9766829013824463
2014-10-15,2.9329090118408203
2014-10-16,2.8453590869903564
2014-10-17,2.801584005355835
2014-10-20,2.801584005355835
2014-10-21,2.8453590869903564
2014-10-22,2.9329090118408203
2014-10-23,3.0204579830169678
2014-10-24,2.889133930206299
2014-10-27,2.8453590869903564
2014-10-28,2.801584005355835
2014-10-29,2.889133930206299
2014-10-30,2.889133930206299
2014-10-31,2.8453590869903564
2014-11-03,2.801584005355835
2014-11-04,2.757810115814209
2014-11-05,2.801584005355835
2014-11-06,2.670259952545166
2014-11-07,2.889133930206299
2014-11-10,3.2393319606781006
2014-11-11,3.4582059383392334
2014-11-12,3.3706560134887695
2014-11-13,3.501981019973755
2014-11-14,3.677079916000366
2014-11-17,3.677079916000366
2014-11-18,3.414431095123291
2014-11-19,3.414431095123291
2014-11-20,3.326880931854248
2014-11-21,3.326880931854248
2014-11-24,3.326880931854248
2014-11-25,3.326880931854248
2014-11-26,3.7672040462493896
2014-11-27,3.6204299926757812
2014-11-28,3.66935396194458
2014-12-01,3.0822579860687256
2014-12-02,3.1801071166992188
2014-12-03,3.1801071166992188
2014-12-04,3.229032039642334
2014-12-05,3.229032039642334
2014-12-08,3.277956962585449
2014-12-09,3.0333330631256104
2014-12-10,3.0822579860687256
2014-12-11,2.984407901763916
2014-12-12,3.0333330631256104
2014-12-15,2.935482978820801
2014-12-16,2.8376340866088867
2014-12-17,2.935482978820801
2014-12-18,2.935482978820801
2014-12-19,2.984407901763916
2014-12-22,3.326880931854248
2014-12-23,3.277956962585449
2014-12-24,3.277956962585449
2014-12-29,3.277956962585449
2014-12-30,3.3758060932159424
2014-12-31,3.5225799083709717
2015-01-02,3.6204299926757812
2015-01-05,3.6204299926757812
2015-01-06,3.6204299926757812
2015-01-07,3.7672040462493896
2015-01-08,3.6204299926757812
2015-01-09,3.66935396194458
2015-01-12,3.4247310161590576
2015-01-13,3.326880931854248
2015-01-14,3.277956962585449
2015-01-15,3.326880931854248
2015-01-16,3.4736549854278564
2015-01-19,3.326880931854248
2015-01-20,3.3758060932159424
2015-01-21,3.326880931854248
2015-01-22,3.229032039642334
2015-01-23,3.1801071166992188
2015-01-27,3.4736549854278564
2015-01-28,3.4247310161590576
2015-01-29,3.6204299926757812
2015-01-30,3.7182788848876953
2015-02-02,3.6204299926757812
2015-02-03,3.6204299926757812
2015-02-04,3.66935396194458
2015-02-05,3.7182788848876953
2015-02-06,3.6204299926757812
2015-02-09,3.7182788848876953
2015-02-10,3.7182788848876953
2015-02-11,3.6204299926757812
2015-02-12,3.6204299926757812
2015-02-13,3.571505069732666
2015-02-16,3.913978099822998
2015-02-17,3.9629030227661133
2015-02-18,4.109676837921143
2015-02-19,4.060751914978027
2015-02-20,3.913978099822998
2015-02-23,4.109676837921143
2015-02-24,3.9629030227661133
2015-02-25,4.0118279457092285
2015-02-26,3.8650529384613037
2015-02-27,3.8650529384613037
2015-03-02,3.7672040462493896
2015-03-03,3.816128969192505
2015-03-04,3.8650529384613037
2015-03-05,3.9629030227661133
2015-03-06,3.816128969192505
2015-03-09,3.7182788848876953
2015-03-10,3.66935396194458
2015-03-11,3.4736549854278564
2015-03-12,3.7182788848876953
2015-03-13,3.7672040462493896
2015-03-16,3.66935396194458
2015-03-17,3.5225799083709717
2015-03-18,3.66935396194458
2015-03-19,3.571505069732666
2015-03-20,3.6204299926757812
2015-03-23,3.7182788848876953
2015-03-24,3.7672040462493896
2015-03-25,3.8650529384613037
2015-03-26,3.816128969192505
2015-03-27,3.8650529384613037
2015-03-30,3.7182788848876953
2015-03-31,3.66935396194458
2015-04-01,3.66935396194458
2015-04-02,3.571505069732666
2015-04-07,3.571505069732666
2015-04-08,3.66935396194458
2015-04-09,3.66935396194458
2015-04-10,3.6204299926757812
2015-04-13,3.571505069732666
2015-04-14,3.571505069732666
2015-04-15,3.4736549854278564
2015-04-16,3.5225799083709717
2015-04-17,3.4736549854278564
2015-04-20,3.3758060932159424
2015-04-21,3.3758060932159424
2015-04-22,3.4736549854278564
2015-04-23,3.4736549854278564
2015-04-24,3.5225799083709717
2015-04-27,3.571505069732666
2015-04-28,3.4736549854278564
2015-04-29,3.4736549854278564
2015-04-30,3.4247310161590576
2015-05-01,3.4736549854278564
2015-05-04,3.4736549854278564
2015-05-05,3.66935396194458
2015-05-06,3.5225799083709717
2015-05-07,3.4736549854278564
2015-05-08,3.4736549854278564
2015-05-11,3.4736549854278564
2015-05-12,3.4736549854278564
2015-05-13,3.4247310161590576
2015-05-14,3.3758060932159424
2015-05-15,3.3758060932159424
2015-05-18,3.1801071166992188
2015-05-19,3.1801071166992188
2015-05-20,3.1801071166992188
2015-05-21,3.229032039642334
2015-05-22,3.1801071166992188
2015-05-25,3.1801071166992188
2015-05-26,3.229032039642334
2015-05-27,3.1801071166992188
2015-05-28,3.1801071166992188
2015-05-29,3.0822579860687256
2015-06-01,3.0822579860687256
2015-06-02,2.984407901763916
2015-06-03,2.886559009552002
2015-06-04,2.7397849559783936
2015-06-05,2.7397849559783936
2015-06-09,2.6908600330352783
2015-06-10,2.6908600330352783
2015-06-11,2.7397849559783936
2015-06-12,2.886559009552002
2015-06-15,2.7397849559783936
2015-06-16,2.7397849559783936
2015-06-17,2.7397849559783936
2015-06-18,2.641935110092163
2015-06-19,2.7397849559783936
2015-06-22,2.7887089252471924
2015-06-23,2.7397849559783936
2015-06-24,2.6908600330352783
2015-06-25,2.641935110092163
2015-06-26,2.5930099487304688
2015-06-29,2.4951610565185547
2015-06-30,2.397310972213745
2015-07-01,2.5930099487304688
2015-07-02,2.4951610565185547
2015-07-03,2.4462358951568604
2015-07-06,2.397310972213745
2015-07-07,2.397310972213745
2015-07-08,2.1037631034851074
2015-07-09,2.054837942123413
2015-07-10,2.0059139728546143
2015-07-13,2.1526880264282227
2015-07-14,2.299462080001831
2015-07-15,2.4462358951568604
2015-07-16,2.299462080001831
2015-07-17,2.3483870029449463
2015-07-20,2.2505369186401367
2015-07-21,2.2016119956970215
2015-07-22,2.1037631034851074
2015-07-23,2.1037631034851074
2015-07-24,2.0059139728546143
2015-07-27,2.0059139728546143
2015-07-28,1.956989049911499
2015-07-29,2.0059139728546143
2015-07-30,2.2016119956970215
2015-07-31,2.0059139728546143
2015-08-03,1.9080640077590942
2015-08-04,1.8102149963378906
2015-08-05,1.6634399890899658
2015-08-06,1.7612899541854858
2015-08-07,1.7612899541854858
2015-08-10,1.7612899541854858
2015-08-11,1.956989049911499
2015-08-12,1.956989049911499
2015-08-13,1.9080640077590942
2015-08-14,1.8591389656066895
2015-08-17,1.9080640077590942
2015-08-18,1.8591389656066895
2015-08-19,1.8591389656066895
2015-08-20,1.7612899541854858
2015-08-21,1.8591389656066895
2015-08-24,1.7123650312423706
2015-08-25,1.7123650312423706
2015-08-26,1.614516019821167
2015-08-27,1.9080640077590942
2015-08-28,2.0059139728546143
2015-08-31,1.9080640077590942
2015-09-01,1.8591389656066895
2015-09-02,1.9080640077590942
2015-09-03,1.9080640077590942
2015-09-04,1.9080640077590942
2015-09-07,1.8102149963378906
2015-09-08,1.9080640077590942
2015-09-09,2.1526880264282227
2015-09-10,2.054837942123413
2015-09-11,2.054837942123413
2015-09-14,2.0059139728546143
2015-09-15,1.956989049911499
2015-09-16,1.956989049911499
2015-09-17,2.054837942123413
2015-09-18,1.9080640077590942
2015-09-21,1.8591389656066895
2015-09-22,1.8591389656066895
2015-09-23,1.7612899541854858
2015-09-24,1.7612899541854858
2015-09-25,1.7123650312423706
2015-09-28,1.8591389656066895
2015-09-29,1.614516019821167
2015-09-30,1.6634399890899658
2015-10-01,1.7123650312423706
2015-10-02,1.7612899541854858
2015-10-05,1.8102149963378906
2015-10-06,1.8102149963378906
2015-10-07,1.8102149963378906
2015-10-08,1.8591389656066895
2015-10-09,2.0059139728546143
2015-10-12,2.0059139728546143
2015-10-13,2.054837942123413
2015-10-14,2.054837942123413
2015-10-15,2.1037631034851074
2015-10-16,2.2016119956970215
2015-10-19,2.2505369186401367
2015-10-20,2.1037631034851074
2015-10-21,2.299462080001831
2015-10-22,2.1526880264282227
2015-10-23,2.2505369186401367
2015-10-26,2.299462080001831
2015-10-27,2.4462358951568604
2015-10-28,2.3483870029449463
2015-10-29,2.299462080001831
2015-10-30,2.397310972213745
2015-11-02,2.3483870029449463
2015-11-03,2.4462358951568604
2015-11-04,2.54408597946167
2015-11-05,2.7887089252471924
2015-11-06,2.7397849559783936
2015-11-09,2.5930099487304688
2015-11-10,2.54408597946167
2015-11-11,2.641935110092163
2015-11-12,2.641935110092163
2015-11-13,2.641935110092163
2015-11-16,2.4462358951568604
2015-11-17,2.54408597946167
2015-11-18,2.3483870029449463
2015-11-19,2.4462358951568604
2015-11-20,2.3483870029449463
2015-11-23,2.1526880264282227
2015-11-24,2.1526880264282227
2015-11-25,2.2016119956970215
2015-11-26,2.2016119956970215
2015-11-27,2.2016119956970215
2015-11-30,2.1526880264282227
2015-12-01,2.2016119956970215
2015-12-02,2.2505369186401367
2015-12-03,2.2505369186401367
2015-12-04,2.2016119956970215
2015-12-07,2.2016119956970215
2015-12-08,2.1037631034851074
2015-12-09,2.054837942123413
2015-12-10,2.1037631034851074
2015-12-11,2.1037631034851074
2015-12-14,2.054837942123413
2015-12-15,2.2016119956970215
2015-12-16,2.2016119956970215
2015-12-17,2.3483870029449463
2015-12-18,2.3483870029449463
2015-12-21,2.299462080001831
2015-12-22,2.2505369186401367
2015-12-23,2.1526880264282227
2015-12-24,2.299462080001831
2015-12-28,2.299462080001831
2015-12-29,2.299462080001831
2015-12-30,2.299462080001831
2015-12-31,2.3483870029449463
2016-01-04,2.4462358951568604
2016-01-05,2.4462358951568604
2016-01-06,2.4462358951568604
2016-01-07,2.299462080001831
2016-01-08,2.3483870029449463
2016-01-11,2.299462080001831
2016-01-12,2.2016119956970215
2016-01-13,2.2016119956970215
2016-01-14,2.1526880264282227
2016-01-15,2.2505369186401367
2016-01-18,2.2505369186401367
2016-01-19,2.1526880264282227
2016-01-20,2.054837942123413
2016-01-21,2.054837942123413
2016-01-22,2.054837942123413
2016-01-25,2.0059139728546143
2016-01-27,2.054837942123413
2016-01-28,2.054837942123413
2016-01-29,2.054837942123413
2016-02-01,2.1037631034851074
2016-02-02,2.1037631034851074
2016-02-03,2.1037631034851074
2016-02-04,2.054837942123413
2016-02-05,2.054837942123413
2016-02-08,2.054837942123413
2016-02-09,1.9080640077590942
2016-02-10,1.8102149963378906
2016-02-11,1.8591389656066895
2016-02-12,1.7123650312423706
2016-02-15,1.8102149963378906
2016-02-16,1.9080640077590942
2016-02-17,1.7612899541854858
2016-02-18,1.956989049911499
2016-02-19,1.956989049911499
2016-02-22,1.8591389656066895
2016-02-23,1.956989049911499
2016-02-24,1.8591389656066895
2016-02-25,1.8591389656066895
2016-02-26,1.8591389656066895
2016-02-29,1.8102149963378906
2016-03-01,1.8102149963378906
2016-03-02,1.8102149963378906
2016-03-03,1.8102149963378906
2016-03-04,1.9080640077590942
2016-03-07,1.956989049911499
2016-03-08,1.9080640077590942
2016-03-09,2.1526880264282227
2016-03-10,2.1526880264282227
2016-03-11,2.054837942123413
2016-03-14,1.956989049911499
2016-03-15,2.054837942123413
2016-03-16,2.0059139728546143
2016-03-17,2.1037631034851074
2016-03-18,2.1526880264282227
2016-03-21,2.299462080001831
2016-03-22,2.397310972213745
2016-03-23,2.4462358951568604
2016-03-24,2.4462358951568604
2016-03-29,2.54408597946167
2016-03-30,2.4462358951568604
2016-03-31,2.3483870029449463
2016-04-01,2.2505369186401367
2016-04-04,2.2505369186401367
2016-04-05,2.2505369186401367
2016-04-06,2.3483870029449463
2016-04-07,2.3483870029449463
2016-04-08,2.3483870029449463
2016-04-11,2.4951610565185547
2016-04-12,2.4951610565185547
2016-04-13,2.5930099487304688
2016-04-14,2.641935110092163
2016-04-15,2.5930099487304688
2016-04-18,2.4462358951568604
2016-04-19,2.54408597946167
2016-04-20,2.4462358951568604
2016-04-21,2.4462358951568604
2016-04-22,2.397310972213745
2016-04-26,2.3483870029449463
2016-04-27,2.397310972213745
2016-04-28,2.4951610565185547
2016-04-29,2.5930099487304688
2016-05-02,2.54408597946167
2016-05-03,2.4462358951568604
2016-05-04,2.397310972213745
2016-05-05,2.3483870029449463
2016-05-06,2.299462080001831
2016-05-09,2.3483870029449463
2016-05-10,2.2505369186401367
2016-05-11,2.299462080001831
2016-05-12,2.299462080001831
2016-05-13,2.2505369186401367
2016-05-16,2.2016119956970215
2016-05-17,2.2505369186401367
2016-05-18,2.2016119956970215
2016-05-19,2.1526880264282227
2016-05-20,2.2505369186401367
2016-05-23,2.2505369186401367
2016-05-24,2.2016119956970215
2016-05-25,2.2016119956970215
2016-05-26,2.2505369186401367
2016-05-27,2.2505369186401367
2016-05-30,2.2016119956970215
2016-05-31,2.1526880264282227
2016-06-01,2.1037631034851074
2016-06-02,2.054837942123413
2016-06-03,2.2016119956970215
2016-06-06,2.1037631034851074
2016-06-07,2.1037631034851074
2016-06-08,2.054837942123413
2016-06-09,2.054837942123413
2016-06-10,2.1526880264282227
2016-06-14,2.0059139728546143
2016-06-15,2.0059139728546143
2016-06-16,1.956989049911499
2016-06-17,1.8591389656066895
2016-06-20,1.8591389656066895
2016-06-21,1.956989049911499
2016-06-22,1.9080640077590942
2016-06-23,1.8591389656066895
2016-06-24,1.8591389656066895
2016-06-27,1.8102149963378906
2016-06-28,1.8102149963378906
2016-06-29,1.8591389656066895
2016-06-30,1.8102149963378906
2016-07-01,1.8591389656066895
2016-07-04,1.9080640077590942
2016-07-05,1.9080640077590942
2016-07-06,1.8102149963378906
2016-07-07,1.8102149963378906
2016-07-08,1.8102149963378906
2016-07-11,1.8102149963378906
2016-07-12,1.8102149963378906
2016-07-13,1.9080640077590942
2016-07-14,1.8591389656066895
2016-07-15,1.9080640077590942
2016-07-18,2.1037631034851074
2016-07-19,2.2505369186401367
2016-07-20,2.3483870029449463
2016-07-21,2.0059139728546143
2016-07-22,2.0059139728546143
2016-07-25,2.0059139728546143
2016-07-26,2.0059139728546143
2016-07-27,2.0059139728546143
2016-07-28,2.0059139728546143
2016-07-29,2.0059139728546143
2016-08-01,1.8102149963378906
2016-08-02,1.7612899541854858
2016-08-03,1.7123650312423706
2016-08-04,1.7123650312423706
2016-08-05,1.7123650312423706
2016-08-08,1.7123650312423706
2016-08-09,1.6634399890899658
2016-08-10,1.5655909776687622
2016-08-11,1.516666054725647
2016-08-12,1.614516019821167
2016-08-15,1.7123650312423706
2016-08-16,1.6634399890899658
2016-08-17,1.614516019821167
2016-08-18,1.6634399890899658
2016-08-19,1.6634399890899658
2016-08-22,1.6634399890899658
2016-08-23,1.7123650312423706
2016-08-24,1.6634399890899658
2016-08-25,1.614516019821167
2016-08-26,1.5655909776687622
2016-08-29,1.614516019821167
2016-08-30,1.5655909776687622
2016-08-31,1.5655909776687622
2016-09-01,1.614516019821167
2016-09-02,1.614516019821167
2016-09-05,1.614516019821167
2016-09-06,1.5655909776687622
2016-09-07,1.5655909776687622
2016-09-08,1.5655909776687622
2016-09-09,1.5655909776687622
2016-09-12,1.5655909776687622
2016-09-13,1.516666054725647
2016-09-14,1.516666054725647
2016-09-15,1.5655909776687622
2016-09-16,1.5655909776687622
2016-09-19,1.614516019821167
2016-09-20,1.614516019821167
2016-09-21,1.516666054725647
2016-09-22,1.614516019821167
2016-09-23,1.614516019821167
2016-09-26,1.614516019821167
2016-09-27,1.5655909776687622
2016-09-28,1.516666054725647
2016-09-29,1.4677410125732422
2016-09-30,1.4677410125732422
2016-10-03,1.4677410125732422
2016-10-04,1.4677410125732422
2016-10-05,1.4188170433044434
2016-10-06,1.516666054725647
2016-10-07,1.4677410125732422
2016-10-10,1.4677410125732422
2016-10-11,1.516666054725647
2016-10-12,1.5655909776687622
2016-10-13,1.5655909776687622
2016-10-14,1.5655909776687622
2016-10-17,1.5655909776687622
2016-10-18,1.5655909776687622
2016-10-19,1.516666054725647
2016-10-20,1.4188170433044434
2016-10-21,1.4677410125732422
2016-10-24,1.4677410125732422
2016-10-25,1.4188170433044434
2016-10-26,1.4677410125732422
2016-10-27,1.4677410125732422
2016-10-28,1.4677410125732422
2016-10-31,1.3698920011520386
2016-11-01,1.272042989730835
2016-11-02,1.2231179475784302
2016-11-03,1.4188170433044434
2016-11-04,1.4188170433044434
2016-11-07,1.3209669589996338
2016-11-08,1.3209669589996338
2016-11-09,1.3209669589996338
2016-11-10,1.272042989730835
2016-11-11,1.1252679824829102
2016-11-14,0.9687089920043945
2016-11-15,1.0274189710617065
2016-11-16,0.9784939885139465
2016-11-17,0.9784939885139465
2016-11-18,0.9393540024757385
2016-11-21,0.9295690059661865
2016-11-22,0.9295690059661865
2016-11-23,0.9589239954948425
2016-11-24,0.9784939885139465
2016-11-25,0.9589239954948425
2016-11-28,0.9589239954948425
2016-11-29,0.9393540024757385
2016-11-30,0.8121500015258789
2016-12-01,0.6360210180282593
2016-12-02,0.5773109793663025
2016-12-05,0.5870959758758545
2016-12-06,0.6947309970855713
2016-12-07,0.7240859866142273
2016-12-08,0.6751610040664673
2016-12-09,0.7045159935951233
2016-12-12,0.7240859866142273
2016-12-13,0.8121500015258789
2016-12-14,0.8121500015258789
2016-12-15,0.8121500015258789
2016-12-16,0.8415049910545349
2016-12-19,0.8708599805831909
2016-12-20,0.8415049910545349
2016-12-21,0.7925800085067749
2016-12-22,0.7534400224685669
2016-12-23,0.7143009901046753
2016-12-28,0.7143009901046753
2016-12-29,0.7534400224685669
2016-12-30,0.8415049910545349
2017-01-03,0.8806449770927429
2017-01-04,0.8512899875640869
2017-01-05,0.8610749840736389
2017-01-06,0.9784939885139465
2017-01-09,0.9295690059661865
2017-01-10,0.7730100154876709
2017-01-11,0.8219349980354309
2017-01-12,0.9002150297164917
2017-01-13,0.8806449770927429
2017-01-16,0.8708599805831909
2017-01-17,0.8415049910545349
2017-01-18,0.8317199945449829
2017-01-19,0.8219349980354309
2017-01-20,0.8512899875640869
2017-01-23,0.8219349980354309
2017-01-24,0.8904299736022949
2017-01-25,0.9589239954948425
2017-01-27,1.272042989730835
2017-01-30,1.272042989730835
2017-01-31,1.2231179475784302
2017-02-01,1.2231179475784302
2017-02-02,1.0763440132141113
2017-02-03,1.1252679824829102
2017-02-06,1.174193024635315
2017-02-07,1.2231179475784302
2017-02-08,1.3209669589996338
2017-02-09,1.516666054725647
2017-02-10,1.4188170433044434
2017-02-13,1.516666054725647
2017-02-14,1.5655909776687622
2017-02-15,1.4677410125732422
2017-02-16,1.3209669589996338
2017-02-17,1.272042989730835
2017-02-20,1.2231179475784302
2017-02-21,1.2231179475784302
2017-02-22,1.1252679824829102
2017-02-23,1.0763440132141113
2017-02-24,1.0274189710617065
2017-02-27,1.0274189710617065
2017-02-28,1.1252679824829102
2017-03-01,1.0763440132141113
2017-03-02,1.1252679824829102
2017-03-03,1.0763440132141113
2017-03-06,1.0274189710617065
2017-03-07,1.0274189710617065
2017-03-08,1.0274189710617065
2017-03-09,1.0274189710617065
2017-03-10,1.0274189710617065
2017-03-13,1.0274189710617065
2017-03-14,1.0274189710617065
2017-03-15,1.0274189710617065
2017-03-16,1.0274189710617065
2017-03-17,1.0274189710617065
2017-03-20,1.0274189710617065
2017-03-21,1.0274189710617065
2017-03-22,1.0274189710617065
2017-03-23,1.0274189710617065
2017-03-24,1.0274189710617065
2017-03-27,1.0274189710617065
2017-03-28,1.0274189710617065
2017-03-29,1.0274189710617065
2017-03-30,1.0274189710617065
2017-03-31,1.0274189710617065
2017-04-03,1.0274189710617065
2017-04-04,1.0274189710617065
2017-04-05,1.0274189710617065
2017-04-06,1.0274189710617065
2017-04-07,1.0274189710617065
2017-04-10,1.0274189710617065
2017-04-11,1.0274189710617065
2017-04-12,1.0274189710617065
2017-04-13,1.0274189710617065
2017-04-18,1.0274189710617065
2017-04-19,1.0274189710617065
2017-04-20,1.0274189710617065
2017-04-21,1.0274189710617065
2017-04-24,1.0274189710617065
2017-04-26,1.0274189710617065
2017-04-27,1.0274189710617065
2017-04-28,1.0274189710617065
2017-05-01,1.0274189710617065
2017-05-02,1.0274189710617065
2017-05-03,1.0274189710617065
2017-05-04,1.0274189710617065
2017-05-05,1.0274189710617065
2017-05-08,1.0274189710617065
2017-05-09,1.0274189710617065
2017-05-10,1.0274189710617065
2017-05-11,1.0274189710617065
2017-05-12,1.0274189710617065
2017-05-15,1.0274189710617065
2017-05-16,1.0274189710617065
2017-05-17,0.7240859866142273
2017-05-18,0.6751610040664673
2017-05-19,0.6653760075569153
2017-05-22,0.6555910110473633
2017-05-23,0.6262360215187073
2017-05-24,0.5773109793663025
2017-05-25,0.5675259828567505
2017-05-26,0.5479570031166077
2017-05-29,0.5479570031166077
2017-05-30,0.5577409863471985
2017-05-31,0.5381720066070557
2017-06-01,0.48924699425697327
2017-06-02,0.46967700123786926
2017-06-05,0.45010700821876526
2017-06-06,0.44032201170921326
2017-06-07,0.47946199774742126
2017-06-08,0.46967700123786926
2017-06-09,0.45989200472831726
2017-06-13,0.45989200472831726
2017-06-14,0.45989200472831726
2017-06-15,0.45989200472831726
2017-06-16,0.45989200472831726
2017-06-19,0.45989200472831726
2017-06-20,0.45989200472831726
2017-06-21,0.45989200472831726
2017-06-22,0.45989200472831726
2017-06-23,0.45989200472831726
2017-06-26,0.45989200472831726
2017-06-27,0.45989200472831726
2017-06-28,0.45989200472831726
2017-06-29,0.45989200472831726
2017-06-30,0.45989200472831726
2017-07-03,0.45989200472831726
2017-07-04,0.45989200472831726
2017-07-05,0.45989200472831726
2017-07-06,0.45989200472831726
2017-07-07,0.45989200472831726
2017-07-10,0.45989200472831726
2017-07-11,0.45989200472831726
2017-07-12,0.45989200472831726
2017-07-13,0.45989200472831726
2017-07-14,0.45989200472831726
2017-07-17,0.45989200472831726
2017-07-18,0.45989200472831726
2017-07-19,0.45989200472831726
2017-07-20,0.45989200472831726
2017-07-21,0.45989200472831726
2017-07-24,0.45989200472831726
2017-07-25,0.45989200472831726
2017-07-26,0.45989200472831726
2017-07-27,0.45989200472831726
2017-07-28,0.45989200472831726
2017-07-31,0.45989200472831726
2017-08-01,0.45989200472831726
2017-08-02,0.45989200472831726
2017-08-03,0.45989200472831726
2017-08-04,0.45989200472831726
2017-08-07,0.45989200472831726
2017-08-08,0.45989200472831726
2017-08-09,0.45989200472831726
2017-08-10,0.45989200472831726
2017-08-11,0.45989200472831726
2017-08-14,0.45989200472831726
2017-08-15,0.45989200472831726
2017-08-16,0.45989200472831726
2017-08-17,0.45989200472831726
2017-08-18,0.45989200472831726
2017-08-21,0.45989200472831726
2017-08-22,0.45989200472831726
2017-08-23,0.45989200472831726
2017-08-24,0.45989200472831726
2017-08-25,0.45989200472831726
2017-08-28,0.45989200472831726
2017-08-29,0.45989200472831726
2017-08-30,0.45989200472831726
2017-08-31,0.45989200472831726
2017-09-01,0.45989200472831726
2017-09-04,0.45989200472831726
2017-09-05,0.45989200472831726
2017-09-06,0.45989200472831726
2017-09-07,0.45989200472831726
2017-09-08,0.45989200472831726
2017-09-11,0.45989200472831726
2017-09-12,0.45989200472831726
2017-09-13,0.45989200472831726
2017-09-14,0.45989200472831726
2017-09-15,0.45989200472831726
2017-09-18,0.45989200472831726
2017-09-19,0.45989200472831726
2017-09-20,0.45989200472831726
2017-09-21,0.45989200472831726
2017-09-22,0.45989200472831726
2017-09-25,0.45989200472831726
2017-09-26,0.45989200472831726
2017-09-27,0.45989200472831726
2017-09-28,0.45989200472831726
2017-09-29,0.45989200472831726
2017-10-02,0.45989200472831726
2017-10-03,0.45989200472831726
2017-10-04,0.45989200472831726
2017-10-05,0.45989200472831726
2017-10-06,0.45989200472831726
2017-10-09,0.45989200472831726
2017-10-10,0.45989200472831726
2017-10-11,0.45989200472831726
2017-10-12,0.45989200472831726
2017-10-13,0.45989200472831726
2017-10-16,0.45989200472831726
2017-10-17,0.45989200472831726
2017-10-18,0.45989200472831726
2017-10-19,0.45989200472831726
2017-10-20,0.45989200472831726
2017-10-23,0.45989200472831726
2017-10-24,0.45989200472831726
2017-10-25,0.45989200472831726
2017-10-26,0.45989200472831726
2017-10-27,0.45989200472831726
2017-10-30,0.45989200472831726
2017-10-31,0.45989200472831726
2017-11-01,0.45989200472831726
2017-11-02,0.45989200472831726
2017-11-03,0.45989200472831726
2017-11-06,0.45989200472831726
2017-11-07,0.45989200472831726
2017-11-08,0.45989200472831726
2017-11-09,0.45989200472831726
2017-11-10,0.45989200472831726
2017-11-13,0.45989200472831726
2017-11-14,0.45989200472831726
2017-11-15,0.45989200472831726
2017-11-16,0.45989200472831726
2017-11-17,0.45989200472831726
2017-11-20,0.45989200472831726
2017-11-21,0.45989200472831726
2017-11-22,0.45989200472831726
2017-11-23,0.45989200472831726
2017-11-24,0.45989200472831726
2017-11-27,0.45989200472831726
2017-11-28,0.45989200472831726
2017-11-29,0.45989200472831726
2017-11-30,0.45989200472831726
2017-12-01,0.45989200472831726
2017-12-04,0.45989200472831726
2017-12-05,0.45989200472831726
2017-12-06,0.45989200472831726
2017-12-07,0.45989200472831726
2017-12-08,0.45989200472831726
2017-12-11,0.45989200472831726
2017-12-12,0.45989200472831726
2017-12-13,0.45989200472831726
2017-12-14,0.45989200472831726
2017-12-15,0.45989200472831726
2017-12-18,0.45989200472831726
2017-12-19,0.45989200472831726
2017-12-20,0.45989200472831726
2017-12-21,0.45989200472831726
2017-12-22,0.45989200472831726
2017-12-27,0.45989200472831726
2017-12-28,0.45989200472831726
2017-12-29,0.45989200472831726
2018-01-02,0.45989200472831726
2018-01-03,0.45989200472831726
2018-01-04,0.45989200472831726
2018-01-05,0.45989200472831726
2018-01-08,0.45989200472831726
2018-01-09,0.45989200472831726
2018-01-10,0.45989200472831726
2018-01-11,0.45989200472831726
2018-01-12,0.45989200472831726
2018-01-15,0.45989200472831726
2018-01-16,0.45989200472831726
2018-01-17,0.45989200472831726
2018-01-18,0.45989200472831726
2018-01-19,0.45989200472831726
2018-01-22,0.45989200472831726
2018-01-23,0.45989200472831726
2018-01-24,0.45989200472831726
2018-01-25,0.45989200472831726
2018-01-29,0.45989200472831726
2018-01-30,0.45989200472831726
2018-01-31,0.45989200472831726
2018-02-01,0.45989200472831726
2018-02-02,0.45989200472831726
2018-02-05,0.45989200472831726
2018-02-06,0.45989200472831726
2018-02-07,0.45989200472831726
2018-02-08,0.45989200472831726
2018-02-09,0.45989200472831726
2018-02-12,0.45989200472831726
2018-02-13,0.45989200472831726
2018-02-14,0.45989200472831726
2018-02-15,0.45989200472831726
2018-02-16,1.9080640077590942
2018-02-19,1.9080640077590942
2018-02-20,1.8591389656066895
2018-02-21,1.516666054725647
2018-02-22,1.4677410125732422
2018-02-23,1.4188170433044434
2018-02-26,1.4677410125732422
2018-02-27,1.516666054725647
2018-02-28,1.516666054725647
2018-03-01,1.6634399890899658
2018-03-02,1.9080640077590942
2018-03-05,1.614516019821167
2018-03-06,1.6634399890899658
2018-03-07,1.6634399890899658
2018-03-08,1.6634399890899658
2018-03-09,1.5655909776687622
2018-03-12,1.6634399890899658
2018-03-13,1.7123650312423706
2018-03-14,1.6634399890899658
2018-03-15,1.6634399890899658
2018-03-16,1.6634399890899658
2018-03-19,1.614516019821167
2018-03-20,1.614516019821167
2018-03-21,1.614516019821167
2018-03-22,1.614516019821167
2018-03-23,1.614516019821167
2018-03-26,1.6634399890899658
2018-03-27,1.6634399890899658
2018-03-28,1.6879030466079712
2018-03-29,1.6634399890899658
2018-04-03,1.6634399890899658
2018-04-04,1.6634399890899658
2018-04-05,1.7123650312423706
2018-04-06,1.7123650312423706
2018-04-09,1.7612899541854858
2018-04-10,1.6634399890899658
2018-04-11,1.614516019821167
2018-04-12,1.5655909776687622
2018-04-13,1.5655909776687622
2018-04-16,1.5655909776687622
2018-04-17,1.6634399890899658
2018-04-18,1.6634399890899658
2018-04-19,1.614516019821167
2018-04-20,1.5655909776687622
2018-04-23,1.5655909776687622
2018-04-24,1.5655909776687622
2018-04-26,1.4677410125732422
2018-04-27,1.272042989730835
2018-04-30,1.2231179475784302
2018-05-01,1.3209669589996338
2018-05-02,1.3209669589996338
2018-05-03,1.3698920011520386
2018-05-04,1.272042989730835
2018-05-07,1.174193024635315
2018-05-08,1.174193024635315
2018-05-09,1.174193024635315
2018-05-10,1.2231179475784302
2018-05-11,1.174193024635315
2018-05-14,1.0763440132141113
2018-05-15,1.0763440132141113
2018-05-16,1.1252679824829102
2018-05-17,1.174193024635315
2018-05-18,1.174193024635315
2018-05-21,1.174193024635315
2018-05-22,1.174193024635315
2018-05-23,1.3209669589996338
2018-05-24,1.4188170433044434
2018-05-25,1.3698920011520386
2018-05-28,1.4677410125732422
2018-05-29,1.4188170433044434
2018-05-30,1.4188170433044434
2018-05-31,1.516666054725647
2018-06-01,1.4677410125732422
2018-06-04,1.5655909776687622
2018-06-05,1.6634399890899658
2018-06-06,1.6634399890899658
2018-06-07,1.614516019821167
2018-06-08,1.5655909776687622
2018-06-12,1.7123650312423706
2018-06-13,1.7612899541854858
2018-06-14,1.8591389656066895
2018-06-15,1.8102149963378906
2018-06-18,1.7123650312423706
2018-06-19,1.6634399890899658
2018-06-20,1.7123650312423706
2018-06-21,1.8102149963378906
2018-06-22,1.7612899541854858
2018-06-25,1.7123650312423706
2018-06-26,1.7123650312423706
2018-06-27,1.6634399890899658
2018-06-28,1.7612899541854858
2018-06-29,1.7123650312423706
2018-07-02,1.7123650312423706
2018-07-03,1.8102149963378906
2018-07-04,1.7612899541854858
2018-07-05,1.7612899541854858
2018-07-06,1.7123650312423706
2018-07-09,1.7123650312423706
2018-07-10,1.7612899541854858
2018-07-11,1.7612899541854858
2018-07-12,1.7123650312423706
2018-07-13,1.7123650312423706
2018-07-16,1.7123650312423706
2018-07-17,1.6634399890899658
2018-07-18,1.7123650312423706
2018-07-19,1.7612899541854858
2018-07-20,1.7123650312423706
2018-07-23,1.8102149963378906
2018-07-24,1.7857520580291748
2018-07-25,1.7612899541854858
2018-07-26,1.8591389656066895
2018-07-27,2.1037631034851074
2018-07-30,2.0059139728546143
2018-07-31,1.956989049911499
2018-08-01,1.956989049911499
2018-08-02,2.0059139728546143
2018-08-03,2.054837942123413
2018-08-06,2.0059139728546143
2018-08-07,1.956989049911499
2018-08-08,1.956989049911499
2018-08-09,2.0059139728546143
2018-08-10,1.956989049911499
2018-08-13,1.9080640077590942
2018-08-14,1.8102149963378906
2018-08-15,1.8591389656066895
2018-08-16,1.8102149963378906
2018-08-17,1.8102149963378906
2018-08-20,1.9080640077590942
2018-08-21,1.9080640077590942
2018-08-22,1.9080640077590942
2018-08-23,2.054837942123413
2018-08-24,2.054837942123413
2018-08-27,1.956989049911499
2018-08-28,1.9080640077590942
2018-08-29,1.956989049911499
2018-08-30,1.9080640077590942
2018-08-31,1.9080640077590942
2018-09-03,1.8102149963378906
2018-09-04,1.8591389656066895
2018-09-05,1.8591389656066895
2018-09-06,1.7612899541854858
2018-09-07,1.7612899541854858
2018-09-10,1.7123650312423706
2018-09-11,1.7612899541854858
2018-09-12,1.8102149963378906
2018-09-13,1.8591389656066895
2018-09-14,1.8102149963378906
2018-09-17,1.8591389656066895
2018-09-18,1.9080640077590942
2018-09-19,1.9080640077590942
2018-09-20,1.956989049911499
2018-09-21,1.956989049911499
2018-09-24,1.9080640077590942
2018-09-25,1.8591389656066895
2018-09-26,1.8102149963378906
2018-09-27,1.9080640077590942
2018-09-28,1.956989049911499
2018-10-01,1.9080640077590942
2018-10-02,1.9080640077590942
2018-10-03,1.956989049911499
2018-10-04,2.0059139728546143
2018-10-05,1.956989049911499
2018-10-08,1.8591389656066895
2018-10-09,1.8591389656066895
2018-10-10,1.8591389656066895
2018-10-11,1.7612899541854858
2018-10-12,1.8102149963378906
2018-10-15,1.7612899541854858
2018-10-16,1.8102149963378906
2018-10-17,1.8102149963378906
2018-10-18,1.9080640077590942
2018-10-19,1.9080640077590942
2018-10-22,1.8591389656066895
2018-10-23,1.8102149963378906
2018-10-24,1.8591389656066895
2018-10-25,1.7612899541854858
2018-10-26,1.614516019821167
2018-10-29,1.614516019821167
2018-10-30,1.614516019821167
2018-10-31,1.6634399890899658
2018-11-01,1.7612899541854858
2018-11-02,1.9080640077590942
2018-11-05,1.8102149963378906
2018-11-06,1.9080640077590942
2018-11-07,2.0059139728546143
2018-11-08,2.0059139728546143
2018-11-09,2.054837942123413
2018-11-12,1.9080640077590942
2018-11-13,2.1526880264282227
2018-11-14,2.0059139728546143
2018-11-15,1.9080640077590942
2018-11-16,1.956989049911499
2018-11-19,1.956989049911499
2018-11-20,1.956989049911499
2018-11-21,1.8591389656066895
2018-11-22,1.8591389656066895
2018-11-23,1.9080640077590942
2018-11-26,1.956989049911499
2018-11-27,1.956989049911499
2018-11-28,1.8591389656066895
2018-11-29,1.956989049911499
2018-11-30,1.956989049911499
2018-12-03,1.9080640077590942
2018-12-04,2.0059139728546143
2018-12-05,1.9080640077590942
2018-12-06,1.8591389656066895
2018-12-07,1.8102149963378906
2018-12-10,1.6634399890899658
2018-12-11,1.7123650312423706
2018-12-12,1.7612899541854858
2018-12-13,1.8102149963378906
2018-12-14,1.7612899541854858
2018-12-17,1.8102149963378906
2018-12-18,1.8102149963378906
2018-12-19,1.7612899541854858
2018-12-20,1.7123650312423706
2018-12-21,1.614516019821167
2018-12-24,1.5655909776687622
2018-12-27,1.7123650312423706
2018-12-28,1.8102149963378906
2018-12-31,1.7612899541854858
2019-01-02,1.614516019821167
2019-01-03,1.614516019821167
2019-01-04,1.6634399890899658
2019-01-07,1.7123650312423706
2019-01-08,1.7123650312423706
2019-01-09,1.6634399890899658
2019-01-10,1.7123650312423706
2019-01-11,1.6634399890899658
2019-01-14,1.7123650312423706
2019-01-15,1.7123650312423706
2019-01-16,1.7123650312423706
2019-01-17,1.6634399890899658
2019-01-18,1.7123650312423706
2019-01-21,1.7612899541854858
2019-01-22,1.7123650312423706
2019-01-23,1.6634399890899658
2019-01-24,1.6634399890899658
2019-01-25,1.7612899541854858
2019-01-29,1.7612899541854858
2019-01-30,1.7123650312423706
2019-01-31,1.6634399890899658
2019-02-01,1.7123650312423706
2019-02-04,1.7123650312423706
2019-02-05,1.8102149963378906
2019-02-06,1.9080640077590942
2019-02-07,1.9080640077590942
2019-02-08,1.8102149963378906
2019-02-11,1.8591389656066895
2019-02-12,1.8591389656066895
2019-02-13,1.8591389656066895
2019-02-14,1.8102149963378906
2019-02-15,1.9080640077590942
2019-02-18,1.9080640077590942
2019-02-19,1.8102149963378906
2019-02-20,1.8102149963378906
2019-02-21,1.8102149963378906
2019-02-22,1.8102149963378906
2019-02-25,1.8102149963378906
2019-02-26,1.7612899541854858
2019-02-27,1.7123650312423706
2019-02-28,1.7123650312423706
2019-03-01,1.614516019821167
2019-03-04,1.6634399890899658
2019-03-05,1.516666054725647
2019-03-06,1.5655909776687622
2019-03-07,1.516666054725647
2019-03-08,1.614516019821167
2019-03-11,1.614516019821167
2019-03-12,1.614516019821167
2019-03-13,1.614516019821167
2019-03-14,1.6634399890899658
2019-03-15,1.614516019821167
2019-03-18,1.6634399890899658
2019-03-19,1.614516019821167
2019-03-20,1.614516019821167
2019-03-21,1.614516019821167
2019-03-22,1.5655909776687622
2019-03-25,1.5655909776687622
2019-03-26,1.516666054725647
2019-03-27,1.4188170433044434
2019-03-28,1.4188170433044434
2019-03-29,1.272042989730835
2019-04-01,1.4188170433044434
2019-04-02,1.4677410125732422
2019-04-03,1.516666054725647
2019-04-04,1.4188170433044434
2019-04-05,1.3698920011520386
2019-04-08,1.3698920011520386
2019-04-09,1.4188170433044434
2019-04-10,1.3698920011520386
2019-04-11,1.3209669589996338
2019-04-12,1.4188170433044434
2019-04-15,1.3698920011520386
2019-04-16,1.3209669589996338
2019-04-17,1.272042989730835
2019-04-18,1.2231179475784302
2019-04-23,1.2231179475784302
2019-04-24,1.4188170433044434
2019-04-26,1.3698920011520386
2019-04-29,1.3209669589996338
2019-04-30,1.272042989730835
2019-05-01,1.3209669589996338
2019-05-02,1.272042989730835
2019-05-03,1.2231179475784302
2019-05-06,1.2231179475784302
2019-05-07,1.2231179475784302
2019-05-08,1.174193024635315
2019-05-09,1.2231179475784302
2019-05-10,1.2231179475784302
2019-05-13,1.174193024635315
2019-05-14,1.174193024635315
2019-05-15,1.2231179475784302
2019-05-16,1.272042989730835
2019-05-17,1.272042989730835
2019-05-20,1.174193024635315
2019-05-21,1.2231179475784302
2019-05-22,1.2231179475784302
2019-05-23,1.2231179475784302
2019-05-24,1.174193024635315
2019-05-27,1.2231179475784302
2019-05-28,1.1252679824829102
2019-05-29,1.0763440132141113
2019-05-30,1.174193024635315
2019-05-31,1.174193024635315
2019-06-03,1.1252679824829102
2019-06-04,1.2231179475784302
2019-06-05,1.3209669589996338
2019-06-06,1.3209669589996338
2019-06-07,1.3209669589996338
2019-06-11,1.272042989730835
2019-06-12,1.2231179475784302
2019-06-13,1.272042989730835
2019-06-14,1.272042989730835
2019-06-17,1.272042989730835
2019-06-18,1.2231179475784302
2019-06-19,1.174193024635315
2019-06-20,1.1497310400009155
2019-06-21,1.272042989730835
2019-06-24,1.174193024635315
2019-06-25,1.174193024635315
2019-06-26,1.174193024635315
2019-06-27,1.174193024635315
2019-06-28,1.2231179475784302
2019-07-01,1.2231179475784302
2019-07-02,1.2231179475784302
2019-07-03,1.4188170433044434
2019-07-04,1.4188170433044434
2019-07-05,1.3698920011520386
2019-07-08,1.3698920011520386
2019-07-09,1.4188170433044434
2019-07-10,1.3698920011520386
2019-07-11,1.4188170433044434
2019-07-12,1.3698920011520386
2019-07-15,1.4677410125732422
2019-07-16,1.3698920011520386
2019-07-17,1.3698920011520386
2019-07-18,1.4188170433044434
2019-07-19,1.4188170433044434
2019-07-22,1.4677410125732422
2019-07-23,1.5655909776687622
2019-07-24,1.4677410125732422
2019-07-25,1.516666054725647
2019-07-26,1.4677410125732422
2019-07-29,1.4677410125732422
2019-07-30,1.4677410125732422
2019-07-31,1.5655909776687622
2019-08-01,1.516666054725647
2019-08-02,1.4188170433044434
2019-08-05,1.4188170433044434
2019-08-06,1.272042989730835
2019-08-07,1.3698920011520386
2019-08-08,1.3698920011520386
2019-08-09,1.3209669589996338
2019-08-12,1.272042989730835
2019-08-13,1.3209669589996338
2019-08-14,1.3209669589996338
2019-08-15,1.2231179475784302
2019-08-16,1.272042989730835
2019-08-19,1.2231179475784302
2019-08-20,1.2231179475784302
2019-08-21,1.272042989730835
2019-08-22,1.3209669589996338
2019-08-23,1.272042989730835
2019-08-26,1.272042989730835
2019-08-27,1.3209669589996338
2019-08-28,1.3209669589996338
2019-08-29,1.3698920011520386
2019-08-30,1.4188170433044434
2019-09-02,1.3209669589996338
2019-09-03,1.3209669589996338
2019-09-04,1.4188170433044434
2019-09-05,1.3698920011520386
2019-09-06,1.3698920011520386
2019-09-09,1.3209669589996338
2019-09-10,1.3209669589996338
2019-09-11,1.3209669589996338
2019-09-12,1.3209669589996338
2019-09-13,1.174193024635315
2019-09-16,1.174193024635315
2019-09-17,1.1252679824829102
2019-09-18,1.1252679824829102
2019-09-19,1.0763440132141113
2019-09-20,1.174193024635315
2019-09-23,1.0763440132141113
2019-09-24,1.0763440132141113
2019-09-25,1.0763440132141113
2019-09-26,1.0763440132141113
2019-09-27,0.9784939885139465
2019-09-30,1.0763440132141113
2019-10-01,0.9784939885139465
2019-10-02,0.9589239954948425
2019-10-03,0.9687089920043945
2019-10-04,0.9784939885139465
2019-10-07,0.9491389989852905
2019-10-08,0.9491389989852905
2019-10-09,0.9589239954948425
2019-10-10,0.9393540024757385
2019-10-11,0.9784939885139465
2019-10-14,0.9197840094566345
2019-10-15,0.9002150297164917
2019-10-16,0.8708599805831909
2019-10-17,0.8708599805831909
2019-10-18,0.8708599805831909
2019-10-21,0.8610749840736389
2019-10-22,0.8610749840736389
2019-10-23,0.8317199945449829
2019-10-24,0.8219349980354309
2019-10-25,0.7827950119972229
2019-10-28,0.7632250189781189
2019-10-29,0.7730100154876709
2019-10-30,0.7632250189781189
2019-10-31,0.8121500015258789
2019-11-01,0.8415049910545349
2019-11-04,0.8219349980354309
2019-11-05,0.9002150297164917
2019-11-06,0.9002150297164917
2019-11-07,0.9197840094566345
2019-11-08,0.9002150297164917
2019-11-11,0.8610749840736389
2019-11-12,0.8806449770927429
2019-11-13,0.8806449770927429
2019-11-14,0.8610749840736389
2019-11-15,0.8610749840736389
2019-11-18,0.8610749840736389
2019-11-19,0.8512899875640869
2019-11-20,0.8708599805831909
2019-11-21,0.8512899875640869
2019-11-22,0.8512899875640869
2019-11-25,0.8317199945449829
2019-11-26,0.8219349980354309
2019-11-27,0.8219349980354309
2019-11-28,0.8512899875640869
2019-11-29,0.8512899875640869
2019-12-02,0.8512899875640869
2019-12-03,0.8415049910545349
2019-12-04,0.8317199945449829
2019-12-05,0.8219349980354309
2019-12-06,0.8317199945449829
2019-12-09,0.8610749840736389
2019-12-10,0.8806449770927429
2019-12-11,0.8708599805831909
2019-12-12,0.8317199945449829
2019-12-13,0.8806449770927429
2019-12-16,0.8512899875640869
2019-12-17,0.8317199945449829
2019-12-18,0.8317199945449829
2019-12-19,0.8121500015258789
2019-12-20,0.9197840094566345
2019-12-23,0.8806449770927429
2019-12-24,0.9100000262260437
2019-12-27,0.9197840094566345
2019-12-30,0.9393540024757385
2019-12-31,0.9687089920043945
2020-01-02,0.9784939885139465
2020-01-03,0.9295690059661865
2020-01-06,0.9393540024757385
2020-01-07,0.9100000262260437
2020-01-08,0.9295690059661865
2020-01-09,0.9002150297164917
2020-01-10,0.8806449770927429
2020-01-13,0.8806449770927429
2020-01-14,0.8610749840736389
2020-01-15,0.8708599805831909
2020-01-16,0.8708599805831909
2020-01-17,0.9197840094566345
2020-01-20,0.8904299736022949
2020-01-21,0.8806449770927429
2020-01-22,0.8904299736022949
2020-01-23,0.8610749840736389
2020-01-24,0.8610749840736389
2020-01-28,0.8219349980354309
2020-01-29,0.8023650050163269
2020-01-30,0.8121500015258789
2020-01-31,0.8317199945449829
2020-02-03,0.8512899875640869
2020-02-04,0.8512899875640869
2020-02-05,0.8708599805831909
2020-02-06,0.8708599805831909
2020-02-07,0.8317199945449829
2020-02-10,0.8415049910545349
2020-02-11,0.9100000262260437
2020-02-12,0.9687089920043945
2020-02-13,0.9295690059661865
2020-02-14,0.9100000262260437
2020-02-17,0.9002150297164917
2020-02-18,0.8806449770927429
2020-02-19,0.9100000262260437
2020-02-20,0.9100000262260437
2020-02-21,0.8610749840736389
2020-02-24,0.8317199945449829
2020-02-25,0.8121500015258789
2020-02-26,0.8023650050163269
2020-02-27,0.7925800085067749
2020-02-28,0.8023650050163269
2020-03-02,0.7827950119972229
2020-03-03,0.8023650050163269
2020-03-04,0.7827950119972229
2020-03-05,0.7730100154876709
2020-03-06,0.7632250189781189
2020-03-09,0.7338700294494629
2020-03-10,0.7632250189781189
2020-03-11,0.7240859866142273
2020-03-12,0.6360210180282593
2020-03-13,0.5577409863471985
2020-03-16,0.48924699425697327
2020-03-17,0.49903199076652527
2020-03-18,0.48924699425697327
2020-03-19,0.39139699935913086
2020-03-20,0.39139699935913086
2020-03-23,0.37182700634002686
2020-03-24,0.42075198888778687
2020-03-25,0.44032201170921326
2020-03-26,0.5186020135879517
2020-03-27,0.5186020135879517
2020-03-30,0.5479570031166077
2020-03-31,0.47946199774742126
2020-04-01,0.5381720066070557
2020-04-02,0.5283870100975037
2020-04-03,0.5381720066070557
2020-04-06,0.5283870100975037
2020-04-07,0.48924699425697327
2020-04-08,0.5968809723854065
2020-04-09,0.7143009901046753
2020-04-14,0.9100000262260437
2020-04-15,1.1252679824829102
2020-04-16,0.9784939885139465
2020-04-17,1.0274189710617065
2020-04-20,1.0274189710617065
2020-04-21,1.0763440132141113
2020-04-22,1.0274189710617065
2020-04-23,1.0763440132141113
2020-04-24,1.0274189710617065
2020-04-27,0.9589239954948425
2020-04-28,0.9784939885139465
2020-04-29,1.0274189710617065
2020-04-30,1.0274189710617065
2020-05-01,1.0763440132141113
2020-05-04,1.0274189710617065
2020-05-05,1.0274189710617065
2020-05-06,1.1252679824829102
2020-05-07,1.174193024635315
2020-05-08,1.272042989730835
2020-05-11,1.272042989730835
2020-05-12,1.2231179475784302
2020-05-13,1.174193024635315
2020-05-14,1.0763440132141113
2020-05-15,1.0274189710617065
2020-05-18,1.1252679824829102
2020-05-19,1.2231179475784302
2020-05-20,1.2231179475784302
2020-05-21,1.2231179475784302
2020-05-22,1.174193024635315
2020-05-25,1.174193024635315
2020-05-26,1.174193024635315
2020-05-27,1.174193024635315
2020-05-28,1.174193024635315
2020-05-29,1.1252679824829102
2020-06-01,1.0763440132141113
2020-06-02,1.1252679824829102
2020-06-03,1.1252679824829102
2020-06-04,1.1252679824829102
2020-06-05,1.1252679824829102
2020-06-09,1.0763440132141113
2020-06-10,1.0763440132141113
2020-06-11,1.0763440132141113
2020-06-12,1.0274189710617065
2020-06-15,1.0274189710617065
2020-06-16,1.0274189710617065
2020-06-17,1.0274189710617065
2020-06-18,1.0274189710617065
2020-06-19,0.9589239954948425
2020-06-22,0.9197840094566345
2020-06-23,0.9589239954948425
2020-06-24,0.9784939885139465
2020-06-25,0.9393540024757385
2020-06-26,0.9002150297164917
2020-06-29,0.9197840094566345
2020-06-30,0.9784939885139465
2020-07-01,1.0274189710617065
2020-07-02,1.1252679824829102
2020-07-03,1.174193024635315
2020-07-06,1.174193024635315
2020-07-07,1.0763440132141113
2020-07-08,1.1252679824829102
2020-07-09,1.1252679824829102
2020-07-10,1.2231179475784302
2020-07-13,1.174193024635315
2020-07-14,1.0763440132141113
2020-07-15,1.174193024635315
2020-07-16,1.1252679824829102
2020-07-17,1.2231179475784302
2020-07-20,1.3698920011520386
2020-07-21,1.4188170433044434
2020-07-22,1.3209669589996338
2020-07-23,1.3698920011520386
2020-07-24,1.3698920011520386
2020-07-27,1.3698920011520386
2020-07-28,1.3698920011520386
2020-07-29,1.3209669589996338
2020-07-30,1.174193024635315
2020-07-31,1.2231179475784302
2020-08-03,1.2231179475784302
2020-08-04,1.3698920011520386
2020-08-05,1.3698920011520386
2020-08-06,1.4188170433044434
2020-08-07,1.4677410125732422
2020-08-10,1.3698920011520386
2020-08-11,1.3698920011520386
2020-08-12,1.3698920011520386
2020-08-13,1.4188170433044434
2020-08-14,1.3698920011520386
2020-08-17,1.3698920011520386
2020-08-18,1.3698920011520386
2020-08-19,1.3698920011520386
2020-08-20,1.4677410125732422
2020-08-21,1.7123650312423706
2020-08-24,1.5655909776687622
2020-08-25,1.614516019821167
2020-08-26,1.614516019821167
2020-08-27,1.614516019821167
2020-08-28,1.614516019821167
2020-08-31,1.614516019821167
2020-09-01,1.6634399890899658
2020-09-02,1.5655909776687622
2020-09-03,1.614516019821167
2020-09-04,1.516666054725647
2020-09-07,1.4188170433044434
2020-09-08,1.4677410125732422
2020-09-09,1.4677410125732422
2020-09-10,1.4188170433044434
2020-09-11,1.4188170433044434
2020-09-14,1.4188170433044434
2020-09-15,1.516666054725647
2020-09-16,1.516666054725647
2020-09-17,1.4188170433044434
2020-09-18,1.4188170433044434
2020-09-21,1.3209669589996338
2020-09-22,1.272042989730835
2020-09-23,1.272042989730835
2020-09-24,1.2231179475784302
2020-09-25,1.3209669589996338
2020-09-28,1.2231179475784302
2020-09-29,1.272042989730835
2020-09-30,1.2231179475784302
2020-10-01,1.272042989730835
2020-10-02,1.174193024635315
2020-10-05,1.2231179475784302
2020-10-06,1.2231179475784302
2020-10-07,1.2231179475784302
2020-10-08,1.174193024635315
2020-10-09,1.2231179475784302
2020-10-12,1.174193024635315
2020-10-13,1.174193024635315
2020-10-14,1.1252679824829102
2020-10-15,1.1252679824829102
2020-10-16,1.174193024635315
2020-10-19,1.174193024635315
2020-10-20,1.2231179475784302
2020-10-21,1.272042989730835
2020-10-22,1.272042989730835
2020-10-23,1.174193024635315
2020-10-26,1.2231179475784302
2020-10-27,1.2231179475784302
2020-10-28,1.2231179475784302
2020-10-29,1.174193024635315
2020-10-30,1.272042989730835
2020-11-02,1.174193024635315
2020-11-03,1.174193024635315
2020-11-04,1.174193024635315
2020-11-05,1.2231179475784302
2020-11-06,1.272042989730835
2020-11-09,1.272042989730835
2020-11-10,1.2231179475784302
2020-11-11,1.272042989730835
2020-11-12,1.4188170433044434
2020-11-13,1.3209669589996338
2020-11-16,1.3209669589996338
2020-11-17,1.3698920011520386
2020-11-18,1.3698920011520386
2020-11-19,1.3698920011520386
2020-11-20,1.3698920011520386
2020-11-23,1.3698920011520386
2020-11-24,1.3209669589996338
2020-11-25,1.4677410125732422
2020-11-26,1.4188170433044434
2020-11-27,1.516666054725647
2020-11-30,1.4677410125732422
2020-12-01,1.6634399890899658
2020-12-02,1.5655909776687622
2020-12-03,1.7123650312423706
2020-12-04,1.614516019821167
2020-12-07,2.054837942123413
2020-12-08,2.1526880264282227
2020-12-09,2.1037631034851074
2020-12-10,2.0059139728546143
2020-12-11,2.054837942123413
2020-12-14,2.4462358951568604
2020-12-15,2.2016119956970215
2020-12-16,2.4951610565185547
2020-12-17,2.641935110092163
2020-12-18,2.299462080001831
2020-12-21,2.3483870029449463
2020-12-22,2.397310972213745
2020-12-23,2.3483870029449463
2020-12-24,2.4462358951568604
2020-12-29,2.6908600330352783
2020-12-30,2.6908600330352783
2020-12-31,2.4462358951568604
2021-01-04,2.641935110092163
2021-01-05,2.7397849559783936
2021-01-06,2.935482978820801
2021-01-07,3.0822579860687256
2021-01-08,3.0333330631256104
2021-01-11,2.984407901763916
2021-01-12,2.8376340866088867
2021-01-13,2.935482978820801
2021-01-14,3.0822579860687256
2021-01-15,3.4736549854278564
2021-01-18,3.229032039642334
2021-01-19,2.935482978820801
2021-01-20,3.0822579860687256
2021-01-21,3.326880931854248
2021-01-22,3.1311819553375244
2021-01-25,3.277956962585449
2021-01-27,3.0822579860687256
2021-01-28,2.7397849559783936
2021-01-29,2.641935110092163
2021-02-01,2.54408597946167
2021-02-02,3.326880931854248
2021-02-03,3.1801071166992188
2021-02-04,3.0333330631256104
2021-02-05,3.229032039642334
2021-02-08,3.326880931854248
2021-02-09,3.3758060932159424
2021-02-10,3.4247310161590576
2021-02-11,3.4247310161590576
2021-02-12,3.277956962585449
2021-02-15,3.6204299926757812
2021-02-16,3.6204299926757812
2021-02-17,4.25645112991333
2021-02-18,3.7672040462493896
2021-02-19,3.7182788848876953
2021-02-22,3.913978099822998
2021-02-23,3.816128969192505
2021-02-24,3.66935396194458
2021-02-25,3.913978099822998
2021-02-26,3.913978099822998
2021-03-01,4.109676837921143
2021-03-02,4.109676837921143
2021-03-03,4.550000190734863
2021-03-04,4.207526206970215
2021-03-05,4.158602237701416
2021-03-08,4.0118279457092285
2021-03-09,4.305376052856445
2021-03-10,4.060751914978027
2021-03-11,4.25645112991333
2021-03-12,4.50107479095459
2021-03-15,4.598924160003662
2021-03-16,4.550000190734863
2021-03-17,4.550000190734863
2021-03-18,4.550000190734863
2021-03-19,4.050000190734863
2021-03-22,3.950000047683716
2021-03-23,3.950000047683716
2021-03-24,3.75
2021-03-25,3.700000047683716
2021-03-26,3.75
2021-03-29,4.050000190734863
2021-03-30,3.8499999046325684
2021-03-31,3.700000047683716
2021-04-01,4.0
2021-04-06,4.300000190734863
2021-04-07,4.349999904632568
2021-04-08,4.349999904632568
2021-04-09,4.400000095367432
2021-04-12,4.0
2021-04-13,4.099999904632568
2021-04-14,4.050000190734863
2021-04-15,4.050000190734863
2021-04-16,4.0
2021-04-19,3.700000047683716
2021-04-20,3.700000047683716
2021-04-21,3.700000047683716
2021-04-22,3.799999952316284
2021-04-23,3.9000000953674316
2021-04-26,3.700000047683716
2021-04-27,3.799999952316284
2021-04-28,3.799999952316284
2021-04-29,4.0
2021-04-30,4.099999904632568
2021-05-03,3.950000047683716
2021-05-04,4.699999809265137
2021-05-05,4.849999904632568
2021-05-06,5.199999809265137
2021-05-07,5.150000095367432
2021-05-10,5.400000095367432
2021-05-11,5.050000190734863
2021-05-12,5.199999809265137
2021-05-13,4.800000190734863
2021-05-14,4.75
2021-05-17,4.949999809265137
2021-05-18,5.449999809265137
2021-05-19,5.0
2021-05-20,5.0
2021-05-21,4.900000095367432
2021-05-24,5.099999904632568
2021-05-25,5.099999904632568
2021-05-26,5.300000190734863
2021-05-27,5.0
2021-05-28,5.199999809265137
2021-05-31,4.949999809265137
2021-06-01,5.0
2021-06-02,5.949999809265137
2021-06-03,5.699999809265137
2021-06-04,6.0
2021-06-07,5.599999904632568
2021-06-08,5.5
2021-06-09,5.400000095367432
2021-06-10,5.650000095367432
2021-06-11,5.75
2021-06-15,5.050000190734863
2021-06-16,4.849999904632568
2021-06-17,4.800000190734863
2021-06-18,4.599999904632568
2021-06-21,4.599999904632568
2021-06-22,4.699999809265137
2021-06-23,4.650000095367432
2021-06-24,5.0
2021-06-25,4.900000095367432
2021-06-28,5.099999904632568
2021-06-29,5.0
2021-06-30,5.150000095367432
2021-07-01,4.949999809265137
2021-07-02,5.050000190734863
2021-07-05,5.150000095367432
2021-07-06,5.199999809265137
2021-07-07,5.0
2021-07-08,4.949999809265137
2021-07-09,4.900000095367432
2021-07-12,4.849999904632568
2021-07-13,5.0
2021-07-14,4.900000095367432
2021-07-15,4.800000190734863
2021-07-16,4.699999809265137
2021-07-19,4.349999904632568
2021-07-20,4.349999904632568
2021-07-21,4.400000095367432
2021-07-22,4.650000095367432
2021-07-23,4.599999904632568
2021-07-26,4.849999904632568
2021-07-27,5.050000190734863
2021-07-28,4.900000095367432
2021-07-29,5.199999809265137
2021-07-30,5.349999904632568
2021-08-02,5.0
2021-08-03,5.099999904632568
2021-08-04,5.150000095367432
2021-08-05,4.949999809265137
2021-08-06,4.849999904632568
2021-08-09,4.800000190734863
2021-08-10,4.75
2021-08-11,4.949999809265137
2021-08-12,5.099999904632568
2021-08-13,4.900000095367432
2021-08-16,4.800000190734863
2021-08-17,4.5
2021-08-18,4.300000190734863
2021-08-19,4.349999904632568
2021-08-20,4.199999809265137
2021-08-23,4.400000095367432
2021-08-24,4.699999809265137
2021-08-25,4.849999904632568
2021-08-26,4.800000190734863
2021-08-27,4.75
2021-08-30,5.099999904632568
2021-08-31,5.099999904632568
2021-09-01,5.900000095367432
2021-09-02,6.300000190734863
2021-09-03,7.800000190734863
2021-09-06,8.199999809265137
2021-09-07,8.399999618530273
2021-09-08,8.25
2021-09-09,8.149999618530273
2021-09-10,8.550000190734863
2021-09-13,9.800000190734863
2021-09-14,9.5
2021-09-15,10.25
2021-09-16,10.199999809265137
2021-09-17,10.300000190734863
2021-09-20,8.600000381469727
2021-09-21,8.699999809265137
2021-09-22,8.75
2021-09-23,8.5
2021-09-24,8.300000190734863
2021-09-27,7.650000095367432
2021-09-28,7.75
2021-09-29,7.849999904632568
2021-09-30,6.900000095367432
2021-10-01,7.199999809265137
2021-10-04,7.599999904632568
2021-10-05,7.400000095367432
2021-10-06,7.050000190734863
2021-10-07,7.099999904632568
2021-10-08,7.0
2021-10-11,7.349999904632568
2021-10-12,7.349999904632568
2021-10-13,8.699999809265137
2021-10-14,8.600000381469727
2021-10-15,8.100000381469727
2021-10-18,8.699999809265137
2021-10-19,9.449999809265137
2021-10-20,9.300000190734863
2021-10-21,9.5
2021-10-22,9.25
2021-10-25,9.649999618530273
2021-10-26,9.149999618530273
2021-10-27,8.649999618530273
2021-10-28,8.5
2021-10-29,8.800000190734863
2021-11-01,8.550000190734863
2021-11-02,8.25
2021-11-03,8.350000381469727
2021-11-04,9.399999618530273
2021-11-05,9.0
2021-11-08,9.25
2021-11-09,9.899999618530273
2021-11-10,10.050000190734863
2021-11-11,9.600000381469727
2021-11-12,10.149999618530273
2021-11-15,10.199999809265137
2021-11-16,10.050000190734863
2021-11-17,9.850000381469727
2021-11-18,9.600000381469727
2021-11-19,9.800000190734863
2021-11-22,9.550000190734863
2021-11-23,10.050000190734863
2021-11-24,9.199999809265137
2021-11-25,9.350000381469727
2021-11-26,8.949999809265137
2021-11-29,9.0
2021-11-30,9.449999809265137
2021-12-01,8.800000190734863
2021-12-02,8.25
2021-12-03,8.399999618530273
2021-12-06,7.699999809265137
2021-12-07,8.0
2021-12-08,7.949999809265137
2021-12-09,8.25
2021-12-10,8.199999809265137
2021-12-13,8.25
2021-12-14,7.400000095367432
2021-12-15,7.550000190734863
2021-12-16,8.399999618530273
2021-12-17,8.149999618530273
2021-12-20,7.900000095367432
2021-12-21,8.25
2021-12-22,8.199999809265137
2021-12-23,8.300000190734863
2021-12-24,8.550000190734863
2021-12-29,8.5
2021-12-30,8.300000190734863
2021-12-31,8.800000190734863
2022-01-04,9.449999809265137
2022-01-05,9.199999809265137
2022-01-06,9.350000381469727
2022-01-07,9.149999618530273
2022-01-10,9.399999618530273
2022-01-11,9.199999809265137
2022-01-12,9.199999809265137
2022-01-13,8.949999809265137
2022-01-14,8.800000190734863
2022-01-17,8.449999809265137
2022-01-18,8.899999618530273
2022-01-19,8.5
2022-01-20,8.649999618530273
2022-01-21,7.699999809265137
2022-01-24,7.449999809265137
2022-01-25,6.900000095367432
2022-01-27,6.800000190734863
2022-01-28,7.050000190734863
2022-01-31,7.199999809265137
2022-02-01,7.199999809265137
2022-02-02,7.449999809265137
2022-02-03,6.900000095367432
2022-02-04,7.099999904632568
2022-02-07,7.199999809265137
2022-02-08,7.150000095367432
2022-02-09,7.400000095367432
2022-02-10,7.900000095367432
2022-02-11,7.400000095367432
2022-02-14,7.25
2022-02-15,6.949999809265137
2022-02-16,7.400000095367432
2022-02-17,7.25
2022-02-18,7.25
2022-02-21,7.0
2022-02-22,6.599999904632568
2022-02-23,7.199999809265137
2022-02-24,6.849999904632568
2022-02-25,7.699999809265137
2022-02-28,7.699999809265137
2022-03-01,8.699999809265137
2022-03-02,8.600000381469727
2022-03-03,8.600000381469727
2022-03-04,7.349999904632568
2022-03-07,7.349999904632568
2022-03-08,7.0
2022-03-09,7.699999809265137
2022-03-10,8.550000190734863
2022-03-11,8.699999809265137
2022-03-14,8.050000190734863
2022-03-15,7.800000190734863
2022-03-16,7.800000190734863
2022-03-17,7.849999904632568
2022-03-18,8.399999618530273
2022-03-21,8.300000190734863
2022-03-22,8.600000381469727
2022-03-23,8.600000381469727
2022-03-24,8.449999809265137
2022-03-25,8.300000190734863
2022-03-28,7.800000190734863
2022-03-29,7.949999809265137
2022-03-30,7.900000095367432
2022-03-31,7.900000095367432
2022-04-01,8.050000190734863
2022-04-04,7.949999809265137
2022-04-05,8.0
2022-04-06,7.75
2022-04-07,8.0
2022-04-08,9.050000190734863
2022-04-11,8.699999809265137
2022-04-12,8.300000190734863
2022-04-13,9.100000381469727
2022-04-14,9.649999618530273
2022-04-19,9.399999618530273
2022-04-20,9.0
2022-04-21,9.0
2022-04-22,8.25
2022-04-26,8.100000381469727
2022-04-27,8.25
2022-04-28,7.699999809265137
2022-04-29,8.199999809265137
2022-05-02,7.900000095367432
2022-05-03,7.849999904632568
2022-05-04,7.75
2022-05-05,8.25
2022-05-06,7.400000095367432
2022-05-09,7.25
2022-05-10,6.900000095367432
2022-05-11,6.800000190734863
2022-05-12,6.349999904632568
2022-05-13,6.650000095367432
2022-05-16,6.650000095367432
2022-05-17,6.75
2022-05-18,7.099999904632568
2022-05-19,7.099999904632568
2022-05-20,7.150000095367432
2022-05-23,7.349999904632568
2022-05-24,7.199999809265137
2022-05-25,7.199999809265137
2022-05-26,7.150000095367432
2022-05-27,7.449999809265137
2022-05-30,7.75
2022-05-31,7.949999809265137
2022-06-01,7.300000190734863
2022-06-02,7.349999904632568
2022-06-03,7.449999809265137
2022-06-06,7.449999809265137
2022-06-07,7.050000190734863
2022-06-08,8.0
2022-06-09,7.75
2022-06-10,7.550000190734863
2022-06-14,6.800000190734863
2022-06-15,6.300000190734863
2022-06-16,6.400000095367432
2022-06-17,6.5
2022-06-20,5.650000095367432
2022-06-21,6.099999904632568
2022-06-22,5.800000190734863
2022-06-23,5.349999904632568
2022-06-24,5.949999809265137
2022-06-27,6.199999809265137
2022-06-28,6.25
2022-06-29,6.0
2022-06-30,5.800000190734863
2022-07-01,5.650000095367432
2022-07-04,5.699999809265137
2022-07-05,5.949999809265137
2022-07-06,5.800000190734863
2022-07-07,5.900000095367432
2022-07-08,6.199999809265137
2022-07-11,6.150000095367432
2022-07-12,5.75
2022-07-13,5.900000095367432
2022-07-14,6.050000190734863
2022-07-15,6.0
2022-07-18,6.349999904632568
2022-07-19,6.199999809265137
2022-07-20,6.849999904632568
2022-07-21,6.849999904632568
2022-07-22,6.400000095367432
2022-07-25,6.150000095367432
2022-07-26,6.650000095367432
2022-07-27,6.699999809265137
2022-07-28,7.150000095367432
2022-07-29,7.400000095367432
2022-08-01,7.199999809265137
2022-08-02,7.150000095367432
2022-08-03,7.449999809265137
2022-08-04,7.400000095367432
2022-08-05,7.449999809265137
2022-08-08,7.599999904632568
2022-08-09,7.75
2022-08-10,7.449999809265137
2022-08-11,7.699999809265137
2022-08-12,7.449999809265137
2022-08-15,7.5
2022-08-16,7.300000190734863
2022-08-17,7.300000190734863
2022-08-18,7.0
2022-08-19,7.099999904632568
2022-08-22,6.949999809265137
2022-08-23,6.800000190734863
2022-08-24,7.349999904632568
2022-08-25,8.199999809265137
2022-08-26,7.900000095367432
2022-08-29,7.699999809265137
2022-08-30,8.149999618530273
2022-08-31,8.5
2022-09-01,8.399999618530273
2022-09-02,7.849999904632568
2022-09-05,8.350000381469727
2022-09-06,9.0
2022-09-07,9.0
2022-09-08,9.199999809265137
2022-09-09,9.25
2022-09-12,9.199999809265137
2022-09-13,9.449999809265137
2022-09-14,8.949999809265137
2022-09-15,9.0
2022-09-16,8.600000381469727
2022-09-19,8.25
2022-09-20,8.5
2022-09-21,8.399999618530273
2022-09-23,7.900000095367432
2022-09-26,7.400000095367432
2022-09-27,7.5
2022-09-28,7.349999904632568
2022-09-29,7.75
2022-09-30,7.550000190734863
2022-10-03,7.449999809265137
2022-10-04,7.949999809265137
2022-10-05,8.0
2022-10-06,8.0
2022-10-07,7.800000190734863
2022-10-10,7.599999904632568
2022-10-11,7.75
2022-10-12,7.550000190734863
2022-10-13,7.650000095367432
2022-10-14,7.75
2022-10-17,7.650000095367432
2022-10-18,8.0
2022-10-19,8.100000381469727
2022-10-20,8.149999618530273
2022-10-21,8.199999809265137
2022-10-24,8.5
2022-10-25,8.25
2022-10-26,8.399999618530273
2022-10-27,8.399999618530273
2022-10-28,8.449999809265137
2022-10-31,8.5
2022-11-01,8.600000381469727
2022-11-02,8.699999809265137
2022-11-03,8.25
2022-11-04,8.449999809265137
2022-11-07,8.399999618530273
2022-11-08,8.449999809265137
2022-11-09,8.399999618530273
2022-11-10,8.050000190734863
2022-11-11,8.399999618530273
2022-11-14,8.75
2022-11-15,8.600000381469727
2022-11-16,8.5
2022-11-17,8.0
2022-11-18,7.699999809265137
2022-11-21,7.75
2022-11-22,7.849999904632568
2022-11-23,8.0
2022-11-24,8.149999618530273
2022-11-25,7.800000190734863
2022-11-28,7.849999904632568
2022-11-29,7.849999904632568
2022-11-30,7.900000095367432
2022-12-01,8.199999809265137
2022-12-02,8.050000190734863
2022-12-05,7.900000095367432
2022-12-06,7.449999809265137
2022-12-07,6.900000095367432
2022-12-08,7.050000190734863
2022-12-09,7.099999904632568
2022-12-12,7.0
2022-12-13,6.949999809265137
2022-12-14,7.150000095367432
2022-12-15,7.0
2022-12-16,7.099999904632568
2022-12-19,7.349999904632568
2022-12-20,6.800000190734863
2022-12-21,6.949999809265137
2022-12-22,7.150000095367432
2022-12-23,7.0
2022-12-28,6.900000095367432
2022-12-29,6.800000190734863
2022-12-30,7.0
2023-01-03,6.599999904632568
2023-01-04,6.800000190734863
2023-01-05,6.75
2023-01-06,6.800000190734863
2023-01-09,7.449999809265137
2023-01-10,7.449999809265137
2023-01-11,7.599999904632568
2023-01-12,7.699999809265137
2023-01-13,7.800000190734863
2023-01-16,7.900000095367432
2023-01-17,7.650000095367432
2023-01-18,7.800000190734863
2023-01-19,7.349999904632568
2023-01-20,7.599999904632568
2023-01-23,7.800000190734863
2023-01-24,8.0
2023-01-25,8.100000381469727
2023-01-27,8.050000190734863
2023-01-30,8.600000381469727
2023-01-31,8.5
2023-02-01,8.149999618530273
2023-02-02,8.600000381469727
2023-02-03,8.0
2023-02-06,7.650000095367432
2023-02-07,7.449999809265137
2023-02-08,7.699999809265137
2023-02-09,7.599999904632568
2023-02-10,7.599999904632568
2023-02-13,7.599999904632568
2023-02-14,7.650000095367432
2023-02-15,7.900000095367432
2023-02-16,7.849999904632568
2023-02-17,7.650000095367432
2023-02-20,7.199999809265137
2023-02-21,7.099999904632568
2023-02-22,7.050000190734863
2023-02-23,7.099999904632568
2023-02-24,7.400000095367432
2023-02-27,7.0
2023-02-28,6.949999809265137
2023-03-01,7.150000095367432
2023-03-02,7.300000190734863
2023-03-03,7.300000190734863
2023-03-06,7.150000095367432
2023-03-07,6.900000095367432
2023-03-08,6.650000095367432
2023-03-09,6.699999809265137
2023-03-10,6.599999904632568
2023-03-13,6.650000095367432
2023-03-14,6.199999809265137
2023-03-15,6.199999809265137
2023-03-16,5.800000190734863
2023-03-17,6.199999809265137
2023-03-20,5.949999809265137
2023-03-21,5.75
2023-03-22,5.900000095367432
2023-03-23,5.699999809265137
2023-03-24,5.699999809265137
2023-03-27,5.550000190734863
2023-03-28,6.050000190734863
2023-03-29,6.0
2023-03-30,6.5
2023-03-31,6.5
2023-04-03,6.5
2023-04-04,6.300000190734863
2023-04-05,6.199999809265137
2023-04-06,6.0
2023-04-11,6.300000190734863
2023-04-12,6.349999904632568
2023-04-13,6.5
2023-04-14,6.599999904632568
2023-04-17,6.599999904632568
2023-04-18,6.449999809265137
2023-04-19,6.400000095367432
2023-04-20,6.300000190734863
2023-04-21,6.25
2023-04-24,6.199999809265137
2023-04-26,6.199999809265137
2023-04-27,6.25
2023-04-28,6.550000190734863
2023-05-01,6.5
2023-05-02,6.300000190734863
2023-05-03,6.150000095367432
2023-05-04,6.150000095367432
2023-05-05,6.349999904632568
2023-05-08,6.550000190734863
2023-05-09,6.550000190734863
2023-05-10,7.099999904632568
2023-05-11,6.849999904632568
2023-05-12,6.650000095367432
2023-05-15,6.550000190734863
2023-05-16,6.550000190734863
2023-05-17,6.400000095367432
2023-05-18,6.800000190734863
2023-05-19,6.75
2023-05-22,6.599999904632568
2023-05-23,6.949999809265137
2023-05-24,6.699999809265137
2023-05-25,6.550000190734863
2023-05-26,6.650000095367432
2023-05-29,6.650000095367432
2023-05-30,5.349999904632568
2023-05-31,5.449999809265137
2023-06-01,6.050000190734863
2023-06-02,6.699999809265137
2023-06-05,6.699999809265137
2023-06-06,6.5
2023-06-07,6.650000095367432
2023-06-08,6.800000190734863
2023-06-09,6.949999809265137
2023-06-13,7.599999904632568
2023-06-14,7.199999809265137
2023-06-15,7.099999904632568
2023-06-16,7.400000095367432
2023-06-19,7.300000190734863
2023-06-20,7.400000095367432
2023-06-21,7.349999904632568
2023-06-22,7.050000190734863
2023-06-23,6.900000095367432
2023-06-26,6.900000095367432
2023-06-27,6.849999904632568
2023-06-28,7.0
2023-06-29,7.300000190734863
2023-06-30,7.300000190734863
2023-07-03,7.400000095367432
2023-07-04,7.75
2023-07-05,7.699999809265137
2023-07-06,7.5
2023-07-07,7.300000190734863
2023-07-10,7.199999809265137
2023-07-11,7.5
2023-07-12,7.599999904632568
2023-07-13,7.550000190734863
2023-07-14,7.849999904632568
2023-07-17,7.599999904632568
2023-07-18,7.5
2023-07-19,7.5
2023-07-20,7.599999904632568
2023-07-21,7.400000095367432
2023-07-24,7.550000190734863
2023-07-25,7.599999904632568
2023-07-26,7.650000095367432
2023-07-27,7.550000190734863
2023-07-28,7.349999904632568
2023-07-31,7.349999904632568
2023-08-01,7.699999809265137
2023-08-02,7.800000190734863
2023-08-03,7.599999904632568
2023-08-04,7.75
2023-08-07,7.650000095367432
2023-08-08,7.75
2023-08-09,7.599999904632568
2023-08-10,8.050000190734863
2023-08-11,8.050000190734863
2023-08-14,8.0
2023-08-15,7.849999904632568
2023-08-16,7.550000190734863
2023-08-17,7.449999809265137
2023-08-18,7.699999809265137
2023-08-21,7.900000095367432
2023-08-22,8.550000190734863
2023-08-23,8.550000190734863
2023-08-24,8.399999618530273
2023-08-25,8.399999618530273
2023-08-28,8.449999809265137
2023-08-29,8.350000381469727
2023-08-30,8.399999618530273
2023-08-31,8.449999809265137
2023-09-01,8.75
2023-09-04,9.350000381469727
2023-09-05,9.199999809265137
2023-09-06,9.25
2023-09-07,8.899999618530273
2023-09-08,9.0
2023-09-11,9.199999809265137
2023-09-12,9.100000381469727
2023-09-13,8.949999809265137
2023-09-14,9.300000190734863
2023-09-15,9.649999618530273
2023-09-18,10.050000190734863
2023-09-19,10.050000190734863
2023-09-20,9.600000381469727
2023-09-21,9.800000190734863
2023-09-22,9.850000381469727
2023-09-25,10.449999809265137
2023-09-26,10.850000381469727
2023-09-27,11.0
2023-09-28,10.800000190734863
2023-09-29,11.0
2023-10-02,11.0
2023-10-03,10.350000381469727
2023-10-04,10.300000190734863
2023-10-05,10.25
2023-10-06,10.300000190734863
2023-10-09,10.199999809265137
2023-10-10,10.050000190734863
2023-10-11,10.300000190734863
2023-10-12,10.050000190734863
2023-10-13,9.850000381469727
2023-10-16,9.600000381469727
2023-10-17,9.25
2023-10-18,9.5
2023-10-19,9.449999809265137
2023-10-20,9.75
2023-10-23,9.300000190734863
2023-10-24,9.5
2023-10-25,9.649999618530273
2023-10-26,9.899999618530273
2023-10-27,9.649999618530273
2023-10-30,9.449999809265137
2023-10-31,9.449999809265137
2023-11-01,10.199999809265137
2023-11-02,10.199999809265137
2023-11-03,10.050000190734863
2023-11-06,9.550000190734863
2023-11-07,9.399999618530273
2023-11-08,9.5
2023-11-09,9.350000381469727
2023-11-10,9.350000381469727
2023-11-13,9.25
2023-11-14,9.75
2023-11-15,9.699999809265137
2023-11-16,9.399999618530273
2023-11-17,9.699999809265137
2023-11-20,10.0
2023-11-21,10.399999618530273
2023-11-22,10.149999618530273
2023-11-23,10.100000381469727
2023-11-24,10.350000381469727
2023-11-27,10.100000381469727
2023-11-28,10.25
2023-11-29,10.050000190734863
2023-11-30,9.75
2023-12-01,10.350000381469727
2023-12-04,10.550000190734863
2023-12-05,10.100000381469727
2023-12-06,10.0
2023-12-07,9.399999618530273
2023-12-08,9.350000381469727
2023-12-11,9.550000190734863
2023-12-12,9.449999809265137
2023-12-13,9.550000190734863
2023-12-14,9.649999618530273
2023-12-15,9.850000381469727
2023-12-18,9.899999618530273
2023-12-19,9.949999809265137
2023-12-20,9.75
2023-12-21,9.75
2023-12-22,10.0
2023-12-27,9.899999618530273
2023-12-28,9.850000381469727
2023-12-29,9.850000381469727
2024-01-02,10.100000381469727
2024-01-03,10.100000381469727
2024-01-04,10.149999618530273
2024-01-05,10.149999618530273
2024-01-08,10.5
2024-01-09,10.600000381469727
2024-01-10,11.75
2024-01-11,11.850000381469727
2024-01-12,12.050000190734863
2024-01-15,13.149999618530273
2024-01-16,12.75
2024-01-17,12.550000190734863
2024-01-18,12.550000190734863
2024-01-19,12.300000190734863
2024-01-22,12.0
2024-01-23,12.25
2024-01-24,12.25
2024-01-25,12.300000190734863
2024-01-29,12.300000190734863
2024-01-30,12.5
2024-01-31,12.949999809265137
2024-02-01,12.899999618530273
2024-02-02,13.75
2024-02-05,13.649999618530273
2024-02-06,13.949999809265137
2024-02-07,14.350000381469727
2024-02-08,14.25
2024-02-09,13.25
2024-02-12,13.25
2024-02-13,13.25
2024-02-14,13.199999809265137
2024-02-15,12.850000381469727
2024-02-16,12.649999618530273
2024-02-19,12.699999809265137
2024-02-20,12.449999809265137
2024-02-21,11.899999618530273
2024-02-22,11.649999618530273
2024-02-23,11.25
2024-02-26,11.350000381469727
2024-02-27,11.800000190734863
2024-02-28,12.550000190734863
2024-02-29,12.399999618530273
2024-03-01,12.0
2024-03-04,12.149999618530273
2024-03-05,12.100000381469727
2024-03-06,12.050000190734863
2024-03-07,12.0
2024-03-08,12.449999809265137
2024-03-11,12.399999618530273
2024-03-12,12.399999618530273
2024-03-13,12.5
2024-03-14,11.949999809265137
2024-03-15,12.050000190734863
2024-03-18,12.449999809265137
2024-03-19,12.5
2024-03-20,13.199999809265137
2024-03-21,13.949999809265137
2024-03-22,13.850000381469727
2024-03-25,14.149999618530273
2024-03-26,14.0
2024-03-27,13.649999618530273
2024-03-28,13.699999809265137
2024-04-02,14.350000381469727
2024-04-03,14.600000381469727
2024-04-04,14.800000190734863
2024-04-05,14.199999809265137
2024-04-08,15.149999618530273
2024-04-09,15.199999809265137
2024-04-10,15.300000190734863
2024-04-11,15.300000190734863
2024-04-12,15.300000190734863
2024-04-15,15.300000190734863
2024-04-16,15.300000190734863
2024-04-17,15.300000190734863
2024-04-18,15.300000190734863
2024-04-19,15.300000190734863
2024-04-22,15.300000190734863
2024-04-23,13.8100004196167
2024-04-24,13.720000267028809
2024-04-26,13.15999984741211
2024-04-29,13.630000114440918
2024-04-30,13.970000267028809
2024-05-01,14.670000076293945
2024-05-02,14.890000343322754
2024-05-03,15.5
2024-05-06,15.640000343322754
2024-05-07,16.959999084472656
2024-05-08,16.479999542236328
2024-05-09,16.3799991607666
2024-05-10,16.540000915527344
2024-05-13,16.469999313354492
2024-05-14,16.3700008392334
2024-05-15,16.450000762939453
2024-05-16,16.360000610351562
2024-05-17,16.25
2024-05-20,17.479999542236328
2024-05-21,17.799999237060547
2024-05-22,17.149999618530273
2024-05-23,16.290000915527344
2024-05-24,15.880000114440918
2024-05-27,15.739999771118164
2024-05-28,15.649999618530273
2024-05-29,15.75
2024-05-30,15.65999984741211
2024-05-31,15.930000305175781
2024-06-03,15.829999923706055
2024-06-04,15.59000015258789
2024-06-05,15.5
2024-06-06,15.4399995803833
2024-06-07,15.329999923706055
2024-06-11,14.489999771118164
2024-06-12,14.229999542236328
2024-06-13,14.109999656677246
2024-06-14,14.149999618530273
2024-06-17,13.460000038146973
2024-06-18,13.550000190734863
2024-06-19,13.699999809265137
2024-06-20,13.470000267028809
2024-06-21,13.239999771118164
2024-06-24,13.239999771118164
2024-06-25,12.5600004196167
2024-06-26,12.399999618530273
2024-06-27,12.420000076293945
2024-06-28,12.479999542236328
2024-07-01,12.520000457763672
2024-07-02,12.390000343322754
2024-07-03,13.149999618530273
2024-07-04,13.170000076293945
2024-07-05,13.010000228881836
2024-07-08,12.9399995803833
2024-07-09,13.069999694824219
2024-07-10,13.170000076293945
2024-07-11,13.979999542236328
2024-07-12,13.989999771118164
2024-07-15,13.800000190734863
2024-07-16,13.579999923706055
2024-07-17,13.430000305175781
2024-07-18,12.859999656677246
2024-07-19,12.649999618530273
2024-07-22,12.430000305175781
2024-07-23,12.050000190734863
2024-07-24,11.779999732971191
2024-07-25,11.34000015258789
2024-07-26,11.430000305175781
2024-07-29,11.180000305175781
2024-07-30,11.069999694824219
2024-07-31,11.40999984741211
2024-08-01,11.65999984741211
2024-08-02,10.399999618530273
2024-08-05,9.640000343322754
2024-08-06,10.0
2024-08-07,10.119999885559082
2024-08-08,9.899999618530273
2024-08-09,10.09000015258789
2024-08-12,10.109999656677246
2024-08-13,10.09000015258789
2024-08-14,10.0600004196167
2024-08-15,10.140000343322754
2024-08-16,10.520000457763672
2024-08-19,9.90999984741211
2024-08-20,10.239999771118164
2024-08-21,10.100000381469727
2024-08-22,10.020000457763672
2024-08-23,9.729999542236328
2024-08-26,10.880000114440918
2024-08-27,10.760000228881836
2024-08-28,10.130000114440918
2024-08-29,9.75
2024-08-30,9.789999961853027
2024-09-02,9.600000381469727
2024-09-03,9.3100004196167
2024-09-04,8.649999618530273
2024-09-05,8.760000228881836
2024-09-06,8.329999923706055
2024-09-09,8.369999885559082
2024-09-10,8.859999656677246
2024-09-11,8.970000267028809
2024-09-12,9.789999961853027
2024-09-13,9.369999885559082
2024-09-16,9.199999809265137
2024-09-17,9.130000114440918
2024-09-18,9.140000343322754
2024-09-19,9.880000114440918
2024-09-20,9.420000076293945
2024-09-23,9.859999656677246
2024-09-24,10.859999656677246
2024-09-25,10.640000343322754
2024-09-26,11.449999809265137
2024-09-27,11.739999771118164
2024-09-30,11.550000190734863
2024-10-01,11.770000457763672
2024-10-02,11.829999923706055
2024-10-03,11.829999923706055
2024-10-04,11.65999984741211
2024-10-07,11.789999961853027
2024-10-08,11.8100004196167
2024-10-09,11.779999732971191
2024-10-10,11.850000381469727
2024-10-11,11.869999885559082
2024-10-14,11.819999694824219
2024-10-15,12.100000381469727
2024-10-16,11.739999771118164
2024-10-17,13.029999732971191
2024-10-18,12.489999771118164
2024-10-21,13.010000228881836
2024-10-22,12.760000228881836
2024-10-23,12.510000228881836
2024-10-24,12.399999618530273
2024-10-25,12.229999542236328
2024-10-28,10.359999656677246
2024-10-29,9.850000381469727
2024-10-30,9.850000381469727
2024-10-31,10.199999809265137
2024-11-01,10.15999984741211
2024-11-04,9.829999923706055
2024-11-05,9.529999732971191
2024-11-06,9.600000381469727
2024-11-07,9.630000114440918
2024-11-08,9.720000267028809
2024-11-11,9.680000305175781
2024-11-12,6.880000114440918
2024-11-13,7.46999979019165
2024-11-14,7.340000152587891
2024-11-15,7.289999961853027
2024-11-18,7.690000057220459
2024-11-19,7.900000095367432
2024-11-20,7.809999942779541
2024-11-21,7.739999771118164
2024-11-22,8.199999809265137
2024-11-25,8.3100004196167
2024-11-26,8.300000190734863
2024-11-27,8.170000076293945
2024-11-28,7.760000228881836
2024-11-29,7.599999904632568
2024-12-02,7.659999847412109
2024-12-03,7.78000020980835
2024-12-04,7.730000019073486
2024-12-05,7.550000190734863
2024-12-06,7.619999885559082
2024-12-09,7.46999979019165
2024-12-10,7.619999885559082
2024-12-11,7.539999961853027
2024-12-12,7.590000152587891
2024-12-13,7.949999809265137
2024-12-16,7.619999885559082
2024-12-17,7.46999979019165
2024-12-18,7.710000038146973
2024-12-19,7.809999942779541
2024-12-20,7.760000228881836
2024-12-23,7.800000190734863
2024-12-24,7.550000190734863
2024-12-27,7.679999828338623
2024-12-30,7.619999885559082
2024-12-31,7.559999942779541
2025-01-02,7.889999866485596
2025-01-03,8.229999542236328
2025-01-06,8.680000305175781
2025-01-07,8.609999656677246
2025-01-08,8.279999732971191
2025-01-09,7.949999809265137
2025-01-10,7.909999847412109
2025-01-13,8.180000305175781
2025-01-14,8.460000038146973
2025-01-15,8.350000381469727
2025-01-16,8.470000267028809
2025-01-17,8.630000114440918
2025-01-20,8.3100004196167
2025-01-21,8.350000381469727
2025-01-22,9.1899995803833
2025-01-23,9.199999809265137
2025-01-24,9.0
2025-01-28,8.149999618530273
2025-01-29,8.229999542236328
2025-01-30,8.539999961853027
2025-01-31,8.920000076293945
2025-02-03,8.569999694824219
2025-02-04,8.680000305175781
2025-02-05,8.920000076293945
2025-02-06,8.880000114440918
2025-02-07,8.699999809265137
2025-02-10,8.649999618530273
2025-02-11,8.529999732971191
2025-02-12,8.380000114440918
2025-02-13,8.260000228881836
2025-02-14,8.220000267028809
2025-02-17,8.229999542236328
2025-02-18,7.900000095367432
2025-02-19,7.960000038146973
2025-02-20,7.840000152587891
2025-02-21,7.840000152587891
2025-02-24,7.550000190734863
2025-02-25,7.289999961853027
2025-02-26,6.96999979019165
2025-02-27,7.0
2025-02-28,6.880000114440918
2025-03-03,7.099999904632568
2025-03-04,6.75
2025-03-05,6.659999847412109
2025-03-06,6.730000019073486
2025-03-07,6.460000038146973
2025-03-10,6.400000095367432
2025-03-11,6.010000228881836
2025-03-12,6.170000076293945
2025-03-13,6.28000020980835
2025-03-14,6.420000076293945
2025-03-17,6.659999847412109
2025-03-18,6.710000038146973
2025-03-19,6.75
2025-03-20,6.829999923706055
2025-03-21,6.559999942779541
2025-03-24,6.550000190734863
2025-03-25,6.389999866485596
2025-03-26,5.650000095367432
2025-03-27,5.650000095367432
2025-03-28,5.420000076293945
2025-03-31,5.110000133514404
2025-04-01,4.820000171661377
2025-04-02,4.659999847412109
2025-04-03,4.599999904632568
2025-04-04,4.570000171661377
2025-04-07,4.130000114440918
2025-04-08,4.210000038146973
2025-04-09,4.019999980926514
2025-04-10,4.71999979019165
2025-04-11,4.579999923706055
2025-04-14,4.630000114440918
2025-04-15,4.579999923706055
2025-04-16,4.369999885559082
2025-04-17,4.550000190734863
2025-04-22,3.9800000190734863
2025-04-23,4.960000038146973
2025-04-24,5.559999942779541
2025-04-28,5.650000095367432
2025-04-29,6.130000114440918
2025-04-30,5.860000133514404
2025-05-01,6.050000190734863
2025-05-02,6.21999979019165
2025-05-05,6.190000057220459
2025-05-06,6.099999904632568
2025-05-07,6.369999885559082
2025-05-08,6.53000020980835
2025-05-09,6.369999885559082
2025-05-12,6.5
2025-05-13,6.389999866485596
2025-05-14,6.519999980926514
2025-05-15,6.409999847412109
2025-05-16,5.900000095367432
2025-05-19,5.659999847412109
2025-05-20,5.619999885559082
2025-05-21,5.690000057220459
2025-05-22,5.409999847412109
2025-05-23,5.769999980926514
2025-05-26,6.28000020980835
2025-05-27,6.300000190734863
2025-05-28,6.460000038146973
2025-05-29,6.139999866485596
2025-05-30,6.239999771118164
2025-06-02,5.989999771118164
2025-06-03,5.909999847412109
2025-06-04,6.489999771118164
2025-06-05,6.460000038146973
2025-06-06,6.380000114440918
2025-06-10,6.610000133514404
2025-06-11,6.429999828338623
2025-06-12,6.480000019073486
2025-06-13,6.300000190734863
2025-06-16,7.28000020980835
2025-06-17,7.599999904632568
2025-06-18,7.559999942779541
2025-06-19,7.460000038146973
2025-06-20,7.360000133514404
2025-06-23,7.420000076293945
2025-06-24,7.489999771118164
2025-06-25,7.75
2025-06-26,7.760000228881836
2025-06-27,8.010000228881836
2025-06-30,8.069999694824219
2025-07-01,7.960000038146973
2025-07-02,7.869999885559082
2025-07-03,7.809999942779541
2025-07-04,7.730000019073486
2025-07-07,7.679999828338623
2025-07-08,7.739999771118164
2025-07-09,7.099999904632568
2025-07-10,6.960000038146973
2025-07-11,6.929999828338623
2025-07-14,7.130000114440918
2025-07-15,7.690000057220459
2025-07-16,7.940000057220459
2025-07-17,7.860000133514404
2025-07-18,7.820000171661377
2025-07-21,8.0
2025-07-22,8.170000076293945
2025-07-23,7.25
2025-07-24,7.389999866485596
2025-07-25,7.230000019073486
2025-07-28,6.909999847412109
2025-07-29,6.510000228881836
2025-07-30,6.380000114440918
2025-07-31,6.210000038146973
2025-08-01,6.239999771118164
2025-08-04,6.300000190734863
2025-08-05,6.320000171661377
2025-08-06,6.400000095367432
2025-08-07,6.619999885559082
2025-08-08,6.650000095367432
2025-08-11,6.679999828338623
2025-08-12,6.610000133514404
2025-08-13,6.480000019073486
2025-08-14,6.590000152587891
2025-08-15,6.710000038146973
2025-08-18,6.599999904632568
2025-08-19,6.590000152587891
2025-08-20,6.349999904632568
2025-08-21,6.340000152587891
2025-08-22,6.610000133514404
2025-08-25,6.960000038146973
2025-08-26,7.409999847412109
2025-08-27,7.510000228881836
2025-08-28,7.28000020980835
2025-08-29,7.849999904632568
2025-09-01,8.079999923706055
2025-09-02,8.020000457763672
2025-09-03,7.730000019073486
2025-09-04,7.889999866485596
2025-09-05,7.909999847412109
2025-09-08,8.1899995803833
2025-09-09,8.210000038146973
2025-09-10,7.900000095367432
2025-09-11,7.760000228881836
2025-09-12,7.739999771118164
2025-09-15,7.880000114440918
2025-09-16,7.880000114440918
2025-09-17,7.760000228881836
2025-09-18,8.100000381469727
2025-09-19,8.100000381469727
2025-09-22,8.479999542236328
2025-09-23,8.680000305175781
2025-09-24,8.6899995803833
2025-09-25,8.489999771118164
2025-09-26,8.470000267028809
2025-09-29,8.270000457763672
2025-09-30,8.319999694824219
2025-10-01,8.170000076293945
2025-10-02,8.649999618530273
2025-10-03,8.569999694824219
2025-10-06,8.609999656677246
2025-10-07,8.800000190734863
2025-10-08,8.880000114440918
2025-10-09,8.979999542236328
2025-10-10,8.84000015258789
2025-10-13,8.779999732971191
2025-10-14,9.619999885559082
2025-10-15,9.930000305175781
2025-10-16,9.869999885559082
2025-10-17,9.199999809265137
2025-10-20,8.75
2025-10-21,8.84000015258789
2025-10-22,8.369999885559082
2025-10-23,8.390000343322754
2025-10-24,8.399999618530273
2025-10-27,8.40999984741211
2025-10-28,8.039999961853027
2025-10-29,8.949999809265137
2025-10-30,9.479999542236328
2025-10-31,9.649999618530273
2025-11-03,9.460000038146973
2025-11-04,9.289999961853027
2025-11-05,8.460000038146973
2025-11-06,8.079999923706055
2025-11-07,7.769999980926514
2025-11-10,8.380000114440918
2025-11-11,8.380000114440918
2025-11-12,8.140000343322754
2025-11-13,8.109999656677246
2025-11-14,8.010000228881836
2025-11-17,8.170000076293945
2025-11-18,7.829999923706055
2025-11-19,8.0
2025-11-20,8.170000076293945
2025-11-21,7.5
2025-11-24,7.449999809265137
2025-11-25,7.829999923706055
2025-11-26,7.980000019073486
2025-11-27,7.849999904632568
2025-11-28,8.119999885559082
2025-12-01,8.0
2025-12-02,8.0600004196167
2025-12-03,8.479999542236328
2025-12-04,8.399999618530273
2025-12-05,8.579999923706055
2025-12-08,8.430000305175781
2025-12-09,8.5600004196167
2025-12-10,8.720000267028809
2025-12-11,8.960000038146973
2025-12-12,9.390000343322754
2025-12-15,8.949999809265137
2025-12-16,8.520000457763672
2025-12-17,8.739999771118164
2025-12-18,8.319999694824219
2025-12-19,9.09000015258789
2025-12-22,9.729999542236328
2025-12-23,9.869999885559082
2025-12-24,9.720000267028809
2025-12-29,9.609999656677246
2025-12-30,9.359999656677246
2025-12-31,9.59000015258789
2026-01-02,10.130000114440918
2026-01-05,10.850000381469727
2026-01-06,10.869999885559082
2026-01-07,10.800000190734863
2026-01-08,10.899999618530273
2026-01-09,10.609999656677246
2026-01-12,10.529999732971191
2026-01-13,10.600000381469727
2026-01-14,10.65999984741211
2026-01-15,10.670000076293945
2026-01-16,11.109999656677246
2026-01-19,11.84000015258789
2026-01-20,11.640000343322754
2026-01-21,13.170000076293945
2026-01-22,13.359999656677246
2026-01-23,13.3100004196167
2026-01-27,13.229999542236328
2026-01-28,13.9399995803833
2026-01-29,14.140000343322754
2026-01-30,13.84000015258789
2026-02-02,13.109999656677246
2026-02-03,13.079999923706055
2026-02-04,13.579999923706055
2026-02-05,12.359999656677246
2026-02-06,11.010000228881836
2026-02-09,11.5
2026-02-10,12.130000114440918
2026-02-11,12.25
2026-02-12,12.34000015258789
2026-02-13,11.680000305175781
2026-02-16,11.84000015258789
2026-02-17,11.880000114440918
2026-02-18,12.539999961853027
2026-02-19,13.229999542236328
2026-02-20,13.949999809265137
2026-02-23,13.420000076293945
2026-02-24,13.40999984741211
2026-02-25,13.949999809265137
2026-02-26,13.359999656677246
2026-02-27,13.390000343322754
2026-03-02,13.5600004196167
2026-03-03,13.609999656677246
2026-03-04,12.579999923706055
2026-03-05,12.859999656677246
2026-03-06,12.15999984741211
2026-03-09,11.199999809265137
2026-03-10,11.949999809265137
2026-03-11,12.399999618530273
2026-03-12,11.819999694824219
2026-03-13,11.710000038146973
2026-03-16,11.09000015258789
2026-03-17,11.25
2026-03-18,11.390000343322754
2026-03-19,10.869999885559082
2026-03-20,10.779999732971191
2026-03-23,10.119999885559082
2026-03-24,10.34000015258789
2026-03-25,11.479999542236328
2026-03-26,11.140000343322754
2026-03-27,11.0
2026-03-30,11.180000305175781
2026-03-31,11.050000190734863
2026-04-01,11.8100004196167
2026-04-02,11.380000114440918
2026-04-07,11.470000267028809
2026-04-08,12.449999809265137
2026-04-09,12.34000015258789
2026-04-10,12.59000015258789
2026-04-13,12.420000076293945
2026-04-14,13.199999809265137
2026-04-15,13.789999961853027
2026-04-16,14.149999618530273
2026-04-17,14.539999961853027
2026-04-20,13.75
2026-04-21,13.609999656677246
2026-04-22,12.869999885559082
2026-04-23,12.949999809265137
2026-04-24,12.609999656677246
2026-04-27,12.170000076293945
2026-04-28,12.239999771118164
2026-04-29,12.09000015258789
2026-04-30,11.520000457763672
2026-05-01,11.970000267028809
2026-05-04,12.34000015258789
2026-05-05,12.130000114440918
2026-05-06,11.930000305175781
2026-05-07,12.9399995803833
2026-05-08,12.489999771118164
2026-05-11,13.210000038146973
2026-05-12,12.699999809265137
2026-05-13,11.170000076293945
2026-05-14,10.75
2026-05-15,10.649999618530273
2026-05-18,10.380000114440918
2026-05-19,10.630000114440918
2026-05-20,10.149999618530273
2026-05-21,10.449999809265137
2026-05-22,11.069999694824219
2026-05-25,11.479999542236328
2026-05-26,11.09000015258789
2026-05-27,11.359999656677246
2026-05-28,11.170000076293945
2026-05-29,11.319999694824219
2026-06-01,11.300000190734863
2026-06-02,10.630000114440918
2026-06-03,11.850000381469727
2026-06-04,10.880000114440918
2026-06-05,11.050000190734863
2026-06-09,10.079999923706055
2026-06-10,9.380000114440918
2026-06-11,9.369999885559082
2026-06-12,9.710000038146973
2026-06-15,10.460000038146973
2026-06-16,10.279999732971191
2026-06-17,10.649999618530273
2026-06-18,10.09000015258789
2026-06-19,10.020000457763672
2026-06-22,9.829999923706055
2026-06-23,9.390000343322754
2026-06-24,9.699999809265137
2026-06-25,9.739999771118164
2026-06-26,9.350000381469727
2026-06-29,9.420000076293945
2026-06-30,9.300000190734863
2026-07-01,9.930000305175781
2026-07-02,9.949999809265137
2026-07-03,9.979999542236328
2026-07-06,9.920000076293945
2026-07-07,9.510000228881836
2026-07-08,9.510000228881836
2026-07-09,9.65999984741211
2026-07-10,10.0600004196167
2026-07-13,9.6899995803833
2026-07-14,9.109999656677246
2026-07-15,9.319999694824219
2026-07-16,9.180000305175781
2026-07-17,8.420000076293945
2026-07-20,8.479999542236328
2026-07-21,8.5600004196167
2026-07-22,9.130000114440918
2026-07-23,10.1899995803833
2026-07-24,9.680000305175781
2026-07-27,9.569999694824219
2026-07-28,9.149999618530273
2026-07-29,8.859999656677246
2026-07-30,8.800000190734863
2026-07-31,9.420000076293945
2026-08-03,9.40999984741211
2026-08-04,9.59000015258789
2026-08-05,9.989999771118164
2026-08-06,9.829999923706055
2026-08-07,10.149999618530273
2026-08-10,10.380000114440918
2026-08-11,10.649999618530273
2026-08-12,10.789999961853027
2026-08-13,10.609999656677246
2026-08-14,10.130000114440918
2026-08-17,10.550000190734863
2026-08-18,10.739999771118164
2026-08-19,10.34000015258789
2026-08-20,10.399999618530273
2026-08-21,10.579999923706055
2026-08-24,11.699999809265137
2026-08-25,11.960000038146973
2026-08-26,12.569999694824219
2026-08-27,12.079999923706055
2026-08-28,11.819999694824219
