Date,close
2005-03-29,1.5150450468063354
2005-03-30,1.9695589542388916
2005-03-31,1.9695589542388916
2005-04-01,2.1968159675598145
2005-04-04,2.083188056945801
2005-04-05,1.9695589542388916
2005-04-06,2.0074350833892822
2005-04-07,1.9695589542388916
2005-04-08,1.9316829442977905
2005-04-11,1.893807053565979
2005-04-12,1.8180550336837769
2005-04-13,1.8180550336837769
2005-04-14,1.7801779508590698
2005-04-15,1.628674030303955
2005-04-18,1.552922010421753
2005-04-19,1.590798020362854
2005-04-20,1.590798020362854
2005-04-21,1.552922010421753
2005-04-22,1.552922010421753
2005-04-26,1.552922010421753
2005-04-27,1.552922010421753
2005-04-28,1.5150450468063354
2005-04-29,1.5150450468063354
2005-05-02,1.5150450468063354
2005-05-03,1.4392930269241333
2005-05-04,1.5150450468063354
2005-05-05,1.5150450468063354
2005-05-06,1.5150450468063354
2005-05-09,1.4392930269241333
2005-05-10,1.5150450468063354
2005-05-11,1.4392930269241333
2005-05-12,1.4392930269241333
2005-05-13,1.5150450468063354
2005-05-16,1.5150450468063354
2005-05-17,1.5150450468063354
2005-05-18,1.4392930269241333
2005-05-19,1.4392930269241333
2005-05-20,1.4392930269241333
2005-05-23,1.4392930269241333
2005-05-24,1.4392930269241333
2005-05-25,1.3635410070419312
2005-05-26,1.287788987159729
2005-05-27,1.287788987159729
2005-05-30,1.287788987159729
2005-05-31,1.287788987159729
2005-06-01,1.32566499710083
2005-06-02,1.4771690368652344
2005-06-03,1.5150450468063354
2005-06-06,1.3635410070419312
2005-06-07,1.4771690368652344
2005-06-08,1.5150450468063354
2005-06-09,1.5150450468063354
2005-06-10,1.5150450468063354
2005-06-14,1.5150450468063354
2005-06-15,1.590798020362854
2005-06-16,1.590798020362854
2005-06-17,1.4771690368652344
2005-06-20,1.4771690368652344
2005-06-21,1.4014170169830322
2005-06-22,1.4014170169830322
2005-06-23,1.3635410070419312
2005-06-24,1.3635410070419312
2005-06-27,1.3635410070419312
2005-06-28,1.287788987159729
2005-06-29,1.1741600036621094
2005-06-30,1.1741600036621094
2005-07-01,1.1741600036621094
2005-07-04,1.1741600036621094
2005-07-05,1.0984079837799072
2005-07-06,1.0984079837799072
2005-07-07,1.0226550102233887
2005-07-08,1.0226550102233887
2005-07-11,0.9469029903411865
2005-07-12,1.0605319738388062
2005-07-13,1.0605319738388062
2005-07-14,1.1362839937210083
2005-07-15,1.1362839937210083
2005-07-18,1.1741600036621094
2005-07-19,1.1741600036621094
2005-07-20,1.3635410070419312
2005-07-21,1.3635410070419312
2005-07-22,1.4392930269241333
2005-07-25,1.3635410070419312
2005-07-26,1.32566499710083
2005-07-27,1.287788987159729
2005-07-28,1.2499120235443115
2005-07-29,1.2499120235443115
2005-08-01,1.3635410070419312
2005-08-02,1.3635410070419312
2005-08-03,1.32566499710083
2005-08-04,1.3635410070419312
2005-08-05,1.3635410070419312
2005-08-08,1.287788987159729
2005-08-09,1.2499120235443115
2005-08-10,1.287788987159729
2005-08-11,1.4392930269241333
2005-08-12,1.3635410070419312
2005-08-15,1.3635410070419312
2005-08-16,1.32566499710083
2005-08-17,1.32566499710083
2005-08-18,1.32566499710083
2005-08-19,1.287788987159729
2005-08-22,1.2499120235443115
2005-08-23,1.2120360136032104
2005-08-24,1.287788987159729
2005-08-25,1.287788987159729
2005-08-26,1.287788987159729
2005-08-29,1.3635410070419312
2005-08-30,1.3635410070419312
2005-08-31,1.32566499710083
2005-09-01,1.2120360136032104
2005-09-02,1.2120360136032104
2005-09-05,1.2120360136032104
2005-09-06,1.2120360136032104
2005-09-07,1.2120360136032104
2005-09-08,1.2120360136032104
2005-09-09,1.2120360136032104
2005-09-12,1.2120360136032104
2005-09-13,1.2120360136032104
2005-09-14,1.287788987159729
2005-09-15,1.287788987159729
2005-09-16,1.287788987159729
2005-09-19,1.287788987159729
2005-09-20,1.2120360136032104
2005-09-21,1.2120360136032104
2005-09-22,1.1362839937210083
2005-09-23,1.1362839937210083
2005-09-26,1.1362839937210083
2005-09-27,1.1362839937210083
2005-09-28,1.1362839937210083
2005-09-29,1.287788987159729
2005-09-30,1.287788987159729
2005-10-03,1.287788987159729
2005-10-04,1.2120360136032104
2005-10-05,1.2120360136032104
2005-10-06,1.2120360136032104
2005-10-07,1.2120360136032104
2005-10-10,1.2120360136032104
2005-10-11,1.2120360136032104
2005-10-12,1.287788987159729
2005-10-13,1.287788987159729
2005-10-14,1.287788987159729
2005-10-17,1.287788987159729
2005-10-18,1.3635410070419312
2005-10-19,1.3635410070419312
2005-10-20,1.3635410070419312
2005-10-21,1.3635410070419312
2005-10-24,1.4392930269241333
2005-10-25,1.3635410070419312
2005-10-26,1.4014170169830322
2005-10-27,1.3635410070419312
2005-10-28,1.3635410070419312
2005-10-31,1.3635410070419312
2005-11-01,1.3635410070419312
2005-11-02,1.3635410070419312
2005-11-03,1.3635410070419312
2005-11-04,1.3635410070419312
2005-11-07,1.3635410070419312
2005-11-08,1.2120360136032104
2005-11-09,1.2120360136032104
2005-11-10,1.287788987159729
2005-11-11,1.287788987159729
2005-11-14,1.287788987159729
2005-11-15,1.2120360136032104
2005-11-16,1.2120360136032104
2005-11-17,1.2120360136032104
2005-11-18,1.2120360136032104
2005-11-21,1.2120360136032104
2005-11-22,1.2120360136032104
2005-11-23,1.2120360136032104
2005-11-24,1.2120360136032104
2005-11-25,1.2120360136032104
2005-11-28,1.2120360136032104
2005-11-29,1.2120360136032104
2005-11-30,1.287788987159729
2005-12-01,1.2120360136032104
2005-12-02,1.2120360136032104
2005-12-05,1.2120360136032104
2005-12-06,1.2120360136032104
2005-12-07,1.2120360136032104
2005-12-08,1.3635410070419312
2005-12-09,1.4771690368652344
2005-12-12,1.4771690368652344
2005-12-13,1.4014170169830322
2005-12-14,1.4014170169830322
2005-12-15,1.4014170169830322
2005-12-16,1.4014170169830322
2005-12-19,1.4014170169830322
2005-12-20,1.590798020362854
2005-12-21,1.590798020362854
2005-12-22,1.590798020362854
2005-12-23,1.590798020362854
2005-12-28,1.590798020362854
2005-12-29,1.9695589542388916
2005-12-30,1.855931043624878
2006-01-03,1.855931043624878
2006-01-04,1.855931043624878
2006-01-05,1.893807053565979
2006-01-06,1.855931043624878
2006-01-09,1.9316829442977905
2006-01-10,1.9695589542388916
2006-01-11,2.083188056945801
2006-01-12,2.0453109741210938
2006-01-13,2.1210639476776123
2006-01-16,2.1210639476776123
2006-01-17,2.0453109741210938
2006-01-18,2.0453109741210938
2006-01-19,2.0453109741210938
2006-01-20,2.1210639476776123
2006-01-23,2.0074350833892822
2006-01-24,2.0074350833892822
2006-01-25,2.0453109741210938
2006-01-27,2.0453109741210938
2006-01-30,1.855931043624878
2006-01-31,1.7801779508590698
2006-02-01,1.855931043624878
2006-02-02,1.7801779508590698
2006-02-03,1.9695589542388916
2006-02-06,1.9695589542388916
2006-02-07,2.348320960998535
2006-02-08,2.2725679874420166
2006-02-09,2.2725679874420166
2006-02-10,2.1968159675598145
2006-02-13,2.234692096710205
2006-02-14,2.158940076828003
2006-02-15,2.158940076828003
2006-02-16,2.1968159675598145
2006-02-17,2.2725679874420166
2006-02-20,2.1968159675598145
2006-02-21,2.1210639476776123
2006-02-22,2.1210639476776123
2006-02-23,2.1210639476776123
2006-02-24,2.1968159675598145
2006-02-27,2.1210639476776123
2006-02-28,2.1968159675598145
2006-03-01,2.1968159675598145
2006-03-02,2.3104450702667236
2006-03-03,2.7270820140838623
2006-03-06,2.878587007522583
2006-03-07,2.65132999420166
2006-03-08,2.764957904815674
2006-03-09,2.954339027404785
2006-03-10,3.484605073928833
2006-03-13,3.8254899978637695
2006-03-14,4.54513692855835
2006-03-15,4.393632888793945
2006-03-16,4.54513692855835
2006-03-17,4.393632888793945
2006-03-20,3.9391191005706787
2006-03-21,4.393632888793945
2006-03-22,4.54513692855835
2006-03-23,5.151155948638916
2006-03-24,5.378411769866943
2006-03-27,5.454164981842041
2006-03-28,5.075403213500977
2006-03-29,5.189032077789307
2006-03-30,5.378411769866943
2006-03-31,5.226908206939697
2006-04-03,4.961774826049805
2006-04-04,5.226908206939697
2006-04-05,4.923899173736572
2006-04-06,4.734518051147461
2006-04-07,4.65876579284668
2006-04-10,4.317880153656006
2006-04-11,4.431509017944336
2006-04-12,4.54513692855835
2006-04-13,4.620890140533447
2006-04-18,4.54513692855835
2006-04-19,4.54513692855835
2006-04-20,4.886023044586182
2006-04-21,4.772394180297852
2006-04-24,4.810269832611084
2006-04-26,4.620890140533447
2006-04-27,4.620890140533447
2006-04-28,4.620890140533447
2006-05-01,4.242127895355225
2006-05-02,4.848145961761475
2006-05-03,4.772394180297852
2006-05-04,4.54513692855835
2006-05-05,4.848145961761475
2006-05-08,4.923899173736572
2006-05-09,5.189032077789307
2006-05-10,5.378411769866943
2006-05-11,5.757174015045166
2006-05-12,5.378411769866943
2006-05-15,5.492041110992432
2006-05-16,5.87080192565918
2006-05-17,6.098059177398682
2006-05-18,5.757174015045166
2006-05-19,5.681422233581543
2006-05-22,5.98443078994751
2006-05-23,5.681422233581543
2006-05-24,6.211688041687012
2006-05-25,6.476820945739746
2006-05-26,6.4389448165893555
2006-05-29,6.211688041687012
2006-05-30,6.098059177398682
2006-05-31,5.757174015045166
2006-06-01,5.454164981842041
2006-06-02,5.605669021606445
2006-06-05,5.529916763305664
2006-06-06,5.454164981842041
2006-06-07,5.492041110992432
2006-06-08,5.492041110992432
2006-06-09,5.226908206939697
2006-06-13,4.469385147094727
2006-06-14,4.242127895355225
2006-06-15,5.075403213500977
2006-06-16,4.999650955200195
2006-06-19,4.848145961761475
2006-06-20,4.393632888793945
2006-06-21,4.317880153656006
2006-06-22,4.772394180297852
2006-06-23,4.507260799407959
2006-06-26,4.69664192199707
2006-06-27,4.848145961761475
2006-06-28,4.772394180297852
2006-06-29,4.772394180297852
2006-06-30,4.886023044586182
2006-07-03,4.58301305770874
2006-07-04,4.54513692855835
2006-07-05,4.393632888793945
2006-07-06,4.393632888793945
2006-07-07,4.393632888793945
2006-07-10,4.886023044586182
2006-07-11,4.355755805969238
2006-07-12,4.772394180297852
2006-07-13,4.317880153656006
2006-07-14,4.166376113891602
2006-07-17,4.166376113891602
2006-07-18,4.54513692855835
2006-07-19,4.469385147094727
2006-07-20,4.204251766204834
2006-07-21,4.204251766204834
2006-07-24,3.901242971420288
2006-07-25,4.090622901916504
2006-07-26,3.8633670806884766
2006-07-27,3.8254899978637695
2006-07-28,3.8633670806884766
2006-07-31,4.090622901916504
2006-08-01,4.090622901916504
2006-08-02,4.317880153656006
2006-08-03,4.166376113891602
2006-08-04,3.787614107131958
2006-08-07,3.711862087249756
2006-08-08,3.787614107131958
2006-08-09,3.787614107131958
2006-08-10,4.166376113891602
2006-08-11,3.8633670806884766
2006-08-14,3.7497379779815674
2006-08-15,4.014871120452881
2006-08-16,3.711862087249756
2006-08-17,3.7497379779815674
2006-08-18,3.711862087249756
2006-08-21,3.6361100673675537
2006-08-22,3.6739859580993652
2006-08-23,3.7497379779815674
2006-08-24,3.711862087249756
2006-08-25,3.711862087249756
2006-08-28,3.711862087249756
2006-08-29,3.711862087249756
2006-08-30,3.711862087249756
2006-08-31,3.560357093811035
2006-09-01,3.3709769248962402
2006-09-04,3.408853054046631
2006-09-05,3.408853054046631
2006-09-06,3.408853054046631
2006-09-07,3.25734806060791
2006-09-08,3.25734806060791
2006-09-11,3.25734806060791
2006-09-12,3.181596040725708
2006-09-13,3.25734806060791
2006-09-14,3.2194719314575195
2006-09-15,3.0300910472869873
2006-09-18,2.8028340339660645
2006-09-19,2.8028340339660645
2006-09-20,2.8028340339660645
2006-09-21,3.105844020843506
2006-09-22,2.9922149181365967
2006-09-25,3.1437199115753174
2006-09-26,2.7270820140838623
2006-09-27,2.7270820140838623
2006-09-28,3.0300910472869873
2006-09-29,2.954339027404785
2006-10-02,2.954339027404785
2006-10-03,2.65132999420166
2006-10-04,2.65132999420166
2006-10-05,2.954339027404785
2006-10-06,2.65132999420166
2006-10-09,2.575577974319458
2006-10-10,2.575577974319458
2006-10-11,2.4240729808807373
2006-10-12,2.7270820140838623
2006-10-13,2.8407111167907715
2006-10-16,2.8407111167907715
2006-10-17,2.6892058849334717
2006-10-18,2.6892058849334717
2006-10-19,3.0300910472869873
2006-10-20,3.0300910472869873
2006-10-23,2.7270820140838623
2006-10-24,2.878587007522583
2006-10-25,2.65132999420166
2006-10-26,2.4998250007629395
2006-10-27,2.6892058849334717
2006-10-30,2.4240729808807373
2006-10-31,2.4240729808807373
2006-11-01,2.2725679874420166
2006-11-02,2.4240729808807373
2006-11-03,2.4998250007629395
2006-11-06,2.575577974319458
2006-11-07,2.575577974319458
2006-11-08,2.461949110031128
2006-11-09,2.4998250007629395
2006-11-10,2.4998250007629395
2006-11-13,2.537700891494751
2006-11-14,2.6134541034698486
2006-11-15,2.575577974319458
2006-11-16,2.4998250007629395
2006-11-17,2.348320960998535
2006-11-20,2.348320960998535
2006-11-21,2.348320960998535
2006-11-22,2.2725679874420166
2006-11-23,2.3104450702667236
2006-11-24,2.3104450702667236
2006-11-27,2.1210639476776123
2006-11-28,2.461949110031128
2006-11-29,2.348320960998535
2006-11-30,2.2725679874420166
2006-12-01,2.1968159675598145
2006-12-04,2.461949110031128
2006-12-05,2.2725679874420166
2006-12-06,2.2725679874420166
2006-12-07,2.348320960998535
2006-12-08,2.575577974319458
2006-12-11,2.6892058849334717
2006-12-12,2.4998250007629395
2006-12-13,2.65132999420166
2006-12-14,2.575577974319458
2006-12-15,2.8407111167907715
2006-12-18,3.3331000804901123
2006-12-19,3.2952239513397217
2006-12-20,3.2952239513397217
2006-12-21,3.3331000804901123
2006-12-22,3.25734806060791
2006-12-27,3.25734806060791
2006-12-28,3.484605073928833
2006-12-29,3.484605073928833
2007-01-02,3.484605073928833
2007-01-03,3.3709769248962402
2007-01-04,3.787614107131958
2007-01-05,3.8633670806884766
2007-01-08,3.711862087249756
2007-01-09,3.787614107131958
2007-01-10,3.3331000804901123
2007-01-11,3.4467289447784424
2007-01-12,3.3331000804901123
2007-01-15,3.5224809646606445
2007-01-16,3.4467289447784424
2007-01-17,3.711862087249756
2007-01-18,3.8633670806884766
2007-01-19,3.787614107131958
2007-01-22,3.787614107131958
2007-01-23,3.787614107131958
2007-01-24,3.560357093811035
2007-01-25,3.6361100673675537
2007-01-29,3.5224809646606445
2007-01-30,3.408853054046631
2007-01-31,3.408853054046631
2007-02-01,3.3709769248962402
2007-02-02,3.3331000804901123
2007-02-05,3.3331000804901123
2007-02-06,3.2952239513397217
2007-02-07,3.0300910472869873
2007-02-08,2.878587007522583
2007-02-09,3.0300910472869873
2007-02-12,3.0300910472869873
2007-02-13,2.8407111167907715
2007-02-14,3.0300910472869873
2007-02-15,3.067966938018799
2007-02-16,3.067966938018799
2007-02-19,3.0300910472869873
2007-02-20,2.878587007522583
2007-02-21,3.0300910472869873
2007-02-22,3.105844020843506
2007-02-23,2.878587007522583
2007-02-26,2.878587007522583
2007-02-27,2.6892058849334717
2007-02-28,2.65132999420166
2007-03-01,2.6892058849334717
2007-03-02,2.65132999420166
2007-03-05,2.348320960998535
2007-03-06,2.4240729808807373
2007-03-07,2.764957904815674
2007-03-08,2.575577974319458
2007-03-09,2.65132999420166
2007-03-12,2.461949110031128
2007-03-13,2.461949110031128
2007-03-14,2.461949110031128
2007-03-15,2.65132999420166
2007-03-16,2.65132999420166
2007-03-19,2.65132999420166
2007-03-20,2.8028340339660645
2007-03-21,2.65132999420166
2007-03-22,2.8028340339660645
2007-03-23,2.954339027404785
2007-03-26,2.7270820140838623
2007-03-27,2.6892058849334717
2007-03-28,2.7270820140838623
2007-03-29,2.65132999420166
2007-03-30,2.878587007522583
2007-04-02,2.878587007522583
2007-04-03,2.878587007522583
2007-04-04,2.8407111167907715
2007-04-05,2.8407111167907715
2007-04-10,2.4998250007629395
2007-04-11,2.4998250007629395
2007-04-12,2.6134541034698486
2007-04-13,2.4240729808807373
2007-04-16,2.4240729808807373
2007-04-17,2.348320960998535
2007-04-18,2.348320960998535
2007-04-19,2.2725679874420166
2007-04-20,2.4240729808807373
2007-04-23,2.461949110031128
2007-04-24,2.537700891494751
2007-04-26,2.7270820140838623
2007-04-27,2.575577974319458
2007-04-30,2.575577974319458
2007-05-01,2.4998250007629395
2007-05-02,2.65132999420166
2007-05-03,2.537700891494751
2007-05-04,2.9922149181365967
2007-05-07,3.0300910472869873
2007-05-08,3.560357093811035
2007-05-09,3.408853054046631
2007-05-10,3.6361100673675537
2007-05-11,3.408853054046631
2007-05-14,3.484605073928833
2007-05-15,3.484605073928833
2007-05-16,3.6361100673675537
2007-05-17,3.484605073928833
2007-05-18,3.484605073928833
2007-05-21,3.1437199115753174
2007-05-22,2.954339027404785
2007-05-23,2.878587007522583
2007-05-24,3.0300910472869873
2007-05-25,3.105844020843506
2007-05-28,2.954339027404785
2007-05-29,3.2194719314575195
2007-05-30,2.954339027404785
2007-05-31,3.181596040725708
2007-06-01,2.954339027404785
2007-06-04,2.878587007522583
2007-06-05,2.8407111167907715
2007-06-06,3.0300910472869873
2007-06-07,2.954339027404785
2007-06-08,2.878587007522583
2007-06-12,3.105844020843506
2007-06-13,2.878587007522583
2007-06-14,2.878587007522583
2007-06-15,2.954339027404785
2007-06-18,2.878587007522583
2007-06-19,2.878587007522583
2007-06-20,2.6134541034698486
2007-06-21,2.6892058849334717
2007-06-22,2.6892058849334717
2007-06-25,2.575577974319458
2007-06-26,2.575577974319458
2007-06-27,2.4240729808807373
2007-06-28,2.4998250007629395
2007-06-29,2.65132999420166
2007-07-02,2.4998250007629395
2007-07-03,2.4240729808807373
2007-07-04,2.386197090148926
2007-07-05,2.4240729808807373
2007-07-06,2.386197090148926
2007-07-09,2.4240729808807373
2007-07-10,2.348320960998535
2007-07-11,2.2725679874420166
2007-07-12,2.348320960998535
2007-07-13,2.386197090148926
2007-07-16,2.3104450702667236
2007-07-17,2.4240729808807373
2007-07-18,2.3104450702667236
2007-07-19,2.348320960998535
2007-07-20,2.348320960998535
2007-07-23,2.2725679874420166
2007-07-24,2.2725679874420166
2007-07-25,2.2725679874420166
2007-07-26,2.2725679874420166
2007-07-27,2.234692096710205
2007-07-30,2.1210639476776123
2007-07-31,2.4998250007629395
2007-08-01,2.1968159675598145
2007-08-02,2.348320960998535
2007-08-03,2.4240729808807373
2007-08-06,2.0453109741210938
2007-08-07,2.158940076828003
2007-08-08,2.1968159675598145
2007-08-09,2.0453109741210938
2007-08-10,2.0453109741210938
2007-08-13,2.0453109741210938
2007-08-14,2.0453109741210938
2007-08-15,2.0453109741210938
2007-08-16,2.1210639476776123
2007-08-17,2.1210639476776123
2007-08-20,2.0453109741210938
2007-08-21,2.0453109741210938
2007-08-22,2.0074350833892822
2007-08-23,2.0074350833892822
2007-08-24,2.0453109741210938
2007-08-27,2.2725679874420166
2007-08-28,2.2725679874420166
2007-08-29,2.1968159675598145
2007-08-30,2.158940076828003
2007-08-31,2.158940076828003
2007-09-03,2.083188056945801
2007-09-04,2.1210639476776123
2007-09-05,2.083188056945801
2007-09-06,2.083188056945801
2007-09-07,2.234692096710205
2007-09-10,2.158940076828003
2007-09-11,2.158940076828003
2007-09-12,2.2725679874420166
2007-09-13,2.2725679874420166
2007-09-14,2.348320960998535
2007-09-17,2.4240729808807373
2007-09-18,2.537700891494751
2007-09-19,2.4240729808807373
2007-09-20,2.348320960998535
2007-09-21,2.348320960998535
2007-09-24,2.2725679874420166
2007-09-25,2.158940076828003
2007-09-26,2.083188056945801
2007-09-27,2.1210639476776123
2007-09-28,2.083188056945801
2007-10-01,2.0074350833892822
2007-10-02,2.0074350833892822
2007-10-03,2.083188056945801
2007-10-04,1.9695589542388916
2007-10-05,1.893807053565979
2007-10-08,1.6665500402450562
2007-10-09,1.855931043624878
2007-10-10,1.893807053565979
2007-10-11,1.855931043624878
2007-10-12,1.893807053565979
2007-10-15,1.8180550336837769
2007-10-16,1.7801779508590698
2007-10-17,1.628674030303955
2007-10-18,1.7801779508590698
2007-10-19,1.7801779508590698
2007-10-22,1.6665500402450562
2007-10-23,1.6665500402450562
2007-10-24,1.8180550336837769
2007-10-25,1.855931043624878
2007-10-26,1.7423019409179688
2007-10-29,1.7801779508590698
2007-10-30,1.6665500402450562
2007-10-31,1.628674030303955
2007-11-01,1.6665500402450562
2007-11-02,1.6665500402450562
2007-11-05,1.7801779508590698
2007-11-06,1.6665500402450562
2007-11-07,1.7044260501861572
2007-11-08,1.6665500402450562
2007-11-09,1.590798020362854
2007-11-12,1.590798020362854
2007-11-13,1.590798020362854
2007-11-14,1.7423019409179688
2007-11-15,1.590798020362854
2007-11-16,1.590798020362854
2007-11-19,1.6665500402450562
2007-11-20,1.552922010421753
2007-11-21,1.5150450468063354
2007-11-22,1.4014170169830322
2007-11-23,1.3635410070419312
2007-11-26,1.590798020362854
2007-11-27,1.5150450468063354
2007-11-28,1.7423019409179688
2007-11-29,1.552922010421753
2007-11-30,1.552922010421753
2007-12-03,1.6665500402450562
2007-12-04,1.6665500402450562
2007-12-05,1.628674030303955
2007-12-06,1.855931043624878
2007-12-07,1.7044260501861572
2007-12-10,1.7044260501861572
2007-12-11,1.7044260501861572
2007-12-12,1.590798020362854
2007-12-13,1.590798020362854
2007-12-14,1.552922010421753
2007-12-17,1.5150450468063354
2007-12-18,1.5150450468063354
2007-12-19,1.590798020362854
2007-12-20,1.4392930269241333
2007-12-21,1.4392930269241333
2007-12-24,1.4014170169830322
2007-12-27,1.4014170169830322
2007-12-28,1.4014170169830322
2007-12-31,1.4392930269241333
2008-01-02,1.5150450468063354
2008-01-03,1.5150450468063354
2008-01-04,1.590798020362854
2008-01-07,1.4392930269241333
2008-01-08,1.3635410070419312
2008-01-09,1.3635410070419312
2008-01-10,1.32566499710083
2008-01-11,1.3635410070419312
2008-01-14,1.287788987159729
2008-01-15,1.287788987159729
2008-01-16,1.287788987159729
2008-01-17,1.2120360136032104
2008-01-18,1.2120360136032104
2008-01-21,1.0605319738388062
2008-01-22,1.0605319738388062
2008-01-23,1.0605319738388062
2008-01-24,1.0605319738388062
2008-01-25,0.9090269804000854
2008-01-29,0.9847790002822876
2008-01-30,1.0984079837799072
2008-01-31,1.0605319738388062
2008-02-01,1.0605319738388062
2008-02-04,1.0984079837799072
2008-02-05,1.1362839937210083
2008-02-06,1.0984079837799072
2008-02-07,1.0605319738388062
2008-02-08,1.0984079837799072
2008-02-11,0.9847790002822876
2008-02-12,0.9090269804000854
2008-02-13,0.9090269804000854
2008-02-14,0.9090269804000854
2008-02-15,0.9090269804000854
2008-02-18,0.8711509704589844
2008-02-19,1.0226550102233887
2008-02-20,0.9090269804000854
2008-02-21,1.0226550102233887
2008-02-22,0.8711509704589844
2008-02-25,0.9847790002822876
2008-02-26,0.9847790002822876
2008-02-27,0.9847790002822876
2008-02-28,0.9847790002822876
2008-02-29,0.9090269804000854
2008-03-03,0.8332750201225281
2008-03-04,0.7575219869613647
2008-03-05,0.7347970008850098
2008-03-06,0.6817700266838074
2008-03-07,0.7575219869613647
2008-03-10,0.7575219869613647
2008-03-11,0.7575219869613647
2008-03-12,0.7575219869613647
2008-03-13,0.8711509704589844
2008-03-14,0.8711509704589844
2008-03-17,0.7575219869613647
2008-03-18,0.7575219869613647
2008-03-19,0.7575219869613647
2008-03-20,0.7575219869613647
2008-03-25,0.7575219869613647
2008-03-26,0.7575219869613647
2008-03-27,0.7196459770202637
2008-03-28,0.7196459770202637
2008-03-31,0.7575219869613647
2008-04-01,0.7575219869613647
2008-04-02,0.7575219869613647
2008-04-03,0.7575219869613647
2008-04-04,0.7196459770202637
2008-04-07,0.7196459770202637
2008-04-08,0.7120710015296936
2008-04-09,0.6817700266838074
2008-04-10,0.6817700266838074
2008-04-11,0.6817700266838074
2008-04-14,0.6817700266838074
2008-04-15,0.6817700266838074
2008-04-16,0.6817700266838074
2008-04-17,0.6817700266838074
2008-04-18,0.6817700266838074
2008-04-21,0.6211680173873901
2008-04-22,0.6438940167427063
2008-04-23,0.6438940167427063
2008-04-24,0.6817700266838074
2008-04-28,0.6817700266838074
2008-04-29,0.6817700266838074
2008-04-30,0.6817700266838074
2008-05-01,0.6514689922332764
2008-05-02,0.6363189816474915
2008-05-05,0.5302659869194031
2008-05-06,0.545415997505188
2008-05-07,0.5529909729957581
2008-05-08,0.6817700266838074
2008-05-09,0.6817700266838074
2008-05-12,0.6817700266838074
2008-05-13,0.6817700266838074
2008-05-14,0.6817700266838074
2008-05-15,0.6969209909439087
2008-05-16,0.6969209909439087
2008-05-19,0.6817700266838074
2008-05-20,0.6969209909439087
2008-05-21,0.6817700266838074
2008-05-22,0.6817700266838074
2008-05-23,0.6817700266838074
2008-05-26,0.6817700266838074
2008-05-27,0.6438940167427063
2008-05-28,0.6438940167427063
2008-05-29,0.6438940167427063
2008-05-30,0.6817700266838074
2008-06-02,0.6135929822921753
2008-06-03,0.6817700266838074
2008-06-04,0.6817700266838074
2008-06-05,0.6287440061569214
2008-06-06,0.6666200160980225
2008-06-10,0.7499470114707947
2008-06-11,0.6817700266838074
2008-06-12,0.6817700266838074
2008-06-13,0.6590440273284912
2008-06-16,0.6590440273284912
2008-06-17,0.6817700266838074
2008-06-18,0.6817700266838074
2008-06-19,0.6969209909439087
2008-06-20,0.7196459770202637
2008-06-23,0.7196459770202637
2008-06-24,0.7044960260391235
2008-06-25,0.6893450021743774
2008-06-26,0.6514689922332764
2008-06-27,0.6438940167427063
2008-06-30,0.6135929822921753
2008-07-01,0.9090269804000854
2008-07-02,0.8711509704589844
2008-07-03,0.8711509704589844
2008-07-04,0.8711509704589844
2008-07-07,0.8711509704589844
2008-07-08,0.8711509704589844
2008-07-09,0.8711509704589844
2008-07-10,0.8711509704589844
2008-07-11,0.6969209909439087
2008-07-14,0.6817700266838074
2008-07-15,0.6817700266838074
2008-07-16,0.6817700266838074
2008-07-17,0.6438940167427063
2008-07-18,0.6438940167427063
2008-07-21,0.6438940167427063
2008-07-22,0.5757169723510742
2008-07-23,0.6060180068016052
2008-07-24,0.6060180068016052
2008-07-25,0.6060180068016052
2008-07-28,0.5984429717063904
2008-07-29,0.6060180068016052
2008-07-30,0.7347970008850098
2008-07-31,0.7347970008850098
2008-08-01,0.6817700266838074
2008-08-04,0.6817700266838074
2008-08-05,0.6817700266838074
2008-08-06,0.6817700266838074
2008-08-07,0.6817700266838074
2008-08-08,0.5605660080909729
2008-08-11,0.5605660080909729
2008-08-12,0.5681419968605042
2008-08-13,0.5681419968605042
2008-08-14,0.5681419968605042
2008-08-15,0.5681419968605042
2008-08-18,0.5605660080909729
2008-08-19,0.5378410220146179
2008-08-20,0.5378410220146179
2008-08-21,0.5302659869194031
2008-08-22,0.49996501207351685
2008-08-25,0.6060180068016052
2008-08-26,0.5908669829368591
2008-08-27,0.6135929822921753
2008-08-28,0.6211680173873901
2008-08-29,0.5908669829368591
2008-09-01,0.6060180068016052
2008-09-02,0.6211680173873901
2008-09-03,0.6060180068016052
2008-09-04,0.6514689922332764
2008-09-05,0.6969209909439087
2008-09-08,0.6893450021743774
2008-09-09,0.6893450021743774
2008-09-10,0.6969209909439087
2008-09-11,0.6893450021743774
2008-09-12,0.6438940167427063
2008-09-15,0.5681419968605042
2008-09-16,0.5681419968605042
2008-09-17,0.5302659869194031
2008-09-18,0.5302659869194031
2008-09-19,0.5302659869194031
2008-09-22,0.6060180068016052
2008-09-23,0.6817700266838074
2008-09-24,0.7575219869613647
2008-09-25,0.7575219869613647
2008-09-26,0.7575219869613647
2008-09-29,0.6893450021743774
2008-09-30,0.795399010181427
2008-10-01,0.7575219869613647
2008-10-02,0.7575219869613647
2008-10-03,0.6893450021743774
2008-10-06,0.6893450021743774
2008-10-07,0.6893450021743774
2008-10-08,0.6893450021743774
2008-10-09,0.6893450021743774
2008-10-10,0.4923889935016632
2008-10-13,0.4923889935016632
2008-10-14,0.4772390127182007
2008-10-15,0.5151150226593018
2008-10-16,0.5151150226593018
2008-10-17,0.5151150226593018
2008-10-20,0.5151150226593018
2008-10-21,0.5151150226593018
2008-10-22,0.4696640074253082
2008-10-23,0.5302659869194031
2008-10-24,0.5302659869194031
2008-10-27,0.5302659869194031
2008-10-28,0.5302659869194031
2008-10-29,0.5302659869194031
2008-10-30,0.5302659869194031
2008-10-31,0.4545130133628845
2008-11-03,0.4393630027770996
2008-11-04,0.4393630027770996
2008-11-05,0.41663700342178345
2008-11-06,0.41663700342178345
2008-11-07,0.4545130133628845
2008-11-10,0.4545130133628845
2008-11-11,0.4545130133628845
2008-11-12,0.3787609934806824
2008-11-13,0.3787609934806824
2008-11-14,0.3408850133419037
2008-11-17,0.5302659869194031
2008-11-18,0.3787609934806824
2008-11-19,0.3787609934806824
2008-11-20,0.3787609934806824
2008-11-21,0.3787609934806824
2008-11-24,0.3787609934806824
2008-11-25,0.3787609934806824
2008-11-26,0.3787609934806824
2008-11-27,0.3787609934806824
2008-11-28,0.3787609934806824
2008-12-01,0.3787609934806824
2008-12-02,0.3787609934806824
2008-12-03,0.3787609934806824
2008-12-04,0.3787609934806824
2008-12-05,0.3787609934806824
2008-12-08,0.3787609934806824
2008-12-09,0.3787609934806824
2008-12-10,0.3787609934806824
2008-12-11,0.3408850133419037
2008-12-12,0.3030090034008026
2008-12-15,0.272707998752594
2008-12-16,0.3030090034008026
2008-12-17,0.26513299345970154
2008-12-18,0.28028300404548645
2008-12-19,0.3030090034008026
2008-12-22,0.3030090034008026
2008-12-23,0.3030090034008026
2008-12-24,0.3030090034008026
2008-12-29,0.3030090034008026
2008-12-30,0.3030090034008026
2008-12-31,0.3030090034008026
2009-01-02,0.3030090034008026
2009-01-05,0.3030090034008026
2009-01-06,0.3030090034008026
2009-01-07,0.4545130133628845
2009-01-08,0.4545130133628845
2009-01-09,0.4545130133628845
2009-01-12,0.4545130133628845
2009-01-13,0.4545130133628845
2009-01-14,0.4545130133628845
2009-01-15,0.4545130133628845
2009-01-16,0.4545130133628845
2009-01-19,0.4545130133628845
2009-01-20,0.4545130133628845
2009-01-21,0.4545130133628845
2009-01-22,0.4545130133628845
2009-01-23,0.4545130133628845
2009-01-27,0.4545130133628845
2009-01-28,0.4545130133628845
2009-01-29,0.4545130133628845
2009-01-30,0.4545130133628845
2009-02-02,0.4545130133628845
2009-02-03,0.4545130133628845
2009-02-04,0.4545130133628845
2009-02-05,0.4545130133628845
2009-02-06,0.4545130133628845
2009-02-09,0.4545130133628845
2009-02-10,0.4545130133628845
2009-02-11,0.4545130133628845
2009-02-12,0.4545130133628845
2009-02-13,0.4545130133628845
2009-02-16,0.4545130133628845
2009-02-17,0.43178799748420715
2009-02-18,0.3030090034008026
2009-02-19,0.3030090034008026
2009-02-20,0.22725600004196167
2009-02-23,0.3787609934806824
2009-02-24,0.3787609934806824
2009-02-25,0.3787609934806824
2009-02-26,0.3787609934806824
2009-02-27,0.3787609934806824
2009-03-02,0.3787609934806824
2009-03-03,0.3787609934806824
2009-03-04,0.3787609934806824
2009-03-05,0.3181590139865875
2009-03-06,0.3787609934806824
2009-03-09,0.3560349941253662
2009-03-10,0.36361101269721985
2009-03-11,0.3560349941253662
2009-03-12,0.3408850133419037
2009-03-13,0.3408850133419037
2009-03-16,0.3408850133419037
2009-03-17,0.3408850133419037
2009-03-18,0.3408850133419037
2009-03-19,0.3408850133419037
2009-03-20,0.3787609934806824
2009-03-23,0.4545130133628845
2009-03-24,0.3787609934806824
2009-03-25,0.3787609934806824
2009-03-26,0.38633599877357483
2009-03-27,0.3939110040664673
2009-03-30,0.3939110040664673
2009-03-31,0.38633599877357483
2009-04-01,0.4545130133628845
2009-04-02,0.4545130133628845
2009-04-03,0.4696640074253082
2009-04-06,0.5075399875640869
2009-04-07,0.5075399875640869
2009-04-08,0.5075399875640869
2009-04-09,0.5302659869194031
2009-04-14,0.5302659869194031
2009-04-15,0.5681419968605042
2009-04-16,0.5681419968605042
2009-04-17,0.5681419968605042
2009-04-20,0.5681419968605042
2009-04-21,0.5302659869194031
2009-04-22,0.49996501207351685
2009-04-23,0.49996501207351685
2009-04-24,0.5302659869194031
2009-04-27,0.5226899981498718
2009-04-28,0.5226899981498718
2009-04-29,0.5151150226593018
2009-04-30,0.48481398820877075
2009-05-01,0.5908669829368591
2009-05-04,0.5908669829368591
2009-05-05,0.5908669829368591
2009-05-06,0.5908669829368591
2009-05-07,0.5226899981498718
2009-05-08,0.5226899981498718
2009-05-11,0.4923889935016632
2009-05-12,0.5908669829368591
2009-05-13,0.6060180068016052
2009-05-14,0.6060180068016052
2009-05-15,0.6060180068016052
2009-05-18,0.5681419968605042
2009-05-19,0.6060180068016052
2009-05-20,0.6060180068016052
2009-05-21,0.5681419968605042
2009-05-22,0.5681419968605042
2009-05-25,0.6060180068016052
2009-05-26,0.6060180068016052
2009-05-27,0.5302659869194031
2009-05-28,0.5302659869194031
2009-05-29,0.5302659869194031
2009-06-01,0.5302659869194031
2009-06-02,0.5302659869194031
2009-06-03,0.4923889935016632
2009-06-04,0.4923889935016632
2009-06-05,0.4923889935016632
2009-06-09,0.4923889935016632
2009-06-10,0.4923889935016632
2009-06-11,0.4923889935016632
2009-06-12,0.4923889935016632
2009-06-15,0.4545130133628845
2009-06-16,0.4545130133628845
2009-06-17,0.4545130133628845
2009-06-18,0.3787609934806824
2009-06-19,0.3560349941253662
2009-06-22,0.36361101269721985
2009-06-23,0.34845998883247375
2009-06-24,0.3787609934806824
2009-06-25,0.4545130133628845
2009-06-26,0.4545130133628845
2009-06-29,0.4545130133628845
2009-06-30,0.4242120087146759
2009-07-01,0.4545130133628845
2009-07-02,0.4545130133628845
2009-07-03,0.4242120087146759
2009-07-06,0.4545130133628845
2009-07-07,0.4545130133628845
2009-07-08,0.4545130133628845
2009-07-09,0.4545130133628845
2009-07-10,0.4545130133628845
2009-07-13,0.4545130133628845
2009-07-14,0.4545130133628845
2009-07-15,0.4545130133628845
2009-07-16,0.4545130133628845
2009-07-17,0.4923889935016632
2009-07-20,0.4923889935016632
2009-07-21,0.4923889935016632
2009-07-22,0.4923889935016632
2009-07-23,0.4923889935016632
2009-07-24,0.4923889935016632
2009-07-27,0.4923889935016632
2009-07-28,0.4923889935016632
2009-07-29,0.3787609934806824
2009-07-30,0.3787609934806824
2009-07-31,0.3787609934806824
2009-08-03,0.44693800806999207
2009-08-04,0.44693800806999207
2009-08-05,0.41663700342178345
2009-08-06,0.3787609934806824
2009-08-07,0.3787609934806824
2009-08-10,0.41663700342178345
2009-08-11,0.38633599877357483
2009-08-12,0.41663700342178345
2009-08-13,0.41663700342178345
2009-08-14,0.41663700342178345
2009-08-17,0.41663700342178345
2009-08-18,0.41663700342178345
2009-08-19,0.41663700342178345
2009-08-20,0.41663700342178345
2009-08-21,0.41663700342178345
2009-08-24,0.41663700342178345
2009-08-25,0.41663700342178345
2009-08-26,0.5984429717063904
2009-08-27,0.6060180068016052
2009-08-28,0.6060180068016052
2009-08-31,0.5681419968605042
2009-09-01,0.5681419968605042
2009-09-02,0.6060180068016052
2009-09-03,0.5832920074462891
2009-09-04,0.5832920074462891
2009-09-07,0.5605660080909729
2009-09-08,0.5908669829368591
2009-09-09,0.6363189816474915
2009-09-10,0.7499470114707947
2009-09-11,0.8711509704589844
2009-09-14,0.8711509704589844
2009-09-15,0.8332750201225281
2009-09-16,0.8711509704589844
2009-09-17,0.8711509704589844
2009-09-18,0.9090269804000854
2009-09-21,0.9090269804000854
2009-09-22,0.9090269804000854
2009-09-23,0.9090269804000854
2009-09-24,0.9090269804000854
2009-09-25,0.8332750201225281
2009-09-28,0.7575219869613647
2009-09-29,0.7575219869613647
2009-09-30,0.7575219869613647
2009-10-01,0.7575219869613647
2009-10-02,0.7575219869613647
2009-10-05,0.8332750201225281
2009-10-06,0.8332750201225281
2009-10-07,1.0226550102233887
2009-10-08,0.9847790002822876
2009-10-09,0.9847790002822876
2009-10-12,0.8332750201225281
2009-10-13,0.795399010181427
2009-10-14,0.795399010181427
2009-10-15,0.7575219869613647
2009-10-16,0.8332750201225281
2009-10-19,0.8711509704589844
2009-10-20,0.9469029903411865
2009-10-21,0.8711509704589844
2009-10-22,0.8711509704589844
2009-10-23,0.9469029903411865
2009-10-26,0.9469029903411865
2009-10-27,0.8332750201225281
2009-10-28,0.8332750201225281
2009-10-29,0.7423719763755798
2009-10-30,0.8711509704589844
2009-11-02,0.8711509704589844
2009-11-03,0.8711509704589844
2009-11-04,0.795399010181427
2009-11-05,0.7575219869613647
2009-11-06,0.8711509704589844
2009-11-09,0.8711509704589844
2009-11-10,0.9090269804000854
2009-11-11,0.795399010181427
2009-11-12,0.8711509704589844
2009-11-13,0.795399010181427
2009-11-16,0.8332750201225281
2009-11-17,0.8332750201225281
2009-11-18,0.8332750201225281
2009-11-19,0.8332750201225281
2009-11-20,0.9090269804000854
2009-11-23,0.8332750201225281
2009-11-24,0.8332750201225281
2009-11-25,0.8332750201225281
2009-11-26,0.8711509704589844
2009-11-27,0.8711509704589844
2009-11-30,0.8711509704589844
2009-12-01,0.8711509704589844
2009-12-02,0.9090269804000854
2009-12-03,0.9090269804000854
2009-12-04,0.9090269804000854
2009-12-07,0.9090269804000854
2009-12-08,0.9090269804000854
2009-12-09,0.9847790002822876
2009-12-10,0.9847790002822876
2009-12-11,1.0226550102233887
2009-12-14,1.0226550102233887
2009-12-15,1.0226550102233887
2009-12-16,0.9847790002822876
2009-12-17,0.9469029903411865
2009-12-18,0.9469029903411865
2009-12-21,0.9847790002822876
2009-12-22,0.9847790002822876
2009-12-23,0.9847790002822876
2009-12-24,0.9847790002822876
2009-12-29,1.0605319738388062
2009-12-30,1.0226550102233887
2009-12-31,1.0226550102233887
2010-01-04,1.0605319738388062
2010-01-05,1.0226550102233887
2010-01-06,0.9847790002822876
2010-01-07,1.0226550102233887
2010-01-08,1.0226550102233887
2010-01-11,1.0605319738388062
2010-01-12,1.0226550102233887
2010-01-13,0.9847790002822876
2010-01-14,0.9469029903411865
2010-01-15,0.9469029903411865
2010-01-18,0.9469029903411865
2010-01-19,0.8711509704589844
2010-01-20,0.8332750201225281
2010-01-21,0.8711509704589844
2010-01-22,0.8332750201225281
2010-01-25,0.795399010181427
2010-01-27,0.8332750201225281
2010-01-28,0.8332750201225281
2010-01-29,0.8332750201225281
2010-02-01,0.795399010181427
2010-02-02,0.795399010181427
2010-02-03,0.795399010181427
2010-02-04,0.7575219869613647
2010-02-05,0.7575219869613647
2010-02-08,0.7575219869613647
2010-02-09,0.6969209909439087
2010-02-10,0.6969209909439087
2010-02-11,0.7575219869613647
2010-02-12,0.6969209909439087
2010-02-15,0.7347970008850098
2010-02-16,0.7347970008850098
2010-02-17,0.7423719763755798
2010-02-18,0.7196459770202637
2010-02-19,0.6741949915885925
2010-02-22,0.6135929822921753
2010-02-23,0.6060180068016052
2010-02-24,0.6060180068016052
2010-02-25,0.6060180068016052
2010-02-26,0.6060180068016052
2010-03-01,0.6060180068016052
2010-03-02,0.6211680173873901
2010-03-03,0.6590440273284912
2010-03-04,0.6893450021743774
2010-03-05,0.6514689922332764
2010-03-08,0.6817700266838074
2010-03-09,0.6514689922332764
2010-03-10,0.6590440273284912
2010-03-11,0.6590440273284912
2010-03-12,0.6817700266838074
2010-03-15,0.7575219869613647
2010-03-16,0.7575219869613647
2010-03-17,0.7575219869613647
2010-03-18,0.7575219869613647
2010-03-19,0.7196459770202637
2010-03-22,0.7196459770202637
2010-03-23,0.795399010181427
2010-03-24,0.7575219869613647
2010-03-25,0.6817700266838074
2010-03-26,0.6817700266838074
2010-03-29,0.6817700266838074
2010-03-30,0.7120710015296936
2010-03-31,0.7044960260391235
2010-04-01,0.7423719763755798
2010-04-06,0.7575219869613647
2010-04-07,0.6893450021743774
2010-04-08,0.7196459770202637
2010-04-09,0.7196459770202637
2010-04-12,0.7196459770202637
2010-04-13,0.7044960260391235
2010-04-14,0.7423719763755798
2010-04-15,0.6969209909439087
2010-04-16,0.6817700266838074
2010-04-19,0.7196459770202637
2010-04-20,0.6817700266838074
2010-04-21,0.7196459770202637
2010-04-22,0.6817700266838074
2010-04-23,0.6817700266838074
2010-04-27,0.6817700266838074
2010-04-28,0.6817700266838074
2010-04-29,0.6438940167427063
2010-04-30,0.6817700266838074
2010-05-03,0.6438940167427063
2010-05-04,0.6438940167427063
2010-05-05,0.6438940167427063
2010-05-06,0.6060180068016052
2010-05-07,0.6060180068016052
2010-05-10,0.6060180068016052
2010-05-11,0.5908669829368591
2010-05-12,0.6060180068016052
2010-05-13,0.6060180068016052
2010-05-14,0.6060180068016052
2010-05-17,0.6060180068016052
2010-05-18,0.6060180068016052
2010-05-19,0.6060180068016052
2010-05-20,0.5681419968605042
2010-05-21,0.6060180068016052
2010-05-24,0.6438940167427063
2010-05-25,0.6060180068016052
2010-05-26,0.5302659869194031
2010-05-27,0.5302659869194031
2010-05-28,0.6060180068016052
2010-05-31,0.5681419968605042
2010-06-01,0.5681419968605042
2010-06-02,0.5681419968605042
2010-06-03,0.5681419968605042
2010-06-04,0.5681419968605042
2010-06-07,0.5529909729957581
2010-06-08,0.6060180068016052
2010-06-09,0.6438940167427063
2010-06-10,0.6893450021743774
2010-06-11,0.7196459770202637
2010-06-15,0.6060180068016052
2010-06-16,0.5681419968605042
2010-06-17,0.6060180068016052
2010-06-18,0.6060180068016052
2010-06-21,0.5908669829368591
2010-06-22,0.6060180068016052
2010-06-23,0.6060180068016052
2010-06-24,0.6135929822921753
2010-06-25,0.6060180068016052
2010-06-28,0.5529909729957581
2010-06-29,0.5529909729957581
2010-06-30,0.5302659869194031
2010-07-01,0.5302659869194031
2010-07-02,0.5681419968605042
2010-07-05,0.5681419968605042
2010-07-06,0.5681419968605042
2010-07-07,0.5681419968605042
2010-07-08,0.5681419968605042
2010-07-09,0.5681419968605042
2010-07-12,0.5681419968605042
2010-07-13,0.5681419968605042
2010-07-14,0.5681419968605042
2010-07-15,0.5302659869194031
2010-07-16,0.5302659869194031
2010-07-19,0.5302659869194031
2010-07-20,0.5681419968605042
2010-07-21,0.5681419968605042
2010-07-22,0.5302659869194031
2010-07-23,0.5302659869194031
2010-07-26,0.5302659869194031
2010-07-27,0.5302659869194031
2010-07-28,0.5681419968605042
2010-07-29,0.5681419968605042
2010-07-30,0.5681419968605042
2010-08-02,0.5681419968605042
2010-08-03,0.6363189816474915
2010-08-04,0.6363189816474915
2010-08-05,0.6363189816474915
2010-08-06,0.6363189816474915
2010-08-09,0.6363189816474915
2010-08-10,0.6363189816474915
2010-08-11,0.6363189816474915
2010-08-12,0.6363189816474915
2010-08-13,0.6363189816474915
2010-08-16,0.6363189816474915
2010-08-17,0.6363189816474915
2010-08-18,0.5984429717063904
2010-08-19,0.5832920074462891
2010-08-20,0.5681419968605042
2010-08-23,0.5681419968605042
2010-08-24,0.5681419968605042
2010-08-25,0.5681419968605042
2010-08-26,0.4545130133628845
2010-08-27,0.4393630027770996
2010-08-30,0.4545130133628845
2010-08-31,0.43178799748420715
2010-09-01,0.409061998128891
2010-09-02,0.46019500494003296
2010-09-03,0.43718498945236206
2010-09-06,0.43718498945236206
2010-09-07,0.43718498945236206
2010-09-08,0.43718498945236206
2010-09-09,0.4218449890613556
2010-09-10,0.42951500415802
2010-09-13,0.3988350033760071
2010-09-14,0.3988350033760071
2010-09-15,0.3988350033760071
2010-09-16,0.39116498827934265
2010-09-17,0.39116498827934265
2010-09-20,0.3834950029850006
2010-09-21,0.36815598607063293
2010-09-22,0.3834950029850006
2010-09-23,0.42951500415802
2010-09-24,0.4065049886703491
2010-09-27,0.4218449890613556
2010-09-28,0.3988350033760071
2010-09-29,0.3988350033760071
2010-09-30,0.39116498827934265
2010-10-01,0.37582600116729736
2010-10-04,0.37582600116729736
2010-10-05,0.3834950029850006
2010-10-06,0.35281598567962646
2010-10-07,0.37582600116729736
2010-10-08,0.36815598607063293
2010-10-11,0.3604860007762909
2010-10-12,0.3604860007762909
2010-10-13,0.3604860007762909
2010-10-14,0.35281598567962646
2010-10-15,0.3604860007762909
2010-10-18,0.3451460003852844
2010-10-19,0.33747598528862
2010-10-20,0.35281598567962646
2010-10-21,0.36815598607063293
2010-10-22,0.3604860007762909
2010-10-25,0.3834950029850006
2010-10-26,0.36815598607063293
2010-10-27,0.3834950029850006
2010-10-28,0.4065049886703491
2010-10-29,0.3834950029850006
2010-11-01,0.3834950029850006
2010-11-02,0.39116498827934265
2010-11-03,0.39116498827934265
2010-11-04,0.4065049886703491
2010-11-05,0.4065049886703491
2010-11-08,0.3988350033760071
2010-11-09,0.3988350033760071
2010-11-10,0.3604860007762909
2010-11-11,0.3604860007762909
2010-11-12,0.36815598607063293
2010-11-15,0.36815598607063293
2010-11-16,0.36815598607063293
2010-11-17,0.3451460003852844
2010-11-18,0.3451460003852844
2010-11-19,0.3451460003852844
2010-11-22,0.33747598528862
2010-11-23,0.3604860007762909
2010-11-24,0.3604860007762909
2010-11-25,0.3604860007762909
2010-11-26,0.36815598607063293
2010-11-29,0.36815598607063293
2010-11-30,0.37582600116729736
2010-12-01,0.37582600116729736
2010-12-02,0.3834950029850006
2010-12-03,0.3834950029850006
2010-12-06,0.3834950029850006
2010-12-07,0.3834950029850006
2010-12-08,0.3834950029850006
2010-12-09,0.3834950029850006
2010-12-10,0.3834950029850006
2010-12-13,0.3834950029850006
2010-12-14,0.3834950029850006
2010-12-15,0.4448550045490265
2010-12-16,0.43718498945236206
2010-12-17,0.46019500494003296
2010-12-20,0.5062140226364136
2010-12-21,0.5062140226364136
2010-12-22,0.47553500533103943
2010-12-23,0.467864990234375
2010-12-24,0.467864990234375
2010-12-29,0.4908739924430847
2010-12-30,0.4908739924430847
2010-12-31,0.4908739924430847
2011-01-04,0.5215539932250977
2011-01-05,0.5829129815101624
2011-01-06,0.5675740242004395
2011-01-07,0.5599039793014526
2011-01-10,0.5982530117034912
2011-01-11,0.5905830264091492
2011-01-12,0.5829129815101624
2011-01-13,0.5982530117034912
2011-01-14,0.5905830264091492
2011-01-17,0.6135929822921753
2011-01-18,0.5599039793014526
2011-01-19,0.5522339940071106
2011-01-20,0.5522339940071106
2011-01-21,0.5215539932250977
2011-01-24,0.5522339940071106
2011-01-25,0.5675740242004395
2011-01-27,0.5752429962158203
2011-01-28,0.5982530117034912
2011-01-31,0.5829129815101624
2011-02-01,0.5982530117034912
2011-02-02,0.6135929822921753
2011-02-03,0.5905830264091492
2011-02-04,0.6059229969978333
2011-02-07,0.6366029977798462
2011-02-08,0.6059229969978333
2011-02-09,0.6059229969978333
2011-02-10,0.5905830264091492
2011-02-11,0.6059229969978333
2011-02-14,0.5829129815101624
2011-02-15,0.5905830264091492
2011-02-16,0.6059229969978333
2011-02-17,0.5829129815101624
2011-02-18,0.5905830264091492
2011-02-21,0.5829129815101624
2011-02-22,0.5599039793014526
2011-02-23,0.5522339940071106
2011-02-24,0.5752429962158203
2011-02-25,0.5752429962158203
2011-02-28,0.5599039793014526
2011-03-01,0.5599039793014526
2011-03-02,0.5675740242004395
2011-03-03,0.5599039793014526
2011-03-04,0.5368940234184265
2011-03-07,0.5599039793014526
2011-03-08,0.5599039793014526
2011-03-09,0.5522339940071106
2011-03-10,0.5522339940071106
2011-03-11,0.5292239785194397
2011-03-15,0.4832040071487427
2011-03-16,0.5292239785194397
2011-03-17,0.5368940234184265
2011-03-18,0.5368940234184265
2011-03-21,0.5062140226364136
2011-03-22,0.5368940234184265
2011-03-23,0.5368940234184265
2011-03-24,0.5368940234184265
2011-03-25,0.5445640087127686
2011-03-28,0.5215539932250977
2011-03-29,0.5215539932250977
2011-03-30,0.5215539932250977
2011-03-31,0.5138840079307556
2011-04-01,0.49854400753974915
2011-04-04,0.4832040071487427
2011-04-05,0.4832040071487427
2011-04-06,0.49854400753974915
2011-04-07,0.4908739924430847
2011-04-08,0.47553500533103943
2011-04-11,0.5062140226364136
2011-04-12,0.4832040071487427
2011-04-13,0.5062140226364136
2011-04-14,0.4832040071487427
2011-04-15,0.5062140226364136
2011-04-18,0.5138840079307556
2011-04-19,0.5138840079307556
2011-04-20,0.5062140226364136
2011-04-21,0.5675740242004395
2011-04-27,0.5138840079307556
2011-04-28,0.5292239785194397
2011-04-29,0.5292239785194397
2011-05-02,0.5368940234184265
2011-05-03,0.5215539932250977
2011-05-04,0.4908739924430847
2011-05-05,0.49854400753974915
2011-05-06,0.5215539932250977
2011-05-09,0.5138840079307556
2011-05-10,0.5215539932250977
2011-05-11,0.5215539932250977
2011-05-12,0.49854400753974915
2011-05-13,0.4908739924430847
2011-05-16,0.4908739924430847
2011-05-17,0.4908739924430847
2011-05-18,0.46019500494003296
2011-05-19,0.4832040071487427
2011-05-20,0.5215539932250977
2011-05-23,0.5062140226364136
2011-05-24,0.5062140226364136
2011-05-25,0.5062140226364136
2011-05-26,0.5368940234184265
2011-05-27,0.5675740242004395
2011-05-30,0.5445640087127686
2011-05-31,0.5522339940071106
2011-06-01,0.5292239785194397
2011-06-02,0.4908739924430847
2011-06-03,0.5138840079307556
2011-06-06,0.5215539932250977
2011-06-07,0.5138840079307556
2011-06-08,0.5368940234184265
2011-06-09,0.5368940234184265
2011-06-10,0.5599039793014526
2011-06-14,0.5522339940071106
2011-06-15,0.5368940234184265
2011-06-16,0.5445640087127686
2011-06-17,0.5445640087127686
2011-06-20,0.5368940234184265
2011-06-21,0.5368940234184265
2011-06-22,0.5445640087127686
2011-06-23,0.5368940234184265
2011-06-24,0.5292239785194397
2011-06-27,0.5292239785194397
2011-06-28,0.5138840079307556
2011-06-29,0.5292239785194397
2011-06-30,0.5522339940071106
2011-07-01,0.5522339940071106
2011-07-04,0.5522339940071106
2011-07-05,0.5675740242004395
2011-07-06,0.5599039793014526
2011-07-07,0.6059229969978333
2011-07-08,0.6135929822921753
2011-07-11,0.6212630271911621
2011-07-12,0.6212630271911621
2011-07-13,0.6289330124855042
2011-07-14,0.5982530117034912
2011-07-15,0.5829129815101624
2011-07-18,0.5829129815101624
2011-07-19,0.5368940234184265
2011-07-20,0.5368940234184265
2011-07-21,0.5599039793014526
2011-07-22,0.5752429962158203
2011-07-25,0.5752429962158203
2011-07-26,0.5522339940071106
2011-07-27,0.5599039793014526
2011-07-28,0.5445640087127686
2011-07-29,0.5215539932250977
2011-08-02,0.5215539932250977
2011-08-03,0.5215539932250977
2011-08-04,0.5062140226364136
2011-08-05,0.46019500494003296
2011-08-08,0.42951500415802
2011-08-09,0.4832040071487427
2011-08-10,0.5368940234184265
2011-08-11,0.5368940234184265
2011-08-12,0.5215539932250977
2011-08-15,0.49854400753974915
2011-08-16,0.5368940234184265
2011-08-17,0.5292239785194397
2011-08-18,0.5522339940071106
2011-08-19,0.5292239785194397
2011-08-22,0.5062140226364136
2011-08-23,0.5138840079307556
2011-08-24,0.4908739924430847
2011-08-25,0.4908739924430847
2011-08-26,0.4908739924430847
2011-08-29,0.49854400753974915
2011-08-30,0.4832040071487427
2011-08-31,0.4832040071487427
2011-09-01,0.5215539932250977
2011-09-02,0.4908739924430847
2011-09-05,0.4908739924430847
2011-09-06,0.49854400753974915
2011-09-07,0.4908739924430847
2011-09-08,0.4908739924430847
2011-09-09,0.4908739924430847
2011-09-12,0.46019500494003296
2011-09-13,0.46019500494003296
2011-09-14,0.42951500415802
2011-09-15,0.4448550045490265
2011-09-16,0.4448550045490265
2011-09-19,0.46019500494003296
2011-09-20,0.46019500494003296
2011-09-21,0.43718498945236206
2011-09-22,0.43718498945236206
2011-09-23,0.42951500415802
2011-09-26,0.39116498827934265
2011-09-27,0.41417500376701355
2011-09-28,0.41417500376701355
2011-09-29,0.4218449890613556
2011-09-30,0.43718498945236206
2011-10-04,0.45252498984336853
2011-10-05,0.45252498984336853
2011-10-06,0.45252498984336853
2011-10-07,0.43718498945236206
2011-10-10,0.43718498945236206
2011-10-11,0.4448550045490265
2011-10-12,0.42951500415802
2011-10-13,0.4448550045490265
2011-10-14,0.42951500415802
2011-10-17,0.4218449890613556
2011-10-18,0.4218449890613556
2011-10-19,0.42951500415802
2011-10-20,0.42951500415802
2011-10-21,0.45252498984336853
2011-10-24,0.45252498984336853
2011-10-25,0.467864990234375
2011-10-26,0.4448550045490265
2011-10-27,0.4448550045490265
2011-10-28,0.46019500494003296
2011-10-31,0.47553500533103943
2011-11-02,0.45252498984336853
2011-11-03,0.42951500415802
2011-11-04,0.42951500415802
2011-11-07,0.45252498984336853
2011-11-08,0.43718498945236206
2011-11-09,0.4218449890613556
2011-11-10,0.43718498945236206
2011-11-11,0.43718498945236206
2011-11-14,0.42951500415802
2011-11-15,0.42951500415802
2011-11-16,0.4218449890613556
2011-11-17,0.42951500415802
2011-11-18,0.42951500415802
2011-11-21,0.43718498945236206
2011-11-22,0.41417500376701355
2011-11-23,0.41417500376701355
2011-11-24,0.46019500494003296
2011-11-25,0.4218449890613556
2011-11-28,0.4448550045490265
2011-11-29,0.42951500415802
2011-11-30,0.4448550045490265
2011-12-01,0.4218449890613556
2011-12-02,0.42951500415802
2011-12-05,0.41417500376701355
2011-12-06,0.41417500376701355
2011-12-07,0.45252498984336853
2011-12-08,0.43718498945236206
2011-12-09,0.43718498945236206
2011-12-12,0.43718498945236206
2011-12-13,0.43718498945236206
2011-12-14,0.37582600116729736
2011-12-15,0.3451460003852844
2011-12-16,0.3451460003852844
2011-12-19,0.33747598528862
2011-12-20,0.3451460003852844
2011-12-21,0.33747598528862
2011-12-22,0.30679601430892944
2011-12-23,0.291456013917923
2011-12-28,0.299125999212265
2011-12-29,0.26844701170921326
2011-12-30,0.30679601430892944
2012-01-03,0.30679601430892944
2012-01-04,0.2837870121002197
2012-01-05,0.299125999212265
2012-01-06,0.30679601430892944
2012-01-09,0.32980599999427795
2012-01-10,0.299125999212265
2012-01-11,0.30679601430892944
2012-01-12,0.291456013917923
2012-01-13,0.30679601430892944
2012-01-16,0.291456013917923
2012-01-17,0.291456013917923
2012-01-18,0.291456013917923
2012-01-19,0.3144659996032715
2012-01-20,0.3221360146999359
2012-01-23,0.3221360146999359
2012-01-24,0.3221360146999359
2012-01-25,0.291456013917923
2012-01-27,0.3221360146999359
2012-01-30,0.30679601430892944
2012-01-31,0.299125999212265
2012-02-01,0.299125999212265
2012-02-02,0.299125999212265
2012-02-03,0.299125999212265
2012-02-06,0.299125999212265
2012-02-07,0.299125999212265
2012-02-08,0.299125999212265
2012-02-09,0.299125999212265
2012-02-10,0.2837870121002197
2012-02-13,0.2837870121002197
2012-02-14,0.291456013917923
2012-02-15,0.2837870121002197
2012-02-16,0.2837870121002197
2012-02-17,0.2761169970035553
2012-02-20,0.26077699661254883
2012-02-21,0.2837870121002197
2012-02-22,0.2761169970035553
2012-02-23,0.299125999212265
2012-02-24,0.26077699661254883
2012-02-27,0.2531070113182068
2012-02-28,0.291456013917923
2012-02-29,0.299125999212265
2012-03-01,0.30679601430892944
2012-03-02,0.3144659996032715
2012-03-05,0.33747598528862
2012-03-06,0.3451460003852844
2012-03-07,0.35281598567962646
2012-03-08,0.4065049886703491
2012-03-09,0.3834950029850006
2012-03-12,0.36815598607063293
2012-03-13,0.37582600116729736
2012-03-14,0.37582600116729736
2012-03-15,0.37582600116729736
2012-03-16,0.37582600116729736
2012-03-19,0.3604860007762909
2012-03-20,0.36815598607063293
2012-03-21,0.3451460003852844
2012-03-22,0.3451460003852844
2012-03-23,0.3451460003852844
2012-03-26,0.32980599999427795
2012-03-27,0.3221360146999359
2012-03-28,0.3221360146999359
2012-03-29,0.3451460003852844
2012-03-30,0.3604860007762909
2012-04-02,0.37582600116729736
2012-04-03,0.4218449890613556
2012-04-04,0.4218449890613556
2012-04-05,0.3834950029850006
2012-04-10,0.39116498827934265
2012-04-11,0.37582600116729736
2012-04-12,0.37582600116729736
2012-04-13,0.3834950029850006
2012-04-16,0.37582600116729736
2012-04-17,0.37582600116729736
2012-04-18,0.37582600116729736
2012-04-19,0.36815598607063293
2012-04-20,0.37582600116729736
2012-04-23,0.36815598607063293
2012-04-24,0.3834950029850006
2012-04-26,0.37582600116729736
2012-04-27,0.3834950029850006
2012-04-30,0.3834950029850006
2012-05-01,0.3834950029850006
2012-05-02,0.37582600116729736
2012-05-03,0.3988350033760071
2012-05-04,0.3834950029850006
2012-05-07,0.3834950029850006
2012-05-08,0.3988350033760071
2012-05-09,0.37582600116729736
2012-05-10,0.37582600116729736
2012-05-11,0.37582600116729736
2012-05-14,0.37582600116729736
2012-05-15,0.37582600116729736
2012-05-16,0.3604860007762909
2012-05-17,0.37582600116729736
2012-05-18,0.36815598607063293
2012-05-21,0.3834950029850006
2012-05-22,0.3604860007762909
2012-05-23,0.3604860007762909
2012-05-24,0.3451460003852844
2012-05-25,0.3451460003852844
2012-05-28,0.3451460003852844
2012-05-29,0.35281598567962646
2012-05-30,0.36815598607063293
2012-05-31,0.36815598607063293
2012-06-01,0.32980599999427795
2012-06-04,0.32980599999427795
2012-06-05,0.32980599999427795
2012-06-06,0.3221360146999359
2012-06-07,0.3451460003852844
2012-06-08,0.37582600116729736
2012-06-12,0.37582600116729736
2012-06-13,0.36815598607063293
2012-06-14,0.36815598607063293
2012-06-15,0.36815598607063293
2012-06-18,0.36815598607063293
2012-06-19,0.36815598607063293
2012-06-20,0.3451460003852844
2012-06-21,0.33747598528862
2012-06-22,0.33747598528862
2012-06-25,0.33747598528862
2012-06-26,0.3451460003852844
2012-06-27,0.33747598528862
2012-06-28,0.33747598528862
2012-06-29,0.33747598528862
2012-07-02,0.33747598528862
2012-07-03,0.30679601430892944
2012-07-04,0.32980599999427795
2012-07-05,0.299125999212265
2012-07-06,0.3144659996032715
2012-07-09,0.2837870121002197
2012-07-10,0.291456013917923
2012-07-11,0.30679601430892944
2012-07-12,0.30679601430892944
2012-07-13,0.30679601430892944
2012-07-16,0.3221360146999359
2012-07-17,0.3221360146999359
2012-07-18,0.2837870121002197
2012-07-19,0.299125999212265
2012-07-20,0.2761169970035553
2012-07-23,0.26844701170921326
2012-07-24,0.291456013917923
2012-07-25,0.291456013917923
2012-07-26,0.291456013917923
2012-07-27,0.291456013917923
2012-07-30,0.26077699661254883
2012-07-31,0.2761169970035553
2012-08-01,0.24543699622154236
2012-08-02,0.2300969958305359
2012-08-03,0.21475699543952942
2012-08-06,0.21475699543952942
2012-08-07,0.22242699563503265
2012-08-08,0.21475699543952942
2012-08-09,0.22242699563503265
2012-08-10,0.21475699543952942
2012-08-13,0.19941699504852295
2012-08-14,0.20708699524402618
2012-08-15,0.19174699485301971
2012-08-16,0.17640799283981323
2012-08-17,0.18407799303531647
2012-08-20,0.19174699485301971
2012-08-21,0.17640799283981323
2012-08-22,0.18407799303531647
2012-08-23,0.20708699524402618
2012-08-24,0.19941699504852295
2012-08-27,0.20708699524402618
2012-08-28,0.21475699543952942
2012-08-29,0.21475699543952942
2012-08-30,0.20708699524402618
2012-08-31,0.20708699524402618
2012-09-03,0.20708699524402618
2012-09-04,0.19174699485301971
2012-09-05,0.19174699485301971
2012-09-06,0.18407799303531647
2012-09-07,0.18407799303531647
2012-09-10,0.17640799283981323
2012-09-11,0.19174699485301971
2012-09-12,0.22242699563503265
2012-09-13,0.20708699524402618
2012-09-14,0.21475699543952942
2012-09-17,0.20708699524402618
2012-09-18,0.22242699563503265
2012-09-19,0.22242699563503265
2012-09-20,0.19941699504852295
2012-09-21,0.20708699524402618
2012-09-24,0.19941699504852295
2012-09-25,0.20708699524402618
2012-09-26,0.22242699563503265
2012-09-27,0.22242699563503265
2012-09-28,0.2300969958305359
2012-10-01,0.2300969958305359
2012-10-02,0.21475699543952942
2012-10-03,0.19941699504852295
2012-10-04,0.20708699524402618
2012-10-05,0.20708699524402618
2012-10-08,0.19941699504852295
2012-10-09,0.19941699504852295
2012-10-10,0.19941699504852295
2012-10-11,0.19174699485301971
2012-10-12,0.19174699485301971
2012-10-15,0.19941699504852295
2012-10-16,0.20708699524402618
2012-10-17,0.20708699524402618
2012-10-18,0.19174699485301971
2012-10-19,0.19174699485301971
2012-10-22,0.18407799303531647
2012-10-23,0.18407799303531647
2012-10-24,0.16873799264431
2012-10-25,0.16873799264431
2012-10-26,0.17640799283981323
2012-10-29,0.17640799283981323
2012-10-30,0.17640799283981323
2012-10-31,0.18407799303531647
2012-11-01,0.18407799303531647
2012-11-02,0.19174699485301971
2012-11-05,0.18407799303531647
2012-11-06,0.19174699485301971
2012-11-07,0.18407799303531647
2012-11-08,0.16873799264431
2012-11-09,0.16873799264431
2012-11-12,0.17640799283981323
2012-11-13,0.16873799264431
2012-11-14,0.16873799264431
2012-11-15,0.16106800734996796
2012-11-16,0.16873799264431
2012-11-19,0.16106800734996796
2012-11-20,0.16106800734996796
2012-11-21,0.16106800734996796
2012-11-22,0.16873799264431
2012-11-23,0.16873799264431
2012-11-26,0.16873799264431
2012-11-27,0.16873799264431
2012-11-28,0.16873799264431
2012-11-29,0.19174699485301971
2012-11-30,0.18407799303531647
2012-12-03,0.18407799303531647
2012-12-04,0.19174699485301971
2012-12-05,0.19174699485301971
2012-12-06,0.19174699485301971
2012-12-07,0.18407799303531647
2012-12-10,0.18407799303531647
2012-12-11,0.18407799303531647
2012-12-12,0.19174699485301971
2012-12-13,0.19174699485301971
2012-12-14,0.19174699485301971
2012-12-17,0.19174699485301971
2012-12-18,0.19174699485301971
2012-12-19,0.18407799303531647
2012-12-20,0.18407799303531647
2012-12-21,0.18407799303531647
2012-12-24,0.19174699485301971
2012-12-27,0.19174699485301971
2012-12-28,0.19174699485301971
2012-12-31,0.19174699485301971
2013-01-02,0.19941699504852295
2013-01-03,0.20708699524402618
2013-01-04,0.19174699485301971
2013-01-07,0.20708699524402618
2013-01-08,0.20708699524402618
2013-01-09,0.19941699504852295
2013-01-10,0.19941699504852295
2013-01-11,0.19941699504852295
2013-01-14,0.19941699504852295
2013-01-15,0.19174699485301971
2013-01-16,0.19941699504852295
2013-01-17,0.19174699485301971
2013-01-18,0.19174699485301971
2013-01-21,0.19174699485301971
2013-01-22,0.19174699485301971
2013-01-23,0.19174699485301971
2013-01-24,0.19174699485301971
2013-01-25,0.19174699485301971
2013-01-29,0.19174699485301971
2013-01-30,0.19174699485301971
2013-01-31,0.20708699524402618
2013-02-01,0.19941699504852295
2013-02-04,0.19941699504852295
2013-02-05,0.19174699485301971
2013-02-06,0.19941699504852295
2013-02-07,0.21475699543952942
2013-02-08,0.20708699524402618
2013-02-11,0.20708699524402618
2013-02-12,0.19174699485301971
2013-02-13,0.20708699524402618
2013-02-14,0.20708699524402618
2013-02-15,0.20708699524402618
2013-02-18,0.22242699563503265
2013-02-19,0.21475699543952942
2013-02-20,0.21475699543952942
2013-02-21,0.21475699543952942
2013-02-22,0.21475699543952942
2013-02-25,0.19941699504852295
2013-02-26,0.19174699485301971
2013-02-27,0.20708699524402618
2013-02-28,0.20708699524402618
2013-03-01,0.20708699524402618
2013-03-04,0.19941699504852295
2013-03-05,0.19941699504852295
2013-03-06,0.19941699504852295
2013-03-07,0.19941699504852295
2013-03-08,0.19941699504852295
2013-03-11,0.19174699485301971
2013-03-12,0.19174699485301971
2013-03-13,0.19174699485301971
2013-03-14,0.19174699485301971
2013-03-15,0.19174699485301971
2013-03-18,0.19941699504852295
2013-03-19,0.19174699485301971
2013-03-20,0.17640799283981323
2013-03-21,0.16106800734996796
2013-03-22,0.18407799303531647
2013-03-25,0.17640799283981323
2013-03-26,0.17640799283981323
2013-03-27,0.17640799283981323
2013-03-28,0.17640799283981323
2013-04-02,0.16106800734996796
2013-04-03,0.15339800715446472
2013-04-04,0.1457280069589615
2013-04-05,0.1457280069589615
2013-04-08,0.1457280069589615
2013-04-09,0.1457280069589615
2013-04-10,0.1457280069589615
2013-04-11,0.16106800734996796
2013-04-12,0.16106800734996796
2013-04-15,0.16106800734996796
2013-04-16,0.15339800715446472
2013-04-17,0.1457280069589615
2013-04-18,0.1457280069589615
2013-04-19,0.1457280069589615
2013-04-22,0.1457280069589615
2013-04-23,0.13805800676345825
2013-04-24,0.13805800676345825
2013-04-26,0.13805800676345825
2013-04-29,0.11504799872636795
2013-04-30,0.09970799833536148
2013-05-01,0.11504799872636795
2013-05-02,0.13038800656795502
2013-05-03,0.13038800656795502
2013-05-06,0.13038800656795502
2013-05-07,0.13038800656795502
2013-05-08,0.13038800656795502
2013-05-09,0.13038800656795502
2013-05-10,0.12271799892187119
2013-05-13,0.12271799892187119
2013-05-14,0.15339800715446472
2013-05-15,0.1457280069589615
2013-05-16,0.15339800715446472
2013-05-17,0.15339800715446472
2013-05-20,0.13805800676345825
2013-05-21,0.17640799283981323
2013-05-22,0.19174699485301971
2013-05-23,0.16106800734996796
2013-05-24,0.16106800734996796
2013-05-27,0.15339800715446472
2013-05-28,0.16106800734996796
2013-05-29,0.15339800715446472
2013-05-30,0.15339800715446472
2013-05-31,0.16873799264431
2013-06-03,0.15339800715446472
2013-06-04,0.15339800715446472
2013-06-05,0.15339800715446472
2013-06-06,0.16873799264431
2013-06-07,0.16873799264431
2013-06-11,0.16873799264431
2013-06-12,0.15339800715446472
2013-06-13,0.16873799264431
2013-06-14,0.16873799264431
2013-06-17,0.1457280069589615
2013-06-18,0.1457280069589615
2013-06-19,0.1457280069589615
2013-06-20,0.13805800676345825
2013-06-21,0.13805800676345825
2013-06-24,0.13805800676345825
2013-06-25,0.13805800676345825
2013-06-26,0.13805800676345825
2013-06-27,0.1457280069589615
2013-06-28,0.13038800656795502
2013-07-01,0.1457280069589615
2013-07-02,0.1457280069589615
2013-07-03,0.1457280069589615
2013-07-04,0.16873799264431
2013-07-05,0.16106800734996796
2013-07-08,0.1457280069589615
2013-07-09,0.1457280069589615
2013-07-10,0.1457280069589615
2013-07-11,0.1457280069589615
2013-07-12,0.15339800715446472
2013-07-15,0.13805800676345825
2013-07-16,0.13805800676345825
2013-07-17,0.13038800656795502
2013-07-18,0.13038800656795502
2013-07-19,0.13038800656795502
2013-07-22,0.13805800676345825
2013-07-23,0.13805800676345825
2013-07-24,0.15339800715446472
2013-07-25,0.16106800734996796
2013-07-26,0.16106800734996796
2013-07-29,0.16106800734996796
2013-07-30,0.16106800734996796
2013-07-31,0.16106800734996796
2013-08-01,0.16106800734996796
2013-08-02,0.15339800715446472
2013-08-05,0.16106800734996796
2013-08-06,0.16106800734996796
2013-08-07,0.15339800715446472
2013-08-08,0.1457280069589615
2013-08-09,0.13805800676345825
2013-08-12,0.13805800676345825
2013-08-13,0.13805800676345825
2013-08-14,0.13805800676345825
2013-08-15,0.13805800676345825
2013-08-16,0.15339800715446472
2013-08-19,0.1457280069589615
2013-08-20,0.12271799892187119
2013-08-21,0.13805800676345825
2013-08-22,0.12271799892187119
2013-08-23,0.12271799892187119
2013-08-26,0.12271799892187119
2013-08-27,0.13038800656795502
2013-08-28,0.11504799872636795
2013-08-29,0.11504799872636795
2013-08-30,0.10737799853086472
2013-09-02,0.11504799872636795
2013-09-03,0.10737799853086472
2013-09-04,0.10737799853086472
2013-09-05,0.09970799833536148
2013-09-06,0.11504799872636795
2013-09-09,0.12271799892187119
2013-09-10,0.12271799892187119
2013-09-11,0.12271799892187119
2013-09-12,0.13805800676345825
2013-09-13,0.12271799892187119
2013-09-16,0.13805800676345825
2013-09-17,0.13805800676345825
2013-09-18,0.13805800676345825
2013-09-19,0.13805800676345825
2013-09-20,0.13805800676345825
2013-09-23,0.13805800676345825
2013-09-24,0.13805800676345825
2013-09-25,0.13038800656795502
2013-09-26,0.1457280069589615
2013-09-27,0.15339800715446472
2013-09-30,0.13805800676345825
2013-10-01,0.13805800676345825
2013-10-02,0.13038800656795502
2013-10-03,0.13038800656795502
2013-10-04,0.13038800656795502
2013-10-07,0.13038800656795502
2013-10-08,0.13038800656795502
2013-10-09,0.13038800656795502
2013-10-10,0.13038800656795502
2013-10-11,0.13038800656795502
2013-10-14,0.13038800656795502
2013-10-15,0.13038800656795502
2013-10-16,0.13038800656795502
2013-10-17,0.13038800656795502
2013-10-18,0.13805800676345825
2013-10-21,0.16106800734996796
2013-10-22,0.15339800715446472
2013-10-23,0.16873799264431
2013-10-24,0.15339800715446472
2013-10-25,0.1457280069589615
2013-10-28,0.1457280069589615
2013-10-29,0.16106800734996796
2013-10-30,0.16873799264431
2013-10-31,0.17640799283981323
2013-11-01,0.17640799283981323
2013-11-04,0.16873799264431
2013-11-05,0.15339800715446472
2013-11-06,0.16106800734996796
2013-11-07,0.16106800734996796
2013-11-08,0.16106800734996796
2013-11-11,0.13038800656795502
2013-11-12,0.13038800656795502
2013-11-13,0.13038800656795502
2013-11-14,0.1457280069589615
2013-11-15,0.13805800676345825
2013-11-18,0.13805800676345825
2013-11-19,0.13805800676345825
2013-11-20,0.13805800676345825
2013-11-21,0.15339800715446472
2013-11-22,0.1457280069589615
2013-11-25,0.15339800715446472
2013-11-26,0.15339800715446472
2013-11-27,0.15339800715446472
2013-11-28,0.13038800656795502
2013-11-29,0.1457280069589615
2013-12-02,0.13038800656795502
2013-12-03,0.1457280069589615
2013-12-04,0.13038800656795502
2013-12-05,0.13683299720287323
2013-12-06,0.1448819935321808
2013-12-09,0.12878400087356567
2013-12-10,0.1448819935321808
2013-12-11,0.13683299720287323
2013-12-12,0.13683299720287323
2013-12-13,0.1448819935321808
2013-12-16,0.1448819935321808
2013-12-17,0.12878400087356567
2013-12-18,0.13683299720287323
2013-12-19,0.13683299720287323
2013-12-20,0.12073499709367752
2013-12-23,0.13683299720287323
2013-12-24,0.12878400087356567
2013-12-27,0.13683299720287323
2013-12-30,0.13683299720287323
2013-12-31,0.13683299720287323
2014-01-02,0.13683299720287323
2014-01-03,0.1609800010919571
2014-01-06,0.20122499763965607
2014-01-07,0.18512700498104095
2014-01-08,0.15293100476264954
2014-01-09,0.15293100476264954
2014-01-10,0.16902899742126465
2014-01-13,0.18512700498104095
2014-01-14,0.1770779937505722
2014-01-15,0.18512700498104095
2014-01-16,0.16902899742126465
2014-01-17,0.1770779937505722
2014-01-20,0.16902899742126465
2014-01-21,0.1609800010919571
2014-01-22,0.1609800010919571
2014-01-23,0.16902899742126465
2014-01-24,0.1770779937505722
2014-01-28,0.16902899742126465
2014-01-29,0.18512700498104095
2014-01-30,0.18512700498104095
2014-01-31,0.1931760013103485
2014-02-03,0.20927399396896362
2014-02-04,0.20122499763965607
2014-02-05,0.22537200152873993
2014-02-06,0.24146999418735504
2014-02-07,0.25756800174713135
2014-02-10,0.2656170129776001
2014-02-11,0.25756800174713135
2014-02-12,0.2495190054178238
2014-02-13,0.2656170129776001
2014-02-14,0.2495190054178238
2014-02-17,0.24146999418735504
2014-02-18,0.24146999418735504
2014-02-19,0.22537200152873993
2014-02-20,0.22537200152873993
2014-02-21,0.21732300519943237
2014-02-24,0.25756800174713135
2014-02-25,0.23342099785804749
2014-02-26,0.24146999418735504
2014-02-27,0.2495190054178238
2014-02-28,0.25756800174713135
2014-03-03,0.23342099785804749
2014-03-04,0.25756800174713135
2014-03-05,0.2978140115737915
2014-03-06,0.28976500034332275
2014-03-07,0.2978140115737915
2014-03-10,0.27366599440574646
2014-03-11,0.25756800174713135
2014-03-12,0.281715989112854
2014-03-13,0.281715989112854
2014-03-14,0.27366599440574646
2014-03-17,0.28976500034332275
2014-03-18,0.28976500034332275
2014-03-19,0.281715989112854
2014-03-20,0.28976500034332275
2014-03-21,0.24146999418735504
2014-03-24,0.24146999418735504
2014-03-25,0.20927399396896362
2014-03-26,0.20927399396896362
2014-03-27,0.20927399396896362
2014-03-28,0.1931760013103485
2014-03-31,0.1931760013103485
2014-04-01,0.20122499763965607
2014-04-02,0.1931760013103485
2014-04-03,0.1770779937505722
2014-04-04,0.1931760013103485
2014-04-07,0.21732300519943237
2014-04-08,0.20122499763965607
2014-04-09,0.21732300519943237
2014-04-10,0.22537200152873993
2014-04-11,0.2495190054178238
2014-04-14,0.2495190054178238
2014-04-15,0.27366599440574646
2014-04-16,0.22537200152873993
2014-04-17,0.24146999418735504
2014-04-22,0.23342099785804749
2014-04-23,0.24146999418735504
2014-04-24,0.2495190054178238
2014-04-28,0.23342099785804749
2014-04-29,0.23342099785804749
2014-04-30,0.22537200152873993
2014-05-01,0.20927399396896362
2014-05-02,0.20927399396896362
2014-05-05,0.20122499763965607
2014-05-06,0.20122499763965607
2014-05-07,0.20122499763965607
2014-05-08,0.21732300519943237
2014-05-09,0.20122499763965607
2014-05-12,0.18512700498104095
2014-05-13,0.20122499763965607
2014-05-14,0.20122499763965607
2014-05-15,0.20122499763965607
2014-05-16,0.09658800065517426
2014-05-19,0.12073499709367752
2014-05-20,0.11268600076436996
2014-05-21,0.12073499709367752
2014-05-22,0.12073499709367752
2014-05-23,0.12073499709367752
2014-05-26,0.12073499709367752
2014-05-27,0.12878400087356567
2014-05-28,0.11268600076436996
2014-05-29,0.11268600076436996
2014-05-30,0.12073499709367752
2014-06-02,0.12073499709367752
2014-06-03,0.12073499709367752
2014-06-04,0.11268600076436996
2014-06-05,0.12073499709367752
2014-06-06,0.11268600076436996
2014-06-10,0.11268600076436996
2014-06-11,0.10463699698448181
2014-06-12,0.10463699698448181
2014-06-13,0.10463699698448181
2014-06-16,0.09658800065517426
2014-06-17,0.11268600076436996
2014-06-18,0.12073499709367752
2014-06-19,0.11268600076436996
2014-06-20,0.10463699698448181
2014-06-23,0.10463699698448181
2014-06-24,0.10463699698448181
2014-06-25,0.10463699698448181
2014-06-26,0.11268600076436996
2014-06-27,0.10463699698448181
2014-06-30,0.09658800065517426
2014-07-01,0.11268600076436996
2014-07-02,0.12073499709367752
2014-07-03,0.10463699698448181
2014-07-04,0.09658800065517426
2014-07-07,0.10463699698448181
2014-07-08,0.10463699698448181
2014-07-09,0.10463699698448181
2014-07-10,0.09658800065517426
2014-07-11,0.09658800065517426
2014-07-14,0.09658800065517426
2014-07-15,0.10463699698448181
2014-07-16,0.10463699698448181
2014-07-17,0.09658800065517426
2014-07-18,0.10463699698448181
2014-07-21,0.10463699698448181
2014-07-22,0.09658800065517426
2014-07-23,0.10463699698448181
2014-07-24,0.10463699698448181
2014-07-25,0.10463699698448181
2014-07-28,0.09658800065517426
2014-07-29,0.09658800065517426
2014-07-30,0.09658800065517426
2014-07-31,0.09658800065517426
2014-08-01,0.09658800065517426
2014-08-04,0.09658800065517426
2014-08-05,0.0885389968752861
2014-08-06,0.0885389968752861
2014-08-07,0.09658800065517426
2014-08-08,0.09658800065517426
2014-08-11,0.09658800065517426
2014-08-12,0.09658800065517426
2014-08-13,0.0885389968752861
2014-08-14,0.09658800065517426
2014-08-15,0.09658800065517426
2014-08-18,0.10463699698448181
2014-08-19,0.11268600076436996
2014-08-20,0.11268600076436996
2014-08-21,0.11268600076436996
2014-08-22,0.10463699698448181
2014-08-25,0.11268600076436996
2014-08-26,0.11268600076436996
2014-08-27,0.10463699698448181
2014-08-28,0.12073499709367752
2014-08-29,0.12878400087356567
2014-09-01,0.12073499709367752
2014-09-02,0.1448819935321808
2014-09-03,0.1448819935321808
2014-09-04,0.1448819935321808
2014-09-05,0.1448819935321808
2014-09-08,0.13683299720287323
2014-09-09,0.11268600076436996
2014-09-10,0.12878400087356567
2014-09-11,0.12878400087356567
2014-09-12,0.12073499709367752
2014-09-15,0.12073499709367752
2014-09-16,0.12073499709367752
2014-09-17,0.12073499709367752
2014-09-18,0.12878400087356567
2014-09-19,0.12878400087356567
2014-09-22,0.12878400087356567
2014-09-23,0.12878400087356567
2014-09-24,0.12878400087356567
2014-09-25,0.12073499709367752
2014-09-26,0.12073499709367752
2014-09-29,0.12073499709367752
2014-09-30,0.13683299720287323
2014-10-01,0.13683299720287323
2014-10-02,0.13683299720287323
2014-10-03,0.13683299720287323
2014-10-06,0.13683299720287323
2014-10-07,0.13683299720287323
2014-10-08,0.11268600076436996
2014-10-09,0.11268600076436996
2014-10-10,0.11268600076436996
2014-10-13,0.12073499709367752
2014-10-14,0.12073499709367752
2014-10-15,0.12073499709367752
2014-10-16,0.12073499709367752
2014-10-17,0.12073499709367752
2014-10-20,0.12073499709367752
2014-10-21,0.12073499709367752
2014-10-22,0.12073499709367752
2014-10-23,0.12073499709367752
2014-10-24,0.12073499709367752
2014-10-27,0.12073499709367752
2014-10-28,0.12073499709367752
2014-10-29,0.12073499709367752
2014-10-30,0.12073499709367752
2014-10-31,0.12073499709367752
2014-11-03,0.10463699698448181
2014-11-04,0.11268600076436996
2014-11-05,0.12878400087356567
2014-11-06,0.12878400087356567
2014-11-07,0.12878400087356567
2014-11-10,0.12073499709367752
2014-11-11,0.12878400087356567
2014-11-12,0.12878400087356567
2014-11-13,0.15293100476264954
2014-11-14,0.1448819935321808
2014-11-17,0.12878400087356567
2014-11-18,0.13683299720287323
2014-11-19,0.15293100476264954
2014-11-20,0.13683299720287323
2014-11-21,0.12073499709367752
2014-11-24,0.12073499709367752
2014-11-25,0.12878400087356567
2014-11-26,0.13683299720287323
2014-11-27,0.12878400087356567
2014-11-28,0.12878400087356567
2014-12-01,0.12878400087356567
2014-12-02,0.13683299720287323
2014-12-03,0.12878400087356567
2014-12-04,0.12878400087356567
2014-12-05,0.13683299720287323
2014-12-08,0.12878400087356567
2014-12-09,0.13683299720287323
2014-12-10,0.13683299720287323
2014-12-11,0.13683299720287323
2014-12-12,0.13683299720287323
2014-12-15,0.13683299720287323
2014-12-16,0.13683299720287323
2014-12-17,0.13683299720287323
2014-12-18,0.1609800010919571
2014-12-19,0.1609800010919571
2014-12-22,0.1609800010919571
2014-12-23,0.15293100476264954
2014-12-24,0.15293100476264954
2014-12-29,0.15293100476264954
2014-12-30,0.1448819935321808
2014-12-31,0.15293100476264954
2015-01-02,0.15293100476264954
2015-01-05,0.18512700498104095
2015-01-06,0.1770779937505722
2015-01-07,0.1770779937505722
2015-01-08,0.1770779937505722
2015-01-09,0.16902899742126465
2015-01-12,0.16902899742126465
2015-01-13,0.1770779937505722
2015-01-14,0.1770779937505722
2015-01-15,0.18512700498104095
2015-01-16,0.18512700498104095
2015-01-19,0.18512700498104095
2015-01-20,0.1770779937505722
2015-01-21,0.18512700498104095
2015-01-22,0.18512700498104095
2015-01-23,0.1931760013103485
2015-01-27,0.18512700498104095
2015-01-28,0.18512700498104095
2015-01-29,0.1931760013103485
2015-01-30,0.1931760013103485
2015-02-02,0.1931760013103485
2015-02-03,0.18512700498104095
2015-02-04,0.1931760013103485
2015-02-05,0.18512700498104095
2015-02-06,0.18512700498104095
2015-02-09,0.1770779937505722
2015-02-10,0.1609800010919571
2015-02-11,0.16902899742126465
2015-02-12,0.16902899742126465
2015-02-13,0.1609800010919571
2015-02-16,0.18512700498104095
2015-02-17,0.21732300519943237
2015-02-18,0.1931760013103485
2015-02-19,0.1931760013103485
2015-02-20,0.1931760013103485
2015-02-23,0.20927399396896362
2015-02-24,0.1931760013103485
2015-02-25,0.18512700498104095
2015-02-26,0.1770779937505722
2015-02-27,0.1770779937505722
2015-03-02,0.13683299720287323
2015-03-03,0.1609800010919571
2015-03-04,0.1448819935321808
2015-03-05,0.1448819935321808
2015-03-06,0.1931760013103485
2015-03-09,0.1931760013103485
2015-03-10,0.1770779937505722
2015-03-11,0.1931760013103485
2015-03-12,0.20122499763965607
2015-03-13,0.20927399396896362
2015-03-16,0.20927399396896362
2015-03-17,0.21732300519943237
2015-03-18,0.1931760013103485
2015-03-19,0.1931760013103485
2015-03-20,0.1931760013103485
2015-03-23,0.21732300519943237
2015-03-24,0.20927399396896362
2015-03-25,0.1931760013103485
2015-03-26,0.1931760013103485
2015-03-27,0.20927399396896362
2015-03-30,0.3863529860973358
2015-03-31,0.2978140115737915
2015-04-01,0.28976500034332275
2015-04-02,0.28976500034332275
2015-04-07,0.27366599440574646
2015-04-08,0.2656170129776001
2015-04-09,0.2656170129776001
2015-04-10,0.281715989112854
2015-04-13,0.33000999689102173
2015-04-14,0.30586299300193787
2015-04-15,0.28976500034332275
2015-04-16,0.28976500034332275
2015-04-17,0.27366599440574646
2015-04-20,0.27366599440574646
2015-04-21,0.27366599440574646
2015-04-22,0.281715989112854
2015-04-23,0.27366599440574646
2015-04-24,0.27366599440574646
2015-04-27,0.2656170129776001
2015-04-28,0.27366599440574646
2015-04-29,0.281715989112854
2015-04-30,0.281715989112854
2015-05-01,0.281715989112854
2015-05-04,0.281715989112854
2015-05-05,0.281715989112854
2015-05-06,0.281715989112854
2015-05-07,0.2656170129776001
2015-05-08,0.2495190054178238
2015-05-11,0.2495190054178238
2015-05-12,0.25756800174713135
2015-05-13,0.24146999418735504
2015-05-14,0.24146999418735504
2015-05-15,0.24146999418735504
2015-05-18,0.24146999418735504
2015-05-19,0.21732300519943237
2015-05-20,0.23342099785804749
2015-05-21,0.23342099785804749
2015-05-22,0.23342099785804749
2015-05-25,0.23342099785804749
2015-05-26,0.22537200152873993
2015-05-27,0.24146999418735504
2015-05-28,0.24146999418735504
2015-05-29,0.23342099785804749
2015-06-01,0.21732300519943237
2015-06-02,0.21732300519943237
2015-06-03,0.1931760013103485
2015-06-04,0.22537200152873993
2015-06-05,0.1931760013103485
2015-06-09,0.18512700498104095
2015-06-10,0.20122499763965607
2015-06-11,0.1931760013103485
2015-06-12,0.20122499763965607
2015-06-15,0.1931760013103485
2015-06-16,0.18512700498104095
2015-06-17,0.16902899742126465
2015-06-18,0.16902899742126465
2015-06-19,0.1609800010919571
2015-06-22,0.16902899742126465
2015-06-23,0.1609800010919571
2015-06-24,0.1609800010919571
2015-06-25,0.1609800010919571
2015-06-26,0.16902899742126465
2015-06-29,0.1609800010919571
2015-06-30,0.16902899742126465
2015-07-01,0.18512700498104095
2015-07-02,0.10463699698448181
2015-07-03,0.10463699698448181
2015-07-06,0.12073499709367752
2015-07-07,0.13522300124168396
2015-07-08,0.12556399405002594
2015-07-09,0.12556399405002594
2015-07-10,0.12556399405002594
2015-07-13,0.12556399405002594
2015-07-14,0.12556399405002594
2015-07-15,0.12556399405002594
2015-07-16,0.12556399405002594
2015-07-17,0.12556399405002594
2015-07-20,0.12556399405002594
2015-07-21,0.1159060001373291
2015-07-22,0.1159060001373291
2015-07-23,0.1159060001373291
2015-07-24,0.12556399405002594
2015-07-27,0.12556399405002594
2015-07-28,0.1159060001373291
2015-07-29,0.12556399405002594
2015-07-30,0.12556399405002594
2015-07-31,0.12556399405002594
2015-08-03,0.10624700039625168
2015-08-04,0.10624700039625168
2015-08-05,0.10624700039625168
2015-08-06,0.1159060001373291
2015-08-07,0.12556399405002594
2015-08-10,0.12556399405002594
2015-08-11,0.10624700039625168
2015-08-12,0.10624700039625168
2015-08-13,0.10624700039625168
2015-08-14,0.09658800065517426
2015-08-17,0.10624700039625168
2015-08-18,0.12556399405002594
2015-08-19,0.1159060001373291
2015-08-20,0.1159060001373291
2015-08-21,0.1159060001373291
2015-08-24,0.12556399405002594
2015-08-25,0.1159060001373291
2015-08-26,0.10624700039625168
2015-08-27,0.10624700039625168
2015-08-28,0.10624700039625168
2015-08-31,0.10624700039625168
2015-09-01,0.10624700039625168
2015-09-02,0.10624700039625168
2015-09-03,0.10624700039625168
2015-09-04,0.10624700039625168
2015-09-07,0.1159060001373291
2015-09-08,0.1159060001373291
2015-09-09,0.1159060001373291
2015-09-10,0.1159060001373291
2015-09-11,0.1159060001373291
2015-09-14,0.12556399405002594
2015-09-15,0.12556399405002594
2015-09-16,0.1448819935321808
2015-09-17,0.13522300124168396
2015-09-18,0.13522300124168396
2015-09-21,0.13522300124168396
2015-09-22,0.13522300124168396
2015-09-23,0.13522300124168396
2015-09-24,0.13522300124168396
2015-09-25,0.13522300124168396
2015-09-28,0.12556399405002594
2015-09-29,0.1159060001373291
2015-09-30,0.1159060001373291
2015-10-01,0.1159060001373291
2015-10-02,0.1159060001373291
2015-10-05,0.13522300124168396
2015-10-06,0.13522300124168396
2015-10-07,0.13522300124168396
2015-10-08,0.12556399405002594
2015-10-09,0.13522300124168396
2015-10-12,0.12556399405002594
2015-10-13,0.13522300124168396
2015-10-14,0.13522300124168396
2015-10-15,0.12556399405002594
2015-10-16,0.13522300124168396
2015-10-19,0.12556399405002594
2015-10-20,0.12556399405002594
2015-10-21,0.13522300124168396
2015-10-22,0.13522300124168396
2015-10-23,0.12556399405002594
2015-10-26,0.12556399405002594
2015-10-27,0.12556399405002594
2015-10-28,0.12556399405002594
2015-10-29,0.1159060001373291
2015-10-30,0.1159060001373291
2015-11-02,0.1159060001373291
2015-11-03,0.12556399405002594
2015-11-04,0.1159060001373291
2015-11-05,0.12556399405002594
2015-11-06,0.16419999301433563
2015-11-09,0.1448819935321808
2015-11-10,0.13522300124168396
2015-11-11,0.13522300124168396
2015-11-12,0.1448819935321808
2015-11-13,0.1448819935321808
2015-11-16,0.1545410007238388
2015-11-17,0.17385900020599365
2015-11-18,0.16419999301433563
2015-11-19,0.1545410007238388
2015-11-20,0.1545410007238388
2015-11-23,0.16419999301433563
2015-11-24,0.16419999301433563
2015-11-25,0.1448819935321808
2015-11-26,0.1545410007238388
2015-11-27,0.1545410007238388
2015-11-30,0.1545410007238388
2015-12-01,0.1545410007238388
2015-12-02,0.1545410007238388
2015-12-03,0.1545410007238388
2015-12-04,0.1545410007238388
2015-12-07,0.1545410007238388
2015-12-08,0.1448819935321808
2015-12-09,0.16419999301433563
2015-12-10,0.1545410007238388
2015-12-11,0.1545410007238388
2015-12-14,0.1448819935321808
2015-12-15,0.1448819935321808
2015-12-16,0.1448819935321808
2015-12-17,0.13522300124168396
2015-12-18,0.13522300124168396
2015-12-21,0.13522300124168396
2015-12-22,0.13522300124168396
2015-12-23,0.13522300124168396
2015-12-24,0.13522300124168396
2015-12-28,0.13522300124168396
2015-12-29,0.13522300124168396
2015-12-30,0.12556399405002594
2015-12-31,0.12556399405002594
2016-01-04,0.13522300124168396
2016-01-05,0.13522300124168396
2016-01-06,0.13522300124168396
2016-01-07,0.13522300124168396
2016-01-08,0.13522300124168396
2016-01-11,0.13522300124168396
2016-01-12,0.13522300124168396
2016-01-13,0.13522300124168396
2016-01-14,0.13522300124168396
2016-01-15,0.13522300124168396
2016-01-18,0.12556399405002594
2016-01-19,0.1448819935321808
2016-01-20,0.1448819935321808
2016-01-21,0.1448819935321808
2016-01-22,0.1448819935321808
2016-01-25,0.1448819935321808
2016-01-27,0.1545410007238388
2016-01-28,0.1545410007238388
2016-01-29,0.1545410007238388
2016-02-01,0.1448819935321808
2016-02-02,0.13522300124168396
2016-02-03,0.12556399405002594
2016-02-04,0.12556399405002594
2016-02-05,0.12556399405002594
2016-02-08,0.12556399405002594
2016-02-09,0.1159060001373291
2016-02-10,0.1159060001373291
2016-02-11,0.1159060001373291
2016-02-12,0.1159060001373291
2016-02-15,0.12556399405002594
2016-02-16,0.1159060001373291
2016-02-17,0.12556399405002594
2016-02-18,0.12556399405002594
2016-02-19,0.12556399405002594
2016-02-22,0.12556399405002594
2016-02-23,0.12556399405002594
2016-02-24,0.12556399405002594
2016-02-25,0.12556399405002594
2016-02-26,0.1159060001373291
2016-02-29,0.1159060001373291
2016-03-01,0.12556399405002594
2016-03-02,0.12556399405002594
2016-03-03,0.12556399405002594
2016-03-04,0.12556399405002594
2016-03-07,0.12556399405002594
2016-03-08,0.12556399405002594
2016-03-09,0.12556399405002594
2016-03-10,0.12556399405002594
2016-03-11,0.1159060001373291
2016-03-14,0.10624700039625168
2016-03-15,0.10624700039625168
2016-03-16,0.1159060001373291
2016-03-17,0.12556399405002594
2016-03-18,0.13522300124168396
2016-03-21,0.13522300124168396
2016-03-22,0.13522300124168396
2016-03-23,0.13522300124168396
2016-03-24,0.13522300124168396
2016-03-29,0.13522300124168396
2016-03-30,0.13522300124168396
2016-03-31,0.13522300124168396
2016-04-01,0.13522300124168396
2016-04-04,0.13522300124168396
2016-04-05,0.12556399405002594
2016-04-06,0.13522300124168396
2016-04-07,0.13522300124168396
2016-04-08,0.13522300124168396
2016-04-11,0.13522300124168396
2016-04-12,0.1448819935321808
2016-04-13,0.1448819935321808
2016-04-14,0.1545410007238388
2016-04-15,0.1448819935321808
2016-04-18,0.1448819935321808
2016-04-19,0.13522300124168396
2016-04-20,0.13522300124168396
2016-04-21,0.1448819935321808
2016-04-22,0.1448819935321808
2016-04-26,0.1448819935321808
2016-04-27,0.1545410007238388
2016-04-28,0.1545410007238388
2016-04-29,0.1545410007238388
2016-05-02,0.1545410007238388
2016-05-03,0.1545410007238388
2016-05-04,0.1545410007238388
2016-05-05,0.13522300124168396
2016-05-06,0.1448819935321808
2016-05-09,0.1545410007238388
2016-05-10,0.16419999301433563
2016-05-11,0.16419999301433563
2016-05-12,0.17385900020599365
2016-05-13,0.17385900020599365
2016-05-16,0.17385900020599365
2016-05-17,0.17385900020599365
2016-05-18,0.17385900020599365
2016-05-19,0.17385900020599365
2016-05-20,0.17385900020599365
2016-05-23,0.16419999301433563
2016-05-24,0.1545410007238388
2016-05-25,0.1448819935321808
2016-05-26,0.1448819935321808
2016-05-27,0.13522300124168396
2016-05-30,0.1448819935321808
2016-05-31,0.13522300124168396
2016-06-01,0.13522300124168396
2016-06-02,0.13522300124168396
2016-06-03,0.1448819935321808
2016-06-06,0.13522300124168396
2016-06-07,0.1448819935321808
2016-06-08,0.1448819935321808
2016-06-09,0.1448819935321808
2016-06-10,0.13522300124168396
2016-06-14,0.13522300124168396
2016-06-15,0.13522300124168396
2016-06-16,0.13522300124168396
2016-06-17,0.13522300124168396
2016-06-20,0.13522300124168396
2016-06-21,0.13522300124168396
2016-06-22,0.13522300124168396
2016-06-23,0.13522300124168396
2016-06-24,0.13522300124168396
2016-06-27,0.12556399405002594
2016-06-28,0.12556399405002594
2016-06-29,0.12556399405002594
2016-06-30,0.12556399405002594
2016-07-01,0.12556399405002594
2016-07-04,0.12556399405002594
2016-07-05,0.12556399405002594
2016-07-06,0.12556399405002594
2016-07-07,0.13522300124168396
2016-07-08,0.13522300124168396
2016-07-11,0.13522300124168396
2016-07-12,0.13522300124168396
2016-07-13,0.13522300124168396
2016-07-14,0.13522300124168396
2016-07-15,0.13522300124168396
2016-07-18,0.13522300124168396
2016-07-19,0.13522300124168396
2016-07-20,0.1448819935321808
2016-07-21,0.13522300124168396
2016-07-22,0.13522300124168396
2016-07-25,0.13522300124168396
2016-07-26,0.13522300124168396
2016-07-27,0.1448819935321808
2016-07-28,0.1448819935321808
2016-07-29,0.1545410007238388
2016-08-01,0.1448819935321808
2016-08-02,0.1448819935321808
2016-08-03,0.1448819935321808
2016-08-04,0.1448819935321808
2016-08-05,0.1448819935321808
2016-08-08,0.1448819935321808
2016-08-09,0.1448819935321808
2016-08-10,0.13522300124168396
2016-08-11,0.13522300124168396
2016-08-12,0.13522300124168396
2016-08-15,0.1448819935321808
2016-08-16,0.1448819935321808
2016-08-17,0.1448819935321808
2016-08-18,0.1545410007238388
2016-08-19,0.16419999301433563
2016-08-22,0.1545410007238388
2016-08-23,0.1545410007238388
2016-08-24,0.1545410007238388
2016-08-25,0.16419999301433563
2016-08-26,0.16419999301433563
2016-08-29,0.16419999301433563
2016-08-30,0.1545410007238388
2016-08-31,0.1545410007238388
2016-09-01,0.16419999301433563
2016-09-02,0.16419999301433563
2016-09-05,0.1545410007238388
2016-09-06,0.1545410007238388
2016-09-07,0.1448819935321808
2016-09-08,0.1448819935321808
2016-09-09,0.1545410007238388
2016-09-12,0.1448819935321808
2016-09-13,0.1448819935321808
2016-09-14,0.1545410007238388
2016-09-15,0.1545410007238388
2016-09-16,0.1545410007238388
2016-09-19,0.1545410007238388
2016-09-20,0.1545410007238388
2016-09-21,0.1545410007238388
2016-09-22,0.16419999301433563
2016-09-23,0.16419999301433563
2016-09-26,0.16419999301433563
2016-09-27,0.1545410007238388
2016-09-28,0.16419999301433563
2016-09-29,0.1545410007238388
2016-09-30,0.1448819935321808
2016-10-03,0.1448819935321808
2016-10-04,0.1448819935321808
2016-10-05,0.1545410007238388
2016-10-06,0.1545410007238388
2016-10-07,0.1448819935321808
2016-10-10,0.16419999301433563
2016-10-11,0.1545410007238388
2016-10-12,0.1545410007238388
2016-10-13,0.1545410007238388
2016-10-14,0.16419999301433563
2016-10-17,0.1545410007238388
2016-10-18,0.16419999301433563
2016-10-19,0.1545410007238388
2016-10-20,0.1545410007238388
2016-10-21,0.16419999301433563
2016-10-24,0.16419999301433563
2016-10-25,0.16419999301433563
2016-10-26,0.16419999301433563
2016-10-27,0.16419999301433563
2016-10-28,0.1545410007238388
2016-10-31,0.16419999301433563
2016-11-01,0.1545410007238388
2016-11-02,0.16419999301433563
2016-11-03,0.1448819935321808
2016-11-04,0.1448819935321808
2016-11-07,0.16419999301433563
2016-11-08,0.1545410007238388
2016-11-09,0.1448819935321808
2016-11-10,0.1448819935321808
2016-11-11,0.1448819935321808
2016-11-14,0.1448819935321808
2016-11-15,0.1448819935321808
2016-11-16,0.16419999301433563
2016-11-17,0.16419999301433563
2016-11-18,0.16419999301433563
2016-11-21,0.1545410007238388
2016-11-22,0.16419999301433563
2016-11-23,0.17385900020599365
2016-11-24,0.1545410007238388
2016-11-25,0.1545410007238388
2016-11-28,0.1545410007238388
2016-11-29,0.1448819935321808
2016-11-30,0.1448819935321808
2016-12-01,0.1448819935321808
2016-12-02,0.1448819935321808
2016-12-05,0.1448819935321808
2016-12-06,0.1448819935321808
2016-12-07,0.16419999301433563
2016-12-08,0.16419999301433563
2016-12-09,0.17385900020599365
2016-12-12,0.1835169941186905
2016-12-13,0.1835169941186905
2016-12-14,0.16419999301433563
2016-12-15,0.1545410007238388
2016-12-16,0.1545410007238388
2016-12-19,0.17385900020599365
2016-12-20,0.17385900020599365
2016-12-21,0.20283499360084534
2016-12-22,0.1931760013103485
2016-12-23,0.1931760013103485
2016-12-28,0.1835169941186905
2016-12-29,0.2318120002746582
2016-12-30,0.2318120002746582
2017-01-03,0.22215299308300018
2017-01-04,0.25112900137901306
2017-01-05,0.24146999418735504
2017-01-06,0.24146999418735504
2017-01-09,0.25112900137901306
2017-01-10,0.2607879936695099
2017-01-11,0.24146999418735504
2017-01-12,0.24146999418735504
2017-01-13,0.25112900137901306
2017-01-16,0.28976500034332275
2017-01-17,0.2607879936695099
2017-01-18,0.2704469859600067
2017-01-19,0.2994230091571808
2017-01-20,0.2994230091571808
2017-01-23,0.3090820014476776
2017-01-24,0.32839998602867126
2017-01-25,0.35737600922584534
2017-01-27,0.3380590081214905
2017-01-30,0.376693993806839
2017-01-31,0.3380590081214905
2017-02-01,0.2994230091571808
2017-02-02,0.3380590081214905
2017-02-03,0.31874099373817444
2017-02-06,0.35737600922584534
2017-02-07,0.3380590081214905
2017-02-08,0.3380590081214905
2017-02-09,0.3380590081214905
2017-02-10,0.3380590081214905
2017-02-13,0.36703500151634216
2017-02-14,0.3477180004119873
2017-02-15,0.3477180004119873
2017-02-16,0.32839998602867126
2017-02-17,0.3477180004119873
2017-02-20,0.3477180004119873
2017-02-21,0.35737600922584534
2017-02-22,0.35737600922584534
2017-02-23,0.376693993806839
2017-02-24,0.36703500151634216
2017-02-27,0.3380590081214905
2017-02-28,0.3477180004119873
2017-03-01,0.3477180004119873
2017-03-02,0.3380590081214905
2017-03-03,0.3380590081214905
2017-03-06,0.3380590081214905
2017-03-07,0.3380590081214905
2017-03-08,0.3380590081214905
2017-03-09,0.3380590081214905
2017-03-10,0.31874099373817444
2017-03-13,0.31874099373817444
2017-03-14,0.2704469859600067
2017-03-15,0.2704469859600067
2017-03-16,0.28976500034332275
2017-03-17,0.2801060080528259
2017-03-20,0.2801060080528259
2017-03-21,0.2801060080528259
2017-03-22,0.2994230091571808
2017-03-23,0.3090820014476776
2017-03-24,0.3090820014476776
2017-03-27,0.3090820014476776
2017-03-28,0.3090820014476776
2017-03-29,0.3090820014476776
2017-03-30,0.2994230091571808
2017-03-31,0.2994230091571808
2017-04-03,0.31874099373817444
2017-04-04,0.31874099373817444
2017-04-05,0.32839998602867126
2017-04-06,0.3090820014476776
2017-04-07,0.36703500151634216
2017-04-10,0.36703500151634216
2017-04-11,0.3380590081214905
2017-04-12,0.3477180004119873
2017-04-13,0.3477180004119873
2017-04-18,0.36703500151634216
2017-04-19,0.36703500151634216
2017-04-20,0.36703500151634216
2017-04-21,0.35737600922584534
2017-04-24,0.35737600922584534
2017-04-26,0.35737600922584534
2017-04-27,0.40567100048065186
2017-04-28,0.43464699387550354
2017-05-01,0.40567100048065186
2017-05-02,0.4153290092945099
2017-05-03,0.4249880015850067
2017-05-04,0.4153290092945099
2017-05-05,0.44430598616600037
2017-05-08,0.4539650082588196
2017-05-09,0.43464699387550354
2017-05-10,0.4539650082588196
2017-05-11,0.4636240005493164
2017-05-12,0.4539650082588196
2017-05-15,0.4539650082588196
2017-05-16,0.43464699387550354
2017-05-17,0.44430598616600037
2017-05-18,0.4153290092945099
2017-05-19,0.40567100048065186
2017-05-22,0.4249880015850067
2017-05-23,0.4249880015850067
2017-05-24,0.43464699387550354
2017-05-25,0.43464699387550354
2017-05-26,0.43464699387550354
2017-05-29,0.40567100048065186
2017-05-30,0.40567100048065186
2017-05-31,0.3863529860973358
2017-06-01,0.376693993806839
2017-06-02,0.376693993806839
2017-06-05,0.3863529860973358
2017-06-06,0.39601200819015503
2017-06-07,0.39601200819015503
2017-06-08,0.40567100048065186
2017-06-09,0.39601200819015503
2017-06-13,0.3863529860973358
2017-06-14,0.3863529860973358
2017-06-15,0.3863529860973358
2017-06-16,0.376693993806839
2017-06-19,0.40567100048065186
2017-06-20,0.3863529860973358
2017-06-21,0.3863529860973358
2017-06-22,0.39601200819015503
2017-06-23,0.40567100048065186
2017-06-26,0.40567100048065186
2017-06-27,0.39601200819015503
2017-06-28,0.40567100048065186
2017-06-29,0.4249880015850067
2017-06-30,0.4153290092945099
2017-07-03,0.4249880015850067
2017-07-04,0.4249880015850067
2017-07-05,0.4153290092945099
2017-07-06,0.40567100048065186
2017-07-07,0.40567100048065186
2017-07-10,0.40567100048065186
2017-07-11,0.4153290092945099
2017-07-12,0.4249880015850067
2017-07-13,0.4249880015850067
2017-07-14,0.40567100048065186
2017-07-17,0.4249880015850067
2017-07-18,0.43464699387550354
2017-07-19,0.44430598616600037
2017-07-20,0.4636240005493164
2017-07-21,0.47328200936317444
2017-07-24,0.43464699387550354
2017-07-25,0.44430598616600037
2017-07-26,0.4636240005493164
2017-07-27,0.4636240005493164
2017-07-28,0.4539650082588196
2017-07-31,0.4153290092945099
2017-08-01,0.43464699387550354
2017-08-02,0.44430598616600037
2017-08-03,0.4636240005493164
2017-08-04,0.44430598616600037
2017-08-07,0.43464699387550354
2017-08-08,0.43464699387550354
2017-08-09,0.4249880015850067
2017-08-10,0.43464699387550354
2017-08-11,0.43464699387550354
2017-08-14,0.43464699387550354
2017-08-15,0.43464699387550354
2017-08-16,0.44430598616600037
2017-08-17,0.43464699387550354
2017-08-18,0.43464699387550354
2017-08-21,0.4539650082588196
2017-08-22,0.4539650082588196
2017-08-23,0.43464699387550354
2017-08-24,0.47328200936317444
2017-08-25,0.4539650082588196
2017-08-28,0.43464699387550354
2017-08-29,0.43464699387550354
2017-08-30,0.4153290092945099
2017-08-31,0.44430598616600037
2017-09-01,0.44430598616600037
2017-09-04,0.4539650082588196
2017-09-05,0.43464699387550354
2017-09-06,0.4249880015850067
2017-09-07,0.4153290092945099
2017-09-08,0.4249880015850067
2017-09-11,0.43464699387550354
2017-09-12,0.44430598616600037
2017-09-13,0.4249880015850067
2017-09-14,0.4249880015850067
2017-09-15,0.4249880015850067
2017-09-18,0.39601200819015503
2017-09-19,0.40567100048065186
2017-09-20,0.4153290092945099
2017-09-21,0.4153290092945099
2017-09-22,0.4153290092945099
2017-09-25,0.3863529860973358
2017-09-26,0.39601200819015503
2017-09-27,0.3863529860973358
2017-09-28,0.36703500151634216
2017-09-29,0.3863529860973358
2017-10-02,0.4153290092945099
2017-10-03,0.39601200819015503
2017-10-04,0.40567100048065186
2017-10-05,0.40567100048065186
2017-10-06,0.3863529860973358
2017-10-09,0.376693993806839
2017-10-10,0.376693993806839
2017-10-11,0.35737600922584534
2017-10-12,0.35737600922584534
2017-10-13,0.3477180004119873
2017-10-16,0.32839998602867126
2017-10-17,0.36703500151634216
2017-10-18,0.36703500151634216
2017-10-19,0.376693993806839
2017-10-20,0.36703500151634216
2017-10-23,0.35737600922584534
2017-10-24,0.376693993806839
2017-10-25,0.36703500151634216
2017-10-26,0.35737600922584534
2017-10-27,0.36703500151634216
2017-10-30,0.36703500151634216
2017-10-31,0.36703500151634216
2017-11-01,0.35737600922584534
2017-11-02,0.35737600922584534
2017-11-03,0.3477180004119873
2017-11-06,0.3477180004119873
2017-11-07,0.3477180004119873
2017-11-08,0.3380590081214905
2017-11-09,0.3477180004119873
2017-11-10,0.36703500151634216
2017-11-13,0.35737600922584534
2017-11-14,0.3863529860973358
2017-11-15,0.376693993806839
2017-11-16,0.3863529860973358
2017-11-17,0.3863529860973358
2017-11-20,0.376693993806839
2017-11-21,0.36703500151634216
2017-11-22,0.36703500151634216
2017-11-23,0.376693993806839
2017-11-24,0.376693993806839
2017-11-27,0.3863529860973358
2017-11-28,0.4153290092945099
2017-11-29,0.4249880015850067
2017-11-30,0.4153290092945099
2017-12-01,0.39601200819015503
2017-12-04,0.4153290092945099
2017-12-05,0.40567100048065186
2017-12-06,0.3863529860973358
2017-12-07,0.3863529860973358
2017-12-08,0.3863529860973358
2017-12-11,0.376693993806839
2017-12-12,0.376693993806839
2017-12-13,0.36703500151634216
2017-12-14,0.36703500151634216
2017-12-15,0.36703500151634216
2017-12-18,0.376693993806839
2017-12-19,0.376693993806839
2017-12-20,0.3863529860973358
2017-12-21,0.3863529860973358
2017-12-22,0.376693993806839
2017-12-27,0.376693993806839
2017-12-28,0.3863529860973358
2017-12-29,0.3863529860973358
2018-01-02,0.3863529860973358
2018-01-03,0.3863529860973358
2018-01-04,0.4153290092945099
2018-01-05,0.4153290092945099
2018-01-08,0.4539650082588196
2018-01-09,0.44430598616600037
2018-01-10,0.40567100048065186
2018-01-11,0.3863529860973358
2018-01-12,0.3863529860973358
2018-01-15,0.376693993806839
2018-01-16,0.376693993806839
2018-01-17,0.376693993806839
2018-01-18,0.376693993806839
2018-01-19,0.3477180004119873
2018-01-22,0.35737600922584534
2018-01-23,0.35737600922584534
2018-01-24,0.376693993806839
2018-01-25,0.35737600922584534
2018-01-29,0.35737600922584534
2018-01-30,0.3477180004119873
2018-01-31,0.35737600922584534
2018-02-01,0.36703500151634216
2018-02-02,0.376693993806839
2018-02-05,0.35737600922584534
2018-02-06,0.3380590081214905
2018-02-07,0.3380590081214905
2018-02-08,0.3380590081214905
2018-02-09,0.3090820014476776
2018-02-12,0.3090820014476776
2018-02-13,0.28976500034332275
2018-02-14,0.2801060080528259
2018-02-15,0.28976500034332275
2018-02-16,0.28976500034332275
2018-02-19,0.2994230091571808
2018-02-20,0.2801060080528259
2018-02-21,0.2801060080528259
2018-02-22,0.2607879936695099
2018-02-23,0.25112900137901306
2018-02-26,0.25112900137901306
2018-02-27,0.2318120002746582
2018-02-28,0.2704469859600067
2018-03-01,0.25112900137901306
2018-03-02,0.2704469859600067
2018-03-05,0.2607879936695099
2018-03-06,0.2607879936695099
2018-03-07,0.2607879936695099
2018-03-08,0.25112900137901306
2018-03-09,0.2607879936695099
2018-03-12,0.28976500034332275
2018-03-13,0.28976500034332275
2018-03-14,0.2994230091571808
2018-03-15,0.28976500034332275
2018-03-16,0.28976500034332275
2018-03-19,0.28976500034332275
2018-03-20,0.28976500034332275
2018-03-21,0.28976500034332275
2018-03-22,0.28976500034332275
2018-03-23,0.2801060080528259
2018-03-26,0.2801060080528259
2018-03-27,0.2704469859600067
2018-03-28,0.2801060080528259
2018-03-29,0.2704469859600067
2018-04-03,0.2704469859600067
2018-04-04,0.2704469859600067
2018-04-05,0.2704469859600067
2018-04-06,0.2704469859600067
2018-04-09,0.2704469859600067
2018-04-10,0.2704469859600067
2018-04-11,0.31874099373817444
2018-04-12,0.3090820014476776
2018-04-13,0.3477180004119873
2018-04-16,0.36703500151634216
2018-04-17,0.3380590081214905
2018-04-18,0.35737600922584534
2018-04-19,0.3477180004119873
2018-04-20,0.3477180004119873
2018-04-23,0.3477180004119873
2018-04-24,0.3477180004119873
2018-04-26,0.3380590081214905
2018-04-27,0.3477180004119873
2018-04-30,0.3477180004119873
2018-05-01,0.35737600922584534
2018-05-02,0.3477180004119873
2018-05-03,0.31874099373817444
2018-05-04,0.32839998602867126
2018-05-07,0.3090820014476776
2018-05-08,0.3380590081214905
2018-05-09,0.3380590081214905
2018-05-10,0.3380590081214905
2018-05-11,0.32839998602867126
2018-05-14,0.32839998602867126
2018-05-15,0.3090820014476776
2018-05-16,0.32839998602867126
2018-05-17,0.2994230091571808
2018-05-18,0.2801060080528259
2018-05-21,0.2607879936695099
2018-05-22,0.2607879936695099
2018-05-23,0.2704469859600067
2018-05-24,0.2704469859600067
2018-05-25,0.2607879936695099
2018-05-28,0.25112900137901306
2018-05-29,0.2318120002746582
2018-05-30,0.24146999418735504
2018-05-31,0.24146999418735504
2018-06-01,0.2607879936695099
2018-06-04,0.24146999418735504
2018-06-05,0.22215299308300018
2018-06-06,0.22215299308300018
2018-06-07,0.2318120002746582
2018-06-08,0.22215299308300018
2018-06-12,0.21249400079250336
2018-06-13,0.21249400079250336
2018-06-14,0.24146999418735504
2018-06-15,0.24146999418735504
2018-06-18,0.24146999418735504
2018-06-19,0.24146999418735504
2018-06-20,0.25112900137901306
2018-06-21,0.24146999418735504
2018-06-22,0.2704469859600067
2018-06-25,0.2704469859600067
2018-06-26,0.2607879936695099
2018-06-27,0.25112900137901306
2018-06-28,0.25112900137901306
2018-06-29,0.25112900137901306
2018-07-02,0.2607879936695099
2018-07-03,0.2607879936695099
2018-07-04,0.2607879936695099
2018-07-05,0.2607879936695099
2018-07-06,0.2607879936695099
2018-07-09,0.2994230091571808
2018-07-10,0.2704469859600067
2018-07-11,0.2801060080528259
2018-07-12,0.2801060080528259
2018-07-13,0.2801060080528259
2018-07-16,0.28976500034332275
2018-07-17,0.28976500034332275
2018-07-18,0.28976500034332275
2018-07-19,0.2801060080528259
2018-07-20,0.2801060080528259
2018-07-23,0.28976500034332275
2018-07-24,0.2801060080528259
2018-07-25,0.28976500034332275
2018-07-26,0.2994230091571808
2018-07-27,0.31874099373817444
2018-07-30,0.3380590081214905
2018-07-31,0.31874099373817444
2018-08-01,0.2994230091571808
2018-08-02,0.2994230091571808
2018-08-03,0.2994230091571808
2018-08-06,0.3090820014476776
2018-08-07,0.3090820014476776
2018-08-08,0.2994230091571808
2018-08-09,0.3090820014476776
2018-08-10,0.31874099373817444
2018-08-13,0.32839998602867126
2018-08-14,0.3380590081214905
2018-08-15,0.3380590081214905
2018-08-16,0.32839998602867126
2018-08-17,0.2994230091571808
2018-08-20,0.3090820014476776
2018-08-21,0.2994230091571808
2018-08-22,0.3090820014476776
2018-08-23,0.3090820014476776
2018-08-24,0.3090820014476776
2018-08-27,0.3090820014476776
2018-08-28,0.32839998602867126
2018-08-29,0.3090820014476776
2018-08-30,0.32839998602867126
2018-08-31,0.2994230091571808
2018-09-03,0.28976500034332275
2018-09-04,0.28976500034332275
2018-09-05,0.28976500034332275
2018-09-06,0.28976500034332275
2018-09-07,0.28976500034332275
2018-09-10,0.28976500034332275
2018-09-11,0.28976500034332275
2018-09-12,0.32839998602867126
2018-09-13,0.31874099373817444
2018-09-14,0.31874099373817444
2018-09-17,0.28976500034332275
2018-09-18,0.2801060080528259
2018-09-19,0.28976500034332275
2018-09-20,0.28976500034332275
2018-09-21,0.28976500034332275
2018-09-24,0.28976500034332275
2018-09-25,0.28976500034332275
2018-09-26,0.28976500034332275
2018-09-27,0.3090820014476776
2018-09-28,0.2994230091571808
2018-10-01,0.3090820014476776
2018-10-02,0.2994230091571808
2018-10-03,0.2994230091571808
2018-10-04,0.2994230091571808
2018-10-05,0.3090820014476776
2018-10-08,0.3090820014476776
2018-10-09,0.2994230091571808
2018-10-10,0.28976500034332275
2018-10-11,0.2801060080528259
2018-10-12,0.2607879936695099
2018-10-15,0.2801060080528259
2018-10-16,0.2994230091571808
2018-10-17,0.28976500034332275
2018-10-18,0.28976500034332275
2018-10-19,0.3380590081214905
2018-10-22,0.32839998602867126
2018-10-23,0.3090820014476776
2018-10-24,0.2994230091571808
2018-10-25,0.3090820014476776
2018-10-26,0.28976500034332275
2018-10-29,0.31874099373817444
2018-10-30,0.31874099373817444
2018-10-31,0.32839998602867126
2018-11-01,0.31874099373817444
2018-11-02,0.31874099373817444
2018-11-05,0.2994230091571808
2018-11-06,0.2994230091571808
2018-11-07,0.2994230091571808
2018-11-08,0.2994230091571808
2018-11-09,0.3090820014476776
2018-11-12,0.2801060080528259
2018-11-13,0.2801060080528259
2018-11-14,0.2801060080528259
2018-11-15,0.2801060080528259
2018-11-16,0.28976500034332275
2018-11-19,0.28976500034332275
2018-11-20,0.2801060080528259
2018-11-21,0.2801060080528259
2018-11-22,0.28976500034332275
2018-11-23,0.28976500034332275
2018-11-26,0.28976500034332275
2018-11-27,0.28976500034332275
2018-11-28,0.28976500034332275
2018-11-29,0.28976500034332275
2018-11-30,0.28976500034332275
2018-12-03,0.2801060080528259
2018-12-04,0.2801060080528259
2018-12-05,0.2801060080528259
2018-12-06,0.2994230091571808
2018-12-07,0.28976500034332275
2018-12-10,0.2801060080528259
2018-12-11,0.2801060080528259
2018-12-12,0.2801060080528259
2018-12-13,0.2801060080528259
2018-12-14,0.2704469859600067
2018-12-17,0.2704469859600067
2018-12-18,0.28976500034332275
2018-12-19,0.28976500034332275
2018-12-20,0.28976500034332275
2018-12-21,0.2607879936695099
2018-12-24,0.2704469859600067
2018-12-27,0.2704469859600067
2018-12-28,0.2704469859600067
2018-12-31,0.2704469859600067
2019-01-02,0.2704469859600067
2019-01-03,0.2607879936695099
2019-01-04,0.2607879936695099
2019-01-07,0.2607879936695099
2019-01-08,0.2607879936695099
2019-01-09,0.2607879936695099
2019-01-10,0.2704469859600067
2019-01-11,0.2607879936695099
2019-01-14,0.2607879936695099
2019-01-15,0.2607879936695099
2019-01-16,0.2607879936695099
2019-01-17,0.2607879936695099
2019-01-18,0.2704469859600067
2019-01-21,0.2704469859600067
2019-01-22,0.28976500034332275
2019-01-23,0.28976500034332275
2019-01-24,0.28976500034332275
2019-01-25,0.2704469859600067
2019-01-29,0.2704469859600067
2019-01-30,0.2607879936695099
2019-01-31,0.2607879936695099
2019-02-01,0.2607879936695099
2019-02-04,0.2607879936695099
2019-02-05,0.2704469859600067
2019-02-06,0.28976500034332275
2019-02-07,0.28976500034332275
2019-02-08,0.28976500034332275
2019-02-11,0.2704469859600067
2019-02-12,0.2704469859600067
2019-02-13,0.2704469859600067
2019-02-14,0.2704469859600067
2019-02-15,0.2704469859600067
2019-02-18,0.2607879936695099
2019-02-19,0.24146999418735504
2019-02-20,0.24146999418735504
2019-02-21,0.24146999418735504
2019-02-22,0.24146999418735504
2019-02-25,0.24146999418735504
2019-02-26,0.24146999418735504
2019-02-27,0.25112900137901306
2019-02-28,0.24146999418735504
2019-03-01,0.24146999418735504
2019-03-04,0.24146999418735504
2019-03-05,0.24146999418735504
2019-03-06,0.2318120002746582
2019-03-07,0.24146999418735504
2019-03-08,0.23664100468158722
2019-03-11,0.24146999418735504
2019-03-12,0.2318120002746582
2019-03-13,0.2318120002746582
2019-03-14,0.22215299308300018
2019-03-15,0.22215299308300018
2019-03-18,0.22215299308300018
2019-03-19,0.2318120002746582
2019-03-20,0.22215299308300018
2019-03-21,0.2318120002746582
2019-03-22,0.22215299308300018
2019-03-25,0.21249400079250336
2019-03-26,0.24146999418735504
2019-03-27,0.25112900137901306
2019-03-28,0.25112900137901306
2019-03-29,0.24146999418735504
2019-04-01,0.24146999418735504
2019-04-02,0.24146999418735504
2019-04-03,0.2318120002746582
2019-04-04,0.2318120002746582
2019-04-05,0.22215299308300018
2019-04-08,0.24146999418735504
2019-04-09,0.24146999418735504
2019-04-10,0.24146999418735504
2019-04-11,0.24146999418735504
2019-04-12,0.24146999418735504
2019-04-15,0.2318120002746582
2019-04-16,0.2318120002746582
2019-04-17,0.22215299308300018
2019-04-18,0.22215299308300018
2019-04-23,0.22215299308300018
2019-04-24,0.21249400079250336
2019-04-26,0.21249400079250336
2019-04-29,0.22215299308300018
2019-04-30,0.24146999418735504
2019-05-01,0.2318120002746582
2019-05-02,0.21249400079250336
2019-05-03,0.2318120002746582
2019-05-06,0.2318120002746582
2019-05-07,0.2318120002746582
2019-05-08,0.2318120002746582
2019-05-09,0.22215299308300018
2019-05-10,0.22215299308300018
2019-05-13,0.25112900137901306
2019-05-14,0.25112900137901306
2019-05-15,0.25112900137901306
2019-05-16,0.25112900137901306
2019-05-17,0.2607879936695099
2019-05-20,0.25112900137901306
2019-05-21,0.24146999418735504
2019-05-22,0.24146999418735504
2019-05-23,0.24146999418735504
2019-05-24,0.21249400079250336
2019-05-27,0.2318120002746582
2019-05-28,0.2318120002746582
2019-05-29,0.2318120002746582
2019-05-30,0.25112900137901306
2019-05-31,0.25112900137901306
2019-06-03,0.25112900137901306
2019-06-04,0.2607879936695099
2019-06-05,0.25112900137901306
2019-06-06,0.24146999418735504
2019-06-07,0.25112900137901306
2019-06-11,0.2704469859600067
2019-06-12,0.25112900137901306
2019-06-13,0.25112900137901306
2019-06-14,0.25112900137901306
2019-06-17,0.2607879936695099
2019-06-18,0.2704469859600067
2019-06-19,0.2607879936695099
2019-06-20,0.25112900137901306
2019-06-21,0.25112900137901306
2019-06-24,0.2607879936695099
2019-06-25,0.2607879936695099
2019-06-26,0.2704469859600067
2019-06-27,0.28976500034332275
2019-06-28,0.2801060080528259
2019-07-01,0.2752760052680969
2019-07-02,0.2607879936695099
2019-07-03,0.2607879936695099
2019-07-04,0.2704469859600067
2019-07-05,0.2704469859600067
2019-07-08,0.2704469859600067
2019-07-09,0.2607879936695099
2019-07-10,0.2607879936695099
2019-07-11,0.2704469859600067
2019-07-12,0.2607879936695099
2019-07-15,0.2607879936695099
2019-07-16,0.2607879936695099
2019-07-17,0.25112900137901306
2019-07-18,0.2607879936695099
2019-07-19,0.2607879936695099
2019-07-22,0.2607879936695099
2019-07-23,0.2801060080528259
2019-07-24,0.2704469859600067
2019-07-25,0.2607879936695099
2019-07-26,0.2607879936695099
2019-07-29,0.28976500034332275
2019-07-30,0.3090820014476776
2019-07-31,0.31874099373817444
2019-08-01,0.32357001304626465
2019-08-02,0.32839998602867126
2019-08-05,0.32839998602867126
2019-08-06,0.3477180004119873
2019-08-07,0.35737600922584534
2019-08-08,0.31874099373817444
2019-08-09,0.3477180004119873
2019-08-12,0.31874099373817444
2019-08-13,0.3477180004119873
2019-08-14,0.3380590081214905
2019-08-15,0.32839998602867126
2019-08-16,0.3380590081214905
2019-08-19,0.35737600922584534
2019-08-20,0.3477180004119873
2019-08-21,0.3380590081214905
2019-08-22,0.36703500151634216
2019-08-23,0.35737600922584534
2019-08-26,0.36703500151634216
2019-08-27,0.3477180004119873
2019-08-28,0.36703500151634216
2019-08-29,0.376693993806839
2019-08-30,0.4249880015850067
2019-09-02,0.4153290092945099
2019-09-03,0.4539650082588196
2019-09-04,0.4249880015850067
2019-09-05,0.4249880015850067
2019-09-06,0.4636240005493164
2019-09-09,0.4636240005493164
2019-09-10,0.4539650082588196
2019-09-11,0.4539650082588196
2019-09-12,0.4636240005493164
2019-09-13,0.4539650082588196
2019-09-16,0.4539650082588196
2019-09-17,0.4539650082588196
2019-09-18,0.44430598616600037
2019-09-19,0.44430598616600037
2019-09-20,0.44430598616600037
2019-09-23,0.4249880015850067
2019-09-24,0.4249880015850067
2019-09-25,0.44430598616600037
2019-09-26,0.4153290092945099
2019-09-27,0.4249880015850067
2019-09-30,0.4249880015850067
2019-10-01,0.43464699387550354
2019-10-02,0.4636240005493164
2019-10-03,0.44430598616600037
2019-10-04,0.44430598616600037
2019-10-07,0.43464699387550354
2019-10-08,0.4539650082588196
2019-10-09,0.5022590160369873
2019-10-10,0.5408939719200134
2019-10-11,0.5312349796295166
2019-10-14,0.5602120161056519
2019-10-15,0.598846971988678
2019-10-16,0.6374830007553101
2019-10-17,0.6278240084648132
2019-10-18,0.6374830007553101
2019-10-21,0.6278240084648132
2019-10-22,0.6471409797668457
2019-10-23,0.6567999720573425
2019-10-24,0.6664590239524841
2019-10-25,0.6278240084648132
2019-10-28,0.6374830007553101
2019-10-29,0.6181650161743164
2019-10-30,0.598846971988678
2019-10-31,0.598846971988678
2019-11-01,0.598846971988678
2019-11-04,0.5496749877929688
2019-11-05,0.5693060159683228
2019-11-06,0.5594900250434875
2019-11-07,0.5693060159683228
2019-11-08,0.5496749877929688
2019-11-11,0.5545819997787476
2019-11-12,0.5594900250434875
2019-11-13,0.5496749877929688
2019-11-14,0.5594900250434875
2019-11-15,0.5496749877929688
2019-11-18,0.5693060159683228
2019-11-19,0.5693060159683228
2019-11-20,0.5594900250434875
2019-11-21,0.5594900250434875
2019-11-22,0.608568012714386
2019-11-25,0.608568012714386
2019-11-26,0.608568012714386
2019-11-27,0.5987529754638672
2019-11-28,0.588936984539032
2019-11-29,0.5791209936141968
2019-12-02,0.5791209936141968
2019-12-03,0.5791209936141968
2019-12-04,0.5693060159683228
2019-12-05,0.5594900250434875
2019-12-06,0.5496749877929688
2019-12-09,0.5300430059432983
2019-12-10,0.5104119777679443
2019-12-11,0.5496749877929688
2019-12-12,0.5496749877929688
2019-12-13,0.5496749877929688
2019-12-16,0.5496749877929688
2019-12-17,0.5496749877929688
2019-12-18,0.5496749877929688
2019-12-19,0.5398589968681335
2019-12-20,0.5496749877929688
2019-12-23,0.5693060159683228
2019-12-24,0.5594900250434875
2019-12-27,0.5594900250434875
2019-12-30,0.608568012714386
2019-12-31,0.608568012714386
2020-01-02,0.588936984539032
2020-01-03,0.5791209936141968
2020-01-06,0.6183840036392212
2020-01-07,0.608568012714386
2020-01-08,0.5693060159683228
2020-01-09,0.5987529754638672
2020-01-10,0.608568012714386
2020-01-13,0.588936984539032
2020-01-14,0.6281999945640564
2020-01-15,0.6281999945640564
2020-01-16,0.6183840036392212
2020-01-17,0.6183840036392212
2020-01-20,0.6380149722099304
2020-01-21,0.6380149722099304
2020-01-22,0.6380149722099304
2020-01-23,0.6380149722099304
2020-01-24,0.608568012714386
2020-01-28,0.608568012714386
2020-01-29,0.5791209936141968
2020-01-30,0.588936984539032
2020-01-31,0.5693060159683228
2020-02-03,0.5693060159683228
2020-02-04,0.588936984539032
2020-02-05,0.5791209936141968
2020-02-06,0.5987529754638672
2020-02-07,0.5791209936141968
2020-02-10,0.5987529754638672
2020-02-11,0.608568012714386
2020-02-12,0.608568012714386
2020-02-13,0.6183840036392212
2020-02-14,0.6183840036392212
2020-02-17,0.6281999945640564
2020-02-18,0.6281999945640564
2020-02-19,0.6281999945640564
2020-02-20,0.6281999945640564
2020-02-21,0.6772779822349548
2020-02-24,0.6183840036392212
2020-02-25,0.608568012714386
2020-02-26,0.5987529754638672
2020-02-27,0.608568012714386
2020-02-28,0.588936984539032
2020-03-02,0.5791209936141968
2020-03-03,0.588936984539032
2020-03-04,0.5791209936141968
2020-03-05,0.5693060159683228
2020-03-06,0.5496749877929688
2020-03-09,0.5398589968681335
2020-03-10,0.5496749877929688
2020-03-11,0.5398589968681335
2020-03-12,0.5005959868431091
2020-03-13,0.4711500108242035
2020-03-16,0.4613339900970459
2020-03-17,0.5005959868431091
2020-03-18,0.5104119777679443
2020-03-19,0.4809649884700775
2020-03-20,0.5104119777679443
2020-03-23,0.4711500108242035
2020-03-24,0.5202280282974243
2020-03-25,0.588936984539032
2020-03-26,0.588936984539032
2020-03-27,0.588936984539032
2020-03-30,0.588936984539032
2020-03-31,0.588936984539032
2020-04-01,0.6772779822349548
2020-04-02,0.6772779822349548
2020-04-03,0.6870930194854736
2020-04-06,0.7754340171813965
2020-04-07,0.7754340171813965
2020-04-08,0.7754340171813965
2020-04-09,0.7558029890060425
2020-04-14,0.7852500081062317
2020-04-15,0.7852500081062317
2020-04-16,0.7852500081062317
2020-04-17,0.7852500081062317
2020-04-20,0.7459869980812073
2020-04-21,0.7361710071563721
2020-04-22,0.7459869980812073
2020-04-23,0.7459869980812073
2020-04-24,0.7459869980812073
2020-04-27,0.7361710071563721
2020-04-28,0.7165399789810181
2020-04-29,0.726356029510498
2020-04-30,0.7361710071563721
2020-05-01,0.7361710071563721
2020-05-04,0.726356029510498
2020-05-05,0.7165399789810181
2020-05-06,0.7165399789810181
2020-05-07,0.6969090104103088
2020-05-08,0.7459869980812073
2020-05-11,0.7165399789810181
2020-05-12,0.7165399789810181
2020-05-13,0.6969090104103088
2020-05-14,0.6969090104103088
2020-05-15,0.7165399789810181
2020-05-18,0.6969090104103088
2020-05-19,0.726356029510498
2020-05-20,0.7950649857521057
2020-05-21,0.7754340171813965
2020-05-22,0.7852500081062317
2020-05-25,0.8834059834480286
2020-05-26,0.8637750148773193
2020-05-27,0.8735899925231934
2020-05-28,0.8834059834480286
2020-05-29,0.8735899925231934
2020-06-01,0.9226679801940918
2020-06-02,0.9030370116233826
2020-06-03,0.8834059834480286
2020-06-04,0.8834059834480286
2020-06-05,0.8637750148773193
2020-06-09,0.8834059834480286
2020-06-10,0.9030370116233826
2020-06-11,0.8834059834480286
2020-06-12,0.8932210206985474
2020-06-15,0.8932210206985474
2020-06-16,0.9717469811439514
2020-06-17,0.9717469811439514
2020-06-18,0.942300021648407
2020-06-19,0.932483971118927
2020-06-22,1.0306400060653687
2020-06-23,1.1287970542907715
2020-06-24,1.079717993736267
2020-06-25,1.079717993736267
2020-06-26,1.079717993736267
2020-06-29,0.9815620183944702
2020-06-30,1.1287970542907715
2020-07-01,1.1287970542907715
2020-07-02,1.079717993736267
2020-07-03,1.2269530296325684
2020-07-06,1.3251090049743652
2020-07-07,1.2269530296325684
2020-07-08,1.2760310173034668
2020-07-09,1.2760310173034668
2020-07-10,1.2760310173034668
2020-07-13,1.2760310173034668
2020-07-14,1.2269530296325684
2020-07-15,1.17787504196167
2020-07-16,1.1287970542907715
2020-07-17,1.1287970542907715
2020-07-20,1.1287970542907715
2020-07-21,1.2269530296325684
2020-07-22,1.2269530296325684
2020-07-23,1.2269530296325684
2020-07-24,1.2269530296325684
2020-07-27,1.2269530296325684
2020-07-28,1.2269530296325684
2020-07-29,1.17787504196167
2020-07-30,1.17787504196167
2020-07-31,1.1287970542907715
2020-08-03,1.079717993736267
2020-08-04,1.1287970542907715
2020-08-05,1.17787504196167
2020-08-06,1.1287970542907715
2020-08-07,1.17787504196167
2020-08-10,1.1287970542907715
2020-08-11,1.2269530296325684
2020-08-12,1.2269530296325684
2020-08-13,1.2760310173034668
2020-08-14,1.1287970542907715
2020-08-17,1.17787504196167
2020-08-18,1.17787504196167
2020-08-19,1.2760310173034668
2020-08-20,1.3251090049743652
2020-08-21,1.2269530296325684
2020-08-24,1.2269530296325684
2020-08-25,1.2269530296325684
2020-08-26,1.17787504196167
2020-08-27,1.17787504196167
2020-08-28,1.1287970542907715
2020-08-31,1.17787504196167
2020-09-01,1.1287970542907715
2020-09-02,1.17787504196167
2020-09-03,1.1287970542907715
2020-09-04,1.2269530296325684
2020-09-07,1.2269530296325684
2020-09-08,1.2269530296325684
2020-09-09,1.2760310173034668
2020-09-10,1.2760310173034668
2020-09-11,1.423264980316162
2020-09-14,1.3251090049743652
2020-09-15,1.3251090049743652
2020-09-16,1.423264980316162
2020-09-17,1.6195780038833618
2020-09-18,1.6195780038833618
2020-09-21,1.5705000162124634
2020-09-22,1.5705000162124634
2020-09-23,1.5705000162124634
2020-09-24,1.5705000162124634
2020-09-25,1.521422028541565
2020-09-28,1.521422028541565
2020-09-29,1.5705000162124634
2020-09-30,1.5705000162124634
2020-10-01,1.5705000162124634
2020-10-02,1.4723429679870605
2020-10-05,1.6686559915542603
2020-10-06,1.5705000162124634
2020-10-07,1.7668119668960571
2020-10-08,1.7177339792251587
2020-10-09,1.7668119668960571
2020-10-12,1.9140470027923584
2020-10-13,1.9140470027923584
2020-10-14,1.9140470027923584
2020-10-15,1.8158899545669556
2020-10-16,1.8158899545669556
2020-10-19,1.8158899545669556
2020-10-20,1.8158899545669556
2020-10-21,1.8158899545669556
2020-10-22,1.729411005973816
2020-10-23,1.729411005973816
2020-10-26,1.6799989938735962
2020-10-27,1.5811760425567627
2020-10-28,1.6305880546569824
2020-10-29,1.6305880546569824
2020-10-30,1.6305880546569824
2020-11-02,1.6305880546569824
2020-11-03,1.6799989938735962
2020-11-04,1.6305880546569824
2020-11-05,1.6305880546569824
2020-11-06,1.704704999923706
2020-11-09,1.6799989938735962
2020-11-10,1.6799989938735962
2020-11-11,1.6799989938735962
2020-11-12,1.6799989938735962
2020-11-13,1.729411005973816
2020-11-16,1.729411005973816
2020-11-17,1.729411005973816
2020-11-18,1.6305880546569824
2020-11-19,1.6799989938735962
2020-11-20,1.6799989938735962
2020-11-23,1.531764030456543
2020-11-24,1.531764030456543
2020-11-25,1.531764030456543
2020-11-26,1.531764030456543
2020-11-27,1.531764030456543
2020-11-30,1.531764030456543
2020-12-01,1.531764030456543
2020-12-02,1.531764030456543
2020-12-03,1.531764030456543
2020-12-04,1.4823520183563232
2020-12-07,1.4823520183563232
2020-12-08,1.4823520183563232
2020-12-09,1.4823520183563232
2020-12-10,1.4823520183563232
2020-12-11,1.4823520183563232
2020-12-14,1.4576469659805298
2020-12-15,1.4823520183563232
2020-12-16,1.4823520183563232
2020-12-17,1.4823520183563232
2020-12-18,1.4823520183563232
2020-12-21,1.3835289478302002
2020-12-22,1.43294095993042
2020-12-23,1.43294095993042
2020-12-24,1.43294095993042
2020-12-29,1.4823520183563232
2020-12-30,1.4823520183563232
2020-12-31,1.4576469659805298
2021-01-04,1.4823520183563232
2021-01-05,1.43294095993042
2021-01-06,1.43294095993042
2021-01-07,1.43294095993042
2021-01-08,1.43294095993042
2021-01-11,1.531764030456543
2021-01-12,1.531764030456543
2021-01-13,1.531764030456543
2021-01-14,1.5811760425567627
2021-01-15,1.531764030456543
2021-01-18,1.531764030456543
2021-01-19,1.4823520183563232
2021-01-20,1.4823520183563232
2021-01-21,1.4823520183563232
2021-01-22,1.531764030456543
2021-01-25,1.43294095993042
2021-01-27,1.43294095993042
2021-01-28,1.33411705493927
2021-01-29,1.3835289478302002
2021-02-01,1.33411705493927
2021-02-02,1.3835289478302002
2021-02-03,1.33411705493927
2021-02-04,1.33411705493927
2021-02-05,1.43294095993042
2021-02-08,1.43294095993042
2021-02-09,1.3835289478302002
2021-02-10,1.33411705493927
2021-02-11,1.43294095993042
2021-02-12,1.43294095993042
2021-02-15,1.3835289478302002
2021-02-16,1.33411705493927
2021-02-17,1.2847050428390503
2021-02-18,1.2847050428390503
2021-02-19,1.33411705493927
2021-02-22,1.33411705493927
2021-02-23,1.33411705493927
2021-02-24,1.33411705493927
2021-02-25,1.3835289478302002
2021-02-26,1.43294095993042
2021-03-01,1.43294095993042
2021-03-02,1.43294095993042
2021-03-03,1.43294095993042
2021-03-04,1.3835289478302002
2021-03-05,1.43294095993042
2021-03-08,1.43294095993042
2021-03-09,1.43294095993042
2021-03-10,1.3835289478302002
2021-03-11,1.43294095993042
2021-03-12,1.43294095993042
2021-03-15,1.43294095993042
2021-03-16,1.43294095993042
2021-03-17,1.4823520183563232
2021-03-18,1.531764030456543
2021-03-19,1.4823520183563232
2021-03-22,1.4823520183563232
2021-03-23,1.6799989938735962
2021-03-24,1.6305880546569824
2021-03-25,1.531764030456543
2021-03-26,1.6305880546569824
2021-03-29,1.5811760425567627
2021-03-30,1.6799989938735962
2021-03-31,1.6799989938735962
2021-04-01,1.5811760425567627
2021-04-06,1.5811760425567627
2021-04-07,1.6799989938735962
2021-04-08,1.6799989938735962
2021-04-09,1.6799989938735962
2021-04-12,1.6305880546569824
2021-04-13,1.7788230180740356
2021-04-14,1.729411005973816
2021-04-15,1.6799989938735962
2021-04-16,1.6799989938735962
2021-04-19,1.6305880546569824
2021-04-20,1.729411005973816
2021-04-21,1.6305880546569824
2021-04-22,1.6799989938735962
2021-04-23,1.729411005973816
2021-04-26,1.6799989938735962
2021-04-27,1.5811760425567627
2021-04-28,1.6305880546569824
2021-04-29,1.6305880546569824
2021-04-30,1.729411005973816
2021-05-03,1.729411005973816
2021-05-04,1.6799989938735962
2021-05-05,1.6305880546569824
2021-05-06,1.5811760425567627
2021-05-07,1.6305880546569824
2021-05-10,1.531764030456543
2021-05-11,1.531764030456543
2021-05-12,1.5811760425567627
2021-05-13,1.4823520183563232
2021-05-14,1.43294095993042
2021-05-17,1.43294095993042
2021-05-18,1.531764030456543
2021-05-19,1.4823520183563232
2021-05-20,1.43294095993042
2021-05-21,1.4823520183563232
2021-05-24,1.3835289478302002
2021-05-25,1.43294095993042
2021-05-26,1.43294095993042
2021-05-27,1.6305880546569824
2021-05-28,1.5811760425567627
2021-05-31,1.6799989938735962
2021-06-01,1.7788230180740356
2021-06-02,1.877647042274475
2021-06-03,1.877647042274475
2021-06-04,1.8282350301742554
2021-06-07,1.8282350301742554
2021-06-08,1.729411005973816
2021-06-09,1.5811760425567627
2021-06-10,1.729411005973816
2021-06-11,1.729411005973816
2021-06-15,1.729411005973816
2021-06-16,1.5811760425567627
2021-06-17,1.531764030456543
2021-06-18,1.6799989938735962
2021-06-21,1.5811760425567627
2021-06-22,1.531764030456543
2021-06-23,1.6305880546569824
2021-06-24,1.531764030456543
2021-06-25,1.4823520183563232
2021-06-28,1.4823520183563232
2021-06-29,1.4823520183563232
2021-06-30,1.531764030456543
2021-07-01,1.4823520183563232
2021-07-02,1.4823520183563232
2021-07-05,1.5811760425567627
2021-07-06,1.4823520183563232
2021-07-07,1.531764030456543
2021-07-08,1.5811760425567627
2021-07-09,1.531764030456543
2021-07-12,1.531764030456543
2021-07-13,1.4823520183563232
2021-07-14,1.4823520183563232
2021-07-15,1.4823520183563232
2021-07-16,1.43294095993042
2021-07-19,1.4823520183563232
2021-07-20,1.40823495388031
2021-07-21,1.4823520183563232
2021-07-22,1.43294095993042
2021-07-23,1.43294095993042
2021-07-26,1.4823520183563232
2021-07-27,1.4823520183563232
2021-07-28,1.4823520183563232
2021-07-29,1.531764030456543
2021-07-30,1.5811760425567627
2021-08-02,1.4823520183563232
2021-08-03,1.4823520183563232
2021-08-04,1.5811760425567627
2021-08-05,1.531764030456543
2021-08-06,1.531764030456543
2021-08-09,1.5811760425567627
2021-08-10,1.531764030456543
2021-08-11,1.531764030456543
2021-08-12,1.5811760425567627
2021-08-13,1.531764030456543
2021-08-16,1.531764030456543
2021-08-17,1.531764030456543
2021-08-18,1.4823520183563232
2021-08-19,1.531764030456543
2021-08-20,1.4823520183563232
2021-08-23,1.43294095993042
2021-08-24,1.4823520183563232
2021-08-25,1.43294095993042
2021-08-26,1.4823520183563232
2021-08-27,1.43294095993042
2021-08-30,1.4823520183563232
2021-08-31,1.4823520183563232
2021-09-01,1.531764030456543
2021-09-02,1.4823520183563232
2021-09-03,1.43294095993042
2021-09-06,1.4823520183563232
2021-09-07,1.4823520183563232
2021-09-08,1.4823520183563232
2021-09-09,1.43294095993042
2021-09-10,1.43294095993042
2021-09-13,1.43294095993042
2021-09-14,1.43294095993042
2021-09-15,1.4823520183563232
2021-09-16,1.4823520183563232
2021-09-17,1.4823520183563232
2021-09-20,1.3835289478302002
2021-09-21,1.2847050428390503
2021-09-22,1.43294095993042
2021-09-23,1.3835289478302002
2021-09-24,1.3835289478302002
2021-09-27,1.33411705493927
2021-09-28,1.43294095993042
2021-09-29,1.3835289478302002
2021-09-30,1.3835289478302002
2021-10-01,1.3835289478302002
2021-10-04,1.3835289478302002
2021-10-05,1.3835289478302002
2021-10-06,1.43294095993042
2021-10-07,1.3835289478302002
2021-10-08,1.43294095993042
2021-10-11,1.3835289478302002
2021-10-12,1.3835289478302002
2021-10-13,1.3835289478302002
2021-10-14,1.33411705493927
2021-10-15,1.43294095993042
2021-10-18,1.531764030456543
2021-10-19,1.43294095993042
2021-10-20,1.43294095993042
2021-10-21,1.3835289478302002
2021-10-22,1.43294095993042
2021-10-25,1.3835289478302002
2021-10-26,1.43294095993042
2021-10-27,1.3835289478302002
2021-10-28,1.3835289478302002
2021-10-29,1.3835289478302002
2021-11-01,1.33411705493927
2021-11-02,1.3835289478302002
2021-11-03,1.531764030456543
2021-11-04,1.4823520183563232
2021-11-05,1.43294095993042
2021-11-08,1.4823520183563232
2021-11-09,1.4823520183563232
2021-11-10,1.4823520183563232
2021-11-11,1.531764030456543
2021-11-12,1.4823520183563232
2021-11-15,1.4823520183563232
2021-11-16,1.43294095993042
2021-11-17,1.4823520183563232
2021-11-18,1.4823520183563232
2021-11-19,1.4823520183563232
2021-11-22,1.4823520183563232
2021-11-23,1.531764030456543
2021-11-24,1.3835289478302002
2021-11-25,1.43294095993042
2021-11-26,1.43294095993042
2021-11-29,1.33411705493927
2021-11-30,1.3835289478302002
2021-12-01,1.3835289478302002
2021-12-02,1.33411705493927
2021-12-03,1.3835289478302002
2021-12-06,1.3835289478302002
2021-12-07,1.3835289478302002
2021-12-08,1.3835289478302002
2021-12-09,1.3835289478302002
2021-12-10,1.2847050428390503
2021-12-13,1.43294095993042
2021-12-14,1.3835289478302002
2021-12-15,1.3835289478302002
2021-12-16,1.3835289478302002
2021-12-17,1.3835289478302002
2021-12-20,1.3835289478302002
2021-12-21,1.3835289478302002
2021-12-22,1.3835289478302002
2021-12-23,1.3835289478302002
2021-12-24,1.3835289478302002
2021-12-29,1.33411705493927
2021-12-30,1.3835289478302002
2021-12-31,1.33411705493927
2022-01-04,1.2847050428390503
2022-01-05,1.2847050428390503
2022-01-06,1.3835289478302002
2022-01-07,1.2847050428390503
2022-01-10,1.33411705493927
2022-01-11,1.2847050428390503
2022-01-12,1.2847050428390503
2022-01-13,1.3835289478302002
2022-01-14,1.3835289478302002
2022-01-17,1.33411705493927
2022-01-18,1.235293984413147
2022-01-19,1.33411705493927
2022-01-20,1.2847050428390503
2022-01-21,1.2847050428390503
2022-01-24,1.2847050428390503
2022-01-25,1.1364699602127075
2022-01-27,1.1858819723129272
2022-01-28,1.2847050428390503
2022-01-31,1.2847050428390503
2022-02-01,1.2847050428390503
2022-02-02,1.1858819723129272
2022-02-03,1.1364699602127075
2022-02-04,1.1364699602127075
2022-02-07,1.1858819723129272
2022-02-08,1.2847050428390503
2022-02-09,1.1858819723129272
2022-02-10,1.235293984413147
2022-02-11,1.1858819723129272
2022-02-14,1.1858819723129272
2022-02-15,1.1364699602127075
2022-02-16,1.1364699602127075
2022-02-17,1.1858819723129272
2022-02-18,1.1364699602127075
2022-02-21,1.1364699602127075
2022-02-22,1.037647008895874
2022-02-23,1.0870579481124878
2022-02-24,0.9882349967956543
2022-02-25,0.9882349967956543
2022-02-28,0.9684699773788452
2022-03-01,0.9585880041122437
2022-03-02,0.9585880041122437
2022-03-03,0.9585880041122437
2022-03-04,1.037647008895874
2022-03-07,0.9487050175666809
2022-03-08,0.9585880041122437
2022-03-09,0.9388229846954346
2022-03-10,0.9388229846954346
2022-03-11,0.928941011428833
2022-03-14,0.8894109725952148
2022-03-15,0.8795289993286133
2022-03-16,0.8992940187454224
2022-03-17,0.9091759920120239
2022-03-18,0.9091759920120239
2022-03-21,0.9684699773788452
2022-03-22,0.9091759920120239
2022-03-23,0.9091759920120239
2022-03-24,0.9487050175666809
2022-03-25,0.9585880041122437
2022-03-28,0.9783520102500916
2022-03-29,0.9388229846954346
2022-03-30,0.9684699773788452
2022-03-31,0.8795289993286133
2022-04-01,0.9585880041122437
2022-04-04,0.9091759920120239
2022-04-05,0.9091759920120239
2022-04-06,0.9091759920120239
2022-04-07,0.8894109725952148
2022-04-08,0.9388229846954346
2022-04-11,0.9388229846954346
2022-04-12,0.9091759920120239
2022-04-13,0.9388229846954346
2022-04-14,0.9882349967956543
2022-04-19,0.9585880041122437
2022-04-20,0.9388229846954346
2022-04-21,0.9585880041122437
2022-04-22,0.9388229846954346
2022-04-26,0.9091759920120239
2022-04-27,0.8992940187454224
2022-04-28,0.8992940187454224
2022-04-29,0.8696470260620117
2022-05-02,0.8894109725952148
2022-05-03,0.8696470260620117
2022-05-04,0.8004699945449829
2022-05-05,0.8301169872283936
2022-05-06,0.8004699945449829
2022-05-09,0.8301169872283936
2022-05-10,0.8004699945449829
2022-05-11,0.8103520274162292
2022-05-12,0.8004699945449829
2022-05-13,0.8004699945449829
2022-05-16,0.8004699945449829
2022-05-17,0.7905880212783813
2022-05-18,0.7214109897613525
2022-05-19,0.711529016494751
2022-05-20,0.7016469836235046
2022-05-23,0.711529016494751
2022-05-24,0.7016469836235046
2022-05-25,0.6818820238113403
2022-05-26,0.6917639970779419
2022-05-27,0.7214109897613525
2022-05-30,0.7411760091781616
2022-05-31,0.8004699945449829
2022-06-01,0.820235013961792
2022-06-02,0.8301169872283936
2022-06-03,0.8696470260620117
2022-06-06,0.8498820066452026
2022-06-07,0.8004699945449829
2022-06-08,0.7905880212783813
2022-06-09,0.7510579824447632
2022-06-10,0.6917639970779419
2022-06-14,0.7214109897613525
2022-06-15,0.7312939763069153
2022-06-16,0.7016469836235046
2022-06-17,0.7016469836235046
2022-06-20,0.6917639970779419
2022-06-21,0.7214109897613525
2022-06-22,0.7905880212783813
2022-06-23,0.6917639970779419
2022-06-24,0.6423519849777222
2022-06-27,0.6621170043945312
2022-06-28,0.7214109897613525
2022-06-29,0.7214109897613525
2022-06-30,0.6423519849777222
2022-07-01,0.6522349715232849
2022-07-04,0.6324700117111206
2022-07-05,0.6324700117111206
2022-07-06,0.6522349715232849
2022-07-07,0.6917639970779419
2022-07-08,0.711529016494751
2022-07-11,0.6818820238113403
2022-07-12,0.6621170043945312
2022-07-13,0.6621170043945312
2022-07-14,0.6621170043945312
2022-07-15,0.6324700117111206
2022-07-18,0.6818820238113403
2022-07-19,0.6324700117111206
2022-07-20,0.5929409861564636
2022-07-21,0.6917639970779419
2022-07-22,0.6719989776611328
2022-07-25,0.6621170043945312
2022-07-26,0.6127049922943115
2022-07-27,0.6423519849777222
2022-07-28,0.5929409861564636
2022-07-29,0.6127049922943115
2022-08-01,0.6225879788398743
2022-08-02,0.6225879788398743
2022-08-03,0.5929409861564636
2022-08-04,0.6225879788398743
2022-08-05,0.6127049922943115
2022-08-08,0.6127049922943115
2022-08-09,0.60282301902771
2022-08-10,0.6225879788398743
2022-08-11,0.6423519849777222
2022-08-12,0.6472939848899841
2022-08-15,0.6621170043945312
2022-08-16,0.6324700117111206
2022-08-17,0.6324700117111206
2022-08-18,0.6225879788398743
2022-08-19,0.6917639970779419
2022-08-22,0.7016469836235046
2022-08-23,0.6719989776611328
2022-08-24,0.6818820238113403
2022-08-25,0.6818820238113403
2022-08-26,0.6917639970779419
2022-08-29,0.6522349715232849
2022-08-30,0.6522349715232849
2022-08-31,0.6719989776611328
2022-09-01,0.6324700117111206
2022-09-02,0.6818820238113403
2022-09-05,0.6917639970779419
2022-09-06,0.6621170043945312
2022-09-07,0.6621170043945312
2022-09-08,0.6917639970779419
2022-09-09,0.6917639970779419
2022-09-12,0.7016469836235046
2022-09-13,0.7411760091781616
2022-09-14,0.7214109897613525
2022-09-15,0.7411760091781616
2022-09-16,0.7312939763069153
2022-09-19,0.7016469836235046
2022-09-20,0.7016469836235046
2022-09-21,0.7312939763069153
2022-09-23,0.7016469836235046
2022-09-26,0.6917639970779419
2022-09-27,0.6917639970779419
2022-09-28,0.6917639970779419
2022-09-29,0.6719989776611328
2022-09-30,0.6719989776611328
2022-10-03,0.6719989776611328
2022-10-04,0.6917639970779419
2022-10-05,0.6818820238113403
2022-10-06,0.6423519849777222
2022-10-07,0.6522349715232849
2022-10-10,0.6818820238113403
2022-10-11,0.6621170043945312
2022-10-12,0.6621170043945312
2022-10-13,0.6621170043945312
2022-10-14,0.6423519849777222
2022-10-17,0.6423519849777222
2022-10-18,0.6225879788398743
2022-10-19,0.6522349715232849
2022-10-20,0.6127049922943115
2022-10-21,0.6324700117111206
2022-10-24,0.6719989776611328
2022-10-25,0.6917639970779419
2022-10-26,0.7214109897613525
2022-10-27,0.6917639970779419
2022-10-28,0.6917639970779419
2022-10-31,0.7312939763069153
2022-11-01,0.7312939763069153
2022-11-02,0.6818820238113403
2022-11-03,0.6818820238113403
2022-11-04,0.6917639970779419
2022-11-07,0.711529016494751
2022-11-08,0.711529016494751
2022-11-09,0.7609410285949707
2022-11-10,0.7905880212783813
2022-11-11,0.7905880212783813
2022-11-14,0.7708230018615723
2022-11-15,0.7510579824447632
2022-11-16,0.7214109897613525
2022-11-17,0.711529016494751
2022-11-18,0.711529016494751
2022-11-21,0.7214109897613525
2022-11-22,0.7016469836235046
2022-11-23,0.7312939763069153
2022-11-24,0.7411760091781616
2022-11-25,0.7312939763069153
2022-11-28,0.7312939763069153
2022-11-29,0.7312939763069153
2022-11-30,0.7312939763069153
2022-12-01,0.711529016494751
2022-12-02,0.7065879702568054
2022-12-05,0.6719989776611328
2022-12-06,0.6719989776611328
2022-12-07,0.6719989776611328
2022-12-08,0.6719989776611328
2022-12-09,0.6423519849777222
2022-12-12,0.6621170043945312
2022-12-13,0.6621170043945312
2022-12-14,0.6423519849777222
2022-12-15,0.6522349715232849
2022-12-16,0.6324700117111206
2022-12-19,0.6423519849777222
2022-12-20,0.6917639970779419
2022-12-21,0.60282301902771
2022-12-22,0.6225879788398743
2022-12-23,0.5929409861564636
2022-12-28,0.5929409861564636
2022-12-29,0.6868230104446411
2022-12-30,0.6818820238113403
2023-01-03,0.6917639970779419
2023-01-04,0.6522349715232849
2023-01-05,0.6423519849777222
2023-01-06,0.6423519849777222
2023-01-09,0.6522349715232849
2023-01-10,0.60282301902771
2023-01-11,0.6127049922943115
2023-01-12,0.60282301902771
2023-01-13,0.60282301902771
2023-01-16,0.6127049922943115
2023-01-17,0.6127049922943115
2023-01-18,0.60282301902771
2023-01-19,0.60282301902771
2023-01-20,0.60282301902771
2023-01-23,0.5929409861564636
2023-01-24,0.6225879788398743
2023-01-25,0.6719989776611328
2023-01-27,0.6719989776611328
2023-01-30,0.6423519849777222
2023-01-31,0.6423519849777222
2023-02-01,0.6719989776611328
2023-02-02,0.6522349715232849
2023-02-03,0.6621170043945312
2023-02-06,0.7016469836235046
2023-02-07,0.711529016494751
2023-02-08,0.7016469836235046
2023-02-09,0.7016469836235046
2023-02-10,0.7016469836235046
2023-02-13,0.7016469836235046
2023-02-14,0.6917639970779419
2023-02-15,0.6917639970779419
2023-02-16,0.7214109897613525
2023-02-17,0.7905880212783813
2023-02-20,0.7708230018615723
2023-02-21,0.7016469836235046
2023-02-22,0.6917639970779419
2023-02-23,0.6917639970779419
2023-02-24,0.7214109897613525
2023-02-27,0.7807049751281738
2023-02-28,0.7609410285949707
2023-03-01,0.7807049751281738
2023-03-02,0.8498820066452026
2023-03-03,0.8498820066452026
2023-03-06,0.8597639799118042
2023-03-07,0.8301169872283936
2023-03-08,0.7510579824447632
2023-03-09,0.8795289993286133
2023-03-10,0.8399990200996399
2023-03-13,0.8498820066452026
2023-03-14,0.8399990200996399
2023-03-15,0.8399990200996399
2023-03-16,0.7708230018615723
2023-03-17,0.7510579824447632
2023-03-20,0.7807049751281738
2023-03-21,0.7510579824447632
2023-03-22,0.711529016494751
2023-03-23,0.711529016494751
2023-03-24,0.7016469836235046
2023-03-27,0.6818820238113403
2023-03-28,0.6719989776611328
2023-03-29,0.6621170043945312
2023-03-30,0.6423519849777222
2023-03-31,0.6423519849777222
2023-04-03,0.6917639970779419
2023-04-04,0.6818820238113403
2023-04-05,0.6621170043945312
2023-04-06,0.6522349715232849
2023-04-11,0.6621170043945312
2023-04-12,0.6324700117111206
2023-04-13,0.6621170043945312
2023-04-14,0.6472939848899841
2023-04-17,0.60282301902771
2023-04-18,0.5929409861564636
2023-04-19,0.6127049922943115
2023-04-20,0.6522349715232849
2023-04-21,0.6324700117111206
2023-04-24,0.60282301902771
2023-04-26,0.60282301902771
2023-04-27,0.60282301902771
2023-04-28,0.5929409861564636
2023-05-01,0.5929409861564636
2023-05-02,0.5929409861564636
2023-05-03,0.5929409861564636
2023-05-04,0.6127049922943115
2023-05-05,0.60282301902771
2023-05-08,0.6324700117111206
2023-05-09,0.6324700117111206
2023-05-10,0.6324700117111206
2023-05-11,0.6324700117111206
2023-05-12,0.6522349715232849
2023-05-15,0.6621170043945312
2023-05-16,0.6423519849777222
2023-05-17,0.6127049922943115
2023-05-18,0.5830579996109009
2023-05-19,0.5682349801063538
2023-05-22,0.5731760263442993
2023-05-23,0.5830579996109009
2023-05-24,0.563293993473053
2023-05-25,0.5435289740562439
2023-05-26,0.5435289740562439
2023-05-29,0.5830579996109009
2023-05-30,0.563293993473053
2023-05-31,0.5534110069274902
2023-06-01,0.5534110069274902
2023-06-02,0.5731760263442993
2023-06-05,0.5435289740562439
2023-06-06,0.5534110069274902
2023-06-07,0.5336470007896423
2023-06-08,0.5435289740562439
2023-06-09,0.5435289740562439
2023-06-13,0.5237640142440796
2023-06-14,0.5534110069274902
2023-06-15,0.5435289740562439
2023-06-16,0.5435289740562439
2023-06-19,0.5435289740562439
2023-06-20,0.5435289740562439
2023-06-21,0.5435289740562439
2023-06-22,0.5435289740562439
2023-06-23,0.5237640142440796
2023-06-26,0.5336470007896423
2023-06-27,0.5138819813728333
2023-06-28,0.5237640142440796
2023-06-29,0.5731760263442993
2023-06-30,0.5534110069274902
2023-07-03,0.6127049922943115
2023-07-04,0.7905880212783813
2023-07-05,0.6818820238113403
2023-07-06,0.6818820238113403
2023-07-07,0.6818820238113403
2023-07-10,0.6423519849777222
2023-07-11,0.6522349715232849
2023-07-12,0.6324700117111206
2023-07-13,0.6621170043945312
2023-07-14,0.6917639970779419
2023-07-17,0.6522349715232849
2023-07-18,0.6522349715232849
2023-07-19,0.6225879788398743
2023-07-20,0.6423519849777222
2023-07-21,0.6423519849777222
2023-07-24,0.6423519849777222
2023-07-25,0.6225879788398743
2023-07-26,0.5929409861564636
2023-07-27,0.6127049922943115
2023-07-28,0.5731760263442993
2023-07-31,0.60282301902771
2023-08-01,0.5731760263442993
2023-08-02,0.5929409861564636
2023-08-03,0.5731760263442993
2023-08-04,0.5731760263442993
2023-08-07,0.5731760263442993
2023-08-08,0.563293993473053
2023-08-09,0.5534110069274902
2023-08-10,0.5435289740562439
2023-08-11,0.5435289740562439
2023-08-14,0.5336470007896423
2023-08-15,0.5534110069274902
2023-08-16,0.563293993473053
2023-08-17,0.5435289740562439
2023-08-18,0.5929409861564636
2023-08-21,0.563293993473053
2023-08-22,0.5929409861564636
2023-08-23,0.60282301902771
2023-08-24,0.5731760263442993
2023-08-25,0.6423519849777222
2023-08-28,0.5731760263442993
2023-08-29,0.5731760263442993
2023-08-30,0.5830579996109009
2023-08-31,0.5731760263442993
2023-09-01,0.5731760263442993
2023-09-04,0.5929409861564636
2023-09-05,0.5830579996109009
2023-09-06,0.5534110069274902
2023-09-07,0.5731760263442993
2023-09-08,0.5534110069274902
2023-09-11,0.5830579996109009
2023-09-12,0.5731760263442993
2023-09-13,0.5830579996109009
2023-09-14,0.5534110069274902
2023-09-15,0.5534110069274902
2023-09-18,0.5929409861564636
2023-09-19,0.5830579996109009
2023-09-20,0.5435289740562439
2023-09-21,0.563293993473053
2023-09-22,0.6324700117111206
2023-09-25,0.60282301902771
2023-09-26,0.5929409861564636
2023-09-27,0.6127049922943115
2023-09-28,0.5929409861564636
2023-09-29,0.563293993473053
2023-10-02,0.563293993473053
2023-10-03,0.60282301902771
2023-10-04,0.5534110069274902
2023-10-05,0.5435289740562439
2023-10-06,0.5435289740562439
2023-10-09,0.5336470007896423
2023-10-10,0.5435289740562439
2023-10-11,0.5336470007896423
2023-10-12,0.5435289740562439
2023-10-13,0.5534110069274902
2023-10-16,0.5435289740562439
2023-10-17,0.5435289740562439
2023-10-18,0.5534110069274902
2023-10-19,0.5830579996109009
2023-10-20,0.5731760263442993
2023-10-23,0.5534110069274902
2023-10-24,0.5534110069274902
2023-10-25,0.5731760263442993
2023-10-26,0.5929409861564636
2023-10-27,0.5830579996109009
2023-10-30,0.5731760263442993
2023-10-31,0.563293993473053
2023-11-01,0.563293993473053
2023-11-02,0.5534110069274902
2023-11-03,0.5534110069274902
2023-11-06,0.5781170129776001
2023-11-07,0.5830579996109009
2023-11-08,0.5929409861564636
2023-11-09,0.5830579996109009
2023-11-10,0.6522349715232849
2023-11-13,0.6719989776611328
2023-11-14,0.6917639970779419
2023-11-15,0.7016469836235046
2023-11-16,0.7016469836235046
2023-11-17,0.7214109897613525
2023-11-20,0.7510579824447632
2023-11-21,0.7609410285949707
2023-11-22,0.7510579824447632
2023-11-23,0.7807049751281738
2023-11-24,0.7905880212783813
2023-11-27,0.8103520274162292
2023-11-28,0.8103520274162292
2023-11-29,0.8498820066452026
2023-11-30,0.928941011428833
2023-12-01,1.0870579481124878
2023-12-04,0.9585880041122437
2023-12-05,0.9684699773788452
2023-12-06,0.9882349967956543
2023-12-07,1.037647008895874
2023-12-08,1.037647008895874
2023-12-11,1.037647008895874
2023-12-12,0.9882349967956543
2023-12-13,0.9882349967956543
2023-12-14,0.9882349967956543
2023-12-15,0.9783520102500916
2023-12-18,0.9783520102500916
2023-12-19,0.9091759920120239
2023-12-20,0.9882349967956543
2023-12-21,1.037647008895874
2023-12-22,0.9882349967956543
2023-12-27,1.0870579481124878
2023-12-28,1.0870579481124878
2023-12-29,1.0870579481124878
2024-01-02,0.9882349967956543
2024-01-03,0.9882349967956543
2024-01-04,0.9585880041122437
2024-01-05,0.9190580248832703
2024-01-08,0.928941011428833
2024-01-09,0.9388229846954346
2024-01-10,0.9190580248832703
2024-01-11,0.8992940187454224
2024-01-12,0.8894109725952148
2024-01-15,0.908286988735199
2024-01-16,0.8894109725952148
2024-01-17,0.8992940187454224
2024-01-18,0.8894109725952148
2024-01-19,0.8498820066452026
2024-01-22,0.820235013961792
2024-01-23,0.7905880212783813
2024-01-24,0.7609410285949707
2024-01-25,0.8301169872283936
2024-01-29,0.7905880212783813
2024-01-30,0.7510579824447632
2024-01-31,0.7905880212783813
2024-02-01,0.8696470260620117
2024-02-02,0.8696470260620117
2024-02-05,0.820235013961792
2024-02-06,0.8597639799118042
2024-02-07,0.7905880212783813
2024-02-08,0.8004699945449829
2024-02-09,0.8004699945449829
2024-02-12,0.820235013961792
2024-02-13,0.7905880212783813
2024-02-14,0.7609410285949707
2024-02-15,0.7905880212783813
2024-02-16,0.7609410285949707
2024-02-19,0.820235013961792
2024-02-20,0.8399990200996399
2024-02-21,0.7807049751281738
2024-02-22,0.7708230018615723
2024-02-23,0.7609410285949707
2024-02-26,0.7807049751281738
2024-02-27,0.7905880212783813
2024-02-28,0.820235013961792
2024-02-29,0.7807049751281738
2024-03-01,0.7609410285949707
2024-03-04,0.7905880212783813
2024-03-05,0.7807049751281738
2024-03-06,0.8597639799118042
2024-03-07,0.820235013961792
2024-03-08,0.7905880212783813
2024-03-11,0.7905880212783813
2024-03-12,0.7708230018615723
2024-03-13,0.8399990200996399
2024-03-14,0.8399990200996399
2024-03-15,0.8399990200996399
2024-03-18,0.800000011920929
2024-03-19,0.8100000023841858
2024-03-20,0.8299999833106995
2024-03-21,0.8399999737739563
2024-03-22,0.8399999737739563
2024-03-25,0.8199999928474426
2024-03-26,0.8100000023841858
2024-03-27,0.8299999833106995
2024-03-28,0.8199999928474426
2024-04-02,0.8500000238418579
2024-04-03,0.8500000238418579
2024-04-04,0.949999988079071
2024-04-05,0.9300000071525574
2024-04-08,0.8600000143051147
2024-04-09,0.9399999976158142
2024-04-10,0.9200000166893005
2024-04-11,1.0
2024-04-12,0.9599999785423279
2024-04-15,0.9599999785423279
2024-04-16,0.9100000262260437
2024-04-17,0.9300000071525574
2024-04-18,0.949999988079071
2024-04-19,0.9100000262260437
2024-04-22,0.8999999761581421
2024-04-23,0.9399999976158142
2024-04-24,0.9300000071525574
2024-04-26,0.9200000166893005
2024-04-29,0.9200000166893005
2024-04-30,0.9700000286102295
2024-05-01,0.9700000286102295
2024-05-02,1.0
2024-05-03,1.0499999523162842
2024-05-06,1.100000023841858
2024-05-07,1.100000023841858
2024-05-08,1.0
2024-05-09,0.9599999785423279
2024-05-10,1.0
2024-05-13,0.949999988079071
2024-05-14,1.0
2024-05-15,1.0499999523162842
2024-05-16,0.9700000286102295
2024-05-17,1.0
2024-05-20,1.0
2024-05-21,1.0499999523162842
2024-05-22,1.0499999523162842
2024-05-23,1.2000000476837158
2024-05-24,1.2000000476837158
2024-05-27,1.149999976158142
2024-05-28,1.0499999523162842
2024-05-29,1.100000023841858
2024-05-30,1.0
2024-05-31,1.0499999523162842
2024-06-03,1.0
2024-06-04,1.0499999523162842
2024-06-05,1.0499999523162842
2024-06-06,1.0
2024-06-07,1.100000023841858
2024-06-11,1.0499999523162842
2024-06-12,1.0
2024-06-13,1.0499999523162842
2024-06-14,1.0499999523162842
2024-06-17,1.100000023841858
2024-06-18,1.0499999523162842
2024-06-19,1.149999976158142
2024-06-20,1.350000023841858
2024-06-21,1.350000023841858
2024-06-24,1.2000000476837158
2024-06-25,1.2000000476837158
2024-06-26,1.25
2024-06-27,1.2000000476837158
2024-06-28,1.2000000476837158
2024-07-01,1.2000000476837158
2024-07-02,1.2000000476837158
2024-07-03,1.2000000476837158
2024-07-04,1.2999999523162842
2024-07-05,1.2999999523162842
2024-07-08,1.25
2024-07-09,1.2000000476837158
2024-07-10,1.25
2024-07-11,1.25
2024-07-12,1.2999999523162842
2024-07-15,1.2999999523162842
2024-07-16,1.2000000476837158
2024-07-17,1.2000000476837158
2024-07-18,1.149999976158142
2024-07-19,1.100000023841858
2024-07-22,1.0499999523162842
2024-07-23,1.100000023841858
2024-07-24,1.100000023841858
2024-07-25,1.0499999523162842
2024-07-26,1.0499999523162842
2024-07-29,1.0
2024-07-30,0.949999988079071
2024-07-31,0.9399999976158142
2024-08-01,0.9599999785423279
2024-08-02,0.9700000286102295
2024-08-05,0.9700000286102295
2024-08-06,1.0
2024-08-07,1.0
2024-08-08,1.0
2024-08-09,1.100000023841858
2024-08-12,1.0499999523162842
2024-08-13,1.0499999523162842
2024-08-14,1.0499999523162842
2024-08-15,1.0
2024-08-16,1.0499999523162842
2024-08-19,1.0
2024-08-20,1.0499999523162842
2024-08-21,1.100000023841858
2024-08-22,1.2000000476837158
2024-08-23,1.100000023841858
2024-08-26,1.2999999523162842
2024-08-27,1.2999999523162842
2024-08-28,1.350000023841858
2024-08-29,1.2999999523162842
2024-08-30,1.399999976158142
2024-09-02,1.2999999523162842
2024-09-03,1.2000000476837158
2024-09-04,1.25
2024-09-05,1.25
2024-09-06,1.149999976158142
2024-09-09,1.2000000476837158
2024-09-10,1.2999999523162842
2024-09-11,1.2999999523162842
2024-09-12,1.4500000476837158
2024-09-13,1.4500000476837158
2024-09-16,1.350000023841858
2024-09-17,1.4500000476837158
2024-09-18,1.4500000476837158
2024-09-19,1.4500000476837158
2024-09-20,1.399999976158142
2024-09-23,1.5
2024-09-24,1.5
2024-09-25,1.5499999523162842
2024-09-26,1.7999999523162842
2024-09-27,1.7999999523162842
2024-09-30,1.7000000476837158
2024-10-01,1.7000000476837158
2024-10-02,1.75
2024-10-03,1.850000023841858
2024-10-04,1.7000000476837158
2024-10-07,1.7000000476837158
2024-10-08,1.7000000476837158
2024-10-09,1.75
2024-10-10,1.7999999523162842
2024-10-11,2.0
2024-10-14,2.0
2024-10-15,1.9500000476837158
2024-10-16,2.0
2024-10-17,2.049999952316284
2024-10-18,2.0
2024-10-21,2.0
2024-10-22,2.0
2024-10-23,1.899999976158142
2024-10-24,1.9500000476837158
2024-10-25,1.7999999523162842
2024-10-28,1.7999999523162842
2024-10-29,1.75
2024-10-30,1.75
2024-10-31,1.850000023841858
2024-11-01,1.899999976158142
2024-11-04,1.899999976158142
2024-11-05,1.899999976158142
2024-11-06,1.899999976158142
2024-11-07,1.899999976158142
2024-11-08,2.0
2024-11-11,1.9500000476837158
2024-11-12,1.9500000476837158
2024-11-13,1.850000023841858
2024-11-14,1.899999976158142
2024-11-15,1.899999976158142
2024-11-18,1.899999976158142
2024-11-19,1.899999976158142
2024-11-20,1.899999976158142
2024-11-21,1.899999976158142
2024-11-22,1.899999976158142
2024-11-25,1.899999976158142
2024-11-26,1.899999976158142
2024-11-27,2.0
2024-11-28,1.850000023841858
2024-11-29,1.850000023841858
2024-12-02,1.6799999475479126
2024-12-03,1.690000057220459
2024-12-04,1.690000057220459
2024-12-05,1.7400000095367432
2024-12-06,1.600000023841858
2024-12-09,1.5149999856948853
2024-12-10,1.4600000381469727
2024-12-11,1.5199999809265137
2024-12-12,1.5099999904632568
2024-12-13,1.5
2024-12-16,1.434999942779541
2024-12-17,1.4500000476837158
2024-12-18,1.5
2024-12-19,1.409999966621399
2024-12-20,1.4500000476837158
2024-12-23,1.4500000476837158
2024-12-24,1.399999976158142
2024-12-27,1.3600000143051147
2024-12-30,1.3700000047683716
2024-12-31,1.3200000524520874
2025-01-02,1.2699999809265137
2025-01-03,1.2899999618530273
2025-01-06,1.3200000524520874
2025-01-07,1.3450000286102295
2025-01-08,1.2799999713897705
2025-01-09,1.2799999713897705
2025-01-10,1.2799999713897705
2025-01-13,1.215000033378601
2025-01-14,1.2000000476837158
2025-01-15,1.1200000047683716
2025-01-16,1.1050000190734863
2025-01-17,1.159999966621399
2025-01-20,1.1399999856948853
2025-01-21,1.100000023841858
2025-01-22,1.0800000429153442
2025-01-23,1.0549999475479126
2025-01-24,1.065000057220459
2025-01-28,1.1299999952316284
2025-01-29,1.1749999523162842
2025-01-30,1.2200000286102295
2025-01-31,1.2200000286102295
2025-02-03,1.2200000286102295
2025-02-04,1.184999942779541
2025-02-05,1.2000000476837158
2025-02-06,1.2799999713897705
2025-02-07,1.2549999952316284
2025-02-10,1.2929179668426514
2025-02-11,1.3128089904785156
2025-02-12,1.3227540254592896
2025-02-13,1.3028630018234253
2025-02-14,1.2779990434646606
2025-02-17,1.2779990434646606
2025-02-18,1.2779990434646606
2025-02-19,1.2999999523162842
2025-02-20,1.2799999713897705
2025-02-21,1.2450000047683716
2025-02-24,1.2300000190734863
2025-02-25,1.2200000286102295
2025-02-26,1.225000023841858
2025-02-27,1.2549999952316284
2025-02-28,1.2599999904632568
2025-03-03,1.25
2025-03-04,1.2000000476837158
2025-03-05,1.2050000429153442
2025-03-06,1.2300000190734863
2025-03-07,1.2300000190734863
2025-03-10,1.25
2025-03-11,1.2100000381469727
2025-03-12,1.225000023841858
2025-03-13,1.2300000190734863
2025-03-14,1.2400000095367432
2025-03-17,1.1699999570846558
2025-03-18,1.1549999713897705
2025-03-19,1.1349999904632568
2025-03-20,1.159999966621399
2025-03-21,1.2599999904632568
2025-03-24,1.3350000381469727
2025-03-25,1.350000023841858
2025-03-26,1.340000033378601
2025-03-27,1.2649999856948853
2025-03-28,1.25
2025-03-31,1.2200000286102295
2025-04-01,1.184999942779541
2025-04-02,1.1799999475479126
2025-04-03,1.149999976158142
2025-04-04,1.090000033378601
2025-04-07,1.024999976158142
2025-04-08,1.0549999475479126
2025-04-09,0.9950000047683716
2025-04-10,1.0149999856948853
2025-04-11,0.9800000190734863
2025-04-14,1.0
2025-04-15,1.0800000429153442
2025-04-16,1.0549999475479126
2025-04-17,1.0299999713897705
2025-04-22,0.9900000095367432
2025-04-23,1.0299999713897705
2025-04-24,1.1150000095367432
2025-04-28,1.2000000476837158
2025-04-29,1.1950000524520874
2025-04-30,1.1749999523162842
2025-05-01,1.2400000095367432
2025-05-02,1.225000023841858
2025-05-05,1.3200000524520874
2025-05-06,1.3200000524520874
2025-05-07,1.309999942779541
2025-05-08,1.274999976158142
2025-05-09,1.25
2025-05-12,1.2300000190734863
2025-05-13,1.2300000190734863
2025-05-14,1.2599999904632568
2025-05-15,1.2300000190734863
2025-05-16,1.2400000095367432
2025-05-19,1.2000000476837158
2025-05-20,1.215000033378601
2025-05-21,1.2200000286102295
2025-05-22,1.2000000476837158
2025-05-23,1.2000000476837158
2025-05-26,1.2300000190734863
2025-05-27,1.215000033378601
2025-05-28,1.2000000476837158
2025-05-29,1.2000000476837158
2025-05-30,1.2100000381469727
2025-06-02,1.2000000476837158
2025-06-03,1.2000000476837158
2025-06-04,1.2100000381469727
2025-06-05,1.2100000381469727
2025-06-06,1.2000000476837158
2025-06-10,1.2050000429153442
2025-06-11,1.184999942779541
2025-06-12,1.1799999475479126
2025-06-13,1.184999942779541
2025-06-16,1.159999966621399
2025-06-17,1.2000000476837158
2025-06-18,1.149999976158142
2025-06-19,1.1299999952316284
2025-06-20,1.149999976158142
2025-06-23,1.2000000476837158
2025-06-24,1.2400000095367432
2025-06-25,1.284999966621399
2025-06-26,1.2649999856948853
2025-06-27,1.2699999809265137
2025-06-30,1.2949999570846558
2025-07-01,1.2949999570846558
2025-07-02,1.2999999523162842
2025-07-03,1.3200000524520874
2025-07-04,1.2799999713897705
2025-07-07,1.4500000476837158
2025-07-08,1.4450000524520874
2025-07-09,1.4450000524520874
2025-07-10,1.440000057220459
2025-07-11,1.440000057220459
2025-07-14,1.3949999809265137
2025-07-15,1.3600000143051147
2025-07-16,1.3600000143051147
2025-07-17,1.3550000190734863
2025-07-18,1.3600000143051147
2025-07-21,1.3899999856948853
2025-07-22,1.4199999570846558
2025-07-23,1.3450000286102295
2025-07-24,1.3200000524520874
2025-07-25,1.2949999570846558
2025-07-28,1.2599999904632568
2025-07-29,1.2549999952316284
2025-07-30,1.274999976158142
2025-07-31,1.2400000095367432
2025-08-01,1.2100000381469727
2025-08-04,1.2100000381469727
2025-08-05,1.2000000476837158
2025-08-06,1.2999999523162842
2025-08-07,1.2450000047683716
2025-08-08,1.3250000476837158
2025-08-11,1.2599999904632568
2025-08-12,1.3350000381469727
2025-08-13,1.350000023841858
2025-08-14,1.2649999856948853
2025-08-15,1.3200000524520874
2025-08-18,1.315000057220459
2025-08-19,1.315000057220459
2025-08-20,1.274999976158142
2025-08-21,1.3200000524520874
2025-08-22,1.2999999523162842
2025-08-25,1.2999999523162842
2025-08-26,1.2999999523162842
2025-08-27,1.2949999570846558
2025-08-28,1.2899999618530273
2025-08-29,1.2799999713897705
2025-09-01,1.2350000143051147
2025-09-02,1.274999976158142
2025-09-03,1.25
2025-09-04,1.2699999809265137
2025-09-05,1.25
2025-09-08,1.2599999904632568
2025-09-09,1.2350000143051147
2025-09-10,1.215000033378601
2025-09-11,1.2200000286102295
2025-09-12,1.2200000286102295
2025-09-15,1.215000033378601
2025-09-16,1.215000033378601
2025-09-17,0.8500000238418579
2025-09-18,0.8949999809265137
2025-09-19,0.8949999809265137
2025-09-22,1.0399999618530273
2025-09-23,1.0199999809265137
2025-09-24,1.024999976158142
2025-09-25,1.0049999952316284
2025-09-26,0.9900000095367432
2025-09-29,1.0299999713897705
2025-09-30,1.0199999809265137
2025-10-01,1.065000057220459
2025-10-02,1.100000023841858
2025-10-03,1.1399999856948853
2025-10-06,1.1349999904632568
2025-10-07,1.2200000286102295
2025-10-08,1.2100000381469727
2025-10-09,1.1699999570846558
2025-10-10,1.149999976158142
2025-10-13,1.1200000047683716
2025-10-14,1.149999976158142
2025-10-15,1.2200000286102295
2025-10-16,1.2799999713897705
2025-10-17,1.2000000476837158
2025-10-20,1.2200000286102295
2025-10-21,1.2400000095367432
2025-10-22,1.2450000047683716
2025-10-23,1.215000033378601
2025-10-24,1.1950000524520874
2025-10-27,1.2200000286102295
2025-10-28,1.2000000476837158
2025-10-29,1.2000000476837158
2025-10-30,1.184999942779541
2025-10-31,1.2599999904632568
2025-11-03,1.2200000286102295
2025-11-04,1.1799999475479126
2025-11-05,1.1649999618530273
2025-11-06,1.1649999618530273
2025-11-07,1.1649999618530273
2025-11-10,1.184999942779541
2025-11-11,1.184999942779541
2025-11-12,1.190000057220459
2025-11-13,1.3200000524520874
2025-11-14,1.3700000047683716
2025-11-17,1.2999999523162842
2025-11-18,1.2599999904632568
2025-11-19,1.3650000095367432
2025-11-20,1.375
2025-11-21,1.3799999952316284
2025-11-24,1.4049999713897705
2025-11-25,1.4700000286102295
2025-11-26,1.4850000143051147
2025-11-27,1.534999966621399
2025-11-28,1.600000023841858
2025-12-01,1.465000033378601
2025-12-02,1.534999966621399
2025-12-03,1.4700000286102295
2025-12-04,1.5
2025-12-05,1.4850000143051147
2025-12-08,1.5099999904632568
2025-12-09,1.4900000095367432
2025-12-10,1.534999966621399
2025-12-11,1.524999976158142
2025-12-12,1.465000033378601
2025-12-15,1.465000033378601
2025-12-16,1.4900000095367432
2025-12-17,1.4500000476837158
2025-12-18,1.4850000143051147
2025-12-19,1.5
2025-12-22,1.5099999904632568
2025-12-23,1.559999942779541
2025-12-24,1.7000000476837158
2025-12-29,1.7100000381469727
2025-12-30,1.6399999856948853
2025-12-31,1.6549999713897705
2026-01-02,1.6549999713897705
2026-01-05,1.684999942779541
2026-01-06,1.6699999570846558
2026-01-07,1.684999942779541
2026-01-08,1.6950000524520874
2026-01-09,1.6799999475479126
2026-01-12,1.6399999856948853
2026-01-13,1.625
2026-01-14,1.6549999713897705
2026-01-15,1.7050000429153442
2026-01-16,1.7400000095367432
2026-01-19,1.690000057220459
2026-01-20,1.6799999475479126
2026-01-21,1.7050000429153442
2026-01-22,1.6649999618530273
2026-01-23,1.684999942779541
2026-01-27,1.6210930347442627
2026-01-28,1.6210930347442627
2026-01-29,1.582031011581421
2026-01-30,1.5625
2026-02-02,1.5625
2026-02-03,1.5625
2026-02-04,1.5099999904632568
2026-02-05,1.4950000047683716
2026-02-06,1.5
2026-02-09,1.4950000047683716
2026-02-10,1.4800000190734863
2026-02-11,1.4950000047683716
2026-02-12,1.4800000190734863
2026-02-13,1.5149999856948853
2026-02-16,1.5049999952316284
2026-02-17,1.4900000095367432
2026-02-18,1.5
2026-02-19,1.4900000095367432
2026-02-20,1.5
2026-02-23,1.5
2026-02-24,1.4900000095367432
2026-02-25,1.4950000047683716
2026-02-26,1.4950000047683716
2026-02-27,1.5049999952316284
2026-03-02,1.4950000047683716
2026-03-03,1.4850000143051147
2026-03-04,1.4700000286102295
2026-03-05,1.4850000143051147
2026-03-06,1.5
2026-03-09,1.4800000190734863
2026-03-10,1.4700000286102295
2026-03-11,1.4950000047683716
2026-03-12,1.4550000429153442
2026-03-13,1.4149999618530273
2026-03-16,1.399999976158142
2026-03-17,1.3650000095367432
2026-03-18,1.3949999809265137
2026-03-19,1.3650000095367432
2026-03-20,1.3300000429153442
2026-03-23,1.2000000476837158
2026-03-24,1.1799999475479126
2026-03-25,1.2200000286102295
2026-03-26,1.1699999570846558
2026-03-27,1.100000023841858
2026-03-30,1.1150000095367432
2026-03-31,1.100000023841858
2026-04-01,1.1649999618530273
2026-04-02,1.1150000095367432
2026-04-07,1.065000057220459
2026-04-08,1.159999966621399
2026-04-09,1.1150000095367432
2026-04-10,1.1749999523162842
2026-04-13,1.1449999809265137
2026-04-14,1.149999976158142
2026-04-15,1.2100000381469727
2026-04-16,1.2300000190734863
2026-04-17,1.2799999713897705
2026-04-20,1.2999999523162842
2026-04-21,1.2999999523162842
2026-04-22,1.284999966621399
2026-04-23,1.2899999618530273
2026-04-24,1.2949999570846558
2026-04-27,1.309999942779541
2026-04-28,1.3049999475479126
2026-04-29,1.3200000524520874
2026-04-30,1.2599999904632568
2026-05-01,1.225000023841858
2026-05-04,1.2050000429153442
2026-05-05,1.1699999570846558
2026-05-06,1.1649999618530273
2026-05-07,1.1799999475479126
2026-05-08,1.2300000190734863
2026-05-11,1.2649999856948853
2026-05-12,1.3350000381469727
2026-05-13,1.440000057220459
2026-05-14,1.4450000524520874
2026-05-15,1.4299999475479126
2026-05-18,1.3250000476837158
2026-05-19,1.3200000524520874
2026-05-20,1.2899999618530273
2026-05-21,1.3049999475479126
2026-05-22,1.3600000143051147
2026-05-25,1.340000033378601
2026-05-26,1.3799999952316284
2026-05-27,1.409999966621399
2026-05-28,1.3899999856948853
2026-05-29,1.350000023841858
2026-06-01,1.3350000381469727
2026-06-02,1.3200000524520874
2026-06-03,1.274999976158142
2026-06-04,1.2699999809265137
2026-06-05,1.2350000143051147
2026-06-09,1.1950000524520874
2026-06-10,1.159999966621399
2026-06-11,1.1799999475479126
2026-06-12,1.2200000286102295
2026-06-15,1.215000033378601
2026-06-16,1.2699999809265137
2026-06-17,1.3350000381469727
2026-06-18,1.4450000524520874
2026-06-19,1.5199999809265137
2026-06-22,1.524999976158142
2026-06-23,1.559999942779541
2026-06-24,1.5399999618530273
2026-06-25,1.534999966621399
2026-06-26,1.534999966621399
2026-06-29,1.649999976158142
2026-06-30,1.684999942779541
2026-07-01,1.6799999475479126
2026-07-02,1.6150000095367432
2026-07-03,1.534999966621399
2026-07-06,1.5549999475479126
2026-07-07,1.534999966621399
2026-07-08,1.559999942779541
2026-07-09,1.524999976158142
2026-07-10,1.5549999475479126
2026-07-13,1.5499999523162842
2026-07-14,1.5149999856948853
2026-07-15,1.6150000095367432
2026-07-16,1.6699999570846558
2026-07-17,1.6100000143051147
2026-07-20,1.6150000095367432
2026-07-21,1.625
2026-07-22,1.6050000190734863
2026-07-23,1.6749999523162842
2026-07-24,1.659999966621399
2026-07-27,1.6950000524520874
2026-07-28,1.625
2026-07-29,1.625
2026-07-30,1.6749999523162842
2026-07-31,1.7000000476837158
2026-08-03,1.8200000524520874
2026-08-04,1.9950000047683716
2026-08-05,2.0999999046325684
2026-08-06,2.130000114440918
2026-08-07,2.0399999618530273
2026-08-10,2.0899999141693115
2026-08-11,2.140000104904175
2026-08-12,2.190000057220459
2026-08-13,2.1500000953674316
2026-08-14,2.140000104904175
2026-08-17,2.130000114440918
2026-08-18,2.140000104904175
2026-08-19,2.1500000953674316
2026-08-20,2.200000047683716
2026-08-21,2.069999933242798
2026-08-24,2.0999999046325684
2026-08-25,2.0799999237060547
2026-08-26,2.1700000762939453
2026-08-27,2.259999990463257
2026-08-28,2.25
