Date,close
2005-04-18,1.357079029083252
2005-04-19,1.486324667930603
2005-04-20,1.5509471893310547
2005-04-21,1.5315604209899902
2005-04-22,1.5509471893310547
2005-04-26,1.557409644126892
2005-04-27,1.5509471893310547
2005-04-28,1.5509471893310547
2005-04-29,1.518635869026184
2005-05-02,1.518635869026184
2005-05-03,1.4992488622665405
2005-05-04,1.4604754447937012
2005-05-05,1.4217020273208618
2005-05-06,1.4346266984939575
2005-05-09,1.4346266984939575
2005-05-10,1.4410887956619263
2005-05-11,1.4669374227523804
2005-05-12,1.4669374227523804
2005-05-13,1.4927871227264404
2005-05-16,1.4927871227264404
2005-05-17,1.5057114362716675
2005-05-18,1.4992488622665405
2005-05-19,1.518635869026184
2005-05-20,1.4540127515792847
2005-05-23,1.4927871227264404
2005-05-24,1.518635869026184
2005-05-25,1.5509471893310547
2005-05-26,1.5509471893310547
2005-05-27,1.5315604209899902
2005-05-30,1.518635869026184
2005-05-31,1.5509471893310547
2005-06-01,1.518635869026184
2005-06-02,1.5509471893310547
2005-06-03,1.5250977277755737
2005-06-06,1.557409644126892
2005-06-07,1.5897209644317627
2005-06-08,1.5703346729278564
2005-06-09,1.6026452779769897
2005-06-10,1.6091082096099854
2005-06-14,1.557409644126892
2005-06-15,1.5509471893310547
2005-06-16,1.5509471893310547
2005-06-17,1.5509471893310547
2005-06-20,1.518635869026184
2005-06-21,1.518635869026184
2005-06-22,1.518635869026184
2005-06-23,1.5509471893310547
2005-06-24,1.518635869026184
2005-06-27,1.5121731758117676
2005-06-28,1.5121731758117676
2005-06-29,1.4927871227264404
2005-06-30,1.538022756576538
2005-07-01,1.486324667930603
2005-07-04,1.4927871227264404
2005-07-05,1.4992488622665405
2005-07-06,1.486324667930603
2005-07-07,1.486324667930603
2005-07-08,1.5057114362716675
2005-07-11,1.4992488622665405
2005-07-12,1.5250977277755737
2005-07-13,1.544485092163086
2005-07-14,1.5057114362716675
2005-07-15,1.538022756576538
2005-07-18,1.5509471893310547
2005-07-19,1.5638718605041504
2005-07-20,1.5703346729278564
2005-07-21,1.5832586288452148
2005-07-22,1.5832586288452148
2005-07-25,1.5832586288452148
2005-07-26,1.5961833000183105
2005-07-27,1.6026452779769897
2005-07-28,1.6091082096099854
2005-07-29,1.6284946203231812
2005-08-01,1.6672686338424683
2005-08-02,1.6737303733825684
2005-08-03,1.6543437242507935
2005-08-04,1.647881031036377
2005-08-05,1.6026452779769897
2005-08-08,1.5897209644317627
2005-08-09,1.557409644126892
2005-08-10,1.5832586288452148
2005-08-11,1.6414189338684082
2005-08-12,1.6414189338684082
2005-08-15,1.5961833000183105
2005-08-16,1.6414189338684082
2005-08-17,1.6155701875686646
2005-08-18,1.6155701875686646
2005-08-19,1.6155701875686646
2005-08-22,1.647881031036377
2005-08-23,1.660806655883789
2005-08-24,1.660806655883789
2005-08-25,1.6672686338424683
2005-08-26,1.647881031036377
2005-08-29,1.647881031036377
2005-08-30,1.6672686338424683
2005-08-31,1.6866546869277954
2005-09-01,1.7448155879974365
2005-09-02,1.7512773275375366
2005-09-05,1.7771270275115967
2005-09-06,1.8094381093978882
2005-09-07,1.8288246393203735
2005-09-08,1.8094381093978882
2005-09-09,1.8159005641937256
2005-09-12,1.893725037574768
2005-09-13,1.9002101421356201
2005-09-14,1.8807547092437744
2005-09-15,1.8807547092437744
2005-09-16,1.7640177011489868
2005-09-19,1.7769885063171387
2005-09-20,1.7899593114852905
2005-09-21,1.8159005641937256
2005-09-22,1.8418418169021606
2005-09-23,1.7964451313018799
2005-09-26,1.8353562355041504
2005-09-27,1.854812741279602
2005-09-28,1.9196666479110718
2005-09-29,1.9196666479110718
2005-09-30,1.9131814241409302
2005-10-03,1.887239933013916
2005-10-04,1.887239933013916
2005-10-05,1.854812741279602
2005-10-06,1.8288716077804565
2005-10-07,1.8418418169021606
2005-10-10,1.8223857879638672
2005-10-11,1.8418418169021606
2005-10-12,1.8807547092437744
2005-10-13,1.8159005641937256
2005-10-14,1.8353562355041504
2005-10-17,1.8223857879638672
2005-10-18,1.848327398300171
2005-10-19,1.8159005641937256
2005-10-20,1.783474087715149
2005-10-21,1.7380766868591309
2005-10-24,1.8094147443771362
2005-10-25,1.8029301166534424
2005-10-26,1.8159005641937256
2005-10-27,1.783474087715149
2005-10-28,1.770503044128418
2005-10-31,1.8418418169021606
2005-11-01,1.8094147443771362
2005-11-02,1.783474087715149
2005-11-03,1.7964451313018799
2005-11-04,1.8094147443771362
2005-11-07,1.7964451313018799
2005-11-08,1.8353562355041504
2005-11-09,1.8288716077804565
2005-11-10,1.854812741279602
2005-11-11,1.8288716077804565
2005-11-14,1.8742692470550537
2005-11-15,1.8742692470550537
2005-11-16,1.8677839040756226
2005-11-17,1.8807547092437744
2005-11-18,1.9066957235336304
2005-11-21,1.9261518716812134
2005-11-22,1.9066957235336304
2005-11-23,1.9066957235336304
2005-11-24,1.9196666479110718
2005-11-25,1.9196666479110718
2005-11-28,1.9326369762420654
2005-11-29,1.9650636911392212
2005-11-30,2.0428884029388428
2005-12-01,1.9845200777053833
2005-12-02,2.0039761066436768
2005-12-05,1.997490644454956
2005-12-06,2.0104615688323975
2005-12-07,1.997490644454956
2005-12-08,1.9910048246383667
2005-12-09,1.958579182624817
2005-12-12,1.9910048246383667
2005-12-13,1.9780348539352417
2005-12-14,1.939122200012207
2005-12-15,1.945608377456665
2005-12-16,1.9326369762420654
2005-12-19,1.9131814241409302
2005-12-20,1.9131814241409302
2005-12-21,1.939122200012207
2005-12-22,1.9326369762420654
2005-12-23,1.945608377456665
2005-12-28,1.9910048246383667
2005-12-29,1.997490644454956
2005-12-30,1.958579182624817
2006-01-03,2.0104615688323975
2006-01-04,2.0234317779541016
2006-01-05,2.0428884029388428
2006-01-06,2.0817999839782715
2006-01-09,2.1596248149871826
2006-01-10,2.1207125186920166
2006-01-11,2.2439346313476562
2006-01-12,2.230964422225952
2006-01-13,2.172595500946045
2006-01-16,2.2569050788879395
2006-01-17,2.2828469276428223
2006-01-18,2.2050223350524902
2006-01-19,2.269876003265381
2006-01-20,2.269876003265381
2006-01-23,2.250419855117798
2006-01-24,2.2958178520202637
2006-01-25,2.360670804977417
2006-01-27,2.399583101272583
2006-01-30,2.5033485889434814
2006-01-31,2.49037766456604
2006-02-01,2.4060683250427246
2006-02-02,2.4060683250427246
2006-02-03,2.3671560287475586
2006-02-06,2.4255247116088867
2006-02-07,2.4774081707000732
2006-02-08,2.341214179992676
2006-02-09,2.3671560287475586
2006-02-10,2.3671560287475586
2006-02-13,2.4255247116088867
2006-02-14,2.3671560287475586
2006-02-15,2.3866121768951416
2006-02-16,2.393097400665283
2006-02-17,2.393097400665283
2006-02-20,2.43200945854187
2006-02-21,2.5617172718048096
2006-02-22,2.553206443786621
2006-02-23,2.5990335941314697
2006-02-24,2.651407480239868
2006-02-27,2.743060827255249
2006-02-28,2.7037806510925293
2006-03-01,2.6186728477478027
2006-03-02,2.612126588821411
2006-03-03,2.58594012260437
2006-03-06,2.553206443786621
2006-03-07,2.58594012260437
2006-03-08,2.553206443786621
2006-03-09,2.6317672729492188
2006-03-10,2.59248685836792
2006-03-13,2.553206443786621
2006-03-14,2.579392910003662
2006-03-15,2.579392910003662
2006-03-16,2.612126588821411
2006-03-17,2.6055798530578613
2006-03-20,2.6055798530578613
2006-03-21,2.6055798530578613
2006-03-22,2.579392910003662
2006-03-23,2.58594012260437
2006-03-24,2.612126588821411
2006-03-27,2.6186728477478027
2006-03-28,2.6186728477478027
2006-03-29,2.6055798530578613
2006-03-30,2.612126588821411
2006-03-31,2.612126588821411
2006-04-03,2.612126588821411
2006-04-04,2.5401134490966797
2006-04-05,2.5990335941314697
2006-04-06,2.5990335941314697
2006-04-07,2.6055798530578613
2006-04-10,2.612126588821411
2006-04-11,2.6186728477478027
2006-04-12,2.58594012260437
2006-04-13,2.5073800086975098
2006-04-18,2.5990335941314697
2006-04-19,2.5335657596588135
2006-04-20,2.52701997756958
2006-04-21,2.5139260292053223
2006-04-24,2.500833034515381
2006-04-26,2.5728468894958496
2006-04-27,2.58594012260437
2006-04-28,2.5990335941314697
2006-05-01,2.5990335941314697
2006-05-02,2.6055798530578613
2006-05-03,2.795433282852173
2006-05-04,2.8347136974334717
2006-05-05,2.86090087890625
2006-05-08,2.8674471378326416
2006-05-09,2.913273811340332
2006-05-10,2.972193956375122
2006-05-11,3.037660837173462
2006-05-12,3.0769410133361816
2006-05-15,3.1031272411346436
2006-05-16,3.1031272411346436
2006-05-17,3.116220474243164
2006-05-18,3.0114738941192627
2006-05-19,3.0180206298828125
2006-05-22,3.0245678424835205
2006-05-23,3.031114101409912
2006-05-24,2.913273811340332
2006-05-25,2.7299673557281494
2006-05-26,2.8739936351776123
2006-05-29,2.9329144954681396
2006-05-30,2.9983808994293213
2006-05-31,3.0114738941192627
2006-06-01,3.031114101409912
2006-06-02,3.070394515991211
2006-06-05,3.0442075729370117
2006-06-06,3.0507543087005615
2006-06-07,3.1096749305725098
2006-06-08,2.8805410861968994
2006-06-09,2.9460079669952393
2006-06-13,2.9918339252471924
2006-06-14,3.00492787361145
2006-06-15,3.063847303390503
2006-06-16,3.070394515991211
2006-06-19,3.0769410133361816
2006-06-20,3.1751413345336914
2006-06-21,3.240607976913452
2006-06-22,3.3322622776031494
2006-06-23,3.2078747749328613
2006-06-26,3.1424081325531006
2006-06-27,3.3060760498046875
2006-06-28,3.266794204711914
2006-06-29,3.384634256362915
2006-06-30,3.5024757385253906
2006-07-03,3.489382266998291
2006-07-04,3.43700909614563
2006-07-05,3.384634256362915
2006-07-06,3.4697415828704834
2006-07-07,3.5352096557617188
2006-07-10,3.4697415828704834
2006-07-11,3.600675582885742
2006-07-12,3.522116184234619
2006-07-13,3.5024757385253906
2006-07-14,3.3060760498046875
2006-07-17,3.188234567642212
2006-07-18,3.1751413345336914
2006-07-19,3.214421272277832
2006-07-20,3.2537012100219727
2006-07-21,3.273340940475464
2006-07-24,3.2209694385528564
2006-07-25,3.260248899459839
2006-07-26,3.1555004119873047
2006-07-27,3.1685941219329834
2006-07-28,3.090034246444702
2006-07-31,3.0769410133361816
2006-08-01,2.985287666320801
2006-08-02,2.9591009616851807
2006-08-03,3.0769410133361816
2006-08-04,3.0180206298828125
2006-08-07,2.985287666320801
2006-08-08,3.0114738941192627
2006-08-09,2.9460079669952393
2006-08-10,2.9460079669952393
2006-08-11,2.939460277557373
2006-08-14,2.9591009616851807
2006-08-15,2.8805410861968994
2006-08-16,2.939460277557373
2006-08-17,2.939460277557373
2006-08-18,2.9460079669952393
2006-08-21,3.1424081325531006
2006-08-22,3.2340619564056396
2006-08-23,3.2929821014404297
2006-08-24,3.2209694385528564
2006-08-25,3.3060760498046875
2006-08-28,3.3060760498046875
2006-08-29,3.3519022464752197
2006-08-30,3.3649957180023193
2006-08-31,3.4173688888549805
2006-09-01,3.4108221530914307
2006-09-04,3.43046236038208
2006-09-05,3.43700909614563
2006-09-06,3.391181707382202
2006-09-07,3.3649957180023193
2006-09-08,3.3584489822387695
2006-09-11,3.390169382095337
2006-09-12,3.2117390632629395
2006-09-13,3.2976491451263428
2006-09-14,3.2778244018554688
2006-09-15,3.2910425662994385
2006-09-18,3.2976491451263428
2006-09-19,3.2579987049102783
2006-09-20,3.330692768096924
2006-09-21,3.2579987049102783
2006-09-22,3.185304641723633
2006-09-25,3.238173484802246
2006-09-26,3.317476511001587
2006-09-27,3.3571269512176514
2006-09-28,3.317476511001587
2006-09-29,3.3373019695281982
2006-10-02,3.390169382095337
2006-10-03,3.3505189418792725
2006-10-04,3.3373019695281982
2006-10-05,3.3373019695281982
2006-10-06,3.3373019695281982
2006-10-09,3.304257869720459
2006-10-10,3.2712156772613525
2006-10-11,3.2579987049102783
2006-10-12,3.238173484802246
2006-10-13,3.2712156772613525
2006-10-16,3.23156476020813
2006-10-17,3.2051308155059814
2006-10-18,3.224956512451172
2006-10-19,3.2051308155059814
2006-10-20,3.2117390632629395
2006-10-23,3.304257869720459
2006-10-24,3.324084520339966
2006-10-25,3.4298200607299805
2006-10-26,3.4364280700683594
2006-10-27,3.4364280700683594
2006-10-30,3.4298200607299805
2006-10-31,3.5157320499420166
2006-11-01,3.55538272857666
2006-11-02,3.476079225540161
2006-11-03,3.5025136470794678
2006-11-06,3.542165517807007
2006-11-07,3.661119222640991
2006-11-08,3.680943250656128
2006-11-09,3.5685997009277344
2006-11-10,3.5685997009277344
2006-11-13,3.548774003982544
2006-11-14,3.55538272857666
2006-11-15,3.509122610092163
2006-11-16,3.476079225540161
2006-11-17,3.495905637741089
2006-11-20,3.403386354446411
2006-11-21,3.456254482269287
2006-11-22,3.5752079486846924
2006-11-23,3.5884251594543457
2006-11-24,3.654510259628296
2006-11-27,3.713987112045288
2006-11-28,3.7338125705718994
2006-11-29,3.694162130355835
2006-11-30,3.720595121383667
2006-12-01,3.720595121383667
2006-12-04,3.7800705432891846
2006-12-05,3.7668545246124268
2006-12-06,3.8065061569213867
2006-12-07,3.7932889461517334
2006-12-08,3.7536380290985107
2006-12-11,3.7800705432891846
2006-12-12,3.7998976707458496
2006-12-13,3.727203369140625
2006-12-14,3.7007694244384766
2006-12-15,3.694162130355835
2006-12-18,3.680943250656128
2006-12-19,3.667726516723633
2006-12-20,3.786679983139038
2006-12-21,3.819722890853882
2006-12-22,3.7998976707458496
2006-12-27,3.8659825325012207
2006-12-28,3.8858096599578857
2006-12-29,3.8858096599578857
2007-01-02,3.879199981689453
2007-01-03,3.7668545246124268
2007-01-04,3.720595121383667
2007-01-05,3.694162130355835
2007-01-08,3.667726516723633
2007-01-09,3.7536380290985107
2007-01-10,3.694162130355835
2007-01-11,3.7602460384368896
2007-01-12,3.740419626235962
2007-01-15,3.7602460384368896
2007-01-16,3.8395473957061768
2007-01-17,3.8065061569213867
2007-01-18,3.8858096599578857
2007-01-19,3.9452850818634033
2007-01-22,3.9585018157958984
2007-01-23,3.9717180728912354
2007-01-24,4.037805080413818
2007-01-25,4.123715877532959
2007-01-29,4.209626197814941
2007-01-30,4.222841739654541
2007-01-31,4.150147914886475
2007-02-01,4.1897993087768555
2007-02-02,4.103888511657715
2007-02-05,4.077455997467041
2007-02-06,4.163366794586182
2007-02-07,4.0972819328308105
2007-02-08,4.110497951507568
2007-02-09,4.163366794586182
2007-02-12,4.176583290100098
2007-02-13,4.566485404968262
2007-02-14,4.692047595977783
2007-02-15,4.7581329345703125
2007-02-16,4.7581329345703125
2007-02-19,4.82421875
2007-02-20,4.804392337799072
2007-02-21,4.949779033660889
2007-02-22,5.209592819213867
2007-02-23,5.116325378417969
2007-02-26,5.196269989013672
2007-02-27,5.096341133117676
2007-02-28,4.896485328674316
2007-03-01,4.9697651863098145
2007-03-02,4.996413230895996
2007-03-05,4.836528778076172
2007-03-06,5.182945728302002
2007-03-07,5.003075122833252
2007-03-08,5.156297206878662
2007-03-09,5.12965202331543
2007-03-12,5.063031196594238
2007-03-13,5.12965202331543
2007-03-14,5.12965202331543
2007-03-15,5.076356410980225
2007-03-16,4.936456203460693
2007-03-19,5.003075122833252
2007-03-20,4.989750862121582
2007-03-21,5.009736061096191
2007-03-22,5.063031196594238
2007-03-23,4.956441879272461
2007-03-26,4.983088493347168
2007-03-27,4.9031476974487305
2007-03-28,4.709951400756836
2007-03-29,4.79655647277832
2007-03-30,4.79655647277832
2007-04-02,4.79655647277832
2007-04-03,4.883160591125488
2007-04-04,4.929794788360596
2007-04-05,4.8565144538879395
2007-04-10,4.929794788360596
2007-04-11,5.016397476196289
2007-04-12,5.063031196594238
2007-04-13,4.896485328674316
2007-04-16,4.963102340698242
2007-04-17,4.916470527648926
2007-04-18,5.003075122833252
2007-04-19,4.923132419586182
2007-04-20,4.929794788360596
2007-04-23,4.943118095397949
2007-04-24,4.883160591125488
2007-04-26,4.943118095397949
2007-04-27,4.849852085113525
2007-04-30,4.923132419586182
2007-05-01,4.923132419586182
2007-05-02,4.943118095397949
2007-05-03,4.963102340698242
2007-05-04,5.029721736907959
2007-05-07,4.963102340698242
2007-05-08,4.883160591125488
2007-05-09,4.929794788360596
2007-05-10,4.983088493347168
2007-05-11,4.963102340698242
2007-05-14,5.029721736907959
2007-05-15,5.043046951293945
2007-05-16,4.956441879272461
2007-05-17,4.936456203460693
2007-05-18,4.9031476974487305
2007-05-21,4.936456203460693
2007-05-22,4.9031476974487305
2007-05-23,4.9031476974487305
2007-05-24,4.929794788360596
2007-05-25,4.9697651863098145
2007-05-28,4.996413230895996
2007-05-29,4.769908428192139
2007-05-30,4.729936599731445
2007-05-31,4.816542148590088
2007-06-01,4.79655647277832
2007-06-04,4.79655647277832
2007-06-05,4.923132419586182
2007-06-06,4.976426124572754
2007-06-07,4.929794788360596
2007-06-08,4.8298659324646
2007-06-12,4.8298659324646
2007-06-13,4.79655647277832
2007-06-14,4.836528778076172
2007-06-15,4.803217887878418
2007-06-18,4.836528778076172
2007-06-19,4.863174915313721
2007-06-20,4.869837284088135
2007-06-21,4.896485328674316
2007-06-22,4.929794788360596
2007-06-25,4.949780464172363
2007-06-26,4.876499176025391
2007-06-27,4.823204040527344
2007-06-28,4.876499176025391
2007-06-29,4.916470527648926
2007-07-02,5.036383152008057
2007-07-03,5.162960052490234
2007-07-04,5.196269989013672
2007-07-05,5.169622898101807
2007-07-06,5.196269989013672
2007-07-09,5.182945728302002
2007-07-10,5.3161821365356445
2007-07-11,5.502716064453125
2007-07-12,5.436096668243408
2007-07-13,5.595981597900391
2007-07-16,5.742544651031494
2007-07-17,5.735881328582764
2007-07-18,5.795839309692383
2007-07-19,5.8291473388671875
2007-07-20,5.815824508666992
2007-07-23,5.695911407470703
2007-07-24,5.855794906616211
2007-07-25,5.8025007247924805
2007-07-26,5.815824508666992
2007-07-27,5.642616271972656
2007-07-30,5.655939102172852
2007-07-31,5.615966796875
2007-08-01,5.489393711090088
2007-08-02,5.602644920349121
2007-08-03,5.675925254821777
2007-08-06,5.462745189666748
2007-08-07,5.5093793869018555
2007-08-08,5.429435729980469
2007-08-09,5.629292011260986
2007-08-10,5.2429022789001465
2007-08-13,5.182945728302002
2007-08-14,5.162960052490234
2007-08-15,4.929794788360596
2007-08-16,4.8565144538879395
2007-08-17,4.703289985656738
2007-08-20,4.989750862121582
2007-08-21,4.9697651863098145
2007-08-22,5.282873630523682
2007-08-23,5.442760467529297
2007-08-24,5.449420928955078
2007-08-27,5.595981597900391
2007-08-28,5.595981597900391
2007-08-29,5.496053695678711
2007-08-30,5.456082820892334
2007-08-31,5.462745189666748
2007-09-03,5.562673091888428
2007-09-04,5.536027431488037
2007-09-05,5.502716064453125
2007-09-06,5.755867958068848
2007-09-07,5.729219913482666
2007-09-10,5.841479301452637
2007-09-11,5.98264217376709
2007-09-12,6.0700297355651855
2007-09-13,6.022975444793701
2007-09-14,6.177583694458008
2007-09-17,6.049863338470459
2007-09-18,5.84820032119751
2007-09-19,5.975920677185059
2007-09-20,5.915421485900879
2007-09-21,5.881810665130615
2007-09-24,5.888533592224121
2007-09-25,5.881810665130615
2007-09-26,5.969198703765869
2007-09-27,5.969198703765869
2007-09-28,6.123805046081543
2007-10-01,6.137249946594238
2007-10-02,6.170860767364502
2007-10-03,5.895256042480469
2007-10-04,5.84820032119751
2007-10-05,5.861644744873047
2007-10-08,5.8078694343566895
2007-10-09,5.888533592224121
2007-10-10,5.9019775390625
2007-10-11,5.747370719909668
2007-10-12,5.861644744873047
2007-10-15,5.834757328033447
2007-10-16,5.774257659912109
2007-10-17,5.84820032119751
2007-10-18,6.002806663513184
2007-10-19,5.98264217376709
2007-10-22,5.841479301452637
2007-10-23,5.814589977264404
2007-10-24,5.915421485900879
2007-10-25,5.942310333251953
2007-10-26,5.98264217376709
2007-10-29,5.989364147186279
2007-10-30,6.150693893432617
2007-10-31,6.244802474975586
2007-11-01,6.291855812072754
2007-11-02,6.150693893432617
2007-11-05,5.935586452484131
2007-11-06,5.949031352996826
2007-11-07,6.18430233001709
2007-11-08,5.84820032119751
2007-11-09,5.4583210945129395
2007-11-12,5.5120978355407715
2007-11-13,5.538985252380371
2007-11-14,5.599483966827393
2007-11-15,5.619649887084961
2007-11-16,5.465043067932129
2007-11-19,5.579319477081299
2007-11-20,5.45159912109375
2007-11-21,5.290269374847412
2007-11-22,5.182715892791748
2007-11-23,5.3911004066467285
2007-11-26,5.303712844848633
2007-11-27,5.296990871429443
2007-11-28,5.249936580657959
2007-11-29,5.296990871429443
2007-11-30,5.3104352951049805
2007-12-03,5.525541305541992
2007-12-04,5.532262802124023
2007-12-05,5.545707702636719
2007-12-06,5.612928867340088
2007-12-07,5.8078694343566895
2007-12-10,5.7272047996521
2007-12-11,5.686870574951172
2007-12-12,5.841479301452637
2007-12-13,5.639816761016846
2007-12-14,5.438154220581055
2007-12-17,5.323880672454834
2007-12-18,5.263380527496338
2007-12-19,5.2432146072387695
2007-12-20,5.2835469245910645
2007-12-21,5.323880672454834
2007-12-24,5.444877624511719
2007-12-27,5.384378910064697
2007-12-28,5.384378910064697
2007-12-31,5.377655506134033
2008-01-02,5.565873622894287
2008-01-03,5.545707702636719
2008-01-04,5.5120978355407715
2008-01-07,5.411266803741455
2008-01-08,5.364211559295654
2008-01-09,5.169270992279053
2008-01-10,4.987775802612305
2008-01-11,4.792836666107178
2008-01-14,4.732337474822998
2008-01-15,4.799558162689209
2008-01-16,4.685283184051514
2008-01-17,4.597896099090576
2008-01-18,4.476898193359375
2008-01-21,4.80627965927124
2008-01-22,3.959298849105835
2008-01-23,4.1945719718933105
2008-01-24,4.382789134979248
2008-01-25,4.503787517547607
2008-01-29,4.3760666847229
2008-01-30,4.349178791046143
2008-01-31,4.1945719718933105
2008-02-01,4.39623498916626
2008-02-04,4.503787517547607
2008-02-05,4.39623498916626
2008-02-06,4.18112850189209
2008-02-07,4.228182792663574
2008-02-08,4.275237560272217
2008-02-11,4.3155694007873535
2008-02-12,4.1945719718933105
2008-02-13,4.1676836013793945
2008-02-14,4.302124977111816
2008-02-15,4.18112850189209
2008-02-18,4.14079475402832
2008-02-19,4.362623691558838
2008-02-20,4.3357343673706055
2008-02-21,4.550841331481934
2008-02-22,4.463454723358154
2008-02-25,4.461410999298096
2008-02-26,4.584014415740967
2008-02-27,4.6453166007995605
2008-02-28,4.5227131843566895
2008-02-29,4.481844425201416
2008-03-03,4.263883590698242
2008-03-04,4.413731575012207
2008-03-05,4.243448257446289
2008-03-06,4.366052627563477
2008-03-07,4.420543670654297
2008-03-10,4.291129112243652
2008-03-11,4.359241962432861
2008-03-12,4.20939302444458
2008-03-13,4.018675327301025
2008-03-14,3.8211464881896973
2008-03-17,3.7189781665802
2008-03-18,3.889260768890381
2008-03-19,3.8960721492767334
2008-03-20,3.650865316390991
2008-03-25,3.8143367767333984
2008-03-26,3.8552043437957764
2008-03-27,3.8143367767333984
2008-03-28,3.66448712348938
2008-03-31,3.6031856536865234
2008-04-01,3.732600688934326
2008-04-02,3.8211464881896973
2008-04-03,3.8824498653411865
2008-04-04,3.9028825759887695
2008-04-07,4.223015785217285
2008-04-08,4.059544086456299
2008-04-09,3.8756372928619385
2008-04-10,3.862015962600708
2008-04-11,3.841580390930176
2008-04-14,3.671298027038574
2008-04-15,3.7121658325195312
2008-04-16,3.6781094074249268
2008-04-17,3.8552043437957764
2008-04-18,3.705354928970337
2008-04-21,3.650865316390991
2008-04-22,3.494203805923462
2008-04-23,3.5078272819519043
2008-04-24,3.317110538482666
2008-04-28,3.3375444412231445
2008-04-29,3.364788770675659
2008-04-30,3.4056577682495117
2008-05-01,3.3375444412231445
2008-05-02,3.3375444412231445
2008-05-05,3.3511667251586914
2008-05-06,3.609996795654297
2008-05-07,3.753035068511963
2008-05-08,3.7462234497070312
2008-05-09,3.732600688934326
2008-05-12,3.705354928970337
2008-05-13,3.732600688934326
2008-05-14,3.7189781665802
2008-05-15,3.8143367767333984
2008-05-16,3.9778077602386475
2008-05-19,3.889260768890381
2008-05-20,4.01186466217041
2008-05-21,3.8211464881896973
2008-05-22,3.7870914936065674
2008-05-23,3.7870914936065674
2008-05-26,3.7189781665802
2008-05-27,3.6781094074249268
2008-05-28,3.732600688934326
2008-05-29,3.7121658325195312
2008-05-30,3.6985440254211426
2008-06-02,3.705354928970337
2008-06-03,3.66448712348938
2008-06-04,3.6985440254211426
2008-06-05,3.780278444290161
2008-06-06,3.705354928970337
2008-06-10,3.5555059909820557
2008-06-11,3.575941324234009
2008-06-12,3.4533371925354004
2008-06-13,3.5282609462738037
2008-06-16,3.5486953258514404
2008-06-17,3.6031856536865234
2008-06-18,3.6031856536865234
2008-06-19,3.4805827140808105
2008-06-20,3.439713478088379
2008-06-23,3.4737699031829834
2008-06-24,3.541884183883667
2008-06-25,3.589562177658081
2008-06-26,3.609996795654297
2008-06-27,3.4056577682495117
2008-06-30,3.4056577682495117
2008-07-01,3.4601476192474365
2008-07-02,3.3102996349334717
2008-07-03,3.317110538482666
2008-07-04,3.3988454341888428
2008-07-07,3.4124691486358643
2008-07-08,3.4533371925354004
2008-07-09,3.364788770675659
2008-07-10,3.3034873008728027
2008-07-11,3.289865493774414
2008-07-14,3.1468276977539062
2008-07-15,3.0991480350494385
2008-07-16,3.0446572303771973
2008-07-17,3.065091848373413
2008-07-18,3.0582802295684814
2008-07-21,3.1332035064697266
2008-07-22,3.2353737354278564
2008-07-23,3.364788770675659
2008-07-24,3.439713478088379
2008-07-25,3.371600389480591
2008-07-28,3.3920347690582275
2008-07-29,3.4056577682495117
2008-07-30,3.439713478088379
2008-07-31,3.4056577682495117
2008-08-01,3.3375444412231445
2008-08-04,3.2558088302612305
2008-08-05,3.27624249458313
2008-08-06,3.439713478088379
2008-08-07,3.4737699031829834
2008-08-08,3.4056577682495117
2008-08-11,3.4737699031829834
2008-08-12,3.4737699031829834
2008-08-13,3.4192800521850586
2008-08-14,3.426091432571411
2008-08-15,3.4669604301452637
2008-08-18,3.5623178482055664
2008-08-19,3.4601476192474365
2008-08-20,3.4465250968933105
2008-08-21,3.3784122467041016
2008-08-22,3.4329023361206055
2008-08-25,3.501016855239868
2008-08-26,3.5623178482055664
2008-08-27,3.5555059909820557
2008-08-28,3.5963752269744873
2008-08-29,3.589562177658081
2008-09-01,3.7462234497070312
2008-09-02,3.9165050983428955
2008-09-03,4.01186466217041
2008-09-04,4.079977512359619
2008-09-05,3.9982423782348633
2008-09-08,4.087615489959717
2008-09-09,3.810488700866699
2008-09-10,3.775846004486084
2008-09-11,3.7273499965667725
2008-09-12,3.7619917392730713
2008-09-15,3.6857824325561523
2008-09-16,3.5749318599700928
2008-09-17,3.630357027053833
2008-09-18,3.6026434898376465
2008-09-19,3.789703845977783
2008-09-22,3.858985424041748
2008-09-23,3.706566572189331
2008-09-24,3.6996383666992188
2008-09-25,3.7827768325805664
2008-09-26,3.8797707557678223
2008-09-29,3.7342779636383057
2008-09-30,3.5402896404266357
2008-10-01,3.7204227447509766
2008-10-02,3.775846004486084
2008-10-03,3.6719250679016113
2008-10-06,3.5402896404266357
2008-10-07,3.6649978160858154
2008-10-08,3.464080333709717
2008-10-09,3.4155826568603516
2008-10-10,3.1523139476776123
2008-10-13,3.2908759117126465
2008-10-14,3.2562360763549805
2008-10-15,3.2077388763427734
2008-10-16,2.847472906112671
2008-10-17,2.979109525680542
2008-10-20,2.986037254333496
2008-10-21,3.0691750049591064
2008-10-22,2.8751871585845947
2008-10-23,2.7019824981689453
2008-10-24,2.528778553009033
2008-10-27,2.5426347255706787
2008-10-28,2.2170119285583496
2008-10-29,2.161586046218872
2008-10-30,2.258580446243286
2008-10-31,2.2862939834594727
2008-11-03,2.452569007873535
2008-11-04,2.7019824981689453
2008-11-05,2.7019824981689453
2008-11-06,2.417928457260132
2008-11-07,2.279365062713623
2008-11-10,2.2377960681915283
2008-11-11,2.0853772163391113
2008-11-12,2.2170119285583496
2008-11-13,2.1269452571868896
2008-11-14,2.2170119285583496
2008-11-17,2.2862939834594727
2008-11-18,2.2170119285583496
2008-11-19,2.0784480571746826
2008-11-20,1.9398853778839111
2008-11-21,1.967597484588623
2008-11-24,2.036879301071167
2008-11-25,2.1269452571868896
2008-11-26,2.0230231285095215
2008-11-27,2.0022387504577637
2008-11-28,2.0230231285095215
2008-12-01,1.9745255708694458
2008-12-02,1.9398853778839111
2008-12-03,1.9953110218048096
2008-12-04,2.01609468460083
2008-12-05,2.120016574859619
2008-12-08,2.113088846206665
2008-12-09,2.01609468460083
2008-12-10,1.9329569339752197
2008-12-11,1.8428912162780762
2008-12-12,1.745896339416504
2008-12-15,1.9260286092758179
2008-12-16,1.9814541339874268
2008-12-17,2.0923047065734863
2008-12-18,1.9953110218048096
2008-12-19,1.9745255708694458
2008-12-22,1.8983162641525269
2008-12-23,2.057664155960083
2008-12-24,2.057664155960083
2008-12-29,2.120016574859619
2008-12-30,2.189298629760742
2008-12-31,2.189298629760742
2009-01-02,2.3070778846740723
2009-01-05,2.424856424331665
2009-01-06,2.3902153968811035
2009-01-07,2.424856424331665
2009-01-08,2.2516517639160156
2009-01-09,2.182370901107788
2009-01-12,2.0853772163391113
2009-01-13,2.120016574859619
2009-01-14,2.1685149669647217
2009-01-15,2.113088846206665
2009-01-16,2.0784480571746826
2009-01-19,2.0784480571746826
2009-01-20,2.0438077449798584
2009-01-21,2.0438077449798584
2009-01-22,2.154658555984497
2009-01-23,2.057664155960083
2009-01-27,2.0992326736450195
2009-01-28,2.161586046218872
2009-01-29,2.120016574859619
2009-01-30,2.0784480571746826
2009-02-02,2.0507357120513916
2009-02-03,2.0507357120513916
2009-02-04,2.0091676712036133
2009-02-05,1.8290345668792725
2009-02-06,1.7666804790496826
2009-02-09,1.8498191833496094
2009-02-10,1.8013217449188232
2009-02-11,1.7666804790496826
2009-02-12,1.8221067190170288
2009-02-13,1.8013217449188232
2009-02-16,1.7528247833251953
2009-02-17,1.6835428476333618
2009-02-18,1.5311236381530762
2009-02-19,1.5241954326629639
2009-02-20,1.5588362216949463
2009-02-23,1.5934767723083496
2009-02-24,1.4618418216705322
2009-02-25,1.7389683723449707
2009-02-26,1.7736092805862427
2009-02-27,1.8151785135269165
2009-03-02,1.7597527503967285
2009-03-03,1.7736092805862427
2009-03-04,1.7736092805862427
2009-03-05,1.7320401668548584
2009-03-06,1.6281180381774902
2009-03-09,1.6073330640792847
2009-03-10,1.4826266765594482
2009-03-11,1.6073330640792847
2009-03-12,1.6489020586013794
2009-03-13,1.7320401668548584
2009-03-16,1.7805378437042236
2009-03-17,1.8913884162902832
2009-03-18,2.0091676712036133
2009-03-19,2.0091676712036133
2009-03-20,1.9745255708694458
2009-03-23,1.9537409543991089
2009-03-24,2.0091676712036133
2009-03-25,1.9883822202682495
2009-03-26,1.9398853778839111
2009-03-27,2.0784480571746826
2009-03-30,1.9745255708694458
2009-03-31,1.9398853778839111
2009-04-01,1.9398853778839111
2009-04-02,1.9856537580490112
2009-04-03,2.105356216430664
2009-04-06,2.1123971939086914
2009-04-07,2.1123971939086914
2009-04-08,2.1264798641204834
2009-04-09,2.063108205795288
2009-04-14,2.20393443107605
2009-04-15,2.2320992946624756
2009-04-16,2.35884428024292
2009-04-17,2.2391409873962402
2009-04-20,2.189852714538574
2009-04-21,2.1264798641204834
2009-04-22,2.07719087600708
2009-04-23,2.07719087600708
2009-04-24,2.2250590324401855
2009-04-27,2.288431167602539
2009-04-28,2.387009859085083
2009-04-29,2.246182918548584
2009-04-30,2.3165955543518066
2009-05-01,2.394050359725952
2009-05-04,2.4433400630950928
2009-05-05,2.478546380996704
2009-05-06,2.4222161769866943
2009-05-07,2.689786434173584
2009-05-08,2.8024470806121826
2009-05-11,2.7883646488189697
2009-05-12,2.66162109375
2009-05-13,2.675703525543213
2009-05-14,2.5278360843658447
2009-05-15,2.5560009479522705
2009-05-18,2.492629051208496
2009-05-19,2.577125310897827
2009-05-20,2.52079439163208
2009-05-21,2.689786434173584
2009-05-22,2.73203444480896
2009-05-25,2.66162109375
2009-05-26,2.724992275238037
2009-05-27,2.73203444480896
2009-05-28,2.724992275238037
2009-05-29,2.8869431018829346
2009-06-01,3.006646156311035
2009-06-02,3.034811496734619
2009-06-03,3.0700175762176514
2009-06-04,3.0277698040008545
2009-06-05,3.0981829166412354
2009-06-09,3.0488944053649902
2009-06-10,3.006646156311035
2009-06-11,3.0277698040008545
2009-06-12,2.9221503734588623
2009-06-15,2.9291913509368896
2009-06-16,2.992563486099243
2009-06-17,2.8869431018829346
2009-06-18,2.9855213165283203
2009-06-19,3.0136871337890625
2009-06-22,2.9291913509368896
2009-06-23,2.7813236713409424
2009-06-24,2.7813236713409424
2009-06-25,2.774282217025757
2009-06-26,2.8517372608184814
2009-06-29,2.8658196926116943
2009-06-30,2.936232805252075
2009-07-01,2.893984317779541
2009-07-02,2.8024470806121826
2009-07-03,2.7038686275482178
2009-07-06,2.5700836181640625
2009-07-07,2.6404976844787598
2009-07-08,2.7038686275482178
2009-07-09,2.7461161613464355
2009-07-10,2.795405864715576
2009-07-13,2.619372606277466
2009-07-14,2.7672407627105713
2009-07-15,2.8517372608184814
2009-07-16,2.950315237045288
2009-07-17,2.936232805252075
2009-07-20,2.964397668838501
2009-07-21,3.006646156311035
2009-07-22,2.9855213165283203
2009-07-23,2.936232805252075
2009-07-24,3.006646156311035
2009-07-27,2.9855213165283203
2009-07-28,2.908066987991333
2009-07-29,2.8869431018829346
2009-07-30,2.9573559761047363
2009-07-31,2.9996049404144287
2009-08-03,3.0277698040008545
2009-08-04,3.1052238941192627
2009-08-05,3.1404309272766113
2009-08-06,3.2249269485473633
2009-08-07,3.133389711380005
2009-08-10,3.309422254562378
2009-08-11,3.239009141921997
2009-08-12,3.2671751976013184
2009-08-13,3.492497205734253
2009-08-14,3.408001661300659
2009-08-17,3.4291253089904785
2009-08-18,3.2742156982421875
2009-08-19,3.3446292877197266
2009-08-20,3.4713733196258545
2009-08-21,3.302382230758667
2009-08-24,3.2671751976013184
2009-08-25,3.767108678817749
2009-08-26,3.6474061012268066
2009-08-27,3.562910556793213
2009-08-28,3.774150848388672
2009-08-31,3.7882325649261475
2009-09-01,3.837521553039551
2009-09-02,3.8586461544036865
2009-09-03,3.8797707557678223
2009-09-04,3.774150848388672
2009-09-07,3.75070858001709
2009-09-08,3.864366292953491
2009-09-09,3.878572940826416
2009-09-10,3.9780242443084717
2009-09-11,3.9282994270324707
2009-09-14,3.899883985519409
2009-09-15,3.906987190246582
2009-09-16,3.878572940826416
2009-09-17,3.9425058364868164
2009-09-18,3.9425058364868164
2009-09-21,4.013542652130127
2009-09-22,3.9425058364868164
2009-09-23,4.013542652130127
2009-09-24,3.956713914871216
2009-09-25,3.906987190246582
2009-09-28,3.8146398067474365
2009-09-29,3.8927805423736572
2009-09-30,3.9140923023223877
2009-10-01,4.041957378387451
2009-10-02,3.999335289001465
2009-10-05,3.999335289001465
2009-10-06,4.041957378387451
2009-10-07,4.162717819213867
2009-10-08,4.503690242767334
2009-10-09,4.645762920379639
2009-10-12,4.475277423858643
2009-10-13,4.546313285827637
2009-10-14,4.525002479553223
2009-10-15,4.475277423858643
2009-10-16,4.525002479553223
2009-10-19,4.532105922698975
2009-10-20,4.546313285827637
2009-10-21,4.574728488922119
2009-10-22,4.723903656005859
2009-10-23,4.731007099151611
2009-10-26,4.652867317199707
2009-10-27,4.439759731292725
2009-10-28,4.347411155700684
2009-10-29,4.269272327423096
2009-10-30,4.333202838897705
2009-11-02,4.226650238037109
2009-11-03,4.29768705368042
2009-11-04,4.184029579162598
2009-11-05,4.105889320373535
2009-11-06,4.191132068634033
2009-11-09,4.247961044311523
2009-11-10,4.390033721923828
2009-11-11,4.45396614074707
2009-11-12,4.375826835632324
2009-11-13,4.29768705368042
2009-11-16,4.596039295196533
2009-11-17,4.496588230133057
2009-11-18,4.404241561889648
2009-11-19,4.397138595581055
2009-11-20,4.368722438812256
2009-11-23,4.404241561889648
2009-11-24,4.4894843101501465
2009-11-25,4.439759731292725
2009-11-26,4.517898082733154
2009-11-27,4.375826835632324
2009-11-30,4.468174457550049
2009-12-01,4.411343097686768
2009-12-02,4.432656288146973
2009-12-03,4.461070537567139
2009-12-04,4.503690242767334
2009-12-07,4.532105922698975
2009-12-08,4.517898082733154
2009-12-09,4.510794639587402
2009-12-10,4.7096967697143555
2009-12-11,4.802042007446289
2009-12-14,4.8304572105407715
2009-12-15,4.731007099151611
2009-12-16,4.723903656005859
2009-12-17,4.731007099151611
2009-12-18,4.85176944732666
2009-12-21,4.901494026184082
2009-12-22,4.802042007446289
2009-12-23,4.894389629364014
2009-12-24,4.823354721069336
2009-12-29,4.8659772872924805
2009-12-30,4.802042007446289
2009-12-31,4.901494026184082
2010-01-04,4.816251754760742
2010-01-05,4.929908275604248
2010-01-06,4.79494047164917
2010-01-07,4.873080253601074
2010-01-08,4.823354721069336
2010-01-11,4.723903656005859
2010-01-12,4.6883864402771
2010-01-13,4.7594218254089355
2010-01-14,4.681281566619873
2010-01-15,4.617349624633789
2010-01-18,4.546313285827637
2010-01-19,4.588934421539307
2010-01-20,4.624452590942383
2010-01-21,4.617349624633789
2010-01-22,4.525002479553223
2010-01-25,4.624452590942383
2010-01-27,4.603141784667969
2010-01-28,4.617349624633789
2010-01-29,4.610245704650879
2010-02-01,4.404241561889648
2010-02-02,4.539209842681885
2010-02-03,4.468174457550049
2010-02-04,4.624452590942383
2010-02-05,4.439759731292725
2010-02-08,4.375826835632324
2010-02-09,4.36161994934082
2010-02-10,4.382929801940918
2010-02-11,4.4894843101501465
2010-02-12,4.652867317199707
2010-02-15,4.652867317199707
2010-02-16,4.965425968170166
2010-02-17,5.079085350036621
2010-02-18,5.256674289703369
2010-02-19,5.079085350036621
2010-02-22,5.206948280334473
2010-02-23,5.121706008911133
2010-02-24,5.171432018280029
2010-02-25,5.107499122619629
2010-02-26,5.0506696701049805
2010-03-01,5.100395202636719
2010-03-02,5.079085350036621
2010-03-03,5.306400775909424
2010-03-04,5.327711582183838
2010-03-05,5.313503742218018
2010-03-08,5.306400775909424
2010-03-09,5.363229751586914
2010-03-10,5.405850887298584
2010-03-11,5.263778209686279
2010-03-12,5.320606708526611
2010-03-15,5.327711582183838
2010-03-16,5.47688627243042
2010-03-17,5.682891368865967
2010-03-18,5.611855983734131
2010-03-19,5.711306095123291
2010-03-22,5.682891368865967
2010-03-23,5.718409538269043
2010-03-24,5.647374153137207
2010-03-25,5.647374153137207
2010-03-26,5.57729959487915
2010-03-29,5.7131571769714355
2010-03-30,5.791811943054199
2010-03-31,5.734609603881836
2010-04-01,5.813262939453125
2010-04-06,5.863314628601074
2010-04-07,5.863314628601074
2010-04-08,5.777510166168213
2010-04-09,5.72030782699585
2010-04-12,5.856164455413818
2010-04-13,5.827563762664795
2010-04-14,5.884765625
2010-04-15,5.698855876922607
2010-04-16,5.677404880523682
2010-04-19,5.541548252105713
2010-04-20,5.541548252105713
2010-04-21,5.505795001983643
2010-04-22,5.613051891326904
2010-04-23,5.72030782699585
2010-04-27,5.777510166168213
2010-04-28,5.734609603881836
2010-04-29,5.877615451812744
2010-04-30,5.999173164367676
2010-05-03,6.1064276695251465
2010-05-04,5.9705705642700195
2010-05-05,5.72030782699585
2010-05-06,5.534397125244141
2010-05-07,5.398540496826172
2010-05-10,5.6345038414001465
2010-05-11,5.613051891326904
2010-05-12,5.7060065269470215
2010-05-13,5.856164455413818
2010-05-14,5.834713935852051
2010-05-17,5.598750591278076
2010-05-18,5.541548252105713
2010-05-19,5.362788200378418
2010-05-20,5.076772689819336
2010-05-21,5.033871173858643
2010-05-24,5.148276329040527
2010-05-25,5.062471389770508
2010-05-26,5.2555317878723145
2010-05-27,5.327036380767822
2010-05-28,5.334186553955078
2010-05-31,5.355637550354004
2010-06-01,5.341337203979492
2010-06-02,5.348489284515381
2010-06-03,5.498645782470703
2010-06-04,5.384241104125977
2010-06-07,5.09822416305542
2010-06-08,5.219781398773193
2010-06-09,5.219781398773193
2010-06-10,5.219781398773193
2010-06-11,5.327036380767822
2010-06-15,5.348489284515381
2010-06-16,5.4485931396484375
2010-06-17,5.48434591293335
2010-06-18,5.527247428894043
2010-06-21,5.584450721740723
2010-06-22,5.477194786071777
2010-06-23,5.319886684417725
2010-06-24,5.312736511230469
2010-06-25,5.248381614685059
2010-06-28,5.148276329040527
2010-06-29,5.019570350646973
2010-06-30,5.0124192237854
2010-07-01,4.919464111328125
2010-07-02,5.062471389770508
2010-07-05,4.876562595367432
2010-07-06,4.926615238189697
2010-07-07,4.82650899887085
2010-07-08,4.990968227386475
2010-07-09,5.083924293518066
2010-07-12,5.133976936340332
2010-07-13,5.083924293518066
2010-07-14,5.184028625488281
2010-07-15,5.1196746826171875
2010-07-16,5.1411261558532715
2010-07-19,4.948065757751465
2010-07-20,5.205480575561523
2010-07-21,5.1411261558532715
2010-07-22,5.105373859405518
2010-07-23,5.262682914733887
2010-07-26,5.377089023590088
2010-07-27,5.412841320037842
2010-07-28,5.412841320037842
2010-07-29,5.384241104125977
2010-07-30,5.412841320037842
2010-08-02,5.434292316436768
2010-08-03,5.548698425292969
2010-08-04,5.477194786071777
2010-08-05,5.534397125244141
2010-08-06,5.434292316436768
2010-08-09,5.470044136047363
2010-08-10,5.455743789672852
2010-08-11,5.284134387969971
2010-08-12,5.09822416305542
2010-08-13,5.169729232788086
2010-08-16,5.291284084320068
2010-08-17,5.441441535949707
2010-08-18,5.434292316436768
2010-08-19,5.470044136047363
2010-08-20,5.434292316436768
2010-08-23,5.455743789672852
2010-08-24,5.284134387969971
2010-08-25,5.076772689819336
2010-08-26,5.105373859405518
2010-08-27,5.148276329040527
2010-08-30,5.212630271911621
2010-08-31,5.191178798675537
2010-09-01,5.3055853843688965
2010-09-02,5.334186553955078
2010-09-03,5.470044136047363
2010-09-06,5.462893962860107
2010-09-07,5.398540496826172
2010-09-08,5.377089023590088
2010-09-09,5.419991493225098
2010-09-10,5.468325614929199
2010-09-13,5.554895877838135
2010-09-14,5.562110900878906
2010-09-15,5.590967655181885
2010-09-16,5.44668436050415
2010-09-17,5.5260396003723145
2010-09-20,5.482754707336426
2010-09-21,5.497183322906494
2010-09-22,5.4106125831604
2010-09-23,5.44668436050415
2010-09-24,5.403398513793945
2010-09-27,5.461112022399902
2010-09-28,5.504397392272949
2010-09-29,5.4899678230285645
2010-09-30,5.396185874938965
2010-10-01,5.3240437507629395
2010-10-04,5.388971328735352
2010-10-05,5.4106125831604
2010-10-06,5.554895877838135
2010-10-07,5.627037525177002
2010-10-08,5.533254146575928
2010-10-11,5.497183322906494
2010-10-12,5.352900505065918
2010-10-13,5.309614181518555
2010-10-14,5.36732816696167
2010-10-15,5.2735443115234375
2010-10-18,5.215831279754639
2010-10-19,5.0499067306518555
2010-10-20,5.0571208000183105
2010-10-21,5.114833354949951
2010-10-22,5.158117771148682
2010-10-25,5.12204647064209
2010-10-26,5.17254638671875
2010-10-27,5.16533088684082
2010-10-28,5.194189548492432
2010-10-29,5.215831279754639
2010-11-01,5.287972450256348
2010-11-02,5.295186519622803
2010-11-03,5.316828727722168
2010-11-04,5.33847188949585
2010-11-05,5.34568452835083
2010-11-08,5.302400588989258
2010-11-09,5.194189548492432
2010-11-10,5.12204647064209
2010-11-11,5.0499067306518555
2010-11-12,4.833480358123779
2010-11-15,4.941692352294922
2010-11-16,4.855123996734619
2010-11-17,4.7396979331970215
2010-11-18,4.7396979331970215
2010-11-19,4.761338710784912
2010-11-22,4.7396979331970215
2010-11-23,4.6964111328125
2010-11-24,4.674769878387451
2010-11-25,4.746911525726318
2010-11-26,4.754124641418457
2010-11-29,4.761338710784912
2010-11-30,4.782980918884277
2010-12-01,4.732483386993408
2010-12-02,4.847908973693848
2010-12-03,4.9056220054626465
2010-12-06,4.927264213562012
2010-12-07,4.934479236602783
2010-12-08,4.99219274520874
2010-12-09,5.0499067306518555
2010-12-10,4.97776460647583
2010-12-13,4.9056220054626465
2010-12-14,4.826266288757324
2010-12-15,4.948907375335693
2010-12-16,4.948907375335693
2010-12-17,4.941692352294922
2010-12-20,4.99219274520874
2010-12-21,4.876765727996826
2010-12-22,4.732483386993408
2010-12-23,4.7396979331970215
2010-12-24,4.833480358123779
2010-12-29,4.746911525726318
2010-12-30,4.790194988250732
2010-12-31,4.782980918884277
2011-01-04,4.6964111328125
2011-01-05,4.761338710784912
2011-01-06,4.790194988250732
2011-01-07,4.7974090576171875
2011-01-10,4.754124641418457
2011-01-11,4.804624557495117
2011-01-12,4.761338710784912
2011-01-13,4.833480358123779
2011-01-14,4.833480358123779
2011-01-17,4.7974090576171875
2011-01-18,4.819052696228027
2011-01-19,4.9056220054626465
2011-01-20,4.847908973693848
2011-01-21,4.768553733825684
2011-01-24,4.768553733825684
2011-01-25,4.826266288757324
2011-01-27,4.883980751037598
2011-01-28,4.826266288757324
2011-01-31,4.804624557495117
2011-02-01,4.754124641418457
2011-02-02,4.833480358123779
2011-02-03,4.912836074829102
2011-02-04,4.984979152679443
2011-02-07,5.150903701782227
2011-02-08,5.028263568878174
2011-02-09,5.136476039886475
2011-02-10,5.064335346221924
2011-02-11,5.12204647064209
2011-02-14,5.12204647064209
2011-02-15,5.100405216217041
2011-02-16,5.0715484619140625
2011-02-17,5.042691707611084
2011-02-18,5.0931901931762695
2011-02-21,5.100405216217041
2011-02-22,4.5016303062438965
2011-02-23,4.573772430419922
2011-02-24,4.573772430419922
2011-02-25,4.6964111328125
2011-02-28,4.718054294586182
2011-03-01,4.660341739654541
2011-03-02,4.653126239776611
2011-03-03,4.718054294586182
2011-03-04,4.775767803192139
2011-03-07,4.660341739654541
2011-03-08,4.674769878387451
2011-03-09,4.645913600921631
2011-03-10,4.573772430419922
2011-03-11,4.50884485244751
2011-03-15,4.400632381439209
2011-03-16,4.617056369781494
2011-03-17,4.494415283203125
2011-03-18,4.537700176239014
2011-03-21,4.465559005737305
2011-03-22,4.494415283203125
2011-03-23,4.4929585456848145
2011-03-24,4.573188304901123
2011-03-25,4.660713195800781
2011-03-28,4.660713195800781
2011-03-29,4.762825965881348
2011-03-30,4.879526615142822
2011-03-31,4.9305830001831055
2011-04-01,4.879526615142822
2011-04-04,4.915994167327881
2011-04-05,4.959758281707764
2011-04-06,4.923287868499756
2011-04-07,4.843056678771973
2011-04-08,4.879526615142822
2011-04-11,4.8503499031066895
2011-04-12,4.857645511627197
2011-04-13,4.879526615142822
2011-04-14,4.959758281707764
2011-04-15,4.945171356201172
2011-04-18,5.010814666748047
2011-04-19,4.923287868499756
2011-04-20,4.9305830001831055
2011-04-21,5.054577827453613
2011-04-27,5.171278476715088
2011-04-28,5.17857027053833
2011-04-29,5.069164276123047
2011-05-02,5.054577827453613
2011-05-03,5.039989471435547
2011-05-04,5.142101764678955
2011-05-05,5.076457500457764
2011-05-06,5.076457500457764
2011-05-09,5.0910468101501465
2011-05-10,5.1056342124938965
2011-05-11,5.20774507522583
2011-05-12,5.142101764678955
2011-05-13,5.185864448547363
2011-05-16,5.142101764678955
2011-05-17,5.083752632141113
2011-05-18,5.047283172607422
2011-05-19,5.0910468101501465
2011-05-20,5.1056342124938965
2011-05-23,4.988932132720947
2011-05-24,4.9816389083862305
2011-05-25,4.886819839477539
2011-05-26,4.886819839477539
2011-05-27,4.959758281707764
2011-05-30,4.923287868499756
2011-05-31,4.959758281707764
2011-06-01,4.959758281707764
2011-06-02,4.894113063812256
2011-06-03,4.894113063812256
2011-06-06,4.857645511627197
2011-06-07,4.879526615142822
2011-06-08,4.879526615142822
2011-06-09,4.864938735961914
2011-06-10,4.886819839477539
2011-06-14,4.857645511627197
2011-06-15,4.886819839477539
2011-06-16,4.733651161193848
2011-06-17,4.6825947761535645
2011-06-20,4.711770534515381
2011-06-21,4.740944862365723
2011-06-22,4.777413368225098
2011-06-23,4.660713195800781
2011-06-24,4.5804829597473145
2011-06-27,4.529426574707031
2011-06-28,4.485662460327148
2011-06-29,4.514839172363281
2011-06-30,4.697182655334473
2011-07-01,4.6898884773254395
2011-07-04,4.6825947761535645
2011-07-05,4.668006420135498
2011-07-06,4.704474449157715
2011-07-07,4.719062805175781
2011-07-08,4.8284687995910645
2011-07-11,4.770119667053223
2011-07-12,4.704474449157715
2011-07-13,4.784707069396973
2011-07-14,4.711770534515381
2011-07-15,4.6825947761535645
2011-07-18,4.697182655334473
2011-07-19,4.624244213104248
2011-07-20,4.624244213104248
2011-07-21,4.711770534515381
2011-07-22,4.8284687995910645
2011-07-25,4.813882827758789
2011-07-26,4.857645511627197
2011-07-27,4.9743452072143555
2011-07-28,4.857645511627197
2011-07-29,4.8284687995910645
2011-08-02,4.799295425415039
2011-08-03,4.675300598144531
2011-08-04,4.558601379394531
2011-08-05,4.361669063568115
2011-08-08,4.10638952255249
2011-08-09,4.172031402587891
2011-08-10,4.25226354598999
2011-08-11,4.223088264465332
2011-08-12,4.296024322509766
2011-08-15,4.427313804626465
2011-08-16,4.427313804626465
2011-08-17,4.4710774421691895
2011-08-18,4.405431747436523
2011-08-19,4.172031402587891
2011-08-22,4.062624454498291
2011-08-23,3.996981382369995
2011-08-24,3.880281448364258
2011-08-25,3.8583998680114746
2011-08-26,3.8583998680114746
2011-08-29,3.931337833404541
2011-08-30,4.048038482666016
2011-08-31,4.099093914031982
2011-09-01,4.099093914031982
2011-09-02,3.931337833404541
2011-09-05,3.8073434829711914
2011-09-06,3.788844108581543
2011-09-07,3.929445266723633
2011-09-08,3.7962422370910645
2011-09-09,3.848043918609619
2011-09-12,3.7074434757232666
2011-09-13,3.788844108581543
2011-09-14,3.640841484069824
2011-09-15,3.7444424629211426
2011-09-16,3.8924448490142822
2011-09-19,3.7518436908721924
2011-09-20,3.7148430347442627
2011-09-21,3.7518436908721924
2011-09-22,3.7592427730560303
2011-09-23,3.677842140197754
2011-09-26,3.640841484069824
2011-09-27,3.8628435134887695
2011-09-28,3.936845302581787
2011-09-29,3.8998444080352783
2011-09-30,3.936845302581787
2011-10-04,3.7814435958862305
2011-10-05,3.8628435134887695
2011-10-06,4.099647045135498
2011-10-07,4.084847450256348
2011-10-10,4.129247665405273
2011-10-11,4.14404821395874
2011-10-12,4.0922465324401855
2011-10-13,4.14404821395874
2011-10-14,4.114447593688965
2011-10-17,4.188447952270508
2011-10-18,4.121847629547119
2011-10-19,4.107046604156494
2011-10-20,4.040445327758789
2011-10-21,4.314248561859131
2011-10-24,4.447451114654541
2011-10-25,4.299449443817139
2011-10-26,4.447451114654541
2011-10-27,4.639853477478027
2011-10-28,4.632453441619873
2011-10-31,4.602851867675781
2011-11-02,4.417850971221924
2011-11-03,4.33644962310791
2011-11-04,4.3660502433776855
2011-11-07,4.351249694824219
2011-11-08,4.403050422668457
2011-11-09,4.417850971221924
2011-11-10,4.454849720001221
2011-11-11,4.454849720001221
2011-11-14,4.639853477478027
2011-11-15,4.588053226470947
2011-11-16,4.6250529289245605
2011-11-17,4.528853416442871
2011-11-18,4.42525053024292
2011-11-21,4.477052688598633
2011-11-22,4.403050422668457
2011-11-23,4.321648597717285
2011-11-24,4.277248859405518
2011-11-25,4.203248023986816
2011-11-28,4.232848167419434
2011-11-29,4.203248023986816
2011-11-30,4.240248203277588
2011-12-01,4.42525053024292
2011-12-02,4.477052688598633
2011-12-05,4.595452785491943
2011-12-06,4.491852760314941
2011-12-07,4.484449863433838
2011-12-08,4.477052688598633
2011-12-09,4.42525053024292
2011-12-12,4.580650806427002
2011-12-13,4.573252201080322
2011-12-14,4.588053226470947
2011-12-15,4.610252380371094
2011-12-16,4.565852165222168
2011-12-19,4.26984977722168
2011-12-20,4.158847332000732
2011-12-21,4.292048931121826
2011-12-22,4.203248023986816
2011-12-23,4.225448131561279
2011-12-28,4.232848167419434
2011-12-29,4.188447952270508
2011-12-30,4.195847988128662
2012-01-03,4.2550482749938965
2012-01-04,4.33644962310791
2012-01-05,4.2550482749938965
2012-01-06,4.240248203277588
2012-01-09,4.203248023986816
2012-01-10,4.203248023986816
2012-01-11,4.232848167419434
2012-01-12,4.195847988128662
2012-01-13,4.158847332000732
2012-01-16,4.033045768737793
2012-01-17,4.084847450256348
2012-01-18,4.129247665405273
2012-01-19,4.062646389007568
2012-01-20,4.0700459480285645
2012-01-23,4.062646389007568
2012-01-24,3.914644956588745
2012-01-25,3.929445266723633
2012-01-27,3.9664459228515625
2012-01-30,3.90724515914917
2012-01-31,3.8924448490142822
2012-02-01,3.8776443004608154
2012-02-02,3.818443775177002
2012-02-03,3.848043918609619
2012-02-06,4.003445625305176
2012-02-07,3.9886457920074463
2012-02-08,4.033045768737793
2012-02-09,4.0922465324401855
2012-02-10,4.0700459480285645
2012-02-13,4.0700459480285645
2012-02-14,4.033045768737793
2012-02-15,4.033045768737793
2012-02-16,4.099647045135498
2012-02-17,4.1810479164123535
2012-02-20,4.166247367858887
2012-02-21,4.218048572540283
2012-02-22,4.6694536209106445
2012-02-23,4.721254348754883
2012-02-24,4.906255722045898
2012-02-27,4.891456127166748
2012-02-28,4.943256378173828
2012-02-29,5.009857654571533
2012-03-01,4.913655757904053
2012-03-02,4.950657844543457
2012-03-05,4.884056091308594
2012-03-06,4.8322553634643555
2012-03-07,4.817455768585205
2012-03-08,4.736054420471191
2012-03-09,4.780455589294434
2012-03-12,4.869255542755127
2012-03-13,4.935855865478516
2012-03-14,5.239259719848633
2012-03-15,5.1874589920043945
2012-03-16,5.1356587409973145
2012-03-19,5.1356587409973145
2012-03-20,5.120858669281006
2012-03-21,5.098658084869385
2012-03-22,5.070943832397461
2012-03-23,5.130866527557373
2012-03-26,5.100905418395996
2012-03-27,5.243221759796143
2012-03-28,5.235730171203613
2012-03-29,5.243221759796143
2012-03-30,5.273181915283203
2012-04-02,5.370556831359863
2012-04-03,5.348086357116699
2012-04-04,5.250711917877197
2012-04-05,5.213260650634766
2012-04-10,5.168318271636963
2012-04-11,5.018511772155762
2012-04-12,5.085925102233887
2012-04-13,5.130866527557373
2012-04-16,5.108395576477051
2012-04-17,5.145847320556641
2012-04-18,5.213260650634766
2012-04-19,5.175809383392334
2012-04-20,5.175809383392334
2012-04-23,5.153337001800537
2012-04-24,5.213260650634766
2012-04-26,5.2282395362854
2012-04-27,5.2282395362854
2012-04-30,5.363066673278809
2012-05-01,5.602755546569824
2012-05-02,5.542834758758545
2012-05-03,5.467930316925049
2012-05-04,5.370556831359863
2012-05-07,5.370556831359863
2012-05-08,5.333104610443115
2012-05-09,5.115886211395264
2012-05-10,4.988550662994385
2012-05-11,5.100905418395996
2012-05-14,5.123376369476318
2012-05-15,5.123376369476318
2012-05-16,4.876195430755615
2012-05-17,4.913647651672363
2012-05-18,4.7713303565979
2012-05-21,4.816271781921387
2012-05-22,4.996041774749756
2012-05-23,4.7938032150268555
2012-05-24,4.7938032150268555
2012-05-25,4.74137020111084
2012-05-28,4.816271781921387
2012-05-29,4.988550662994385
2012-05-30,5.018511772155762
2012-05-31,5.130866527557373
2012-06-01,5.033492565155029
2012-06-04,4.786312580108643
2012-06-05,4.988550662994385
2012-06-06,4.891176223754883
2012-06-07,4.988550662994385
2012-06-08,4.846235275268555
2012-06-12,4.988550662994385
2012-06-13,4.8687052726745605
2012-06-14,4.846235275268555
2012-06-15,4.883685111999512
2012-06-18,4.958589553833008
2012-06-19,4.921138763427734
2012-06-20,4.94360876083374
2012-06-21,4.801292419433594
2012-06-22,4.681447505950928
2012-06-25,4.666467666625977
2012-06-26,4.666467666625977
2012-06-27,4.733880043029785
2012-06-28,4.726390361785889
2012-06-29,4.7488603591918945
2012-07-02,4.891176223754883
2012-07-03,4.756350994110107
2012-07-04,4.786312580108643
2012-07-05,4.7713303565979
2012-07-06,4.76384162902832
2012-07-09,4.74137020111084
2012-07-10,4.681447505950928
2012-07-11,4.494190216064453
2012-07-12,4.456738471984863
2012-07-13,4.419286727905273
2012-07-16,4.494190216064453
2012-07-17,4.50167989730835
2012-07-18,4.606544017791748
2012-07-19,4.688938140869141
2012-07-20,4.621525764465332
2012-07-23,4.5091705322265625
2012-07-24,4.494190216064453
2012-07-25,4.494190216064453
2012-07-26,4.554111957550049
2012-07-27,4.636505603790283
2012-07-30,4.576582908630371
2012-07-31,4.561602592468262
2012-08-01,4.621525764465332
2012-08-02,4.4717183113098145
2012-08-03,4.419286727905273
2012-08-06,4.479208469390869
2012-08-07,4.4417572021484375
2012-08-08,4.486698627471924
2012-08-09,4.561602592468262
2012-08-10,4.606544017791748
2012-08-13,4.688938140869141
2012-08-14,4.7488603591918945
2012-08-15,4.838744640350342
2012-08-16,5.011023044586182
2012-08-17,4.973570346832275
2012-08-20,5.011023044586182
2012-08-21,5.018511772155762
2012-08-22,5.3405961990356445
2012-08-23,5.3405961990356445
2012-08-24,5.3405961990356445
2012-08-27,5.400518417358398
2012-08-28,5.3555755615234375
2012-08-29,5.408008098602295
2012-08-30,5.370556831359863
2012-08-31,5.3405961990356445
2012-09-03,5.333104610443115
2012-09-04,5.183299541473389
2012-09-05,5.018511772155762
2012-09-06,5.102027416229248
2012-09-07,5.086841583251953
2012-09-10,5.102027416229248
2012-09-11,5.0488810539245605
2012-09-12,4.972958087921143
2012-09-13,5.033697128295898
2012-09-14,5.147581577301025
2012-09-17,5.094435214996338
2012-09-18,5.086841583251953
2012-09-19,5.132397651672363
2012-09-20,5.033697128295898
2012-09-21,5.109620094299316
2012-09-24,5.079251766204834
2012-09-25,5.11721134185791
2012-09-26,5.086841583251953
2012-09-27,5.109620094299316
2012-09-28,5.185542583465576
2012-10-01,5.177950859069824
2012-10-02,5.185542583465576
2012-10-03,5.200727462768555
2012-10-04,5.147581577301025
2012-10-05,5.177950859069824
2012-10-08,5.238688945770264
2012-10-09,5.2690582275390625
2012-10-10,5.200727462768555
2012-10-11,5.2690582275390625
2012-10-12,5.2690582275390625
2012-10-15,5.208320140838623
2012-10-16,5.238688945770264
2012-10-17,5.329797744750977
2012-10-18,5.284242153167725
2012-10-19,5.360164642333984
2012-10-22,5.322204113006592
2012-10-23,5.360164642333984
2012-10-24,5.208320140838623
2012-10-25,5.132397651672363
2012-10-26,5.12480354309082
2012-10-29,5.094435214996338
2012-10-30,5.02610445022583
2012-10-31,5.079251766204834
2012-11-01,5.033697128295898
2012-11-02,5.033697128295898
2012-11-05,5.01092004776001
2012-11-06,5.0488810539245605
2012-11-07,5.041288375854492
2012-11-08,4.851480960845947
2012-11-09,4.874258518218994
2012-11-12,4.813520431518555
2012-11-13,4.866666316986084
2012-11-14,4.889443397521973
2012-11-15,4.8059282302856445
2012-11-16,4.798336029052734
2012-11-19,4.904628276824951
2012-11-20,4.965365886688232
2012-11-21,4.972958087921143
2012-11-22,5.056474685668945
2012-11-23,5.094435214996338
2012-11-26,5.177950859069824
2012-11-27,5.193134307861328
2012-11-28,5.071657180786133
2012-11-29,5.01092004776001
2012-11-30,5.185542583465576
2012-12-03,5.162765979766846
2012-12-04,5.056474685668945
2012-12-05,5.02610445022583
2012-12-06,4.965365886688232
2012-12-07,5.200727462768555
2012-12-10,5.139989852905273
2012-12-11,5.208320140838623
2012-12-12,5.30702018737793
2012-12-13,5.314611911773682
2012-12-14,5.352573394775391
2012-12-17,5.2766499519348145
2012-12-18,5.352573394775391
2012-12-19,5.352573394775391
2012-12-20,5.329797744750977
2012-12-21,5.30702018737793
2012-12-24,5.329797744750977
2012-12-27,5.2994279861450195
2012-12-28,5.344981670379639
2012-12-31,5.314611911773682
2013-01-02,5.481642246246338
2013-01-03,5.572750568389893
2013-01-04,5.534788131713867
2013-01-07,5.580343246459961
2013-01-08,5.504419326782227
2013-01-09,5.481642246246338
2013-01-10,5.512012481689453
2013-01-11,5.808111667633057
2013-01-14,5.717005252838135
2013-01-15,5.61830472946167
2013-01-16,5.671450614929199
2013-01-17,5.777743816375732
2013-01-18,5.906811714172363
2013-01-21,5.91440486907959
2013-01-22,5.884035110473633
2013-01-23,5.906811714172363
2013-01-24,5.959958076477051
2013-01-25,5.997918605804443
2013-01-29,6.073842525482178
2013-01-30,6.172543048858643
2013-01-31,6.369942665100098
2013-02-01,6.453458309173584
2013-02-04,6.506604194641113
2013-02-05,6.461050510406494
2013-02-06,6.514196395874023
2013-02-07,6.529380798339844
2013-02-08,6.559750080108643
2013-02-11,6.574933052062988
2013-02-12,6.620488166809082
2013-02-13,6.6432647705078125
2013-02-14,6.628079891204834
2013-02-15,6.605303764343262
2013-02-18,6.582526683807373
2013-02-19,6.658449649810791
2013-02-20,7.189908504486084
2013-02-21,7.5239715576171875
2013-02-22,7.5543413162231445
2013-02-25,7.569527626037598
2013-02-26,7.546748161315918
2013-02-27,7.516380786895752
2013-02-28,7.66822624206543
2013-03-01,7.5543413162231445
2013-03-04,7.64544677734375
2013-03-05,7.782110691070557
2013-03-06,8.09339427947998
2013-03-07,7.76692533493042
2013-03-08,7.751741409301758
2013-03-11,7.789701461791992
2013-03-12,7.895995140075684
2013-03-13,8.05543327331543
2013-03-14,8.07820987701416
2013-03-15,8.047842025756836
2013-03-18,7.797293186187744
2013-03-19,7.6302642822265625
2013-03-20,7.721372604370117
2013-03-21,7.606356620788574
2013-03-22,7.660028457641602
2013-03-25,7.660028457641602
2013-03-26,7.660028457641602
2013-03-27,7.8057169914245605
2013-03-28,7.744375705718994
2013-04-02,7.721372604370117
2013-04-03,7.867056846618652
2013-04-04,7.744375705718994
2013-04-05,7.790380477905273
2013-04-08,7.752043724060059
2013-04-09,7.6523613929748535
2013-04-10,7.6830339431762695
2013-04-11,7.95140266418457
2013-04-12,8.020411491394043
2013-04-15,8.12775993347168
2013-04-16,7.943732738494873
2013-04-17,8.288783073425293
2013-04-18,8.173765182495117
2013-04-19,8.12775993347168
2013-04-22,8.265778541564941
2013-04-23,8.488140106201172
2013-04-24,8.771845817565918
2013-04-26,8.572488784790039
2013-04-29,8.549482345581055
2013-04-30,8.572488784790039
2013-05-01,8.541814804077148
2013-05-02,8.380792617797852
2013-05-03,8.204437255859375
2013-05-06,8.273445129394531
2013-05-07,8.24277400970459
2013-05-08,8.24277400970459
2013-05-09,8.189104080200195
2013-05-10,8.227438926696777
2013-05-13,8.12775993347168
2013-05-14,8.051084518432617
2013-05-15,7.828719139099121
2013-05-16,8.511144638061523
2013-05-17,8.28111457824707
2013-05-20,8.273445129394531
2013-05-21,8.396129608154297
2013-05-22,8.587821960449219
2013-05-23,8.066420555114746
2013-05-24,7.8057169914245605
2013-05-27,7.782715797424316
2013-05-28,8.051084518432617
2013-05-29,7.7597126960754395
2013-05-30,7.6753668785095215
2013-05-31,7.836388111114502
2013-06-03,7.476007461547852
2013-06-04,7.36099100112915
2013-06-05,7.0696187019348145
2013-06-06,7.0696187019348145
2013-06-07,6.9546027183532715
2013-06-11,7.092620372772217
2013-06-12,6.854921340942383
2013-06-13,6.793581008911133
2013-06-14,6.847255706787109
2013-06-17,6.87025785446167
2013-06-18,6.762909889221191
2013-06-19,7.061950206756592
2013-06-20,6.877925395965576
2013-06-21,6.816583633422852
2013-06-24,6.7475738525390625
2013-06-25,6.632560729980469
2013-06-26,6.900928020477295
2013-06-27,7.023611545562744
2013-06-28,6.9546027183532715
2013-07-01,6.77824592590332
2013-07-02,7.1156229972839355
2013-07-03,7.031280994415283
2013-07-04,7.0696187019348145
2013-07-05,7.3226518630981445
2013-07-08,7.1386284828186035
2013-07-09,7.0542826652526855
2013-07-10,7.184633731842041
2013-07-11,7.399327278137207
2013-07-12,7.445335388183594
2013-07-15,7.245974063873291
2013-07-16,7.4300007820129395
2013-07-17,7.36099100112915
2013-07-18,7.238307476043701
2013-07-19,7.176964282989502
2013-07-22,7.130959987640381
2013-07-23,7.0849528312683105
2013-07-24,7.1386284828186035
2013-07-25,7.0849528312683105
2013-07-26,7.107954978942871
2013-07-29,7.0849528312683105
2013-07-30,7.061950206756592
2013-07-31,7.230639457702637
2013-08-01,7.36099100112915
2013-08-02,7.3763251304626465
2013-08-05,7.337985515594482
2013-08-06,7.422331809997559
2013-08-07,7.184633731842041
2013-08-08,7.169299602508545
2013-08-09,7.0542826652526855
2013-08-12,7.092620372772217
2013-08-13,7.2536420822143555
2013-08-14,7.123291492462158
2013-08-15,7.077284812927246
2013-08-16,7.299649238586426
2013-08-19,7.161631107330322
2013-08-20,7.184633731842041
2013-08-21,7.48367166519165
2013-08-22,7.813382148742676
2013-08-23,8.258112907409668
2013-08-26,8.49581241607666
2013-08-27,8.2964506149292
2013-08-28,8.219773292541504
2013-08-29,8.081754684448242
2013-08-30,8.204437255859375
2013-09-02,8.534146308898926
2013-09-03,8.67216682434082
2013-09-04,8.626161575317383
2013-09-05,8.764179229736328
2013-09-06,8.679832458496094
2013-09-09,8.971206665039062
2013-09-10,8.710504531860352
2013-09-11,8.917532920837402
2013-09-12,9.033747673034668
2013-09-13,8.82456111907959
2013-09-16,9.026001930236816
2013-09-17,8.84780502319336
2013-09-18,8.987261772155762
2013-09-19,9.24293327331543
2013-09-20,9.087982177734375
2013-09-23,8.925283432006836
2013-09-24,8.909783363342285
2013-09-25,9.188701629638672
2013-09-26,9.413381576538086
2013-09-27,9.413381576538086
2013-09-30,9.204194068908691
2013-10-01,9.180953025817871
2013-10-02,9.227437973022461
2013-10-03,9.211945533752441
2013-10-04,9.118973731994629
2013-10-07,9.033747673034668
2013-10-08,8.933029174804688
2013-10-09,8.979514122009277
2013-10-10,8.82456111907959
2013-10-11,9.111224174499512
2013-10-14,9.103475570678711
2013-10-15,9.452120780944824
2013-10-16,9.297168731689453
2013-10-17,9.366899490356445
2013-10-18,9.638062477111816
2013-10-21,9.793017387390137
2013-10-22,9.91697883605957
2013-10-23,9.885990142822266
2013-10-24,10.071930885314941
2013-10-25,9.924725532531738
2013-10-28,9.870490074157715
2013-10-29,9.91697883605957
2013-10-30,10.110668182373047
2013-10-31,10.064184188842773
2013-11-01,9.963464736938477
2013-11-04,9.854999542236328
2013-11-05,10.071930885314941
2013-11-06,9.91697883605957
2013-11-07,10.03319263458252
2013-11-08,9.91697883605957
2013-11-11,9.731036186218262
2013-11-12,9.723286628723145
2013-11-13,9.49860668182373
2013-11-14,9.669054985046387
2013-11-15,9.684549331665039
2013-11-18,9.723286628723145
2013-11-19,9.568333625793457
2013-11-20,9.521848678588867
2013-11-21,9.47536563873291
2013-11-22,9.490859031677246
2013-11-25,9.769775390625
2013-11-26,9.831753730773926
2013-11-27,9.607072830200195
2013-11-28,10.172650337219238
2013-11-29,10.358595848083496
2013-12-02,10.188146591186523
2013-12-03,10.141660690307617
2013-12-04,10.265623092651367
2013-12-05,10.164902687072754
2013-12-06,9.878239631652832
2013-12-09,9.885990142822266
2013-12-10,10.002203941345215
2013-12-11,9.862746238708496
2013-12-12,9.614821434020996
2013-12-13,9.74653148651123
2013-12-16,9.723286628723145
2013-12-17,9.506355285644531
2013-12-18,9.529598236083984
2013-12-19,9.901484489440918
2013-12-20,10.040943145751953
2013-12-23,9.994452476501465
2013-12-24,10.32760238647461
2013-12-27,10.25787353515625
2013-12-30,10.281115531921387
2013-12-31,10.3895845413208
2014-01-02,10.273370742797852
2014-01-03,10.141660690307617
2014-01-06,10.164902687072754
2014-01-07,10.172650337219238
2014-01-08,10.304361343383789
2014-01-09,10.451566696166992
2014-01-10,10.288865089416504
2014-01-13,10.219138145446777
2014-01-14,9.878239631652832
2014-01-15,10.025444984436035
2014-01-16,10.188146591186523
2014-01-17,10.025444984436035
2014-01-20,9.870490074157715
2014-01-21,9.994452476501465
2014-01-22,10.009950637817383
2014-01-23,10.025444984436035
2014-01-24,9.862746238708496
2014-01-28,9.58382797241211
2014-01-29,9.847249984741211
2014-01-30,9.684549331665039
2014-01-31,9.614821434020996
2014-02-03,9.769775390625
2014-02-04,9.537345886230469
2014-02-05,9.281670570373535
2014-02-06,9.366899490356445
2014-02-07,9.405634880065918
2014-02-10,9.57608413696289
2014-02-11,9.630318641662598
2014-02-12,9.909231185913086
2014-02-13,10.071930885314941
2014-02-14,10.219138145446777
2014-02-17,10.420573234558105
2014-02-18,10.32760238647461
2014-02-19,12.16379451751709
2014-02-20,12.411718368530273
2014-02-21,12.50468921661377
2014-02-24,12.58216667175293
2014-02-25,13.093510627746582
2014-02-26,13.054773330688477
2014-02-27,13.356928825378418
2014-02-28,13.256213188171387
2014-03-03,13.054773330688477
2014-03-04,13.124502182006836
2014-03-05,13.496390342712402
2014-03-06,13.976743698120117
2014-03-07,14.139447212219238
2014-03-10,13.98448657989502
2014-03-11,13.798545837402344
2014-03-12,13.426660537719727
2014-03-13,13.99223804473877
2014-03-14,13.550622940063477
2014-03-17,13.635848045349121
2014-03-18,13.713324546813965
2014-03-19,13.883770942687988
2014-03-20,13.387917518615723
2014-03-21,13.473145484924316
2014-03-24,13.248462677001953
2014-03-25,13.062519073486328
2014-03-26,13.364678382873535
2014-03-27,13.356928825378418
2014-03-28,13.37242603302002
2014-03-31,13.612604141235352
2014-04-01,13.60485553741455
2014-04-02,13.87602424621582
2014-04-03,13.602718353271484
2014-04-04,13.399693489074707
2014-04-07,13.04049301147461
2014-04-08,12.681296348571777
2014-04-09,12.970215797424316
2014-04-10,13.087347984313965
2014-04-11,12.712529182434082
2014-04-14,12.32209300994873
2014-04-15,12.57978343963623
2014-04-16,13.00145149230957
2014-04-17,13.071728706359863
2014-04-22,13.110772132873535
2014-04-23,13.391885757446289
2014-04-24,13.391885757446289
2014-04-28,13.485590934753418
2014-04-29,13.009260177612305
2014-04-30,13.056110382080078
2014-05-01,12.89993667602539
2014-05-02,13.181048393249512
2014-05-05,13.181048393249512
2014-05-06,13.501206398010254
2014-05-07,13.376267433166504
2014-05-08,13.43093204498291
2014-05-09,13.282563209533691
2014-05-12,13.43093204498291
2014-05-13,13.64176082611084
2014-05-14,13.836979866027832
2014-05-15,13.680803298950195
2014-05-16,13.368457794189453
2014-05-19,13.024877548217773
2014-05-20,12.821849822998047
2014-05-21,12.759380340576172
2014-05-22,12.845277786254883
2014-05-23,12.923362731933594
2014-05-26,12.89993667602539
2014-05-27,12.907747268676758
2014-05-28,13.274755477905273
2014-05-29,13.274755477905273
2014-05-30,13.2200927734375
2014-06-02,13.415311813354492
2014-06-03,13.071728706359863
2014-06-04,13.087347984313965
2014-06-05,13.391885757446289
2014-06-06,13.142006874084473
2014-06-10,13.282563209533691
2014-06-11,13.071728706359863
2014-06-12,13.235708236694336
2014-06-13,12.79061508178711
2014-06-16,12.735953330993652
2014-06-17,12.884319305419922
2014-06-18,12.884319305419922
2014-06-19,13.102964401245117
2014-06-20,12.814042091369629
2014-06-23,12.946791648864746
2014-06-24,12.892129898071289
2014-06-25,12.657869338989258
2014-06-26,12.767192840576172
2014-06-27,12.57978343963623
2014-06-30,12.37675952911377
2014-07-01,12.41579818725586
2014-07-02,12.79061508178711
2014-07-03,13.009260177612305
2014-07-04,13.024877548217773
2014-07-07,12.96240520477295
2014-07-08,13.149816513061523
2014-07-09,12.735953330993652
2014-07-10,12.720338821411133
2014-07-11,12.8530855178833
2014-07-14,12.892129898071289
2014-07-15,12.907747268676758
2014-07-16,13.079538345336914
2014-07-17,13.25132942199707
2014-07-18,12.728147506713867
2014-07-21,12.970215797424316
2014-07-22,12.978025436401367
2014-07-23,12.884319305419922
2014-07-24,12.806231498718262
2014-07-25,12.821849822998047
2014-07-28,12.884319305419922
2014-07-29,12.79842472076416
2014-07-30,12.89993667602539
2014-07-31,12.954599380493164
2014-08-01,12.735953330993652
2014-08-04,12.704720497131348
2014-08-05,12.767192840576172
2014-08-06,12.845277786254883
2014-08-07,12.814042091369629
2014-08-08,12.603206634521484
2014-08-11,12.62663459777832
2014-08-12,12.923362731933594
2014-08-13,12.689103126525879
2014-08-14,12.8530855178833
2014-08-15,12.938979148864746
2014-08-18,13.04830265045166
2014-08-19,13.274755477905273
2014-08-20,13.056110382080078
2014-08-21,13.102964401245117
2014-08-22,13.235708236694336
2014-08-25,13.3528413772583
2014-08-26,13.305989265441895
2014-08-27,13.532442092895508
2014-08-28,13.540251731872559
2014-08-29,13.64176082611084
2014-09-01,13.797935485839844
2014-09-02,13.75108528137207
2014-09-03,13.782318115234375
2014-09-04,13.836979866027832
2014-09-05,13.672998428344727
2014-09-08,13.712039947509766
2014-09-09,13.665186882019043
2014-09-10,13.548057556152344
2014-09-11,13.509015083312988
2014-09-12,13.360649108886719
2014-09-15,13.142006874084473
2014-09-16,13.173242568969727
2014-09-17,13.236310958862305
2014-09-18,13.275724411010742
2014-09-19,13.496463775634766
2014-09-22,13.165359497070312
2014-09-23,13.520111083984375
2014-09-24,13.17324161529541
2014-09-25,13.267844200134277
2014-09-26,12.944622039794922
2014-09-29,12.834254264831543
2014-09-30,12.779070854187012
2014-10-01,12.881553649902344
2014-10-02,12.57409954071045
2014-10-03,12.621399879455566
2014-10-06,12.676584243774414
2014-10-07,12.463730812072754
2014-10-08,12.290294647216797
2014-10-09,12.455846786499023
2014-10-10,12.156275749206543
2014-10-13,12.156275749206543
2014-10-14,12.37701416015625
2014-10-15,12.455846786499023
2014-10-16,12.195693016052246
2014-10-17,12.479497909545898
2014-10-20,12.479497909545898
2014-10-21,12.455846786499023
2014-10-22,12.652932167053223
2014-10-23,12.57409954071045
2014-10-24,12.786952018737793
2014-10-27,12.889436721801758
2014-10-28,12.897319793701172
2014-10-29,12.905203819274902
2014-10-30,12.8657865524292
2014-10-31,13.062871932983398
2014-11-03,13.031340599060059
2014-11-04,13.165359497070312
2014-11-05,13.070755958557129
2014-11-06,13.023455619812012
2014-11-07,13.252076148986816
2014-11-10,13.189006805419922
2014-11-11,13.33879280090332
2014-11-12,13.275724411010742
2014-11-13,13.512227058410645
2014-11-14,13.638365745544434
2014-11-17,13.638365745544434
2014-11-18,13.717201232910156
2014-11-19,13.520111083984375
2014-11-20,13.559530258178711
2014-11-21,13.559530258178711
2014-11-24,13.693548202514648
2014-11-25,13.748730659484863
2014-11-26,13.906401634216309
2014-11-27,14.190207481384277
2014-11-28,13.472811698913574
2014-12-01,13.149591445922852
2014-12-02,13.457045555114746
2014-12-03,13.527997970581055
2014-12-04,13.575297355651855
2014-12-05,13.59106159210205
2014-12-08,13.953703880310059
2014-12-09,13.472811698913574
2014-12-10,13.409745216369629
2014-12-11,12.818483352661133
2014-12-12,12.74753475189209
2014-12-15,12.676584243774414
2014-12-16,12.605631828308105
2014-12-17,12.652932167053223
2014-12-18,12.731768608093262
2014-12-19,13.283610343933105
2014-12-22,13.630480766296387
2014-12-23,13.496463775634766
2014-12-24,13.496463775634766
2014-12-29,13.874869346618652
2014-12-30,13.630480766296387
2014-12-31,13.614712715148926
2015-01-02,13.79603099822998
2015-01-05,13.819685935974121
2015-01-06,13.748730659484863
2015-01-07,13.638365745544434
2015-01-08,13.685667991638184
2015-01-09,13.953703880310059
2015-01-12,13.630480766296387
2015-01-13,13.520111083984375
2015-01-14,13.323023796081543
2015-01-15,13.29937744140625
2015-01-16,12.9130859375
2015-01-19,13.267844200134277
2015-01-20,13.141707420349121
2015-01-21,13.504345893859863
2015-01-22,13.449162483215332
2015-01-23,13.583182334899902
2015-01-27,13.96158504486084
2015-01-28,13.859105110168457
2015-01-29,14.008889198303223
2015-01-30,14.071955680847168
2015-02-02,14.13502311706543
2015-02-03,14.292692184448242
2015-02-04,14.300572395324707
2015-02-05,13.953703880310059
2015-02-06,13.953703880310059
2015-02-09,14.182323455810547
2015-02-10,14.190207481384277
2015-02-11,14.237504959106445
2015-02-12,14.245391845703125
2015-02-13,14.615906715393066
2015-02-16,14.76569652557373
2015-02-17,13.480696678161621
2015-02-18,13.84333324432373
2015-02-19,13.874869346618652
2015-02-20,13.685667991638184
2015-02-23,13.811799049377441
2015-02-24,13.693548202514648
2015-02-25,13.72508430480957
2015-02-26,13.638365745544434
2015-02-27,13.630480766296387
2015-03-02,13.654130935668945
2015-03-03,13.66201400756836
2015-03-04,13.654130935668945
2015-03-05,13.66201400756836
2015-03-06,13.685667991638184
2015-03-09,13.567412376403809
2015-03-10,13.567412376403809
2015-03-11,13.543761253356934
2015-03-12,13.985235214233398
2015-03-13,13.99311637878418
2015-03-16,13.859105110168457
2015-03-17,13.740850448608398
2015-03-18,13.772383689880371
2015-03-19,13.96947193145752
2015-03-20,14.071955680847168
2015-03-23,14.07983684539795
2015-03-24,14.150790214538574
2015-03-25,13.93005084991455
2015-03-26,13.732969284057617
2015-03-27,13.78078842163086
2015-03-30,13.509797096252441
2015-03-31,13.645292282104492
2015-04-01,13.342416763305664
2015-04-02,13.509797096252441
2015-04-07,13.422118186950684
2015-04-08,13.485883712768555
2015-04-09,13.533707618713379
2015-04-10,13.557618141174316
2015-04-13,13.44603443145752
2015-04-14,13.390240669250488
2015-04-15,13.485883712768555
2015-04-16,13.613409042358398
2015-04-17,13.382270812988281
2015-04-20,13.143158912658691
2015-04-21,13.135185241699219
2015-04-22,13.10330581665039
2015-04-23,13.079392433166504
2015-04-24,13.390240669250488
2015-04-27,13.390240669250488
2015-04-28,13.43806266784668
2015-04-29,13.135185241699219
2015-04-30,12.951868057250977
2015-05-01,12.951868057250977
2015-05-04,12.975781440734863
2015-05-05,12.912014961242676
2015-05-06,12.720727920532227
2015-05-07,12.545377731323242
2015-05-08,12.505526542663574
2015-05-11,12.417853355407715
2015-05-12,12.696817398071289
2015-05-13,12.800432205200195
2015-05-14,12.63305377960205
2015-05-15,12.800432205200195
2015-05-18,12.664935111999512
2015-05-19,12.63305377960205
2015-05-20,12.919989585876465
2015-05-21,13.230833053588867
2015-05-22,13.294595718383789
2015-05-25,13.342416763305664
2015-05-26,13.44603443145752
2015-05-27,13.350387573242188
2015-05-28,13.461974143981934
2015-05-29,13.485883712768555
2015-06-01,13.43806266784668
2015-06-02,13.198948860168457
2015-06-03,13.111275672912598
2015-06-04,13.071422576904297
2015-06-05,13.159099578857422
2015-06-09,12.999689102172852
2015-06-10,13.031573295593262
2015-06-11,13.238801002502441
2015-06-12,13.127217292785645
2015-06-15,13.230833053588867
2015-06-16,13.023601531982422
2015-06-17,13.159099578857422
2015-06-18,12.96780776977539
2015-06-19,13.151127815246582
2015-06-22,11.533141136169434
2015-06-23,11.580964088439941
2015-06-24,11.222296714782715
2015-06-25,11.246207237243652
2015-06-26,11.05491828918457
2015-06-29,10.983184814453125
2015-06-30,11.206355094909668
2015-07-01,11.17447566986084
2015-07-02,11.333881378173828
2015-07-03,11.477348327636719
2015-07-06,11.373734474182129
2015-07-07,11.54111099243164
2015-07-08,11.134622573852539
2015-07-09,11.30997085571289
2015-07-10,11.501259803771973
2015-07-13,11.182445526123047
2015-07-14,11.262147903442383
2015-07-15,11.493289947509766
2015-07-16,11.477348327636719
2015-07-17,11.612845420837402
2015-07-20,11.724430084228516
2015-07-21,11.875866889953613
2015-07-22,11.74036979675293
2015-07-23,11.7642822265625
2015-07-24,11.716459274291992
2015-07-27,11.636757850646973
2015-07-28,11.453435897827148
2015-07-29,11.557050704956055
2015-07-30,11.859926223754883
2015-07-31,12.03527545928955
2015-08-03,12.09106731414795
2015-08-04,12.194683074951172
2015-08-05,12.011362075805664
2015-08-06,11.987451553344727
2015-08-07,11.716459274291992
2015-08-10,11.85195541381836
2015-08-11,11.644725799560547
2015-08-12,11.302000999450684
2015-08-13,11.238236427307129
2015-08-14,11.134622573852539
2015-08-17,11.198386192321777
2015-08-18,10.983184814453125
2015-08-19,9.779658317565918
2015-08-20,10.265850067138672
2015-08-21,10.042680740356445
2015-08-24,9.540545463562012
2015-08-25,9.747775077819824
2015-08-26,9.60430908203125
2015-08-27,9.811540603637695
2015-08-28,9.835451126098633
2015-08-31,9.835451126098633
2015-09-01,9.731833457946777
2015-09-02,9.70792293548584
2015-09-03,9.676042556762695
2015-09-04,9.668073654174805
2015-09-07,9.56445598602295
2015-09-08,9.644160270690918
2015-09-09,9.803567886352539
2015-09-10,9.56445598602295
2015-09-11,9.532575607299805
2015-09-14,9.548515319824219
2015-09-15,9.357226371765137
2015-09-16,9.502801895141602
2015-09-17,9.6160249710083
2015-09-18,9.737338066101074
2015-09-21,9.527064323425293
2015-09-22,9.70499038696289
2015-09-23,9.656464576721191
2015-09-24,9.656464576721191
2015-09-25,9.737338066101074
2015-09-28,9.923352241516113
2015-09-29,9.624113082885742
2015-09-30,9.70499038696289
2015-10-01,9.858650207519531
2015-10-02,9.915265083312988
2015-10-05,10.093189239501953
2015-10-06,10.068925857543945
2015-10-07,10.068925857543945
2015-10-08,10.351988792419434
2015-10-09,10.376249313354492
2015-10-12,10.343901634216309
2015-10-13,10.287287712097168
2015-10-14,10.271113395690918
2015-10-15,10.392427444458008
2015-10-16,10.521825790405273
2015-10-19,10.449036598205566
2015-10-20,10.4005126953125
2015-10-21,10.254938125610352
2015-10-22,10.17406177520752
2015-10-23,10.457127571105957
2015-10-26,10.457127571105957
2015-10-27,10.424775123596191
2015-10-28,10.360077857971191
2015-10-29,10.21450138092041
2015-10-30,10.376249313354492
2015-11-02,10.529914855957031
2015-11-03,10.72401237487793
2015-11-04,10.942373275756836
2015-11-05,10.796801567077637
2015-11-06,10.91002368927002
2015-11-09,10.804888725280762
2015-11-10,10.796801567077637
2015-11-11,10.893851280212402
2015-11-12,10.966638565063477
2015-11-13,11.00707721710205
2015-11-16,10.885762214660645
2015-11-17,11.112212181091309
2015-11-18,11.144563674926758
2015-11-19,11.427624702453613
2015-11-20,11.468062400817871
2015-11-23,11.710685729980469
2015-11-24,11.645986557006836
2015-11-25,11.605549812316895
2015-11-26,11.654074668884277
2015-11-27,11.209260940551758
2015-11-30,11.225435256958008
2015-12-01,11.51658821105957
2015-12-02,11.435711860656738
2015-12-03,11.403365135192871
2015-12-04,11.209260940551758
2015-12-07,11.37909984588623
2015-12-08,11.322487831115723
2015-12-09,11.371013641357422
2015-12-10,11.330575942993164
2015-12-11,11.314399719238281
2015-12-14,11.265873908996582
2015-12-15,11.346749305725098
2015-12-16,11.565112113952637
2015-12-17,11.937137603759766
2015-12-18,11.726861000061035
2015-12-21,11.686424255371094
2015-12-22,11.90478801727295
2015-12-23,11.937137603759766
2015-12-24,11.985660552978516
2015-12-28,11.985660552978516
2015-12-29,12.179760932922363
2015-12-30,12.349599838256836
2015-12-31,12.438560485839844
2016-01-04,12.147412300109863
2016-01-05,12.009923934936523
2016-01-06,11.783473014831543
2016-01-07,11.395276069641113
2016-01-08,11.2496976852417
2016-01-11,11.306310653686523
2016-01-12,11.087952613830566
2016-01-13,11.273959159851074
2016-01-14,11.104126930236816
2016-01-15,11.314399719238281
2016-01-18,11.104126930236816
2016-01-19,11.241612434387207
2016-01-20,11.322487831115723
2016-01-21,11.298223495483398
2016-01-22,11.403365135192871
2016-01-25,11.71877384185791
2016-01-27,11.589374542236328
2016-01-28,11.645986557006836
2016-01-29,11.710685729980469
2016-02-01,11.945223808288574
2016-02-02,11.75112247467041
2016-02-03,11.532761573791504
2016-02-04,11.16882610321045
2016-02-05,11.063688278198242
2016-02-08,10.893851280212402
2016-02-09,10.440951347351074
2016-02-10,10.149802207946777
2016-02-11,10.230673789978027
2016-02-12,10.004225730895996
2016-02-15,10.07701301574707
2016-02-16,10.376249313354492
2016-02-17,10.707837104797363
2016-02-18,10.998987197875977
2016-02-19,10.869585990905762
2016-02-22,11.00707721710205
2016-02-23,11.112212181091309
2016-02-24,10.78062629699707
2016-02-25,11.629809379577637
2016-02-26,12.398125648498535
2016-02-29,12.551786422729492
2016-03-01,12.826760292053223
2016-03-02,12.608397483825684
2016-03-03,13.020861625671387
2016-03-04,12.802498817443848
2016-03-07,12.818674087524414
2016-03-08,12.875286102294922
2016-03-09,13.134085655212402
2016-03-10,13.077474594116211
2016-03-11,13.093647956848145
2016-03-14,13.198785781860352
2016-03-15,12.826760292053223
2016-03-16,12.68118667602539
2016-03-17,12.697361946105957
2016-03-18,12.430473327636719
2016-03-21,12.373862266540527
2016-03-22,12.535613059997559
2016-03-23,12.559874534606934
2016-03-24,12.705449104309082
2016-03-29,12.559874534606934
2016-03-30,12.810585975646973
2016-03-31,13.085561752319336
2016-04-01,12.988511085510254
2016-04-04,12.867198944091797
2016-04-05,12.695090293884277
2016-04-06,12.875393867492676
2016-04-07,12.809828758239746
2016-04-08,12.703285217285156
2016-04-11,12.678698539733887
2016-04-12,12.621328353881836
2016-04-13,12.572154998779297
2016-04-14,12.457413673400879
2016-04-15,12.736065864562988
2016-04-18,12.834416389465332
2016-04-19,12.973742485046387
2016-04-20,13.236003875732422
2016-04-21,13.440895080566406
2016-04-22,13.285174369812012
2016-04-26,13.195026397705078
2016-04-27,13.039308547973633
2016-04-28,13.367133140563965
2016-04-29,13.416309356689453
2016-05-02,13.522852897644043
2016-05-03,13.768721580505371
2016-05-04,13.735939025878906
2016-05-05,13.793310165405273
2016-05-06,13.916242599487305
2016-05-09,14.063762664794922
2016-05-10,13.555633544921875
2016-05-11,13.473678588867188
2016-05-12,13.383523941040039
2016-05-13,13.391722679138184
2016-05-16,13.35074520111084
2016-05-17,13.432699203491211
2016-05-18,13.145851135253906
2016-05-19,13.162240982055664
2016-05-20,13.195026397705078
2016-05-23,13.162240982055664
2016-05-24,12.850809097290039
2016-05-25,13.154045104980469
2016-05-26,13.129460334777832
2016-05-27,13.18682861328125
2016-05-30,13.2441987991333
2016-05-31,13.358939170837402
2016-06-01,13.276981353759766
2016-06-02,12.842611312866211
2016-06-03,12.973742485046387
2016-06-06,12.908177375793457
2016-06-07,12.86719799041748
2016-06-08,12.736065864562988
2016-06-09,12.842611312866211
2016-06-10,12.916372299194336
2016-06-14,12.686895370483398
2016-06-15,12.61313247680664
2016-06-16,12.76065444946289
2016-06-17,12.899979591369629
2016-06-20,13.203219413757324
2016-06-21,13.18682861328125
2016-06-22,13.276981353759766
2016-06-23,12.555764198303223
2016-06-24,12.195154190063477
2016-06-27,12.268914222717285
2016-06-28,11.98206615447998
2016-06-29,12.0640230178833
2016-06-30,12.46561050415039
2016-07-01,12.416436195373535
2016-07-04,12.416436195373535
2016-07-05,12.416436195373535
2016-07-06,12.162371635437012
2016-07-07,12.293500900268555
2016-07-08,12.482001304626465
2016-07-11,12.539371490478516
2016-07-12,12.86719799041748
2016-07-13,12.785240173339844
2016-07-14,12.940959930419922
2016-07-15,13.088480949401855
2016-07-18,13.236003875732422
2016-07-19,13.178634643554688
2016-07-20,13.45728588104248
2016-07-21,13.276981353759766
2016-07-22,13.301568031311035
2016-07-25,13.514657974243164
2016-07-26,13.449091911315918
2016-07-27,13.473678588867188
2016-07-28,13.563827514648438
2016-07-29,13.686763763427734
2016-08-01,13.629393577575684
2016-08-02,13.391722679138184
2016-08-03,13.129460334777832
2016-08-04,13.18682861328125
2016-08-05,13.154045104980469
2016-08-08,13.178634643554688
2016-08-09,12.916372299194336
2016-08-10,12.940959930419922
2016-08-11,13.047503471374512
2016-08-12,13.227806091308594
2016-08-15,13.227806091308594
2016-08-16,13.285174369812012
2016-08-17,13.547440528869629
2016-08-18,13.522852897644043
2016-08-19,13.547440528869629
2016-08-22,13.408111572265625
2016-08-23,13.449091911315918
2016-08-24,13.391722679138184
2016-08-25,13.326155662536621
2016-08-26,13.10487174987793
2016-08-29,13.096675872802734
2016-08-30,13.13765811920166
2016-08-31,13.170439720153809
2016-09-01,13.178634643554688
2016-09-02,13.227806091308594
2016-09-05,13.211417198181152
2016-09-06,13.088480949401855
2016-09-07,12.949155807495117
2016-09-08,12.80163288116455
2016-09-09,12.662304878234863
2016-09-12,12.416436195373535
2016-09-13,12.350872039794922
2016-09-14,12.432829856872559
2016-09-15,12.482625961303711
2016-09-16,12.881006240844727
2016-09-19,12.739913940429688
2016-09-20,12.690114974975586
2016-09-21,12.665218353271484
2016-09-22,12.889307975769043
2016-09-23,13.038700103759766
2016-09-26,13.129997253417969
2016-09-27,12.889307975769043
2016-09-28,12.97230339050293
2016-09-29,13.113399505615234
2016-09-30,12.914205551147461
2016-10-03,12.96400260925293
2016-10-04,12.947403907775879
2016-10-05,12.856109619140625
2016-10-06,13.04699993133545
2016-10-07,13.022101402282715
2016-10-10,12.897604942321777
2016-10-11,12.831210136413574
2016-10-12,12.690114974975586
2016-10-13,12.715015411376953
2016-10-14,12.839508056640625
2016-10-17,12.806310653686523
2016-10-18,12.881006240844727
2016-10-19,12.839508056640625
2016-10-20,12.897604942321777
2016-10-21,12.914205551147461
2016-10-24,12.706716537475586
2016-10-25,12.723316192626953
2016-10-26,12.44942855834961
2016-10-27,12.38302993774414
2016-10-28,12.175539016723633
2016-10-31,12.150642395019531
2016-11-01,12.042746543884277
2016-11-02,11.793756484985352
2016-11-03,11.685861587524414
2016-11-04,11.627764701843262
2016-11-07,11.810356140136719
2016-11-08,11.85185718536377
2016-11-09,11.536469459533691
2016-11-10,11.959750175476074
2016-11-11,12.00124740600586
2016-11-14,11.84355354309082
2016-11-15,11.92655086517334
2016-11-16,11.909951210021973
2016-11-17,11.968049049377441
2016-11-18,12.067645072937012
2016-11-21,12.117443084716797
2016-11-22,12.283435821533203
2016-11-23,12.308335304260254
2016-11-24,12.366430282592773
2016-11-25,12.44942855834961
2016-11-28,12.424528121948242
2016-11-29,12.258537292480469
2016-11-30,12.291733741760254
2016-12-01,12.482625961303711
2016-12-02,12.258537292480469
2016-12-05,11.976349830627441
2016-12-06,11.968049049377441
2016-12-07,11.92655086517334
2016-12-08,12.158941268920898
2016-12-09,12.233637809753418
2016-12-12,12.175539016723633
2016-12-13,11.951449394226074
2016-12-14,12.125743865966797
2016-12-15,12.117443084716797
2016-12-16,12.308335304260254
2016-12-19,12.241935729980469
2016-12-20,12.258537292480469
2016-12-21,12.366430282592773
2016-12-22,12.424528121948242
2016-12-23,12.407930374145508
2016-12-28,12.366430282592773
2016-12-29,12.374731063842773
2016-12-30,12.349832534790039
2017-01-03,12.540724754333496
2017-01-04,12.39133071899414
2017-01-05,12.482625961303711
2017-01-06,12.540724754333496
2017-01-09,12.6569185256958
2017-01-10,12.607118606567383
2017-01-11,12.598824501037598
2017-01-12,12.590519905090332
2017-01-13,12.557323455810547
2017-01-16,12.507524490356445
2017-01-17,12.324932098388672
2017-01-18,12.250236511230469
2017-01-19,12.233637809753418
2017-01-20,12.175539016723633
2017-01-23,12.059345245361328
2017-01-24,12.034444808959961
2017-01-25,12.059345245361328
2017-01-27,12.117443084716797
2017-01-30,11.99294662475586
2017-01-31,11.984647750854492
2017-02-01,12.009547233581543
2017-02-02,12.026145935058594
2017-02-03,12.00124740600586
2017-02-06,12.009547233581543
2017-02-07,12.125743865966797
2017-02-08,12.158941268920898
2017-02-09,12.200439453125
2017-02-10,12.217039108276367
2017-02-13,12.399628639221191
2017-02-14,12.507524490356445
2017-02-15,12.457728385925293
2017-02-16,12.39133071899414
2017-02-17,13.096796989440918
2017-02-20,13.063597679138184
2017-02-21,12.881006240844727
2017-02-22,13.17979621887207
2017-02-23,13.212992668151855
2017-02-24,13.146596908569336
2017-02-27,13.146596908569336
2017-02-28,13.022101402282715
2017-03-01,12.839508056640625
2017-03-02,12.806310653686523
2017-03-03,12.673516273498535
2017-03-06,12.632019996643066
2017-03-07,12.549022674560547
2017-03-08,12.557323455810547
2017-03-09,12.524123191833496
2017-03-10,12.698417663574219
2017-03-13,12.466026306152344
2017-03-14,12.457728385925293
2017-03-15,12.366430282592773
2017-03-16,12.26683521270752
2017-03-17,12.233637809753418
2017-03-20,12.416230201721191
2017-03-21,12.930804252624512
2017-03-22,12.881006240844727
2017-03-23,12.988903999328613
2017-03-24,12.988903999328613
2017-03-27,12.988903999328613
2017-03-28,13.25002670288086
2017-03-29,13.485883712768555
2017-03-30,13.443768501281738
2017-03-31,13.410074234008789
2017-04-03,13.443768501281738
2017-04-04,13.452189445495605
2017-04-05,13.435342788696289
2017-04-06,13.426920890808105
2017-04-07,13.755434036254883
2017-04-10,13.772279739379883
2017-04-11,13.704891204833984
2017-04-12,13.763855934143066
2017-04-13,13.957592964172363
2017-04-18,14.083948135375977
2017-04-19,13.982866287231445
2017-04-20,14.218717575073242
2017-04-21,14.109214782714844
2017-04-24,14.100791931152344
2017-04-26,14.252413749694824
2017-04-27,14.27768325805664
2017-04-28,14.353495597839355
2017-05-01,14.446155548095703
2017-05-02,14.513543128967285
2017-05-03,14.825206756591797
2017-05-04,14.884172439575195
2017-05-05,14.816783905029297
2017-05-08,14.909440994262695
2017-05-09,15.03579330444336
2017-05-10,15.322190284729004
2017-05-11,15.45695972442627
2017-05-12,15.05263900756836
2017-05-15,15.153716087341309
2017-05-16,15.17056655883789
2017-05-17,15.002098083496094
2017-05-18,15.010519027709961
2017-05-19,14.884172439575195
2017-05-22,14.825206756591797
2017-05-23,14.682012557983398
2017-05-24,14.892595291137695
2017-05-25,14.985252380371094
2017-05-26,14.84205150604248
2017-05-29,14.65673828125
2017-05-30,14.462998390197754
2017-05-31,14.227145195007324
2017-06-01,14.378766059875488
2017-06-02,14.252413749694824
2017-06-05,14.109214782714844
2017-06-06,13.814396858215332
2017-06-07,13.991287231445312
2017-06-08,13.873361587524414
2017-06-09,13.797550201416016
2017-06-13,13.730162620544434
2017-06-14,13.97443962097168
2017-06-15,14.100791931152344
2017-06-16,14.058676719665527
2017-06-19,14.109214782714844
2017-06-20,14.210298538208008
2017-06-21,14.151333808898926
2017-06-22,14.27768325805664
2017-06-23,14.52196216583252
2017-06-26,14.479848861694336
2017-06-27,14.286109924316406
2017-06-28,14.404034614562988
2017-06-29,14.639892578125
2017-06-30,14.24399185180664
2017-07-03,14.058676719665527
2017-07-04,14.201873779296875
2017-07-05,14.286109924316406
2017-07-06,14.210298538208008
2017-07-07,13.999713897705078
2017-07-10,14.269261360168457
2017-07-11,14.328226089477539
2017-07-12,14.151333808898926
2017-07-13,14.361919403076172
2017-07-14,14.462998390197754
2017-07-17,14.597771644592285
2017-07-18,14.52196216583252
2017-07-19,14.564082145690918
2017-07-20,14.732548713684082
2017-07-21,14.707275390625
2017-07-24,14.648313522338867
2017-07-25,14.665159225463867
2017-07-26,14.749395370483398
2017-07-27,14.791513442993164
2017-07-28,14.49669361114502
2017-07-31,14.404034614562988
2017-08-01,14.50511646270752
2017-08-02,14.665159225463867
2017-08-03,14.614619255065918
2017-08-04,14.690433502197266
2017-08-07,14.917863845825195
2017-08-08,14.774665832519531
2017-08-09,14.901015281677246
2017-08-10,14.993674278259277
2017-08-11,14.901015281677246
2017-08-14,14.959982872009277
2017-08-15,15.018946647644043
2017-08-16,14.538811683654785
2017-08-17,14.378766059875488
2017-08-18,14.134486198425293
2017-08-21,14.024978637695312
2017-08-22,14.100791931152344
2017-08-23,14.12606430053711
2017-08-24,14.008132934570312
2017-08-25,13.890210151672363
2017-08-28,13.890210151672363
2017-08-29,13.85651683807373
2017-08-30,13.982866287231445
2017-08-31,14.109214782714844
2017-09-01,14.092368125915527
2017-09-04,14.05025577545166
2017-09-05,13.797550201416016
2017-09-06,13.848091125488281
2017-09-07,13.915478706359863
2017-09-08,13.966019630432129
2017-09-11,14.218717575073242
2017-09-12,14.075522422790527
2017-09-13,14.286109924316406
2017-09-14,14.311694145202637
2017-09-15,14.209346771240234
2017-09-18,14.320226669311523
2017-09-19,14.311694145202637
2017-09-20,14.43110179901123
2017-09-21,14.294635772705078
2017-09-22,14.269050598144531
2017-09-25,14.294635772705078
2017-09-26,14.183758735656738
2017-09-27,14.038765907287598
2017-09-28,14.251992225646973
2017-09-29,14.166703224182129
2017-10-02,14.269050598144531
2017-10-03,14.192289352416992
2017-10-04,13.987591743469238
2017-10-05,14.030238151550293
2017-10-06,14.328753471374512
2017-10-09,14.524920463562012
2017-10-10,14.559038162231445
2017-10-11,14.704029083251953
2017-10-12,14.925785064697266
2017-10-13,15.139012336730957
2017-10-16,15.224300384521484
2017-10-17,15.66780948638916
2017-10-18,15.505753517150879
2017-10-19,15.505753517150879
2017-10-20,15.522818565368652
2017-10-23,15.522818565368652
2017-10-24,15.650751113891602
2017-10-25,15.49722957611084
2017-10-26,15.642223358154297
2017-10-27,15.556931495666504
2017-10-30,15.505753517150879
2017-10-31,15.66780948638916
2017-11-01,15.565460205078125
2017-11-02,15.591047286987305
2017-11-03,15.608105659484863
2017-11-06,15.846921920776367
2017-11-07,16.00897216796875
2017-11-08,15.957795143127441
2017-11-09,16.162492752075195
2017-11-10,16.19660758972168
2017-11-13,16.136903762817383
2017-11-14,16.051618576049805
2017-11-15,15.753098487854004
2017-11-16,15.863977432250977
2017-11-17,16.247783660888672
2017-11-20,16.213668823242188
2017-11-21,16.435422897338867
2017-11-22,16.316017150878906
2017-11-23,16.341602325439453
2017-11-24,16.29042625427246
2017-11-27,16.554828643798828
2017-11-28,16.54629898071289
2017-11-29,15.94926929473877
2017-11-30,15.761630058288574
2017-12-01,15.855447769165039
2017-12-04,16.03455924987793
2017-12-05,15.983384132385254
2017-12-06,15.812800407409668
2017-12-07,15.889564514160156
2017-12-08,15.906621932983398
2017-12-11,15.863977432250977
2017-12-12,15.9407377243042
2017-12-13,15.821331977844238
2017-12-14,15.68486499786377
2017-12-15,15.821331977844238
2017-12-18,15.906621932983398
2017-12-19,16.03455924987793
2017-12-20,15.97485065460205
2017-12-21,15.957795143127441
2017-12-22,16.188079833984375
2017-12-27,16.10279083251953
2017-12-28,16.22219467163086
2017-12-29,16.213668823242188
2018-01-02,15.92367935180664
2018-01-03,15.881032943725586
2018-01-04,16.2392520904541
2018-01-05,16.426891326904297
2018-01-08,16.597471237182617
2018-01-09,16.41836166381836
2018-01-10,16.256309509277344
2018-01-11,16.162492752075195
2018-01-12,16.077205657958984
2018-01-15,16.179550170898438
2018-01-16,16.026031494140625
2018-01-17,16.03455924987793
2018-01-18,15.881032943725586
2018-01-19,16.00897216796875
2018-01-22,16.19660758972168
2018-01-23,16.247783660888672
2018-01-24,16.563358306884766
2018-01-25,16.836284637451172
2018-01-29,16.87893295288086
2018-01-30,16.657175064086914
2018-01-31,16.674230575561523
2018-02-01,17.12627410888672
2018-02-02,17.330965042114258
2018-02-05,17.058042526245117
2018-02-06,16.367191314697266
2018-02-07,16.597471237182617
2018-02-08,16.827756881713867
2018-02-09,16.785110473632812
2018-02-12,16.665706634521484
2018-02-13,17.14333152770996
2018-02-14,16.97275161743164
2018-02-15,17.194507598876953
2018-02-16,17.15186309814453
2018-02-19,17.48448944091797
2018-02-20,16.785110473632812
2018-02-21,16.759523391723633
2018-02-22,17.33949851989746
2018-02-23,17.330965042114258
2018-02-26,17.6124210357666
2018-02-27,17.211563110351562
2018-02-28,17.237146377563477
2018-03-01,16.98980712890625
2018-03-02,16.708351135253906
2018-03-05,17.023921966552734
2018-03-06,17.51007652282715
2018-03-07,17.075098037719727
2018-03-08,17.578310012817383
2018-03-09,17.740360260009766
2018-03-12,17.919471740722656
2018-03-13,17.808595657348633
2018-03-14,17.63801383972168
2018-03-15,17.672128677368164
2018-03-16,17.72330093383789
2018-03-19,17.561248779296875
2018-03-20,17.203033447265625
2018-03-21,17.194507598876953
2018-03-22,17.023921966552734
2018-03-23,16.6315860748291
2018-03-26,16.640222549438477
2018-03-27,16.683401107788086
2018-03-28,16.225730895996094
2018-03-29,16.061655044555664
2018-04-03,15.819872856140137
2018-04-04,15.958033561706543
2018-04-05,16.053020477294922
2018-04-06,16.096202850341797
2018-04-09,16.191186904907227
2018-04-10,16.139373779296875
2018-04-11,16.191186904907227
2018-04-12,16.130739212036133
2018-04-13,16.29481315612793
2018-04-16,16.355257034301758
2018-04-17,16.320716857910156
2018-04-18,16.54523277282715
2018-04-19,16.579776763916016
2018-04-20,16.467517852783203
2018-04-23,16.31208610534668
2018-04-24,16.69203758239746
2018-04-26,16.700672149658203
2018-04-27,16.92519187927246
2018-04-30,16.77838706970215
2018-05-01,16.77838706970215
2018-05-02,17.175609588623047
2018-05-03,17.400129318237305
2018-05-04,17.322410583496094
2018-05-07,17.58147621154785
2018-05-08,17.598745346069336
2018-05-09,17.849163055419922
2018-05-10,17.823259353637695
2018-05-11,17.926881790161133
2018-05-14,17.961427688598633
2018-05-15,17.987333297729492
2018-05-16,18.01323699951172
2018-05-17,17.918251037597656
2018-05-18,17.918251037597656
2018-05-21,17.961427688598633
2018-05-22,17.754180908203125
2018-05-23,17.641921997070312
2018-05-24,17.59010887145996
2018-05-25,17.641921997070312
2018-05-28,17.607379913330078
2018-05-29,17.76280975341797
2018-05-30,17.61601448059082
2018-05-31,17.443307876586914
2018-06-01,17.443307876586914
2018-06-04,17.400129318237305
2018-06-05,17.443307876586914
2018-06-06,17.736907958984375
2018-06-07,18.01323699951172
2018-06-08,18.039140701293945
2018-06-12,18.384553909301758
2018-06-13,18.33274269104004
2018-06-14,18.28093147277832
2018-06-15,18.609073638916016
2018-06-18,18.64361572265625
2018-06-19,18.842226028442383
2018-06-20,18.989028930664062
2018-06-21,19.42943000793457
2018-06-22,19.334436416625977
2018-06-25,19.308530807495117
2018-06-26,19.377614974975586
2018-06-27,19.21354103088379
2018-06-28,19.16172981262207
2018-06-29,18.83359146118164
2018-07-02,18.59180450439453
2018-07-03,18.52271842956543
2018-07-04,18.220483779907227
2018-07-05,18.350013732910156
2018-07-06,18.393192291259766
2018-07-09,18.350013732910156
2018-07-10,18.367284774780273
2018-07-11,18.41909408569336
2018-07-12,18.514083862304688
2018-07-13,18.80768585205078
2018-07-16,18.617706298828125
2018-07-17,18.77314567565918
2018-07-18,18.842226028442383
2018-07-19,19.14446258544922
2018-07-20,19.248088836669922
2018-07-23,18.96312141418457
2018-07-24,19.01493263244629
2018-07-25,18.954483032226562
2018-07-26,19.032201766967773
2018-07-27,19.248088836669922
2018-07-30,18.902673721313477
2018-07-31,18.453636169433594
2018-08-01,18.255027770996094
2018-08-02,18.367284774780273
2018-08-03,18.928579330444336
2018-08-06,17.270599365234375
2018-08-07,17.348318099975586
2018-08-08,17.287874221801758
2018-08-09,17.443307876586914
2018-08-10,17.65918731689453
2018-08-13,17.391496658325195
2018-08-14,17.83189582824707
2018-08-15,18.384553909301758
2018-08-16,18.97175407409668
2018-08-17,19.265356063842773
2018-08-20,19.049474716186523
2018-08-21,18.937213897705078
2018-08-22,18.89403533935547
2018-08-23,18.41909408569336
2018-08-24,18.678152084350586
2018-08-27,18.96312141418457
2018-08-28,19.14446258544922
2018-08-29,18.89403533935547
2018-08-30,19.31716537475586
2018-08-31,19.34307098388672
2018-09-03,19.58485984802246
2018-09-04,19.44669532775879
2018-09-05,19.17900276184082
2018-09-06,18.57453155517578
2018-09-07,18.384553909301758
2018-09-10,18.453636169433594
2018-09-11,18.583166122436523
2018-09-12,18.54826545715332
2018-09-13,18.059696197509766
2018-09-14,18.321430206298828
2018-09-17,18.295259475708008
2018-09-18,18.260360717773438
2018-09-19,18.234188079833984
2018-09-20,17.859031677246094
2018-09-21,17.859031677246094
2018-09-24,17.859031677246094
2018-09-25,18.024799346923828
2018-09-26,17.885210037231445
2018-09-27,18.242910385131836
2018-09-28,18.112043380737305
2018-10-01,17.98990249633789
2018-10-02,17.80668830871582
2018-10-03,17.74561309814453
2018-10-04,17.9113826751709
2018-10-05,18.024799346923828
2018-10-08,17.928829193115234
2018-10-09,17.553674697875977
2018-10-10,17.89393424987793
2018-10-11,17.3006649017334
2018-10-12,17.222145080566406
2018-10-15,16.78592300415039
2018-10-16,16.777198791503906
2018-10-17,16.99530792236328
2018-10-18,16.838268280029297
2018-10-19,16.689952850341797
2018-10-22,16.445663452148438
2018-10-23,16.2799015045166
2018-10-24,16.227554321289062
2018-10-25,15.72153377532959
2018-10-26,15.74770736694336
2018-10-29,15.800052642822266
2018-10-30,15.913471221923828
2018-10-31,15.581940650939941
2018-11-01,15.93092155456543
2018-11-02,16.026887893676758
2018-11-05,15.677912712097168
2018-11-06,15.74770736694336
2018-11-07,15.355108261108398
2018-11-08,15.660462379455566
2018-11-09,15.53831958770752
2018-11-12,15.547043800354004
2018-11-13,15.355108261108398
2018-11-14,15.520869255065918
2018-11-15,15.547043800354004
2018-11-16,15.477249145507812
2018-11-19,15.407451629638672
2018-11-20,15.424899101257324
2018-11-21,15.564495086669922
2018-11-22,16.000720977783203
2018-11-23,15.84367847442627
2018-11-26,15.93092155456543
2018-11-27,16.183927536010742
2018-11-28,16.218826293945312
2018-11-29,16.367149353027344
2018-11-30,16.12285804748535
2018-12-03,16.498010635375977
2018-12-04,16.218826293945312
2018-12-05,15.913471221923828
2018-12-06,15.163166046142578
2018-12-07,14.918880462646484
2018-12-10,14.299442291259766
2018-12-11,14.779289245605469
2018-12-12,15.241686820983887
2018-12-13,15.485970497131348
2018-12-14,15.145718574523926
2018-12-17,15.355108261108398
2018-12-18,15.198062896728516
2018-12-19,15.041022300720215
2018-12-20,14.735664367675781
2018-12-21,14.657142639160156
2018-12-24,14.761838912963867
2018-12-27,14.945052146911621
2018-12-28,15.093369483947754
2018-12-31,14.761838912963867
2019-01-02,14.343064308166504
2019-01-03,14.587348937988281
2019-01-04,14.290715217590332
2019-01-07,14.726943016052246
2019-01-08,14.918880462646484
2019-01-09,15.102091789245605
2019-01-10,15.11954402923584
2019-01-11,14.988676071166992
2019-01-14,14.945052146911621
2019-01-15,15.128266334533691
2019-01-16,15.26785945892334
2019-01-17,15.154441833496094
2019-01-18,15.206789016723633
2019-01-21,15.372552871704102
2019-01-22,15.337655067443848
2019-01-23,15.41617488861084
2019-01-24,15.311484336853027
2019-01-25,15.53831958770752
2019-01-29,15.075916290283203
2019-01-30,15.075916290283203
2019-01-31,14.82291030883789
2019-02-01,14.500105857849121
2019-02-04,14.726943016052246
2019-02-05,15.049747467041016
2019-02-06,15.102091789245605
2019-02-07,15.41617488861084
2019-02-08,15.128266334533691
2019-02-11,15.041022300720215
2019-02-12,15.163166046142578
2019-02-13,15.154441833496094
2019-02-14,14.596074104309082
2019-02-15,14.953775405883789
2019-02-18,14.657142639160156
2019-02-19,14.82291030883789
2019-02-20,14.962503433227539
2019-02-21,14.866537094116211
2019-02-22,14.849084854125977
2019-02-25,14.945052146911621
2019-02-26,15.128266334533691
2019-02-27,16.375873565673828
2019-02-28,16.070514678955078
2019-03-01,15.913471221923828
2019-03-04,15.590667724609375
2019-03-05,15.72153377532959
2019-03-06,15.73897933959961
2019-03-07,15.782607078552246
2019-03-08,15.704084396362305
2019-03-11,15.704084396362305
2019-03-12,15.922201156616211
2019-03-13,15.817503929138184
2019-03-14,15.808778762817383
2019-03-15,16.17520523071289
2019-03-18,16.026887893676758
2019-03-19,15.93092155456543
2019-03-20,16.070514678955078
2019-03-21,15.939645767211914
2019-03-22,15.869854927062988
2019-03-25,15.719551086425781
2019-03-26,15.719551086425781
2019-03-27,15.418951034545898
2019-03-28,15.489683151245117
2019-03-29,15.507363319396973
2019-04-01,15.250970840454102
2019-04-02,15.613454818725586
2019-04-03,15.887533187866211
2019-04-04,15.878687858581543
2019-04-05,15.595771789550781
2019-04-08,15.675342559814453
2019-04-09,15.604616165161133
2019-04-10,15.569252967834473
2019-04-11,15.533884048461914
2019-04-12,15.737231254577637
2019-04-15,15.604616165161133
2019-04-16,15.914056777954102
2019-04-17,15.825642585754395
2019-04-18,15.772599220275879
2019-04-23,15.993627548217773
2019-04-24,16.250017166137695
2019-04-26,16.462203979492188
2019-04-29,16.205812454223633
2019-04-30,16.099720001220703
2019-05-01,16.54177474975586
2019-05-02,16.939626693725586
2019-05-03,17.372848510742188
2019-05-06,17.372848510742188
2019-05-07,17.45241355895996
2019-05-08,17.425891876220703
2019-05-09,17.611557006835938
2019-05-10,17.75301170349121
2019-05-13,17.806060791015625
2019-05-14,17.531982421875
2019-05-15,17.673439025878906
2019-05-16,17.638078689575195
2019-05-17,17.98288345336914
2019-05-20,17.974042892456055
2019-05-21,17.938678741455078
2019-05-22,18.292322158813477
2019-05-23,18.681333541870117
2019-05-24,18.239273071289062
2019-05-27,18.557558059692383
2019-05-28,18.67249298095703
2019-05-29,18.522193908691406
2019-05-30,18.389577865600586
2019-05-31,18.477989196777344
2019-06-03,18.080135345458984
2019-06-04,18.115501403808594
2019-06-05,18.318849563598633
2019-06-06,18.318849563598633
2019-06-07,18.566396713256836
2019-06-11,18.97309112548828
2019-06-12,18.760902404785156
2019-06-13,18.67249298095703
2019-06-14,18.645971298217773
2019-06-17,18.637126922607422
2019-06-18,18.78742790222168
2019-06-19,19.158754348754883
2019-06-20,19.33557891845703
2019-06-21,19.10570526123047
2019-06-24,19.11454963684082
2019-06-25,18.902362823486328
2019-06-26,18.72553825378418
2019-06-27,18.858156204223633
2019-06-28,18.707857131958008
2019-07-01,18.88467788696289
2019-07-02,19.008451461791992
2019-07-03,19.185279846191406
2019-07-04,19.22064208984375
2019-07-05,19.44167137145996
2019-07-08,19.238325119018555
2019-07-09,19.11454963684082
2019-07-10,19.3974666595459
2019-07-11,19.370939254760742
2019-07-12,19.494718551635742
2019-07-15,19.158754348754883
2019-07-16,19.123388290405273
2019-07-17,19.026134490966797
2019-07-18,18.94656753540039
2019-07-19,18.769744873046875
2019-07-22,18.584081649780273
2019-07-23,18.566396713256836
2019-07-24,18.875837326049805
2019-07-25,19.22064208984375
2019-07-26,18.94656753540039
2019-07-29,19.088024139404297
2019-07-30,18.760902404785156
2019-07-31,18.48682975769043
2019-08-01,18.610605239868164
2019-08-02,18.539875030517578
2019-08-05,18.097816467285156
2019-08-06,16.75396728515625
2019-08-07,16.948467254638672
2019-08-08,17.010356903076172
2019-08-09,17.001516342163086
2019-08-12,17.231386184692383
2019-08-13,17.16065788269043
2019-08-14,17.134130477905273
2019-08-15,16.745119094848633
2019-08-16,16.70092010498047
2019-08-19,16.895423889160156
2019-08-20,17.70880889892578
2019-08-21,18.186227798461914
2019-08-22,17.956356048583984
2019-08-23,18.062454223632812
2019-08-26,17.9033145904541
2019-08-27,17.74417495727539
2019-08-28,17.9033145904541
2019-08-29,17.867944717407227
2019-08-30,17.974042892456055
2019-09-02,18.124343872070312
2019-09-03,18.239273071289062
2019-09-04,18.24811553955078
2019-09-05,18.477989196777344
2019-09-06,18.469144821166992
2019-09-09,18.82279396057129
2019-09-10,18.539875030517578
2019-09-11,18.73644256591797
2019-09-12,18.727508544921875
2019-09-13,18.790054321289062
2019-09-16,18.73644256591797
2019-09-17,19.02235984802246
2019-09-18,18.941946029663086
2019-09-19,19.281465530395508
2019-09-20,19.3350772857666
2019-09-23,19.3797550201416
2019-09-24,19.156381607055664
2019-09-25,19.236793518066406
2019-09-26,19.263601303100586
2019-09-27,19.37082290649414
2019-09-30,19.183185577392578
2019-10-01,19.397624969482422
2019-10-02,18.8794002532959
2019-10-03,18.43265151977539
2019-10-04,18.504133224487305
2019-10-07,18.63816261291504
2019-10-08,18.816856384277344
2019-10-09,18.593486785888672
2019-10-10,18.63816261291504
2019-10-11,18.73644256591797
2019-10-14,18.93301010131836
2019-10-15,19.21892738342285
2019-10-16,19.594194412231445
2019-10-17,19.68354034423828
2019-10-18,19.51378059387207
2019-10-21,19.25466537475586
2019-10-22,19.344013214111328
2019-10-23,19.36188507080078
2019-10-24,19.51378059387207
2019-10-25,19.692474365234375
2019-10-28,20.335783004760742
2019-10-29,20.192829132080078
2019-10-30,20.273244857788086
2019-10-31,20.26430320739746
2019-11-01,20.38045883178711
2019-11-04,20.308979034423828
2019-11-05,20.130285263061523
2019-11-06,19.987327575683594
2019-11-07,20.201763153076172
2019-11-08,20.08561134338379
2019-11-11,20.282176971435547
2019-11-12,20.308979034423828
2019-11-13,20.29111099243164
2019-11-14,20.29111099243164
2019-11-15,20.38045883178711
2019-11-18,20.451936721801758
2019-11-19,20.702117919921875
2019-11-20,20.26430320739746
2019-11-21,19.603126525878906
2019-11-22,19.9337158203125
2019-11-25,20.032001495361328
2019-11-26,20.639568328857422
2019-11-27,20.308979034423828
2019-11-28,20.69318199157715
2019-11-29,20.719985961914062
2019-12-02,20.55022430419922
2019-12-03,20.0230655670166
2019-12-04,19.576318740844727
2019-12-05,19.48697280883789
2019-12-06,19.781824111938477
2019-12-09,19.781824111938477
2019-12-10,19.63886260986328
2019-12-11,19.692474365234375
2019-12-12,19.478036880493164
2019-12-13,19.79969596862793
2019-12-16,20.416200637817383
2019-12-17,20.82720375061035
2019-12-18,20.93442726135254
2019-12-19,20.9880313873291
2019-12-20,20.666372299194336
2019-12-23,20.621702194213867
2019-12-24,20.55022430419922
2019-12-27,20.559160232543945
2019-12-30,20.56809425354004
2019-12-31,20.148149490356445
2020-01-02,20.094545364379883
2020-01-03,20.18389129638672
2020-01-06,20.148149490356445
2020-01-07,20.541288375854492
2020-01-08,20.443002700805664
2020-01-09,20.648509979248047
2020-01-10,20.532350540161133
2020-01-13,20.7110538482666
2020-01-14,20.56809425354004
2020-01-15,20.773595809936523
2020-01-16,20.907617568969727
2020-01-17,20.898683547973633
2020-01-20,20.818269729614258
2020-01-21,21.01483917236328
2020-01-22,21.29181480407715
2020-01-23,21.17566680908203
2020-01-24,21.452648162841797
2020-01-28,20.93442726135254
2020-01-29,21.390100479125977
2020-01-30,20.728919982910156
2020-01-31,20.273244857788086
2020-02-03,19.504840850830078
2020-02-04,19.42442512512207
2020-02-05,19.54058265686035
2020-02-06,19.924779891967773
2020-02-07,19.9337158203125
2020-02-10,20.130285263061523
2020-02-11,20.594898223876953
2020-02-12,20.871877670288086
2020-02-13,20.91655158996582
2020-02-14,21.122058868408203
2020-02-17,21.08631706237793
2020-02-18,20.666372299194336
2020-02-19,20.61276626586914
2020-02-20,20.69318199157715
2020-02-21,20.541288375854492
2020-02-24,20.0230655670166
2020-02-25,20.38045883178711
2020-02-26,19.531646728515625
2020-02-27,19.299341201782227
2020-02-28,18.477327346801758
2020-03-02,18.629226684570312
2020-03-03,19.36188507080078
2020-03-04,18.8794002532959
2020-03-05,19.227861404418945
2020-03-06,18.14673614501953
2020-03-09,16.877988815307617
2020-03-10,16.976268768310547
2020-03-11,16.752899169921875
2020-03-12,15.53775691986084
2020-03-13,16.011302947998047
2020-03-16,13.956281661987305
2020-03-17,14.179654121398926
2020-03-18,12.848356246948242
2020-03-19,12.687528610229492
2020-03-20,12.973445892333984
2020-03-23,10.677181243896484
2020-03-24,10.81120491027832
2020-03-25,11.81374740600586
2020-03-26,13.09627914428711
2020-03-27,12.599522590637207
2020-03-30,13.493682861328125
2020-03-31,13.394332885742188
2020-04-01,14.22526741027832
2020-04-02,13.629161834716797
2020-04-03,13.123374938964844
2020-04-06,12.906610488891602
2020-04-07,13.683353424072266
2020-04-08,14.270427703857422
2020-04-09,14.74008846282959
2020-04-14,15.101364135742188
2020-04-15,14.911694526672363
2020-04-16,14.631705284118652
2020-04-17,15.390387535095215
2020-04-20,15.200716018676758
2020-04-21,14.595577239990234
2020-04-22,14.731056213378906
2020-04-23,14.37881088256836
2020-04-24,14.12591552734375
2020-04-27,14.64073657989502
2020-04-28,14.342682838439941
2020-04-29,15.18265151977539
2020-04-30,15.724567413330078
2020-05-01,15.056205749511719
2020-05-04,14.505257606506348
2020-05-05,15.020076751708984
2020-05-06,15.507800102233887
2020-05-07,15.291035652160645
2020-05-08,15.724567413330078
2020-05-11,15.715535163879395
2020-05-12,15.643279075622559
2020-05-13,15.661346435546875
2020-05-14,15.480703353881836
2020-05-15,15.607152938842773
2020-05-18,15.95939826965332
2020-05-19,16.23938751220703
2020-05-20,16.79936408996582
2020-05-21,17.205799102783203
2020-05-22,17.259994506835938
2020-05-25,17.32321548461914
2020-05-26,18.054800033569336
2020-05-27,18.361886978149414
2020-05-28,18.325759887695312
2020-05-29,18.181249618530273
2020-06-01,18.280595779418945
2020-06-02,18.352853775024414
2020-06-03,18.650907516479492
2020-06-04,18.605749130249023
2020-06-05,18.15415382385254
2020-06-09,18.42510986328125
2020-06-10,18.452207565307617
2020-06-11,18.118024826049805
2020-06-12,17.60320472717285
2020-06-15,17.278053283691406
2020-06-16,18.52446174621582
2020-06-17,19.003150939941406
2020-06-18,18.79541778564453
2020-06-19,19.590227127075195
2020-06-22,19.698610305786133
2020-06-23,19.52700424194336
2020-06-24,19.698610305786133
2020-06-25,19.102502822875977
2020-06-26,19.31926727294922
2020-06-29,19.14766502380371
2020-06-30,19.770864486694336
2020-07-01,19.689577102661133
2020-07-02,19.86118507385254
2020-07-03,20.11408042907715
2020-07-06,19.599260330200195
2020-07-07,20.050857543945312
2020-07-08,19.22895050048828
2020-07-09,19.481843948364258
2020-07-10,19.346364974975586
2020-07-13,19.56313133239746
2020-07-14,19.084440231323242
2020-07-15,19.47281265258789
2020-07-16,19.6624813079834
2020-07-17,19.680545806884766
2020-07-20,19.590227127075195
2020-07-21,20.41213035583496
2020-07-22,19.870214462280273
2020-07-23,20.23149299621582
2020-07-24,19.888280868530273
2020-07-27,20.267621994018555
2020-07-28,20.159236907958984
2020-07-29,19.86118507385254
2020-07-30,20.10504913330078
2020-07-31,19.572162628173828
2020-08-03,19.12959861755371
2020-08-04,19.382490158081055
2020-08-05,19.301206588745117
2020-08-06,19.400556564331055
2020-08-07,19.31926727294922
2020-08-10,19.43668556213379
2020-08-11,19.35540008544922
2020-08-12,17.68449592590332
2020-08-13,17.639331817626953
2020-08-14,17.65739631652832
2020-08-17,17.1967716217041
2020-08-18,17.530946731567383
2020-08-19,17.801904678344727
2020-08-20,17.865129470825195
2020-08-21,17.9554500579834
2020-08-24,18.38898277282715
2020-08-25,18.470266342163086
2020-08-26,18.38898277282715
2020-08-27,18.930892944335938
2020-08-28,18.47930335998535
2020-08-31,18.66897201538086
2020-09-01,18.63283920288086
2020-09-02,18.967023849487305
2020-09-03,18.92186737060547
2020-09-04,18.208343505859375
2020-09-07,17.85610008239746
2020-09-08,17.901260375976562
2020-09-09,17.269025802612305
2020-09-10,17.278053283691406
2020-09-11,17.359344482421875
2020-09-14,17.458694458007812
2020-09-15,17.350311279296875
2020-09-16,18.985092163085938
2020-09-17,18.47930335998535
2020-09-18,18.217374801635742
2020-09-21,18.334789276123047
2020-09-22,18.65993881225586
2020-09-23,18.985092163085938
2020-09-24,18.71413230895996
2020-09-25,18.66897201538086
2020-09-28,18.822513580322266
2020-09-29,19.391523361206055
2020-09-30,19.22895050048828
2020-10-01,19.219919204711914
2020-10-02,19.301206588745117
2020-10-05,19.581193923950195
2020-10-06,19.689577102661133
2020-10-07,20.5114803314209
2020-10-08,21.16178321838379
2020-10-09,21.12565040588379
2020-10-12,21.170814514160156
2020-10-13,21.306291580200195
2020-10-14,21.170814514160156
2020-10-15,21.098560333251953
2020-10-16,20.917919158935547
2020-10-19,21.06242561340332
2020-10-20,21.00823974609375
2020-10-21,20.863727569580078
2020-10-22,20.845664978027344
2020-10-23,20.782440185546875
2020-10-26,21.026302337646484
2020-10-27,20.90888786315918
2020-10-28,20.646961212158203
2020-10-29,19.42765235900879
2020-10-30,19.42765235900879
2020-11-02,19.26507568359375
2020-11-03,19.09347152709961
2020-11-04,19.779895782470703
2020-11-05,20.123109817504883
2020-11-06,20.005693435668945
2020-11-09,20.954050064086914
2020-11-10,21.4598331451416
2020-11-11,22.363025665283203
2020-11-12,22.353994369506836
2020-11-13,22.489471435546875
2020-11-16,22.986230850219727
2020-11-17,23.311378479003906
2020-11-18,23.202993392944336
2020-11-19,22.968164443969727
2020-11-20,23.07654571533203
2020-11-23,23.166866302490234
2020-11-24,23.645559310913086
2020-11-25,23.645559310913086
2020-11-26,23.446853637695312
2020-11-27,23.53717613220215
2020-11-30,23.528141021728516
2020-12-01,23.91651725769043
2020-12-02,23.690717697143555
2020-12-03,23.410728454589844
2020-12-04,23.464920043945312
2020-12-07,23.437824249267578
2020-12-08,24.115219116210938
2020-12-09,24.575843811035156
2020-12-10,24.223600387573242
2020-12-11,24.169408798217773
2020-12-14,24.106185913085938
2020-12-15,24.440366744995117
2020-12-16,24.837770462036133
2020-12-17,25.686771392822266
2020-12-18,26.057083129882812
2020-12-21,26.075143814086914
2020-12-22,25.52419662475586
2020-12-23,25.822246551513672
2020-12-24,25.77709197998047
2020-12-29,26.02094841003418
2020-12-30,25.921602249145508
2020-12-31,25.76805877685547
2021-01-04,26.436418533325195
2021-01-05,26.31900405883789
2021-01-06,25.49709701538086
2021-01-07,25.099699020385742
2021-01-08,25.099699020385742
2021-01-11,25.171953201293945
2021-01-12,25.02743911743164
2021-01-13,24.8919620513916
2021-01-14,24.65713119506836
2021-01-15,24.47649574279785
2021-01-18,25.00937843322754
2021-01-19,25.108728408813477
2021-01-20,25.081632614135742
2021-01-21,26.029985427856445
2021-01-22,25.713869094848633
2021-01-25,26.039016723632812
2021-01-27,26.264814376831055
2021-01-28,25.298398971557617
2021-01-29,25.334524154663086
2021-02-01,25.11775779724121
2021-02-02,25.90353775024414
2021-02-03,26.74350929260254
2021-02-04,27.07768440246582
2021-02-05,27.411869049072266
2021-02-08,27.411869049072266
2021-02-09,27.547346115112305
2021-02-10,27.836362838745117
2021-02-11,27.818302154541016
2021-02-12,28.22473907470703
2021-02-15,28.405380249023438
2021-02-16,28.63117790222168
2021-02-17,27.818302154541016
2021-02-18,27.438962936401367
2021-02-19,27.429931640625
2021-02-22,27.4028377532959
2021-02-23,25.460973739624023
2021-02-24,23.47395133972168
2021-02-25,23.492013931274414
2021-02-26,23.21202850341797
2021-03-01,24.15134620666504
2021-03-02,24.0248966217041
2021-03-03,24.042964935302734
2021-03-04,23.61846351623535
2021-03-05,23.464920043945312
2021-03-08,23.57330322265625
2021-03-09,23.80813217163086
2021-03-10,23.979736328125
2021-03-11,24.38617706298828
2021-03-12,24.61197280883789
2021-03-15,24.747455596923828
2021-03-16,24.828737258911133
2021-03-17,25.00937843322754
2021-03-18,25.108728408813477
2021-03-19,24.837770462036133
2021-03-22,24.9100284576416
2021-03-23,24.955184936523438
2021-03-24,25.11775779724121
2021-03-25,25.19001579284668
2021-03-26,25.370655059814453
2021-03-29,25.162921905517578
2021-03-30,25.253238677978516
2021-03-31,25.749996185302734
2021-04-01,26.04804801940918
2021-04-06,26.770599365234375
2021-04-07,27.095748901367188
2021-04-08,27.74604606628418
2021-04-09,28.351186752319336
2021-04-12,28.360219955444336
2021-04-13,28.152481079101562
2021-04-14,27.592504501342773
2021-04-15,27.249296188354492
2021-04-16,27.827335357666016
2021-04-19,28.00797462463379
2021-04-20,27.90862274169922
2021-04-21,27.718950271606445
2021-04-22,28.32408905029297
2021-04-23,28.649240493774414
2021-04-26,28.387313842773438
2021-04-27,28.351186752319336
2021-04-28,28.992448806762695
2021-04-29,28.33312225341797
2021-04-30,27.971845626831055
2021-05-03,27.75507926940918
2021-05-04,28.269899368286133
2021-05-05,27.3938045501709
2021-05-06,26.906082153320312
2021-05-07,27.095748901367188
2021-05-10,27.504913330078125
2021-05-11,26.922992706298828
2021-05-12,26.78660011291504
2021-05-13,26.177404403686523
2021-05-14,26.295610427856445
2021-05-17,25.99555206298828
2021-05-18,26.177404403686523
2021-05-19,25.477279663085938
2021-05-20,25.804609298706055
2021-05-21,26.268327713012695
2021-05-24,26.241052627563477
2021-05-25,27.468542098999023
2021-05-26,27.986818313598633
2021-05-27,27.995912551879883
2021-05-28,28.223224639892578
2021-05-31,27.78678321838379
2021-06-01,27.86861801147461
2021-06-02,28.17776107788086
2021-06-03,27.995912551879883
2021-06-04,27.75041389465332
2021-06-07,27.614025115966797
2021-06-08,27.42308235168457
2021-06-09,27.232139587402344
2021-06-10,28.232315063476562
2021-06-11,28.6051082611084
2021-06-15,29.287050247192383
2021-06-16,29.95079803466797
2021-06-17,29.141572952270508
2021-06-18,30.150840759277344
2021-06-21,29.805320739746094
2021-06-22,30.005361557006836
2021-06-23,30.432706832885742
2021-06-24,29.85079002380371
2021-06-25,30.050819396972656
2021-06-28,29.423437118530273
2021-06-29,29.787139892578125
2021-06-30,30.132658004760742
2021-07-01,29.878067016601562
2021-07-02,30.232677459716797
2021-07-05,29.732587814331055
2021-07-06,28.896074295043945
2021-07-07,29.496177673339844
2021-07-08,29.732587814331055
2021-07-09,29.041555404663086
2021-07-12,29.568920135498047
2021-07-13,29.868968963623047
2021-07-14,29.941715240478516
2021-07-15,29.323421478271484
2021-07-16,28.741498947143555
2021-07-19,27.823150634765625
2021-07-20,28.095930099487305
2021-07-21,27.904983520507812
2021-07-22,27.623117446899414
2021-07-23,27.823150634765625
2021-07-26,27.73222541809082
2021-07-27,27.395803451538086
2021-07-28,26.804786682128906
2021-07-29,27.3321590423584
2021-07-30,26.613842010498047
2021-08-02,27.323060989379883
2021-08-03,27.232139587402344
2021-08-04,26.959362030029297
2021-08-05,26.81388282775879
2021-08-06,26.677494049072266
2021-08-09,26.686586380004883
2021-08-10,27.277599334716797
2021-08-11,26.859344482421875
2021-08-12,26.777509689331055
2021-08-13,27.26850700378418
2021-08-16,27.323060989379883
2021-08-17,27.559465408325195
2021-08-18,28.04137420654297
2021-08-19,28.232315063476562
2021-08-20,27.950448989868164
2021-08-23,28.65057373046875
2021-08-24,28.45962905883789
2021-08-25,28.777868270874023
2021-08-26,29.123382568359375
2021-08-27,28.91425323486328
2021-08-30,29.096105575561523
2021-08-31,29.58710479736328
2021-09-01,29.778047561645508
2021-09-02,30.396339416503906
2021-09-03,30.169029235839844
2021-09-06,29.905344009399414
2021-09-07,30.89642906188965
2021-09-08,30.30191993713379
2021-09-09,29.067157745361328
2021-09-10,29.314111709594727
2021-09-13,29.314111709594727
2021-09-14,28.609838485717773
2021-09-15,28.4634952545166
2021-09-16,28.125078201293945
2021-09-17,28.006179809570312
2021-09-20,27.064102172851562
2021-09-21,27.173856735229492
2021-09-22,27.311054229736328
2021-09-23,27.887277603149414
2021-09-24,27.923858642578125
2021-09-27,28.335447311401367
2021-09-28,28.30801010131836
2021-09-29,28.353740692138672
2021-09-30,28.4634952545166
2021-10-01,28.03361701965332
2021-10-04,28.353740692138672
2021-10-05,28.02446937561035
2021-10-06,28.243980407714844
2021-10-07,28.683008193969727
2021-10-08,29.26837730407715
2021-10-11,28.9573974609375
2021-10-12,28.683008193969727
2021-10-13,29.112890243530273
2021-10-14,29.52447509765625
2021-10-15,29.67996597290039
2021-10-18,29.45130157470703
2021-10-19,29.67081642150879
2021-10-20,29.716552734375
2021-10-21,29.881181716918945
2021-10-22,30.28362274169922
2021-10-25,30.018381118774414
2021-10-26,30.04581642150879
2021-10-27,29.725696563720703
2021-10-28,30.036670684814453
2021-10-29,29.90862464904785
2021-11-01,30.631187438964844
2021-11-02,30.631187438964844
2021-11-03,30.640331268310547
2021-11-04,30.81410789489746
2021-11-05,31.472654342651367
2021-11-08,31.463504791259766
2021-11-09,31.40862274169922
2021-11-10,31.18911361694336
2021-11-11,32.18606948852539
2021-11-12,32.15863037109375
2021-11-15,32.652530670166016
2021-11-16,32.68911361694336
2021-11-17,32.26837921142578
2021-11-18,32.4787483215332
2021-11-19,32.51533508300781
2021-11-22,32.661678314208984
2021-11-23,31.692163467407227
2021-11-24,31.628145217895508
2021-11-25,31.600696563720703
2021-11-26,31.399477005004883
2021-11-29,31.372039794921875
2021-11-30,31.829362869262695
2021-12-01,31.78363609313965
2021-12-02,31.280576705932617
2021-12-03,31.78363609313965
2021-12-06,31.57326316833496
2021-12-07,31.289722442626953
2021-12-08,32.30497360229492
2021-12-09,32.122047424316406
2021-12-10,32.21350860595703
2021-12-13,32.20436096191406
2021-12-14,32.195213317871094
2021-12-15,31.106792449951172
2021-12-16,31.05191993713379
2021-12-17,29.872037887573242
2021-12-20,30.091550827026367
2021-12-21,29.588497161865234
2021-12-22,29.90862464904785
2021-12-23,29.881181716918945
2021-12-24,30.868993759155273
2021-12-29,30.66777229309082
2021-12-30,30.786672592163086
2021-12-31,29.98179054260254
2022-01-04,31.07021713256836
2022-01-05,30.420818328857422
2022-01-06,28.19824981689453
2022-01-07,28.13422966003418
2022-01-10,27.942150115966797
2022-01-11,27.91471290588379
2022-01-12,28.445205688476562
2022-01-13,27.631174087524414
2022-01-14,27.118982315063477
2022-01-17,27.320201873779297
2022-01-18,27.320201873779297
2022-01-19,27.704347610473633
2022-01-20,27.219593048095703
2022-01-21,26.41470718383789
2022-01-24,26.734834671020508
2022-01-25,26.359830856323242
2022-01-27,24.631168365478516
2022-01-28,25.628122329711914
2022-01-31,26.515317916870117
2022-02-01,26.625076293945312
2022-02-02,27.082395553588867
2022-02-03,26.926908493041992
2022-02-04,25.893369674682617
2022-02-07,25.39946174621582
2022-02-08,25.298851013183594
2022-02-09,26.231781005859375
2022-02-10,26.295804977416992
2022-02-11,25.719585418701172
2022-02-14,25.408611297607422
2022-02-15,26.954345703125
2022-02-16,26.533613204956055
2022-02-17,26.149465560913086
2022-02-18,24.87812042236328
2022-02-21,24.978729248046875
2022-02-22,24.576290130615234
2022-02-23,25.3171443939209
2022-02-24,24.009212493896484
2022-02-25,24.676897048950195
2022-02-28,24.393362045288086
2022-03-01,25.893369674682617
2022-03-02,25.847633361816406
2022-03-03,25.719585418701172
2022-03-04,25.216535568237305
2022-03-07,24.658607482910156
2022-03-08,24.76836395263672
2022-03-09,25.015316009521484
2022-03-10,25.993980407714844
2022-03-11,25.436046600341797
2022-03-14,26.094587326049805
2022-03-15,26.27751350402832
2022-03-16,27.402515411376953
2022-03-17,28.07020378112793
2022-03-18,28.381181716918945
2022-03-21,28.16166877746582
2022-03-22,28.234838485717773
2022-03-23,27.967601776123047
2022-03-24,27.6358585357666
2022-03-25,27.774085998535156
2022-03-28,26.695926666259766
2022-03-29,27.027667999267578
2022-03-30,27.755653381347656
2022-03-31,27.479206085205078
2022-04-01,26.62220573425293
2022-04-04,26.907875061035156
2022-04-05,27.00923728942871
2022-04-06,26.53005599975586
2022-04-07,25.885005950927734
2022-04-08,25.894224166870117
2022-04-11,26.2443904876709
2022-04-12,25.977157592773438
2022-04-13,25.802066802978516
2022-04-14,26.133811950683594
2022-04-19,26.01401710510254
2022-04-20,25.92186164855957
2022-04-21,25.700702667236328
2022-04-22,25.40582275390625
2022-04-26,25.31367301940918
2022-04-27,25.304454803466797
2022-04-28,25.110944747924805
2022-04-29,26.152236938476562
2022-05-02,24.816064834594727
2022-05-03,24.93585777282715
2022-05-04,24.705480575561523
2022-05-05,24.981931686401367
2022-05-06,23.323226928710938
2022-05-09,22.668962478637695
2022-05-10,23.50752830505371
2022-05-11,23.599679946899414
2022-05-12,22.346433639526367
2022-05-13,22.862476348876953
2022-05-16,23.406164169311523
2022-05-17,22.392507553100586
2022-05-18,23.29558563232422
2022-05-19,22.779539108276367
2022-05-20,23.129711151123047
2022-05-23,23.424591064453125
2022-05-24,22.438583374023438
2022-05-25,22.272714614868164
2022-05-26,22.512306213378906
2022-05-27,22.715036392211914
2022-05-30,23.387733459472656
2022-05-31,22.346433639526367
2022-06-01,22.337221145629883
2022-06-02,21.821176528930664
2022-06-03,22.19899559020996
2022-06-06,21.66452407836914
2022-06-07,20.964183807373047
2022-06-08,20.99182891845703
2022-06-09,20.577152252197266
2022-06-10,20.485000610351562
2022-06-14,20.005817413330078
2022-06-15,18.641992568969727
2022-06-16,18.45769500732422
2022-06-17,18.107521057128906
2022-06-20,18.024585723876953
2022-06-21,17.886362075805664
2022-06-22,18.033803939819336
2022-06-23,18.66042709350586
2022-06-24,19.67407989501953
2022-06-27,20.485000610351562
2022-06-28,19.913671493530273
2022-06-29,19.36998176574707
2022-06-30,19.35155487060547
2022-07-01,19.102745056152344
2022-07-04,19.498992919921875
2022-07-05,20.19011878967285
2022-07-06,20.577152252197266
2022-07-07,20.807525634765625
2022-07-08,20.62322425842285
2022-07-11,19.66486358642578
2022-07-12,19.581926345825195
2022-07-13,19.968957901000977
2022-07-14,20.50343132019043
2022-07-15,19.959745407104492
2022-07-18,20.328344345092773
2022-07-19,19.793872833251953
2022-07-20,20.558717727661133
2022-07-21,20.97339630126953
2022-07-22,20.715377807617188
2022-07-25,20.245410919189453
2022-07-26,20.088754653930664
2022-07-27,19.85837745666504
2022-07-28,20.660085678100586
2022-07-29,21.13926887512207
2022-08-01,21.517080307006836
2022-08-02,21.176128387451172
2022-08-03,21.360429763793945
2022-08-04,22.16213607788086
2022-08-05,21.67374038696289
2022-08-08,21.22220230102539
2022-08-09,21.894901275634766
2022-08-10,21.53551483154297
2022-08-11,22.705820083618164
2022-08-12,22.346433639526367
2022-08-15,22.457015991210938
2022-08-16,21.305137634277344
2022-08-17,21.600017547607422
2022-08-18,21.093191146850586
2022-08-19,21.148483276367188
2022-08-22,20.457355499267578
2022-08-23,19.720151901245117
2022-08-24,19.793872833251953
2022-08-25,20.042678833007812
2022-08-26,19.66486358642578
2022-08-29,18.826295852661133
2022-08-30,18.964521408081055
2022-08-31,19.22254180908203
2022-09-01,18.771007537841797
2022-09-02,18.973735809326172
2022-09-05,18.90001678466797
2022-09-06,19.259401321411133
2022-09-07,18.793975830078125
2022-09-08,19.510732650756836
2022-09-09,19.28732681274414
2022-09-12,19.538660049438477
2022-09-13,19.966856002807617
2022-09-14,19.641054153442383
2022-09-15,19.482805252075195
2022-09-16,19.22216796875
2022-09-19,18.98945426940918
2022-09-20,18.91498565673828
2022-09-21,18.7474308013916
2022-09-23,17.742107391357422
2022-09-26,18.272695541381836
2022-09-27,18.021366119384766
2022-09-28,18.095834732055664
2022-09-29,18.49610137939453
2022-09-30,17.844499588012695
2022-10-03,17.60247802734375
2022-10-04,18.812589645385742
2022-10-05,19.92030906677246
2022-10-06,19.61312484741211
2022-10-07,19.28732681274414
2022-10-10,18.80328369140625
2022-10-11,18.514719009399414
2022-10-12,18.20753288269043
2022-10-13,18.430938720703125
2022-10-14,18.87775230407715
2022-10-17,18.700889587402344
2022-10-18,20.04132080078125
2022-10-19,19.659671783447266
2022-10-20,19.11046600341797
2022-10-21,18.645038604736328
2022-10-24,19.203550338745117
2022-10-25,19.641054153442383
2022-10-26,19.696903228759766
2022-10-27,19.668977737426758
2022-10-28,19.743446350097656
2022-10-31,20.097171783447266
2022-11-01,20.497440338134766
2022-11-02,20.376428604125977
2022-11-03,20.16233253479004
2022-11-04,20.264724731445312
2022-11-07,20.339195251464844
2022-11-08,20.292652130126953
2022-11-09,19.371103286743164
2022-11-10,19.008068084716797
2022-11-11,20.274036407470703
2022-11-14,20.10647964477539
2022-11-15,20.255416870117188
2022-11-16,19.92961883544922
2022-11-17,20.274036407470703
2022-11-18,20.069242477416992
2022-11-21,19.520042419433594
2022-11-22,19.49211311340332
2022-11-23,19.575895309448242
2022-11-24,20.004087448120117
2022-11-25,19.99477767944336
2022-11-28,20.441587448120117
2022-11-29,20.692920684814453
2022-11-30,20.55328941345215
2022-12-01,21.083879470825195
2022-12-02,21.56792449951172
2022-12-05,21.46552848815918
2022-12-06,21.46552848815918
2022-12-07,20.664995193481445
2022-12-08,20.301963806152344
2022-12-09,20.292652130126953
2022-12-12,20.339195251464844
2022-12-13,20.506750106811523
2022-12-14,20.609140396118164
2022-12-15,20.32057762145996
2022-12-16,20.078554153442383
2022-12-19,20.022705078125
2022-12-20,18.91498565673828
2022-12-21,19.063922882080078
2022-12-22,19.7341365814209
2022-12-23,19.408336639404297
2022-12-28,19.231475830078125
2022-12-29,19.2966365814209
2022-12-30,19.501426696777344
2023-01-03,19.017379760742188
2023-01-04,19.641054153442383
2023-01-05,19.82722282409668
2023-01-06,19.454879760742188
2023-01-09,19.631744384765625
2023-01-10,19.789989471435547
2023-01-11,20.469512939453125
2023-01-12,20.776697158813477
2023-01-13,21.595849990844727
2023-01-16,22.415000915527344
2023-01-17,22.07989501953125
2023-01-18,22.303298950195312
2023-01-19,22.489471435546875
2023-01-20,22.303298950195312
2023-01-23,22.647716522216797
2023-01-24,22.703567504882812
2023-01-25,22.033349990844727
2023-01-27,21.72616958618164
2023-01-30,22.703567504882812
2023-01-31,22.536012649536133
2023-02-01,22.415000915527344
2023-02-02,23.615806579589844
2023-02-03,23.85782814025879
2023-02-06,23.801979064941406
2023-02-07,23.960220336914062
2023-02-08,23.448251724243164
2023-02-09,23.45755958557129
2023-02-10,22.787342071533203
2023-02-13,22.45223617553711
2023-02-14,22.684951782226562
2023-02-15,22.85250473022461
2023-02-16,23.51341438293457
2023-02-17,23.06660270690918
2023-02-20,22.63840675354004
2023-02-21,22.247446060180664
2023-02-22,22.573246002197266
2023-02-23,22.71287727355957
2023-02-24,22.778038024902344
2023-02-27,22.415000915527344
2023-02-28,22.508087158203125
2023-03-01,22.1729793548584
2023-03-02,21.698244094848633
2023-03-03,21.856487274169922
2023-03-06,22.340534210205078
2023-03-07,22.39638328552246
2023-03-08,22.368459701538086
2023-03-09,22.973514556884766
2023-03-10,22.163671493530273
2023-03-13,22.35915184020996
2023-03-14,21.80994415283203
2023-03-15,21.6610107421875
2023-03-16,21.512075424194336
2023-03-17,21.651700973510742
2023-03-20,21.633081436157227
2023-03-21,21.847177505493164
2023-03-22,22.02587127685547
2023-03-23,21.612062454223633
2023-03-24,21.677894592285156
2023-03-27,21.83777618408203
2023-03-28,21.960037231445312
2023-03-29,22.016464233398438
2023-03-30,22.41146469116211
2023-03-31,22.49610710144043
2023-04-03,22.768842697143555
2023-04-04,22.552534103393555
2023-04-05,23.408363342285156
2023-04-06,23.323720932006836
2023-04-11,23.5400333404541
2023-04-12,23.690507888793945
2023-04-13,23.615270614624023
2023-04-14,23.530628204345703
2023-04-17,23.728124618530273
2023-04-18,23.605863571166992
2023-04-19,23.182653427124023
2023-04-20,23.10741424560547
2023-04-21,22.750036239624023
2023-04-24,22.891103744506836
2023-04-26,22.947532653808594
2023-04-27,22.938127517700195
2023-04-28,22.966344833374023
2023-05-01,22.693605422973633
2023-05-02,22.524320602416992
2023-05-03,22.166942596435547
2023-05-04,22.336225509643555
2023-05-05,22.19515609741211
2023-05-08,22.289203643798828
2023-05-09,22.063488006591797
2023-05-10,22.082298278808594
2023-05-11,22.919321060180664
2023-05-12,22.872295379638672
2023-05-15,22.599559783935547
2023-05-16,22.345632553100586
2023-05-17,22.364439010620117
2023-05-18,22.430274963378906
2023-05-19,22.919321060180664
2023-05-22,22.844083786010742
2023-05-23,22.853485107421875
2023-05-24,22.853485107421875
2023-05-25,22.599559783935547
2023-05-26,22.524320602416992
2023-05-29,22.6842041015625
2023-05-30,22.740631103515625
2023-05-31,22.12932586669922
2023-06-01,22.251585006713867
2023-06-02,22.166942596435547
2023-06-05,22.082298278808594
2023-06-06,21.59325408935547
2023-06-07,21.33932876586914
2023-06-08,20.35182762145996
2023-06-09,20.314208984375
2023-06-13,20.5399227142334
2023-06-14,20.314208984375
2023-06-15,20.276588439941406
2023-06-16,20.831470489501953
2023-06-19,20.906709671020508
2023-06-20,20.746828079223633
2023-06-21,20.878494262695312
2023-06-22,20.32361602783203
2023-06-23,20.304807662963867
2023-06-26,20.398853302001953
2023-06-27,20.229568481445312
2023-06-28,19.947425842285156
2023-06-29,20.229568481445312
2023-06-30,20.427066802978516
2023-07-03,20.45528221130371
2023-07-04,20.502304077148438
2023-07-05,21.301706314086914
2023-07-06,21.282896041870117
2023-07-07,20.916114807128906
2023-07-10,20.878494262695312
2023-07-11,21.536827087402344
2023-07-12,21.536827087402344
2023-07-13,22.166942596435547
2023-07-14,22.66539192199707
2023-07-17,22.759441375732422
2023-07-18,22.872295379638672
2023-07-19,23.013368606567383
2023-07-20,22.787654876708984
2023-07-21,21.865989685058594
2023-07-24,22.185749053955078
2023-07-25,22.41146469116211
2023-07-26,22.580751419067383
2023-07-27,23.389556884765625
2023-07-28,23.22027015686035
2023-07-31,23.417770385742188
2023-08-01,23.71872329711914
2023-08-02,23.361343383789062
2023-08-03,23.210866928100586
2023-08-04,23.286104202270508
2023-08-07,23.27669906616211
2023-08-08,23.56824493408203
2023-08-09,24.26419448852539
2023-08-10,23.878602981567383
2023-08-11,24.085506439208984
2023-08-14,24.226577758789062
2023-08-15,23.192058563232422
2023-08-16,22.119918823242188
2023-08-17,22.054088592529297
2023-08-18,22.11051368713379
2023-08-21,21.969444274902344
2023-08-22,21.781347274780273
2023-08-23,21.677894592285156
2023-08-24,21.988250732421875
2023-08-25,21.809560775756836
2023-08-28,21.687299728393555
2023-08-29,21.565038681030273
2023-08-30,22.072893142700195
2023-08-31,21.734325408935547
2023-09-01,21.753131866455078
2023-09-04,21.480396270751953
2023-09-05,21.480396270751953
2023-09-06,21.432891845703125
2023-09-07,21.375890731811523
2023-09-08,21.40439224243164
2023-09-11,21.290388107299805
2023-09-12,21.071880340576172
2023-09-13,20.986373901367188
2023-09-14,20.986373901367188
2023-09-15,21.242889404296875
2023-09-18,20.691864013671875
2023-09-19,20.53985595703125
2023-09-20,20.834367752075195
2023-09-21,20.59685707092285
2023-09-22,20.511356353759766
2023-09-25,20.872371673583984
2023-09-26,20.701364517211914
2023-09-27,20.9008731842041
2023-09-28,20.672863006591797
2023-09-29,20.967376708984375
2023-10-02,21.05287742614746
2023-10-03,20.691864013671875
2023-10-04,20.30234718322754
2023-10-05,20.815366744995117
2023-10-06,20.853370666503906
2023-10-09,20.891368865966797
2023-10-10,21.318889617919922
2023-10-11,21.603899002075195
2023-10-12,22.297428131103516
2023-10-13,21.9459171295166
2023-10-16,21.52789878845215
2023-10-17,21.812908172607422
2023-10-18,21.727407455444336
2023-10-19,21.318889617919922
2023-10-20,20.891368865966797
2023-10-23,20.65386199951172
2023-10-24,20.406850814819336
2023-10-25,20.235843658447266
2023-10-26,19.751323699951172
2023-10-27,19.437807083129883
2023-10-30,19.437807083129883
2023-10-31,19.580318450927734
2023-11-01,19.73232078552246
2023-11-02,20.558856964111328
2023-11-03,20.71086311340332
2023-11-06,20.957874298095703
2023-11-07,20.986373901367188
2023-11-08,21.280885696411133
2023-11-09,21.30938720703125
2023-11-10,20.691864013671875
2023-11-13,20.444852828979492
2023-11-14,20.891368865966797
2023-11-15,22.145421981811523
2023-11-16,22.02191925048828
2023-11-17,22.02191925048828
2023-11-20,22.316431045532227
2023-11-21,22.439937591552734
2023-11-22,21.898412704467773
2023-11-23,21.869911193847656
2023-11-24,21.74640655517578
2023-11-27,21.641902923583984
2023-11-28,21.660903930664062
2023-11-29,22.211925506591797
2023-11-30,22.68694496154785
2023-12-01,22.639442443847656
2023-12-04,22.97195816040039
2023-12-05,22.57294273376465
2023-12-06,23.313974380493164
2023-12-07,23.56098175048828
2023-12-08,23.5894832611084
2023-12-11,23.361474990844727
2023-12-12,23.34247589111328
2023-12-13,23.304471969604492
2023-12-14,23.902997970581055
2023-12-15,23.8649959564209
2023-12-18,23.988500595092773
2023-12-19,24.463518142700195
2023-12-20,24.79603385925293
2023-12-21,24.71053123474121
2023-12-22,24.824535369873047
2023-12-27,25.062044143676758
2023-12-28,25.252052307128906
2023-12-29,25.39455795288086
2024-01-02,25.527563095092773
2024-01-03,24.625028610229492
2024-01-04,24.625028610229492
2024-01-05,24.53002166748047
2024-01-08,24.37801742553711
2024-01-09,24.748531341552734
2024-01-10,24.65353012084961
2024-01-11,24.71053123474121
2024-01-12,24.606027603149414
2024-01-15,24.61552619934082
2024-01-16,24.28301239013672
2024-01-17,23.703489303588867
2024-01-18,23.61798667907715
2024-01-19,23.969497680664062
2024-01-22,24.064502716064453
2024-01-23,24.27351188659668
2024-01-24,24.226011276245117
2024-01-25,24.28301239013672
2024-01-29,23.912498474121094
2024-01-30,24.045501708984375
2024-01-31,24.178510665893555
2024-02-01,23.712989807128906
2024-02-02,24.729530334472656
2024-02-05,24.672529220581055
2024-02-06,24.53002166748047
2024-02-07,24.72003173828125
2024-02-08,24.91954231262207
2024-02-09,25.413562774658203
2024-02-12,25.49906349182129
2024-02-13,24.340015411376953
2024-02-14,23.06696319580078
2024-02-15,23.522981643676758
2024-02-16,24.08350372314453
2024-02-19,24.11200523376465
2024-02-20,24.900537490844727
2024-02-21,24.587024688720703
2024-02-22,24.330516815185547
2024-02-23,24.102508544921875
2024-02-26,24.330516815185547
2024-02-27,24.340015411376953
2024-02-28,24.54902458190918
2024-02-29,24.91954231262207
2024-03-01,24.79603385925293
2024-03-04,24.948040008544922
2024-03-05,24.986042022705078
2024-03-06,24.948040008544922
2024-03-07,25.15704917907715
2024-03-08,25.746074676513672
2024-03-11,25.214054107666016
2024-03-12,25.280553817749023
2024-03-13,25.55606460571289
2024-03-14,24.995542526245117
2024-03-15,24.340015411376953
2024-03-18,24.31151580810547
2024-03-19,24.359371185302734
2024-03-20,24.18708610534668
2024-03-21,24.00522804260254
2024-03-22,24.13922691345215
2024-03-25,24.254085540771484
2024-03-26,23.670225143432617
2024-03-27,23.804227828979492
2024-03-28,23.976512908935547
2024-04-02,23.56494140625
2024-04-03,22.92365074157715
2024-04-04,23.210796356201172
2024-04-05,23.086366653442383
2024-04-08,23.42136573791504
2024-04-09,23.59365463256836
2024-04-10,24.158370971679688
2024-04-11,23.68937110900879
2024-04-12,23.880800247192383
2024-04-15,23.708511352539062
2024-04-16,23.363937377929688
2024-04-17,23.13422393798828
2024-04-18,22.97150993347168
2024-04-19,22.71308135986328
2024-04-22,23.928653717041016
2024-04-23,23.9382266998291
2024-04-24,23.880800247192383
2024-04-26,23.000225067138672
2024-04-29,23.25865364074707
2024-04-30,23.22994041442871
2024-05-01,22.674795150756836
2024-05-02,22.36850929260254
2024-05-03,22.770509719848633
2024-05-06,22.904510498046875
2024-05-07,23.15336799621582
2024-05-08,22.703506469726562
2024-05-09,22.35893440246582
2024-05-10,22.43550682067871
2024-05-13,22.30150604248047
2024-05-14,21.870792388916016
2024-05-15,21.822933197021484
2024-05-16,21.94736099243164
2024-05-17,21.784648895263672
2024-05-20,22.062219619750977
2024-05-21,22.43550682067871
2024-05-22,21.86121940612793
2024-05-23,21.91864776611328
2024-05-24,21.478361129760742
2024-05-27,21.277360916137695
2024-05-28,21.353931427001953
2024-05-29,21.258214950561523
2024-05-30,21.39221954345703
2024-05-31,21.478361129760742
2024-06-03,21.746360778808594
2024-06-04,21.708078384399414
2024-06-05,22.760936737060547
2024-06-06,22.129222869873047
2024-06-07,22.19622230529785
2024-06-11,21.86121940612793
2024-06-12,21.851648330688477
2024-06-13,22.36850929260254
2024-06-14,22.07179069519043
2024-06-17,22.01436424255371
2024-06-18,21.93779182434082
2024-06-19,21.727218627929688
2024-06-20,21.459217071533203
2024-06-21,21.401790618896484
2024-06-24,21.02850341796875
2024-06-25,21.095504760742188
2024-06-26,20.827503204345703
2024-06-27,20.750930786132812
2024-06-28,20.44464111328125
2024-07-01,20.20535659790039
2024-07-02,20.02349853515625
2024-07-03,19.487499237060547
2024-07-04,19.219497680664062
2024-07-05,19.391782760620117
2024-07-08,19.142925262451172
2024-07-09,18.989782333374023
2024-07-10,19.08549690246582
2024-07-11,19.20035171508789
2024-07-12,19.832069396972656
2024-07-15,20.616931915283203
2024-07-16,20.58821678161621
2024-07-17,20.521215438842773
2024-07-18,20.482927322387695
2024-07-19,20.368072509765625
2024-07-22,19.99478530883789
2024-07-23,19.879926681518555
2024-07-24,19.65978240966797
2024-07-25,19.3343563079834
2024-07-26,19.7076416015625
2024-07-29,19.79378318786621
2024-07-30,19.88949966430664
2024-07-31,21.02850341796875
2024-08-01,21.583646774291992
2024-08-02,21.0859317779541
2024-08-05,20.33935546875
2024-08-06,19.65021324157715
2024-08-07,20.11921501159668
2024-08-08,20.157499313354492
2024-08-09,20.87535858154297
2024-08-12,21.181644439697266
2024-08-13,19.774641036987305
2024-08-14,19.487499237060547
2024-08-15,20.138355255126953
2024-08-16,20.98064422607422
2024-08-19,20.894502639770508
2024-08-20,20.51164436340332
2024-08-21,20.645641326904297
2024-08-22,20.789215087890625
2024-08-23,21.181644439697266
2024-08-26,22.110078811645508
2024-08-27,22.50250816345215
2024-08-28,22.253650665283203
2024-08-29,22.0909366607666
2024-08-30,22.062219619750977
2024-09-02,21.94736099243164
2024-09-03,21.93779182434082
2024-09-04,21.272716522216797
2024-09-05,21.629352569580078
2024-09-06,21.754653930664062
2024-09-09,22.14020347595215
2024-09-10,22.188396453857422
2024-09-11,21.88959503173828
2024-09-12,22.11128807067871
2024-09-13,21.5426025390625
2024-09-16,21.928152084350586
2024-09-17,22.149843215942383
2024-09-18,22.20767593383789
2024-09-19,22.477561950683594
2024-09-20,23.373964309692383
2024-09-23,23.190826416015625
2024-09-24,23.547462463378906
2024-09-25,23.36432456970215
2024-09-26,23.95229148864746
2024-09-27,23.971567153930664
2024-09-30,23.95229148864746
2024-10-01,23.817344665527344
2024-10-02,23.72096061706543
2024-10-03,23.865541458129883
2024-10-04,24.039037704467773
2024-10-07,24.06795310974121
2024-10-08,24.106510162353516
2024-10-09,24.25109100341797
2024-10-10,24.106510162353516
2024-10-11,24.06795310974121
2024-10-14,24.328201293945312
2024-10-15,24.212535858154297
2024-10-16,23.479991912841797
2024-10-17,24.15470314025879
2024-10-18,24.05831527709961
2024-10-21,24.704111099243164
2024-10-22,24.164342880249023
2024-10-23,24.270368576049805
2024-10-24,24.665555953979492
2024-10-25,24.62700080871582
2024-10-28,24.52097511291504
2024-10-29,23.865541458129883
2024-10-30,23.923372268676758
2024-10-31,24.039037704467773
2024-11-01,23.55710220336914
2024-11-04,23.846263885498047
2024-11-05,23.846263885498047
2024-11-06,24.260730743408203
2024-11-07,24.029399871826172
2024-11-08,24.202896118164062
2024-11-11,23.78843116760254
2024-11-12,24.270368576049805
2024-11-13,24.15470314025879
2024-11-14,24.4920597076416
2024-11-15,24.675195693969727
2024-11-18,24.61736297607422
2024-11-19,25.484851837158203
2024-11-20,25.581239700317383
2024-11-21,26.130645751953125
2024-11-22,25.822206497192383
2024-11-25,25.59087371826172
2024-11-26,25.4462947845459
2024-11-27,25.436655044555664
2024-11-28,25.34027099609375
2024-11-29,25.17641258239746
2024-12-02,25.398101806640625
2024-12-03,25.41737937927246
2024-12-04,25.34990882873535
2024-12-05,25.108938217163086
2024-12-06,24.781221389770508
2024-12-09,24.839054107666016
2024-12-10,24.18362045288086
2024-12-11,24.106510162353516
2024-12-12,23.518545150756836
2024-12-13,23.672765731811523
2024-12-16,22.949859619140625
2024-12-17,23.142635345458984
2024-12-18,22.978776931762695
2024-12-19,22.56431007385254
2024-12-20,21.5329647064209
2024-12-23,21.957069396972656
2024-12-24,22.284786224365234
2024-12-27,22.304061889648438
2024-12-30,22.120927810668945
2024-12-31,21.754653930664062
2025-01-02,21.812484741210938
2025-01-03,21.59079360961914
2025-01-06,21.330547332763672
2025-01-07,21.44621467590332
2025-01-08,21.34982681274414
2025-01-09,21.176328659057617
2025-01-10,20.98355484008789
2025-01-13,20.646198272705078
2025-01-14,21.330547332763672
2025-01-15,20.91608428955078
2025-01-16,21.523324966430664
2025-01-17,21.25343894958496
2025-01-20,21.0413875579834
2025-01-21,21.619712829589844
2025-01-22,21.2823543548584
2025-01-23,20.993194580078125
2025-01-24,21.11849594116211
2025-01-28,21.359466552734375
2025-01-29,22.255870819091797
2025-01-30,22.41008949279785
2025-01-31,22.130563735961914
2025-02-03,22.236591339111328
2025-02-04,22.236591339111328
2025-02-05,22.217313766479492
2025-02-06,22.255870819091797
2025-02-07,22.46792221069336
2025-02-10,22.496837615966797
2025-02-11,22.911304473876953
2025-02-12,22.795639038085938
2025-02-13,23.123355865478516
2025-02-14,23.62457275390625
2025-02-17,23.354686737060547
2025-02-18,23.778793334960938
2025-02-19,25.147493362426758
2025-02-20,24.694473266601562
2025-02-21,24.52097511291504
2025-02-24,25.186050415039062
2025-02-25,23.470354080200195
2025-02-26,22.978776931762695
2025-02-27,23.171552658081055
2025-02-28,23.11371612548828
2025-03-03,23.470354080200195
2025-03-04,23.518545150756836
2025-03-05,23.277576446533203
2025-03-06,23.36432456970215
2025-03-07,22.419727325439453
2025-03-10,22.323341369628906
2025-03-11,22.00526237487793
2025-03-12,21.552242279052734
2025-03-13,21.716100692749023
2025-03-14,21.831764221191406
2025-03-17,22.236591339111328
2025-03-18,22.324251174926758
2025-03-19,22.538532257080078
2025-03-20,22.33399200439453
2025-03-21,22.460613250732422
2025-03-24,22.63593292236328
2025-03-25,22.606714248657227
2025-03-26,22.723594665527344
2025-03-27,22.509315490722656
2025-03-28,21.720365524291992
2025-03-31,20.843759536743164
2025-04-01,21.126222610473633
2025-04-02,21.19440460205078
2025-04-03,20.95090103149414
2025-04-04,19.85027313232422
2025-04-07,19.022367477416992
2025-04-08,19.928192138671875
2025-04-09,19.217166900634766
2025-04-10,20.493118286132812
2025-04-11,20.210655212402344
2025-04-14,20.366497039794922
2025-04-15,20.31779670715332
2025-04-16,20.210655212402344
2025-04-17,19.82105255126953
2025-04-22,19.207427978515625
2025-04-23,20.40545654296875
2025-04-24,20.483379364013672
2025-04-28,20.619739532470703
2025-04-29,20.765840530395508
2025-04-30,20.756099700927734
2025-05-01,21.10674285888672
2025-05-02,20.756099700927734
2025-05-05,20.38597869873047
2025-05-06,20.434677124023438
2025-05-07,20.103513717651367
2025-05-08,20.668439865112305
2025-05-09,20.98012351989746
2025-05-12,21.009340286254883
2025-05-13,21.467126846313477
2025-05-14,21.720365524291992
2025-05-15,21.603487014770508
2025-05-16,21.99308967590332
2025-05-19,21.642446517944336
2025-05-20,21.57426643371582
2025-05-21,23.074237823486328
2025-05-22,22.947616577148438
2025-05-23,23.0839786529541
2025-05-26,23.13267707824707
2025-05-27,23.181377410888672
2025-05-28,23.50279998779297
2025-05-29,23.600202560424805
2025-05-30,23.67812156677246
2025-06-02,23.580720901489258
2025-06-03,23.61968231201172
2025-06-04,23.298259735107422
2025-06-05,23.54176139831543
2025-06-06,23.152158737182617
2025-06-10,23.385921478271484
2025-06-11,23.37618064880371
2025-06-12,23.220340728759766
2025-06-13,23.035276412963867
2025-06-16,23.356698989868164
2025-06-17,23.210599899291992
2025-06-18,23.28851890563965
2025-06-19,23.152158737182617
2025-06-20,23.366439819335938
2025-06-23,23.16189956665039
2025-06-24,23.33721923828125
2025-06-25,23.25929832458496
2025-06-26,23.239818572998047
2025-06-27,23.717084884643555
2025-06-30,23.424880981445312
2025-07-01,23.37618064880371
2025-07-02,23.775522232055664
2025-07-03,23.551502227783203
2025-07-04,23.668380737304688
2025-07-07,23.863183975219727
2025-07-08,23.833961486816406
2025-07-09,23.609941482543945
2025-07-10,23.454099655151367
2025-07-11,23.366439819335938
2025-07-14,23.33721923828125
2025-07-15,23.609941482543945
2025-07-16,23.37618064880371
2025-07-17,23.532020568847656
2025-07-18,23.687862396240234
2025-07-21,23.668380737304688
2025-07-22,23.561241149902344
2025-07-23,23.687862396240234
2025-07-24,23.561241149902344
2025-07-25,23.415142059326172
2025-07-28,23.65864372253418
2025-07-29,23.512540817260742
2025-07-30,23.415142059326172
2025-07-31,23.609941482543945
2025-08-01,23.4054012298584
2025-08-04,23.54176139831543
2025-08-05,23.775522232055664
2025-08-06,23.941102981567383
2025-08-07,23.980066299438477
2025-08-08,23.970325469970703
2025-08-11,23.863183975219727
2025-08-12,23.765783309936523
2025-08-13,24.41836929321289
2025-08-14,24.437849044799805
2025-08-15,24.50602912902832
2025-08-18,25.00277328491211
2025-08-19,26.999486923217773
2025-08-20,27.65207290649414
2025-08-21,27.954017639160156
2025-08-22,27.447532653808594
2025-08-25,27.32090950012207
2025-08-26,27.252729415893555
2025-08-27,27.194290161132812
2025-08-28,27.028709411621094
2025-08-29,27.038448333740234
2025-09-01,26.580665588378906
2025-09-02,26.68780517578125
2025-09-03,26.128128051757812
2025-09-04,26.265592575073242
2025-09-05,26.530704498291016
2025-09-08,26.589616775512695
2025-09-09,26.589616775512695
2025-09-10,26.6976261138916
2025-09-11,26.658349990844727
2025-09-12,27.492958068847656
2025-09-15,27.59114646911621
2025-09-16,28.14100456237793
2025-09-17,28.35702133178711
2025-09-18,28.366840362548828
2025-09-19,28.543581008911133
2025-09-22,28.386478424072266
2025-09-23,28.65159034729004
2025-09-24,28.14100456237793
2025-09-25,28.111547470092773
2025-09-26,27.60096549987793
2025-09-29,28.003541946411133
2025-09-30,27.993722915649414
2025-10-01,28.07227325439453
2025-10-02,27.767887115478516
2025-10-03,28.08209228515625
2025-10-06,27.9348087310791
2025-10-07,27.53223419189453
2025-10-08,27.434043884277344
2025-10-09,27.208208084106445
2025-10-10,27.483139038085938
2025-10-13,26.96273422241211
2025-10-14,27.218027114868164
2025-10-15,26.923460006713867
2025-10-16,27.100200653076172
2025-10-17,26.746719360351562
2025-10-20,26.766357421875
2025-10-21,27.168933868408203
2025-10-22,27.100200653076172
2025-10-23,27.33585548400879
2025-10-24,27.25730323791504
2025-10-27,27.100200653076172
2025-10-28,27.640241622924805
2025-10-29,27.041288375854492
2025-10-30,26.50124740600586
2025-10-31,26.609254837036133
2025-11-03,26.70744514465332
2025-11-04,26.511066436767578
2025-11-05,26.177223205566406
2025-11-06,25.863018035888672
2025-11-07,25.990663528442383
2025-11-10,25.430984497070312
2025-11-11,25.705915451049805
2025-11-12,25.40152931213379
2025-11-13,24.861488342285156
2025-11-14,24.69456672668457
2025-11-17,25.18551254272461
2025-11-18,24.174165725708008
2025-11-19,24.341087341308594
2025-11-20,24.674928665161133
2025-11-21,24.478551864624023
2025-11-24,24.998952865600586
2025-11-25,24.478551864624023
2025-11-26,23.86977767944336
2025-11-27,24.056337356567383
2025-11-28,24.036699295043945
2025-12-01,23.66358184814453
2025-12-02,23.565391540527344
2025-12-03,23.997425079345703
2025-12-04,23.634124755859375
2025-12-05,23.437746047973633
2025-12-08,23.45738410949707
2025-12-09,23.202091217041016
2025-12-10,22.995895385742188
2025-12-11,22.48531150817871
2025-12-12,22.465673446655273
2025-12-15,22.4263973236084
2025-12-16,22.328208923339844
2025-12-17,22.36748504638672
2025-12-18,22.652233123779297
2025-12-19,22.730783462524414
2025-12-22,23.231548309326172
2025-12-23,23.1235408782959
2025-12-24,22.563861846923828
2025-12-29,22.799516677856445
2025-12-30,22.770061492919922
2025-12-31,22.70132827758789
2026-01-02,22.956619262695312
2026-01-05,22.573680877685547
2026-01-06,22.4263973236084
2026-01-07,22.671871185302734
2026-01-08,23.005714416503906
2026-01-09,22.819154739379883
2026-01-12,22.83879280090332
2026-01-13,22.75042152404785
2026-01-14,22.475492477416992
2026-01-15,22.50494956970215
2026-01-16,22.43621826171875
2026-01-19,22.279115676879883
2026-01-20,22.603139877319336
2026-01-21,21.748891830444336
2026-01-22,22.171106338500977
2026-01-23,22.50494956970215
2026-01-27,22.396940231323242
2026-01-28,21.80780601501465
2026-01-29,21.159757614135742
2026-01-30,20.590261459350586
2026-02-02,20.41352081298828
2026-02-03,20.600080490112305
2026-02-04,18.91122817993164
2026-02-05,19.274526596069336
2026-02-06,17.978429794311523
2026-02-09,17.74277687072754
2026-02-10,18.381004333496094
2026-02-11,18.214082717895508
2026-02-12,17.094728469848633
2026-02-13,15.5531587600708
2026-02-16,16.790342330932617
2026-02-17,16.2404842376709
2026-02-18,15.808450698852539
2026-02-19,16.15211296081543
2026-02-20,15.975372314453125
2026-02-23,15.896821022033691
2026-02-24,15.543339729309082
2026-02-25,15.778993606567383
2026-02-26,16.33867073059082
2026-02-27,16.260120391845703
2026-03-02,15.828088760375977
2026-03-03,15.484426498413086
2026-03-04,15.769174575805664
2026-03-05,16.0833797454834
2026-03-06,16.62342071533203
2026-03-09,16.112836837768555
2026-03-10,15.543339729309082
2026-03-11,15.229134559631348
2026-03-12,14.905110359191895
2026-03-13,14.797101974487305
2026-03-16,14.639999389648438
2026-03-17,14.600000381469727
2026-03-18,14.520000457763672
2026-03-19,14.079999923706055
2026-03-20,14.4399995803833
2026-03-23,14.670000076293945
2026-03-24,14.289999961853027
2026-03-25,14.270000457763672
2026-03-26,13.850000381469727
2026-03-27,13.729999542236328
2026-03-30,13.369999885559082
2026-03-31,13.949999809265137
2026-04-01,14.4399995803833
2026-04-02,13.84000015258789
2026-04-07,14.15999984741211
2026-04-08,15.25
2026-04-09,14.829999923706055
2026-04-10,14.649999618530273
2026-04-13,14.680000305175781
2026-04-14,14.489999771118164
2026-04-15,14.350000381469727
2026-04-16,15.369999885559082
2026-04-17,15.470000267028809
2026-04-20,15.4399995803833
2026-04-21,15.329999923706055
2026-04-22,15.0
2026-04-23,14.800000190734863
2026-04-24,14.65999984741211
2026-04-27,14.489999771118164
2026-04-28,14.0600004196167
2026-04-29,13.640000343322754
2026-04-30,13.84000015258789
2026-05-01,13.84000015258789
2026-05-04,13.869999885559082
2026-05-05,13.899999618530273
2026-05-06,13.6899995803833
2026-05-07,13.9399995803833
2026-05-08,14.0
2026-05-11,13.850000381469727
2026-05-12,13.300000190734863
2026-05-13,13.470000267028809
2026-05-14,13.170000076293945
2026-05-15,13.359999656677246
2026-05-18,13.510000228881836
2026-05-19,13.970000267028809
2026-05-20,13.539999961853027
2026-05-21,13.5
2026-05-22,12.710000038146973
2026-05-25,12.079999923706055
2026-05-26,12.050000190734863
2026-05-27,12.300000190734863
2026-05-28,11.819999694824219
2026-05-29,12.40999984741211
2026-06-01,12.3100004196167
2026-06-02,13.170000076293945
2026-06-03,13.149999618530273
2026-06-04,12.989999771118164
2026-06-05,12.949999809265137
2026-06-09,13.329999923706055
2026-06-10,13.489999771118164
2026-06-11,13.539999961853027
2026-06-12,13.680000305175781
2026-06-15,13.789999961853027
2026-06-16,13.710000038146973
2026-06-17,13.9399995803833
2026-06-18,13.34000015258789
2026-06-19,13.630000114440918
2026-06-22,12.890000343322754
2026-06-23,12.550000190734863
2026-06-24,12.75
2026-06-25,12.630000114440918
2026-06-26,12.609999656677246
2026-06-29,13.210000038146973
2026-06-30,13.449999809265137
2026-07-01,13.229999542236328
2026-07-02,13.050000190734863
2026-07-03,13.3100004196167
2026-07-06,13.170000076293945
2026-07-07,13.4399995803833
2026-07-08,13.329999923706055
2026-07-09,13.359999656677246
2026-07-10,13.300000190734863
2026-07-13,13.260000228881836
2026-07-14,13.920000076293945
2026-07-15,14.039999961853027
2026-07-16,14.220000267028809
2026-07-17,14.109999656677246
2026-07-20,14.039999961853027
2026-07-21,14.09000015258789
2026-07-22,13.779999732971191
2026-07-23,13.100000381469727
2026-07-24,12.890000343322754
2026-07-27,13.15999984741211
2026-07-28,14.0600004196167
2026-07-29,14.680000305175781
2026-07-30,14.84000015258789
2026-07-31,14.6899995803833
2026-08-03,14.680000305175781
2026-08-04,15.010000228881836
2026-08-05,15.069999694824219
2026-08-06,15.369999885559082
2026-08-07,15.420000076293945
2026-08-10,16.479999542236328
2026-08-11,16.06999969482422
2026-08-12,13.770000457763672
2026-08-13,13.90999984741211
2026-08-14,15.180000305175781
2026-08-17,15.09000015258789
2026-08-18,14.6899995803833
2026-08-19,14.369999885559082
2026-08-20,14.399999618530273
2026-08-21,14.34000015258789
2026-08-24,14.170000076293945
2026-08-25,14.470000267028809
2026-08-26,14.819999694824219
2026-08-27,14.649999618530273
2026-08-28,14.789999961853027
