Date,close
2007-01-22,0.32652199268341064
2007-01-23,0.330363005399704
2007-01-24,0.3342050015926361
2007-01-25,0.3764599859714508
2007-01-29,0.3764599859714508
2007-01-30,0.4225580096244812
2007-01-31,0.41487500071525574
2007-02-01,0.38414299488067627
2007-02-02,0.36109501123428345
2007-02-05,0.3418869972229004
2007-02-06,0.3226799964904785
2007-02-07,0.3111560046672821
2007-02-08,0.30731400847435
2007-02-09,0.30731400847435
2007-02-12,0.2689000070095062
2007-02-13,0.37261900305747986
2007-02-14,0.35725298523902893
2007-02-15,0.3226799964904785
2007-02-16,0.330363005399704
2007-02-19,0.31883901357650757
2007-02-20,0.30731400847435
2007-02-21,0.30731400847435
2007-02-22,0.30731400847435
2007-02-23,0.2996320128440857
2007-02-26,0.2996320128440857
2007-02-27,0.29194900393486023
2007-02-28,0.2765829861164093
2007-03-01,0.2881070077419281
2007-03-02,0.2881070077419281
2007-03-05,0.26121699810028076
2007-03-06,0.2689000070095062
2007-03-07,0.2881070077419281
2007-03-08,0.2573759853839874
2007-03-09,0.2573759853839874
2007-03-12,0.2689000070095062
2007-03-13,0.2573759853839874
2007-03-14,0.2573759853839874
2007-03-15,0.2573759853839874
2007-03-16,0.23816899955272675
2007-03-19,0.23048600554466248
2007-03-20,0.2535339891910553
2007-03-21,0.2765829861164093
2007-03-22,0.30731400847435
2007-03-23,0.30731400847435
2007-03-26,0.2996320128440857
2007-03-27,0.29194900393486023
2007-03-28,0.29194900393486023
2007-03-29,0.2765829861164093
2007-03-30,0.2765829861164093
2007-04-02,0.2765829861164093
2007-04-03,0.2765829861164093
2007-04-04,0.2765829861164093
2007-04-05,0.2765829861164093
2007-04-10,0.2689000070095062
2007-04-11,0.2765829861164093
2007-04-12,0.2765829861164093
2007-04-13,0.28042399883270264
2007-04-16,0.28042399883270264
2007-04-17,0.28042399883270264
2007-04-18,0.2573759853839874
2007-04-19,0.29194900393486023
2007-04-20,0.30731400847435
2007-04-23,0.29194900393486023
2007-04-24,0.29194900393486023
2007-04-26,0.30731400847435
2007-04-27,0.2996320128440857
2007-04-30,0.2996320128440857
2007-05-01,0.2996320128440857
2007-05-02,0.28042399883270264
2007-05-03,0.28042399883270264
2007-05-04,0.28426599502563477
2007-05-07,0.30731400847435
2007-05-08,0.30731400847435
2007-05-09,0.31499698758125305
2007-05-10,0.33804601430892944
2007-05-11,0.31499698758125305
2007-05-14,0.33804601430892944
2007-05-15,0.31499698758125305
2007-05-16,0.31499698758125305
2007-05-17,0.32652199268341064
2007-05-18,0.32652199268341064
2007-05-21,0.3457289934158325
2007-05-22,0.3649359941482544
2007-05-23,0.3995090126991272
2007-05-24,0.4225580096244812
2007-05-25,0.4187160134315491
2007-05-28,0.4302400052547455
2007-05-29,0.41487500071525574
2007-05-30,0.4302400052547455
2007-05-31,0.4302400052547455
2007-06-01,0.4302400052547455
2007-06-04,0.4302400052547455
2007-06-05,0.4302400052547455
2007-06-06,0.4071919918060303
2007-06-07,0.3879849910736084
2007-06-08,0.3995090126991272
2007-06-12,0.3764599859714508
2007-06-13,0.38414299488067627
2007-06-14,0.38414299488067627
2007-06-15,0.38414299488067627
2007-06-18,0.38414299488067627
2007-06-19,0.38414299488067627
2007-06-20,0.3995090126991272
2007-06-21,0.4225580096244812
2007-06-22,0.4225580096244812
2007-06-25,0.4071919918060303
2007-06-26,0.4571309983730316
2007-06-27,0.4571309983730316
2007-06-28,0.445605993270874
2007-06-29,0.39182600378990173
2007-07-02,0.39182600378990173
2007-07-03,0.4071919918060303
2007-07-04,0.4071919918060303
2007-07-05,0.4071919918060303
2007-07-06,0.4071919918060303
2007-07-09,0.41487500071525574
2007-07-10,0.41487500071525574
2007-07-11,0.39182600378990173
2007-07-12,0.39182600378990173
2007-07-13,0.41487500071525574
2007-07-16,0.4071919918060303
2007-07-17,0.4071919918060303
2007-07-18,0.4071919918060303
2007-07-19,0.4071919918060303
2007-07-20,0.3995090126991272
2007-07-23,0.3995090126991272
2007-07-24,0.3995090126991272
2007-07-25,0.4110330045223236
2007-07-26,0.4225580096244812
2007-07-27,0.4225580096244812
2007-07-30,0.38414299488067627
2007-07-31,0.38414299488067627
2007-08-01,0.38414299488067627
2007-08-02,0.36877700686454773
2007-08-03,0.3226799964904785
2007-08-06,0.30731400847435
2007-08-07,0.3226799964904785
2007-08-08,0.3226799964904785
2007-08-09,0.3226799964904785
2007-08-10,0.3226799964904785
2007-08-13,0.3226799964904785
2007-08-14,0.3226799964904785
2007-08-15,0.24585099518299103
2007-08-16,0.24585099518299103
2007-08-17,0.22664399445056915
2007-08-20,0.22664399445056915
2007-08-21,0.222802996635437
2007-08-22,0.222802996635437
2007-08-23,0.222802996635437
2007-08-24,0.222802996635437
2007-08-27,0.23048600554466248
2007-08-28,0.23048600554466248
2007-08-29,0.222802996635437
2007-08-30,0.19207100570201874
2007-08-31,0.2689000070095062
2007-09-03,0.28426599502563477
2007-09-04,0.2689000070095062
2007-09-05,0.2689000070095062
2007-09-06,0.2689000070095062
2007-09-07,0.2765829861164093
2007-09-10,0.2689000070095062
2007-09-11,0.2689000070095062
2007-09-12,0.2689000070095062
2007-09-13,0.2689000070095062
2007-09-14,0.2689000070095062
2007-09-17,0.2689000070095062
2007-09-18,0.2689000070095062
2007-09-19,0.2689000070095062
2007-09-20,0.2689000070095062
2007-09-21,0.2689000070095062
2007-09-24,0.22664399445056915
2007-09-25,0.2689000070095062
2007-09-26,0.2689000070095062
2007-09-27,0.2689000070095062
2007-09-28,0.2689000070095062
2007-10-01,0.30731400847435
2007-10-02,0.30731400847435
2007-10-03,0.30731400847435
2007-10-04,0.2689000070095062
2007-10-05,0.2689000070095062
2007-10-08,0.2689000070095062
2007-10-09,0.2689000070095062
2007-10-10,0.2689000070095062
2007-10-11,0.28426599502563477
2007-10-12,0.2996320128440857
2007-10-15,0.2957899868488312
2007-10-16,0.29194900393486023
2007-10-17,0.29194900393486023
2007-10-18,0.29194900393486023
2007-10-19,0.28426599502563477
2007-10-22,0.2689000070095062
2007-10-23,0.2689000070095062
2007-10-24,0.2689000070095062
2007-10-25,0.222802996635437
2007-10-26,0.222802996635437
2007-10-29,0.222802996635437
2007-10-30,0.24969300627708435
2007-10-31,0.2689000070095062
2007-11-01,0.2689000070095062
2007-11-02,0.2689000070095062
2007-11-05,0.29194900393486023
2007-11-06,0.30731400847435
2007-11-07,0.30731400847435
2007-11-08,0.3226799964904785
2007-11-09,0.3457289934158325
2007-11-12,0.3457289934158325
2007-11-13,0.3457289934158325
2007-11-14,0.3418869972229004
2007-11-15,0.3418869972229004
2007-11-16,0.3418869972229004
2007-11-19,0.3418869972229004
2007-11-20,0.33804601430892944
2007-11-21,0.2881070077419281
2007-11-22,0.2881070077419281
2007-11-23,0.2881070077419281
2007-11-26,0.26121699810028076
2007-11-27,0.2650589942932129
2007-11-28,0.2650589942932129
2007-11-29,0.26121699810028076
2007-11-30,0.26121699810028076
2007-12-03,0.24969300627708435
2007-12-04,0.24969300627708435
2007-12-05,0.23048600554466248
2007-12-06,0.22664399445056915
2007-12-07,0.222802996635437
2007-12-10,0.23048600554466248
2007-12-11,0.222802996635437
2007-12-12,0.222802996635437
2007-12-13,0.2112790048122406
2007-12-14,0.2112790048122406
2007-12-17,0.22664399445056915
2007-12-18,0.21896100044250488
2007-12-19,0.222802996635437
2007-12-20,0.21896100044250488
2007-12-21,0.21512000262737274
2007-12-24,0.21512000262737274
2007-12-27,0.222802996635437
2007-12-28,0.199753999710083
2007-12-31,0.199753999710083
2008-01-02,0.199753999710083
2008-01-03,0.199753999710083
2008-01-04,0.199753999710083
2008-01-07,0.199753999710083
2008-01-08,0.23048600554466248
2008-01-09,0.26121699810028076
2008-01-10,0.26121699810028076
2008-01-11,0.26121699810028076
2008-01-14,0.26121699810028076
2008-01-15,0.26121699810028076
2008-01-16,0.26121699810028076
2008-01-17,0.26121699810028076
2008-01-18,0.21512000262737274
2008-01-21,0.21512000262737274
2008-01-22,0.19207100570201874
2008-01-23,0.19207100570201874
2008-01-24,0.19207100570201874
2008-01-25,0.19207100570201874
2008-01-29,0.19207100570201874
2008-01-30,0.16133999824523926
2008-01-31,0.16902300715446472
2008-02-01,0.16902300715446472
2008-02-04,0.16902300715446472
2008-02-05,0.16902300715446472
2008-02-06,0.16902300715446472
2008-02-07,0.16902300715446472
2008-02-08,0.16902300715446472
2008-02-11,0.16902300715446472
2008-02-12,0.19207100570201874
2008-02-13,0.19207100570201874
2008-02-14,0.19207100570201874
2008-02-15,0.19207100570201874
2008-02-18,0.19207100570201874
2008-02-19,0.19207100570201874
2008-02-20,0.176706001162529
2008-02-21,0.176706001162529
2008-02-22,0.176706001162529
2008-02-25,0.18438799679279327
2008-02-26,0.1882299929857254
2008-02-27,0.1882299929857254
2008-02-28,0.1882299929857254
2008-02-29,0.1882299929857254
2008-03-03,0.1882299929857254
2008-03-04,0.1882299929857254
2008-03-05,0.1882299929857254
2008-03-06,0.16133999824523926
2008-03-07,0.153657004237175
2008-03-10,0.153657004237175
2008-03-11,0.13829100131988525
2008-03-12,0.13829100131988525
2008-03-13,0.153657004237175
2008-03-14,0.13829100131988525
2008-03-17,0.13829100131988525
2008-03-18,0.11908400058746338
2008-03-19,0.11908400058746338
2008-03-20,0.12292499840259552
2008-03-25,0.12292499840259552
2008-03-26,0.12292499840259552
2008-03-27,0.12292499840259552
2008-03-28,0.12292499840259552
2008-03-31,0.12292499840259552
2008-04-01,0.12292499840259552
2008-04-02,0.13829100131988525
2008-04-03,0.13829100131988525
2008-04-04,0.13829100131988525
2008-04-07,0.13829100131988525
2008-04-08,0.13829100131988525
2008-04-09,0.13829100131988525
2008-04-10,0.13829100131988525
2008-04-11,0.13829100131988525
2008-04-14,0.13829100131988525
2008-04-15,0.13829100131988525
2008-04-16,0.13829100131988525
2008-04-17,0.13829100131988525
2008-04-18,0.14981600642204285
2008-04-21,0.14597399532794952
2008-04-22,0.14597399532794952
2008-04-23,0.14597399532794952
2008-04-24,0.14597399532794952
2008-04-28,0.14597399532794952
2008-04-29,0.13829100131988525
2008-04-30,0.13829100131988525
2008-05-01,0.1344500035047531
2008-05-02,0.1344500035047531
2008-05-05,0.14597399532794952
2008-05-06,0.14597399532794952
2008-05-07,0.14597399532794952
2008-05-08,0.14213299751281738
2008-05-09,0.14213299751281738
2008-05-12,0.13060800731182098
2008-05-13,0.16133999824523926
2008-05-14,0.16133999824523926
2008-05-15,0.1651809960603714
2008-05-16,0.16902300715446472
2008-05-19,0.19207100570201874
2008-05-20,0.19207100570201874
2008-05-21,0.19207100570201874
2008-05-22,0.19207100570201874
2008-05-23,0.19207100570201874
2008-05-26,0.19207100570201874
2008-05-27,0.18438799679279327
2008-05-28,0.18438799679279327
2008-05-29,0.18438799679279327
2008-05-30,0.18438799679279327
2008-06-02,0.18438799679279327
2008-06-03,0.18438799679279327
2008-06-04,0.176706001162529
2008-06-05,0.176706001162529
2008-06-06,0.176706001162529
2008-06-10,0.16133999824523926
2008-06-11,0.16133999824523926
2008-06-12,0.16133999824523926
2008-06-13,0.16133999824523926
2008-06-16,0.16133999824523926
2008-06-17,0.153657004237175
2008-06-18,0.153657004237175
2008-06-19,0.153657004237175
2008-06-20,0.153657004237175
2008-06-23,0.14597399532794952
2008-06-24,0.14597399532794952
2008-06-25,0.153657004237175
2008-06-26,0.153657004237175
2008-06-27,0.19207100570201874
2008-06-30,0.16902300715446472
2008-07-01,0.16902300715446472
2008-07-02,0.16902300715446472
2008-07-03,0.16902300715446472
2008-07-04,0.16902300715446472
2008-07-07,0.16902300715446472
2008-07-08,0.16902300715446472
2008-07-09,0.16902300715446472
2008-07-10,0.153657004237175
2008-07-11,0.153657004237175
2008-07-14,0.153657004237175
2008-07-15,0.153657004237175
2008-07-16,0.153657004237175
2008-07-17,0.176706001162529
2008-07-18,0.18438799679279327
2008-07-21,0.19207100570201874
2008-07-22,0.18438799679279327
2008-07-23,0.18438799679279327
2008-07-24,0.19207100570201874
2008-07-25,0.19207100570201874
2008-07-28,0.176706001162529
2008-07-29,0.176706001162529
2008-07-30,0.176706001162529
2008-07-31,0.176706001162529
2008-08-01,0.16902300715446472
2008-08-04,0.16902300715446472
2008-08-05,0.16902300715446472
2008-08-06,0.16902300715446472
2008-08-07,0.16133999824523926
2008-08-08,0.16133999824523926
2008-08-11,0.14597399532794952
2008-08-12,0.14597399532794952
2008-08-13,0.14597399532794952
2008-08-14,0.14597399532794952
2008-08-15,0.14597399532794952
2008-08-18,0.14597399532794952
2008-08-19,0.14597399532794952
2008-08-20,0.14597399532794952
2008-08-21,0.14597399532794952
2008-08-22,0.14597399532794952
2008-08-25,0.13060800731182098
2008-08-26,0.13060800731182098
2008-08-27,0.13060800731182098
2008-08-28,0.13060800731182098
2008-08-29,0.13060800731182098
2008-09-01,0.13060800731182098
2008-09-02,0.12292499840259552
2008-09-03,0.12292499840259552
2008-09-04,0.12292499840259552
2008-09-05,0.12292499840259552
2008-09-08,0.12292499840259552
2008-09-09,0.12292499840259552
2008-09-10,0.12292499840259552
2008-09-11,0.12292499840259552
2008-09-12,0.12292499840259552
2008-09-15,0.12292499840259552
2008-09-16,0.08451099693775177
2008-09-17,0.08451099693775177
2008-09-18,0.0768280029296875
2008-09-19,0.0768280029296875
2008-09-22,0.0768280029296875
2008-09-23,0.06914500147104263
2008-09-24,0.06914500147104263
2008-09-25,0.06914500147104263
2008-09-26,0.06914500147104263
2008-09-29,0.061462000012397766
2008-09-30,0.061462000012397766
2008-10-01,0.061462000012397766
2008-10-02,0.061462000012397766
2008-10-03,0.061462000012397766
2008-10-06,0.061462000012397766
2008-10-07,0.061462000012397766
2008-10-08,0.061462000012397766
2008-10-09,0.061462000012397766
2008-10-10,0.061462000012397766
2008-10-13,0.061462000012397766
2008-10-14,0.061462000012397766
2008-10-15,0.061462000012397766
2008-10-16,0.061462000012397766
2008-10-17,0.061462000012397766
2008-10-20,0.061462000012397766
2008-10-21,0.061462000012397766
2008-10-22,0.061462000012397766
2008-10-23,0.061462000012397766
2008-10-24,0.061462000012397766
2008-10-27,0.061462000012397766
2008-10-28,0.03841400146484375
2008-10-29,0.03841400146484375
2008-10-30,0.03841400146484375
2008-10-31,0.03841400146484375
2008-11-03,0.03841400146484375
2008-11-04,0.03841400146484375
2008-11-05,0.03841400146484375
2008-11-06,0.03841400146484375
2008-11-07,0.03841400146484375
2008-11-10,0.03841400146484375
2008-11-11,0.03841400146484375
2008-11-12,0.03841400146484375
2008-11-13,0.03841400146484375
2008-11-14,0.03841400146484375
2008-11-17,0.03841400146484375
2008-11-18,0.03841400146484375
2008-11-19,0.03841400146484375
2008-11-20,0.03841400146484375
2008-11-21,0.03841400146484375
2008-11-24,0.03841400146484375
2008-11-25,0.03841400146484375
2008-11-26,0.03841400146484375
2008-11-27,0.03841400146484375
2008-11-28,0.03841400146484375
2008-12-01,0.03841400146484375
2008-12-02,0.03841400146484375
2008-12-03,0.023048000410199165
2008-12-04,0.023048000410199165
2008-12-05,0.023048000410199165
2008-12-08,0.023048000410199165
2008-12-09,0.023048000410199165
2008-12-10,0.023048000410199165
2008-12-11,0.023048000410199165
2008-12-12,0.023048000410199165
2008-12-15,0.023048000410199165
2008-12-16,0.023048000410199165
2008-12-17,0.023048000410199165
2008-12-18,0.023048000410199165
2008-12-19,0.023048000410199165
2008-12-22,0.023048000410199165
2008-12-23,0.023048000410199165
2008-12-24,0.023048000410199165
2008-12-29,0.023048000410199165
2008-12-30,0.023048000410199165
2008-12-31,0.023048000410199165
2009-01-02,0.023048000410199165
2009-01-05,0.023048000410199165
2009-01-06,0.023048000410199165
2009-01-07,0.023048000410199165
2009-01-08,0.023048000410199165
2009-01-09,0.023048000410199165
2009-01-12,0.023048000410199165
2009-01-13,0.023048000410199165
2009-01-14,0.023048000410199165
2009-01-15,0.023048000410199165
2009-01-16,0.023048000410199165
2009-01-19,0.023048000410199165
2009-01-20,0.023048000410199165
2009-01-21,0.023048000410199165
2009-01-22,0.023048000410199165
2009-01-23,0.023048000410199165
2009-01-27,0.023048000410199165
2009-01-28,0.023048000410199165
2009-01-29,0.023048000410199165
2009-01-30,0.023816000670194626
2009-02-02,0.023816000670194626
2009-02-03,0.023816000670194626
2009-02-04,0.023816000670194626
2009-02-05,0.023816000670194626
2009-02-06,0.023816000670194626
2009-02-09,0.023816000670194626
2009-02-10,0.023816000670194626
2009-02-11,0.023816000670194626
2009-02-12,0.023816000670194626
2009-02-13,0.023816000670194626
2009-02-16,0.023816000670194626
2009-02-17,0.023816000670194626
2009-02-18,0.023816000670194626
2009-02-19,0.023816000670194626
2009-02-20,0.023816000670194626
2009-02-23,0.023816000670194626
2009-02-24,0.023048000410199165
2009-02-25,0.023048000410199165
2009-02-26,0.023048000410199165
2009-02-27,0.023048000410199165
2009-03-02,0.023048000410199165
2009-03-03,0.023048000410199165
2009-03-04,0.023048000410199165
2009-03-05,0.023048000410199165
2009-03-06,0.030731000006198883
2009-03-09,0.030731000006198883
2009-03-10,0.030731000006198883
2009-03-11,0.030731000006198883
2009-03-12,0.030731000006198883
2009-03-13,0.030731000006198883
2009-03-16,0.030731000006198883
2009-03-17,0.030731000006198883
2009-03-18,0.030731000006198883
2009-03-19,0.030731000006198883
2009-03-20,0.030731000006198883
2009-03-23,0.030731000006198883
2009-03-24,0.030731000006198883
2009-03-25,0.030731000006198883
2009-03-26,0.030731000006198883
2009-03-27,0.030731000006198883
2009-03-30,0.030731000006198883
2009-03-31,0.030731000006198883
2009-04-01,0.030731000006198883
2009-04-02,0.030731000006198883
2009-04-03,0.030731000006198883
2009-04-06,0.030731000006198883
2009-04-07,0.030731000006198883
2009-04-08,0.030731000006198883
2009-04-09,0.030731000006198883
2009-04-14,0.030731000006198883
2009-04-15,0.030731000006198883
2009-04-16,0.030731000006198883
2009-04-17,0.030731000006198883
2009-04-20,0.030731000006198883
2009-04-21,0.030731000006198883
2009-04-22,0.030731000006198883
2009-04-23,0.030731000006198883
2009-04-24,0.030731000006198883
2009-04-27,0.030731000006198883
2009-04-28,0.030731000006198883
2009-04-29,0.030731000006198883
2009-04-30,0.030731000006198883
2009-05-01,0.030731000006198883
2009-05-04,0.030731000006198883
2009-05-05,0.030731000006198883
2009-05-06,0.030731000006198883
2009-05-07,0.030731000006198883
2009-05-08,0.030731000006198883
2009-05-11,0.030731000006198883
2009-05-12,0.030731000006198883
2009-05-13,0.030731000006198883
2009-05-14,0.030731000006198883
2009-05-15,0.030731000006198883
2009-05-18,0.030731000006198883
2009-05-19,0.030731000006198883
2009-05-20,0.030731000006198883
2009-05-21,0.030731000006198883
2009-05-22,0.030731000006198883
2009-05-25,0.030731000006198883
2009-05-26,0.030731000006198883
2009-05-27,0.030731000006198883
2009-05-28,0.030731000006198883
2009-05-29,0.04609699919819832
2009-06-01,0.04609699919819832
2009-06-02,0.04686500132083893
2009-06-03,0.04763299971818924
2009-06-04,0.04763299971818924
2009-06-05,0.04609699919819832
2009-06-09,0.04609699919819832
2009-06-10,0.04609699919819832
2009-06-11,0.04609699919819832
2009-06-12,0.04763299971818924
2009-06-15,0.04763299971818924
2009-06-16,0.04609699919819832
2009-06-17,0.04609699919819832
2009-06-18,0.04763299971818924
2009-06-19,0.04763299971818924
2009-06-22,0.04763299971818924
2009-06-23,0.04609699919819832
2009-06-24,0.04609699919819832
2009-06-25,0.04609699919819832
2009-06-26,0.053780000656843185
2009-06-29,0.053780000656843185
2009-06-30,0.053780000656843185
2009-07-01,0.053780000656843185
2009-07-02,0.053780000656843185
2009-07-03,0.053780000656843185
2009-07-06,0.053780000656843185
2009-07-07,0.053780000656843185
2009-07-08,0.053780000656843185
2009-07-09,0.053780000656843185
2009-07-10,0.053780000656843185
2009-07-13,0.053780000656843185
2009-07-14,0.053780000656843185
2009-07-15,0.053780000656843185
2009-07-16,0.053780000656843185
2009-07-17,0.053780000656843185
2009-07-20,0.053780000656843185
2009-07-21,0.053780000656843185
2009-07-22,0.053780000656843185
2009-07-23,0.053780000656843185
2009-07-24,0.053780000656843185
2009-07-27,0.053780000656843185
2009-07-28,0.053780000656843185
2009-07-29,0.053780000656843185
2009-07-30,0.053780000656843185
2009-07-31,0.053780000656843185
2009-08-03,0.053780000656843185
2009-08-04,0.053780000656843185
2009-08-05,0.053780000656843185
2009-08-06,0.053780000656843185
2009-08-07,0.053780000656843185
2009-08-10,0.06914500147104263
2009-08-11,0.06914500147104263
2009-08-12,0.06914500147104263
2009-08-13,0.08066999912261963
2009-08-14,0.08066999912261963
2009-08-17,0.0883530005812645
2009-08-18,0.08451099693775177
2009-08-19,0.08451099693775177
2009-08-20,0.0883530005812645
2009-08-21,0.0768280029296875
2009-08-24,0.0768280029296875
2009-08-25,0.0768280029296875
2009-08-26,0.061462000012397766
2009-08-27,0.061462000012397766
2009-08-28,0.061462000012397766
2009-08-31,0.061462000012397766
2009-09-01,0.061462000012397766
2009-09-02,0.061462000012397766
2009-09-03,0.061462000012397766
2009-09-04,0.061462000012397766
2009-09-07,0.061462000012397766
2009-09-08,0.061462000012397766
2009-09-09,0.0768280029296875
2009-09-10,0.0768280029296875
2009-09-11,0.08066999912261963
2009-09-14,0.09219399839639664
2009-09-15,0.09219399839639664
2009-09-16,0.09219399839639664
2009-09-17,0.0998769998550415
2009-09-18,0.0998769998550415
2009-09-21,0.0998769998550415
2009-09-22,0.0998769998550415
2009-09-23,0.0998769998550415
2009-09-24,0.0998769998550415
2009-09-25,0.0998769998550415
2009-09-28,0.0998769998550415
2009-09-29,0.09219399839639664
2009-09-30,0.09219399839639664
2009-10-01,0.09219399839639664
2009-10-02,0.09219399839639664
2009-10-05,0.09219399839639664
2009-10-06,0.09219399839639664
2009-10-07,0.09219399839639664
2009-10-08,0.0768280029296875
2009-10-09,0.09603500366210938
2009-10-12,0.09603500366210938
2009-10-13,0.08066999912261963
2009-10-14,0.08066999912261963
2009-10-15,0.08066999912261963
2009-10-16,0.09219399839639664
2009-10-19,0.09603500366210938
2009-10-20,0.0998769998550415
2009-10-21,0.11524300277233124
2009-10-22,0.11524300277233124
2009-10-23,0.11140099912881851
2009-10-26,0.11140099912881851
2009-10-27,0.11140099912881851
2009-10-28,0.11140099912881851
2009-10-29,0.11140099912881851
2009-10-30,0.11140099912881851
2009-11-02,0.0883530005812645
2009-11-03,0.10371799767017365
2009-11-04,0.08451099693775177
2009-11-05,0.0883530005812645
2009-11-06,0.09219399839639664
2009-11-09,0.09219399839639664
2009-11-10,0.08451099693775177
2009-11-11,0.08066999912261963
2009-11-12,0.09603500366210938
2009-11-13,0.08066999912261963
2009-11-16,0.08451099693775177
2009-11-17,0.08451099693775177
2009-11-18,0.08451099693775177
2009-11-19,0.08451099693775177
2009-11-20,0.09603500366210938
2009-11-23,0.0883530005812645
2009-11-24,0.0883530005812645
2009-11-25,0.0883530005812645
2009-11-26,0.0883530005812645
2009-11-27,0.0883530005812645
2009-11-30,0.0883530005812645
2009-12-01,0.0883530005812645
2009-12-02,0.0883530005812645
2009-12-03,0.08451099693775177
2009-12-04,0.0883530005812645
2009-12-07,0.0883530005812645
2009-12-08,0.08451099693775177
2009-12-09,0.08066999912261963
2009-12-10,0.0883530005812645
2009-12-11,0.08066999912261963
2009-12-14,0.08066999912261963
2009-12-15,0.08066999912261963
2009-12-16,0.0883530005812645
2009-12-17,0.0883530005812645
2009-12-18,0.09219399839639664
2009-12-21,0.09219399839639664
2009-12-22,0.09219399839639664
2009-12-23,0.08066999912261963
2009-12-24,0.08066999912261963
2009-12-29,0.08066999912261963
2009-12-30,0.07298699766397476
2009-12-31,0.0768280029296875
2010-01-04,0.0768280029296875
2010-01-05,0.0768280029296875
2010-01-06,0.0768280029296875
2010-01-07,0.0768280029296875
2010-01-08,0.08066999912261963
2010-01-11,0.08066999912261963
2010-01-12,0.08066999912261963
2010-01-13,0.08066999912261963
2010-01-14,0.08066999912261963
2010-01-15,0.08066999912261963
2010-01-18,0.08066999912261963
2010-01-19,0.0768280029296875
2010-01-20,0.053780000656843185
2010-01-21,0.053780000656843185
2010-01-22,0.053780000656843185
2010-01-25,0.0883530005812645
2010-01-27,0.0883530005812645
2010-01-28,0.0883530005812645
2010-01-29,0.03841400146484375
2010-02-01,0.03841400146484375
2010-02-02,0.03841400146484375
2010-02-03,0.03841400146484375
2010-02-04,0.061462000012397766
2010-02-05,0.03841400146484375
2010-02-08,0.03841400146484375
2010-02-09,0.03841400146484375
2010-02-10,0.03841400146484375
2010-02-11,0.03841400146484375
2010-02-12,0.05461600050330162
2010-02-15,0.06371799856424332
2010-02-16,0.06371799856424332
2010-02-17,0.0728209987282753
2010-02-18,0.0728209987282753
2010-02-19,0.09102600067853928
2010-02-22,0.09102600067853928
2010-02-23,0.09102600067853928
2010-02-24,0.09102600067853928
2010-02-25,0.09102600067853928
2010-02-26,0.09102600067853928
2010-03-01,0.09557799994945526
2010-03-02,0.09102600067853928
2010-03-03,0.0728209987282753
2010-03-04,0.07828199863433838
2010-03-05,0.07828199863433838
2010-03-08,0.0728209987282753
2010-03-09,0.0728209987282753
2010-03-10,0.0728209987282753
2010-03-11,0.0773719996213913
2010-03-12,0.0773719996213913
2010-03-15,0.0728209987282753
2010-03-16,0.0728209987282753
2010-03-17,0.0728209987282753
2010-03-18,0.0728209987282753
2010-03-19,0.0728209987282753
2010-03-22,0.0728209987282753
2010-03-23,0.0728209987282753
2010-03-24,0.07373099774122238
2010-03-25,0.07373099774122238
2010-03-26,0.07373099774122238
2010-03-29,0.07373099774122238
2010-03-30,0.07373099774122238
2010-03-31,0.07373099774122238
2010-04-01,0.07373099774122238
2010-04-06,0.07646200060844421
2010-04-07,0.07646200060844421
2010-04-08,0.07646200060844421
2010-04-09,0.07646200060844421
2010-04-12,0.08192399889230728
2010-04-13,0.0773719996213913
2010-04-14,0.07828199863433838
2010-04-15,0.07828199863433838
2010-04-16,0.07828199863433838
2010-04-19,0.07828199863433838
2010-04-20,0.07828199863433838
2010-04-21,0.08101300150156021
2010-04-22,0.09102600067853928
2010-04-23,0.09102600067853928
2010-04-27,0.10012900084257126
2010-04-28,0.10012900084257126
2010-04-29,0.10012900084257126
2010-04-30,0.10923200100660324
2010-05-03,0.11378300189971924
2010-05-04,0.11378300189971924
2010-05-05,0.10923200100660324
2010-05-06,0.08647499978542328
2010-05-07,0.08010300248861313
2010-05-10,0.08647499978542328
2010-05-11,0.09102600067853928
2010-05-12,0.09102600067853928
2010-05-13,0.09102600067853928
2010-05-14,0.09102600067853928
2010-05-17,0.09102600067853928
2010-05-18,0.09102600067853928
2010-05-19,0.09102600067853928
2010-05-20,0.09102600067853928
2010-05-21,0.09102600067853928
2010-05-24,0.09102600067853928
2010-05-25,0.09102600067853928
2010-05-26,0.09102600067853928
2010-05-27,0.09102600067853928
2010-05-28,0.09102600067853928
2010-05-31,0.09102600067853928
2010-06-01,0.09102600067853928
2010-06-02,0.09102600067853928
2010-06-03,0.09102600067853928
2010-06-04,0.09102600067853928
2010-06-07,0.09102600067853928
2010-06-08,0.09102600067853928
2010-06-09,0.09102600067853928
2010-06-10,0.09102600067853928
2010-06-11,0.09102600067853928
2010-06-15,0.09102600067853928
2010-06-16,0.09102600067853928
2010-06-17,0.09102600067853928
2010-06-18,0.09102600067853928
2010-06-21,0.09102600067853928
2010-06-22,0.08192399889230728
2010-06-23,0.08192399889230728
2010-06-24,0.0682699978351593
2010-06-25,0.0728209987282753
2010-06-28,0.0728209987282753
2010-06-29,0.0728209987282753
2010-06-30,0.07373099774122238
2010-07-01,0.07373099774122238
2010-07-02,0.07373099774122238
2010-07-05,0.07373099774122238
2010-07-06,0.07373099774122238
2010-07-07,0.07373099774122238
2010-07-08,0.07373099774122238
2010-07-09,0.07373099774122238
2010-07-12,0.07373099774122238
2010-07-13,0.07373099774122238
2010-07-14,0.07373099774122238
2010-07-15,0.07373099774122238
2010-07-16,0.07373099774122238
2010-07-19,0.07373099774122238
2010-07-20,0.07373099774122238
2010-07-21,0.07373099774122238
2010-07-22,0.10012900084257126
2010-07-23,0.12288600206375122
2010-07-26,0.10923200100660324
2010-07-27,0.11378300189971924
2010-07-28,0.11378300189971924
2010-07-29,0.11378300189971924
2010-07-30,0.11833400279283524
2010-08-02,0.11833400279283524
2010-08-03,0.11833400279283524
2010-08-04,0.11833400279283524
2010-08-05,0.11833400279283524
2010-08-06,0.11833400279283524
2010-08-09,0.12743699550628662
2010-08-10,0.12743699550628662
2010-08-11,0.12743699550628662
2010-08-12,0.11378300189971924
2010-08-13,0.11378300189971924
2010-08-16,0.11378300189971924
2010-08-17,0.10468000173568726
2010-08-18,0.10468000173568726
2010-08-19,0.10468000173568726
2010-08-20,0.10468000173568726
2010-08-23,0.10923200100660324
2010-08-24,0.10923200100660324
2010-08-25,0.10923200100660324
2010-08-26,0.10923200100660324
2010-08-27,0.10923200100660324
2010-08-30,0.10923200100660324
2010-08-31,0.10923200100660324
2010-09-01,0.10923200100660324
2010-09-02,0.12743699550628662
2010-09-03,0.1365399956703186
2010-09-06,0.1365399956703186
2010-09-07,0.1365399956703186
2010-09-08,0.1365399956703186
2010-09-09,0.1365399956703186
2010-09-10,0.1365399956703186
2010-09-13,0.1365399956703186
2010-09-14,0.1365399956703186
2010-09-15,0.15474499762058258
2010-09-16,0.15474499762058258
2010-09-17,0.2093610018491745
2010-09-20,0.2093610018491745
2010-09-21,0.2093610018491745
2010-09-22,0.2048099935054779
2010-09-23,0.2048099935054779
2010-09-24,0.2048099935054779
2010-09-27,0.2048099935054779
2010-09-28,0.2048099935054779
2010-09-29,0.2048099935054779
2010-09-30,0.2048099935054779
2010-10-01,0.2048099935054779
2010-10-04,0.2048099935054779
2010-10-05,0.15929600596427917
2010-10-06,0.15929600596427917
2010-10-07,0.15929600596427917
2010-10-08,0.15929600596427917
2010-10-11,0.16384799778461456
2010-10-12,0.16839900612831116
2010-10-13,0.16839900612831116
2010-10-14,0.16839900612831116
2010-10-15,0.16839900612831116
2010-10-18,0.17294999957084656
2010-10-19,0.17294999957084656
2010-10-20,0.17294999957084656
2010-10-21,0.17294999957084656
2010-10-22,0.19115599989891052
2010-10-25,0.19115599989891052
2010-10-26,0.16839900612831116
2010-10-27,0.16839900612831116
2010-10-28,0.16839900612831116
2010-10-29,0.17294999957084656
2010-11-01,0.16839900612831116
2010-11-02,0.16839900612831116
2010-11-03,0.16839900612831116
2010-11-04,0.16839900612831116
2010-11-05,0.17294999957084656
2010-11-08,0.17294999957084656
2010-11-09,0.16384799778461456
2010-11-10,0.16384799778461456
2010-11-11,0.16384799778461456
2010-11-12,0.16384799778461456
2010-11-15,0.17294999957084656
2010-11-16,0.17294999957084656
2010-11-17,0.17294999957084656
2010-11-18,0.17294999957084656
2010-11-19,0.17294999957084656
2010-11-22,0.17294999957084656
2010-11-23,0.19115599989891052
2010-11-24,0.17294999957084656
2010-11-25,0.17294999957084656
2010-11-26,0.17294999957084656
2010-11-29,0.18205299973487854
2010-11-30,0.18205299973487854
2010-12-01,0.18205299973487854
2010-12-02,0.18205299973487854
2010-12-03,0.18205299973487854
2010-12-06,0.18205299973487854
2010-12-07,0.18205299973487854
2010-12-08,0.18205299973487854
2010-12-09,0.18205299973487854
2010-12-10,0.18205299973487854
2010-12-13,0.18205299973487854
2010-12-14,0.18205299973487854
2010-12-15,0.18205299973487854
2010-12-16,0.2048099935054779
2010-12-17,0.18660399317741394
2010-12-20,0.18660399317741394
2010-12-21,0.18660399317741394
2010-12-22,0.2048099935054779
2010-12-23,0.2048099935054779
2010-12-24,0.2048099935054779
2010-12-29,0.2048099935054779
2010-12-30,0.2048099935054779
2010-12-31,0.2139119952917099
2011-01-04,0.2139119952917099
2011-01-05,0.2139119952917099
2011-01-06,0.2139119952917099
2011-01-07,0.2139119952917099
2011-01-10,0.2730799913406372
2011-01-11,0.2730799913406372
2011-01-12,0.2730799913406372
2011-01-13,0.3459010124206543
2011-01-14,0.43692800402641296
2011-01-17,0.5006459951400757
2011-01-18,0.43692800402641296
2011-01-19,0.45513299107551575
2011-01-20,0.45513299107551575
2011-01-21,0.43692800402641296
2011-01-24,0.45513299107551575
2011-01-25,0.4733380079269409
2011-01-27,0.45513299107551575
2011-01-28,0.45513299107551575
2011-01-31,0.45513299107551575
2011-02-01,0.44602999091148376
2011-02-02,0.44602999091148376
2011-02-03,0.3959659934043884
2011-02-04,0.4096199870109558
2011-02-07,0.4096199870109558
2011-02-08,0.44602999091148376
2011-02-09,0.44602999091148376
2011-02-10,0.55526202917099
2011-02-11,0.5461599826812744
2011-02-14,0.4824410080909729
2011-02-15,0.4915440082550049
2011-02-16,0.4960950016975403
2011-02-17,0.5006459951400757
2011-02-18,0.5006459951400757
2011-02-21,0.5916730165481567
2011-02-22,0.6189810037612915
2011-02-23,0.5916730165481567
2011-02-24,0.5825700163841248
2011-02-25,0.6189810037612915
2011-02-28,0.6189810037612915
2011-03-01,0.5916730165481567
2011-03-02,0.5916730165481567
2011-03-03,0.6098780035972595
2011-03-04,0.6007760167121887
2011-03-07,0.6007760167121887
2011-03-08,0.6007760167121887
2011-03-09,0.5916730165481567
2011-03-10,0.5916730165481567
2011-03-11,0.564365029335022
2011-03-15,0.5097489953041077
2011-03-16,0.5097489953041077
2011-03-17,0.5097489953041077
2011-03-18,0.5097489953041077
2011-03-21,0.4824410080909729
2011-03-22,0.4824410080909729
2011-03-23,0.4824410080909729
2011-03-24,0.44602999091148376
2011-03-25,0.45058199763298035
2011-03-28,0.4824410080909729
2011-03-29,0.4824410080909729
2011-03-30,0.43692800402641296
2011-03-31,0.418722003698349
2011-04-01,0.427825003862381
2011-04-04,0.45513299107551575
2011-04-05,0.45513299107551575
2011-04-06,0.4733380079269409
2011-04-07,0.4096199870109558
2011-04-08,0.45513299107551575
2011-04-11,0.44147899746894836
2011-04-12,0.418722003698349
2011-04-13,0.418722003698349
2011-04-14,0.418722003698349
2011-04-15,0.38231199979782104
2011-04-18,0.38231199979782104
2011-04-19,0.3367980122566223
2011-04-20,0.31859299540519714
2011-04-21,0.31859299540519714
2011-04-27,0.32314398884773254
2011-04-28,0.32314398884773254
2011-04-29,0.2912850081920624
2011-05-02,0.2912850081920624
2011-05-03,0.286734014749527
2011-05-04,0.25487399101257324
2011-05-05,0.25487399101257324
2011-05-06,0.2639769911766052
2011-05-09,0.268528014421463
2011-05-10,0.268528014421463
2011-05-11,0.268528014421463
2011-05-12,0.2639769911766052
2011-05-13,0.2639769911766052
2011-05-16,0.25487399101257324
2011-05-17,0.24577200412750244
2011-05-18,0.24577200412750244
2011-05-19,0.22756600379943848
2011-05-20,0.2139119952917099
2011-05-23,0.2139119952917099
2011-05-24,0.2139119952917099
2011-05-25,0.22756600379943848
2011-05-26,0.22756600379943848
2011-05-27,0.22756600379943848
2011-05-30,0.22756600379943848
2011-05-31,0.22756600379943848
2011-06-01,0.22756600379943848
2011-06-02,0.22756600379943848
2011-06-03,0.22756600379943848
2011-06-06,0.22756600379943848
2011-06-07,0.20025800168514252
2011-06-08,0.20025800168514252
2011-06-09,0.2093610018491745
2011-06-10,0.2093610018491745
2011-06-14,0.2093610018491745
2011-06-15,0.22756600379943848
2011-06-16,0.22756600379943848
2011-06-17,0.22756600379943848
2011-06-20,0.22756600379943848
2011-06-21,0.22756600379943848
2011-06-22,0.22756600379943848
2011-06-23,0.22756600379943848
2011-06-24,0.22756600379943848
2011-06-27,0.22756600379943848
2011-06-28,0.20025800168514252
2011-06-29,0.19570699334144592
2011-06-30,0.20025800168514252
2011-07-01,0.21846400201320648
2011-07-04,0.2093610018491745
2011-07-05,0.2093610018491745
2011-07-06,0.22756600379943848
2011-07-07,0.22756600379943848
2011-07-08,0.22756600379943848
2011-07-11,0.22756600379943848
2011-07-12,0.22756600379943848
2011-07-13,0.21846400201320648
2011-07-14,0.21846400201320648
2011-07-15,0.21846400201320648
2011-07-18,0.2093610018491745
2011-07-19,0.2093610018491745
2011-07-20,0.2093610018491745
2011-07-21,0.2093610018491745
2011-07-22,0.22301499545574188
2011-07-25,0.21846400201320648
2011-07-26,0.21846400201320648
2011-07-27,0.21846400201320648
2011-07-28,0.21846400201320648
2011-07-29,0.21846400201320648
2011-08-02,0.21846400201320648
2011-08-03,0.21846400201320648
2011-08-04,0.21846400201320648
2011-08-05,0.16384799778461456
2011-08-08,0.18205299973487854
2011-08-09,0.18205299973487854
2011-08-10,0.18205299973487854
2011-08-11,0.18205299973487854
2011-08-12,0.18205299973487854
2011-08-15,0.18205299973487854
2011-08-16,0.18205299973487854
2011-08-17,0.18205299973487854
2011-08-18,0.18205299973487854
2011-08-19,0.18205299973487854
2011-08-22,0.18205299973487854
2011-08-23,0.18205299973487854
2011-08-24,0.18205299973487854
2011-08-25,0.18205299973487854
2011-08-26,0.18205299973487854
2011-08-29,0.21846400201320648
2011-08-30,0.21846400201320648
2011-08-31,0.21846400201320648
2011-09-01,0.21846400201320648
2011-09-02,0.21846400201320648
2011-09-05,0.21846400201320648
2011-09-06,0.21846400201320648
2011-09-07,0.21846400201320648
2011-09-08,0.19115599989891052
2011-09-09,0.19115599989891052
2011-09-12,0.19115599989891052
2011-09-13,0.19570699334144592
2011-09-14,0.19570699334144592
2011-09-15,0.19570699334144592
2011-09-16,0.19570699334144592
2011-09-19,0.18205299973487854
2011-09-20,0.19115599989891052
2011-09-21,0.19115599989891052
2011-09-22,0.19115599989891052
2011-09-23,0.19115599989891052
2011-09-26,0.19115599989891052
2011-09-27,0.19115599989891052
2011-09-28,0.19115599989891052
2011-09-29,0.19115599989891052
2011-09-30,0.19115599989891052
2011-10-04,0.19115599989891052
2011-10-05,0.16839900612831116
2011-10-06,0.16839900612831116
2011-10-07,0.16839900612831116
2011-10-10,0.16839900612831116
2011-10-11,0.16839900612831116
2011-10-12,0.16839900612831116
2011-10-13,0.16839900612831116
2011-10-14,0.16839900612831116
2011-10-17,0.16839900612831116
2011-10-18,0.16839900612831116
2011-10-19,0.16839900612831116
2011-10-20,0.16839900612831116
2011-10-21,0.16839900612831116
2011-10-24,0.16839900612831116
2011-10-25,0.16384799778461456
2011-10-26,0.16384799778461456
2011-10-27,0.16384799778461456
2011-10-28,0.16384799778461456
2011-10-31,0.16384799778461456
2011-11-02,0.16384799778461456
2011-11-03,0.16384799778461456
2011-11-04,0.16384799778461456
2011-11-07,0.16384799778461456
2011-11-08,0.16839900612831116
2011-11-09,0.16839900612831116
2011-11-10,0.16839900612831116
2011-11-11,0.16839900612831116
2011-11-14,0.16839900612831116
2011-11-15,0.16839900612831116
2011-11-16,0.16839900612831116
2011-11-17,0.16839900612831116
2011-11-18,0.17294999957084656
2011-11-21,0.17294999957084656
2011-11-22,0.18660399317741394
2011-11-23,0.18660399317741394
2011-11-24,0.18660399317741394
2011-11-25,0.16384799778461456
2011-11-28,0.16384799778461456
2011-11-29,0.16384799778461456
2011-11-30,0.1456419974565506
2011-12-01,0.1456419974565506
2011-12-02,0.16384799778461456
2011-12-05,0.16384799778461456
2011-12-06,0.16384799778461456
2011-12-07,0.1365399956703186
2011-12-08,0.1365399956703186
2011-12-09,0.1365399956703186
2011-12-12,0.1365399956703186
2011-12-13,0.1365399956703186
2011-12-14,0.1456419974565506
2011-12-15,0.1456419974565506
2011-12-16,0.1456419974565506
2011-12-19,0.1456419974565506
2011-12-20,0.1456419974565506
2011-12-21,0.1456419974565506
2011-12-22,0.1456419974565506
2011-12-23,0.1456419974565506
2011-12-28,0.1456419974565506
2011-12-29,0.1456419974565506
2011-12-30,0.1456419974565506
2012-01-03,0.1456419974565506
2012-01-04,0.1456419974565506
2012-01-05,0.1456419974565506
2012-01-06,0.1456419974565506
2012-01-09,0.1456419974565506
2012-01-10,0.1456419974565506
2012-01-11,0.1456419974565506
2012-01-12,0.1365399956703186
2012-01-13,0.1365399956703186
2012-01-16,0.1365399956703186
2012-01-17,0.1365399956703186
2012-01-18,0.1365399956703186
2012-01-19,0.1365399956703186
2012-01-20,0.1365399956703186
2012-01-23,0.1365399956703186
2012-01-24,0.1456419974565506
2012-01-25,0.1456419974565506
2012-01-27,0.1410910040140152
2012-01-30,0.1365399956703186
2012-01-31,0.1365399956703186
2012-02-01,0.1365399956703186
2012-02-02,0.12743699550628662
2012-02-03,0.12743699550628662
2012-02-06,0.12743699550628662
2012-02-07,0.12743699550628662
2012-02-08,0.12743699550628662
2012-02-09,0.12743699550628662
2012-02-10,0.12743699550628662
2012-02-13,0.12743699550628662
2012-02-14,0.1456419974565506
2012-02-15,0.1456419974565506
2012-02-16,0.1456419974565506
2012-02-17,0.1456419974565506
2012-02-20,0.1456419974565506
2012-02-21,0.15474499762058258
2012-02-22,0.15474499762058258
2012-02-23,0.15474499762058258
2012-02-24,0.15474499762058258
2012-02-27,0.18205299973487854
2012-02-28,0.18205299973487854
2012-02-29,0.18205299973487854
2012-03-01,0.15929600596427917
2012-03-02,0.15929600596427917
2012-03-05,0.15929600596427917
2012-03-06,0.15929600596427917
2012-03-07,0.15929600596427917
2012-03-08,0.15929600596427917
2012-03-09,0.15929600596427917
2012-03-12,0.15929600596427917
2012-03-13,0.15929600596427917
2012-03-14,0.17294999957084656
2012-03-15,0.17294999957084656
2012-03-16,0.17294999957084656
2012-03-19,0.18205299973487854
2012-03-20,0.20025800168514252
2012-03-21,0.20025800168514252
2012-03-22,0.20025800168514252
2012-03-23,0.18205299973487854
2012-03-26,0.18205299973487854
2012-03-27,0.18205299973487854
2012-03-28,0.18205299973487854
2012-03-29,0.18205299973487854
2012-03-30,0.18205299973487854
2012-04-02,0.18205299973487854
2012-04-03,0.18205299973487854
2012-04-04,0.16384799778461456
2012-04-05,0.16384799778461456
2012-04-10,0.16384799778461456
2012-04-11,0.16384799778461456
2012-04-12,0.16384799778461456
2012-04-13,0.16384799778461456
2012-04-16,0.16384799778461456
2012-04-17,0.16384799778461456
2012-04-18,0.16384799778461456
2012-04-19,0.16384799778461456
2012-04-20,0.16384799778461456
2012-04-23,0.16384799778461456
2012-04-24,0.16384799778461456
2012-04-26,0.16384799778461456
2012-04-27,0.16384799778461456
2012-04-30,0.16384799778461456
2012-05-01,0.16384799778461456
2012-05-02,0.16384799778461456
2012-05-03,0.16384799778461456
2012-05-04,0.16384799778461456
2012-05-07,0.16384799778461456
2012-05-08,0.15929600596427917
2012-05-09,0.15929600596427917
2012-05-10,0.15929600596427917
2012-05-11,0.15929600596427917
2012-05-14,0.15929600596427917
2012-05-15,0.1456419974565506
2012-05-16,0.1456419974565506
2012-05-17,0.1456419974565506
2012-05-18,0.1456419974565506
2012-05-21,0.19115599989891052
2012-05-22,0.19115599989891052
2012-05-23,0.19115599989891052
2012-05-24,0.19115599989891052
2012-05-25,0.19115599989891052
2012-05-28,0.18205299973487854
2012-05-29,0.19115599989891052
2012-05-30,0.19115599989891052
2012-05-31,0.19115599989891052
2012-06-01,0.19115599989891052
2012-06-04,0.19115599989891052
2012-06-05,0.19115599989891052
2012-06-06,0.19115599989891052
2012-06-07,0.15474499762058258
2012-06-08,0.15474499762058258
2012-06-12,0.15474499762058258
2012-06-13,0.15474499762058258
2012-06-14,0.15474499762058258
2012-06-15,0.15474499762058258
2012-06-18,0.15474499762058258
2012-06-19,0.15474499762058258
2012-06-20,0.15019400417804718
2012-06-21,0.15019400417804718
2012-06-22,0.15019400417804718
2012-06-25,0.15019400417804718
2012-06-26,0.15019400417804718
2012-06-27,0.15019400417804718
2012-06-28,0.15019400417804718
2012-06-29,0.15019400417804718
2012-07-02,0.15019400417804718
2012-07-03,0.15019400417804718
2012-07-04,0.15019400417804718
2012-07-05,0.15019400417804718
2012-07-06,0.15019400417804718
2012-07-09,0.15019400417804718
2012-07-10,0.15929600596427917
2012-07-11,0.15929600596427917
2012-07-12,0.15929600596427917
2012-07-13,0.15929600596427917
2012-07-16,0.1456419974565506
2012-07-17,0.15474499762058258
2012-07-18,0.15474499762058258
2012-07-19,0.15474499762058258
2012-07-20,0.15474499762058258
2012-07-23,0.16384799778461456
2012-07-24,0.16384799778461456
2012-07-25,0.16384799778461456
2012-07-26,0.16384799778461456
2012-07-27,0.15929600596427917
2012-07-30,0.15929600596427917
2012-07-31,0.15929600596427917
2012-08-01,0.15929600596427917
2012-08-02,0.15929600596427917
2012-08-03,0.1365399956703186
2012-08-06,0.1365399956703186
2012-08-07,0.1365399956703186
2012-08-08,0.16384799778461456
2012-08-09,0.18205299973487854
2012-08-10,0.22756600379943848
2012-08-13,0.22756600379943848
2012-08-14,0.3459010124206543
2012-08-15,0.3276959955692291
2012-08-16,0.30948999524116516
2012-08-17,0.2912850081920624
2012-08-20,0.3276959955692291
2012-08-21,0.3322469890117645
2012-08-22,0.31859299540519714
2012-08-23,0.31859299540519714
2012-08-24,0.30493900179862976
2012-08-27,0.30493900179862976
2012-08-28,0.31859299540519714
2012-08-29,0.3459010124206543
2012-08-30,0.3459010124206543
2012-08-31,0.3459010124206543
2012-09-03,0.31859299540519714
2012-09-04,0.30493900179862976
2012-09-05,0.2912850081920624
2012-09-06,0.2912850081920624
2012-09-07,0.2912850081920624
2012-09-10,0.2912850081920624
2012-09-11,0.2730799913406372
2012-09-12,0.2730799913406372
2012-09-13,0.30038800835609436
2012-09-14,0.30038800835609436
2012-09-17,0.30493900179862976
2012-09-18,0.30493900179862976
2012-09-19,0.30493900179862976
2012-09-20,0.31404200196266174
2012-09-21,0.277631014585495
2012-09-24,0.2730799913406372
2012-09-25,0.2912850081920624
2012-09-26,0.2912850081920624
2012-09-27,0.31859299540519714
2012-09-28,0.31859299540519714
2012-10-01,0.31859299540519714
2012-10-02,0.31859299540519714
2012-10-03,0.31859299540519714
2012-10-04,0.31859299540519714
2012-10-05,0.3413499891757965
2012-10-08,0.31859299540519714
2012-10-09,0.3367980122566223
2012-10-10,0.31859299540519714
2012-10-11,0.31859299540519714
2012-10-12,0.31859299540519714
2012-10-15,0.3276959955692291
2012-10-16,0.3276959955692291
2012-10-17,0.31859299540519714
2012-10-18,0.31859299540519714
2012-10-19,0.3459010124206543
2012-10-22,0.31859299540519714
2012-10-23,0.3641059994697571
2012-10-24,0.3641059994697571
2012-10-25,0.3459010124206543
2012-10-26,0.3550040125846863
2012-10-29,0.3504520058631897
2012-10-30,0.3550040125846863
2012-10-31,0.3504520058631897
2012-11-01,0.3504520058631897
2012-11-02,0.3367980122566223
2012-11-05,0.3276959955692291
2012-11-06,0.3276959955692291
2012-11-07,0.3413499891757965
2012-11-08,0.3504520058631897
2012-11-09,0.3504520058631897
2012-11-12,0.3504520058631897
2012-11-13,0.3459010124206543
2012-11-14,0.3459010124206543
2012-11-15,0.3550040125846863
2012-11-16,0.3641059994697571
2012-11-19,0.3459010124206543
2012-11-20,0.3641059994697571
2012-11-21,0.3367980122566223
2012-11-22,0.3367980122566223
2012-11-23,0.3550040125846863
2012-11-26,0.31859299540519714
2012-11-27,0.31859299540519714
2012-11-28,0.3367980122566223
2012-11-29,0.3367980122566223
2012-11-30,0.3367980122566223
2012-12-03,0.31859299540519714
2012-12-04,0.31859299540519714
2012-12-05,0.31859299540519714
2012-12-06,0.31859299540519714
2012-12-07,0.31859299540519714
2012-12-10,0.30948999524116516
2012-12-11,0.2912850081920624
2012-12-12,0.2730799913406372
2012-12-13,0.2730799913406372
2012-12-14,0.2730799913406372
2012-12-17,0.2730799913406372
2012-12-18,0.2912850081920624
2012-12-19,0.2912850081920624
2012-12-20,0.2912850081920624
2012-12-21,0.2912850081920624
2012-12-24,0.2912850081920624
2012-12-27,0.2912850081920624
2012-12-28,0.2730799913406372
2012-12-31,0.2912850081920624
2013-01-02,0.2912850081920624
2013-01-03,0.2912850081920624
2013-01-04,0.30948999524116516
2013-01-07,0.30948999524116516
2013-01-08,0.30948999524116516
2013-01-09,0.30948999524116516
2013-01-10,0.30948999524116516
2013-01-11,0.3276959955692291
2013-01-14,0.3276959955692291
2013-01-15,0.3276959955692291
2013-01-16,0.3276959955692291
2013-01-17,0.31404200196266174
2013-01-18,0.3276959955692291
2013-01-21,0.3367980122566223
2013-01-22,0.40051698684692383
2013-01-23,0.40051698684692383
2013-01-24,0.40051698684692383
2013-01-25,0.40051698684692383
2013-01-29,0.4096199870109558
2013-01-30,0.38231199979782104
2013-01-31,0.38231199979782104
2013-02-01,0.3641059994697571
2013-02-04,0.3641059994697571
2013-02-05,0.3641059994697571
2013-02-06,0.3459010124206543
2013-02-07,0.3641059994697571
2013-02-08,0.3641059994697571
2013-02-11,0.4096199870109558
2013-02-12,0.39141398668289185
2013-02-13,0.38231199979782104
2013-02-14,0.3641059994697571
2013-02-15,0.38231199979782104
2013-02-18,0.38231199979782104
2013-02-19,0.37775999307632446
2013-02-20,0.37775999307632446
2013-02-21,0.3641059994697571
2013-02-22,0.3641059994697571
2013-02-25,0.3459010124206543
2013-02-26,0.3459010124206543
2013-02-27,0.3459010124206543
2013-02-28,0.30948999524116516
2013-03-01,0.30948999524116516
2013-03-04,0.30948999524116516
2013-03-05,0.30948999524116516
2013-03-06,0.31859299540519714
2013-03-07,0.31859299540519714
2013-03-08,0.31859299540519714
2013-03-11,0.31859299540519714
2013-03-12,0.31859299540519714
2013-03-13,0.3504520058631897
2013-03-14,0.3504520058631897
2013-03-15,0.3504520058631897
2013-03-18,0.3504520058631897
2013-03-19,0.3504520058631897
2013-03-20,0.3504520058631897
2013-03-21,0.3504520058631897
2013-03-22,0.3504520058631897
2013-03-25,0.3504520058631897
2013-03-26,0.3504520058631897
2013-03-27,0.3504520058631897
2013-03-28,0.3504520058631897
2013-04-02,0.30038800835609436
2013-04-03,0.30038800835609436
2013-04-04,0.30038800835609436
2013-04-05,0.30038800835609436
2013-04-08,0.24121999740600586
2013-04-09,0.22301499545574188
2013-04-10,0.20025800168514252
2013-04-11,0.2139119952917099
2013-04-12,0.2139119952917099
2013-04-15,0.2048099935054779
2013-04-16,0.2048099935054779
2013-04-17,0.17294999957084656
2013-04-18,0.1365399956703186
2013-04-19,0.15019400417804718
2013-04-22,0.15019400417804718
2013-04-23,0.15019400417804718
2013-04-24,0.15019400417804718
2013-04-26,0.1456419974565506
2013-04-29,0.1456419974565506
2013-04-30,0.15474499762058258
2013-05-01,0.15474499762058258
2013-05-02,0.15929600596427917
2013-05-03,0.15929600596427917
2013-05-06,0.17294999957084656
2013-05-07,0.18205299973487854
2013-05-08,0.18205299973487854
2013-05-09,0.18205299973487854
2013-05-10,0.18205299973487854
2013-05-13,0.18205299973487854
2013-05-14,0.18205299973487854
2013-05-15,0.15474499762058258
2013-05-16,0.1410910040140152
2013-05-17,0.15474499762058258
2013-05-20,0.15474499762058258
2013-05-21,0.15474499762058258
2013-05-22,0.15474499762058258
2013-05-23,0.15474499762058258
2013-05-24,0.15474499762058258
2013-05-27,0.13198800384998322
2013-05-28,0.13198800384998322
2013-05-29,0.13198800384998322
2013-05-30,0.13198800384998322
2013-05-31,0.13198800384998322
2013-06-03,0.13198800384998322
2013-06-04,0.13198800384998322
2013-06-05,0.13198800384998322
2013-06-06,0.13198800384998322
2013-06-07,0.13198800384998322
2013-06-11,0.11833400279283524
2013-06-12,0.10012900084257126
2013-06-13,0.09102600067853928
2013-06-14,0.09102600067853928
2013-06-17,0.09102600067853928
2013-06-18,0.10923200100660324
2013-06-19,0.11833400279283524
2013-06-20,0.11833400279283524
2013-06-21,0.11833400279283524
2013-06-24,0.10923200100660324
2013-06-25,0.09102600067853928
2013-06-26,0.09102600067853928
2013-06-27,0.09102600067853928
2013-06-28,0.10923200100660324
2013-07-01,0.10923200100660324
2013-07-02,0.10923200100660324
2013-07-03,0.10923200100660324
2013-07-04,0.10923200100660324
2013-07-05,0.10923200100660324
2013-07-08,0.10923200100660324
2013-07-09,0.10923200100660324
2013-07-10,0.10923200100660324
2013-07-11,0.10923200100660324
2013-07-12,0.10923200100660324
2013-07-15,0.10923200100660324
2013-07-16,0.10012900084257126
2013-07-17,0.09102600067853928
2013-07-18,0.09102600067853928
2013-07-19,0.09102600067853928
2013-07-22,0.12288600206375122
2013-07-23,0.09557799994945526
2013-07-24,0.09557799994945526
2013-07-25,0.09102600067853928
2013-07-26,0.09102600067853928
2013-07-29,0.09102600067853928
2013-07-30,0.09102600067853928
2013-07-31,0.09102600067853928
2013-08-01,0.09102600067853928
2013-08-02,0.09102600067853928
2013-08-05,0.09102600067853928
2013-08-06,0.09102600067853928
2013-08-07,0.09102600067853928
2013-08-08,0.09102600067853928
2013-08-09,0.09557799994945526
2013-08-12,0.08647499978542328
2013-08-13,0.10468000173568726
2013-08-14,0.11833400279283524
2013-08-15,0.12743699550628662
2013-08-16,0.12743699550628662
2013-08-19,0.12743699550628662
2013-08-20,0.12743699550628662
2013-08-21,0.12743699550628662
2013-08-22,0.10012900084257126
2013-08-23,0.09557799994945526
2013-08-26,0.10012900084257126
2013-08-27,0.10012900084257126
2013-08-28,0.11378300189971924
2013-08-29,0.11378300189971924
2013-08-30,0.11833400279283524
2013-09-02,0.11833400279283524
2013-09-03,0.11378300189971924
2013-09-04,0.11378300189971924
2013-09-05,0.11378300189971924
2013-09-06,0.11378300189971924
2013-09-09,0.11378300189971924
2013-09-10,0.11378300189971924
2013-09-11,0.11378300189971924
2013-09-12,0.11378300189971924
2013-09-13,0.11378300189971924
2013-09-16,0.11378300189971924
2013-09-17,0.12288600206375122
2013-09-18,0.12288600206375122
2013-09-19,0.08192399889230728
2013-09-20,0.08192399889230728
2013-09-23,0.08192399889230728
2013-09-24,0.08192399889230728
2013-09-25,0.08192399889230728
2013-09-26,0.08192399889230728
2013-09-27,0.09557799994945526
2013-09-30,0.09557799994945526
2013-10-01,0.08192399889230728
2013-10-02,0.08192399889230728
2013-10-03,0.08192399889230728
2013-10-04,0.09102600067853928
2013-10-07,0.09102600067853928
2013-10-08,0.09102600067853928
2013-10-09,0.08192399889230728
2013-10-10,0.09102600067853928
2013-10-11,0.09102600067853928
2013-10-14,0.10012900084257126
2013-10-15,0.10012900084257126
2013-10-16,0.10012900084257126
2013-10-17,0.10012900084257126
2013-10-18,0.10012900084257126
2013-10-21,0.10012900084257126
2013-10-22,0.10012900084257126
2013-10-23,0.10012900084257126
2013-10-24,0.10012900084257126
2013-10-25,0.10012900084257126
2013-10-28,0.10012900084257126
2013-10-29,0.10012900084257126
2013-10-30,0.10012900084257126
2013-10-31,0.10012900084257126
2013-11-01,0.10012900084257126
2013-11-04,0.10012900084257126
2013-11-05,0.10012900084257126
2013-11-06,0.10012900084257126
2013-11-07,0.0773719996213913
2013-11-08,0.0773719996213913
2013-11-11,0.0773719996213913
2013-11-12,0.0773719996213913
2013-11-13,0.0773719996213913
2013-11-14,0.0773719996213913
2013-11-15,0.0773719996213913
2013-11-18,0.0773719996213913
2013-11-19,0.0773719996213913
2013-11-20,0.0728209987282753
2013-11-21,0.0728209987282753
2013-11-22,0.0728209987282753
2013-11-25,0.0728209987282753
2013-11-26,0.0728209987282753
2013-11-27,0.0728209987282753
2013-11-28,0.08010300248861313
2013-11-29,0.08010300248861313
2013-12-02,0.08010300248861313
2013-12-03,0.08010300248861313
2013-12-04,0.08010300248861313
2013-12-05,0.08010300248861313
2013-12-06,0.0728209987282753
2013-12-09,0.0728209987282753
2013-12-10,0.0728209987282753
2013-12-11,0.0728209987282753
2013-12-12,0.0728209987282753
2013-12-13,0.0728209987282753
2013-12-16,0.07828199863433838
2013-12-17,0.07828199863433838
2013-12-18,0.07828199863433838
2013-12-19,0.07828199863433838
2013-12-20,0.07828199863433838
2013-12-23,0.07828199863433838
2013-12-24,0.07828199863433838
2013-12-27,0.07828199863433838
2013-12-30,0.07828199863433838
2013-12-31,0.07828199863433838
2014-01-02,0.07828199863433838
2014-01-03,0.07828199863433838
2014-01-06,0.07828199863433838
2014-01-07,0.07828199863433838
2014-01-08,0.07828199863433838
2014-01-09,0.08283399790525436
2014-01-10,0.08283399790525436
2014-01-13,0.08283399790525436
2014-01-14,0.08283399790525436
2014-01-15,0.08283399790525436
2014-01-16,0.08283399790525436
2014-01-17,0.08283399790525436
2014-01-20,0.08283399790525436
2014-01-21,0.08283399790525436
2014-01-22,0.09102600067853928
2014-01-23,0.09102600067853928
2014-01-24,0.09102600067853928
2014-01-28,0.09102600067853928
2014-01-29,0.09102600067853928
2014-01-30,0.09102600067853928
2014-01-31,0.09102600067853928
2014-02-03,0.09102600067853928
2014-02-04,0.09102600067853928
2014-02-05,0.09102600067853928
2014-02-06,0.09102600067853928
2014-02-07,0.09102600067853928
2014-02-10,0.09102600067853928
2014-02-11,0.09102600067853928
2014-02-12,0.08192399889230728
2014-02-13,0.08192399889230728
2014-02-14,0.08192399889230728
2014-02-17,0.08192399889230728
2014-02-18,0.08192399889230728
2014-02-19,0.08192399889230728
2014-02-20,0.08192399889230728
2014-02-21,0.08192399889230728
2014-02-24,0.11378300189971924
2014-02-25,0.11378300189971924
2014-02-26,0.12743699550628662
2014-02-27,0.1456419974565506
2014-02-28,0.15019400417804718
2014-03-03,0.15019400417804718
2014-03-04,0.15019400417804718
2014-03-05,0.1456419974565506
2014-03-06,0.1456419974565506
2014-03-07,0.1456419974565506
2014-03-10,0.1365399956703186
2014-03-11,0.1365399956703186
2014-03-12,0.1365399956703186
2014-03-13,0.11833400279283524
2014-03-14,0.11833400279283524
2014-03-17,0.11833400279283524
2014-03-18,0.11833400279283524
2014-03-19,0.11833400279283524
2014-03-20,0.11833400279283524
2014-03-21,0.11833400279283524
2014-03-24,0.11833400279283524
2014-03-25,0.15474499762058258
2014-03-26,0.18205299973487854
2014-03-27,0.18205299973487854
2014-03-28,0.18205299973487854
2014-03-31,0.18205299973487854
2014-04-01,0.18205299973487854
2014-04-02,0.22756600379943848
2014-04-03,0.22301499545574188
2014-04-04,0.21846400201320648
2014-04-07,0.22756600379943848
2014-04-08,0.20025800168514252
2014-04-09,0.20025800168514252
2014-04-10,0.21846400201320648
2014-04-11,0.21846400201320648
2014-04-14,0.21846400201320648
2014-04-15,0.20025800168514252
2014-04-16,0.20025800168514252
2014-04-17,0.20025800168514252
2014-04-22,0.22756600379943848
2014-04-23,0.22756600379943848
2014-04-24,0.2093610018491745
2014-04-28,0.2093610018491745
2014-04-29,0.2093610018491745
2014-04-30,0.21846400201320648
2014-05-01,0.21846400201320648
2014-05-02,0.21846400201320648
2014-05-05,0.21846400201320648
2014-05-06,0.23666900396347046
2014-05-07,0.22301499545574188
2014-05-08,0.22301499545574188
2014-05-09,0.22301499545574188
2014-05-12,0.22301499545574188
2014-05-13,0.22301499545574188
2014-05-14,0.22301499545574188
2014-05-15,0.21846400201320648
2014-05-16,0.23211799561977386
2014-05-19,0.23211799561977386
2014-05-20,0.23211799561977386
2014-05-21,0.24577200412750244
2014-05-22,0.24577200412750244
2014-05-23,0.24577200412750244
2014-05-26,0.268528014421463
2014-05-27,0.2912850081920624
2014-05-28,0.2912850081920624
2014-05-29,0.2821820080280304
2014-05-30,0.2958360016345978
2014-06-02,0.286734014749527
2014-06-03,0.2821820080280304
2014-06-04,0.2730799913406372
2014-06-05,0.2730799913406372
2014-06-06,0.25487399101257324
2014-06-10,0.2821820080280304
2014-06-11,0.286734014749527
2014-06-12,0.3322469890117645
2014-06-13,0.3367980122566223
2014-06-16,0.3322469890117645
2014-06-17,0.30493900179862976
2014-06-18,0.31859299540519714
2014-06-19,0.30948999524116516
2014-06-20,0.30038800835609436
2014-06-23,0.30038800835609436
2014-06-24,0.2730799913406372
2014-06-25,0.2821820080280304
2014-06-26,0.30948999524116516
2014-06-27,0.31404200196266174
2014-06-30,0.31859299540519714
2014-07-01,0.30493900179862976
2014-07-02,0.30493900179862976
2014-07-03,0.2912850081920624
2014-07-04,0.2912850081920624
2014-07-07,0.31859299540519714
2014-07-08,0.3276959955692291
2014-07-09,0.3367980122566223
2014-07-10,0.3641059994697571
2014-07-11,0.37320899963378906
2014-07-14,0.3413499891757965
2014-07-15,0.3641059994697571
2014-07-16,0.3641059994697571
2014-07-17,0.3504520058631897
2014-07-18,0.38231199979782104
2014-07-21,0.418722003698349
2014-07-22,0.3959659934043884
2014-07-23,0.38231199979782104
2014-07-24,0.37775999307632446
2014-07-25,0.40051698684692383
2014-07-28,0.3550040125846863
2014-07-29,0.3322469890117645
2014-07-30,0.3276959955692291
2014-07-31,0.3276959955692291
2014-08-01,0.31859299540519714
2014-08-04,0.30948999524116516
2014-08-05,0.30948999524116516
2014-08-06,0.277631014585495
2014-08-07,0.31404200196266174
2014-08-08,0.2958360016345978
2014-08-11,0.30948999524116516
2014-08-12,0.32314398884773254
2014-08-13,0.30493900179862976
2014-08-14,0.2958360016345978
2014-08-15,0.2730799913406372
2014-08-18,0.2730799913406372
2014-08-19,0.286734014749527
2014-08-20,0.2958360016345978
2014-08-21,0.2958360016345978
2014-08-22,0.31859299540519714
2014-08-25,0.30038800835609436
2014-08-26,0.30038800835609436
2014-08-27,0.31859299540519714
2014-08-28,0.2958360016345978
2014-08-29,0.30038800835609436
2014-09-01,0.30038800835609436
2014-09-02,0.2958360016345978
2014-09-03,0.2958360016345978
2014-09-04,0.2639769911766052
2014-09-05,0.25487399101257324
2014-09-08,0.25487399101257324
2014-09-09,0.25487399101257324
2014-09-10,0.24577200412750244
2014-09-11,0.24577200412750244
2014-09-12,0.24577200412750244
2014-09-15,0.24577200412750244
2014-09-16,0.23666900396347046
2014-09-17,0.23666900396347046
2014-09-18,0.24577200412750244
2014-09-19,0.22756600379943848
2014-09-22,0.22756600379943848
2014-09-23,0.21846400201320648
2014-09-24,0.18205299973487854
2014-09-25,0.2048099935054779
2014-09-26,0.2048099935054779
2014-09-29,0.2048099935054779
2014-09-30,0.19115599989891052
2014-10-01,0.19115599989891052
2014-10-02,0.17294999957084656
2014-10-03,0.20025800168514252
2014-10-06,0.20025800168514252
2014-10-07,0.18205299973487854
2014-10-08,0.17294999957084656
2014-10-09,0.17294999957084656
2014-10-10,0.17294999957084656
2014-10-13,0.18205299973487854
2014-10-14,0.20025800168514252
2014-10-15,0.19115599989891052
2014-10-16,0.19115599989891052
2014-10-17,0.19115599989891052
2014-10-20,0.19570699334144592
2014-10-21,0.2048099935054779
2014-10-22,0.19570699334144592
2014-10-23,0.19115599989891052
2014-10-24,0.19115599989891052
2014-10-27,0.19115599989891052
2014-10-28,0.17294999957084656
2014-10-29,0.18205299973487854
2014-10-30,0.18205299973487854
2014-10-31,0.18205299973487854
2014-11-03,0.18205299973487854
2014-11-04,0.18205299973487854
2014-11-05,0.18205299973487854
2014-11-06,0.15474499762058258
2014-11-07,0.15474499762058258
2014-11-10,0.15474499762058258
2014-11-11,0.15474499762058258
2014-11-12,0.15474499762058258
2014-11-13,0.12743699550628662
2014-11-14,0.12743699550628662
2014-11-17,0.12743699550628662
2014-11-18,0.12743699550628662
2014-11-19,0.12743699550628662
2014-11-20,0.12743699550628662
2014-11-21,0.12743699550628662
2014-11-24,0.12743699550628662
2014-11-25,0.12743699550628662
2014-11-26,0.1365399956703186
2014-11-27,0.1365399956703186
2014-11-28,0.1365399956703186
2014-12-01,0.1365399956703186
2014-12-02,0.1365399956703186
2014-12-03,0.10012900084257126
2014-12-04,0.10012900084257126
2014-12-05,0.10012900084257126
2014-12-08,0.10468000173568726
2014-12-09,0.10012900084257126
2014-12-10,0.10012900084257126
2014-12-11,0.10012900084257126
2014-12-12,0.10012900084257126
2014-12-15,0.10012900084257126
2014-12-16,0.10012900084257126
2014-12-17,0.10012900084257126
2014-12-18,0.10012900084257126
2014-12-19,0.10012900084257126
2014-12-22,0.10012900084257126
2014-12-23,0.10012900084257126
2014-12-24,0.10012900084257126
2014-12-29,0.10012900084257126
2014-12-30,0.10012900084257126
2014-12-31,0.10012900084257126
2015-01-02,0.10012900084257126
2015-01-05,0.10012900084257126
2015-01-06,0.10012900084257126
2015-01-07,0.10012900084257126
2015-01-08,0.10012900084257126
2015-01-09,0.10012900084257126
2015-01-12,0.10012900084257126
2015-01-13,0.10012900084257126
2015-01-14,0.10012900084257126
2015-01-15,0.09102600067853928
2015-01-16,0.09102600067853928
2015-01-19,0.09102600067853928
2015-01-20,0.09102600067853928
2015-01-21,0.09102600067853928
2015-01-22,0.09102600067853928
2015-01-23,0.08192399889230728
2015-01-27,0.08192399889230728
2015-01-28,0.08192399889230728
2015-01-29,0.08192399889230728
2015-01-30,0.08192399889230728
2015-02-02,0.08192399889230728
2015-02-03,0.08647499978542328
2015-02-04,0.08647499978542328
2015-02-05,0.09102600067853928
2015-02-06,0.09102600067853928
2015-02-09,0.09102600067853928
2015-02-10,0.09102600067853928
2015-02-11,0.09102600067853928
2015-02-12,0.09102600067853928
2015-02-13,0.09102600067853928
2015-02-16,0.09102600067853928
2015-02-17,0.08192399889230728
2015-02-18,0.07464099675416946
2015-02-19,0.07464099675416946
2015-02-20,0.07464099675416946
2015-02-23,0.07464099675416946
2015-02-24,0.07464099675416946
2015-02-25,0.08192399889230728
2015-02-26,0.08192399889230728
2015-02-27,0.08192399889230728
2015-03-02,0.08192399889230728
2015-03-03,0.0728209987282753
2015-03-04,0.0728209987282753
2015-03-05,0.0728209987282753
2015-03-06,0.0728209987282753
2015-03-09,0.0728209987282753
2015-03-10,0.0728209987282753
2015-03-11,0.0728209987282753
2015-03-12,0.0728209987282753
2015-03-13,0.0600770004093647
2015-03-16,0.0600770004093647
2015-03-17,0.0600770004093647
2015-03-18,0.0600770004093647
2015-03-19,0.06838800013065338
2015-03-20,0.07788699865341187
2015-03-23,0.07788699865341187
2015-03-24,0.07598699629306793
2015-03-25,0.07598699629306793
2015-03-26,0.07598699629306793
2015-03-27,0.07598699629306793
2015-03-30,0.07598699629306793
2015-03-31,0.07598699629306793
2015-04-01,0.09498400241136551
2015-04-02,0.104482002556324
2015-04-07,0.10923200100660324
2015-04-08,0.104482002556324
2015-04-09,0.10923200100660324
2015-04-10,0.10923200100660324
2015-04-13,0.11398100107908249
2015-04-14,0.11398100107908249
2015-04-15,0.11398100107908249
2015-04-16,0.09498400241136551
2015-04-17,0.09498400241136551
2015-04-20,0.09973300248384476
2015-04-21,0.09498400241136551
2015-04-22,0.09498400241136551
2015-04-23,0.09498400241136551
2015-04-24,0.09498400241136551
2015-04-27,0.09498400241136551
2015-04-28,0.09498400241136551
2015-04-29,0.08073599636554718
2015-04-30,0.08073599636554718
2015-05-01,0.08073599636554718
2015-05-04,0.08073599636554718
2015-05-05,0.07598699629306793
2015-05-06,0.07598699629306793
2015-05-07,0.07598699629306793
2015-05-08,0.07598699629306793
2015-05-11,0.07598699629306793
2015-05-12,0.07598699629306793
2015-05-13,0.07598699629306793
2015-05-14,0.07598699629306793
2015-05-15,0.07598699629306793
2015-05-18,0.07598699629306793
2015-05-19,0.07598699629306793
2015-05-20,0.07218799740076065
2015-05-21,0.07218799740076065
2015-05-22,0.07218799740076065
2015-05-25,0.07218799740076065
2015-05-26,0.07218799740076065
2015-05-27,0.06648900359869003
2015-05-28,0.06648900359869003
2015-05-29,0.06648900359869003
2015-06-01,0.07123800367116928
2015-06-02,0.07123800367116928
2015-06-03,0.07123800367116928
2015-06-04,0.07123800367116928
2015-06-05,0.07123800367116928
2015-06-09,0.06648900359869003
2015-06-10,0.0645890012383461
2015-06-11,0.0645890012383461
2015-06-12,0.0645890012383461
2015-06-15,0.0645890012383461
2015-06-16,0.0645890012383461
2015-06-17,0.06268899887800217
2015-06-18,0.05793999880552292
2015-06-19,0.05793999880552292
2015-06-22,0.06268899887800217
2015-06-23,0.06268899887800217
2015-06-24,0.06268899887800217
2015-06-25,0.06268899887800217
2015-06-26,0.06078900024294853
2015-06-29,0.06078900024294853
2015-06-30,0.05984000116586685
2015-07-01,0.05984000116586685
2015-07-02,0.05984000116586685
2015-07-03,0.05984000116586685
2015-07-06,0.05984000116586685
2015-07-07,0.05984000116586685
2015-07-08,0.05984000116586685
2015-07-09,0.0617390014231205
2015-07-10,0.0617390014231205
2015-07-13,0.07218799740076065
2015-07-14,0.07123800367116928
2015-07-15,0.07123800367116928
2015-07-16,0.07123800367116928
2015-07-17,0.07313700020313263
2015-07-20,0.07123800367116928
2015-07-21,0.07123800367116928
2015-07-22,0.06838800013065338
2015-07-23,0.06838800013065338
2015-07-24,0.06838800013065338
2015-07-27,0.06838800013065338
2015-07-28,0.06838800013065338
2015-07-29,0.06838800013065338
2015-07-30,0.06838800013065338
2015-07-31,0.06838800013065338
2015-08-03,0.06838800013065338
2015-08-04,0.06838800013065338
2015-08-05,0.06838800013065338
2015-08-06,0.0740870013833046
2015-08-07,0.0740870013833046
2015-08-10,0.07503700256347656
2015-08-11,0.07503700256347656
2015-08-12,0.07503700256347656
2015-08-13,0.0769369974732399
2015-08-14,0.0769369974732399
2015-08-17,0.08073599636554718
2015-08-18,0.08073599636554718
2015-08-19,0.08263599872589111
2015-08-20,0.08073599636554718
2015-08-21,0.08453600108623505
2015-08-24,0.08073599636554718
2015-08-25,0.0740870013833046
2015-08-26,0.0740870013833046
2015-08-27,0.07313700020313263
2015-08-28,0.07313700020313263
2015-08-31,0.07313700020313263
2015-09-01,0.09308400005102158
2015-09-02,0.09023500233888626
2015-09-03,0.08548499643802643
2015-09-04,0.08548499643802643
2015-09-07,0.07598699629306793
2015-09-08,0.07598699629306793
2015-09-09,0.07503700256347656
2015-09-10,0.07503700256347656
2015-09-11,0.07503700256347656
2015-09-14,0.07503700256347656
2015-09-15,0.07503700256347656
2015-09-16,0.07503700256347656
2015-09-17,0.07598699629306793
2015-09-18,0.07598699629306793
2015-09-21,0.08073599636554718
2015-09-22,0.08073599636554718
2015-09-23,0.08073599636554718
2015-09-24,0.07598699629306793
2015-09-25,0.07598699629306793
2015-09-28,0.07598699629306793
2015-09-29,0.07598699629306793
2015-09-30,0.07598699629306793
2015-10-01,0.07598699629306793
2015-10-02,0.07598699629306793
2015-10-05,0.07598699629306793
2015-10-06,0.08073599636554718
2015-10-07,0.07598699629306793
2015-10-08,0.08073599636554718
2015-10-09,0.08548499643802643
2015-10-12,0.08073599636554718
2015-10-13,0.08073599636554718
2015-10-14,0.08073599636554718
2015-10-15,0.08073599636554718
2015-10-16,0.09498400241136551
2015-10-19,0.104482002556324
2015-10-20,0.11398100107908249
2015-10-21,0.11398100107908249
2015-10-22,0.09498400241136551
2015-10-23,0.09498400241136551
2015-10-26,0.09498400241136551
2015-10-27,0.09498400241136551
2015-10-28,0.09498400241136551
2015-10-29,0.09498400241136551
2015-10-30,0.08548499643802643
2015-11-02,0.08548499643802643
2015-11-03,0.08548499643802643
2015-11-04,0.08548499643802643
2015-11-05,0.07598699629306793
2015-11-06,0.07598699629306793
2015-11-09,0.07598699629306793
2015-11-10,0.07598699629306793
2015-11-11,0.07598699629306793
2015-11-12,0.07598699629306793
2015-11-13,0.07598699629306793
2015-11-16,0.07598699629306793
2015-11-17,0.07598699629306793
2015-11-18,0.07598699629306793
2015-11-19,0.07598699629306793
2015-11-20,0.07598699629306793
2015-11-23,0.07123800367116928
2015-11-24,0.06553900241851807
2015-11-25,0.06553900241851807
2015-11-26,0.06553900241851807
2015-11-27,0.06553900241851807
2015-11-30,0.06553900241851807
2015-12-01,0.06553900241851807
2015-12-02,0.06553900241851807
2015-12-03,0.06553900241851807
2015-12-04,0.06553900241851807
2015-12-07,0.06553900241851807
2015-12-08,0.06553900241851807
2015-12-09,0.05984000116586685
2015-12-10,0.05984000116586685
2015-12-11,0.05984000116586685
2015-12-14,0.05984000116586685
2015-12-15,0.0493910014629364
2015-12-16,0.0493910014629364
2015-12-17,0.0493910014629364
2015-12-18,0.052241001278162
2015-12-21,0.052241001278162
2015-12-22,0.052241001278162
2015-12-23,0.052241001278162
2015-12-24,0.052241001278162
2015-12-28,0.052241001278162
2015-12-29,0.052241001278162
2015-12-30,0.052241001278162
2015-12-31,0.052241001278162
2016-01-04,0.052241001278162
2016-01-05,0.047492001205682755
2016-01-06,0.047492001205682755
2016-01-07,0.047492001205682755
2016-01-08,0.047492001205682755
2016-01-11,0.047492001205682755
2016-01-12,0.047492001205682755
2016-01-13,0.052241001278162
2016-01-14,0.052241001278162
2016-01-15,0.052241001278162
2016-01-18,0.052241001278162
2016-01-19,0.052241001278162
2016-01-20,0.052241001278162
2016-01-21,0.052241001278162
2016-01-22,0.052241001278162
2016-01-25,0.052241001278162
2016-01-27,0.052241001278162
2016-01-28,0.052241001278162
2016-01-29,0.052241001278162
2016-02-01,0.052241001278162
2016-02-02,0.052241001278162
2016-02-03,0.04179299995303154
2016-02-04,0.04179299995303154
2016-02-05,0.04179299995303154
2016-02-08,0.04179299995303154
2016-02-09,0.04179299995303154
2016-02-10,0.04179299995303154
2016-02-11,0.04179299995303154
2016-02-12,0.04179299995303154
2016-02-15,0.04179299995303154
2016-02-16,0.04179299995303154
2016-02-17,0.04179299995303154
2016-02-18,0.03799299895763397
2016-02-19,0.04179299995303154
2016-02-22,0.04179299995303154
2016-02-23,0.04179299995303154
2016-02-24,0.033243998885154724
2016-02-25,0.04179299995303154
2016-02-26,0.04084299877285957
2016-02-29,0.04084299877285957
2016-03-01,0.04084299877285957
2016-03-02,0.04084299877285957
2016-03-03,0.03799299895763397
2016-03-04,0.04084299877285957
2016-03-07,0.03799299895763397
2016-03-08,0.03799299895763397
2016-03-09,0.03799299895763397
2016-03-10,0.03799299895763397
2016-03-11,0.03799299895763397
2016-03-14,0.04274199903011322
2016-03-15,0.04274199903011322
2016-03-16,0.04274199903011322
2016-03-17,0.04274199903011322
2016-03-18,0.04274199903011322
2016-03-21,0.04274199903011322
2016-03-22,0.04274199903011322
2016-03-23,0.04274199903011322
2016-03-24,0.04274199903011322
2016-03-29,0.04274199903011322
2016-03-30,0.04274199903011322
2016-03-31,0.03514400124549866
2016-04-01,0.03514400124549866
2016-04-04,0.06363900005817413
2016-04-05,0.06363900005817413
2016-04-06,0.06363900005817413
2016-04-07,0.06363900005817413
2016-04-08,0.06363900005817413
2016-04-11,0.047492001205682755
2016-04-12,0.047492001205682755
2016-04-13,0.047492001205682755
2016-04-14,0.047492001205682755
2016-04-15,0.047492001205682755
2016-04-18,0.047492001205682755
2016-04-19,0.047492001205682755
2016-04-20,0.047492001205682755
2016-04-21,0.047492001205682755
2016-04-22,0.047492001205682755
2016-04-26,0.047492001205682755
2016-04-27,0.047492001205682755
2016-04-28,0.047492001205682755
2016-04-29,0.047492001205682755
2016-05-02,0.06268899887800217
2016-05-03,0.07028800249099731
2016-05-04,0.07123800367116928
2016-05-05,0.07123800367116928
2016-05-06,0.07123800367116928
2016-05-09,0.07123800367116928
2016-05-10,0.07123800367116928
2016-05-11,0.07123800367116928
2016-05-12,0.07123800367116928
2016-05-13,0.07123800367116928
2016-05-16,0.07123800367116928
2016-05-17,0.07123800367116928
2016-05-18,0.07123800367116928
2016-05-19,0.07123800367116928
2016-05-20,0.07123800367116928
2016-05-23,0.07123800367116928
2016-05-24,0.07123800367116928
2016-05-25,0.05793999880552292
2016-05-26,0.05793999880552292
2016-05-27,0.05793999880552292
2016-05-30,0.05793999880552292
2016-05-31,0.05793999880552292
2016-06-01,0.05793999880552292
2016-06-02,0.05793999880552292
2016-06-03,0.05793999880552292
2016-06-06,0.05793999880552292
2016-06-07,0.05793999880552292
2016-06-08,0.06838800013065338
2016-06-09,0.07598699629306793
2016-06-10,0.08548499643802643
2016-06-14,0.08548499643802643
2016-06-15,0.08738499879837036
2016-06-16,0.08548499643802643
2016-06-17,0.08548499643802643
2016-06-20,0.08548499643802643
2016-06-21,0.08548499643802643
2016-06-22,0.08548499643802643
2016-06-23,0.08548499643802643
2016-06-24,0.08548499643802643
2016-06-27,0.08548499643802643
2016-06-28,0.08073599636554718
2016-06-29,0.08548499643802643
2016-06-30,0.08548499643802643
2016-07-01,0.08548499643802643
2016-07-04,0.08548499643802643
2016-07-05,0.07598699629306793
2016-07-06,0.07598699629306793
2016-07-07,0.08263599872589111
2016-07-08,0.08548499643802643
2016-07-11,0.07598699629306793
2016-07-12,0.07598699629306793
2016-07-13,0.07598699629306793
2016-07-14,0.07598699629306793
2016-07-15,0.07598699629306793
2016-07-18,0.07598699629306793
2016-07-19,0.08168599754571915
2016-07-20,0.08168599754571915
2016-07-21,0.0769369974732399
2016-07-22,0.07598699629306793
2016-07-25,0.07598699629306793
2016-07-26,0.07598699629306793
2016-07-27,0.07598699629306793
2016-07-28,0.07598699629306793
2016-07-29,0.07598699629306793
2016-08-01,0.07123800367116928
2016-08-02,0.07123800367116928
2016-08-03,0.07123800367116928
2016-08-04,0.07598699629306793
2016-08-05,0.08263599872589111
2016-08-08,0.08548499643802643
2016-08-09,0.0864349976181984
2016-08-10,0.08548499643802643
2016-08-11,0.0864349976181984
2016-08-12,0.08358599990606308
2016-08-15,0.08548499643802643
2016-08-16,0.09023500233888626
2016-08-17,0.09023500233888626
2016-08-18,0.09023500233888626
2016-08-19,0.09023500233888626
2016-08-22,0.09023500233888626
2016-08-23,0.09023500233888626
2016-08-24,0.09023500233888626
2016-08-25,0.09023500233888626
2016-08-26,0.08833499997854233
2016-08-29,0.0864349976181984
2016-08-30,0.08833499997854233
2016-08-31,0.08833499997854233
2016-09-01,0.0864349976181984
2016-09-02,0.08548499643802643
2016-09-05,0.09498400241136551
2016-09-06,0.09213399887084961
2016-09-07,0.09498400241136551
2016-09-08,0.09118399769067764
2016-09-09,0.09973300248384476
2016-09-12,0.09403400123119354
2016-09-13,0.09213399887084961
2016-09-14,0.09973300248384476
2016-09-15,0.09498400241136551
2016-09-16,0.09973300248384476
2016-09-19,0.104482002556324
2016-09-20,0.104482002556324
2016-09-21,0.104482002556324
2016-09-22,0.10923200100660324
2016-09-23,0.11398100107908249
2016-09-26,0.11398100107908249
2016-09-27,0.10923200100660324
2016-09-28,0.11398100107908249
2016-09-29,0.11398100107908249
2016-09-30,0.11398100107908249
2016-10-03,0.11873000115156174
2016-10-04,0.11873000115156174
2016-10-05,0.10923200100660324
2016-10-06,0.11873000115156174
2016-10-07,0.12822799384593964
2016-10-10,0.11873000115156174
2016-10-11,0.12822799384593964
2016-10-12,0.11873000115156174
2016-10-13,0.11873000115156174
2016-10-14,0.12822799384593964
2016-10-17,0.11398100107908249
2016-10-18,0.11873000115156174
2016-10-19,0.11873000115156174
2016-10-20,0.11873000115156174
2016-10-21,0.10923200100660324
2016-10-24,0.104482002556324
2016-10-25,0.11398100107908249
2016-10-26,0.10923200100660324
2016-10-27,0.11873000115156174
2016-10-28,0.12822799384593964
2016-10-31,0.11873000115156174
2016-11-01,0.11873000115156174
2016-11-02,0.12347900122404099
2016-11-03,0.12347900122404099
2016-11-04,0.12347900122404099
2016-11-07,0.12347900122404099
2016-11-08,0.12347900122404099
2016-11-09,0.104482002556324
2016-11-10,0.11873000115156174
2016-11-11,0.10923200100660324
2016-11-14,0.10923200100660324
2016-11-15,0.10923200100660324
2016-11-16,0.104482002556324
2016-11-17,0.104482002556324
2016-11-18,0.104482002556324
2016-11-21,0.104482002556324
2016-11-22,0.104482002556324
2016-11-23,0.104482002556324
2016-11-24,0.09973300248384476
2016-11-25,0.09973300248384476
2016-11-28,0.104482002556324
2016-11-29,0.10923200100660324
2016-11-30,0.10923200100660324
2016-12-01,0.10923200100660324
2016-12-02,0.10923200100660324
2016-12-05,0.09973300248384476
2016-12-06,0.09498400241136551
2016-12-07,0.09498400241136551
2016-12-08,0.09498400241136551
2016-12-09,0.09498400241136551
2016-12-12,0.09213399887084961
2016-12-13,0.09213399887084961
2016-12-14,0.09213399887084961
2016-12-15,0.09403400123119354
2016-12-16,0.09403400123119354
2016-12-19,0.09023500233888626
2016-12-20,0.08548499643802643
2016-12-21,0.08548499643802643
2016-12-22,0.08548499643802643
2016-12-23,0.08548499643802643
2016-12-28,0.08548499643802643
2016-12-29,0.08738499879837036
2016-12-30,0.08738499879837036
2017-01-03,0.08738499879837036
2017-01-04,0.08833499997854233
2017-01-05,0.0892850011587143
2017-01-06,0.0892850011587143
2017-01-09,0.0892850011587143
2017-01-10,0.09403400123119354
2017-01-11,0.09023500233888626
2017-01-12,0.09023500233888626
2017-01-13,0.08548499643802643
2017-01-16,0.08073599636554718
2017-01-17,0.0769369974732399
2017-01-18,0.08548499643802643
2017-01-19,0.08548499643802643
2017-01-20,0.08548499643802643
2017-01-23,0.0864349976181984
2017-01-24,0.0864349976181984
2017-01-25,0.0864349976181984
2017-01-27,0.08548499643802643
2017-01-30,0.0892850011587143
2017-01-31,0.0892850011587143
2017-02-01,0.09023500233888626
2017-02-02,0.09023500233888626
2017-02-03,0.09023500233888626
2017-02-06,0.09973300248384476
2017-02-07,0.09118399769067764
2017-02-08,0.08738499879837036
2017-02-09,0.08738499879837036
2017-02-10,0.09023500233888626
2017-02-13,0.08833499997854233
2017-02-14,0.08548499643802643
2017-02-15,0.08548499643802643
2017-02-16,0.08548499643802643
2017-02-17,0.08548499643802643
2017-02-20,0.08548499643802643
2017-02-21,0.09023500233888626
2017-02-22,0.09498400241136551
2017-02-23,0.09498400241136551
2017-02-24,0.08548499643802643
2017-02-27,0.09023500233888626
2017-02-28,0.09023500233888626
2017-03-01,0.09023500233888626
2017-03-02,0.08833499997854233
2017-03-03,0.08833499997854233
2017-03-06,0.08073599636554718
2017-03-07,0.06933800131082535
2017-03-08,0.07598699629306793
2017-03-09,0.07598699629306793
2017-03-10,0.07598699629306793
2017-03-13,0.07123800367116928
2017-03-14,0.06553900241851807
2017-03-15,0.06838800013065338
2017-03-16,0.07028800249099731
2017-03-17,0.06838800013065338
2017-03-20,0.0740870013833046
2017-03-21,0.0740870013833046
2017-03-22,0.0864349976181984
2017-03-23,0.0864349976181984
2017-03-24,0.0769369974732399
2017-03-27,0.07218799740076065
2017-03-28,0.07598699629306793
2017-03-29,0.07218799740076065
2017-03-30,0.07598699629306793
2017-03-31,0.07598699629306793
2017-04-03,0.0864349976181984
2017-04-04,0.07598699629306793
2017-04-05,0.08453600108623505
2017-04-06,0.09498400241136551
2017-04-07,0.09498400241136551
2017-04-10,0.09973300248384476
2017-04-11,0.09498400241136551
2017-04-12,0.104482002556324
2017-04-13,0.09973300248384476
2017-04-18,0.09308400005102158
2017-04-19,0.12347900122404099
2017-04-20,0.10923200100660324
2017-04-21,0.11398100107908249
2017-04-24,0.11398100107908249
2017-04-26,0.10923200100660324
2017-04-27,0.104482002556324
2017-04-28,0.104482002556324
2017-05-01,0.09498400241136551
2017-05-02,0.09498400241136551
2017-05-03,0.09498400241136551
2017-05-04,0.09498400241136551
2017-05-05,0.09498400241136551
2017-05-08,0.09498400241136551
2017-05-09,0.09973300248384476
2017-05-10,0.09973300248384476
2017-05-11,0.09973300248384476
2017-05-12,0.104482002556324
2017-05-15,0.104482002556324
2017-05-16,0.09973300248384476
2017-05-17,0.104482002556324
2017-05-18,0.11873000115156174
2017-05-19,0.11873000115156174
2017-05-22,0.11873000115156174
2017-05-23,0.11873000115156174
2017-05-24,0.12822799384593964
2017-05-25,0.12347900122404099
2017-05-26,0.11873000115156174
2017-05-29,0.12822799384593964
2017-05-30,0.12822799384593964
2017-05-31,0.12822799384593964
2017-06-01,0.11873000115156174
2017-06-02,0.11873000115156174
2017-06-05,0.11873000115156174
2017-06-06,0.11873000115156174
2017-06-07,0.11873000115156174
2017-06-08,0.10923200100660324
2017-06-09,0.11398100107908249
2017-06-13,0.11873000115156174
2017-06-14,0.12347900122404099
2017-06-15,0.11873000115156174
2017-06-16,0.12822799384593964
2017-06-19,0.12347900122404099
2017-06-20,0.12347900122404099
2017-06-21,0.13297800719738007
2017-06-22,0.12347900122404099
2017-06-23,0.12347900122404099
2017-06-26,0.12822799384593964
2017-06-27,0.11873000115156174
2017-06-28,0.12347900122404099
2017-06-29,0.12822799384593964
2017-06-30,0.12347900122404099
2017-07-03,0.11873000115156174
2017-07-04,0.11873000115156174
2017-07-05,0.11398100107908249
2017-07-06,0.11398100107908249
2017-07-07,0.11398100107908249
2017-07-10,0.09973300248384476
2017-07-11,0.11398100107908249
2017-07-12,0.11873000115156174
2017-07-13,0.11398100107908249
2017-07-14,0.11873000115156174
2017-07-17,0.11873000115156174
2017-07-18,0.10923200100660324
2017-07-19,0.104482002556324
2017-07-20,0.104482002556324
2017-07-21,0.104482002556324
2017-07-24,0.09498400241136551
2017-07-25,0.09498400241136551
2017-07-26,0.09023500233888626
2017-07-27,0.08548499643802643
2017-07-28,0.08833499997854233
2017-07-31,0.11873000115156174
2017-08-01,0.11398100107908249
2017-08-02,0.10923200100660324
2017-08-03,0.11398100107908249
2017-08-04,0.11398100107908249
2017-08-07,0.11398100107908249
2017-08-08,0.10923200100660324
2017-08-09,0.10923200100660324
2017-08-10,0.104482002556324
2017-08-11,0.10923200100660324
2017-08-14,0.10923200100660324
2017-08-15,0.104482002556324
2017-08-16,0.104482002556324
2017-08-17,0.09973300248384476
2017-08-18,0.11398100107908249
2017-08-21,0.104482002556324
2017-08-22,0.09973300248384476
2017-08-23,0.104482002556324
2017-08-24,0.09973300248384476
2017-08-25,0.104482002556324
2017-08-28,0.09498400241136551
2017-08-29,0.104482002556324
2017-08-30,0.104482002556324
2017-08-31,0.10923200100660324
2017-09-01,0.104482002556324
2017-09-04,0.104482002556324
2017-09-05,0.104482002556324
2017-09-06,0.104482002556324
2017-09-07,0.104482002556324
2017-09-08,0.09498400241136551
2017-09-11,0.09403400123119354
2017-09-12,0.09973300248384476
2017-09-13,0.09498400241136551
2017-09-14,0.09498400241136551
2017-09-15,0.09498400241136551
2017-09-18,0.09498400241136551
2017-09-19,0.09498400241136551
2017-09-20,0.09498400241136551
2017-09-21,0.09973300248384476
2017-09-22,0.104482002556324
2017-09-25,0.09498400241136551
2017-09-26,0.09973300248384476
2017-09-27,0.09735800325870514
2017-09-28,0.09973300248384476
2017-09-29,0.09973300248384476
2017-10-02,0.11398100107908249
2017-10-03,0.11398100107908249
2017-10-04,0.12822799384593964
2017-10-05,0.12822799384593964
2017-10-06,0.13297800719738007
2017-10-09,0.13297800719738007
2017-10-10,0.12822799384593964
2017-10-11,0.12347900122404099
2017-10-12,0.11398100107908249
2017-10-13,0.11873000115156174
2017-10-16,0.12347900122404099
2017-10-17,0.12822799384593964
2017-10-18,0.12822799384593964
2017-10-19,0.11873000115156174
2017-10-20,0.12347900122404099
2017-10-23,0.12347900122404099
2017-10-24,0.12347900122404099
2017-10-25,0.11398100107908249
2017-10-26,0.11398100107908249
2017-10-27,0.11873000115156174
2017-10-30,0.11873000115156174
2017-10-31,0.12347900122404099
2017-11-01,0.11873000115156174
2017-11-02,0.12822799384593964
2017-11-03,0.12822799384593964
2017-11-06,0.11398100107908249
2017-11-07,0.11398100107908249
2017-11-08,0.10923200100660324
2017-11-09,0.11398100107908249
2017-11-10,0.10923200100660324
2017-11-13,0.104482002556324
2017-11-14,0.104482002556324
2017-11-15,0.10923200100660324
2017-11-16,0.11398100107908249
2017-11-17,0.11398100107908249
2017-11-20,0.11398100107908249
2017-11-21,0.11398100107908249
2017-11-22,0.11398100107908249
2017-11-23,0.11873000115156174
2017-11-24,0.12822799384593964
2017-11-27,0.12347900122404099
2017-11-28,0.11873000115156174
2017-11-29,0.11873000115156174
2017-11-30,0.11398100107908249
2017-12-01,0.11398100107908249
2017-12-04,0.11873000115156174
2017-12-05,0.11398100107908249
2017-12-06,0.10923200100660324
2017-12-07,0.11873000115156174
2017-12-08,0.11873000115156174
2017-12-11,0.11398100107908249
2017-12-12,0.11398100107908249
2017-12-13,0.104482002556324
2017-12-14,0.10923200100660324
2017-12-15,0.10923200100660324
2017-12-18,0.104482002556324
2017-12-19,0.104482002556324
2017-12-20,0.09973300248384476
2017-12-21,0.104482002556324
2017-12-22,0.11398100107908249
2017-12-27,0.11398100107908249
2017-12-28,0.11873000115156174
2017-12-29,0.12347900122404099
2018-01-02,0.12347900122404099
2018-01-03,0.12347900122404099
2018-01-04,0.11873000115156174
2018-01-05,0.12347900122404099
2018-01-08,0.11873000115156174
2018-01-09,0.11873000115156174
2018-01-10,0.11873000115156174
2018-01-11,0.12347900122404099
2018-01-12,0.12347900122404099
2018-01-15,0.12822799384593964
2018-01-16,0.1472250074148178
2018-01-17,0.14247600734233856
2018-01-18,0.13772700726985931
2018-01-19,0.13772700726985931
2018-01-22,0.12822799384593964
2018-01-23,0.11873000115156174
2018-01-24,0.12347900122404099
2018-01-25,0.12347900122404099
2018-01-29,0.12347900122404099
2018-01-30,0.12347900122404099
2018-01-31,0.12347900122404099
2018-02-01,0.12347900122404099
2018-02-02,0.12822799384593964
2018-02-05,0.11873000115156174
2018-02-06,0.10923200100660324
2018-02-07,0.11873000115156174
2018-02-08,0.11873000115156174
2018-02-09,0.11873000115156174
2018-02-12,0.11398100107908249
2018-02-13,0.11398100107908249
2018-02-14,0.11398100107908249
2018-02-15,0.11398100107908249
2018-02-16,0.11398100107908249
2018-02-19,0.11873000115156174
2018-02-20,0.11398100107908249
2018-02-21,0.11398100107908249
2018-02-22,0.11873000115156174
2018-02-23,0.11873000115156174
2018-02-26,0.11873000115156174
2018-02-27,0.11873000115156174
2018-02-28,0.10923200100660324
2018-03-01,0.11398100107908249
2018-03-02,0.10923200100660324
2018-03-05,0.10923200100660324
2018-03-06,0.11398100107908249
2018-03-07,0.11398100107908249
2018-03-08,0.10923200100660324
2018-03-09,0.10923200100660324
2018-03-12,0.11398100107908249
2018-03-13,0.11398100107908249
2018-03-14,0.11398100107908249
2018-03-15,0.10923200100660324
2018-03-16,0.11398100107908249
2018-03-19,0.11873000115156174
2018-03-20,0.12347900122404099
2018-03-21,0.12347900122404099
2018-03-22,0.12347900122404099
2018-03-23,0.11873000115156174
2018-03-26,0.11873000115156174
2018-03-27,0.11873000115156174
2018-03-28,0.11398100107908249
2018-03-29,0.11398100107908249
2018-04-03,0.11398100107908249
2018-04-04,0.11398100107908249
2018-04-05,0.11398100107908249
2018-04-06,0.11398100107908249
2018-04-09,0.11398100107908249
2018-04-10,0.11398100107908249
2018-04-11,0.11398100107908249
2018-04-12,0.11398100107908249
2018-04-13,0.10923200100660324
2018-04-16,0.11398100107908249
2018-04-17,0.10923200100660324
2018-04-18,0.104482002556324
2018-04-19,0.09973300248384476
2018-04-20,0.104482002556324
2018-04-23,0.09973300248384476
2018-04-24,0.104482002556324
2018-04-26,0.104482002556324
2018-04-27,0.104482002556324
2018-04-30,0.104482002556324
2018-05-01,0.09973300248384476
2018-05-02,0.09973300248384476
2018-05-03,0.09973300248384476
2018-05-04,0.09973300248384476
2018-05-07,0.09973300248384476
2018-05-08,0.09973300248384476
2018-05-09,0.09973300248384476
2018-05-10,0.09973300248384476
2018-05-11,0.09973300248384476
2018-05-14,0.09973300248384476
2018-05-15,0.09973300248384476
2018-05-16,0.09973300248384476
2018-05-17,0.09973300248384476
2018-05-18,0.09973300248384476
2018-05-21,0.09498400241136551
2018-05-22,0.09498400241136551
2018-05-23,0.09498400241136551
2018-05-24,0.09498400241136551
2018-05-25,0.09498400241136551
2018-05-28,0.104482002556324
2018-05-29,0.09973300248384476
2018-05-30,0.09973300248384476
2018-05-31,0.09973300248384476
2018-06-01,0.09973300248384476
2018-06-04,0.09973300248384476
2018-06-05,0.09973300248384476
2018-06-06,0.104482002556324
2018-06-07,0.09973300248384476
2018-06-08,0.09973300248384476
2018-06-12,0.09498400241136551
2018-06-13,0.09308400005102158
2018-06-14,0.09213399887084961
2018-06-15,0.09213399887084961
2018-06-18,0.09308400005102158
2018-06-19,0.09308400005102158
2018-06-20,0.09118399769067764
2018-06-21,0.09023500233888626
2018-06-22,0.09118399769067764
2018-06-25,0.08833499997854233
2018-06-26,0.0892850011587143
2018-06-27,0.09118399769067764
2018-06-28,0.0892850011587143
2018-06-29,0.08833499997854233
2018-07-02,0.0892850011587143
2018-07-03,0.0864349976181984
2018-07-04,0.0864349976181984
2018-07-05,0.08548499643802643
2018-07-06,0.08548499643802643
2018-07-09,0.08548499643802643
2018-07-10,0.08453600108623505
2018-07-11,0.08548499643802643
2018-07-12,0.08548499643802643
2018-07-13,0.08453600108623505
2018-07-16,0.08833499997854233
2018-07-17,0.08358599990606308
2018-07-18,0.08738499879837036
2018-07-19,0.08263599872589111
2018-07-20,0.08548499643802643
2018-07-23,0.08453600108623505
2018-07-24,0.08358599990606308
2018-07-25,0.08168599754571915
2018-07-26,0.08073599636554718
2018-07-27,0.08168599754571915
2018-07-30,0.08168599754571915
2018-07-31,0.08263599872589111
2018-08-01,0.08168599754571915
2018-08-02,0.08073599636554718
2018-08-03,0.08073599636554718
2018-08-06,0.08073599636554718
2018-08-07,0.07978600263595581
2018-08-08,0.07978600263595581
2018-08-09,0.07883699983358383
2018-08-10,0.07598699629306793
2018-08-13,0.07028800249099731
2018-08-14,0.06648900359869003
2018-08-15,0.07028800249099731
2018-08-16,0.06838800013065338
2018-08-17,0.06648900359869003
2018-08-20,0.0645890012383461
2018-08-21,0.06648900359869003
2018-08-22,0.06933800131082535
2018-08-23,0.06553900241851807
2018-08-24,0.06648900359869003
2018-08-27,0.06648900359869003
2018-08-28,0.06743799895048141
2018-08-29,0.07123800367116928
2018-08-30,0.0740870013833046
2018-08-31,0.0769369974732399
2018-09-03,0.07978600263595581
2018-09-04,0.07788699865341187
2018-09-05,0.07598699629306793
2018-09-06,0.07788699865341187
2018-09-07,0.0769369974732399
2018-09-10,0.0769369974732399
2018-09-11,0.07218799740076065
2018-09-12,0.07598699629306793
2018-09-13,0.07598699629306793
2018-09-14,0.0769369974732399
2018-09-17,0.07788699865341187
2018-09-18,0.0740870013833046
2018-09-19,0.07218799740076065
2018-09-20,0.07218799740076065
2018-09-21,0.07503700256347656
2018-09-24,0.0740870013833046
2018-09-25,0.07503700256347656
2018-09-26,0.0769369974732399
2018-09-27,0.07883699983358383
2018-09-28,0.08073599636554718
2018-10-01,0.08453600108623505
2018-10-02,0.08738499879837036
2018-10-03,0.0864349976181984
2018-10-04,0.0864349976181984
2018-10-05,0.08738499879837036
2018-10-08,0.08833499997854233
2018-10-09,0.08453600108623505
2018-10-10,0.08548499643802643
2018-10-11,0.08073599636554718
2018-10-12,0.08263599872589111
2018-10-15,0.08263599872589111
2018-10-16,0.08073599636554718
2018-10-17,0.08168599754571915
2018-10-18,0.08168599754571915
2018-10-19,0.08168599754571915
2018-10-22,0.07883699983358383
2018-10-23,0.07788699865341187
2018-10-24,0.07788699865341187
2018-10-25,0.07788699865341187
2018-10-26,0.07788699865341187
2018-10-29,0.07788699865341187
2018-10-30,0.07218799740076065
2018-10-31,0.07313700020313263
2018-11-01,0.07313700020313263
2018-11-02,0.0740870013833046
2018-11-05,0.0740870013833046
2018-11-06,0.08073599636554718
2018-11-07,0.08168599754571915
2018-11-08,0.0769369974732399
2018-11-09,0.07503700256347656
2018-11-12,0.07503700256347656
2018-11-13,0.07598699629306793
2018-11-14,0.07313700020313263
2018-11-15,0.07123800367116928
2018-11-16,0.07123800367116928
2018-11-19,0.07123800367116928
2018-11-20,0.0645890012383461
2018-11-21,0.0645890012383461
2018-11-22,0.0645890012383461
2018-11-23,0.06648900359869003
2018-11-26,0.06743799895048141
2018-11-27,0.07028800249099731
2018-11-28,0.07028800249099731
2018-11-29,0.07028800249099731
2018-11-30,0.07028800249099731
2018-12-03,0.07028800249099731
2018-12-04,0.06743799895048141
2018-12-05,0.05984000116586685
2018-12-06,0.0617390014231205
2018-12-07,0.07028800249099731
2018-12-10,0.07028800249099731
2018-12-11,0.06648900359869003
2018-12-12,0.06648900359869003
2018-12-13,0.0645890012383461
2018-12-14,0.0645890012383461
2018-12-17,0.06648900359869003
2018-12-18,0.06268899887800217
2018-12-19,0.0617390014231205
2018-12-20,0.06648900359869003
2018-12-21,0.06648900359869003
2018-12-24,0.06648900359869003
2018-12-27,0.06648900359869003
2018-12-28,0.0617390014231205
2018-12-31,0.0617390014231205
2019-01-02,0.0645890012383461
2019-01-03,0.0645890012383461
2019-01-04,0.06268899887800217
2019-01-07,0.06648900359869003
2019-01-08,0.06553900241851807
2019-01-09,0.06268899887800217
2019-01-10,0.06553900241851807
2019-01-11,0.06553900241851807
2019-01-14,0.06553900241851807
2019-01-15,0.06648900359869003
2019-01-16,0.06268899887800217
2019-01-17,0.06648900359869003
2019-01-18,0.06648900359869003
2019-01-21,0.06648900359869003
2019-01-22,0.06648900359869003
2019-01-23,0.06648900359869003
2019-01-24,0.07503700256347656
2019-01-25,0.07503700256347656
2019-01-29,0.07503700256347656
2019-01-30,0.07503700256347656
2019-01-31,0.07503700256347656
2019-02-01,0.07313700020313263
2019-02-04,0.07313700020313263
2019-02-05,0.07313700020313263
2019-02-06,0.07123800367116928
2019-02-07,0.06933800131082535
2019-02-08,0.06933800131082535
2019-02-11,0.07028800249099731
2019-02-12,0.07028800249099731
2019-02-13,0.07028800249099731
2019-02-14,0.07028800249099731
2019-02-15,0.06933800131082535
2019-02-18,0.06933800131082535
2019-02-19,0.07123800367116928
2019-02-20,0.07313700020313263
2019-02-21,0.07313700020313263
2019-02-22,0.08168599754571915
2019-02-25,0.08168599754571915
2019-02-26,0.07788699865341187
2019-02-27,0.07218799740076065
2019-02-28,0.07598699629306793
2019-03-01,0.07978600263595581
2019-03-04,0.07503700256347656
2019-03-05,0.07788699865341187
2019-03-06,0.07978600263595581
2019-03-07,0.07883699983358383
2019-03-08,0.07883699983358383
2019-03-11,0.08168599754571915
2019-03-12,0.08168599754571915
2019-03-13,0.07978600263595581
2019-03-14,0.0769369974732399
2019-03-15,0.07788699865341187
2019-03-18,0.07883699983358383
2019-03-19,0.07883699983358383
2019-03-20,0.07883699983358383
2019-03-21,0.07503700256347656
2019-03-22,0.08168599754571915
2019-03-25,0.08548499643802643
2019-03-26,0.0892850011587143
2019-03-27,0.08358599990606308
2019-03-28,0.08548499643802643
2019-03-29,0.08548499643802643
2019-04-01,0.0864349976181984
2019-04-02,0.07978600263595581
2019-04-03,0.08073599636554718
2019-04-04,0.08358599990606308
2019-04-05,0.08358599990606308
2019-04-08,0.0740870013833046
2019-04-09,0.07788699865341187
2019-04-10,0.07788699865341187
2019-04-11,0.07788699865341187
2019-04-12,0.07503700256347656
2019-04-15,0.0740870013833046
2019-04-16,0.07978600263595581
2019-04-17,0.07978600263595581
2019-04-18,0.07788699865341187
2019-04-23,0.07598699629306793
2019-04-24,0.07788699865341187
2019-04-26,0.07883699983358383
2019-04-29,0.07883699983358383
2019-04-30,0.07788699865341187
2019-05-01,0.0769369974732399
2019-05-02,0.07218799740076065
2019-05-03,0.07503700256347656
2019-05-06,0.07598699629306793
2019-05-07,0.07123800367116928
2019-05-08,0.07598699629306793
2019-05-09,0.07503700256347656
2019-05-10,0.07503700256347656
2019-05-13,0.07503700256347656
2019-05-14,0.07313700020313263
2019-05-15,0.07503700256347656
2019-05-16,0.07313700020313263
2019-05-17,0.0740870013833046
2019-05-20,0.0740870013833046
2019-05-21,0.07218799740076065
2019-05-22,0.07218799740076065
2019-05-23,0.07598699629306793
2019-05-24,0.07883699983358383
2019-05-27,0.07883699983358383
2019-05-28,0.08073599636554718
2019-05-29,0.08548499643802643
2019-05-30,0.08738499879837036
2019-05-31,0.09118399769067764
2019-06-03,0.09973300248384476
2019-06-04,0.09498400241136551
2019-06-05,0.09403400123119354
2019-06-06,0.09118399769067764
2019-06-07,0.09403400123119354
2019-06-11,0.09498400241136551
2019-06-12,0.104482002556324
2019-06-13,0.10923200100660324
2019-06-14,0.11398100107908249
2019-06-17,0.12347900122404099
2019-06-18,0.12347900122404099
2019-06-19,0.12347900122404099
2019-06-20,0.11398100107908249
2019-06-21,0.11398100107908249
2019-06-24,0.12347900122404099
2019-06-25,0.12347900122404099
2019-06-26,0.11398100107908249
2019-06-27,0.10923200100660324
2019-06-28,0.11873000115156174
2019-07-01,0.11398100107908249
2019-07-02,0.11873000115156174
2019-07-03,0.11398100107908249
2019-07-04,0.11873000115156174
2019-07-05,0.11398100107908249
2019-07-08,0.11398100107908249
2019-07-09,0.11398100107908249
2019-07-10,0.11398100107908249
2019-07-11,0.12822799384593964
2019-07-12,0.12347900122404099
2019-07-15,0.11873000115156174
2019-07-16,0.11873000115156174
2019-07-17,0.11398100107908249
2019-07-18,0.11873000115156174
2019-07-19,0.11398100107908249
2019-07-22,0.11398100107908249
2019-07-23,0.11398100107908249
2019-07-24,0.10923200100660324
2019-07-25,0.10923200100660324
2019-07-26,0.10923200100660324
2019-07-29,0.10923200100660324
2019-07-30,0.09973300248384476
2019-07-31,0.104482002556324
2019-08-01,0.104482002556324
2019-08-02,0.10923200100660324
2019-08-05,0.10923200100660324
2019-08-06,0.104482002556324
2019-08-07,0.10923200100660324
2019-08-08,0.11398100107908249
2019-08-09,0.104482002556324
2019-08-12,0.10923200100660324
2019-08-13,0.10923200100660324
2019-08-14,0.104482002556324
2019-08-15,0.09973300248384476
2019-08-16,0.09973300248384476
2019-08-19,0.09973300248384476
2019-08-20,0.09498400241136551
2019-08-21,0.09498400241136551
2019-08-22,0.09973300248384476
2019-08-23,0.09498400241136551
2019-08-26,0.08833499997854233
2019-08-27,0.0892850011587143
2019-08-28,0.08833499997854233
2019-08-29,0.08073599636554718
2019-08-30,0.08548499643802643
2019-09-02,0.09023500233888626
2019-09-03,0.0892850011587143
2019-09-04,0.0892850011587143
2019-09-05,0.09498400241136551
2019-09-06,0.09498400241136551
2019-09-09,0.09498400241136551
2019-09-10,0.09213399887084961
2019-09-11,0.09118399769067764
2019-09-12,0.09118399769067764
2019-09-13,0.09023500233888626
2019-09-16,0.0864349976181984
2019-09-17,0.0864349976181984
2019-09-18,0.08263599872589111
2019-09-19,0.08548499643802643
2019-09-20,0.08358599990606308
2019-09-23,0.09118399769067764
2019-09-24,0.09023500233888626
2019-09-25,0.09308400005102158
2019-09-26,0.09023500233888626
2019-09-27,0.09213399887084961
2019-09-30,0.09023500233888626
2019-10-01,0.09023500233888626
2019-10-02,0.09023500233888626
2019-10-03,0.09023500233888626
2019-10-04,0.08833499997854233
2019-10-07,0.08833499997854233
2019-10-08,0.0892850011587143
2019-10-09,0.0864349976181984
2019-10-10,0.08548499643802643
2019-10-11,0.08548499643802643
2019-10-14,0.08548499643802643
2019-10-15,0.08548499643802643
2019-10-16,0.08548499643802643
2019-10-17,0.08548499643802643
2019-10-18,0.08548499643802643
2019-10-21,0.08453600108623505
2019-10-22,0.08453600108623505
2019-10-23,0.08168599754571915
2019-10-24,0.08073599636554718
2019-10-25,0.08073599636554718
2019-10-28,0.08073599636554718
2019-10-29,0.08168599754571915
2019-10-30,0.08168599754571915
2019-10-31,0.07978600263595581
2019-11-01,0.08263599872589111
2019-11-04,0.08548499643802643
2019-11-05,0.08358599990606308
2019-11-06,0.0892850011587143
2019-11-07,0.104482002556324
2019-11-08,0.09973300248384476
2019-11-11,0.09498400241136551
2019-11-12,0.09498400241136551
2019-11-13,0.104482002556324
2019-11-14,0.10210800170898438
2019-11-15,0.09973300248384476
2019-11-18,0.09498400241136551
2019-11-19,0.09498400241136551
2019-11-20,0.09498400241136551
2019-11-21,0.09498400241136551
2019-11-22,0.09973300248384476
2019-11-25,0.09973300248384476
2019-11-26,0.09973300248384476
2019-11-27,0.09308400005102158
2019-11-28,0.09403400123119354
2019-11-29,0.09498400241136551
2019-12-02,0.09023500233888626
2019-12-03,0.08833499997854233
2019-12-04,0.08358599990606308
2019-12-05,0.08358599990606308
2019-12-06,0.08358599990606308
2019-12-09,0.09973300248384476
2019-12-10,0.09973300248384476
2019-12-11,0.09023500233888626
2019-12-12,0.09023500233888626
2019-12-13,0.09023500233888626
2019-12-16,0.09118399769067764
2019-12-17,0.09023500233888626
2019-12-18,0.09023500233888626
2019-12-19,0.09023500233888626
2019-12-20,0.08738499879837036
2019-12-23,0.08738499879837036
2019-12-24,0.08738499879837036
2019-12-27,0.08738499879837036
2019-12-30,0.08738499879837036
2019-12-31,0.09498400241136551
2020-01-02,0.09308400005102158
2020-01-03,0.09308400005102158
2020-01-06,0.0892850011587143
2020-01-07,0.09023500233888626
2020-01-08,0.09023500233888626
2020-01-09,0.09023500233888626
2020-01-10,0.09403400123119354
2020-01-13,0.09973300248384476
2020-01-14,0.09498400241136551
2020-01-15,0.09973300248384476
2020-01-16,0.104482002556324
2020-01-17,0.11398100107908249
2020-01-20,0.12347900122404099
2020-01-21,0.10923200100660324
2020-01-22,0.11398100107908249
2020-01-23,0.11398100107908249
2020-01-24,0.11398100107908249
2020-01-28,0.11398100107908249
2020-01-29,0.104482002556324
2020-01-30,0.12347900122404099
2020-01-31,0.12347900122404099
2020-02-03,0.11398100107908249
2020-02-04,0.13297800719738007
2020-02-05,0.13772700726985931
2020-02-06,0.13297800719738007
2020-02-07,0.12822799384593964
2020-02-10,0.12822799384593964
2020-02-11,0.13297800719738007
2020-02-12,0.12822799384593964
2020-02-13,0.12822799384593964
2020-02-14,0.12822799384593964
2020-02-17,0.12822799384593964
2020-02-18,0.12347900122404099
2020-02-19,0.12347900122404099
2020-02-20,0.12822799384593964
2020-02-21,0.12822799384593964
2020-02-24,0.12822799384593964
2020-02-25,0.12822799384593964
2020-02-26,0.12347900122404099
2020-02-27,0.12822799384593964
2020-02-28,0.11398100107908249
2020-03-02,0.09973300248384476
2020-03-03,0.104482002556324
2020-03-04,0.10923200100660324
2020-03-05,0.11398100107908249
2020-03-06,0.11398100107908249
2020-03-09,0.09498400241136551
2020-03-10,0.09403400123119354
2020-03-11,0.09498400241136551
2020-03-12,0.09023500233888626
2020-03-13,0.07598699629306793
2020-03-16,0.08073599636554718
2020-03-17,0.09308400005102158
2020-03-18,0.08263599872589111
2020-03-19,0.08263599872589111
2020-03-20,0.0864349976181984
2020-03-23,0.07598699629306793
2020-03-24,0.0864349976181984
2020-03-25,0.08548499643802643
2020-03-26,0.09498400241136551
2020-03-27,0.09118399769067764
2020-03-30,0.09023500233888626
2020-03-31,0.09023500233888626
2020-04-01,0.09023500233888626
2020-04-02,0.09023500233888626
2020-04-03,0.09973300248384476
2020-04-06,0.09023500233888626
2020-04-07,0.09973300248384476
2020-04-08,0.10923200100660324
2020-04-09,0.11873000115156174
2020-04-14,0.10923200100660324
2020-04-15,0.11398100107908249
2020-04-16,0.104482002556324
2020-04-17,0.10923200100660324
2020-04-20,0.10923200100660324
2020-04-21,0.11398100107908249
2020-04-22,0.10923200100660324
2020-04-23,0.11398100107908249
2020-04-24,0.11398100107908249
2020-04-27,0.11398100107908249
2020-04-28,0.11873000115156174
2020-04-29,0.11873000115156174
2020-04-30,0.12347900122404099
2020-05-01,0.11398100107908249
2020-05-04,0.11398100107908249
2020-05-05,0.11873000115156174
2020-05-06,0.11873000115156174
2020-05-07,0.12347900122404099
2020-05-08,0.12347900122404099
2020-05-11,0.12822799384593964
2020-05-12,0.12347900122404099
2020-05-13,0.11873000115156174
2020-05-14,0.11398100107908249
2020-05-15,0.11873000115156174
2020-05-18,0.12347900122404099
2020-05-19,0.12822799384593964
2020-05-20,0.13297800719738007
2020-05-21,0.13297800719738007
2020-05-22,0.1472250074148178
2020-05-25,0.15197399258613586
2020-05-26,0.1472250074148178
2020-05-27,0.1662220060825348
2020-05-28,0.16147300601005554
2020-05-29,0.1567240059375763
2020-06-01,0.16147300601005554
2020-06-02,0.17097100615501404
2020-06-03,0.17097100615501404
2020-06-04,0.1662220060825348
2020-06-05,0.17097100615501404
2020-06-09,0.18047000467777252
2020-06-10,0.18996800482273102
2020-06-11,0.18521900475025177
2020-06-12,0.18047000467777252
2020-06-15,0.1662220060825348
2020-06-16,0.18521900475025177
2020-06-17,0.18047000467777252
2020-06-18,0.18047000467777252
2020-06-19,0.18047000467777252
2020-06-22,0.18996800482273102
2020-06-23,0.18521900475025177
2020-06-24,0.18996800482273102
2020-06-25,0.1994670033454895
2020-06-26,0.21371400356292725
2020-06-29,0.1994670033454895
2020-06-30,0.208965003490448
2020-07-01,0.20421600341796875
2020-07-02,0.20421600341796875
2020-07-03,0.1994670033454895
2020-07-06,0.18996800482273102
2020-07-07,0.19471700489521027
2020-07-08,0.19471700489521027
2020-07-09,0.1994670033454895
2020-07-10,0.20421600341796875
2020-07-13,0.208965003490448
2020-07-14,0.21371400356292725
2020-07-15,0.23271100223064423
2020-07-16,0.23271100223064423
2020-07-17,0.23746000230312347
2020-07-20,0.22796200215816498
2020-07-21,0.21846400201320648
2020-07-22,0.21846400201320648
2020-07-23,0.22321300208568573
2020-07-24,0.21846400201320648
2020-07-27,0.20421600341796875
2020-07-28,0.208965003490448
2020-07-29,0.208965003490448
2020-07-30,0.20421600341796875
2020-07-31,0.208965003490448
2020-08-03,0.1994670033454895
2020-08-04,0.208965003490448
2020-08-05,0.21371400356292725
2020-08-06,0.208965003490448
2020-08-07,0.22321300208568573
2020-08-10,0.21846400201320648
2020-08-11,0.21846400201320648
2020-08-12,0.208965003490448
2020-08-13,0.22796200215816498
2020-08-14,0.22796200215816498
2020-08-17,0.23271100223064423
2020-08-18,0.22796200215816498
2020-08-19,0.22796200215816498
2020-08-20,0.2422100007534027
2020-08-21,0.2422100007534027
2020-08-24,0.2517080008983612
2020-08-25,0.24695900082588196
2020-08-26,0.2517080008983612
2020-08-27,0.2422100007534027
2020-08-28,0.24695900082588196
2020-08-31,0.2422100007534027
2020-09-01,0.23746000230312347
2020-09-02,0.23271100223064423
2020-09-03,0.23746000230312347
2020-09-04,0.23746000230312347
2020-09-07,0.23271100223064423
2020-09-08,0.23746000230312347
2020-09-09,0.2422100007534027
2020-09-10,0.2612060010433197
2020-09-11,0.27545401453971863
2020-09-14,0.26595601439476013
2020-09-15,0.27545401453971863
2020-09-16,0.2707050144672394
2020-09-17,0.27545401453971863
2020-09-18,0.27545401453971863
2020-09-21,0.37043800950050354
2020-09-22,0.36094000935554504
2020-09-23,0.3561910092830658
2020-09-24,0.4274289906024933
2020-09-25,0.41318100690841675
2020-09-28,0.398934006690979
2020-09-29,0.398934006690979
2020-09-30,0.3751879930496216
2020-10-01,0.3751879930496216
2020-10-02,0.37993699312210083
2020-10-05,0.37043800950050354
2020-10-06,0.3656890094280243
2020-10-07,0.37043800950050354
2020-10-08,0.3656890094280243
2020-10-09,0.40368300676345825
2020-10-12,0.3894349932670593
2020-10-13,0.4084320068359375
2020-10-14,0.41318100690841675
2020-10-15,0.398934006690979
2020-10-16,0.39418500661849976
2020-10-19,0.40368300676345825
2020-10-20,0.37993699312210083
2020-10-21,0.37993699312210083
2020-10-22,0.37043800950050354
2020-10-23,0.3846859931945801
2020-10-26,0.398934006690979
2020-10-27,0.3656890094280243
2020-10-28,0.37043800950050354
2020-10-29,0.3751879930496216
2020-10-30,0.3656890094280243
2020-11-02,0.3656890094280243
2020-11-03,0.3656890094280243
2020-11-04,0.3656890094280243
2020-11-05,0.36094000935554504
2020-11-06,0.36094000935554504
2020-11-09,0.3656890094280243
2020-11-10,0.36094000935554504
2020-11-11,0.3561910092830658
2020-11-12,0.3561910092830658
2020-11-13,0.36094000935554504
2020-11-16,0.3561910092830658
2020-11-17,0.3561910092830658
2020-11-18,0.37043800950050354
2020-11-19,0.3656890094280243
2020-11-20,0.36094000935554504
2020-11-23,0.36094000935554504
2020-11-24,0.36094000935554504
2020-11-25,0.3466919958591461
2020-11-26,0.34194299578666687
2020-11-27,0.3561910092830658
2020-11-30,0.34194299578666687
2020-12-01,0.34194299578666687
2020-12-02,0.3466919958591461
2020-12-03,0.3466919958591461
2020-12-04,0.36094000935554504
2020-12-07,0.36094000935554504
2020-12-08,0.37043800950050354
2020-12-09,0.35144200921058655
2020-12-10,0.35144200921058655
2020-12-11,0.35144200921058655
2020-12-14,0.3466919958591461
2020-12-15,0.3371939957141876
2020-12-16,0.3371939957141876
2020-12-17,0.3371939957141876
2020-12-18,0.3371939957141876
2020-12-21,0.3371939957141876
2020-12-22,0.34194299578666687
2020-12-23,0.3371939957141876
2020-12-24,0.3371939957141876
2020-12-29,0.37043800950050354
2020-12-30,0.3561910092830658
2020-12-31,0.35144200921058655
2021-01-04,0.34194299578666687
2021-01-05,0.3371939957141876
2021-01-06,0.3371939957141876
2021-01-07,0.34194299578666687
2021-01-08,0.3466919958591461
2021-01-11,0.3561910092830658
2021-01-12,0.3846859931945801
2021-01-13,0.3656890094280243
2021-01-14,0.37993699312210083
2021-01-15,0.3751879930496216
2021-01-18,0.37993699312210083
2021-01-19,0.37043800950050354
2021-01-20,0.37993699312210083
2021-01-21,0.3894349932670593
2021-01-22,0.36094000935554504
2021-01-25,0.3656890094280243
2021-01-27,0.3656890094280243
2021-01-28,0.3656890094280243
2021-01-29,0.36094000935554504
2021-02-01,0.3466919958591461
2021-02-02,0.34194299578666687
2021-02-03,0.34194299578666687
2021-02-04,0.36094000935554504
2021-02-05,0.37043800950050354
2021-02-08,0.43217799067497253
2021-02-09,0.44642600417137146
2021-02-10,0.4084320068359375
2021-02-11,0.4274289906024933
2021-02-12,0.4179309904575348
2021-02-15,0.4511750042438507
2021-02-16,0.4511750042438507
2021-02-17,0.42267999053001404
2021-02-18,0.4084320068359375
2021-02-19,0.398934006690979
2021-02-22,0.39418500661849976
2021-02-23,0.40368300676345825
2021-02-24,0.40368300676345825
2021-02-25,0.3894349932670593
2021-02-26,0.4084320068359375
2021-03-01,0.39418500661849976
2021-03-02,0.39418500661849976
2021-03-03,0.398934006690979
2021-03-04,0.398934006690979
2021-03-05,0.39418500661849976
2021-03-08,0.398934006690979
2021-03-09,0.3894349932670593
2021-03-10,0.37993699312210083
2021-03-11,0.37993699312210083
2021-03-12,0.3751879930496216
2021-03-15,0.3894349932670593
2021-03-16,0.39418500661849976
2021-03-17,0.45592400431632996
2021-03-18,0.47492098808288574
2021-03-19,0.4511750042438507
2021-03-22,0.44642600417137146
2021-03-23,0.41318100690841675
2021-03-24,0.4274289906024933
2021-03-25,0.4274289906024933
2021-03-26,0.4274289906024933
2021-03-29,0.4274289906024933
2021-03-30,0.44642600417137146
2021-03-31,0.49866700172424316
2021-04-01,0.5509089827537537
2021-04-06,0.5461599826812744
2021-04-07,0.527163028717041
2021-04-08,0.5224130153656006
2021-04-09,0.5366610288619995
2021-04-12,0.5176640152931213
2021-04-13,0.5319120287895203
2021-04-14,0.5794039964675903
2021-04-15,0.5699059963226318
2021-04-16,0.5841529965400696
2021-04-19,0.6126490235328674
2021-04-20,0.5794039964675903
2021-04-21,0.5604069828987122
2021-04-22,0.5604069828987122
2021-04-23,0.5794039964675903
2021-04-26,0.5746549963951111
2021-04-27,0.5414100289344788
2021-04-28,0.5414100289344788
2021-04-29,0.5556579828262329
2021-04-30,0.5556579828262329
2021-05-03,0.5224130153656006
2021-05-04,0.5509089827537537
2021-05-05,0.5319120287895203
2021-05-06,0.5414100289344788
2021-05-07,0.5794039964675903
2021-05-10,0.5794039964675903
2021-05-11,0.5604069828987122
2021-05-12,0.5556579828262329
2021-05-13,0.6601409912109375
2021-05-14,0.7028840184211731
2021-05-17,0.7123820185661316
2021-05-18,0.6981340050697327
2021-05-19,0.6648899912834167
2021-05-20,0.6363949775695801
2021-05-21,0.6743879914283752
2021-05-24,0.6648899912834167
2021-05-25,0.6553919911384583
2021-05-26,0.6553919911384583
2021-05-27,0.6506419777870178
2021-05-28,0.6411439776420593
2021-05-31,0.6268960237503052
2021-06-01,0.6458929777145386
2021-06-02,0.6553919911384583
2021-06-03,0.6268960237503052
2021-06-04,0.6268960237503052
2021-06-07,0.607899010181427
2021-06-08,0.6458929777145386
2021-06-09,0.731378972530365
2021-06-10,0.6933850049972534
2021-06-11,0.6743879914283752
2021-06-15,0.6458929777145386
2021-06-16,0.6268960237503052
2021-06-17,0.6173980236053467
2021-06-18,0.607899010181427
2021-06-21,0.5794039964675903
2021-06-22,0.5841529965400696
2021-06-23,0.5651559829711914
2021-06-24,0.5556579828262329
2021-06-25,0.6031500101089478
2021-06-28,0.6268960237503052
2021-06-29,0.607899010181427
2021-06-30,0.607899010181427
2021-07-01,0.6173980236053467
2021-07-02,0.6363949775695801
2021-07-05,0.6268960237503052
2021-07-06,0.5984010100364685
2021-07-07,0.5794039964675903
2021-07-08,0.5936520099639893
2021-07-09,0.5889019966125488
2021-07-12,0.5841529965400696
2021-07-13,0.5794039964675903
2021-07-14,0.5604069828987122
2021-07-15,0.5794039964675903
2021-07-16,0.5699059963226318
2021-07-19,0.5699059963226318
2021-07-20,0.5509089827537537
2021-07-21,0.5604069828987122
2021-07-22,0.5889019966125488
2021-07-23,0.5794039964675903
2021-07-26,0.5699059963226318
2021-07-27,0.5414100289344788
2021-07-28,0.5319120287895203
2021-07-29,0.5319120287895203
2021-07-30,0.5509089827537537
2021-08-02,0.5414100289344788
2021-08-03,0.5556579828262329
2021-08-04,0.5651559829711914
2021-08-05,0.5651559829711914
2021-08-06,0.5651559829711914
2021-08-09,0.5651559829711914
2021-08-10,0.5414100289344788
2021-08-11,0.5414100289344788
2021-08-12,0.5414100289344788
2021-08-13,0.5366610288619995
2021-08-16,0.5319120287895203
2021-08-17,0.5176640152931213
2021-08-18,0.5129150152206421
2021-08-19,0.5034170150756836
2021-08-20,0.5081660151481628
2021-08-23,0.5414100289344788
2021-08-24,0.5414100289344788
2021-08-25,0.5461599826812744
2021-08-26,0.5794039964675903
2021-08-27,0.5556579828262329
2021-08-30,0.5485339760780334
2021-08-31,0.5461599826812744
2021-09-01,0.5414100289344788
2021-09-02,0.5224130153656006
2021-09-03,0.5319120287895203
2021-09-06,0.5176640152931213
2021-09-07,0.49866700172424316
2021-09-08,0.49866700172424316
2021-09-09,0.5034170150756836
2021-09-10,0.5034170150756836
2021-09-13,0.5034170150756836
2021-09-14,0.5176640152931213
2021-09-15,0.5129150152206421
2021-09-16,0.5509089827537537
2021-09-17,0.5129150152206421
2021-09-20,0.4844200015068054
2021-09-21,0.47492098808288574
2021-09-22,0.479669988155365
2021-09-23,0.4701719880104065
2021-09-24,0.46542298793792725
2021-09-27,0.47492098808288574
2021-09-28,0.47492098808288574
2021-09-29,0.47492098808288574
2021-09-30,0.47492098808288574
2021-10-01,0.47492098808288574
2021-10-04,0.4939180016517639
2021-10-05,0.479669988155365
2021-10-06,0.4701719880104065
2021-10-07,0.46542298793792725
2021-10-08,0.460673987865448
2021-10-11,0.45592400431632996
2021-10-12,0.44642600417137146
2021-10-13,0.4511750042438507
2021-10-14,0.45592400431632996
2021-10-15,0.43692800402641296
2021-10-18,0.43217799067497253
2021-10-19,0.43692800402641296
2021-10-20,0.46542298793792725
2021-10-21,0.46542298793792725
2021-10-22,0.4701719880104065
2021-10-25,0.4844200015068054
2021-10-26,0.5509089827537537
2021-10-27,0.5319120287895203
2021-10-28,0.5366610288619995
2021-10-29,0.5224130153656006
2021-11-01,0.527163028717041
2021-11-02,0.49866700172424316
2021-11-03,0.5129150152206421
2021-11-04,0.5034170150756836
2021-11-05,0.5034170150756836
2021-11-08,0.5319120287895203
2021-11-09,0.5319120287895203
2021-11-10,0.5414100289344788
2021-11-11,0.5461599826812744
2021-11-12,0.5889019966125488
2021-11-15,0.6268960237503052
2021-11-16,0.6126490235328674
2021-11-17,0.6126490235328674
2021-11-18,0.6173980236053467
2021-11-19,0.6458929777145386
2021-11-22,0.6363949775695801
2021-11-23,0.6363949775695801
2021-11-24,0.6173980236053467
2021-11-25,0.6173980236053467
2021-11-26,0.607899010181427
2021-11-29,0.5509089827537537
2021-11-30,0.5604069828987122
2021-12-01,0.5509089827537537
2021-12-02,0.5509089827537537
2021-12-03,0.5366610288619995
2021-12-06,0.4939180016517639
2021-12-07,0.5176640152931213
2021-12-08,0.5651559829711914
2021-12-09,0.5699059963226318
2021-12-10,0.5794039964675903
2021-12-13,0.5604069828987122
2021-12-14,0.5414100289344788
2021-12-15,0.5746549963951111
2021-12-16,0.5604069828987122
2021-12-17,0.5509089827537537
2021-12-20,0.5699059963226318
2021-12-21,0.5509089827537537
2021-12-22,0.5461599826812744
2021-12-23,0.5414100289344788
2021-12-24,0.5556579828262329
2021-12-29,0.5319120287895203
2021-12-30,0.5319120287895203
2021-12-31,0.5319120287895203
2022-01-04,0.5129150152206421
2022-01-05,0.5129150152206421
2022-01-06,0.5034170150756836
2022-01-07,0.49866700172424316
2022-01-10,0.49866700172424316
2022-01-11,0.48916900157928467
2022-01-12,0.48916900157928467
2022-01-13,0.5034170150756836
2022-01-14,0.5081660151481628
2022-01-17,0.49866700172424316
2022-01-18,0.4844200015068054
2022-01-19,0.4939180016517639
2022-01-20,0.4939180016517639
2022-01-21,0.44642600417137146
2022-01-24,0.44642600417137146
2022-01-25,0.4179309904575348
2022-01-27,0.4274289906024933
2022-01-28,0.4416770040988922
2022-01-31,0.43692800402641296
2022-02-01,0.45592400431632996
2022-02-02,0.44642600417137146
2022-02-03,0.45592400431632996
2022-02-04,0.43692800402641296
2022-02-07,0.43692800402641296
2022-02-08,0.4274289906024933
2022-02-09,0.44642600417137146
2022-02-10,0.46542298793792725
2022-02-11,0.5034170150756836
2022-02-14,0.47492098808288574
2022-02-15,0.46542298793792725
2022-02-16,0.45592400431632996
2022-02-17,0.45592400431632996
2022-02-18,0.45592400431632996
2022-02-21,0.4274289906024933
2022-02-22,0.3894349932670593
2022-02-23,0.39418500661849976
2022-02-24,0.37043800950050354
2022-02-25,0.3846859931945801
2022-02-28,0.3846859931945801
2022-03-01,0.3846859931945801
2022-03-02,0.3846859931945801
2022-03-03,0.4274289906024933
2022-03-04,0.44642600417137146
2022-03-07,0.42267999053001404
2022-03-08,0.39418500661849976
2022-03-09,0.42267999053001404
2022-03-10,0.4084320068359375
2022-03-11,0.4084320068359375
2022-03-14,0.41318100690841675
2022-03-15,0.4179309904575348
2022-03-16,0.47492098808288574
2022-03-17,0.45592400431632996
2022-03-18,0.4939180016517639
2022-03-21,0.4844200015068054
2022-03-22,0.5319120287895203
2022-03-23,0.5319120287895203
2022-03-24,0.4939180016517639
2022-03-25,0.5224130153656006
2022-03-28,0.5461599826812744
2022-03-29,0.5176640152931213
2022-03-30,0.5224130153656006
2022-03-31,0.5699059963226318
2022-04-01,0.5699059963226318
2022-04-04,0.5699059963226318
2022-04-05,0.731378972530365
2022-04-06,0.7503759860992432
2022-04-07,0.6933850049972534
2022-04-08,0.6648899912834167
2022-04-11,0.6601409912109375
2022-04-12,0.6316450238227844
2022-04-13,0.6553919911384583
2022-04-14,0.6933850049972534
2022-04-19,0.6648899912834167
2022-04-20,0.6886360049247742
2022-04-21,0.7408769726753235
2022-04-22,0.7028840184211731
2022-04-26,0.6411439776420593
2022-04-27,0.6743879914283752
2022-04-28,0.6743879914283752
2022-04-29,0.6743879914283752
2022-05-02,0.6743879914283752
2022-05-03,0.5936520099639893
2022-05-04,0.6173980236053467
2022-05-05,0.6126490235328674
2022-05-06,0.6126490235328674
2022-05-09,0.5651559829711914
2022-05-10,0.5414100289344788
2022-05-11,0.5224130153656006
2022-05-12,0.5034170150756836
2022-05-13,0.5081660151481628
2022-05-16,0.5034170150756836
2022-05-17,0.5224130153656006
2022-05-18,0.5129150152206421
2022-05-19,0.479669988155365
2022-05-20,0.4701719880104065
2022-05-23,0.4511750042438507
2022-05-24,0.44642600417137146
2022-05-25,0.47492098808288574
2022-05-26,0.49866700172424316
2022-05-27,0.5081660151481628
2022-05-30,0.5319120287895203
2022-05-31,0.5224130153656006
2022-06-01,0.5129150152206421
2022-06-02,0.5129150152206421
2022-06-03,0.5319120287895203
2022-06-06,0.4939180016517639
2022-06-07,0.4844200015068054
2022-06-08,0.4701719880104065
2022-06-09,0.45592400431632996
2022-06-10,0.43217799067497253
2022-06-14,0.43217799067497253
2022-06-15,0.43217799067497253
2022-06-16,0.40368300676345825
2022-06-17,0.44642600417137146
2022-06-20,0.4701719880104065
2022-06-21,0.460673987865448
2022-06-22,0.4511750042438507
2022-06-23,0.44642600417137146
2022-06-24,0.4701719880104065
2022-06-27,0.45592400431632996
2022-06-28,0.4701719880104065
2022-06-29,0.45592400431632996
2022-06-30,0.4416770040988922
2022-07-01,0.43692800402641296
2022-07-04,0.4511750042438507
2022-07-05,0.45592400431632996
2022-07-06,0.4416770040988922
2022-07-07,0.44642600417137146
2022-07-08,0.44642600417137146
2022-07-11,0.44642600417137146
2022-07-12,0.4416770040988922
2022-07-13,0.4416770040988922
2022-07-14,0.4416770040988922
2022-07-15,0.4274289906024933
2022-07-18,0.43692800402641296
2022-07-19,0.4274289906024933
2022-07-20,0.44405099749565125
2022-07-21,0.43692800402641296
2022-07-22,0.43217799067497253
2022-07-25,0.43217799067497253
2022-07-26,0.42267999053001404
2022-07-27,0.43217799067497253
2022-07-28,0.43692800402641296
2022-07-29,0.45592400431632996
2022-08-01,0.45592400431632996
2022-08-02,0.44642600417137146
2022-08-03,0.43217799067497253
2022-08-04,0.4274289906024933
2022-08-05,0.42505401372909546
2022-08-08,0.43217799067497253
2022-08-09,0.4274289906024933
2022-08-10,0.41318100690841675
2022-08-11,0.4179309904575348
2022-08-12,0.43217799067497253
2022-08-15,0.4274289906024933
2022-08-16,0.44642600417137146
2022-08-17,0.4416770040988922
2022-08-18,0.42267999053001404
2022-08-19,0.43217799067497253
2022-08-22,0.42267999053001404
2022-08-23,0.41318100690841675
2022-08-24,0.41318100690841675
2022-08-25,0.42267999053001404
2022-08-26,0.41318100690841675
2022-08-29,0.39418500661849976
2022-08-30,0.39418500661849976
2022-08-31,0.39418500661849976
2022-09-01,0.398934006690979
2022-09-02,0.3894349932670593
2022-09-05,0.4084320068359375
2022-09-06,0.398934006690979
2022-09-07,0.3894349932670593
2022-09-08,0.40368300676345825
2022-09-09,0.4179309904575348
2022-09-12,0.4084320068359375
2022-09-13,0.41318100690841675
2022-09-14,0.41318100690841675
2022-09-15,0.41318100690841675
2022-09-16,0.37993699312210083
2022-09-19,0.37993699312210083
2022-09-20,0.3751879930496216
2022-09-21,0.3894349932670593
2022-09-23,0.3751879930496216
2022-09-26,0.3466919958591461
2022-09-27,0.3466919958591461
2022-09-28,0.3276959955692291
2022-09-29,0.3656890094280243
2022-09-30,0.3561910092830658
2022-10-03,0.3751879930496216
2022-10-04,0.3894349932670593
2022-10-05,0.39418500661849976
2022-10-06,0.39418500661849976
2022-10-07,0.39418500661849976
2022-10-10,0.37043800950050354
2022-10-11,0.36094000935554504
2022-10-12,0.36094000935554504
2022-10-13,0.3561910092830658
2022-10-14,0.3561910092830658
2022-10-17,0.3466919958591461
2022-10-18,0.34194299578666687
2022-10-19,0.3466919958591461
2022-10-20,0.3466919958591461
2022-10-21,0.3371939957141876
2022-10-24,0.34194299578666687
2022-10-25,0.34194299578666687
2022-10-26,0.3466919958591461
2022-10-27,0.3751879930496216
2022-10-28,0.3656890094280243
2022-10-31,0.37043800950050354
2022-11-01,0.37043800950050354
2022-11-02,0.37993699312210083
2022-11-03,0.3751879930496216
2022-11-04,0.3894349932670593
2022-11-07,0.39418500661849976
2022-11-08,0.4084320068359375
2022-11-09,0.398934006690979
2022-11-10,0.39418500661849976
2022-11-11,0.41318100690841675
2022-11-14,0.4084320068359375
2022-11-15,0.40368300676345825
2022-11-16,0.4179309904575348
2022-11-17,0.41318100690841675
2022-11-18,0.43692800402641296
2022-11-21,0.47492098808288574
2022-11-22,0.460673987865448
2022-11-23,0.47492098808288574
2022-11-24,0.4179309904575348
2022-11-25,0.4274289906024933
2022-11-28,0.4179309904575348
2022-11-29,0.398934006690979
2022-11-30,0.3894349932670593
2022-12-01,0.42267999053001404
2022-12-02,0.43217799067497253
2022-12-05,0.4179309904575348
2022-12-06,0.4179309904575348
2022-12-07,0.4179309904575348
2022-12-08,0.4179309904575348
2022-12-09,0.4084320068359375
2022-12-12,0.41318100690841675
2022-12-13,0.40368300676345825
2022-12-14,0.40368300676345825
2022-12-15,0.398934006690979
2022-12-16,0.3894349932670593
2022-12-19,0.3751879930496216
2022-12-20,0.3894349932670593
2022-12-21,0.4274289906024933
2022-12-22,0.4274289906024933
2022-12-23,0.3846859931945801
2022-12-28,0.39418500661849976
2022-12-29,0.3775619864463806
2022-12-30,0.3751879930496216
2023-01-03,0.37043800950050354
2023-01-04,0.37993699312210083
2023-01-05,0.3846859931945801
2023-01-06,0.3894349932670593
2023-01-09,0.37993699312210083
2023-01-10,0.37993699312210083
2023-01-11,0.3846859931945801
2023-01-12,0.3751879930496216
2023-01-13,0.39180999994277954
2023-01-16,0.39180999994277954
2023-01-17,0.398934006690979
2023-01-18,0.3894349932670593
2023-01-19,0.3751879930496216
2023-01-20,0.37993699312210083
2023-01-23,0.3846859931945801
2023-01-24,0.3751879930496216
2023-01-25,0.4084320068359375
2023-01-27,0.479669988155365
2023-01-30,0.479669988155365
2023-01-31,0.45592400431632996
2023-02-01,0.48916900157928467
2023-02-02,0.48916900157928467
2023-02-03,0.4844200015068054
2023-02-06,0.4844200015068054
2023-02-07,0.5129150152206421
2023-02-08,0.527163028717041
2023-02-09,0.5081660151481628
2023-02-10,0.49866700172424316
2023-02-13,0.47492098808288574
2023-02-14,0.46542298793792725
2023-02-15,0.4701719880104065
2023-02-16,0.47492098808288574
2023-02-17,0.4939180016517639
2023-02-20,0.4844200015068054
2023-02-21,0.47492098808288574
2023-02-22,0.479669988155365
2023-02-23,0.46542298793792725
2023-02-24,0.479669988155365
2023-02-27,0.460673987865448
2023-02-28,0.460673987865448
2023-03-01,0.479669988155365
2023-03-02,0.4701719880104065
2023-03-03,0.4701719880104065
2023-03-06,0.460673987865448
2023-03-07,0.46542298793792725
2023-03-08,0.46542298793792725
2023-03-09,0.45592400431632996
2023-03-10,0.4511750042438507
2023-03-13,0.43692800402641296
2023-03-14,0.42267999053001404
2023-03-15,0.43217799067497253
2023-03-16,0.4274289906024933
2023-03-17,0.44642600417137146
2023-03-20,0.4274289906024933
2023-03-21,0.41318100690841675
2023-03-22,0.4399999976158142
2023-03-23,0.41999998688697815
2023-03-24,0.38999998569488525
2023-03-27,0.38499999046325684
2023-03-28,0.38999998569488525
2023-03-29,0.4099999964237213
2023-03-30,0.4399999976158142
2023-03-31,0.4399999976158142
2023-04-03,0.46000000834465027
2023-04-04,0.45500001311302185
2023-04-05,0.4699999988079071
2023-04-06,0.46000000834465027
2023-04-11,0.44999998807907104
2023-04-12,0.45500001311302185
2023-04-13,0.49000000953674316
2023-04-14,0.48500001430511475
2023-04-17,0.4699999988079071
2023-04-18,0.5199999809265137
2023-04-19,0.5249999761581421
2023-04-20,0.5
2023-04-21,0.49000000953674316
2023-04-24,0.48500001430511475
2023-04-26,0.46000000834465027
2023-04-27,0.4399999976158142
2023-04-28,0.46000000834465027
2023-05-01,0.4399999976158142
2023-05-02,0.4449999928474426
2023-05-03,0.4399999976158142
2023-05-04,0.4350000023841858
2023-05-05,0.4350000023841858
2023-05-08,0.4300000071525574
2023-05-09,0.41999998688697815
2023-05-10,0.4300000071525574
2023-05-11,0.41499999165534973
2023-05-12,0.41999998688697815
2023-05-15,0.4000000059604645
2023-05-16,0.41499999165534973
2023-05-17,0.41999998688697815
2023-05-18,0.4449999928474426
2023-05-19,0.4300000071525574
2023-05-22,0.4300000071525574
2023-05-23,0.4300000071525574
2023-05-24,0.4399999976158142
2023-05-25,0.42500001192092896
2023-05-26,0.4099999964237213
2023-05-29,0.42500001192092896
2023-05-30,0.4099999964237213
2023-05-31,0.4099999964237213
2023-06-01,0.41499999165534973
2023-06-02,0.4050000011920929
2023-06-05,0.4050000011920929
2023-06-06,0.4099999964237213
2023-06-07,0.4000000059604645
2023-06-08,0.4099999964237213
2023-06-09,0.4399999976158142
2023-06-13,0.4650000035762787
2023-06-14,0.49000000953674316
2023-06-15,0.4650000035762787
2023-06-16,0.4699999988079071
2023-06-19,0.46000000834465027
2023-06-20,0.47999998927116394
2023-06-21,0.49000000953674316
2023-06-22,0.49000000953674316
2023-06-23,0.4650000035762787
2023-06-26,0.44999998807907104
2023-06-27,0.4350000023841858
2023-06-28,0.41999998688697815
2023-06-29,0.4399999976158142
2023-06-30,0.4699999988079071
2023-07-03,0.44999998807907104
2023-07-04,0.4699999988079071
2023-07-05,0.44999998807907104
2023-07-06,0.4399999976158142
2023-07-07,0.4300000071525574
2023-07-10,0.4449999928474426
2023-07-11,0.44999998807907104
2023-07-12,0.4399999976158142
2023-07-13,0.4399999976158142
2023-07-14,0.4950000047683716
2023-07-17,0.5299999713897705
2023-07-18,0.5299999713897705
2023-07-19,0.5299999713897705
2023-07-20,0.5249999761581421
2023-07-21,0.5199999809265137
2023-07-24,0.4950000047683716
2023-07-25,0.48500001430511475
2023-07-26,0.49000000953674316
2023-07-27,0.4950000047683716
2023-07-28,0.4950000047683716
2023-07-31,0.5149999856948853
2023-08-01,0.5149999856948853
2023-08-02,0.5400000214576721
2023-08-03,0.5049999952316284
2023-08-04,0.5
2023-08-07,0.5099999904632568
2023-08-08,0.5049999952316284
2023-08-09,0.5049999952316284
2023-08-10,0.5
2023-08-11,0.4950000047683716
2023-08-14,0.49000000953674316
2023-08-15,0.4699999988079071
2023-08-16,0.45500001311302185
2023-08-17,0.45500001311302185
2023-08-18,0.46000000834465027
2023-08-21,0.4399999976158142
2023-08-22,0.44999998807907104
2023-08-23,0.45500001311302185
2023-08-24,0.4650000035762787
2023-08-25,0.45500001311302185
2023-08-28,0.45500001311302185
2023-08-29,0.44999998807907104
2023-08-30,0.45500001311302185
2023-08-31,0.44999998807907104
2023-09-01,0.44999998807907104
2023-09-04,0.4449999928474426
2023-09-05,0.4099999964237213
2023-09-06,0.42500001192092896
2023-09-07,0.41999998688697815
2023-09-08,0.41999998688697815
2023-09-11,0.4449999928474426
2023-09-12,0.4399999976158142
2023-09-13,0.4399999976158142
2023-09-14,0.4300000071525574
2023-09-15,0.4399999976158142
2023-09-18,0.4375
2023-09-19,0.41999998688697815
2023-09-20,0.38999998569488525
2023-09-21,0.42500001192092896
2023-09-22,0.4300000071525574
2023-09-25,0.42500001192092896
2023-09-26,0.4099999964237213
2023-09-27,0.4099999964237213
2023-09-28,0.38999998569488525
2023-09-29,0.4099999964237213
2023-10-02,0.4000000059604645
2023-10-03,0.4099999964237213
2023-10-04,0.4000000059604645
2023-10-05,0.39500001072883606
2023-10-06,0.4000000059604645
2023-10-09,0.38499999046325684
2023-10-10,0.38499999046325684
2023-10-11,0.38999998569488525
2023-10-12,0.4000000059604645
2023-10-13,0.4099999964237213
2023-10-16,0.4099999964237213
2023-10-17,0.4000000059604645
2023-10-18,0.4099999964237213
2023-10-19,0.38999998569488525
2023-10-20,0.3799999952316284
2023-10-23,0.375
2023-10-24,0.4000000059604645
2023-10-25,0.4449999928474426
2023-10-26,0.44999998807907104
2023-10-27,0.4449999928474426
2023-10-30,0.4399999976158142
2023-10-31,0.4399999976158142
2023-11-01,0.44999998807907104
2023-11-02,0.5099999904632568
2023-11-03,0.48500001430511475
2023-11-06,0.45500001311302185
2023-11-07,0.49000000953674316
2023-11-08,0.4699999988079071
2023-11-09,0.47999998927116394
2023-11-10,0.4650000035762787
2023-11-13,0.45500001311302185
2023-11-14,0.44999998807907104
2023-11-15,0.4399999976158142
2023-11-16,0.4350000023841858
2023-11-17,0.4300000071525574
2023-11-20,0.42500001192092896
2023-11-21,0.42500001192092896
2023-11-22,0.4300000071525574
2023-11-23,0.42500001192092896
2023-11-24,0.42500001192092896
2023-11-27,0.4099999964237213
2023-11-28,0.41499999165534973
2023-11-29,0.41499999165534973
2023-11-30,0.4449999928474426
2023-12-01,0.4300000071525574
2023-12-04,0.4449999928474426
2023-12-05,0.42500001192092896
2023-12-06,0.4300000071525574
2023-12-07,0.4300000071525574
2023-12-08,0.41499999165534973
2023-12-11,0.41499999165534973
2023-12-12,0.4099999964237213
2023-12-13,0.41499999165534973
2023-12-14,0.41499999165534973
2023-12-15,0.41499999165534973
2023-12-18,0.4350000023841858
2023-12-19,0.4449999928474426
2023-12-20,0.47999998927116394
2023-12-21,0.46000000834465027
2023-12-22,0.45500001311302185
2023-12-27,0.46000000834465027
2023-12-28,0.4650000035762787
2023-12-29,0.46000000834465027
2024-01-02,0.45500001311302185
2024-01-03,0.4650000035762787
2024-01-04,0.44999998807907104
2024-01-05,0.45500001311302185
2024-01-08,0.4399999976158142
2024-01-09,0.4300000071525574
2024-01-10,0.4300000071525574
2024-01-11,0.4300000071525574
2024-01-12,0.4300000071525574
2024-01-15,0.44999998807907104
2024-01-16,0.41499999165534973
2024-01-17,0.41499999165534973
2024-01-18,0.41999998688697815
2024-01-19,0.4099999964237213
2024-01-22,0.41999998688697815
2024-01-23,0.4399999976158142
2024-01-24,0.4300000071525574
2024-01-25,0.4399999976158142
2024-01-29,0.4449999928474426
2024-01-30,0.42500001192092896
2024-01-31,0.4350000023841858
2024-02-01,0.4300000071525574
2024-02-02,0.4399999976158142
2024-02-05,0.4399999976158142
2024-02-06,0.4399999976158142
2024-02-07,0.4449999928474426
2024-02-08,0.4399999976158142
2024-02-09,0.4350000023841858
2024-02-12,0.4350000023841858
2024-02-13,0.42500001192092896
2024-02-14,0.41999998688697815
2024-02-15,0.4350000023841858
2024-02-16,0.4350000023841858
2024-02-19,0.4449999928474426
2024-02-20,0.4399999976158142
2024-02-21,0.41499999165534973
2024-02-22,0.4300000071525574
2024-02-23,0.4399999976158142
2024-02-26,0.4449999928474426
2024-02-27,0.4950000047683716
2024-02-28,0.4699999988079071
2024-02-29,0.4699999988079071
2024-03-01,0.44999998807907104
2024-03-04,0.45500001311302185
2024-03-05,0.44999998807907104
2024-03-06,0.46000000834465027
2024-03-07,0.4699999988079071
2024-03-08,0.4650000035762787
2024-03-11,0.4699999988079071
2024-03-12,0.48500001430511475
2024-03-13,0.4749999940395355
2024-03-14,0.4749999940395355
2024-03-15,0.4749999940395355
2024-03-18,0.4699999988079071
2024-03-19,0.4699999988079071
2024-03-20,0.4699999988079071
2024-03-21,0.47999998927116394
2024-03-22,0.5049999952316284
2024-03-25,0.5350000262260437
2024-03-26,0.5099999904632568
2024-03-27,0.48500001430511475
2024-03-28,0.49000000953674316
2024-04-02,0.47999998927116394
2024-04-03,0.47999998927116394
2024-04-04,0.4749999940395355
2024-04-05,0.4650000035762787
2024-04-08,0.4650000035762787
2024-04-09,0.47999998927116394
2024-04-10,0.4699999988079071
2024-04-11,0.46000000834465027
2024-04-12,0.4699999988079071
2024-04-15,0.4650000035762787
2024-04-16,0.46000000834465027
2024-04-17,0.46000000834465027
2024-04-18,0.46000000834465027
2024-04-19,0.46000000834465027
2024-04-22,0.48500001430511475
2024-04-23,0.5199999809265137
2024-04-24,0.5099999904632568
2024-04-26,0.5199999809265137
2024-04-29,0.48500001430511475
2024-04-30,0.5
2024-05-01,0.48500001430511475
2024-05-02,0.47999998927116394
2024-05-03,0.49000000953674316
2024-05-06,0.5099999904632568
2024-05-07,0.5049999952316284
2024-05-08,0.5199999809265137
2024-05-09,0.5099999904632568
2024-05-10,0.5350000262260437
2024-05-13,0.5149999856948853
2024-05-14,0.5199999809265137
2024-05-15,0.5299999713897705
2024-05-16,0.5350000262260437
2024-05-17,0.5350000262260437
2024-05-20,0.550000011920929
2024-05-21,0.5350000262260437
2024-05-22,0.5249999761581421
2024-05-23,0.5450000166893005
2024-05-24,0.5699999928474426
2024-05-27,0.5600000023841858
2024-05-28,0.5699999928474426
2024-05-29,0.5849999785423279
2024-05-30,0.5799999833106995
2024-05-31,0.6499999761581421
2024-06-03,0.6700000166893005
2024-06-04,0.6600000262260437
2024-06-05,0.6499999761581421
2024-06-06,0.6299999952316284
2024-06-07,0.6299999952316284
2024-06-11,0.6000000238418579
2024-06-12,0.5950000286102295
2024-06-13,0.5799999833106995
2024-06-14,0.5950000286102295
2024-06-17,0.5799999833106995
2024-06-18,0.5849999785423279
2024-06-19,0.5899999737739563
2024-06-20,0.5799999833106995
2024-06-21,0.5950000286102295
2024-06-24,0.5699999928474426
2024-06-25,0.5649999976158142
2024-06-26,0.5849999785423279
2024-06-27,0.5849999785423279
2024-06-28,0.6150000095367432
2024-07-01,0.6650000214576721
2024-07-02,0.6600000262260437
2024-07-03,0.6700000166893005
2024-07-04,0.7049999833106995
2024-07-05,0.699999988079071
2024-07-08,0.6499999761581421
2024-07-09,0.675000011920929
2024-07-10,0.6650000214576721
2024-07-11,0.75
2024-07-12,0.75
2024-07-15,0.7599999904632568
2024-07-16,0.7450000047683716
2024-07-17,0.6899999976158142
2024-07-18,0.6549999713897705
2024-07-19,0.6600000262260437
2024-07-22,0.6349999904632568
2024-07-23,0.6549999713897705
2024-07-24,0.6549999713897705
2024-07-25,0.625
2024-07-26,0.6549999713897705
2024-07-29,0.6899999976158142
2024-07-30,0.675000011920929
2024-07-31,0.6800000071525574
2024-08-01,0.675000011920929
2024-08-02,0.675000011920929
2024-08-05,0.625
2024-08-06,0.6050000190734863
2024-08-07,0.6100000143051147
2024-08-08,0.5899999737739563
2024-08-09,0.6000000238418579
2024-08-12,0.6150000095367432
2024-08-13,0.6200000047683716
2024-08-14,0.6200000047683716
2024-08-15,0.6150000095367432
2024-08-16,0.6200000047683716
2024-08-19,0.6200000047683716
2024-08-20,0.6050000190734863
2024-08-21,0.625
2024-08-22,0.6150000095367432
2024-08-23,0.6100000143051147
2024-08-26,0.6100000143051147
2024-08-27,0.6050000190734863
2024-08-28,0.6150000095367432
2024-08-29,0.6100000143051147
2024-08-30,0.6050000190734863
2024-09-02,0.6399999856948853
2024-09-03,0.6600000262260437
2024-09-04,0.6299999952316284
2024-09-05,0.675000011920929
2024-09-06,0.6850000023841858
2024-09-09,0.6600000262260437
2024-09-10,0.5950000286102295
2024-09-11,0.5799999833106995
2024-09-12,0.5849999785423279
2024-09-13,0.6050000190734863
2024-09-16,0.6050000190734863
2024-09-17,0.6000000238418579
2024-09-18,0.6399999856948853
2024-09-19,0.6349999904632568
2024-09-20,0.6499999761581421
2024-09-23,0.6650000214576721
2024-09-24,0.6949999928474426
2024-09-25,0.6800000071525574
2024-09-26,0.699999988079071
2024-09-27,0.7099999785423279
2024-09-30,0.7149999737739563
2024-10-01,0.6850000023841858
2024-10-02,0.7300000190734863
2024-10-03,0.6949999928474426
2024-10-04,0.6800000071525574
2024-10-07,0.7300000190734863
2024-10-08,0.7300000190734863
2024-10-09,0.6600000262260437
2024-10-10,0.675000011920929
2024-10-11,0.675000011920929
2024-10-14,0.6800000071525574
2024-10-15,0.6949999928474426
2024-10-16,0.6700000166893005
2024-10-17,0.6650000214576721
2024-10-18,0.6600000262260437
2024-10-21,0.6700000166893005
2024-10-22,0.6700000166893005
2024-10-23,0.6700000166893005
2024-10-24,0.6549999713897705
2024-10-25,0.699999988079071
2024-10-28,0.7250000238418579
2024-10-29,0.7099999785423279
2024-10-30,0.7950000166893005
2024-10-31,0.7950000166893005
2024-11-01,0.8299999833106995
2024-11-04,0.7799999713897705
2024-11-05,0.7450000047683716
2024-11-06,0.75
2024-11-07,0.7350000143051147
2024-11-08,0.75
2024-11-11,0.7400000095367432
2024-11-12,0.7300000190734863
2024-11-13,0.7149999737739563
2024-11-14,0.7400000095367432
2024-11-15,0.7300000190734863
2024-11-18,0.7549999952316284
2024-11-19,0.7599999904632568
2024-11-20,0.7900000214576721
2024-11-21,0.7699999809265137
2024-11-22,0.8149999976158142
2024-11-25,0.7749999761581421
2024-11-26,0.7749999761581421
2024-11-27,0.7699999809265137
2024-11-28,0.7950000166893005
2024-11-29,0.8100000023841858
2024-12-02,0.824999988079071
2024-12-03,0.7900000214576721
2024-12-04,0.7599999904632568
2024-12-05,0.7699999809265137
2024-12-06,0.7599999904632568
2024-12-09,0.7749999761581421
2024-12-10,0.7749999761581421
2024-12-11,0.8100000023841858
2024-12-12,0.7900000214576721
2024-12-13,0.7799999713897705
2024-12-16,0.7350000143051147
2024-12-17,0.75
2024-12-18,0.7649999856948853
2024-12-19,0.7099999785423279
2024-12-20,0.7250000238418579
2024-12-23,0.7099999785423279
2024-12-24,0.7149999737739563
2024-12-27,0.7350000143051147
2024-12-30,0.7450000047683716
2024-12-31,0.7400000095367432
2025-01-02,0.7450000047683716
2025-01-03,0.7649999856948853
2025-01-06,0.7599999904632568
2025-01-07,0.7799999713897705
2025-01-08,0.7699999809265137
2025-01-09,0.7450000047683716
2025-01-10,0.75
2025-01-13,0.7450000047683716
2025-01-14,0.7200000286102295
2025-01-15,0.7350000143051147
2025-01-16,0.7300000190734863
2025-01-17,0.7350000143051147
2025-01-20,0.7549999952316284
2025-01-21,0.7450000047683716
2025-01-22,0.7200000286102295
2025-01-23,0.7549999952316284
2025-01-24,0.7549999952316284
2025-01-28,0.7549999952316284
2025-01-29,0.8050000071525574
2025-01-30,0.7749999761581421
2025-01-31,0.7749999761581421
2025-02-03,0.7450000047683716
2025-02-04,0.7649999856948853
2025-02-05,0.7850000262260437
2025-02-06,0.7850000262260437
2025-02-07,0.800000011920929
2025-02-10,0.8050000071525574
2025-02-11,0.7850000262260437
2025-02-12,0.7950000166893005
2025-02-13,0.8050000071525574
2025-02-14,0.8100000023841858
2025-02-17,0.7900000214576721
2025-02-18,0.800000011920929
2025-02-19,0.8199999928474426
2025-02-20,0.8050000071525574
2025-02-21,0.8299999833106995
2025-02-24,0.8199999928474426
2025-02-25,0.8650000095367432
2025-02-26,0.8650000095367432
2025-02-27,0.9399999976158142
2025-02-28,0.8999999761581421
2025-03-03,0.9200000166893005
2025-03-04,0.8999999761581421
2025-03-05,0.8999999761581421
2025-03-06,0.9300000071525574
2025-03-07,0.925000011920929
2025-03-10,0.9399999976158142
2025-03-11,0.8949999809265137
2025-03-12,0.9150000214576721
2025-03-13,0.9049999713897705
2025-03-14,0.9200000166893005
2025-03-17,0.9300000071525574
2025-03-18,0.9599999785423279
2025-03-19,0.9800000190734863
2025-03-20,0.9800000190734863
2025-03-21,0.9750000238418579
2025-03-24,0.9750000238418579
2025-03-25,0.9750000238418579
2025-03-26,0.8149999976158142
2025-03-27,0.824999988079071
2025-03-28,0.8450000286102295
2025-03-31,0.7450000047683716
2025-04-01,0.7799999713897705
2025-04-02,0.7599999904632568
2025-04-03,0.7099999785423279
2025-04-04,0.6700000166893005
2025-04-07,0.6200000047683716
2025-04-08,0.6800000071525574
2025-04-09,0.6600000262260437
2025-04-10,0.6850000023841858
2025-04-11,0.6549999713897705
2025-04-14,0.6949999928474426
2025-04-15,0.7200000286102295
2025-04-16,0.7200000286102295
2025-04-17,0.7099999785423279
2025-04-22,0.7099999785423279
2025-04-23,0.7099999785423279
2025-04-24,0.6949999928474426
2025-04-28,0.6549999713897705
2025-04-29,0.6700000166893005
2025-04-30,0.6499999761581421
2025-05-01,0.6650000214576721
2025-05-02,0.6650000214576721
2025-05-05,0.6349999904632568
2025-05-06,0.6399999856948853
2025-05-07,0.6499999761581421
2025-05-08,0.6200000047683716
2025-05-09,0.625
2025-05-12,0.6349999904632568
2025-05-13,0.6600000262260437
2025-05-14,0.6600000262260437
2025-05-15,0.6449999809265137
2025-05-16,0.6200000047683716
2025-05-19,0.625
2025-05-20,0.625
2025-05-21,0.6700000166893005
2025-05-22,0.6549999713897705
2025-05-23,0.6499999761581421
2025-05-26,0.6800000071525574
2025-05-27,0.6800000071525574
2025-05-28,0.6650000214576721
2025-05-29,0.6700000166893005
2025-05-30,0.6449999809265137
2025-06-02,0.6299999952316284
2025-06-03,0.6399999856948853
2025-06-04,0.6600000262260437
2025-06-05,0.675000011920929
2025-06-06,0.7099999785423279
2025-06-10,0.7200000286102295
2025-06-11,0.7300000190734863
2025-06-12,0.7450000047683716
2025-06-13,0.7350000143051147
2025-06-16,0.7099999785423279
2025-06-17,0.7049999833106995
2025-06-18,0.6850000023841858
2025-06-19,0.6650000214576721
2025-06-20,0.6650000214576721
2025-06-23,0.6549999713897705
2025-06-24,0.6800000071525574
2025-06-25,0.675000011920929
2025-06-26,0.6650000214576721
2025-06-27,0.6650000214576721
2025-06-30,0.6700000166893005
2025-07-01,0.6700000166893005
2025-07-02,0.6600000262260437
2025-07-03,0.6850000023841858
2025-07-04,0.6899999976158142
2025-07-07,0.699999988079071
2025-07-08,0.7099999785423279
2025-07-09,0.6949999928474426
2025-07-10,0.7200000286102295
2025-07-11,0.7049999833106995
2025-07-14,0.7400000095367432
2025-07-15,0.7400000095367432
2025-07-16,0.7450000047683716
2025-07-17,0.7250000238418579
2025-07-18,0.7300000190734863
2025-07-21,0.7699999809265137
2025-07-22,0.7599999904632568
2025-07-23,0.7549999952316284
2025-07-24,0.75
2025-07-25,0.7200000286102295
2025-07-28,0.7300000190734863
2025-07-29,0.7300000190734863
2025-07-30,0.7149999737739563
2025-07-31,0.7149999737739563
2025-08-01,0.7099999785423279
2025-08-04,0.7099999785423279
2025-08-05,0.7400000095367432
2025-08-06,0.7300000190734863
2025-08-07,0.7250000238418579
2025-08-08,0.7200000286102295
2025-08-11,0.75
2025-08-12,0.7400000095367432
2025-08-13,0.7599999904632568
2025-08-14,0.7350000143051147
2025-08-15,0.7549999952316284
2025-08-18,0.7699999809265137
2025-08-19,0.7950000166893005
2025-08-20,0.7400000095367432
2025-08-21,0.7599999904632568
2025-08-22,0.7549999952316284
2025-08-25,0.75
2025-08-26,0.7250000238418579
2025-08-27,0.7350000143051147
2025-08-28,0.6949999928474426
2025-08-29,0.6899999976158142
2025-09-01,0.6899999976158142
2025-09-02,0.6800000071525574
2025-09-03,0.6949999928474426
2025-09-04,0.6850000023841858
2025-09-05,0.6899999976158142
2025-09-08,0.675000011920929
2025-09-09,0.6700000166893005
2025-09-10,0.6650000214576721
2025-09-11,0.6650000214576721
2025-09-12,0.6600000262260437
2025-09-15,0.6549999713897705
2025-09-16,0.6600000262260437
2025-09-17,0.6549999713897705
2025-09-18,0.6600000262260437
2025-09-19,0.6499999761581421
2025-09-22,0.6499999761581421
2025-09-23,0.6800000071525574
2025-09-24,0.7049999833106995
2025-09-25,0.699999988079071
2025-09-26,0.6949999928474426
2025-09-29,0.699999988079071
2025-09-30,0.7149999737739563
2025-10-01,0.7149999737739563
2025-10-02,0.6899999976158142
2025-10-03,0.6800000071525574
2025-10-06,0.6800000071525574
2025-10-07,0.675000011920929
2025-10-08,0.6549999713897705
2025-10-09,0.6850000023841858
2025-10-10,0.6800000071525574
2025-10-13,0.6650000214576721
2025-10-14,0.7149999737739563
2025-10-15,0.7699999809265137
2025-10-16,0.7850000262260437
2025-10-17,0.7699999809265137
2025-10-20,0.75
2025-10-21,0.75
2025-10-22,0.7200000286102295
2025-10-23,0.7200000286102295
2025-10-24,0.7250000238418579
2025-10-27,0.675000011920929
2025-10-28,0.625
2025-10-29,0.6600000262260437
2025-10-30,0.6499999761581421
2025-10-31,0.6299999952316284
2025-11-03,0.6299999952316284
2025-11-04,0.6050000190734863
2025-11-05,0.5799999833106995
2025-11-06,0.5649999976158142
2025-11-07,0.5699999928474426
2025-11-10,0.574999988079071
2025-11-11,0.5600000023841858
2025-11-12,0.5600000023841858
2025-11-13,0.550000011920929
2025-11-14,0.5400000214576721
2025-11-17,0.550000011920929
2025-11-18,0.5149999856948853
2025-11-19,0.5249999761581421
2025-11-20,0.5299999713897705
2025-11-21,0.5
2025-11-24,0.5
2025-11-25,0.5
2025-11-26,0.5199999809265137
2025-11-27,0.5049999952316284
2025-11-28,0.5149999856948853
2025-12-01,0.5199999809265137
2025-12-02,0.5199999809265137
2025-12-03,0.5249999761581421
2025-12-04,0.5299999713897705
2025-12-05,0.5299999713897705
2025-12-08,0.5299999713897705
2025-12-09,0.5149999856948853
2025-12-10,0.4950000047683716
2025-12-11,0.47999998927116394
2025-12-12,0.47999998927116394
2025-12-15,0.48500001430511475
2025-12-16,0.49000000953674316
2025-12-17,0.5400000214576721
2025-12-18,0.5950000286102295
2025-12-19,0.6150000095367432
2025-12-22,0.6000000238418579
2025-12-23,0.5950000286102295
2025-12-24,0.5849999785423279
2025-12-29,0.5600000023841858
2025-12-30,0.5799999833106995
2025-12-31,0.5799999833106995
2026-01-02,0.5699999928474426
2026-01-05,0.5799999833106995
2026-01-06,0.5799999833106995
2026-01-07,0.5899999737739563
2026-01-08,0.6000000238418579
2026-01-09,0.5899999737739563
2026-01-12,0.6000000238418579
2026-01-13,0.5799999833106995
2026-01-14,0.5849999785423279
2026-01-15,0.5950000286102295
2026-01-16,0.6000000238418579
2026-01-19,0.6100000143051147
2026-01-20,0.6000000238418579
2026-01-21,0.7599999904632568
2026-01-22,0.7400000095367432
2026-01-23,0.7200000286102295
2026-01-27,0.7400000095367432
2026-01-28,0.75
2026-01-29,0.7300000190734863
2026-01-30,0.699999988079071
2026-02-02,0.699999988079071
2026-02-03,0.7149999737739563
2026-02-04,0.7649999856948853
2026-02-05,0.7450000047683716
2026-02-06,0.7049999833106995
2026-02-09,0.75
2026-02-10,0.7400000095367432
2026-02-11,0.7149999737739563
2026-02-12,0.7350000143051147
2026-02-13,0.7049999833106995
2026-02-16,0.699999988079071
2026-02-17,0.7350000143051147
2026-02-18,0.75
2026-02-19,0.7599999904632568
2026-02-20,0.7549999952316284
2026-02-23,0.75
2026-02-24,0.824999988079071
2026-02-25,0.8949999809265137
2026-02-26,0.9399999976158142
2026-02-27,0.8650000095367432
2026-03-02,0.8650000095367432
2026-03-03,0.8849999904632568
2026-03-04,0.8450000286102295
2026-03-05,0.8999999761581421
2026-03-06,0.8899999856948853
2026-03-09,0.8149999976158142
2026-03-10,0.7900000214576721
2026-03-11,0.800000011920929
2026-03-12,0.7599999904632568
2026-03-13,0.8299999833106995
2026-03-16,0.7450000047683716
2026-03-17,0.7549999952316284
2026-03-18,0.7749999761581421
2026-03-19,0.7400000095367432
2026-03-20,0.675000011920929
2026-03-23,0.6399999856948853
2026-03-24,0.6650000214576721
2026-03-25,0.7049999833106995
2026-03-26,0.6899999976158142
2026-03-27,0.6700000166893005
2026-03-30,0.6549999713897705
2026-03-31,0.6700000166893005
2026-04-01,0.7200000286102295
2026-04-02,0.6800000071525574
2026-04-07,0.6949999928474426
2026-04-08,0.7350000143051147
2026-04-09,0.7149999737739563
2026-04-10,0.7049999833106995
2026-04-13,0.6899999976158142
2026-04-14,0.6899999976158142
2026-04-15,0.7149999737739563
2026-04-16,0.7200000286102295
2026-04-17,0.7400000095367432
2026-04-20,0.7350000143051147
2026-04-21,0.7250000238418579
2026-04-22,0.7200000286102295
2026-04-23,0.699999988079071
2026-04-24,0.7049999833106995
2026-04-27,0.699999988079071
2026-04-28,0.699999988079071
2026-04-29,0.7250000238418579
2026-04-30,0.7049999833106995
2026-05-01,0.7049999833106995
2026-05-04,0.6800000071525574
2026-05-05,0.6650000214576721
2026-05-06,0.6899999976158142
2026-05-07,0.6800000071525574
2026-05-08,0.675000011920929
2026-05-11,0.6650000214576721
2026-05-12,0.675000011920929
2026-05-13,0.675000011920929
2026-05-14,0.6800000071525574
2026-05-15,0.6499999761581421
2026-05-18,0.6399999856948853
2026-05-19,0.6399999856948853
2026-05-20,0.6200000047683716
2026-05-21,0.6200000047683716
2026-05-22,0.6200000047683716
2026-05-25,0.625
2026-05-26,0.6150000095367432
2026-05-27,0.6299999952316284
2026-05-28,0.6299999952316284
2026-05-29,0.6499999761581421
2026-06-01,0.625
2026-06-02,0.6000000238418579
2026-06-03,0.6050000190734863
2026-06-04,0.5849999785423279
2026-06-05,0.5799999833106995
2026-06-09,0.5699999928474426
2026-06-10,0.5450000166893005
2026-06-11,0.5299999713897705
2026-06-12,0.5649999976158142
2026-06-15,0.6000000238418579
2026-06-16,0.5799999833106995
2026-06-17,0.6000000238418579
2026-06-18,0.5899999737739563
2026-06-19,0.574999988079071
2026-06-22,0.5849999785423279
2026-06-23,0.5649999976158142
2026-06-24,0.5600000023841858
2026-06-25,0.5600000023841858
2026-06-26,0.5450000166893005
2026-06-29,0.5649999976158142
2026-06-30,0.5649999976158142
2026-07-01,0.5699999928474426
2026-07-02,0.574999988079071
2026-07-03,0.5849999785423279
2026-07-06,0.5899999737739563
2026-07-07,0.5799999833106995
2026-07-08,0.550000011920929
2026-07-09,0.5299999713897705
2026-07-10,0.5400000214576721
2026-07-13,0.5149999856948853
2026-07-14,0.5099999904632568
2026-07-15,0.5249999761581421
2026-07-16,0.5199999809265137
2026-07-17,0.5099999904632568
2026-07-20,0.5149999856948853
2026-07-21,0.5049999952316284
2026-07-22,0.5199999809265137
2026-07-23,0.5099999904632568
2026-07-24,0.5
2026-07-27,0.5149999856948853
2026-07-28,0.5199999809265137
2026-07-29,0.5199999809265137
2026-07-30,0.5149999856948853
2026-07-31,0.5400000214576721
2026-08-03,0.5099999904632568
2026-08-04,0.4950000047683716
2026-08-05,0.5099999904632568
2026-08-06,0.5199999809265137
2026-08-07,0.5149999856948853
2026-08-10,0.5099999904632568
2026-08-11,0.5249999761581421
2026-08-12,0.5299999713897705
2026-08-13,0.5400000214576721
2026-08-14,0.5199999809265137
2026-08-17,0.5400000214576721
2026-08-18,0.5350000262260437
2026-08-19,0.5199999809265137
2026-08-20,0.5299999713897705
2026-08-21,0.5450000166893005
2026-08-24,0.5550000071525574
2026-08-25,0.5550000071525574
2026-08-26,0.5400000214576721
2026-08-27,0.5350000262260437
2026-08-28,0.5299999713897705
