Date,close
1994-08-31,1.865434673051225e-12
1994-09-01,1.865434673051225e-12
1994-09-02,1.865434673051225e-12
1994-09-05,1.865434673051225e-12
1994-09-06,1.865434673051225e-12
1994-09-07,1.865434673051225e-12
1994-09-08,1.865434673051225e-12
1994-09-09,1.865434673051225e-12
1994-09-12,1.865434673051225e-12
1994-09-13,1.865434673051225e-12
1994-09-14,1.865434673051225e-12
1994-09-15,1.865434673051225e-12
1994-09-16,1.865434673051225e-12
1994-09-19,1.865434673051225e-12
1994-09-20,1.865434673051225e-12
1994-09-21,1.865434673051225e-12
1994-09-22,1.865434673051225e-12
1994-09-23,1.865434673051225e-12
1994-09-26,1.865434673051225e-12
1994-09-27,1.865434673051225e-12
1994-09-28,1.865434673051225e-12
1994-09-29,1.865434673051225e-12
1994-09-30,1.833949441962246e-12
1994-10-03,1.833949441962246e-12
1994-10-04,1.833949441962246e-12
1994-10-05,1.833949441962246e-12
1994-10-06,1.833949441962246e-12
1994-10-07,1.833949441962246e-12
1994-10-10,1.833949441962246e-12
1994-10-11,1.833949441962246e-12
1994-10-12,1.833949441962246e-12
1994-10-13,1.833949441962246e-12
1994-10-14,1.833949441962246e-12
1994-10-17,1.833949441962246e-12
1994-10-18,1.833949441962246e-12
1994-10-19,1.833949441962246e-12
1994-10-20,1.833949441962246e-12
1994-10-21,1.833949441962246e-12
1994-10-24,1.833949441962246e-12
1994-10-25,1.833949441962246e-12
1994-10-26,1.833949441962246e-12
1994-10-27,1.833949441962246e-12
1994-10-28,1.833949441962246e-12
1994-10-31,1.810336494427467e-12
1994-11-01,1.810336494427467e-12
1994-11-02,1.810336494427467e-12
1994-11-03,1.810336494427467e-12
1994-11-04,1.810336494427467e-12
1994-11-07,1.810336494427467e-12
1994-11-08,1.810336494427467e-12
1994-11-09,1.810336494427467e-12
1994-11-10,1.810336494427467e-12
1994-11-11,1.810336494427467e-12
1994-11-14,1.810336494427467e-12
1994-11-15,1.810336494427467e-12
1994-11-16,1.810336494427467e-12
1994-11-17,1.810336494427467e-12
1994-11-18,1.810336494427467e-12
1994-11-21,1.810336494427467e-12
1994-11-22,1.810336494427467e-12
1994-11-23,1.810336494427467e-12
1994-11-24,1.810336494427467e-12
1994-11-25,1.810336494427467e-12
1994-11-28,1.810336494427467e-12
1994-11-29,1.810336494427467e-12
1994-11-30,1.7080105775904575e-12
1994-12-01,1.7080105775904575e-12
1994-12-02,1.7080105775904575e-12
1994-12-05,1.7080105775904575e-12
1994-12-06,1.7080105775904575e-12
1994-12-07,1.7080105775904575e-12
1994-12-08,1.7080105775904575e-12
1994-12-09,1.7080105775904575e-12
1994-12-12,1.7080105775904575e-12
1994-12-13,1.7080105775904575e-12
1994-12-14,1.7080105775904575e-12
1994-12-15,1.7080105775904575e-12
1994-12-16,1.7080105775904575e-12
1994-12-19,1.7080105775904575e-12
1994-12-20,1.7080105775904575e-12
1994-12-21,1.7080105775904575e-12
1994-12-22,1.7080105775904575e-12
1994-12-23,1.7080105775904575e-12
1994-12-26,1.7080105775904575e-12
1994-12-27,1.7080105775904575e-12
1994-12-28,1.7080105775904575e-12
1994-12-29,1.7080105775904575e-12
1994-12-30,1.84969227434717e-12
1995-01-02,1.84969227434717e-12
1995-01-03,1.84969227434717e-12
1995-01-04,1.84969227434717e-12
1995-01-05,1.84969227434717e-12
1995-01-06,1.84969227434717e-12
1995-01-09,1.84969227434717e-12
1995-01-10,1.84969227434717e-12
1995-01-11,1.84969227434717e-12
1995-01-12,1.84969227434717e-12
1995-01-13,1.84969227434717e-12
1995-01-16,1.84969227434717e-12
1995-01-17,1.84969227434717e-12
1995-01-18,1.84969227434717e-12
1995-01-19,1.84969227434717e-12
1995-01-20,1.84969227434717e-12
1995-01-23,1.84969227434717e-12
1995-01-24,1.84969227434717e-12
1995-01-25,1.84969227434717e-12
1995-01-26,1.84969227434717e-12
1995-01-27,1.84969227434717e-12
1995-01-30,1.84969227434717e-12
1995-01-31,1.8890481626870903e-12
1995-02-01,1.8890481626870903e-12
1995-02-02,1.8890481626870903e-12
1995-02-03,1.8890481626870903e-12
1995-02-06,1.8890481626870903e-12
1995-02-07,1.8890481626870903e-12
1995-02-08,1.8890481626870903e-12
1995-02-09,1.8890481626870903e-12
1995-02-10,1.8890481626870903e-12
1995-02-13,1.8890481626870903e-12
1995-02-14,1.8890481626870903e-12
1995-02-15,1.8890481626870903e-12
1995-02-16,1.8890481626870903e-12
1995-02-17,1.8890481626870903e-12
1995-02-20,1.8890481626870903e-12
1995-02-21,1.8890481626870903e-12
1995-02-22,1.8890481626870903e-12
1995-02-23,1.8890481626870903e-12
1995-02-24,1.8890481626870903e-12
1995-02-27,1.8890481626870903e-12
1995-02-28,2.1251726507048874e-12
1995-03-01,2.1251726507048874e-12
1995-03-02,2.1251726507048874e-12
1995-03-03,2.1251726507048874e-12
1995-03-06,2.1251726507048874e-12
1995-03-07,2.1251726507048874e-12
1995-03-08,2.1251726507048874e-12
1995-03-09,2.1251726507048874e-12
1995-03-10,2.1251726507048874e-12
1995-03-13,2.1251726507048874e-12
1995-03-14,2.1251726507048874e-12
1995-03-15,2.1251726507048874e-12
1995-03-16,2.1251726507048874e-12
1995-03-17,2.1251726507048874e-12
1995-03-20,2.1251726507048874e-12
1995-03-21,2.1251726507048874e-12
1995-03-22,2.1251726507048874e-12
1995-03-23,2.1251726507048874e-12
1995-03-24,2.1251726507048874e-12
1995-03-27,2.1251726507048874e-12
1995-03-28,2.1251726507048874e-12
1995-03-29,2.1251726507048874e-12
1995-03-30,2.1251726507048874e-12
1995-03-31,2.1724015815405284e-12
1995-04-03,2.1724015815405284e-12
1995-04-04,2.1724015815405284e-12
1995-04-05,2.1724015815405284e-12
1995-04-06,2.1724015815405284e-12
1995-04-07,2.1724015815405284e-12
1995-04-10,2.1724015815405284e-12
1995-04-11,2.1724015815405284e-12
1995-04-12,2.1724015815405284e-12
1995-04-13,2.1724015815405284e-12
1995-04-14,2.1724015815405284e-12
1995-04-17,2.1724015815405284e-12
1995-04-18,2.1724015815405284e-12
1995-04-19,2.1724015815405284e-12
1995-04-20,2.1724015815405284e-12
1995-04-21,2.1724015815405284e-12
1995-04-24,2.1724015815405284e-12
1995-04-25,2.1724015815405284e-12
1995-04-26,2.1724015815405284e-12
1995-04-27,2.1724015815405284e-12
1995-04-28,2.4793797657324257e-12
1995-05-01,2.4793797657324257e-12
1995-05-02,2.4793797657324257e-12
1995-05-03,2.4793797657324257e-12
1995-05-04,2.4793797657324257e-12
1995-05-05,2.4793797657324257e-12
1995-05-08,2.4793797657324257e-12
1995-05-09,2.4793797657324257e-12
1995-05-10,2.4793797657324257e-12
1995-05-11,2.4793797657324257e-12
1995-05-12,2.4793797657324257e-12
1995-05-15,2.4793797657324257e-12
1995-05-16,2.4793797657324257e-12
1995-05-17,2.4793797657324257e-12
1995-05-18,2.4793797657324257e-12
1995-05-19,2.4793797657324257e-12
1995-05-22,2.4793797657324257e-12
1995-05-23,2.4793797657324257e-12
1995-05-24,2.4793797657324257e-12
1995-05-25,2.4793797657324257e-12
1995-05-26,2.4793797657324257e-12
1995-05-29,2.4793797657324257e-12
1995-05-30,2.4793797657324257e-12
1995-05-31,2.384924289305923e-12
1995-06-01,2.384924289305923e-12
1995-06-02,2.384924289305923e-12
1995-06-05,3.53667204029684e-12
1995-06-06,3.53667204029684e-12
1995-06-07,3.53667204029684e-12
1995-06-08,3.53667204029684e-12
1995-06-09,3.53667204029684e-12
1995-06-12,3.53667204029684e-12
1995-06-13,3.53667204029684e-12
1995-06-14,3.53667204029684e-12
1995-06-15,3.53667204029684e-12
1995-06-16,3.53667204029684e-12
1995-06-19,3.53667204029684e-12
1995-06-20,3.53667204029684e-12
1995-06-21,3.53667204029684e-12
1995-06-22,3.53667204029684e-12
1995-06-23,3.53667204029684e-12
1995-06-26,3.53667204029684e-12
1995-06-27,3.53667204029684e-12
1995-06-28,3.53667204029684e-12
1995-06-29,3.53667204029684e-12
1995-06-30,3.396601142707789e-12
1995-07-03,3.396601142707789e-12
1995-07-04,3.396601142707789e-12
1995-07-05,3.396601142707789e-12
1995-07-06,3.396601142707789e-12
1995-07-07,3.396601142707789e-12
1995-07-10,3.396601142707789e-12
1995-07-11,3.396601142707789e-12
1995-07-12,3.396601142707789e-12
1995-07-13,3.396601142707789e-12
1995-07-14,3.396601142707789e-12
1995-07-17,3.396601142707789e-12
1995-07-18,3.396601142707789e-12
1995-07-19,3.396601142707789e-12
1995-07-20,3.396601142707789e-12
1995-07-21,3.396601142707789e-12
1995-07-24,3.396601142707789e-12
1995-07-25,3.396601142707789e-12
1995-07-26,3.396601142707789e-12
1995-07-27,3.396601142707789e-12
1995-07-28,3.396601142707789e-12
1995-07-31,3.641724508757216e-12
1995-08-01,3.641724508757216e-12
1995-08-02,3.641724508757216e-12
1995-08-03,3.641724508757216e-12
1995-08-04,3.641724508757216e-12
1995-08-07,3.641724508757216e-12
1995-08-08,3.641724508757216e-12
1995-08-09,3.641724508757216e-12
1995-08-10,3.641724508757216e-12
1995-08-11,3.641724508757216e-12
1995-08-14,3.641724508757216e-12
1995-08-15,3.641724508757216e-12
1995-08-16,3.641724508757216e-12
1995-08-17,3.641724508757216e-12
1995-08-18,3.641724508757216e-12
1995-08-21,3.641724508757216e-12
1995-08-22,3.641724508757216e-12
1995-08-23,3.641724508757216e-12
1995-08-24,3.641724508757216e-12
1995-08-25,3.641724508757216e-12
1995-08-28,3.641724508757216e-12
1995-08-29,3.641724508757216e-12
1995-08-30,3.641724508757216e-12
1995-08-31,3.828464888860905e-12
1995-09-01,3.828464888860905e-12
1995-09-04,3.828464888860905e-12
1995-09-05,3.828464888860905e-12
1995-09-06,3.828464888860905e-12
1995-09-07,3.828464888860905e-12
1995-09-08,3.828464888860905e-12
1995-09-11,3.828464888860905e-12
1995-09-12,3.828464888860905e-12
1995-09-13,3.828464888860905e-12
1995-09-14,3.828464888860905e-12
1995-09-15,3.828464888860905e-12
1995-09-18,3.828464888860905e-12
1995-09-19,3.828464888860905e-12
1995-09-20,3.828464888860905e-12
1995-09-21,3.828464888860905e-12
1995-09-22,3.828464888860905e-12
1995-09-25,3.828464888860905e-12
1995-09-26,3.828464888860905e-12
1995-09-27,3.828464888860905e-12
1995-09-28,3.828464888860905e-12
1995-09-29,4.026897305192678e-12
1995-10-02,4.026897305192678e-12
1995-10-03,4.026897305192678e-12
1995-10-04,4.026897305192678e-12
1995-10-05,4.026897305192678e-12
1995-10-06,6.214528457809676e-12
1995-10-09,6.214528457809676e-12
1995-10-10,6.214528457809676e-12
1995-10-11,6.214528457809676e-12
1995-10-12,6.214528457809676e-12
1995-10-13,6.214528457809676e-12
1995-10-16,6.214528457809676e-12
1995-10-17,6.214528457809676e-12
1995-10-18,6.214528457809676e-12
1995-10-19,6.214528457809676e-12
1995-10-20,6.214528457809676e-12
1995-10-23,6.214528457809676e-12
1995-10-24,6.214528457809676e-12
1995-10-25,6.214528457809676e-12
1995-10-26,6.214528457809676e-12
1995-10-27,6.214528457809676e-12
1995-10-30,6.214528457809676e-12
1995-10-31,6.574802334513574e-12
1995-11-01,6.574802334513574e-12
1995-11-02,6.574802334513574e-12
1995-11-03,6.574802334513574e-12
1995-11-06,6.574802334513574e-12
1995-11-07,6.574802334513574e-12
1995-11-08,6.574802334513574e-12
1995-11-09,6.574802334513574e-12
1995-11-10,6.574802334513574e-12
1995-11-13,6.574802334513574e-12
1995-11-14,6.574802334513574e-12
1995-11-15,6.574802334513574e-12
1995-11-16,6.574802334513574e-12
1995-11-17,6.574802334513574e-12
1995-11-20,6.574802334513574e-12
1995-11-21,6.574802334513574e-12
1995-11-22,6.574802334513574e-12
1995-11-23,6.574802334513574e-12
1995-11-24,6.574802334513574e-12
1995-11-27,6.574802334513574e-12
1995-11-28,6.574802334513574e-12
1995-11-29,6.574802334513574e-12
1995-11-30,6.917034653386445e-12
1995-12-01,6.917034653386445e-12
1995-12-04,6.917034653386445e-12
1995-12-05,6.917034653386445e-12
1995-12-06,6.917034653386445e-12
1995-12-07,6.917034653386445e-12
1995-12-08,6.917034653386445e-12
1995-12-11,6.917034653386445e-12
1995-12-12,6.917034653386445e-12
1995-12-13,6.917034653386445e-12
1995-12-14,6.917034653386445e-12
1995-12-15,6.917034653386445e-12
1995-12-18,6.917034653386445e-12
1995-12-19,6.917034653386445e-12
1995-12-20,6.917034653386445e-12
1995-12-21,6.917034653386445e-12
1995-12-22,6.917034653386445e-12
1995-12-25,6.917034653386445e-12
1995-12-26,6.917034653386445e-12
1995-12-27,6.917034653386445e-12
1995-12-28,6.917034653386445e-12
1995-12-29,6.844978577003058e-12
1996-01-01,6.844978577003058e-12
1996-01-02,6.844978577003058e-12
1996-01-03,6.844978577003058e-12
1996-01-04,6.844978577003058e-12
1996-01-05,6.844978577003058e-12
1996-01-08,6.844978577003058e-12
1996-01-09,6.844978577003058e-12
1996-01-10,6.844978577003058e-12
1996-01-11,6.844978577003058e-12
1996-01-12,6.844978577003058e-12
1996-01-15,6.844978577003058e-12
1996-01-16,6.844978577003058e-12
1996-01-17,6.844978577003058e-12
1996-01-18,6.844978577003058e-12
1996-01-19,6.844978577003058e-12
1996-01-22,6.844978577003058e-12
1996-01-23,6.844978577003058e-12
1996-01-24,6.844978577003058e-12
1996-01-25,6.844978577003058e-12
1996-01-26,6.844978577003058e-12
1996-01-29,6.844978577003058e-12
1996-01-30,6.844978577003058e-12
1996-01-31,7.907784670135865e-12
1996-02-01,7.907784670135865e-12
1996-02-02,7.907784670135865e-12
1996-02-05,7.907784670135865e-12
1996-02-06,7.907784670135865e-12
1996-02-07,7.907784670135865e-12
1996-02-08,7.907784670135865e-12
1996-02-09,7.907784670135865e-12
1996-02-12,7.907784670135865e-12
1996-02-13,7.907784670135865e-12
1996-02-14,7.907784670135865e-12
1996-02-15,7.907784670135865e-12
1996-02-16,7.907784670135865e-12
1996-02-19,7.907784670135865e-12
1996-02-20,7.907784670135865e-12
1996-02-21,7.907784670135865e-12
1996-02-22,7.907784670135865e-12
1996-02-23,7.907784670135865e-12
1996-02-26,7.907784670135865e-12
1996-02-27,7.907784670135865e-12
1996-02-28,7.907784670135865e-12
1996-02-29,8.195969077029464e-12
1996-03-01,8.195969077029464e-12
1996-03-04,8.195969077029464e-12
1996-03-05,8.195969077029464e-12
1996-03-06,8.195969077029464e-12
1996-03-07,8.195969077029464e-12
1996-03-08,8.195969077029464e-12
1996-03-11,8.195969077029464e-12
1996-03-12,8.195969077029464e-12
1996-03-13,8.195969077029464e-12
1996-03-14,8.195969077029464e-12
1996-03-15,1.1713191180873217e-11
1996-03-18,1.1713191180873217e-11
1996-03-19,1.1713191180873217e-11
1996-03-20,1.1713191180873217e-11
1996-03-21,1.1713191180873217e-11
1996-03-22,1.1713191180873217e-11
1996-03-25,1.1713191180873217e-11
1996-03-26,1.1713191180873217e-11
1996-03-27,1.1713191180873217e-11
1996-03-28,1.1713191180873217e-11
1996-03-29,1.3360769088310853e-11
1996-04-01,1.3360769088310853e-11
1996-04-02,1.3360769088310853e-11
1996-04-03,1.3360769088310853e-11
1996-04-04,1.3360769088310853e-11
1996-04-05,1.3360769088310853e-11
1996-04-08,1.3360769088310853e-11
1996-04-09,1.3360769088310853e-11
1996-04-10,1.3360769088310853e-11
1996-04-11,1.3360769088310853e-11
1996-04-12,1.3360769088310853e-11
1996-04-15,1.3360769088310853e-11
1996-04-16,1.3360769088310853e-11
1996-04-17,1.3360769088310853e-11
1996-04-18,1.3360769088310853e-11
1996-04-19,1.3360769088310853e-11
1996-04-22,1.3360769088310853e-11
1996-04-23,1.3360769088310853e-11
1996-04-24,1.3360769088310853e-11
1996-04-25,1.3360769088310853e-11
1996-04-26,1.3360769088310853e-11
1996-04-29,1.3360769088310853e-11
1996-04-30,1.3566720663549248e-11
1996-05-01,1.3566720663549248e-11
1996-05-02,1.3566720663549248e-11
1996-05-03,1.3566720663549248e-11
1996-05-06,1.3566720663549248e-11
1996-05-07,1.3566720663549248e-11
1996-05-08,1.3566720663549248e-11
1996-05-09,1.3566720663549248e-11
1996-05-10,1.3566720663549248e-11
1996-05-13,1.3566720663549248e-11
1996-05-14,1.3566720663549248e-11
1996-05-15,1.3566720663549248e-11
1996-05-16,1.3566720663549248e-11
1996-05-17,1.3566720663549248e-11
1996-05-20,1.3566720663549248e-11
1996-05-21,1.3566720663549248e-11
1996-05-22,1.3566720663549248e-11
1996-05-23,1.3566720663549248e-11
1996-05-24,1.3566720663549248e-11
1996-05-27,1.3566720663549248e-11
1996-05-28,1.3566720663549248e-11
1996-05-29,1.3566720663549248e-11
1996-05-30,1.3566720663549248e-11
1996-05-31,1.4158837297051363e-11
1996-06-03,1.4158837297051363e-11
1996-06-04,1.4158837297051363e-11
1996-06-05,1.4158837297051363e-11
1996-06-06,1.4158837297051363e-11
1996-06-07,1.4158837297051363e-11
1996-06-10,1.4158837297051363e-11
1996-06-11,1.4158837297051363e-11
1996-06-12,1.4158837297051363e-11
1996-06-13,1.4158837297051363e-11
1996-06-14,1.4158837297051363e-11
1996-06-17,1.4158837297051363e-11
1996-06-18,1.4158837297051363e-11
1996-06-19,1.4158837297051363e-11
1996-06-20,1.4158837297051363e-11
1996-06-21,1.4158837297051363e-11
1996-06-24,1.4158837297051363e-11
1996-06-25,1.4158837297051363e-11
1996-06-26,1.4158837297051363e-11
1996-06-27,1.4158837297051363e-11
1996-06-28,1.4802391951063143e-11
1996-07-01,1.4802391951063143e-11
1996-07-02,1.4802391951063143e-11
1996-07-03,1.4802391951063143e-11
1996-07-04,1.4802391951063143e-11
1996-07-05,1.4802391951063143e-11
1996-07-08,1.4802391951063143e-11
1996-07-09,1.4802391951063143e-11
1996-07-10,1.4802391951063143e-11
1996-07-11,1.4802391951063143e-11
1996-07-12,1.4802391951063143e-11
1996-07-15,1.4802391951063143e-11
1996-07-16,1.4802391951063143e-11
1996-07-17,1.4802391951063143e-11
1996-07-18,1.4802391951063143e-11
1996-07-19,1.4802391951063143e-11
1996-07-22,1.4802391951063143e-11
1996-07-23,1.4802391951063143e-11
1996-07-24,1.4802391951063143e-11
1996-07-25,1.4802391951063143e-11
1996-07-26,1.4802391951063143e-11
1996-07-29,1.4802391951063143e-11
1996-07-30,1.4802391951063143e-11
1996-07-31,1.451924951795247e-11
1996-08-01,1.451924951795247e-11
1996-08-02,1.451924951795247e-11
1996-08-05,1.451924951795247e-11
1996-08-06,1.451924951795247e-11
1996-08-07,1.451924951795247e-11
1996-08-08,1.451924951795247e-11
1996-08-09,1.451924951795247e-11
1996-08-12,1.451924951795247e-11
1996-08-13,1.451924951795247e-11
1996-08-14,1.451924951795247e-11
1996-08-15,1.451924951795247e-11
1996-08-16,1.451924951795247e-11
1996-08-19,1.451924951795247e-11
1996-08-20,1.451924951795247e-11
1996-08-21,1.451924951795247e-11
1996-08-22,1.451924951795247e-11
1996-08-23,1.451924951795247e-11
1996-08-26,1.451924951795247e-11
1996-08-27,1.451924951795247e-11
1996-08-28,1.451924951795247e-11
1996-08-29,1.451924951795247e-11
1996-08-30,1.4853883748000563e-11
1996-09-02,1.4853883748000563e-11
1996-09-03,1.4853883748000563e-11
1996-09-04,1.4853883748000563e-11
1996-09-05,1.4853883748000563e-11
1996-09-06,1.4853883748000563e-11
1996-09-09,1.4853883748000563e-11
1996-09-10,1.4853883748000563e-11
1996-09-11,1.4853883748000563e-11
1996-09-12,1.4853883748000563e-11
1996-09-13,1.4853883748000563e-11
1996-09-16,1.4853883748000563e-11
1996-09-17,1.4853883748000563e-11
1996-09-18,1.4853883748000563e-11
1996-09-19,1.4853883748000563e-11
1996-09-20,1.4853883748000563e-11
1996-09-23,1.4853883748000563e-11
1996-09-24,1.4853883748000563e-11
1996-09-25,1.4853883748000563e-11
1996-09-26,1.4853883748000563e-11
1996-09-27,1.4853883748000563e-11
1996-09-30,1.6063844698877006e-11
1996-10-01,1.6063844698877006e-11
1996-10-02,1.6063844698877006e-11
1996-10-03,2.122832812312403e-11
1996-10-04,2.122832812312403e-11
1996-10-07,2.122832812312403e-11
1996-10-08,2.122832812312403e-11
1996-10-09,2.122832812312403e-11
1996-10-10,2.122832812312403e-11
1996-10-11,2.122832812312403e-11
1996-10-14,2.122832812312403e-11
1996-10-15,2.122832812312403e-11
1996-10-16,2.122832812312403e-11
1996-10-17,2.122832812312403e-11
1996-10-18,2.122832812312403e-11
1996-10-21,2.122832812312403e-11
1996-10-22,2.122832812312403e-11
1996-10-23,2.122832812312403e-11
1996-10-24,2.122832812312403e-11
1996-10-25,2.122832812312403e-11
1996-10-28,2.122832812312403e-11
1996-10-29,2.122832812312403e-11
1996-10-30,2.122832812312403e-11
1996-10-31,2.0241724962843932e-11
1996-11-01,2.0241724962843932e-11
1996-11-04,2.0241724962843932e-11
1996-11-05,2.0241724962843932e-11
1996-11-06,2.0241724962843932e-11
1996-11-07,2.0241724962843932e-11
1996-11-08,2.0241724962843932e-11
1996-11-11,2.0241724962843932e-11
1996-11-12,2.0241724962843932e-11
1996-11-13,2.0241724962843932e-11
1996-11-14,2.0241724962843932e-11
1996-11-15,2.0241724962843932e-11
1996-11-18,2.0241724962843932e-11
1996-11-19,2.0241724962843932e-11
1996-11-20,2.0241724962843932e-11
1996-11-21,2.0241724962843932e-11
1996-11-22,2.0241724962843932e-11
1996-11-25,2.0241724962843932e-11
1996-11-26,2.0241724962843932e-11
1996-11-27,2.0241724962843932e-11
1996-11-28,2.0241724962843932e-11
1996-11-29,1.9255187722055922e-11
1996-12-02,1.9255187722055922e-11
1996-12-03,1.9255187722055922e-11
1996-12-04,1.9255187722055922e-11
1996-12-05,1.9255187722055922e-11
1996-12-06,1.9255187722055922e-11
1996-12-09,1.9255187722055922e-11
1996-12-10,1.9255187722055922e-11
1996-12-11,1.9255187722055922e-11
1996-12-12,1.9255187722055922e-11
1996-12-13,1.9255187722055922e-11
1996-12-16,1.9255187722055922e-11
1996-12-17,1.9255187722055922e-11
1996-12-18,1.9255187722055922e-11
1996-12-19,1.9255187722055922e-11
1996-12-20,1.9255187722055922e-11
1996-12-23,1.9255187722055922e-11
1996-12-24,1.9255187722055922e-11
1996-12-25,1.9255187722055922e-11
1996-12-26,1.9255187722055922e-11
1996-12-27,1.9255187722055922e-11
1996-12-30,1.9255187722055922e-11
1996-12-31,2.0411831946898218e-11
1997-01-01,2.0411831946898218e-11
1997-01-02,2.0411831946898218e-11
1997-01-03,2.0411831946898218e-11
1997-01-06,2.0411831946898218e-11
1997-01-07,2.0411831946898218e-11
1997-01-08,2.0411831946898218e-11
1997-01-09,2.0411831946898218e-11
1997-01-10,2.0411831946898218e-11
1997-01-13,2.0411831946898218e-11
1997-01-14,2.0411831946898218e-11
1997-01-15,2.0411831946898218e-11
1997-01-16,2.0411831946898218e-11
1997-01-17,2.0411831946898218e-11
1997-01-20,2.0411831946898218e-11
1997-01-21,2.0411831946898218e-11
1997-01-22,2.0411831946898218e-11
1997-01-23,2.0411831946898218e-11
1997-01-24,2.0411831946898218e-11
1997-01-27,2.0411831946898218e-11
1997-01-28,2.0411831946898218e-11
1997-01-29,2.0411831946898218e-11
1997-01-30,2.0411831946898218e-11
1997-01-31,1.9595339240119358e-11
1997-02-03,1.9595339240119358e-11
1997-02-04,1.9595339240119358e-11
1997-02-05,1.9595339240119358e-11
1997-02-06,1.9595339240119358e-11
1997-02-07,1.9595339240119358e-11
1997-02-10,1.9595339240119358e-11
1997-02-11,1.9595339240119358e-11
1997-02-12,1.9595339240119358e-11
1997-02-13,1.9595339240119358e-11
1997-02-14,1.9595339240119358e-11
1997-02-17,1.9595339240119358e-11
1997-02-18,1.9595339240119358e-11
1997-02-19,1.9595339240119358e-11
1997-02-20,1.9595339240119358e-11
1997-02-21,1.9595339240119358e-11
1997-02-24,1.9595339240119358e-11
1997-02-25,1.9595339240119358e-11
1997-02-26,1.9595339240119358e-11
1997-02-27,1.9595339240119358e-11
1997-02-28,2.0105646314494408e-11
1997-03-03,2.0105646314494408e-11
1997-03-04,2.0105646314494408e-11
1997-03-05,2.0105646314494408e-11
1997-03-06,2.0105646314494408e-11
1997-03-07,2.0105646314494408e-11
1997-03-10,2.0105646314494408e-11
1997-03-11,2.0105646314494408e-11
1997-03-12,2.0105646314494408e-11
1997-03-13,2.0105646314494408e-11
1997-03-14,2.8023869683146962e-11
1997-03-17,2.8023869683146962e-11
1997-03-18,2.8023869683146962e-11
1997-03-19,2.8023869683146962e-11
1997-03-20,2.8023869683146962e-11
1997-03-21,2.8023869683146962e-11
1997-03-24,2.8023869683146962e-11
1997-03-25,2.8023869683146962e-11
1997-03-26,2.8023869683146962e-11
1997-03-27,2.7644518618696878e-11
1997-03-28,2.7644518618696878e-11
1997-03-31,2.7644518618696878e-11
1997-04-01,2.7644518618696878e-11
1997-04-02,2.7644518618696878e-11
1997-04-03,2.7644518618696878e-11
1997-04-04,2.7644518618696878e-11
1997-04-07,2.7644518618696878e-11
1997-04-08,2.7644518618696878e-11
1997-04-09,2.7644518618696878e-11
1997-04-10,2.7644518618696878e-11
1997-04-11,2.7644518618696878e-11
1997-04-14,2.7644518618696878e-11
1997-04-15,2.7644518618696878e-11
1997-04-16,2.7644518618696878e-11
1997-04-17,2.7644518618696878e-11
1997-04-18,2.7644518618696878e-11
1997-04-21,2.7644518618696878e-11
1997-04-22,2.7644518618696878e-11
1997-04-23,2.7644518618696878e-11
1997-04-24,2.7644518618696878e-11
1997-04-25,2.7644518618696878e-11
1997-04-28,2.7644518618696878e-11
1997-04-29,2.7644518618696878e-11
1997-04-30,3.003910314935965e-11
1997-05-01,3.003910314935965e-11
1997-05-02,3.003910314935965e-11
1997-05-05,3.003910314935965e-11
1997-05-06,3.003910314935965e-11
1997-05-07,3.003910314935965e-11
1997-05-08,3.003910314935965e-11
1997-05-09,3.003910314935965e-11
1997-05-12,3.003910314935965e-11
1997-05-13,3.003910314935965e-11
1997-05-14,3.003910314935965e-11
1997-05-15,3.003910314935965e-11
1997-05-16,3.003910314935965e-11
1997-05-19,3.003910314935965e-11
1997-05-20,3.003910314935965e-11
1997-05-21,3.003910314935965e-11
1997-05-22,3.003910314935965e-11
1997-05-23,3.003910314935965e-11
1997-05-26,3.003910314935965e-11
1997-05-27,3.003910314935965e-11
1997-05-28,3.003910314935965e-11
1997-05-29,3.003910314935965e-11
1997-05-30,3.0774095077790165e-11
1997-06-02,3.0774095077790165e-11
1997-06-03,3.0774095077790165e-11
1997-06-04,3.0774095077790165e-11
1997-06-05,3.0774095077790165e-11
1997-06-06,3.0774095077790165e-11
1997-06-09,3.0774095077790165e-11
1997-06-10,3.0774095077790165e-11
1997-06-11,3.0774095077790165e-11
1997-06-12,3.0774095077790165e-11
1997-06-13,3.0774095077790165e-11
1997-06-16,3.0774095077790165e-11
1997-06-17,3.0774095077790165e-11
1997-06-18,3.0774095077790165e-11
1997-06-19,3.0774095077790165e-11
1997-06-20,3.0774095077790165e-11
1997-06-23,3.0774095077790165e-11
1997-06-24,3.0774095077790165e-11
1997-06-25,3.0774095077790165e-11
1997-06-26,3.0774095077790165e-11
1997-06-27,3.0774095077790165e-11
1997-06-30,3.4140763133239105e-11
1997-07-01,3.4140763133239105e-11
1997-07-02,3.4140763133239105e-11
1997-07-03,3.4140763133239105e-11
1997-07-04,3.4140763133239105e-11
1997-07-07,3.4140763133239105e-11
1997-07-08,3.4140763133239105e-11
1997-07-09,3.4140763133239105e-11
1997-07-10,3.4140763133239105e-11
1997-07-11,3.4140763133239105e-11
1997-07-14,3.4140763133239105e-11
1997-07-15,3.4140763133239105e-11
1997-07-16,3.4140763133239105e-11
1997-07-17,3.4140763133239105e-11
1997-07-18,3.4140763133239105e-11
1997-07-21,3.4140763133239105e-11
1997-07-22,3.4140763133239105e-11
1997-07-23,3.4140763133239105e-11
1997-07-24,3.4140763133239105e-11
1997-07-25,3.4140763133239105e-11
1997-07-28,3.4140763133239105e-11
1997-07-29,3.4140763133239105e-11
1997-07-30,3.4140763133239105e-11
1997-07-31,3.200698386884859e-11
1997-08-01,3.200698386884859e-11
1997-08-04,3.200698386884859e-11
1997-08-05,3.200698386884859e-11
1997-08-06,3.200698386884859e-11
1997-08-07,3.200698386884859e-11
1997-08-08,3.200698386884859e-11
1997-08-11,3.200698386884859e-11
1997-08-12,3.200698386884859e-11
1997-08-13,3.200698386884859e-11
1997-08-14,3.200698386884859e-11
1997-08-15,4.3837954100123255e-11
1997-08-18,4.3837954100123255e-11
1997-08-19,4.3837954100123255e-11
1997-08-20,4.3837954100123255e-11
1997-08-21,4.3837954100123255e-11
1997-08-22,4.3837954100123255e-11
1997-08-25,4.3837954100123255e-11
1997-08-26,4.3837954100123255e-11
1997-08-27,4.3837954100123255e-11
1997-08-28,4.3837954100123255e-11
1997-08-29,4.4032791302051066e-11
1997-09-01,4.4032791302051066e-11
1997-09-02,4.4032791302051066e-11
1997-09-03,4.4032791302051066e-11
1997-09-04,4.4032791302051066e-11
1997-09-05,4.4032791302051066e-11
1997-09-08,6.021048243320948e-11
1997-09-09,6.021048243320948e-11
1997-09-10,6.021048243320948e-11
1997-09-11,6.021048243320948e-11
1997-09-12,6.021048243320948e-11
1997-09-15,6.021048243320948e-11
1997-09-16,6.021048243320948e-11
1997-09-17,6.021048243320948e-11
1997-09-18,6.021048243320948e-11
1997-09-19,6.021048243320948e-11
1997-09-22,6.021048243320948e-11
1997-09-23,6.021048243320948e-11
1997-09-24,6.021048243320948e-11
1997-09-25,6.021048243320948e-11
1997-09-26,6.021048243320948e-11
1997-09-29,6.021048243320948e-11
1997-09-30,6.216410025627894e-11
1997-10-01,6.216410025627894e-11
1997-10-02,6.216410025627894e-11
1997-10-03,6.216410025627894e-11
1997-10-06,6.216410025627894e-11
1997-10-07,6.216410025627894e-11
1997-10-08,6.216410025627894e-11
1997-10-09,6.216410025627894e-11
1997-10-10,6.216410025627894e-11
1997-10-13,6.216410025627894e-11
1997-10-14,6.216410025627894e-11
1997-10-15,6.216410025627894e-11
1997-10-16,6.216410025627894e-11
1997-10-17,6.216410025627894e-11
1997-10-20,6.216410025627894e-11
1997-10-21,6.216410025627894e-11
1997-10-22,6.216410025627894e-11
1997-10-23,6.216410025627894e-11
1997-10-24,6.216410025627894e-11
1997-10-27,6.216410025627894e-11
1997-10-28,6.216410025627894e-11
1997-10-29,6.216410025627894e-11
1997-10-30,6.216410025627894e-11
1997-10-31,5.790142670880627e-11
1997-11-03,5.790142670880627e-11
1997-11-04,5.790142670880627e-11
1997-11-05,5.790142670880627e-11
1997-11-06,5.790142670880627e-11
1997-11-07,5.790142670880627e-11
1997-11-10,5.790142670880627e-11
1997-11-11,5.790142670880627e-11
1997-11-12,5.790142670880627e-11
1997-11-13,5.790142670880627e-11
1997-11-14,5.790142670880627e-11
1997-11-17,5.790142670880627e-11
1997-11-18,5.790142670880627e-11
1997-11-19,5.790142670880627e-11
1997-11-20,5.790142670880627e-11
1997-11-21,5.790142670880627e-11
1997-11-24,5.790142670880627e-11
1997-11-25,5.790142670880627e-11
1997-11-26,5.790142670880627e-11
1997-11-27,5.790142670880627e-11
1997-11-28,6.038808342267998e-11
1997-12-01,6.038808342267998e-11
1997-12-02,6.038808342267998e-11
1997-12-03,6.038808342267998e-11
1997-12-04,6.038808342267998e-11
1997-12-05,6.038808342267998e-11
1997-12-08,6.038808342267998e-11
1997-12-09,6.038808342267998e-11
1997-12-10,6.038808342267998e-11
1997-12-11,6.038808342267998e-11
1997-12-12,6.038808342267998e-11
1997-12-15,6.038808342267998e-11
1997-12-16,6.038808342267998e-11
1997-12-17,6.038808342267998e-11
1997-12-18,6.038808342267998e-11
1997-12-19,6.038808342267998e-11
1997-12-22,6.038808342267998e-11
1997-12-23,6.038808342267998e-11
1997-12-24,6.038808342267998e-11
1997-12-25,6.038808342267998e-11
1997-12-26,6.038808342267998e-11
1997-12-29,6.038808342267998e-11
1997-12-30,6.038808342267998e-11
1997-12-31,6.394026280664988e-11
1998-01-01,6.394026280664988e-11
1998-01-02,6.394026280664988e-11
1998-01-05,6.394026280664988e-11
1998-01-06,6.394026280664988e-11
1998-01-07,6.394026280664988e-11
1998-01-08,6.394026280664988e-11
1998-01-09,6.394026280664988e-11
1998-01-12,6.394026280664988e-11
1998-01-13,6.394026280664988e-11
1998-01-14,6.394026280664988e-11
1998-01-15,6.394026280664988e-11
1998-01-16,6.394026280664988e-11
1998-01-19,6.394026280664988e-11
1998-01-20,6.394026280664988e-11
1998-01-21,6.394026280664988e-11
1998-01-22,6.394026280664988e-11
1998-01-23,6.394026280664988e-11
1998-01-26,6.394026280664988e-11
1998-01-27,6.394026280664988e-11
1998-01-28,6.394026280664988e-11
1998-01-29,6.394026280664988e-11
1998-01-30,6.571643229591473e-11
1998-02-02,6.571643229591473e-11
1998-02-03,6.571643229591473e-11
1998-02-04,6.571643229591473e-11
1998-02-05,6.571643229591473e-11
1998-02-06,6.571643229591473e-11
1998-02-09,6.571643229591473e-11
1998-02-10,6.571643229591473e-11
1998-02-11,6.571643229591473e-11
1998-02-12,6.571643229591473e-11
1998-02-13,6.571643229591473e-11
1998-02-16,6.571643229591473e-11
1998-02-17,6.571643229591473e-11
1998-02-18,6.571643229591473e-11
1998-02-19,6.571643229591473e-11
1998-02-20,6.571643229591473e-11
1998-02-23,6.571643229591473e-11
1998-02-24,6.571643229591473e-11
1998-02-25,6.571643229591473e-11
1998-02-26,6.571643229591473e-11
1998-02-27,6.937523472361207e-11
1998-03-02,6.937523472361207e-11
1998-03-03,6.937523472361207e-11
1998-03-04,6.937523472361207e-11
1998-03-05,6.937523472361207e-11
1998-03-06,6.937523472361207e-11
1998-03-09,6.937523472361207e-11
1998-03-10,6.937523472361207e-11
1998-03-11,9.282518503850312e-11
1998-03-12,9.282518503850312e-11
1998-03-13,9.282518503850312e-11
1998-03-16,9.282518503850312e-11
1998-03-17,9.282518503850312e-11
1998-03-18,9.282518503850312e-11
1998-03-19,9.282518503850312e-11
1998-03-20,9.282518503850312e-11
1998-03-23,9.282518503850312e-11
1998-03-24,9.282518503850312e-11
1998-03-25,9.282518503850312e-11
1998-03-26,9.282518503850312e-11
1998-03-27,9.282518503850312e-11
1998-03-30,9.282518503850312e-11
1998-03-31,9.631857811331912e-11
1998-04-01,9.631857811331912e-11
1998-04-02,9.631857811331912e-11
1998-04-03,9.631857811331912e-11
1998-04-06,9.631857811331912e-11
1998-04-07,9.631857811331912e-11
1998-04-08,9.631857811331912e-11
1998-04-09,9.631857811331912e-11
1998-04-10,9.631857811331912e-11
1998-04-13,9.631857811331912e-11
1998-04-14,9.631857811331912e-11
1998-04-15,9.631857811331912e-11
1998-04-16,9.631857811331912e-11
1998-04-17,9.631857811331912e-11
1998-04-20,9.631857811331912e-11
1998-04-21,9.631857811331912e-11
1998-04-22,9.631857811331912e-11
1998-04-23,9.631857811331912e-11
1998-04-24,9.631857811331912e-11
1998-04-27,9.631857811331912e-11
1998-04-28,9.631857811331912e-11
1998-04-29,9.631857811331912e-11
1998-04-30,9.862372030156052e-11
1998-05-01,9.862372030156052e-11
1998-05-04,9.862372030156052e-11
1998-05-05,9.862372030156052e-11
1998-05-06,9.862372030156052e-11
1998-05-07,9.862372030156052e-11
1998-05-08,9.862372030156052e-11
1998-05-11,9.862372030156052e-11
1998-05-12,9.862372030156052e-11
1998-05-13,9.862372030156052e-11
1998-05-14,9.862372030156052e-11
1998-05-15,9.862372030156052e-11
1998-05-18,9.862372030156052e-11
1998-05-19,9.862372030156052e-11
1998-05-20,9.862372030156052e-11
1998-05-21,9.862372030156052e-11
1998-05-22,9.862372030156052e-11
1998-05-25,9.862372030156052e-11
1998-05-26,9.862372030156052e-11
1998-05-27,9.862372030156052e-11
1998-05-28,9.862372030156052e-11
1998-05-29,1.0634726432812158e-10
1998-06-01,1.0634726432812158e-10
1998-06-02,1.0634726432812158e-10
1998-06-03,1.0634726432812158e-10
1998-06-04,1.0634726432812158e-10
1998-06-05,1.0634726432812158e-10
1998-06-08,1.0634726432812158e-10
1998-06-09,1.0634726432812158e-10
1998-06-10,1.0634726432812158e-10
1998-06-11,1.0634726432812158e-10
1998-06-12,1.0634726432812158e-10
1998-06-15,1.0634726432812158e-10
1998-06-16,1.0634726432812158e-10
1998-06-17,1.0634726432812158e-10
1998-06-18,1.0634726432812158e-10
1998-06-19,1.0634726432812158e-10
1998-06-22,1.0634726432812158e-10
1998-06-23,1.0634726432812158e-10
1998-06-24,1.0634726432812158e-10
1998-06-25,1.0634726432812158e-10
1998-06-26,1.0634726432812158e-10
1998-06-29,1.0634726432812158e-10
1998-06-30,9.74355943150762e-11
1998-07-01,9.74355943150762e-11
1998-07-02,9.74355943150762e-11
1998-07-03,9.74355943150762e-11
1998-07-06,9.74355943150762e-11
1998-07-07,9.74355943150762e-11
1998-07-08,9.74355943150762e-11
1998-07-09,9.74355943150762e-11
1998-07-10,9.74355943150762e-11
1998-07-13,9.74355943150762e-11
1998-07-14,9.74355943150762e-11
1998-07-15,9.74355943150762e-11
1998-07-16,9.74355943150762e-11
1998-07-17,9.74355943150762e-11
1998-07-20,9.74355943150762e-11
1998-07-21,9.74355943150762e-11
1998-07-22,9.74355943150762e-11
1998-07-23,9.74355943150762e-11
1998-07-24,9.74355943150762e-11
1998-07-27,9.74355943150762e-11
1998-07-28,9.74355943150762e-11
1998-07-29,9.74355943150762e-11
1998-07-30,9.74355943150762e-11
1998-07-31,1.0812964412743042e-10
1998-08-03,1.0812964412743042e-10
1998-08-04,1.0812964412743042e-10
1998-08-05,1.0812964412743042e-10
1998-08-06,1.0812964412743042e-10
1998-08-07,1.0812964412743042e-10
1998-08-10,1.0812964412743042e-10
1998-08-11,1.0812964412743042e-10
1998-08-12,1.0812964412743042e-10
1998-08-13,1.0812964412743042e-10
1998-08-14,1.3243130203566267e-10
1998-08-17,1.3243130203566267e-10
1998-08-18,1.3243130203566267e-10
1998-08-19,1.3243130203566267e-10
1998-08-20,1.3243130203566267e-10
1998-08-21,1.3243130203566267e-10
1998-08-24,1.3243130203566267e-10
1998-08-25,1.3243130203566267e-10
1998-08-26,1.3243130203566267e-10
1998-08-27,1.3243130203566267e-10
1998-08-28,1.3243130203566267e-10
1998-08-31,1.2981175856463523e-10
1998-09-01,1.2981175856463523e-10
1998-09-02,1.2981175856463523e-10
1998-09-03,1.2981175856463523e-10
1998-09-04,1.2981175856463523e-10
1998-09-07,1.7041559829955588e-10
1998-09-08,1.7041559829955588e-10
1998-09-09,1.7041559829955588e-10
1998-09-10,1.7041559829955588e-10
1998-09-11,1.7041559829955588e-10
1998-09-14,1.7041559829955588e-10
1998-09-15,1.7041559829955588e-10
1998-09-16,1.7041559829955588e-10
1998-09-17,1.7041559829955588e-10
1998-09-18,1.7041559829955588e-10
1998-09-21,1.7041559829955588e-10
1998-09-22,1.7041559829955588e-10
1998-09-23,1.7041559829955588e-10
1998-09-24,1.7041559829955588e-10
1998-09-25,1.7041559829955588e-10
1998-09-28,1.7041559829955588e-10
1998-09-29,1.7041559829955588e-10
1998-09-30,1.8722796923942298e-10
1998-10-01,1.8722796923942298e-10
1998-10-02,1.8722796923942298e-10
1998-10-05,1.8722796923942298e-10
1998-10-06,1.8722796923942298e-10
1998-10-07,1.8722796923942298e-10
1998-10-08,1.8722796923942298e-10
1998-10-09,1.8722796923942298e-10
1998-10-12,1.8722796923942298e-10
1998-10-13,1.8722796923942298e-10
1998-10-14,1.8722796923942298e-10
1998-10-15,1.8722796923942298e-10
1998-10-16,1.8722796923942298e-10
1998-10-19,1.8722796923942298e-10
1998-10-20,1.8722796923942298e-10
1998-10-21,1.8722796923942298e-10
1998-10-22,1.8722796923942298e-10
1998-10-23,1.8722796923942298e-10
1998-10-26,1.8722796923942298e-10
1998-10-27,1.8722796923942298e-10
1998-10-28,1.8722796923942298e-10
1998-10-29,1.8722796923942298e-10
1998-10-30,2.0327617367144057e-10
1998-11-02,2.0327617367144057e-10
1998-11-03,2.0327617367144057e-10
1998-11-04,2.0327617367144057e-10
1998-11-05,2.0327617367144057e-10
1998-11-06,2.0327617367144057e-10
1998-11-09,2.0327617367144057e-10
1998-11-10,2.0327617367144057e-10
1998-11-11,2.0327617367144057e-10
1998-11-12,2.0327617367144057e-10
1998-11-13,2.0327617367144057e-10
1998-11-16,2.0327617367144057e-10
1998-11-17,2.0327617367144057e-10
1998-11-18,2.0327617367144057e-10
1998-11-19,2.0327617367144057e-10
1998-11-20,2.0327617367144057e-10
1998-11-23,2.0327617367144057e-10
1998-11-24,2.0327617367144057e-10
1998-11-25,2.0327617367144057e-10
1998-11-26,2.0327617367144057e-10
1998-11-27,2.0327617367144057e-10
1998-11-30,2.041359442594981e-10
1998-12-01,2.041359442594981e-10
1998-12-02,2.041359442594981e-10
1998-12-03,2.041359442594981e-10
1998-12-04,2.041359442594981e-10
1998-12-07,2.041359442594981e-10
1998-12-08,2.041359442594981e-10
1998-12-09,2.041359442594981e-10
1998-12-10,2.041359442594981e-10
1998-12-11,2.041359442594981e-10
1998-12-14,2.041359442594981e-10
1998-12-15,2.041359442594981e-10
1998-12-16,2.041359442594981e-10
1998-12-17,2.041359442594981e-10
1998-12-18,2.041359442594981e-10
1998-12-21,2.041359442594981e-10
1998-12-22,2.041359442594981e-10
1998-12-23,2.041359442594981e-10
1998-12-24,2.041359442594981e-10
1998-12-25,2.041359442594981e-10
1998-12-28,2.041359442594981e-10
1998-12-29,2.041359442594981e-10
1998-12-30,2.041359442594981e-10
1998-12-31,1.910490793344266e-10
1999-01-04,1.9353246782927158e-10
1999-01-05,1.9563398123700892e-10
1999-01-06,1.9448770371965907e-10
1999-01-07,1.9678038365444905e-10
1999-01-08,1.9869089706858745e-10
1999-01-11,1.9697141140362362e-10
1999-01-12,1.948697592180082e-10
1999-01-13,1.9372348170065834e-10
1999-01-14,1.9563398123700892e-10
1999-01-15,1.956912826228674e-10
1999-01-18,1.960160922465093e-10
1999-01-19,1.9754456404008636e-10
1999-01-20,2.015184130677028e-10
1999-01-21,2.052819442210918e-10
1999-01-22,2.1493015700535523e-10
1999-01-25,2.216167527269164e-10
1999-01-26,2.216167527269164e-10
1999-01-27,2.170317398020316e-10
1999-01-28,2.139748517260287e-10
1999-01-29,2.1607650391164412e-10
1999-02-01,2.1684072593064485e-10
1999-02-02,2.1594262489266214e-10
1999-02-03,2.2142564171101498e-10
1999-02-04,2.1875094791123928e-10
1999-02-05,2.1263750482614086e-10
1999-02-08,2.1301969910236807e-10
1999-02-09,2.120643105563147e-10
1999-02-10,2.1321069909596702e-10
1999-02-11,2.151211986323176e-10
1999-02-12,2.139748517260287e-10
1999-02-15,2.120643105563147e-10
1999-02-16,2.1168224118017775e-10
1999-02-17,2.1569436514656815e-10
1999-02-18,2.114912550643666e-10
1999-02-19,2.1544577233356677e-10
1999-02-22,2.091985196184254e-10
1999-02-23,2.0849162674085875e-10
1999-02-24,2.175091079470448e-10
1999-02-25,2.1779567038748837e-10
1999-02-26,2.1588544840689394e-10
1999-03-01,2.1875094791123928e-10
1999-03-02,2.2238097474591711e-10
1999-03-03,2.235272938966304e-10
1999-03-04,2.2238097474591711e-10
1999-03-05,2.7532526258866596e-10
1999-03-08,2.8247454375573966e-10
1999-03-09,2.805032039976396e-10
1999-03-10,2.826407996536773e-10
1999-03-11,2.897659334699654e-10
1999-03-12,2.826407996536773e-10
1999-03-15,2.8406593743923736e-10
1999-03-16,2.778904328870624e-10
1999-03-17,2.7670282731762086e-10
1999-03-18,2.7314001060929627e-10
1999-03-19,2.717149005793118e-10
1999-03-22,2.778904328870624e-10
1999-03-23,2.7724905704573644e-10
1999-03-24,2.8026561627036983e-10
1999-03-25,2.777004182163978e-10
1999-03-26,2.790779829453527e-10
1999-03-29,2.7784280431930597e-10
1999-03-30,2.790779829453527e-10
1999-03-31,2.8501564997007733e-10
1999-04-01,2.890534478439122e-10
1999-04-02,2.890534478439122e-10
1999-04-05,2.890534478439122e-10
1999-04-06,2.992667780254976e-10
1999-04-07,2.921412556311509e-10
1999-04-08,2.9332886120059243e-10
1999-04-09,2.921412556311509e-10
1999-04-12,2.8501564997007733e-10
1999-04-13,2.847785063320174e-10
1999-04-14,2.8739075008665793e-10
1999-04-15,2.8767585535938167e-10
1999-04-16,2.945163835033071e-10
1999-04-19,3.0876717849182e-10
1999-04-20,3.1589236781925933e-10
1999-04-21,3.0639196735293694e-10
1999-04-22,3.0330438161030315e-10
1999-04-23,2.9807914470048047e-10
1999-04-26,2.939461174467084e-10
1999-04-27,3.0401672845847827e-10
1999-04-28,3.016415450751708e-10
1999-04-29,2.928537690127797e-10
1999-04-30,2.919036679038811e-10
1999-05-03,2.826407996536773e-10
1999-05-04,2.8501564997007733e-10
1999-05-05,2.833533130353061e-10
1999-05-06,2.7314001060929627e-10
1999-05-07,2.5960181226913903e-10
1999-05-10,2.626895645452265e-10
1999-05-11,2.664899412252453e-10
1999-05-12,2.6501723038308e-10
1999-05-13,2.6245200457353235e-10
1999-05-14,2.6278462739171005e-10
1999-05-17,2.5475660470064554e-10
1999-05-18,2.5565913275293894e-10
1999-05-19,2.465622706004922e-10
1999-05-20,2.4701368728230477e-10
1999-05-21,2.58889243376359e-10
1999-05-24,2.5651405999305155e-10
1999-05-25,2.5508886669634023e-10
1999-05-26,2.5960181226913903e-10
1999-05-27,2.5651405999305155e-10
1999-05-28,2.531890808121773e-10
1999-05-31,2.5413912640992464e-10
1999-06-01,2.5865171116024044e-10
1999-06-02,2.662524090091267e-10
1999-06-03,2.7361507504153337e-10
1999-06-04,2.6482727122356664e-10
1999-06-07,2.660147935262813e-10
1999-06-08,2.688650690974015e-10
1999-06-09,2.6838997690958877e-10
1999-06-10,2.660147935262813e-10
1999-06-11,2.553264266680344e-10
1999-06-14,2.553264266680344e-10
1999-06-15,2.600768211902249e-10
1999-06-16,2.609081284354886e-10
1999-06-17,2.5815305448873005e-10
1999-06-18,2.6214336257268656e-10
1999-06-21,2.640434815237569e-10
1999-06-22,2.6482727122356664e-10
1999-06-23,2.58889243376359e-10
1999-06-24,2.512889341055313e-10
1999-06-25,2.4060059500286e-10
1999-06-28,2.4226326500453865e-10
1999-06-29,2.410756316795215e-10
1999-06-30,2.4178822832787716e-10
1999-07-01,2.464434489812817e-10
1999-07-02,2.467526460936398e-10
1999-07-05,2.5651405999305155e-10
1999-07-06,2.6872240543873716e-10
1999-07-07,2.5960181226913903e-10
1999-07-08,2.612643990040908e-10
1999-07-09,2.5651405999305155e-10
1999-07-12,2.58889243376359e-10
1999-07-13,2.5556393112857734e-10
1999-07-14,2.5390170521610855e-10
1999-07-15,2.605994586790672e-10
1999-07-16,2.577016933180687e-10
1999-07-19,2.577016933180687e-10
1999-07-20,2.5841409567739504e-10
1999-07-21,2.53260301619207e-10
1999-07-22,2.5437676964834566e-10
1999-07-23,2.557778711054226e-10
1999-07-26,2.512889341055313e-10
1999-07-27,2.4820120958501946e-10
1999-07-28,2.4796378839120337e-10
1999-07-29,2.492460959846454e-10
1999-07-30,2.49388815154461e-10
1999-08-02,2.4463850389899733e-10
1999-08-03,2.439257962283392e-10
1999-08-04,2.439257962283392e-10
1999-08-05,2.4454369085269434e-10
1999-08-06,2.4178822832787716e-10
1999-08-09,2.4060059500286e-10
1999-08-10,2.384632769025785e-10
1999-08-11,2.3720422848150235e-10
1999-08-12,2.3960333717099047e-10
1999-08-13,2.3751325906040677e-10
1999-08-16,2.4748869620339065e-10
1999-08-17,2.4620597227631436e-10
1999-08-18,2.517641095600709e-10
1999-08-19,2.5651405999305155e-10
1999-08-20,2.612643990040908e-10
1999-08-23,2.664899412252453e-10
1999-08-24,2.7551511072587687e-10
1999-08-25,2.7314001060929627e-10
1999-08-26,2.672024823624497e-10
1999-08-27,2.660147935262813e-10
1999-08-30,2.6078939008300495e-10
1999-08-31,2.5413912640992464e-10
1999-09-01,2.58889243376359e-10
1999-09-02,2.6553978460519545e-10
1999-09-03,2.612643990040908e-10
1999-09-06,3.885249622026521e-10
1999-09-07,3.8710432082034174e-10
1999-09-08,3.9775890914306444e-10
1999-09-09,3.922188684946093e-10
1999-09-10,3.906559242761176e-10
1999-09-13,3.906559242761176e-10
1999-09-14,3.942073334428642e-10
1999-09-15,3.92751442479522e-10
1999-09-16,3.8973282934229303e-10
1999-09-17,3.888801780593809e-10
1999-09-20,3.782261170925949e-10
1999-09-21,3.7218864101795646e-10
1999-09-22,3.719757557529846e-10
1999-09-23,3.7325403878796237e-10
1999-09-24,3.6970254635448896e-10
1999-09-27,3.746746801702727e-10
1999-09-28,3.7257893992226343e-10
1999-09-29,3.674299753342325e-10
1999-09-30,3.6934735825333576e-10
1999-10-01,3.727213537807472e-10
1999-10-04,3.6402011960312564e-10
1999-10-05,3.675716675477503e-10
1999-10-06,3.60468571658501e-10
1999-10-07,3.6274183656814785e-10
1999-10-08,3.6224442889754016e-10
1999-10-11,3.6224442889754016e-10
1999-10-12,3.675716675477503e-10
1999-10-13,3.636650702798505e-10
1999-10-14,3.660799441362883e-10
1999-10-15,3.574147089402402e-10
1999-10-18,3.480389587640076e-10
1999-10-19,3.430667971926482e-10
1999-10-20,3.498147049807443e-10
1999-10-21,3.5691774535884235e-10
1999-10-22,3.584447183513362e-10
1999-10-25,3.6153402493965814e-10
1999-10-26,3.5336608639191525e-10
1999-10-27,3.508800749951746e-10
1999-10-28,3.462632125472709e-10
1999-10-29,3.530110093130645e-10
1999-11-01,3.5375677387428084e-10
1999-11-02,3.5265587672306253e-10
1999-11-03,3.707679996356461e-10
1999-11-04,3.8710432082034174e-10
1999-11-05,3.8213229802686044e-10
1999-11-08,3.728988784423848e-10
1999-11-09,3.7982433864769405e-10
1999-11-10,3.781191748597479e-10
1999-11-11,3.782261170925949e-10
1999-11-12,3.797532566185424e-10
1999-11-15,3.8579014982609294e-10
1999-11-16,3.796468139860565e-10
1999-11-17,3.821682414972827e-10
1999-11-18,3.860388952947602e-10
1999-11-19,3.903007084193888e-10
1999-11-22,3.963383232719053e-10
1999-11-23,3.8781455824477007e-10
1999-11-24,3.888801780593809e-10
1999-11-25,3.862876685190031e-10
1999-11-26,3.8710432082034174e-10
1999-11-29,3.835528006312927e-10
1999-11-30,3.813515059292172e-10
1999-12-01,3.835528006312927e-10
1999-12-02,3.942073334428642e-10
1999-12-03,3.828425632068644e-10
1999-12-06,3.835528006312927e-10
1999-12-07,3.728988784423848e-10
1999-12-08,3.6934735825333576e-10
1999-12-09,3.6732300534580986e-10
1999-12-10,3.6153402493965814e-10
1999-12-13,3.6210268117287114e-10
1999-12-14,3.585864383204296e-10
1999-12-15,3.5869343606442783e-10
1999-12-16,3.551419436309544e-10
1999-12-17,3.5336608639191525e-10
1999-12-20,3.4910424551171104e-10
1999-12-21,3.5336608639191525e-10
1999-12-22,3.590480412984931e-10
1999-12-23,3.5869343606442783e-10
1999-12-24,3.6579589357543796e-10
1999-12-27,3.6579589357543796e-10
1999-12-28,3.6579589357543796e-10
1999-12-29,3.6245789702959996e-10
1999-12-30,3.662933567571969e-10
1999-12-31,3.662933567571969e-10
2000-01-03,3.662933567571969e-10
2000-01-04,3.5691774535884235e-10
2000-01-05,3.5265587672306253e-10
2000-01-06,3.4910424551171104e-10
2000-01-07,3.4874925169958715e-10
2000-01-10,3.509512958022043e-10
2000-01-11,3.416461835659135e-10
2000-01-12,3.4200131615591545e-10
2000-01-13,3.4129093995360904e-10
2000-01-14,3.3940883437111324e-10
2000-01-17,3.377395862980137e-10
2000-01-18,3.356092070916361e-10
2000-01-19,3.3205765914701146e-10
2000-01-20,3.336559084576862e-10
2000-01-21,3.309921503547031e-10
2000-01-24,3.2495470203564025e-10
2000-01-25,3.2047989262373733e-10
2000-01-26,3.2047989262373733e-10
2000-01-27,3.1465530181407075e-10
2000-01-28,3.1430008595734193e-10
2000-01-31,3.0243840765109553e-10
2000-02-01,3.189170316719725e-10
2000-02-02,3.3887603834159563e-10
2000-02-03,3.356092070916361e-10
2000-02-04,3.258777414583136e-10
2000-02-07,3.2850619446911367e-10
2000-02-08,3.2673042049680134e-10
2000-02-09,3.1607588768522987e-10
2000-02-10,3.1714142423311387e-10
2000-02-11,3.178516616575422e-10
2000-02-14,3.1252492260769316e-10
2000-02-15,3.065585008066307e-10
2000-02-16,3.0897343017421974e-10
2000-02-17,3.0755287205863624e-10
2000-02-18,3.0187036204054607e-10
2000-02-21,3.060260100884449e-10
2000-02-22,3.0897343017421974e-10
2000-02-23,3.196273801187033e-10
2000-02-24,3.373843981968605e-10
2000-02-25,3.4590796893496645e-10
2000-02-28,3.462632125472709e-10
2000-02-29,3.444873553082317e-10
2000-03-01,3.60468571658501e-10
2000-03-02,3.60468571658501e-10
2000-03-03,3.60468571658501e-10
2000-03-06,5.332523311807336e-10
2000-03-07,5.111099876664582e-10
2000-03-08,5.045594497765649e-10
2000-03-09,5.059130336881879e-10
2000-03-10,4.953557564135735e-10
2000-03-13,4.931902664040422e-10
2000-03-14,4.926488661460837e-10
2000-03-15,4.926488661460837e-10
2000-03-16,5.061835395281378e-10
2000-03-17,5.170104899754335e-10
2000-03-20,5.343347986297431e-10
2000-03-21,5.123549917662729e-10
2000-03-22,5.190139429345209e-10
2000-03-23,5.219376042475687e-10
2000-03-24,5.344971132359433e-10
2000-03-27,5.39207345440218e-10
2000-03-28,5.220999743649202e-10
2000-03-29,5.164691452286263e-10
2000-03-30,5.023939042558823e-10
2000-03-31,5.007697589931581e-10
2000-04-03,5.161445160162259e-10
2000-04-04,5.118133139525582e-10
2000-04-05,5.25131160777903e-10
2000-04-06,5.278381065565441e-10
2000-04-07,5.197172692206209e-10
2000-04-10,5.126793434229171e-10
2000-04-11,5.099732303115445e-10
2000-04-12,5.016356774412145e-10
2000-04-13,5.012564252560026e-10
2000-04-14,5.148449444547509e-10
2000-04-17,5.088903187733251e-10
2000-04-18,5.137620329165316e-10
2000-04-19,5.224242705104132e-10
2000-04-20,5.143038217525486e-10
2000-04-21,5.143038217525486e-10
2000-04-24,5.143038217525486e-10
2000-04-25,5.143038217525486e-10
2000-04-26,5.163615091063889e-10
2000-04-27,5.007697589931581e-10
2000-04-28,4.962216748616299e-10
2000-05-01,4.926488661460837e-10
2000-05-02,4.904832096030987e-10
2000-05-03,5.028805150075755e-10
2000-05-04,4.994701874316831e-10
2000-05-05,5.143038217525486e-10
2000-05-08,5.110560863386127e-10
2000-05-09,4.958972676938345e-10
2000-05-10,5.007697589931581e-10
2000-05-11,4.910248874168133e-10
2000-05-12,4.931902664040422e-10
2000-05-15,5.034765382383455e-10
2000-05-16,5.061835395281378e-10
2000-05-17,4.958972676938345e-10
2000-05-18,4.894005201094842e-10
2000-05-19,4.926488661460837e-10
2000-05-22,4.872350300999528e-10
2000-05-23,4.926488661460837e-10
2000-05-24,4.866935743308431e-10
2000-05-25,5.078077403020131e-10
2000-05-26,4.953557564135735e-10
2000-05-29,4.94002283524253e-10
2000-05-30,4.953557564135735e-10
2000-05-31,5.034765382383455e-10
2000-06-01,5.088903187733251e-10
2000-06-02,4.991453916858291e-10
2000-06-05,4.953557564135735e-10
2000-06-06,5.047754991771569e-10
2000-06-07,4.953557564135735e-10
2000-06-08,4.872350300999528e-10
2000-06-09,4.780322804265325e-10
2000-06-12,4.780322804265325e-10
2000-06-13,4.737014114297722e-10
2000-06-14,4.6558026878251724e-10
2000-06-15,4.565391675814823e-10
2000-06-16,4.818213050761244e-10
2000-06-19,4.872350300999528e-10
2000-06-20,4.791141927640297e-10
2000-06-21,4.791141927640297e-10
2000-06-22,4.785728480172224e-10
2000-06-23,4.80738393537905e-10
2000-06-26,4.780322804265325e-10
2000-06-27,4.845282508547655e-10
2000-06-28,4.877227510746707e-10
2000-06-29,5.072662845329035e-10
2000-06-30,5.197172692206209e-10
2000-07-03,5.034765382383455e-10
2000-07-04,5.121388313433783e-10
2000-07-05,5.143038217525486e-10
2000-07-06,5.121388313433783e-10
2000-07-07,5.126256641396765e-10
2000-07-10,5.143038217525486e-10
2000-07-11,5.007697589931581e-10
2000-07-12,5.049923812450174e-10
2000-07-13,5.094857313814316e-10
2000-07-14,5.13329101448079e-10
2000-07-17,5.175516681887871e-10
2000-07-18,5.20800125247689e-10
2000-07-19,5.132206881697243e-10
2000-07-20,5.067250508083987e-10
2000-07-21,5.099732303115445e-10
2000-07-24,5.092687938024199e-10
2000-07-25,5.115974865965711e-10
2000-07-26,5.153861781792557e-10
2000-07-27,5.143038217525486e-10
2000-07-28,5.115974865965711e-10
2000-07-31,5.143038217525486e-10
2000-08-01,5.110560863386127e-10
2000-08-02,5.144665804479587e-10
2000-08-03,5.20962384342738e-10
2000-08-04,5.278381065565441e-10
2000-08-07,5.348761988877015e-10
2000-08-08,5.25131160777903e-10
2000-08-09,5.332523311807336e-10
2000-08-10,5.305451078463364e-10
2000-08-11,5.294622518192682e-10
2000-08-14,5.305451078463364e-10
2000-08-15,5.25131160777903e-10
2000-08-16,5.25131160777903e-10
2000-08-17,5.229658928129766e-10
2000-08-18,5.309780948259402e-10
2000-08-21,5.256727830804664e-10
2000-08-22,5.32710653367019e-10
2000-08-23,5.300037630995291e-10
2000-08-24,5.35958888381316e-10
2000-08-25,5.294622518192682e-10
2000-08-28,5.332523311807336e-10
2000-08-29,5.32710653367019e-10
2000-08-30,5.35958888381316e-10
2000-08-31,5.332523311807336e-10
2000-09-01,5.35958888381316e-10
2000-09-04,8.228751569028248e-10
2000-09-05,8.360667713702696e-10
2000-09-06,8.30926882855465e-10
2000-09-07,8.180771615684534e-10
2000-09-08,8.223603464863061e-10
2000-09-11,8.137943097175082e-10
2000-09-12,8.180771615684534e-10
2000-09-13,8.137943097175082e-10
2000-09-14,8.129373285648001e-10
2000-09-15,8.077986612953225e-10
2000-09-18,8.052285505044665e-10
2000-09-19,8.009454766089164e-10
2000-09-20,8.009454766089164e-10
2000-09-21,7.915224031762591e-10
2000-09-22,7.874960683551535e-10
2000-09-25,8.001739271179531e-10
2000-09-26,8.052285505044665e-10
2000-09-27,8.024008124607462e-10
2000-09-28,8.137943097175082e-10
2000-09-29,8.137943097175082e-10
2000-10-02,8.180771615684534e-10
2000-10-03,8.180771615684534e-10
2000-10-04,8.137943097175082e-10
2000-10-05,8.303269738441088e-10
2000-10-06,8.358098657623714e-10
2000-10-09,8.377800675418712e-10
2000-10-10,8.352101787956201e-10
2000-10-11,8.383800875755298e-10
2000-10-12,8.566267140075468e-10
2000-10-13,8.518284411174193e-10
2000-10-16,8.609096213696432e-10
2000-10-17,8.780413618403315e-10
2000-10-18,8.82324269202428e-10
2000-10-19,8.943175644482437e-10
2000-10-20,8.809544205234943e-10
2000-10-23,8.626229175412448e-10
2000-10-24,8.622795255597282e-10
2000-10-25,8.891777314445903e-10
2000-10-26,8.951740460005908e-10
2000-10-27,8.908909165938894e-10
2000-10-30,8.977440457691443e-10
2000-10-31,8.984291643976405e-10
2000-11-01,9.208724893738918e-10
2000-11-02,9.183034332949092e-10
2000-11-03,9.380050070006973e-10
2000-11-06,9.422884694743061e-10
2000-11-07,9.34065380597815e-10
2000-11-08,9.405750622804021e-10
2000-11-09,9.600212846905265e-10
2000-11-10,9.628482455781295e-10
2000-11-13,9.508549503323138e-10
2000-11-14,9.59421320168019e-10
2000-11-15,9.842631154555193e-10
2000-11-16,1.002252614235033e-09
2000-11-17,9.945428924851285e-10
2000-11-20,9.697009861753259e-10
2000-11-21,9.679880230706317e-10
2000-11-22,9.5770813501872e-10
2000-11-23,9.337217665716935e-10
2000-11-24,9.337217665716935e-10
2000-11-27,9.354349517209926e-10
2000-11-28,9.294386926761433e-10
2000-11-29,9.337217665716935e-10
2000-11-30,9.61134949406528e-10
2000-12-01,9.936856892878154e-10
2000-12-04,9.78266356810309e-10
2000-12-05,9.748396534448034e-10
2000-12-06,9.514550258771237e-10
2000-12-07,9.551383017836201e-10
2000-12-08,9.508549503323138e-10
2000-12-11,9.525684685485203e-10
2000-12-12,9.397186362392063e-10
2000-12-13,9.354349517209926e-10
2000-12-14,9.602784123430297e-10
2000-12-15,9.34407218267097e-10
2000-12-18,9.362918218513983e-10
2000-12-19,9.637046716193254e-10
2000-12-20,9.876895967764199e-10
2000-12-21,9.534247835674137e-10
2000-12-22,9.525684685485203e-10
2000-12-25,9.525684685485203e-10
2000-12-26,9.525684685485203e-10
2000-12-27,9.674731016318106e-10
2000-12-28,9.697009861753259e-10
2000-12-29,9.400619171984204e-10
2001-01-01,9.400619171984204e-10
2001-01-02,9.59421320168019e-10
2001-01-03,9.59421320168019e-10
2001-01-04,9.422884694743061e-10
2001-01-05,9.320088034669993e-10
2001-01-08,9.08452146841654e-10
2001-01-09,9.114505261642591e-10
2001-01-10,9.37491972941018e-10
2001-01-11,9.533386302607028e-10
2001-01-12,9.491416541607123e-10
2001-01-15,9.511119669625145e-10
2001-01-16,9.337217665716935e-10
2001-01-17,9.337217665716935e-10
2001-01-18,9.251555632694419e-10
2001-01-19,9.251555632694419e-10
2001-01-22,9.088805263957056e-10
2001-01-23,9.123072852723624e-10
2001-01-24,9.208724893738918e-10
2001-01-25,9.06652808385644e-10
2001-01-26,9.06652808385644e-10
2001-01-29,8.892628855505791e-10
2001-01-30,9.191601924030124e-10
2001-01-31,9.21387188768108e-10
2001-02-01,9.294386926761433e-10
2001-02-02,9.251555632694419e-10
2001-02-05,9.037409154366571e-10
2001-02-06,8.860943090382989e-10
2001-02-07,9.123072852723624e-10
2001-02-08,9.251555632694419e-10
2001-02-09,8.934611384070479e-10
2001-02-12,9.037409154366571e-10
2001-02-13,9.14190778633639e-10
2001-02-14,8.994574529630484e-10
2001-02-15,8.891777314445903e-10
2001-02-16,8.908909165938894e-10
2001-02-19,9.080240448433585e-10
2001-02-20,9.251555632694419e-10
2001-02-21,9.380050070006973e-10
2001-02-22,8.989425315242272e-10
2001-02-23,8.720447697285749e-10
2001-02-26,8.651930283321008e-10
2001-02-27,8.780413618403315e-10
2001-02-28,8.326400124936129e-10
2001-03-01,8.086556424480307e-10
2001-03-02,8.283571606426676e-10
2001-03-05,1.3507953644520398e-09
2001-03-06,1.3495269346464056e-09
2001-03-07,1.3099054063658855e-09
2001-03-08,1.3000349685654555e-09
2001-03-09,1.3124435982447835e-09
2001-03-12,1.326121434885863e-09
2001-03-13,1.3395150544326384e-09
2001-03-14,1.3493847150769511e-09
2001-03-15,1.353614664800773e-09
2001-03-16,1.365177859646849e-09
2001-03-19,1.3465644155274958e-09
2001-03-20,1.3465644155274958e-09
2001-03-21,1.3664475106978102e-09
2001-03-22,1.3324666925385031e-09
2001-03-23,1.3465644155274958e-09
2001-03-26,1.3493847150769511e-09
2001-03-27,1.3489621641937788e-09
2001-03-28,1.3155457834201911e-09
2001-03-29,1.285511919135729e-09
2001-03-30,1.3062378956263387e-09
2001-04-02,1.3324666925385031e-09
2001-04-03,1.3211859384298918e-09
2001-04-04,1.3225961437157707e-09
2001-04-05,1.3113155006294619e-09
2001-04-06,1.2915747360509044e-09
2001-04-09,1.2760643652853787e-09
2001-04-10,1.2874847854504878e-09
2001-04-11,1.3155457834201911e-09
2001-04-12,1.2966503426525833e-09
2001-04-13,1.2966503426525833e-09
2001-04-16,1.2966503426525833e-09
2001-04-17,1.3084958672138214e-09
2001-04-18,1.338246846671609e-09
2001-04-19,1.3634854356681103e-09
2001-04-20,1.3437445600672504e-09
2001-04-23,1.3162508860631306e-09
2001-04-24,1.3103277352044529e-09
2001-04-25,1.3103277352044529e-09
2001-04-26,1.3183658609250415e-09
2001-04-27,1.3169558776837675e-09
2001-04-30,1.3268259824172901e-09
2001-05-01,1.3423343547813715e-09
2001-05-02,1.3155457834201911e-09
2001-05-03,1.3183658609250415e-09
2001-05-04,1.3042654734007897e-09
2001-05-07,1.2958049078193312e-09
2001-05-08,1.298625318391089e-09
2001-05-09,1.3141355781343123e-09
2001-05-10,1.3310565982749267e-09
2001-05-11,1.373920643921167e-09
2001-05-14,1.3705354628967825e-09
2001-05-15,1.353614664800773e-09
2001-05-16,1.3437445600672504e-09
2001-05-17,1.3296460599221405e-09
2001-05-18,1.3254155550868063e-09
2001-05-21,1.3169558776837675e-09
2001-05-22,1.319775733144013e-09
2001-05-23,1.3211859384298918e-09
2001-05-24,1.3127253728484334e-09
2001-05-25,1.3113155006294619e-09
2001-05-28,1.3127253728484334e-09
2001-05-29,1.3127253728484334e-09
2001-05-30,1.298625318391089e-09
2001-05-31,1.3028550460703059e-09
2001-06-01,1.2887547695683566e-09
2001-06-04,1.3113155006294619e-09
2001-06-05,1.3042654734007897e-09
2001-06-06,1.30708555090564e-09
2001-06-07,1.3145585731066944e-09
2001-06-08,1.3254155550868063e-09
2001-06-11,1.3254155550868063e-09
2001-06-12,1.3056753456197612e-09
2001-06-13,1.3169558776837675e-09
2001-06-14,1.3113155006294619e-09
2001-06-15,1.3183658609250415e-09
2001-06-18,1.3141355781343123e-09
2001-06-19,1.3211859384298918e-09
2001-06-20,1.3366940887493683e-09
2001-06-21,1.3324666925385031e-09
2001-06-22,1.317661202371312e-09
2001-06-25,1.3049702429768217e-09
2001-06-26,1.3127253728484334e-09
2001-06-27,1.3127253728484334e-09
2001-06-28,1.3338765647574746e-09
2001-06-29,1.3395150544326384e-09
2001-07-02,1.3268259824172901e-09
2001-07-03,1.3479742877464673e-09
2001-07-04,1.3423343547813715e-09
2001-07-05,1.3593970393799282e-09
2001-07-06,1.3359894301956388e-09
2001-07-09,1.3366940887493683e-09
2001-07-10,1.3451548763754317e-09
2001-07-11,1.3283765198934816e-09
2001-07-12,1.3265435416798255e-09
2001-07-13,1.3352844385750018e-09
2001-07-16,1.3352844385750018e-09
2001-07-17,1.3465644155274958e-09
2001-07-18,1.3178010904724147e-09
2001-07-19,1.2690138939674966e-09
2001-07-20,1.2760643652853787e-09
2001-07-23,1.2809995286744424e-09
2001-07-24,1.2802940929645956e-09
2001-07-25,1.273243954713621e-09
2001-07-26,1.2619638667388244e-09
2001-07-27,1.2535031901350635e-09
2001-07-30,1.2408153393650423e-09
2001-07-31,1.2337652011140676e-09
2001-08-01,1.2323552178727937e-09
2001-08-02,1.2628111889512184e-09
2001-08-03,1.271833749427742e-09
2001-08-06,1.2831140594471435e-09
2001-08-07,1.2760643652853787e-09
2001-08-08,1.2760643652853787e-09
2001-08-09,1.2715518638017898e-09
2001-08-10,1.2704240992533755e-09
2001-08-13,1.2845247088222322e-09
2001-08-14,1.2845247088222322e-09
2001-08-15,1.2719761910418015e-09
2001-08-16,1.2509662195014926e-09
2001-08-17,1.271833749427742e-09
2001-08-20,1.2661939274849487e-09
2001-08-21,1.2745143829206995e-09
2001-08-22,1.2774742375043502e-09
2001-08-23,1.2859349141081111e-09
2001-08-24,1.2788847758571364e-09
2001-08-27,1.2788847758571364e-09
2001-08-28,1.2802940929645956e-09
2001-08-29,1.2760643652853787e-09
2001-08-30,1.269578775442426e-09
2001-08-31,1.2671814708653528e-09
2001-09-03,2.220081674053631e-09
2001-09-04,2.2225918883123086e-09
2001-09-05,2.232649398692388e-09
2001-09-06,2.26030683059264e-09
2001-09-07,2.23767870899394e-09
2001-09-10,2.1987103249188067e-09
2001-09-11,2.1949382311703403e-09
2001-09-12,2.1295667451681766e-09
2001-09-13,2.1345953893359138e-09
2001-09-14,2.137108934263665e-09
2001-09-17,2.1773385316947724e-09
2001-09-18,2.2753925410512466e-09
2001-09-19,2.363393702964345e-09
2001-09-20,2.3784794134229514e-09
2001-09-21,2.373450991299819e-09
2001-09-24,2.416694622198179e-09
2001-09-25,2.418705236095775e-09
2001-09-26,2.379736185886827e-09
2001-09-27,2.340764249098015e-09
2001-09-28,2.3382509262148687e-09
2001-10-01,2.361633999470314e-09
2001-10-02,2.375965646450595e-09
2001-10-03,2.4011046484417875e-09
2001-10-04,2.343279126293396e-09
2001-10-05,2.377221974825261e-09
2001-10-08,2.3985899932910115e-09
2001-10-09,2.388532927000142e-09
2001-10-10,2.4011046484417875e-09
2001-10-11,2.388532927000142e-09
2001-10-12,2.3525785763922613e-09
2001-10-15,2.4066366677288897e-09
2001-10-16,2.4262472031466586e-09
2001-10-17,2.4262472031466586e-09
2001-10-18,2.451391534208369e-09
2001-10-19,2.4539046350469107e-09
2001-10-22,2.424486389429603e-09
2001-10-23,2.4539046350469107e-09
2001-10-24,2.491619577327242e-09
2001-10-25,2.5016766436181115e-09
2001-10-26,2.5180197926744086e-09
2001-10-29,2.4740192117178594e-09
2001-10-30,2.5016766436181115e-09
2001-10-31,2.5092206090704394e-09
2001-11-01,2.5771020872866757e-09
2001-11-02,2.5947024528960583e-09
2001-11-05,2.5771020872866757e-09
2001-11-06,2.589673808728321e-09
2001-11-07,2.5720734431189385e-09
2001-11-08,2.5469302222802526e-09
2001-11-09,2.5041908546796776e-09
2001-11-12,2.5016766436181115e-09
2001-11-13,2.4689903455055173e-09
2001-11-14,2.5092206090704394e-09
2001-11-15,2.4790487440640163e-09
2001-11-16,2.463962367471595e-09
2001-11-19,2.4933810571781123e-09
2001-11-20,2.490867068161151e-09
2001-11-21,2.5469302222802526e-09
2001-11-22,2.519276787182889e-09
2001-11-23,2.5016766436181115e-09
2001-11-26,2.498908857617721e-09
2001-11-27,2.4790487440640163e-09
2001-11-28,2.4868407333400455e-09
2001-11-29,2.514248587104362e-09
2001-11-30,2.5916844226259173e-09
2001-12-03,2.584644942515979e-09
2001-12-04,2.609788163354665e-09
2001-12-05,2.5419015781125154e-09
2001-12-06,2.523299125201106e-09
2001-12-07,2.451391534208369e-09
2001-12-10,2.4212192251127362e-09
2001-12-11,2.413676369883433e-09
2001-12-12,2.4011046484417875e-09
2001-12-13,2.441333801783685e-09
2001-12-14,2.4848305635316592e-09
2001-12-17,2.446362667996027e-09
2001-12-18,2.413676369883433e-09
2001-12-19,2.439826563005454e-09
2001-12-20,2.427001044580379e-09
2001-12-21,2.4689903455055173e-09
2001-12-24,2.5016766436181115e-09
2001-12-25,2.5016766436181115e-09
2001-12-26,2.5016766436181115e-09
2001-12-27,2.4740192117178594e-09
2001-12-28,2.4865907111149e-09
2001-12-31,2.4740192117178594e-09
2002-01-01,2.4740192117178594e-09
2002-01-02,2.4991624325565454e-09
2002-01-03,2.4539046350469107e-09
2002-01-04,2.446362667996027e-09
2002-01-07,2.4637121232018444e-09
2002-01-08,2.4790487440640163e-09
2002-01-09,2.4518946872831293e-09
2002-01-10,2.388787390117386e-09
2002-01-11,2.4011046484417875e-09
2002-01-14,2.413676369883433e-09
2002-01-15,2.3985899932910115e-09
2002-01-16,2.4337907245097767e-09
2002-01-17,2.3910471380617082e-09
2002-01-18,2.383503838743195e-09
2002-01-21,2.3608799359919885e-09
2002-01-22,2.3910471380617082e-09
2002-01-23,2.393561793212484e-09
2002-01-24,2.4287616362528297e-09
2002-01-25,2.428511836072289e-09
2002-01-28,2.428511836072289e-09
2002-01-29,2.4740192117178594e-09
2002-01-30,2.5016766436181115e-09
2002-01-31,2.5371262868389977e-09
2002-02-01,2.5310908924325304e-09
2002-02-04,2.544416899397106e-09
2002-02-05,2.5645303658450302e-09
2002-02-06,2.5821309534990178e-09
2002-02-07,2.5972164419130195e-09
2002-02-08,2.5997315411530053e-09
2002-02-11,2.6072739522930988e-09
2002-02-12,2.602244419946942e-09
2002-02-13,2.5972164419130195e-09
2002-02-14,2.604006565931627e-09
2002-02-15,2.6223601068409153e-09
2002-02-18,2.642474461467259e-09
2002-02-19,2.6223601068409153e-09
2002-02-20,2.614817251611612e-09
2002-02-21,2.740528470823733e-09
2002-02-22,2.765671913707024e-09
2002-02-25,2.697789325267763e-09
2002-02-26,2.760642603405472e-09
2002-02-27,2.7681854586347754e-09
2002-02-28,2.815454092086611e-09
2002-03-01,2.7832725013610116e-09
2002-03-04,4.632399352999528e-09
2002-03-05,4.745232207170602e-09
2002-03-06,4.797713781812263e-09
2002-03-07,4.810834841606493e-09
2002-03-08,4.793342611719709e-09
2002-03-11,4.817395815592818e-09
2002-03-12,4.810834841606493e-09
2002-03-13,4.788966556645846e-09
2002-03-14,4.832703570656349e-09
2002-03-15,4.819582954951329e-09
2002-03-18,4.850196244632343e-09
2002-03-19,4.87206408550378e-09
2002-03-20,4.854571411527786e-09
2002-03-21,4.928923047486933e-09
2002-03-22,4.93766938447493e-09
2002-03-25,4.994519020584676e-09
2002-03-26,5.0076405244681155e-09
2002-03-27,5.020759807905506e-09
2002-03-28,4.933297770293166e-09
2002-03-29,4.933297770293166e-09
2002-04-01,4.933297770293166e-09
2002-04-02,4.876438808310013e-09
2002-04-03,4.885188698011689e-09
2002-04-04,4.832703570656349e-09
2002-04-05,4.837076961194953e-09
2002-04-08,4.832703570656349e-09
2002-04-09,4.87206408550378e-09
2002-04-10,4.933297770293166e-09
2002-04-11,4.998892855212489e-09
2002-04-12,5.038255590505969e-09
2002-04-15,5.003267133929512e-09
2002-04-16,5.051376650300199e-09
2002-04-17,5.020759807905506e-09
2002-04-18,5.012012582739089e-09
2002-04-19,5.099487498938515e-09
2002-04-22,5.16946263573459e-09
2002-04-23,5.165091021552826e-09
2002-04-24,5.243815159872156e-09
2002-04-25,5.243815159872156e-09
2002-04-26,5.379389378390442e-09
2002-04-29,5.291915350369436e-09
2002-04-30,5.2700497299440485e-09
2002-05-01,5.248181444983402e-09
2002-05-02,5.239441325244343e-09
2002-05-03,5.243815159872156e-09
2002-05-06,5.204453756846306e-09
2002-05-07,5.204453756846306e-09
2002-05-08,5.204453756846306e-09
2002-05-09,5.226320265450113e-09
2002-05-10,5.217573040283696e-09
2002-05-13,5.178211193168636e-09
2002-05-14,5.213199205655883e-09
2002-05-15,5.182585471885659e-09
2002-05-16,5.248181444983402e-09
2002-05-17,5.178211193168636e-09
2002-05-20,5.243815159872156e-09
2002-05-21,5.4318722852997325e-09
2002-05-22,5.291915350369436e-09
2002-05-23,5.414378723145319e-09
2002-05-24,5.423127280579365e-09
2002-05-27,5.4318722852997325e-09
2002-05-28,5.375016431941049e-09
2002-05-29,5.401258551529509e-09
2002-05-30,5.436246564016756e-09
2002-05-31,5.3094124652375285e-09
2002-06-03,5.375016431941049e-09
2002-06-04,5.348776088709428e-09
2002-06-05,5.392509994095462e-09
2002-06-06,5.3575215375190055e-09
2002-06-07,5.488729470926046e-09
2002-06-10,5.488729470926046e-09
2002-06-11,5.563075333725465e-09
2002-06-12,5.716150219825522e-09
2002-06-13,5.668040703454835e-09
2002-06-14,5.611183517828522e-09
2002-06-17,5.703029604120502e-09
2002-06-18,5.619931631173358e-09
2002-06-19,5.5543263322022085e-09
2002-06-20,5.545579107035792e-09
2002-06-21,5.3575215375190055e-09
2002-06-24,5.423127280579365e-09
2002-06-25,5.423127280579365e-09
2002-06-26,5.449367623810986e-09
2002-06-27,5.471234132414793e-09
2002-06-28,5.466862518233029e-09
2002-07-01,5.392509994095462e-09
2002-07-02,5.444994677361592e-09
2002-07-03,5.458115293066612e-09
2002-07-04,5.379389378390442e-09
2002-07-05,5.379389378390442e-09
2002-07-08,5.4318722852997325e-09
2002-07-09,5.475608855221026e-09
2002-07-10,5.4974771401816724e-09
2002-07-11,5.549953385752815e-09
2002-07-12,5.501850530720276e-09
2002-07-15,5.444994677361592e-09
2002-07-16,5.458115293066612e-09
2002-07-17,5.405629721622063e-09
2002-07-18,5.335653696647569e-09
2002-07-19,5.160716298746593e-09
2002-07-22,5.077616993531819e-09
2002-07-23,5.186957086067423e-09
2002-07-24,5.0951123320430725e-09
2002-07-25,5.0819912722488425e-09
2002-07-26,5.200078145861653e-09
2002-07-29,5.261302948866842e-09
2002-07-30,5.186957086067423e-09
2002-07-31,5.243815159872156e-09
2002-08-01,5.305038630609715e-09
2002-08-02,5.396883828723276e-09
2002-08-05,5.379389378390442e-09
2002-08-06,5.287544624366092e-09
2002-08-07,5.436246564016756e-09
2002-08-08,5.493103305553859e-09
2002-08-09,5.598061569855872e-09
2002-08-12,5.650546253122002e-09
2002-08-13,5.6855355978768785e-09
2002-08-14,5.6855355978768785e-09
2002-08-15,5.637425193327772e-09
2002-08-16,5.571819450267412e-09
2002-08-19,5.532459823598401e-09
2002-08-20,5.5149693700684566e-09
2002-08-21,5.549953385752815e-09
2002-08-22,5.541207048764818e-09
2002-08-23,5.5105977558866925e-09
2002-08-26,5.523709489807516e-09
2002-08-27,5.458115293066612e-09
2002-08-28,5.462486907248376e-09
2002-08-29,5.637425193327772e-09
2002-08-30,5.598061569855872e-09
2002-09-02,8.726092737276758e-09
2002-09-03,8.83182416089312e-09
2002-09-04,8.747239377271399e-09
2002-09-05,8.775434601204779e-09
2002-09-06,8.782484961500359e-09
2002-09-09,8.81067752089848e-09
2002-09-10,8.683801233644317e-09
2002-09-11,8.599213785487336e-09
2002-09-12,8.493484138227814e-09
2002-09-13,8.571022114267635e-09
2002-09-16,8.514633442757713e-09
2002-09-17,8.669704065766837e-09
2002-09-18,8.634460257894716e-09
2002-09-19,8.549876362451414e-09
2002-09-20,8.585120170323535e-09
2002-09-23,8.493484138227814e-09
2002-09-24,8.507583082462133e-09
2002-09-25,8.317279309721926e-09
2002-09-26,8.232695414278624e-09
2002-09-27,8.253840277916424e-09
2002-09-30,8.282036390028225e-09
2002-10-01,8.352519564880367e-09
2002-10-02,8.578068033671116e-09
2002-10-03,8.620363978195655e-09
2002-10-04,8.563971753972055e-09
2002-10-07,8.535778306395514e-09
2002-10-08,8.669704065766837e-09
2002-10-09,8.599213785487336e-09
2002-10-10,8.690849817583057e-09
2002-10-11,8.690849817583057e-09
2002-10-14,8.641508841833456e-09
2002-10-15,8.571022114267635e-09
2002-10-16,8.585120170323535e-09
2002-10-17,8.380719229705846e-09
2002-10-18,8.352519564880367e-09
2002-10-21,8.260887973676745e-09
2002-10-22,7.971903137615755e-09
2002-10-23,8.169253717937863e-09
2002-10-24,8.380719229705846e-09
2002-10-25,8.105817350667621e-09
2002-10-28,7.957803305203015e-09
2002-10-29,7.70405073069469e-09
2002-10-30,7.873220297938133e-09
2002-10-31,8.162206022177543e-09
2002-11-01,8.042380983397379e-09
2002-11-04,8.035332399458639e-09
2002-11-05,7.894365161575934e-09
2002-11-06,7.901417298228353e-09
2002-11-07,7.943706137325535e-09
2002-11-08,7.908464105810253e-09
2002-11-11,7.936658441565214e-09
2002-11-12,8.05647459856118e-09
2002-11-13,8.02123079068906e-09
2002-11-14,7.929611633983313e-09
2002-11-15,7.957803305203015e-09
2002-11-18,7.929611633983313e-09
2002-11-19,7.922563050044573e-09
2002-11-20,7.950756497621114e-09
2002-11-21,8.05647459856118e-09
2002-11-22,8.077621238555821e-09
2002-11-25,8.077621238555821e-09
2002-11-26,7.859124018239072e-09
2002-11-27,7.894365161575934e-09
2002-11-28,7.795683210076731e-09
2002-11-29,7.760438514026191e-09
2002-12-02,7.908464105810253e-09
2002-12-03,7.760438514026191e-09
2002-12-04,7.598321971613586e-09
2002-12-05,7.210651631339715e-09
2002-12-06,7.3657231425272585e-09
2002-12-09,7.3657231425272585e-09
2002-12-10,7.330481111011977e-09
2002-12-11,7.231798271334355e-09
2002-12-12,7.337527474504668e-09
2002-12-13,7.386868894343479e-09
2002-12-16,7.358676334945358e-09
2002-12-17,7.4009656181317496e-09
2002-12-18,7.3657231425272585e-09
2002-12-19,7.330481111011977e-09
2002-12-20,7.358676334945358e-09
2002-12-23,7.3657231425272585e-09
2002-12-24,7.344576058443408e-09
2002-12-25,7.344576058443408e-09
2002-12-26,7.344576058443408e-09
2002-12-27,7.4009656181317496e-09
2002-12-30,7.49965067825542e-09
2002-12-31,7.506697485837321e-09
2003-01-01,7.506697485837321e-09
2003-01-02,7.527842349475122e-09
2003-01-03,7.598321971613586e-09
2003-01-06,7.640611698889188e-09
2003-01-07,7.70405073069469e-09
2003-01-08,7.534894486127541e-09
2003-01-09,7.49965067825542e-09
2003-01-10,7.584223027379267e-09
2003-01-13,7.386868894343479e-09
2003-01-14,7.224751019663245e-09
2003-01-15,7.1754073793783846e-09
2003-01-16,7.1824568514955445e-09
2003-01-17,7.097884058282489e-09
2003-01-20,7.330481111011977e-09
2003-01-21,7.506697485837321e-09
2003-01-22,7.47145634250046e-09
2003-01-23,7.344576058443408e-09
2003-01-24,7.40801331389207e-09
2003-01-27,7.40801331389207e-09
2003-01-28,7.337527474504668e-09
2003-01-29,7.3234311948056074e-09
2003-01-30,7.154262515740584e-09
2003-01-31,7.083784669958959e-09
2003-02-03,7.090833697986909e-09
2003-02-04,6.978052802253387e-09
2003-02-05,6.900519267105665e-09
2003-02-06,7.097884058282489e-09
2003-02-07,7.11902670147424e-09
2003-02-10,7.203601715133345e-09
2003-02-11,7.140164459684684e-09
2003-02-12,6.992151746487707e-09
2003-02-13,6.992151746487707e-09
2003-02-14,7.083784669958959e-09
2003-02-17,7.104933530399649e-09
2003-02-18,7.154262515740584e-09
2003-02-19,6.900519267105665e-09
2003-02-20,7.013296610125508e-09
2003-02-21,7.0626389181427385e-09
2003-02-24,7.041492722237308e-09
2003-02-25,6.949862463301315e-09
2003-02-26,7.034445470566197e-09
2003-02-27,6.8864185465145056e-09
2003-02-28,7.048545302978937e-09
2003-03-03,1.3446366686764577e-08
2003-03-04,1.3545239596624015e-08
2003-03-05,1.4067853548738185e-08
2003-03-06,1.3997233594409408e-08
2003-03-07,1.3870109505376149e-08
2003-03-10,1.3644109841948193e-08
2003-03-11,1.3785359520568363e-08
2003-03-12,1.3785359520568363e-08
2003-03-13,1.362999224596706e-08
2003-03-14,1.3686491051601024e-08
2003-03-17,1.361586221548805e-08
2003-03-18,1.3898358020014712e-08
2003-03-19,1.411022410024998e-08
2003-03-20,1.4124355018907409e-08
2003-03-21,1.4053727070972855e-08
2003-03-24,1.3912478280531104e-08
2003-03-25,1.4124355018907409e-08
2003-03-26,1.4293831007705649e-08
2003-03-27,1.4336198894682184e-08
2003-03-28,1.467519439302123e-08
2003-03-31,1.4124355018907409e-08
2003-04-01,1.4053727070972855e-08
2003-04-02,1.4124355018907409e-08
2003-04-03,1.440682240172464e-08
2003-04-04,1.4435071804541622e-08
2003-04-07,1.4477445908767095e-08
2003-04-08,1.432208041052263e-08
2003-04-09,1.4449199170485372e-08
2003-04-10,1.440682240172464e-08
2003-04-11,1.456219944628856e-08
2003-04-14,1.4632821176974176e-08
2003-04-15,1.4759944377829015e-08
2003-04-16,1.5000058084524426e-08
2003-04-17,1.4901189615557087e-08
2003-04-18,1.4901189615557087e-08
2003-04-21,1.4901189615557087e-08
2003-04-22,1.5028318145482444e-08
2003-04-23,1.538141169987739e-08
2003-04-24,1.5593277780112658e-08
2003-04-25,1.5593277780112658e-08
2003-04-28,1.5028318145482444e-08
2003-04-29,1.5014183674111337e-08
2003-04-30,1.4971814010777962e-08
2003-05-01,1.5197787917031746e-08
2003-05-02,1.5141310427679855e-08
2003-05-05,1.5155439569980445e-08
2003-05-06,1.5042436629641998e-08
2003-05-07,1.5084806292975372e-08
2003-05-08,1.5028318145482444e-08
2003-05-09,1.5268410535895782e-08
2003-05-12,1.5268410535895782e-08
2003-05-13,1.522603554349189e-08
2003-05-14,1.511306457757655e-08
2003-05-15,1.4844687257209443e-08
2003-05-16,1.4618697363744104e-08
2003-05-19,1.466106613889906e-08
2003-05-20,1.4604570885978774e-08
2003-05-21,1.4548073856701649e-08
2003-05-22,1.4519822677527827e-08
2003-05-23,1.4646942325668988e-08
2003-05-26,1.4632821176974176e-08
2003-05-27,1.4505697976119336e-08
2003-05-28,1.4618697363744104e-08
2003-05-29,1.466106613889906e-08
2003-05-30,1.4519822677527827e-08
2003-06-02,1.440682240172464e-08
2003-06-03,1.4166726458597623e-08
2003-06-04,1.4293831007705649e-08
2003-06-05,1.4265594039386542e-08
2003-06-06,1.4604570885978774e-08
2003-06-09,1.4604570885978774e-08
2003-06-10,1.4604570885978774e-08
2003-06-11,1.4548073856701649e-08
2003-06-12,1.467519439302123e-08
2003-06-13,1.4731693198655194e-08
2003-06-16,1.4957684868477372e-08
2003-06-17,1.5042436629641998e-08
2003-06-18,1.5127183061736105e-08
2003-06-19,1.5310785528299675e-08
2003-06-20,1.5395533736750622e-08
2003-06-23,1.5565030153652515e-08
2003-06-24,1.5282536125482693e-08
2003-06-25,1.522603554349189e-08
2003-06-26,1.511306457757655e-08
2003-06-27,1.525428672266571e-08
2003-06-30,1.521190817754814e-08
2003-07-01,1.52401611330788e-08
2003-07-02,1.525428672266571e-08
2003-07-03,1.522603554349189e-08
2003-07-04,1.5127183061736105e-08
2003-07-07,1.522603554349189e-08
2003-07-08,1.525428672266571e-08
2003-07-09,1.521190817754814e-08
2003-07-10,1.5155439569980445e-08
2003-07-11,1.5169531408787407e-08
2003-07-14,1.5127183061736105e-08
2003-07-15,1.5141310427679855e-08
2003-07-16,1.521190817754814e-08
2003-07-17,1.5183660551087996e-08
2003-07-18,1.5127183061736105e-08
2003-07-21,1.507068070338846e-08
2003-07-22,1.5014183674111337e-08
2003-07-23,1.5084806292975372e-08
2003-07-24,1.5042436629641998e-08
2003-07-25,1.5000058084524426e-08
2003-07-28,1.4957684868477372e-08
2003-07-29,1.492943546566039e-08
2003-07-30,1.4844687257209443e-08
2003-07-31,1.4858813734974774e-08
2003-08-01,1.5042436629641998e-08
2003-08-04,1.5014183674111337e-08
2003-08-05,1.5028318145482444e-08
2003-08-06,1.494356638431782e-08
2003-08-07,1.4957684868477372e-08
2003-08-08,1.5028318145482444e-08
2003-08-11,1.4830564332157792e-08
2003-08-12,1.4816437854392461e-08
2003-08-13,1.5098931882562283e-08
2003-08-14,1.5565030153652515e-08
2003-08-15,1.56215254065728e-08
2003-08-18,1.590402121109946e-08
2003-08-19,1.6115871304123175e-08
2003-08-20,1.6101745714536264e-08
2003-08-21,1.6101745714536264e-08
2003-08-22,1.601702059872423e-08
2003-08-25,1.5960518240376587e-08
2003-08-26,1.6002898561850998e-08
2003-08-27,1.628536594466823e-08
2003-08-28,1.631362067655573e-08
2003-08-29,1.6257118318208086e-08
2003-09-01,2.8859838963057882e-08
2003-09-02,2.8962272580201898e-08
2003-09-03,2.8629370874000415e-08
2003-09-04,2.8757403569557027e-08
2003-09-05,2.9192703365765738e-08
2003-09-08,2.9371967968927493e-08
2003-09-09,2.9167093629212104e-08
2003-09-10,2.9013488500595486e-08
2003-09-11,2.8783025740608537e-08
2003-09-12,2.8987878764041852e-08
2003-09-15,2.883422922650425e-08
2003-09-16,2.9167093629212104e-08
2003-09-17,2.9448793625874714e-08
2003-09-18,3.003778559218517e-08
2003-09-19,3.026825368124264e-08
2003-09-22,2.9628045794538593e-08
2003-09-23,2.9909742238487524e-08
2003-09-24,2.9781695332076197e-08
2003-09-25,2.957684230864288e-08
2003-09-26,2.9602441387055478e-08
2003-09-29,2.957684230864288e-08
2003-09-30,2.9602441387055478e-08
2003-10-01,3.014021743297235e-08
2003-10-02,3.052434394135162e-08
2003-10-03,3.060116071651464e-08
2003-10-06,3.0498728875727465e-08
2003-10-07,3.03450811145467e-08
2003-10-08,3.008900506529244e-08
2003-10-09,2.9960954606167434e-08
2003-10-10,2.993534309325696e-08
2003-10-13,3.042191565327812e-08
2003-10-14,3.0165825393169143e-08
2003-10-15,3.031947315434991e-08
2003-10-16,3.03450811145467e-08
2003-10-17,3.021704131356273e-08
2003-10-20,3.0114609472775555e-08
2003-10-21,3.019143335336594e-08
2003-10-22,3.0242645721045847e-08
2003-10-23,2.985852276538026e-08
2003-10-24,2.9960954606167434e-08
2003-10-27,2.9909742238487524e-08
2003-10-28,2.9756085595522563e-08
2003-10-29,2.9653657307449066e-08
2003-10-30,2.980730329227299e-08
2003-10-31,2.967926349128902e-08
2003-11-03,2.9653657307449066e-08
2003-11-04,3.021704131356273e-08
2003-11-05,2.9653657307449066e-08
2003-11-06,2.8475707125608096e-08
2003-11-07,2.8475707125608096e-08
2003-11-10,2.8168418708673926e-08
2003-11-11,2.8219639958138032e-08
2003-11-12,2.8424496534285026e-08
2003-11-13,2.8885450475968355e-08
2003-11-14,2.8680579688966645e-08
2003-11-17,2.8578156729963666e-08
2003-11-18,2.8552546993410033e-08
2003-11-19,2.8680579688966645e-08
2003-11-20,2.8731793833003394e-08
2003-11-21,2.8680579688966645e-08
2003-11-24,2.8654980610554048e-08
2003-11-25,2.8552546993410033e-08
2003-11-26,2.891105843616515e-08
2003-11-27,2.8808628371734812e-08
2003-11-28,2.8629370874000415e-08
2003-12-01,2.8654980610554048e-08
2003-12-02,2.8552546993410033e-08
2003-12-03,2.8475707125608096e-08
2003-12-04,2.8629370874000415e-08
2003-12-05,2.8783025740608537e-08
2003-12-08,2.8680579688966645e-08
2003-12-09,2.860376469016046e-08
2003-12-10,2.8552546993410033e-08
2003-12-11,2.84501080471955e-08
2003-12-12,2.8578156729963666e-08
2003-12-15,2.8578156729963666e-08
2003-12-16,2.8373285942961957e-08
2003-12-17,2.8475707125608096e-08
2003-12-18,2.850131863851857e-08
2003-12-19,2.8219639958138032e-08
2003-12-22,2.8347677982765163e-08
2003-12-23,2.8706200083661315e-08
2003-12-24,2.8680579688966645e-08
2003-12-25,2.8680579688966645e-08
2003-12-26,2.8680579688966645e-08
2003-12-29,2.8757403569557027e-08
2003-12-30,2.8936657514577746e-08
2003-12-31,2.8757403569557027e-08
2004-01-01,2.8757403569557027e-08
2004-01-02,2.8680579688966645e-08
2004-01-05,2.8424496534285026e-08
2004-01-06,2.8859838963057882e-08
2004-01-07,2.891105843616515e-08
2004-01-08,2.8885450475968355e-08
2004-01-09,2.891105843616515e-08
2004-01-12,2.8885450475968355e-08
2004-01-13,2.9474405138785187e-08
2004-01-14,2.909030882847219e-08
2004-01-15,2.8962272580201898e-08
2004-01-16,2.8936657514577746e-08
2004-01-19,2.9013488500595486e-08
2004-01-20,2.8808628371734812e-08
2004-01-21,2.8680579688966645e-08
2004-01-22,2.8654980610554048e-08
2004-01-23,2.8783025740608537e-08
2004-01-26,2.8783025740608537e-08
2004-01-27,2.8783025740608537e-08
2004-01-28,2.8962272580201898e-08
2004-01-29,2.891105843616515e-08
2004-01-30,2.8731793833003394e-08
2004-02-02,2.8859838963057882e-08
2004-02-03,2.891105843616515e-08
2004-02-04,2.8757403569557027e-08
2004-02-05,2.8757403569557027e-08
2004-02-06,2.8987878764041852e-08
2004-02-09,2.8757403569557027e-08
2004-02-10,2.8962272580201898e-08
2004-02-11,2.8859838963057882e-08
2004-02-12,2.8962272580201898e-08
2004-02-13,2.8962272580201898e-08
2004-02-16,2.9039105342576477e-08
2004-02-17,2.9371967968927493e-08
2004-02-18,2.9474405138785187e-08
2004-02-19,3.065238018962191e-08
2004-02-20,3.03450811145467e-08
2004-02-23,3.070358900458814e-08
2004-02-24,3.060116071651464e-08
2004-02-25,5.256385549046172e-08
2004-02-26,5.3024969304260594e-08
2004-02-27,5.219504828346544e-08
2004-03-01,5.3024969304260594e-08
2004-03-02,5.3024969304260594e-08
2004-03-03,5.3117194198648576e-08
2004-03-04,5.2840501751916236e-08
2004-03-05,5.307106221152935e-08
2004-03-08,5.2886619528180745e-08
2004-03-09,5.394714008843948e-08
2004-03-10,5.394714008843948e-08
2004-03-11,5.463878949285572e-08
2004-03-12,5.445436102036183e-08
2004-03-15,5.4131593429929126e-08
2004-03-16,5.459267171659121e-08
2004-03-17,5.509988909579988e-08
2004-03-18,5.560704252616233e-08
2004-03-19,5.565313543343109e-08
2004-03-22,5.556092474989782e-08
2004-03-23,5.616038123434919e-08
2004-03-24,5.616038123434919e-08
2004-03-25,5.6483113297645104e-08
2004-03-26,5.6852009322483354e-08
2004-03-29,5.662145241558392e-08
2004-03-30,5.675978442809537e-08
2004-03-31,5.657533463931941e-08
2004-04-01,5.666756308642107e-08
2004-04-02,5.625257415431406e-08
2004-04-05,5.625257415431406e-08
2004-04-06,5.7635887174001255e-08
2004-04-07,5.735920183269627e-08
2004-04-08,5.662145241558392e-08
2004-04-09,5.662145241558392e-08
2004-04-12,5.662145241558392e-08
2004-04-13,5.6298677719723855e-08
2004-04-14,5.6344795495988365e-08
2004-04-15,5.662145241558392e-08
2004-04-16,5.717477691291606e-08
2004-04-19,5.694423066415766e-08
2004-04-20,5.7036437794977246e-08
2004-04-21,5.666756308642107e-08
2004-04-22,5.6206449272622194e-08
2004-04-23,5.9387982531688976e-08
2004-04-26,5.9387982531688976e-08
2004-04-27,5.88807829160487e-08
2004-04-28,6.058682089360445e-08
2004-04-29,6.086349912948208e-08
2004-04-30,6.081737069507653e-08
2004-05-03,6.026405685588543e-08
2004-05-04,6.031017818486362e-08
2004-05-05,6.095570626030167e-08
2004-05-06,6.054070667005362e-08
2004-05-07,6.118617790207281e-08
2004-05-10,6.109406314180887e-08
2004-05-11,6.072514224797487e-08
2004-05-12,6.063293511715528e-08
2004-05-13,6.063293511715528e-08
2004-05-14,5.9480186109794886e-08
2004-05-17,5.9480186109794886e-08
2004-05-18,6.007961417253682e-08
2004-05-19,6.017183551421112e-08
2004-05-20,6.072514224797487e-08
2004-05-21,6.109406314180887e-08
2004-05-24,6.090960624760555e-08
2004-05-25,6.104793470740333e-08
2004-05-26,6.146285613795044e-08
2004-05-27,6.252336959278182e-08
2004-05-28,6.173949174126392e-08
2004-05-31,6.224671977861362e-08
2004-06-01,6.22006055550628e-08
2004-06-02,6.280004072323209e-08
2004-06-03,6.201615576628683e-08
2004-06-04,6.201615576628683e-08
2004-06-07,6.224671977861362e-08
2004-06-08,6.215450554236668e-08
2004-06-09,6.229284110759181e-08
2004-06-10,6.224671977861362e-08
2004-06-11,6.270781227613043e-08
2004-06-14,6.270781227613043e-08
2004-06-15,6.289224785405167e-08
2004-06-16,6.390666129618694e-08
2004-06-17,6.4413796962981e-08
2004-06-18,6.455213963363349e-08
2004-06-21,6.505935346012848e-08
2004-06-22,6.528988905074584e-08
2004-06-23,6.482878234237432e-08
2004-06-24,6.413712583253073e-08
2004-06-25,6.496712501302682e-08
2004-06-28,6.432158272673405e-08
2004-06-29,6.524376772176765e-08
2004-06-30,6.565878152287041e-08
2004-07-01,6.58432099953643e-08
2004-07-02,6.538209618156543e-08
2004-07-05,6.58432099953643e-08
2004-07-06,6.528988905074584e-08
2004-07-07,6.496712501302682e-08
2004-07-08,6.4413796962981e-08
2004-07-09,6.478267522425085e-08
2004-07-12,6.473656810612738e-08
2004-07-13,6.445992539738654e-08
2004-07-14,6.386054707263611e-08
2004-07-15,6.45982396463296e-08
2004-07-16,6.450603962093737e-08
2004-07-19,6.427546850318322e-08
2004-07-20,6.386054707263611e-08
2004-07-21,6.45982396463296e-08
2004-07-22,6.316889056279251e-08
2004-07-23,6.312280476095111e-08
2004-07-26,6.270781227613043e-08
2004-07-27,6.326113322074889e-08
2004-07-28,6.339945457511931e-08
2004-07-29,6.376835415267124e-08
2004-07-30,6.4413796962981e-08
2004-08-02,6.48749391984893e-08
2004-08-03,6.524376772176765e-08
2004-08-04,6.455213963363349e-08
2004-08-05,6.602762425700348e-08
2004-08-06,6.630429538745375e-08
2004-08-09,6.478267522425085e-08
2004-08-10,6.48749391984893e-08
2004-08-11,6.561266019389222e-08
2004-08-12,6.607375269140903e-08
2004-08-13,6.630429538745375e-08
2004-08-16,6.653485939978054e-08
2004-08-17,6.676541630667998e-08
2004-08-18,6.676541630667998e-08
2004-08-19,6.731862356446072e-08
2004-08-20,6.82408298757764e-08
2004-08-23,6.814862985038417e-08
2004-08-24,6.801028717973168e-08
2004-08-25,6.70881306064075e-08
2004-08-26,6.694984477917387e-08
2004-08-27,6.819472275765293e-08
2004-08-30,6.874802949141667e-08
2004-08-31,6.930137885774457e-08
2004-09-01,1.0578220610568678e-07
2004-09-02,1.0542000694613307e-07
2004-09-03,1.0505781489200672e-07
2004-09-06,1.053474889545214e-07
2004-09-07,1.0505781489200672e-07
2004-09-08,1.0505781489200672e-07
2004-09-09,1.0527505622803801e-07
2004-09-10,1.0527505622803801e-07
2004-09-13,1.0679664086410412e-07
2004-09-14,1.074487343544206e-07
2004-09-15,1.0781101167367524e-07
2004-09-16,1.0672415839962923e-07
2004-09-17,1.0723132959356008e-07
2004-09-20,1.068690735905875e-07
2004-09-21,1.0701400299240049e-07
2004-09-22,1.0657927873580775e-07
2004-09-23,1.068690735905875e-07
2004-09-24,1.0839065822665361e-07
2004-09-27,1.089702692524952e-07
2004-09-28,1.0882540379952843e-07
2004-09-29,1.089702692524952e-07
2004-09-30,1.104917544125783e-07
2004-10-01,1.0846311226941907e-07
2004-10-04,1.0904273040068801e-07
2004-10-05,1.0802832406398011e-07
2004-10-06,1.0810083495016443e-07
2004-10-07,1.0839065822665361e-07
2004-10-08,1.0868043887057866e-07
2004-10-11,1.0810083495016443e-07
2004-10-12,1.0694154184420768e-07
2004-10-13,1.0672415839962923e-07
2004-10-14,1.0831818997303344e-07
2004-10-15,1.0773855052548242e-07
2004-10-18,1.0715888265622198e-07
2004-10-19,1.0766608227186225e-07
2004-10-20,1.0810083495016443e-07
2004-10-21,1.0701400299240049e-07
2004-10-22,1.0839065822665361e-07
2004-10-25,1.0846311226941907e-07
2004-10-26,1.0831818997303344e-07
2004-10-27,1.0911517733802611e-07
2004-10-28,1.0954993001632829e-07
2004-10-29,1.0868043887057866e-07
2004-11-01,1.1085401752097823e-07
2004-11-02,1.1230314811427888e-07
2004-11-03,1.1223070117694078e-07
2004-11-04,1.1172347313959108e-07
2004-11-05,1.1418695322618078e-07
2004-11-08,1.1491140838870706e-07
2004-11-09,1.1563594881636163e-07
2004-11-10,1.1665038357477897e-07
2004-11-11,1.1701263247232419e-07
2004-11-12,1.1607072281094588e-07
2004-11-15,1.1773718000540612e-07
2004-11-16,1.1780963404817157e-07
2004-11-17,1.1701263247232419e-07
2004-11-18,1.1751981077168239e-07
2004-11-19,1.1882397643603326e-07
2004-11-22,1.1737485294815997e-07
2004-11-23,1.1824437251561903e-07
2004-11-24,1.1896880636186324e-07
2004-11-25,1.2135986082739691e-07
2004-11-26,1.2092510814909474e-07
2004-11-29,1.231712190019607e-07
2004-11-30,1.222293093405824e-07
2004-12-01,1.230263251272845e-07
2004-12-02,1.2280894168270606e-07
2004-12-03,1.2556212425351987e-07
2004-12-06,1.2788069625457865e-07
2004-12-07,1.2759088008351682e-07
2004-12-08,1.249824919113962e-07
2004-12-09,1.2338857402482972e-07
2004-12-10,1.249100307632034e-07
2004-12-13,1.2527229387160332e-07
2004-12-14,1.2454775344394875e-07
2004-12-15,1.2570703233905078e-07
2004-12-16,1.2606930965830543e-07
2004-12-17,1.249824919113962e-07
2004-12-20,1.2425793727288692e-07
2004-12-21,1.2418544770298467e-07
2004-12-22,1.2563457119085797e-07
2004-12-23,1.2570703233905078e-07
2004-12-24,1.2679389271852415e-07
2004-12-27,1.2679389271852415e-07
2004-12-28,1.2679389271852415e-07
2004-12-29,1.2527229387160332e-07
2004-12-30,1.2519986114511994e-07
2004-12-31,1.2527229387160332e-07
2005-01-04,1.2599687693182204e-07
2005-01-05,1.2599687693182204e-07
2005-01-06,1.2643162961012422e-07
2005-01-07,1.2679389271852415e-07
2005-01-10,1.2889495337731205e-07
2005-01-11,1.2780826352809527e-07
2005-01-12,1.2679389271852415e-07
2005-01-13,1.2867762677615247e-07
2005-01-14,1.2824285988699557e-07
2005-01-17,1.28967457158069e-07
2005-01-18,1.2795317161362618e-07
2005-01-19,1.2780826352809527e-07
2005-01-20,1.2563457119085797e-07
2005-01-21,1.2519986114511994e-07
2005-01-24,1.2592441578362923e-07
2005-01-25,1.2817041294965748e-07
2005-01-27,1.2932973447732365e-07
2005-01-28,1.28967457158069e-07
2005-01-31,1.2838779639423592e-07
2005-02-01,1.2766334123170964e-07
2005-02-02,1.2679389271852415e-07
2005-02-03,1.2440287378012727e-07
2005-02-04,1.249100307632034e-07
2005-02-07,1.262867073137386e-07
2005-02-08,1.2592441578362923e-07
2005-02-09,1.2585195463543641e-07
2005-02-10,1.2483756961501058e-07
2005-02-11,1.2643162961012422e-07
2005-02-14,1.249824919113962e-07
2005-02-15,1.2411305760906544e-07
2005-02-16,1.2534476923065085e-07
2005-02-17,1.2454775344394875e-07
2005-02-18,1.2440287378012727e-07
2005-02-21,1.2541721616798895e-07
2005-02-22,1.249824919113962e-07
2005-02-23,1.2324370857186295e-07
2005-02-24,1.221568481923896e-07
2005-02-25,1.249100307632034e-07
2005-02-28,1.2548967731618177e-07
2005-03-01,1.8855190830890933e-07
2005-03-02,1.8743627094863768e-07
2005-03-03,1.8754785457986145e-07
2005-03-04,1.879940896287735e-07
2005-03-07,1.8777099342059955e-07
2005-03-08,1.8844042415366857e-07
2005-03-09,1.8710152005496639e-07
2005-03-10,1.8464699280684727e-07
2005-03-11,1.8319656192034017e-07
2005-03-14,1.8855190830890933e-07
2005-03-15,1.8710152005496639e-07
2005-03-16,1.8810571589256142e-07
2005-03-17,1.887751039930663e-07
2005-03-18,1.9134105855300731e-07
2005-03-21,1.9323780975355476e-07
2005-03-22,1.9256842165304988e-07
2005-03-23,1.8966771619943756e-07
2005-03-24,1.8966771619943756e-07
2005-03-29,1.8721310368619015e-07
2005-03-30,1.8855190830890933e-07
2005-03-31,1.8777099342059955e-07
2005-04-01,1.8687842384679243e-07
2005-04-04,1.8542797874943062e-07
2005-04-05,1.879940896287735e-07
2005-04-06,1.8665524237349018e-07
2005-04-07,1.8542797874943062e-07
2005-04-08,1.8665524237349018e-07
2005-04-11,1.8475856222721632e-07
2005-04-12,1.8542797874943062e-07
2005-04-13,1.7761811932359706e-07
2005-04-14,1.779528133738495e-07
2005-04-15,1.7516367734060623e-07
2005-04-18,1.7070082947157061e-07
2005-04-19,1.7315539935225388e-07
2005-04-20,1.7226284398930147e-07
2005-04-21,1.6913878653213033e-07
2005-04-22,1.7070082947157061e-07
2005-04-26,1.7181653788611584e-07
2005-04-27,1.723743991988158e-07
2005-04-28,1.713702175720755e-07
2005-04-29,1.729322747223705e-07
2005-05-02,1.7326699719433236e-07
2005-05-03,1.7025456600094913e-07
2005-05-04,1.6534555413727503e-07
2005-05-05,1.684695405401726e-07
2005-05-06,1.6802324864784168e-07
2005-05-09,1.667959566020727e-07
2005-05-10,1.6568024818752747e-07
2005-05-11,1.6590337281741085e-07
2005-05-12,1.667959566020727e-07
2005-05-13,1.6512235845311807e-07
2005-05-16,1.6434138672138943e-07
2005-05-17,1.6300252525525138e-07
2005-05-18,1.6746540154599643e-07
2005-05-19,1.6969670468824916e-07
2005-05-20,1.7248594019747543e-07
2005-05-23,1.7404794050435157e-07
2005-05-24,1.7226284398930147e-07
2005-05-25,1.7270907903821353e-07
2005-05-26,1.7125867657341587e-07
2005-05-27,1.7125867657341587e-07
2005-05-30,1.7315539935225388e-07
2005-05-31,1.7494053849986813e-07
2005-06-01,1.7594470591575373e-07
2005-06-02,1.770602580108971e-07
2005-06-03,1.770602580108971e-07
2005-06-06,1.8018423020293994e-07
2005-06-07,1.8118838340797083e-07
2005-06-08,1.8118838340797083e-07
2005-06-09,1.8163468951115647e-07
2005-06-10,1.8341968655022356e-07
2005-06-14,1.8208098140348739e-07
2005-06-15,1.8464699280684727e-07
2005-06-16,1.8565111759016872e-07
2005-06-17,1.8654368716397585e-07
2005-06-20,1.8732470152826863e-07
2005-06-21,1.8743627094863768e-07
2005-06-22,1.8542797874943062e-07
2005-06-23,1.8263887113789679e-07
2005-06-24,1.8252723066325416e-07
2005-06-27,1.8185782835189457e-07
2005-06-28,1.823041344550802e-07
2005-06-29,1.8185782835189457e-07
2005-06-30,1.8297352255558508e-07
2005-07-01,1.8364282539096166e-07
2005-07-04,1.8364282539096166e-07
2005-07-05,1.8687842384679243e-07
2005-07-06,1.8665524237349018e-07
2005-07-07,1.8353121333802846e-07
2005-07-08,1.8241568966459454e-07
2005-07-11,1.833081171298545e-07
2005-07-12,1.82192522402147e-07
2005-07-13,1.8185782835189457e-07
2005-07-14,1.8118838340797083e-07
2005-07-15,1.7962646836622298e-07
2005-07-18,1.7806439700507326e-07
2005-07-19,1.7906850757754e-07
2005-07-20,1.7761811932359706e-07
2005-07-21,1.7639082727782807e-07
2005-07-22,1.77506549903228e-07
2005-07-25,1.7683706232674012e-07
2005-07-26,1.7884535452594719e-07
2005-07-27,1.7996110557305656e-07
2005-07-28,1.7739496627200424e-07
2005-07-29,1.7761811932359706e-07
2005-08-01,1.7739496627200424e-07
2005-08-02,1.7728342527334462e-07
2005-08-03,1.757215528641609e-07
2005-08-04,1.757215528641609e-07
2005-08-05,1.757215528641609e-07
2005-08-08,1.7728342527334462e-07
2005-08-09,1.7828752163495665e-07
2005-08-10,1.7851067468654946e-07
2005-08-11,1.8129998125004931e-07
2005-08-12,1.852048256978378e-07
2005-08-15,1.8364282539096166e-07
2005-08-16,1.8364282539096166e-07
2005-08-17,1.8241568966459454e-07
2005-08-18,1.8152307745822327e-07
2005-08-19,1.8297352255558508e-07
2005-08-22,1.8353121333802846e-07
2005-08-23,1.8386595002084505e-07
2005-08-24,1.8252723066325416e-07
2005-08-25,1.8074210572649463e-07
2005-08-26,1.7973795252146374e-07
2005-08-29,1.8074210572649463e-07
2005-08-30,1.8620896469201398e-07
2005-08-31,1.84089046229019e-07
2005-09-01,1.8710152005496639e-07
2005-09-02,2.920272095252585e-07
2005-09-05,2.893661985581275e-07
2005-09-06,2.8883394520562433e-07
2005-09-07,2.9007586022089527e-07
2005-09-08,2.9078563557050074e-07
2005-09-09,2.923820545674971e-07
2005-09-12,2.948659130197484e-07
2005-09-13,3.000112371864816e-07
2005-09-14,3.010757723131974e-07
2005-09-15,2.998337151893793e-07
2005-09-16,3.007208420058305e-07
2005-09-19,3.007208420058305e-07
2005-09-20,3.0338188139467093e-07
2005-09-21,3.021402505964943e-07
2005-09-22,3.021402505964943e-07
2005-09-23,3.021402505964943e-07
2005-09-26,3.058658819554694e-07
2005-09-27,3.051560213407356e-07
2005-09-28,3.049787551390182e-07
2005-09-29,3.0604320500060567e-07
2005-09-30,3.0604320500060567e-07
2005-10-03,3.042689797894127e-07
2005-10-04,3.040915430574387e-07
2005-10-05,3.042689797894127e-07
2005-10-06,3.0125318062346196e-07
2005-10-07,2.9628543529724993e-07
2005-10-10,2.964628151858051e-07
2005-10-11,2.953982800590893e-07
2005-10-12,2.957531251013279e-07
2005-10-13,2.953982800590893e-07
2005-10-14,2.957531251013279e-07
2005-10-17,2.9610794172185706e-07
2005-10-18,2.9664010980923194e-07
2005-10-19,2.930917730736837e-07
2005-10-20,2.902532401094504e-07
2005-10-21,2.902532401094504e-07
2005-10-24,2.929143931851286e-07
2005-10-25,2.906081704168173e-07
2005-10-26,2.874145081932511e-07
2005-10-27,2.817370727825619e-07
2005-10-28,2.806726229209744e-07
2005-10-31,2.83866114614284e-07
2005-11-01,2.833339181051997e-07
2005-11-02,2.803176926136075e-07
2005-11-03,2.803176926136075e-07
2005-11-04,2.799632170535915e-07
2005-11-07,2.8209197466821934e-07
2005-11-08,2.812048194300587e-07
2005-11-09,2.806726229209744e-07
2005-11-10,2.806726229209744e-07
2005-11-11,2.83866114614284e-07
2005-11-14,2.886565084736503e-07
2005-11-15,2.867049033739022e-07
2005-11-16,2.8812434038627543e-07
2005-11-17,2.874145081932511e-07
2005-11-18,2.874145081932511e-07
2005-11-21,2.893661985581275e-07
2005-11-22,2.8705971999443136e-07
2005-11-23,2.904307621065527e-07
2005-11-24,2.948659130197484e-07
2005-11-25,2.953982800590893e-07
2005-11-28,2.812048194300587e-07
2005-11-29,2.757049912816001e-07
2005-11-30,2.749955001490889e-07
2005-12-01,2.7641482347462443e-07
2005-12-02,2.762373867426504e-07
2005-12-05,2.735760915584251e-07
2005-12-06,2.732212180944771e-07
2005-12-07,2.757049912816001e-07
2005-12-08,2.728663162088196e-07
2005-12-09,2.728663162088196e-07
2005-12-12,2.751729084593535e-07
2005-12-13,2.735760915584251e-07
2005-12-14,2.7339859798303223e-07
2005-12-15,2.7836642857437255e-07
2005-12-16,2.7641482347462443e-07
2005-12-19,2.7393090817895427e-07
2005-12-20,2.7481803499540547e-07
2005-12-21,2.757049912816001e-07
2005-12-22,2.7233406285631645e-07
2005-12-23,2.6914048589787853e-07
2005-12-28,2.7393090817895427e-07
2005-12-29,2.760599500106764e-07
2005-12-30,2.762373867426504e-07
2006-01-03,2.7676961167344416e-07
2006-01-04,2.801402843033429e-07
2006-01-05,2.792534985474049e-07
2006-01-06,2.7659217494147015e-07
2006-01-09,2.7552763981475437e-07
2006-01-10,2.741083449109283e-07
2006-01-11,2.749955001490889e-07
2006-01-12,2.757049912816001e-07
2006-01-13,2.773018366042379e-07
2006-01-16,2.7481803499540547e-07
2006-01-17,2.7233406285631645e-07
2006-01-18,2.721566829677613e-07
2006-01-19,2.7481803499540547e-07
2006-01-20,2.732212180944771e-07
2006-01-23,2.721566829677613e-07
2006-01-24,2.7126958457301953e-07
2006-01-25,2.7055997975367063e-07
2006-01-27,2.7109209099762666e-07
2006-01-30,2.698502328257746e-07
2006-01-31,2.6949533094011713e-07
2006-02-01,2.6931792262985255e-07
2006-02-02,2.698502328257746e-07
2006-02-03,2.7144702130499354e-07
2006-02-06,2.749955001490889e-07
2006-02-07,2.758825417004118e-07
2006-02-08,2.749955001490889e-07
2006-02-09,2.7641482347462443e-07
2006-02-10,2.762373867426504e-07
2006-02-13,2.751729084593535e-07
2006-02-14,2.760599500106764e-07
2006-02-15,2.732212180944771e-07
2006-02-16,2.74463133109748e-07
2006-02-17,2.749955001490889e-07
2006-02-20,2.7659217494147015e-07
2006-02-21,2.7676961167344416e-07
2006-02-22,2.749955001490889e-07
2006-02-23,2.732212180944771e-07
2006-02-24,2.7552763981475437e-07
2006-02-27,2.7659217494147015e-07
2006-02-28,4.842432304030808e-07
2006-03-01,4.625141514225106e-07
2006-03-02,4.6375598117265326e-07
2006-03-03,4.656185126350465e-07
2006-03-06,4.6282451648949063e-07
2006-03-07,4.656185126350465e-07
2006-03-08,4.6282451648949063e-07
2006-03-09,4.6623935645584424e-07
2006-03-10,4.6623935645584424e-07
2006-03-13,4.705847516106587e-07
2006-03-14,4.7120551016632817e-07
2006-03-15,4.718263255654165e-07
2006-03-16,4.7493057309111464e-07
2006-03-17,4.718263255654165e-07
2006-03-20,4.780348490385222e-07
2006-03-21,4.771036969941633e-07
2006-03-22,4.7493057309111464e-07
2006-03-23,4.7027481286932016e-07
2006-03-24,4.668600297463854e-07
2006-03-27,4.6282451648949063e-07
2006-03-28,4.693434050295764e-07
2006-03-29,4.761722323110007e-07
2006-03-30,4.76482682643109e-07
2006-03-31,4.802076887244766e-07
2006-04-03,4.920030960420263e-07
2006-04-04,4.81449433209491e-07
2006-04-05,4.857952262682375e-07
2006-04-06,4.873473358202318e-07
2006-04-07,4.879681796410296e-07
2006-04-10,4.885889666184084e-07
2006-04-11,4.935553192808584e-07
2006-04-12,4.923136884826818e-07
2006-04-13,4.879681796410296e-07
2006-04-18,4.857952262682375e-07
2006-04-19,4.755514169119124e-07
2006-04-20,4.789659442394623e-07
2006-04-21,4.7493057309111464e-07
2006-04-24,4.792764798366989e-07
2006-04-26,4.76482682643109e-07
2006-04-27,4.7524093815809465e-07
2006-04-28,4.7493057309111464e-07
2006-05-01,4.7337854880424857e-07
2006-05-02,4.786556360159011e-07
2006-05-03,4.783452141055022e-07
2006-05-04,4.70895201942767e-07
2006-05-05,4.7244719780792366e-07
2006-05-08,4.771036969941633e-07
2006-05-09,4.7462015118071577e-07
2006-05-10,4.761722323110007e-07
2006-05-11,4.73999307359918e-07
2006-05-12,4.730680416287214e-07
2006-05-15,4.755514169119124e-07
2006-05-16,4.826911208510865e-07
2006-05-17,4.81139068142511e-07
2006-05-18,4.81449433209491e-07
2006-05-19,4.81139068142511e-07
2006-05-22,4.873473358202318e-07
2006-05-23,4.895203460364428e-07
2006-05-24,4.885889666184084e-07
2006-05-25,4.845536523134797e-07
2006-05-26,4.876578714174684e-07
2006-05-29,4.842432304030808e-07
2006-05-30,4.81139068142511e-07
2006-05-31,4.7244719780792366e-07
2006-06-01,4.839327516492631e-07
2006-06-02,4.842432304030808e-07
2006-06-05,4.81139068142511e-07
2006-06-06,4.7493057309111464e-07
2006-06-07,4.777243702847045e-07
2006-06-08,4.687227033173258e-07
2006-06-09,4.718263255654165e-07
2006-06-13,4.634455876839638e-07
2006-06-14,4.6468721848214045e-07
2006-06-15,4.656185126350465e-07
2006-06-16,4.687227033173258e-07
2006-06-19,4.6623935645584424e-07
2006-06-20,4.687227033173258e-07
2006-06-21,4.656185126350465e-07
2006-06-22,4.6965391220510355e-07
2006-06-23,4.6592890612373594e-07
2006-06-26,4.656185126350465e-07
2006-06-27,4.6282451648949063e-07
2006-06-28,4.622039568857872e-07
2006-06-29,4.6406643150476157e-07
2006-06-30,4.718263255654165e-07
2006-07-03,4.70895201942767e-07
2006-07-04,4.7586192408743955e-07
2006-07-05,4.774139483743056e-07
2006-07-06,4.767931329752173e-07
2006-07-07,4.7586192408743955e-07
2006-07-10,4.76482682643109e-07
2006-07-11,4.7151596049843647e-07
2006-07-12,4.718263255654165e-07
2006-07-13,4.7151596049843647e-07
2006-07-14,4.6406643150476157e-07
2006-07-17,4.665497499445337e-07
2006-07-18,4.6623935645584424e-07
2006-07-19,4.6779123863416316e-07
2006-07-20,4.7493057309111464e-07
2006-07-21,4.7244719780792366e-07
2006-07-24,4.730680416287214e-07
2006-07-25,4.777243702847045e-07
2006-07-26,4.674809872540209e-07
2006-07-27,4.761722323110007e-07
2006-07-28,4.693434050295764e-07
2006-07-31,4.76482682643109e-07
2006-08-01,4.718263255654165e-07
2006-08-02,4.7027481286932016e-07
2006-08-03,4.7586192408743955e-07
2006-08-04,4.6810177423139976e-07
2006-08-07,4.7493057309111464e-07
2006-08-08,4.7493057309111464e-07
2006-08-09,4.690330683843058e-07
2006-08-10,4.718263255654165e-07
2006-08-11,4.7244719780792366e-07
2006-08-14,4.718263255654165e-07
2006-08-15,4.7493057309111464e-07
2006-08-16,4.625141514225106e-07
2006-08-17,4.795870154339354e-07
2006-08-18,4.76482682643109e-07
2006-08-21,4.789659442394623e-07
2006-08-22,4.808286462321121e-07
2006-08-23,4.808286462321121e-07
2006-08-24,4.795870154339354e-07
2006-08-25,4.780348490385222e-07
2006-08-28,4.805182243217132e-07
2006-08-29,8.611777388978226e-07
2006-08-30,8.611777388978226e-07
2006-08-31,8.411764724769455e-07
2006-09-01,8.345091941919236e-07
2006-09-04,8.389540653297445e-07
2006-09-05,8.361757863895036e-07
2006-09-06,8.367315444957057e-07
2006-09-07,8.417321168963099e-07
2006-09-08,8.489540164191567e-07
2006-09-11,8.478430117975222e-07
2006-09-12,8.439536145488091e-07
2006-09-13,8.472874242215767e-07
2006-09-14,8.456204341200646e-07
2006-09-15,8.456204341200646e-07
2006-09-18,8.511765940966143e-07
2006-09-19,8.489540164191567e-07
2006-09-20,8.456204341200646e-07
2006-09-21,8.461760216960101e-07
2006-09-22,8.456204341200646e-07
2006-09-25,8.489540164191567e-07
2006-09-26,8.450651876046322e-07
2006-09-27,8.589550475335272e-07
2006-09-28,8.60622151321877e-07
2006-09-29,8.684005479153711e-07
2006-10-02,8.672894864503178e-07
2006-10-03,8.767349299887428e-07
2006-10-04,8.75067826200393e-07
2006-10-05,8.806230198388221e-07
2006-10-06,8.75067826200393e-07
2006-10-09,8.684005479153711e-07
2006-10-10,8.667337851875345e-07
2006-10-11,8.839568863550085e-07
2006-10-12,8.922908705244481e-07
2006-10-13,8.950690357778512e-07
2006-10-16,8.972917271421466e-07
2006-10-17,8.950690357778512e-07
2006-10-18,9.061815262612072e-07
2006-10-19,9.095152790905559e-07
2006-10-20,9.122924211624195e-07
2006-10-23,9.128480655817839e-07
2006-10-24,9.117376862377569e-07
2006-10-25,9.222933954333712e-07
2006-10-26,9.27849498566502e-07
2006-10-27,9.184037708109827e-07
2006-10-30,9.217376373271691e-07
2006-10-31,9.167372923002404e-07
2006-11-01,9.184037708109827e-07
2006-11-02,9.178484674521314e-07
2006-11-03,9.217376373271691e-07
2006-11-06,9.128480655817839e-07
2006-11-07,9.228488124790601e-07
2006-11-08,9.184037708109827e-07
2006-11-09,9.111817007578793e-07
2006-11-10,9.134035963143106e-07
2006-11-13,9.128480655817839e-07
2006-11-14,9.284051429858664e-07
2006-11-15,9.306276638199051e-07
2006-11-16,9.200707609124947e-07
2006-11-17,9.272937404602999e-07
2006-11-20,9.156256624009984e-07
2006-11-21,9.222933954333712e-07
2006-11-22,9.30071905713703e-07
2006-11-23,9.328499572802684e-07
2006-11-24,9.317387252849585e-07
2006-11-27,9.217376373271691e-07
2006-11-28,9.022920153256564e-07
2006-11-29,9.056256544681673e-07
2006-11-30,9.061815262612072e-07
2006-12-01,9.017366551233863e-07
2006-12-04,9.050701237356407e-07
2006-12-05,9.056256544681673e-07
2006-12-06,9.134035963143106e-07
2006-12-07,9.139590702034184e-07
2006-12-08,9.084038197215705e-07
2006-12-11,9.095152790905559e-07
2006-12-12,9.195151164931303e-07
2006-12-13,9.234042295247491e-07
2006-12-14,9.228488124790601e-07
2006-12-15,9.334053743259574e-07
2006-12-18,9.38406174100237e-07
2006-12-19,9.306276638199051e-07
2006-12-20,9.334053743259574e-07
2006-12-21,9.272937404602999e-07
2006-12-22,9.334053743259574e-07
2006-12-27,9.389615911459259e-07
2006-12-28,9.350723644274694e-07
2006-12-29,9.361836532661982e-07
2007-01-02,9.38406174100237e-07
2007-01-03,9.334053743259574e-07
2007-01-04,9.578517392583308e-07
2007-01-05,9.445175237488002e-07
2007-01-08,9.389615911459259e-07
2007-01-09,9.617411933504627e-07
2007-01-10,9.61185264714004e-07
2007-01-11,9.789650903258007e-07
2007-01-12,9.822975925999344e-07
2007-01-15,9.928546660376014e-07
2007-01-16,9.96188077806437e-07
2007-01-17,9.839644690146088e-07
2007-01-18,9.822975925999344e-07
2007-01-19,9.822975925999344e-07
2007-01-22,9.895206858345773e-07
2007-01-23,9.867425205811742e-07
2007-01-24,9.917433771988726e-07
2007-01-25,9.806318530536373e-07
2007-01-29,9.66185893958027e-07
2007-01-30,9.900760460368474e-07
2007-01-31,9.70074893302808e-07
2007-02-01,9.778536878002342e-07
2007-02-02,9.778536878002342e-07
2007-02-05,9.884093969958485e-07
2007-02-06,9.80076151790854e-07
2007-02-07,9.889650982586318e-07
2007-02-08,9.789650903258007e-07
2007-02-09,9.811872132559074e-07
2007-02-12,9.806318530536373e-07
2007-02-13,9.75631337496452e-07
2007-02-14,9.828534075495554e-07
2007-02-15,9.828534075495554e-07
2007-02-16,9.79520336841233e-07
2007-02-19,9.867425205811742e-07
2007-02-20,9.861872740657418e-07
2007-02-21,9.506286460236879e-07
2007-02-22,9.528510531708889e-07
2007-02-23,9.417397563993291e-07
2007-02-26,9.38406174100237e-07
2007-02-27,1.617069870007981e-06
2007-02-28,1.5978297369656502e-06
2007-03-01,1.5680093383707572e-06
2007-03-02,1.5458834923265385e-06
2007-03-05,1.5343397308242857e-06
2007-03-06,1.5353015214714105e-06
2007-03-07,1.5824376760065206e-06
2007-03-08,1.6305373264913214e-06
2007-03-09,1.6440035324194469e-06
2007-03-12,1.6642059108562535e-06
2007-03-13,1.6497754131705733e-06
2007-03-14,1.6324617035934352e-06
2007-03-15,1.6593960481259273e-06
2007-03-16,1.6305373264913214e-06
2007-03-19,1.6343857396350359e-06
2007-03-20,1.6430418554591597e-06
2007-03-21,1.6343857396350359e-06
2007-03-22,1.6401555740230833e-06
2007-03-23,1.6305373264913214e-06
2007-03-26,1.635347416595323e-06
2007-03-27,1.6151458339663805e-06
2007-03-28,1.5987914139259374e-06
2007-03-29,1.5785916502863984e-06
2007-03-30,1.5862862028370728e-06
2007-04-02,1.5574273675156292e-06
2007-04-03,1.5853236163820839e-06
2007-04-04,1.5968676052580122e-06
2007-04-05,1.6055255400715396e-06
2007-04-10,1.6103354028018657e-06
2007-04-11,1.6074495761131402e-06
2007-04-12,1.6257271227004821e-06
2007-04-13,1.6343857396350359e-06
2007-04-16,1.6199556966967066e-06
2007-04-17,1.6228414096985944e-06
2007-04-18,1.6257271227004821e-06
2007-04-19,1.620917259970156e-06
2007-04-20,1.6536238263142877e-06
2007-04-23,1.644966005187598e-06
2007-04-24,1.7315434206466307e-06
2007-04-26,1.7459733498981223e-06
2007-04-27,1.727695916997618e-06
2007-04-30,1.7411634871677961e-06
2007-05-01,1.7200004549522419e-06
2007-05-02,1.7421255051885964e-06
2007-05-03,1.7440494275433593e-06
2007-05-04,1.8036919300357113e-06
2007-05-07,1.7604035065232893e-06
2007-05-08,1.7344291336485185e-06
2007-05-09,1.7142274373327382e-06
2007-05-10,1.6969138414424378e-06
2007-05-11,1.6978757457764004e-06
2007-05-14,1.6969138414424378e-06
2007-05-15,1.6940274463195237e-06
2007-05-16,1.6882554518815596e-06
2007-05-17,1.6959510276137735e-06
2007-05-18,1.6978757457764004e-06
2007-05-21,1.6998001228785142e-06
2007-05-22,1.6834458165249089e-06
2007-05-23,1.6786360674814205e-06
2007-05-24,1.6661294921505032e-06
2007-05-25,1.6690156598997419e-06
2007-05-28,1.6911418470044737e-06
2007-05-29,1.708455442894774e-06
2007-05-30,1.7315434206466307e-06
2007-05-31,1.7074939933081623e-06
2007-06-01,1.7046081666194368e-06
2007-06-04,1.728657252897392e-06
2007-06-05,1.7132655329987756e-06
2007-06-06,1.719038209557766e-06
2007-06-07,1.7209616771651781e-06
2007-06-08,1.6853691704454832e-06
2007-06-12,1.6719021687094937e-06
2007-06-13,1.6690156598997419e-06
2007-06-14,1.6709398096281802e-06
2007-06-15,1.6690156598997419e-06
2007-06-18,1.6824831163830822e-06
2007-06-19,1.6901792605494848e-06
2007-06-20,1.6853691704454832e-06
2007-06-21,1.7094181430366007e-06
2007-06-22,1.6872932064870838e-06
2007-06-25,1.6795972896943567e-06
2007-06-26,1.6863311884662835e-06
2007-06-27,1.6690156598997419e-06
2007-06-28,1.6613199704806902e-06
2007-06-29,1.6497754131705733e-06
2007-07-02,1.644966005187598e-06
2007-07-03,1.6593960481259273e-06
2007-07-04,1.6584339164182893e-06
2007-07-05,1.6728640730434563e-06
2007-07-06,1.6497754131705733e-06
2007-07-09,1.6574713299633004e-06
2007-07-10,1.6622815337541397e-06
2007-07-11,1.6468897001686855e-06
2007-07-12,1.6805596487756702e-06
2007-07-13,1.673825522630068e-06
2007-07-16,1.6593960481259273e-06
2007-07-17,1.6844076071720337e-06
2007-07-18,1.6526621493540006e-06
2007-07-19,1.6642059108562535e-06
2007-07-20,1.644966005187598e-06
2007-07-23,1.631499685572635e-06
2007-07-24,1.635347416595323e-06
2007-07-25,1.6189932239285554e-06
2007-07-26,1.592057401467173e-06
2007-07-27,1.5776292912050849e-06
2007-07-30,1.563199475640431e-06
2007-07-31,1.563199475640431e-06
2007-08-01,1.531453563075047e-06
2007-08-02,1.5295294133466086e-06
2007-08-03,1.5160632074184832e-06
2007-08-06,1.5199095741991187e-06
2007-08-07,1.5468455103473389e-06
2007-08-08,1.5583889307890786e-06
2007-08-09,1.5420356476170127e-06
2007-08-10,1.5362637668658863e-06
2007-08-13,1.563199475640431e-06
2007-08-14,1.5535795228061033e-06
2007-08-15,1.509329536020232e-06
2007-08-16,1.5179871297732461e-06
2007-08-17,1.5025957509351429e-06
2007-08-20,1.533377826490323e-06
2007-08-21,1.5583889307890786e-06
2007-08-22,1.5583889307890786e-06
2007-08-23,1.555503558847704e-06
2007-08-24,1.5227956282615196e-06
2007-08-27,1.5035570868349168e-06
2007-08-28,2.66195979747863e-06
2007-08-29,2.7274456897430355e-06
2007-08-30,2.6141719899897e-06
2007-08-31,2.706206714719883e-06
2007-09-03,2.7522262371348916e-06
2007-09-04,2.715056325541809e-06
2007-09-05,2.690276232897304e-06
2007-09-06,2.7079772735305596e-06
2007-09-07,2.7345261059963377e-06
2007-09-10,2.6885068109550048e-06
2007-09-11,2.6761199478642084e-06
2007-09-12,2.7079772735305596e-06
2007-09-13,2.66195979747863e-06
2007-09-14,2.6725797397375572e-06
2007-09-17,2.6301013349439017e-06
2007-09-18,2.6301013349439017e-06
2007-09-19,2.677890051927534e-06
2007-09-20,2.715056325541809e-06
2007-09-21,2.739835736065288e-06
2007-09-24,2.7203668651054613e-06
2007-09-25,2.690276232897304e-06
2007-09-26,2.6743502985482337e-06
2007-09-27,2.6584202714730054e-06
2007-09-28,2.6814293505594833e-06
2007-10-01,2.644259893713752e-06
2007-10-02,2.7433757168182638e-06
2007-10-03,2.6973566491506062e-06
2007-10-04,2.692048155950033e-06
2007-10-05,2.6938162136502797e-06
2007-10-08,2.711516117415158e-06
2007-10-09,2.7203668651054613e-06
2007-10-10,2.7522262371348916e-06
2007-10-11,2.777005420284695e-06
2007-10-12,2.7274456897430355e-06
2007-10-15,2.730986125243362e-06
2007-10-16,2.7026658244722057e-06
2007-10-17,2.6938162136502797e-06
2007-10-18,2.718596306294785e-06
2007-10-19,2.7044366106565576e-06
2007-10-22,2.6885068109550048e-06
2007-10-23,2.6814293505594833e-06
2007-10-24,2.6743502985482337e-06
2007-10-25,2.6814293505594833e-06
2007-10-26,2.6743502985482337e-06
2007-10-29,2.6761199478642084e-06
2007-10-30,2.7044366106565576e-06
2007-10-31,2.7539961138245417e-06
2007-11-01,2.768154899968067e-06
2007-11-02,2.7168264296051348e-06
2007-11-05,2.7026658244722057e-06
2007-11-06,2.7132862214784836e-06
2007-11-07,2.699127435334958e-06
2007-11-08,2.6584202714730054e-06
2007-11-09,2.663730583662982e-06
2007-11-12,2.6371806143288268e-06
2007-11-13,2.6725797397375572e-06
2007-11-14,2.6831971808860544e-06
2007-11-15,2.6708105451689335e-06
2007-11-16,2.654879835972679e-06
2007-11-19,2.7168264296051348e-06
2007-11-20,2.6885068109550048e-06
2007-11-21,2.6495706606510794e-06
2007-11-22,2.633641088323202e-06
2007-11-23,2.6301013349439017e-06
2007-11-26,2.66195979747863e-06
2007-11-27,2.6655000056052813e-06
2007-11-28,2.6566506221570307e-06
2007-11-29,2.690276232897304e-06
2007-11-30,2.7026658244722057e-06
2007-12-03,2.7079772735305596e-06
2007-12-04,2.7203668651054613e-06
2007-12-05,2.7274456897430355e-06
2007-12-06,2.739835736065288e-06
2007-12-07,2.7433757168182638e-06
2007-12-10,2.7433757168182638e-06
2007-12-11,2.725676040427061e-06
2007-12-12,2.7132862214784836e-06
2007-12-13,2.663730583662982e-06
2007-12-14,2.653110186656704e-06
2007-12-17,2.6053221517940983e-06
2007-12-18,2.6053221517940983e-06
2007-12-19,2.5752324290806428e-06
2007-12-20,2.578772182459943e-06
2007-12-21,2.66018992078898e-06
2007-12-24,2.6354111923865275e-06
2007-12-27,2.66018992078898e-06
2007-12-28,2.621250814627274e-06
2007-12-31,2.615940957184648e-06
2008-01-02,2.6177110612479737e-06
2008-01-03,2.654879835972679e-06
2008-01-04,2.6495706606510794e-06
2008-01-07,2.5770027605176438e-06
2008-01-08,2.6053221517940983e-06
2008-01-09,2.561075461926521e-06
2008-01-10,2.5539950456732186e-06
2008-01-11,2.4867370029824087e-06
2008-01-14,2.4708065211598296e-06
2008-01-15,2.4778867100394564e-06
2008-01-16,2.4725763978494797e-06
2008-01-17,2.4955863864306593e-06
2008-01-18,2.515055712137837e-06
2008-01-21,2.4654968910908792e-06
2008-01-22,2.3770016923663206e-06
2008-01-23,2.4159412532753777e-06
2008-01-24,2.438950559735531e-06
2008-01-25,2.499125912436284e-06
2008-01-29,2.433640702292905e-06
2008-01-30,2.389391511314898e-06
2008-01-31,2.4619569103379035e-06
2008-02-01,2.4778867100394564e-06
2008-02-04,2.483196567482082e-06
2008-02-05,2.4424898583674803e-06
2008-02-06,2.41063048633805e-06
2008-02-07,2.4159412532753777e-06
2008-02-08,2.4601874883956043e-06
2008-02-11,2.3911620701255742e-06
2008-02-12,2.4230205326603027e-06
2008-02-13,2.4938167371146847e-06
2008-02-14,2.5398353500349913e-06
2008-02-15,2.5469148567935918e-06
2008-02-18,2.53098551183939e-06
2008-02-19,2.561075461926521e-06
2008-02-20,2.4725763978494797e-06
2008-02-21,2.6513400825933786e-06
2008-02-22,2.7168264296051348e-06
2008-02-25,2.6831971808860544e-06
2008-02-26,4.9383916120859794e-06
2008-02-27,5.082159077574033e-06
2008-02-28,5.159063221071847e-06
2008-02-29,5.102222985442495e-06
2008-03-03,5.001917998015415e-06
2008-03-04,5.0119492698286194e-06
2008-03-05,4.998575604986399e-06
2008-03-06,5.001917998015415e-06
2008-03-07,4.941733095620293e-06
2008-03-10,4.914984856441151e-06
2008-03-11,4.931701823807089e-06
2008-03-12,4.891580374533078e-06
2008-03-13,4.861486104346113e-06
2008-03-14,4.834743322135182e-06
2008-03-17,4.7143739720922895e-06
2008-03-18,4.737778454000363e-06
2008-03-19,4.7411213017767295e-06
2008-03-20,4.784589236805914e-06
2008-03-25,4.931701823807089e-06
2008-03-26,4.881548193225171e-06
2008-03-27,4.77455841974006e-06
2008-03-28,4.757841452374123e-06
2008-03-31,4.731091394205578e-06
2008-04-01,4.7143739720922895e-06
2008-04-02,4.838087988900952e-06
2008-04-03,4.781245479534846e-06
2008-04-04,4.908298251393717e-06
2008-04-07,4.898266524833161e-06
2008-04-08,4.894923222309444e-06
2008-04-09,4.80465041619027e-06
2008-04-10,4.80465041619027e-06
2008-04-11,3.7815316318301484e-06
2008-04-14,3.5107036637782585e-06
2008-04-15,3.6210376492817886e-06
2008-04-16,3.597632712626364e-06
2008-04-17,3.7280340166034875e-06
2008-04-18,3.667849114208366e-06
2008-04-21,3.711314775500796e-06
2008-04-22,3.7614706798194675e-06
2008-04-23,3.814962383330567e-06
2008-04-24,3.7882184642512584e-06
2008-04-28,3.8116179439384723e-06
2008-04-29,3.7614706798194675e-06
2008-04-30,3.818305685854284e-06
2008-05-01,3.7882184642512584e-06
2008-05-02,3.8116179439384723e-06
2008-05-05,3.7581271499220748e-06
2008-05-06,3.7280340166034875e-06
2008-05-07,3.724689122464042e-06
2008-05-08,3.724689122464042e-06
2008-05-09,3.721345819940325e-06
2008-05-12,3.7547827105299802e-06
2008-05-13,3.721345819940325e-06
2008-05-14,3.711314775500796e-06
2008-05-15,3.8116179439384723e-06
2008-05-16,3.831679805443855e-06
2008-05-19,3.878491042996757e-06
2008-05-20,3.8283374124148395e-06
2008-05-21,3.7715017242589965e-06
2008-05-22,3.711314775500796e-06
2008-05-23,3.687910293592722e-06
2008-05-26,3.721345819940325e-06
2008-05-27,3.7046283978270367e-06
2008-05-28,3.661161372292554e-06
2008-05-29,3.734721076398273e-06
2008-05-30,3.7581271499220748e-06
2008-06-02,3.6645046748162713e-06
2008-06-03,3.567544808902312e-06
2008-06-04,3.6277258459449513e-06
2008-06-05,3.651130782600376e-06
2008-06-06,3.677879703900544e-06
2008-06-10,3.6411001929081976e-06
2008-06-11,3.694597580761183e-06
2008-06-12,3.567544808902312e-06
2008-06-13,3.524079147609882e-06
2008-06-16,3.5441410091152648e-06
2008-06-17,3.5775769902102184e-06
2008-06-18,3.667849114208366e-06
2008-06-19,3.5441410091152648e-06
2008-06-20,3.584263140510302e-06
2008-06-23,3.4438307920936495e-06
2008-06-24,3.4170834624092095e-06
2008-06-25,3.296719341960852e-06
2008-06-26,3.3401856853743084e-06
2008-06-27,3.3234668990189675e-06
2008-06-30,3.2800003282318357e-06
2008-07-01,3.296719341960852e-06
2008-07-02,3.189722974639153e-06
2008-07-03,3.179691475452273e-06
2008-07-04,3.3100920973083703e-06
2008-07-07,3.2432203624921385e-06
2008-07-08,3.266624844400212e-06
2008-07-09,3.363590622029733e-06
2008-07-10,3.216471668565646e-06
2008-07-11,3.216471668565646e-06
2008-07-14,3.1863789899944095e-06
2008-07-15,3.0459525532933185e-06
2008-07-16,3.096106411248911e-06
2008-07-17,3.062670657527633e-06
2008-07-18,2.972392621813924e-06
2008-07-21,3.096106411248911e-06
2008-07-22,3.009173042300972e-06
2008-07-23,3.086075366809382e-06
2008-07-24,3.1328870591096347e-06
2008-07-25,3.102794153164723e-06
2008-07-28,3.0426087960222503e-06
2008-07-29,2.938962552434532e-06
2008-07-30,2.9222444482002174e-06
2008-07-31,2.9021825866948348e-06
2008-08-01,2.831966639860184e-06
2008-08-04,2.892151769628981e-06
2008-08-05,2.862058636310394e-06
2008-08-06,2.8754332106473157e-06
2008-08-07,3.0660139600513503e-06
2008-08-08,2.975736833832343e-06
2008-08-11,3.0325777515827212e-06
2008-08-12,1.3180007044866215e-05
2008-08-13,1.3242694876680616e-05
2008-08-14,1.316433281317586e-05
2008-08-15,1.316433281317586e-05
2008-08-18,1.3117317394062411e-05
2008-08-19,1.2913578757434152e-05
2008-08-20,1.2709867405646946e-05
2008-08-21,1.2615835657925345e-05
2008-08-22,1.299194173043361e-05
2008-08-25,1.3618831872008741e-05
2008-08-26,1.3556139492720831e-05
2008-08-27,1.3430762010102626e-05
2008-08-28,1.3352403584576678e-05
2008-08-29,1.3415091416391078e-05
2008-09-01,1.3211350051278714e-05
2008-09-02,1.3477773791237269e-05
2008-09-03,1.3791224773740396e-05
2008-09-04,1.3916576790506952e-05
2008-09-05,1.3556139492720831e-05
2008-09-08,1.3665843653143384e-05
2008-09-09,1.3571814633905888e-05
2008-09-10,1.3477773791237269e-05
2008-09-11,1.3180007044866215e-05
2008-09-12,1.316433281317586e-05
2008-09-15,1.2803898243873846e-05
2008-09-16,1.2709867405646946e-05
2008-09-17,1.2584486285049934e-05
2008-09-18,1.2459106073947623e-05
2008-09-19,1.2615835657925345e-05
2008-09-22,1.2694188626483083e-05
2008-09-23,1.2302383765927516e-05
2008-09-24,1.2537467227957677e-05
2008-09-25,1.2537467227957677e-05
2008-09-26,1.2803898243873846e-05
2008-09-29,1.2584486285049934e-05
2008-09-30,1.266284834855469e-05
2008-10-01,1.2694188626483083e-05
2008-10-02,1.277255159948254e-05
2008-10-03,1.2756881915265694e-05
2008-10-06,1.263149988517398e-05
2008-10-07,1.3321056940185372e-05
2008-10-08,1.2506124221545178e-05
2008-10-09,1.214566236740211e-05
2008-10-10,1.131505905505037e-05
2008-10-13,1.1362074474163819e-05
2008-10-14,1.1283715139143169e-05
2008-10-15,1.1628508218564093e-05
2008-10-16,1.0594161722110584e-05
2008-10-17,1.0703868611017242e-05
2008-10-20,1.1534474651853088e-05
2008-10-21,1.1252373042225372e-05
2008-10-22,1.1377750524843577e-05
2008-10-23,1.0891910278587602e-05
2008-10-24,1.0578489309409633e-05
2008-10-27,1.0343405847379472e-05
2008-10-28,1.0108326023328118e-05
2008-10-29,1.0343405847379472e-05
2008-10-30,1.0343405847379472e-05
2008-10-31,1.0735209798440337e-05
2008-11-03,1.1753882063203491e-05
2008-11-04,1.097026870411355e-05
2008-11-05,1.1283715139143169e-05
2008-11-06,1.0891910278587602e-05
2008-11-07,1.1001612620020751e-05
2008-11-10,1.1205353075638413e-05
2008-11-11,1.0625506547512487e-05
2008-11-12,1.0860587281058542e-05
2008-11-13,1.0343405847379472e-05
2008-11-14,1.0437437595101073e-05
2008-11-17,1.0390421266492922e-05
2008-11-18,1.0155338713957462e-05
2008-11-19,1.0531473890296184e-05
2008-11-20,1.0609829587338027e-05
2008-11-21,1.0500129064894281e-05
2008-11-24,1.0672522876120638e-05
2008-11-25,1.1032959264412057e-05
2008-11-26,1.071953920472879e-05
2008-11-27,1.090758087229915e-05
2008-11-28,1.0985942935803905e-05
2008-12-01,1.1001612620020751e-05
2008-12-02,1.0860587281058542e-05
2008-12-03,1.0797900358738843e-05
2008-12-04,1.09232532850001e-05
2008-12-05,1.0782230674521998e-05
2008-12-08,1.097026870411355e-05
2008-12-09,1.0343405847379472e-05
2008-12-10,9.982947631215211e-06
2008-12-11,1.0029960321844555e-05
2008-12-12,9.79490505415015e-06
2008-12-15,1.0029960321844555e-05
2008-12-16,1.0061304237751756e-05
2008-12-17,9.76355659076944e-06
2008-12-18,1.0233702596451622e-05
2008-12-19,1.0014288818638306e-05
2008-12-22,1.035907644109102e-05
2008-12-23,1.0484457561688032e-05
2008-12-24,1.0609829587338027e-05
2008-12-29,1.0578489309409633e-05
2008-12-30,1.0954597200907301e-05
2008-12-31,1.0954597200907301e-05
2009-01-02,1.097026870411355e-05
2009-01-05,1.0860587281058542e-05
2009-01-06,1.097026870411355e-05
2009-01-07,1.097026870411355e-05
2009-01-08,1.097026870411355e-05
2009-01-09,1.090758087229915e-05
2009-01-12,1.1032959264412057e-05
2009-01-13,1.064117532223463e-05
2009-01-14,1.0954597200907301e-05
2009-01-15,1.0468783329997677e-05
2009-01-16,1.0578489309409633e-05
2009-01-19,1.0891910278587602e-05
2009-01-20,1.064117532223463e-05
2009-01-21,1.0938928426185157e-05
2009-01-22,1.0860587281058542e-05
2009-01-23,1.0374750672781374e-05
2009-01-27,1.0735209798440337e-05
2009-01-28,1.064117532223463e-05
2009-01-29,1.064117532223463e-05
2009-01-30,1.0327733434678521e-05
2009-02-02,1.0296387699781917e-05
2009-02-03,1.0735209798440337e-05
2009-02-04,1.064117532223463e-05
2009-02-05,1.0327733434678521e-05
2009-02-06,1.0531473890296184e-05
2009-02-09,1.0484457561688032e-05
2009-02-10,4.7672612708993256e-05
2009-02-11,4.721566801890731e-05
2009-02-12,4.8434048949275166e-05
2009-02-13,4.9500242312205955e-05
2009-02-16,4.889097181148827e-05
2009-02-17,4.797722795046866e-05
2009-02-18,4.8434048949275166e-05
2009-02-19,4.8434048949275166e-05
2009-02-20,4.835791332880035e-05
2009-02-23,4.7520305088255554e-05
2009-02-24,4.820559115614742e-05
2009-02-25,4.881483982899226e-05
2009-02-26,4.858636384597048e-05
2009-02-27,4.858636384597048e-05
2009-03-02,4.774877743329853e-05
2009-03-03,4.812943734577857e-05
2009-03-04,4.896715472568758e-05
2009-03-05,4.7520305088255554e-05
2009-03-06,4.797722795046866e-05
2009-03-09,4.797722795046866e-05
2009-03-10,4.866252129431814e-05
2009-03-11,4.866252129431814e-05
2009-03-12,4.790108141605742e-05
2009-03-13,4.7824934881646186e-05
2009-03-16,4.835791332880035e-05
2009-03-17,4.835791332880035e-05
2009-03-18,4.866252129431814e-05
2009-03-19,4.8434048949275166e-05
2009-03-20,4.820559115614742e-05
2009-03-23,4.820559115614742e-05
2009-03-24,4.8434048949275166e-05
2009-03-25,4.858636384597048e-05
2009-03-26,4.7824934881646186e-05
2009-03-27,5.02617986057885e-05
2009-03-30,4.911946598440409e-05
2009-03-31,4.9500242312205955e-05
2009-04-01,5.064258220954798e-05
2009-04-02,5.3612555348081514e-05
2009-04-03,5.148028867552057e-05
2009-04-06,5.3307936468627304e-05
2009-04-07,5.3307936468627304e-05
2009-04-08,5.216570207267068e-05
2009-04-09,5.224187043495476e-05
2009-04-14,5.3612555348081514e-05
2009-04-15,5.3307936468627304e-05
2009-04-16,5.368871643440798e-05
2009-04-17,5.4374104365706444e-05
2009-04-20,5.368871643440798e-05
2009-04-21,5.422181129688397e-05
2009-04-22,5.269880057312548e-05
2009-04-23,5.3079471399541944e-05
2009-04-24,5.262265767669305e-05
2009-04-27,5.315562157193199e-05
2009-04-28,5.208955190028064e-05
2009-04-29,5.353639426175505e-05
2009-04-30,5.6734967074589804e-05
2009-05-01,5.620187948807143e-05
2009-05-04,5.620187948807143e-05
2009-05-05,5.5211843573488295e-05
2009-05-06,5.5440319556510076e-05
2009-05-07,5.483105996972881e-05
2009-05-08,5.635419438476674e-05
2009-05-11,5.635419438476674e-05
2009-05-12,5.6430348195135593e-05
2009-05-13,5.620187948807143e-05
2009-05-14,5.627801874652505e-05
2009-05-15,5.505952867679298e-05
2009-05-18,5.445028000394814e-05
2009-05-19,5.696343578165397e-05
2009-05-20,5.6887274695327505e-05
2009-05-21,5.71157579543069e-05
2009-05-22,5.536414755624719e-05
2009-05-25,5.414564293459989e-05
2009-05-26,5.483105996972881e-05
2009-05-27,5.597339622909203e-05
2009-05-28,5.49833603145089e-05
2009-05-29,5.5897260608617216e-05
2009-06-01,5.505952867679298e-05
2009-06-02,5.460259490064345e-05
2009-06-03,5.6658824178157374e-05
2009-06-04,5.566877734963782e-05
2009-06-05,5.528800465981476e-05
2009-06-09,5.513568248716183e-05
2009-06-10,5.574493116000667e-05
2009-06-11,5.5211843573488295e-05
2009-06-12,5.5211843573488295e-05
2009-06-15,5.490722105605528e-05
2009-06-16,5.338410483091138e-05
2009-06-17,5.224187043495476e-05
2009-06-18,5.292715286486782e-05
2009-06-19,5.292715286486782e-05
2009-06-22,5.452640834846534e-05
2009-06-23,5.414564293459989e-05
2009-06-24,5.3307936468627304e-05
2009-06-25,5.3307936468627304e-05
2009-06-26,5.368871643440798e-05
2009-06-29,5.315562157193199e-05
2009-06-30,5.452640834846534e-05
2009-07-01,5.3079471399541944e-05
2009-07-02,5.315562157193199e-05
2009-07-03,5.239418533165008e-05
2009-07-06,5.262265767669305e-05
2009-07-07,5.20134053658694e-05
2009-07-08,5.186108683119528e-05
2009-07-09,5.269880057312548e-05
2009-07-10,5.34602404513862e-05
2009-07-13,5.208955190028064e-05
2009-07-14,5.315562157193199e-05
2009-07-15,5.353639426175505e-05
2009-07-16,5.483105996972881e-05
2009-07-17,5.422181129688397e-05
2009-07-20,5.483105996972881e-05
2009-07-21,5.429797602118924e-05
2009-07-22,5.483105996972881e-05
2009-07-23,5.422181129688397e-05
2009-07-24,5.49833603145089e-05
2009-07-27,5.513568248716183e-05
2009-07-28,5.536414755624719e-05
2009-07-29,5.536414755624719e-05
2009-07-30,5.5440319556510076e-05
2009-07-31,5.513568248716183e-05
2009-08-03,5.483105996972881e-05
2009-08-04,5.475489888340235e-05
2009-08-05,5.620187948807143e-05
2009-08-06,5.353639426175505e-05
2009-08-07,5.414564293459989e-05
2009-08-10,5.353639426175505e-05
2009-08-11,0.00014444995031226426
2009-08-12,0.00014444995031226426
2009-08-13,0.00014747744717169553
2009-08-14,0.00014682867913506925
2009-08-17,0.0001412062847521156
2009-08-18,0.0001399087777826935
2009-08-19,0.00013774627586826682
2009-08-20,0.0001440174673916772
2009-08-21,0.00014012499013915658
2009-08-24,0.0001442336943000555
2009-08-25,0.00014142248255666345
2009-08-26,0.0001442336943000555
2009-08-27,0.00014336869935505092
2009-08-28,0.00014747744717169553
2009-08-31,0.00014509873290080577
2009-09-01,0.0001461799256503582
2009-09-02,0.0001461799256503582
2009-09-03,0.00014942370762582868
2009-09-04,0.000150288367876783
2009-09-07,0.0001487749395892024
2009-09-08,0.00015072082169353962
2009-09-09,0.00015353201888501644
2009-09-10,0.00015201829955913126
2009-09-11,0.0001522345410194248
2009-09-14,0.0001509370340500027
2009-09-15,0.00015504581097047776
2009-09-16,0.000154613284394145
2009-09-17,0.000154613284394145
2009-09-18,0.0001518020435469225
2009-09-21,0.0001522345410194248
2009-09-22,0.0001518020435469225
2009-09-23,0.00015374826034530997
2009-09-24,0.00015201829955913126
2009-09-25,0.00015396453090943396
2009-09-28,0.0001518020435469225
2009-09-29,0.00015418080147355795
2009-09-30,0.00015418080147355795
2009-10-01,0.00015569452079944313
2009-10-02,0.00015266702394001186
2009-10-05,0.00015266702394001186
2009-10-06,0.00015266702394001186
2009-10-07,0.0001530995505163446
2009-10-08,0.00015245079703163356
2009-10-09,0.00014985614689067006
2009-10-12,0.00015072082169353962
2009-10-13,0.00015201829955913126
2009-10-14,0.00015331579197663814
2009-10-15,0.00015547825023531914
2009-10-16,0.0001543969992781058
2009-10-19,0.00015569452079944313
2009-10-20,0.00015720825467724353
2009-10-21,0.00015612698916811496
2009-10-22,0.0001548294967506081
2009-10-23,0.00016001949552446604
2009-10-26,0.00016066821990534663
2009-10-27,0.00015785699361003935
2009-10-28,0.00015655947208870202
2009-10-29,0.0001548294967506081
2009-10-30,0.000154613284394145
2009-11-02,0.00015245079703163356
2009-11-03,0.0001522345410194248
2009-11-04,0.00015136956062633544
2009-11-05,0.00015266702394001186
2009-11-06,0.00015115330461412668
2009-11-09,0.0001543969992781058
2009-11-10,0.00015720825467724353
2009-11-11,0.0001580732496222481
2009-11-12,0.00015915451513137668
2009-11-13,0.00015720825467724353
2009-11-16,0.00015915451513137668
2009-11-17,0.00015937077114358544
2009-11-18,0.00015958699805196375
2009-11-19,0.00015850571799091995
2009-11-20,0.00015526203787885606
2009-11-23,0.00015569452079944313
2009-11-24,0.00015396453090943396
2009-11-25,0.0001548294967506081
2009-11-26,0.00015396453090943396
2009-11-27,0.0001522345410194248
2009-11-30,0.00015526203787885606
2009-12-01,0.00015612698916811496
2009-12-02,0.00015612698916811496
2009-12-03,0.0001580732496222481
2009-12-04,0.00014920740795787424
2009-12-07,0.00015288329450413585
2009-12-08,0.0001509370340500027
2009-12-09,0.00014963991998229176
2009-12-10,0.00014985614689067006
2009-12-11,0.00014963991998229176
2009-12-14,0.0001489911664975807
2009-12-15,0.00014812618610449135
2009-12-16,0.00014704492059536278
2009-12-17,0.00014812618610449135
2009-12-18,0.00014855872723273933
2009-12-21,0.00014747744717169553
2009-12-22,0.00014812618610449135
2009-12-23,0.00014963991998229176
2009-12-24,0.00014985614689067006
2009-12-29,0.00015136956062633544
2009-12-30,0.0001509370340500027
2009-12-31,0.000150288367876783
2010-01-04,0.00015158580208662897
2010-01-05,0.00015353201888501644
2010-01-06,0.0001530995505163446
2010-01-07,0.0001530995505163446
2010-01-08,0.00015331579197663814
2010-01-11,0.0001543969992781058
2010-01-12,0.00015288329450413585
2010-01-13,0.00015353201888501644
2010-01-14,0.00015266702394001186
2010-01-15,0.0001548294967506081
2010-01-18,0.00015591079136356711
2010-01-19,0.00015591079136356711
2010-01-20,0.00015547825023531914
2010-01-21,0.00015569452079944313
2010-01-22,0.00015677575720474124
2010-01-25,0.00015591079136356711
2010-01-27,0.0001543969992781058
2010-01-28,0.00015634325973223895
2010-01-29,0.00015201829955913126
2010-02-01,0.0001522345410194248
2010-02-02,0.00015158580208662897
2010-02-03,0.00015245079703163356
2010-02-04,0.00015245079703163356
2010-02-05,0.00015353201888501644
2010-02-08,0.000154613284394145
2010-02-09,0.00040145980892702937
2010-02-10,0.0004020554188173264
2010-02-11,0.0004038424522150308
2010-02-12,0.00040682064718566835
2010-02-15,0.0004038424522150308
2010-02-16,0.00040503364289179444
2010-02-17,0.0004062250372953713
2010-02-18,0.0004044380330014974
2010-02-19,0.00040086411172524095
2010-02-22,0.0004109902074560523
2010-02-23,0.0004127772117499262
2010-02-24,0.0004109902074560523
2010-02-25,0.0004020554188173264
2010-02-26,0.00040324663859792054
2010-03-01,0.00040682064718566835
2010-03-02,0.0004092033486813307
2010-03-03,0.00041337282164022326
2010-03-04,0.00040741628617979586
2010-03-05,0.0004127772117499262
2010-03-08,0.0004109902074560523
2010-03-09,0.0004109902074560523
2010-03-10,0.0004097989294677973
2010-03-11,0.00040741628617979586
2010-03-12,0.00040503364289179444
2010-03-15,0.0004062250372953713
2010-03-16,0.000402650999603793
2010-03-17,0.000402650999603793
2010-03-18,0.0004020554188173264
2010-03-19,0.00040562934009358287
2010-03-22,0.00040503364289179444
2010-03-23,0.00040741628617979586
2010-03-24,0.0004097989294677973
2010-03-25,0.00041039459756575525
2010-03-26,0.0004097989294677973
2010-03-29,0.00041396761662326753
2010-03-30,0.00041337282164022326
2010-03-31,0.0004109902074560523
2010-04-01,0.0004127772117499262
2010-04-06,0.0004127772117499262
2010-04-07,0.00041992400656454265
2010-04-08,0.00041992400656454265
2010-04-09,0.0004187327576801181
2010-04-12,0.00041813706047832966
2010-04-13,0.0004151588073000312
2010-04-14,0.0004175415087956935
2010-04-15,0.00041992400656454265
2010-04-16,0.0004163500852882862
2010-04-19,0.00041396761662326753
2010-04-20,0.0004127772117499262
2010-04-21,0.00041396761662326753
2010-04-22,0.0004109902074560523
2010-04-23,0.0004092033486813307
2010-04-27,0.0004127772117499262
2010-04-28,0.0004092033486813307
2010-04-29,0.0004080119251739234
2010-04-30,0.0004092033486813307
2010-05-03,0.0004080119251739234
2010-05-04,0.00040682064718566835
2010-05-05,0.0004044380330014974
2010-05-06,0.0003937161818612367
2010-05-07,0.0003853771777357906
2010-05-10,0.00038775982102379203
2010-05-11,0.0003871641238220036
2010-05-12,0.0003913335967808962
2010-05-13,0.0003937161818612367
2010-05-14,0.0003925248747691512
2010-05-17,0.0003829945344477892
2010-05-18,0.0003847813932225108
2010-05-19,0.00037942067137919366
2010-05-20,0.0003829945344477892
2010-05-21,0.0003788249450735748
2010-05-24,0.0003847813932225108
2010-05-25,0.00039490748895332217
2010-05-26,0.0003853771777357906
2010-05-27,0.0003871641238220036
2010-05-28,0.00039729016134515405
2010-05-31,0.0003937161818612367
2010-06-01,0.00039609885425306857
2010-06-02,0.000390142435207963
2010-06-03,0.0003913335967808962
2010-06-04,0.00039073804509826005
2010-06-07,0.0003871641238220036
2010-06-08,0.0003823987499345094
2010-06-09,0.0003859727585222572
2010-06-10,0.000390142435207963
2010-06-11,0.00039609885425306857
2010-06-15,0.00039490748895332217
2010-06-16,0.00039609885425306857
2010-06-17,0.0003925248747691512
2010-06-18,0.00039848146843723953
2010-06-21,0.00040086411172524095
2010-06-22,0.0003931206010747701
2010-06-23,0.0003937161818612367
2010-06-24,0.0003931206010747701
2010-06-25,0.00038775982102379203
2010-06-28,0.0003853771777357906
2010-06-29,0.0003829945344477892
2010-06-30,0.00037703802809119225
2010-07-01,0.00038001625216566026
2010-07-02,0.00038001625216566026
2010-07-05,0.0003835901152342558
2010-07-06,0.0003835901152342558
2010-07-07,0.0003782293642871082
2010-07-08,0.0003847813932225108
2010-07-09,0.0003853771777357906
2010-07-12,0.0003865684266202152
2010-07-13,0.000390142435207963
2010-07-14,0.0003931206010747701
2010-07-15,0.00039073804509826005
2010-07-16,0.000390142435207963
2010-07-19,0.0003889511863235384
2010-07-20,0.000400268443627283
2010-07-21,0.000400268443627283
2010-07-22,0.0003978857712354511
2010-07-23,0.000400268443627283
2010-07-26,0.000402650999603793
2010-07-27,0.0004038424522150308
2010-07-28,0.00041039459756575525
2010-07-29,0.0004109902074560523
2010-07-30,0.0004086076223757118
2010-08-02,0.0004109902074560523
2010-08-03,0.0004127772117499262
2010-08-04,0.0004115859919693321
2010-08-05,0.000402650999603793
2010-08-06,0.00039669452235102654
2010-08-09,0.00039848146843723953
2010-08-10,0.0008823605603538454
2010-08-11,0.0008699712925590575
2010-08-12,0.0008630908560007811
2010-08-13,0.0008658439037390053
2010-08-16,0.0008699712925590575
2010-08-17,0.0008823605603538454
2010-08-18,0.0008727245731279254
2010-08-19,0.0008796073379926383
2010-08-20,0.0008672205149196088
2010-08-23,0.0008741012425161898
2010-08-24,0.0008672205149196088
2010-08-25,0.0008685972425155342
2010-08-26,0.0008741012425161898
2010-08-27,0.0008768542902544141
2010-08-30,0.000883737113326788
2010-08-31,0.0008796073379926383
2010-09-01,0.0008906202856451273
2010-09-02,0.0008947500609792769
2010-09-03,0.0008961264975368977
2010-09-06,0.0008961264975368977
2010-09-07,0.0008975028758868575
2010-09-08,0.0008947500609792769
2010-09-09,0.0009098920854739845
2010-09-10,0.0009043856989592314
2010-09-13,0.0009167749667540193
2010-09-14,0.0009195281891152263
2010-09-15,0.0009264110121876001
2010-09-16,0.0009443063754588366
2010-09-17,0.0009525659843347967
2010-09-20,0.0009470595978200436
2010-09-21,0.0009470595978200436
2010-09-22,0.0009511894313618541
2010-09-23,0.0009470595978200436
2010-09-24,0.0009456832776777446
2010-09-27,0.0009470595978200436
2010-09-28,0.0009580699261277914
2010-09-29,0.0009635761962272227
2010-09-30,0.0009635761962272227
2010-10-01,0.0009580699261277914
2010-10-04,0.0009525659843347967
2010-10-05,0.0009621997596696019
2010-10-06,0.000980095355771482
2010-10-07,0.0009814721997827291
2010-10-08,0.0009704594849608839
2010-10-11,0.000984224840067327
2010-10-12,0.0009718358051031828
2010-10-13,0.0009745890274643898
2010-10-14,0.000984224840067327
2010-10-15,0.000989214750006795
2010-10-18,0.000989214750006795
2010-10-19,0.000989214750006795
2010-10-20,0.000989214750006795
2010-10-21,0.0010226517915725708
2010-10-22,0.001037976355291903
2010-10-25,0.0010407642694190145
2010-10-26,0.001036584610119462
2010-10-27,0.001037976355291903
2010-10-28,0.001037976355291903
2010-10-29,0.001028225407935679
2010-11-01,0.0010337969288229942
2010-11-02,0.0010310112265869975
2010-11-03,0.0010337969288229942
2010-11-04,0.0010407642694190145
2010-11-05,0.0010337969288229942
2010-11-08,0.001032405300065875
2010-11-09,0.001028225407935679
2010-11-10,0.0010212580673396587
2010-11-11,0.0010240458650514483
2010-11-12,0.0010156863136216998
2010-11-15,0.0010087192058563232
2010-11-16,0.0010045396629720926
2010-11-17,0.0009989658137783408
2010-11-18,0.0010003596544265747
2010-11-19,0.0010003596544265747
2010-11-22,0.0010003596544265747
2010-11-23,0.0009864266030490398
2010-11-24,0.000989214750006795
2010-11-25,0.001003145589493215
2010-11-26,0.0010003596544265747
2010-11-29,0.0010003596544265747
2010-11-30,0.000989214750006795
2010-12-01,0.000989214750006795
2010-12-02,0.0010073250159621239
2010-12-03,0.0010101130465045571
2010-12-06,0.0010170784080401063
2010-12-07,0.0010198663221672177
2010-12-08,0.0010087192058563232
2010-12-09,0.0010045396629720926
2010-12-10,0.0010017533786594868
2010-12-13,0.0009920001029968262
2010-12-14,0.0009864266030490398
2010-12-15,0.000983641017228365
2010-12-16,0.000983641017228365
2010-12-17,0.0009989658137783408
2010-12-20,0.000989214750006795
2010-12-21,0.0009975740686058998
2010-12-22,0.0009961799951270223
2010-12-23,0.0009933942928910255
2010-12-24,0.0009975740686058998
2010-12-29,0.0010003596544265747
2010-12-30,0.0009961799951270223
2010-12-31,0.0009906062623485923
2011-01-04,0.0009850325295701623
2011-01-05,0.0009920001029968262
2011-01-06,0.0009906062623485923
2011-01-07,0.000989214750006795
2011-01-10,0.0009947861544787884
2011-01-11,0.0009933942928910255
2011-01-12,0.0009808529866859317
2011-01-13,0.0009766736766323447
2011-01-14,0.0009850325295701623
2011-01-17,0.0009766736766323447
2011-01-18,0.0009752816404215991
2011-01-19,0.0009808529866859317
2011-01-20,0.0009724938427098095
2011-01-21,0.000971101806499064
2011-01-24,0.0009766736766323447
2011-01-25,0.0009822468273341656
2011-01-27,0.000971101806499064
2011-01-28,0.0009724938427098095
2011-01-31,0.000966922496445477
2011-02-01,0.0009641344076953828
2011-02-02,0.0009613489382900298
2011-02-03,0.0009906062623485923
2011-02-04,0.0010212580673396587
2011-02-07,0.0010226517915725708
2011-02-08,0.0019946126267313957
2011-02-09,0.002005679300054908
2011-02-10,0.0020388758275657892
2011-02-11,0.0020499429665505886
2011-02-14,0.0020610049832612276
2011-02-15,0.0020693084225058556
2011-02-16,0.0020720730535686016
2011-02-17,0.002096970332786441
2011-02-18,0.002096970332786441
2011-02-21,0.002110804198309779
2011-02-22,0.0020693084225058556
2011-02-23,0.0020499429665505886
2011-02-24,0.0020720730535686016
2011-02-25,0.002088670851662755
2011-02-28,0.0021052691154181957
2011-03-01,0.0020831390284001827
2011-03-02,0.0020776083692908287
2011-03-03,0.002096970332786441
2011-03-04,0.002130170352756977
2011-03-07,0.0020610049832612276
2011-03-08,0.0020610049832612276
2011-03-09,0.002074840245768428
2011-03-10,0.002044406719505787
2011-03-11,0.0020139780826866627
2011-03-15,0.001978013664484024
2011-03-16,0.0020029116421937943
2011-03-17,0.0020029116421937943
2011-03-18,0.0020139780826866627
2011-03-21,0.0020416434854269028
2011-03-22,0.0020388758275657892
2011-03-23,0.0020305761136114597
2011-03-24,0.002044406719505787
2011-03-25,0.0020582415163517
2011-03-28,0.0020554743241518736
2011-03-29,0.0020776083692908287
2011-03-30,0.002088670851662755
2011-03-31,0.0020720730535686016
2011-04-01,0.0020582415163517
2011-04-04,0.0020554743241518736
2011-04-05,0.0020665409974753857
2011-04-06,0.0020471748430281878
2011-04-07,0.0020416434854269028
2011-04-08,0.002033344702795148
2011-04-11,0.002016746671870351
2011-04-12,0.0020029116421937943
2011-04-13,0.0020499429665505886
2011-04-14,0.0020582415163517
2011-04-15,0.0020914380438625813
2011-04-18,0.0021163353230804205
2011-04-19,0.0021025054156780243
2011-04-20,0.002127402927726507
2011-04-21,0.002149532549083233
2011-04-27,0.002146769780665636
2011-04-28,0.002135702408850193
2011-04-29,0.002110804198309779
2011-05-02,0.0021191034466028214
2011-05-03,0.002149532549083233
2011-05-04,0.002132934518158436
2011-05-05,0.002144000492990017
2011-05-06,0.002146769780665636
2011-05-09,0.002171665895730257
2011-05-10,0.002185496734455228
2011-05-11,0.0021882643923163414
2011-05-12,0.002168898703530431
2011-05-13,0.0021827332675457
2011-05-16,0.0021384693682193756
2011-05-17,0.002130170352756977
2011-05-18,0.0021633668802678585
2011-05-19,0.002185496734455228
2011-05-20,0.002174434019252658
2011-05-23,0.002130170352756977
2011-05-24,0.002130170352756977
2011-05-25,0.0020942066330462694
2011-05-26,0.002135702408850193
2011-05-27,0.0021633668802678585
2011-05-30,0.002168898703530431
2011-05-31,0.0021605996880680323
2011-06-01,0.002168898703530431
2011-06-02,0.002132934518158436
2011-06-03,0.002135702408850193
2011-06-06,0.0019232833292335272
2011-06-07,0.0018601275514811277
2011-06-08,0.0018716079648584127
2011-06-09,0.0018716079648584127
2011-06-10,0.0018658700864762068
2011-06-14,0.0018658700864762068
2011-06-15,0.0018601275514811277
2011-06-16,0.0018084573093801737
2011-06-17,0.001791234128177166
2011-06-20,0.0017854910111054778
2011-06-21,0.001819938188418746
2011-06-22,0.001796976663172245
2011-06-23,0.0017797533655539155
2011-06-24,0.001791234128177166
2011-06-27,0.001802714541554451
2011-06-28,0.001819938188418746
2011-06-29,0.001831423374824226
2011-06-30,0.0018888317281380296
2011-07-01,0.00184864632319659
2011-07-04,0.0018429040210321546
2011-07-05,0.001831423374824226
2011-07-06,0.001791234128177166
2011-07-07,0.001796976663172245
2011-07-08,0.001831423374824226
2011-07-11,0.001802714541554451
2011-07-12,0.0017797533655539155
2011-07-13,0.001791234128177166
2011-07-14,0.0017567867180332541
2011-07-15,0.0017625299515202641
2011-07-18,0.0017797533655539155
2011-07-19,0.0018716079648584127
2011-07-20,0.0018830938497558236
2011-07-21,0.0018601275514811277
2011-07-22,0.0018830938497558236
2011-07-25,0.0018888317281380296
2011-07-26,0.0018830938497558236
2011-07-27,0.0018945734482258558
2011-07-28,0.0018888317281380296
2011-07-29,0.00184864632319659
2011-08-02,0.00184864632319659
2011-08-03,0.001819938188418746
2011-08-04,0.001819938188418746
2011-08-05,0.0017453070031479
2011-08-08,0.0017338207690045238
2011-08-09,0.0017510445322841406
2011-08-10,0.0017682680627331138
2011-08-11,0.00173956376966089
2011-08-12,0.0017682680627331138
2011-08-15,0.001831423374824226
2011-08-16,0.00184864632319659
2011-08-17,0.0018601275514811277
2011-08-18,0.0018429040210321546
2011-08-19,0.00290590338408947
2011-08-22,0.0028654083143919706
2011-08-23,0.002804657444357872
2011-08-24,0.0027742821257561445
2011-08-25,0.0028147767297923565
2011-08-26,0.0028147767297923565
2011-08-29,0.002845152048394084
2011-08-30,0.0028249048627913
2011-08-31,0.002845152048394084
2011-09-01,0.0028654083143919706
2011-09-02,0.0027337796054780483
2011-09-05,0.002703404054045677
2011-09-06,0.002673029201105237
2011-09-07,0.0026831564027816057
2011-09-08,0.0026527810841798782
2011-09-09,0.002673029201105237
2011-09-12,0.0026224057655781507
2011-09-13,0.002673029201105237
2011-09-14,0.0026122783310711384
2011-09-15,0.0026224057655781507
2011-09-16,0.002673029201105237
2011-09-19,0.0026426531840115786
2011-09-20,0.0026224057655781507
2011-09-21,0.002713531721383333
2011-09-22,0.002703404054045677
2011-09-23,0.0026426531840115786
2011-09-26,0.0025920309126377106
2011-09-27,0.0026527810841798782
2011-09-28,0.002632525749504566
2011-09-29,0.0025920309126377106
2011-09-30,0.0026122783310711384
2011-10-04,0.0025110247079283
2011-10-05,0.0025110247079283
2011-10-06,0.0025413993280380964
2011-10-07,0.0025819027796387672
2011-10-10,0.002571774646639824
2011-10-11,0.002632525749504566
2011-10-12,0.0027439070399850607
2011-10-13,0.002764154225587845
2011-10-14,0.0027540267910808325
2011-10-17,0.002845152048394084
2011-10-18,0.002794529777020216
2011-10-19,0.0028654083143919706
2011-10-20,0.0028249048627913
2011-10-21,0.0028755278326570988
2011-10-24,0.0029160315170884132
2011-10-25,0.002855280414223671
2011-10-26,0.00290590338408947
2011-10-27,0.002997029572725296
2011-10-28,0.003027404425665736
2011-10-31,0.0029767826199531555
2011-11-02,0.00290590338408947
2011-11-03,0.0029261584859341383
2011-11-04,0.0029869095887988806
2011-11-07,0.00293627823702991
2011-11-08,0.00293627823702991
2011-11-09,0.0029160315170884132
2011-11-10,0.0028654083143919706
2011-11-11,0.002885655965656042
2011-11-14,0.002885655965656042
2011-11-15,0.00293627823702991
2011-11-16,0.0029160315170884132
2011-11-17,0.002885655965656042
2011-11-18,0.002835033694282174
2011-11-21,0.0028654083143919706
2011-11-22,0.0028249048627913
2011-11-23,0.002835033694282174
2011-11-24,0.002835033694282174
2011-11-25,0.0027439070399850607
2011-11-28,0.0027742821257561445
2011-11-29,0.0028654083143919706
2011-11-30,0.002855280414223671
2011-12-01,0.0028249048627913
2011-12-02,0.002855280414223671
2011-12-05,0.002835033694282174
2011-12-06,0.0028147767297923565
2011-12-07,0.002794529777020216
2011-12-08,0.002794529777020216
2011-12-09,0.0027540267910808325
2011-12-12,0.002804657444357872
2011-12-13,0.002764154225587845
2011-12-14,0.0027844023425132036
2011-12-15,0.002794529777020216
2011-12-16,0.002845152048394084
2011-12-19,0.0027742821257561445
2011-12-20,0.0027337796054780483
2011-12-21,0.0027844023425132036
2011-12-22,0.0027439070399850607
2011-12-23,0.0027844023425132036
2011-12-28,0.002764154225587845
2011-12-29,0.002764154225587845
2011-12-30,0.002764154225587845
2012-01-03,0.0027742821257561445
2012-01-04,0.002835033694282174
2012-01-05,0.0028249048627913
2012-01-06,0.0028147767297923565
2012-01-09,0.002855280414223671
2012-01-10,0.002885655965656042
2012-01-11,0.002885655965656042
2012-01-12,0.002885655965656042
2012-01-13,0.002885655965656042
2012-01-16,0.002845152048394084
2012-01-17,0.0028755278326570988
2012-01-18,0.0028654083143919706
2012-01-19,0.002885655965656042
2012-01-20,0.0029160315170884132
2012-01-23,0.00293627823702991
2012-01-24,0.0029160315170884132
2012-01-25,0.00293627823702991
2012-01-27,0.0029160315170884132
2012-01-30,0.0029261584859341383
2012-01-31,0.0029464077670127153
2012-02-01,0.0029869095887988806
2012-02-02,0.00293627823702991
2012-02-03,0.002895784331485629
2012-02-06,0.00290590338408947
2012-02-07,0.002895784331485629
2012-02-08,0.002895784331485629
2012-02-09,0.0029464077670127153
2012-02-10,0.00293627823702991
2012-02-13,0.00293627823702991
2012-02-14,0.004142943304032087
2012-02-15,0.004127886146306992
2012-02-16,0.004142943304032087
2012-02-17,0.004173081833869219
2012-02-20,0.0041881403885781765
2012-02-21,0.0041881403885781765
2012-02-22,0.004127886146306992
2012-02-23,0.004127886146306992
2012-02-24,0.004218278918415308
2012-02-27,0.004127886146306992
2012-02-28,0.004082691390067339
2012-02-29,0.004112817347049713
2012-03-01,0.004112817347049713
2012-03-02,0.004097749479115009
2012-03-05,0.004082691390067339
2012-03-06,0.004082691390067339
2012-03-07,0.004082691390067339
2012-03-08,0.004052553325891495
2012-03-09,0.004067623522132635
2012-03-12,0.004052553325891495
2012-03-13,0.004082691390067339
2012-03-14,0.004097749479115009
2012-03-15,0.004067623522132635
2012-03-16,0.004067623522132635
2012-03-19,0.004037494771182537
2012-03-20,0.004022426437586546
2012-03-21,0.004007356241345406
2012-03-22,0.004022426437586546
2012-03-23,0.004022426437586546
2012-03-26,0.003962161485105753
2012-03-27,0.004067623522132635
2012-03-28,0.004082691390067339
2012-03-29,0.004082691390067339
2012-03-30,0.004097749479115009
2012-04-02,0.004142943304032087
2012-04-03,0.004263473674654961
2012-04-04,0.004278531763702631
2012-04-05,0.0042032101191580296
2012-04-10,0.004218278918415308
2012-04-11,0.0041881403885781765
2012-04-12,0.004218278918415308
2012-04-13,0.0041881403885781765
2012-04-16,0.0041881403885781765
2012-04-17,0.004173081833869219
2012-04-18,0.004173081833869219
2012-04-19,0.004173081833869219
2012-04-20,0.004218278918415308
2012-04-23,0.004233336076140404
2012-04-24,0.004233336076140404
2012-04-26,0.004278531763702631
2012-04-27,0.004278531763702631
2012-04-30,0.0043237279169261456
2012-05-01,0.004293601959943771
2012-05-02,0.004293601959943771
2012-05-03,0.0043689231388270855
2012-05-04,0.004414118826389313
2012-05-07,0.004383992403745651
2012-05-08,0.004444257356226444
2012-05-09,0.004474384244531393
2012-05-10,0.004459315445274115
2012-05-11,0.004474384244531393
2012-05-14,0.004564776550978422
2012-05-15,0.004579845815896988
2012-05-16,0.004549706354737282
2012-05-17,0.004534649197012186
2012-05-18,0.004474384244531393
2012-05-21,0.004444257356226444
2012-05-22,0.004444257356226444
2012-05-23,0.004444257356226444
2012-05-24,0.004383992403745651
2012-05-25,0.004383992403745651
2012-05-28,0.004444257356226444
2012-05-29,0.004444257356226444
2012-05-30,0.00442918948829174
2012-05-31,0.0043689231388270855
2012-06-01,0.00439906120300293
2012-06-04,0.0043538655154407024
2012-06-05,0.0043689231388270855
2012-06-06,0.0043689231388270855
2012-06-07,0.00442918948829174
2012-06-08,0.00439906120300293
2012-06-12,0.004474384244531393
2012-06-13,0.004444257356226444
2012-06-14,0.00442918948829174
2012-06-15,0.004474384244531393
2012-06-18,0.004474384244531393
2012-06-19,0.00442918948829174
2012-06-20,0.00439906120300293
2012-06-21,0.004383992403745651
2012-06-22,0.004338797181844711
2012-06-25,0.0043237279169261456
2012-06-26,0.004308669362217188
2012-06-27,0.0043538655154407024
2012-06-28,0.00439906120300293
2012-06-29,0.004414118826389313
2012-07-02,0.004474384244531393
2012-07-03,0.00442918948829174
2012-07-04,0.004459315445274115
2012-07-05,0.004459315445274115
2012-07-06,0.004459315445274115
2012-07-09,0.004444257356226444
2012-07-10,0.004444257356226444
2012-07-11,0.004383992403745651
2012-07-12,0.00442918948829174
2012-07-13,0.004474384244531393
2012-07-16,0.004519581329077482
2012-07-17,0.004579845815896988
2012-07-18,0.0046250405721366405
2012-07-19,0.004730489570647478
2012-07-20,0.00476062810048461
2012-07-23,0.004730489570647478
2012-07-24,0.004745558835566044
2012-07-25,0.004730489570647478
2012-07-26,0.004790755454450846
2012-07-27,0.00482088141143322
2012-07-30,0.004926342982798815
2012-07-31,0.004896215163171291
2012-08-01,0.004911273252218962
2012-08-02,0.004941412713378668
2012-08-03,0.004896215163171291
2012-08-06,0.004941412713378668
2012-08-07,0.005016733426600695
2012-08-08,0.004986607003957033
2012-08-09,0.00482088141143322
2012-08-10,0.004383992403745651
2012-08-13,0.0043237279169261456
2012-08-14,0.00439906120300293
2012-08-15,0.004474384244531393
2012-08-16,0.005868475418537855
2012-08-17,0.005909813102334738
2012-08-20,0.0058891442604362965
2012-08-21,0.005930466111749411
2012-08-22,0.005930466111749411
2012-08-23,0.0059511358849704266
2012-08-24,0.005930466111749411
2012-08-27,0.005992456804960966
2012-08-28,0.006033794488757849
2012-08-29,0.006095786578953266
2012-08-30,0.006054449360817671
2012-08-31,0.006033794488757849
2012-09-03,0.006137108895927668
2012-09-04,0.006157777737826109
2012-09-05,0.006199100520461798
2012-09-06,0.00630241259932518
2012-09-07,0.006281760986894369
2012-09-10,0.006178430747240782
2012-09-11,0.006033794488757849
2012-09-12,0.006033794488757849
2012-09-13,0.005971804261207581
2012-09-14,0.005992456804960966
2012-09-17,0.005992456804960966
2012-09-18,0.005930466111749411
2012-09-19,0.0058891442604362965
2012-09-20,0.005930466111749411
2012-09-21,0.0059511358849704266
2012-09-24,0.0058891442604362965
2012-09-25,0.005847820546478033
2012-09-26,0.005868475418537855
2012-09-27,0.005785831715911627
2012-09-28,0.005703171249479055
2012-10-01,0.005723840091377497
2012-10-02,0.005847820546478033
2012-10-03,0.005868475418537855
2012-10-04,0.005909813102334738
2012-10-05,0.005909813102334738
2012-10-08,0.0058891442604362965
2012-10-09,0.0059511358849704266
2012-10-10,0.005992456804960966
2012-10-11,0.005992456804960966
2012-10-12,0.006033794488757849
2012-10-15,0.006054449360817671
2012-10-16,0.005971804261207581
2012-10-17,0.006054449360817671
2012-10-18,0.0060751186683773994
2012-10-19,0.005971804261207581
2012-10-22,0.005930466111749411
2012-10-23,0.005909813102334738
2012-10-24,0.005868475418537855
2012-10-25,0.005909813102334738
2012-10-26,0.0058891442604362965
2012-10-29,0.005868475418537855
2012-10-30,0.0058891442604362965
2012-10-31,0.005868475418537855
2012-11-01,0.005723840091377497
2012-11-02,0.0055791898630559444
2012-11-05,0.0055791898630559444
2012-11-06,0.005558521021157503
2012-11-07,0.005517199635505676
2012-11-08,0.005517199635505676
2012-11-09,0.0055791898630559444
2012-11-12,0.005620511714369059
2012-11-13,0.005517199635505676
2012-11-14,0.005496528465300798
2012-11-15,0.005475877318531275
2012-11-16,0.005475877318531275
2012-11-19,0.0054345387034118176
2012-11-20,0.005496528465300798
2012-11-21,0.0055791898630559444
2012-11-22,0.005641179624944925
2012-11-23,0.005682501941919327
2012-11-26,0.005744494032114744
2012-11-27,0.005785831715911627
2012-11-28,0.0057651628740131855
2012-11-29,0.0057651628740131855
2012-11-30,0.005785831715911627
2012-12-03,0.005868475418537855
2012-12-04,0.0058891442604362965
2012-12-05,0.006033794488757849
2012-12-06,0.005992456804960966
2012-12-07,0.0060751186683773994
2012-12-10,0.006116438657045364
2012-12-11,0.0060751186683773994
2012-12-12,0.006116438657045364
2012-12-13,0.006199100520461798
2012-12-14,0.006095786578953266
2012-12-17,0.006013126578181982
2012-12-18,0.006116438657045364
2012-12-19,0.006178430747240782
2012-12-20,0.006219767965376377
2012-12-21,0.006199100520461798
2012-12-24,0.006199100520461798
2012-12-27,0.006261091213673353
2012-12-28,0.00630241259932518
2012-12-31,0.00630241259932518
2013-01-02,0.00630241259932518
2013-01-03,0.006385072600096464
2013-01-04,0.0064057414419949055
2013-01-07,0.0063644046895205975
2013-01-08,0.006261091213673353
2013-01-09,0.006219767965376377
2013-01-10,0.006219767965376377
2013-01-11,0.006261091213673353
2013-01-14,0.006281760986894369
2013-01-15,0.006323080975562334
2013-01-16,0.006323080975562334
2013-01-17,0.006281760986894369
2013-01-18,0.006323080975562334
2013-01-21,0.006281760986894369
2013-01-22,0.00630241259932518
2013-01-23,0.00630241259932518
2013-01-24,0.00630241259932518
2013-01-25,0.006385072600096464
2013-01-29,0.0064057414419949055
2013-01-30,0.0063644046895205975
2013-01-31,0.00630241259932518
2013-02-01,0.0064057414419949055
2013-02-04,0.00644706329330802
2013-02-05,0.006426394451409578
2013-02-06,0.0063644046895205975
2013-02-07,0.006529724225401878
2013-02-08,0.0067776869982481
2013-02-11,0.006695026531815529
2013-02-12,0.00865971203893423
2013-02-13,0.008687210269272327
2013-02-14,0.00865971203893423
2013-02-15,0.008687210269272327
2013-02-18,0.00865971203893423
2013-02-19,0.00863221287727356
2013-02-20,0.008604738861322403
2013-02-21,0.008604738861322403
2013-02-22,0.00865971203893423
2013-02-25,0.008852154947817326
2013-02-26,0.008714688010513783
2013-02-27,0.008742186240851879
2013-02-28,0.008742186240851879
2013-03-01,0.00865971203893423
2013-03-04,0.008577238768339157
2013-03-05,0.008742186240851879
2013-03-06,0.008769681677222252
2013-03-07,0.008797161281108856
2013-03-08,0.008742186240851879
2013-03-11,0.008769681677222252
2013-03-12,0.008714688010513783
2013-03-13,0.008687210269272327
2013-03-14,0.00863221287727356
2013-03-15,0.008714688010513783
2013-03-18,0.008604738861322403
2013-03-19,0.008687210269272327
2013-03-20,0.00863221287727356
2013-03-21,0.008577238768339157
2013-03-22,0.008687210269272327
2013-03-25,0.00863221287727356
2013-03-26,0.008714688010513783
2013-03-27,0.008714688010513783
2013-03-28,0.008879633620381355
2013-04-02,0.008769681677222252
2013-04-03,0.008714688010513783
2013-04-04,0.008687210269272327
2013-04-05,0.008769681677222252
2013-04-08,0.008824658580124378
2013-04-09,0.008852154947817326
2013-04-10,0.008934630081057549
2013-04-11,0.009017105214297771
2013-04-12,0.009044582024216652
2013-04-15,0.0089896060526371
2013-04-16,0.0090720783919096
2013-04-17,0.009127054363489151
2013-04-18,0.009044582024216652
2013-04-19,0.008934630081057549
2013-04-22,0.009017105214297771
2013-04-23,0.0090720783919096
2013-04-24,0.009209549985826015
2013-04-26,0.009182050824165344
2013-04-29,0.00931950006633997
2013-04-30,0.009484445676207542
2013-05-01,0.00956692174077034
2013-05-02,0.009401973336935043
2013-05-03,0.009456970728933811
2013-05-06,0.009539443999528885
2013-05-07,0.009676889516413212
2013-05-08,0.009814340621232986
2013-05-09,0.009841838851571083
2013-05-10,0.009731865487992764
2013-05-13,0.009814340621232986
2013-05-14,0.009896812960505486
2013-05-15,0.009896812960505486
2013-05-16,0.009896812960505486
2013-05-17,0.009814340621232986
2013-05-20,0.009841838851571083
2013-05-21,0.009896812960505486
2013-05-22,0.009896812960505486
2013-05-23,0.009649393148720264
2013-05-24,0.009374495595693588
2013-05-27,0.009456970728933811
2013-05-28,0.009484445676207542
2013-05-29,0.00956692174077034
2013-05-30,0.009292022325098515
2013-05-31,0.009044582024216652
2013-06-03,0.009154551662504673
2013-06-04,0.009017105214297771
2013-06-05,0.008852154947817326
2013-06-06,0.008797161281108856
2013-06-07,0.008907130919396877
2013-06-11,0.00909957941621542
2013-06-12,0.008962108753621578
2013-06-13,0.008934630081057549
2013-06-14,0.008934630081057549
2013-06-17,0.008907130919396877
2013-06-18,0.008962108753621578
2013-06-19,0.008907130919396877
2013-06-20,0.008852154947817326
2013-06-21,0.008769681677222252
2013-06-24,0.008714688010513783
2013-06-25,0.00865971203893423
2013-06-26,0.00852226186543703
2013-06-27,0.008604738861322403
2013-06-28,0.008384793065488338
2013-07-01,0.00821984838694334
2013-07-02,0.00863221287727356
2013-07-03,0.00854974053800106
2013-07-04,0.008604738861322403
2013-07-05,0.00863221287727356
2013-07-08,0.008824658580124378
2013-07-09,0.009017105214297771
2013-07-10,0.0090720783919096
2013-07-11,0.00909957941621542
2013-07-12,0.00931950006633997
2013-07-15,0.009182050824165344
2013-07-16,0.009292022325098515
2013-07-17,0.00931950006633997
2013-07-18,0.009237028658390045
2013-07-19,0.00931950006633997
2013-07-22,0.00931950006633997
2013-07-23,0.009374495595693588
2013-07-24,0.009237028658390045
2013-07-25,0.009017105214297771
2013-07-26,0.009044582024216652
2013-07-29,0.0090720783919096
2013-07-30,0.0090720783919096
2013-07-31,0.0089896060526371
2013-08-01,0.009264523163437843
2013-08-02,0.0090720783919096
2013-08-05,0.009154551662504673
2013-08-06,0.009237028658390045
2013-08-07,0.009017105214297771
2013-08-08,0.009237028658390045
2013-08-09,0.0089896060526371
2013-08-12,0.009044582024216652
2013-08-13,0.0089896060526371
2013-08-14,0.010681218467652798
2013-08-15,0.01071468647569418
2013-08-16,0.01084862556308508
2013-08-19,0.01088211964815855
2013-08-20,0.01071468647569418
2013-08-21,0.01071468647569418
2013-08-22,0.01084862556308508
2013-08-23,0.010949076153337955
2013-08-26,0.010949076153337955
2013-08-27,0.010815133340656757
2013-08-28,0.010815133340656757
2013-08-29,0.010681218467652798
2013-08-30,0.010781669057905674
2013-09-02,0.011049529537558556
2013-09-03,0.010781669057905674
2013-09-04,0.010681218467652798
2013-09-05,0.0105472756549716
2013-09-06,0.01048031635582447
2013-09-09,0.010580767877399921
2013-09-10,0.01071468647569418
2013-09-11,0.01088211964815855
2013-09-12,0.010748175904154778
2013-09-13,0.010681218467652798
2013-09-16,0.01071468647569418
2013-09-17,0.01064772717654705
2013-09-18,0.010614234954118729
2013-09-19,0.01064772717654705
2013-09-20,0.010513786226511002
2013-09-23,0.010681218467652798
2013-09-24,0.010748175904154778
2013-09-25,0.010949076153337955
2013-09-26,0.01088211964815855
2013-09-27,0.010982569307088852
2013-09-30,0.010982569307088852
2013-10-01,0.010681218467652798
2013-10-02,0.010949076153337955
2013-10-03,0.01088211964815855
2013-10-04,0.010982569307088852
2013-10-07,0.01084862556308508
2013-10-08,0.010915587656199932
2013-10-09,0.010915587656199932
2013-10-10,0.010781669057905674
2013-10-11,0.010949076153337955
2013-10-14,0.01088211964815855
2013-10-15,0.01088211964815855
2013-10-16,0.011016035452485085
2013-10-17,0.011250427924096584
2013-10-18,0.011585269123315811
2013-10-21,0.011819661594927311
2013-10-22,0.011685720644891262
2013-10-23,0.011786170303821564
2013-10-24,0.011819661594927311
2013-10-25,0.011853127740323544
2013-10-28,0.012054028920829296
2013-10-29,0.012087521143257618
2013-10-30,0.012054028920829296
2013-10-31,0.012054028920829296
2013-11-01,0.011853127740323544
2013-11-04,0.011786170303821564
2013-11-05,0.01195357833057642
2013-11-06,0.011786170303821564
2013-11-07,0.01195357833057642
2013-11-08,0.011719214729964733
2013-11-11,0.011719214729964733
2013-11-12,0.011618764139711857
2013-11-13,0.011417861096560955
2013-11-14,0.011685720644891262
2013-11-15,0.011786170303821564
2013-11-18,0.011585269123315811
2013-11-19,0.01148481946438551
2013-11-20,0.011551778763532639
2013-11-21,0.011685720644891262
2013-11-22,0.011585269123315811
2013-11-25,0.011752678081393242
2013-11-26,0.01195357833057642
2013-11-27,0.01198707427829504
2013-11-28,0.011853127740323544
2013-11-29,0.011819661594927311
2013-12-02,0.011618764139711857
2013-12-03,0.011551778763532639
2013-12-04,0.011551778763532639
2013-12-05,0.011250427924096584
2013-12-06,0.01148481946438551
2013-12-09,0.011250427924096584
2013-12-10,0.011417861096560955
2013-12-11,0.011417861096560955
2013-12-12,0.01135088037699461
2013-12-13,0.01148481946438551
2013-12-16,0.011317409574985504
2013-12-17,0.011719214729964733
2013-12-18,0.011618764139711857
2013-12-19,0.011719214729964733
2013-12-20,0.011786170303821564
2013-12-23,0.011920113116502762
2013-12-24,0.012054028920829296
2013-12-27,0.01198707427829504
2013-12-30,0.012154480442404747
2013-12-31,0.012154480442404747
2014-01-02,0.012187972664833069
2014-01-03,0.012221462093293667
2014-01-06,0.011920113116502762
2014-01-07,0.01198707427829504
2014-01-08,0.012254930101335049
2014-01-09,0.012221462093293667
2014-01-10,0.012054028920829296
2014-01-13,0.011920113116502762
2014-01-14,0.011819661594927311
2014-01-15,0.012054028920829296
2014-01-16,0.012054028920829296
2014-01-17,0.011819661594927311
2014-01-20,0.011752678081393242
2014-01-21,0.012020564638078213
2014-01-22,0.01195357833057642
2014-01-23,0.011719214729964733
2014-01-24,0.01151831354945898
2014-01-28,0.01135088037699461
2014-01-29,0.011685720644891262
2014-01-30,0.011451327241957188
2014-01-31,0.011551778763532639
2014-02-03,0.011618764139711857
2014-02-04,0.011283919215202332
2014-02-05,0.011317409574985504
2014-02-06,0.011216963641345501
2014-02-07,0.011752678081393242
2014-02-10,0.01195357833057642
2014-02-11,0.013976854272186756
2014-02-12,0.014056938700377941
2014-02-13,0.014177083969116211
2014-02-14,0.01441737450659275
2014-02-17,0.014257201924920082
2014-02-18,0.014297228306531906
2014-02-19,0.014377349056303501
2014-02-20,0.01441737450659275
2014-02-21,0.01433729100972414
2014-02-24,0.014377349056303501
2014-02-25,0.014137055724859238
2014-02-26,0.014177083969116211
2014-02-27,0.014177083969116211
2014-02-28,0.014217143878340721
2014-03-03,0.014137055724859238
2014-03-04,0.014377349056303501
2014-03-05,0.014497492462396622
2014-03-06,0.01433729100972414
2014-03-07,0.014577577821910381
2014-03-10,0.01453751977533102
2014-03-11,0.014457433484494686
2014-03-12,0.014217143878340721
2014-03-13,0.014217143878340721
2014-03-14,0.013896769843995571
2014-03-17,0.013856708072125912
2014-03-18,0.014016915112733841
2014-03-19,0.013856708072125912
2014-03-20,0.013656476512551308
2014-03-21,0.013536331243813038
2014-03-24,0.01357636321336031
2014-03-25,0.013616422191262245
2014-03-26,0.013416190631687641
2014-03-27,0.013416190631687641
2014-03-28,0.013696504756808281
2014-03-31,0.013656476512551308
2014-04-01,0.013696504756808281
2014-04-02,0.013896769843995571
2014-04-03,0.013856708072125912
2014-04-04,0.014217143878340721
2014-04-07,0.014056938700377941
2014-04-08,0.013896769843995571
2014-04-09,0.01433729100972414
2014-04-10,0.014257201924920082
2014-04-11,0.014297228306531906
2014-04-14,0.014056938700377941
2014-04-15,0.014257201924920082
2014-04-16,0.01441737450659275
2014-04-17,0.014657664112746716
2014-04-22,0.014577577821910381
2014-04-23,0.014617634937167168
2014-04-24,0.014657664112746716
2014-04-28,0.014697721228003502
2014-04-29,0.014577577821910381
2014-04-30,0.01489795371890068
2014-05-01,0.015218362212181091
2014-05-02,0.014777807518839836
2014-05-05,0.01485793013125658
2014-05-06,0.015018102712929249
2014-05-07,0.014978073537349701
2014-05-08,0.01489795371890068
2014-05-09,0.014978073537349701
2014-05-12,0.01485793013125658
2014-05-13,0.015098219737410545
2014-05-14,0.014978073537349701
2014-05-15,0.014377349056303501
2014-05-16,0.014016915112733841
2014-05-19,0.013656476512551308
2014-05-20,0.013896769843995571
2014-05-21,0.014016915112733841
2014-05-22,0.014016915112733841
2014-05-23,0.014016915112733841
2014-05-26,0.014016915112733841
2014-05-27,0.013856708072125912
2014-05-28,0.013936794362962246
2014-05-29,0.014016915112733841
2014-05-30,0.013936794362962246
2014-06-02,0.013976854272186756
2014-06-03,0.013656476512551308
2014-06-04,0.01357636321336031
2014-06-05,0.013696504756808281
2014-06-06,0.013896769843995571
2014-06-10,0.013696504756808281
2014-06-11,0.013656476512551308
2014-06-12,0.013616422191262245
2014-06-13,0.01357636321336031
2014-06-16,0.013656476512551308
2014-06-17,0.013816650956869125
2014-06-18,0.013736562803387642
2014-06-19,0.013976854272186756
2014-06-20,0.013696504756808281
2014-06-23,0.013696504756808281
2014-06-24,0.013536331243813038
2014-06-25,0.01357636321336031
2014-06-26,0.01441737450659275
2014-06-27,0.013616422191262245
2014-06-30,0.013456215150654316
2014-07-01,0.013456215150654316
2014-07-02,0.013656476512551308
2014-07-03,0.013816650956869125
2014-07-04,0.013816650956869125
2014-07-07,0.013776625506579876
2014-07-08,0.013736562803387642
2014-07-09,0.013416190631687641
2014-07-10,0.013456215150654316
2014-07-11,0.013456215150654316
2014-07-14,0.013496274128556252
2014-07-15,0.013616422191262245
2014-07-16,0.013656476512551308
2014-07-17,0.013856708072125912
2014-07-18,0.013896769843995571
2014-07-21,0.013936794362962246
2014-07-22,0.013856708072125912
2014-07-23,0.013976854272186756
2014-07-24,0.014056938700377941
2014-07-25,0.013936794362962246
2014-07-28,0.013856708072125912
2014-07-29,0.013856708072125912
2014-07-30,0.014016915112733841
2014-07-31,0.014016915112733841
2014-08-01,0.013936794362962246
2014-08-04,0.013816650956869125
2014-08-05,0.013816650956869125
2014-08-06,0.013816650956869125
2014-08-07,0.014257201924920082
2014-08-08,0.014377349056303501
2014-08-11,0.014497492462396622
2014-08-12,0.016863133758306503
2014-08-13,0.01676756702363491
2014-08-14,0.016719823703169823
2014-08-15,0.016815349459648132
2014-08-18,0.01695866324007511
2014-08-19,0.01710198074579239
2014-08-20,0.01714976131916046
2014-08-21,0.01710198074579239
2014-08-22,0.01724528893828392
2014-08-25,0.0173886027187109
2014-08-26,0.017340820282697678
2014-08-27,0.017340820282697678
2014-08-28,0.01724528893828392
2014-08-29,0.01714976131916046
2014-09-01,0.01729307323694229
2014-09-02,0.017436383292078972
2014-09-03,0.01729307323694229
2014-09-04,0.0173886027187109
2014-09-05,0.0173886027187109
2014-09-08,0.017436383292078972
2014-09-09,0.017484132200479507
2014-09-10,0.017436383292078972
2014-09-11,0.01729307323694229
2014-09-12,0.017340820282697678
2014-09-15,0.01724528893828392
2014-09-16,0.01705419272184372
2014-09-17,0.016863133758306503
2014-09-18,0.01695866324007511
2014-09-19,0.01714976131916046
2014-09-22,0.01710198074579239
2014-09-23,0.01753191277384758
2014-09-24,0.017436383292078972
2014-09-25,0.017484132200479507
2014-09-26,0.01724528893828392
2014-09-29,0.01714976131916046
2014-09-30,0.01724528893828392
2014-10-01,0.0173886027187109
2014-10-02,0.017436383292078972
2014-10-03,0.01729307323694229
2014-10-06,0.01714976131916046
2014-10-07,0.01695866324007511
2014-10-08,0.01705419272184372
2014-10-09,0.01705419272184372
2014-10-10,0.01662425510585308
2014-10-13,0.016672037541866302
2014-10-14,0.01662425510585308
2014-10-15,0.01724528893828392
2014-10-16,0.01724528893828392
2014-10-17,0.01772301457822323
2014-10-20,0.017818544059991837
2014-10-21,0.018248476088047028
2014-10-22,0.018535099923610687
2014-10-23,0.01872619427740574
2014-10-24,0.018821727484464645
2014-10-27,0.019060572609305382
2014-10-28,0.019251666963100433
2014-10-29,0.019108351320028305
2014-10-30,0.019060572609305382
2014-10-31,0.019442761316895485
2014-11-03,0.019490506500005722
2014-11-04,0.0196338202804327
2014-11-05,0.019824916496872902
2014-11-06,0.019586073234677315
2014-11-07,0.019681600853800774
2014-11-10,0.019586073234677315
2014-11-11,0.020016008988022804
2014-11-12,0.020111538469791412
2014-11-13,0.020016008988022804
2014-11-14,0.02025485225021839
2014-11-17,0.02025485225021839
2014-11-18,0.020159322768449783
2014-11-19,0.020016008988022804
2014-11-20,0.01977713219821453
2014-11-21,0.019729385152459145
2014-11-24,0.019490506500005722
2014-11-25,0.019920451566576958
2014-11-26,0.019872700795531273
2014-11-27,0.019586073234677315
2014-11-28,0.019490506500005722
2014-12-01,0.019251666963100433
2014-12-02,0.019586073234677315
2014-12-03,0.020159322768449783
2014-12-04,0.019968228414654732
2014-12-05,0.020016008988022804
2014-12-08,0.02035037986934185
2014-12-09,0.019968228414654732
2014-12-10,0.02020707167685032
2014-12-11,0.019920451566576958
2014-12-12,0.020159322768449783
2014-12-15,0.020111538469791412
2014-12-16,0.020302634686231613
2014-12-17,0.01977713219821453
2014-12-18,0.018965043127536774
2014-12-19,0.019299451261758804
2014-12-22,0.019538290798664093
2014-12-23,0.019538290798664093
2014-12-24,0.0196338202804327
2014-12-29,0.019968228414654732
2014-12-30,0.019729385152459145
2014-12-31,0.019824916496872902
2015-01-02,0.019872700795531273
2015-01-05,0.019729385152459145
2015-01-06,0.0196338202804327
2015-01-07,0.019681600853800774
2015-01-08,0.019824916496872902
2015-01-09,0.02020707167685032
2015-01-12,0.019968228414654732
2015-01-13,0.020111538469791412
2015-01-14,0.02039816789329052
2015-01-15,0.02025485225021839
2015-01-16,0.020159322768449783
2015-01-19,0.020159322768449783
2015-01-20,0.02006375789642334
2015-01-21,0.02039816789329052
2015-01-22,0.02068478986620903
2015-01-23,0.021258044987916946
2015-01-27,0.02159244939684868
2015-01-28,0.02159244939684868
2015-01-29,0.021544666960835457
2015-01-30,0.021831294521689415
2015-02-02,0.022117916494607925
2015-02-03,0.02264338731765747
2015-02-04,0.02250007353723049
2015-02-05,0.02250007353723049
2015-02-06,0.02250007353723049
2015-02-09,0.02250007353723049
2015-02-10,0.024188896641135216
2015-02-11,0.023606033995747566
2015-02-12,0.023508887737989426
2015-02-13,0.02375175431370735
2015-02-16,0.023703178390860558
2015-02-17,0.023800330236554146
2015-02-18,0.023703178390860558
2015-02-19,0.023800330236554146
2015-02-20,0.024286042898893356
2015-02-23,0.024771766737103462
2015-02-24,0.024188896641135216
2015-02-25,0.024723198264837265
2015-02-26,0.024286042898893356
2015-02-27,0.024626046419143677
2015-03-02,0.025208905339241028
2015-03-03,0.024868909269571304
2015-03-04,0.0249174777418375
2015-03-05,0.02516034059226513
2015-03-06,0.05157158896327019
2015-03-09,0.05157158896327019
2015-03-10,0.05101343244314194
2015-03-11,0.051683209836483
2015-03-12,0.053022731095552444
2015-03-13,0.0525762215256691
2015-03-16,0.05201808735728264
2015-03-17,0.0525762215256691
2015-03-18,0.05246458575129509
2015-03-19,0.05346924439072609
2015-03-20,0.053915735334157944
2015-03-23,0.053580861538648605
2015-03-24,0.05335761234164238
2015-03-25,0.05380410701036453
2015-03-26,0.05279947817325592
2015-03-27,0.05335761234164238
2015-03-30,0.05346924439072609
2015-03-31,0.052911099046468735
2015-04-01,0.05313434824347496
2015-04-02,0.05413898453116417
2015-04-07,0.05402735620737076
2015-04-08,0.05413898453116417
2015-04-09,0.053915735334157944
2015-04-10,0.053915735334157944
2015-04-13,0.053915735334157944
2015-04-14,0.05313434824347496
2015-04-15,0.05346924439072609
2015-04-16,0.053580861538648605
2015-04-17,0.0525762215256691
2015-04-20,0.05224135145545006
2015-04-21,0.05279947817325592
2015-04-22,0.052352968603372574
2015-04-23,0.05279947817325592
2015-04-24,0.054473865777254105
2015-04-27,0.05525525286793709
2015-04-28,0.05469713732600212
2015-04-29,0.05480874329805374
2015-04-30,0.05436224490404129
2015-05-01,0.053915735334157944
2015-05-04,0.05413898453116417
2015-05-05,0.053022731095552444
2015-05-06,0.051236700266599655
2015-05-07,0.05056694522500038
2015-05-08,0.05101343244314194
2015-05-11,0.050790201872587204
2015-05-12,0.050790201872587204
2015-05-13,0.05190645903348923
2015-05-14,0.05268784612417221
2015-05-15,0.05380410701036453
2015-05-18,0.0525762215256691
2015-05-19,0.05090182647109032
2015-05-20,0.05157158896327019
2015-05-21,0.052352968603372574
2015-05-22,0.05201808735728264
2015-05-25,0.05313434824347496
2015-05-26,0.05436224490404129
2015-05-27,0.05492037162184715
2015-05-28,0.05525525286793709
2015-05-29,0.05614827200770378
2015-06-01,0.055590130388736725
2015-06-02,0.054473865777254105
2015-06-03,0.05335761234164238
2015-06-04,0.05313434824347496
2015-06-05,0.053580861538648605
2015-06-09,0.051683209836483
2015-06-10,0.05190645903348923
2015-06-11,0.053022731095552444
2015-06-12,0.053022731095552444
2015-06-15,0.052911099046468735
2015-06-16,0.05201808735728264
2015-06-17,0.05157158896327019
2015-06-18,0.051236700266599655
2015-06-19,0.05157158896327019
2015-06-22,0.051683209836483
2015-06-23,0.0525762215256691
2015-06-24,0.0525762215256691
2015-06-25,0.05212971568107605
2015-06-26,0.051236700266599655
2015-06-29,0.04989717900753021
2015-06-30,0.050790201872587204
2015-07-01,0.05224135145545006
2015-07-02,0.05324597284197807
2015-07-03,0.05346924439072609
2015-07-06,0.05313434824347496
2015-07-07,0.05458550155162811
2015-07-08,0.05346924439072609
2015-07-09,0.05313434824347496
2015-07-10,0.05346924439072609
2015-07-13,0.05313434824347496
2015-07-14,0.05413898453116417
2015-07-15,0.05492037162184715
2015-07-16,0.05492037162184715
2015-07-17,0.055590130388736725
2015-07-20,0.05514361336827278
2015-07-21,0.055590130388736725
2015-07-22,0.05324597284197807
2015-07-23,0.05324597284197807
2015-07-24,0.05324597284197807
2015-07-27,0.05402735620737076
2015-07-28,0.05346924439072609
2015-07-29,0.05380410701036453
2015-07-30,0.054473865777254105
2015-07-31,0.05413898453116417
2015-08-03,0.05335761234164238
2015-08-04,0.05413898453116417
2015-08-05,0.05313434824347496
2015-08-06,0.05268784612417221
2015-08-07,0.05212971568107605
2015-08-10,0.0525762215256691
2015-08-11,0.053580861538648605
2015-08-12,0.05246458575129509
2015-08-13,0.05179481580853462
2015-08-14,0.05525525286793709
2015-08-17,0.05759941786527634
2015-08-18,0.0642523244023323
2015-08-19,0.0637320876121521
2015-08-20,0.062301378697156906
2015-08-21,0.06022031977772713
2015-08-24,0.05813927203416824
2015-08-25,0.06022031977772713
2015-08-26,0.05996017903089523
2015-08-27,0.060350365936756134
2015-08-28,0.06100070849061012
2015-08-31,0.06022031977772713
2015-09-01,0.059049736708402634
2015-09-02,0.059569984674453735
2015-09-03,0.05735887959599495
2015-09-04,0.05787914991378784
2015-09-07,0.05813927203416824
2015-09-08,0.058919671922922134
2015-09-09,0.05983012542128563
2015-09-10,0.05839940160512924
2015-09-11,0.05735887959599495
2015-09-14,0.05761900916695595
2015-09-15,0.057228803634643555
2015-09-16,0.05800919607281685
2015-09-17,0.05865953490138054
2015-09-18,0.05943991616368294
2015-09-21,0.05800919607281685
2015-09-22,0.05800919607281685
2015-09-23,0.05839940160512924
2015-09-24,0.05970005691051483
2015-09-25,0.060350365936756134
2015-09-28,0.06139090657234192
2015-09-29,0.06022031977772713
2015-09-30,0.060740578919649124
2015-10-01,0.061911165714263916
2015-10-02,0.06139090657234192
2015-10-05,0.06256148964166641
2015-10-06,0.06256148964166641
2015-10-07,0.06256148964166641
2015-10-08,0.062301378697156906
2015-10-09,0.06256148964166641
2015-10-12,0.061781104654073715
2015-10-13,0.062301378697156906
2015-10-14,0.06295167654752731
2015-10-15,0.06295167654752731
2015-10-16,0.06334188580513
2015-10-19,0.06334188580513
2015-10-20,0.06347194314002991
2015-10-21,0.06347194314002991
2015-10-22,0.06308174878358841
2015-10-23,0.0645124614238739
2015-10-26,0.0643823966383934
2015-10-27,0.0646425411105156
2015-10-28,0.0643823966383934
2015-10-29,0.061520978808403015
2015-10-30,0.06139090657234192
2015-11-02,0.05826934427022934
2015-11-03,0.059569984674453735
2015-11-04,0.059569984674453735
2015-11-05,0.05930987000465393
2015-11-06,0.05983012542128563
2015-11-09,0.05943991616368294
2015-11-10,0.05800919607281685
2015-11-11,0.05852945148944855
2015-11-12,0.05878959968686104
2015-11-13,0.057488955557346344
2015-11-16,0.05709875002503395
2015-11-17,0.05839940160512924
2015-11-18,0.059049736708402634
2015-11-19,0.060480449348688126
2015-11-20,0.060740578919649124
2015-11-23,0.060480449348688126
2015-11-24,0.05970005691051483
2015-11-25,0.060090262442827225
2015-11-26,0.05996017903089523
2015-11-27,0.05983012542128563
2015-11-30,0.05943991616368294
2015-12-01,0.05996017903089523
2015-12-02,0.060610514134168625
2015-12-03,0.060480449348688126
2015-12-04,0.060740578919649124
2015-12-07,0.060610514134168625
2015-12-08,0.060610514134168625
2015-12-09,0.060740578919649124
2015-12-10,0.05996017903089523
2015-12-11,0.05930987000465393
2015-12-14,0.05943991616368294
2015-12-15,0.05826934427022934
2015-12-16,0.05865953490138054
2015-12-17,0.05917980521917343
2015-12-18,0.059049736708402634
2015-12-21,0.05878959968686104
2015-12-22,0.05943991616368294
2015-12-23,0.05943991616368294
2015-12-24,0.05970005691051483
2015-12-28,0.05970005691051483
2015-12-29,0.060610514134168625
2015-12-30,0.06087065488100052
2015-12-31,0.06126084178686142
2016-01-04,0.060480449348688126
2016-01-05,0.06022031977772713
2016-01-06,0.05917980521917343
2016-01-07,0.05735887959599495
2016-01-08,0.057488955557346344
2016-01-11,0.05787914991378784
2016-01-12,0.05826934427022934
2016-01-13,0.05943991616368294
2016-01-14,0.05813927203416824
2016-01-15,0.05657850205898285
2016-01-18,0.05657850205898285
2016-01-19,0.05826934427022934
2016-01-20,0.05878959968686104
2016-01-21,0.05878959968686104
2016-01-22,0.05917980521917343
2016-01-25,0.06022031977772713
2016-01-27,0.060350365936756134
2016-01-28,0.060090262442827225
2016-01-29,0.05983012542128563
2016-02-01,0.06087065488100052
2016-02-02,0.060610514134168625
2016-02-03,0.05878959968686104
2016-02-04,0.05709875002503395
2016-02-05,0.05579809099435806
2016-02-08,0.055407892912626266
2016-02-09,0.06815022975206375
2016-02-10,0.06765877455472946
2016-02-11,0.06765877455472946
2016-02-12,0.06798640638589859
2016-02-15,0.06913317739963531
2016-02-16,0.06896935403347015
2016-02-17,0.06815022975206375
2016-02-18,0.06896935403347015
2016-02-19,0.06864169985055923
2016-02-22,0.07027991116046906
2016-02-23,0.07060757279396057
2016-02-24,0.07126286625862122
2016-02-25,0.07077138125896454
2016-02-26,0.07060757279396057
2016-02-29,0.07044374197721481
2016-03-01,0.07077138125896454
2016-03-02,0.07109902799129486
2016-03-03,0.07077138125896454
2016-03-04,0.06929698586463928
2016-03-07,0.06782259792089462
2016-03-08,0.06782259792089462
2016-03-09,0.06716730445623398
2016-03-10,0.06700347363948822
2016-03-11,0.06683965772390366
2016-03-14,0.06651200354099274
2016-03-15,0.06585671752691269
2016-03-16,0.06585671752691269
2016-03-17,0.06602053344249725
2016-03-18,0.06700347363948822
2016-03-21,0.06716730445623398
2016-03-22,0.0653652548789978
2016-03-23,0.06552907079458237
2016-03-24,0.06733112037181854
2016-03-29,0.06716730445623398
2016-03-30,0.0674949511885643
2016-03-31,0.07011610269546509
2016-04-01,0.06962461769580841
2016-04-04,0.07126286625862122
2016-04-05,0.0717543214559555
2016-04-06,0.07290109246969223
2016-04-07,0.07421167194843292
2016-04-08,0.0747031420469284
2016-04-11,0.07339254021644592
2016-04-12,0.0738840103149414
2016-04-13,0.07355637848377228
2016-04-14,0.07339254021644592
2016-04-15,0.07355637848377228
2016-04-18,0.0747031420469284
2016-04-19,0.0751945897936821
2016-04-20,0.07421167194843292
2016-04-21,0.0747031420469284
2016-04-22,0.07372019439935684
2016-04-26,0.07290109246969223
2016-04-27,0.07224579155445099
2016-04-28,0.07339254021644592
2016-04-29,0.07257343083620071
2016-05-02,0.06946080923080444
2016-05-03,0.06929698586463928
2016-05-04,0.06962461769580841
2016-05-05,0.06946080923080444
2016-05-06,0.07011610269546509
2016-05-09,0.06929698586463928
2016-05-10,0.06946080923080444
2016-05-11,0.07044374197721481
2016-05-12,0.06995227932929993
2016-05-13,0.07011610269546509
2016-05-16,0.06978844851255417
2016-05-17,0.06962461769580841
2016-05-18,0.06946080923080444
2016-05-19,0.06929698586463928
2016-05-20,0.06929698586463928
2016-05-23,0.06929698586463928
2016-05-24,0.06896935403347015
2016-05-25,0.06946080923080444
2016-05-26,0.07159050554037094
2016-05-27,0.0717543214559555
2016-05-30,0.07224579155445099
2016-05-31,0.07240962237119675
2016-06-01,0.0730648934841156
2016-06-02,0.07322873175144196
2016-06-03,0.07191813737154007
2016-06-06,0.07224579155445099
2016-06-07,0.07208197563886642
2016-06-08,0.0730648934841156
2016-06-09,0.07224579155445099
2016-06-10,0.07208197563886642
2016-06-14,0.07044374197721481
2016-06-15,0.06946080923080444
2016-06-16,0.06929698586463928
2016-06-17,0.07093522697687149
2016-06-20,0.07159050554037094
2016-06-21,0.07109902799129486
2016-06-22,0.07191813737154007
2016-06-23,0.0717543214559555
2016-06-24,0.07011610269546509
2016-06-27,0.07159050554037094
2016-06-28,0.07126286625862122
2016-06-29,0.07290109246969223
2016-06-30,0.07486694306135178
2016-07-01,0.07453931868076324
2016-07-04,0.07584989070892334
2016-07-05,0.07568606734275818
2016-07-06,0.0751945897936821
2016-07-07,0.07191813737154007
2016-07-08,0.07044374197721481
2016-07-11,0.07044374197721481
2016-07-12,0.07208197563886642
2016-07-13,0.07224579155445099
2016-07-14,0.07322873175144196
2016-07-15,0.07355637848377228
2016-07-18,0.07421167194843292
2016-07-19,0.07535842061042786
2016-07-20,0.07650519162416458
2016-07-21,0.0768328309059143
2016-07-22,0.07634134590625763
2016-07-25,0.07781575620174408
2016-07-26,0.0781434029340744
2016-07-27,0.07863486558198929
2016-07-28,0.07961782068014145
2016-07-29,0.08010927587747574
2016-08-01,0.07978161424398422
2016-08-02,0.08010927587747574
2016-08-03,0.0794539824128151
2016-08-04,0.07929015904664993
2016-08-05,0.08273041248321533
2016-08-08,0.08420481532812119
2016-08-09,0.0837133601307869
2016-08-10,0.09751620888710022
2016-08-11,0.09810961037874222
2016-08-12,0.09791180491447449
2016-08-15,0.09692281484603882
2016-08-16,0.09692281484603882
2016-08-17,0.09751620888710022
2016-08-18,0.09652721136808395
2016-08-19,0.09712059795856476
2016-08-22,0.09830741584300995
2016-08-23,0.09810961037874222
2016-08-24,0.09909860044717789
2016-08-25,0.09949421137571335
2016-08-26,0.09969200938940048
2016-08-29,0.09949421137571335
2016-08-30,0.09949421137571335
2016-08-31,0.09830741584300995
2016-09-01,0.09830741584300995
2016-09-02,0.09830741584300995
2016-09-05,0.09791180491447449
2016-09-06,0.09791180491447449
2016-09-07,0.09850519895553589
2016-09-08,0.09791180491447449
2016-09-09,0.09712059795856476
2016-09-12,0.09593380242586136
2016-09-13,0.09593380242586136
2016-09-14,0.0949447900056839
2016-09-15,0.09652721136808395
2016-09-16,0.09850519895553589
2016-09-19,0.09751620888710022
2016-09-20,0.09791180491447449
2016-09-21,0.09791180491447449
2016-09-22,0.09850519895553589
2016-09-23,0.09791180491447449
2016-09-26,0.09850519895553589
2016-09-27,0.09791180491447449
2016-09-28,0.09988981485366821
2016-09-29,0.10008762031793594
2016-09-30,0.09850519895553589
2016-10-03,0.09929642826318741
2016-10-04,0.09988981485366821
2016-10-05,0.10008762031793594
2016-10-06,0.09988981485366821
2016-10-07,0.10008762031793594
2016-10-10,0.09791180491447449
2016-10-11,0.10028542578220367
2016-10-12,0.10305464267730713
2016-10-13,0.09929642826318741
2016-10-14,0.09810961037874222
2016-10-17,0.09672500938177109
2016-10-18,0.09672500938177109
2016-10-19,0.10008762031793594
2016-10-20,0.10008762031793594
2016-10-21,0.09909860044717789
2016-10-24,0.09771399945020676
2016-10-25,0.09712059795856476
2016-10-26,0.09534039348363876
2016-10-27,0.09454920887947083
2016-10-28,0.0949447900056839
2016-10-31,0.09573600441217422
2016-11-01,0.09534039348363876
2016-11-02,0.09356019645929337
2016-11-03,0.09356019645929337
2016-11-04,0.09276899695396423
2016-11-07,0.09375796467065811
2016-11-08,0.09375796467065811
2016-11-09,0.09138436615467072
2016-11-10,0.09276899695396423
2016-11-11,0.09059316664934158
2016-11-14,0.0894063413143158
2016-11-15,0.08960416913032532
2016-11-16,0.09019756317138672
2016-11-17,0.08999977260828018
2016-11-18,0.09079095721244812
2016-11-21,0.09019756317138672
2016-11-22,0.08999977260828018
2016-11-23,0.08999977260828018
2016-11-24,0.09059316664934158
2016-11-25,0.09158217906951904
2016-11-28,0.09336237609386444
2016-11-29,0.09276899695396423
2016-11-30,0.09276899695396423
2016-12-01,0.09356019645929337
2016-12-02,0.09276899695396423
2016-12-05,0.09296678006649017
2016-12-06,0.09356019645929337
2016-12-07,0.09454920887947083
2016-12-08,0.09415359050035477
2016-12-09,0.09197777509689331
2016-12-12,0.09197777509689331
2016-12-13,0.09197777509689331
2016-12-14,0.09118656069040298
2016-12-15,0.0925711914896965
2016-12-16,0.09296678006649017
2016-12-19,0.09336237609386444
2016-12-20,0.0943514034152031
2016-12-21,0.09415359050035477
2016-12-22,0.09395578503608704
2016-12-23,0.09415359050035477
2016-12-28,0.09514259546995163
2016-12-29,0.0949447900056839
2016-12-30,0.09514259546995163
2017-01-03,0.09593380242586136
2017-01-04,0.09593380242586136
2017-01-05,0.0955381840467453
2017-01-06,0.09692281484603882
2017-01-09,0.0973183810710907
2017-01-10,0.0955381840467453
2017-01-11,0.09593380242586136
2017-01-12,0.09751620888710022
2017-01-13,0.09751620888710022
2017-01-16,0.09751620888710022
2017-01-17,0.09692281484603882
2017-01-18,0.09613161534070969
2017-01-19,0.09652721136808395
2017-01-20,0.09573600441217422
2017-01-23,0.09514259546995163
2017-01-24,0.09395578503608704
2017-01-25,0.09395578503608704
2017-01-27,0.09454920887947083
2017-01-30,0.09316457808017731
2017-01-31,0.09375796467065811
2017-02-01,0.09395578503608704
2017-02-02,0.08901075273752213
2017-02-03,0.08980195969343185
2017-02-06,0.08782394230365753
2017-02-07,0.10586857795715332
2017-02-08,0.1043739840388298
2017-02-09,0.1043739840388298
2017-02-10,0.10636678338050842
2017-02-13,0.10736320167779922
2017-02-14,0.10811049491167068
2017-02-15,0.10786140710115433
2017-02-16,0.10835959017276764
2017-02-17,0.10761229693889618
2017-02-20,0.10736320167779922
2017-02-21,0.10686498880386353
2017-02-22,0.10586857795715332
2017-02-23,0.10636678338050842
2017-02-24,0.10686498880386353
2017-02-27,0.10736320167779922
2017-02-28,0.10611767321825027
2017-03-01,0.10636678338050842
2017-03-02,0.10910691320896149
2017-03-03,0.10885781049728394
2017-03-06,0.10786140710115433
2017-03-07,0.10860870033502579
2017-03-08,0.10835959017276764
2017-03-09,0.11134883761405945
2017-03-10,0.11184702813625336
2017-03-13,0.11458715796470642
2017-03-14,0.11334164440631866
2017-03-15,0.11408893764019012
2017-03-16,0.11433804780244827
2017-03-17,0.11334164440631866
2017-03-20,0.11309252679347992
2017-03-21,0.11334164440631866
2017-03-22,0.11184702813625336
2017-03-23,0.11234524846076965
2017-03-24,0.11309252679347992
2017-03-27,0.11383983492851257
2017-03-28,0.11483623087406158
2017-03-29,0.11732728034257889
2017-03-30,0.11807455867528915
2017-03-31,0.1183236762881279
2017-04-03,0.11757636070251465
2017-04-04,0.11782548576593399
2017-04-05,0.11882190406322479
2017-04-06,0.11956918984651566
2017-04-07,0.12031649053096771
2017-04-10,0.12156200408935547
2017-04-11,0.12230931967496872
2017-04-12,0.12106382101774216
2017-04-13,0.11907100677490234
2017-04-18,0.11782548576593399
2017-04-19,0.11807455867528915
2017-04-20,0.1183236762881279
2017-04-21,0.11882190406322479
2017-04-24,0.1198182925581932
2017-04-26,0.1198182925581932
2017-04-27,0.11907100677490234
2017-04-28,0.1183236762881279
2017-05-01,0.11907100677490234
2017-05-02,0.12006740272045135
2017-05-03,0.1193201094865799
2017-05-04,0.12031649053096771
2017-05-05,0.11807455867528915
2017-05-08,0.1183236762881279
2017-05-09,0.11757636070251465
2017-05-10,0.11782548576593399
2017-05-11,0.11807455867528915
2017-05-12,0.11682907491922379
2017-05-15,0.11633087694644928
2017-05-16,0.11732728034257889
2017-05-17,0.11558355391025543
2017-05-18,0.11408893764019012
2017-05-19,0.11408893764019012
2017-05-22,0.11458715796470642
2017-05-23,0.11458715796470642
2017-05-24,0.11558355391025543
2017-05-25,0.11558355391025543
2017-05-26,0.11508536338806152
2017-05-29,0.11508536338806152
2017-05-30,0.11483623087406158
2017-05-31,0.11408893764019012
2017-06-01,0.11383983492851257
2017-06-02,0.11408893764019012
2017-06-05,0.11309252679347992
2017-06-06,0.11134883761405945
2017-06-07,0.11184702813625336
2017-06-08,0.11209612339735031
2017-06-09,0.11309252679347992
2017-06-13,0.11309252679347992
2017-06-14,0.11408893764019012
2017-06-15,0.11383983492851257
2017-06-16,0.11383983492851257
2017-06-19,0.11533445864915848
2017-06-20,0.11583267152309418
2017-06-21,0.11433804780244827
2017-06-22,0.11433804780244827
2017-06-23,0.1135907769203186
2017-06-26,0.11309252679347992
2017-06-27,0.11209612339735031
2017-06-28,0.1110997274518013
2017-06-29,0.11010332405567169
2017-06-30,0.10885781049728394
2017-07-03,0.10661586374044418
2017-07-04,0.10761229693889618
2017-07-05,0.10636678338050842
2017-07-06,0.10661586374044418
2017-07-07,0.10537037998437881
2017-07-10,0.10686498880386353
2017-07-11,0.10661586374044418
2017-07-12,0.10586857795715332
2017-07-13,0.10686498880386353
2017-07-14,0.10761229693889618
2017-07-17,0.10711409151554108
2017-07-18,0.10512127727270126
2017-07-19,0.10537037998437881
2017-07-20,0.10462307184934616
2017-07-21,0.10561947524547577
2017-07-24,0.10512127727270126
2017-07-25,0.10561947524547577
2017-07-26,0.10561947524547577
2017-07-27,0.10462307184934616
2017-07-28,0.10387575626373291
2017-07-31,0.10412487387657166
2017-08-01,0.10561947524547577
2017-08-02,0.10561947524547577
2017-08-03,0.10686498880386353
2017-08-04,0.10835959017276764
2017-08-07,0.10711409151554108
2017-08-08,0.10661586374044418
2017-08-09,0.10462307184934616
2017-08-10,0.10387575626373291
2017-08-11,0.12571221590042114
2017-08-14,0.12539316713809967
2017-08-15,0.1269885003566742
2017-08-16,0.12666942179203033
2017-08-17,0.13177447021007538
2017-08-18,0.1362413913011551
2017-08-21,0.13368888199329376
2017-08-22,0.1343270093202591
2017-08-23,0.1343270093202591
2017-08-24,0.13241258263587952
2017-08-25,0.13241258263587952
2017-08-28,0.1314554214477539
2017-08-29,0.13049820065498352
2017-08-30,0.13017913699150085
2017-08-31,0.13113634288311005
2017-09-01,0.13017913699150085
2017-09-04,0.13017913699150085
2017-09-05,0.12922193109989166
2017-09-06,0.13017913699150085
2017-09-07,0.128902867436409
2017-09-08,0.12922193109989166
2017-09-11,0.13273166120052338
2017-09-12,0.13783672451972961
2017-09-13,0.13592232763767242
2017-09-14,0.13656044006347656
2017-09-15,0.1397511214017868
2017-09-18,0.1397511214017868
2017-09-19,0.13911300897598267
2017-09-20,0.13703906536102295
2017-09-21,0.1352842003107071
2017-09-22,0.13751766085624695
2017-09-25,0.13911300897598267
2017-09-26,0.13815580308437347
2017-09-27,0.13400794565677643
2017-09-28,0.13560324907302856
2017-09-29,0.1362413913011551
2017-10-02,0.13687953352928162
2017-10-03,0.13560324907302856
2017-10-04,0.13496513664722443
2017-10-05,0.1352842003107071
2017-10-06,0.13592232763767242
2017-10-09,0.1362413913011551
2017-10-10,0.1362413913011551
2017-10-11,0.1371985822916031
2017-10-12,0.13656044006347656
2017-10-13,0.13656044006347656
2017-10-16,0.13687953352928162
2017-10-17,0.1371985822916031
2017-10-18,0.13464607298374176
2017-10-19,0.13783672451972961
2017-10-20,0.1387939304113388
2017-10-23,0.13943207263946533
2017-10-24,0.13847486674785614
2017-10-25,0.13911300897598267
2017-10-26,0.13943207263946533
2017-10-27,0.14198461174964905
2017-10-30,0.14357991516590118
2017-10-31,0.1432608664035797
2017-11-01,0.14230366051197052
2017-11-02,0.14102742075920105
2017-11-03,0.1416655331850052
2017-11-06,0.14389899373054504
2017-11-07,0.14389899373054504
2017-11-08,0.14677059650421143
2017-11-09,0.1461324393749237
2017-11-10,0.14645151793956757
2017-11-13,0.14645151793956757
2017-11-14,0.14868494868278503
2017-11-15,0.1499612182378769
2017-11-16,0.15155655145645142
2017-11-17,0.1588950902223587
2017-11-20,0.15761877596378326
2017-11-21,0.15825693309307098
2017-11-22,0.1588950902223587
2017-11-23,0.15666161477565765
2017-11-24,0.1544281542301178
2017-11-27,0.15410907566547394
2017-11-28,0.1553853452205658
2017-11-29,0.15474724769592285
2017-11-30,0.15474724769592285
2017-12-01,0.15698067843914032
2017-12-04,0.15474724769592285
2017-12-05,0.1553853452205658
2017-12-06,0.15666161477565765
2017-12-07,0.15857601165771484
2017-12-08,0.16336201131343842
2017-12-11,0.16655266284942627
2017-12-12,0.17006240785121918
2017-12-13,0.16495735943317413
2017-12-14,0.16495735943317413
2017-12-15,0.16782894730567932
2017-12-18,0.17006240785121918
2017-12-19,0.17293396592140198
2017-12-20,0.17771998047828674
2017-12-21,0.17676277458667755
2017-12-22,0.17835812270641327
2017-12-27,0.18027248978614807
2017-12-28,0.17931528389453888
2017-12-29,0.17803902924060822
2018-01-02,0.17771998047828674
2018-01-03,0.1754865199327469
2018-01-04,0.17644371092319489
2018-01-05,0.17580558359622955
2018-01-08,0.17325301468372345
2018-01-09,0.17006240785121918
2018-01-10,0.16750985383987427
2018-01-11,0.16655266284942627
2018-01-12,0.16368108987808228
2018-01-15,0.16463828086853027
2018-01-16,0.1681479811668396
2018-01-17,0.16974332928657532
2018-01-18,0.16942423582077026
2018-01-19,0.16495735943317413
2018-01-22,0.16495735943317413
2018-01-23,0.16400012373924255
2018-01-24,0.16304293274879456
2018-01-25,0.16336201131343842
2018-01-29,0.1652764230966568
2018-01-30,0.1652764230966568
2018-01-31,0.16495735943317413
2018-02-01,0.16495735943317413
2018-02-02,0.1662335842847824
2018-02-05,0.16655266284942627
2018-02-06,0.15953320264816284
2018-02-07,0.16304293274879456
2018-02-08,0.15187563002109528
2018-02-09,0.1451752632856369
2018-02-12,0.14421804249286652
2018-02-13,0.1735115796327591
2018-02-14,0.17312341928482056
2018-02-15,0.1715707629919052
2018-02-16,0.17545239627361298
2018-02-19,0.1793341189622879
2018-02-20,0.18321576714515686
2018-02-21,0.1828276515007019
2018-02-22,0.1828276515007019
2018-02-23,0.18360397219657898
2018-02-26,0.1824394315481186
2018-02-27,0.1793341189622879
2018-02-28,0.1793341189622879
2018-03-01,0.1804986298084259
2018-03-02,0.1793341189622879
2018-03-05,0.18127496540546417
2018-03-06,0.18360397219657898
2018-03-07,0.18011042475700378
2018-03-08,0.18127496540546417
2018-03-09,0.1828276515007019
2018-03-12,0.1804986298084259
2018-03-13,0.17894591391086578
2018-03-14,0.17739325761795044
2018-03-15,0.17545239627361298
2018-03-16,0.17506426572799683
2018-03-19,0.17389973998069763
2018-03-20,0.1715707629919052
2018-03-21,0.17079439759254456
2018-03-22,0.17079439759254456
2018-03-23,0.16924172639846802
2018-03-26,0.1680772304534912
2018-03-27,0.17545239627361298
2018-03-28,0.17195890843868256
2018-03-29,0.17040620744228363
2018-04-03,0.16574819386005402
2018-04-04,0.16380737721920013
2018-04-05,0.16574819386005402
2018-04-06,0.16380737721920013
2018-04-09,0.16691270470619202
2018-04-10,0.16652455925941467
2018-04-11,0.16536003351211548
2018-04-12,0.16962990164756775
2018-04-13,0.16846540570259094
2018-04-16,0.16846540570259094
2018-04-17,0.1680772304534912
2018-04-18,0.16885358095169067
2018-04-19,0.16885358095169067
2018-04-20,0.16846540570259094
2018-04-23,0.16730089485645294
2018-04-24,0.17079439759254456
2018-04-26,0.1680772304534912
2018-04-27,0.16846540570259094
2018-04-30,0.17001807689666748
2018-05-01,0.1715707629919052
2018-05-02,0.17312341928482056
2018-05-03,0.1715707629919052
2018-05-04,0.16652455925941467
2018-05-07,0.16536003351211548
2018-05-08,0.16691270470619202
2018-05-09,0.16613638401031494
2018-05-10,0.17079439759254456
2018-05-11,0.17661693692207336
2018-05-14,0.17545239627361298
2018-05-15,0.17972226440906525
2018-05-16,0.1781696081161499
2018-05-17,0.1781696081161499
2018-05-18,0.17778141796588898
2018-05-21,0.1770051270723343
2018-05-22,0.17428793013095856
2018-05-23,0.17312341928482056
2018-05-24,0.17389973998069763
2018-05-25,0.17506426572799683
2018-05-28,0.1735115796327591
2018-05-29,0.1715707629919052
2018-05-30,0.1715707629919052
2018-05-31,0.16962990164756775
2018-06-01,0.17001807689666748
2018-06-04,0.17312341928482056
2018-06-05,0.17273524403572083
2018-06-06,0.17428793013095856
2018-06-07,0.17389973998069763
2018-06-08,0.17778141796588898
2018-06-12,0.18011042475700378
2018-06-13,0.17894591391086578
2018-06-14,0.1781696081161499
2018-06-15,0.1781696081161499
2018-06-18,0.17855776846408844
2018-06-19,0.17778141796588898
2018-06-20,0.17894591391086578
2018-06-21,0.17739325761795044
2018-06-22,0.17622876167297363
2018-06-25,0.1770051270723343
2018-06-26,0.17506426572799683
2018-06-27,0.1758406013250351
2018-06-28,0.1735115796327591
2018-06-29,0.17312341928482056
2018-07-02,0.17428793013095856
2018-07-03,0.17778141796588898
2018-07-04,0.17739325761795044
2018-07-05,0.17739325761795044
2018-07-06,0.18011042475700378
2018-07-09,0.1804986298084259
2018-07-10,0.1804986298084259
2018-07-11,0.1824394315481186
2018-07-12,0.18476848304271698
2018-07-13,0.18476848304271698
2018-07-16,0.1859329789876938
2018-07-17,0.18321576714515686
2018-07-18,0.18205130100250244
2018-07-19,0.18088674545288086
2018-07-20,0.1828276515007019
2018-07-23,0.1804986298084259
2018-07-24,0.1828276515007019
2018-07-25,0.18011042475700378
2018-07-26,0.17894591391086578
2018-07-27,0.1816631555557251
2018-07-30,0.1816631555557251
2018-07-31,0.18127496540546417
2018-08-01,0.1793341189622879
2018-08-02,0.18127496540546417
2018-08-03,0.18127496540546417
2018-08-06,0.18011042475700378
2018-08-07,0.1746760755777359
2018-08-08,0.18787381052970886
2018-08-09,0.19253180921077728
2018-08-10,0.19214363396167755
2018-08-13,0.1882620006799698
2018-08-14,0.18865017592906952
2018-08-15,0.21476486325263977
2018-08-16,0.21339404582977295
2018-08-17,0.21796350181102753
2018-08-20,0.21796350181102753
2018-08-21,0.21613575518131256
2018-08-22,0.21704965829849243
2018-08-23,0.2165927141904831
2018-08-24,0.21887743473052979
2018-08-27,0.22298994660377502
2018-08-28,0.22070521116256714
2018-08-29,0.2202482670545578
2018-08-30,0.21979132294654846
2018-08-31,0.21933437883853912
2018-09-03,0.22070521116256714
2018-09-04,0.221619114279747
2018-09-05,0.22116215527057648
2018-09-06,0.21933437883853912
2018-09-07,0.21842047572135925
2018-09-10,0.21842047572135925
2018-09-11,0.21979132294654846
2018-09-12,0.2239038497209549
2018-09-13,0.2239038497209549
2018-09-14,0.22298994660377502
2018-09-17,0.22436082363128662
2018-09-18,0.22573164105415344
2018-09-19,0.22481770813465118
2018-09-20,0.22070521116256714
2018-09-21,0.22207602858543396
2018-09-24,0.22344690561294556
2018-09-25,0.22298994660377502
2018-09-26,0.2239038497209549
2018-09-27,0.22344690561294556
2018-09-28,0.2225329726934433
2018-10-01,0.221619114279747
2018-10-02,0.21796350181102753
2018-10-03,0.2202482670545578
2018-10-04,0.21979132294654846
2018-10-05,0.21933437883853912
2018-10-08,0.21796350181102753
2018-10-09,0.21704965829849243
2018-10-10,0.21750658750534058
2018-10-11,0.21110935509204865
2018-10-12,0.21065236628055573
2018-10-15,0.21019545197486877
2018-10-16,0.21202321350574493
2018-10-17,0.21750658750534058
2018-10-18,0.22070521116256714
2018-10-19,0.21979132294654846
2018-10-22,0.21933437883853912
2018-10-23,0.21979132294654846
2018-10-24,0.2165927141904831
2018-10-25,0.2092815786600113
2018-10-26,0.20745378732681274
2018-10-29,0.2092815786600113
2018-10-30,0.21202321350574493
2018-10-31,0.21110935509204865
2018-11-01,0.21019545197486877
2018-11-02,0.21110935509204865
2018-11-05,0.21156629920005798
2018-11-06,0.21248020231723785
2018-11-07,0.21248020231723785
2018-11-08,0.21385100483894348
2018-11-09,0.21156629920005798
2018-11-12,0.2143079787492752
2018-11-13,0.2092815786600113
2018-11-14,0.20745378732681274
2018-11-15,0.20745378732681274
2018-11-16,0.20653988420963287
2018-11-19,0.20608292520046234
2018-11-20,0.20379818975925446
2018-11-21,0.20059962570667267
2018-11-22,0.20105654001235962
2018-11-23,0.20151349902153015
2018-11-26,0.20288431644439697
2018-11-27,0.2056259661912918
2018-11-28,0.20379818975925446
2018-11-29,0.20379818975925446
2018-11-30,0.1960301399230957
2018-12-03,0.1983148753643036
2018-12-04,0.19877181947231293
2018-12-05,0.19648706912994385
2018-12-06,0.1946593075990677
2018-12-07,0.1983148753643036
2018-12-10,0.1946593075990677
2018-12-11,0.1923745572566986
2018-12-12,0.19785794615745544
2018-12-13,0.19511626660823822
2018-12-14,0.19557319581508636
2018-12-17,0.199685737490654
2018-12-18,0.1946593075990677
2018-12-19,0.19511626660823822
2018-12-20,0.1946593075990677
2018-12-21,0.18917594850063324
2018-12-24,0.19054675102233887
2018-12-27,0.1960301399230957
2018-12-28,0.19694402813911438
2018-12-31,0.1960301399230957
2019-01-02,0.19374540448188782
2019-01-03,0.19328844547271729
2019-01-04,0.19374540448188782
2019-01-07,0.1960301399230957
2019-01-08,0.20242740213871002
2019-01-09,0.20608292520046234
2019-01-10,0.20745378732681274
2019-01-11,0.21065236628055573
2019-01-14,0.21156629920005798
2019-01-15,0.21248020231723785
2019-01-16,0.21065236628055573
2019-01-17,0.21019545197486877
2019-01-18,0.21156629920005798
2019-01-21,0.21522188186645508
2019-01-22,0.2129371464252472
2019-01-23,0.21385100483894348
2019-01-24,0.2143079787492752
2019-01-25,0.2143079787492752
2019-01-29,0.21567879617214203
2019-01-30,0.2129371464252472
2019-01-31,0.21248020231723785
2019-02-01,0.2129371464252472
2019-02-04,0.21339404582977295
2019-02-05,0.2143079787492752
2019-02-06,0.21796350181102753
2019-02-07,0.21979132294654846
2019-02-08,0.21933437883853912
2019-02-11,0.21933437883853912
2019-02-12,0.21796350181102753
2019-02-13,0.2092815786600113
2019-02-14,0.2069968581199646
2019-02-15,0.21202321350574493
2019-02-18,0.24987220764160156
2019-02-19,0.24931937456130981
2019-02-20,0.2482137382030487
2019-02-21,0.25208351016044617
2019-02-22,0.259270042181015
2019-02-25,0.25761160254478455
2019-02-26,0.2570587992668152
2019-02-27,0.26148128509521484
2019-02-28,0.2609284520149231
2019-03-01,0.2642453610897064
2019-03-04,0.26479819416999817
2019-03-05,0.2609284520149231
2019-03-06,0.2598227858543396
2019-03-07,0.26479819416999817
2019-03-08,0.2642453610897064
2019-03-11,0.25871720910072327
2019-03-12,0.25650593638420105
2019-03-13,0.25650593638420105
2019-03-14,0.2570587992668152
2019-03-15,0.2581643760204315
2019-03-18,0.2598227858543396
2019-03-19,0.2609284520149231
2019-03-20,0.26148128509521484
2019-03-21,0.25871720910072327
2019-03-22,0.2609284520149231
2019-03-25,0.25871720910072327
2019-03-26,0.2570587992668152
2019-03-27,0.2548474967479706
2019-03-28,0.2570587992668152
2019-03-29,0.2554003596305847
2019-04-01,0.2603756785392761
2019-04-02,0.2686678469181061
2019-04-03,0.2714320123195648
2019-04-04,0.2681150734424591
2019-04-05,0.2659038007259369
2019-04-08,0.2697734832763672
2019-04-09,0.2697734832763672
2019-04-10,0.2681150734424591
2019-04-11,0.2686678469181061
2019-04-12,0.2714320123195648
2019-04-15,0.2686678469181061
2019-04-16,0.2642453610897064
2019-04-17,0.2659038007259369
2019-04-18,0.2642453610897064
2019-04-23,0.2697734832763672
2019-04-24,0.2714320123195648
2019-04-26,0.2714320123195648
2019-04-29,0.27032631635665894
2019-04-30,0.26479819416999817
2019-05-01,0.26479819416999817
2019-05-02,0.2642453610897064
2019-05-03,0.262034147977829
2019-05-06,0.2570587992668152
2019-05-07,0.2554003596305847
2019-05-08,0.2542947232723236
2019-05-09,0.2559531629085541
2019-05-10,0.2548474967479706
2019-05-13,0.2542947232723236
2019-05-14,0.25263628363609314
2019-05-15,0.25374194979667664
2019-05-16,0.25650593638420105
2019-05-17,0.2554003596305847
2019-05-20,0.2570587992668152
2019-05-21,0.25650593638420105
2019-05-22,0.25650593638420105
2019-05-23,0.2554003596305847
2019-05-24,0.2542947232723236
2019-05-27,0.2548474967479706
2019-05-28,0.25208351016044617
2019-05-29,0.2504250407218933
2019-05-30,0.2504250407218933
2019-05-31,0.24931937456130981
2019-06-03,0.24710813164710999
2019-06-04,0.24379126727581024
2019-06-05,0.24379126727581024
2019-06-06,0.24600251019001007
2019-06-07,0.24766090512275696
2019-06-11,0.2559531629085541
2019-06-12,0.25208351016044617
2019-06-13,0.25097784399986267
2019-06-14,0.25374194979667664
2019-06-17,0.25263628363609314
2019-06-18,0.2531891167163849
2019-06-19,0.25761160254478455
2019-06-20,0.2548474967479706
2019-06-21,0.25153064727783203
2019-06-24,0.25263628363609314
2019-06-25,0.2504250407218933
2019-06-26,0.2482137382030487
2019-06-27,0.24766090512275696
2019-06-28,0.24600251019001007
2019-07-01,0.24766090512275696
2019-07-02,0.25097784399986267
2019-07-03,0.25153064727783203
2019-07-04,0.25153064727783203
2019-07-05,0.25374194979667664
2019-07-08,0.2559531629085541
2019-07-09,0.25871720910072327
2019-07-10,0.259270042181015
2019-07-11,0.25761160254478455
2019-07-12,0.2554003596305847
2019-07-15,0.2570587992668152
2019-07-16,0.25650593638420105
2019-07-17,0.2554003596305847
2019-07-18,0.2542947232723236
2019-07-19,0.2542947232723236
2019-07-22,0.2542947232723236
2019-07-23,0.2548474967479706
2019-07-24,0.25374194979667664
2019-07-25,0.24987220764160156
2019-07-26,0.25097784399986267
2019-07-29,0.25097784399986267
2019-07-30,0.2504250407218933
2019-07-31,0.2482137382030487
2019-08-01,0.24710813164710999
2019-08-02,0.2443440556526184
2019-08-05,0.23826313018798828
2019-08-06,0.23605188727378845
2019-08-07,0.23936878144741058
2019-08-08,0.2415800392627716
2019-08-09,0.24213281273841858
2019-08-12,0.2443440556526184
2019-08-13,0.2415800392627716
2019-08-14,0.2432384490966797
2019-08-15,0.24600251019001007
2019-08-16,0.24489690363407135
2019-08-19,0.2443440556526184
2019-08-20,0.24600251019001007
2019-08-21,0.29490554332733154
2019-08-22,0.2942306101322174
2019-08-23,0.3023286759853363
2019-08-26,0.30367839336395264
2019-08-27,0.3124513030052185
2019-08-28,0.3124513030052185
2019-08-29,0.31177645921707153
2019-08-30,0.3178500235080719
2019-09-02,0.315825492143631
2019-09-03,0.31380099058151245
2019-09-04,0.31447580456733704
2019-09-05,0.3185248374938965
2019-09-06,0.32189902663230896
2019-09-09,0.3232487440109253
2019-09-10,0.32189902663230896
2019-09-11,0.32189902663230896
2019-09-12,0.32459840178489685
2019-09-13,0.3259480893611908
2019-09-16,0.32392358779907227
2019-09-17,0.3225739002227783
2019-09-18,0.3259480893611908
2019-09-19,0.32662296295166016
2019-09-20,0.3279726207256317
2019-09-23,0.32729780673980713
2019-09-24,0.32932230830192566
2019-09-25,0.3286474347114563
2019-09-26,0.3259480893611908
2019-09-27,0.3286474347114563
2019-09-30,0.32729780673980713
2019-10-01,0.33134686946868896
2019-10-02,0.3279726207256317
2019-10-03,0.32729780673980713
2019-10-04,0.3259480893611908
2019-10-07,0.32729780673980713
2019-10-08,0.3306719958782196
2019-10-09,0.32729780673980713
2019-10-10,0.3252733051776886
2019-10-11,0.3279726207256317
2019-10-14,0.3252733051776886
2019-10-15,0.32729780673980713
2019-10-16,0.3340461850166321
2019-10-17,0.3306719958782196
2019-10-18,0.32662296295166016
2019-10-21,0.3286474347114563
2019-10-22,0.32729780673980713
2019-10-23,0.32662296295166016
2019-10-24,0.32729780673980713
2019-10-25,0.32662296295166016
2019-10-28,0.32729780673980713
2019-10-29,0.32729780673980713
2019-10-30,0.32459840178489685
2019-10-31,0.32392358779907227
2019-11-01,0.32459840178489685
2019-11-04,0.3259480893611908
2019-11-05,0.32662296295166016
2019-11-06,0.31919974088668823
2019-11-07,0.3225739002227783
2019-11-08,0.3232487440109253
2019-11-11,0.32459840178489685
2019-11-12,0.32459840178489685
2019-11-13,0.32392358779907227
2019-11-14,0.3232487440109253
2019-11-15,0.3232487440109253
2019-11-18,0.32662296295166016
2019-11-19,0.3286474347114563
2019-11-20,0.3279726207256317
2019-11-21,0.32392358779907227
2019-11-22,0.32122424244880676
2019-11-25,0.31919974088668823
2019-11-26,0.3205493986606598
2019-11-27,0.3232487440109253
2019-11-28,0.3252733051776886
2019-11-29,0.3232487440109253
2019-12-02,0.3185248374938965
2019-12-03,0.315150648355484
2019-12-04,0.3124513030052185
2019-12-05,0.315825492143631
2019-12-06,0.31650036573410034
2019-12-09,0.31717512011528015
2019-12-10,0.3131261169910431
2019-12-11,0.31717512011528015
2019-12-12,0.315150648355484
2019-12-13,0.3178500235080719
2019-12-16,0.31919974088668823
2019-12-17,0.3198745846748352
2019-12-18,0.3198745846748352
2019-12-19,0.3225739002227783
2019-12-20,0.3205493986606598
2019-12-23,0.315150648355484
2019-12-24,0.31380099058151245
2019-12-27,0.315150648355484
2019-12-30,0.315825492143631
2019-12-31,0.30570289492607117
2020-01-02,0.30772748589515686
2020-01-03,0.30840227007865906
2020-01-06,0.30570289492607117
2020-01-07,0.3104267716407776
2020-01-08,0.3063777685165405
2020-01-09,0.309751957654953
2020-01-10,0.31380099058151245
2020-01-13,0.31650036573410034
2020-01-14,0.31717512011528015
2020-01-15,0.315825492143631
2020-01-16,0.3185248374938965
2020-01-17,0.3205493986606598
2020-01-20,0.3185248374938965
2020-01-21,0.3185248374938965
2020-01-22,0.3205493986606598
2020-01-23,0.3205493986606598
2020-01-24,0.3205493986606598
2020-01-28,0.3131261169910431
2020-01-29,0.31447580456733704
2020-01-30,0.31447580456733704
2020-01-31,0.31650036573410034
2020-02-03,0.31110161542892456
2020-02-04,0.31110161542892456
2020-02-05,0.3124513030052185
2020-02-06,0.30840227007865906
2020-02-07,0.309751957654953
2020-02-10,0.31110161542892456
2020-02-11,0.31380099058151245
2020-02-12,0.3131261169910431
2020-02-13,0.3131261169910431
2020-02-14,0.31380099058151245
2020-02-17,0.3104267716407776
2020-02-18,0.30840227007865906
2020-02-19,0.2908564507961273
2020-02-20,0.28815707564353943
2020-02-21,0.2814086377620697
2020-02-24,0.33782342076301575
2020-02-25,0.3369872272014618
2020-02-26,0.32862532138824463
2020-02-27,0.32444435358047485
2020-02-28,0.31691858172416687
2020-03-02,0.3202633559703827
2020-03-03,0.3127376139163971
2020-03-04,0.31022903323173523
2020-03-05,0.30855658650398254
2020-03-06,0.30103084444999695
2020-03-09,0.28179842233657837
2020-03-10,0.2834707498550415
2020-03-11,0.28430694341659546
2020-03-12,0.27594494819641113
2020-03-13,0.27594494819641113
2020-03-16,0.2424965798854828
2020-03-17,0.22326408326625824
2020-03-18,0.21155734360218048
2020-03-19,0.20152300596237183
2020-03-20,0.20988498628139496
2020-03-23,0.18229055404663086
2020-03-24,0.19566965103149414
2020-03-25,0.1981782466173172
2020-03-26,0.2165745198726654
2020-03-27,0.1965058445930481
2020-03-30,0.20486781001091003
2020-03-31,0.21155734360218048
2020-04-01,0.22410030663013458
2020-04-02,0.22159169614315033
2020-04-03,0.2073763906955719
2020-04-06,0.2257726490497589
2020-04-07,0.23162603378295898
2020-04-08,0.23078984022140503
2020-04-09,0.23915180563926697
2020-04-14,0.24751433730125427
2020-04-15,0.2508591413497925
2020-04-16,0.2424965798854828
2020-04-17,0.24918672442436218
2020-04-20,0.24918672442436218
2020-04-21,0.2424965798854828
2020-04-22,0.23580703139305115
2020-04-23,0.23413464426994324
2020-04-24,0.23246224224567413
2020-04-27,0.24166037142276764
2020-04-28,0.24835050106048584
2020-04-29,0.26591065526008606
2020-04-30,0.2692553997039795
2020-05-01,0.2575487494468689
2020-05-04,0.2558763325214386
2020-05-05,0.2617296874523163
2020-05-06,0.2634020447731018
2020-05-07,0.26256588101387024
2020-05-08,0.26256588101387024
2020-05-11,0.27176403999328613
2020-05-12,0.2634020447731018
2020-05-13,0.26423823833465576
2020-05-14,0.25671252608299255
2020-05-15,0.26089343428611755
2020-05-18,0.2650744616985321
2020-05-19,0.27176403999328613
2020-05-20,0.2726001739501953
2020-05-21,0.2684192657470703
2020-05-22,0.26758307218551636
2020-05-25,0.2742725610733032
2020-05-26,0.27761736512184143
2020-05-27,0.2834707498550415
2020-05-28,0.2767811715602875
2020-05-29,0.2692553997039795
2020-06-01,0.27176403999328613
2020-06-02,0.27928978204727173
2020-06-03,0.2884879410266876
2020-06-04,0.2884879410266876
2020-06-05,0.2884879410266876
2020-06-09,0.30270323157310486
2020-06-10,0.3052118420600891
2020-06-11,0.2876517176628113
2020-06-12,0.2801259756088257
2020-06-15,0.2726001739501953
2020-06-16,0.2909964919090271
2020-06-17,0.29768604040145874
2020-06-18,0.2876517176628113
2020-06-19,0.2868155241012573
2020-06-22,0.27928978204727173
2020-06-23,0.2876517176628113
2020-06-24,0.2893241345882416
2020-06-25,0.27510878443717957
2020-06-26,0.2767811715602875
2020-06-29,0.27928978204727173
2020-06-30,0.28263458609580994
2020-07-01,0.28430694341659546
2020-07-02,0.2851431369781494
2020-07-03,0.2834707498550415
2020-07-06,0.28263458609580994
2020-07-07,0.2784535884857178
2020-07-08,0.2709278166294098
2020-07-09,0.2709278166294098
2020-07-10,0.2709278166294098
2020-07-13,0.27761736512184143
2020-07-14,0.2709278166294098
2020-07-15,0.27928978204727173
2020-07-16,0.27928978204727173
2020-07-17,0.27928978204727173
2020-07-20,0.27343639731407166
2020-07-21,0.285979300737381
2020-07-22,0.2884879410266876
2020-07-23,0.30270323157310486
2020-07-24,0.30437561869621277
2020-07-27,0.3018670976161957
2020-07-28,0.2985222041606903
2020-07-29,0.29768604040145874
2020-07-30,0.292668879032135
2020-07-31,0.29768604040145874
2020-08-03,0.292668879032135
2020-08-04,0.3018670976161957
2020-08-05,0.2943412661552429
2020-08-06,0.29517748951911926
2020-08-07,0.2968498468399048
2020-08-10,0.292668879032135
2020-08-11,0.292668879032135
2020-08-12,0.292668879032135
2020-08-13,0.29601365327835083
2020-08-14,0.300194650888443
2020-08-17,0.30437561869621277
2020-08-18,0.306884229183197
2020-08-19,0.306884229183197
2020-08-20,0.306884229183197
2020-08-21,0.306884229183197
2020-08-24,0.30646175146102905
2020-08-25,0.30646175146102905
2020-08-26,0.30646175146102905
2020-08-27,0.3089950680732727
2020-08-28,0.30815085768699646
2020-08-31,0.3056175708770752
2020-09-01,0.2954868674278259
2020-09-02,0.2997080087661743
2020-09-03,0.30646175146102905
2020-09-04,0.2997080087661743
2020-09-07,0.30055221915245056
2020-09-08,0.30646175146102905
2020-09-09,0.30055221915245056
2020-09-10,0.2954868674278259
2020-09-11,0.2904215455055237
2020-09-14,0.29379844665527344
2020-09-15,0.28788885474205017
2020-09-16,0.2887330949306488
2020-09-17,0.28451135754585266
2020-09-18,0.28619980812072754
2020-09-21,0.2853555679321289
2020-09-22,0.2811344861984253
2020-09-23,0.2912658154964447
2020-09-24,0.2912658154964447
2020-09-25,0.2904215455055237
2020-09-28,0.29210996627807617
2020-09-29,0.2904215455055237
2020-09-30,0.28197869658470154
2020-10-01,0.2912658154964447
2020-10-02,0.28366711735725403
2020-10-05,0.2887330949306488
2020-10-06,0.2954868674278259
2020-10-07,0.29464268684387207
2020-10-08,0.29633110761642456
2020-10-09,0.2971753478050232
2020-10-12,0.29210996627807617
2020-10-13,0.2912658154964447
2020-10-14,0.2904215455055237
2020-10-15,0.28619980812072754
2020-10-16,0.2853555679321289
2020-10-19,0.28788885474205017
2020-10-20,0.2904215455055237
2020-10-21,0.2997080087661743
2020-10-22,0.2904215455055237
2020-10-23,0.29210996627807617
2020-10-26,0.28957733511924744
2020-10-27,0.28029024600982666
2020-10-28,0.28451135754585266
2020-10-29,0.28366711735725403
2020-10-30,0.27775755524635315
2020-11-02,0.279446005821228
2020-11-03,0.29210996627807617
2020-11-04,0.29379844665527344
2020-11-05,0.29886385798454285
2020-11-06,0.3461415469646454
2020-11-09,0.3360109031200409
2020-11-10,0.33516666293144226
2020-11-11,0.34360888600349426
2020-11-12,0.3444530963897705
2020-11-13,0.34276464581489563
2020-11-16,0.34698575735092163
2020-11-17,0.34782999753952026
2020-11-18,0.34782999753952026
2020-11-19,0.3461415469646454
2020-11-20,0.34276464581489563
2020-11-23,0.341920405626297
2020-11-24,0.33685505390167236
2020-11-25,0.33685505390167236
2020-11-26,0.33432242274284363
2020-11-27,0.3317897617816925
2020-11-30,0.3241910934448242
2020-12-01,0.329257071018219
2020-12-02,0.32672375440597534
2020-12-03,0.3250353932380676
2020-12-04,0.327567994594574
2020-12-07,0.33010128140449524
2020-12-08,0.3258795440196991
2020-12-09,0.3284122347831726
2020-12-10,0.33094555139541626
2020-12-11,0.3317897617816925
2020-12-14,0.3334782123565674
2020-12-15,0.33010128140449524
2020-12-16,0.34276464581489563
2020-12-17,0.3393877446651459
2020-12-18,0.337699294090271
2020-12-21,0.33263394236564636
2020-12-22,0.3317897617816925
2020-12-23,0.33516666293144226
2020-12-24,0.33854353427886963
2020-12-29,0.34107622504234314
2020-12-30,0.3393877446651459
2020-12-31,0.329257071018219
2021-01-04,0.33685505390167236
2021-01-05,0.33263394236564636
2021-01-06,0.3317897617816925
2021-01-07,0.34107622504234314
2021-01-08,0.34276464581489563
2021-01-11,0.3393877446651459
2021-01-12,0.3360109031200409
2021-01-13,0.33854353427886963
2021-01-14,0.337699294090271
2021-01-15,0.3360109031200409
2021-01-18,0.33263394236564636
2021-01-19,0.3486742079257965
2021-01-20,0.34782999753952026
2021-01-21,0.3486742079257965
2021-01-22,0.35289591550827026
2021-01-25,0.35964974761009216
2021-01-27,0.3495190739631653
2021-01-28,0.3393877446651459
2021-01-29,0.33685505390167236
2021-02-01,0.3461415469646454
2021-02-02,0.3765348196029663
2021-02-03,0.38582128286361694
2021-02-04,0.37991172075271606
2021-02-05,0.3875097334384918
2021-02-08,0.39595261216163635
2021-02-09,0.38160014152526855
2021-02-10,0.38582128286361694
2021-02-11,0.38160014152526855
2021-02-12,0.37484633922576904
2021-02-15,0.3782232999801636
2021-02-16,0.3765348196029663
2021-02-17,0.3723137378692627
2021-02-18,0.39341992139816284
2021-02-19,0.3875097334384918
2021-02-22,0.4353214502334595
2021-02-23,0.4295685589313507
2021-02-24,0.4295685589313507
2021-02-25,0.43915680050849915
2021-02-26,0.4266919493675232
2021-03-01,0.4372390806674957
2021-03-02,0.4381980299949646
2021-03-03,0.44395163655281067
2021-03-04,0.4420333504676819
2021-03-05,0.4420333504676819
2021-03-08,0.43915680050849915
2021-03-09,0.44395163655281067
2021-03-10,0.43915680050849915
2021-03-11,0.4420333504676819
2021-03-12,0.4410744905471802
2021-03-15,0.44299203157424927
2021-03-16,0.44299203157424927
2021-03-17,0.44778692722320557
2021-03-18,0.44874581694602966
2021-03-19,0.44778692722320557
2021-03-22,0.4583340883255005
2021-03-23,0.4621694087982178
2021-03-24,0.46312829852104187
2021-03-25,0.467923104763031
2021-03-26,0.4621694087982178
2021-03-29,0.44970467686653137
2021-03-30,0.44299203157424927
2021-03-31,0.44874581694602966
2021-04-01,0.4516223073005676
2021-04-06,0.4583340883255005
2021-04-07,0.4688819348812103
2021-04-08,0.47079962491989136
2021-04-09,0.4736761152744293
2021-04-12,0.47175833582878113
2021-04-13,0.4765525460243225
2021-04-14,0.47559377551078796
2021-04-15,0.4736761152744293
2021-04-16,0.47175833582878113
2021-04-19,0.46504586935043335
2021-04-20,0.46312829852104187
2021-04-21,0.46025171875953674
2021-04-22,0.46600478887557983
2021-04-23,0.46312829852104187
2021-04-26,0.46025171875953674
2021-04-27,0.47942915558815
2021-04-28,0.47751137614250183
2021-04-29,0.47751137614250183
2021-04-30,0.4765525460243225
2021-05-03,0.4813467264175415
2021-05-04,0.4813467264175415
2021-05-05,0.47942915558815
2021-05-06,0.48038777709007263
2021-05-07,0.48805853724479675
2021-05-10,0.4938121438026428
2021-05-11,0.4861408770084381
2021-05-12,0.48422324657440186
2021-05-13,0.48422324657440186
2021-05-14,0.4890173375606537
2021-05-17,0.48709970712661743
2021-05-18,0.4851820468902588
2021-05-19,0.47847017645835876
2021-05-20,0.48326432704925537
2021-05-21,0.47847017645835876
2021-05-24,0.47942915558815
2021-05-25,0.49093571305274963
2021-05-26,0.49093571305274963
2021-05-27,0.4851820468902588
2021-05-28,0.495729923248291
2021-05-31,0.4899769425392151
2021-06-01,0.48709970712661743
2021-06-02,0.4947710633277893
2021-06-03,0.4918946325778961
2021-06-04,0.4918946325778961
2021-06-07,0.4861408770084381
2021-06-08,0.48422324657440186
2021-06-09,0.48709970712661743
2021-06-10,0.4851820468902588
2021-06-11,0.48038777709007263
2021-06-15,0.48038777709007263
2021-06-16,0.4765525460243225
2021-06-17,0.48422324657440186
2021-06-18,0.508194625377655
2021-06-21,0.4947710633277893
2021-06-22,0.5043593645095825
2021-06-23,0.4976475238800049
2021-06-24,0.495729923248291
2021-06-25,0.5014827251434326
2021-06-28,0.50052410364151
2021-06-29,0.495729923248291
2021-06-30,0.49668872356414795
2021-07-01,0.49668872356414795
2021-07-02,0.49860647320747375
2021-07-05,0.4765525460243225
2021-07-06,0.47079962491989136
2021-07-07,0.467923104763031
2021-07-08,0.46025171875953674
2021-07-09,0.4583340883255005
2021-07-12,0.4544987678527832
2021-07-13,0.46025171875953674
2021-07-14,0.46504586935043335
2021-07-15,0.46600478887557983
2021-07-16,0.4669642448425293
2021-07-19,0.46504586935043335
2021-07-20,0.467923104763031
2021-07-21,0.4669642448425293
2021-07-22,0.47559377551078796
2021-07-23,0.4746348261833191
2021-07-26,0.47175833582878113
2021-07-27,0.4688819348812103
2021-07-28,0.47559377551078796
2021-07-29,0.47751137614250183
2021-07-30,0.4746348261833191
2021-08-02,0.4765525460243225
2021-08-03,0.4746348261833191
2021-08-04,0.4736761152744293
2021-08-05,0.4736761152744293
2021-08-06,0.47942915558815
2021-08-09,0.47559377551078796
2021-08-10,0.47847017645835876
2021-08-11,0.4727172553539276
2021-08-12,0.47559377551078796
2021-08-13,0.4765525460243225
2021-08-16,0.4727172553539276
2021-08-17,0.46504586935043335
2021-08-18,0.46121054887771606
2021-08-19,0.4621694087982178
2021-08-20,0.46984076499938965
2021-08-23,0.4736761152744293
2021-08-24,0.4746348261833191
2021-08-25,0.5208430886268616
2021-08-26,0.51442551612854
2021-08-27,0.51442551612854
2021-08-30,0.5154950022697449
2021-08-31,0.5122865438461304
2021-09-01,0.5187034010887146
2021-09-02,0.5176339149475098
2021-09-03,0.5208430886268616
2021-09-06,0.5304682850837708
2021-09-07,0.5347462296485901
2021-09-08,0.5347462296485901
2021-09-09,0.522982120513916
2021-09-10,0.522982120513916
2021-09-13,0.5219125747680664
2021-09-14,0.5187034010887146
2021-09-15,0.5165645480155945
2021-09-16,0.5187034010887146
2021-09-17,0.5208430886268616
2021-09-20,0.5122865438461304
2021-09-21,0.5176339149475098
2021-09-22,0.51442551612854
2021-09-23,0.5219125747680664
2021-09-24,0.5154950022697449
2021-09-27,0.5154950022697449
2021-09-28,0.5112172365188599
2021-09-29,0.5154950022697449
2021-09-30,0.5251210331916809
2021-10-01,0.5240514874458313
2021-10-04,0.5304682850837708
2021-10-05,0.5315377116203308
2021-10-06,0.5315377116203308
2021-10-07,0.54116290807724
2021-10-08,0.5454407334327698
2021-10-11,0.5358155369758606
2021-10-12,0.5368850231170654
2021-10-13,0.5507887601852417
2021-10-14,0.5625528693199158
2021-10-15,0.5657612085342407
2021-10-18,0.559344470500946
2021-10-19,0.5443713068962097
2021-10-20,0.5347462296485901
2021-10-21,0.5347462296485901
2021-10-22,0.5390239357948303
2021-10-25,0.5379545092582703
2021-10-26,0.5368850231170654
2021-10-27,0.5368850231170654
2021-10-28,0.54116290807724
2021-10-29,0.5304682850837708
2021-11-01,0.5454407334327698
2021-11-02,0.5497193336486816
2021-11-03,0.5529277324676514
2021-11-04,0.5614834427833557
2021-11-05,0.5604140162467957
2021-11-08,0.559344470500946
2021-11-09,0.5518583059310913
2021-11-10,0.5561361908912659
2021-11-11,0.5507887601852417
2021-11-12,0.5497193336486816
2021-11-15,0.5529277324676514
2021-11-16,0.5529277324676514
2021-11-17,0.5550666451454163
2021-11-18,0.5550666451454163
2021-11-19,0.5497193336486816
2021-11-22,0.5529277324676514
2021-11-23,0.5582751035690308
2021-11-24,0.5539972186088562
2021-11-25,0.5582751035690308
2021-11-26,0.5433018207550049
2021-11-29,0.5336765646934509
2021-11-30,0.5326071381568909
2021-12-01,0.5315377116203308
2021-12-02,0.5293987393379211
2021-12-03,0.5400935411453247
2021-12-06,0.5368850231170654
2021-12-07,0.5486499071121216
2021-12-08,0.5465109944343567
2021-12-09,0.5465109944343567
2021-12-10,0.5400935411453247
2021-12-13,0.5379545092582703
2021-12-14,0.5368850231170654
2021-12-15,0.5326071381568909
2021-12-16,0.5304682850837708
2021-12-17,0.5219125747680664
2021-12-20,0.5293987393379211
2021-12-21,0.5347462296485901
2021-12-22,0.5358155369758606
2021-12-23,0.5315377116203308
2021-12-24,0.5443713068962097
2021-12-29,0.5507887601852417
2021-12-30,0.5486499071121216
2021-12-31,0.5368850231170654
2022-01-04,0.559344470500946
2022-01-05,0.5539972186088562
2022-01-06,0.5326071381568909
2022-01-07,0.5443713068962097
2022-01-10,0.5454407334327698
2022-01-11,0.5465109944343567
2022-01-12,0.5518583059310913
2022-01-13,0.5561361908912659
2022-01-14,0.5550666451454163
2022-01-17,0.5582751035690308
2022-01-18,0.5497193336486816
2022-01-19,0.5518583059310913
2022-01-20,0.5497193336486816
2022-01-21,0.5368850231170654
2022-01-24,0.5400935411453247
2022-01-25,0.5347462296485901
2022-01-27,0.5197729468345642
2022-01-28,0.5187034010887146
2022-01-31,0.5261904001235962
2022-02-01,0.5347462296485901
2022-02-02,0.5465109944343567
2022-02-03,0.5443713068962097
2022-02-04,0.5561361908912659
2022-02-07,0.559344470500946
2022-02-08,0.5625528693199158
2022-02-09,0.5614834427833557
2022-02-10,0.5604140162467957
2022-02-11,0.5518583059310913
2022-02-14,0.5561361908912659
2022-02-15,0.5497193336486816
2022-02-16,0.5507887601852417
2022-02-17,0.5732482671737671
2022-02-18,0.5614834427833557
2022-02-21,0.5518583059310913
2022-02-22,0.5937349200248718
2022-02-23,0.5972690582275391
2022-02-24,0.5831328630447388
2022-02-25,0.5854889154434204
2022-02-28,0.5878449082374573
2022-03-01,0.600803017616272
2022-03-02,0.5972690582275391
2022-03-03,0.5937349200248718
2022-03-04,0.5902009010314941
2022-03-07,0.578420877456665
2022-03-08,0.5772427916526794
2022-03-09,0.5890229344367981
2022-03-10,0.6043379306793213
2022-03-11,0.5854889154434204
2022-03-14,0.5878449082374573
2022-03-15,0.5854889154434204
2022-03-16,0.5949130058288574
2022-03-17,0.5902009010314941
2022-03-18,0.586667001247406
2022-03-21,0.5843109488487244
2022-03-22,0.5854889154434204
2022-03-23,0.5913789868354797
2022-03-24,0.5890229344367981
2022-03-25,0.5937349200248718
2022-03-28,0.5937349200248718
2022-03-29,0.6125840544700623
2022-03-30,0.6137620806694031
2022-03-31,0.6290762424468994
2022-04-01,0.6479251980781555
2022-04-04,0.643213152885437
2022-04-05,0.6408571600914001
2022-04-06,0.642035186290741
2022-04-07,0.6361451148986816
2022-04-08,0.6349670886993408
2022-04-11,0.6337890625
2022-04-12,0.6314331293106079
2022-04-13,0.6337890625
2022-04-14,0.6337890625
2022-04-19,0.6373232007026672
2022-04-20,0.6385011076927185
2022-04-21,0.6385011076927185
2022-04-22,0.6361451148986816
2022-04-26,0.632611095905304
2022-04-27,0.632611095905304
2022-04-28,0.6467471122741699
2022-04-29,0.643213152885437
2022-05-02,0.6290762424468994
2022-05-03,0.6231861710548401
2022-05-04,0.6208301782608032
2022-05-05,0.6231861710548401
2022-05-06,0.6066939234733582
2022-05-09,0.600803017616272
2022-05-10,0.5913789868354797
2022-05-11,0.5949130058288574
2022-05-12,0.5878449082374573
2022-05-13,0.6102280616760254
2022-05-16,0.6019819378852844
2022-05-17,0.6102280616760254
2022-05-18,0.625542163848877
2022-05-19,0.6231861710548401
2022-05-20,0.6349670886993408
2022-05-23,0.6290762424468994
2022-05-24,0.9091455936431885
2022-05-25,0.8789843916893005
2022-05-26,0.831588089466095
2022-05-27,0.8703669309616089
2022-05-30,0.831588089466095
2022-05-31,0.8014269471168518
2022-06-01,0.7798831462860107
2022-06-02,0.8186619281768799
2022-06-03,0.8100444674491882
2022-06-06,0.8531319499015808
2022-06-07,0.8531319499015808
2022-06-08,0.8617494106292725
2022-06-09,0.8703669309616089
2022-06-10,0.8746756315231323
2022-06-14,0.8488231897354126
2022-06-15,0.8617494106292725
2022-06-16,0.8660580515861511
2022-06-17,0.8746756315231323
2022-06-20,0.9091455936431885
2022-06-21,0.9177632331848145
2022-06-22,0.9177632331848145
2022-06-23,0.8919106125831604
2022-06-24,0.9005281329154968
2022-06-27,0.9177632331848145
2022-06-28,0.9306893348693848
2022-06-29,0.9306893348693848
2022-06-30,0.9177632331848145
2022-07-01,0.9220719337463379
2022-07-04,0.9177632331848145
2022-07-05,0.9220719337463379
2022-07-06,0.9048367738723755
2022-07-07,0.9134542942047119
2022-07-08,0.9005281329154968
2022-07-11,0.8746756315231323
2022-07-12,0.8703669309616089
2022-07-13,0.8660580515861511
2022-07-14,0.8746756315231323
2022-07-15,0.8703669309616089
2022-07-18,0.8703669309616089
2022-07-19,0.8660580515861511
2022-07-20,0.8703669309616089
2022-07-21,0.8660580515861511
2022-07-22,0.8703669309616089
2022-07-25,0.8660580515861511
2022-07-26,0.8746756315231323
2022-07-27,0.8832931518554688
2022-07-28,0.8746756315231323
2022-07-29,0.8531319499015808
2022-08-01,0.8531319499015808
2022-08-02,0.8703669309616089
2022-08-03,0.8531319499015808
2022-08-04,0.8531319499015808
2022-08-05,0.8402056097984314
2022-08-08,0.8358970284461975
2022-08-09,0.8402056097984314
2022-08-10,0.831588089466095
2022-08-11,0.8272794485092163
2022-08-12,0.8143531680107117
2022-08-15,0.831588089466095
2022-08-16,0.831588089466095
2022-08-17,0.8358970284461975
2022-08-18,0.8229706883430481
2022-08-19,0.8229706883430481
2022-08-22,0.7971181869506836
2022-08-23,0.7928094863891602
2022-08-24,0.8272794485092163
2022-08-25,0.8746756315231323
2022-08-26,0.8789843916893005
2022-08-29,0.8531319499015808
2022-08-30,0.8703669309616089
2022-08-31,0.8841822743415833
2022-09-01,0.8795771598815918
2022-09-02,0.8749720454216003
2022-09-05,0.8519465923309326
2022-09-06,0.8473412990570068
2022-09-07,0.8565515279769897
2022-09-08,0.8657617568969727
2022-09-09,0.861156702041626
2022-09-12,0.8703669309616089
2022-09-13,0.861156702041626
2022-09-14,0.8473412990570068
2022-09-15,0.8657617568969727
2022-09-16,0.9026027321815491
2022-09-19,0.8979976177215576
2022-09-20,0.9072079658508301
2022-09-21,0.9026027321815491
2022-09-23,0.8657617568969727
2022-09-26,0.861156702041626
2022-09-27,0.861156702041626
2022-09-28,0.8795771598815918
2022-09-29,0.8795771598815918
2022-09-30,0.861156702041626
2022-10-03,0.8519465923309326
2022-10-04,0.8841822743415833
2022-10-05,0.8795771598815918
2022-10-06,0.8749720454216003
2022-10-07,0.8795771598815918
2022-10-10,0.8933925032615662
2022-10-11,0.8703669309616089
2022-10-12,0.8841822743415833
2022-10-13,0.8887873888015747
2022-10-14,0.8795771598815918
2022-10-17,0.8703669309616089
2022-10-18,0.8795771598815918
2022-10-19,0.8841822743415833
2022-10-20,0.8749720454216003
2022-10-21,0.8795771598815918
2022-10-24,0.8749720454216003
2022-10-25,0.8979976177215576
2022-10-26,0.9072079658508301
2022-10-27,0.9072079658508301
2022-10-28,0.8933925032615662
2022-10-31,0.8887873888015747
2022-11-01,0.8979976177215576
2022-11-02,0.8933925032615662
2022-11-03,0.8841822743415833
2022-11-04,0.8657617568969727
2022-11-07,0.8749720454216003
2022-11-08,0.8979976177215576
2022-11-09,0.9072079658508301
2022-11-10,0.9210231304168701
2022-11-11,0.930233359336853
2022-11-14,0.930233359336853
2022-11-15,0.9256283640861511
2022-11-16,0.9256283640861511
2022-11-17,0.9486538171768188
2022-11-18,0.962469220161438
2022-11-21,0.9670743346214294
2022-11-22,0.9532590508460999
2022-11-23,0.9486538171768188
2022-11-24,0.9394435286521912
2022-11-25,0.9532590508460999
2022-11-28,0.9670743346214294
2022-11-29,0.9670743346214294
2022-11-30,0.9762845635414124
2022-12-01,0.9670743346214294
2022-12-02,0.9716794490814209
2022-12-05,0.9808897972106934
2022-12-06,0.9854950308799744
2022-12-07,0.9808897972106934
2022-12-08,0.9854950308799744
2022-12-09,0.9854950308799744
2022-12-12,0.9762845635414124
2022-12-13,0.9947050213813782
2022-12-14,0.9854950308799744
2022-12-15,1.0039154291152954
2022-12-16,0.9670743346214294
2022-12-19,0.9670743346214294
2022-12-20,0.962469220161438
2022-12-21,0.9854950308799744
2022-12-22,0.9854950308799744
2022-12-23,0.9808897972106934
2022-12-28,0.990100085735321
2022-12-29,0.9854950308799744
2022-12-30,0.990100085735321
2023-01-03,1.017730712890625
2023-01-04,1.0453612804412842
2023-01-05,1.0361510515213013
2023-01-06,1.031545877456665
2023-01-09,1.008520483970642
2023-01-10,1.0131255388259888
2023-01-11,1.008520483970642
2023-01-12,1.0131255388259888
2023-01-13,1.0223357677459717
2023-01-16,1.0223357677459717
2023-01-17,1.0131255388259888
2023-01-18,1.0131255388259888
2023-01-19,1.0269408226013184
2023-01-20,1.040756344795227
2023-01-23,1.0361510515213013
2023-01-24,1.040756344795227
2023-01-25,1.0223357677459717
2023-01-27,0.9854950308799744
2023-01-30,0.9762845635414124
2023-01-31,0.9670743346214294
2023-02-01,0.962469220161438
2023-02-02,0.9486538171768188
2023-02-03,0.9440487027168274
2023-02-06,0.9532590508460999
2023-02-07,0.930233359336853
2023-02-08,0.9670743346214294
2023-02-09,0.9486538171768188
2023-02-10,0.9440487027168274
2023-02-13,0.9210231304168701
2023-02-14,0.9486538171768188
2023-02-15,0.9578641057014465
2023-02-16,0.9486538171768188
2023-02-17,0.9578641057014465
2023-02-20,0.9210231304168701
2023-02-21,0.9578641057014465
2023-02-22,0.9164181351661682
2023-02-23,0.9118129014968872
2023-02-24,0.9472775459289551
2023-02-27,0.9426110982894897
2023-02-28,0.9426110982894897
2023-03-01,0.9566102623939514
2023-03-02,0.9706094861030579
2023-03-03,0.9472775459289551
2023-03-06,0.9519438147544861
2023-03-07,0.9472775459289551
2023-03-08,0.9286120533943176
2023-03-09,0.9332783818244934
2023-03-10,0.9239455461502075
2023-03-13,0.9239455461502075
2023-03-14,0.895947277545929
2023-03-15,0.9192792773246765
2023-03-16,0.9146128296852112
2023-03-17,0.9099464416503906
2023-03-20,0.9099464416503906
2023-03-21,0.9239455461502075
2023-03-22,0.9286120533943176
2023-03-23,0.9099464416503906
2023-03-24,0.9192792773246765
2023-03-27,0.9192792773246765
2023-03-28,0.9099464416503906
2023-03-29,0.9239455461502075
2023-03-30,0.937944769859314
2023-03-31,0.9286120533943176
2023-04-03,0.9612767100334167
2023-04-04,0.9799423217773438
2023-04-05,0.9752758741378784
2023-04-06,0.9892750382423401
2023-04-11,0.9939415454864502
2023-04-12,0.9986080527305603
2023-04-13,0.9846086502075195
2023-04-14,0.9846086502075195
2023-04-17,0.9986080527305603
2023-04-18,1.007940649986267
2023-04-19,1.007940649986267
2023-04-20,0.9892750382423401
2023-04-21,0.9846086502075195
2023-04-24,0.9892750382423401
2023-04-26,0.9846086502075195
2023-04-27,0.9846086502075195
2023-04-28,0.9799423217773438
2023-05-01,0.9892750382423401
2023-05-02,1.0032744407653809
2023-05-03,0.9892750382423401
2023-05-04,1.0032744407653809
2023-05-05,1.0219398736953735
2023-05-08,1.007940649986267
2023-05-09,1.007940649986267
2023-05-10,1.0266062021255493
2023-05-11,1.0219398736953735
2023-05-12,1.0359389781951904
2023-05-15,1.0312727689743042
2023-05-16,1.0312727689743042
2023-05-17,1.0452717542648315
2023-05-18,1.0266062021255493
2023-05-19,1.0266062021255493
2023-05-22,1.0219398736953735
2023-05-23,1.0546046495437622
2023-05-24,1.0452717542648315
2023-05-25,1.0452717542648315
2023-05-26,1.0499382019042969
2023-05-29,1.0779364109039307
2023-05-30,1.0639374256134033
2023-05-31,1.0639374256134033
2023-06-01,1.0732700824737549
2023-06-02,1.0732700824737549
2023-06-05,1.0779364109039307
2023-06-06,1.0499382019042969
2023-06-07,1.068603754043579
2023-06-08,1.0639374256134033
2023-06-09,1.0639374256134033
2023-06-13,1.068603754043579
2023-06-14,1.0592708587646484
2023-06-15,1.0546046495437622
2023-06-16,1.0312727689743042
2023-06-19,1.0359389781951904
2023-06-20,1.0406054258346558
2023-06-21,1.0452717542648315
2023-06-22,1.0219398736953735
2023-06-23,1.007940649986267
2023-06-26,0.9986080527305603
2023-06-27,0.9986080527305603
2023-06-28,1.0032744407653809
2023-06-29,1.0219398736953735
2023-06-30,1.0359389781951904
2023-07-03,1.0499382019042969
2023-07-04,1.0499382019042969
2023-07-05,1.0452717542648315
2023-07-06,1.0499382019042969
2023-07-07,1.0452717542648315
2023-07-10,1.0126069784164429
2023-07-11,1.0312727689743042
2023-07-12,1.0266062021255493
2023-07-13,1.0499382019042969
2023-07-14,1.0546046495437622
2023-07-17,1.0592708587646484
2023-07-18,1.0359389781951904
2023-07-19,1.0452717542648315
2023-07-20,1.0499382019042969
2023-07-21,1.0499382019042969
2023-07-24,1.0546046495437622
2023-07-25,1.0406054258346558
2023-07-26,1.0406054258346558
2023-07-27,1.007940649986267
2023-07-28,0.9892750382423401
2023-07-31,0.9846086502075195
2023-08-01,0.9939415454864502
2023-08-02,0.9799423217773438
2023-08-03,0.9752758741378784
2023-08-04,1.0032744407653809
2023-08-07,1.0032744407653809
2023-08-08,1.0032744407653809
2023-08-09,0.9986080527305603
2023-08-10,0.9986080527305603
2023-08-11,0.9986080527305603
2023-08-14,0.9892750382423401
2023-08-15,0.9939415454864502
2023-08-16,0.9892750382423401
2023-08-17,0.9892750382423401
2023-08-18,0.9799423217773438
2023-08-21,0.9799423217773438
2023-08-22,0.9799423217773438
2023-08-23,0.9799423217773438
2023-08-24,1.0219398736953735
2023-08-25,0.9426110982894897
2023-08-28,0.9892750382423401
2023-08-29,1.0126069784164429
2023-08-30,1.0266062021255493
2023-08-31,1.0313154458999634
2023-09-01,1.040733814239502
2023-09-04,1.040733814239502
2023-09-05,1.036024570465088
2023-09-06,0.9983509182929993
2023-09-07,0.9748049974441528
2023-09-08,0.9606772661209106
2023-09-11,0.9748049974441528
2023-09-12,0.9653865098953247
2023-09-13,0.9559681415557861
2023-09-14,0.9465497136116028
2023-09-15,0.937131404876709
2023-09-18,0.9418405294418335
2023-09-19,0.937131404876709
2023-09-20,0.9277130365371704
2023-09-21,0.913585364818573
2023-09-22,0.9230037927627563
2023-09-25,0.9324221611022949
2023-09-26,0.9088761210441589
2023-09-27,0.937131404876709
2023-09-28,0.9088761210441589
2023-09-29,0.885330080986023
2023-10-02,0.8806209564208984
2023-10-03,0.890039324760437
2023-10-04,0.885330080986023
2023-10-05,0.885330080986023
2023-10-06,0.8994577527046204
2023-10-09,0.9041669368743896
2023-10-10,0.9041669368743896
2023-10-11,0.9182946085929871
2023-10-12,0.8617841601371765
2023-10-13,0.8570748567581177
2023-10-16,0.8476564884185791
2023-10-17,0.8382380604743958
2023-10-18,0.819401204586029
2023-10-19,0.819401204586029
2023-10-20,0.8099828958511353
2023-10-23,0.7958552837371826
2023-10-24,0.8005644679069519
2023-10-25,0.7675999999046326
2023-10-26,0.7440540790557861
2023-10-27,0.734635591506958
2023-10-30,0.7205080389976501
2023-10-31,0.7299264669418335
2023-11-01,0.7628908157348633
2023-11-02,0.7675999999046326
2023-11-03,0.7675999999046326
2023-11-06,0.7723092436790466
2023-11-07,0.7534724473953247
2023-11-08,0.7581815719604492
2023-11-09,0.7487633228302002
2023-11-10,0.734635591506958
2023-11-13,0.7440540790557861
2023-11-14,0.734635591506958
2023-11-15,0.7440540790557861
2023-11-16,0.7157987952232361
2023-11-17,0.7110896110534668
2023-11-20,0.7157987952232361
2023-11-21,0.6828344464302063
2023-11-22,0.7063804268836975
2023-11-23,0.7016711831092834
2023-11-24,0.6969619989395142
2023-11-27,0.678125262260437
2023-11-28,0.6828344464302063
2023-11-29,0.6828344464302063
2023-11-30,0.678125262260437
2023-12-01,0.6545791625976562
2023-12-04,0.6687067151069641
2023-12-05,0.649869978427887
2023-12-06,0.6592883467674255
2023-12-07,0.6545791625976562
2023-12-08,0.6404515504837036
2023-12-11,0.6404515504837036
2023-12-12,0.6404515504837036
2023-12-13,0.6404515504837036
2023-12-14,0.6639975309371948
2023-12-15,0.6922528147697449
2023-12-18,0.8523656129837036
2023-12-19,0.8099828958511353
2023-12-20,0.8146920204162598
2023-12-21,0.8005644679069519
2023-12-22,0.7911460399627686
2023-12-27,0.7770183682441711
2023-12-28,0.7864368557929993
2023-12-29,0.7864368557929993
2024-01-02,0.7770183682441711
2024-01-03,0.7534724473953247
2024-01-04,0.734635591506958
2024-01-05,0.734635591506958
2024-01-08,0.7393448948860168
2024-01-09,0.7205080389976501
2024-01-10,0.7110896110534668
2024-01-11,0.7063804268836975
2024-01-12,0.7110896110534668
2024-01-15,0.6922528147697449
2024-01-16,0.6875436902046204
2024-01-17,0.6639975309371948
2024-01-18,0.6687067151069641
2024-01-19,0.6687067151069641
2024-01-22,0.673416018486023
2024-01-23,0.6875436902046204
2024-01-24,0.6922528147697449
2024-01-25,0.6922528147697449
2024-01-29,0.7016711831092834
2024-01-30,0.7157987952232361
2024-01-31,0.7534724473953247
2024-02-01,0.7911460399627686
2024-02-02,0.7864368557929993
2024-02-05,0.7534724473953247
2024-02-06,0.7393448948860168
2024-02-07,0.7534724473953247
2024-02-08,0.7628908157348633
2024-02-09,0.7487633228302002
2024-02-12,0.7299264669418335
2024-02-13,0.7299264669418335
2024-02-14,0.7063804268836975
2024-02-15,0.6922528147697449
2024-02-16,0.7016711831092834
2024-02-19,0.7016711831092834
2024-02-20,0.6922528147697449
2024-02-21,0.6828344464302063
2024-02-22,0.6121963858604431
2024-02-23,0.6545791625976562
2024-02-26,0.6922528147697449
2024-02-27,0.6922528147697449
2024-02-28,0.7113494277000427
2024-02-29,0.7161235213279724
2024-03-01,0.7018011808395386
2024-03-04,0.7018011808395386
2024-03-05,0.7447684407234192
2024-03-06,0.7495427131652832
2024-03-07,0.7638651728630066
2024-03-08,0.7638651728630066
2024-03-11,0.7590910196304321
2024-03-12,0.7590910196304321
2024-03-13,0.7495427131652832
2024-03-14,0.7304461002349854
2024-03-15,0.6922528147697449
2024-03-18,0.7256718873977661
2024-03-19,0.7638651728630066
2024-03-20,0.7495427131652832
2024-03-21,0.7447684407234192
2024-03-22,0.7256718873977661
2024-03-25,0.7161235213279724
2024-03-26,0.7161235213279724
2024-03-27,0.7304461002349854
2024-03-28,0.7208977341651917
2024-04-02,0.7161235213279724
2024-04-03,0.7113494277000427
2024-04-04,0.7161235213279724
2024-04-05,0.7161235213279724
2024-04-08,0.7161235213279724
2024-04-09,0.7161235213279724
2024-04-10,0.7065752148628235
2024-04-11,0.7065752148628235
2024-04-12,0.7161235213279724
2024-04-15,0.7018011808395386
2024-04-16,0.6683820486068726
2024-04-17,0.6970269680023193
2024-04-18,0.6874786019325256
2024-04-19,0.6683820486068726
2024-04-22,0.6827043890953064
2024-04-23,0.7065752148628235
2024-04-24,0.6970269680023193
2024-04-26,0.6874786019325256
2024-04-29,0.7018011808395386
2024-04-30,0.7018011808395386
2024-05-01,0.6779302358627319
2024-05-02,0.6779302358627319
2024-05-03,0.6827043890953064
2024-05-06,0.6683820486068726
2024-05-07,0.6731560826301575
2024-05-08,0.6731560826301575
2024-05-09,0.6731560826301575
2024-05-10,0.6779302358627319
2024-05-13,0.6636078357696533
2024-05-14,0.6540595293045044
2024-05-15,0.6397371292114258
2024-05-16,0.6492853760719299
2024-05-17,0.6349629163742065
2024-05-20,0.6492853760719299
2024-05-21,0.6349629163742065
2024-05-22,0.6110920906066895
2024-05-23,0.6206403970718384
2024-05-24,0.5967696309089661
2024-05-27,0.6015437841415405
2024-05-28,0.6015437841415405
2024-05-29,0.5872213244438171
2024-05-30,0.5919954776763916
2024-05-31,0.5872213244438171
2024-06-03,0.5872213244438171
2024-06-04,0.5824471712112427
2024-06-05,0.5824471712112427
2024-06-06,0.5776730179786682
2024-06-07,0.5776730179786682
2024-06-11,0.5681247711181641
2024-06-12,0.5633504986763
2024-06-13,0.5681247711181641
2024-06-14,0.6254145503044128
2024-06-17,0.6301888227462769
2024-06-18,0.6397371292114258
2024-06-19,0.6397371292114258
2024-06-20,0.6540595293045044
2024-06-21,0.6588337421417236
2024-06-24,0.6683820486068726
2024-06-25,0.6540595293045044
2024-06-26,0.6492853760719299
2024-06-27,0.6636078357696533
2024-06-28,0.6683820486068726
2024-07-01,0.6731560826301575
2024-07-02,0.6731560826301575
2024-07-03,0.6540595293045044
2024-07-04,0.6636078357696533
2024-07-05,0.6540595293045044
2024-07-08,0.6636078357696533
2024-07-09,0.6588337421417236
2024-07-10,0.6683820486068726
2024-07-11,0.6683820486068726
2024-07-12,0.6683820486068726
2024-07-15,0.6636078357696533
2024-07-16,0.6492853760719299
2024-07-17,0.6540595293045044
2024-07-18,0.6588337421417236
2024-07-19,0.6397371292114258
2024-07-22,0.6397371292114258
2024-07-23,0.6492853760719299
2024-07-24,0.6492853760719299
2024-07-25,0.6349629163742065
2024-07-26,0.6301888227462769
2024-07-29,0.6349629163742065
2024-07-30,0.6206403970718384
2024-07-31,0.6158661842346191
2024-08-01,0.6158661842346191
2024-08-02,0.5967696309089661
2024-08-05,0.5538021922111511
2024-08-06,0.5633504986763
2024-08-07,0.5490280985832214
2024-08-08,0.5251572728157043
2024-08-09,0.5394797325134277
2024-08-12,0.5824471712112427
2024-08-13,0.5776730179786682
2024-08-14,0.5681247711181641
2024-08-15,0.5633504986763
2024-08-16,0.5585764050483704
2024-08-19,0.5490280985832214
2024-08-20,0.5442538857460022
2024-08-21,0.5394797325134277
2024-08-22,0.5442538857460022
2024-08-23,0.5251572728157043
2024-08-26,0.5251572728157043
2024-08-27,0.5394797325134277
2024-08-28,0.4583190679550171
2024-08-29,0.4344483017921448
2024-08-30,0.4153516888618469
2024-09-02,0.39900678396224976
2024-09-03,0.3893921971321106
2024-09-04,0.37977758049964905
2024-09-05,0.3749702572822571
2024-09-06,0.3701629340648651
2024-09-09,0.36535564064979553
2024-09-10,0.3701629340648651
2024-09-11,0.3893921971321106
2024-09-12,0.4278506636619568
2024-09-13,0.43265801668167114
2024-09-16,0.41342872381210327
2024-09-17,0.41342872381210327
2024-09-18,0.41823604702949524
2024-09-19,0.41342872381210327
2024-09-20,0.4374653398990631
2024-09-23,0.4422726333141327
2024-09-24,0.41823604702949524
2024-09-25,0.4086214303970337
2024-09-26,0.4278506636619568
2024-09-27,0.4566945433616638
2024-09-30,0.48553839325904846
2024-10-01,0.4615018665790558
2024-10-02,0.4566945433616638
2024-10-03,0.44707995653152466
2024-10-04,0.45188724994659424
2024-10-07,0.46630918979644775
2024-10-08,0.4566945433616638
2024-10-09,0.4615018665790558
2024-10-10,0.46630918979644775
2024-10-11,0.4759238064289093
2024-10-14,0.45188724994659424
2024-10-15,0.45188724994659424
2024-10-16,0.45188724994659424
2024-10-17,0.4566945433616638
2024-10-18,0.44707995653152466
2024-10-21,0.4566945433616638
2024-10-22,0.44707995653152466
2024-10-23,0.45188724994659424
2024-10-24,0.4422726333141327
2024-10-25,0.4374653398990631
2024-10-28,0.4374653398990631
2024-10-29,0.4615018665790558
2024-10-30,0.4566945433616638
2024-10-31,0.45188724994659424
2024-11-01,0.4374653398990631
2024-11-04,0.44707995653152466
2024-11-05,0.4566945433616638
2024-11-06,0.46630918979644775
2024-11-07,0.4903457462787628
2024-11-08,0.4951530396938324
2024-11-11,0.4951530396938324
2024-11-12,0.4903457462787628
2024-11-13,0.4615018665790558
2024-11-14,0.4759238064289093
2024-11-15,0.4807310998439789
2024-11-18,0.499960333108902
2024-11-19,0.5191895961761475
2024-11-20,0.533611536026001
2024-11-21,0.5239969491958618
2024-11-22,0.5143823027610779
2024-11-25,0.48553839325904846
2024-11-26,0.499960333108902
2024-11-27,0.5191895961761475
2024-11-28,0.5288042426109314
2024-11-29,0.5143823027610779
2024-12-02,0.5288042426109314
2024-12-03,0.5288042426109314
2024-12-04,0.5191895961761475
2024-12-05,0.5432261228561401
2024-12-06,0.5384188294410706
2024-12-09,0.5432261228561401
2024-12-10,0.5384188294410706
2024-12-11,0.5480334162712097
2024-12-12,0.5480334162712097
2024-12-13,0.5720700025558472
2024-12-16,0.5672626495361328
2024-12-17,0.5624553561210632
2024-12-18,0.5672626495361328
2024-12-19,0.5480334162712097
2024-12-20,0.5480334162712097
2024-12-23,0.5624553561210632
2024-12-24,0.5672626495361328
2024-12-27,0.5576480627059937
2024-12-30,0.5384188294410706
2024-12-31,0.5432261228561401
2025-01-02,0.5576480627059937
2025-01-03,0.5624553561210632
2025-01-06,0.5480334162712097
2025-01-07,0.5624553561210632
2025-01-08,0.5576480627059937
2025-01-09,0.5480334162712097
2025-01-10,0.5432261228561401
2025-01-13,0.5384188294410706
2025-01-14,0.5720700025558472
2025-01-15,0.5672626495361328
2025-01-16,0.6009138226509094
2025-01-17,0.6153358221054077
2025-01-20,0.6537942886352539
2025-01-21,0.6249504089355469
2025-01-22,0.6297577023506165
2025-01-23,0.6153358221054077
2025-01-24,0.6393724083900452
2025-01-28,0.6297577023506165
2025-01-29,0.6441797018051147
2025-01-30,0.6393724083900452
2025-01-31,0.6537942886352539
2025-02-03,0.6489869952201843
2025-02-04,0.6489869952201843
2025-02-05,0.6441797018051147
2025-02-06,0.6441797018051147
2025-02-07,0.6201431155204773
2025-02-10,0.6249504089355469
2025-02-11,0.6201431155204773
2025-02-12,0.605721116065979
2025-02-13,0.6153358221054077
2025-02-14,0.6297577023506165
2025-02-17,0.6297577023506165
2025-02-18,0.6201431155204773
2025-02-19,0.6297577023506165
2025-02-20,0.6537942886352539
2025-02-21,0.6393724083900452
2025-02-24,0.6489869952201843
2025-02-25,0.6636257767677307
2025-02-26,0.7026626467704773
2025-02-27,0.7026626467704773
2025-02-28,0.6929033994674683
2025-03-03,0.6880238056182861
2025-03-04,0.6782645583152771
2025-03-05,0.6587461829185486
2025-03-06,0.6441074013710022
2025-03-07,0.6343481540679932
2025-03-10,0.6538665890693665
2025-03-11,0.6245889663696289
2025-03-12,0.6001909375190735
2025-03-13,0.6148297190666199
2025-03-14,0.6245889663696289
2025-03-17,0.6245889663696289
2025-03-18,0.6148297190666199
2025-03-19,0.5904317498207092
2025-03-20,0.6050705313682556
2025-03-21,0.5953113436698914
2025-03-24,0.5904317498207092
2025-03-25,0.6050705313682556
2025-03-26,0.5953113436698914
2025-03-27,0.6148297190666199
2025-03-28,0.5953113436698914
2025-03-31,0.5757929086685181
2025-04-01,0.5709133148193359
2025-04-02,0.580672562122345
2025-04-03,0.580672562122345
2025-04-04,0.5562745332717896
2025-04-07,0.5172377228736877
2025-04-08,0.5513949394226074
2025-04-09,0.5465153455734253
2025-04-10,0.580672562122345
2025-04-11,0.5465153455734253
2025-04-14,0.536756157875061
2025-04-15,0.536756157875061
2025-04-16,0.536756157875061
2025-04-17,0.5465153455734253
2025-04-22,0.5123581290245056
2025-04-23,0.5318765640258789
2025-04-24,0.536756157875061
2025-04-28,0.5416357517242432
2025-04-29,0.5562745332717896
2025-04-30,0.5465153455734253
2025-05-01,0.5611541271209717
2025-05-02,0.5513949394226074
2025-05-05,0.5562745332717896
2025-05-06,0.6099501252174377
2025-05-07,0.6489869952201843
2025-05-08,0.6489869952201843
2025-05-09,0.683144211769104
2025-05-12,0.6685053706169128
2025-05-13,0.683144211769104
2025-05-14,0.673384964466095
2025-05-15,0.6880238056182861
2025-05-16,0.7026626467704773
2025-05-19,0.6929033994674683
2025-05-20,0.683144211769104
2025-05-21,0.6782645583152771
2025-05-22,0.6782645583152771
2025-05-23,0.6685053706169128
2025-05-26,0.6880238056182861
2025-05-27,0.6977829933166504
2025-05-28,0.6977829933166504
2025-05-29,0.6880238056182861
2025-05-30,0.6880238056182861
2025-06-02,0.673384964466095
2025-06-03,0.7124218344688416
2025-06-04,0.6977829933166504
2025-06-05,0.6929033994674683
2025-06-06,0.683144211769104
2025-06-10,0.7221810221672058
2025-06-11,0.7270606160163879
2025-06-12,0.7221810221672058
2025-06-13,0.7270606160163879
2025-06-16,0.7124218344688416
2025-06-17,0.7026626467704773
2025-06-18,0.7075422406196594
2025-06-19,0.7270606160163879
2025-06-20,0.7124218344688416
2025-06-23,0.6880238056182861
2025-06-24,0.7173014283180237
2025-06-25,0.7075422406196594
2025-06-26,0.6929033994674683
2025-06-27,0.683144211769104
2025-06-30,0.6977829933166504
2025-07-01,0.7221810221672058
2025-07-02,0.7221810221672058
2025-07-03,0.7270606160163879
2025-07-04,0.7221810221672058
2025-07-07,0.7221810221672058
2025-07-08,0.7416993975639343
2025-07-09,0.7465789914131165
2025-07-10,0.7514585852622986
2025-07-11,0.7563381791114807
2025-07-14,0.7416993975639343
2025-07-15,0.7563381791114807
2025-07-16,0.7368198037147522
2025-07-17,0.7612177729606628
2025-07-18,0.7807362079620361
2025-07-21,0.7660974264144897
2025-07-22,0.7660974264144897
2025-07-23,0.7612177729606628
2025-07-24,0.7514585852622986
2025-07-25,0.7514585852622986
2025-07-28,0.7465789914131165
2025-07-29,0.7563381791114807
2025-07-30,0.7709770202636719
2025-07-31,0.7563381791114807
2025-08-01,0.7270606160163879
2025-08-04,0.7173014283180237
2025-08-05,0.7319402098655701
2025-08-06,0.7221810221672058
2025-08-07,0.7221810221672058
2025-08-08,0.7075422406196594
2025-08-11,0.7075422406196594
2025-08-12,0.7026626467704773
2025-08-13,0.6977829933166504
2025-08-14,0.6880238056182861
2025-08-15,0.6977829933166504
2025-08-18,0.6880238056182861
2025-08-19,0.6929033994674683
2025-08-20,0.7026626467704773
2025-08-21,0.6977829933166504
2025-08-22,0.683144211769104
2025-08-25,0.7075422406196594
2025-08-26,0.6929033994674683
2025-08-27,0.858809769153595
2025-08-28,0.9417630434036255
2025-08-29,0.9564018845558167
2025-09-01,0.9564018845558167
2025-09-02,0.9958410859107971
2025-09-03,1.0254205465316772
2025-09-04,1.0007710456848145
2025-09-05,1.0106308460235596
2025-09-08,0.985981285572052
2025-09-09,1.0204906463623047
2025-09-10,1.005700945854187
2025-09-11,1.005700945854187
2025-09-12,1.0007710456848145
2025-09-15,1.0007710456848145
2025-09-16,1.0106308460235596
2025-09-17,0.985981285572052
2025-09-18,0.9662616848945618
2025-09-19,0.9613317847251892
2025-09-22,0.9711915850639343
2025-09-23,0.9761214852333069
2025-09-24,0.9761214852333069
2025-09-25,0.9613317847251892
2025-09-26,1.005700945854187
2025-09-29,0.9958410859107971
2025-09-30,1.0106308460235596
2025-10-01,1.005700945854187
2025-10-02,1.0155607461929321
2025-10-03,1.0352803468704224
2025-10-06,1.0352803468704224
2025-10-07,1.0500701665878296
2025-10-08,1.0303504467010498
2025-10-09,1.0648598670959473
2025-10-10,1.0550000667572021
2025-10-13,1.0451401472091675
2025-10-14,1.040210247039795
2025-10-15,1.0599299669265747
2025-10-16,1.0648598670959473
2025-10-17,1.040210247039795
2025-10-20,1.040210247039795
2025-10-21,1.0648598670959473
2025-10-22,1.0697897672653198
2025-10-23,1.0599299669265747
2025-10-24,1.0500701665878296
2025-10-27,1.0451401472091675
2025-10-28,1.0352803468704224
2025-10-29,1.0352803468704224
2025-10-30,1.040210247039795
2025-10-31,1.0500701665878296
2025-11-03,1.0303504467010498
2025-11-04,1.0155607461929321
2025-11-05,0.9761214852333069
2025-11-06,0.9465420246124268
2025-11-07,0.9169626235961914
2025-11-10,0.9268224239349365
2025-11-11,0.9564018845558167
2025-11-12,0.921892523765564
2025-11-13,0.9169626235961914
2025-11-14,0.8873831629753113
2025-11-17,0.9021729230880737
2025-11-18,0.9120327234268188
2025-11-19,0.9120327234268188
2025-11-20,0.9169626235961914
2025-11-21,0.9021729230880737
2025-11-24,0.882453203201294
2025-11-25,0.9071028232574463
2025-11-26,0.9071028232574463
2025-11-27,0.9317523241043091
2025-11-28,0.9366822242736816
2025-12-01,0.8972430229187012
2025-12-02,0.9071028232574463
2025-12-03,0.9071028232574463
2025-12-04,0.9021729230880737
2025-12-05,0.9317523241043091
2025-12-08,0.9169626235961914
2025-12-09,0.9120327234268188
2025-12-10,0.9366822242736816
2025-12-11,0.9514719247817993
2025-12-12,0.9662616848945618
2025-12-15,0.9564018845558167
2025-12-16,0.9564018845558167
2025-12-17,0.9564018845558167
2025-12-18,0.9564018845558167
2025-12-19,0.985981285572052
2025-12-22,0.9711915850639343
2025-12-23,0.9810513854026794
2025-12-24,0.9662616848945618
2025-12-29,0.9761214852333069
2025-12-30,0.9810513854026794
2025-12-31,0.9761214852333069
2026-01-02,0.9711915850639343
2026-01-05,0.9514719247817993
2026-01-06,0.9317523241043091
2026-01-07,0.9169626235961914
2026-01-08,0.9416121244430542
2026-01-09,0.9465420246124268
2026-01-12,0.9810513854026794
2026-01-13,0.9810513854026794
2026-01-14,0.9810513854026794
2026-01-15,0.9662616848945618
2026-01-16,0.9711915850639343
2026-01-19,0.9564018845558167
2026-01-20,0.9268224239349365
2026-01-21,0.9071028232574463
2026-01-22,0.9268224239349365
2026-01-23,0.9317523241043091
2026-01-27,0.921892523765564
2026-01-28,0.9268224239349365
2026-01-29,0.9071028232574463
2026-01-30,0.8725934028625488
2026-02-02,0.8725934028625488
2026-02-03,0.8775233030319214
2026-02-04,0.8627336025238037
2026-02-05,0.8676635026931763
2026-02-06,0.8380841016769409
2026-02-09,0.8380841016769409
2026-02-10,0.8676635026931763
2026-02-11,0.8775233030319214
2026-02-12,0.8578037023544312
2026-02-13,0.8430140018463135
2026-02-16,0.8430140018463135
2026-02-17,0.8528738021850586
2026-02-18,0.882453203201294
2026-02-19,0.9021729230880737
2026-02-20,0.8725934028625488
2026-02-23,0.847943902015686
2026-02-24,0.8380841016769409
2026-02-25,1.0352803468704224
2026-02-26,1.0106308460235596
2026-02-27,1.0550000667572021
2026-03-02,1.0700000524520874
2026-03-03,1.0499999523162842
2026-03-04,1.0299999713897705
2026-03-05,1.0149999856948853
2026-03-06,1.0149999856948853
2026-03-09,0.9800000190734863
2026-03-10,0.9950000047683716
2026-03-11,0.9850000143051147
2026-03-12,0.9700000286102295
2026-03-13,0.9800000190734863
2026-03-16,1.0049999952316284
2026-03-17,0.9950000047683716
2026-03-18,1.0049999952316284
2026-03-19,0.9800000190734863
2026-03-20,0.9599999785423279
2026-03-23,0.9750000238418579
2026-03-24,0.9800000190734863
2026-03-25,0.9950000047683716
2026-03-26,0.9549999833106995
2026-03-27,0.9599999785423279
2026-03-30,0.9300000071525574
2026-03-31,0.9399999976158142
2026-04-01,0.949999988079071
2026-04-02,0.9300000071525574
2026-04-07,0.9449999928474426
2026-04-08,0.9800000190734863
2026-04-09,0.9700000286102295
2026-04-10,0.9800000190734863
2026-04-13,0.9649999737739563
2026-04-14,0.9449999928474426
2026-04-15,0.9350000023841858
2026-04-16,0.9350000023841858
2026-04-17,1.0049999952316284
2026-04-20,1.065000057220459
2026-04-21,1.100000023841858
2026-04-22,1.090000033378601
2026-04-23,1.0850000381469727
2026-04-24,1.1100000143051147
2026-04-27,1.1100000143051147
2026-04-28,1.1050000190734863
2026-04-29,1.1100000143051147
2026-04-30,1.125
2026-05-01,1.1649999618530273
2026-05-04,1.1649999618530273
2026-05-05,1.1349999904632568
2026-05-06,1.149999976158142
2026-05-07,0.8799999952316284
2026-05-08,0.7549999952316284
2026-05-11,0.7549999952316284
2026-05-12,0.7250000238418579
2026-05-13,0.7149999737739563
2026-05-14,0.6949999928474426
2026-05-15,0.6800000071525574
2026-05-18,0.675000011920929
2026-05-19,0.6850000023841858
2026-05-20,0.6800000071525574
2026-05-21,0.6800000071525574
2026-05-22,0.675000011920929
2026-05-25,0.6800000071525574
2026-05-26,0.6949999928474426
2026-05-27,0.7300000190734863
2026-05-28,0.7300000190734863
2026-05-29,0.7699999809265137
2026-06-01,0.7799999713897705
2026-06-02,0.8149999976158142
2026-06-03,0.800000011920929
2026-06-04,0.800000011920929
2026-06-05,0.7900000214576721
2026-06-09,0.800000011920929
2026-06-10,0.8149999976158142
2026-06-11,0.8500000238418579
2026-06-12,0.8349999785423279
2026-06-15,0.8500000238418579
2026-06-16,0.8500000238418579
2026-06-17,0.8600000143051147
2026-06-18,0.8399999737739563
2026-06-19,0.875
2026-06-22,0.8550000190734863
2026-06-23,0.8199999928474426
2026-06-24,0.824999988079071
2026-06-25,0.8399999737739563
2026-06-26,0.8299999833106995
2026-06-29,0.8500000238418579
2026-06-30,0.8349999785423279
2026-07-01,0.8100000023841858
2026-07-02,0.8050000071525574
2026-07-03,0.8299999833106995
2026-07-06,0.8149999976158142
2026-07-07,0.8050000071525574
2026-07-08,0.8149999976158142
2026-07-09,0.8199999928474426
2026-07-10,0.8199999928474426
2026-07-13,0.8299999833106995
2026-07-14,0.8399999737739563
2026-07-15,0.8650000095367432
2026-07-16,0.9100000262260437
2026-07-17,0.875
2026-07-20,0.8700000047683716
2026-07-21,0.8949999809265137
2026-07-22,0.8949999809265137
2026-07-23,0.875
2026-07-24,0.875
2026-07-27,0.8600000143051147
2026-07-28,0.8700000047683716
2026-07-29,0.9100000262260437
2026-07-30,0.8999999761581421
2026-07-31,0.8949999809265137
2026-08-03,0.8999999761581421
2026-08-04,0.875
2026-08-05,0.8899999856948853
2026-08-06,0.9150000214576721
2026-08-07,0.8899999856948853
2026-08-10,0.9150000214576721
2026-08-11,0.9049999713897705
2026-08-12,0.9150000214576721
2026-08-13,0.9049999713897705
2026-08-14,0.9150000214576721
2026-08-17,0.8999999761581421
2026-08-18,0.8899999856948853
2026-08-19,0.8899999856948853
2026-08-20,0.9100000262260437
2026-08-21,0.8949999809265137
2026-08-24,0.9049999713897705
2026-08-25,0.9049999713897705
2026-08-26,0.9100000262260437
2026-08-27,0.9599999785423279
2026-08-28,0.9200000166893005
