Date,close
2001-05-09,0.09773149341344833
2001-05-10,0.12360024452209473
2001-05-11,0.12143054604530334
2001-05-14,0.12360024452209473
2001-05-15,0.12143054604530334
2001-05-16,0.11709493398666382
2001-05-17,0.11709493398666382
2001-05-18,0.12143054604530334
2001-05-21,0.11926498264074326
2001-05-22,0.11926498264074326
2001-05-23,0.11709493398666382
2001-05-24,0.11926498264074326
2001-05-25,0.12143054604530334
2001-05-28,0.11926498264074326
2001-05-29,0.11492524296045303
2001-05-30,0.11709493398666382
2001-05-31,0.11709493398666382
2001-06-01,0.11709493398666382
2001-06-04,0.11275970935821533
2001-06-05,0.11492524296045303
2001-06-06,0.11275970935821533
2001-06-07,0.11275970935821533
2001-06-08,0.10841991007328033
2001-06-11,0.10841991007328033
2001-06-12,0.11058956384658813
2001-06-13,0.10841991007328033
2001-06-14,0.10841991007328033
2001-06-15,0.10841991007328033
2001-06-18,0.10841991007328033
2001-06-19,0.11275970935821533
2001-06-20,0.11058956384658813
2001-06-21,0.11709493398666382
2001-06-22,0.10259484499692917
2001-06-25,0.11709493398666382
2001-06-26,0.11492524296045303
2001-06-27,0.11709493398666382
2001-06-28,0.11709493398666382
2001-06-29,0.11275970935821533
2001-07-02,0.11492524296045303
2001-07-03,0.11275970935821533
2001-07-04,0.11275970935821533
2001-07-05,0.10841991007328033
2001-07-06,0.11058956384658813
2001-07-09,0.10841991007328033
2001-07-10,0.10841991007328033
2001-07-11,0.10841991007328033
2001-07-12,0.10841991007328033
2001-07-13,0.10841991007328033
2001-07-16,0.10841991007328033
2001-07-17,0.10841991007328033
2001-07-18,0.11275970935821533
2001-07-19,0.11492524296045303
2001-07-20,0.11492524296045303
2001-07-23,0.11492524296045303
2001-07-24,0.11275970935821533
2001-07-25,0.11058956384658813
2001-07-26,0.10841991007328033
2001-07-27,0.10841991007328033
2001-07-30,0.09499514847993851
2001-07-31,0.11275970935821533
2001-08-01,0.10841991007328033
2001-08-02,0.11275970935821533
2001-08-03,0.11275970935821533
2001-08-06,0.10841991007328033
2001-08-07,0.10841991007328033
2001-08-08,0.11275970935821533
2001-08-09,0.10841991007328033
2001-08-10,0.10841991007328033
2001-08-13,0.10841991007328033
2001-08-14,0.10841991007328033
2001-08-15,0.10841991007328033
2001-08-16,0.10841991007328033
2001-08-17,0.10841991007328033
2001-08-20,0.10841991007328033
2001-08-21,0.10841991007328033
2001-08-22,0.10841991007328033
2001-08-23,0.10408469289541245
2001-08-24,0.10408469289541245
2001-08-27,0.09540972113609314
2001-08-28,0.09757941216230392
2001-08-29,0.09974905103445053
2001-08-30,0.10841991007328033
2001-08-31,0.10841991007328033
2001-09-03,0.09974905103445053
2001-09-04,0.10408469289541245
2001-09-05,0.09119533002376556
2001-09-06,0.10625436156988144
2001-09-07,0.11275970935821533
2001-09-10,0.10841991007328033
2001-09-11,0.10625436156988144
2001-09-12,0.09974905103445053
2001-09-13,0.09540972113609314
2001-09-14,0.09107406437397003
2001-09-17,0.09107406437397003
2001-09-18,0.07979625463485718
2001-09-19,0.09107406437397003
2001-09-20,0.07806342095136642
2001-09-21,0.08673840761184692
2001-09-24,0.08673840761184692
2001-09-25,0.09324370324611664
2001-09-26,0.09107406437397003
2001-09-27,0.09540972113609314
2001-09-28,0.09107406437397003
2001-10-01,0.07979625463485718
2001-10-02,0.09107406437397003
2001-10-03,0.09974905103445053
2001-10-04,0.09540972113609314
2001-10-05,0.10841991007328033
2001-10-08,0.10625436156988144
2001-10-09,0.10408469289541245
2001-10-10,0.10408469289541245
2001-10-11,0.10625436156988144
2001-10-12,0.10625436156988144
2001-10-15,0.09974905103445053
2001-10-16,0.10191459208726883
2001-10-17,0.09974905103445053
2001-10-18,0.09974905103445053
2001-10-19,0.10191459208726883
2001-10-22,0.0892953872680664
2001-10-23,0.09540972113609314
2001-10-24,0.08359608054161072
2001-10-25,0.09540972113609314
2001-10-26,0.09540972113609314
2001-10-29,0.09757941216230392
2001-10-30,0.10191459208726883
2001-10-31,0.09757941216230392
2001-11-01,0.09540972113609314
2001-11-02,0.09107406437397003
2001-11-05,0.09107406437397003
2001-11-06,0.09107406437397003
2001-11-07,0.09540972113609314
2001-11-08,0.09107406437397003
2001-11-09,0.09107406437397003
2001-11-12,0.09107406437397003
2001-11-13,0.09107406437397003
2001-11-14,0.08890443295240402
2001-11-15,0.08890443295240402
2001-11-16,0.10408469289541245
2001-11-19,0.09107406437397003
2001-11-20,0.09107406437397003
2001-11-21,0.09540972113609314
2001-11-22,0.09757941216230392
2001-11-23,0.10841991007328033
2001-11-26,0.10841991007328033
2001-11-27,0.10408469289541245
2001-11-28,0.10841991007328033
2001-11-29,0.11275970935821533
2001-11-30,0.11275970935821533
2001-12-03,0.12143054604530334
2001-12-04,0.11709493398666382
2001-12-05,0.11709493398666382
2001-12-06,0.12360024452209473
2001-12-07,0.12360024452209473
2001-12-10,0.12794002890586853
2001-12-11,0.13878053426742554
2001-12-12,0.12794002890586853
2001-12-13,0.12794002890586853
2001-12-14,0.112094447016716
2001-12-17,0.13010558485984802
2001-12-18,0.13010558485984802
2001-12-19,0.13878053426742554
2001-12-20,0.13878053426742554
2001-12-21,0.13878053426742554
2001-12-24,0.13878053426742554
2001-12-25,0.13878053426742554
2001-12-26,0.13878053426742554
2001-12-27,0.12159405648708344
2001-12-28,0.15612684190273285
2001-12-31,0.16046610474586487
2002-01-01,0.16046610474586487
2002-01-02,0.14311617612838745
2002-01-03,0.14311617612838745
2002-01-04,0.15612684190273285
2002-01-07,0.15179118514060974
2002-01-08,0.15396086871623993
2002-01-09,0.15396086871623993
2002-01-10,0.16046610474586487
2002-01-11,0.17347681522369385
2002-01-14,0.17130710184574127
2002-01-15,0.18865342438220978
2002-01-16,0.1908230036497116
2002-01-17,0.18214812874794006
2002-01-18,0.18648740649223328
2002-01-21,0.18648740649223328
2002-01-22,0.19516241550445557
2002-01-23,0.20383372902870178
2002-01-24,0.20817309617996216
2002-01-25,0.20383372902870178
2002-01-28,0.20383372902870178
2002-01-29,0.20383372902870178
2002-01-30,0.19516241550445557
2002-01-31,0.1908230036497116
2002-02-01,0.20383372902870178
2002-02-04,0.2168443500995636
2002-02-05,0.2341943383216858
2002-02-06,0.25587591528892517
2002-02-07,0.2645508944988251
2002-02-08,0.2602151930332184
2002-02-11,0.24286521971225739
2002-02-12,0.2385299652814865
2002-02-13,0.2385299652814865
2002-02-14,0.2385299652814865
2002-02-15,0.22551941871643066
2002-02-18,0.2168443500995636
2002-02-19,0.2168443500995636
2002-02-20,0.2168443500995636
2002-02-21,0.2472049593925476
2002-02-22,0.2515401542186737
2002-02-25,0.2385299652814865
2002-02-26,0.22985506057739258
2002-02-27,0.22985506057739258
2002-02-28,0.22551941871643066
2002-03-01,0.22985506057739258
2002-03-04,0.2341943383216858
2002-03-05,0.2341943383216858
2002-03-06,0.20519012212753296
2002-03-07,0.2385299652814865
2002-03-08,0.24286521971225739
2002-03-11,0.2472049593925476
2002-03-12,0.25587591528892517
2002-03-13,0.2645508944988251
2002-03-14,0.2775614261627197
2002-03-15,0.3035827875137329
2002-03-18,0.2905721962451935
2002-03-19,0.2905721962451935
2002-03-20,0.2775614261627197
2002-03-21,0.2905721962451935
2002-03-22,0.26889052987098694
2002-03-25,0.28623637557029724
2002-03-26,0.2732258439064026
2002-03-27,0.2775614261627197
2002-03-28,0.26889052987098694
2002-03-29,0.26889052987098694
2002-04-01,0.26889052987098694
2002-04-02,0.2602151930332184
2002-04-03,0.2515401542186737
2002-04-04,0.25587591528892517
2002-04-05,0.2645508944988251
2002-04-08,0.28623637557029724
2002-04-09,0.29491138458251953
2002-04-10,0.2732258439064026
2002-04-11,0.29491138458251953
2002-04-12,0.3035827875137329
2002-04-15,0.3035827875137329
2002-04-16,0.3035827875137329
2002-04-17,0.3035827875137329
2002-04-18,0.3035827875137329
2002-04-19,0.32093268632888794
2002-04-22,0.3165934979915619
2002-04-23,0.325268417596817
2002-04-24,0.3382790982723236
2002-04-25,0.3382790982723236
2002-04-26,0.3339433968067169
2002-04-29,0.3339433968067169
2002-04-30,0.32960405945777893
2002-05-01,0.32093268632888794
2002-05-02,0.3122577667236328
2002-05-03,0.3035827875137329
2002-05-06,0.299247145652771
2002-05-07,0.299247145652771
2002-05-08,0.29491138458251953
2002-05-09,0.3035827875137329
2002-05-10,0.3035827875137329
2002-05-13,0.28623637557029724
2002-05-14,0.2732258439064026
2002-05-15,0.2905721962451935
2002-05-16,0.2775614261627197
2002-05-17,0.2905721962451935
2002-05-20,0.3035827875137329
2002-05-21,0.3035827875137329
2002-05-22,0.2905721962451935
2002-05-23,0.29491138458251953
2002-05-24,0.3035827875137329
2002-05-27,0.2905721962451935
2002-05-28,0.2905721962451935
2002-05-29,0.28623637557029724
2002-05-30,0.28190070390701294
2002-05-31,0.29491138458251953
2002-06-03,0.29491138458251953
2002-06-04,0.29491138458251953
2002-06-05,0.28190070390701294
2002-06-06,0.2905721962451935
2002-06-07,0.299247145652771
2002-06-10,0.299247145652771
2002-06-11,0.26218733191490173
2002-06-12,0.3035827875137329
2002-06-13,0.3035827875137329
2002-06-14,0.3165934979915619
2002-06-17,0.3165934979915619
2002-06-18,0.325268417596817
2002-06-19,0.3339433968067169
2002-06-20,0.32093268632888794
2002-06-21,0.34261852502822876
2002-06-24,0.3339433968067169
2002-06-25,0.325268417596817
2002-06-26,0.325268417596817
2002-06-27,0.32093268632888794
2002-06-28,0.3165934979915619
2002-07-01,0.32960405945777893
2002-07-02,0.32960405945777893
2002-07-03,0.32093268632888794
2002-07-04,0.325268417596817
2002-07-05,0.32960405945777893
2002-07-08,0.3165934979915619
2002-07-09,0.32093268632888794
2002-07-10,0.3382790982723236
2002-07-11,0.3339433968067169
2002-07-12,0.3339433968067169
2002-07-15,0.3122577667236328
2002-07-16,0.3122577667236328
2002-07-17,0.28623637557029724
2002-07-18,0.29491138458251953
2002-07-19,0.3035827875137329
2002-07-22,0.2775614261627197
2002-07-23,0.299247145652771
2002-07-24,0.3035827875137329
2002-07-25,0.29491138458251953
2002-07-26,0.29491138458251953
2002-07-29,0.29491138458251953
2002-07-30,0.3035827875137329
2002-07-31,0.3035827875137329
2002-08-01,0.3035827875137329
2002-08-02,0.299247145652771
2002-08-05,0.29491138458251953
2002-08-06,0.29491138458251953
2002-08-07,0.3035827875137329
2002-08-08,0.3035827875137329
2002-08-09,0.3079221248626709
2002-08-12,0.299247145652771
2002-08-13,0.299247145652771
2002-08-14,0.26218733191490173
2002-08-15,0.3035827875137329
2002-08-16,0.3035827875137329
2002-08-19,0.3165934979915619
2002-08-20,0.3339433968067169
2002-08-21,0.325268417596817
2002-08-22,0.3339433968067169
2002-08-23,0.3339433968067169
2002-08-26,0.34261852502822876
2002-08-27,0.36863958835601807
2002-08-28,0.35562893748283386
2002-08-29,0.35562893748283386
2002-08-30,0.35562893748283386
2002-09-02,0.37731054425239563
2002-09-03,0.37731054425239563
2002-09-04,0.36430037021636963
2002-09-05,0.38165032863616943
2002-09-06,0.38165032863616943
2002-09-09,0.3989962041378021
2002-09-10,0.34261852502822876
2002-09-11,0.35996463894844055
2002-09-12,0.35996463894844055
2002-09-13,0.37297528982162476
2002-09-16,0.3859855830669403
2002-09-17,0.37297528982162476
2002-09-18,0.35996463894844055
2002-09-19,0.35996463894844055
2002-09-20,0.35996463894844055
2002-09-23,0.35128965973854065
2002-09-24,0.34695395827293396
2002-09-25,0.32960405945777893
2002-09-26,0.34261852502822876
2002-09-27,0.34261852502822876
2002-09-30,0.3382790982723236
2002-10-01,0.34261852502822876
2002-10-02,0.34695395827293396
2002-10-03,0.3339433968067169
2002-10-04,0.29258599877357483
2002-10-07,0.325268417596817
2002-10-08,0.34695395827293396
2002-10-09,0.3339433968067169
2002-10-10,0.32093268632888794
2002-10-11,0.325268417596817
2002-10-14,0.325268417596817
2002-10-15,0.3382790982723236
2002-10-16,0.3382790982723236
2002-10-17,0.34695395827293396
2002-10-18,0.3339433968067169
2002-10-21,0.3382790982723236
2002-10-22,0.34261852502822876
2002-10-23,0.35128965973854065
2002-10-24,0.35562893748283386
2002-10-25,0.35128965973854065
2002-10-28,0.34695395827293396
2002-10-29,0.35128965973854065
2002-10-30,0.34261852502822876
2002-10-31,0.3382790982723236
2002-11-01,0.35562893748283386
2002-11-04,0.34695395827293396
2002-11-05,0.34695395827293396
2002-11-06,0.35128965973854065
2002-11-07,0.35128965973854065
2002-11-08,0.34261852502822876
2002-11-11,0.34261852502822876
2002-11-12,0.34695395827293396
2002-11-13,0.3382790982723236
2002-11-14,0.34261852502822876
2002-11-15,0.35128965973854065
2002-11-18,0.34695395827293396
2002-11-19,0.34695395827293396
2002-11-20,0.34695395827293396
2002-11-21,0.3339433968067169
2002-11-22,0.3165934979915619
2002-11-25,0.325268417596817
2002-11-26,0.3339433968067169
2002-11-27,0.3382790982723236
2002-11-28,0.34695395827293396
2002-11-29,0.34695395827293396
2002-12-02,0.34261852502822876
2002-12-03,0.3382790982723236
2002-12-04,0.34695395827293396
2002-12-05,0.35128965973854065
2002-12-06,0.35128965973854065
2002-12-09,0.3382790982723236
2002-12-10,0.3382790982723236
2002-12-11,0.3382790982723236
2002-12-12,0.32960405945777893
2002-12-13,0.3382790982723236
2002-12-16,0.34261852502822876
2002-12-17,0.3382790982723236
2002-12-18,0.3339433968067169
2002-12-19,0.34261852502822876
2002-12-20,0.3382790982723236
2002-12-23,0.3382790982723236
2002-12-24,0.34695395827293396
2002-12-25,0.34695395827293396
2002-12-26,0.34695395827293396
2002-12-27,0.3382790982723236
2002-12-30,0.34695395827293396
2002-12-31,0.3039856553077698
2003-01-01,0.3039856553077698
2003-01-02,0.3039856553077698
2003-01-03,0.3382790982723236
2003-01-06,0.34261852502822876
2003-01-07,0.3339433968067169
2003-01-08,0.29258599877357483
2003-01-09,0.325268417596817
2003-01-10,0.34261852502822876
2003-01-13,0.3339433968067169
2003-01-14,0.3339433968067169
2003-01-15,0.3339433968067169
2003-01-16,0.325268417596817
2003-01-17,0.3382790982723236
2003-01-20,0.32960405945777893
2003-01-21,0.325268417596817
2003-01-22,0.32093268632888794
2003-01-23,0.325268417596817
2003-01-24,0.3339433968067169
2003-01-27,0.3339433968067169
2003-01-28,0.325268417596817
2003-01-29,0.32093268632888794
2003-01-30,0.32960405945777893
2003-01-31,0.3382790982723236
2003-02-03,0.3382790982723236
2003-02-04,0.34261852502822876
2003-02-05,0.3382790982723236
2003-02-06,0.32093268632888794
2003-02-07,0.3165934979915619
2003-02-10,0.32960405945777893
2003-02-11,0.3339433968067169
2003-02-12,0.325268417596817
2003-02-13,0.3165934979915619
2003-02-14,0.325268417596817
2003-02-17,0.32960405945777893
2003-02-18,0.32960405945777893
2003-02-19,0.32960405945777893
2003-02-20,0.3339433968067169
2003-02-21,0.3339433968067169
2003-02-24,0.3079221248626709
2003-02-25,0.3079221248626709
2003-02-26,0.3165934979915619
2003-02-27,0.3079221248626709
2003-02-28,0.3079221248626709
2003-03-03,0.3079221248626709
2003-03-04,0.3079221248626709
2003-03-05,0.2697870135307312
2003-03-06,0.3035827875137329
2003-03-07,0.3035827875137329
2003-03-10,0.29491138458251953
2003-03-11,0.2775614261627197
2003-03-12,0.2602151930332184
2003-03-13,0.2775614261627197
2003-03-14,0.29491138458251953
2003-03-17,0.3035827875137329
2003-03-18,0.3165934979915619
2003-03-19,0.3339433968067169
2003-03-20,0.34695395827293396
2003-03-21,0.32960405945777893
2003-03-24,0.3339433968067169
2003-03-25,0.32960405945777893
2003-03-26,0.34695395827293396
2003-03-27,0.3382790982723236
2003-03-28,0.3382790982723236
2003-03-31,0.3382790982723236
2003-04-01,0.34261852502822876
2003-04-02,0.34261852502822876
2003-04-03,0.34261852502822876
2003-04-04,0.34261852502822876
2003-04-07,0.35996463894844055
2003-04-08,0.35562893748283386
2003-04-09,0.35128965973854065
2003-04-10,0.35128965973854065
2003-04-11,0.34695395827293396
2003-04-14,0.35562893748283386
2003-04-15,0.36430037021636963
2003-04-16,0.38165032863616943
2003-04-17,0.38165032863616943
2003-04-18,0.38165032863616943
2003-04-21,0.38165032863616943
2003-04-22,0.38165032863616943
2003-04-23,0.38165032863616943
2003-04-24,0.39466047286987305
2003-04-25,0.39466047286987305
2003-04-28,0.3903212547302246
2003-04-29,0.3989962041378021
2003-04-30,0.4163461923599243
2003-05-01,0.3989962041378021
2003-05-02,0.3903212547302246
2003-05-05,0.41200676560401917
2003-05-06,0.41200676560401917
2003-05-07,0.4423673748970032
2003-05-08,0.42501744627952576
2003-05-09,0.43369242548942566
2003-05-12,0.42068180441856384
2003-05-13,0.43369242548942566
2003-05-14,0.43369242548942566
2003-05-15,0.42935681343078613
2003-05-16,0.43369242548942566
2003-05-19,0.4423673748970032
2003-05-20,0.43369242548942566
2003-05-21,0.43369242548942566
2003-05-22,0.42068180441856384
2003-05-23,0.40333595871925354
2003-05-26,0.43369242548942566
2003-05-27,0.42068180441856384
2003-05-28,0.45103883743286133
2003-05-29,0.4423673748970032
2003-05-30,0.44670307636260986
2003-06-02,0.45103883743286133
2003-06-03,0.43369242548942566
2003-06-04,0.43369242548942566
2003-06-05,0.43369242548942566
2003-06-06,0.43369242548942566
2003-06-09,0.43369242548942566
2003-06-10,0.42935681343078613
2003-06-11,0.42935681343078613
2003-06-12,0.42935681343078613
2003-06-13,0.43369242548942566
2003-06-16,0.379982054233551
2003-06-17,0.4423673748970032
2003-06-18,0.4553782045841217
2003-06-19,0.47272419929504395
2003-06-20,0.47272419929504395
2003-06-23,0.47272419929504395
2003-06-24,0.4640493094921112
2003-06-25,0.45103883743286133
2003-06-26,0.44670307636260986
2003-06-27,0.4380281865596771
2003-06-30,0.42935681343078613
2003-07-01,0.43369242548942566
2003-07-02,0.4380281865596771
2003-07-03,0.4640493094921112
2003-07-04,0.44670307636260986
2003-07-07,0.4423673748970032
2003-07-08,0.4423673748970032
2003-07-09,0.4423673748970032
2003-07-10,0.4423673748970032
2003-07-11,0.4380281865596771
2003-07-14,0.4553782045841217
2003-07-15,0.4423673748970032
2003-07-16,0.43369242548942566
2003-07-17,0.43369242548942566
2003-07-18,0.4380281865596771
2003-07-21,0.4423673748970032
2003-07-22,0.42935681343078613
2003-07-23,0.43369242548942566
2003-07-24,0.43369242548942566
2003-07-25,0.4423673748970032
2003-07-28,0.4423673748970032
2003-07-29,0.4423673748970032
2003-07-30,0.4683886766433716
2003-07-31,0.4640493094921112
2003-08-01,0.4640493094921112
2003-08-04,0.4597136080265045
2003-08-05,0.4553782045841217
2003-08-06,0.4553782045841217
2003-08-07,0.4683886766433716
2003-08-08,0.47706374526023865
2003-08-11,0.4640493094921112
2003-08-12,0.47706374526023865
2003-08-13,0.48139920830726624
2003-08-14,0.48139920830726624
2003-08-15,0.48139920830726624
2003-08-18,0.5074206590652466
2003-08-19,0.5291061401367188
2003-08-20,0.520430862903595
2003-08-21,0.5291061401367188
2003-08-22,0.520430862903595
2003-08-25,0.520430862903595
2003-08-26,0.520430862903595
2003-08-27,0.5117557644844055
2003-08-28,0.520430862903595
2003-08-29,0.520430862903595
2003-09-01,0.5464521646499634
2003-09-02,0.5507913827896118
2003-09-03,0.5507913827896118
2003-09-04,0.5464521646499634
2003-09-05,0.5421163439750671
2003-09-08,0.5507913827896118
2003-09-09,0.5507913827896118
2003-09-10,0.5507913827896118
2003-09-11,0.5377810597419739
2003-09-12,0.5291061401367188
2003-09-15,0.520430862903595
2003-09-16,0.5117557644844055
2003-09-17,0.5030849575996399
2003-09-18,0.5334414839744568
2003-09-19,0.5507913827896118
2003-09-22,0.5594627857208252
2003-09-23,0.5594627857208252
2003-09-24,0.5638020038604736
2003-09-25,0.5594627857208252
2003-09-26,0.5551272630691528
2003-09-29,0.5594627857208252
2003-09-30,0.5594627857208252
2003-10-01,0.5594627857208252
2003-10-02,0.5701293349266052
2003-10-03,0.5875364542007446
2003-10-06,0.6223544478416443
2003-10-07,0.6180035471916199
2003-10-08,0.6049472689628601
2003-10-09,0.6136527061462402
2003-10-10,0.6180035471916199
2003-10-13,0.6180035471916199
2003-10-14,0.6049472689628601
2003-10-15,0.6049472689628601
2003-10-16,0.6005929112434387
2003-10-17,0.5701293349266052
2003-10-20,0.5744800567626953
2003-10-21,0.5788346529006958
2003-10-22,0.5657784938812256
2003-10-23,0.5527223348617554
2003-10-24,0.5788346529006958
2003-10-27,0.5657784938812256
2003-10-28,0.5657784938812256
2003-10-29,0.5657784938812256
2003-10-30,0.5657784938812256
2003-10-31,0.5701293349266052
2003-11-03,0.5657784938812256
2003-11-04,0.5701293349266052
2003-11-05,0.5614240169525146
2003-11-06,0.5614240169525146
2003-11-07,0.5570732355117798
2003-11-10,0.5353115200996399
2003-11-11,0.5135497450828552
2003-11-12,0.5222553014755249
2003-11-13,0.5222553014755249
2003-11-14,0.5353115200996399
2003-11-17,0.5614240169525146
2003-11-18,0.5701293349266052
2003-11-19,0.5657784938812256
2003-11-20,0.5744800567626953
2003-11-21,0.5744800567626953
2003-11-24,0.5788346529006958
2003-11-25,0.5831854343414307
2003-11-26,0.5875364542007446
2003-11-27,0.5962419509887695
2003-11-28,0.6005929112434387
2003-12-01,0.5962419509887695
2003-12-02,0.5875364542007446
2003-12-03,0.5831854343414307
2003-12-04,0.5440167784690857
2003-12-05,0.5788346529006958
2003-12-08,0.5657784938812256
2003-12-09,0.5527223348617554
2003-12-10,0.5614240169525146
2003-12-11,0.5222553014755249
2003-12-12,0.5657784938812256
2003-12-15,0.5657784938812256
2003-12-16,0.5570732355117798
2003-12-17,0.5440167784690857
2003-12-18,0.5657784938812256
2003-12-19,0.5527223348617554
2003-12-22,0.5744800567626953
2003-12-23,0.5657784938812256
2003-12-24,0.5701293349266052
2003-12-25,0.5701293349266052
2003-12-26,0.5701293349266052
2003-12-29,0.5527223348617554
2003-12-30,0.5570732355117798
2003-12-31,0.5570732355117798
2004-01-01,0.5570732355117798
2004-01-02,0.5570732355117798
2004-01-05,0.5570732355117798
2004-01-06,0.5570732355117798
2004-01-07,0.5657784938812256
2004-01-08,0.5657784938812256
2004-01-09,0.5570732355117798
2004-01-12,0.5657784938812256
2004-01-13,0.5570732355117798
2004-01-14,0.5614240169525146
2004-01-15,0.5570732355117798
2004-01-16,0.5570732355117798
2004-01-19,0.5570732355117798
2004-01-20,0.5527223348617554
2004-01-21,0.5570732355117798
2004-01-22,0.5614240169525146
2004-01-23,0.5570732355117798
2004-01-26,0.5570732355117798
2004-01-27,0.5483678579330444
2004-01-28,0.5527223348617554
2004-01-29,0.5353115200996399
2004-01-30,0.5309609770774841
2004-02-02,0.5353115200996399
2004-02-03,0.5396662950515747
2004-02-04,0.5527223348617554
2004-02-05,0.5527223348617554
2004-02-06,0.5483678579330444
2004-02-09,0.5527223348617554
2004-02-10,0.5527223348617554
2004-02-11,0.5744800567626953
2004-02-12,0.5875364542007446
2004-02-13,0.5831854343414307
2004-02-16,0.5875364542007446
2004-02-17,0.5918909311294556
2004-02-18,0.5918909311294556
2004-02-19,0.5918909311294556
2004-02-20,0.5875364542007446
2004-02-23,0.5875364542007446
2004-02-24,0.5788346529006958
2004-02-25,0.5657784938812256
2004-02-26,0.5875364542007446
2004-02-27,0.5831854343414307
2004-03-01,0.5918909311294556
2004-03-02,0.5962419509887695
2004-03-03,0.5962419509887695
2004-03-04,0.5788346529006958
2004-03-05,0.5744800567626953
2004-03-08,0.5788346529006958
2004-03-09,0.5918909311294556
2004-03-10,0.5918909311294556
2004-03-11,0.5831854343414307
2004-03-12,0.5918909311294556
2004-03-15,0.5918909311294556
2004-03-16,0.5918909311294556
2004-03-17,0.5962419509887695
2004-03-18,0.6310597658157349
2004-03-19,0.6310597658157349
2004-03-22,0.6267088055610657
2004-03-23,0.6092979311943054
2004-03-24,0.6049472689628601
2004-03-25,0.6005929112434387
2004-03-26,0.5875364542007446
2004-03-29,0.5570732355117798
2004-03-30,0.5744800567626953
2004-03-31,0.5788346529006958
2004-04-01,0.5744800567626953
2004-04-02,0.5788346529006958
2004-04-05,0.5730421543121338
2004-04-06,0.5686692595481873
2004-04-07,0.6342840194702148
2004-04-08,0.6342840194702148
2004-04-09,0.6342840194702148
2004-04-12,0.6342840194702148
2004-04-13,0.6649025678634644
2004-04-14,0.6561567783355713
2004-04-15,0.6649025678634644
2004-04-16,0.6561567783355713
2004-04-19,0.6561567783355713
2004-04-20,0.6605294346809387
2004-04-21,0.6474068760871887
2004-04-22,0.6211609840393066
2004-04-23,0.5992881655693054
2004-04-26,0.5949150919914246
2004-04-27,0.6255339980125427
2004-04-28,0.6299110054969788
2004-04-29,0.6299110054969788
2004-04-30,0.6299110054969788
2004-05-03,0.608038067817688
2004-05-04,0.6124109625816345
2004-05-05,0.6124109625816345
2004-05-06,0.6255339980125427
2004-05-07,0.6124109625816345
2004-05-10,0.5686692595481873
2004-05-11,0.6124109625816345
2004-05-12,0.5817920565605164
2004-05-13,0.5817920565605164
2004-05-14,0.5992881655693054
2004-05-17,0.586165189743042
2004-05-18,0.5992881655693054
2004-05-19,0.6036612391471863
2004-05-20,0.5992881655693054
2004-05-21,0.6124109625816345
2004-05-24,0.608038067817688
2004-05-25,0.6124109625816345
2004-05-26,0.6167880892753601
2004-05-27,0.5949150919914246
2004-05-28,0.6124109625816345
2004-05-31,0.5949150919914246
2004-06-01,0.5730421543121338
2004-06-02,0.5905383825302124
2004-06-03,0.586165189743042
2004-06-04,0.586165189743042
2004-06-07,0.5774152874946594
2004-06-08,0.5905383825302124
2004-06-09,0.5992881655693054
2004-06-10,0.586165189743042
2004-06-11,0.564292311668396
2004-06-14,0.564292311668396
2004-06-15,0.5730421543121338
2004-06-16,0.5949150919914246
2004-06-17,0.5949150919914246
2004-06-18,0.5730425715446472
2004-06-21,0.5774156451225281
2004-06-22,0.5861657857894897
2004-06-23,0.5774156451225281
2004-06-24,0.5686694979667664
2004-06-25,0.5686694979667664
2004-06-28,0.5686694979667664
2004-06-29,0.5992884635925293
2004-06-30,0.5905389785766602
2004-07-01,0.594915509223938
2004-07-02,0.5730425715446472
2004-07-05,0.5861657857894897
2004-07-06,0.5817926526069641
2004-07-07,0.5861657857894897
2004-07-08,0.5817926526069641
2004-07-09,0.594915509223938
2004-07-12,0.5861657857894897
2004-07-13,0.594915509223938
2004-07-14,0.5905389785766602
2004-07-15,0.612411618232727
2004-07-16,0.6255344748497009
2004-07-19,0.6167846322059631
2004-07-20,0.634285032749176
2004-07-21,0.6255344748497009
2004-07-22,0.6430307030677795
2004-07-23,0.6299076676368713
2004-07-26,0.6386574506759644
2004-07-27,0.634285032749176
2004-07-28,0.6299076676368713
2004-07-29,0.6386574506759644
2004-07-30,0.634285032749176
2004-08-02,0.634285032749176
2004-08-03,0.634285032749176
2004-08-04,0.6386574506759644
2004-08-05,0.6386574506759644
2004-08-06,0.6474080085754395
2004-08-09,0.6517804265022278
2004-08-10,0.6517804265022278
2004-08-11,0.6430307030677795
2004-08-12,0.6517804265022278
2004-08-13,0.6517804265022278
2004-08-16,0.6474080085754395
2004-08-17,0.6474080085754395
2004-08-18,0.656153678894043
2004-08-19,0.6998997926712036
2004-08-20,0.6867767572402954
2004-08-23,0.6955267786979675
2004-08-24,0.6955267786979675
2004-08-25,0.6998997926712036
2004-08-26,0.6955267786979675
2004-08-27,0.7217726707458496
2004-08-30,0.7348953485488892
2004-08-31,0.7348953485488892
2004-09-01,0.7655144333839417
2004-09-02,0.7392686009407043
2004-09-03,0.7217726707458496
2004-09-06,0.7261455059051514
2004-09-07,0.7217726707458496
2004-09-08,0.7217726707458496
2004-09-09,0.717395544052124
2004-09-10,0.717395544052124
2004-09-13,0.7392686009407043
2004-09-14,0.6998997926712036
2004-09-15,0.6867767572402954
2004-09-16,0.6780263781547546
2004-09-17,0.6911500096321106
2004-09-20,0.6867767572402954
2004-09-21,0.656153678894043
2004-09-22,0.656153678894043
2004-09-23,0.6824036240577698
2004-09-24,0.6474080085754395
2004-09-27,0.6692765951156616
2004-09-28,0.6736537218093872
2004-09-29,0.6605308055877686
2004-09-30,0.6593276858329773
2004-10-01,0.6593276858329773
2004-10-04,0.650539755821228
2004-10-05,0.641746997833252
2004-10-06,0.654933512210846
2004-10-07,0.641746997833252
2004-10-08,0.641746997833252
2004-10-11,0.6637263298034668
2004-10-12,0.6857047080993652
2004-10-13,0.6900988817214966
2004-10-14,0.6725143194198608
2004-10-15,0.6769127249717712
2004-10-18,0.6681199669837952
2004-10-19,0.650539755821228
2004-10-20,0.641746997833252
2004-10-21,0.6461413502693176
2004-10-22,0.6593276858329773
2004-10-25,0.6637263298034668
2004-10-26,0.6593276858329773
2004-10-27,0.6593276858329773
2004-10-28,0.654933512210846
2004-10-29,0.6593276858329773
2004-11-01,0.6769127249717712
2004-11-02,0.7120776176452637
2004-11-03,0.7032855749130249
2004-11-04,0.7120776176452637
2004-11-05,0.7120776176452637
2004-11-08,0.7472391724586487
2004-11-09,0.7604256272315979
2004-11-10,0.7472391724586487
2004-11-11,0.7384507656097412
2004-11-12,0.7384507656097412
2004-11-15,0.7428449988365173
2004-11-16,0.7604256272315979
2004-11-17,0.778010368347168
2004-11-18,0.7999889850616455
2004-11-19,0.8087770342826843
2004-11-22,0.8087770342826843
2004-11-23,0.8351503014564514
2004-11-24,0.8791083097457886
2004-11-25,0.9054809808731079
2004-11-26,0.8966881036758423
2004-11-29,0.945040762424469
2004-11-30,0.9494346976280212
2004-12-01,0.9274597764015198
2004-12-02,0.9142736196517944
2004-12-03,0.945040762424469
2004-12-06,0.9670192003250122
2004-12-07,0.9626215100288391
2004-12-08,0.9142736196517944
2004-12-09,0.8703154921531677
2004-12-10,0.8615233302116394
2004-12-13,0.9362478256225586
2004-12-14,0.945040762424469
2004-12-15,0.9494346976280212
2004-12-16,0.8945597410202026
2004-12-17,0.9142736196517944
2004-12-20,0.9318538904190063
2004-12-21,0.9274597764015198
2004-12-22,0.923061192035675
2004-12-23,0.9010825157165527
2004-12-24,0.9010825157165527
2004-12-27,0.9010825157165527
2004-12-28,0.9010825157165527
2004-12-29,0.9054809808731079
2004-12-30,0.9010825157165527
2004-12-31,0.9098747372627258
2005-01-04,0.9098747372627258
2005-01-05,0.9010825157165527
2005-01-06,0.8922948241233826
2005-01-07,0.8922948241233826
2005-01-10,0.9010825157165527
2005-01-11,0.9010825157165527
2005-01-12,0.9010825157165527
2005-01-13,0.8966881036758423
2005-01-14,0.9274597764015198
2005-01-17,0.923061192035675
2005-01-18,0.9318538904190063
2005-01-19,0.923061192035675
2005-01-20,0.9142736196517944
2005-01-21,0.9098747372627258
2005-01-24,0.923061192035675
2005-01-25,0.8878963589668274
2005-01-27,0.9098747372627258
2005-01-28,0.9142736196517944
2005-01-31,0.9098747372627258
2005-02-01,1.0021804571151733
2005-02-02,1.0153669118881226
2005-02-03,1.0197653770446777
2005-02-04,1.0725109577178955
2005-02-07,1.076905369758606
2005-02-08,1.0549306869506836
2005-02-09,1.0549306869506836
2005-02-10,1.0725109577178955
2005-02-11,1.0461379289627075
2005-02-14,1.0505317449569702
2005-02-15,1.0725109577178955
2005-02-16,1.0549306869506836
2005-02-17,1.0197653770446777
2005-02-18,0.9977859854698181
2005-02-21,1.0153669118881226
2005-02-22,0.9758074879646301
2005-02-23,0.9582270383834839
2005-02-24,0.9318538904190063
2005-02-25,0.9406462907791138
2005-02-28,0.9670192003250122
2005-03-01,0.9626215100288391
2005-03-02,0.9274597764015198
2005-03-03,0.945040762424469
2005-03-04,0.945040762424469
2005-03-07,0.945040762424469
2005-03-08,0.9758074879646301
2005-03-09,0.9845997095108032
2005-03-10,0.9889938831329346
2005-03-11,0.9889938831329346
2005-03-14,0.9670192003250122
2005-03-15,0.945040762424469
2005-03-16,0.9626215100288391
2005-03-17,0.9758074879646301
2005-03-18,0.9758074879646301
2005-03-21,0.9670192003250122
2005-03-22,0.9626215100288391
2005-03-23,0.945040762424469
2005-03-24,0.9098747372627258
2005-03-29,0.8878963589668274
2005-03-30,0.8747097253799438
2005-03-31,0.923061192035675
2005-04-01,0.9098747372627258
2005-04-04,0.8966881036758423
2005-04-05,0.9010825157165527
2005-04-06,0.9054809808731079
2005-04-07,0.8876791000366211
2005-04-08,0.8523478507995605
2005-04-11,0.8766395449638367
2005-04-12,0.861181378364563
2005-04-13,0.8170202970504761
2005-04-14,0.7772693037986755
2005-04-15,0.7596058249473572
2005-04-18,0.7772693037986755
2005-04-19,0.8037712574005127
2005-04-20,0.7949374914169312
2005-04-21,0.7772693037986755
2005-04-22,0.7861033082008362
2005-04-26,0.8214350342750549
2005-04-27,0.814810574054718
2005-04-28,0.8170202970504761
2005-04-29,0.8280594944953918
2005-05-02,0.7949374914169312
2005-05-03,0.7816885709762573
2005-05-04,0.7728544473648071
2005-05-05,0.7728544473648071
2005-05-06,0.7375231385231018
2005-05-09,0.7286931276321411
2005-05-10,0.6977767944335938
2005-05-11,0.702195405960083
2005-05-12,0.702195405960083
2005-05-13,0.6933616399765015
2005-05-16,0.675693690776825
2005-05-17,0.6668640971183777
2005-05-18,0.675693690776825
2005-05-19,0.6845275163650513
2005-05-20,0.7397326827049255
2005-05-23,0.7286931276321411
2005-05-24,0.7596058249473572
2005-05-25,0.7750641107559204
2005-05-26,0.7728544473648071
2005-05-27,0.7816885709762573
2005-05-30,0.7750641107559204
2005-05-31,0.7728544473648071
2005-06-01,0.7507717609405518
2005-06-02,0.7507717609405518
2005-06-03,0.7419417500495911
2005-06-06,0.7507717609405518
2005-06-07,0.7507717609405518
2005-06-08,0.7728544473648071
2005-06-09,0.7507717609405518
2005-06-10,0.7375231385231018
2005-06-14,0.7463569045066833
2005-06-15,0.7596058249473572
2005-06-16,0.7463569045066833
2005-06-17,0.7463569045066833
2005-06-20,0.7331082224845886
2005-06-21,0.7242744565010071
2005-06-22,0.6933616399765015
2005-06-23,0.6690695285797119
2005-06-24,0.6447811126708984
2005-06-27,0.6536154747009277
2005-06-28,0.6536154747009277
2005-06-29,0.6977767944335938
2005-06-30,0.6999862194061279
2005-07-01,0.6933616399765015
2005-07-04,0.6889467239379883
2005-07-05,0.6624450087547302
2005-07-06,0.6624450087547302
2005-07-07,0.6734885573387146
2005-07-08,0.6801129579544067
2005-07-11,0.6668640971183777
2005-07-12,0.6337422728538513
2005-07-13,0.6381567120552063
2005-07-14,0.6514055132865906
2005-07-15,0.6359474658966064
2005-07-18,0.6204927563667297
2005-07-19,0.6138685345649719
2005-07-20,0.6182834506034851
2005-07-21,0.6315324306488037
2005-07-22,0.649196207523346
2005-07-25,0.6624450087547302
2005-07-26,0.702195405960083
2005-07-27,0.7066104412078857
2005-07-28,0.7066104412078857
2005-07-29,0.7242744565010071
2005-08-01,0.7375231385231018
2005-08-02,0.7286931276321411
2005-08-03,0.6977767944335938
2005-08-04,0.6845275163650513
2005-08-05,0.6801129579544067
2005-08-08,0.7110254764556885
2005-08-09,0.6933616399765015
2005-08-10,0.6845275163650513
2005-08-11,0.6690695285797119
2005-08-12,0.6646543145179749
2005-08-15,0.6646543145179749
2005-08-16,0.675693690776825
2005-08-17,0.702195405960083
2005-08-18,0.7066104412078857
2005-08-19,0.6845275163650513
2005-08-22,0.6690695285797119
2005-08-23,0.6624450087547302
2005-08-24,0.6668640971183777
2005-08-25,0.6801129579544067
2005-08-26,0.6911525130271912
2005-08-29,0.7066104412078857
2005-08-30,0.7198634743690491
2005-08-31,0.7419417500495911
2005-09-01,0.7507717609405518
2005-09-02,0.7419417500495911
2005-09-05,0.7242744565010071
2005-09-06,0.7242744565010071
2005-09-07,0.7331082224845886
2005-09-08,0.7419417500495911
2005-09-09,0.7286931276321411
2005-09-12,0.7286931276321411
2005-09-13,0.7286931276321411
2005-09-14,0.7264836430549622
2005-09-15,0.7684399485588074
2005-09-16,0.770645260810852
2005-09-19,0.76181560754776
2005-09-20,0.770645260810852
2005-09-21,0.7551910281181335
2005-09-22,0.7507717609405518
2005-09-23,0.7551910281181335
2005-09-26,0.7507717609405518
2005-09-27,0.752981424331665
2005-09-28,0.7551910281181335
2005-09-29,0.7073802947998047
2005-09-30,0.7125551700592041
2005-10-03,0.6957891583442688
2005-10-04,0.6874059438705444
2005-10-05,0.6915977001190186
2005-10-06,0.6392038464546204
2005-10-07,0.6412995457649231
2005-10-10,0.6371080279350281
2005-10-11,0.6454907655715942
2005-10-12,0.6308209896087646
2005-10-13,0.6308209896087646
2005-10-14,0.6329166293144226
2005-10-17,0.6559696197509766
2005-10-18,0.6601613163948059
2005-10-19,0.6371080279350281
2005-10-20,0.6371080279350281
2005-10-21,0.6287248730659485
2005-10-24,0.6161504983901978
2005-10-25,0.6203422546386719
2005-10-26,0.6224377751350403
2005-10-27,0.6245338916778564
2005-10-28,0.6161504983901978
2005-10-31,0.6224377751350403
2005-11-01,0.6119588613510132
2005-11-02,0.6077677011489868
2005-11-03,0.5993846654891968
2005-11-04,0.5951931476593018
2005-11-07,0.5910013914108276
2005-11-08,0.6294792294502258
2005-11-09,0.5868101716041565
2005-11-10,0.5868101716041565
2005-11-11,0.5910013914108276
2005-11-14,0.5910013914108276
2005-11-15,0.5868101716041565
2005-11-16,0.5868101716041565
2005-11-17,0.5784271359443665
2005-11-18,0.576331377029419
2005-11-21,0.5574693083763123
2005-11-22,0.5427994132041931
2005-11-23,0.519745945930481
2005-11-24,0.5155544281005859
2005-11-25,0.5113629102706909
2005-11-28,0.5323209166526794
2005-11-29,0.5281291604042053
2005-11-30,0.5176500082015991
2005-12-01,0.5218418836593628
2005-12-02,0.5113629102706909
2005-12-05,0.5050758719444275
2005-12-06,0.5092674493789673
2005-12-07,0.5071715116500854
2005-12-08,0.4987885355949402
2005-12-09,0.5113629102706909
2005-12-12,0.48830997943878174
2005-12-13,0.4862138628959656
2005-12-14,0.4966925084590912
2005-12-15,0.5029797554016113
2005-12-16,0.5029797554016113
2005-12-19,0.5115894675254822
2005-12-20,0.5155544281005859
2005-12-21,0.5494051575660706
2005-12-22,0.5427323579788208
2005-12-23,0.5115894675254822
2005-12-28,0.4862138628959656
2005-12-29,0.5008841753005981
2005-12-30,0.5029797554016113
2006-01-03,0.522713840007782
2006-01-04,0.4987885355949402
2006-01-05,0.49459704756736755
2006-01-06,0.519745945930481
2006-01-09,0.5176500082015991
2006-01-10,0.5113629102706909
2006-01-11,0.4966925084590912
2006-01-12,0.49459704756736755
2006-01-13,0.49459704756736755
2006-01-16,0.48830997943878174
2006-01-17,0.4862138628959656
2006-01-18,0.4987885355949402
2006-01-19,0.5071715116500854
2006-01-20,0.49250128865242004
2006-01-23,0.47363951802253723
2006-01-24,0.44639477133750916
2006-01-25,0.4401075541973114
2006-01-27,0.42753320932388306
2006-01-30,0.41495829820632935
2006-01-31,0.40657559037208557
2006-02-01,0.3856179714202881
2006-02-02,0.4023840129375458
2006-02-03,0.41495829820632935
2006-02-06,0.3981923460960388
2006-02-07,0.394000768661499
2006-02-08,0.3919052481651306
2006-02-09,0.3856179714202881
2006-02-10,0.3856179714202881
2006-02-13,0.38771355152130127
2006-02-14,0.3856179714202881
2006-02-15,0.38980957865715027
2006-02-16,0.3856179714202881
2006-02-17,0.3856179714202881
2006-02-20,0.3981923460960388
2006-02-21,0.4191499650478363
2006-02-22,0.3981923460960388
2006-02-23,0.42039501667022705
2006-02-24,0.404479444026947
2006-02-27,0.40867120027542114
2006-02-28,0.394000768661499
2006-03-01,0.40657559037208557
2006-03-02,0.4107670783996582
2006-03-03,0.4128626585006714
2006-03-06,0.4128626585006714
2006-03-07,0.40657559037208557
2006-03-08,0.38980957865715027
2006-03-09,0.3856179714202881
2006-03-10,0.3919052481651306
2006-03-13,0.3856179714202881
2006-03-14,0.3856179714202881
2006-03-15,0.3856179714202881
2006-03-16,0.3814263939857483
2006-03-17,0.37933075428009033
2006-03-20,0.3814263939857483
2006-03-21,0.35837322473526
2006-03-22,0.3835224509239197
2006-03-23,0.38980957865715027
2006-03-24,0.3919052481651306
2006-03-27,0.3981923460960388
2006-03-28,0.3981923460960388
2006-03-29,0.4589691460132599
2006-03-30,0.46106523275375366
2006-03-31,0.4233415424823761
2006-04-03,0.435916006565094
2006-04-04,0.4170544445514679
2006-04-05,0.41495829820632935
2006-04-06,0.3856179714202881
2006-04-07,0.38980957865715027
2006-04-10,0.3801862597465515
2006-04-11,0.36956658959388733
2006-04-12,0.3759383261203766
2006-04-13,0.36531862616539
2006-04-18,0.37806251645088196
2006-04-19,0.37806251645088196
2006-04-20,0.39080610871315
2006-04-21,0.4057631194591522
2006-04-24,0.38868236541748047
2006-04-26,0.382310152053833
2006-04-27,0.3865581750869751
2006-04-28,0.37806251645088196
2006-05-01,0.382310152053833
2006-05-02,0.36956658959388733
2006-05-03,0.3738146722316742
2006-05-04,0.3674427568912506
2006-05-05,0.34407946467399597
2006-05-08,0.33983156085014343
2006-05-09,0.34620314836502075
2006-05-10,0.3377072215080261
2006-05-11,0.3143439292907715
2006-05-12,0.3313354551792145
2006-05-15,0.33558347821235657
2006-05-16,0.3270874321460724
2006-05-17,0.3313354551792145
2006-05-18,0.3516615629196167
2006-05-19,0.34489893913269043
2006-05-22,0.3185918927192688
2006-05-23,0.3016004264354706
2006-05-24,0.28673255443573
2006-05-25,0.2803608477115631
2006-05-26,0.2909805476665497
2006-05-29,0.32009974122047424
2006-05-30,0.2909805476665497
2006-05-31,0.29947608709335327
2006-06-01,0.32460683584213257
2006-06-02,0.3185918927192688
2006-06-05,0.3185918927192688
2006-06-06,0.3143439292907715
2006-06-07,0.31646817922592163
2006-06-08,0.32496365904808044
2006-06-09,0.3228398263454437
2006-06-13,0.3228398263454437
2006-06-14,0.3228398263454437
2006-06-15,0.3377072215080261
2006-06-16,0.33983156085014343
2006-06-19,0.33983156085014343
2006-06-20,0.34832698106765747
2006-06-21,0.3313354551792145
2006-06-22,0.3185918927192688
2006-06-23,0.3143439292907715
2006-06-26,0.30797213315963745
2006-06-27,0.29522860050201416
2006-06-28,0.2973523437976837
2006-06-29,0.3143439292907715
2006-06-30,0.3313354551792145
2006-07-03,0.33983156085014343
2006-07-04,0.3270874321460724
2006-07-05,0.3228398263454437
2006-07-06,0.3185918927192688
2006-07-07,0.33983156085014343
2006-07-10,0.3292117714881897
2006-07-11,0.3228398263454437
2006-07-12,0.32071569561958313
2006-07-13,0.32071569561958313
2006-07-14,0.3270874321460724
2006-07-17,0.3185918927192688
2006-07-18,0.3185918927192688
2006-07-19,0.31009581685066223
2006-07-20,0.31009581685066223
2006-07-21,0.3143439292907715
2006-07-24,0.31009581685066223
2006-07-25,0.31009581685066223
2006-07-26,0.33813637495040894
2006-07-27,0.3516615629196167
2006-07-28,0.3334597051143646
2006-07-31,0.33558347821235657
2006-08-01,0.3334597051143646
2006-08-02,0.3313354551792145
2006-08-03,0.3334597051143646
2006-08-04,0.3313354551792145
2006-08-07,0.3377072215080261
2006-08-08,0.3419552445411682
2006-08-09,0.33983156085014343
2006-08-10,0.3313354551792145
2006-08-11,0.3377072215080261
2006-08-14,0.3270874321460724
2006-08-15,0.3377072215080261
2006-08-16,0.3313354551792145
2006-08-17,0.3185918927192688
2006-08-18,0.32071569561958313
2006-08-21,0.3185918927192688
2006-08-22,0.3185918927192688
2006-08-23,0.3143439292907715
2006-08-24,0.3122200667858124
2006-08-25,0.3058484196662903
2006-08-28,0.3037240505218506
2006-08-29,0.3058484196662903
2006-08-30,0.3058484196662903
2006-08-31,0.30797213315963745
2006-09-01,0.3143439292907715
2006-09-04,0.3122200667858124
2006-09-05,0.3058484196662903
2006-09-06,0.3016004264354706
2006-09-07,0.3016004264354706
2006-09-08,0.3016004264354706
2006-09-11,0.3037240505218506
2006-09-12,0.3016004264354706
2006-09-13,0.3016004264354706
2006-09-14,0.3037240505218506
2006-09-15,0.3143439292907715
2006-09-18,0.3058484196662903
2006-09-19,0.3058484196662903
2006-09-20,0.3143439292907715
2006-09-21,0.3313693702220917
2006-09-22,0.3122200667858124
2006-09-25,0.31646817922592163
2006-09-26,0.34715065360069275
2006-09-27,0.3358808755874634
2006-09-28,0.33813637495040894
2006-09-29,0.34264349937438965
2006-10-02,0.3561687469482422
2006-10-03,0.3561687469482422
2006-10-04,0.3516615629196167
2006-10-05,0.3409658372402191
2006-10-06,0.3363516330718994
2006-10-09,0.3320392966270447
2006-10-10,0.3363516330718994
2006-10-11,0.3277275264263153
2006-10-12,0.3277275264263153
2006-10-13,0.3277275264263153
2006-10-16,0.32341518998146057
2006-10-17,0.3277275264263153
2006-10-18,0.32341518998146057
2006-10-19,0.3320392966270447
2006-10-20,0.36222511529922485
2006-10-23,0.37084922194480896
2006-10-24,0.37084922194480896
2006-10-25,0.3665373921394348
2006-10-26,0.36869338154792786
2006-10-27,0.3665373921394348
2006-10-30,0.3751615881919861
2006-10-31,0.3665373921394348
2006-11-01,0.37084922194480896
2006-11-02,0.3730056583881378
2006-11-03,0.40103501081466675
2006-11-06,0.3988786041736603
2006-11-07,0.3837861716747284
2006-11-08,0.4075031280517578
2006-11-09,0.41828376054763794
2006-11-10,0.40965917706489563
2006-11-13,0.420439749956131
2006-11-14,0.420439749956131
2006-11-15,0.43122026324272156
2006-11-16,0.43122026324272156
2006-11-17,0.41828376054763794
2006-11-20,0.42475202679634094
2006-11-21,0.41612738370895386
2006-11-22,0.41828376054763794
2006-11-23,0.41828376054763794
2006-11-24,0.4139713943004608
2006-11-27,0.40965917706489563
2006-11-28,0.40103501081466675
2006-11-29,0.40103501081466675
2006-11-30,0.40965917706489563
2006-12-01,0.40965917706489563
2006-12-04,0.40103501081466675
2006-12-05,0.3924102485179901
2006-12-06,0.3859420418739319
2006-12-07,0.36438101530075073
2006-12-08,0.37947380542755127
2006-12-11,0.3751615881919861
2006-12-12,0.36222511529922485
2006-12-13,0.36438101530075073
2006-12-14,0.36438101530075073
2006-12-15,0.36222511529922485
2006-12-18,0.34281980991363525
2006-12-19,0.3514444828033447
2006-12-20,0.34928861260414124
2006-12-21,0.3579127788543701
2006-12-22,0.3536003530025482
2006-12-27,0.34281980991363525
2006-12-28,0.34281980991363525
2006-12-29,0.3363516330718994
2007-01-02,0.3363516330718994
2007-01-03,0.34497642517089844
2007-01-04,0.34497642517089844
2007-01-05,0.34497642517089844
2007-01-08,0.36438101530075073
2007-01-09,0.3579127788543701
2007-01-10,0.377580463886261
2007-01-11,0.36222511529922485
2007-01-12,0.3579127788543701
2007-01-15,0.3557567298412323
2007-01-16,0.3536003530025482
2007-01-17,0.36222511529922485
2007-01-18,0.3730056583881378
2007-01-19,0.3837861716747284
2007-01-22,0.3880980610847473
2007-01-23,0.3751615881919861
2007-01-24,0.40732645988464355
2007-01-25,0.3816298246383667
2007-01-29,0.37731799483299255
2007-01-30,0.3751615881919861
2007-01-31,0.3665373921394348
2007-02-01,0.37084922194480896
2007-02-02,0.3600687086582184
2007-02-05,0.36438101530075073
2007-02-06,0.3665373921394348
2007-02-07,0.37084922194480896
2007-02-08,0.37084922194480896
2007-02-09,0.3665373921394348
2007-02-12,0.3730056583881378
2007-02-13,0.36869338154792786
2007-02-14,0.36869338154792786
2007-02-15,0.3751615881919861
2007-02-16,0.3859420418739319
2007-02-19,0.3924102485179901
2007-02-20,0.37947380542755127
2007-02-21,0.3837861716747284
2007-02-22,0.3816298246383667
2007-02-23,0.37084922194480896
2007-02-26,0.3665373921394348
2007-02-27,0.3600687086582184
2007-02-28,0.3363516330718994
2007-03-01,0.34713220596313477
2007-03-02,0.34497642517089844
2007-03-05,0.3320392966270447
2007-03-06,0.3320392966270447
2007-03-07,0.33850812911987305
2007-03-08,0.3363516330718994
2007-03-09,0.34497642517089844
2007-03-12,0.3363516330718994
2007-03-13,0.35927122831344604
2007-03-14,0.33850812911987305
2007-03-15,0.3341957628726959
2007-03-16,0.3363516330718994
2007-03-19,0.3363516330718994
2007-03-20,0.3298833966255188
2007-03-21,0.34497642517089844
2007-03-22,0.3514444828033447
2007-03-23,0.3751615881919861
2007-03-26,0.37731799483299255
2007-03-27,0.3751615881919861
2007-03-28,0.39025431871414185
2007-03-29,0.3880980610847473
2007-03-30,0.3880980610847473
2007-04-02,0.41828376054763794
2007-04-03,0.41828376054763794
2007-04-04,0.420439749956131
2007-04-05,0.41612738370895386
2007-04-10,0.420439749956131
2007-04-11,0.4520370662212372
2007-04-12,0.4774473309516907
2007-04-13,0.4498530328273773
2007-04-16,0.44766953587532043
2007-04-17,0.4192805886268616
2007-04-18,0.4301995038986206
2007-04-19,0.428015798330307
2007-04-20,0.4258318543434143
2007-04-23,0.428015798330307
2007-04-24,0.4301995038986206
2007-04-26,0.4258318543434143
2007-04-27,0.412729412317276
2007-04-30,0.42146429419517517
2007-05-01,0.4411183297634125
2007-05-02,0.4323830306529999
2007-05-03,0.4192805886268616
2007-05-04,0.42146429419517517
2007-05-07,0.4149130880832672
2007-05-08,0.412729412317276
2007-05-09,0.41054534912109375
2007-05-10,0.40617820620536804
2007-05-11,0.4018106460571289
2007-05-14,0.3974429965019226
2007-05-15,0.3974429965019226
2007-05-16,0.3930753767490387
2007-05-17,0.39525943994522095
2007-05-18,0.39089182019233704
2007-05-21,0.4055972695350647
2007-05-22,0.3821571171283722
2007-05-23,0.38434067368507385
2007-05-24,0.3930753767490387
2007-05-25,0.3930753767490387
2007-05-28,0.39525943994522095
2007-05-29,0.3974429965019226
2007-05-30,0.40617820620536804
2007-05-31,0.40399426221847534
2007-06-01,0.40617820620536804
2007-06-04,0.4018106460571289
2007-06-05,0.39089182019233704
2007-06-06,0.38652417063713074
2007-06-07,0.39089182019233704
2007-06-08,0.3756054639816284
2007-06-12,0.39401012659072876
2007-06-13,0.36905425786972046
2007-06-14,0.3712383210659027
2007-06-15,0.3668704628944397
2007-06-18,0.38473814725875854
2007-06-19,0.3494006395339966
2007-06-20,0.35376816987991333
2007-06-21,0.35158422589302063
2007-06-22,0.35376816987991333
2007-06-25,0.37547001242637634
2007-06-26,0.35376816987991333
2007-06-27,0.38434067368507385
2007-06-28,0.4171888828277588
2007-06-29,0.4032827615737915
2007-07-02,0.39525943994522095
2007-07-03,0.3930753767490387
2007-07-04,0.4018106460571289
2007-07-05,0.4255588948726654
2007-07-06,0.3909403085708618
2007-07-09,0.3984583616256714
2007-07-10,0.39595237374305725
2007-07-11,0.3784099817276001
2007-07-12,0.36337393522262573
2007-07-13,0.37089207768440247
2007-07-16,0.3859279453754425
2007-07-17,0.3658798635005951
2007-07-18,0.35334962606430054
2007-07-19,0.35836178064346313
2007-07-20,0.3558560013771057
2007-07-23,0.36086827516555786
2007-07-24,0.35836178064346313
2007-07-25,0.35836178064346313
2007-07-26,0.35836178064346313
2007-07-27,0.35084378719329834
2007-07-30,0.3307957053184509
2007-07-31,0.3483380377292633
2007-08-01,0.35334962606430054
2007-08-02,0.3408200144767761
2007-08-03,0.34583157300949097
2007-08-06,0.32578346133232117
2007-08-07,0.32578346133232117
2007-08-08,0.32578346133232117
2007-08-09,0.32327768206596375
2007-08-10,0.35906359553337097
2007-08-13,0.3307957053184509
2007-08-14,0.3132532835006714
2007-08-15,0.29821720719337463
2007-08-16,0.2932049334049225
2007-08-17,0.28067484498023987
2007-08-20,0.2756631374359131
2007-08-21,0.28568708896636963
2007-08-22,0.28725096583366394
2007-08-23,0.3032093942165375
2007-08-24,0.2756631374359131
2007-08-27,0.2606266736984253
2007-08-28,0.2581208348274231
2007-08-29,0.2606567442417145
2007-08-30,0.24559062719345093
2007-08-31,0.24057845771312714
2007-09-03,0.2556150555610657
2007-09-04,0.2631329894065857
2007-09-05,0.26814472675323486
2007-09-06,0.2631329894065857
2007-09-07,0.28318119049072266
2007-09-10,0.28991222381591797
2007-09-11,0.2631329894065857
2007-09-12,0.2631329894065857
2007-09-13,0.2819330096244812
2007-09-14,0.2756631374359131
2007-09-17,0.26814472675323486
2007-09-18,0.2631329894065857
2007-09-19,0.24203714728355408
2007-09-20,0.23139671981334686
2007-09-21,0.23055456578731537
2007-09-24,0.22303655743598938
2007-09-25,0.23139671981334686
2007-09-26,0.23937596380710602
2007-09-27,0.21802446246147156
2007-09-28,0.22303655743598938
2007-10-01,0.22303655743598938
2007-10-02,0.21551808714866638
2007-10-03,0.22053024172782898
2007-10-04,0.23306038975715637
2007-10-05,0.23684297502040863
2007-10-08,0.23426824808120728
2007-10-09,0.2394171804189682
2007-10-10,0.2574380040168762
2007-10-11,0.2759629487991333
2007-10-12,0.2622986137866974
2007-10-15,0.2419913113117218
2007-10-16,0.23684297502040863
2007-10-17,0.23426824808120728
2007-10-18,0.2431705743074417
2007-10-19,0.22397105395793915
2007-10-22,0.2188221514225006
2007-10-23,0.2188221514225006
2007-10-24,0.21367321908473969
2007-10-25,0.2110990583896637
2007-10-26,0.20595018565654755
2007-10-29,0.2213962972164154
2007-10-30,0.21624799072742462
2007-10-31,0.2188221514225006
2007-11-01,0.2188221514225006
2007-11-02,0.2188221514225006
2007-11-05,0.21367321908473969
2007-11-06,0.2188221514225006
2007-11-07,0.2188221514225006
2007-11-08,0.2110990583896637
2007-11-09,0.21367321908473969
2007-11-12,0.21585147082805634
2007-11-13,0.20595018565654755
2007-11-14,0.20595018565654755
2007-11-15,0.2085249274969101
2007-11-16,0.2085249274969101
2007-11-19,0.20595018565654755
2007-11-20,0.2008013129234314
2007-11-21,0.19822710752487183
2007-11-22,0.18792930245399475
2007-11-23,0.18535515666007996
2007-11-26,0.19945783913135529
2007-11-27,0.18792930245399475
2007-11-28,0.18792930245399475
2007-11-29,0.2008013129234314
2007-11-30,0.19565297663211823
2007-12-03,0.20218650996685028
2007-12-04,0.19822710752487183
2007-12-05,0.19822710752487183
2007-12-06,0.2213962972164154
2007-12-07,0.2188221514225006
2007-12-10,0.22397105395793915
2007-12-11,0.2213962972164154
2007-12-12,0.2213962972164154
2007-12-13,0.2213962972164154
2007-12-14,0.23169411718845367
2007-12-17,0.2188221514225006
2007-12-18,0.22404822707176208
2007-12-19,0.2110990583896637
2007-12-20,0.2008013129234314
2007-12-21,0.19565297663211823
2007-12-24,0.21858012676239014
2007-12-27,0.2213962972164154
2007-12-28,0.2085249274969101
2007-12-31,0.21585147082805634
2008-01-02,0.20337608456611633
2008-01-03,0.20595018565654755
2008-01-04,0.19822710752487183
2008-01-07,0.19822710752487183
2008-01-08,0.2008013129234314
2008-01-09,0.19565297663211823
2008-01-10,0.19565297663211823
2008-01-11,0.19822710752487183
2008-01-14,0.1905040293931961
2008-01-15,0.18278102576732635
2008-01-16,0.1930782049894333
2008-01-17,0.19565297663211823
2008-01-18,0.1905040293931961
2008-01-21,0.18535515666007996
2008-01-22,0.16990908980369568
2008-01-23,0.17763209342956543
2008-01-24,0.18020623922348022
2008-01-25,0.18020623922348022
2008-01-29,0.17763209342956543
2008-01-30,0.18020623922348022
2008-01-31,0.18020623922348022
2008-02-01,0.18020623922348022
2008-02-04,0.18278102576732635
2008-02-05,0.18020623922348022
2008-02-06,0.18020623922348022
2008-02-07,0.18020623922348022
2008-02-08,0.20595018565654755
2008-02-11,0.20595018565654755
2008-02-12,0.19565297663211823
2008-02-13,0.19565297663211823
2008-02-14,0.2008013129234314
2008-02-15,0.1905040293931961
2008-02-18,0.18792930245399475
2008-02-19,0.17763209342956543
2008-02-20,0.17505799233913422
2008-02-21,0.1724831759929657
2008-02-22,0.17505799233913422
2008-02-25,0.16733431816101074
2008-02-26,0.16218604147434235
2008-02-27,0.16990908980369568
2008-02-28,0.1724831759929657
2008-02-29,0.1570371389389038
2008-03-03,0.1493140608072281
2008-03-04,0.1493140608072281
2008-03-05,0.15188820660114288
2008-03-06,0.14416511356830597
2008-03-07,0.14673927426338196
2008-03-10,0.15188820660114288
2008-03-11,0.13901622593402863
2008-03-12,0.14673927426338196
2008-03-13,0.14416511356830597
2008-03-14,0.1287190020084381
2008-03-17,0.1448087990283966
2008-03-18,0.1287190020084381
2008-03-19,0.14159098267555237
2008-03-20,0.1448087990283966
2008-03-25,0.15847383439540863
2008-03-26,0.1570371389389038
2008-03-27,0.17763209342956543
2008-03-28,0.16990908980369568
2008-03-31,0.18535515666007996
2008-04-01,0.2008013129234314
2008-04-02,0.21624799072742462
2008-04-03,0.21624799072742462
2008-04-04,0.2085249274969101
2008-04-07,0.2110990583896637
2008-04-08,0.2213962972164154
2008-04-09,0.2419913113117218
2008-04-10,0.21367321908473969
2008-04-11,0.2333068996667862
2008-04-14,0.23039068281650543
2008-04-15,0.2216413915157318
2008-04-16,0.21289272606372833
2008-04-17,0.18956172466278076
2008-04-18,0.20122720301151276
2008-04-21,0.1924780011177063
2008-04-22,0.20122720301151276
2008-04-23,0.20997649431228638
2008-04-24,0.20997649431228638
2008-04-28,0.21289272606372833
2008-04-29,0.2158089280128479
2008-04-30,0.20122720301151276
2008-05-01,0.20705972611904144
2008-05-02,0.2041434645652771
2008-05-05,0.20997649431228638
2008-05-06,0.21289272606372833
2008-05-07,0.19539476931095123
2008-05-08,0.1866455227136612
2008-05-09,0.174980029463768
2008-05-12,0.174980029463768
2008-05-13,0.174980029463768
2008-05-14,0.17206378281116486
2008-05-15,0.16331453621387482
2008-05-16,0.16623134911060333
2008-05-19,0.16623134911060333
2008-05-20,0.15456584095954895
2008-05-21,0.16623134911060333
2008-05-22,0.16914761066436768
2008-05-23,0.174980029463768
2008-05-26,0.174980029463768
2008-05-27,0.174980029463768
2008-05-28,0.16623134911060333
2008-05-29,0.15748213231563568
2008-05-30,0.14581657946109772
2008-06-02,0.15456584095954895
2008-06-03,0.14873279631137848
2008-06-04,0.15748213231563568
2008-06-05,0.16623134911060333
2008-06-06,0.16914761066436768
2008-06-10,0.15164963901042938
2008-06-11,0.14581657946109772
2008-06-12,0.14581657946109772
2008-06-13,0.13706794381141663
2008-06-16,0.12540240585803986
2008-06-17,0.12540240585803986
2008-06-18,0.13123483955860138
2008-06-19,0.12540240585803986
2008-06-20,0.11665312200784683
2008-06-23,0.1108206957578659
2008-06-24,0.11373692005872726
2008-06-25,0.1108206957578659
2008-06-26,0.11665312200784683
2008-06-27,0.1108206957578659
2008-06-30,0.10498824715614319
2008-07-01,0.10498824715614319
2008-07-02,0.11665312200784683
2008-07-03,0.11373692005872726
2008-07-04,0.11665312200784683
2008-07-07,0.10790446400642395
2008-07-08,0.10790446400642395
2008-07-09,0.1108206957578659
2008-07-10,0.1108206957578659
2008-07-11,0.10790446400642395
2008-07-14,0.10207142680883408
2008-07-15,0.10790446400642395
2008-07-16,0.10207142680883408
2008-07-17,0.10207142680883408
2008-07-18,0.10207142680883408
2008-07-21,0.10207142680883408
2008-07-22,0.10207142680883408
2008-07-23,0.10207142680883408
2008-07-24,0.10498824715614319
2008-07-25,0.10498824715614319
2008-07-28,0.09915516525506973
2008-07-29,0.10207142680883408
2008-07-30,0.11665312200784683
2008-07-31,0.11665312200784683
2008-08-01,0.11665312200784683
2008-08-04,0.10790446400642395
2008-08-05,0.10790446400642395
2008-08-06,0.1108206957578659
2008-08-07,0.11373692005872726
2008-08-08,0.1108206957578659
2008-08-11,0.10790446400642395
2008-08-12,0.10790446400642395
2008-08-13,0.10207142680883408
2008-08-14,0.09915516525506973
2008-08-15,0.09623900055885315
2008-08-18,0.09915516525506973
2008-08-19,0.09623900055885315
2008-08-20,0.09623900055885315
2008-08-21,0.09623900055885315
2008-08-22,0.0933227613568306
2008-08-25,0.0933227613568306
2008-08-26,0.10207142680883408
2008-08-27,0.0933227613568306
2008-08-28,0.0933227613568306
2008-08-29,0.0933227613568306
2008-09-01,0.0933227613568306
2008-09-02,0.09623900055885315
2008-09-03,0.09915516525506973
2008-09-04,0.10207142680883408
2008-09-05,0.10207142680883408
2008-09-08,0.10207142680883408
2008-09-09,0.09623900055885315
2008-09-10,0.0933227613568306
2008-09-11,0.09623900055885315
2008-09-12,0.0933227613568306
2008-09-15,0.0933227613568306
2008-09-16,0.08748971670866013
2008-09-17,0.08748971670866013
2008-09-18,0.07582481950521469
2008-09-19,0.08165726810693741
2008-09-22,0.08748971670866013
2008-09-23,0.08165726810693741
2008-09-24,0.07874106615781784
2008-09-25,0.08165726810693741
2008-09-26,0.08748971670866013
2008-09-29,0.08457347750663757
2008-09-30,0.08165726810693741
2008-10-01,0.09040652960538864
2008-10-02,0.08457347750663757
2008-10-03,0.08457347750663757
2008-10-06,0.08165726810693741
2008-10-07,0.08165726810693741
2008-10-08,0.07290797680616379
2008-10-09,0.07582481950521469
2008-10-10,0.061243098229169846
2008-10-13,0.0641593337059021
2008-10-14,0.07582481950521469
2008-10-15,0.08165726810693741
2008-10-16,0.07290797680616379
2008-10-17,0.07582481950521469
2008-10-20,0.07582481950521469
2008-10-21,0.06999176740646362
2008-10-22,0.07290797680616379
2008-10-23,0.07582481950521469
2008-10-24,0.06999176740646362
2008-10-27,0.06999176740646362
2008-10-28,0.06707554310560226
2008-10-29,0.0641593337059021
2008-10-30,0.0641593337059021
2008-10-31,0.06707554310560226
2008-11-03,0.06707554310560226
2008-11-04,0.06707554310560226
2008-11-05,0.0641593337059021
2008-11-06,0.061243098229169846
2008-11-07,0.06707554310560226
2008-11-10,0.061243098229169846
2008-11-11,0.06999176740646362
2008-11-12,0.061243098229169846
2008-11-13,0.0641593337059021
2008-11-14,0.0641593337059021
2008-11-17,0.061243098229169846
2008-11-18,0.0641593337059021
2008-11-19,0.061243098229169846
2008-11-20,0.05832626670598984
2008-11-21,0.055410053580999374
2008-11-24,0.055410053580999374
2008-11-25,0.061243098229169846
2008-11-26,0.07290797680616379
2008-11-27,0.08165726810693741
2008-11-28,0.08165726810693741
2008-12-01,0.08165726810693741
2008-12-02,0.07582481950521469
2008-12-03,0.07582481950521469
2008-12-04,0.07582481950521469
2008-12-05,0.08165726810693741
2008-12-08,0.08165726810693741
2008-12-09,0.06999176740646362
2008-12-10,0.07290797680616379
2008-12-11,0.07582481950521469
2008-12-12,0.07582481950521469
2008-12-15,0.07874106615781784
2008-12-16,0.07874106615781784
2008-12-17,0.07582481950521469
2008-12-18,0.08165726810693741
2008-12-19,0.07874106615781784
2008-12-22,0.08457347750663757
2008-12-23,0.08165726810693741
2008-12-24,0.08165726810693741
2008-12-29,0.08457347750663757
2008-12-30,0.08457347750663757
2008-12-31,0.08457347750663757
2009-01-02,0.08748971670866013
2009-01-05,0.09040652960538864
2009-01-06,0.08748971670866013
2009-01-07,0.09623900055885315
2009-01-08,0.09623900055885315
2009-01-09,0.0933227613568306
2009-01-12,0.09040652960538864
2009-01-13,0.09623900055885315
2009-01-14,0.09040652960538864
2009-01-15,0.08748971670866013
2009-01-16,0.09040652960538864
2009-01-19,0.09915516525506973
2009-01-20,0.09915516525506973
2009-01-21,0.09915516525506973
2009-01-22,0.11665312200784683
2009-01-23,0.09915516525506973
2009-01-27,0.09915516525506973
2009-01-28,0.10498824715614319
2009-01-29,0.1108206957578659
2009-01-30,0.10790446400642395
2009-02-02,0.10498824715614319
2009-02-03,0.10498824715614319
2009-02-04,0.09915516525506973
2009-02-05,0.09915516525506973
2009-02-06,0.09915516525506973
2009-02-09,0.08748971670866013
2009-02-10,0.08748971670866013
2009-02-11,0.08457347750663757
2009-02-12,0.08748971670866013
2009-02-13,0.08748971670866013
2009-02-16,0.08165726810693741
2009-02-17,0.08748971670866013
2009-02-18,0.08457347750663757
2009-02-19,0.08457347750663757
2009-02-20,0.08457347750663757
2009-02-23,0.07582481950521469
2009-02-24,0.08165726810693741
2009-02-25,0.08165726810693741
2009-02-26,0.07582481950521469
2009-02-27,0.07582481950521469
2009-03-02,0.07874106615781784
2009-03-03,0.08165726810693741
2009-03-04,0.08165726810693741
2009-03-05,0.07874106615781784
2009-03-06,0.07582481950521469
2009-03-09,0.07290797680616379
2009-03-10,0.07290797680616379
2009-03-11,0.06999176740646362
2009-03-12,0.06999176740646362
2009-03-13,0.07874106615781784
2009-03-16,0.09040652960538864
2009-03-17,0.09040652960538864
2009-03-18,0.0933227613568306
2009-03-19,0.10207142680883408
2009-03-20,0.09623900055885315
2009-03-23,0.0933227613568306
2009-03-24,0.12540240585803986
2009-03-25,0.139984130859375
2009-03-26,0.13706794381141663
2009-03-27,0.139984130859375
2009-03-30,0.139984130859375
2009-03-31,0.139984130859375
2009-04-01,0.13415108621120453
2009-04-02,0.1283186674118042
2009-04-03,0.15748213231563568
2009-04-06,0.16331453621387482
2009-04-07,0.174980029463768
2009-04-08,0.16623134911060333
2009-04-09,0.174980029463768
2009-04-14,0.1924780011177063
2009-04-15,0.19831106066703796
2009-04-16,0.1866455227136612
2009-04-17,0.1924780011177063
2009-04-20,0.18061044812202454
2009-04-21,0.17459037899971008
2009-04-22,0.17459037899971008
2009-04-23,0.17459037899971008
2009-04-24,0.16856959462165833
2009-04-27,0.16254949569702148
2009-04-28,0.16254949569702148
2009-04-29,0.16254949569702148
2009-04-30,0.1535186469554901
2009-05-01,0.15953940153121948
2009-05-04,0.16856959462165833
2009-05-05,0.17459037899971008
2009-05-06,0.19566138088703156
2009-05-07,0.18061044812202454
2009-05-08,0.17459037899971008
2009-05-11,0.17760036885738373
2009-05-12,0.1866312026977539
2009-05-13,0.1866312026977539
2009-05-14,0.19265128672122955
2009-05-15,0.18362049758434296
2009-05-18,0.18362049758434296
2009-05-19,0.18362049758434296
2009-05-20,0.19265128672122955
2009-05-21,0.20770221948623657
2009-05-22,0.22877325117588043
2009-05-25,0.2438240945339203
2009-05-26,0.22877325117588043
2009-05-27,0.2257632166147232
2009-05-28,0.2257632166147232
2009-05-29,0.234794020652771
2009-06-01,0.22877325117588043
2009-06-02,0.2378040850162506
2009-06-03,0.234794020652771
2009-06-04,0.234794020652771
2009-06-05,0.22877325117588043
2009-06-09,0.22877325117588043
2009-06-10,0.2227531522512436
2009-06-11,0.21673299372196198
2009-06-12,0.21071231365203857
2009-06-15,0.20770221948623657
2009-06-16,0.20168210566043854
2009-06-17,0.20469221472740173
2009-06-18,0.21673299372196198
2009-06-19,0.21071231365203857
2009-06-22,0.20469221472740173
2009-06-23,0.19867146015167236
2009-06-24,0.19867146015167236
2009-06-25,0.20469221472740173
2009-06-26,0.21071231365203857
2009-06-29,0.2137223780155182
2009-06-30,0.21673299372196198
2009-07-01,0.21974311769008636
2009-07-02,0.2227531522512436
2009-07-03,0.21974311769008636
2009-07-06,0.22877325117588043
2009-07-07,0.2317838966846466
2009-07-08,0.2227531522512436
2009-07-09,0.22877325117588043
2009-07-10,0.234794020652771
2009-07-13,0.24081416428089142
2009-07-14,0.2438240945339203
2009-07-15,0.24984493851661682
2009-07-16,0.25586509704589844
2009-07-17,0.27091601490974426
2009-07-20,0.2739259898662567
2009-07-21,0.2739259898662567
2009-07-22,0.2889769673347473
2009-07-23,0.2980077862739563
2009-07-24,0.3010179102420807
2009-07-27,0.3010179102420807
2009-07-28,0.30703797936439514
2009-07-29,0.30402782559394836
2009-07-30,0.30402782559394836
2009-07-31,0.31606870889663696
2009-08-03,0.3431605398654938
2009-08-04,0.3582114279270172
2009-08-05,0.3582114279270172
2009-08-06,0.3642316162586212
2009-08-07,0.391323447227478
2009-08-10,0.40938442945480347
2009-08-11,0.43948623538017273
2009-08-12,0.4515269696712494
2009-08-13,0.469588041305542
2009-08-14,0.43948623538017273
2009-08-17,0.448516845703125
2009-08-18,0.4515269696712494
2009-08-19,0.4635677933692932
2009-08-20,0.478618860244751
2009-08-21,0.46657803654670715
2009-08-24,0.4936693012714386
2009-08-25,0.47259804606437683
2009-08-26,0.48162901401519775
2009-08-27,0.4936693012714386
2009-08-28,0.49968987703323364
2009-08-31,0.5087200999259949
2009-09-01,0.5147407650947571
2009-09-02,0.4936693012714386
2009-09-03,0.4936693012714386
2009-09-04,0.5147407650947571
2009-09-07,0.5328018069267273
2009-09-08,0.5418326258659363
2009-09-09,0.5267815589904785
2009-09-10,0.5087200999259949
2009-09-11,0.5057100057601929
2009-09-14,0.49968987703323364
2009-09-15,0.5026999115943909
2009-09-16,0.5147407650947571
2009-09-17,0.5117307901382446
2009-09-18,0.5297916531562805
2009-09-21,0.5508628487586975
2009-09-22,0.5930052399635315
2009-09-23,0.6833112239837646
2009-09-24,0.6742802858352661
2009-09-25,0.6953520178794861
2009-09-28,0.7495348453521729
2009-09-29,0.7525444626808167
2009-09-30,0.7525444626808167
2009-10-01,0.7525444626808167
2009-10-02,0.7374939918518066
2009-10-05,0.7254537343978882
2009-10-06,0.7344837784767151
2009-10-07,0.7224429845809937
2009-10-08,0.7284640669822693
2009-10-09,0.7465248107910156
2009-10-12,0.7344837784767151
2009-10-13,0.7465248107910156
2009-10-14,0.7706058621406555
2009-10-15,0.7647116780281067
2009-10-16,0.7829191088676453
2009-10-19,0.7647116780281067
2009-10-20,0.7768493294715881
2009-10-21,0.7707807421684265
2009-10-22,0.7798847556114197
2009-10-23,0.7798847556114197
2009-10-26,0.7889879941940308
2009-10-27,0.7768493294715881
2009-10-28,0.7768493294715881
2009-10-29,0.7829191088676453
2009-10-30,0.8193337917327881
2009-11-02,0.80112624168396
2009-11-03,0.7859534025192261
2009-11-04,0.7859534025192261
2009-11-05,0.7859534025192261
2009-11-06,0.7859534025192261
2009-11-09,0.7859534025192261
2009-11-10,0.7859534025192261
2009-11-11,0.7859534025192261
2009-11-12,0.9285784959793091
2009-11-13,1.0196155309677124
2009-11-16,1.0196155309677124
2009-11-17,1.0135467052459717
2009-11-18,0.989269495010376
2009-11-19,0.9528549909591675
2009-11-20,0.9498203992843628
2009-11-23,0.9558895826339722
2009-11-24,0.9619582295417786
2009-11-25,1.0196155309677124
2009-11-26,1.0408574342727661
2009-11-27,1.022650122642517
2009-11-30,1.0074771642684937
2009-12-01,0.992304265499115
2009-12-02,0.992304265499115
2009-12-03,1.0014079809188843
2009-12-04,0.989269495010376
2009-12-07,0.9589237570762634
2009-12-08,0.9710627198219299
2009-12-09,0.9680278301239014
2009-12-10,0.9649932980537415
2009-12-11,0.9953385591506958
2009-12-14,0.9953385591506958
2009-12-15,1.0135467052459717
2009-12-16,1.0014079809188843
2009-12-17,1.0044423341751099
2009-12-18,1.0560301542282104
2009-12-21,1.0469268560409546
2009-12-22,1.0378228425979614
2009-12-23,1.0347881317138672
2009-12-24,1.0317540168762207
2009-12-29,1.0165810585021973
2009-12-30,0.9983733892440796
2009-12-31,1.010511875152588
2010-01-04,1.0074771642684937
2010-01-05,1.0256843566894531
2010-01-06,1.0196155309677124
2010-01-07,1.0165810585021973
2010-01-08,1.0135467052459717
2010-01-11,1.0135467052459717
2010-01-12,0.992304265499115
2010-01-13,1.0014079809188843
2010-01-14,1.0196155309677124
2010-01-15,1.0317540168762207
2010-01-18,1.0378228425979614
2010-01-19,1.0681686401367188
2010-01-20,1.1227909326553345
2010-01-21,1.1106525659561157
2010-01-22,1.101548671722412
2010-01-25,1.0985143184661865
2010-01-27,1.1045836210250854
2010-01-28,1.0985143184661865
2010-01-29,1.0378228425979614
2010-02-01,1.0165810585021973
2010-02-02,1.0165810585021973
2010-02-03,1.0165810585021973
2010-02-04,0.9558895826339722
2010-02-05,0.9194749593734741
2010-02-08,0.8982324004173279
2010-02-09,0.883059561252594
2010-02-10,0.8739561438560486
2010-02-11,0.8982324004173279
2010-02-12,0.9285784959793091
2010-02-15,0.9407166838645935
2010-02-16,0.9407166838645935
2010-02-17,0.9285784959793091
2010-02-18,0.9407166838645935
2010-02-19,0.9589237570762634
2010-02-22,0.9680278301239014
2010-02-23,0.9589237570762634
2010-02-24,0.946785569190979
2010-02-25,0.9498203992843628
2010-02-26,0.9407166838645935
2010-03-01,0.9407166838645935
2010-03-02,0.9194749593734741
2010-03-03,0.916439950466156
2010-03-04,0.907336413860321
2010-03-05,0.9225090742111206
2010-03-08,0.9103708863258362
2010-03-09,0.9649932980537415
2010-03-10,1.0317540168762207
2010-03-11,1.062099575996399
2010-03-12,1.1804476976394653
2010-03-15,1.1470669507980347
2010-03-16,1.1409986019134521
2010-03-17,1.1834825277328491
2010-03-18,1.213828206062317
2010-03-19,1.3048646450042725
2010-03-22,1.2866579294204712
2010-03-23,1.3655563592910767
2010-03-24,1.3534184694290161
2010-03-25,1.3109346628189087
2010-03-26,1.3352102041244507
2010-03-29,1.3473495244979858
2010-03-30,1.371625542640686
2010-03-31,1.3837636709213257
2010-04-01,1.4687321186065674
2010-04-06,1.4990777969360352
2010-04-07,1.517284870147705
2010-04-08,1.486939549446106
2010-04-09,1.4687321186065674
2010-04-12,1.486939549446106
2010-04-13,1.462662935256958
2010-04-14,1.4444546699523926
2010-04-15,1.4080407619476318
2010-04-16,1.371625542640686
2010-04-19,1.3781033754348755
2010-04-20,1.3842283487319946
2010-04-21,1.402603030204773
2010-04-22,1.4332280158996582
2010-04-23,1.4087278842926025
2010-04-27,1.4271022081375122
2010-04-28,1.3719788789749146
2010-04-29,1.3781033754348755
2010-04-30,1.3719788789749146
2010-05-03,1.3719788789749146
2010-05-04,1.3658535480499268
2010-05-05,1.3903535604476929
2010-05-06,1.3842283487319946
2010-05-07,1.3168541193008423
2010-05-10,1.3413541316986084
2010-05-11,1.3719788789749146
2010-05-12,1.3842283487319946
2010-05-13,1.4148532152175903
2010-05-14,1.3719788789749146
2010-05-17,1.2617301940917969
2010-05-18,1.2249811887741089
2010-05-19,1.1514818668365479
2010-05-20,1.1821064949035645
2010-05-21,1.1331074237823486
2010-05-24,1.2096689939498901
2010-05-25,1.231105923652649
2010-05-26,1.3229795694351196
2010-05-27,1.2739802598953247
2010-05-28,1.267855167388916
2010-05-31,1.298479676246643
2010-06-01,1.2801049947738647
2010-06-02,1.292354941368103
2010-06-03,1.3474783897399902
2010-06-04,1.3597289323806763
2010-06-07,1.298479676246643
2010-06-08,1.3229795694351196
2010-06-09,1.3229795694351196
2010-06-10,1.2801049947738647
2010-06-11,1.3168541193008423
2010-06-15,1.3229795694351196
2010-06-16,1.3168541193008423
2010-06-17,1.3046050071716309
2010-06-18,1.3413541316986084
2010-06-21,1.2739802598953247
2010-06-22,1.298479676246643
2010-06-23,1.2556049823760986
2010-06-24,1.2617301940917969
2010-06-25,1.2494803667068481
2010-06-28,1.2494803667068481
2010-06-29,1.218855857849121
2010-06-30,1.1759815216064453
2010-07-01,1.111669898033142
2010-07-02,1.071858525276184
2010-07-05,1.0289838314056396
2010-07-06,1.071858525276184
2010-07-07,1.0657330751419067
2010-07-08,1.1024830341339111
2010-07-09,1.1177955865859985
2010-07-12,1.0963575839996338
2010-07-13,1.1024830341339111
2010-07-14,1.1024830341339111
2010-07-15,1.1024830341339111
2010-07-16,1.1086076498031616
2010-07-19,1.1086076498031616
2010-07-20,1.1208573579788208
2010-07-21,1.1147325038909912
2010-07-22,1.1269820928573608
2010-07-23,1.12391996383667
2010-07-26,1.1177955865859985
2010-07-27,1.0963575839996338
2010-07-28,1.0473582744598389
2010-07-29,1.0902328491210938
2010-07-30,1.1055450439453125
2010-08-02,1.1024830341339111
2010-08-03,1.0963575839996338
2010-08-04,1.111669898033142
2010-08-05,1.1086076498031616
2010-08-06,1.1147325038909912
2010-08-09,1.1086076498031616
2010-08-10,1.0994207859039307
2010-08-11,1.0534836053848267
2010-08-12,0.9738597869873047
2010-08-13,0.8881110548973083
2010-08-16,0.9340478181838989
2010-08-17,0.9401726126670837
2010-08-18,0.9340478181838989
2010-08-19,0.9616101980209351
2010-08-20,0.9371102452278137
2010-08-23,0.9983590245246887
2010-08-24,1.0289838314056396
2010-08-25,1.0289838314056396
2010-08-26,1.0351084470748901
2010-08-27,1.1024830341339111
2010-08-30,1.071858525276184
2010-08-31,1.071858525276184
2010-09-01,1.0902328491210938
2010-09-02,1.0810452699661255
2010-09-03,1.0963575839996338
2010-09-06,1.1177955865859985
2010-09-07,1.1545443534851074
2010-09-08,1.1331074237823486
2010-09-09,1.1392319202423096
2010-09-10,1.1208573579788208
2010-09-13,1.1453567743301392
2010-09-14,1.1514818668365479
2010-09-15,1.1422944068908691
2010-09-16,1.148419737815857
2010-09-17,1.1882312297821045
2010-09-20,1.1545443534851074
2010-09-21,1.0412338972091675
2010-09-22,0.9861093759536743
2010-09-23,0.967734694480896
2010-09-24,0.943235456943512
2010-09-27,0.9891722202301025
2010-09-28,0.9891722202301025
2010-09-29,0.9707968235015869
2010-09-30,0.9309853315353394
2010-10-01,0.9371102452278137
2010-10-04,0.9340478181838989
2010-10-05,0.9126107096672058
2010-10-06,0.9034231901168823
2010-10-07,0.8881110548973083
2010-10-08,0.8911733627319336
2010-10-11,0.8972984552383423
2010-10-12,0.8789234757423401
2010-10-13,0.8697361350059509
2010-10-14,0.8700944781303406
2010-10-15,0.8887389302253723
2010-10-18,0.9011691212654114
2010-10-19,0.9073838591575623
2010-10-20,0.8980617523193359
2010-10-21,0.919813871383667
2010-10-22,0.919813871383667
2010-10-25,0.919813871383667
2010-10-26,0.9260291457176208
2010-10-27,0.9260291457176208
2010-10-28,0.9322440028190613
2010-10-29,0.9695335030555725
2010-11-01,0.9912861585617065
2010-11-02,0.960211455821991
2010-11-03,0.9757490158081055
2010-11-04,0.9633188247680664
2010-11-05,0.9633188247680664
2010-11-08,0.981963574886322
2010-11-09,0.9695335030555725
2010-11-10,0.9571041464805603
2010-11-11,0.9633188247680664
2010-11-12,0.9571041464805603
2010-11-15,0.9508888125419617
2010-11-16,0.9633188247680664
2010-11-17,0.9446738958358765
2010-11-18,0.9695335030555725
2010-11-19,0.9415667653083801
2010-11-22,0.9291365146636963
2010-11-23,0.9135991334915161
2010-11-24,0.9260291457176208
2010-11-25,0.9167065024375916
2010-11-26,0.9073838591575623
2010-11-29,0.9260291457176208
2010-11-30,0.9260291457176208
2010-12-01,0.9135991334915161
2010-12-02,0.9322440028190613
2010-12-03,0.9415667653083801
2010-12-06,0.9415667653083801
2010-12-07,0.9539962410926819
2010-12-08,0.9446738958358765
2010-12-09,0.9633188247680664
2010-12-10,0.9850707054138184
2010-12-13,1.0037163496017456
2010-12-14,1.0347906351089478
2010-12-15,1.0565434694290161
2010-12-16,1.0751882791519165
2010-12-17,1.0751882791519165
2010-12-20,1.0503278970718384
2010-12-21,1.0285757780075073
2010-12-22,1.0254684686660767
2010-12-23,1.022361159324646
2010-12-24,1.0068235397338867
2010-12-29,1.0130382776260376
2010-12-30,1.0130382776260376
2010-12-31,1.0130382776260376
2011-01-04,1.0068235397338867
2011-01-05,0.9664261341094971
2011-01-06,0.9508888125419617
2011-01-07,0.9539962410926819
2011-01-10,0.9353511333465576
2011-01-11,0.9353511333465576
2011-01-12,0.960211455821991
2011-01-13,0.981963574886322
2011-01-14,0.9912861585617065
2011-01-17,0.9664261341094971
2011-01-18,0.9912861585617065
2011-01-19,0.9850707054138184
2011-01-20,0.9664261341094971
2011-01-21,0.9322440028190613
2011-01-24,0.9539962410926819
2011-01-25,0.9633188247680664
2011-01-27,0.9508888125419617
2011-01-28,0.9291365146636963
2011-01-31,0.9073838591575623
2011-02-01,0.9104917645454407
2011-02-02,0.919813871383667
2011-02-03,0.9073838591575623
2011-02-04,0.9135991334915161
2011-02-07,0.9104917645454407
2011-02-08,0.9104917645454407
2011-02-09,0.919813871383667
2011-02-10,0.9073838591575623
2011-02-11,0.8887389302253723
2011-02-14,0.8980617523193359
2011-02-15,0.8980617523193359
2011-02-16,0.9042764902114868
2011-02-17,0.9073838591575623
2011-02-18,0.9073838591575623
2011-02-21,0.8949542045593262
2011-02-22,0.8825241923332214
2011-02-23,0.8700944781303406
2011-02-24,0.8576642870903015
2011-02-25,0.8607721924781799
2011-02-28,0.8576642870903015
2011-03-01,0.8732014298439026
2011-03-02,0.8763095736503601
2011-03-03,0.8732014298439026
2011-03-04,0.8949542045593262
2011-03-07,0.8700944781303406
2011-03-08,0.8700944781303406
2011-03-09,0.866986870765686
2011-03-10,0.8638795018196106
2011-03-11,0.8390195369720459
2011-03-15,0.8141599297523499
2011-03-16,0.8048371076583862
2011-03-17,0.8048371076583862
2011-03-18,0.8048371076583862
2011-03-21,0.8452349901199341
2011-03-22,0.9167065024375916
2011-03-23,0.9384588003158569
2011-03-24,0.9571041464805603
2011-03-25,0.9943939447402954
2011-03-28,1.009930968284607
2011-03-29,1.0285757780075073
2011-03-30,1.009930968284607
2011-03-31,1.0378984212875366
2011-04-01,1.0720808506011963
2011-04-04,1.0814027786254883
2011-04-05,1.0689733028411865
2011-04-06,1.0565434694290161
2011-04-07,1.044113278388977
2011-04-08,1.0316832065582275
2011-04-11,1.0503278970718384
2011-04-12,1.0254684686660767
2011-04-13,1.0274522304534912
2011-04-14,1.0463625192642212
2011-04-15,1.0337556600570679
2011-04-18,1.0369077920913696
2011-04-19,1.0116941928863525
2011-04-20,1.0211493968963623
2011-04-21,1.0369077920913696
2011-04-27,1.0400594472885132
2011-04-28,1.0211493968963623
2011-04-29,1.0589696168899536
2011-05-02,1.0495142936706543
2011-05-03,1.052666187286377
2011-05-04,1.0936380624771118
2011-05-05,1.1314588785171509
2011-05-06,1.1220035552978516
2011-05-09,1.0936380624771118
2011-05-10,1.0589696168899536
2011-05-11,1.0841833353042603
2011-05-12,1.0715765953063965
2011-05-13,1.052666187286377
2011-05-16,1.0621209144592285
2011-05-17,1.0715765953063965
2011-05-18,1.0589696168899536
2011-05-19,1.0747277736663818
2011-05-20,1.0747277736663818
2011-05-23,1.068425178527832
2011-05-24,1.052666187286377
2011-05-25,1.0274522304534912
2011-05-26,1.0432111024856567
2011-05-27,1.055817723274231
2011-05-30,1.0432111024856567
2011-05-31,1.0778794288635254
2011-06-01,1.0841833353042603
2011-06-02,1.068425178527832
2011-06-03,1.0747277736663818
2011-06-06,1.0778794288635254
2011-06-07,1.081031084060669
2011-06-08,1.0747277736663818
2011-06-09,1.0715765953063965
2011-06-10,1.081031084060669
2011-06-14,1.0841833353042603
2011-06-15,1.0747277736663818
2011-06-16,1.0589696168899536
2011-06-17,1.0967894792556763
2011-06-20,1.0841833353042603
2011-06-21,1.0904865264892578
2011-06-22,1.0999417304992676
2011-06-23,1.0904865264892578
2011-06-24,1.0589696168899536
2011-06-27,1.0148454904556274
2011-06-28,1.005391001701355
2011-06-29,1.0148454904556274
2011-06-30,1.0621209144592285
2011-07-01,1.0463625192642212
2011-07-04,1.0369077920913696
2011-07-05,1.0306042432785034
2011-07-06,1.0274522304534912
2011-07-07,1.0243010520935059
2011-07-08,1.0211493968963623
2011-07-11,1.008542537689209
2011-07-12,0.9675702452659607
2011-07-13,0.961266815662384
2011-07-14,0.9455084800720215
2011-07-15,0.9455084800720215
2011-07-18,0.9202945232391357
2011-07-19,0.9329016208648682
2011-07-20,0.9455084800720215
2011-07-21,0.9675702452659607
2011-07-22,0.9927841424942017
2011-07-25,0.9707224369049072
2011-07-26,0.9801771640777588
2011-07-27,0.9707224369049072
2011-07-28,0.961266815662384
2011-07-29,0.961266815662384
2011-08-02,0.9707224369049072
2011-08-03,0.9707224369049072
2011-08-04,0.961266815662384
2011-08-05,0.9202945232391357
2011-08-08,0.8761712908744812
2011-08-09,0.8383507132530212
2011-08-10,0.8604127764701843
2011-08-11,0.8887782692909241
2011-08-12,0.8887782692909241
2011-08-15,0.9045361280441284
2011-08-16,0.907688319683075
2011-08-17,0.9202945232391357
2011-08-18,0.910839855670929
2011-08-19,0.9139916896820068
2011-08-22,0.9139916896820068
2011-08-23,0.910839855670929
2011-08-24,0.9139916896820068
2011-08-25,0.9202945232391357
2011-08-26,0.926598310470581
2011-08-29,0.9202945232391357
2011-08-30,0.910839855670929
2011-08-31,0.9455084800720215
2011-09-01,0.9423567652702332
2011-09-02,0.9297497868537903
2011-09-05,0.8919299840927124
2011-09-06,0.9139916896820068
2011-09-07,0.9139916896820068
2011-09-08,0.9234468340873718
2011-09-09,0.9423567652702332
2011-09-12,0.9202945232391357
2011-09-13,0.926598310470581
2011-09-14,0.926598310470581
2011-09-15,0.9360533356666565
2011-09-16,0.9423567652702332
2011-09-19,0.9297497868537903
2011-09-20,0.9234468340873718
2011-09-21,0.9202945232391357
2011-09-22,0.882474422454834
2011-09-23,0.8635644316673279
2011-09-26,0.8572615385055542
2011-09-27,0.8761712908744812
2011-09-28,0.8667159080505371
2011-09-29,0.8793226480484009
2011-09-30,0.8950815200805664
2011-10-04,0.8478057980537415
2011-10-05,0.8793226480484009
2011-10-06,0.8919299840927124
2011-10-07,0.882474422454834
2011-10-10,0.8793226480484009
2011-10-11,0.8919299840927124
2011-10-12,0.8843342065811157
2011-10-13,0.9035594463348389
2011-10-14,0.8939465284347534
2011-10-17,0.9003546237945557
2011-10-18,0.8811302781105042
2011-10-19,0.9035594463348389
2011-10-20,0.8875389695167542
2011-10-21,0.8683138489723206
2011-10-24,0.8971506357192993
2011-10-25,0.8939465284347534
2011-10-26,0.8843342065811157
2011-10-27,0.9099671840667725
2011-10-28,0.9355998039245605
2011-10-31,0.9195793867111206
2011-11-02,0.8971506357192993
2011-11-03,0.8811302781105042
2011-11-04,0.9099671840667725
2011-11-07,0.9131714105606079
2011-11-08,0.9099671840667725
2011-11-09,0.9131714105606079
2011-11-10,0.8971506357192993
2011-11-11,0.916375458240509
2011-11-14,0.916375458240509
2011-11-15,0.8939465284347534
2011-11-16,0.8907430171966553
2011-11-17,0.9099671840667725
2011-11-18,0.8907430171966553
2011-11-21,0.9131714105606079
2011-11-22,0.9099671840667725
2011-11-23,0.9003546237945557
2011-11-24,0.8907430171966553
2011-11-25,0.8907430171966553
2011-11-28,0.8939465284347534
2011-11-29,0.8939465284347534
2011-11-30,0.90676349401474
2011-12-01,0.9035594463348389
2011-12-02,0.9195793867111206
2011-12-05,0.9131714105606079
2011-12-06,0.9099671840667725
2011-12-07,0.9035594463348389
2011-12-08,0.9003546237945557
2011-12-09,0.8875389695167542
2011-12-12,0.90676349401474
2011-12-13,0.8843342065811157
2011-12-14,0.8715184330940247
2011-12-15,0.8587015867233276
2011-12-16,0.8907430171966553
2011-12-19,0.852293074131012
2011-12-20,0.8619053959846497
2011-12-21,0.8651098608970642
2011-12-22,0.8587015867233276
2011-12-23,0.8747223019599915
2011-12-28,0.8554977178573608
2011-12-29,0.8490891456604004
2011-12-30,0.852293074131012
2012-01-03,0.8587015867233276
2012-01-04,0.8715184330940247
2012-01-05,0.852293074131012
2012-01-06,0.8426809906959534
2012-01-09,0.8202517032623291
2012-01-10,0.8458847999572754
2012-01-11,0.8554977178573608
2012-01-12,0.8394772410392761
2012-01-13,0.852293074131012
2012-01-16,0.8330684900283813
2012-01-17,0.8651098608970642
2012-01-18,0.8490891456604004
2012-01-19,0.8875389695167542
2012-01-20,0.8907430171966553
2012-01-23,0.8811302781105042
2012-01-24,0.8939465284347534
2012-01-25,0.9035594463348389
2012-01-27,0.9099671840667725
2012-01-30,0.9291918873786926
2012-01-31,0.9612329006195068
2012-02-01,0.9740495085716248
2012-02-02,0.9676411747932434
2012-02-03,0.9612329006195068
2012-02-06,0.9612329006195068
2012-02-07,0.9516205191612244
2012-02-08,0.9548252820968628
2012-02-09,0.9323959946632385
2012-02-10,0.9484167098999023
2012-02-13,0.9548252820968628
2012-02-14,0.9548252820968628
2012-02-15,0.9548252820968628
2012-02-16,0.9388046860694885
2012-02-17,0.9612329006195068
2012-02-20,0.9644371867179871
2012-02-21,0.9612329006195068
2012-02-22,0.9548252820968628
2012-02-23,0.9708457589149475
2012-02-24,0.9740495085716248
2012-02-27,0.9804574847221375
2012-02-28,0.9996824264526367
2012-02-29,1.0092949867248535
2012-03-01,1.0124987363815308
2012-03-02,1.0124987363815308
2012-03-05,0.9996824264526367
2012-03-06,0.9996824264526367
2012-03-07,0.9772534966468811
2012-03-08,0.9996824264526367
2012-03-09,0.9996824264526367
2012-03-12,0.993273913860321
2012-03-13,0.9996824264526367
2012-03-14,1.0028867721557617
2012-03-15,1.0477442741394043
2012-03-16,1.0509480237960815
2012-03-19,1.0701733827590942
2012-03-20,1.1246427297592163
2012-03-21,1.1598877906799316
2012-03-22,1.1919291019439697
2012-03-23,1.1598877906799316
2012-03-26,1.1727046966552734
2012-03-27,1.169500470161438
2012-03-28,1.1598877906799316
2012-03-29,1.1662964820861816
2012-03-30,1.140663504600525
2012-04-02,1.1534802913665771
2012-04-03,1.179112434387207
2012-04-04,1.188725471496582
2012-04-05,1.169500470161438
2012-04-10,1.1566839218139648
2012-04-11,1.1555718183517456
2012-04-12,1.162082314491272
2012-04-13,1.1588270664215088
2012-04-16,1.1523174047470093
2012-04-17,1.1392964124679565
2012-04-18,1.1555718183517456
2012-04-19,1.1588270664215088
2012-04-20,1.1848684549331665
2012-04-23,1.1653369665145874
2012-04-24,1.1653369665145874
2012-04-26,1.1718477010726929
2012-04-27,1.1653369665145874
2012-04-30,1.1816127300262451
2012-05-01,1.2174192667007446
2012-05-02,1.2434604167938232
2012-05-03,1.2434604167938232
2012-05-04,1.2239298820495605
2012-05-07,1.2239298820495605
2012-05-08,1.2271848917007446
2012-05-09,1.2043993473052979
2012-05-10,1.2076542377471924
2012-05-11,1.1913785934448242
2012-05-14,1.1881237030029297
2012-05-15,1.1718477010726929
2012-05-16,1.1523174047470093
2012-05-17,1.1392964124679565
2012-05-18,1.1392964124679565
2012-05-21,1.1197658777236938
2012-05-22,1.1816127300262451
2012-05-23,1.1360416412353516
2012-05-24,1.1197658777236938
2012-05-25,1.126275658607483
2012-05-28,1.1392964124679565
2012-05-29,1.162082314491272
2012-05-30,1.1588270664215088
2012-05-31,1.1588270664215088
2012-06-01,1.1555718183517456
2012-06-04,1.1360416412353516
2012-06-05,1.1490614414215088
2012-06-06,1.1360416412353516
2012-06-07,1.1295307874679565
2012-06-08,1.1327857971191406
2012-06-12,1.123020887374878
2012-06-13,1.116510272026062
2012-06-14,1.1067452430725098
2012-06-15,1.1100000143051147
2012-06-18,1.1197658777236938
2012-06-19,1.1132551431655884
2012-06-20,1.1197658777236938
2012-06-21,1.1067452430725098
2012-06-22,1.0839588642120361
2012-06-25,1.1295307874679565
2012-06-26,1.1034903526306152
2012-06-27,1.1327857971191406
2012-06-28,1.1132551431655884
2012-06-29,1.1360416412353516
2012-07-02,1.1523174047470093
2012-07-03,1.1458067893981934
2012-07-04,1.1327857971191406
2012-07-05,1.1327857971191406
2012-07-06,1.1360416412353516
2012-07-09,1.1327857971191406
2012-07-10,1.116510272026062
2012-07-11,1.116510272026062
2012-07-12,1.1360416412353516
2012-07-13,1.1458067893981934
2012-07-16,1.1555718183517456
2012-07-17,1.1783579587936401
2012-07-18,1.1653369665145874
2012-07-19,1.1978884935379028
2012-07-20,1.2271848917007446
2012-07-23,1.220674991607666
2012-07-24,1.2174192667007446
2012-07-25,1.210909128189087
2012-07-26,1.1946336030960083
2012-07-27,1.2174192667007446
2012-07-30,1.2434604167938232
2012-07-31,1.25973641872406
2012-08-01,1.25973641872406
2012-08-02,1.269501805305481
2012-08-03,1.2760119438171387
2012-08-06,1.3020533323287964
2012-08-07,1.308563470840454
2012-08-08,1.2890329360961914
2012-08-09,1.282522201538086
2012-08-10,1.25973641872406
2012-08-13,1.2760119438171387
2012-08-14,1.2629913091659546
2012-08-15,1.269501805305481
2012-08-16,1.282522201538086
2012-08-17,1.3541351556777954
2012-08-20,1.3606452941894531
2012-08-21,1.3997068405151367
2012-08-22,1.380176067352295
2012-08-23,1.3671554327011108
2012-08-24,1.3541351556777954
2012-08-27,1.3606452941894531
2012-08-28,1.380176067352295
2012-08-29,1.3671554327011108
2012-08-30,1.3411146402359009
2012-08-31,1.3541351556777954
2012-09-03,1.3671554327011108
2012-09-04,1.3476248979568481
2012-09-05,1.3671554327011108
2012-09-06,1.4192382097244263
2012-09-07,1.3736661672592163
2012-09-10,1.3736661672592163
2012-09-11,1.3671554327011108
2012-09-12,1.3736661672592163
2012-09-13,1.3671554327011108
2012-09-14,1.3866868019104004
2012-09-17,1.3476248979568481
2012-09-18,1.3931968212127686
2012-09-19,1.3997068405151367
2012-09-20,1.425748348236084
2012-09-21,1.4582993984222412
2012-09-24,1.4452791213989258
2012-09-25,1.4452791213989258
2012-09-26,1.4387683868408203
2012-09-27,1.4387683868408203
2012-09-28,1.4452791213989258
2012-10-01,1.4387683868408203
2012-10-02,1.4582993984222412
2012-10-03,1.4452791213989258
2012-10-04,1.4582993984222412
2012-10-05,1.4843404293060303
2012-10-08,1.5364227294921875
2012-10-09,1.5234020948410034
2012-10-10,1.5288660526275635
2012-10-11,1.5618164539337158
2012-10-12,1.5618164539337158
2012-10-15,1.5684057474136353
2012-10-16,1.5618164539337158
2012-10-17,1.5618164539337158
2012-10-18,1.574995994567871
2012-10-19,1.574995994567871
2012-10-22,1.5618164539337158
2012-10-23,1.5684057474136353
2012-10-24,1.555226445198059
2012-10-25,1.5684057474136353
2012-10-26,1.555226445198059
2012-10-29,1.5486359596252441
2012-10-30,1.5618164539337158
2012-10-31,1.574995994567871
2012-11-01,1.555226445198059
2012-11-02,1.5486359596252441
2012-11-05,1.555226445198059
2012-11-06,1.555226445198059
2012-11-07,1.5618164539337158
2012-11-08,1.5684057474136353
2012-11-09,1.5486359596252441
2012-11-12,1.5486359596252441
2012-11-13,1.5354559421539307
2012-11-14,1.5288660526275635
2012-11-15,1.5420464277267456
2012-11-16,1.5288660526275635
2012-11-19,1.574995994567871
2012-11-20,1.5684057474136353
2012-11-21,1.574995994567871
2012-11-22,1.574995994567871
2012-11-23,1.5486359596252441
2012-11-26,1.555226445198059
2012-11-27,1.5420464277267456
2012-11-28,1.5354559421539307
2012-11-29,1.5090969800949097
2012-11-30,1.5288660526275635
2012-12-03,1.5486359596252441
2012-12-04,1.5354559421539307
2012-12-05,1.6145356893539429
2012-12-06,1.5947661399841309
2012-12-07,1.6079460382461548
2012-12-10,1.6013559103012085
2012-12-11,1.6079460382461548
2012-12-12,1.6145356893539429
2012-12-13,1.6474854946136475
2012-12-14,1.6738451719284058
2012-12-17,1.6474854946136475
2012-12-18,1.6606653928756714
2012-12-19,1.6804354190826416
2012-12-20,1.6738451719284058
2012-12-21,1.6408960819244385
2012-12-24,1.6343052387237549
2012-12-27,1.7002052068710327
2012-12-28,1.7265645265579224
2012-12-31,1.7067950963974
2013-01-02,1.7199746370315552
2013-01-03,1.7067950963974
2013-01-04,1.7067950963974
2013-01-07,1.6936148405075073
2013-01-08,1.6936148405075073
2013-01-09,1.739744782447815
2013-01-10,1.7067950963974
2013-01-11,1.733154535293579
2013-01-14,1.733154535293579
2013-01-15,1.7133845090866089
2013-01-16,1.733154535293579
2013-01-17,1.739744782447815
2013-01-18,1.7463345527648926
2013-01-21,1.792464017868042
2013-01-22,1.7792847156524658
2013-01-23,1.8188234567642212
2013-01-24,1.864953875541687
2013-01-25,1.8847236633300781
2013-01-29,1.8583637475967407
2013-01-30,1.8056434392929077
2013-01-31,1.7990537881851196
2013-02-01,1.8056434392929077
2013-02-04,1.733154535293579
2013-02-05,1.7265645265579224
2013-02-06,1.7990537881851196
2013-02-07,1.8056434392929077
2013-02-08,1.8056434392929077
2013-02-11,1.7529237270355225
2013-02-12,1.785874366760254
2013-02-13,1.7990537881851196
2013-02-14,1.792464017868042
2013-02-15,1.8056434392929077
2013-02-18,1.8320045471191406
2013-02-19,1.8254139423370361
2013-02-20,1.6540753841400146
2013-02-21,1.6870251893997192
2013-02-22,1.739744782447815
2013-02-25,1.7265645265579224
2013-02-26,1.7199746370315552
2013-02-27,1.6804354190826416
2013-02-28,1.7133845090866089
2013-03-01,1.6804354190826416
2013-03-04,1.6738451719284058
2013-03-05,1.6936148405075073
2013-03-06,1.7265645265579224
2013-03-07,1.6936148405075073
2013-03-08,1.7067950963974
2013-03-11,1.7133845090866089
2013-03-12,1.6738451719284058
2013-03-13,1.6804354190826416
2013-03-14,1.6936148405075073
2013-03-15,1.739744782447815
2013-03-18,1.7661044597625732
2013-03-19,1.8517736196517944
2013-03-20,1.9242628812789917
2013-03-21,2.0231118202209473
2013-03-22,2.0560619831085205
2013-03-25,2.075831651687622
2013-03-26,2.049471616744995
2013-03-27,2.0560619831085205
2013-03-28,2.075831651687622
2013-04-02,2.0890121459960938
2013-04-03,2.10219144821167
2013-04-04,2.075831651687622
2013-04-05,2.10219144821167
2013-04-08,2.0890121459960938
2013-04-09,2.1549112796783447
2013-04-10,2.1655776500701904
2013-04-11,2.1988940238952637
2013-04-12,2.2388744354248047
2013-04-15,2.218883991241455
2013-04-16,2.245537281036377
2013-04-17,2.345487594604492
2013-04-18,2.272191047668457
2013-04-19,2.2388744354248047
2013-04-22,2.3055076599121094
2013-04-23,2.2921812534332275
2013-04-24,2.3055076599121094
2013-04-26,2.3588144779205322
2013-04-29,2.365476608276367
2013-04-30,2.412120819091797
2013-05-01,2.432110548019409
2013-05-02,2.458763599395752
2013-05-03,2.5253963470458984
2013-05-06,2.5253963470458984
2013-05-07,2.472090244293213
2013-05-08,2.5253963470458984
2013-05-09,2.5253963470458984
2013-05-10,2.532060146331787
2013-05-13,2.532060146331787
2013-05-14,2.512070655822754
2013-05-15,2.512070655822754
2013-05-16,2.6120195388793945
2013-05-17,2.5787038803100586
2013-05-20,2.6120195388793945
2013-05-21,2.5986931324005127
2013-05-22,2.5653767585754395
2013-05-23,2.4254472255706787
2013-05-24,2.31217098236084
2013-05-27,2.3788042068481445
2013-05-28,2.3721401691436768
2013-05-29,2.3788042068481445
2013-05-30,2.2988440990448
2013-05-31,2.3055076599121094
2013-06-03,2.232210397720337
2013-06-04,2.1988940238952637
2013-06-05,2.1988940238952637
2013-06-06,2.1655776500701904
2013-06-07,2.1855673789978027
2013-06-11,2.2122206687927246
2013-06-12,2.2255473136901855
2013-06-13,2.1988940238952637
2013-06-14,2.2255473136901855
2013-06-17,2.218883991241455
2013-06-18,2.1988940238952637
2013-06-19,2.2588648796081543
2013-06-20,2.192230463027954
2013-06-21,2.2255473136901855
2013-06-24,2.2388744354248047
2013-06-25,2.1855673789978027
2013-06-26,2.2788541316986084
2013-06-27,2.365476608276367
2013-06-28,2.345487594604492
2013-07-01,2.3055076599121094
2013-07-02,2.3987934589385986
2013-07-03,2.432110548019409
2013-07-04,2.4854164123535156
2013-07-05,2.4654271602630615
2013-07-08,2.518733501434326
2013-07-09,2.512070655822754
2013-07-10,2.518733501434326
2013-07-11,2.4254472255706787
2013-07-12,2.4254472255706787
2013-07-15,2.4387736320495605
2013-07-16,2.365476608276367
2013-07-17,2.3388235569000244
2013-07-18,2.3588144779205322
2013-07-19,2.3521502017974854
2013-07-22,2.332160472869873
2013-07-23,2.325497627258301
2013-07-24,2.345487594604492
2013-07-25,2.365476608276367
2013-07-26,2.332160472869873
2013-07-29,2.412120819091797
2013-07-30,2.3987934589385986
2013-07-31,2.458763599395752
2013-08-01,2.44543719291687
2013-08-02,2.4654271602630615
2013-08-05,2.4654271602630615
2013-08-06,2.518733501434326
2013-08-07,2.472090244293213
2013-08-08,2.458763599395752
2013-08-09,2.458763599395752
2013-08-12,2.4787540435791016
2013-08-13,2.4654271602630615
2013-08-14,2.44543719291687
2013-08-15,2.4387736320495605
2013-08-16,2.4387736320495605
2013-08-19,2.432110548019409
2013-08-20,2.432110548019409
2013-08-21,2.4787540435791016
2013-08-22,2.458763599395752
2013-08-23,2.4787540435791016
2013-08-26,2.458763599395752
2013-08-27,2.4521000385284424
2013-08-28,2.3987934589385986
2013-08-29,2.365476608276367
2013-08-30,2.405456781387329
2013-09-02,2.432110548019409
2013-09-03,2.3987934589385986
2013-09-04,2.365476608276367
2013-09-05,2.3921306133270264
2013-09-06,2.4254472255706787
2013-09-09,2.405456781387329
2013-09-10,2.405456781387329
2013-09-11,2.3788042068481445
2013-09-12,2.3388235569000244
2013-09-13,2.3987934589385986
2013-09-16,2.4654271602630615
2013-09-17,2.8185830116271973
2013-09-18,2.9851653575897217
2013-09-19,2.998492479324341
2013-09-20,2.9518485069274902
2013-09-23,2.998492479324341
2013-09-24,2.9651761054992676
2013-09-25,2.8785531520843506
2013-09-26,2.8852155208587646
2013-09-27,2.9118685722351074
2013-09-30,2.891879081726074
2013-10-01,2.9052064418792725
2013-10-02,2.8985424041748047
2013-10-03,2.931858777999878
2013-10-04,2.9118685722351074
2013-10-07,2.871889591217041
2013-10-08,2.831909418106079
2013-10-09,2.819227933883667
2013-10-10,2.7990424633026123
2013-10-11,2.8663277626037598
2013-10-14,2.846141815185547
2013-10-15,2.906697988510132
2013-10-16,2.8595986366271973
2013-10-17,2.8663277626037598
2013-10-18,2.98071026802063
2013-10-21,2.9672539234161377
2013-10-22,2.9672539234161377
2013-10-23,2.98071026802063
2013-10-24,2.9941680431365967
2013-10-25,3.0143532752990723
2013-10-28,3.0547244548797607
2013-10-29,3.1085524559020996
2013-10-30,3.162379264831543
2013-10-31,3.135465383529663
2013-11-01,3.1287379264831543
2013-11-04,3.007624626159668
2013-11-05,3.0547244548797607
2013-11-06,3.0143532752990723
2013-11-07,3.000896453857422
2013-11-08,3.0547244548797607
2013-11-11,2.9941680431365967
2013-11-12,2.93361234664917
2013-11-13,2.886512517929077
2013-11-14,2.93361234664917
2013-11-15,2.9605252742767334
2013-11-18,2.8932409286499023
2013-11-19,2.852870225906372
2013-11-20,2.8259565830230713
2013-11-21,2.7384860515594482
2013-11-22,2.79231333732605
2013-11-25,2.846141815185547
2013-11-26,2.8663277626037598
2013-11-27,2.7721283435821533
2013-11-28,2.8394129276275635
2013-11-29,2.778857469558716
2013-12-02,2.819227933883667
2013-12-03,2.8595986366271973
2013-12-04,2.8730554580688477
2013-12-05,2.79231333732605
2013-12-06,2.7721283435821533
2013-12-09,3.148923397064209
2013-12-10,3.0547244548797607
2013-12-11,3.0816376209259033
2013-12-12,3.1691081523895264
2013-12-13,3.2027504444122314
2013-12-16,3.1758365631103516
2013-12-17,3.1758365631103516
2013-12-18,3.2162067890167236
2013-12-19,3.2633066177368164
2013-12-20,3.3373191356658936
2013-12-23,3.3709628582000732
2013-12-24,3.492075204849243
2013-12-27,3.4382472038269043
2013-12-30,3.539173126220703
2013-12-31,3.5795445442199707
2014-01-02,3.6333725452423096
2014-01-03,3.599729537963867
2014-01-06,3.6401004791259766
2014-01-07,3.700657606124878
2014-01-08,3.680471897125244
2014-01-09,3.606459140777588
2014-01-10,3.687199354171753
2014-01-13,3.687199354171753
2014-01-14,3.6131861209869385
2014-01-15,3.67374324798584
2014-01-16,3.7881274223327637
2014-01-17,3.7275707721710205
2014-01-20,3.700657606124878
2014-01-21,3.7881274223327637
2014-01-22,3.7948548793792725
2014-01-23,3.6939289569854736
2014-01-24,3.6670143604278564
2014-01-28,3.5795445442199707
2014-01-29,3.6401004791259766
2014-01-30,3.6333725452423096
2014-01-31,3.6333725452423096
2014-02-03,3.525717258453369
2014-02-04,3.3709628582000732
2014-02-05,3.3642337322235107
2014-02-06,3.377690553665161
2014-02-07,3.411332845687866
2014-02-10,3.458430767059326
2014-02-11,3.5189883708953857
2014-02-12,3.539173126220703
2014-02-13,3.566087484359741
2014-02-14,3.6401004791259766
2014-02-17,3.680471897125244
2014-02-18,3.680471897125244
2014-02-19,3.6468300819396973
2014-02-20,3.700657606124878
2014-02-21,3.6939289569854736
2014-02-24,3.7208428382873535
2014-02-25,3.7141144275665283
2014-02-26,3.8621394634246826
2014-02-27,3.7948548793792725
2014-02-28,3.774670124053955
2014-03-03,3.801584243774414
2014-03-04,3.747756004333496
2014-03-05,3.821770429611206
2014-03-06,3.7881274223327637
2014-03-07,3.7813985347747803
2014-03-10,3.83522629737854
2014-03-11,3.774670124053955
2014-03-12,3.7073848247528076
2014-03-13,3.7881274223327637
2014-03-14,3.741028070449829
2014-03-17,3.7141144275665283
2014-03-18,3.7948548793792725
2014-03-19,3.754484176635742
2014-03-20,3.7881274223327637
2014-03-21,3.7342982292175293
2014-03-24,3.875596284866333
2014-03-25,4.158194065093994
2014-03-26,4.144736289978027
2014-03-27,4.2523908615112305
2014-03-28,4.501345634460449
2014-03-31,4.474430084228516
2014-04-01,4.319676399230957
2014-04-02,4.427331447601318
2014-04-03,4.541717529296875
2014-04-04,4.534986972808838
2014-04-07,4.306219100952148
2014-04-08,4.070722579956055
2014-04-09,4.047870635986328
2014-04-10,4.25806188583374
2014-04-11,4.142795562744141
2014-04-14,4.0139689445495605
2014-04-15,3.878361463546753
2014-04-16,4.020750045776367
2014-04-17,4.0139689445495605
2014-04-22,4.054651260375977
2014-04-23,4.156357288360596
2014-04-24,4.047870635986328
2014-04-28,3.986847162246704
2014-04-29,3.9461653232574463
2014-04-30,4.027529716491699
2014-05-01,3.9393844604492188
2014-05-02,4.020750045776367
2014-05-05,4.00040864944458
2014-05-06,4.041090488433838
2014-05-07,4.007187843322754
2014-05-08,4.00040864944458
2014-05-09,4.00040864944458
2014-05-12,4.081771373748779
2014-05-13,4.176697731018066
2014-05-14,4.176697731018066
2014-05-15,4.1631364822387695
2014-05-16,4.122453689575195
2014-05-19,3.9665064811706543
2014-05-20,4.00040864944458
2014-05-21,4.06143045425415
2014-05-22,4.108893871307373
2014-05-23,4.1156744956970215
2014-05-26,4.102112770080566
2014-05-27,4.108893871307373
2014-05-28,4.122453689575195
2014-05-29,4.081771373748779
2014-05-30,4.034309387207031
2014-06-02,4.020750045776367
2014-06-03,4.020750045776367
2014-06-04,3.9665064811706543
2014-06-05,4.027529716491699
2014-06-06,3.9597251415252686
2014-06-10,3.9936273097991943
2014-06-11,3.986847162246704
2014-06-12,3.8580210208892822
2014-06-13,3.7766568660736084
2014-06-16,3.837679386138916
2014-06-17,3.7766568660736084
2014-06-18,3.8580210208892822
2014-06-19,3.885141134262085
2014-06-20,3.817338466644287
2014-06-23,3.8444600105285645
2014-06-24,3.8308990001678467
2014-06-25,3.8919222354888916
2014-06-26,3.837679386138916
2014-06-27,3.790217399597168
2014-06-30,3.735973596572876
2014-07-01,3.668170213699341
2014-07-02,3.627488851547241
2014-07-03,3.763094663619995
2014-07-04,3.769876718521118
2014-07-07,3.7766568660736084
2014-07-08,3.756315231323242
2014-07-09,3.769876718521118
2014-07-10,3.7020726203918457
2014-07-11,3.735973596572876
2014-07-14,3.7834360599517822
2014-07-15,3.796997547149658
2014-07-16,3.763094663619995
2014-07-17,3.817338466644287
2014-07-18,3.729194402694702
2014-07-21,3.6546099185943604
2014-07-22,3.5935869216918945
2014-07-23,3.668170213699341
2014-07-24,3.6952922344207764
2014-07-25,3.729194402694702
2014-07-28,3.74953556060791
2014-07-29,3.763094663619995
2014-07-30,3.722414016723633
2014-07-31,3.7427546977996826
2014-08-01,3.6817312240600586
2014-08-04,3.668170213699341
2014-08-05,3.6546099185943604
2014-08-06,3.7020726203918457
2014-08-07,3.708852767944336
2014-08-08,3.627488851547241
2014-08-11,3.627488851547241
2014-08-12,3.756315231323242
2014-08-13,3.6749517917633057
2014-08-14,3.8241183757781982
2014-08-15,3.837679386138916
2014-08-18,3.885141134262085
2014-08-19,3.932605266571045
2014-08-20,4.068211555480957
2014-08-21,4.156357288360596
2014-08-22,4.095333576202393
2014-08-25,4.054651260375977
2014-08-26,4.081771373748779
2014-08-27,4.12923526763916
2014-08-28,4.108893871307373
2014-08-29,4.088552951812744
2014-09-01,4.0749921798706055
2014-09-02,4.095333576202393
2014-09-03,4.149575710296631
2014-09-04,4.16991662979126
2014-09-05,4.149575710296631
2014-09-08,4.183476448059082
2014-09-09,4.25806188583374
2014-09-10,4.230939865112305
2014-09-11,4.312305450439453
2014-09-12,4.30552339553833
2014-09-15,4.176697731018066
2014-09-16,4.1156744956970215
2014-09-17,4.2784037590026855
2014-09-18,4.400449275970459
2014-09-19,4.603858947753906
2014-09-22,4.475033283233643
2014-09-23,4.746247291564941
2014-09-24,4.786929607391357
2014-09-25,4.936097145080566
2014-09-26,4.875073432922363
2014-09-29,4.746247291564941
2014-09-30,4.63776159286499
2014-10-01,4.732686996459961
2014-10-02,4.732686996459961
2014-10-03,4.739467144012451
2014-10-06,4.800490379333496
2014-10-07,4.6852240562438965
2014-10-08,4.57673978805542
2014-10-09,4.549616813659668
2014-10-10,4.576164245605469
2014-10-13,4.576164245605469
2014-10-14,4.678616046905518
2014-10-15,4.6649556159973145
2014-10-16,4.7605767250061035
2014-10-17,4.781067371368408
2014-10-20,4.842537879943848
2014-10-21,4.808387756347656
2014-10-22,4.8766889572143555
2014-10-23,4.849368572235107
2014-10-24,4.91766881942749
2014-10-27,4.8766889572143555
2014-10-28,4.965480804443359
2014-10-29,4.89717960357666
2014-10-30,4.89717960357666
2014-10-31,4.958650588989258
2014-11-03,5.061101913452148
2014-11-04,5.074760913848877
2014-11-05,5.040611743927002
2014-11-06,5.054271221160889
2014-11-07,4.999629497528076
2014-11-10,4.9723100662231445
2014-11-11,5.0884222984313965
2014-11-12,5.1157426834106445
2014-11-13,5.184042930603027
2014-11-14,5.279664039611816
2014-11-17,5.2660040855407715
2014-11-18,5.25917387008667
2014-11-19,5.225024223327637
2014-11-20,5.279664039611816
2014-11-21,5.184042930603027
2014-11-24,5.190873146057129
2014-11-25,5.1157426834106445
2014-11-26,5.136232852935791
2014-11-27,5.095251560211182
2014-11-28,5.061101913452148
2014-12-01,5.013290882110596
2014-12-02,4.999629497528076
2014-12-03,5.129403114318848
2014-12-04,5.102083206176758
2014-12-05,4.91766881942749
2014-12-08,4.985970497131348
2014-12-09,4.863028049468994
2014-12-10,4.589825630187988
2014-12-11,4.596654891967773
2014-12-12,4.542013645172119
2014-12-15,4.3985819816589355
2014-12-16,4.2961297035217285
2014-12-17,4.3302812576293945
2014-12-18,4.384921550750732
2014-12-19,4.548843860626221
2014-12-22,4.746917247772217
2014-12-23,4.774237632751465
2014-12-24,4.644465446472168
2014-12-29,4.705935478210449
2014-12-30,4.610316276550293
2014-12-31,4.610316276550293
2015-01-02,4.644465446472168
2015-01-05,4.569334030151367
2015-01-06,4.405411243438721
2015-01-07,4.384921550750732
2015-01-08,4.432732582092285
2015-01-09,4.535184383392334
2015-01-12,4.4395623207092285
2015-01-13,4.432732582092285
2015-01-14,4.3985819816589355
2015-01-15,4.3371100425720215
2015-01-16,4.3302812576293945
2015-01-19,4.3371100425720215
2015-01-20,4.412242412567139
2015-01-21,4.405411243438721
2015-01-22,4.487374305725098
2015-01-23,4.548843860626221
2015-01-27,4.685445785522461
2015-01-28,4.576164245605469
2015-01-29,4.569334030151367
2015-01-30,4.576164245605469
2015-02-02,4.733256816864014
2015-02-03,4.781067371368408
2015-02-04,4.842537879943848
2015-02-05,4.992799758911133
2015-02-06,4.9723100662231445
2015-02-09,4.985970497131348
2015-02-10,4.9518208503723145
2015-02-11,4.9518208503723145
2015-02-12,4.979139804840088
2015-02-13,4.985970497131348
2015-02-16,5.033780097961426
2015-02-17,4.979139804840088
2015-02-18,5.074760913848877
2015-02-19,4.9518208503723145
2015-02-20,4.999629497528076
2015-02-23,5.081592559814453
2015-02-24,5.020121097564697
2015-02-25,5.122572898864746
2015-02-26,5.204533576965332
2015-02-27,5.204533576965332
2015-03-02,5.327475070953369
2015-03-03,5.334305763244629
2015-03-04,5.272834300994873
2015-03-05,5.163552284240723
2015-03-06,5.149893283843994
2015-03-09,5.0884222984313965
2015-03-10,5.129403114318848
2015-03-11,5.102083206176758
2015-03-12,5.286495208740234
2015-03-13,6.222219467163086
2015-03-16,6.051464557647705
2015-03-17,6.085616588592529
2015-03-18,5.914862632751465
2015-03-19,6.037803649902344
2015-03-20,6.01048469543457
2015-03-23,6.030973434448242
2015-03-24,6.242707252502441
2015-03-25,6.256368160247803
2015-03-26,6.133426189422607
2015-03-27,6.194896221160889
2015-03-30,6.215387344360352
2015-03-31,6.263197422027588
2015-04-01,6.392971038818359
2015-04-02,6.447610378265381
2015-04-07,6.563722133636475
2015-04-08,6.39979887008667
2015-04-09,6.454440593719482
2015-04-10,6.472706317901611
2015-04-13,6.562034606933594
2015-04-14,6.5482916831970215
2015-04-15,6.4108662605285645
2015-04-16,6.479577541351318
2015-04-17,6.445223331451416
2015-04-20,6.3696393966674805
2015-04-21,6.5208048820495605
2015-04-22,6.424609184265137
2015-04-23,6.534548759460449
2015-04-24,6.5963897705078125
2015-04-27,6.190986633300781
2015-04-28,6.30092716217041
2015-04-29,6.190986633300781
2015-04-30,6.142888069152832
2015-05-01,6.115403175354004
2015-05-04,6.142888069152832
2015-05-05,6.039820194244385
2015-05-06,6.2940545082092285
2015-05-07,6.177244186401367
2015-05-08,6.225343704223633
2015-05-11,6.184117317199707
2015-05-12,6.177244186401367
2015-05-13,6.184117317199707
2015-05-14,6.184117317199707
2015-05-15,6.184117317199707
2015-05-18,6.053563117980957
2015-05-19,6.046689510345459
2015-05-20,6.122275352478027
2015-05-21,6.2940545082092285
2015-05-22,6.252827167510986
2015-05-25,6.245956897735596
2015-05-26,6.245956897735596
2015-05-27,6.122275352478027
2015-05-28,6.136014938354492
2015-05-29,6.211600303649902
2015-06-01,6.211600303649902
2015-06-02,6.122275352478027
2015-06-03,6.046689510345459
2015-06-04,5.929880619049072
2015-06-05,5.943623065948486
2015-06-09,5.923008441925049
2015-06-10,5.874909400939941
2015-06-11,5.964234352111816
2015-06-12,5.9367523193359375
2015-06-15,5.909266471862793
2015-06-16,5.895524024963379
2015-06-17,5.964234352111816
2015-06-18,5.895524024963379
2015-06-19,5.998592853546143
2015-06-22,6.218472003936768
2015-06-23,6.43148136138916
2015-06-24,6.438351154327393
2015-06-25,6.342153072357178
2015-06-26,6.287186622619629
2015-06-29,6.129145622253418
2015-06-30,6.163501739501953
2015-07-01,6.190986633300781
2015-07-02,6.2940545082092285
2015-07-03,6.232213020324707
2015-07-06,6.094789505004883
2015-07-07,6.252827167510986
2015-07-08,6.122275352478027
2015-07-09,6.101662635803223
2015-07-10,6.081048011779785
2015-07-13,6.094789505004883
2015-07-14,6.314668655395508
2015-07-15,6.252827167510986
2015-07-16,6.314668655395508
2015-07-17,6.342153072357178
2015-07-20,6.321539878845215
2015-07-21,6.3696393966674805
2015-07-22,6.225343704223633
2015-07-23,6.328413486480713
2015-07-24,6.280313968658447
2015-07-27,6.335282802581787
2015-07-28,6.355896472930908
2015-07-29,6.445223331451416
2015-07-30,6.486449718475342
2015-07-31,6.534548759460449
2015-08-03,6.500191688537598
2015-08-04,6.472706317901611
2015-08-05,6.458965301513672
2015-08-06,6.445223331451416
2015-08-07,6.259698867797852
2015-08-10,6.397122383117676
2015-08-11,6.3696393966674805
2015-08-12,6.232213020324707
2015-08-13,6.190986633300781
2015-08-14,6.239086627960205
2015-08-17,6.3696393966674805
2015-08-18,6.30092716217041
2015-08-19,6.2940545082092285
2015-08-20,6.458965301513672
2015-08-21,6.321539878845215
2015-08-24,6.225343704223633
2015-08-25,6.245956897735596
2015-08-26,6.280313968658447
2015-08-27,6.4108662605285645
2015-08-28,6.445223331451416
2015-08-31,6.452095985412598
2015-09-01,6.259698867797852
2015-09-02,6.136014938354492
2015-09-03,5.977978706359863
2015-09-04,6.012335777282715
2015-09-07,6.307798385620117
2015-09-08,6.500191688537598
2015-09-09,6.836884498596191
2015-09-10,6.493321418762207
2015-09-11,6.493321418762207
2015-09-14,6.500191688537598
2015-09-15,6.452095985412598
2015-09-16,6.665102481842041
2015-09-17,6.864368915557861
2015-09-18,6.994921684265137
2015-09-21,7.201059818267822
2015-09-22,6.871240139007568
2015-09-23,7.201059818267822
2015-09-24,7.42780876159668
2015-09-25,7.345356464385986
2015-09-28,7.372840881347656
2015-09-29,6.967438697814941
2015-09-30,7.462167263031006
2015-10-01,7.496522426605225
2015-10-02,7.331613063812256
2015-10-05,7.420938491821289
2015-10-06,7.331613063812256
2015-10-07,7.372840881347656
2015-10-08,7.359097003936768
2015-10-09,7.457048416137695
2015-10-12,7.512335777282715
2015-10-13,7.374114513397217
2015-10-14,7.353381156921387
2015-10-15,7.3948469161987305
2015-10-16,7.463958263397217
2015-10-19,7.415581226348877
2015-10-20,7.360293865203857
2015-10-21,7.263537406921387
2015-10-22,7.242804527282715
2015-10-23,7.3257365226745605
2015-10-26,7.457048416137695
2015-10-27,7.560712814331055
2015-10-28,7.6782026290893555
2015-10-29,7.498513221740723
2015-10-30,7.6436448097229
2015-11-02,7.616000652313232
2015-11-03,7.692024230957031
2015-11-04,7.609090805053711
2015-11-05,7.546891689300537
2015-11-06,7.636736869812012
2015-11-09,7.567623615264893
2015-11-10,7.477780818939209
2015-11-11,7.477780818939209
2015-11-12,7.1875152587890625
2015-11-13,7.104582786560059
2015-11-16,7.056206226348877
2015-11-17,7.235893249511719
2015-11-18,7.063116073608398
2015-11-19,7.1875152587890625
2015-11-20,7.118403911590576
2015-11-23,7.1875152587890625
2015-11-24,7.263537406921387
2015-11-25,7.1875152587890625
2015-11-26,7.1875152587890625
2015-11-27,7.173695087432861
2015-11-30,7.139139652252197
2015-12-01,7.291181564331055
2015-12-02,7.353381156921387
2015-12-03,7.4294047355651855
2015-12-04,7.339560031890869
2015-12-07,7.215160369873047
2015-12-08,7.104582786560059
2015-12-09,7.007828235626221
2015-12-10,6.8903398513793945
2015-12-11,6.84887170791626
2015-12-14,6.696828842163086
2015-12-15,6.752119064331055
2015-12-16,6.855783462524414
2015-12-17,6.95944881439209
2015-12-18,7.035472393035889
2015-12-21,6.855783462524414
2015-12-22,6.855783462524414
2015-12-23,6.883428573608398
2015-12-24,6.752119064331055
2015-12-28,6.752119064331055
2015-12-29,6.8903398513793945
2015-12-30,6.869606018066406
2015-12-31,6.835050106048584
2016-01-04,6.7797627449035645
2016-01-05,6.648451328277588
2016-01-06,6.517140865325928
2016-01-07,6.406565189361572
2016-01-08,6.406565189361572
2016-01-11,6.2890753746032715
2016-01-12,6.46185302734375
2016-01-13,6.620806694030762
2016-01-14,6.53096342086792
2016-01-15,6.572430610656738
2016-01-18,6.5378737449646
2016-01-19,6.662273406982422
2016-01-20,6.669185638427734
2016-01-21,6.7797627449035645
2016-01-22,6.95944881439209
2016-01-25,6.924896240234375
2016-01-27,6.759028434753418
2016-01-28,6.828138828277588
2016-01-29,6.945627689361572
2016-02-01,7.000916004180908
2016-02-02,6.994006156921387
2016-02-03,6.98018217086792
2016-02-04,7.007828235626221
2016-02-05,7.014740467071533
2016-02-08,6.987094879150391
2016-02-09,6.924896240234375
2016-02-10,6.745206832885742
2016-02-11,6.897250175476074
2016-02-12,6.793583869934082
2016-02-15,6.807406425476074
2016-02-16,6.883428573608398
2016-02-17,6.828138828277588
2016-02-18,6.987094879150391
2016-02-19,6.98018217086792
2016-02-22,7.104582786560059
2016-02-23,7.014740467071533
2016-02-24,6.994006156921387
2016-02-25,6.98018217086792
2016-02-26,7.090761184692383
2016-02-29,7.256627559661865
2016-03-01,7.228980541229248
2016-03-02,7.33264684677124
2016-03-03,7.353381156921387
2016-03-04,7.222070693969727
2016-03-07,7.256627559661865
2016-03-08,7.0838494300842285
2016-03-09,7.2013373374938965
2016-03-10,7.242804527282715
2016-03-11,7.194426536560059
2016-03-14,7.111494064331055
2016-03-15,7.0216498374938965
2016-03-16,7.173695087432861
2016-03-17,7.249714374542236
2016-03-18,7.242804527282715
2016-03-21,7.152961254119873
2016-03-22,7.664379119873047
2016-03-23,7.7818684577941895
2016-03-24,7.913179397583008
2016-03-29,7.9339118003845215
2016-03-30,7.768047332763672
2016-03-31,7.837156772613525
2016-04-01,7.768047332763672
2016-04-04,7.844066143035889
2016-04-05,7.726580619812012
2016-04-06,7.80259895324707
2016-04-07,7.719668388366699
2016-04-08,7.740400314331055
2016-04-11,7.692024230957031
2016-04-12,7.692024230957031
2016-04-13,7.657468318939209
2016-04-14,7.560712814331055
2016-04-15,7.692024230957031
2016-04-18,7.575174808502197
2016-04-19,7.623865604400635
2016-04-20,7.568216323852539
2016-04-21,7.484744071960449
2016-04-22,7.401270389556885
2016-04-26,7.602997779846191
2016-04-27,7.5612616539001465
2016-04-28,7.512566089630127
2016-04-29,7.449962139129639
2016-05-02,7.707338333129883
2016-05-03,7.776897430419922
2016-05-04,7.756032466888428
2016-05-05,7.721250534057617
2016-05-06,7.783855438232422
2016-05-09,7.8186354637146
2016-05-10,7.936888694763184
2016-05-11,8.041231155395508
2016-05-12,8.082967758178711
2016-05-13,8.089921951293945
2016-05-16,8.076011657714844
2016-05-17,8.10383415222168
2016-05-18,8.10383415222168
2016-05-19,8.048185348510742
2016-05-20,8.19426441192627
2016-05-23,8.263824462890625
2016-05-24,8.3751220703125
2016-05-25,8.528156280517578
2016-05-26,8.42381477355957
2016-05-27,8.590761184692383
2016-05-30,8.521200180053711
2016-05-31,8.569890975952148
2016-06-01,8.493375778198242
2016-06-02,8.42381477355957
2016-06-03,8.528156280517578
2016-06-06,8.555980682373047
2016-06-07,8.41685962677002
2016-06-08,8.402947425842285
2016-06-09,8.32642936706543
2016-06-10,8.333385467529297
2016-06-14,8.263824462890625
2016-06-15,8.263824462890625
2016-06-16,8.229043006896973
2016-06-17,8.180351257324219
2016-06-20,8.10383415222168
2016-06-21,8.145570755004883
2016-06-22,8.159483909606934
2016-06-23,8.076011657714844
2016-06-24,7.929931163787842
2016-06-27,8.173397064208984
2016-06-28,8.02036190032959
2016-06-29,8.145570755004883
2016-06-30,8.277735710144043
2016-07-01,8.305561065673828
2016-07-04,8.32642936706543
2016-07-05,8.319473266601562
2016-07-06,8.242958068847656
2016-07-07,8.24991226196289
2016-07-08,8.242958068847656
2016-07-11,8.368165016174316
2016-07-12,8.312518119812012
2016-07-13,8.312518119812012
2016-07-14,8.382079124450684
2016-07-15,8.333385467529297
2016-07-18,8.437727928161621
2016-07-19,8.458593368530273
2016-07-20,8.6116304397583
2016-07-21,8.646409034729004
2016-07-22,8.479462623596191
2016-07-25,8.576848983764648
2016-07-26,8.729880332946777
2016-07-27,8.715970039367676
2016-07-28,8.841179847717285
2016-07-29,8.924653053283691
2016-08-01,8.750750541687012
2016-08-02,8.722925186157227
2016-08-03,8.820311546325684
2016-08-04,8.869003295898438
2016-08-05,8.757707595825195
2016-08-08,8.882916450500488
2016-08-09,8.78553295135498
2016-08-10,8.764662742614746
2016-08-11,8.855093002319336
2016-08-12,8.799442291259766
2016-08-15,8.77857494354248
2016-08-16,8.695103645324707
2016-08-17,8.5838041305542
2016-08-18,8.681190490722656
2016-08-19,8.667279243469238
2016-08-22,8.660322189331055
2016-08-23,8.792487144470215
2016-08-24,8.674232482910156
2016-08-25,8.590761184692383
2016-08-26,8.632498741149902
2016-08-29,8.507288932800293
2016-08-30,8.368165016174316
2016-08-31,8.479462623596191
2016-09-01,8.702057838439941
2016-09-02,8.569890975952148
2016-09-05,8.6046724319458
2016-09-06,8.458593368530273
2016-09-07,8.42381477355957
2016-09-08,8.451640129089355
2016-09-09,8.277735710144043
2016-09-12,8.082967758178711
2016-09-13,8.02731990814209
2016-09-14,8.19426441192627
2016-09-15,8.110791206359863
2016-09-16,8.236001014709473
2016-09-19,8.229043006896973
2016-09-20,6.455244541168213
2016-09-21,6.0030999183654785
2016-09-22,6.204824924468994
2016-09-23,6.357857704162598
2016-09-26,6.211780548095703
2016-09-27,6.072659492492676
2016-09-28,6.030922889709473
2016-09-29,6.037878036499023
2016-09-30,5.996143341064453
2016-10-03,5.919625282287598
2016-10-04,5.759635925292969
2016-10-05,5.634426593780518
2016-10-06,5.71094274520874
2016-10-07,5.6483378410339355
2016-10-10,5.5370402336120605
2016-10-11,5.509216785430908
2016-10-12,5.460525035858154
2016-10-13,5.439655780792236
2016-10-14,5.404875755310059
2016-10-17,5.248311996459961
2016-10-18,5.29046630859375
2016-10-19,5.360725402832031
2016-10-20,5.283440589904785
2016-10-21,5.283440589904785
2016-10-24,5.227234363555908
2016-10-25,5.234260082244873
2016-10-26,5.072664737701416
2016-10-27,5.093742370605469
2016-10-28,5.072664737701416
2016-10-31,5.3115434646606445
2016-11-01,5.171027660369873
2016-11-02,5.016458511352539
2016-11-03,5.05158805847168
2016-11-04,5.05158805847168
2016-11-07,5.058613300323486
2016-11-08,5.093742370605469
2016-11-09,4.967276573181152
2016-11-10,5.002406120300293
2016-11-11,4.967276573181152
2016-11-14,4.911070823669434
2016-11-15,4.953225612640381
2016-11-16,4.918097019195557
2016-11-17,4.9251227378845215
2016-11-18,4.932147979736328
2016-11-21,5.05158805847168
2016-11-22,5.002406120300293
2016-11-23,5.058613300323486
2016-11-24,5.079690456390381
2016-11-25,5.234260082244873
2016-11-28,5.304518699645996
2016-11-29,4.918097019195557
2016-11-30,5.016458511352539
2016-12-01,5.044561386108398
2016-12-02,4.897019863128662
2016-12-05,4.798657417297363
2016-12-06,4.742449760437012
2016-12-07,5.072664737701416
2016-12-08,5.164000511169434
2016-12-09,5.206155300140381
2016-12-12,5.128871440887451
2016-12-13,5.079690456390381
2016-12-14,5.072664737701416
2016-12-15,4.939173221588135
2016-12-16,4.721372127532959
2016-12-19,4.7002949714660645
2016-12-20,4.644088268280029
2016-12-21,4.566803455352783
2016-12-22,4.742449760437012
2016-12-23,4.728396892547607
2016-12-28,4.784605503082275
2016-12-29,4.79163122177124
2016-12-30,4.79163122177124
2017-01-03,4.812708377838135
2017-01-04,4.946199417114258
2017-01-05,5.058613300323486
2017-01-06,5.079690456390381
2017-01-09,5.178051948547363
2017-01-10,5.114820957183838
2017-01-11,5.1499505043029785
2017-01-12,5.1499505043029785
2017-01-13,5.086717128753662
2017-01-16,5.044561386108398
2017-01-17,4.988356113433838
2017-01-18,4.981329441070557
2017-01-19,4.932147979736328
2017-01-20,4.9602508544921875
2017-01-23,4.932147979736328
2017-01-24,4.8689165115356445
2017-01-25,4.728396892547607
2017-01-27,4.728396892547607
2017-01-30,4.623010635375977
2017-01-31,4.545726299285889
2017-02-01,4.468441963195801
2017-02-02,4.44736385345459
2017-02-03,4.356027603149414
2017-02-06,4.3349504470825195
2017-02-07,4.285770416259766
2017-02-08,4.468441963195801
2017-02-09,4.651113986968994
2017-02-10,4.665165424346924
2017-02-13,4.7565016746521
2017-02-14,4.686244487762451
2017-02-15,4.707320690155029
2017-02-16,4.4614152908325195
2017-02-17,4.468441963195801
2017-02-20,4.419260501861572
2017-02-21,4.384132385253906
2017-02-22,4.559778690338135
2017-02-23,4.5527520179748535
2017-02-24,4.496545314788818
2017-02-27,4.391157150268555
2017-02-28,4.384132385253906
2017-03-01,4.313872337341309
2017-03-02,4.356027603149414
2017-03-03,4.405209064483643
2017-03-06,4.412235260009766
2017-03-07,4.517621994018555
2017-03-08,4.503571510314941
2017-03-09,4.468441963195801
2017-03-10,4.475467681884766
2017-03-13,4.440338611602783
2017-03-14,4.580854892730713
2017-03-15,4.573830604553223
2017-03-16,4.608958721160889
2017-03-17,4.7002949714660645
2017-03-20,4.651113986968994
2017-03-21,4.904045104980469
2017-03-22,4.770552158355713
2017-03-23,4.672191143035889
2017-03-24,4.770552158355713
2017-03-27,4.728396892547607
2017-03-28,4.8267598152160645
2017-03-29,4.854864120483398
2017-03-30,4.882967948913574
2017-03-31,4.897019863128662
2017-04-03,4.840811729431152
2017-04-04,4.714345932006836
2017-04-05,4.728396892547607
2017-04-06,4.714345932006836
2017-04-07,4.721372127532959
2017-04-10,4.637061595916748
2017-04-11,4.6792168617248535
2017-04-12,4.6792168617248535
2017-04-13,4.737766265869141
2017-04-18,3.9820730686187744
2017-04-19,4.264438629150391
2017-04-20,4.3875203132629395
2017-04-21,4.293398857116699
2017-04-24,4.315119743347168
2017-04-26,4.286158561706543
2017-04-27,4.257198333740234
2017-04-28,4.2716779708862305
2017-05-01,4.3006391525268555
2017-05-02,4.213757514953613
2017-05-03,4.249958515167236
2017-05-04,4.380280017852783
2017-05-05,4.184797286987305
2017-05-08,4.206518173217773
2017-05-09,4.2427167892456055
2017-05-10,4.293398857116699
2017-05-11,4.322359561920166
2017-05-12,4.3006391525268555
2017-05-15,4.2716779708862305
2017-05-16,4.249958515167236
2017-05-17,4.264438629150391
2017-05-18,4.2716779708862305
2017-05-19,4.3006391525268555
2017-05-22,4.329598426818848
2017-05-23,4.358561038970947
2017-05-24,4.402000904083252
2017-05-25,4.4164814949035645
2017-05-26,4.358561038970947
2017-05-29,4.315119743347168
2017-05-30,4.293398857116699
2017-05-31,4.264438629150391
2017-06-01,4.170315265655518
2017-06-02,4.0617146492004395
2017-06-05,4.054474353790283
2017-06-06,4.047234535217285
2017-06-07,4.083433628082275
2017-06-08,4.032754421234131
2017-06-09,4.054474353790283
2017-06-13,4.0399932861328125
2017-06-14,4.047234535217285
2017-06-15,3.9965531826019287
2017-06-16,4.047234535217285
2017-06-19,3.9820730686187744
2017-06-20,4.0399932861328125
2017-06-21,4.018274307250977
2017-06-22,4.0617146492004395
2017-06-23,4.257198333740234
2017-06-26,4.2716779708862305
2017-06-27,4.213757514953613
2017-06-28,4.192037105560303
2017-06-29,4.192037105560303
2017-06-30,4.126875400543213
2017-07-03,4.047234535217285
2017-07-04,4.0617146492004395
2017-07-05,3.9965531826019287
2017-07-06,3.9820730686187744
2017-07-07,3.945871353149414
2017-07-10,4.032754421234131
2017-07-11,4.018274307250977
2017-07-12,4.011033535003662
2017-07-13,4.0617146492004395
2017-07-14,4.112395286560059
2017-07-17,4.032754421234131
2017-07-18,4.003793716430664
2017-07-19,4.018274307250977
2017-07-20,4.112395286560059
2017-07-21,4.134116172790527
2017-07-24,4.213757514953613
2017-07-25,4.126875400543213
2017-07-26,4.1051554679870605
2017-07-27,4.17755651473999
2017-07-28,4.112395286560059
2017-07-31,4.0617146492004395
2017-08-01,4.076194763183594
2017-08-02,4.003793716430664
2017-08-03,3.945871353149414
2017-08-04,3.953111410140991
2017-08-07,3.924152374267578
2017-08-08,3.9169118404388428
2017-08-09,3.945871353149414
2017-08-10,3.9603524208068848
2017-08-11,3.9820730686187744
2017-08-14,4.011033535003662
2017-08-15,4.112395286560059
2017-08-16,4.170315265655518
2017-08-17,4.15583610534668
2017-08-18,4.083433628082275
2017-08-21,4.134116172790527
2017-08-22,4.126875400543213
2017-08-23,4.112395286560059
2017-08-24,4.1051554679870605
2017-08-25,4.083433628082275
2017-08-28,4.025513648986816
2017-08-29,3.9965531826019287
2017-08-30,3.9675920009613037
2017-08-31,3.974832534790039
2017-09-01,4.011033535003662
2017-09-04,3.9820730686187744
2017-09-05,3.945871353149414
2017-09-06,3.9024319648742676
2017-09-07,3.9024319648742676
2017-09-08,3.851750612258911
2017-09-11,3.8227901458740234
2017-09-12,3.8010692596435547
2017-09-13,3.7793495655059814
2017-09-14,3.714189291000366
2017-09-15,3.7721095085144043
2017-09-18,3.7793495655059814
2017-09-19,3.974832534790039
2017-09-20,3.7069485187530518
2017-09-21,3.649026393890381
2017-09-22,3.663506507873535
2017-09-25,3.6200666427612305
2017-09-26,3.6200666427612305
2017-09-27,3.6200666427612305
2017-09-28,3.612826347351074
2017-09-29,3.525944948196411
2017-10-02,3.5549044609069824
2017-10-03,3.605586290359497
2017-10-04,3.5404245853424072
2017-10-05,3.547665596008301
2017-10-06,3.5621449947357178
2017-10-09,3.5549044609069824
2017-10-10,3.547665596008301
2017-10-11,3.5838658809661865
2017-10-12,3.5838658809661865
2017-10-13,3.5766255855560303
2017-10-16,3.5697741508483887
2017-10-17,3.7515347003936768
2017-10-18,3.707911729812622
2017-10-19,3.7442638874053955
2017-10-20,3.7442638874053955
2017-10-23,3.787886619567871
2017-10-24,3.7515347003936768
2017-10-25,3.78061580657959
2017-10-26,3.8096978664398193
2017-10-27,3.78061580657959
2017-10-30,3.8096978664398193
2017-10-31,3.9260246753692627
2017-11-01,3.955106019973755
2017-11-02,3.984187602996826
2017-11-03,4.013268947601318
2017-11-06,4.180488586425781
2017-11-07,4.209570407867432
2017-11-08,4.195029258728027
2017-11-09,4.2750043869018555
2017-11-10,4.304085731506348
2017-11-13,4.28954553604126
2017-11-14,4.296815395355225
2017-11-15,4.260462760925293
2017-11-16,4.231381416320801
2017-11-17,4.216841220855713
2017-11-20,4.187758922576904
2017-11-21,4.209570407867432
2017-11-22,4.180488586425781
2017-11-23,4.1514081954956055
2017-11-24,4.173218727111816
2017-11-27,4.1514081954956055
2017-11-28,4.260462760925293
2017-11-29,4.282275199890137
2017-11-30,4.325896263122559
2017-12-01,4.347707271575928
2017-12-04,4.391330718994141
2017-12-05,4.384060859680176
2017-12-06,4.44222354888916
2017-12-07,4.551280498504639
2017-12-08,4.623983860015869
2017-12-11,4.653064727783203
2017-12-12,4.558550834655762
2017-12-13,4.594902515411377
2017-12-14,4.638524532318115
2017-12-15,4.68214750289917
2017-12-18,4.711228847503662
2017-12-19,4.820285320281982
2017-12-20,4.776662826538086
2017-12-21,4.711228847503662
2017-12-22,4.689417362213135
2017-12-27,4.711228847503662
2017-12-28,4.834826469421387
2017-12-29,4.776662826538086
2018-01-02,4.7475810050964355
2018-01-03,4.76212215423584
2018-01-04,4.76212215423584
2018-01-05,4.892989635467529
2018-01-08,4.914800643920898
2018-01-09,4.856637001037598
2018-01-10,4.827556610107422
2018-01-11,4.76212215423584
2018-01-12,4.776662826538086
2018-01-15,4.7039594650268555
2018-01-16,4.674877166748047
2018-01-17,4.674877166748047
2018-01-18,4.623983860015869
2018-01-19,4.674877166748047
2018-01-22,4.68214750289917
2018-01-23,4.7039594650268555
2018-01-24,4.631255149841309
2018-01-25,4.565820693969727
2018-01-29,4.660336017608643
2018-01-30,4.616713047027588
2018-01-31,4.631255149841309
2018-02-01,4.638524532318115
2018-02-02,4.76212215423584
2018-02-05,4.609443187713623
2018-02-06,4.354977130889893
2018-02-07,4.4713053703308105
2018-02-08,4.551280498504639
2018-02-09,4.391330718994141
2018-02-12,4.340437889099121
2018-02-13,4.3695197105407715
2018-02-14,4.347707271575928
2018-02-15,4.340437889099121
2018-02-16,4.36224889755249
2018-02-19,4.449494361877441
2018-02-20,4.493116855621338
2018-02-21,4.485845565795898
2018-02-22,4.536739826202393
2018-02-23,4.529468536376953
2018-02-26,4.536739826202393
2018-02-27,4.544009685516357
2018-02-28,4.44222354888916
2018-03-01,4.493116855621338
2018-03-02,4.36224889755249
2018-03-05,4.384060859680176
2018-03-06,4.449494361877441
2018-03-07,4.420412540435791
2018-03-08,4.420412540435791
2018-03-09,4.456764221191406
2018-03-12,4.485845565795898
2018-03-13,4.405871868133545
2018-03-14,4.391330718994141
2018-03-15,4.318626403808594
2018-03-16,4.3767900466918945
2018-03-19,4.391330718994141
2018-03-20,4.187758922576904
2018-03-21,4.347707271575928
2018-03-22,4.260462760925293
2018-03-23,4.144136428833008
2018-03-26,4.093243598937988
2018-03-27,4.071432590484619
2018-03-28,4.035080432891846
2018-03-29,3.991457223892212
2018-04-03,4.027810096740723
2018-04-04,4.005998611450195
2018-04-05,4.013268947601318
2018-04-06,3.9987285137176514
2018-04-09,3.9987285137176514
2018-04-10,3.9987285137176514
2018-04-11,3.9405651092529297
2018-04-12,3.9332950115203857
2018-04-13,3.9623751640319824
2018-04-16,3.9409031867980957
2018-04-17,3.897115468978882
2018-04-18,3.9336042404174805
2018-04-19,3.838731050491333
2018-04-20,3.7365610599517822
2018-04-23,3.8314332962036133
2018-04-24,3.8241348266601562
2018-04-26,3.8533270359039307
2018-04-27,4.028477668762207
2018-04-30,4.072266101837158
2018-05-01,4.1452460289001465
2018-05-02,4.137947082519531
2018-05-03,4.225523471832275
2018-05-04,4.19633150100708
2018-05-07,4.123351573944092
2018-05-08,4.116053581237793
2018-05-09,4.189033508300781
2018-05-10,4.225523471832275
2018-05-11,4.218225002288818
2018-05-14,4.035776138305664
2018-05-15,3.91900897026062
2018-05-16,3.889817237854004
2018-05-17,3.955498456954956
2018-05-18,3.9409031867980957
2018-05-21,3.889817237854004
2018-05-22,3.838731050491333
2018-05-23,3.9044129848480225
2018-05-24,3.9627976417541504
2018-05-25,4.035776138305664
2018-05-28,4.079564094543457
2018-05-29,3.955498456954956
2018-05-30,3.9846906661987305
2018-05-31,4.064968585968018
2018-06-01,3.9482014179229736
2018-06-04,3.846029281616211
2018-06-05,3.8679232597351074
2018-06-06,3.911710262298584
2018-06-07,4.013882637023926
2018-06-08,3.955498456954956
2018-06-12,3.9627976417541504
2018-06-13,3.9409031867980957
2018-06-14,3.9919886589050293
2018-06-15,4.079564094543457
2018-06-18,4.0576701164245605
2018-06-19,4.028477668762207
2018-06-20,3.970094919204712
2018-06-21,3.8606247901916504
2018-06-22,3.846029281616211
2018-06-25,3.7949438095092773
2018-06-26,3.7876453399658203
2018-06-27,3.7073681354522705
2018-06-28,3.721963882446289
2018-06-29,3.7730491161346436
2018-07-02,3.7000696659088135
2018-07-03,3.7730491161346436
2018-07-04,3.7365610599517822
2018-07-05,3.7949438095092773
2018-07-06,3.911710262298584
2018-07-09,3.999285936355591
2018-07-10,4.028477668762207
2018-07-11,3.9482014179229736
2018-07-12,4.028477668762207
2018-07-13,3.9846906661987305
2018-07-16,4.035776138305664
2018-07-17,3.977391004562378
2018-07-18,4.116053581237793
2018-07-19,4.079564094543457
2018-07-20,4.167139053344727
2018-07-23,4.123351573944092
2018-07-24,4.130650520324707
2018-07-25,4.0576701164245605
2018-07-26,4.108756065368652
2018-07-27,4.108756065368652
2018-07-30,4.181735038757324
2018-07-31,4.203629493713379
2018-08-01,4.232821464538574
2018-08-02,4.218225002288818
2018-08-03,4.210926532745361
2018-08-06,4.210926532745361
2018-08-07,4.19633150100708
2018-08-08,4.1452460289001465
2018-08-09,4.116053581237793
2018-08-10,4.1525444984436035
2018-08-13,4.137947082519531
2018-08-14,4.137947082519531
2018-08-15,4.1452460289001465
2018-08-16,4.167139053344727
2018-08-17,4.364185333251953
2018-08-20,4.539336681365967
2018-08-21,4.590421676635742
2018-08-22,5.582945823669434
2018-08-23,5.655925750732422
2018-08-24,5.641329765319824
2018-08-27,5.685116291046143
2018-08-28,5.546456336975098
2018-08-29,5.750799179077148
2018-08-30,6.794409275054932
2018-08-31,6.305446147918701
2018-09-03,6.152187824249268
2018-09-04,6.093803882598877
2018-09-05,5.984333515167236
2018-09-06,5.991631984710693
2018-09-07,6.130292892456055
2018-09-10,5.977036476135254
2018-09-11,6.166783332824707
2018-09-12,6.108400344848633
2018-09-13,6.086504936218262
2018-09-14,6.130292892456055
2018-09-17,6.363827705383301
2018-09-18,6.363827705383301
2018-09-19,6.020823955535889
2018-09-20,6.064611434936523
2018-09-21,5.991631984710693
2018-09-24,6.071910381317139
2018-09-25,6.086504936218262
2018-09-26,6.203272819519043
2018-09-27,6.283550262451172
2018-09-28,6.23246431350708
2018-10-01,6.057313442230225
2018-10-02,6.01352596282959
2018-10-03,6.130292892456055
2018-10-04,6.108400344848633
2018-10-05,5.998929500579834
2018-10-08,5.8821611404418945
2018-10-09,5.80188512802124
2018-10-10,5.779991626739502
2018-10-11,5.604840278625488
2018-10-12,5.612137317657471
2018-10-15,5.685734748840332
2018-10-16,5.605241775512695
2018-10-17,5.685734748840332
2018-10-18,5.693052291870117
2018-10-19,5.5906081199646
2018-10-22,5.663782119750977
2018-10-23,5.65646505355835
2018-10-24,5.678417682647705
2018-10-25,5.554018020629883
2018-10-26,5.458890914916992
2018-10-29,5.524749279022217
2018-10-30,5.561336040496826
2018-10-31,5.246682643890381
2018-11-01,5.290587425231934
2018-11-02,5.502796173095703
2018-11-05,5.685734748840332
2018-11-06,5.627194404602051
2018-11-07,5.517430782318115
2018-11-08,5.422303199768066
2018-11-09,5.473526954650879
2018-11-12,5.539383411407471
2018-11-13,5.510112762451172
2018-11-14,5.4369378089904785
2018-11-15,5.363762855529785
2018-11-16,5.451573371887207
2018-11-19,5.371079444885254
2018-11-20,5.458890914916992
2018-11-21,5.488160610198975
2018-11-22,5.495479106903076
2018-11-23,5.524749279022217
2018-11-26,5.532065391540527
2018-11-27,5.612559795379639
2018-11-28,5.597923755645752
2018-11-29,5.546700954437256
2018-11-30,5.261317253112793
2018-12-03,5.524749279022217
2018-12-04,5.378396987915039
2018-12-05,5.414985656738281
2018-12-06,5.466207504272461
2018-12-07,5.393033027648926
2018-12-10,5.385714530944824
2018-12-11,5.693052291870117
2018-12-12,5.663782119750977
2018-12-13,4.719817638397217
2018-12-14,4.610055446624756
2018-12-17,4.756407737731934
2018-12-18,4.932027816772461
2018-12-19,4.851534843444824
2018-12-20,4.668594837188721
2018-12-21,4.558831214904785
2018-12-24,4.6027374267578125
2018-12-27,4.632007598876953
2018-12-28,4.712501049041748
2018-12-31,4.712501049041748
2019-01-02,4.6027374267578125
2019-01-03,4.624690532684326
2019-01-04,4.690547943115234
2019-01-07,4.683229923248291
2019-01-08,4.683229923248291
2019-01-09,4.741772174835205
2019-01-10,4.7637248039245605
2019-01-11,4.749087810516357
2019-01-14,4.792994499206543
2019-01-15,4.866169452667236
2019-01-16,4.917393207550049
2019-01-17,4.946662425994873
2019-01-18,5.02715539932251
2019-01-21,5.268634796142578
2019-01-22,5.239365577697754
2019-01-23,5.19545841217041
2019-01-24,5.19545841217041
2019-01-25,5.093013763427734
2019-01-29,5.246682643890381
2019-01-30,5.151553630828857
2019-01-31,5.114965915679932
2019-02-01,5.122283935546875
2019-02-04,5.136918544769287
2019-02-05,5.217411518096924
2019-02-06,5.268634796142578
2019-02-07,5.3344926834106445
2019-02-08,5.356444358825684
2019-02-11,5.2979044914245605
2019-02-12,5.327174663543701
2019-02-13,5.210094451904297
2019-02-14,5.049108028411865
2019-02-15,4.924710273742676
2019-02-18,5.005202770233154
2019-02-19,5.0344719886779785
2019-02-20,4.997885227203369
2019-02-21,4.932027816772461
2019-02-22,4.829582214355469
2019-02-25,4.851534843444824
2019-02-26,4.822264671325684
2019-02-27,4.81494665145874
2019-02-28,4.8734869956970215
2019-03-01,4.953979969024658
2019-03-04,4.997885227203369
2019-03-05,4.910073757171631
2019-03-06,4.829582214355469
2019-03-07,4.93934440612793
2019-03-08,4.93934440612793
2019-03-11,4.997885227203369
2019-03-12,4.961297988891602
2019-03-13,4.997885227203369
2019-03-14,4.983250141143799
2019-03-15,5.005202770233154
2019-03-18,5.005202770233154
2019-03-19,5.224728584289551
2019-03-20,5.0125203132629395
2019-03-21,4.90275764465332
2019-03-22,4.917393207550049
2019-03-25,4.90275764465332
2019-03-26,5.02715539932251
2019-03-27,4.9759321212768555
2019-03-28,5.151553630828857
2019-03-29,5.085696220397949
2019-04-01,4.946662425994873
2019-04-02,4.924710273742676
2019-04-03,4.990568161010742
2019-04-04,5.0344719886779785
2019-04-05,5.056425094604492
2019-04-08,5.0344719886779785
2019-04-09,5.0344719886779785
2019-04-10,5.122283935546875
2019-04-11,5.114965915679932
2019-04-12,5.158872604370117
2019-04-15,5.107921600341797
2019-04-16,5.056548595428467
2019-04-17,5.041870594024658
2019-04-18,5.071226596832275
2019-04-23,5.063886642456055
2019-04-24,5.078564643859863
2019-04-26,5.085905075073242
2019-04-29,4.997836589813232
2019-04-30,4.9464640617370605
2019-05-01,4.953802585601807
2019-05-02,4.953802585601807
2019-05-03,5.012514114379883
2019-05-06,5.034531593322754
2019-05-07,5.151954650878906
2019-05-08,4.4547529220581055
2019-05-09,4.440075397491455
2019-05-10,4.660243511199951
2019-05-13,4.623549461364746
2019-05-14,4.630888938903809
2019-05-15,4.6162109375
2019-05-16,4.601532936096191
2019-05-17,4.5795159339904785
2019-05-20,4.6162109375
2019-05-21,4.5795159339904785
2019-05-22,4.6162109375
2019-05-23,4.6162109375
2019-05-24,4.586854934692383
2019-05-27,4.770328998565674
2019-05-28,4.630888938903809
2019-05-29,4.586854934692383
2019-05-30,4.623549461364746
2019-05-31,4.6162109375
2019-06-03,4.5941925048828125
2019-06-04,4.5941925048828125
2019-06-05,4.6162109375
2019-06-06,4.601532936096191
2019-06-07,4.689599990844727
2019-06-11,4.733632564544678
2019-06-12,4.7629899978637695
2019-06-13,4.748312473297119
2019-06-14,4.785006999969482
2019-06-17,4.770328998565674
2019-06-18,4.770328998565674
2019-06-19,4.851057529449463
2019-06-20,4.9904985427856445
2019-06-21,4.902430534362793
2019-06-24,4.8657355308532715
2019-06-25,4.821701526641846
2019-06-26,4.777668476104736
2019-06-27,4.770328998565674
2019-06-28,4.72629451751709
2019-07-01,4.748312473297119
2019-07-02,4.814363479614258
2019-07-03,4.902430534362793
2019-07-04,4.939125061035156
2019-07-05,4.931787014007568
2019-07-08,4.851057529449463
2019-07-09,4.8070244789123535
2019-07-10,4.799684524536133
2019-07-11,4.843719005584717
2019-07-12,4.8657355308532715
2019-07-15,4.799684524536133
2019-07-16,4.740972518920898
2019-07-17,4.770328998565674
2019-07-18,4.770328998565674
2019-07-19,4.814363479614258
2019-07-22,4.895090579986572
2019-07-23,4.91710901260376
2019-07-24,4.9904985427856445
2019-07-25,5.041870594024658
2019-07-26,5.012514114379883
2019-07-29,5.027191638946533
2019-07-30,5.137276649475098
2019-07-31,5.1225996017456055
2019-08-01,5.173973083496094
2019-08-02,5.085905075073242
2019-08-05,5.056548595428467
2019-08-06,4.829041481018066
2019-08-07,4.895090579986572
2019-08-08,4.961142063140869
2019-08-09,5.063886642456055
2019-08-12,5.056548595428467
2019-08-13,4.997836589813232
2019-08-14,4.975819110870361
2019-08-15,4.814363479614258
2019-08-16,4.740972518920898
2019-08-19,4.843719005584717
2019-08-20,4.858396530151367
2019-08-21,4.829041481018066
2019-08-22,4.799684524536133
2019-08-23,4.843719005584717
2019-08-26,4.829041481018066
2019-08-27,4.799684524536133
2019-08-28,4.770328998565674
2019-08-29,4.799684524536133
2019-08-30,4.887752056121826
2019-09-02,4.843719005584717
2019-09-03,4.6162109375
2019-09-04,4.557497501373291
2019-09-05,4.704278469085693
2019-09-06,4.7116169929504395
2019-09-09,4.968481063842773
2019-09-10,4.953802585601807
2019-09-11,5.1225996017456055
2019-09-12,5.151954650878906
2019-09-13,5.210666179656982
2019-09-16,5.071226596832275
2019-09-17,5.188650131225586
2019-09-18,5.100583076477051
2019-09-19,5.100583076477051
2019-09-20,5.159294128417969
2019-09-23,5.151954650878906
2019-09-24,5.063886642456055
2019-09-25,5.034531593322754
2019-09-26,5.027191638946533
2019-09-27,5.078564643859863
2019-09-30,5.093244552612305
2019-10-01,5.203327655792236
2019-10-02,5.063886642456055
2019-10-03,5.027191638946533
2019-10-04,5.085905075073242
2019-10-07,5.107921600341797
2019-10-08,5.107921600341797
2019-10-09,5.085905075073242
2019-10-10,5.063886642456055
2019-10-11,5.100583076477051
2019-10-14,5.049481391906738
2019-10-15,5.042119979858398
2019-10-16,5.042119979858398
2019-10-17,4.990593910217285
2019-10-18,4.9022650718688965
2019-10-21,4.931709289550781
2019-10-22,4.946431636810303
2019-10-23,4.961151599884033
2019-10-24,4.924346923828125
2019-10-25,4.924346923828125
2019-10-28,4.946431636810303
2019-10-29,4.916986465454102
2019-10-30,4.850740909576416
2019-10-31,4.813936710357666
2019-11-01,4.8212971687316895
2019-11-04,4.791855335235596
2019-11-05,4.769771575927734
2019-11-06,4.784494400024414
2019-11-07,4.828658580780029
2019-11-08,4.8581013679504395
2019-11-11,4.880183696746826
2019-11-12,4.880183696746826
2019-11-13,4.894904613494873
2019-11-14,4.939069747924805
2019-11-15,4.946431636810303
2019-11-18,4.880183696746826
2019-11-19,4.865461826324463
2019-11-20,4.799215793609619
2019-11-21,4.813936710357666
2019-11-22,4.8728227615356445
2019-11-25,4.865461826324463
2019-11-26,4.850740909576416
2019-11-27,5.042119979858398
2019-11-28,5.181973934173584
2019-11-29,5.145170211791992
2019-12-02,5.071562767028809
2019-12-03,5.034759521484375
2019-12-04,4.990593910217285
2019-12-05,5.056841850280762
2019-12-06,5.07892370223999
2019-12-09,5.07892370223999
2019-12-10,5.071562767028809
2019-12-11,5.012677192687988
2019-12-12,4.939069747924805
2019-12-13,4.946431636810303
2019-12-16,5.034759521484375
2019-12-17,5.137810230255127
2019-12-18,5.108367443084717
2019-12-19,5.137810230255127
2019-12-20,5.034759521484375
2019-12-23,5.152531623840332
2019-12-24,5.152531623840332
2019-12-27,5.159892559051514
2019-12-30,5.093646049499512
2019-12-31,4.939069747924805
2020-01-02,4.931709289550781
2020-01-03,5.005316734313965
2020-01-06,5.042119979858398
2020-01-07,5.101006507873535
2020-01-08,5.152531623840332
2020-01-09,5.07892370223999
2020-01-10,5.137810230255127
2020-01-13,5.086284637451172
2020-01-14,5.11572790145874
2020-01-15,5.108367443084717
2020-01-16,5.123088836669922
2020-01-17,5.108367443084717
2020-01-20,5.152531623840332
2020-01-21,5.049481391906738
2020-01-22,5.152531623840332
2020-01-23,5.1672539710998535
2020-01-24,5.211418151855469
2020-01-28,5.262942314147949
2020-01-29,5.329189777374268
2020-01-30,5.483765602111816
2020-01-31,5.505848407745361
2020-02-03,5.277665138244629
2020-02-04,5.395437240600586
2020-02-05,5.446962356567383
2020-02-06,5.424878120422363
2020-02-07,5.439602375030518
2020-02-10,5.410158157348633
2020-02-11,5.3144683837890625
2020-02-12,5.380715370178223
2020-02-13,5.999019145965576
2020-02-14,5.932772159576416
2020-02-17,5.918050765991211
2020-02-18,5.918050765991211
2020-02-19,5.925410747528076
2020-02-20,5.962216377258301
2020-02-21,5.895968437194824
2020-02-24,5.785557270050049
2020-02-25,5.719310283660889
2020-02-26,5.608899116516113
2020-02-27,5.527931213378906
2020-02-28,5.542651653289795
2020-03-02,5.49848747253418
2020-03-03,5.594176769256592
2020-03-04,5.542651653289795
2020-03-05,6.072626113891602
2020-03-06,6.146234035491943
2020-03-09,5.881247043609619
2020-03-10,5.932772159576416
2020-03-11,5.8370819091796875
2020-03-12,5.616260051727295
2020-03-13,5.999019145965576
2020-03-16,5.262942314147949
2020-03-17,5.667785167694092
2020-03-18,5.299747467041016
2020-03-19,5.152531623840332
2020-03-20,5.299747467041016
2020-03-23,4.718246936798096
2020-03-24,5.108367443084717
2020-03-25,5.123088836669922
2020-03-26,5.108367443084717
2020-03-27,4.946431636810303
2020-03-30,5.226140022277832
2020-03-31,5.071562767028809
2020-04-01,5.402796268463135
2020-04-02,5.240860462188721
2020-04-03,5.1672539710998535
2020-04-06,5.373354434967041
2020-04-07,5.446962356567383
2020-04-08,5.373354434967041
2020-04-09,5.3961687088012695
2020-04-14,5.736201763153076
2020-04-15,5.743593692779541
2020-04-16,5.6548895835876465
2020-04-17,5.7731614112854
2020-04-20,5.610537528991699
2020-04-21,5.521833419799805
2020-04-22,5.410953044891357
2020-04-23,5.462697505950928
2020-04-24,5.44791316986084
2020-04-27,5.647498607635498
2020-04-28,5.544009208679199
2020-04-29,5.558792591094971
2020-04-30,5.440521717071533
2020-05-01,5.218761920928955
2020-05-04,5.167016983032227
2020-05-05,5.277896404266357
2020-05-06,5.418345928192139
2020-05-07,5.322249412536621
2020-05-08,5.36660099029541
2020-05-11,5.373993396759033
2020-05-12,5.322249412536621
2020-05-13,5.388776779174805
2020-05-14,5.300073146820068
2020-05-15,5.418345928192139
2020-05-18,5.425736904144287
2020-05-19,5.38138484954834
2020-05-20,5.5957536697387695
2020-05-21,5.913609981536865
2020-05-22,5.765770435333252
2020-05-25,5.994922161102295
2020-05-26,6.105802059173584
2020-05-27,6.179722309112549
2020-05-28,6.297994613647461
2020-05-29,6.283210754394531
2020-06-01,6.105802059173584
2020-06-02,5.980138301849365
2020-06-03,5.92100191116333
2020-06-04,5.802730083465576
2020-06-05,5.832298278808594
2020-06-09,6.098409175872803
2020-06-10,6.150154113769531
2020-06-11,5.950570583343506
2020-06-12,6.061450958251953
2020-06-15,6.127976894378662
2020-06-16,6.379306793212891
2020-06-17,6.601067543029785
2020-06-18,6.534538269042969
2020-06-19,6.719339847564697
2020-06-22,6.578891754150391
2020-06-23,6.638025760650635
2020-06-24,6.667596340179443
2020-06-25,6.504971027374268
2020-06-26,6.571498394012451
2020-06-29,6.601067543029785
2020-06-30,7.173321723937988
2020-07-01,6.891226291656494
2020-07-02,7.012124061584473
2020-07-03,6.9718241691589355
2020-07-06,6.649427890777588
2020-07-07,7.092722415924072
2020-07-08,7.036303997039795
2020-07-09,7.036303997039795
2020-07-10,6.746148109436035
2020-07-13,6.649427890777588
2020-07-14,6.472109794616699
2020-07-15,6.617188930511475
2020-07-16,6.810626029968262
2020-07-17,6.8831658363342285
2020-07-20,6.520469665527344
2020-07-21,6.35927152633667
2020-07-22,6.327031135559082
2020-07-23,6.173893451690674
2020-07-24,6.464051246643066
2020-07-27,6.455990314483643
2020-07-28,6.49629020690918
2020-07-29,6.560770034790039
2020-07-30,6.601068496704102
2020-07-31,6.480169773101807
2020-08-03,6.399570941925049
2020-08-04,6.568828582763672
2020-08-05,6.552709102630615
2020-08-06,6.641368389129639
2020-08-07,6.528530120849609
2020-08-10,6.568828582763672
2020-08-11,6.601068496704102
2020-08-12,6.536589622497559
2020-08-13,6.206132888793945
2020-08-14,6.004635334014893
2020-08-17,5.932096004486084
2020-08-18,5.924036026000977
2020-08-19,5.956275463104248
2020-08-20,5.8837361335754395
2020-08-21,6.044934272766113
2020-08-24,6.649427890777588
2020-08-25,6.617188930511475
2020-08-26,6.601068496704102
2020-08-27,6.657488822937012
2020-08-28,6.560770034790039
2020-08-31,6.633307933807373
2020-09-01,6.4398698806762695
2020-09-02,6.617188930511475
2020-09-03,6.609128952026367
2020-09-04,6.294791221618652
2020-09-07,6.222251892089844
2020-09-08,6.230312824249268
2020-09-09,6.077173709869385
2020-09-10,6.028814315795898
2020-09-11,5.915976524353027
2020-09-14,5.907915115356445
2020-09-15,5.827316761016846
2020-09-16,5.924036026000977
2020-09-17,5.706417560577393
2020-09-18,5.714478969573975
2020-09-21,5.7386579513549805
2020-09-22,5.87567663192749
2020-09-23,6.085234642028809
2020-09-24,5.948215484619141
2020-09-25,6.1255340576171875
2020-09-28,5.9643354415893555
2020-09-29,6.109414100646973
2020-09-30,5.8837361335754395
2020-10-01,5.924036026000977
2020-10-02,5.8837361335754395
2020-10-05,6.061054706573486
2020-10-06,6.028814315795898
2020-10-07,6.077173709869385
2020-10-08,6.012694835662842
2020-10-09,5.996574401855469
2020-10-12,6.044934272766113
2020-10-13,6.028814315795898
2020-10-14,6.020754814147949
2020-10-15,6.004635334014893
2020-10-16,6.028814315795898
2020-10-19,5.940155029296875
2020-10-20,5.940155029296875
2020-10-21,5.915976524353027
2020-10-22,5.819256782531738
2020-10-23,5.770896911621094
2020-10-26,5.778957843780518
2020-10-27,5.649999618530273
2020-10-28,5.762836933135986
2020-10-29,5.722537994384766
2020-10-30,5.787016868591309
2020-11-02,5.7386579513549805
2020-11-03,5.698358058929443
2020-11-04,5.64193868637085
2020-11-05,5.859556198120117
2020-11-06,5.932096004486084
2020-11-09,6.141653060913086
2020-11-10,6.173893451690674
2020-11-11,6.206132888793945
2020-11-12,6.101353645324707
2020-11-13,6.222251892089844
2020-11-16,6.3512115478515625
2020-11-17,6.2141923904418945
2020-11-18,6.165833473205566
2020-11-19,6.198072910308838
2020-11-20,6.206132888793945
2020-11-23,6.504349231719971
2020-11-24,6.528530120849609
2020-11-25,6.278672218322754
2020-11-26,6.262552738189697
2020-11-27,6.262552738189697
2020-11-30,6.181952953338623
2020-12-01,6.181952953338623
2020-12-02,6.0932936668396
2020-12-03,6.0932936668396
2020-12-04,6.222251892089844
2020-12-07,6.157772541046143
2020-12-08,6.149714469909668
2020-12-09,6.238371849060059
2020-12-10,6.052994728088379
2020-12-11,5.87567663192749
2020-12-14,5.787016868591309
2020-12-15,5.8434367179870605
2020-12-16,5.754776954650879
2020-12-17,5.811197280883789
2020-12-18,5.924036026000977
2020-12-21,5.787016868591309
2020-12-22,5.730598449707031
2020-12-23,5.762836933135986
2020-12-24,5.7386579513549805
2020-12-29,5.819256782531738
2020-12-30,5.722537994384766
2020-12-31,5.819256782531738
2021-01-04,5.722537994384766
2021-01-05,5.706417560577393
2021-01-06,5.698358058929443
2021-01-07,5.609699249267578
2021-01-08,5.553278923034668
2021-01-11,5.585519313812256
2021-01-12,5.601639747619629
2021-01-13,5.625819206237793
2021-01-14,5.649999618530273
2021-01-15,5.770896911621094
2021-01-18,5.803136348724365
2021-01-19,5.867616653442383
2021-01-20,5.891795635223389
2021-01-21,5.8837361335754395
2021-01-22,6.004635334014893
2021-01-25,6.044934272766113
2021-01-27,6.077173709869385
2021-01-28,5.988515377044678
2021-01-29,5.9643354415893555
2021-02-01,6.020754814147949
2021-02-02,5.9643354415893555
2021-02-03,5.9643354415893555
2021-02-04,5.988515377044678
2021-02-05,5.9643354415893555
2021-02-08,6.020754814147949
2021-02-09,5.8837361335754395
2021-02-10,6.020754814147949
2021-02-11,6.012694835662842
2021-02-12,5.972394943237305
2021-02-15,5.948215484619141
2021-02-16,5.811197280883789
2021-02-17,5.851496696472168
2021-02-18,5.674178123474121
2021-02-19,5.569398880004883
2021-02-22,5.577459335327148
2021-02-23,5.649999618530273
2021-02-24,5.6580586433410645
2021-02-25,5.464621067047119
2021-02-26,5.480741024017334
2021-03-01,5.585519313812256
2021-03-02,5.464621067047119
2021-03-03,5.36790132522583
2021-03-04,5.464621067047119
2021-03-05,5.416261672973633
2021-03-08,5.4323811531066895
2021-03-09,5.480741024017334
2021-03-10,5.512980937957764
2021-03-11,5.529099941253662
2021-03-12,5.561339378356934
2021-03-15,5.577459335327148
2021-03-16,5.711905479431152
2021-03-17,5.728201389312744
2021-03-18,5.679312705993652
2021-03-19,5.638571739196777
2021-03-22,5.565237045288086
2021-03-23,5.622274875640869
2021-03-24,5.638571739196777
2021-03-25,5.597830295562744
2021-03-26,5.223011493682861
2021-03-29,5.157825946807861
2021-03-30,5.1333818435668945
2021-03-31,5.157825946807861
2021-04-01,5.076344013214111
2021-04-06,5.076344013214111
2021-04-07,5.076344013214111
2021-04-08,5.157825946807861
2021-04-09,5.174122333526611
2021-04-12,5.1333818435668945
2021-04-13,5.084491729736328
2021-04-14,5.068195343017578
2021-04-15,4.93782377243042
2021-04-16,4.880786418914795
2021-04-19,4.87263822555542
2021-04-20,4.79115629196167
2021-04-21,4.799304485321045
2021-04-22,4.717823028564453
2021-04-23,4.75856351852417
2021-04-26,4.750415325164795
2021-04-27,4.644487380981445
2021-04-28,4.595599174499512
2021-04-29,4.5793023109436035
2021-04-30,4.4896721839904785
2021-05-03,4.7341179847717285
2021-05-04,4.563005447387695
2021-05-05,4.52226448059082
2021-05-06,4.269670009613037
2021-05-07,4.424485683441162
2021-05-10,4.220779895782471
2021-05-11,4.147446155548096
2021-05-12,4.245224952697754
2021-05-13,4.204483509063721
2021-05-14,4.285966873168945
2021-05-17,4.212632179260254
2021-05-18,4.204483509063721
2021-05-19,4.0822601318359375
2021-05-20,4.123002052307129
2021-05-21,4.106705188751221
2021-05-24,4.0007781982421875
2021-05-25,4.0333709716796875
2021-05-26,4.0496673583984375
2021-05-27,4.37559700012207
2021-05-28,4.294114112854004
2021-05-31,4.245224952697754
2021-06-01,4.171890735626221
2021-06-02,4.237077236175537
2021-06-03,4.188187122344971
2021-06-04,4.253373622894287
2021-06-07,4.367448329925537
2021-06-08,4.5385613441467285
2021-06-09,4.400040626525879
2021-06-10,4.554858684539795
2021-06-11,4.628190994262695
2021-06-15,4.595599174499512
2021-06-16,4.6770806312561035
2021-06-17,4.7015252113342285
2021-06-18,4.799304485321045
2021-06-21,4.823749542236328
2021-06-22,4.864490032196045
2021-06-23,4.880786418914795
2021-06-24,4.905230522155762
2021-06-25,5.043750762939453
2021-06-28,5.060047149658203
2021-06-29,5.051898956298828
2021-06-30,5.1007890701293945
2021-07-01,5.165974140167236
2021-07-02,5.068195343017578
2021-07-05,4.978565216064453
2021-07-06,4.897083282470703
2021-07-07,5.035602569580078
2021-07-08,5.027454853057861
2021-07-09,5.060047149658203
2021-07-12,5.051898956298828
2021-07-13,5.035602569580078
2021-07-14,5.068195343017578
2021-07-15,5.003009796142578
2021-07-16,4.978565216064453
2021-07-19,4.978565216064453
2021-07-20,4.978565216064453
2021-07-21,5.003009796142578
2021-07-22,5.027454853057861
2021-07-23,5.043750762939453
2021-07-26,5.035602569580078
2021-07-27,5.068195343017578
2021-07-28,5.01930570602417
2021-07-29,5.051898956298828
2021-07-30,5.035602569580078
2021-08-02,5.084491729736328
2021-08-03,5.076344013214111
2021-08-04,5.051898956298828
2021-08-05,5.157825946807861
2021-08-06,5.165974140167236
2021-08-09,5.141529560089111
2021-08-10,5.149677753448486
2021-08-11,5.1822710037231445
2021-08-12,5.255605220794678
2021-08-13,5.296344757080078
2021-08-16,5.2881975173950195
2021-08-17,5.247457027435303
2021-08-18,5.223011493682861
2021-08-19,5.385976314544678
2021-08-20,5.361532211303711
2021-08-23,5.051898956298828
2021-08-24,5.011158466339111
2021-08-25,4.978565216064453
2021-08-26,5.051898956298828
2021-08-27,5.011158466339111
2021-08-30,4.994861602783203
2021-08-31,5.01930570602417
2021-09-01,5.149677753448486
2021-09-02,5.1333818435668945
2021-09-03,5.255605220794678
2021-09-06,5.3778276443481445
2021-09-07,5.418569087982178
2021-09-08,5.540792942047119
2021-09-09,5.434865474700928
2021-09-10,5.410420894622803
2021-09-13,5.3044939041137695
2021-09-14,5.345742225646973
2021-09-15,5.3374924659729
2021-09-16,5.461236000061035
2021-09-17,5.510733604431152
2021-09-20,5.3374924659729
2021-09-21,5.444737434387207
2021-09-22,5.444737434387207
2021-09-23,5.5602312088012695
2021-09-24,5.700475215911865
2021-09-27,5.7087249755859375
2021-09-28,5.7994704246521
2021-09-29,5.741723537445068
2021-09-30,5.824219226837158
2021-10-01,5.782971382141113
2021-10-04,5.980961322784424
2021-10-05,5.824219226837158
2021-10-06,5.7582221031188965
2021-10-07,5.7582221031188965
2021-10-08,5.807719707489014
2021-10-11,5.7087249755859375
2021-10-12,5.71697473526001
2021-10-13,5.700475215911865
2021-10-14,5.725223541259766
2021-10-15,5.791220664978027
2021-10-18,5.791220664978027
2021-10-19,5.782971382141113
2021-10-20,5.692225456237793
2021-10-21,5.725223541259766
2021-10-22,5.774721622467041
2021-10-25,5.733473300933838
2021-10-26,5.650977611541748
2021-10-27,5.65922737121582
2021-10-28,5.6262288093566895
2021-10-29,5.5684814453125
2021-11-01,5.634478569030762
2021-11-02,5.6262288093566895
2021-11-03,5.5849809646606445
2021-11-04,5.510733604431152
2021-11-05,5.461236000061035
2021-11-08,5.329242706298828
2021-11-09,5.238497257232666
2021-11-10,5.263246536254883
2021-11-11,5.263246536254883
2021-11-12,5.238497257232666
2021-11-15,5.213748455047607
2021-11-16,5.2302470207214355
2021-11-17,5.345742225646973
2021-11-18,5.3374924659729
2021-11-19,5.362241268157959
2021-11-22,5.353991508483887
2021-11-23,5.403489589691162
2021-11-24,5.403489589691162
2021-11-25,5.461236000061035
2021-11-26,5.403489589691162
2021-11-29,5.444737434387207
2021-11-30,5.5684814453125
2021-12-01,5.510733604431152
2021-12-02,5.461236000061035
2021-12-03,4.991009712219238
2021-12-06,4.867265224456787
2021-12-07,4.908513069152832
2021-12-08,5.065256118774414
2021-12-09,5.032257080078125
2021-12-10,5.007508754730225
2021-12-13,5.0487565994262695
2021-12-14,4.982759952545166
2021-12-15,4.949761390686035
2021-12-16,4.859015464782715
2021-12-17,4.834266662597656
2021-12-20,4.784769058227539
2021-12-21,4.826017379760742
2021-12-22,4.859015464782715
2021-12-23,4.908513069152832
2021-12-24,4.925013065338135
2021-12-29,4.859015464782715
2021-12-30,4.859015464782715
2021-12-31,4.859015464782715
2022-01-04,4.867265224456787
2022-01-05,4.875514984130859
2022-01-06,4.850766181945801
2022-01-07,4.941511154174805
2022-01-10,4.908513069152832
2022-01-11,4.826017379760742
2022-01-12,5.065256118774414
2022-01-13,5.24674654006958
2022-01-14,5.271496295928955
2022-01-17,5.279745101928711
2022-01-18,5.22199821472168
2022-01-19,5.238497257232666
2022-01-20,5.106503963470459
2022-01-21,5.032257080078125
2022-01-24,4.991009712219238
2022-01-25,4.90026330947876
2022-01-27,4.727022171020508
2022-01-28,4.760020732879639
2022-01-31,4.867265224456787
2022-02-01,4.850766181945801
2022-02-02,4.834266662597656
2022-02-03,4.776520252227783
2022-02-04,4.826017379760742
2022-02-07,4.809518814086914
2022-02-08,4.892014026641846
2022-02-09,4.941511154174805
2022-02-10,4.875514984130859
2022-02-11,4.793018817901611
2022-02-14,4.842516899108887
2022-02-15,4.735271453857422
2022-02-16,4.793018817901611
2022-02-17,4.784769058227539
2022-02-18,4.776520252227783
2022-02-21,4.925013065338135
2022-02-22,4.801268577575684
2022-02-23,4.842516899108887
2022-02-24,4.7105231285095215
2022-02-25,4.58677864074707
2022-02-28,4.611527919769287
2022-03-01,4.760020732879639
2022-03-02,4.809518814086914
2022-03-03,4.801268577575684
2022-03-04,4.652775287628174
2022-03-07,4.578528881072998
2022-03-08,4.553779602050781
2022-03-09,4.603278160095215
2022-03-10,4.644526481628418
2022-03-11,4.611527919769287
2022-03-14,4.661025047302246
2022-03-15,4.581457138061523
2022-03-16,4.740593433380127
2022-03-17,4.7740960121154785
2022-03-18,4.815974235534668
2022-03-21,4.7154669761657715
2022-03-22,4.723842144012451
2022-03-23,4.782471656799316
2022-03-24,4.7322187423706055
2022-03-25,4.7573442459106445
2022-03-28,4.7322187423706055
2022-03-29,4.7740960121154785
2022-03-30,4.857851982116699
2022-03-31,5.06724214553833
2022-04-01,5.033740520477295
2022-04-04,5.06724214553833
2022-04-05,5.134247303009033
2022-04-06,5.125871181488037
2022-04-07,5.117496013641357
2022-04-08,5.22637939453125
2022-04-11,5.2515058517456055
2022-04-12,5.150999069213867
2022-04-13,5.10074520111084
2022-04-14,5.083993434906006
2022-04-19,5.10074520111084
2022-04-20,5.06724214553833
2022-04-21,5.10074520111084
2022-04-22,5.1091203689575195
2022-04-26,5.033740520477295
2022-04-27,5.025364398956299
2022-04-28,4.983486175537109
2022-04-29,4.924857139587402
2022-05-02,4.874603748321533
2022-05-03,4.740593433380127
2022-05-04,4.7154669761657715
2022-05-05,4.740593433380127
2022-05-06,4.665213584899902
2022-05-09,4.7740960121154785
2022-05-10,4.841101169586182
2022-05-11,5.000236988067627
2022-05-12,4.991861343383789
2022-05-13,5.06724214553833
2022-05-16,5.058867454528809
2022-05-17,5.075618267059326
2022-05-18,5.075618267059326
2022-05-19,5.025364398956299
2022-05-20,5.000236988067627
2022-05-23,4.975110054016113
2022-05-24,4.891355037689209
2022-05-25,4.8327250480651855
2022-05-26,4.790846824645996
2022-05-27,4.857851982116699
2022-05-30,4.866227626800537
2022-05-31,4.815974235534668
2022-06-01,4.958360195159912
2022-06-02,4.983486175537109
2022-06-03,5.016988754272461
2022-06-06,5.042115688323975
2022-06-07,4.983486175537109
2022-06-08,5.083993434906006
2022-06-09,4.983486175537109
2022-06-10,4.882978439331055
2022-06-14,4.782471656799316
2022-06-15,4.824350357055664
2022-06-16,4.841101169586182
2022-06-17,4.748969078063965
2022-06-20,4.790846824645996
2022-06-21,4.8327250480651855
2022-06-22,4.9164814949035645
2022-06-23,4.908105373382568
2022-06-24,5.142622947692871
2022-06-27,5.150999069213867
2022-06-28,5.159372806549072
2022-06-29,5.0504913330078125
2022-06-30,5.000236988067627
2022-07-01,4.991861343383789
2022-07-04,5.058867454528809
2022-07-05,5.000236988067627
2022-07-06,5.042115688323975
2022-07-07,5.058867454528809
2022-07-08,5.000236988067627
2022-07-11,5.016988754272461
2022-07-12,4.941608428955078
2022-07-13,4.899730205535889
2022-07-14,5.075618267059326
2022-07-15,4.975110054016113
2022-07-18,5.058867454528809
2022-07-19,5.042115688323975
2022-07-20,5.1761250495910645
2022-07-21,5.301759719848633
2022-07-22,5.22637939453125
2022-07-25,5.1761250495910645
2022-07-26,5.218003273010254
2022-07-27,5.19287633895874
2022-07-28,5.276632308959961
2022-07-29,5.3101348876953125
2022-08-01,5.335261821746826
2022-08-02,5.393890857696533
2022-08-03,5.402266502380371
2022-08-04,5.4441447257995605
2022-08-05,5.435769081115723
2022-08-08,5.385514736175537
2022-08-09,5.402266502380371
2022-08-10,5.377140045166016
2022-08-11,5.402266502380371
2022-08-12,5.553028106689453
2022-08-15,5.536276340484619
2022-08-16,5.5865302085876465
2022-08-17,5.611656188964844
2022-08-18,5.544651508331299
2022-08-19,4.857851982116699
2022-08-22,4.6987152099609375
2022-08-23,4.7322187423706055
2022-08-24,4.690340518951416
2022-08-25,4.53120231628418
2022-08-26,4.464198589324951
2022-08-29,4.405570030212402
2022-08-30,4.413945198059082
2022-08-31,4.480950355529785
2022-09-01,4.4558234214782715
2022-09-02,4.430696487426758
2022-09-05,4.355315208435059
2022-09-06,4.355315208435059
2022-09-07,4.279935359954834
2022-09-08,4.355315208435059
2022-09-09,4.321812629699707
2022-09-12,4.330189228057861
2022-09-13,4.381332874298096
2022-09-14,4.321664333343506
2022-09-15,4.2705206871032715
2022-09-16,4.202329158782959
2022-09-19,4.185281276702881
2022-09-20,4.261996746063232
2022-09-21,4.236425876617432
2022-09-23,4.142661094665527
2022-09-26,4.11708927154541
2022-09-27,4.057421684265137
2022-09-28,4.040372848510742
2022-09-29,4.168233394622803
2022-09-30,4.134137153625488
2022-10-03,4.0488972663879395
2022-10-04,4.091517448425293
2022-10-05,4.091517448425293
2022-10-06,4.134137153625488
2022-10-07,4.074469566345215
2022-10-10,3.9807050228118896
2022-10-11,3.921036720275879
2022-10-12,3.921036720275879
2022-10-13,3.9125139713287354
2022-10-14,3.9551331996917725
2022-10-17,3.9551331996917725
2022-10-18,3.989229202270508
2022-10-19,4.031848430633545
2022-10-20,3.929560899734497
2022-10-21,3.8698933124542236
2022-10-24,3.903989791870117
2022-10-25,3.997753143310547
2022-10-26,4.057421684265137
2022-10-27,4.031848430633545
2022-10-28,4.100041389465332
2022-10-31,4.176756858825684
2022-11-01,4.176756858825684
2022-11-02,4.065944671630859
2022-11-03,4.065944671630859
2022-11-04,4.108564376831055
2022-11-07,4.125612735748291
2022-11-08,4.11708927154541
2022-11-09,4.11708927154541
2022-11-10,4.134137153625488
2022-11-11,4.185281276702881
2022-11-14,4.11708927154541
2022-11-15,4.185281276702881
2022-11-16,4.125612735748291
2022-11-17,4.1597089767456055
2022-11-18,4.210853099822998
2022-11-21,4.202329158782959
2022-11-22,4.176756858825684
2022-11-23,4.1597089767456055
2022-11-24,4.168233394622803
2022-11-25,4.19380521774292
2022-11-28,4.219376564025879
2022-11-29,4.227900981903076
2022-11-30,4.168233394622803
2022-12-01,4.227900981903076
2022-12-02,4.261996746063232
2022-12-05,4.261996746063232
2022-12-06,4.296092987060547
2022-12-07,4.296092987060547
2022-12-08,4.313140869140625
2022-12-09,4.313140869140625
2022-12-12,4.261996746063232
2022-12-13,4.321664333343506
2022-12-14,4.202329158782959
2022-12-15,4.100041389465332
2022-12-16,4.151185035705566
2022-12-19,4.134137153625488
2022-12-20,4.065944671630859
2022-12-21,4.023324966430664
2022-12-22,4.091517448425293
2022-12-23,4.202329158782959
2022-12-28,4.176756858825684
2022-12-29,4.1597089767456055
2022-12-30,4.168233394622803
2023-01-03,4.125612735748291
2023-01-04,4.142661094665527
2023-01-05,4.1597089767456055
2023-01-06,4.134137153625488
2023-01-09,4.151185035705566
2023-01-10,4.142661094665527
2023-01-11,4.1597089767456055
2023-01-12,4.168233394622803
2023-01-13,4.151185035705566
2023-01-16,4.176756858825684
2023-01-17,4.1597089767456055
2023-01-18,4.1597089767456055
2023-01-19,4.2449493408203125
2023-01-20,4.261996746063232
2023-01-23,4.279045581817627
2023-01-24,4.381332874298096
2023-01-25,4.227900981903076
2023-01-27,4.261996746063232
2023-01-30,4.210853099822998
2023-01-31,4.108564376831055
2023-02-01,4.142661094665527
2023-02-02,4.100041389465332
2023-02-03,3.989229202270508
2023-02-06,4.091517448425293
2023-02-07,4.100041389465332
2023-02-08,4.057421684265137
2023-02-09,4.006277084350586
2023-02-10,3.9807050228118896
2023-02-13,3.9466099739074707
2023-02-14,3.997753143310547
2023-02-15,4.0488972663879395
2023-02-16,4.074469566345215
2023-02-17,4.006277084350586
2023-02-20,3.9807050228118896
2023-02-21,4.006277084350586
2023-02-22,3.9807050228118896
2023-02-23,4.006277084350586
2023-02-24,4.023324966430664
2023-02-27,4.261996746063232
2023-02-28,4.321664333343506
2023-03-01,4.2449493408203125
2023-03-02,4.210853099822998
2023-03-03,4.219376564025879
2023-03-06,4.261996746063232
2023-03-07,4.304617404937744
2023-03-08,4.2705206871032715
2023-03-09,4.381332874298096
2023-03-10,4.475096702575684
2023-03-13,4.347237586975098
2023-03-14,4.304617404937744
2023-03-15,4.321974754333496
2023-03-16,4.304616928100586
2023-03-17,4.391403675079346
2023-03-20,4.33933162689209
2023-03-21,4.25254487991333
2023-03-22,4.25254487991333
2023-03-23,4.243866920471191
2023-03-24,4.174437522888184
2023-03-27,4.183115005493164
2023-03-28,4.139721870422363
2023-03-29,4.191794395446777
2023-03-30,4.191794395446777
2023-03-31,4.235187530517578
2023-04-03,4.217830181121826
2023-04-04,4.278581142425537
2023-04-05,4.382725238800049
2023-04-06,4.400081634521484
2023-04-11,4.443475246429443
2023-04-12,4.443475246429443
2023-04-13,4.5215840339660645
2023-04-14,4.547618865966797
2023-04-17,4.538941383361816
2023-04-18,4.504226207733154
2023-04-19,4.599691390991211
2023-04-20,4.564977169036865
2023-04-21,4.57365608215332
2023-04-24,4.599691390991211
2023-04-26,4.57365608215332
2023-04-27,4.608370780944824
2023-04-28,4.66044282913208
2023-05-01,4.7732648849487305
2023-05-02,4.677799224853516
2023-05-03,4.747228145599365
2023-05-04,4.8253374099731445
2023-05-05,4.764585971832275
2023-05-08,4.790622234344482
2023-05-09,4.84269380569458
2023-05-10,4.886087417602539
2023-05-11,4.84269380569458
2023-05-12,4.834015846252441
2023-05-15,4.860051155090332
2023-05-16,4.764585971832275
2023-05-17,4.7559075355529785
2023-05-18,4.7559075355529785
2023-05-19,4.807979583740234
2023-05-22,4.790622234344482
2023-05-23,4.7559075355529785
2023-05-24,4.721192836761475
2023-05-25,4.747228145599365
2023-05-26,4.747228145599365
2023-05-29,4.747228145599365
2023-05-30,4.8166584968566895
2023-05-31,4.747228145599365
2023-06-01,4.807979583740234
2023-06-02,4.7732648849487305
2023-06-05,4.721192836761475
2023-06-06,4.695156574249268
2023-06-07,4.703835487365723
2023-06-08,4.608370780944824
2023-06-09,4.547618865966797
2023-06-13,4.608370780944824
2023-06-14,4.686478137969971
2023-06-15,4.677799224853516
2023-06-16,4.7732648849487305
2023-06-19,4.790622234344482
2023-06-20,4.8253374099731445
2023-06-21,4.564977169036865
2023-06-22,4.443475246429443
2023-06-23,4.426118850708008
2023-06-26,4.374046325683594
2023-06-27,4.261223793029785
2023-06-28,4.287259578704834
2023-06-29,4.278581142425537
2023-06-30,4.226509094238281
2023-07-03,4.261223793029785
2023-07-04,4.313296318054199
2023-07-05,4.287259578704834
2023-07-06,4.226509094238281
2023-07-07,4.1657586097717285
2023-07-10,4.191794395446777
2023-07-11,4.191794395446777
2023-07-12,4.217830181121826
2023-07-13,4.25254487991333
2023-07-14,4.261223793029785
2023-07-17,4.243866920471191
2023-07-18,4.226509094238281
2023-07-19,4.25254487991333
2023-07-20,4.26990270614624
2023-07-21,4.26990270614624
2023-07-24,4.313296318054199
2023-07-25,4.348010063171387
2023-07-26,4.365367889404297
2023-07-27,4.382725238800049
2023-07-28,4.356689453125
2023-07-31,4.356689453125
2023-08-01,4.860051155090332
2023-08-02,4.7298712730407715
2023-08-03,4.721192836761475
2023-08-04,4.738549709320068
2023-08-07,4.7732648849487305
2023-08-08,4.781943321228027
2023-08-09,4.8166584968566895
2023-08-10,4.747228145599365
2023-08-11,4.7559075355529785
2023-08-14,4.764585971832275
2023-08-15,4.747228145599365
2023-08-16,4.7298712730407715
2023-08-17,4.703835487365723
2023-08-18,4.66044282913208
2023-08-21,4.66044282913208
2023-08-22,4.695156574249268
2023-08-23,4.7125139236450195
2023-08-24,4.8166584968566895
2023-08-25,4.747228145599365
2023-08-28,4.7298712730407715
2023-08-29,4.703835487365723
2023-08-30,4.7732648849487305
2023-08-31,4.886087417602539
2023-09-01,4.851372241973877
2023-09-04,4.903444766998291
2023-09-05,4.912123203277588
2023-09-06,4.84269380569458
2023-09-07,4.8166584968566895
2023-09-08,4.834015846252441
2023-09-11,4.851372241973877
2023-09-12,4.904297351837158
2023-09-13,4.939579010009766
2023-09-14,4.9925031661987305
2023-09-15,4.983683109283447
2023-09-18,4.939579010009766
2023-09-19,4.877835273742676
2023-09-20,4.860193252563477
2023-09-21,4.816089630126953
2023-09-22,4.860193252563477
2023-09-25,4.921937942504883
2023-09-26,4.886655330657959
2023-09-27,4.8425517082214355
2023-09-28,4.816089630126953
2023-09-29,4.816089630126953
2023-10-02,4.8249101638793945
2023-10-03,4.736704349517822
2023-10-04,4.630856037139893
2023-10-05,4.683780193328857
2023-10-06,4.710241794586182
2023-10-09,4.674959182739258
2023-10-10,4.657317638397217
2023-10-11,4.604393482208252
2023-10-12,4.604393482208252
2023-10-13,4.569111347198486
2023-10-16,4.569111347198486
2023-10-17,4.8249101638793945
2023-10-18,4.886655330657959
2023-10-19,4.79844856262207
2023-10-20,4.710241794586182
2023-10-23,4.648497581481934
2023-10-24,4.61321496963501
2023-10-25,4.639676570892334
2023-10-26,4.525007724761963
2023-10-27,4.569111347198486
2023-10-30,4.4809041023254395
2023-10-31,4.569111347198486
2023-11-01,4.542648792266846
2023-11-02,4.630856037139893
2023-11-03,4.666139125823975
2023-11-06,4.710241794586182
2023-11-07,4.79844856262207
2023-11-08,4.833731651306152
2023-11-09,4.8425517082214355
2023-11-10,4.807269096374512
2023-11-13,4.242746353149414
2023-11-14,4.286849021911621
2023-11-15,4.242746353149414
2023-11-16,4.198643207550049
2023-11-17,4.189821720123291
2023-11-20,4.181000709533691
2023-11-21,4.181000709533691
2023-11-22,4.128077030181885
2023-11-23,4.119256496429443
2023-11-24,4.110435485839844
2023-11-27,4.154539585113525
2023-11-28,4.119256496429443
2023-11-29,4.154539585113525
2023-11-30,4.163359642028809
2023-12-01,4.154539585113525
2023-12-04,4.17218017578125
2023-12-05,4.163359642028809
2023-12-06,4.251565933227539
2023-12-07,4.225104808807373
2023-12-08,4.198643207550049
2023-12-11,4.2339253425598145
2023-12-12,4.251565933227539
2023-12-13,4.260387420654297
2023-12-14,4.383877277374268
2023-12-15,4.419159412384033
2023-12-18,4.375056266784668
2023-12-19,4.427980899810791
2023-12-20,4.489725112915039
2023-12-21,4.47208309173584
2023-12-22,4.454442501068115
2023-12-27,4.525007724761963
2023-12-28,4.560290336608887
2023-12-29,4.569111347198486
2024-01-02,4.525007724761963
2024-01-03,4.445621490478516
2024-01-04,4.427980899810791
2024-01-05,4.401517868041992
2024-01-08,4.445621490478516
2024-01-09,4.525007724761963
2024-01-10,4.498546123504639
2024-01-11,4.47208309173584
2024-01-12,4.516186714172363
2024-01-15,4.555880069732666
2024-01-16,4.533828258514404
2024-01-17,4.551469802856445
2024-01-18,4.533828258514404
2024-01-19,4.551469802856445
2024-01-22,4.630856037139893
2024-01-23,4.639676570892334
2024-01-24,4.595573425292969
2024-01-25,4.586751461029053
2024-01-29,4.595573425292969
2024-01-30,4.674959182739258
2024-01-31,4.666139125823975
2024-02-01,4.595573425292969
2024-02-02,4.7808074951171875
2024-02-05,4.719062805175781
2024-02-06,4.719062805175781
2024-02-07,4.710241794586182
2024-02-08,4.727883338928223
2024-02-09,4.70142126083374
2024-02-12,4.719062805175781
2024-02-13,4.727883338928223
2024-02-14,4.648497581481934
2024-02-15,4.736704349517822
2024-02-16,4.736704349517822
2024-02-19,4.710241794586182
2024-02-20,4.727883338928223
2024-02-21,4.674959182739258
2024-02-22,4.674959182739258
2024-02-23,4.727883338928223
2024-02-26,4.3485941886901855
2024-02-27,4.163359642028809
2024-02-28,4.163359642028809
2024-02-29,4.136897563934326
2024-03-01,4.145718574523926
2024-03-04,4.136897563934326
2024-03-05,4.128077030181885
2024-03-06,4.083974361419678
2024-03-07,4.0663323402404785
2024-03-08,4.101614952087402
2024-03-11,4.057511329650879
2024-03-12,4.057511329650879
2024-03-13,4.031050205230713
2024-03-14,4.112030982971191
2024-03-15,4.067041397094727
2024-03-18,4.0220513343811035
2024-03-19,4.0400471687316895
2024-03-20,4.0310492515563965
2024-03-21,4.067041397094727
2024-03-22,3.986060380935669
2024-03-25,4.0400471687316895
2024-03-26,4.004055976867676
2024-03-27,3.968064308166504
2024-03-28,4.058043956756592
2024-04-02,4.0310492515563965
2024-04-03,3.932072877883911
2024-04-04,4.004055976867676
2024-04-05,4.013053894042969
2024-04-08,4.004055976867676
2024-04-09,3.986060380935669
2024-04-10,3.995058298110962
2024-04-11,3.932072877883911
2024-04-12,3.869088649749756
2024-04-15,3.869088649749756
2024-04-16,3.779109001159668
2024-04-17,3.833096981048584
2024-04-18,3.824098587036133
2024-04-19,3.7521159648895264
2024-04-22,3.851092576980591
2024-04-23,3.833096981048584
2024-04-24,3.797104597091675
2024-04-26,3.72512149810791
2024-04-29,3.9230754375457764
2024-04-30,4.058043956756592
2024-05-01,4.049045562744141
2024-05-02,3.986060380935669
2024-05-03,4.004055976867676
2024-05-06,4.013053894042969
2024-05-07,3.977062940597534
2024-05-08,4.013053894042969
2024-05-09,4.0310492515563965
2024-05-10,4.0760393142700195
2024-05-13,4.0940351486206055
2024-05-14,4.085036754608154
2024-05-15,4.058043956756592
2024-05-16,4.15701961517334
2024-05-17,4.1300272941589355
2024-05-20,4.184013843536377
2024-05-21,4.220005512237549
2024-05-22,4.184013843536377
2024-05-23,4.202009677886963
2024-05-24,4.139024257659912
2024-05-27,4.10303258895874
2024-05-28,4.10303258895874
2024-05-29,4.112030982971191
2024-05-30,4.1300272941589355
2024-05-31,4.184013843536377
2024-06-03,4.15701961517334
2024-06-04,4.175015926361084
2024-06-05,4.202009677886963
2024-06-06,4.184013843536377
2024-06-07,4.211007118225098
2024-06-11,4.148022651672363
2024-06-12,4.175015926361084
2024-06-13,4.193011283874512
2024-06-14,4.202009677886963
2024-06-17,4.211007118225098
2024-06-18,4.211007118225098
2024-06-19,4.238001346588135
2024-06-20,4.175015926361084
2024-06-21,4.2559967041015625
2024-06-24,4.220005512237549
2024-06-25,4.202009677886963
2024-06-26,4.049045562744141
2024-06-27,4.058043956756592
2024-06-28,4.121028900146484
2024-07-01,4.121028900146484
2024-07-02,4.058043956756592
2024-07-03,4.0400471687316895
2024-07-04,4.085036754608154
2024-07-05,4.121028900146484
2024-07-08,4.148022651672363
2024-07-09,4.193011283874512
2024-07-10,4.175015926361084
2024-07-11,4.27399206161499
2024-07-12,4.3009867668151855
2024-07-15,4.2829909324646
2024-07-16,4.229002952575684
2024-07-17,4.2559967041015625
2024-07-18,4.211007118225098
2024-07-19,4.175015926361084
2024-07-22,4.15701961517334
2024-07-23,4.166018009185791
2024-07-24,4.166018009185791
2024-07-25,4.085036754608154
2024-07-26,4.10303258895874
2024-07-29,4.238001346588135
2024-07-30,4.229002952575684
2024-07-31,4.27399206161499
2024-08-01,4.184013843536377
2024-08-02,4.139024257659912
2024-08-05,4.058043956756592
2024-08-06,4.0400471687316895
2024-08-07,4.0400471687316895
2024-08-08,4.0220513343811035
2024-08-09,4.049045562744141
2024-08-12,3.995058298110962
2024-08-13,4.085036754608154
2024-08-14,4.0940351486206055
2024-08-15,4.10303258895874
2024-08-16,4.10303258895874
2024-08-19,4.067041397094727
2024-08-20,4.0940351486206055
2024-08-21,4.085036754608154
2024-08-22,4.085036754608154
2024-08-23,4.10303258895874
2024-08-26,4.184013843536377
2024-08-27,4.175015926361084
2024-08-28,4.184013843536377
2024-08-29,4.121028900146484
2024-08-30,4.462948322296143
2024-09-02,4.48094367980957
2024-09-03,4.462948322296143
2024-09-04,4.390964984893799
2024-09-05,4.471945762634277
2024-09-06,4.489941596984863
2024-09-09,4.507936954498291
2024-09-10,4.48094367980957
2024-09-11,4.435954570770264
2024-09-12,4.509275913238525
2024-09-13,4.5184407234191895
2024-09-16,4.4634504318237305
2024-09-17,4.426789283752441
2024-09-18,4.500110149383545
2024-09-19,4.472615718841553
2024-09-20,4.380963325500488
2024-09-23,4.344302177429199
2024-09-24,4.30764102935791
2024-09-25,4.261815547943115
2024-09-26,4.500110149383545
2024-09-27,4.527606010437012
2024-09-30,4.509275913238525
2024-10-01,4.481780052185059
2024-10-02,4.527606010437012
2024-10-03,4.619258403778076
2024-10-04,4.573432445526123
2024-10-07,4.591763019561768
2024-10-08,4.619258403778076
2024-10-09,4.600927829742432
2024-10-10,4.6375885009765625
2024-10-11,4.6650848388671875
2024-10-14,4.472615718841553
2024-10-15,4.472615718841553
2024-10-16,4.445119857788086
2024-10-17,4.426789283752441
2024-10-18,4.35346794128418
2024-10-21,4.289310932159424
2024-10-22,4.252650260925293
2024-10-23,4.215989589691162
2024-10-24,4.206824779510498
2024-10-25,4.151833534240723
2024-10-28,4.133503437042236
2024-10-29,4.160998344421387
2024-10-30,4.170164108276367
2024-10-31,4.1426682472229
2024-11-01,4.133503437042236
2024-11-04,4.1426682472229
2024-11-05,4.133503437042236
2024-11-06,4.151833534240723
2024-11-07,4.096842288970947
2024-11-08,4.051016330718994
2024-11-11,4.032686233520508
2024-11-12,3.9960250854492188
2024-11-13,4.005189895629883
2024-11-14,4.023520469665527
2024-11-15,4.078512191772461
2024-11-18,4.124337673187256
2024-11-19,4.151833534240723
2024-11-20,4.069346904754639
2024-11-21,4.005189895629883
2024-11-22,4.032686233520508
2024-11-25,3.9960250854492188
2024-11-26,3.9868593215942383
2024-11-27,4.124337673187256
2024-11-28,4.133503437042236
2024-11-29,4.124337673187256
2024-12-02,4.160998344421387
2024-12-03,4.124337673187256
2024-12-04,4.115172386169434
2024-12-05,4.1426682472229
2024-12-06,4.115172386169434
2024-12-09,4.078512191772461
2024-12-10,4.023520469665527
2024-12-11,4.041850566864014
2024-12-12,4.096842288970947
2024-12-13,4.087677478790283
2024-12-16,4.069346904754639
2024-12-17,4.060181140899658
2024-12-18,4.023520469665527
2024-12-19,3.9776949882507324
2024-12-20,3.9501988887786865
2024-12-23,4.051016330718994
2024-12-24,4.069346904754639
2024-12-27,4.087677478790283
2024-12-30,4.106007099151611
2024-12-31,4.115172386169434
2025-01-02,4.151833534240723
2025-01-03,4.197659492492676
2025-01-06,4.078512191772461
2025-01-07,4.032686233520508
2025-01-08,4.023520469665527
2025-01-09,4.014355659484863
2025-01-10,3.9960250854492188
2025-01-13,4.014355659484863
2025-01-14,4.032686233520508
2025-01-15,4.096842288970947
2025-01-16,4.215989589691162
2025-01-17,4.115172386169434
2025-01-20,4.106007099151611
2025-01-21,4.069346904754639
2025-01-22,4.014355659484863
2025-01-23,3.8768773078918457
2025-01-24,3.922703981399536
2025-01-28,3.9501988887786865
2025-01-29,3.9501988887786865
2025-01-30,4.005189895629883
2025-01-31,4.032686233520508
2025-02-03,3.9410336017608643
2025-02-04,3.959364414215088
2025-02-05,4.032686233520508
2025-02-06,4.060181140899658
2025-02-07,4.051016330718994
2025-02-10,4.005189895629883
2025-02-11,4.060181140899658
2025-02-12,4.005189895629883
2025-02-13,3.9501988887786865
2025-02-14,4.023520469665527
2025-02-17,4.014355659484863
2025-02-18,4.051016330718994
2025-02-19,4.078512191772461
2025-02-20,4.151833534240723
2025-02-21,4.106007099151611
2025-02-24,4.124337673187256
2025-02-25,4.096842288970947
2025-02-26,4.115172386169434
2025-02-27,4.1426682472229
2025-02-28,4.243485450744629
2025-03-03,4.133503437042236
2025-03-04,4.115172386169434
2025-03-05,4.106007099151611
2025-03-06,4.171479225158691
2025-03-07,4.1808319091796875
2025-03-10,4.199538230895996
2025-03-11,4.190185070037842
2025-03-12,4.096654415130615
2025-03-13,4.134066581726074
2025-03-14,4.227597713470459
2025-03-17,4.190185070037842
2025-03-18,4.265009880065918
2025-03-19,4.255657196044922
2025-03-20,4.508190155029297
2025-03-21,4.620427131652832
2025-03-24,4.648486614227295
2025-03-25,4.554955959320068
2025-03-26,4.53624963760376
2025-03-27,4.517543315887451
2025-03-28,4.470777988433838
2025-03-31,4.4894843101501465
2025-04-01,4.470777988433838
2025-04-02,4.461424827575684
2025-04-03,4.414659023284912
2025-04-04,4.433365345001221
2025-04-07,4.405306339263916
2025-04-08,4.53624963760376
2025-04-09,4.480131149291992
2025-04-10,4.611073970794678
2025-04-11,4.620427131652832
2025-04-14,4.6671929359436035
2025-04-15,4.583014965057373
2025-04-16,4.583014965057373
2025-04-17,4.545603275299072
2025-04-22,4.564309120178223
2025-04-23,4.601721286773682
2025-04-24,4.639133453369141
2025-04-28,4.648486614227295
2025-04-29,4.713958263397217
2025-04-30,4.732664108276367
2025-05-01,4.751370429992676
2025-05-02,4.798136234283447
2025-05-05,4.751370429992676
2025-05-06,4.788783073425293
2025-05-07,4.863607406616211
2025-05-08,4.8355488777160645
2025-05-09,4.863607406616211
2025-05-12,4.872960567474365
2025-05-13,4.8449015617370605
2025-05-14,4.723311901092529
2025-05-15,4.732664108276367
2025-05-16,4.770076751708984
2025-05-19,4.82619571685791
2025-05-20,4.807489395141602
2025-05-21,4.779430389404297
2025-05-22,4.798136234283447
2025-05-23,4.82619571685791
2025-05-26,4.8449015617370605
2025-05-27,4.82619571685791
2025-05-28,4.8355488777160645
2025-05-29,4.816842555999756
2025-05-30,4.816842555999756
2025-06-02,4.8449015617370605
2025-06-03,4.90101957321167
2025-06-04,4.82619571685791
2025-06-05,4.816842555999756
2025-06-06,4.863607406616211
2025-06-10,4.910373210906982
2025-06-11,4.90101957321167
2025-06-12,4.910373210906982
2025-06-13,4.938432693481445
2025-06-16,5.088082313537598
2025-06-17,5.022610187530518
2025-06-18,5.088082313537598
2025-06-19,5.106788635253906
2025-06-20,4.994551181793213
2025-06-23,5.088082313537598
2025-06-24,5.041316509246826
2025-06-25,5.013257026672363
2025-06-26,4.994551181793213
2025-06-27,5.003903865814209
2025-06-30,4.985198020935059
2025-07-01,5.013257026672363
2025-07-02,5.088082313537598
2025-07-03,5.013257026672363
2025-07-04,5.003903865814209
2025-07-07,5.013257026672363
2025-07-08,5.03196382522583
2025-07-09,5.097434997558594
2025-07-10,5.088082313537598
2025-07-11,5.116140842437744
2025-07-14,5.106788635253906
2025-07-15,5.134847164154053
2025-07-16,5.219025135040283
2025-07-17,5.209672451019287
2025-07-18,5.256437301635742
2025-07-21,5.1535539627075195
2025-07-22,5.116140842437744
2025-07-23,5.125494480133057
2025-07-24,5.162906646728516
2025-07-25,5.17225980758667
2025-07-28,5.219025135040283
2025-07-29,5.247084617614746
2025-07-30,5.284496784210205
2025-07-31,5.181612491607666
2025-08-01,5.125494480133057
2025-08-04,5.162906646728516
2025-08-05,5.144200325012207
2025-08-06,4.8823137283325195
2025-08-07,4.919726371765137
2025-08-08,5.003903865814209
2025-08-11,4.994551181793213
2025-08-12,4.947785377502441
2025-08-13,4.947785377502441
2025-08-14,4.947785377502441
2025-08-15,4.96649169921875
2025-08-18,4.975844860076904
2025-08-19,4.863607406616211
2025-08-20,4.872960567474365
2025-08-21,4.919726371765137
2025-08-22,4.919726371765137
2025-08-25,4.929079532623291
2025-08-26,4.929079532623291
2025-08-27,4.975844860076904
2025-08-28,4.947785377502441
2025-08-29,4.947785377502441
2025-09-01,4.891666889190674
2025-09-02,4.788783073425293
2025-09-03,4.713958263397217
2025-09-04,4.666342258453369
2025-09-05,4.675865173339844
2025-09-08,4.694911479949951
2025-09-09,4.704434871673584
2025-09-10,4.704434871673584
2025-09-11,4.685388565063477
2025-09-12,4.637773036956787
2025-09-15,4.609203815460205
2025-09-16,4.704434871673584
2025-09-17,4.675865173339844
2025-09-18,4.6568193435668945
2025-09-19,4.7901434898376465
2025-09-22,4.799666404724121
2025-09-23,4.866328716278076
2025-09-24,4.8187127113342285
2025-09-25,4.856805324554443
2025-09-26,4.7901434898376465
2025-09-29,4.771097183227539
2025-09-30,4.780620098114014
2025-10-01,4.7901434898376465
2025-10-02,4.8187127113342285
2025-10-03,4.913944244384766
2025-10-06,4.885375022888184
2025-10-07,4.904421329498291
2025-10-08,4.9806060791015625
2025-10-09,5.142499923706055
2025-10-10,5.142499923706055
2025-10-13,5.009175777435303
2025-10-14,4.952036380767822
2025-10-15,4.99965238571167
2025-10-16,5.056791305541992
2025-10-17,5.047268390655518
2025-10-20,5.0758376121521
2025-10-21,5.047268390655518
2025-10-22,5.094883918762207
2025-10-23,5.085361003875732
2025-10-24,5.10440731048584
2025-10-27,5.152022838592529
2025-10-28,5.190115451812744
2025-10-29,5.266300678253174
2025-10-30,5.266300678253174
2025-10-31,5.266300678253174
2025-11-03,5.237730979919434
2025-11-04,5.171069145202637
2025-11-05,5.1805925369262695
2025-11-06,5.237730979919434
2025-11-07,5.380578517913818
2025-11-10,5.361532211303711
2025-11-11,5.418671131134033
2025-11-12,5.418671131134033
2025-11-13,5.332962512969971
2025-11-14,3.6187961101531982
2025-11-17,3.6187961101531982
2025-11-18,3.6187961101531982
2025-11-19,3.5521342754364014
2025-11-20,3.656888723373413
2025-11-21,3.599749803543091
2025-11-24,3.599749803543091
2025-11-25,3.6092729568481445
2025-11-26,3.599749803543091
2025-11-27,3.6092729568481445
2025-11-28,3.571180582046509
2025-12-01,3.5807037353515625
2025-12-02,3.590226888656616
2025-12-03,3.590226888656616
2025-12-04,3.571180582046509
2025-12-05,3.5426111221313477
2025-12-08,3.571180582046509
2025-12-09,3.5140416622161865
2025-12-10,3.533087968826294
2025-12-11,3.590226888656616
2025-12-12,3.6187961101531982
2025-12-15,3.685458183288574
2025-12-16,3.6378424167633057
2025-12-17,3.6187961101531982
2025-12-18,3.571180582046509
2025-12-19,3.590226888656616
2025-12-22,3.590226888656616
2025-12-23,3.599749803543091
2025-12-24,3.666411876678467
2025-12-29,3.6378424167633057
2025-12-30,3.656888723373413
2025-12-31,3.6092729568481445
2026-01-02,3.685458183288574
2026-01-05,3.685458183288574
2026-01-06,3.628319263458252
2026-01-07,3.7140278816223145
2026-01-08,3.7140278816223145
2026-01-09,3.733074188232422
2026-01-12,3.761643409729004
2026-01-13,3.7806897163391113
2026-01-14,3.761643409729004
2026-01-15,3.761643409729004
2026-01-16,3.7425971031188965
2026-01-19,3.723551034927368
2026-01-20,3.7045047283172607
2026-01-21,3.723551034927368
2026-01-22,3.75212025642395
2026-01-23,3.75212025642395
2026-01-27,3.6759350299835205
2026-01-28,3.694981575012207
2026-01-29,3.6759350299835205
2026-01-30,3.685458183288574
2026-02-02,3.7425971031188965
2026-02-03,3.761643409729004
2026-02-04,3.733074188232422
2026-02-05,3.7806897163391113
2026-02-06,3.7045047283172607
2026-02-09,3.7140278816223145
2026-02-10,3.685458183288574
2026-02-11,3.628319263458252
2026-02-12,3.6187961101531982
2026-02-13,3.6187961101531982
2026-02-16,3.628319263458252
2026-02-17,3.6473655700683594
2026-02-18,3.694981575012207
2026-02-19,3.75212025642395
2026-02-20,3.7140278816223145
2026-02-23,3.6759350299835205
2026-02-24,3.723551034927368
2026-02-25,3.723551034927368
2026-02-26,3.85687518119812
2026-02-27,3.75212025642395
2026-03-02,3.8092591762542725
2026-03-03,3.85687518119812
2026-03-04,3.85687518119812
2026-03-05,3.847135305404663
2026-03-06,3.9347915649414062
2026-03-09,3.8081769943237305
2026-03-10,3.8373959064483643
2026-03-11,3.8373959064483643
2026-03-12,3.7886979579925537
2026-03-13,3.8081769943237305
2026-03-16,3.847135305404663
2026-03-17,3.876354217529297
2026-03-18,3.8958332538604736
2026-03-19,3.9055731296539307
2026-03-20,3.96401047706604
2026-03-23,3.9250521659851074
2026-03-24,3.9250521659851074
2026-03-25,3.954270601272583
2026-03-26,3.9153122901916504
2026-03-27,3.9250521659851074
2026-03-30,3.8860936164855957
2026-03-31,3.9153122901916504
2026-04-01,3.9250521659851074
2026-04-02,3.973749876022339
2026-04-07,3.9445314407348633
2026-04-08,3.9347915649414062
2026-04-09,3.9932289123535156
2026-04-10,4.119843482971191
2026-04-13,4.16854190826416
2026-04-14,4.158802032470703
2026-04-15,4.2172393798828125
2026-04-16,4.16854190826416
2026-04-17,4.207499980926514
2026-04-20,4.207499980926514
2026-04-21,4.2172393798828125
2026-04-22,4.2172393798828125
2026-04-23,4.149062633514404
2026-04-24,4.2269792556762695
2026-04-27,4.188020706176758
2026-04-28,4.16854190826416
2026-04-29,4.110104084014893
2026-04-30,4.080885410308838
2026-05-01,4.090624809265137
2026-05-04,4.100364685058594
2026-05-05,4.090624809265137
2026-05-06,4.032187461853027
2026-05-07,4.032187461853027
2026-05-08,4.032187461853027
2026-05-11,4.051666259765625
2026-05-12,3.973749876022339
2026-05-13,3.96401047706604
2026-05-14,4.002968788146973
2026-05-15,4.061406135559082
2026-05-18,4.051666259765625
2026-05-19,4.110104084014893
2026-05-20,4.071145534515381
2026-05-21,4.061406135559082
2026-05-22,4.0224480628967285
2026-05-25,3.973749876022339
2026-05-26,3.954270601272583
2026-05-27,3.8860936164855957
2026-05-28,3.866614580154419
2026-05-29,3.7984375953674316
2026-06-01,3.8958332538604736
2026-06-02,3.6036458015441895
2026-06-03,3.5841667652130127
2026-06-04,3.5062499046325684
2026-06-05,3.535468816757202
2026-06-09,3.5744271278381348
2026-06-10,3.535468816757202
2026-06-11,3.6036458015441895
2026-06-12,3.6133854389190674
2026-06-15,3.54520845413208
2026-06-16,3.5841667652130127
2026-06-17,3.554947853088379
2026-06-18,3.5841667652130127
2026-06-19,3.7010414600372314
2026-06-22,3.5841667652130127
2026-06-23,3.5744271278381348
2026-06-24,3.5841667652130127
2026-06-25,3.554947853088379
2026-06-26,3.54520845413208
2026-06-29,3.525728940963745
2026-06-30,3.5062499046325684
2026-07-01,3.535468816757202
2026-07-02,3.54520845413208
2026-07-03,3.515989303588867
2026-07-06,3.515989303588867
2026-07-07,3.4965102672576904
2026-07-08,3.4672915935516357
2026-07-09,3.4770312309265137
2026-07-10,3.535468816757202
2026-07-13,3.525728940963745
2026-07-14,3.525728940963745
2026-07-15,3.457551956176758
2026-07-16,3.5062499046325684
2026-07-17,3.4867706298828125
2026-07-20,3.4867706298828125
2026-07-21,3.428333282470703
2026-07-22,3.44781231880188
2026-07-23,3.438072919845581
2026-07-24,3.418593645095825
2026-07-27,3.418593645095825
2026-07-28,3.44781231880188
2026-07-29,3.5062499046325684
2026-07-30,3.515989303588867
2026-07-31,3.4867706298828125
2026-08-03,3.4867706298828125
2026-08-04,3.4770312309265137
2026-08-05,3.4867706298828125
2026-08-06,3.4965102672576904
2026-08-07,3.525728940963745
2026-08-10,3.515989303588867
2026-08-11,3.525728940963745
2026-08-12,3.4867706298828125
2026-08-13,3.4770312309265137
2026-08-14,3.457551956176758
2026-08-17,3.5062499046325684
2026-08-18,3.457551956176758
2026-08-19,3.438072919845581
2026-08-20,3.438072919845581
2026-08-21,3.7107810974121094
2026-08-24,3.749739408493042
2026-08-25,3.749739408493042
2026-08-26,3.739999771118164
2026-08-27,3.7100000381469727
2026-08-28,3.7100000381469727
