Date,close
2002-11-27,0.9195431470870972
2002-11-28,0.7816113829612732
2002-11-29,0.8046002388000488
2002-12-02,0.8046002388000488
2002-12-03,0.7954049706459045
2002-12-04,0.7816113829612732
2002-12-05,0.7632207274436951
2002-12-06,0.7724161744117737
2002-12-09,0.7678179740905762
2002-12-10,0.7494271993637085
2002-12-11,0.7632207274436951
2002-12-12,0.7816113829612732
2002-12-13,0.790806770324707
2002-12-16,0.790806770324707
2002-12-17,0.7954049706459045
2002-12-18,0.7954049706459045
2002-12-19,0.7816113829612732
2002-12-20,0.8000023365020752
2002-12-23,0.7954049706459045
2002-12-24,0.8000023365020752
2002-12-25,0.8000023365020752
2002-12-26,0.8000023365020752
2002-12-27,0.7816113829612732
2002-12-30,0.7862088680267334
2002-12-31,0.8046002388000488
2003-01-01,0.8046002388000488
2003-01-02,0.8046002388000488
2003-01-03,0.8046002388000488
2003-01-06,0.790806770324707
2003-01-07,0.7862088680267334
2003-01-08,0.7862088680267334
2003-01-09,0.7862088680267334
2003-01-10,0.7862088680267334
2003-01-13,0.7954049706459045
2003-01-14,0.8505774736404419
2003-01-15,0.873565673828125
2003-01-16,0.8643701076507568
2003-01-17,0.8459793925285339
2003-01-20,0.8459793925285339
2003-01-21,0.8321865200996399
2003-01-22,0.8505774736404419
2003-01-23,0.8505774736404419
2003-01-24,0.8643701076507568
2003-01-27,0.8643701076507568
2003-01-28,0.8459793925285339
2003-01-29,0.8413820266723633
2003-01-30,0.8367839455604553
2003-01-31,0.8367839455604553
2003-02-03,0.8505774736404419
2003-02-04,0.8505774736404419
2003-02-05,0.827588677406311
2003-02-06,0.8413820266723633
2003-02-07,0.8459793925285339
2003-02-10,0.8183931112289429
2003-02-11,0.8183931112289429
2003-02-12,0.8046002388000488
2003-02-13,0.8046002388000488
2003-02-14,0.790806770324707
2003-02-17,0.8000023365020752
2003-02-18,0.7954049706459045
2003-02-19,0.8046002388000488
2003-02-20,0.8046002388000488
2003-02-21,0.8137955069541931
2003-02-24,0.8183931112289429
2003-02-25,0.8183931112289429
2003-02-26,0.809197723865509
2003-02-27,0.7954049706459045
2003-02-28,0.8000023365020752
2003-03-03,0.790806770324707
2003-03-04,0.790806770324707
2003-03-05,0.790806770324707
2003-03-06,0.8000023365020752
2003-03-07,0.8137955069541931
2003-03-10,0.8137955069541931
2003-03-11,0.790806770324707
2003-03-12,0.7724161744117737
2003-03-13,0.77701336145401
2003-03-14,0.7724161744117737
2003-03-17,0.7724161744117737
2003-03-18,0.77701336145401
2003-03-19,0.7816113829612732
2003-03-20,0.8137955069541931
2003-03-21,0.8183931112289429
2003-03-24,0.8183931112289429
2003-03-25,0.8137955069541931
2003-03-26,0.8137955069541931
2003-03-27,0.8137955069541931
2003-03-28,0.8000023365020752
2003-03-31,0.8229914307594299
2003-04-01,0.809197723865509
2003-04-02,0.809197723865509
2003-04-03,0.8183931112289429
2003-04-04,0.8183931112289429
2003-04-07,0.8505774736404419
2003-04-08,0.8505774736404419
2003-04-09,0.8597728610038757
2003-04-10,0.8643701076507568
2003-04-11,0.855174720287323
2003-04-14,0.855174720287323
2003-04-15,0.873565673828125
2003-04-16,0.8827610015869141
2003-04-17,0.896554172039032
2003-04-18,0.896554172039032
2003-04-21,0.896554172039032
2003-04-22,0.896554172039032
2003-04-23,0.896554172039032
2003-04-24,0.8873589634895325
2003-04-25,0.8873589634895325
2003-04-28,0.896554172039032
2003-04-29,0.8919563889503479
2003-04-30,0.9011520147323608
2003-05-01,0.8919563889503479
2003-05-02,0.9287385940551758
2003-05-05,0.9379340410232544
2003-05-06,0.9379340410232544
2003-05-07,0.9379340410232544
2003-05-08,0.9379340410232544
2003-05-09,0.9287385940551758
2003-05-12,0.933336079120636
2003-05-13,0.9425313472747803
2003-05-14,0.9425313472747803
2003-05-15,0.9471295475959778
2003-05-16,0.9517268538475037
2003-05-19,0.9563248157501221
2003-05-20,0.9563248157501221
2003-05-21,0.9839109778404236
2003-05-22,0.9471295475959778
2003-05-23,0.9425313472747803
2003-05-26,0.933336079120636
2003-05-27,0.9195431470870972
2003-05-28,0.9195431470870972
2003-05-29,0.9195431470870972
2003-05-30,0.9195431470870972
2003-06-02,0.9195431470870972
2003-06-03,0.9195431470870972
2003-06-04,0.9195431470870972
2003-06-05,0.924140214920044
2003-06-06,0.9195431470870972
2003-06-09,0.9195431470870972
2003-06-10,0.9195431470870972
2003-06-11,0.9195431470870972
2003-06-12,0.896554172039032
2003-06-13,0.8873589634895325
2003-06-16,0.896554172039032
2003-06-17,0.896554172039032
2003-06-18,0.896554172039032
2003-06-19,0.9011520147323608
2003-06-20,0.896554172039032
2003-06-23,0.9011520147323608
2003-06-24,0.9103477001190186
2003-06-25,0.9287385940551758
2003-06-26,0.933336079120636
2003-06-27,0.9471295475959778
2003-06-30,0.9379340410232544
2003-07-01,0.9379340410232544
2003-07-02,0.9425313472747803
2003-07-03,0.9517268538475037
2003-07-04,0.9517268538475037
2003-07-07,0.9425313472747803
2003-07-08,0.9425313472747803
2003-07-09,0.9379340410232544
2003-07-10,0.933336079120636
2003-07-11,0.9425313472747803
2003-07-14,0.9425313472747803
2003-07-15,0.9425313472747803
2003-07-16,0.9517268538475037
2003-07-17,0.9747156500816345
2003-07-18,1.0114972591400146
2003-07-21,1.0114972591400146
2003-07-22,1.0206927061080933
2003-07-23,1.0252907276153564
2003-07-24,1.0114972591400146
2003-07-25,1.0298879146575928
2003-07-28,1.0436818599700928
2003-07-29,1.0436818599700928
2003-07-30,1.0574743747711182
2003-07-31,1.1034516096115112
2003-08-01,1.0988538265228271
2003-08-04,1.0988538265228271
2003-08-05,1.1080493927001953
2003-08-06,1.1034516096115112
2003-08-07,1.1034516096115112
2003-08-08,1.1356357336044312
2003-08-11,1.1540265083312988
2003-08-12,1.1494288444519043
2003-08-13,1.1356357336044312
2003-08-14,1.1126469373703003
2003-08-15,1.1034516096115112
2003-08-18,1.0896586179733276
2003-08-19,1.085060715675354
2003-08-20,1.1034516096115112
2003-08-21,1.1080493927001953
2003-08-22,1.1402333974838257
2003-08-25,1.1494288444519043
2003-08-26,1.167819619178772
2003-08-27,1.1770154237747192
2003-08-28,1.1862105131149292
2003-08-29,1.1954060792922974
2003-09-01,1.1954060792922974
2003-09-02,1.2046016454696655
2003-09-03,1.2735671997070312
2003-09-04,1.2643721103668213
2003-09-05,1.245980143547058
2003-09-08,1.2597742080688477
2003-09-09,1.2367849349975586
2003-09-10,1.1954060792922974
2003-09-11,1.2137967348098755
2003-09-12,1.2321878671646118
2003-09-15,1.2551765441894531
2003-09-16,1.245980143547058
2003-09-17,1.2597742080688477
2003-09-18,1.305750846862793
2003-09-19,1.3241417407989502
2003-09-22,1.3241417407989502
2003-09-23,1.3287392854690552
2003-09-24,1.3333375453948975
2003-09-25,1.3333375453948975
2003-09-26,1.3425326347351074
2003-09-29,1.365921974182129
2003-09-30,1.426733374595642
2003-10-01,1.440767526626587
2003-10-02,1.4922229051589966
2003-10-03,1.5062568187713623
2003-10-06,1.4641562700271606
2003-10-07,1.4314113855361938
2003-10-08,1.426733374595642
2003-10-09,1.4501228332519531
2003-10-10,1.4781897068023682
2003-10-13,1.4781897068023682
2003-10-14,1.4969007968902588
2003-10-15,1.524967908859253
2003-10-16,1.567068338394165
2003-10-17,1.5904567241668701
2003-10-20,1.6091680526733398
2003-10-21,1.6138463020324707
2003-10-22,1.6372357606887817
2003-10-23,1.6653025150299072
2003-10-24,1.679335594177246
2003-10-27,1.651268482208252
2003-10-28,1.5904567241668701
2003-10-29,1.5436789989471436
2003-10-30,1.5904567241668701
2003-10-31,1.5811015367507935
2003-11-03,1.5436789989471436
2003-11-04,1.5015795230865479
2003-11-05,1.4688339233398438
2003-11-06,1.4033453464508057
2003-11-07,1.4735112190246582
2003-11-10,1.4594792127609253
2003-11-11,1.4969007968902588
2003-11-12,1.4969007968902588
2003-11-13,1.4969007968902588
2003-11-14,1.4922229051589966
2003-11-17,1.487545371055603
2003-11-18,1.487545371055603
2003-11-19,1.4781897068023682
2003-11-20,1.4501228332519531
2003-11-21,1.4033453464508057
2003-11-24,1.365921974182129
2003-11-25,1.3425331115722656
2003-11-26,1.3752774000167847
2003-11-27,1.4501228332519531
2003-11-28,1.4688339233398438
2003-12-01,1.4641562700271606
2003-12-02,1.4922229051589966
2003-12-03,1.4735112190246582
2003-12-04,1.4641562700271606
2003-12-05,1.4969007968902588
2003-12-08,1.4501228332519531
2003-12-09,1.4922229051589966
2003-12-10,1.4828670024871826
2003-12-11,1.487545371055603
2003-12-12,1.487545371055603
2003-12-15,1.5577131509780884
2003-12-16,1.539001703262329
2003-12-17,1.5483572483062744
2003-12-18,1.4969007968902588
2003-12-19,1.5202903747558594
2003-12-22,1.5202903747558594
2003-12-23,1.5202903747558594
2003-12-24,1.515612006187439
2003-12-25,1.515612006187439
2003-12-26,1.515612006187439
2003-12-29,1.524967908859253
2003-12-30,1.5296460390090942
2003-12-31,1.5296460390090942
2004-01-01,1.5296460390090942
2004-01-02,1.5436789989471436
2004-01-05,1.5530344247817993
2004-01-06,1.524967908859253
2004-01-07,1.4641562700271606
2004-01-08,1.4688339233398438
2004-01-09,1.4594792127609253
2004-01-12,1.4594792127609253
2004-01-13,1.426733374595642
2004-01-14,1.3799556493759155
2004-01-15,1.4033453464508057
2004-01-16,1.426733374595642
2004-01-19,1.539001703262329
2004-01-20,1.5483572483062744
2004-01-21,1.539001703262329
2004-01-22,1.5343234539031982
2004-01-23,1.5296460390090942
2004-01-26,1.5296460390090942
2004-01-27,1.5202903747558594
2004-01-28,1.510934591293335
2004-01-29,1.487545371055603
2004-01-30,1.4969007968902588
2004-02-02,1.4735112190246582
2004-02-03,1.4828670024871826
2004-02-04,1.4688339233398438
2004-02-05,1.4735112190246582
2004-02-06,1.4781897068023682
2004-02-09,1.4969007968902588
2004-02-10,1.4922229051589966
2004-02-11,1.4828670024871826
2004-02-12,1.4969007968902588
2004-02-13,1.4828670024871826
2004-02-16,1.4781897068023682
2004-02-17,1.4688339233398438
2004-02-18,1.4594792127609253
2004-02-19,1.4828670024871826
2004-02-20,1.5202903747558594
2004-02-23,1.4735112190246582
2004-02-24,1.4969007968902588
2004-02-25,1.5202903747558594
2004-02-26,1.5296460390090942
2004-02-27,1.4969007968902588
2004-03-01,1.4828670024871826
2004-03-02,1.524967908859253
2004-03-03,1.5577131509780884
2004-03-04,1.5436789989471436
2004-03-05,1.567068338394165
2004-03-08,1.567068338394165
2004-03-09,1.5530344247817993
2004-03-10,1.5202903747558594
2004-03-11,1.5436789989471436
2004-03-12,1.539001703262329
2004-03-15,1.5811015367507935
2004-03-16,1.5977447032928467
2004-03-17,1.592989444732666
2004-03-18,1.5834792852401733
2004-03-19,1.5739690065383911
2004-03-22,1.550192952156067
2004-03-23,1.4978851079940796
2004-03-24,1.4883753061294556
2004-03-25,1.5454380512237549
2004-03-26,1.550192952156067
2004-03-29,1.5026406049728394
2004-03-30,1.5121512413024902
2004-03-31,1.5216615200042725
2004-04-01,1.5311716794967651
2004-04-02,1.5454380512237549
2004-04-05,1.5121512413024902
2004-04-06,1.5121512413024902
2004-04-07,1.5216615200042725
2004-04-08,1.5216615200042725
2004-04-09,1.5216615200042725
2004-04-12,1.5216615200042725
2004-04-13,1.493130087852478
2004-04-14,1.4741100072860718
2004-04-15,1.398026466369629
2004-04-16,1.4503337144851685
2004-04-19,1.493130087852478
2004-04-20,1.4883753061294556
2004-04-21,1.4693543910980225
2004-04-22,1.4503337144851685
2004-04-23,1.4265581369400024
2004-04-26,1.4122920036315918
2004-04-27,1.4741100072860718
2004-04-28,1.464599609375
2004-04-29,1.4122920036315918
2004-04-30,1.4455784559249878
2004-05-03,1.3932712078094482
2004-05-04,1.398026466369629
2004-05-05,1.4360685348510742
2004-05-06,1.4313125610351562
2004-05-07,1.4265581369400024
2004-05-10,1.3837610483169556
2004-05-11,1.3599849939346313
2004-05-12,1.3219432830810547
2004-05-13,1.2839019298553467
2004-05-14,1.3029224872589111
2004-05-17,1.3124326467514038
2004-05-18,1.3219432830810547
2004-05-19,1.340964436531067
2004-05-20,1.3076781034469604
2004-05-21,1.3314539194107056
2004-05-24,1.3314539194107056
2004-05-25,1.3171886205673218
2004-05-26,1.3266984224319458
2004-05-27,1.3552299737930298
2004-05-28,1.4265581369400024
2004-05-31,1.4027820825576782
2004-06-01,1.3837610483169556
2004-06-02,1.3647401332855225
2004-06-03,1.3742505311965942
2004-06-04,1.3790054321289062
2004-06-07,1.4122920036315918
2004-06-08,1.4218026399612427
2004-06-09,1.407536506652832
2004-06-10,1.407536506652832
2004-06-11,1.3504743576049805
2004-06-14,1.3504743576049805
2004-06-15,1.3171886205673218
2004-06-16,1.3314539194107056
2004-06-17,1.3647401332855225
2004-06-18,1.4027820825576782
2004-06-21,1.4027820825576782
2004-06-22,1.3932712078094482
2004-06-23,1.3837610483169556
2004-06-24,1.3837610483169556
2004-06-25,1.3599849939346313
2004-06-28,1.3599849939346313
2004-06-29,1.3885159492492676
2004-06-30,1.3790054321289062
2004-07-01,1.369494915008545
2004-07-02,1.3790054321289062
2004-07-05,1.4027820825576782
2004-07-06,1.4122920036315918
2004-07-07,1.4218026399612427
2004-07-08,1.493130087852478
2004-07-09,1.4693543910980225
2004-07-12,1.4883753061294556
2004-07-13,1.4741100072860718
2004-07-14,1.4503337144851685
2004-07-15,1.4265581369400024
2004-07-16,1.4360685348510742
2004-07-19,1.4741100072860718
2004-07-20,1.4265581369400024
2004-07-21,1.4741100072860718
2004-07-22,1.4550888538360596
2004-07-23,1.4788646697998047
2004-07-26,1.4741100072860718
2004-07-27,1.4883753061294556
2004-07-28,1.554947853088379
2004-07-29,1.5692131519317627
2004-07-30,1.5692131519317627
2004-08-02,1.616765022277832
2004-08-03,1.5739690065383911
2004-08-04,1.5692131519317627
2004-08-05,1.5787243843078613
2004-08-06,1.550192952156067
2004-08-09,1.535927653312683
2004-08-10,1.535927653312683
2004-08-11,1.554947853088379
2004-08-12,1.535927653312683
2004-08-13,1.540682077407837
2004-08-16,1.540682077407837
2004-08-17,1.535927653312683
2004-08-18,1.535927653312683
2004-08-19,1.5644586086273193
2004-08-20,1.5454380512237549
2004-08-23,1.592989444732666
2004-08-24,1.6310315132141113
2004-08-25,1.683337688446045
2004-08-26,1.7546659708023071
2004-08-27,1.7927074432373047
2004-08-30,1.745154857635498
2004-08-31,1.859279990196228
2004-09-01,1.878300666809082
2004-09-02,1.883056879043579
2004-09-03,1.8450140953063965
2004-09-06,1.825993299484253
2004-09-07,1.8022186756134033
2004-09-08,1.7831974029541016
2004-09-09,1.8450140953063965
2004-09-10,1.8640351295471191
2004-09-13,1.9115880727767944
2004-09-14,1.9734046459197998
2004-09-15,1.9661585092544556
2004-09-16,1.951665997505188
2004-09-17,1.9420044422149658
2004-09-20,1.8840340375900269
2004-09-21,1.9178500175476074
2004-09-22,1.8695416450500488
2004-09-23,1.8453868627548218
2004-09-24,1.859879732131958
2004-09-27,1.8647109270095825
2004-09-28,1.850218415260315
2004-09-29,1.8695416450500488
2004-09-30,1.8840340375900269
2004-10-01,1.8550487756729126
2004-10-04,1.8647109270095825
2004-10-05,1.8647109270095825
2004-10-06,1.9081883430480957
2004-10-07,1.9081883430480957
2004-10-08,1.9081883430480957
2004-10-11,2.3477964401245117
2004-10-12,2.5120456218719482
2004-10-13,2.4975528717041016
2004-10-14,2.5361998081207275
2004-10-15,2.5361998081207275
2004-10-18,2.521707534790039
2004-10-19,2.521707534790039
2004-10-20,2.5120456218719482
2004-10-21,2.5120456218719482
2004-10-22,2.521707534790039
2004-10-25,2.5361998081207275
2004-10-26,2.5120456218719482
2004-10-27,2.5603537559509277
2004-10-28,2.5555241107940674
2004-10-29,2.541030168533325
2004-11-01,2.478229522705078
2004-11-02,2.4878907203674316
2004-11-03,2.4927217960357666
2004-11-04,2.5023839473724365
2004-11-05,2.4637372493743896
2004-11-08,2.4347519874572754
2004-11-09,2.4733989238739014
2004-11-10,2.4589054584503174
2004-11-11,2.454075336456299
2004-11-12,2.4589054584503174
2004-11-15,2.444413423538208
2004-11-16,2.415428876876831
2004-11-17,2.439582586288452
2004-11-18,2.5072152614593506
2004-11-19,2.5120456218719482
2004-11-22,2.5072152614593506
2004-11-23,2.521707534790039
2004-11-24,2.579677104949951
2004-11-25,2.632817268371582
2004-11-26,2.627985954284668
2004-11-29,2.594169855117798
2004-11-30,2.637648582458496
2004-12-01,2.6086623668670654
2004-12-02,2.603832244873047
2004-12-03,2.589339017868042
2004-12-06,2.5845084190368652
2004-12-07,2.579677104949951
2004-12-08,2.521707534790039
2004-12-09,2.541030168533325
2004-12-10,2.5361998081207275
2004-12-13,2.5120456218719482
2004-12-14,2.5072152614593506
2004-12-15,2.5072152614593506
2004-12-16,2.5361998081207275
2004-12-17,2.6521406173706055
2004-12-20,2.6569716930389404
2004-12-21,2.7149417400360107
2004-12-22,2.7197721004486084
2004-12-23,2.671464204788208
2004-12-24,2.6569716930389404
2004-12-27,2.6569716930389404
2004-12-28,2.6569716930389404
2004-12-29,2.671464204788208
2004-12-30,2.734264612197876
2004-12-31,2.739095687866211
2005-01-04,2.787404775619507
2005-01-05,2.7535884380340576
2005-01-06,2.695617914199829
2005-01-07,2.7246036529541016
2005-01-10,2.729433298110962
2005-01-11,2.6907875537872314
2005-01-12,2.6569716930389404
2005-01-13,2.666632652282715
2005-01-14,2.6859564781188965
2005-01-17,2.729433298110962
2005-01-18,2.792234182357788
2005-01-19,2.75842022895813
2005-01-20,2.6907875537872314
2005-01-21,2.618324041366577
2005-01-24,2.603832244873047
2005-01-25,2.671464204788208
2005-01-27,2.6859564781188965
2005-01-28,2.7439262866973877
2005-01-31,2.8695290088653564
2005-02-01,2.8550362586975098
2005-02-02,2.7535884380340576
2005-02-03,2.8018972873687744
2005-02-04,2.768080949783325
2005-02-07,2.7487576007843018
2005-02-08,2.7439262866973877
2005-02-09,2.75842022895813
2005-02-10,2.6907875537872314
2005-02-11,2.7052793502807617
2005-02-14,2.729433298110962
2005-02-15,2.821220636367798
2005-02-16,2.739095687866211
2005-02-17,2.729433298110962
2005-02-18,2.8018972873687744
2005-02-21,2.8115577697753906
2005-02-22,2.8695290088653564
2005-02-23,2.777743339538574
2005-02-24,2.787404775619507
2005-02-25,2.777743339538574
2005-02-28,2.995131492614746
2005-03-01,3.1642110347747803
2005-03-02,3.062762975692749
2005-03-03,3.1014111042022705
2005-03-04,3.0192859172821045
2005-03-07,3.0675947666168213
2005-03-08,3.1642110347747803
2005-03-09,3.2415056228637695
2005-03-10,3.2608282566070557
2005-03-11,3.251166582107544
2005-03-14,3.2849814891815186
2005-03-15,3.2994754314422607
2005-03-16,3.3458776473999023
2005-03-17,3.443568468093872
2005-03-18,3.4777610301971436
2005-03-21,3.4484519958496094
2005-03-22,3.4093756675720215
2005-03-23,3.3263397216796875
2005-03-24,3.2530722618103027
2005-03-29,3.2433037757873535
2005-03-30,3.3116872310638428
2005-03-31,3.331223726272583
2005-04-01,3.4093756675720215
2005-04-04,3.404491424560547
2005-04-05,3.4484519958496094
2005-04-06,3.4289140701293945
2005-04-07,3.419144868850708
2005-04-08,3.48752760887146
2005-04-11,3.5021815299987793
2005-04-12,3.472874164581299
2005-04-13,3.419144868850708
2005-04-14,3.370300531387329
2005-04-15,3.223764657974243
2005-04-18,3.0869991779327393
2005-04-19,3.174921989440918
2005-04-20,3.2774951457977295
2005-04-21,3.2579572200775146
2005-04-22,3.223764657974243
2005-04-26,3.2726104259490967
2005-04-27,3.2774951457977295
2005-04-28,3.3947222232818604
2005-04-29,3.375185012817383
2005-05-02,3.389838218688965
2005-05-03,3.3263397216796875
2005-05-04,3.2726104259490967
2005-05-05,3.3116872310638428
2005-05-06,3.3458776473999023
2005-05-09,3.4240293502807617
2005-05-10,3.541257858276367
2005-05-11,3.492412805557251
2005-05-12,3.4777610301971436
2005-05-13,3.492412805557251
2005-05-16,3.472874164581299
2005-05-17,3.419144868850708
2005-05-18,3.4093756675720215
2005-05-19,3.4093756675720215
2005-05-20,3.4093756675720215
2005-05-23,3.3947222232818604
2005-05-24,3.4386839866638184
2005-05-25,3.4484519958496094
2005-05-26,3.4386839866638184
2005-05-27,3.4679903984069824
2005-05-30,3.5021815299987793
2005-05-31,3.4386839866638184
2005-06-01,3.507066011428833
2005-06-02,3.5168349742889404
2005-06-03,3.5803332328796387
2005-06-06,3.7122139930725098
2005-06-07,3.5363731384277344
2005-06-08,3.560795545578003
2005-06-09,3.4582204818725586
2005-06-10,3.5021815299987793
2005-06-14,3.541257858276367
2005-06-15,3.482642412185669
2005-06-16,3.5168349742889404
2005-06-17,3.5168349742889404
2005-06-20,3.5266034603118896
2005-06-21,3.5656797885894775
2005-06-22,3.5901029109954834
2005-06-23,3.5949854850769043
2005-06-24,3.5314884185791016
2005-06-27,3.6047561168670654
2005-06-28,3.643831491470337
2005-06-29,3.6829073429107666
2005-06-30,3.853864908218384
2005-07-01,3.8294432163238525
2005-07-04,3.71709942817688
2005-07-05,3.575448513031006
2005-07-06,3.5901029109954834
2005-07-07,3.48752760887146
2005-07-08,3.5168349742889404
2005-07-11,3.5705647468566895
2005-07-12,3.6536014080047607
2005-07-13,3.7268683910369873
2005-07-14,3.721984386444092
2005-07-15,3.634063720703125
2005-07-18,3.5705647468566895
2005-07-19,3.541257858276367
2005-07-20,3.5168349742889404
2005-07-21,3.6145243644714355
2005-07-22,3.7122139930725098
2005-07-25,3.7952518463134766
2005-07-26,3.78548264503479
2005-07-27,3.805020332336426
2005-07-28,3.844095468521118
2005-07-29,3.907595634460449
2005-08-01,3.936901092529297
2005-08-02,3.8831725120544434
2005-08-03,3.8489797115325928
2005-08-04,3.868518590927124
2005-08-05,3.868518590927124
2005-08-08,3.868518590927124
2005-08-09,3.907595634460449
2005-08-10,3.932016134262085
2005-08-11,4.015052795410156
2005-08-12,4.06389856338501
2005-08-15,4.107858657836914
2005-08-16,4.112742900848389
2005-08-17,4.068781852722168
2005-08-18,3.9808619022369385
2005-08-19,4.044360637664795
2005-08-22,4.1225128173828125
2005-08-23,4.1664719581604
2005-08-24,4.127396583557129
2005-08-25,4.449772357940674
2005-08-26,4.5181565284729
2005-08-29,4.664690971374512
2005-08-30,4.620731830596924
2005-08-31,4.654922008514404
2005-09-01,4.8112263679504395
2005-09-02,4.796572208404541
2005-09-05,4.747727870941162
2005-09-06,4.8356475830078125
2005-09-07,4.957760334014893
2005-09-08,4.894261837005615
2005-09-09,4.8258795738220215
2005-09-12,4.884493827819824
2005-09-13,4.86007022857666
2005-09-14,4.874724864959717
2005-09-15,4.778267860412598
2005-09-16,4.857410907745361
2005-09-19,4.8178391456604
2005-09-20,4.80794620513916
2005-09-21,4.921715259552002
2005-09-22,4.946447372436523
2005-09-23,5.020644187927246
2005-09-26,5.10968017578125
2005-09-27,5.203662395477295
2005-09-28,5.178930759429932
2005-09-29,5.11957311630249
2005-09-30,5.065162181854248
2005-10-03,5.248180866241455
2005-10-04,5.124519348144531
2005-10-05,4.941501617431641
2005-10-06,4.634820461273193
2005-10-07,4.882143497467041
2005-10-10,4.896984100341797
2005-10-11,4.901928901672363
2005-10-12,4.971179962158203
2005-10-13,4.941501617431641
2005-10-14,4.822786808013916
2005-10-17,4.7733235359191895
2005-10-18,4.753535270690918
2005-10-19,4.634820461273193
2005-10-20,4.585357189178467
2005-10-21,4.5507307052612305
2005-10-24,4.451803207397461
2005-10-25,4.60019588470459
2005-10-26,4.679340362548828
2005-10-27,4.738696098327637
2005-10-28,4.758482456207275
2005-10-31,4.847517490386963
2005-11-01,4.847517490386963
2005-11-02,4.872251510620117
2005-11-03,4.946447372436523
2005-11-04,5.005805015563965
2005-11-07,4.971179962158203
2005-11-08,4.986019134521484
2005-11-09,4.971179962158203
2005-11-10,5.005805015563965
2005-11-11,5.000858306884766
2005-11-14,5.149251937866211
2005-11-15,5.139358043670654
2005-11-16,5.243234157562256
2005-11-17,5.253126621246338
2005-11-18,5.391628265380859
2005-11-21,5.4410929679870605
2005-11-22,5.391628265380859
2005-11-23,5.3767900466918945
2005-11-24,5.391628265380859
2005-11-25,5.342164516448975
2005-11-28,5.4806647300720215
2005-11-29,5.515289306640625
2005-11-30,5.535074234008789
2005-12-01,5.416359901428223
2005-12-02,5.342164516448975
2005-12-05,5.317430019378662
2005-12-06,5.332271099090576
2005-12-07,5.4410929679870605
2005-12-08,5.421306610107422
2005-12-09,5.4410929679870605
2005-12-12,5.4410929679870605
2005-12-13,5.450985431671143
2005-12-14,5.490556240081787
2005-12-15,5.564752101898193
2005-12-16,5.683467864990234
2005-12-19,5.802183151245117
2005-12-20,5.88627290725708
2005-12-21,5.911005020141602
2005-12-22,5.856593132019043
2005-12-23,5.871432304382324
2005-12-28,6.0593976974487305
2005-12-29,6.049505233764648
2005-12-30,6.084129810333252
2006-01-03,6.084129810333252
2006-01-04,6.029719829559326
2006-01-05,6.034666538238525
2006-01-06,6.044559478759766
2006-01-09,6.158327579498291
2006-01-10,6.207791805267334
2006-01-11,6.2918806076049805
2006-01-12,6.306718349456787
2006-01-13,6.277041435241699
2006-01-16,6.286935806274414
2006-01-17,6.380918502807617
2006-01-18,6.484793186187744
2006-01-19,6.722224235534668
2006-01-20,6.677704334259033
2006-01-23,6.554044246673584
2006-01-24,6.727169513702393
2006-01-25,6.845884323120117
2006-01-27,6.9250288009643555
2006-01-30,7.023956298828125
2006-01-31,7.103099346160889
2006-02-01,7.073419570922852
2006-02-02,6.900296211242676
2006-02-03,6.949758529663086
2006-02-06,6.9250288009643555
2006-02-07,6.835991859436035
2006-02-08,6.638134479522705
2006-02-09,6.529311180114746
2006-02-10,6.623294353485107
2006-02-13,6.504578590393066
2006-02-14,6.603506088256836
2006-02-15,6.613399982452393
2006-02-16,6.430382251739502
2006-02-17,6.529311180114746
2006-02-20,6.529311180114746
2006-02-21,6.831042289733887
2006-02-22,6.934920310974121
2006-02-23,6.776633262634277
2006-02-24,6.593614101409912
2006-02-27,6.638134479522705
2006-02-28,7.864851474761963
2006-03-01,8.062708854675293
2006-03-02,8.50294303894043
2006-03-03,8.48315715789795
2006-03-06,8.394121170043945
2006-03-07,8.557354927062988
2006-03-08,8.844247817993164
2006-03-09,8.953070640563965
2006-03-10,8.779945373535156
2006-03-13,8.804678916931152
2006-03-14,9.30921459197998
2006-03-15,9.645573616027832
2006-03-16,9.573161125183105
2006-03-17,9.638083457946777
2006-03-20,9.737957000732422
2006-03-21,9.837835311889648
2006-03-22,9.91773509979248
2006-03-23,9.787897109985352
2006-03-24,9.673039436340332
2006-03-27,9.268539428710938
2006-03-28,9.193632125854492
2006-03-29,9.538206100463867
2006-03-30,9.34843921661377
2006-03-31,9.398378372192383
2006-04-03,9.313482284545898
2006-04-04,9.1237154006958
2006-04-05,9.34344482421875
2006-04-06,9.34344482421875
2006-04-07,9.298501968383789
2006-04-10,9.363421440124512
2006-04-11,9.413360595703125
2006-04-12,9.258550643920898
2006-04-13,9.158672332763672
2006-04-18,9.613113403320312
2006-04-19,9.912740707397461
2006-04-20,9.987649917602539
2006-04-21,9.65306282043457
2006-04-24,9.792891502380371
2006-04-26,9.787897109985352
2006-04-27,9.947699546813965
2006-04-28,9.737957000732422
2006-05-01,9.533211708068848
2006-05-02,9.618104934692383
2006-05-03,9.583148956298828
2006-05-04,9.193632125854492
2006-05-05,9.428342819213867
2006-05-08,9.488265991210938
2006-05-09,9.583148956298828
2006-05-10,9.688020706176758
2006-05-11,9.742953300476074
2006-05-12,9.638083457946777
2006-05-15,9.87279224395752
2006-05-16,9.688020706176758
2006-05-17,9.912740707397461
2006-05-18,10.067553520202637
2006-05-19,10.17741584777832
2006-05-22,10.287280082702637
2006-05-23,10.052571296691895
2006-05-24,10.382162094116211
2006-05-25,10.611876487731934
2006-05-26,10.761693000793457
2006-05-29,11.006391525268555
2006-05-30,11.086291313171387
2006-05-31,11.440851211547852
2006-06-01,11.420881271362305
2006-06-02,10.596896171569824
2006-06-05,10.736722946166992
2006-06-06,10.437091827392578
2006-06-07,10.262306213378906
2006-06-08,9.762928009033203
2006-06-09,9.488265991210938
2006-06-13,9.238574981689453
2006-06-14,9.478280067443848
2006-06-15,9.722973823547363
2006-06-16,9.737957000732422
2006-06-19,9.588140487670898
2006-06-20,9.488265991210938
2006-06-21,9.533211708068848
2006-06-22,9.613113403320312
2006-06-23,9.488265991210938
2006-06-26,9.478280067443848
2006-06-27,9.638083457946777
2006-06-28,9.538206100463867
2006-06-29,9.767922401428223
2006-06-30,10.03758716583252
2006-07-03,10.247329711914062
2006-07-04,10.162430763244629
2006-07-05,10.152447700500488
2006-07-06,10.162430763244629
2006-07-07,10.287280082702637
2006-07-10,10.412126541137695
2006-07-11,10.312248229980469
2006-07-12,10.442087173461914
2006-07-13,10.611876487731934
2006-07-14,10.087525367736816
2006-07-17,9.97266674041748
2006-07-18,9.862801551818848
2006-07-19,9.817858695983887
2006-07-20,9.937710762023926
2006-07-21,9.887775421142578
2006-07-24,9.762928009033203
2006-07-25,9.977663040161133
2006-07-26,9.912740707397461
2006-07-27,9.942706108093262
2006-07-28,9.862801551818848
2006-07-31,10.012617111206055
2006-08-01,10.012617111206055
2006-08-02,9.812865257263184
2006-08-03,9.887775421142578
2006-08-04,9.847822189331055
2006-08-07,9.887775421142578
2006-08-08,10.047577857971191
2006-08-09,9.907750129699707
2006-08-10,9.962678909301758
2006-08-11,9.937710762023926
2006-08-14,10.012617111206055
2006-08-15,9.987649917602539
2006-08-16,10.122483253479004
2006-08-17,10.387158393859863
2006-08-18,10.312248229980469
2006-08-21,10.287280082702637
2006-08-22,10.247329711914062
2006-08-23,10.202384948730469
2006-08-24,9.987649917602539
2006-08-25,10.112494468688965
2006-08-28,10.242334365844727
2006-08-29,9.638083457946777
2006-08-30,9.33345890045166
2006-08-31,9.028833389282227
2006-09-01,8.938946723937988
2006-09-04,8.729206085205078
2006-09-05,9.003867149353027
2006-09-06,8.943938255310059
2006-09-07,8.913976669311523
2006-09-08,8.889007568359375
2006-09-11,8.484508514404297
2006-09-12,7.865273475646973
2006-09-13,8.131251335144043
2006-09-14,8.551745414733887
2006-09-15,8.501081466674805
2006-09-18,8.38455867767334
2006-09-19,8.308566093444824
2006-09-20,8.055257797241211
2006-09-21,8.004593849182129
2006-09-22,7.908339500427246
2006-09-25,7.908339500427246
2006-09-26,7.852606773376465
2006-09-27,8.404824256896973
2006-09-28,8.409889221191406
2006-09-29,8.511213302612305
2006-10-02,8.566943168640137
2006-10-03,8.38455867767334
2006-10-04,8.217371940612793
2006-10-05,8.278167724609375
2006-10-06,8.33389663696289
2006-10-09,8.56187629699707
2006-10-10,8.815187454223633
2006-10-11,9.200217247009277
2006-10-12,9.119160652160645
2006-10-13,9.347137451171875
2006-10-16,9.549785614013672
2006-10-17,9.215417861938477
2006-10-18,9.119160652160645
2006-10-19,8.972237586975098
2006-10-20,9.230612754821777
2006-10-23,9.195150375366211
2006-10-24,9.321806907653809
2006-10-25,9.164754867553711
2006-10-26,9.245814323425293
2006-10-27,9.195150375366211
2006-10-30,9.220481872558594
2006-10-31,9.195150375366211
2006-11-01,9.463659286499023
2006-11-02,9.590313911437988
2006-11-03,9.41806411743164
2006-11-06,9.737234115600586
2006-11-07,9.97027587890625
2006-11-08,9.772698402404785
2006-11-09,9.666309356689453
2006-11-10,9.8790864944458
2006-11-13,9.818290710449219
2006-11-14,9.803094863891602
2006-11-15,9.924683570861816
2006-11-16,9.595381736755371
2006-11-17,9.828426361083984
2006-11-20,9.65110969543457
2006-11-21,9.701772689819336
2006-11-22,9.65110969543457
2006-11-23,9.8790864944458
2006-11-24,9.686573028564453
2006-11-27,9.640975952148438
2006-11-28,9.443394660949707
2006-11-29,9.65110969543457
2006-11-30,9.691637992858887
2006-12-01,9.666309356689453
2006-12-04,9.696704864501953
2006-12-05,9.49405574798584
2006-12-06,9.671374320983887
2006-12-07,9.676440238952637
2006-12-08,9.428194046020508
2006-12-11,9.671374320983887
2006-12-12,9.752432823181152
2006-12-13,9.777764320373535
2006-12-14,9.818290710449219
2006-12-15,9.767633438110352
2006-12-18,10.086801528930664
2006-12-19,10.487034797668457
2006-12-20,10.613686561584473
2006-12-21,10.689681053161621
2006-12-22,10.689681053161621
2006-12-27,10.740340232849121
2006-12-28,10.639019966125488
2006-12-29,10.780872344970703
2007-01-02,10.79100513458252
2007-01-03,10.715009689331055
2007-01-04,10.461701393127441
2007-01-05,10.264118194580078
2007-01-08,10.13239860534668
2007-01-09,10.284385681152344
2007-01-10,10.031074523925781
2007-01-11,9.939882278442383
2007-01-12,10.183059692382812
2007-01-15,10.32491397857666
2007-01-16,10.284385681152344
2007-01-17,10.299583435058594
2007-01-18,10.284385681152344
2007-01-19,10.183059692382812
2007-01-22,10.11719799041748
2007-01-23,10.259051322937012
2007-01-24,10.38570785522461
2007-01-25,11.094975471496582
2007-01-29,10.958189964294434
2007-01-30,11.034181594848633
2007-01-31,10.897394180297852
2007-02-01,11.044315338134766
2007-02-02,10.841668128967285
2007-02-05,10.917658805847168
2007-02-06,11.170970916748047
2007-02-07,11.44960880279541
2007-02-08,11.44960880279541
2007-02-09,11.44960880279541
2007-02-12,11.44960880279541
2007-02-13,11.44960880279541
2007-02-14,13.830719947814941
2007-02-15,14.347472190856934
2007-02-16,14.301427841186523
2007-02-19,14.327009201049805
2007-02-20,14.153038024902344
2007-02-21,14.429346084594727
2007-02-22,14.454927444458008
2007-02-23,14.685185432434082
2007-02-26,14.424223899841309
2007-02-27,14.398648262023926
2007-02-28,14.020008087158203
2007-03-01,13.559490203857422
2007-03-02,13.559490203857422
2007-03-05,12.786855697631836
2007-03-06,13.4571533203125
2007-03-07,13.753926277160645
2007-03-08,13.472509384155273
2007-03-09,13.712995529174805
2007-03-12,13.922780990600586
2007-03-13,14.07116985321045
2007-03-14,14.07116985321045
2007-03-15,13.774399757385254
2007-03-16,13.764162063598633
2007-03-19,14.040464401245117
2007-03-20,14.219555854797363
2007-03-21,14.173507690429688
2007-03-22,14.480509757995605
2007-03-23,14.316774368286133
2007-03-26,14.424223899841309
2007-03-27,14.454927444458008
2007-03-28,14.142807006835938
2007-03-29,14.424223899841309
2007-03-30,14.219555854797363
2007-04-02,13.892086029052734
2007-04-03,14.173507690429688
2007-04-04,13.968832015991211
2007-04-05,13.6720609664917
2007-04-10,13.933013916015625
2007-04-11,13.968832015991211
2007-04-12,13.651592254638672
2007-04-13,13.641357421875
2007-04-16,13.94324779510498
2007-04-17,13.789743423461914
2007-04-18,14.07116985321045
2007-04-19,13.789743423461914
2007-04-20,13.7948637008667
2007-04-23,13.86137866973877
2007-04-24,13.774399757385254
2007-04-26,14.250259399414062
2007-04-27,13.718108177185059
2007-04-30,14.07116985321045
2007-05-01,13.789743423461914
2007-05-02,14.07116985321045
2007-05-03,14.014885902404785
2007-05-04,14.280961036682129
2007-05-07,14.373056411743164
2007-05-08,14.536798477172852
2007-05-09,14.413993835449219
2007-05-10,15.375951766967773
2007-05-11,14.838688850402832
2007-05-14,14.99219036102295
2007-05-15,15.094529151916504
2007-05-16,15.094529151916504
2007-05-17,15.427120208740234
2007-05-18,15.503870010375977
2007-05-21,15.55504035949707
2007-05-22,15.350363731384277
2007-05-23,15.248028755187988
2007-05-24,14.920555114746094
2007-05-25,14.869386672973633
2007-05-28,14.736352920532227
2007-05-29,15.07917594909668
2007-05-30,14.813100814819336
2007-05-31,15.23779582977295
2007-06-01,15.734127044677734
2007-06-04,15.708540916442871
2007-06-05,15.5806245803833
2007-06-06,15.40665340423584
2007-06-07,15.29919719696045
2007-06-08,14.843804359436035
2007-06-12,14.736352920532227
2007-06-13,14.915437698364258
2007-06-14,14.761933326721191
2007-06-15,14.884737968444824
2007-06-18,15.191747665405273
2007-06-19,15.196863174438477
2007-06-20,15.038241386413574
2007-06-21,15.32478141784668
2007-06-22,15.862042427062988
2007-06-25,16.25603675842285
2007-06-26,16.721660614013672
2007-06-27,16.931455612182617
2007-06-28,17.42778205871582
2007-06-29,17.39708137512207
2007-07-02,17.03890609741211
2007-07-03,17.00309181213379
2007-07-04,17.15659523010254
2007-07-05,17.46360206604004
2007-07-06,17.44824981689453
2007-07-09,18.481843948364258
2007-07-10,18.23111915588379
2007-07-11,18.28228759765625
2007-07-12,18.42044448852539
2007-07-13,18.54836082458496
2007-07-16,18.54836082458496
2007-07-17,18.599523544311523
2007-07-18,17.96504783630371
2007-07-19,18.42044448852539
2007-07-20,18.31810188293457
2007-07-23,18.21576690673828
2007-07-24,18.343687057495117
2007-07-25,18.113433837890625
2007-07-26,18.08273696899414
2007-07-27,17.652921676635742
2007-07-30,17.294742584228516
2007-07-31,17.345914840698242
2007-08-01,16.532344818115234
2007-08-02,17.064491271972656
2007-08-03,17.31009864807129
2007-08-06,17.0184383392334
2007-08-07,16.83934783935547
2007-08-08,17.105430603027344
2007-08-09,17.755260467529297
2007-08-10,17.345914840698242
2007-08-13,17.192413330078125
2007-08-14,16.85982322692871
2007-08-15,16.281620025634766
2007-08-16,15.345246315002441
2007-08-17,14.787520408630371
2007-08-20,15.954147338867188
2007-08-21,16.900754928588867
2007-08-22,17.090072631835938
2007-08-23,17.24357795715332
2007-08-24,17.39708137512207
2007-08-27,18.819551467895508
2007-08-28,19.085620880126953
2007-08-29,19.03445816040039
2007-08-30,19.44379425048828
2007-08-31,19.750808715820312
2007-09-03,19.42844009399414
2007-09-04,19.529090881347656
2007-09-05,19.198787689208984
2007-09-06,19.560056686401367
2007-09-07,19.663270950317383
2007-09-10,19.45683479309082
2007-09-11,19.451671600341797
2007-09-12,19.472320556640625
2007-09-13,19.61166000366211
2007-09-14,19.84389877319336
2007-09-17,19.86971092224121
2007-09-18,19.714879989624023
2007-09-19,20.74707794189453
2007-09-20,20.876096725463867
2007-09-21,20.669658660888672
2007-09-24,20.540632247924805
2007-09-25,20.710952758789062
2007-09-26,21.056734085083008
2007-09-27,21.77927017211914
2007-09-28,21.88764762878418
2007-10-01,22.088924407958984
2007-10-02,22.708236694335938
2007-10-03,22.243755340576172
2007-10-04,21.856679916381836
2007-10-05,22.18698501586914
2007-10-08,22.501794815063477
2007-10-09,22.51211929321289
2007-10-10,22.785654067993164
2007-10-11,23.038541793823242
2007-10-12,22.94048309326172
2007-10-15,22.94048309326172
2007-10-16,22.87338638305664
2007-10-17,23.172725677490234
2007-10-18,23.8952579498291
2007-10-19,23.967517852783203
2007-10-22,23.043704986572266
2007-10-23,23.466903686523438
2007-10-24,23.714624404907227
2007-10-25,24.101699829101562
2007-10-26,24.726179122924805
2007-10-29,25.598379135131836
2007-10-30,25.180339813232422
2007-10-31,24.772626876831055
2007-11-01,24.824235916137695
2007-11-02,24.044925689697266
2007-11-05,24.101699829101562
2007-11-06,24.08104705810547
2007-11-07,25.381624221801758
2007-11-08,24.834558486938477
2007-11-09,25.226789474487305
2007-11-12,24.46297264099121
2007-11-13,24.545549392700195
2007-11-14,24.88616371154785
2007-11-15,24.79326629638672
2007-11-16,23.843647003173828
2007-11-19,23.585607528686523
2007-11-20,22.708236694335938
2007-11-21,22.888877868652344
2007-11-22,22.321168899536133
2007-11-23,22.088924407958984
2007-11-26,23.21401596069336
2007-11-27,22.7288875579834
2007-11-28,23.188213348388672
2007-11-29,24.42683219909668
2007-11-30,25.84610366821289
2007-12-03,25.546772003173828
2007-12-04,25.88223648071289
2007-12-05,26.811201095581055
2007-12-06,27.120864868164062
2007-12-07,27.77631378173828
2007-12-10,27.110532760620117
2007-12-11,27.24989128112793
2007-12-12,26.9350643157959
2007-12-13,26.924753189086914
2007-12-14,26.27446174621582
2007-12-17,25.040996551513672
2007-12-18,24.333946228027344
2007-12-19,25.030677795410156
2007-12-20,25.237112045288086
2007-12-21,25.546772003173828
2007-12-24,25.95964813232422
2007-12-27,26.449939727783203
2007-12-28,26.837011337280273
2007-12-31,26.837011337280273
2008-01-02,26.62025260925293
2008-01-03,26.04221534729004
2008-01-04,26.35188102722168
2008-01-07,24.984233856201172
2008-01-08,25.262916564941406
2008-01-09,24.390716552734375
2008-01-10,23.81268310546875
2008-01-11,22.966293334960938
2008-01-14,22.29536247253418
2008-01-15,22.362455368041992
2008-01-16,21.87732696533203
2008-01-17,21.77927017211914
2008-01-18,21.159948348999023
2008-01-21,19.74068260192871
2008-01-22,17.85693359375
2008-01-23,17.650493621826172
2008-01-24,18.223365783691406
2008-01-25,20.530315399169922
2008-01-29,20.09162712097168
2008-01-30,20.12775421142578
2008-01-31,20.261945724487305
2008-02-01,20.695465087890625
2008-02-04,21.861841201782227
2008-02-05,21.41799545288086
2008-02-06,20.581924438476562
2008-02-07,19.895517349243164
2008-02-08,19.513608932495117
2008-02-11,19.86971092224121
2008-02-12,18.992345809936523
2008-02-13,19.250391006469727
2008-02-14,19.100725173950195
2008-02-15,18.517536163330078
2008-02-18,18.67752456665039
2008-02-19,18.83751678466797
2008-02-20,18.063373565673828
2008-02-21,18.84783935546875
2008-02-22,19.12136459350586
2008-02-25,19.534244537353516
2008-02-26,20.64385223388672
2008-02-27,21.128982543945312
2008-02-28,19.781972885131836
2008-02-29,19.37425422668457
2008-03-03,18.842676162719727
2008-03-04,17.908544540405273
2008-03-05,18.011764526367188
2008-03-06,18.611806869506836
2008-03-07,17.505638122558594
2008-03-10,17.23431396484375
2008-03-11,17.077783584594727
2008-03-12,17.740440368652344
2008-03-13,17.208227157592773
2008-03-14,16.916027069091797
2008-03-17,16.989078521728516
2008-03-18,16.592527389526367
2008-03-19,16.62383270263672
2008-03-20,15.715944290161133
2008-03-25,16.175106048583984
2008-03-26,15.97683048248291
2008-03-27,17.41693687438965
2008-03-28,16.962989807128906
2008-03-31,17.463899612426758
2008-04-01,18.413530349731445
2008-04-02,18.768341064453125
2008-04-03,18.940528869628906
2008-04-04,19.039663314819336
2008-04-07,19.25360107421875
2008-04-08,19.650142669677734
2008-04-09,19.06053352355957
2008-04-10,18.658769607543945
2008-04-11,19.044885635375977
2008-04-14,18.345699310302734
2008-04-15,18.747472763061523
2008-04-16,19.530139923095703
2008-04-17,19.551008224487305
2008-04-18,19.175329208374023
2008-04-21,20.297151565551758
2008-04-22,19.587528228759766
2008-04-23,20.036258697509766
2008-04-24,19.931903839111328
2008-04-28,20.86066436767578
2008-04-29,20.43281364440918
2008-04-30,20.244970321655273
2008-05-01,19.87972640991211
2008-05-02,21.053730010986328
2008-05-05,20.87110710144043
2008-05-06,21.413755416870117
2008-05-07,20.61021614074707
2008-05-08,20.244970321655273
2008-05-09,20.255409240722656
2008-05-12,20.975461959838867
2008-05-13,21.695512771606445
2008-05-14,21.904224395751953
2008-05-15,21.60159683227539
2008-05-16,21.460712432861328
2008-05-19,21.888568878173828
2008-05-20,21.392879486083984
2008-05-21,21.095470428466797
2008-05-22,20.714570999145508
2008-05-23,19.81711196899414
2008-05-26,19.524919509887695
2008-05-27,19.749284744262695
2008-05-28,19.540569305419922
2008-05-29,19.6710147857666
2008-05-30,19.46230697631836
2008-06-02,20.46933937072754
2008-06-03,20.4849910736084
2008-06-04,19.68667221069336
2008-06-05,18.88313102722168
2008-06-06,19.749284744262695
2008-06-10,19.352731704711914
2008-06-11,18.810083389282227
2008-06-12,18.966615676879883
2008-06-13,19.044885635375977
2008-06-16,19.2640323638916
2008-06-17,19.352731704711914
2008-06-18,20.08322525024414
2008-06-19,20.16149139404297
2008-06-20,20.10931396484375
2008-06-23,19.811893463134766
2008-06-24,19.754499435424805
2008-06-25,19.827550888061523
2008-06-26,20.281492233276367
2008-06-27,19.905820846557617
2008-06-30,19.754499435424805
2008-07-01,19.827550888061523
2008-07-02,18.888349533081055
2008-07-03,17.27083969116211
2008-07-04,17.474334716796875
2008-07-07,16.754276275634766
2008-07-08,16.780366897583008
2008-07-09,17.343883514404297
2008-07-10,17.47954750061035
2008-07-11,17.495201110839844
2008-07-14,17.375198364257812
2008-07-15,17.062129974365234
2008-07-16,16.95255470275879
2008-07-17,16.879505157470703
2008-07-18,16.227283477783203
2008-07-21,17.53173065185547
2008-07-22,17.192567825317383
2008-07-23,17.4273738861084
2008-07-24,17.583906173706055
2008-07-25,16.7751522064209
2008-07-28,16.566442489624023
2008-07-29,16.175106048583984
2008-07-30,16.279460906982422
2008-07-31,16.691665649414062
2008-08-01,16.096839904785156
2008-08-04,16.61861801147461
2008-08-05,16.258590698242188
2008-08-06,16.63948631286621
2008-08-07,17.47954750061035
2008-08-08,17.28127670288086
2008-08-11,17.453458786010742
2008-08-12,18.09524917602539
2008-08-13,17.1821346282959
2008-08-14,17.81871223449707
2008-08-15,17.928281784057617
2008-08-18,18.298742294311523
2008-08-19,17.47954750061035
2008-08-20,18.220476150512695
2008-08-21,17.81871223449707
2008-08-22,18.15264320373535
2008-08-25,18.335264205932617
2008-08-26,18.554407119750977
2008-08-27,18.679643630981445
2008-08-28,19.472740173339844
2008-08-29,19.33707618713379
2008-09-01,19.556222915649414
2008-09-02,19.514480590820312
2008-09-03,18.836172103881836
2008-09-04,18.168298721313477
2008-09-05,17.114309310913086
2008-09-08,17.895240783691406
2008-09-09,17.582866668701172
2008-09-10,16.95812225341797
2008-09-11,16.3333740234375
2008-09-12,16.672218322753906
2008-09-15,16.94223976135254
2008-09-16,16.222190856933594
2008-09-17,16.407499313354492
2008-09-18,15.883345603942871
2008-09-19,16.75164031982422
2008-09-22,17.265195846557617
2008-09-23,17.392263412475586
2008-09-24,17.43991470336914
2008-09-25,18.11231231689453
2008-09-26,18.31879234313965
2008-09-29,17.762876510620117
2008-09-30,16.042179107666016
2008-10-01,16.518680572509766
2008-10-02,16.042179107666016
2008-10-03,15.226832389831543
2008-10-06,13.71262264251709
2008-10-07,13.770862579345703
2008-10-08,12.95551872253418
2008-10-09,12.70667839050293
2008-10-10,11.393656730651855
2008-10-13,11.886037826538086
2008-10-14,12.759620666503906
2008-10-15,11.912506103515625
2008-10-16,10.430066108703613
2008-10-17,9.244107246398926
2008-10-20,9.582951545715332
2008-10-21,10.588897705078125
2008-10-22,10.684197425842285
2008-10-23,9.07997989654541
2008-10-24,8.396997451782227
2008-10-27,7.9416728019714355
2008-10-28,7.401639461517334
2008-10-29,7.682244300842285
2008-10-30,7.6769514083862305
2008-10-31,7.915199279785156
2008-11-03,8.735840797424316
2008-11-04,9.318231582641602
2008-11-05,9.66766357421875
2008-11-06,8.921147346496582
2008-11-07,8.07403564453125
2008-11-10,7.9628496170043945
2008-11-11,7.46517276763916
2008-11-12,7.279866695404053
2008-11-13,6.443343162536621
2008-11-14,6.8033671379089355
2008-11-17,7.004557132720947
2008-11-18,6.935728073120117
2008-11-19,7.036321640014648
2008-11-20,6.332162380218506
2008-11-21,6.04625940322876
2008-11-24,5.8238935470581055
2008-11-25,6.1945061683654785
2008-11-26,6.512170314788818
2008-11-27,6.882783889770508
2008-11-28,7.105149745941162
2008-12-01,6.866901874542236
2008-12-02,6.649827003479004
2008-12-03,6.300394058227539
2008-12-04,6.25803804397583
2008-12-05,5.961548328399658
2008-12-08,6.512170314788818
2008-12-09,6.935728073120117
2008-12-10,6.909254550933838
2008-12-11,7.126328468322754
2008-12-12,6.951611518859863
2008-12-15,7.729896068572998
2008-12-16,7.2216291427612305
2008-12-17,7.756366729736328
2008-12-18,7.671655654907227
2008-12-19,7.369874000549316
2008-12-22,6.766304969787598
2008-12-23,6.644533157348633
2008-12-24,6.644533157348633
2008-12-29,7.0522050857543945
2008-12-30,7.4810566902160645
2008-12-31,7.4810566902160645
2009-01-02,7.491643905639648
2009-01-05,8.031679153442383
2009-01-06,8.084622383117676
2009-01-07,8.47111988067627
2009-01-08,7.714009761810303
2009-01-09,7.9946184158325195
2009-01-12,7.872844696044922
2009-01-13,7.417522430419922
2009-01-14,7.433406352996826
2009-01-15,7.041617393493652
2009-01-16,7.253396511077881
2009-01-19,7.4281110763549805
2009-01-20,7.02573299407959
2009-01-21,7.089266777038574
2009-01-22,6.951611518859863
2009-01-23,6.6710052490234375
2009-01-27,6.962202072143555
2009-01-28,7.475764274597168
2009-01-29,7.862257957458496
2009-01-30,7.98932409286499
2009-02-02,7.359283447265625
2009-02-03,6.909254550933838
2009-02-04,6.353339195251465
2009-02-05,6.220976829528809
2009-02-06,6.300394058227539
2009-02-09,6.353339195251465
2009-02-10,6.528056621551514
2009-02-11,6.427461624145508
2009-02-12,6.77160120010376
2009-02-13,7.200450897216797
2009-02-16,7.068089962005615
2009-02-17,7.226922988891602
2009-02-18,7.094560623168945
2009-02-19,7.1898627281188965
2009-02-20,7.094560623168945
2009-02-23,7.0522050857543945
2009-02-24,7.094560623168945
2009-02-25,7.772250175476074
2009-02-26,7.98932409286499
2009-02-27,8.444646835327148
2009-03-02,8.164041519165039
2009-03-03,8.047561645507812
2009-03-04,8.009550094604492
2009-03-05,8.199606895446777
2009-03-06,8.06385326385498
2009-03-09,8.487409591674805
2009-03-10,8.525420188903809
2009-03-11,9.008708000183105
2009-03-12,8.606874465942383
2009-03-13,9.448554992675781
2009-03-16,9.149894714355469
2009-03-17,9.557158470153809
2009-03-18,9.568018913269043
2009-03-19,9.665763854980469
2009-03-20,10.089323043823242
2009-03-23,9.785226821899414
2009-03-24,10.149054527282715
2009-03-25,9.687483787536621
2009-03-26,10.100181579589844
2009-03-27,10.013298034667969
2009-03-30,9.43226432800293
2009-03-31,9.774369239807129
2009-04-01,9.665763854980469
2009-04-02,10.30109691619873
2009-04-03,10.029585838317871
2009-04-06,9.926412582397461
2009-04-07,9.823238372802734
2009-04-08,9.595174789428711
2009-04-09,10.067598342895508
2009-04-14,10.089323043823242
2009-04-15,10.089323043823242
2009-04-16,10.165340423583984
2009-04-17,10.588897705078125
2009-04-20,10.42598819732666
2009-04-21,10.132761001586914
2009-04-22,9.9752836227417
2009-04-23,10.447710990905762
2009-04-24,10.295666694641113
2009-04-27,10.149054527282715
2009-04-28,10.018728256225586
2009-04-29,9.747215270996094
2009-04-30,9.920982360839844
2009-05-01,10.056737899780273
2009-05-04,10.800676345825195
2009-05-05,11.104766845703125
2009-05-06,10.849550247192383
2009-05-07,11.685800552368164
2009-05-08,12.5709228515625
2009-05-11,12.733827590942383
2009-05-12,12.310272216796875
2009-05-13,11.837844848632812
2009-05-14,11.36541748046875
2009-05-15,11.946452140808105
2009-05-18,11.137351036071777
2009-05-19,11.642358779907227
2009-05-20,11.33826732635498
2009-05-21,11.734671592712402
2009-05-22,11.327404022216797
2009-05-25,11.712949752807617
2009-05-26,11.729242324829102
2009-05-27,12.353714942932129
2009-05-28,11.913870811462402
2009-05-29,12.217954635620117
2009-06-01,12.25597095489502
2009-06-02,12.5654935836792
2009-06-03,12.581782341003418
2009-06-04,12.245108604431152
2009-06-05,12.380865097045898
2009-06-09,12.217954635620117
2009-06-10,12.961894989013672
2009-06-11,13.792718887329102
2009-06-12,13.67325210571289
2009-06-15,13.678683280944824
2009-06-16,12.978187561035156
2009-06-17,12.462320327758789
2009-06-18,12.484038352966309
2009-06-19,13.1030855178833
2009-06-22,13.249701499938965
2009-06-23,12.30484390258789
2009-06-24,12.272263526916504
2009-06-25,12.978187561035156
2009-06-26,13.04878044128418
2009-06-29,12.560064315795898
2009-06-30,12.92931842803955
2009-07-01,12.663236618041992
2009-07-02,12.5709228515625
2009-07-03,12.408018112182617
2009-07-06,11.989891052246094
2009-07-07,11.783544540405273
2009-07-08,11.664078712463379
2009-07-09,11.376277923583984
2009-07-10,11.294825553894043
2009-07-13,11.5391845703125
2009-07-14,12.049625396728516
2009-07-15,12.310272216796875
2009-07-16,12.684957504272461
2009-07-17,12.48947525024414
2009-07-20,12.880443572998047
2009-07-21,12.81528377532959
2009-07-22,13.02706241607666
2009-07-23,13.29314136505127
2009-07-24,13.19539737701416
2009-07-27,13.743844985961914
2009-07-28,13.890464782714844
2009-07-29,13.776430130004883
2009-07-30,13.68411636352539
2009-07-31,14.01535701751709
2009-08-03,14.2977294921875
2009-08-04,14.04250717163086
2009-08-05,13.716692924499512
2009-08-06,13.85245418548584
2009-08-07,13.87417221069336
2009-08-10,13.819870948791504
2009-08-11,14.118532180786133
2009-08-12,13.809011459350586
2009-08-13,14.123958587646484
2009-08-14,14.851608276367188
2009-08-17,14.862471580505371
2009-08-18,14.509507179260254
2009-08-19,15.106830596923828
2009-08-20,15.150266647338867
2009-08-21,14.574668884277344
2009-08-24,14.026216506958008
2009-08-25,14.954782485961914
2009-08-26,15.628129005432129
2009-08-27,15.628129005432129
2009-08-28,16.220478057861328
2009-08-31,15.760993957519531
2009-09-01,15.965825080871582
2009-09-02,15.434372901916504
2009-09-03,15.384542465209961
2009-09-04,15.805285453796387
2009-09-07,16.037796020507812
2009-09-08,16.44745635986328
2009-09-09,16.320127487182617
2009-09-10,16.137439727783203
2009-09-11,15.915999412536621
2009-09-14,15.694558143615723
2009-09-15,15.899394989013672
2009-09-16,16.314594268798828
2009-09-17,16.203874588012695
2009-09-18,16.037796020507812
2009-09-21,16.14851188659668
2009-09-22,16.165124893188477
2009-09-23,16.331199645996094
2009-09-24,16.109760284423828
2009-09-25,16.12636947631836
2009-09-28,16.36441993713379
2009-09-29,16.41977882385254
2009-09-30,16.44745635986328
2009-10-01,16.320127487182617
2009-10-02,16.048860549926758
2009-10-05,15.666876792907715
2009-10-06,16.082077026367188
2009-10-07,16.973377227783203
2009-10-08,16.552637100219727
2009-10-09,16.203874588012695
2009-10-12,16.608003616333008
2009-10-13,16.491744995117188
2009-10-14,16.585857391357422
2009-10-15,16.74639892578125
2009-10-16,16.552637100219727
2009-10-19,16.292449951171875
2009-10-20,16.552637100219727
2009-10-21,16.49728012084961
2009-10-22,16.30352210998535
2009-10-23,16.0765438079834
2009-10-26,16.05440330505371
2009-10-27,14.770048141479492
2009-10-28,14.91952133178711
2009-10-29,14.227522850036621
2009-10-30,14.615039825439453
2009-11-02,14.116798400878906
2009-11-03,14.10019302368164
2009-11-04,14.011613845825195
2009-11-05,14.14448070526123
2009-11-06,15.212928771972656
2009-11-09,14.991485595703125
2009-11-10,15.268285751342773
2009-11-11,15.262747764587402
2009-11-12,14.891839981079102
2009-11-13,14.91952133178711
2009-11-16,15.13542366027832
2009-11-17,15.207390785217285
2009-11-18,14.869694709777832
2009-11-19,14.963809967041016
2009-11-20,14.91952133178711
2009-11-23,15.030241966247559
2009-11-24,14.947198867797852
2009-11-25,14.947198867797852
2009-11-26,14.819873809814453
2009-11-27,14.310562133789062
2009-11-30,14.681473731994629
2009-12-01,14.758975982666016
2009-12-02,15.113283157348633
2009-12-03,15.379010200500488
2009-12-04,15.057923316955566
2009-12-07,15.50633716583252
2009-12-08,15.56723403930664
2009-12-09,15.556159019470215
2009-12-10,15.545090675354004
2009-12-11,15.500797271728516
2009-12-14,15.318110466003418
2009-12-15,15.229536056518555
2009-12-16,15.462045669555664
2009-12-17,15.495264053344727
2009-12-18,15.196316719055176
2009-12-21,15.462045669555664
2009-12-22,15.500797271728516
2009-12-23,15.700098037719727
2009-12-24,15.921533584594727
2009-12-29,16.021188735961914
2009-12-30,15.832958221435547
2009-12-31,16.09868812561035
2010-01-04,16.275842666625977
2010-01-05,16.154048919677734
2010-01-06,16.026723861694336
2010-01-07,16.63568115234375
2010-01-08,16.86265754699707
2010-01-11,16.630142211914062
2010-01-12,16.24816131591797
2010-01-13,14.388066291809082
2010-01-14,14.227522850036621
2010-01-15,14.033761024475098
2010-01-18,14.155549049377441
2010-01-19,13.707138061523438
2010-01-20,13.552128791809082
2010-01-21,13.369436264038086
2010-01-22,13.286402702331543
2010-01-25,13.458014488220215
2010-01-27,12.94316577911377
2010-01-28,13.004061698913574
2010-01-29,13.059422492980957
2010-02-01,12.594399452209473
2010-02-02,12.981918334960938
2010-02-03,13.21996784210205
2010-02-04,13.120321273803711
2010-02-05,12.677440643310547
2010-02-08,12.561184883117676
2010-02-09,12.566718101501465
2010-02-10,12.422786712646484
2010-02-11,12.799233436584473
2010-02-12,12.688509941101074
2010-02-15,12.688509941101074
2010-02-16,12.898879051208496
2010-02-17,13.286402702331543
2010-02-18,13.369436264038086
2010-02-19,13.54659366607666
2010-02-22,13.795709609985352
2010-02-23,13.900898933410645
2010-02-24,13.864398002624512
2010-02-25,13.679085731506348
2010-02-26,13.802626609802246
2010-03-01,13.971092224121094
2010-03-02,13.729626655578613
2010-03-03,13.825089454650879
2010-03-04,13.965474128723145
2010-03-05,13.808243751525879
2010-03-08,13.752087593078613
2010-03-09,14.133933067321777
2010-03-10,14.420317649841309
2010-03-11,14.397858619689941
2010-03-12,14.442778587341309
2010-03-15,14.34170150756836
2010-03-16,14.145163536071777
2010-03-17,14.712322235107422
2010-03-18,14.684242248535156
2010-03-19,14.723549842834473
2010-03-22,14.257477760314941
2010-03-23,14.515782356262207
2010-03-24,14.386627197265625
2010-03-25,14.403473854064941
2010-03-26,14.268704414367676
2010-03-29,14.178860664367676
2010-03-30,14.319242477416992
2010-03-31,14.291166305541992
2010-04-01,14.369780540466309
2010-04-06,14.802169799804688
2010-04-07,15.004321098327637
2010-04-08,14.908855438232422
2010-04-09,14.936936378479004
2010-04-12,15.07731819152832
2010-04-13,15.066091537475586
2010-04-14,15.363706588745117
2010-04-15,15.374935150146484
2010-04-16,15.066091537475586
2010-04-19,14.863935470581055
2010-04-20,14.897623062133789
2010-04-21,15.12785816192627
2010-04-22,15.21770191192627
2010-04-23,15.06047534942627
2010-04-27,15.049242973327637
2010-04-28,14.796551704406738
2010-04-29,14.841475486755371
2010-04-30,14.965007781982422
2010-05-03,14.98186206817627
2010-05-04,14.689860343933105
2010-05-05,14.53824234008789
2010-05-06,14.302398681640625
2010-05-07,13.914935111999512
2010-05-10,14.296782493591309
2010-05-11,14.072164535522461
2010-05-12,14.54947566986084
2010-05-13,15.049242973327637
2010-05-14,14.869550704956055
2010-05-17,14.347320556640625
2010-05-18,14.066546440124512
2010-05-19,13.774550437927246
2010-05-20,13.533084869384766
2010-05-21,13.168087005615234
2010-05-24,13.611701011657715
2010-05-25,13.033320426940918
2010-05-26,13.521856307983398
2010-05-27,13.757701873779297
2010-05-28,14.072164535522461
2010-05-31,13.853167533874512
2010-06-01,13.74647331237793
2010-06-02,13.36462688446045
2010-06-03,13.538704872131348
2010-06-04,13.62293529510498
2010-06-07,12.988399505615234
2010-06-08,13.055780410766602
2010-06-09,13.055780410766602
2010-06-10,13.038933753967285
2010-06-11,13.179317474365234
2010-06-15,13.291626930236816
2010-06-16,13.30847454071045
2010-06-17,12.977168083190918
2010-06-18,12.556010246276855
2010-06-21,12.657088279724121
2010-06-22,12.645858764648438
2010-06-23,12.454935073852539
2010-06-24,12.36508846282959
2010-06-25,12.241548538208008
2010-06-28,12.43808650970459
2010-06-29,12.421242713928223
2010-06-30,12.47177791595459
2010-07-01,11.904623985290527
2010-07-02,11.91585636138916
2010-07-05,11.758625030517578
2010-07-06,11.769857406616211
2010-07-07,11.758625030517578
2010-07-08,11.96077823638916
2010-07-09,12.084319114685059
2010-07-12,12.123624801635742
2010-07-13,12.016935348510742
2010-07-14,12.269623756408691
2010-07-15,12.07308578491211
2010-07-16,11.83162784576416
2010-07-19,11.427314758300781
2010-07-20,11.219550132751465
2010-07-21,11.466622352600098
2010-07-22,11.94393539428711
2010-07-23,12.629011154174805
2010-07-26,12.606549263000488
2010-07-27,12.668315887451172
2010-07-28,12.90977954864502
2010-07-29,12.892932891845703
2010-07-30,12.994010925292969
2010-08-02,12.93224048614502
2010-08-03,13.207398414611816
2010-08-04,13.123165130615234
2010-08-05,13.140012741088867
2010-08-06,13.140012741088867
2010-08-09,13.330933570861816
2010-08-10,13.083856582641602
2010-08-11,12.696398735046387
2010-08-12,12.370704650878906
2010-08-13,12.460550308227539
2010-08-16,12.42685604095459
2010-08-17,12.550394058227539
2010-08-18,12.81431770324707
2010-08-19,12.85362434387207
2010-08-20,12.713241577148438
2010-08-23,12.629011154174805
2010-08-24,12.488626480102539
2010-08-25,11.343083381652832
2010-08-26,11.85970401763916
2010-08-27,11.83162784576416
2010-08-30,12.117827415466309
2010-08-31,11.888864517211914
2010-09-01,12.16362190246582
2010-09-02,12.421204566955566
2010-09-03,12.535683631896973
2010-09-06,12.69596004486084
2010-09-07,12.987885475158691
2010-09-08,12.879122734069824
2010-09-09,13.130983352661133
2010-09-10,13.193950653076172
2010-09-13,13.274086952209473
2010-09-14,13.16533374786377
2010-09-15,13.35995101928711
2010-09-16,13.08519458770752
2010-09-17,13.296979904174805
2010-09-20,13.371397972106934
2010-09-21,13.182501792907715
2010-09-22,12.999334335327148
2010-09-23,12.718856811523438
2010-09-24,12.598649978637695
2010-09-27,12.976434707641602
2010-09-28,12.93636703491211
2010-09-29,12.987885475158691
2010-09-30,12.736028671264648
2010-10-01,12.667335510253906
2010-10-04,12.93636703491211
2010-10-05,13.193950653076172
2010-10-06,13.794975280761719
2010-10-07,13.480154037475586
2010-10-08,13.251192092895508
2010-10-11,13.337051391601562
2010-10-12,13.09091854095459
2010-10-13,13.130983352661133
2010-10-14,13.314156532287598
2010-10-15,13.325602531433105
2010-10-18,13.400016784667969
2010-10-19,13.428637504577637
2010-10-20,13.35422420501709
2010-10-21,13.440081596374512
2010-10-22,13.251192092895508
2010-10-25,13.274086952209473
2010-10-26,12.798990249633789
2010-10-27,12.942091941833496
2010-10-28,13.027956008911133
2010-10-29,13.136710166931152
2010-11-01,13.1080904006958
2010-11-02,13.291261672973633
2010-11-03,13.417187690734863
2010-11-04,13.543118476867676
2010-11-05,14.367386817932129
2010-11-08,14.487586975097656
2010-11-09,14.722270011901855
2010-11-10,14.550548553466797
2010-11-11,14.561999320983887
2010-11-12,14.481863975524902
2010-11-15,15.117232322692871
2010-11-16,14.997029304504395
2010-11-17,14.825308799743652
2010-11-18,15.122956275939941
2010-11-19,15.43205738067627
2010-11-22,15.397712707519531
2010-11-23,14.951233863830566
2010-11-24,14.670755386352539
2010-11-25,14.396001815795898
2010-11-26,14.722270011901855
2010-11-29,14.819581985473633
2010-11-30,14.424622535705566
2010-12-01,14.310140609741211
2010-12-02,14.790962219238281
2010-12-03,15.248886108398438
2010-12-06,15.111509323120117
2010-12-07,15.180198669433594
2010-12-08,15.426334381103516
2010-12-09,15.454949378967285
2010-12-10,15.609502792358398
2010-12-13,15.569436073303223
2010-12-14,15.712532043457031
2010-12-15,15.569436073303223
2010-12-16,15.426334381103516
2010-12-17,15.403436660766602
2010-12-20,15.36909008026123
2010-12-21,15.569436073303223
2010-12-22,15.403436660766602
2010-12-23,15.44350528717041
2010-12-24,15.477849006652832
2010-12-29,15.460677146911621
2010-12-30,15.386263847351074
2010-12-31,15.306127548217773
2011-01-04,15.317573547363281
2011-01-05,15.346197128295898
2011-01-06,15.397712707519531
2011-01-07,15.51791763305664
2011-01-10,15.815566062927246
2011-01-11,16.0330810546875
2011-01-12,15.993014335632324
2011-01-13,16.2963924407959
2011-01-14,16.199081420898438
2011-01-17,16.038806915283203
2011-01-18,16.256319046020508
2011-01-19,16.548246383666992
2011-01-20,16.382251739501953
2011-01-21,16.187637329101562
2011-01-24,16.06170082092285
2011-01-25,16.199081420898438
2011-01-27,16.130390167236328
2011-01-28,15.821293830871582
2011-01-31,15.804120063781738
2011-02-01,16.0330810546875
2011-02-02,16.36507797241211
2011-02-03,16.370800018310547
2011-02-04,16.531076431274414
2011-02-07,16.863075256347656
2011-02-08,17.04051399230957
2011-02-09,16.48528480529785
2011-02-10,16.708520889282227
2011-02-11,16.325010299682617
2011-02-14,16.85734748840332
2011-02-15,16.68562889099121
2011-02-16,16.760038375854492
2011-02-17,16.456663131713867
2011-02-18,16.708520889282227
2011-02-21,16.29066276550293
2011-02-22,16.221975326538086
2011-02-23,16.708520889282227
2011-02-24,17.017621994018555
2011-02-25,17.1435489654541
2011-02-28,17.468000411987305
2011-03-01,17.717126846313477
2011-03-02,17.554901123046875
2011-03-03,17.717126846313477
2011-03-04,17.960458755493164
2011-03-07,17.995222091674805
2011-03-08,18.16324234008789
2011-03-09,18.01839828491211
2011-03-10,17.37529754638672
2011-03-11,17.299983978271484
2011-03-15,16.75537109375
2011-03-16,16.807518005371094
2011-03-17,16.981325149536133
2011-03-18,17.43323516845703
2011-03-21,17.20728302001953
2011-03-22,17.317359924316406
2011-03-23,17.386886596679688
2011-03-24,17.71133041381836
2011-03-25,17.908321380615234
2011-03-28,17.989431381225586
2011-03-29,18.006807327270508
2011-03-30,18.255939483642578
2011-03-31,17.94887924194336
2011-04-01,18.07054328918457
2011-04-04,18.19220733642578
2011-04-05,18.14006233215332
2011-04-06,18.348636627197266
2011-04-07,19.177139282226562
2011-04-08,19.362539291381836
2011-04-11,19.35674285888672
2011-04-12,18.470308303833008
2011-04-13,18.174829483032227
2011-04-14,17.960458755493164
2011-04-15,17.943078994750977
2011-04-18,18.308080673217773
2011-04-19,17.896728515625
2011-04-20,18.215389251708984
2011-04-21,18.308080673217773
2011-04-27,18.435546875
2011-04-28,18.360231399536133
2011-04-29,17.58386993408203
2011-05-02,17.52593421936035
2011-05-03,17.37529754638672
2011-05-04,17.20728302001953
2011-05-05,17.09140396118164
2011-05-06,16.703229904174805
2011-05-09,16.894418716430664
2011-05-10,16.82489585876465
2011-05-11,16.923391342163086
2011-05-12,16.454097747802734
2011-05-13,16.58156394958496
2011-05-16,16.61052894592285
2011-05-17,16.714813232421875
2011-05-18,16.75537109375
2011-05-19,17.20728302001953
2011-05-20,17.27680206298828
2011-05-23,16.703229904174805
2011-05-24,16.575761795043945
2011-05-25,16.401958465576172
2011-05-26,16.83648109436035
2011-05-27,17.085613250732422
2011-05-30,17.12616729736328
2011-05-31,17.38109016418457
2011-06-01,17.54331398010254
2011-06-02,17.14934730529785
2011-06-03,17.068233489990234
2011-06-06,17.021883010864258
2011-06-07,16.865453720092773
2011-06-08,16.865453720092773
2011-06-09,16.78434181213379
2011-06-10,16.83648109436035
2011-06-14,16.88283348083496
2011-06-15,16.97553253173828
2011-06-16,16.691640853881836
2011-06-17,16.627910614013672
2011-06-20,16.38458251953125
2011-06-21,16.31505012512207
2011-06-22,16.703229904174805
2011-06-23,16.743783950805664
2011-06-24,16.59894561767578
2011-06-27,15.909489631652832
2011-06-28,15.561870574951172
2011-06-29,16.04854393005371
2011-06-30,16.36139678955078
2011-07-01,16.123855590820312
2011-07-04,16.118066787719727
2011-07-05,15.944254875183105
2011-07-06,15.857351303100586
2011-07-07,15.810996055603027
2011-07-08,16.065921783447266
2011-07-11,16.176002502441406
2011-07-12,16.060129165649414
2011-07-13,16.38458251953125
2011-07-14,16.569974899291992
2011-07-15,16.529422760009766
2011-07-18,16.55838966369629
2011-07-19,16.396160125732422
2011-07-20,16.65108871459961
2011-07-21,16.85386085510254
2011-07-22,16.790132522583008
2011-07-25,16.401958465576172
2011-07-26,16.94655990600586
2011-07-27,16.674257278442383
2011-07-28,16.51203727722168
2011-07-29,15.938460350036621
2011-08-02,15.990602493286133
2011-08-03,15.521313667297363
2011-08-04,14.94194507598877
2011-08-05,14.026540756225586
2011-08-08,13.487728118896484
2011-08-09,13.864315032958984
2011-08-10,14.536385536193848
2011-08-11,14.252494812011719
2011-08-12,14.623291969299316
2011-08-15,15.173691749572754
2011-08-16,14.750750541687012
2011-08-17,14.82027816772461
2011-08-18,14.432103157043457
2011-08-19,13.731063842773438
2011-08-22,13.499312400817871
2011-08-23,13.731063842773438
2011-08-24,15.104172706604004
2011-08-25,15.347506523132324
2011-08-26,15.28377628326416
2011-08-29,15.738507270812988
2011-08-30,15.514089584350586
2011-08-31,16.06331443786621
2011-09-01,15.933392524719238
2011-09-02,15.844803810119629
2011-09-05,15.206999778747559
2011-09-06,14.923527717590332
2011-09-07,15.236533164978027
2011-09-08,15.549528121948242
2011-09-09,15.266057014465332
2011-09-12,14.480607032775879
2011-09-13,15.177471160888672
2011-09-14,14.516036987304688
2011-09-15,15.22472095489502
2011-09-16,15.892050743103027
2011-09-19,15.957015991210938
2011-09-20,15.52590560913086
2011-09-21,15.37826156616211
2011-09-22,14.953056335449219
2011-09-23,14.787701606750488
2011-09-26,14.439270973205566
2011-09-27,15.24833869934082
2011-09-28,15.124320030212402
2011-09-29,15.000301361083984
2011-09-30,15.531808853149414
2011-10-04,14.557381629943848
2011-10-05,14.894000053405762
2011-10-06,15.354639053344727
2011-10-07,15.868425369262695
2011-10-10,16.021974563598633
2011-10-11,16.11646842956543
2011-10-12,15.968825340270996
2011-10-13,16.11646842956543
2011-10-14,16.039695739746094
2011-10-17,16.346784591674805
2011-10-18,16.122371673583984
2011-10-19,16.44718360900879
2011-10-20,16.423561096191406
2011-10-21,16.41765022277832
2011-10-24,16.801525115966797
2011-10-25,16.571199417114258
2011-10-26,16.323162078857422
2011-10-27,16.588918685913086
2011-10-28,16.606632232666016
2011-10-31,16.453086853027344
2011-11-02,16.258201599121094
2011-11-03,16.163713455200195
2011-11-04,16.482620239257812
2011-11-07,16.588918685913086
2011-11-08,16.624351501464844
2011-11-09,16.760181427001953
2011-11-10,16.181428909301758
2011-11-11,16.07512664794922
2011-11-14,15.98654556274414
2011-11-15,15.832995414733887
2011-11-16,15.703075408935547
2011-11-17,16.10465431213379
2011-11-18,15.74441146850586
2011-11-21,15.886148452758789
2011-11-22,15.791658401489258
2011-11-23,15.348736763000488
2011-11-24,14.81722354888916
2011-11-25,15.065263748168945
2011-11-28,15.147941589355469
2011-11-29,15.319205284118652
2011-11-30,15.11251163482666
2011-12-01,15.868425369262695
2011-12-02,16.169618606567383
2011-12-05,16.140092849731445
2011-12-06,15.856619834899902
2011-12-07,15.838897705078125
2011-12-08,16.004261016845703
2011-12-09,15.838897705078125
2011-12-12,16.122371673583984
2011-12-13,16.069223403930664
2011-12-14,16.175521850585938
2011-12-15,15.74441146850586
2011-12-16,15.384173393249512
2011-12-19,14.82313060760498
2011-12-20,15.094791412353516
2011-12-21,15.455037117004395
2011-12-22,15.053454399108887
2011-12-23,15.277872085571289
2011-12-28,15.638113021850586
2011-12-29,15.325112342834473
2011-12-30,15.159754753112793
2012-01-03,15.236533164978027
2012-01-04,15.939299583435059
2012-01-05,15.602675437927246
2012-01-06,15.520003318786621
2012-01-09,15.573151588439941
2012-01-10,15.892050743103027
2012-01-11,15.61449146270752
2012-01-12,15.579061508178711
2012-01-13,15.638113021850586
2012-01-16,15.703075408935547
2012-01-17,16.169618606567383
2012-01-18,16.21685791015625
2012-01-19,16.004261016845703
2012-01-20,16.394031524658203
2012-01-23,16.24639129638672
2012-01-24,16.334978103637695
2012-01-25,16.38812255859375
2012-01-27,16.270015716552734
2012-01-30,16.38812255859375
2012-01-31,16.11646842956543
2012-02-01,16.29953956604004
2012-02-02,16.683406829833984
2012-02-03,16.659788131713867
2012-02-06,16.872390747070312
2012-02-07,16.93144416809082
2012-02-08,16.93735122680664
2012-02-09,17.00231170654297
2012-02-10,16.77199363708496
2012-02-13,16.63616371154785
2012-02-14,16.535768508911133
2012-02-15,16.529861450195312
2012-02-16,16.44718360900879
2012-02-17,16.630258560180664
2012-02-20,16.88419532775879
2012-02-21,17.00231170654297
2012-02-22,17.226726531982422
2012-02-23,17.40980339050293
2012-02-24,17.480667114257812
2012-02-27,17.55743980407715
2012-02-28,17.59877586364746
2012-02-29,17.34483528137207
2012-03-01,17.53972053527832
2012-03-02,17.34483528137207
2012-03-05,17.20114517211914
2012-03-06,16.668289184570312
2012-03-07,16.764083862304688
2012-03-08,16.937711715698242
2012-03-09,17.272991180419922
2012-03-12,17.123308181762695
2012-03-13,17.231081008911133
2012-03-14,17.428661346435547
2012-03-15,17.518465042114258
2012-03-16,17.542417526245117
2012-03-19,17.71005630493164
2012-03-20,17.841772079467773
2012-03-21,17.734006881713867
2012-03-22,17.692096710205078
2012-03-23,17.877696990966797
2012-03-26,17.841772079467773
2012-03-27,17.739990234375
2012-03-28,17.763940811157227
2012-03-29,17.26700782775879
2012-03-30,17.141273498535156
2012-04-02,17.278976440429688
2012-04-03,17.620250701904297
2012-04-04,17.49452018737793
2012-04-05,17.536428451538086
2012-04-10,17.051467895507812
2012-04-11,16.961660385131836
2012-04-12,16.85388946533203
2012-04-13,17.21910858154297
2012-04-16,17.243059158325195
2012-04-17,17.135290145874023
2012-04-18,17.326881408691406
2012-04-19,17.21910858154297
2012-04-20,17.308916091918945
2012-04-23,17.081405639648438
2012-04-24,16.925739288330078
2012-04-26,16.871850967407227
2012-04-27,16.859880447387695
2012-04-30,16.913759231567383
2012-05-01,16.859880447387695
2012-05-02,16.961660385131836
2012-05-03,16.416828155517578
2012-05-04,16.315044403076172
2012-05-07,15.596587181091309
2012-05-08,15.925881385803223
2012-05-09,16.033647537231445
2012-05-10,15.907919883728027
2012-05-11,15.96778678894043
2012-05-14,16.16536521911621
2012-05-15,15.830084800720215
2012-05-16,15.321176528930664
2012-05-17,15.28525161743164
2012-05-18,15.003851890563965
2012-05-21,14.967931747436523
2012-05-22,15.303211212158203
2012-05-23,15.081687927246094
2012-05-24,15.033795356750488
2012-05-25,14.770354270935059
2012-05-28,15.135573387145996
2012-05-29,15.716326713562012
2012-05-30,15.602569580078125
2012-05-31,15.387032508850098
2012-06-01,15.12359619140625
2012-06-04,14.650611877441406
2012-06-05,15.057734489440918
2012-06-06,15.075699806213379
2012-06-07,15.41696834564209
2012-06-08,15.111621856689453
2012-06-12,15.28525161743164
2012-06-13,15.267288208007812
2012-06-14,15.081687927246094
2012-06-15,15.195446968078613
2012-06-18,15.572633743286133
2012-06-19,15.428945541381836
2012-06-20,15.554673194885254
2012-06-21,14.943985939025879
2012-06-22,14.470996856689453
2012-06-25,14.57277774810791
2012-06-26,14.710480690002441
2012-06-27,14.722457885742188
2012-06-28,14.465008735656738
2012-06-29,15.027799606323242
2012-07-02,15.255311965942383
2012-07-03,14.860162734985352
2012-07-04,15.1834716796875
2012-07-05,15.231368064880371
2012-07-06,14.961946487426758
2012-07-09,14.77634334564209
2012-07-10,14.764366149902344
2012-07-11,14.512903213500977
2012-07-12,14.506918907165527
2012-07-13,14.566791534423828
2012-07-16,14.85417366027832
2012-07-17,15.075699806213379
2012-07-18,14.812263488769531
2012-07-19,15.309200286865234
2012-07-20,15.357095718383789
2012-07-23,14.860162734985352
2012-07-24,14.818251609802246
2012-07-25,14.758381843566895
2012-07-26,15.027799606323242
2012-07-27,15.434934616088867
2012-07-30,15.494805335998535
2012-07-31,15.620529174804688
2012-08-01,15.363085746765137
2012-08-02,15.321176528930664
2012-08-03,14.955954551696777
2012-08-06,15.29722785949707
2012-08-07,15.40499496459961
2012-08-08,15.6384916305542
2012-08-09,15.919893264770508
2012-08-10,15.913902282714844
2012-08-13,16.075559616088867
2012-08-14,16.273134231567383
2012-08-15,15.536711692810059
2012-08-16,15.674417495727539
2012-08-17,15.692377090454102
2012-08-20,15.782185554504395
2012-08-21,15.883971214294434
2012-08-22,15.866006851196289
2012-08-23,15.913902282714844
2012-08-24,15.854033470153809
2012-08-27,15.77619743347168
2012-08-28,15.68639087677002
2012-08-29,15.7582368850708
2012-08-30,15.680403709411621
2012-08-31,15.877978324890137
2012-09-03,15.871875762939453
2012-09-04,15.511706352233887
2012-09-05,15.352985382080078
2012-09-06,15.444557189941406
2012-09-07,15.566646575927734
2012-09-10,15.371304512023926
2012-09-11,15.664323806762695
2012-09-12,15.993968963623047
2012-09-13,16.024490356445312
2012-09-14,16.66547203063965
2012-09-17,16.793664932250977
2012-09-18,16.63494873046875
2012-09-19,16.67157554626465
2012-09-20,16.842504501342773
2012-09-21,16.848608016967773
2012-09-24,16.811983108520508
2012-09-25,17.068370819091797
2012-09-26,16.94017791748047
2012-09-27,17.013427734375
2012-09-28,17.269826889038086
2012-10-01,16.909656524658203
2012-10-02,16.885234832763672
2012-10-03,16.77535629272461
2012-10-04,16.720407485961914
2012-10-05,16.781455993652344
2012-10-08,16.592214584350586
2012-10-09,16.738727569580078
2012-10-10,16.77535629272461
2012-10-11,16.77535629272461
2012-10-12,16.286991119384766
2012-10-15,16.140480041503906
2012-10-16,16.268672943115234
2012-10-17,16.59832191467285
2012-10-18,16.81808853149414
2012-10-19,16.726520538330078
2012-10-22,16.476226806640625
2012-10-23,15.462870597839355
2012-10-24,14.56550121307373
2012-10-25,14.88904094696045
2012-10-26,15.059967041015625
2012-10-29,15.005025863647461
2012-10-30,15.188169479370117
2012-10-31,15.059967041015625
2012-11-01,15.108803749084473
2012-11-02,15.157642364501953
2012-11-05,15.029443740844727
2012-11-06,15.017239570617676
2012-11-07,15.078280448913574
2012-11-08,14.974503517150879
2012-11-09,15.298047065734863
2012-11-12,15.206480979919434
2012-11-13,15.017239570617676
2012-11-14,15.03554916381836
2012-11-15,14.773055076599121
2012-11-16,14.687590599060059
2012-11-19,14.8646240234375
2012-11-20,15.072181701660156
2012-11-21,14.986715316772461
2012-11-22,15.02334213256836
2012-11-23,14.986715316772461
2012-11-26,14.919563293457031
2012-11-27,15.121016502380371
2012-11-28,14.968400955200195
2012-11-29,14.962296485900879
2012-11-30,14.99282169342041
2012-12-03,15.041654586791992
2012-12-04,14.785264015197754
2012-12-05,14.766946792602539
2012-12-06,14.364046096801758
2012-12-07,14.071026802062988
2012-12-10,14.046610832214355
2012-12-11,13.619293212890625
2012-12-12,14.02219295501709
2012-12-13,14.278585433959961
2012-12-14,14.040507316589355
2012-12-17,14.046610832214355
2012-12-18,14.223641395568848
2012-12-19,14.400674819946289
2012-12-20,14.37625789642334
2012-12-21,14.339628219604492
2012-12-24,14.388465881347656
2012-12-27,14.47392749786377
2012-12-28,14.553288459777832
2012-12-31,14.260271072387695
2013-01-02,14.52276611328125
2013-01-03,14.834098815917969
2013-01-04,14.65706729888916
2013-01-07,14.687590599060059
2013-01-08,14.779160499572754
2013-01-09,14.901250839233398
2013-01-10,14.840200424194336
2013-01-11,14.620440483093262
2013-01-14,14.388465881347656
2013-01-15,14.528871536254883
2013-01-16,14.693696022033691
2013-01-17,14.650965690612793
2013-01-18,14.650965690612793
2013-01-21,14.791367530822754
2013-01-22,14.736427307128906
2013-01-23,14.779160499572754
2013-01-24,14.852415084838867
2013-01-25,14.846307754516602
2013-01-29,15.45676326751709
2013-01-30,15.755890846252441
2013-01-31,15.401823997497559
2013-02-01,15.462870597839355
2013-02-04,15.536125183105469
2013-02-05,15.346884727478027
2013-02-06,15.45676326751709
2013-02-07,15.493395805358887
2013-02-08,15.584959983825684
2013-02-11,15.536125183105469
2013-02-12,15.487290382385254
2013-02-13,15.761995315551758
2013-02-14,16.549484252929688
2013-02-15,16.2625675201416
2013-02-18,16.116058349609375
2013-02-19,16.19542121887207
2013-02-20,16.31751251220703
2013-02-21,15.981758117675781
2013-02-22,16.3297176361084
2013-02-25,16.407230377197266
2013-02-26,16.208805084228516
2013-02-27,16.308015823364258
2013-02-28,16.518842697143555
2013-03-01,16.239805221557617
2013-03-04,16.053781509399414
2013-03-05,15.8739652633667
2013-03-06,15.948369979858398
2013-03-07,15.960776329040527
2013-03-08,15.805755615234375
2013-03-11,15.985577583312988
2013-03-12,15.694135665893555
2013-03-13,15.66313362121582
2013-03-14,15.353099822998047
2013-03-15,15.960776329040527
2013-03-18,15.638330459594727
2013-03-19,15.625934600830078
2013-03-20,15.253888130187988
2013-03-21,15.17327880859375
2013-03-22,15.198080062866211
2013-03-25,15.229085922241211
2013-03-26,15.043057441711426
2013-03-27,15.501920700073242
2013-03-28,15.30969524383545
2013-04-02,15.235281944274902
2013-04-03,14.987255096435547
2013-04-04,14.77022933959961
2013-04-05,14.881842613220215
2013-04-08,14.881842613220215
2013-04-09,15.334495544433594
2013-04-10,15.17947769165039
2013-04-11,15.272486686706543
2013-04-12,15.266283988952637
2013-04-15,14.733024597167969
2013-04-16,14.37957763671875
2013-04-17,14.336173057556152
2013-04-18,13.505270004272461
2013-04-19,14.05093765258789
2013-04-22,14.174952507019043
2013-04-23,14.088141441345215
2013-04-24,14.47878646850586
2013-04-26,14.491191864013672
2013-04-29,14.56559944152832
2013-04-30,14.119148254394531
2013-05-01,13.951722145080566
2013-05-02,13.833913803100586
2013-05-03,13.951722145080566
2013-05-06,14.354776382446289
2013-05-07,14.64001178741455
2013-05-08,14.77022933959961
2013-05-09,14.857037544250488
2013-05-10,14.838435173034668
2013-05-13,14.596607208251953
2013-05-14,14.695820808410645
2013-05-15,14.484991073608398
2013-05-16,13.821511268615723
2013-05-17,12.091495513916016
2013-05-20,11.94267749786377
2013-05-21,12.060492515563965
2013-05-22,12.283721923828125
2013-05-23,12.785979270935059
2013-05-24,12.3829345703125
2013-05-27,12.488343238830566
2013-05-28,12.234112739562988
2013-05-29,12.426335334777832
2013-05-30,12.835588455200195
2013-05-31,12.841789245605469
2013-06-03,12.618558883666992
2013-06-04,12.643364906311035
2013-06-05,12.451138496398926
2013-06-06,11.905471801757812
2013-06-07,11.855868339538574
2013-06-11,11.948877334594727
2013-06-12,12.029489517211914
2013-06-13,11.552030563354492
2013-06-14,12.190705299377441
2013-06-17,12.072892189025879
2013-06-18,11.96747875213623
2013-06-19,12.327123641967773
2013-06-20,11.96747875213623
2013-06-21,12.513150215148926
2013-06-24,12.079092979431152
2013-06-25,12.128700256347656
2013-06-26,12.048088073730469
2013-06-27,12.395331382751465
2013-06-28,12.085294723510742
2013-07-01,11.862066268920898
2013-07-02,12.184507369995117
2013-07-03,12.048088073730469
2013-07-04,12.370529174804688
2013-07-05,12.494546890258789
2013-07-08,12.513150215148926
2013-07-09,12.525548934936523
2013-07-10,12.661965370178223
2013-07-11,13.009208679199219
2013-07-12,13.331646919250488
2013-07-15,13.319246292114258
2013-07-16,13.399856567382812
2013-07-17,13.350248336791992
2013-07-18,13.486665725708008
2013-07-19,13.63548755645752
2013-07-22,13.573474884033203
2013-07-23,13.933121681213379
2013-07-24,13.623085021972656
2013-07-25,13.561076164245605
2013-07-26,13.585881233215332
2013-07-29,13.567279815673828
2013-07-30,13.548675537109375
2013-07-31,13.66028881072998
2013-08-01,13.678892135620117
2013-08-02,13.629283905029297
2013-08-05,13.691292762756348
2013-08-06,13.585881233215332
2013-08-07,13.232437133789062
2013-08-08,13.207633972167969
2013-08-09,12.92239761352539
2013-08-12,13.232437133789062
2013-08-13,13.579675674438477
2013-08-14,14.04473876953125
2013-08-15,14.038535118103027
2013-08-16,13.809109687805176
2013-08-19,14.168753623962402
2013-08-20,13.877315521240234
2013-08-21,14.0757417678833
2013-08-22,13.82770824432373
2013-08-23,14.329971313476562
2013-08-26,14.00025749206543
2013-08-27,13.93050765991211
2013-08-28,13.613473892211914
2013-08-29,13.714924812316895
2013-08-30,13.955873489379883
2013-09-02,14.228523254394531
2013-09-03,14.127070426940918
2013-09-04,14.012938499450684
2013-09-05,13.822718620300293
2013-09-06,14.057324409484863
2013-09-09,14.133413314819336
2013-09-10,14.34899616241455
2013-09-11,14.437764167785645
2013-09-12,14.463123321533203
2013-09-13,14.551901817321777
2013-09-16,14.704072952270508
2013-09-17,14.602624893188477
2013-09-18,14.627986907958984
2013-09-19,14.583601951599121
2013-09-20,14.773818016052246
2013-09-23,14.7864990234375
2013-09-24,14.919656753540039
2013-09-25,15.116218566894531
2013-09-26,15.021112442016602
2013-09-27,15.477639198303223
2013-09-30,15.420570373535156
2013-10-01,14.995745658874512
2013-10-02,14.900634765625
2013-10-03,14.88795280456543
2013-10-04,14.799185752868652
2013-10-07,14.666031837463379
2013-10-08,14.43142318725586
2013-10-09,14.012938499450684
2013-10-10,14.209497451782227
2013-10-11,14.044639587402344
2013-10-14,13.949530601501465
2013-10-15,14.082685470581055
2013-10-16,13.974894523620605
2013-10-17,14.044639587402344
2013-10-18,14.215840339660645
2013-10-21,14.32363224029541
2013-10-22,14.31728744506836
2013-10-23,14.070005416870117
2013-10-24,14.1841402053833
2013-10-25,14.266563415527344
2013-10-28,14.038300514221191
2013-10-29,13.83539867401123
2013-10-30,13.860760688781738
2013-10-31,13.987574577331543
2013-11-01,13.886119842529297
2013-11-04,13.594452857971191
2013-11-05,13.670538902282715
2013-11-06,13.442272186279297
2013-11-07,13.733945846557617
2013-11-08,13.664200782775879
2013-11-11,13.987574577331543
2013-11-12,14.387036323547363
2013-11-13,13.83539867401123
2013-11-14,13.645177841186523
2013-11-15,13.778332710266113
2013-11-18,13.78467082977295
2013-11-19,13.689563751220703
2013-11-20,10.145113945007324
2013-11-21,9.967574119567871
2013-11-22,10.145113945007324
2013-11-25,10.379717826843262
2013-11-26,10.214859962463379
2013-11-27,10.208518028259277
2013-11-28,10.265585899353027
2013-11-29,10.367036819458008
2013-12-02,10.430444717407227
2013-12-03,10.119750022888184
2013-12-04,10.462146759033203
2013-12-05,10.221199989318848
2013-12-06,10.214859962463379
2013-12-09,10.050003051757812
2013-12-10,9.999277114868164
2013-12-11,9.76467227935791
2013-12-12,9.745649337768555
2013-12-13,9.783692359924316
2013-12-16,10.481169700622559
2013-12-17,10.208518028259277
2013-12-18,10.145113945007324
2013-12-19,10.018298149108887
2013-12-20,10.557258605957031
2013-12-23,10.50653076171875
2013-12-24,10.646028518676758
2013-12-27,10.652369499206543
2013-12-30,10.646028518676758
2013-12-31,10.525552749633789
2014-01-02,10.684073448181152
2014-01-03,10.57628059387207
2014-01-06,10.550918579101562
2014-01-07,10.348016738891602
2014-01-08,10.367036819458008
2014-01-09,10.512872695922852
2014-01-10,10.430444717407227
2014-01-13,10.677732467651367
2014-01-14,10.69675350189209
2014-01-15,10.848930358886719
2014-01-16,11.06451416015625
2014-01-17,10.9567232131958
2014-01-20,10.88697338104248
2014-01-21,10.766502380371094
2014-01-22,10.848930358886719
2014-01-23,10.728456497192383
2014-01-24,10.60798454284668
2014-01-28,10.531895637512207
2014-01-29,10.550918579101562
2014-01-30,10.455806732177734
2014-01-31,10.430444717407227
2014-02-03,10.30997085571289
2014-02-04,10.056342124938965
2014-02-05,9.75199031829834
2014-02-06,9.897825241088867
2014-02-07,9.92952823638916
2014-02-10,9.980254173278809
2014-02-11,9.923189163208008
2014-02-12,9.954891204833984
2014-02-13,9.87246322631836
2014-02-14,9.948551177978516
2014-02-17,9.98659610748291
2014-02-18,9.973915100097656
2014-02-19,9.834419250488281
2014-02-20,9.853442192077637
2014-02-21,10.176816940307617
2014-02-24,10.011958122253418
2014-02-25,9.821738243103027
2014-02-26,10.861611366271973
2014-02-27,10.588960647583008
2014-02-28,10.658710479736328
2014-03-03,10.775200843811035
2014-03-04,10.678123474121094
2014-03-05,10.548693656921387
2014-03-06,10.5875244140625
2014-03-07,10.956401824951172
2014-03-10,10.704010009765625
2014-03-11,10.496920585632324
2014-03-12,10.309245109558105
2014-03-13,10.186283111572266
2014-03-14,9.940361976623535
2014-03-17,9.707385063171387
2014-03-18,9.83681583404541
2014-03-19,9.83034610748291
2014-03-20,9.772101402282715
2014-03-21,9.810932159423828
2014-03-24,9.83034610748291
2014-03-25,9.610311508178711
2014-03-26,9.720329284667969
2014-03-27,9.759159088134766
2014-03-28,9.662084579467773
2014-03-31,9.797986030578613
2014-04-01,9.73327350616455
2014-04-02,9.908005714416504
2014-04-03,9.95330810546875
2014-04-04,10.069794654846191
2014-04-07,10.043910026550293
2014-04-08,10.018023490905762
2014-04-09,10.710482597351074
2014-04-10,10.742838859558105
2014-04-11,10.814027786254883
2014-04-14,10.639297485351562
2014-04-15,10.755784034729004
2014-04-16,10.775200843811035
2014-04-17,10.742838859558105
2014-04-22,10.878744125366211
2014-04-23,10.801085472106934
2014-04-24,10.878744125366211
2014-04-28,10.865801811218262
2014-04-29,10.762252807617188
2014-04-30,10.878744125366211
2014-05-01,10.671650886535645
2014-05-02,10.535748481750488
2014-05-05,10.691067695617676
2014-05-06,10.645768165588379
2014-05-07,10.548693656921387
2014-05-08,10.548693656921387
2014-05-09,10.645768165588379
2014-05-12,10.593993186950684
2014-05-13,10.645768165588379
2014-05-14,10.626351356506348
2014-05-15,10.542222023010254
2014-05-16,10.458089828491211
2014-05-19,10.095682144165039
2014-05-20,10.063322067260742
2014-05-21,9.966249465942383
2014-05-22,10.153923988342285
2014-05-23,10.205697059631348
2014-05-26,10.3804292678833
2014-05-27,10.419259071350098
2014-05-28,10.5875244140625
2014-05-29,10.47750473022461
2014-05-30,10.393373489379883
2014-06-02,10.438674926757812
2014-06-03,10.27041244506836
2014-06-04,10.225112915039062
2014-06-05,10.289828300476074
2014-06-06,10.46456241607666
2014-06-10,10.503392219543457
2014-06-11,10.419259071350098
2014-06-12,10.218640327453613
2014-06-13,10.386902809143066
2014-06-16,10.820501327514648
2014-06-17,10.807555198669434
2014-06-18,10.89168643951416
2014-06-19,11.241150856018066
2014-06-20,11.13760757446289
2014-06-23,11.131135940551758
2014-06-24,11.092306137084961
2014-06-25,10.988760948181152
2014-06-26,11.092306137084961
2014-06-27,11.169963836669922
2014-06-30,11.267040252685547
2014-07-01,11.305867195129395
2014-07-02,11.331755638122559
2014-07-03,12.043631553649902
2014-07-04,12.250720977783203
2014-07-07,12.153644561767578
2014-07-08,12.108345985412598
2014-07-09,11.946555137634277
2014-07-10,11.99832820892334
2014-07-11,11.933613777160645
2014-07-14,11.933613777160645
2014-07-15,11.881840705871582
2014-07-16,11.868894577026367
2014-07-17,11.92066764831543
2014-07-18,11.791237831115723
2014-07-21,11.888312339782715
2014-07-22,11.90772819519043
2014-07-23,11.85595417022705
2014-07-24,11.597092628479004
2014-07-25,11.74593734741211
2014-07-28,11.694164276123047
2014-07-29,11.661806106567383
2014-07-30,11.610033988952637
2014-07-31,11.6488618850708
2014-08-01,11.402942657470703
2014-08-04,11.370584487915039
2014-08-05,11.409417152404785
2014-08-06,11.202322959899902
2014-08-07,11.267040252685547
2014-08-08,10.975815773010254
2014-08-11,10.995229721069336
2014-08-12,11.144078254699707
2014-08-13,11.10524845123291
2014-08-14,11.176436424255371
2014-08-15,11.05994987487793
2014-08-18,11.19585132598877
2014-08-19,11.422357559204102
2014-08-20,11.370584487915039
2014-08-21,11.31234073638916
2014-08-22,11.254095077514648
2014-08-25,11.111720085144043
2014-08-26,11.118192672729492
2014-08-27,11.57120132446289
2014-08-28,11.05347728729248
2014-08-29,10.639297485351562
2014-09-01,10.781669616699219
2014-09-02,10.92404556274414
2014-09-03,10.830621719360352
2014-09-04,10.650443077087402
2014-09-05,10.510306358337402
2014-09-08,10.536998748779297
2014-09-09,10.61707592010498
2014-09-10,10.61707592010498
2014-09-11,10.790581703186035
2014-09-12,10.830621719360352
2014-09-15,10.630423545837402
2014-09-16,10.803927421569824
2014-09-17,10.797253608703613
2014-09-18,10.770561218261719
2014-09-19,10.710502624511719
2014-09-22,10.450246810913086
2014-09-23,10.583712577819824
2014-09-24,10.550344467163086
2014-09-25,10.59705638885498
2014-09-26,10.403533935546875
2014-09-29,10.343476295471191
2014-09-30,10.236703872680664
2014-10-01,10.17664623260498
2014-10-02,10.11658763885498
2014-10-03,10.11658763885498
2014-10-06,10.083220481872559
2014-10-07,10.103239059448242
2014-10-08,10.029834747314453
2014-10-09,10.15662670135498
2014-10-10,9.80962085723877
2014-10-13,9.56270980834961
2014-10-14,9.776252746582031
2014-10-15,9.556038856506348
2014-10-16,9.48263168334961
2014-10-17,9.42257308959961
2014-10-20,9.409226417541504
2014-10-21,9.008833885192871
2014-10-22,9.08223819732666
2014-10-23,9.008833885192871
2014-10-24,9.122278213500977
2014-10-27,9.08223819732666
2014-10-28,8.84200382232666
2014-10-29,8.988812446594238
2014-10-30,9.14229679107666
2014-10-31,9.048872947692871
2014-11-03,8.88204288482666
2014-11-04,8.935429573059082
2014-11-05,8.4749755859375
2014-11-06,8.448283195495605
2014-11-07,8.601768493652344
2014-11-10,8.70186710357666
2014-11-11,8.608443260192871
2014-11-12,8.528362274169922
2014-11-13,8.381551742553711
2014-11-14,8.288126945495605
2014-11-17,8.254758834838867
2014-11-18,8.3748779296875
2014-11-19,8.107950210571289
2014-11-20,8.101276397705078
2014-11-21,8.221394538879395
2014-11-24,8.388224601745605
2014-11-25,8.341511726379395
2014-11-26,8.388224601745605
2014-11-27,7.934447765350342
2014-11-28,7.420609474182129
2014-12-01,6.753289222717285
2014-12-02,6.806674003601074
2014-12-03,6.846713066101074
2014-12-04,7.053582668304443
2014-12-05,7.033563137054443
2014-12-08,6.960157871246338
2014-12-09,6.699902057647705
2014-12-10,6.479686737060547
2014-12-11,6.319530010223389
2014-12-12,6.226103782653809
2014-12-15,6.079293251037598
2014-12-16,5.872425079345703
2014-12-17,5.999215126037598
2014-12-18,6.4663405418396
2014-12-19,6.412952899932861
2014-12-22,6.980178356170654
2014-12-23,6.659862995147705
2014-12-24,6.753289222717285
2014-12-29,6.846713066101074
2014-12-30,6.626497268676758
2014-12-31,6.726595878601074
2015-01-02,6.699902057647705
2015-01-05,6.80000114440918
2015-01-06,6.459666728973389
2015-01-07,6.159372329711914
2015-01-08,6.045929431915283
2015-01-09,6.232777118682861
2015-01-12,6.025907516479492
2015-01-13,6.092639446258545
2015-01-14,5.899117946624756
2015-01-15,5.94582986831665
2015-01-16,5.899117946624756
2015-01-19,6.092639446258545
2015-01-20,5.932483673095703
2015-01-21,5.905790328979492
2015-01-22,6.0726213455200195
2015-01-23,6.639843463897705
2015-01-27,6.459666728973389
2015-01-28,6.446321487426758
2015-01-29,6.439647674560547
2015-01-30,6.4196271896362305
2015-02-02,6.392935276031494
2015-02-03,6.793328762054443
2015-02-04,6.953485012054443
2015-02-05,6.7399420738220215
2015-02-06,6.786654472351074
2015-02-09,6.980178356170654
2015-02-10,7.01354455947876
2015-02-11,6.806674003601074
2015-02-12,6.7799811363220215
2015-02-13,6.980178356170654
2015-02-16,7.694209575653076
2015-02-17,7.534051895141602
2015-02-18,7.674191951751709
2015-02-19,7.607458591461182
2015-02-20,7.547401428222656
2015-02-23,7.660846710205078
2015-02-24,7.494013786315918
2015-02-25,6.579784870147705
2015-02-26,6.646517753601074
2015-02-27,6.673211574554443
2015-03-02,6.78373908996582
2015-03-03,6.942626476287842
2015-03-04,6.880454063415527
2015-03-05,6.85972785949707
2015-03-06,7.011706352233887
2015-03-09,6.693934440612793
2015-03-10,6.493601322174072
2015-03-11,6.3692545890808105
2015-03-12,6.7630157470703125
2015-03-13,6.990980625152588
2015-03-16,6.845912456512451
2015-03-17,6.935719013214111
2015-03-18,6.769923686981201
2015-03-19,6.901177883148193
2015-03-20,6.928808689117432
2015-03-23,6.894269943237305
2015-03-24,6.990980625152588
2015-03-25,6.942626476287842
2015-03-26,6.818280220031738
2015-03-27,6.7630157470703125
2015-03-30,6.500508785247803
2015-03-31,6.5972208976745605
2015-04-01,6.452150821685791
2015-04-02,6.410702228546143
2015-04-07,6.583404064178467
2015-04-08,6.866637229919434
2015-04-09,6.7422919273376465
2015-04-10,6.70084285736084
2015-04-13,6.721566200256348
2015-04-14,6.410702228546143
2015-04-15,6.562681674957275
2015-04-16,6.963349342346191
2015-04-17,7.571260929107666
2015-04-20,7.253489971160889
2015-04-21,7.391651153564453
2015-04-22,7.585078239440918
2015-04-23,7.737056255340576
2015-04-24,7.965023040771484
2015-04-27,8.18608283996582
2015-04-28,7.923572540283203
2015-04-29,7.8821282386779785
2015-04-30,7.9097580909729
2015-05-01,7.9097580909729
2015-05-04,7.149868965148926
2015-05-05,7.053153991699219
2015-05-06,7.073878288269043
2015-05-07,6.928808689117432
2015-05-08,6.825188159942627
2015-05-11,6.894269943237305
2015-05-12,6.963349342346191
2015-05-13,7.177501678466797
2015-05-14,7.129143714904785
2015-05-15,6.977165699005127
2015-05-18,7.101511001586914
2015-05-19,7.149868965148926
2015-05-20,6.97025728225708
2015-05-21,7.170592784881592
2015-05-22,7.488363742828369
2015-05-25,7.578170299530029
2015-05-26,7.598893165588379
2015-05-27,7.529811859130859
2015-05-28,7.557446002960205
2015-05-29,7.522904396057129
2015-06-01,7.4123759269714355
2015-06-02,7.212042331695557
2015-06-03,7.177501678466797
2015-06-04,6.977165699005127
2015-06-05,7.032430171966553
2015-06-09,7.039338111877441
2015-06-10,7.149868965148926
2015-06-11,7.391651153564453
2015-06-12,7.370926856994629
2015-06-15,7.357110023498535
2015-06-16,7.2396745681762695
2015-06-17,7.32257080078125
2015-06-18,7.212042331695557
2015-06-19,7.633434772491455
2015-06-22,7.53671932220459
2015-06-23,7.571260929107666
2015-06-24,7.502181529998779
2015-06-25,7.515997409820557
2015-06-26,6.977165699005127
2015-06-29,6.85972785949707
2015-06-30,7.191317081451416
2015-07-01,7.3363847732543945
2015-07-02,7.737056255340576
2015-07-03,7.585078239440918
2015-07-06,7.274213790893555
2015-07-07,7.094605445861816
2015-07-08,6.8528218269348145
2015-07-09,6.769923686981201
2015-07-10,6.984073638916016
2015-07-13,6.797555446624756
2015-07-14,6.8528218269348145
2015-07-15,6.942626476287842
2015-07-16,6.7630157470703125
2015-07-17,6.832096576690674
2015-07-20,6.735382556915283
2015-07-21,6.5972208976745605
2015-07-22,6.541956424713135
2015-07-23,6.465967655181885
2015-07-24,6.493601322174072
2015-07-27,6.320898056030273
2015-07-28,6.362346649169922
2015-07-29,6.300173759460449
2015-07-30,6.50741720199585
2015-07-31,6.355437278747559
2015-08-03,6.120563983917236
2015-08-04,5.961677074432373
2015-08-05,6.044574737548828
2015-08-06,6.099839210510254
2015-08-07,6.0514817237854
2015-08-10,6.00312614440918
2015-08-11,5.8304243087768555
2015-08-12,5.733710765838623
2015-08-13,5.706078052520752
2015-08-14,5.574824810028076
2015-08-17,5.4919281005859375
2015-08-18,5.429754257202148
2015-08-19,5.471202850341797
2015-08-20,5.118890762329102
2015-08-21,5.181064128875732
2015-08-24,4.966913223266602
2015-08-25,5.284686088562012
2015-08-26,5.616272926330566
2015-08-27,5.319225311279297
2015-08-28,5.540284633636475
2015-08-31,5.334298610687256
2015-09-01,5.12121057510376
2015-09-02,4.9933576583862305
2015-09-03,5.050180912017822
2015-09-04,4.929431438446045
2015-09-07,4.737652778625488
2015-09-08,4.780270576477051
2015-09-09,4.908123016357422
2015-09-10,4.574286937713623
2015-09-11,4.595594882965088
2015-09-14,4.474844932556152
2015-09-15,4.439330577850342
2015-09-16,4.560080051422119
2015-09-17,4.645316123962402
2015-09-18,4.616903305053711
2015-09-21,4.446433067321777
2015-09-22,4.503255844116211
2015-09-23,4.375404357910156
2015-09-24,4.389609336853027
2015-09-25,4.354094982147217
2015-09-28,4.432225704193115
2015-09-29,4.162315368652344
2015-09-30,4.1978302001953125
2015-10-01,4.432225704193115
2015-10-02,4.389609336853027
2015-10-05,4.588492393493652
2015-10-06,4.872608661651611
2015-10-07,5.149622440338135
2015-10-08,5.028873443603516
2015-10-09,5.433741092681885
2015-10-12,5.384018898010254
2015-10-13,5.107006072998047
2015-10-14,5.043079853057861
2015-10-15,5.213550090789795
2015-10-16,5.355607509613037
2015-10-19,5.149622440338135
2015-10-20,4.97205114364624
2015-10-21,5.114108562469482
2015-10-22,5.170931816101074
2015-10-23,4.986256122589111
2015-10-26,5.035976409912109
2015-10-27,4.723447322845459
2015-10-28,4.815784454345703
2015-10-29,4.7092413902282715
2015-10-30,4.63110876083374
2015-11-02,4.595594882965088
2015-11-03,4.808681964874268
2015-11-04,4.794477462768555
2015-11-05,4.808681964874268
2015-11-06,4.538771152496338
2015-11-09,4.460638046264648
2015-11-10,4.403815746307373
2015-11-11,4.346992015838623
2015-11-12,4.1978302001953125
2015-11-13,4.077080249786377
2015-11-16,3.942124366760254
2015-11-17,4.1978302001953125
2015-11-18,4.4180216789245605
2015-11-19,4.481947422027588
2015-11-20,4.389609336853027
2015-11-23,4.275962829589844
2015-11-24,4.290167808532715
2015-11-25,4.283064842224121
2015-11-26,4.261756420135498
2015-11-27,4.240447998046875
2015-11-30,4.119698524475098
2015-12-01,4.183624267578125
2015-12-02,4.084183692932129
2015-12-03,3.8355796337127686
2015-12-04,3.778756618499756
2015-12-07,3.5869784355163574
2015-12-08,3.3241701126098633
2015-12-09,3.3312735557556152
2015-12-10,3.253140449523926
2015-12-11,3.28155255317688
2015-12-14,3.0258471965789795
2015-12-15,2.9193029403686523
2015-12-16,3.040053129196167
2015-12-17,3.1110823154449463
2015-12-18,3.0684642791748047
2015-12-21,3.1608026027679443
2015-12-22,3.1394941806793213
2015-12-23,3.2602438926696777
2015-12-24,3.3170669078826904
2015-12-28,3.3170669078826904
2015-12-29,3.359684944152832
2015-12-30,3.380993604660034
2015-12-31,3.2886550426483154
2016-01-04,3.5301549434661865
2016-01-05,3.473332166671753
2016-01-06,3.3170669078826904
2016-01-07,3.118185520172119
2016-01-08,3.1608026027679443
2016-01-11,3.1039795875549316
2016-01-12,2.9548180103302
2016-01-13,3.0897738933563232
2016-01-14,3.011641025543213
2016-01-15,3.0329504013061523
2016-01-18,2.9477145671844482
2016-01-19,2.855376958847046
2016-01-20,2.5996716022491455
2016-01-21,2.578362464904785
2016-01-22,2.557054281234741
2016-01-25,2.6493923664093018
2016-01-27,2.429201126098633
2016-01-28,2.3581714630126953
2016-01-29,2.4078922271728516
2016-02-01,2.53574538230896
2016-02-02,2.4078922271728516
2016-02-03,2.2800400257110596
2016-02-04,2.443406581878662
2016-02-05,2.372377395629883
2016-02-08,2.48602557182312
2016-02-09,2.351069211959839
2016-02-10,2.4078922271728516
2016-02-11,2.3368632793426514
2016-02-12,2.237421989440918
2016-02-15,2.209010601043701
2016-02-16,2.507333278656006
2016-02-17,2.53574538230896
2016-02-18,2.770141124725342
2016-02-19,2.635186195373535
2016-02-22,2.8198623657226562
2016-02-23,2.9903323650360107
2016-02-24,2.5996716022491455
2016-02-25,2.8340680599212646
2016-02-26,2.741729974746704
2016-02-29,2.983229637145996
2016-03-01,3.054258346557617
2016-03-02,3.5869784355163574
2016-03-03,3.792963981628418
2016-03-04,4.204932689666748
2016-03-07,4.6524176597595215
2016-03-08,4.212035655975342
2016-03-09,3.8355796337127686
2016-03-10,3.913714647293091
2016-03-11,3.6864192485809326
2016-03-14,3.8710951805114746
2016-03-15,3.658008098602295
2016-03-16,3.7645516395568848
2016-03-17,3.998948335647583
2016-03-18,3.97763991355896
2016-03-21,3.814272165298462
2016-03-22,4.020257472991943
2016-03-23,3.927919387817383
2016-03-24,4.006051540374756
2016-03-29,4.020257472991943
2016-03-30,3.97763991355896
2016-03-31,3.8213753700256348
2016-04-01,3.650905132293701
2016-04-04,3.551464796066284
2016-04-05,3.4946396350860596
2016-04-06,3.672213077545166
2016-04-07,3.8568902015686035
2016-04-08,3.7645516395568848
2016-04-11,3.9634339809417725
2016-04-12,4.006051540374756
2016-04-13,4.425124168395996
2016-04-14,4.695034980773926
2016-04-15,4.481947422027588
2016-04-18,4.162315368652344
2016-04-19,4.446433067321777
2016-04-20,4.574286937713623
2016-04-21,5.0217695236206055
2016-04-22,4.695034980773926
2016-04-26,4.63110876083374
2016-04-27,4.673726558685303
2016-04-28,4.901020050048828
2016-04-29,4.96494722366333
2016-05-02,4.97205114364624
2016-05-03,4.879711151123047
2016-05-04,4.162315368652344
2016-05-05,4.240447998046875
2016-05-06,4.077080249786377
2016-05-09,4.034462928771973
2016-05-10,3.8213753700256348
2016-05-11,3.9208178520202637
2016-05-12,4.098390102386475
2016-05-13,4.091285705566406
2016-05-16,4.098390102386475
2016-05-17,4.2262420654296875
2016-05-18,4.332785606384277
2016-05-19,4.155213356018066
2016-05-20,4.261756420135498
2016-05-23,4.10549259185791
2016-05-24,4.020257472991943
2016-05-25,4.325682640075684
2016-05-26,4.524564743041992
2016-05-27,4.560080051422119
2016-05-30,4.702138423919678
2016-05-31,4.7092413902282715
2016-06-01,4.915226936340332
2016-06-02,4.929431438446045
2016-06-03,5.114108562469482
2016-06-06,5.114108562469482
2016-06-07,5.284578323364258
2016-06-08,5.575799465179443
2016-06-09,5.646827697753906
2016-06-10,5.433741092681885
2016-06-14,5.213550090789795
2016-06-15,5.3271965980529785
2016-06-16,5.035976409912109
2016-06-17,4.979152202606201
2016-06-20,5.462152481079102
2016-06-21,5.447946071624756
2016-06-22,5.504769802093506
2016-06-23,5.440843105316162
2016-06-24,5.099902153015137
2016-06-27,4.986256122589111
2016-06-28,4.8441972732543945
2016-06-29,4.943637847900391
2016-06-30,5.114108562469482
2016-07-01,5.099902153015137
2016-07-04,5.3271965980529785
2016-07-05,5.312991142272949
2016-07-06,5.192240238189697
2016-07-07,5.099902153015137
2016-07-08,5.227754592895508
2016-07-11,5.284578323364258
2016-07-12,5.362709999084473
2016-07-13,5.582901477813721
2016-07-14,5.433741092681885
2016-07-15,5.476357460021973
2016-07-18,5.59710693359375
2016-07-19,5.476357460021973
2016-07-20,5.440843105316162
2016-07-21,5.568695068359375
2016-07-22,5.717856407165527
2016-07-25,5.5615925788879395
2016-07-26,5.3982253074646
2016-07-27,5.305887699127197
2016-07-28,5.27037239074707
2016-07-29,5.2419610023498535
2016-08-01,5.391121864318848
2016-08-02,5.128313064575195
2016-08-03,4.915226936340332
2016-08-04,5.114108562469482
2016-08-05,5.3271965980529785
2016-08-08,5.433741092681885
2016-08-09,5.504769802093506
2016-08-10,5.483460426330566
2016-08-11,5.440843105316162
2016-08-12,5.526077747344971
2016-08-15,5.45504903793335
2016-08-16,5.554489612579346
2016-08-17,5.6184163093566895
2016-08-18,6.172444820404053
2016-08-19,6.534692764282227
2016-08-22,6.534692764282227
2016-08-23,6.165341377258301
2016-08-24,6.001974105834961
2016-08-25,5.661032676696777
2016-08-26,5.632623195648193
2016-08-29,5.746267795562744
2016-08-30,5.9806647300720215
2016-08-31,5.795989513397217
2016-09-01,5.653931140899658
2016-09-02,5.668137073516846
2016-09-05,5.760474681854248
2016-09-06,5.902533531188965
2016-09-07,5.9238409996032715
2016-09-08,5.952253341674805
2016-09-09,5.945150852203369
2016-09-12,5.582901477813721
2016-09-13,5.440843105316162
2016-09-14,5.305887699127197
2016-09-15,5.277476787567139
2016-09-16,5.050180912017822
2016-09-19,5.053732872009277
2016-09-20,5.092800617218018
2016-09-21,5.170931816101074
2016-09-22,5.440843105316162
2016-09-23,5.639725685119629
2016-09-26,5.575799465179443
2016-09-27,5.526077747344971
2016-09-28,5.582901477813721
2016-09-29,6.001974105834961
2016-09-30,5.916738510131836
2016-10-03,5.994872570037842
2016-10-04,6.001974105834961
2016-10-05,5.96645975112915
2016-10-06,6.12272310256958
2016-10-07,6.229267597198486
2016-10-10,6.136929035186768
2016-10-11,6.5204877853393555
2016-10-12,6.690959930419922
2016-10-13,6.527590751647949
2016-10-14,6.499180316925049
2016-10-17,6.5204877853393555
2016-10-18,6.527590751647949
2016-10-19,6.4281511306762695
2016-10-20,6.712267875671387
2016-10-21,6.584414005279541
2016-10-24,6.506280899047852
2016-10-25,6.2860918045043945
2016-10-26,6.065900802612305
2016-10-27,5.881224155426025
2016-10-28,6.044591903686523
2016-10-31,6.037489414215088
2016-11-01,6.044591903686523
2016-11-02,5.810194969177246
2016-11-03,5.703651428222656
2016-11-04,5.682343006134033
2016-11-07,5.767578125
2016-11-08,5.973562717437744
2016-11-09,5.611313819885254
2016-11-10,6.165341377258301
2016-11-11,6.200855255126953
2016-11-14,6.0872087478637695
2016-11-15,6.165341377258301
2016-11-16,6.271885871887207
2016-11-17,6.172444820404053
2016-11-18,6.172444820404053
2016-11-21,6.24347448348999
2016-11-22,6.5488996505737305
2016-11-23,6.534692764282227
2016-11-24,6.4281511306762695
2016-11-25,6.534692764282227
2016-11-28,6.499180316925049
2016-11-29,6.257679462432861
2016-11-30,6.144032001495361
2016-12-01,6.754883289337158
2016-12-02,6.811707019805908
2016-12-05,6.8046064376831055
2016-12-06,6.8259124755859375
2016-12-07,6.754883289337158
2016-12-08,6.847221851348877
2016-12-09,6.861429214477539
2016-12-12,6.918251991271973
2016-12-13,6.776194095611572
2016-12-14,6.783295631408691
2016-12-15,6.6625471115112305
2016-12-16,6.754883289337158
2016-12-19,6.868531703948975
2016-12-20,6.761988162994385
2016-12-21,6.889840602874756
2016-12-22,6.932458400726318
2016-12-23,6.932458400726318
2016-12-28,6.960869789123535
2016-12-29,6.996383190155029
2016-12-30,6.904045104980469
2017-01-03,7.1100311279296875
2017-01-04,7.039001941680908
2017-01-05,7.209472179412842
2017-01-06,7.244985580444336
2017-01-09,7.323119163513184
2017-01-10,7.181060314178467
2017-01-11,7.188162803649902
2017-01-12,7.266295909881592
2017-01-13,7.159750461578369
2017-01-16,7.195266246795654
2017-01-17,7.088723182678223
2017-01-18,7.081620216369629
2017-01-19,6.9537672996521
2017-01-20,6.833016872406006
2017-01-23,6.754883289337158
2017-01-24,6.925355911254883
2017-01-25,7.095825672149658
2017-01-27,7.216574192047119
2017-01-30,7.287603378295898
2017-01-31,7.024796009063721
2017-02-01,7.0674147605896
2017-02-02,7.1100311279296875
2017-02-03,6.918251991271973
2017-02-06,6.797501564025879
2017-02-07,6.811707019805908
2017-02-08,6.733575820922852
2017-02-09,6.648340225219727
2017-02-10,6.833016872406006
2017-02-13,6.882736682891846
2017-02-14,6.946664333343506
2017-02-15,7.188162803649902
2017-02-16,7.188162803649902
2017-02-17,7.003487586975098
2017-02-20,6.108518600463867
2017-02-21,5.795989513397217
2017-02-22,5.696548938751221
2017-02-23,5.696548938751221
2017-02-24,5.639725685119629
2017-02-27,5.732064247131348
2017-02-28,7.564619541168213
2017-03-01,7.259191989898682
2017-03-02,7.31601619720459
2017-03-03,7.344427108764648
2017-03-06,7.266295909881592
2017-03-07,7.273397922515869
2017-03-08,7.273397922515869
2017-03-09,7.20236873626709
2017-03-10,7.358633518218994
2017-03-13,7.287603378295898
2017-03-14,7.344427108764648
2017-03-15,7.337325572967529
2017-03-16,7.4225592613220215
2017-03-17,7.379942893981934
2017-03-20,7.387046813964844
2017-03-21,7.387046813964844
2017-03-22,7.330223083496094
2017-03-23,7.408353805541992
2017-03-24,7.379942893981934
2017-03-27,7.365736484527588
2017-03-28,7.394148349761963
2017-03-29,7.5788254737854
2017-03-30,7.813220024108887
2017-03-31,7.820324420928955
2017-04-03,7.507795333862305
2017-04-04,7.522001266479492
2017-04-05,7.706677436828613
2017-04-06,7.614338397979736
2017-04-07,7.841635704040527
2017-04-10,8.161263465881348
2017-04-11,8.324631690979004
2017-04-12,8.424072265625
2017-04-13,8.331735610961914
2017-04-18,8.168367385864258
2017-04-19,8.090235710144043
2017-04-20,7.969486713409424
2017-04-21,8.019206047058105
2017-04-24,7.983692169189453
2017-04-26,8.125749588012695
2017-04-27,8.054718017578125
2017-04-28,8.040514945983887
2017-05-01,7.95527982711792
2017-05-02,7.997896671295166
2017-05-03,7.89845609664917
2017-05-04,7.95527982711792
2017-05-05,7.557514190673828
2017-05-08,7.820324420928955
2017-05-09,7.7848100662231445
2017-05-10,7.834528923034668
2017-05-11,7.905557632446289
2017-05-12,7.813220024108887
2017-05-15,7.848735332489014
2017-05-16,8.040514945983887
2017-05-17,8.040514945983887
2017-05-18,7.941071033477783
2017-05-19,7.877146244049072
2017-05-22,7.948176860809326
2017-05-23,7.95527982711792
2017-05-24,8.289116859436035
2017-05-25,8.899969100952148
2017-05-26,8.836044311523438
2017-05-29,8.850248336791992
2017-05-30,8.949690818786621
2017-05-31,8.772117614746094
2017-06-01,8.65847110748291
2017-06-02,8.665571212768555
2017-06-05,8.750808715820312
2017-06-06,8.573233604431152
2017-06-07,8.608747482299805
2017-06-08,8.516411781311035
2017-06-09,8.459586143493652
2017-06-13,8.573233604431152
2017-06-14,8.715292930603027
2017-06-15,8.246500015258789
2017-06-16,8.097339630126953
2017-06-19,8.139955520629883
2017-06-20,8.019206047058105
2017-06-21,7.834528923034668
2017-06-22,7.7848100662231445
2017-06-23,7.870045185089111
2017-06-26,7.763500690460205
2017-06-27,7.813220024108887
2017-06-28,7.763500690460205
2017-06-29,8.068926811218262
2017-06-30,7.969486713409424
2017-07-03,7.891352653503418
2017-07-04,8.147056579589844
2017-07-05,7.976588726043701
2017-07-06,7.827430248260498
2017-07-07,7.564619541168213
2017-07-10,7.6214423179626465
2017-07-11,7.600133419036865
2017-07-12,7.600133419036865
2017-07-13,7.529104232788086
2017-07-14,8.04761791229248
2017-07-17,8.118646621704102
2017-07-18,8.111546516418457
2017-07-19,8.076029777526855
2017-07-20,8.303324699401855
2017-07-21,8.232295989990234
2017-07-24,8.10444450378418
2017-07-25,8.147056579589844
2017-07-26,8.36724853515625
2017-07-27,8.381454467773438
2017-07-28,8.239398002624512
2017-07-31,8.36724853515625
2017-08-01,8.530617713928223
2017-08-02,8.672676086425781
2017-08-03,8.693984031677246
2017-08-04,8.665571212768555
2017-08-07,8.81473445892334
2017-08-08,8.743703842163086
2017-08-09,8.70108699798584
2017-08-10,8.686881065368652
2017-08-11,8.566130638122559
2017-08-14,8.65847110748291
2017-08-15,8.438278198242188
2017-08-16,8.431177139282227
2017-08-17,8.637161254882812
2017-08-18,8.445381164550781
2017-08-21,8.58033561706543
2017-08-22,8.594542503356934
2017-08-23,9.03492546081543
2017-08-24,9.304835319519043
2017-08-25,9.517924308776855
2017-08-28,9.510820388793945
2017-08-29,9.631569862365723
2017-08-30,9.745218276977539
2017-08-31,9.517924308776855
2017-09-01,9.446894645690918
2017-09-04,9.539234161376953
2017-09-05,9.468201637268066
2017-09-06,9.702600479125977
2017-09-07,9.794938087463379
2017-09-08,9.517924308776855
2017-09-11,9.439791679382324
2017-09-12,9.425586700439453
2017-09-13,9.617363929748535
2017-09-14,9.659982681274414
2017-09-15,9.32614517211914
2017-09-18,9.6954984664917
2017-09-19,9.723907470703125
2017-09-20,9.610260963439941
2017-09-21,9.65287971496582
2017-09-22,9.610260963439941
2017-09-25,9.404276847839355
2017-09-26,9.532130241394043
2017-09-27,9.645776748657227
2017-09-28,9.723907470703125
2017-09-29,9.58895492553711
2017-10-02,9.667085647583008
2017-10-03,9.745218276977539
2017-10-04,9.759422302246094
2017-10-05,9.830453872680664
2017-10-06,10.114568710327148
2017-10-09,10.114568710327148
2017-10-10,10.114568710327148
2017-10-11,10.252549171447754
2017-10-12,10.424382209777832
2017-10-13,10.252549171447754
2017-10-16,10.338467597961426
2017-10-17,10.302667617797852
2017-10-18,10.266871452331543
2017-10-19,10.202433586120605
2017-10-20,10.152318000793457
2017-10-23,10.030603408813477
2017-10-24,10.052083969116211
2017-10-25,10.209596633911133
2017-10-26,10.188116073608398
2017-10-27,9.837294578552246
2017-10-30,10.023444175720215
2017-10-31,10.030603408813477
2017-11-01,10.274029731750488
2017-11-02,10.467340469360352
2017-11-03,10.510294914245605
2017-11-06,10.553254127502441
2017-11-07,10.925552368164062
2017-11-08,10.989990234375
2017-11-09,11.025787353515625
2017-11-10,10.86111831665039
2017-11-13,10.882596015930176
2017-11-14,10.703606605529785
2017-11-15,10.238232612609863
2017-11-16,10.245390892028809
2017-11-17,10.295506477355957
2017-11-20,10.481658935546875
2017-11-21,10.474498748779297
2017-11-22,10.538935661315918
2017-11-23,10.66780948638916
2017-11-24,10.660648345947266
2017-11-27,11.068745613098145
2017-11-28,11.011469841003418
2017-11-29,10.911233901977539
2017-11-30,10.75372314453125
2017-12-01,10.853955268859863
2017-12-04,10.868277549743652
2017-12-05,10.75372314453125
2017-12-06,10.510294914245605
2017-12-07,10.424382209777832
2017-12-08,10.395743370056152
2017-12-11,10.274029731750488
2017-12-12,10.102200508117676
2017-12-13,10.066401481628418
2017-12-14,10.252549171447754
2017-12-15,10.102200508117676
2017-12-18,9.980485916137695
2017-12-19,10.123678207397461
2017-12-20,10.252549171447754
2017-12-21,10.417221069335938
2017-12-22,10.424382209777832
2017-12-27,10.488816261291504
2017-12-28,10.481658935546875
2017-12-29,10.274029731750488
2018-01-02,10.281189918518066
2018-01-03,10.288351058959961
2018-01-04,10.453019142150879
2018-01-05,10.589052200317383
2018-01-08,10.66780948638916
2018-01-09,10.596212387084961
2018-01-10,10.37426471710205
2018-01-11,10.22391414642334
2018-01-12,10.188116073608398
2018-01-15,10.109358787536621
2018-01-16,10.209596633911133
2018-01-17,10.22391414642334
2018-01-18,10.145157814025879
2018-01-19,10.152318000793457
2018-01-22,10.32414722442627
2018-01-23,10.503137588500977
2018-01-24,10.488816261291504
2018-01-25,10.54609489440918
2018-01-29,10.617691040039062
2018-01-30,10.481658935546875
2018-01-31,10.402902603149414
2018-02-01,10.674967765808105
2018-02-02,10.925552368164062
2018-02-05,10.682125091552734
2018-02-06,10.023444175720215
2018-02-07,10.453019142150879
2018-02-08,10.381425857543945
2018-02-09,9.980485916137695
2018-02-12,9.830133438110352
2018-02-13,9.844452857971191
2018-02-14,9.715581893920898
2018-02-15,9.865933418273926
2018-02-16,9.837294578552246
2018-02-19,10.109358787536621
2018-02-20,10.16663646697998
2018-02-21,10.882596015930176
2018-02-22,11.00430965423584
2018-02-23,11.01862907409668
2018-02-26,11.448205947875977
2018-02-27,11.28249740600586
2018-02-28,11.109585762023926
2018-03-01,10.886241912841797
2018-03-02,10.662898063659668
2018-03-05,10.453960418701172
2018-03-06,10.655692100524902
2018-03-07,10.482780456542969
2018-03-08,10.58364486694336
2018-03-09,10.53321361541748
2018-03-12,10.87903881072998
2018-03-13,10.87903881072998
2018-03-14,10.770965576171875
2018-03-15,10.75655746459961
2018-03-16,10.698918342590332
2018-03-19,10.749351501464844
2018-03-20,10.554825782775879
2018-03-21,10.504393577575684
2018-03-22,10.71332836151123
2018-03-23,10.511597633361816
2018-03-26,10.43955135345459
2018-03-27,10.518802642822266
2018-03-28,10.288254737854004
2018-03-29,10.338687896728516
2018-04-03,10.187389373779297
2018-04-04,10.043293952941895
2018-04-05,10.093729019165039
2018-04-06,10.151365280151367
2018-04-09,10.021681785583496
2018-04-10,10.281049728393555
2018-04-11,10.785374641418457
2018-04-12,10.727738380432129
2018-04-13,10.835806846618652
2018-04-16,10.727738380432129
2018-04-17,10.770965576171875
2018-04-18,10.92947006225586
2018-04-19,11.087972640991211
2018-04-20,11.116788864135742
2018-04-23,11.181632041931152
2018-04-24,11.253680229187012
2018-04-26,11.311314582824707
2018-04-27,11.556273460388184
2018-04-30,11.714777946472168
2018-05-01,11.765210151672363
2018-05-02,11.80843734741211
2018-05-03,11.765210151672363
2018-05-04,11.779618263244629
2018-05-07,11.743596076965332
2018-05-08,11.693161964416504
2018-05-09,11.815642356872559
2018-05-10,12.319967269897461
2018-05-11,12.521697998046875
2018-05-14,12.572132110595703
2018-05-15,12.572132110595703
2018-05-16,12.644176483154297
2018-05-17,12.853114128112793
2018-05-18,12.723427772521973
2018-05-21,12.766658782958984
2018-05-22,12.521697998046875
2018-05-23,12.233513832092285
2018-05-24,12.22630786895752
2018-05-25,12.0894193649292
2018-05-28,11.671548843383789
2018-05-29,11.678752899169922
2018-05-30,11.62111759185791
2018-05-31,11.959733963012695
2018-06-01,11.830052375793457
2018-06-04,11.87328052520752
2018-06-05,11.758007049560547
2018-06-06,12.067803382873535
2018-06-07,12.147056579589844
2018-06-08,12.0750093460083
2018-06-12,12.161467552185059
2018-06-13,12.017374038696289
2018-06-14,11.94532585144043
2018-06-15,11.916508674621582
2018-06-18,11.93812084197998
2018-06-19,12.082215309143066
2018-06-20,12.161467552185059
2018-06-21,12.52890396118164
2018-06-22,12.139851570129395
2018-06-25,12.413630485534668
2018-06-26,12.370401382446289
2018-06-27,12.507288932800293
2018-06-28,12.75224781036377
2018-06-29,12.593744277954102
2018-07-02,12.845909118652344
2018-07-03,12.896343231201172
2018-07-04,12.88193416595459
2018-07-05,13.004409790039062
2018-07-06,13.170119285583496
2018-07-09,13.112481117248535
2018-07-10,13.09086799621582
2018-07-11,13.040433883666992
2018-07-12,12.80988597869873
2018-07-13,12.845909118652344
2018-07-16,12.925159454345703
2018-07-17,12.50008487701416
2018-07-18,12.50008487701416
2018-07-19,12.745044708251953
2018-07-20,12.96118450164795
2018-07-23,12.75224781036377
2018-07-24,12.896343231201172
2018-07-25,13.040433883666992
2018-07-26,13.155709266662598
2018-07-27,13.270983695983887
2018-07-30,13.234960556030273
2018-07-31,13.242164611816406
2018-08-01,13.292597770690918
2018-08-02,13.227752685546875
2018-08-03,13.429488182067871
2018-08-06,13.479920387268066
2018-08-07,13.494330406188965
2018-08-08,13.573582649230957
2018-08-09,13.55196475982666
2018-08-10,13.227752685546875
2018-08-13,13.184525489807129
2018-08-14,13.1412992477417
2018-08-15,13.29980182647705
2018-08-16,12.838705062866211
2018-08-17,13.105276107788086
2018-08-20,12.838705062866211
2018-08-21,13.09807300567627
2018-08-22,13.674443244934082
2018-08-23,14.474160194396973
2018-08-24,14.39491081237793
2018-08-27,14.438136100769043
2018-08-28,14.77931022644043
2018-08-29,14.801085472106934
2018-08-30,14.78657054901123
2018-08-31,14.909972190856934
2018-09-03,14.917235374450684
2018-09-04,14.88093376159668
2018-09-05,14.830120086669922
2018-09-06,14.445396423339844
2018-09-07,14.227627754211426
2018-09-10,14.227627754211426
2018-09-11,14.82286548614502
2018-09-12,15.236626625061035
2018-09-13,14.924491882324219
2018-09-14,14.931751251220703
2018-09-17,14.989824295043945
2018-09-18,14.474433898925781
2018-09-19,14.61961555480957
2018-09-20,14.547021865844727
2018-09-21,14.263921737670898
2018-09-24,14.220368385314941
2018-09-25,14.445396423339844
2018-09-26,14.713979721069336
2018-09-27,14.830120086669922
2018-09-28,14.830120086669922
2018-10-01,14.728496551513672
2018-10-02,14.517988204956055
2018-10-03,14.670426368713379
2018-10-04,14.793829917907715
2018-10-05,14.815603256225586
2018-10-08,14.663167953491211
2018-10-09,14.409101486206055
2018-10-10,14.430877685546875
2018-10-11,13.683204650878906
2018-10-12,13.508987426757812
2018-10-15,13.26218318939209
2018-10-16,13.044410705566406
2018-10-17,13.385584831237793
2018-10-18,13.356547355651855
2018-10-19,12.950045585632324
2018-10-22,12.950045585632324
2018-10-23,12.950045585632324
2018-10-24,12.102682113647461
2018-10-25,11.222347259521484
2018-10-26,10.900834083557129
2018-10-29,10.801318168640137
2018-10-30,11.122831344604492
2018-10-31,11.16876220703125
2018-11-01,10.939111709594727
2018-11-02,10.885523796081543
2018-11-05,10.747733116149902
2018-11-06,10.770699501037598
2018-11-07,11.895997047424316
2018-11-08,11.620413780212402
2018-11-09,11.651034355163574
2018-11-12,11.643378257751465
2018-11-13,11.45199966430664
2018-11-14,10.854905128479004
2018-11-15,11.321866035461426
2018-11-16,11.421380996704102
2018-11-19,11.490276336669922
2018-11-20,11.07690143585205
2018-11-21,10.288427352905273
2018-11-22,10.242499351501465
2018-11-23,10.204222679138184
2018-11-26,9.859743118286133
2018-11-27,10.035809516906738
2018-11-28,9.974570274353027
2018-11-29,10.097052574157715
2018-11-30,10.104705810546875
2018-12-03,10.724770545959473
2018-12-04,10.602286338806152
2018-12-05,10.334359169006348
2018-12-06,10.227189064025879
2018-12-07,9.951604843139648
2018-12-10,9.484644889831543
2018-12-11,9.515266418457031
2018-12-12,9.568851470947266
2018-12-13,9.622437477111816
2018-12-14,9.47698974609375
2018-12-17,9.591814994812012
2018-12-18,8.994718551635742
2018-12-19,8.703828811645508
2018-12-20,8.389968872070312
2018-12-21,8.23686695098877
2018-12-24,8.527759552001953
2018-12-27,8.742103576660156
2018-12-28,8.780378341674805
2018-12-31,8.742103576660156
2019-01-02,8.680861473083496
2019-01-03,8.987065315246582
2019-01-04,8.864584922790527
2019-01-07,9.354509353637695
2019-01-08,9.783191680908203
2019-01-09,10.296082496643066
2019-01-10,10.250151634216309
2019-01-11,10.250151634216309
2019-01-14,10.028156280517578
2019-01-15,10.18891429901123
2019-01-16,10.495115280151367
2019-01-17,10.410910606384277
2019-01-18,10.4032564163208
2019-01-21,10.51042652130127
2019-01-22,10.66352653503418
2019-01-23,10.303739547729492
2019-01-24,10.586977005004883
2019-01-25,10.770699501037598
2019-01-29,10.495115280151367
2019-01-30,10.326704978942871
2019-01-31,10.625253677368164
2019-02-01,10.801318168640137
2019-02-04,11.07690143585205
2019-02-05,10.893178939819336
2019-02-06,11.01566219329834
2019-02-07,11.16876220703125
2019-02-08,10.816629409790039
2019-02-11,10.831939697265625
2019-02-12,11.038626670837402
2019-02-13,11.536208152770996
2019-02-14,11.742894172668457
2019-02-15,11.696962356567383
2019-02-18,11.742894172668457
2019-02-19,11.582138061523438
2019-02-20,11.834755897521973
2019-02-21,11.314208984375
2019-02-22,11.199385643005371
2019-02-25,11.620413780212402
2019-02-26,11.29237174987793
2019-02-27,11.51621150970459
2019-02-28,11.508491516113281
2019-03-01,11.41586971282959
2019-03-04,11.662864685058594
2019-03-05,11.330964088439941
2019-03-06,11.261494636535645
2019-03-07,11.31552505493164
2019-03-08,11.091686248779297
2019-03-11,10.62856674194336
2019-03-12,10.860127449035645
2019-03-13,10.9373140335083
2019-03-14,11.307807922363281
2019-03-15,11.261494636535645
2019-03-18,11.36955738067627
2019-03-19,11.392711639404297
2019-03-20,11.176589012145996
2019-03-21,11.361838340759277
2019-03-22,11.46218204498291
2019-03-25,10.821534156799316
2019-03-26,10.690316200256348
2019-03-27,10.921875
2019-03-28,10.890999794006348
2019-03-29,10.929595947265625
2019-04-01,11.091686248779297
2019-04-02,11.384995460510254
2019-04-03,11.238340377807617
2019-04-04,10.89871883392334
2019-04-05,10.96818733215332
2019-04-08,11.300088882446289
2019-04-09,11.5393648147583
2019-04-10,11.300088882446289
2019-04-11,11.354119300842285
2019-04-12,11.34640121459961
2019-04-15,11.36955738067627
2019-04-16,11.199748039245605
2019-04-17,11.037654876708984
2019-04-18,11.176589012145996
2019-04-23,11.554803848266602
2019-04-24,11.69373893737793
2019-04-26,11.168871879577637
2019-04-29,11.153433799743652
2019-04-30,11.053091049194336
2019-05-01,11.354119300842285
2019-05-02,11.053091049194336
2019-05-03,10.767501831054688
2019-05-06,10.474193572998047
2019-05-07,10.427882194519043
2019-05-08,10.397008895874023
2019-05-09,10.597692489624023
2019-05-10,10.636285781860352
2019-05-13,10.512786865234375
2019-05-14,10.296664237976074
2019-05-15,10.358414649963379
2019-05-16,10.72890853881836
2019-05-17,11.060811996459961
2019-05-20,10.983623504638672
2019-05-21,10.682598114013672
2019-05-22,10.736628532409668
2019-05-23,10.589973449707031
2019-05-24,10.25035285949707
2019-05-27,10.119135856628418
2019-05-28,10.914156913757324
2019-05-29,10.983623504638672
2019-05-30,10.427882194519043
2019-05-31,10.173168182373047
2019-06-03,9.82582950592041
2019-06-04,9.987918853759766
2019-06-05,10.142293930053711
2019-06-06,10.126855850219727
2019-06-07,10.335257530212402
2019-06-11,10.721192359924316
2019-06-12,10.71347427368164
2019-06-13,10.366133689880371
2019-06-14,10.605411529541016
2019-06-17,10.535944938659668
2019-06-18,10.589973449707031
2019-06-19,10.890999794006348
2019-06-20,11.076251029968262
2019-06-21,11.21518325805664
2019-06-24,11.222904205322266
2019-06-25,11.145716667175293
2019-06-26,11.114842414855957
2019-06-27,11.624273300170898
2019-06-28,11.354119300842285
2019-07-01,11.662864685058594
2019-07-02,12.002486228942871
2019-07-03,11.786364555358887
2019-07-04,11.755488395690918
2019-07-05,11.925297737121582
2019-07-08,11.778644561767578
2019-07-09,11.678303718566895
2019-07-10,11.69373893737793
2019-07-11,11.93301773071289
2019-07-12,11.778644561767578
2019-07-15,11.500773429870605
2019-07-16,11.354119300842285
2019-07-17,11.408149719238281
2019-07-18,11.076251029968262
2019-07-19,11.192028045654297
2019-07-22,11.431305885314941
2019-07-23,11.647429466247559
2019-07-24,11.894426345825195
2019-07-25,12.272638320922852
2019-07-26,12.419291496276855
2019-07-29,12.504197120666504
2019-07-30,12.357542037963867
2019-07-31,12.46560287475586
2019-08-01,12.403855323791504
2019-08-02,11.755488395690918
2019-08-05,11.269213676452637
2019-08-06,11.014498710632324
2019-08-07,10.790657997131348
2019-08-08,10.759783744812012
2019-08-09,10.767501831054688
2019-08-12,10.821534156799316
2019-08-13,10.54366397857666
2019-08-14,10.875561714172363
2019-08-15,10.358414649963379
2019-08-16,10.234916687011719
2019-08-19,10.636285781860352
2019-08-20,11.161152839660645
2019-08-21,10.72890853881836
2019-08-22,10.682598114013672
2019-08-23,10.435602188110352
2019-08-26,9.601987838745117
2019-08-27,9.570737838745117
2019-08-28,9.656678199768066
2019-08-29,9.609800338745117
2019-08-30,9.601988792419434
2019-09-02,9.398855209350586
2019-09-03,9.430105209350586
2019-09-04,9.383228302001953
2019-09-05,9.766058921813965
2019-09-06,9.984819412231445
2019-09-09,10.125449180603027
2019-09-10,10.242640495300293
2019-09-11,10.594220161437988
2019-09-12,10.305144309997559
2019-09-13,10.180139541625977
2019-09-16,10.867670059204102
2019-09-17,11.07080364227295
2019-09-18,10.609845161437988
2019-09-19,10.71141242980957
2019-09-20,10.836417198181152
2019-09-23,10.73484992980957
2019-09-24,10.680159568786621
2019-09-25,10.20357608795166
2019-09-26,10.000442504882812
2019-09-27,10.117636680603027
2019-09-30,10.16451358795166
2019-10-01,10.195765495300293
2019-10-02,10.031694412231445
2019-10-03,9.742619514465332
2019-10-04,9.773870468139648
2019-10-07,9.836374282836914
2019-10-08,9.945752143859863
2019-10-09,9.820748329162598
2019-10-10,9.695743560791016
2019-10-11,9.969193458557129
2019-10-14,10.375459671020508
2019-10-15,10.234830856323242
2019-10-16,10.641097068786621
2019-10-17,10.656723022460938
2019-10-18,10.617660522460938
2019-10-21,10.469213485717773
2019-10-22,10.77391529083252
2019-10-23,10.695788383483887
2019-10-24,10.742663383483887
2019-10-25,10.695788383483887
2019-10-28,10.77391529083252
2019-10-29,10.77391529083252
2019-10-30,10.727038383483887
2019-10-31,10.672348976135254
2019-11-01,10.742663383483887
2019-11-04,10.937983512878418
2019-11-05,10.98486328125
2019-11-06,10.953611373901367
2019-11-07,10.91454792022705
2019-11-08,11.172369956970215
2019-11-11,11.25049877166748
2019-11-12,11.172369956970215
2019-11-13,11.187996864318848
2019-11-14,11.008299827575684
2019-11-15,11.047365188598633
2019-11-18,10.930171966552734
2019-11-19,10.812980651855469
2019-11-20,10.422338485717773
2019-11-21,10.570780754089355
2019-11-22,10.867670059204102
2019-11-25,11.00048828125
2019-11-26,11.109868049621582
2019-11-27,11.406756401062012
2019-11-28,11.578638076782227
2019-11-29,11.719270706176758
2019-12-02,11.445820808410645
2019-12-03,11.148932456970215
2019-12-04,11.031740188598633
2019-12-05,11.258312225341797
2019-12-06,11.453632354736328
2019-12-09,11.742708206176758
2019-12-10,11.656766891479492
2019-12-11,11.945842742919922
2019-12-12,11.891153335571289
2019-12-13,11.961468696594238
2019-12-16,12.164603233337402
2019-12-17,12.234918594360352
2019-12-18,12.242730140686035
2019-12-19,12.125536918640137
2019-12-20,11.984906196594238
2019-12-23,11.945842742919922
2019-12-24,11.984906196594238
2019-12-27,12.125536918640137
2019-12-30,12.063035011291504
2019-12-31,11.961468696594238
2020-01-02,11.984906196594238
2020-01-03,12.258355140686035
2020-01-06,12.484930038452148
2020-01-07,12.547430992126465
2020-01-08,12.531807899475098
2020-01-09,12.469301223754883
2020-01-10,12.508365631103516
2020-01-13,12.430238723754883
2020-01-14,12.539619445800781
2020-01-15,12.578682899475098
2020-01-16,12.508365631103516
2020-01-17,12.500554084777832
2020-01-20,12.531807899475098
2020-01-21,12.469301223754883
2020-01-22,12.4458646774292
2020-01-23,12.148975372314453
2020-01-24,12.438053131103516
2020-01-28,12.109911918640137
2020-01-29,11.938030242919922
2020-01-30,11.836462020874023
2020-01-31,11.906779289245605
2020-02-03,10.898921012878418
2020-02-04,11.016115188598633
2020-02-05,11.320813179016113
2020-02-06,11.586450576782227
2020-02-07,11.453632354736328
2020-02-10,11.352065086364746
2020-02-11,11.24268627166748
2020-02-12,11.328627586364746
2020-02-13,11.305191040039062
2020-02-14,11.047365188598633
2020-02-17,10.898921012878418
2020-02-18,10.937983512878418
2020-02-19,10.969236373901367
2020-02-20,11.25049877166748
2020-02-21,11.00048828125
2020-02-24,10.820792198181152
2020-02-25,10.633284568786621
2020-02-26,10.625471115112305
2020-02-27,10.522002220153809
2020-02-28,9.964862823486328
2020-03-02,10.076288223266602
2020-03-03,10.139963150024414
2020-03-04,9.70220947265625
2020-03-05,9.749964714050293
2020-03-06,9.367925643920898
2020-03-09,7.5214009284973145
2020-03-10,7.959155559539795
2020-03-11,7.5054826736450195
2020-03-12,6.956301212310791
2020-03-13,7.648746013641357
2020-03-16,6.247936725616455
2020-03-17,5.722631931304932
2020-03-18,4.417330741882324
2020-03-19,4.0671281814575195
2020-03-20,4.584473609924316
2020-03-23,3.899984836578369
2020-03-24,4.0671281814575195
2020-03-25,4.377535343170166
2020-03-26,4.7595744132995605
2020-03-27,4.6083502769470215
2020-03-30,4.743656635284424
2020-03-31,4.894880294799805
2020-04-01,5.603245258331299
2020-04-02,5.245082855224609
2020-04-03,5.245082855224609
2020-04-06,5.563449859619141
2020-04-07,5.491817474365234
2020-04-08,5.45202112197876
2020-04-09,5.722631931304932
2020-04-14,6.399159908294678
2020-04-15,6.056915760040283
2020-04-16,5.881815433502197
2020-04-17,5.842019081115723
2020-04-20,5.483857154846191
2020-04-21,5.428143501281738
2020-04-22,5.253042221069336
2020-04-23,5.372429370880127
2020-04-24,5.491817474365234
2020-04-27,5.571407318115234
2020-04-28,5.587327003479004
2020-04-29,6.104671478271484
2020-04-30,7.163238525390625
2020-05-01,6.590179920196533
2020-05-04,6.279773235321045
2020-05-05,6.582221508026123
2020-05-06,6.805078029632568
2020-05-07,6.741405010223389
2020-05-08,6.813037395477295
2020-05-11,7.00405740737915
2020-05-12,6.741405010223389
2020-05-13,6.4071197509765625
2020-05-14,6.22406005859375
2020-05-15,6.287732124328613
2020-05-18,6.614058017730713
2020-05-19,7.250789165496826
2020-05-20,7.091607570648193
2020-05-21,7.33834171295166
2020-05-22,7.203035354614258
2020-05-25,7.2667083740234375
2020-05-26,7.37813663482666
2020-05-27,7.44976806640625
2020-05-28,7.12344217300415
2020-05-29,6.6856889724731445
2020-06-01,6.844873428344727
2020-06-02,7.163238525390625
2020-06-03,7.433850288391113
2020-06-04,7.250789165496826
2020-06-05,7.402013778686523
2020-06-09,8.484458923339844
2020-06-10,8.054664611816406
2020-06-11,7.616910934448242
2020-06-12,7.179157257080078
2020-06-15,6.844873428344727
2020-06-16,7.409973621368408
2020-06-17,7.330381393432617
2020-06-18,7.258749008178711
2020-06-19,7.433850288391113
2020-06-22,7.314462661743164
2020-06-23,7.2985453605651855
2020-06-24,7.2667083740234375
2020-06-25,6.9403839111328125
2020-06-26,7.00405740737915
2020-06-29,6.669771671295166
2020-06-30,6.9403839111328125
2020-07-01,7.027933597564697
2020-07-02,7.091607570648193
2020-07-03,7.027933597564697
2020-07-06,6.988137245178223
2020-07-07,6.9403839111328125
2020-07-08,6.77324104309082
2020-07-09,6.996095657348633
2020-07-10,6.9483418464660645
2020-07-13,6.868751525878906
2020-07-14,6.868751525878906
2020-07-15,7.115484237670898
2020-07-16,7.091607570648193
2020-07-17,7.035893440246582
2020-07-20,6.844873428344727
2020-07-21,6.996095657348633
2020-07-22,7.139362812042236
2020-07-23,7.139362812042236
2020-07-24,6.972219467163086
2020-07-27,7.1871161460876465
2020-07-28,6.956301212310791
2020-07-29,6.781200408935547
2020-07-30,6.797118186950684
2020-07-31,6.5265069007873535
2020-08-03,6.22406005859375
2020-08-04,6.4389567375183105
2020-08-05,6.5265069007873535
2020-08-06,6.876710414886475
2020-08-07,6.916504383087158
2020-08-10,6.9403839111328125
2020-08-11,7.059770107269287
2020-08-12,7.203035354614258
2020-08-13,7.1473212242126465
2020-08-14,7.1871161460876465
2020-08-17,7.0518107414245605
2020-08-18,7.07568883895874
2020-08-19,7.1473212242126465
2020-08-20,6.9403839111328125
2020-08-21,7.059770107269287
2020-08-24,7.067728519439697
2020-08-25,7.250789165496826
2020-08-26,7.712419033050537
2020-08-27,7.688544273376465
2020-08-28,7.545278549194336
2020-08-31,7.656706809997559
2020-09-01,7.681221008300781
2020-09-02,7.967225074768066
2020-09-03,8.040767669677734
2020-09-04,7.901852607727051
2020-09-07,7.934536933898926
2020-09-08,8.10614013671875
2020-09-09,7.8773369789123535
2020-09-10,7.942708969116211
2020-09-11,7.664877414703369
2020-09-14,7.746592998504639
2020-09-15,7.648534297943115
2020-09-16,7.746592998504639
2020-09-17,7.762935161590576
2020-09-18,7.934536933898926
2020-09-21,8.081625938415527
2020-09-22,7.852821350097656
2020-09-23,8.196025848388672
2020-09-24,7.9917378425598145
2020-09-25,8.097967147827148
2020-09-28,8.155168533325195
2020-09-29,8.155168533325195
2020-09-30,7.803794860839844
2020-10-01,7.852821350097656
2020-10-02,7.722078323364258
2020-10-05,8.171512603759766
2020-10-06,8.383971214294434
2020-10-07,8.449342727661133
2020-10-08,8.571915626525879
2020-10-09,8.620945930480957
2020-10-12,8.571915626525879
2020-10-13,8.702661514282227
2020-10-14,8.498372077941895
2020-10-15,8.678145408630371
2020-10-16,8.612773895263672
2020-10-19,8.710831642150879
2020-10-20,8.58008861541748
2020-10-21,8.792547225952148
2020-10-22,8.743515968322754
2020-10-23,8.645459175109863
2020-10-26,8.58008861541748
2020-10-27,8.212368965148926
2020-10-28,8.204197883605957
2020-10-29,7.8773369789123535
2020-10-30,7.68939208984375
2020-11-02,7.485105037689209
2020-11-03,7.967225074768066
2020-11-04,7.746592998504639
2020-11-05,7.7711076736450195
2020-11-06,7.795621871948242
2020-11-09,8.196025848388672
2020-11-10,8.825231552124023
2020-11-11,9.127577781677246
2020-11-12,9.062207221984863
2020-11-13,9.168435096740723
2020-11-16,9.258323669433594
2020-11-17,9.691412925720215
2020-11-18,9.568840026855469
2020-11-19,9.797643661499023
2020-11-20,9.912042617797852
2020-11-23,10.29610538482666
2020-11-24,10.859939575195312
2020-11-25,11.399258613586426
2020-11-26,10.753710746765137
2020-11-27,10.598450660705566
2020-11-30,10.541250228881836
2020-12-01,10.622964859008789
2020-12-02,10.206216812133789
2020-12-03,10.29610538482666
2020-12-04,10.247076034545898
2020-12-07,10.459535598754883
2020-12-08,10.149017333984375
2020-12-09,10.287933349609375
2020-12-10,9.993758201599121
2020-12-11,9.871187210083008
2020-12-14,9.675070762634277
2020-12-15,9.707757949829102
2020-12-16,9.6995849609375
2020-12-17,9.846672058105469
2020-12-18,9.503469467163086
2020-12-21,9.323697090148926
2020-12-22,9.152093887329102
2020-12-23,9.315522193908691
2020-12-24,9.389067649841309
2020-12-29,9.495295524597168
2020-12-30,9.495295524597168
2020-12-31,9.389067649841309
2021-01-04,9.495295524597168
2021-01-05,9.634212493896484
2021-01-06,9.977415084838867
2021-01-07,10.426851272583008
2021-01-08,10.361477851867676
2021-01-11,10.230733871459961
2021-01-12,10.075474739074707
2021-01-13,10.573936462402344
2021-01-14,10.459535598754883
2021-01-15,10.336962699890137
2021-01-18,10.336962699890137
2021-01-19,10.050959587097168
2021-01-20,10.165361404418945
2021-01-21,10.206216812133789
2021-01-22,10.0427885055542
2021-01-25,9.920215606689453
2021-01-27,9.503469467163086
2021-01-28,9.266494750976562
2021-01-29,9.331868171691895
2021-02-01,8.318598747253418
2021-02-02,8.171512603759766
2021-02-03,8.457514762878418
2021-02-04,8.343114852905273
2021-02-05,8.555572509765625
2021-02-08,8.710831642150879
2021-02-09,8.694488525390625
2021-02-10,8.56374454498291
2021-02-11,8.392142295837402
2021-02-12,8.302255630493164
2021-02-15,8.571915626525879
2021-02-16,8.751688003540039
2021-02-17,8.751688003540039
2021-02-18,8.604599952697754
2021-02-19,8.506543159484863
2021-02-22,8.612773895263672
2021-02-23,8.898776054382324
2021-02-24,9.299180030822754
2021-02-25,9.10306453704834
2021-02-26,9.070378303527832
2021-03-01,9.220852851867676
2021-03-02,8.811225891113281
2021-03-03,8.944979667663574
2021-03-04,8.8363037109375
2021-03-05,8.819583892822266
2021-03-08,8.944979667663574
2021-03-09,8.903182983398438
2021-03-10,8.526991844177246
2021-03-11,8.953339576721191
2021-03-12,9.128896713256836
2021-03-15,9.153976440429688
2021-03-16,9.22921371459961
2021-03-17,9.120536804199219
2021-03-18,9.279372215270996
2021-03-19,9.262655258178711
2021-03-22,9.262655258178711
2021-03-23,8.953339576721191
2021-03-24,8.819583892822266
2021-03-25,8.769425392150879
2021-03-26,8.811225891113281
2021-03-29,8.869744300842285
2021-03-30,8.627310752868652
2021-03-31,8.769425392150879
2021-04-01,8.844663619995117
2021-04-06,9.053658485412598
2021-04-07,9.120536804199219
2021-04-08,8.98677921295166
2021-04-09,8.861383438110352
2021-04-12,8.761065483093262
2021-04-13,8.761065483093262
2021-04-14,8.869744300842285
2021-04-15,8.98677921295166
2021-04-16,9.003499984741211
2021-04-19,8.802863121032715
2021-04-20,8.819583892822266
2021-04-21,8.644027709960938
2021-04-22,8.5687894821167
2021-04-23,8.752705574035645
2021-04-26,8.786145210266113
2021-04-27,8.677467346191406
2021-04-28,8.8363037109375
2021-04-29,9.137255668640137
2021-04-30,9.078737258911133
2021-05-03,8.844663619995117
2021-05-04,9.220852851867676
2021-05-05,9.488368034362793
2021-05-06,9.521806716918945
2021-05-07,9.739161491394043
2021-05-10,9.831119537353516
2021-05-11,9.555246353149414
2021-05-12,9.312811851501465
2021-05-13,9.429848670959473
2021-05-14,9.571965217590332
2021-05-17,9.571965217590332
2021-05-18,9.672283172607422
2021-05-19,9.346251487731934
2021-05-20,9.404770851135254
2021-05-21,9.287732124328613
2021-05-24,9.02857780456543
2021-05-25,8.978419303894043
2021-05-26,8.819583892822266
2021-05-27,8.735984802246094
2021-05-28,8.861383438110352
2021-05-31,8.827943801879883
2021-06-01,8.786145210266113
2021-06-02,9.354612350463867
2021-06-03,10.073553085327148
2021-06-04,10.24074935913086
2021-06-07,10.274188995361328
2021-06-08,10.315987586975098
2021-06-09,10.232388496398926
2021-06-10,9.897997856140137
2021-06-11,9.822760581970215
2021-06-15,9.84783935546875
2021-06-16,9.94815444946289
2021-06-17,9.672283172607422
2021-06-18,9.864558219909668
2021-06-21,9.697364807128906
2021-06-22,10.132071495056152
2021-06-23,10.023395538330078
2021-06-24,9.989954948425293
2021-06-25,9.956517219543457
2021-06-28,9.914717674255371
2021-06-29,9.79768180847168
2021-06-30,9.99831485748291
2021-07-01,9.563605308532715
2021-07-02,9.714081764221191
2021-07-05,9.78931999206543
2021-07-06,9.697364807128906
2021-07-07,9.404770851135254
2021-07-08,9.513446807861328
2021-07-09,9.571965217590332
2021-07-12,9.463288307189941
2021-07-13,9.605405807495117
2021-07-14,9.622125625610352
2021-07-15,9.597043991088867
2021-07-16,9.571965217590332
2021-07-19,9.321170806884766
2021-07-20,9.153976440429688
2021-07-21,9.254294395446777
2021-07-22,9.488368034362793
2021-07-23,9.404770851135254
2021-07-26,9.22921371459961
2021-07-27,9.588685035705566
2021-07-28,9.58032512664795
2021-07-29,9.571965217590332
2021-07-30,9.337891578674316
2021-08-02,9.44657039642334
2021-08-03,9.39640998840332
2021-08-04,9.496726036071777
2021-08-05,9.312811851501465
2021-08-06,9.44657039642334
2021-08-09,9.379690170288086
2021-08-10,9.262655258178711
2021-08-11,9.404770851135254
2021-08-12,9.421490669250488
2021-08-13,9.588685035705566
2021-08-16,9.39640998840332
2021-08-17,9.237573623657227
2021-08-18,9.321170806884766
2021-08-19,9.212493896484375
2021-08-20,9.162336349487305
2021-08-23,9.195775032043457
2021-08-24,9.488368034362793
2021-08-25,9.245933532714844
2021-08-26,8.752705574035645
2021-08-27,8.786145210266113
2021-08-30,9.103816986083984
2021-08-31,8.966917991638184
2021-09-01,9.026811599731445
2021-09-02,8.941248893737793
2021-09-03,9.026811599731445
2021-09-06,8.949804306030273
2021-09-07,9.078149795532227
2021-09-08,9.009696960449219
2021-09-09,8.727343559265137
2021-09-10,8.795792579650879
2021-09-13,8.85568618774414
2021-09-14,8.958361625671387
2021-09-15,8.573331832885742
2021-09-16,8.37653923034668
2021-09-17,8.196858406066895
2021-09-20,7.940171718597412
2021-09-21,7.85460901260376
2021-09-22,8.290975570678711
2021-09-23,8.530550956726074
2021-09-24,8.513437271118164
2021-09-27,8.427877426147461
2021-09-28,8.462101936340332
2021-09-29,8.325201034545898
2021-09-30,8.479211807250977
2021-10-01,8.316645622253418
2021-10-04,8.444987297058105
2021-10-05,8.539106369018555
2021-10-06,8.684561729431152
2021-10-07,8.932692527770996
2021-10-08,9.129487037658691
2021-10-11,9.232160568237305
2021-10-12,8.915580749511719
2021-10-13,9.129487037658691
2021-10-14,9.018256187438965
2021-10-15,8.984031677246094
2021-10-18,9.129487037658691
2021-10-19,8.97547435760498
2021-10-20,9.651413917541504
2021-10-21,9.685640335083008
2021-10-22,9.591520309448242
2021-10-25,9.677084922790527
2021-10-26,9.813982963562012
2021-10-27,9.719863891601562
2021-10-28,9.540184020996094
2021-10-29,9.257829666137695
2021-11-01,9.223605155944824
2021-11-02,8.966917991638184
2021-11-03,9.155153274536133
2021-11-04,8.864242553710938
2021-11-05,8.889912605285645
2021-11-08,8.881356239318848
2021-11-09,8.812905311584473
2021-11-10,8.71878719329834
2021-11-11,8.650336265563965
2021-11-12,8.753013610839844
2021-11-15,8.633225440979004
2021-11-16,8.37653923034668
2021-11-17,8.41076374053955
2021-11-18,8.385092735290527
2021-11-19,8.402206420898438
2021-11-22,8.188302040100098
2021-11-23,8.359427452087402
2021-11-24,8.385092735290527
2021-11-25,8.325201034545898
2021-11-26,8.0000638961792
2021-11-29,8.0000638961792
2021-11-30,8.162632942199707
2021-12-01,8.128408432006836
2021-12-02,8.624669075012207
2021-12-03,8.795792579650879
2021-12-06,8.676007270812988
2021-12-07,8.84713077545166
2021-12-08,8.941248893737793
2021-12-09,8.941248893737793
2021-12-10,8.85568618774414
2021-12-13,9.095259666442871
2021-12-14,8.966917991638184
2021-12-15,8.949804306030273
2021-12-16,8.958361625671387
2021-12-17,9.138042449951172
2021-12-20,9.129487037658691
2021-12-21,9.249272346496582
2021-12-22,9.20649242401123
2021-12-23,9.20649242401123
2021-12-24,9.249272346496582
2021-12-29,9.30916690826416
2021-12-30,9.283499717712402
2021-12-31,9.095259666442871
2022-01-04,9.514514923095703
2022-01-05,9.642860412597656
2022-01-06,9.232160568237305
2022-01-07,9.360504150390625
2022-01-10,9.326278686523438
2022-01-11,9.300610542297363
2022-01-12,9.523073196411133
2022-01-13,9.617191314697266
2022-01-14,9.771203994750977
2022-01-17,10.079227447509766
2022-01-18,10.181899070739746
2022-01-19,10.284574508666992
2022-01-20,10.532705307006836
2022-01-21,10.156231880187988
2022-01-24,10.190457344055176
2022-01-25,9.75408935546875
2022-01-27,9.856764793395996
2022-01-28,9.856764793395996
2022-01-31,9.88243293762207
2022-02-01,9.651413917541504
2022-02-02,10.130563735961914
2022-02-03,9.856764793395996
2022-02-04,10.079227447509766
2022-02-07,10.173346519470215
2022-02-08,10.190457344055176
2022-02-09,10.250349998474121
2022-02-10,10.147676467895508
2022-02-11,9.908102035522461
2022-02-14,10.139120101928711
2022-02-15,9.831096649169922
2022-02-16,9.899545669555664
2022-02-17,10.01077651977539
2022-02-18,10.147676467895508
2022-02-21,10.216124534606934
2022-02-22,10.096338272094727
2022-02-23,10.618269920349121
2022-02-24,10.11345100402832
2022-02-25,10.258909225463867
2022-02-28,10.424938201904297
2022-03-01,10.355030059814453
2022-03-02,10.678351402282715
2022-03-03,10.966719627380371
2022-03-04,10.652135848999023
2022-03-07,10.70456600189209
2022-03-08,10.853119850158691
2022-03-09,10.975457191467285
2022-03-10,11.080320358276367
2022-03-11,11.097794532775879
2022-03-14,11.193917274475098
2022-03-15,10.923027038574219
2022-03-16,10.879334449768066
2022-03-17,10.966719627380371
2022-03-18,11.089057922363281
2022-03-21,10.984196662902832
2022-03-22,11.167701721191406
2022-03-23,11.097794532775879
2022-03-24,11.185179710388184
2022-03-25,11.211395263671875
2022-03-28,11.491024017333984
2022-03-29,11.211395263671875
2022-03-30,11.220133781433105
2022-03-31,11.281302452087402
2022-04-01,11.36868667602539
2022-04-04,11.76191520690918
2022-04-05,11.927946090698242
2022-04-06,11.901729583740234
2022-04-07,11.779391288757324
2022-04-08,11.980376243591309
2022-04-11,12.181361198425293
2022-04-12,12.137667655944824
2022-04-13,12.102714538574219
2022-04-14,12.181361198425293
2022-04-19,12.260005950927734
2022-04-20,12.373603820800781
2022-04-21,12.60080337524414
2022-04-22,12.5221586227417
2022-04-26,12.015328407287598
2022-04-27,11.971637725830078
2022-04-28,12.06775951385498
2022-04-29,12.155143737792969
2022-05-02,11.901729583740234
2022-05-03,11.980376243591309
2022-05-04,12.172621726989746
2022-05-05,12.670709609985352
2022-05-06,12.391082763671875
2022-05-09,12.373603820800781
2022-05-10,12.11145305633545
2022-05-11,12.076498031616211
2022-05-12,11.831823348999023
2022-05-13,12.102714538574219
2022-05-16,12.321174621582031
2022-05-17,12.758096694946289
2022-05-18,13.011509895324707
2022-05-19,12.78431224822998
2022-05-20,12.915387153625488
2022-05-23,12.915387153625488
2022-05-24,12.88917064666748
2022-05-25,12.976556777954102
2022-05-26,12.78431224822998
2022-05-27,13.07267951965332
2022-05-30,13.256185531616211
2022-05-31,12.880434036254883
2022-06-01,12.801788330078125
2022-06-02,12.924125671386719
2022-06-03,13.492122650146484
2022-06-06,13.48338508605957
2022-06-07,13.020248413085938
2022-06-08,13.448431015014648
2022-06-09,13.430953025817871
2022-06-10,13.17753791809082
2022-06-14,12.679450988769531
2022-06-15,12.356127738952637
2022-06-16,12.321174621582031
2022-06-17,12.085236549377441
2022-06-20,11.700745582580566
2022-06-21,11.901729583740234
2022-06-22,11.927946090698242
2022-06-23,11.87551498413086
2022-06-24,11.901729583740234
2022-06-27,12.268744468688965
2022-06-28,12.644495010375977
2022-06-29,12.653233528137207
2022-06-30,12.443511009216309
2022-07-01,12.102714538574219
2022-07-04,12.30369758605957
2022-07-05,12.391082763671875
2022-07-06,11.901729583740234
2022-07-07,11.858037948608398
2022-07-08,11.989114761352539
2022-07-11,12.032806396484375
2022-07-12,11.75317668914795
2022-07-13,11.552193641662598
2022-07-14,11.692008972167969
2022-07-15,11.508501052856445
2022-07-18,11.77065372467041
2022-07-19,11.814347267150879
2022-07-20,12.050283432006836
2022-07-21,12.163883209228516
2022-07-22,12.155143737792969
2022-07-25,12.076498031616211
2022-07-26,12.181361198425293
2022-07-27,12.11145305633545
2022-07-28,12.408557891845703
2022-07-29,12.504680633544922
2022-08-01,12.801788330078125
2022-08-02,12.487205505371094
2022-08-03,12.460989952087402
2022-08-04,12.513420104980469
2022-08-05,12.504680633544922
2022-08-08,12.714405059814453
2022-08-09,12.478466033935547
2022-08-10,12.408557891845703
2022-08-11,12.53963565826416
2022-08-12,12.469728469848633
2022-08-15,12.391082763671875
2022-08-16,12.382343292236328
2022-08-17,12.120190620422363
2022-08-18,12.329912185668945
2022-08-19,12.364867210388184
2022-08-22,12.434772491455078
2022-08-23,12.294958114624023
2022-08-24,13.06394100189209
2022-08-25,13.326091766357422
2022-08-26,13.465907096862793
2022-08-29,12.97736930847168
2022-08-30,13.146137237548828
2022-08-31,12.906309127807617
2022-09-01,12.595420837402344
2022-09-02,12.275649070739746
2022-09-05,12.56877326965332
2022-09-06,12.69312858581543
2022-09-07,12.391122817993164
2022-09-08,12.43553352355957
2022-09-09,12.382241249084473
2022-09-12,12.400006294250488
2022-09-13,12.684246063232422
2022-09-14,12.320062637329102
2022-09-15,12.773070335388184
2022-09-16,12.346710205078125
2022-09-19,12.240118980407715
2022-09-20,12.355591773986816
2022-09-21,12.026939392089844
2022-09-23,11.787111282348633
2022-09-26,11.032096862792969
2022-09-27,11.12092113494873
2022-09-28,11.067625999450684
2022-09-29,11.19198226928711
2022-09-30,11.307453155517578
2022-10-03,11.351866722106934
2022-10-04,11.671637535095215
2022-10-05,12.026939392089844
2022-10-06,11.964761734008789
2022-10-07,11.760461807250977
2022-10-10,11.822640419006348
2022-10-11,11.875937461853027
2022-10-12,11.698285102844238
2022-10-13,11.565049171447754
2022-10-14,12.133528709411621
2022-10-17,11.89370059967041
2022-10-18,12.00029182434082
2022-10-19,12.071352005004883
2022-10-20,12.19570541381836
2022-10-21,11.92034912109375
2022-10-24,12.355591773986816
2022-10-25,12.391122817993164
2022-10-26,12.524360656738281
2022-10-27,12.462183952331543
2022-10-28,12.595420837402344
2022-10-31,12.67536449432373
2022-11-01,13.021780967712402
2022-11-02,12.915190696716309
2022-11-03,12.879659652709961
2022-11-04,13.341552734375
2022-11-07,13.323787689208984
2022-11-08,13.217198371887207
2022-11-09,13.421494483947754
2022-11-10,13.314905166625977
2022-11-11,13.28825855255127
2022-11-14,13.385965347290039
2022-11-15,13.332669258117676
2022-11-16,13.28825855255127
2022-11-17,13.101723670959473
2022-11-18,13.101723670959473
2022-11-21,13.163902282714844
2022-11-22,13.18166732788086
2022-11-23,13.217198371887207
2022-11-24,12.995135307312012
2022-11-25,12.97736930847168
2022-11-28,12.853013038635254
2022-11-29,12.950721740722656
2022-11-30,13.128372192382812
2022-12-01,13.128372192382812
2022-12-02,12.853013038635254
2022-12-05,12.986252784729004
2022-12-06,13.021780967712402
2022-12-07,12.728658676147461
2022-12-08,12.684246063232422
2022-12-09,12.719776153564453
2022-12-12,12.524360656738281
2022-12-13,12.835247993469238
2022-12-14,13.030665397644043
2022-12-15,13.101723670959473
2022-12-16,13.101723670959473
2022-12-19,13.217198371887207
2022-12-20,13.101723670959473
2022-12-21,13.314905166625977
2022-12-22,13.474791526794434
2022-12-23,13.323787689208984
2022-12-28,13.608028411865234
2022-12-29,13.217198371887207
2022-12-30,13.323787689208984
2023-01-03,13.146137237548828
2023-01-04,13.146137237548828
2023-01-05,13.119489669799805
2023-01-06,13.155019760131836
2023-01-09,13.403730392456055
2023-01-10,13.270493507385254
2023-01-11,13.403730392456055
2023-01-12,13.49255657196045
2023-01-13,13.696852684020996
2023-01-16,13.732383728027344
2023-01-17,13.741267204284668
2023-01-18,13.998859405517578
2023-01-19,13.972211837768555
2023-01-20,14.06991958618164
2023-01-23,14.061037063598633
2023-01-24,14.105450630187988
2023-01-25,13.954447746276855
2023-01-27,13.972211837768555
2023-01-30,13.812328338623047
2023-01-31,13.723502159118652
2023-02-01,13.803443908691406
2023-02-02,13.510321617126465
2023-02-03,13.412612915039062
2023-02-06,13.483672142028809
2023-02-07,13.394845962524414
2023-02-08,13.483672142028809
2023-02-09,13.403730392456055
2023-02-10,13.341552734375
2023-02-13,13.448143005371094
2023-02-14,13.519203186035156
2023-02-15,13.732383728027344
2023-02-16,13.75903034210205
2023-02-17,13.652441024780273
2023-02-20,13.670206069946289
2023-02-21,13.696852684020996
2023-02-22,13.634675025939941
2023-02-23,13.501439094543457
2023-02-24,13.563615798950195
2023-02-27,13.679088592529297
2023-02-28,13.69714641571045
2023-03-01,13.97704792022705
2023-03-02,13.823554992675781
2023-03-03,13.823554992675781
2023-03-06,13.904814720153809
2023-03-07,14.24792194366455
2023-03-08,14.103456497192383
2023-03-09,14.103456497192383
2023-03-10,13.263749122619629
2023-03-13,13.480447769165039
2023-03-14,12.87549877166748
2023-03-15,12.911615371704102
2023-03-16,12.22540283203125
2023-03-17,12.586567878723145
2023-03-20,12.17122745513916
2023-03-21,12.207345962524414
2023-03-22,12.451130867004395
2023-03-23,12.351811408996582
2023-03-24,12.378898620605469
2023-03-27,12.297635078430176
2023-03-28,12.649771690368652
2023-03-29,12.514333724975586
2023-03-30,12.830352783203125
2023-03-31,13.010934829711914
2023-04-03,13.290837287902832
2023-04-04,13.426273345947266
2023-04-05,13.516565322875977
2023-04-06,13.543652534484863
2023-04-11,13.904814720153809
2023-04-12,13.850640296936035
2023-04-13,13.913844108581543
2023-04-14,13.940932273864746
2023-04-17,13.97704792022705
2023-04-18,13.886757850646973
2023-04-19,13.913844108581543
2023-04-20,13.904814720153809
2023-04-21,13.940932273864746
2023-04-24,13.859668731689453
2023-04-26,13.77840805053711
2023-04-27,13.670060157775879
2023-04-28,13.579768180847168
2023-05-01,13.805495262145996
2023-05-02,13.633943557739258
2023-05-03,13.363070487976074
2023-05-04,13.751319885253906
2023-05-05,13.949962615966797
2023-05-08,14.455589294433594
2023-05-09,14.870928764343262
2023-05-10,14.798696517944336
2023-05-11,14.843841552734375
2023-05-12,14.843841552734375
2023-05-15,14.97024917602539
2023-05-16,14.744522094726562
2023-05-17,14.753551483154297
2023-05-18,14.816755294799805
2023-05-19,14.852872848510742
2023-05-22,14.861900329589844
2023-05-23,14.80772590637207
2023-05-24,14.861900329589844
2023-05-25,14.645201683044434
2023-05-26,14.464619636535645
2023-05-29,14.672289848327637
2023-05-30,14.753551483154297
2023-05-31,14.708406448364258
2023-06-01,14.852872848510742
2023-06-02,14.80772590637207
2023-06-05,14.979277610778809
2023-06-06,14.744522094726562
2023-06-07,14.83481216430664
2023-06-08,14.843841552734375
2023-06-09,14.708406448364258
2023-06-13,14.627145767211914
2023-06-14,14.708406448364258
2023-06-15,14.284036636352539
2023-06-16,14.311125755310059
2023-06-19,14.320155143737793
2023-06-20,14.527825355529785
2023-06-21,14.572969436645508
2023-06-22,14.419475555419922
2023-06-23,14.130542755126953
2023-06-26,14.085397720336914
2023-06-27,14.139573097229004
2023-06-28,14.085397720336914
2023-06-29,14.112485885620117
2023-06-30,14.256950378417969
2023-07-03,14.383358001708984
2023-07-04,14.401416778564453
2023-07-05,14.42850399017334
2023-07-06,14.48267936706543
2023-07-07,14.347241401672363
2023-07-10,14.455589294433594
2023-07-11,14.48267936706543
2023-07-12,14.618115425109863
2023-07-13,14.861900329589844
2023-07-14,15.232093811035156
2023-07-17,15.322385787963867
2023-07-18,15.214035034179688
2023-07-19,15.331415176391602
2023-07-20,15.286270141601562
2023-07-21,15.159863471984863
2023-07-24,15.331415176391602
2023-07-25,15.403644561767578
2023-07-26,15.36752986907959
2023-07-27,15.466849327087402
2023-07-28,15.548111915588379
2023-07-31,15.674521446228027
2023-08-01,15.791897773742676
2023-08-02,15.620345115661621
2023-08-03,15.36752986907959
2023-08-04,15.466849327087402
2023-08-07,15.430734634399414
2023-08-08,15.502967834472656
2023-08-09,15.4487943649292
2023-08-10,15.701605796813965
2023-08-11,15.710636138916016
2023-08-14,15.764809608459473
2023-08-15,15.945391654968262
2023-08-16,15.611316680908203
2023-08-17,15.620345115661621
2023-08-18,15.457822799682617
2023-08-21,15.593257904052734
2023-08-22,15.692577362060547
2023-08-23,15.791897773742676
2023-08-24,15.412674903869629
2023-08-25,15.205007553100586
2023-08-28,15.394615173339844
2023-08-29,15.513744354248047
2023-08-30,15.81613826751709
2023-08-31,16.008567810058594
2023-09-01,15.81613826751709
2023-09-04,15.9077730178833
2023-09-05,15.660358428955078
2023-09-06,15.605377197265625
2023-09-07,15.412943840026855
2023-09-08,15.495415687561035
2023-09-11,15.623702049255371
2023-09-12,15.751993179321289
2023-09-13,15.587048530578613
2023-09-14,15.65119457244873
2023-09-15,15.797807693481445
2023-09-18,15.568723678588867
2023-09-19,15.65119457244873
2023-09-20,15.706174850463867
2023-09-21,15.467925071716309
2023-09-22,15.596213340759277
2023-09-25,15.73366641998291
2023-09-26,15.880279541015625
2023-09-27,15.990242958068848
2023-09-28,16.02689552307129
2023-09-29,15.953588485717773
2023-10-02,16.036060333251953
2023-10-03,15.321308135986328
2023-10-04,15.33047103881836
2023-10-05,15.29382038116455
2023-10-06,15.357964515686035
2023-10-09,15.550396919250488
2023-10-10,15.614540100097656
2023-10-11,15.706174850463867
2023-10-12,15.87111759185791
2023-10-13,15.953588485717773
2023-10-16,15.73366641998291
2023-10-17,15.8436279296875
2023-10-18,15.8436279296875
2023-10-19,15.660358428955078
2023-10-20,15.596213340759277
2023-10-23,15.101386070251465
2023-10-24,15.25716495513916
2023-10-25,15.110548973083496
2023-10-26,15.110548973083496
2023-10-27,15.110548973083496
2023-10-30,14.826482772827148
2023-10-31,15.018915176391602
2023-11-01,15.073897361755371
2023-11-02,15.302984237670898
2023-11-03,15.357964515686035
2023-11-06,15.16553020477295
2023-11-07,15.550396919250488
2023-11-08,15.394617080688477
2023-11-09,15.513744354248047
2023-11-10,15.43127155303955
2023-11-13,15.467925071716309
2023-11-14,16.06355094909668
2023-11-15,16.118532180786133
2023-11-16,15.80697250366211
2023-11-17,15.715337753295898
2023-11-20,15.825301170349121
2023-11-21,15.834463119506836
2023-11-22,15.825301170349121
2023-11-23,15.715337753295898
2023-11-24,15.715337753295898
2023-11-27,15.669522285461426
2023-11-28,15.660358428955078
2023-11-29,15.37629222869873
2023-11-30,15.541232109069824
2023-12-01,15.53207015991211
2023-12-04,15.486250877380371
2023-12-05,15.348800659179688
2023-12-06,15.550396919250488
2023-12-07,15.202183723449707
2023-12-08,15.147202491760254
2023-12-11,15.138041496276855
2023-12-12,15.211348533630371
2023-12-13,15.16553020477295
2023-12-14,15.42210865020752
2023-12-15,15.385456085205078
2023-12-18,15.550396919250488
2023-12-19,15.770318984985352
2023-12-20,15.944424629211426
2023-12-21,16.081876754760742
2023-12-22,16.054386138916016
2023-12-27,16.081876754760742
2023-12-28,16.109365463256836
2023-12-29,15.999404907226562
2024-01-02,15.971918106079102
2024-01-03,15.605377197265625
2024-01-04,15.715337753295898
2024-01-05,15.65119457244873
2024-01-08,15.504579544067383
2024-01-09,15.504579544067383
2024-01-10,15.147202491760254
2024-01-11,14.844810485839844
2024-01-12,14.698196411132812
2024-01-15,14.542415618896484
2024-01-16,14.404963493347168
2024-01-17,14.368309020996094
2024-01-18,14.185039520263672
2024-01-19,14.395800590515137
2024-01-22,14.450780868530273
2024-01-23,14.634051322937012
2024-01-24,14.514925003051758
2024-01-25,13.855155944824219
2024-01-29,13.662723541259766
2024-01-30,13.543598175048828
2024-01-31,13.58025074005127
2024-02-01,13.232040405273438
2024-02-02,13.525270462036133
2024-02-05,13.497779846191406
2024-02-06,13.525270462036133
2024-02-07,13.635232925415039
2024-02-08,13.635232925415039
2024-02-09,14.313329696655273
2024-02-12,14.295001983642578
2024-02-13,14.276673316955566
2024-02-14,14.111732482910156
2024-02-15,14.212531089782715
2024-02-16,14.404963493347168
2024-02-19,14.661539077758789
2024-02-20,14.615723609924316
2024-02-21,14.569905281066895
2024-02-22,14.661539077758789
2024-02-23,14.58823299407959
2024-02-26,14.377471923828125
2024-02-27,14.414127349853516
2024-02-28,14.753174781799316
2024-02-29,15.33047103881836
2024-03-01,15.971918106079102
2024-03-04,15.81613826751709
2024-03-05,15.769643783569336
2024-03-06,15.583683013916016
2024-03-07,15.676664352416992
2024-03-08,15.648770332336426
2024-03-11,15.351229667663574
2024-03-12,15.416315078735352
2024-03-13,15.462806701660156
2024-03-14,15.5557861328125
2024-03-15,15.351229667663574
2024-03-18,15.146671295166016
2024-03-19,15.34193229675293
2024-03-20,15.425613403320312
2024-03-21,15.518596649169922
2024-03-22,15.453509330749512
2024-03-25,15.323334693908691
2024-03-26,15.286141395568848
2024-03-27,15.472105979919434
2024-03-28,15.574385643005371
2024-04-02,15.60228157043457
2024-04-03,15.407017707824707
2024-04-04,15.60228157043457
2024-04-05,15.509297370910645
2024-04-08,15.592982292175293
2024-04-09,15.676664352416992
2024-04-10,15.658068656921387
2024-04-11,15.75105094909668
2024-04-12,15.60228157043457
2024-04-15,15.630172729492188
2024-04-16,15.34193229675293
2024-04-17,15.183862686157227
2024-04-18,15.379124641418457
2024-04-19,15.174564361572266
2024-04-22,15.453509330749512
2024-04-23,15.388422012329102
2024-04-24,15.416315078735352
2024-04-26,14.997900009155273
2024-04-29,15.165266036987305
2024-04-30,14.030893325805664
2024-05-01,13.826333999633789
2024-05-02,13.900720596313477
2024-05-03,14.291241645812988
2024-05-06,14.235452651977539
2024-05-07,14.33773136138916
2024-05-08,14.514395713806152
2024-05-09,14.272644996643066
2024-05-10,14.30053997039795
2024-05-13,14.281944274902344
2024-05-14,14.170365333557129
2024-05-15,13.7798433303833
2024-05-16,13.900720596313477
2024-05-17,13.742650985717773
2024-05-20,13.984402656555176
2024-05-21,13.835633277893066
2024-05-22,14.049489974975586
2024-05-23,14.012297630310059
2024-05-24,13.947210311889648
2024-05-27,14.142472267150879
2024-05-28,13.984402656555176
2024-05-29,13.7798433303833
2024-05-30,13.631072998046875
2024-05-31,13.62177562713623
2024-06-03,13.603178977966309
2024-06-04,13.547389030456543
2024-06-05,13.463706016540527
2024-06-06,13.454408645629883
2024-06-07,13.473004341125488
2024-06-11,13.407917976379395
2024-06-12,13.380024909973145
2024-06-13,13.221956253051758
2024-06-14,13.147570610046387
2024-06-17,13.063886642456055
2024-06-18,12.989501953125
2024-06-19,12.989501953125
2024-06-20,13.166166305541992
2024-06-21,13.249850273132324
2024-06-24,13.259147644042969
2024-06-25,13.510198593139648
2024-06-26,13.677563667297363
2024-06-27,13.668266296386719
2024-06-28,13.928613662719727
2024-07-01,13.835633277893066
2024-07-02,13.733353614807129
2024-07-03,13.519495964050293
2024-07-04,13.742650985717773
2024-07-05,13.696159362792969
2024-07-08,13.55668830871582
2024-07-09,13.417216300964355
2024-07-10,13.445111274719238
2024-07-11,13.52879524230957
2024-07-12,13.696159362792969
2024-07-15,13.882123947143555
2024-07-16,13.835633277893066
2024-07-17,14.040191650390625
2024-07-18,13.854228019714355
2024-07-19,13.900720596313477
2024-07-22,13.993700981140137
2024-07-23,14.12387466430664
2024-07-24,14.161067008972168
2024-07-25,13.882123947143555
2024-07-26,13.854228019714355
2024-07-29,14.002999305725098
2024-07-30,13.910017967224121
2024-07-31,14.11457633972168
2024-08-01,14.216856956481934
2024-08-02,13.668266296386719
2024-08-05,13.175463676452637
2024-08-06,13.054588317871094
2024-08-07,13.147570610046387
2024-08-08,12.933712005615234
2024-08-09,13.08248233795166
2024-08-12,13.194060325622559
2024-08-13,13.240550994873047
2024-08-14,13.249850273132324
2024-08-15,13.240550994873047
2024-08-16,13.565985679626465
2024-08-19,13.510198593139648
2024-08-20,13.61247730255127
2024-08-21,13.473004341125488
2024-08-22,13.398619651794434
2024-08-23,13.128973960876465
2024-08-26,13.101079940795898
2024-08-27,13.463706016540527
2024-08-28,14.095979690551758
2024-08-29,14.235452651977539
2024-08-30,14.161067008972168
2024-09-02,14.14216136932373
2024-09-03,14.104347229003906
2024-09-04,13.915282249450684
2024-09-05,13.953094482421875
2024-09-06,13.811295509338379
2024-09-09,13.943641662597656
2024-09-10,14.104347229003906
2024-09-11,13.745121955871582
2024-09-12,13.953094482421875
2024-09-13,14.07598876953125
2024-09-16,13.905828475952148
2024-09-17,13.78293514251709
2024-09-18,13.792387962341309
2024-09-19,13.707307815551758
2024-09-20,13.78293514251709
2024-09-23,13.669495582580566
2024-09-24,13.89637565612793
2024-09-25,13.839654922485352
2024-09-26,13.924734115600586
2024-09-27,13.811295509338379
2024-09-30,14.019267082214355
2024-10-01,13.820749282836914
2024-10-02,14.028721809387207
2024-10-03,13.886920928955078
2024-10-04,14.123254776000977
2024-10-07,14.104347229003906
2024-10-08,13.953094482421875
2024-10-09,13.773481369018555
2024-10-10,13.773481369018555
2024-10-11,13.622228622436523
2024-10-14,13.660041809082031
2024-10-15,13.707307815551758
2024-10-16,13.631681442260742
2024-10-17,14.019267082214355
2024-10-18,13.80184268951416
2024-10-21,13.98145580291748
2024-10-22,13.764029502868652
2024-10-23,13.470975875854492
2024-10-24,13.414255142211914
2024-10-25,13.404803276062012
2024-10-28,13.357536315917969
2024-10-29,13.414255142211914
2024-10-30,13.25355052947998
2024-10-31,13.234642028808594
2024-11-01,13.064482688903809
2024-11-04,13.177923202514648
2024-11-05,13.159016609191895
2024-11-06,13.612774848937988
2024-11-07,14.350133895874023
2024-11-08,13.754575729370117
2024-11-11,13.499335289001465
2024-11-12,13.792387962341309
2024-11-13,13.792387962341309
2024-11-14,13.707307815551758
2024-11-15,13.660041809082031
2024-11-18,13.574962615966797
2024-11-19,13.650588989257812
2024-11-20,13.376442909240723
2024-11-21,13.225189208984375
2024-11-22,13.39534854888916
2024-11-25,13.385895729064941
2024-11-26,13.21573543548584
2024-11-27,13.102295875549316
2024-11-28,12.998310089111328
2024-11-29,13.111749649047852
2024-12-02,13.007763862609863
2024-12-03,12.676896095275879
2024-12-04,12.686351776123047
2024-12-05,12.714710235595703
2024-12-06,12.563457489013672
2024-12-09,12.516190528869629
2024-12-10,12.50673770904541
2024-12-11,12.62017822265625
2024-12-12,12.50673770904541
2024-12-13,12.50673770904541
2024-12-16,12.440564155578613
2024-12-17,12.468924522399902
2024-12-18,12.610724449157715
2024-12-19,12.610724449157715
2024-12-20,12.686351776123047
2024-12-23,12.714710235595703
2024-12-24,12.96049690246582
2024-12-27,12.903776168823242
2024-12-30,12.903776168823242
2024-12-31,12.951044082641602
2025-01-02,12.913229942321777
2025-01-03,13.196829795837402
2025-01-06,13.045577049255371
2025-01-07,13.073936462402344
2025-01-08,13.05502986907959
2025-01-09,13.05502986907959
2025-01-10,13.064482688903809
2025-01-13,13.007763862609863
2025-01-14,13.376442909240723
2025-01-15,13.281908988952637
2025-01-16,13.291363716125488
2025-01-17,13.338629722595215
2025-01-20,13.433162689208984
2025-01-21,13.518242835998535
2025-01-22,13.924734115600586
2025-01-23,13.839654922485352
2025-01-24,14.000362396240234
2025-01-28,13.726216316223145
2025-01-29,13.68840217590332
2025-01-30,13.678949356079102
2025-01-31,13.669495582580566
2025-02-03,13.574962615966797
2025-02-04,13.452068328857422
2025-02-05,13.631681442260742
2025-02-06,13.707307815551758
2025-02-07,13.660041809082031
2025-02-10,13.660041809082031
2025-02-11,13.915282249450684
2025-02-12,13.943641662597656
2025-02-13,13.839654922485352
2025-02-14,13.962549209594727
2025-02-17,13.80184268951416
2025-02-18,13.80184268951416
2025-02-19,13.603322982788086
2025-02-20,13.641136169433594
2025-02-21,13.470975875854492
2025-02-24,13.385895729064941
2025-02-25,13.25355052947998
2025-02-26,14.614827156066895
2025-02-27,14.699907302856445
2025-02-28,14.387948036193848
2025-03-03,14.435214042663574
2025-03-04,14.204557418823242
2025-03-05,14.070009231567383
2025-03-06,14.070009231567383
2025-03-07,13.762467384338379
2025-03-10,13.858573913574219
2025-03-11,13.704803466796875
2025-03-12,13.887405395507812
2025-03-13,13.656750679016113
2025-03-14,13.781689643859863
2025-03-17,14.098841667175293
2025-03-18,14.233390808105469
2025-03-19,14.406381607055664
2025-03-20,14.31988525390625
2025-03-21,14.454435348510742
2025-03-24,14.358327865600586
2025-03-25,14.31988525390625
2025-03-26,13.993124008178711
2025-03-27,14.175725936889648
2025-03-28,14.2141695022583
2025-03-31,13.868185043334961
2025-04-01,13.897017478942871
2025-04-02,13.916237831115723
2025-04-03,13.59908676147461
2025-04-04,12.541913986206055
2025-04-07,11.763449668884277
2025-04-08,11.628901481628418
2025-04-09,10.97537612915039
2025-04-10,11.311749458312988
2025-04-11,11.100314140319824
2025-04-14,11.609679222106934
2025-04-15,11.571236610412598
2025-04-16,11.100314140319824
2025-04-17,11.45590877532959
2025-04-22,11.196420669555664
2025-04-23,11.67695426940918
2025-04-24,11.696175575256348
2025-04-28,11.725007057189941
2025-04-29,11.83072566986084
2025-04-30,11.955662727355957
2025-05-01,11.744229316711426
2025-05-02,11.878777503967285
2025-05-05,11.571236610412598
2025-05-06,11.494351387023926
2025-05-07,11.58084774017334
2025-05-08,11.955662727355957
2025-05-09,12.080601692199707
2025-05-12,12.301647186279297
2025-05-13,12.52269172668457
2025-05-14,12.734126091003418
2025-05-15,12.570745468139648
2025-05-16,12.493860244750977
2025-05-19,12.407363891601562
2025-05-20,12.445807456970215
2025-05-21,12.628410339355469
2025-05-22,12.45541763305664
2025-05-23,12.397753715515137
2025-05-26,12.513082504272461
2025-05-27,12.45541763305664
2025-05-28,12.503471374511719
2025-05-29,12.589966773986816
2025-05-30,12.513082504272461
2025-06-02,12.397753715515137
2025-06-03,12.397753715515137
2025-06-04,12.58035659790039
2025-06-05,12.628410339355469
2025-06-06,12.570745468139648
2025-06-10,12.743738174438477
2025-06-11,12.77256965637207
2025-06-12,12.695684432983398
2025-06-13,12.945562362670898
2025-06-16,13.032057762145996
2025-06-17,13.137774467468262
2025-06-18,13.262713432312012
2025-06-19,12.93595027923584
2025-06-20,12.99361515045166
2025-06-23,12.86867618560791
2025-06-24,12.561135292053223
2025-06-25,12.58035659790039
2025-06-26,12.541913986206055
2025-06-27,12.570745468139648
2025-06-30,12.570745468139648
2025-07-01,12.349700927734375
2025-07-02,12.570745468139648
2025-07-03,12.676462173461914
2025-07-04,12.801401138305664
2025-07-07,12.695684432983398
2025-07-08,12.77256965637207
2025-07-09,12.695684432983398
2025-07-10,12.849454879760742
2025-07-11,12.887897491455078
2025-07-14,12.83023452758789
2025-07-15,12.916729927062988
2025-07-16,12.811012268066406
2025-07-17,12.811012268066406
2025-07-18,12.686073303222656
2025-07-21,12.513082504272461
2025-07-22,12.513082504272461
2025-07-23,12.64763069152832
2025-07-24,12.532303810119629
2025-07-25,12.657241821289062
2025-07-28,12.743738174438477
2025-07-29,13.147385597229004
2025-07-30,12.96478271484375
2025-07-31,12.83023452758789
2025-08-01,12.859066009521484
2025-08-04,12.657241821289062
2025-08-05,12.484249114990234
2025-08-06,12.55152416229248
2025-08-07,12.589966773986816
2025-08-08,12.61879825592041
2025-08-11,12.589966773986816
2025-08-12,12.513082504272461
2025-08-13,12.465028762817383
2025-08-14,12.493860244750977
2025-08-15,12.541913986206055
2025-08-18,12.666851997375488
2025-08-19,12.397753715515137
2025-08-20,12.263204574584961
2025-08-21,12.378532409667969
2025-08-22,12.407363891601562
2025-08-25,12.368921279907227
2025-08-26,12.119044303894043
2025-08-27,13.454926490783691
2025-08-28,14.070009231567383
2025-08-29,14.118061065673828
2025-09-01,13.945070266723633
2025-09-02,14.101536750793457
2025-09-03,14.306899070739746
2025-09-04,14.258003234863281
2025-09-05,14.336236000061035
2025-09-08,14.121094703674316
2025-09-09,13.964628219604492
2025-09-10,13.915732383728027
2025-09-11,13.984187126159668
2025-09-12,13.915732383728027
2025-09-15,13.847278594970703
2025-09-16,13.915732383728027
2025-09-17,13.954850196838379
2025-09-18,13.671253204345703
2025-09-19,13.612579345703125
2025-09-22,13.66147518157959
2025-09-23,13.622358322143555
2025-09-24,13.710371017456055
2025-09-25,13.788603782653809
2025-09-26,13.739707946777344
2025-09-29,13.817941665649414
2025-09-30,13.739707946777344
2025-10-01,13.710371017456055
2025-10-02,13.739707946777344
2025-10-03,13.866837501525879
2025-10-06,13.915732383728027
2025-10-07,13.984187126159668
2025-10-08,13.896174430847168
2025-10-09,13.974408149719238
2025-10-10,13.905954360961914
2025-10-13,13.358321189880371
2025-10-14,13.514787673950195
2025-10-15,13.46589183807373
2025-10-16,13.514787673950195
2025-10-17,13.48544979095459
2025-10-20,13.553903579711914
2025-10-21,13.68103313446045
2025-10-22,13.68103313446045
2025-10-23,13.827720642089844
2025-10-24,14.072199821472168
2025-10-27,14.218886375427246
2025-10-28,13.984187126159668
2025-10-29,13.925511360168457
2025-10-30,14.042861938476562
2025-10-31,13.984187126159668
2025-11-03,13.915732383728027
2025-11-04,13.700592041015625
2025-11-05,13.641916275024414
2025-11-06,13.505008697509766
2025-11-07,13.328984260559082
2025-11-10,13.66147518157959
2025-11-11,13.739707946777344
2025-11-12,13.896174430847168
2025-11-13,13.720149993896484
2025-11-14,13.46589183807373
2025-11-17,13.57346248626709
2025-11-18,13.3681001663208
2025-11-19,13.348541259765625
2025-11-20,12.928038597106934
2025-11-21,12.800909996032715
2025-11-24,12.937817573547363
2025-11-25,12.918259620666504
2025-11-26,13.064946174621582
2025-11-27,13.016051292419434
2025-11-28,13.045388221740723
2025-12-01,12.967155456542969
2025-12-02,12.869363784790039
2025-12-03,12.918259620666504
2025-12-04,12.888921737670898
2025-12-05,12.879142761230469
2025-12-08,12.888921737670898
2025-12-09,12.810688972473145
2025-12-10,12.517313957214355
2025-12-11,12.351068496704102
2025-12-12,12.272835731506348
2025-12-15,12.145706176757812
2025-12-16,12.351068496704102
2025-12-17,12.331509590148926
2025-12-18,12.175044059753418
2025-12-19,12.292393684387207
2025-12-22,12.351068496704102
2025-12-23,12.292393684387207
2025-12-24,12.341289520263672
2025-12-29,12.243498802185059
2025-12-30,12.321731567382812
2025-12-31,12.292393684387207
2026-01-02,12.272835731506348
2026-01-05,12.918259620666504
2026-01-06,12.820467948913574
2026-01-07,12.781351089477539
2026-01-08,12.73245620727539
2026-01-09,12.791130065917969
2026-01-12,12.693338394165039
2026-01-13,12.76179313659668
2026-01-14,12.75201416015625
2026-01-15,12.947596549987793
2026-01-16,12.928038597106934
2026-01-19,12.820467948913574
2026-01-20,12.67378044128418
2026-01-21,12.595547676086426
2026-01-22,12.55643081665039
2026-01-23,12.722676277160645
2026-01-27,12.967155456542969
2026-01-28,12.898700714111328
2026-01-29,12.869363784790039
2026-01-30,13.113842010498047
2026-02-02,13.016051292419434
2026-02-03,13.084505081176758
2026-02-04,13.104063034057617
2026-02-05,12.976934432983398
2026-02-06,12.429302215576172
2026-02-09,12.84980583190918
2026-02-10,13.172517776489258
2026-02-11,13.211633682250977
2026-02-12,13.358321189880371
2026-02-13,12.742234230041504
2026-02-16,12.859583854675293
2026-02-17,12.879142761230469
2026-02-18,12.75201416015625
2026-02-19,13.035609245300293
2026-02-20,13.094284057617188
2026-02-23,12.820467948913574
2026-02-24,12.66400146484375
2026-02-25,12.75201416015625
2026-02-26,11.451386451721191
2026-02-27,11.089558601379395
2026-03-02,11.05044174194336
2026-03-03,11.069999694824219
2026-03-04,10.720000267028809
2026-03-05,11.029999732971191
2026-03-06,10.960000038146973
2026-03-09,10.520000457763672
2026-03-10,10.399999618530273
2026-03-11,10.180000305175781
2026-03-12,9.949999809265137
2026-03-13,9.84000015258789
2026-03-16,9.920000076293945
2026-03-17,10.050000190734863
2026-03-18,10.170000076293945
2026-03-19,10.470000267028809
2026-03-20,10.630000114440918
2026-03-23,10.569999694824219
2026-03-24,10.630000114440918
2026-03-25,10.930000305175781
2026-03-26,11.170000076293945
2026-03-27,11.09000015258789
2026-03-30,11.270000457763672
2026-03-31,11.210000038146973
2026-04-01,11.380000114440918
2026-04-02,11.229999542236328
2026-04-07,11.470000267028809
2026-04-08,11.760000228881836
2026-04-09,12.020000457763672
2026-04-10,12.069999694824219
2026-04-13,11.930000305175781
2026-04-14,11.789999961853027
2026-04-15,11.539999961853027
2026-04-16,11.65999984741211
2026-04-17,11.819999694824219
2026-04-20,11.130000114440918
2026-04-21,11.430000305175781
2026-04-22,11.619999885559082
2026-04-23,11.729999542236328
2026-04-24,11.880000114440918
2026-04-27,11.819999694824219
2026-04-28,11.720000267028809
2026-04-29,11.710000038146973
2026-04-30,11.819999694824219
2026-05-01,12.069999694824219
2026-05-04,12.09000015258789
2026-05-05,11.979999542236328
2026-05-06,12.3100004196167
2026-05-07,12.289999961853027
2026-05-08,12.149999618530273
2026-05-11,12.09000015258789
2026-05-12,11.970000267028809
2026-05-13,11.970000267028809
2026-05-14,12.25
2026-05-15,12.5
2026-05-18,12.220000267028809
2026-05-19,12.40999984741211
2026-05-20,12.149999618530273
2026-05-21,12.1899995803833
2026-05-22,12.479999542236328
2026-05-25,12.739999771118164
2026-05-26,12.710000038146973
2026-05-27,12.9399995803833
2026-05-28,12.859999656677246
2026-05-29,12.9399995803833
2026-06-01,12.9399995803833
2026-06-02,12.9399995803833
2026-06-03,13.010000228881836
2026-06-04,13.100000381469727
2026-06-05,12.989999771118164
2026-06-09,13.029999732971191
2026-06-10,12.75
2026-06-11,12.720000267028809
2026-06-12,12.729999542236328
2026-06-15,13.0600004196167
2026-06-16,12.90999984741211
2026-06-17,12.819999694824219
2026-06-18,12.720000267028809
2026-06-19,12.210000038146973
2026-06-22,12.300000190734863
2026-06-23,12.100000381469727
2026-06-24,12.270000457763672
2026-06-25,11.079999923706055
2026-06-26,10.829999923706055
2026-06-29,10.9399995803833
2026-06-30,11.0600004196167
2026-07-01,10.989999771118164
2026-07-02,10.770000457763672
2026-07-03,10.779999732971191
2026-07-06,10.800000190734863
2026-07-07,10.779999732971191
2026-07-08,10.729999542236328
2026-07-09,10.75
2026-07-10,10.800000190734863
2026-07-13,10.600000381469727
2026-07-14,10.649999618530273
2026-07-15,10.65999984741211
2026-07-16,10.779999732971191
2026-07-17,10.729999542236328
2026-07-20,10.770000457763672
2026-07-21,10.699999809265137
2026-07-22,10.680000305175781
2026-07-23,10.729999542236328
2026-07-24,10.640000343322754
2026-07-27,10.649999618530273
2026-07-28,10.649999618530273
2026-07-29,10.649999618530273
2026-07-30,10.539999961853027
2026-07-31,10.569999694824219
2026-08-03,10.710000038146973
2026-08-04,10.869999885559082
2026-08-05,11.010000228881836
2026-08-06,10.989999771118164
2026-08-07,10.880000114440918
2026-08-10,10.9399995803833
2026-08-11,11.069999694824219
2026-08-12,11.029999732971191
2026-08-13,10.850000381469727
2026-08-14,10.75
2026-08-17,10.850000381469727
2026-08-18,10.899999618530273
2026-08-19,10.949999809265137
2026-08-20,10.930000305175781
2026-08-21,10.899999618530273
2026-08-24,10.90999984741211
2026-08-25,11.100000381469727
2026-08-26,9.899999618530273
2026-08-27,10.119999885559082
2026-08-28,10.239999771118164
